"Time (s)","X (m/s^2)","Y (m/s^2)","Z (m/s^2)"
1.338000000E-3,-1.246883655E-1,-3.998384535E-2,2.286612153E-2
1.133300000E-2,-5.332602203E-2,-3.737372138E-2,1.576994061E-2
2.132800000E-2,-3.064701140E-2,-1.029877402E-2,2.111955822E-2
3.132300000E-2,-9.968917966E-3,-1.039539926E-2,9.019388616E-2
4.131700000E-2,-4.472476780E-2,-5.023452602E-2,1.162999499E-1
5.131200000E-2,-2.369876504E-2,-4.950800948E-2,1.197854751E-1
6.130700000E-2,-1.726273477E-2,-4.117696971E-2,9.786367893E-2
7.130200000E-2,-3.481607616E-2,-2.766193472E-2,5.346635520E-2
8.129700000E-2,-5.008900344E-2,-2.851628602E-2,5.308920979E-2
9.129200000E-2,-4.903884351E-2,-2.293694593E-2,4.705137491E-2
1.012870000E-1,-2.726205826E-2,-2.997304671E-2,7.504784346E-2
1.112820000E-1,-2.694513917E-2,-2.341787942E-2,1.020350826E-1
1.212760000E-1,-1.231365144E-2,-2.057744823E-2,6.529936552E-2
1.312710000E-1,-4.058961689E-2,-2.581955016E-2,2.804733932E-2
1.412660000E-1,-6.747745335E-2,-2.834342770E-2,8.277318478E-3
1.512610000E-1,-7.723879516E-2,-3.354269877E-2,6.431937218E-4
1.612560000E-1,-7.667044580E-2,-4.634152293E-2,3.154748261E-2
1.712510000E-1,-5.470011771E-2,-4.819158196E-2,7.113781035E-2
1.812450000E-1,-3.749234676E-2,-4.656627528E-2,8.571725786E-2
1.912400000E-1,1.664760768E-2,-4.255866677E-2,1.147165239E-1
2.012350000E-1,1.654937446E-2,-2.325525373E-2,1.196176600E-1
2.112300000E-1,-8.881335855E-3,-2.461451210E-2,1.070198339E-1
2.212250000E-1,-2.512139261E-2,-2.716828354E-2,7.691719830E-2
2.312200000E-1,-2.985471368E-2,-3.063758276E-2,2.934015870E-2
2.412150000E-1,-4.650992274E-2,-3.190167770E-2,-1.951215863E-3
2.512090000E-1,-6.505670607E-2,-3.261160277E-2,-1.230605006E-2
2.612040000E-1,-7.089339674E-2,-2.270641945E-2,1.421458125E-2
2.711990000E-1,-5.340262055E-2,-4.025281727E-2,4.658476710E-2
2.811940000E-1,-4.057207525E-2,-5.602063827E-2,6.471055090E-2
2.911890000E-1,-2.040268958E-2,-3.948003463E-2,9.714447141E-2
3.011840000E-1,-2.086929739E-2,-4.763251506E-2,7.179796100E-2
3.111790000E-1,-6.020000875E-2,-3.175630130E-2,5.102163434E-2
3.211730000E-1,-6.754294217E-2,-9.852485284E-3,8.229956031E-3
3.311680000E-1,-4.675492108E-2,1.979180172E-2,-1.106293201E-2
3.411630000E-1,-6.703774273E-2,-2.040363975E-2,3.088967085E-2
3.511580000E-1,-1.156228423E-1,-7.112947807E-2,1.019608229E-1
3.611530000E-1,-5.395108938E-2,-4.799438462E-2,1.051645124E-1
3.711480000E-1,2.462905705E-2,-1.126509950E-2,6.627175748E-2
3.811430000E-1,2.679603517E-2,-3.985316008E-3,3.257542312E-2
3.911370000E-1,-5.142450750E-2,-4.595019802E-2,2.930098236E-2
4.011320000E-1,-7.917188466E-2,-4.966785774E-2,2.313041568E-2
4.111270000E-1,-8.293047488E-2,-5.464288808E-2,4.189997792E-2
4.211220000E-1,-8.713637710E-2,-6.457511477E-2,9.341570199E-2
4.311170000E-1,-1.913208961E-2,-8.081202865E-2,1.647096330E-1
4.411120000E-1,4.659119904E-2,-2.254481703E-2,1.668994153E-1
4.511070000E-1,4.032122970E-2,-1.114186943E-3,8.384790301E-2
4.611010000E-1,-1.048230350E-2,4.560682029E-3,1.170846462E-2
4.710960000E-1,-9.044063866E-2,-1.043779157E-2,-2.719715416E-2
4.810910000E-1,-1.304747701E-1,-2.033676222E-2,-2.380050659E-2
4.910860000E-1,-8.467119098E-2,-3.076775640E-2,2.089327097E-2
5.010810000E-1,-2.940272391E-2,-4.862339884E-2,5.426976264E-2
5.110760000E-1,-1.541910768E-3,-4.893637106E-2,7.919293463E-2
5.210710000E-1,-1.171782017E-3,-4.239691816E-2,1.138441193E-1
5.310650000E-1,-2.163937569E-2,-4.711876407E-2,1.344000059E-1
5.410600000E-1,-5.420368910E-2,-2.914983183E-2,1.106187952E-1
5.510550000E-1,-2.503426909E-2,-1.628076799E-2,5.021588802E-2
5.610500000E-1,-4.121760786E-2,-1.856293626E-2,3.103643596E-2
5.710450000E-1,-6.939709425E-2,-8.245670423E-3,1.100796819E-2
5.810400000E-1,-6.132910609E-2,-2.138918795E-2,2.145518839E-2
5.910350000E-1,-5.609000087E-2,-4.890852369E-2,4.932126403E-2
6.010290000E-1,-4.315303624E-2,-4.074953824E-2,5.479542732E-2
6.110240000E-1,-3.819869041E-2,-3.705490194E-2,5.781785309E-2
6.210190000E-1,-5.688814580E-2,-6.014168277E-2,5.218639970E-2
6.310140000E-1,-5.953225672E-2,-4.917230621E-2,7.052151382E-2
6.410090000E-1,-6.032455444E-2,-3.415095538E-2,7.896606266E-2
6.510040000E-1,-3.628021896E-2,-3.165382884E-2,8.526760697E-2
6.609990000E-1,-1.723115981E-2,-1.236262187E-2,6.081747472E-2
6.709930000E-1,-4.838746369E-2,-1.024286002E-2,4.575095415E-2
6.809880000E-1,-4.508144796E-2,-2.060463779E-2,4.348866642E-2
6.909830000E-1,-5.086902201E-2,-2.765659913E-2,5.926094592E-2
7.009780000E-1,-5.629699230E-2,-4.955383703E-2,6.819607615E-2
7.109730000E-1,-3.504938006E-2,-4.818865836E-2,6.339785099E-2
7.209680000E-1,-2.017523289E-2,-5.572126083E-2,5.533044755E-2
7.309620000E-1,-2.858528316E-2,-3.777834870E-2,9.244564891E-2
7.409570000E-1,-5.743310630E-2,-3.707470939E-2,9.609021842E-2
7.509520000E-1,-4.396404505E-2,-3.263309129E-2,7.573196769E-2
7.609470000E-1,-1.773051202E-2,-2.275180846E-2,7.204471350E-2
7.709420000E-1,-3.308880866E-2,-2.417428985E-2,6.436498046E-2
7.809370000E-1,-5.746351182E-2,-3.763224140E-2,7.146291554E-2
7.909320000E-1,-4.039958239E-2,-3.305979185E-2,6.841125369E-2
8.009260000E-1,-5.926796257E-2,-1.823337257E-2,3.400038958E-2
8.109210000E-1,-5.040124476E-2,-2.721886195E-2,2.900569797E-2
8.209160000E-1,-6.321600258E-2,-3.363325752E-2,3.290462136E-2
8.309110000E-1,-5.561520696E-2,-5.741410285E-2,6.142383099E-2
8.409070000E-1,-4.347170949E-2,-4.005963989E-2,7.696105242E-2
8.509020000E-1,-4.225958169E-2,-1.143116042E-2,7.525074184E-2
8.608970000E-1,-8.027116120E-2,-3.387087375E-2,3.869745791E-2
8.708910000E-1,-6.123730481E-2,-2.907783799E-2,2.017991066E-2
8.808860000E-1,-6.052628338E-2,-1.801264018E-2,2.050969362E-2
8.908810000E-1,-8.366780877E-2,-1.376726925E-2,4.220988035E-2
9.008760000E-1,-6.049997091E-2,-1.387105733E-2,5.649111986E-2
9.108710000E-1,-3.927691698E-2,-2.984002255E-2,6.897726417E-2
9.208660000E-1,-4.489141345E-2,-3.750243321E-2,6.674889028E-2
9.308610000E-1,-4.603103578E-2,-3.184634842E-2,5.734130502E-2
9.408550000E-1,-5.066203058E-2,-1.649075612E-2,5.562690139E-2
9.508500000E-1,-5.207120955E-2,-2.697349817E-2,6.864221871E-2
9.608450000E-1,-3.642230630E-2,-3.733615302E-2,7.846612573E-2
9.708400000E-1,-2.253984690E-2,-3.063224718E-2,9.205037713E-2
9.808350000E-1,-2.265971482E-2,-1.983127043E-2,8.528280973E-2
9.908300000E-1,-1.886779547E-2,-2.155422561E-2,8.208789110E-2
1.000825000E0,-2.474600136E-2,-2.433559991E-2,6.367559373E-2
1.010819000E0,-4.895698249E-2,-2.211270779E-2,6.571685672E-2
1.020814000E0,-5.395986021E-2,-3.153841943E-2,5.524917126E-2
1.030809000E0,-5.010712981E-2,-1.292643964E-2,4.423184752E-2
1.040804000E0,-6.038010299E-2,-2.947310977E-2,4.041712403E-2
1.050799000E0,-5.480010509E-2,-4.890969314E-2,3.728886366E-2
1.060794000E0,-7.305920541E-2,-2.851562820E-2,4.608658433E-2
1.070788000E0,-7.673944294E-2,-3.484165773E-2,4.630527020E-2
1.080783000E0,-6.035671413E-2,-2.527013116E-2,2.899985075E-2
1.090778000E0,-4.441428065E-2,-3.420760028E-2,3.837410688E-2
1.100773000E0,-5.051935852E-2,-2.085160956E-2,3.935059190E-2
1.110768000E0,-5.274305463E-2,-3.111829698E-2,6.501928389E-2
1.120763000E0,-2.491089284E-2,-3.783718631E-2,5.981643140E-2
1.130758000E0,-4.410964072E-2,-2.447352111E-2,5.292490304E-2
1.140752000E0,-2.918579221E-2,-1.540127367E-2,5.888555467E-2
1.150747000E0,-4.624445915E-2,-2.347415887E-2,6.023684621E-2
1.160742000E0,-2.312398374E-2,-2.644242480E-2,5.610812724E-2
1.170737000E0,-5.094386637E-2,-3.764568999E-2,9.445241332E-2
1.180732000E0,-2.445481002E-2,-3.032577999E-2,8.606399775E-2
1.190727000E0,-3.698188484E-2,-3.227611877E-2,5.991057158E-2
1.200722000E0,-3.658778250E-2,-2.302501962E-2,5.160343230E-2
1.210716000E0,-3.074816823E-2,-3.550136983E-2,6.381124914E-2
1.220711000E0,-3.724325538E-2,-4.007403865E-2,7.263060451E-2
1.230706000E0,-2.386073291E-2,-2.029524699E-2,7.334864259E-2
1.240701000E0,-2.762692451E-2,-2.526640356E-2,4.646314502E-2
1.250696000E0,-3.565398216E-2,-1.678077802E-2,6.011814773E-2
1.260691000E0,-3.929679751E-2,-2.191638753E-2,5.050240159E-2
1.270685000E0,-3.956693888E-2,-5.122299783E-2,6.870069087E-2
1.280680000E0,-3.539085746E-2,-4.517317615E-2,9.948745072E-2
1.290675000E0,-4.889149368E-2,-3.122040398E-2,8.280300558E-2
1.300670000E0,-3.231171370E-2,-4.131313674E-2,8.421043038E-2
1.310665000E0,-1.405612171E-2,-1.808032170E-2,8.247497678E-2
1.320660000E0,-7.057998598E-2,-1.675578117E-2,5.713314414E-2
1.330655000E0,-7.733819783E-2,-2.812181823E-2,4.473236918E-2
1.340649000E0,-6.884921014E-2,-2.584096558E-2,4.266303957E-2
1.350644000E0,-4.264432847E-2,-2.819973238E-2,5.400429904E-2
1.360639000E0,-4.667890728E-2,-2.579952344E-2,6.397438645E-2
1.370634000E0,-4.524984777E-2,-1.526963823E-2,7.290600836E-2
1.380629000E0,-5.683669031E-2,-2.343556724E-2,6.046196401E-2
1.390624000E0,-6.938890815E-2,-2.546104275E-2,5.978193283E-2
1.400619000E0,-6.385627270E-2,-4.645759016E-2,6.246522009E-2
1.410613000E0,-5.804998755E-2,-4.490705475E-2,5.568946660E-2
1.420608000E0,-3.833668470E-2,-3.501261570E-2,6.818555117E-2
1.430603000E0,-4.069662094E-2,-2.552265778E-2,7.492271304E-2
1.440598000E0,-2.600899994E-2,-2.399602287E-2,5.022524357E-2
1.450593000E0,-5.788275719E-2,-1.785074539E-2,3.167729080E-2
1.460588000E0,-7.686223447E-2,-3.250174820E-2,1.481567502E-2
1.470582000E0,-7.746040463E-2,-2.362055853E-2,2.235624433E-2
1.480577000E0,-5.678698897E-2,-9.165510535E-3,4.329863191E-2
1.490572000E0,-4.172865450E-2,-1.374695018E-2,3.472135127E-2
1.500567000E0,-6.765579343E-2,-1.854027830E-2,5.642446160E-2
1.510562000E0,-6.962045789E-2,-3.616086267E-2,6.603903830E-2
1.520557000E0,-7.532441676E-2,-3.469606206E-2,4.066446126E-2
1.530552000E0,-5.250039518E-2,-2.199283987E-2,3.561246693E-2
1.540546000E0,-5.735241473E-2,-2.905751891E-2,5.944162488E-2
1.550541000E0,-6.457840383E-2,-2.713458896E-2,6.667463064E-2
1.560536000E0,-2.750881076E-2,-1.922250219E-2,6.323529840E-2
1.570531000E0,-3.402728677E-2,-2.448265739E-2,7.565478444E-2
1.580526000E0,-3.947279871E-2,-4.013324171E-2,5.889607966E-2
1.590521000E0,-3.663105190E-2,-3.378543131E-2,5.491061747E-2
1.600515000E0,-3.792679489E-2,-3.101889431E-2,6.219449401E-2
1.610510000E0,-4.616903007E-2,-3.685792387E-2,6.761837125E-2
1.620505000E0,-2.751992047E-2,-3.834903695E-2,7.684644699E-2
1.630500000E0,-3.332386672E-2,-2.484335750E-2,6.056370556E-2
1.640495000E0,-4.011189938E-2,-3.007149920E-2,5.277579904E-2
1.650490000E0,-6.577474415E-2,-1.685284495E-2,5.366165221E-2
1.660485000E0,-5.210804701E-2,-1.278310977E-2,4.429499745E-2
1.670479000E0,-5.547955155E-2,-3.271275960E-2,5.979304254E-2
1.680474000E0,-2.742694974E-2,-2.904502049E-2,6.496548951E-2
1.690469000E0,-3.601943314E-2,-1.802287281E-2,6.774817944E-2
1.700464000E0,-3.243275106E-2,-2.271614045E-2,4.623802722E-2
1.710459000E0,-2.953428626E-2,-1.072364733E-2,6.978359520E-2
1.720454000E0,-3.635213971E-2,-2.783450067E-2,6.005967557E-2
1.730449000E0,-5.323655963E-2,-2.737264372E-2,5.456855536E-2
1.740443000E0,-4.379038274E-2,-2.581611492E-2,5.133855343E-2
1.750438000E0,-5.130580902E-2,-3.570763037E-2,5.335935116E-2
1.760433000E0,-5.641042829E-2,-3.091890693E-2,4.705546796E-2
1.770428000E0,-4.748172998E-2,-1.578068487E-2,5.610052586E-2
1.780423000E0,-4.515921593E-2,-3.818348765E-2,6.958069682E-2
1.790418000E0,-5.546610296E-2,-3.294284754E-2,8.837774098E-2
1.800412000E0,-4.875876188E-2,-1.005055971E-2,5.680686951E-2
1.810407000E0,-4.784484208E-2,-4.244932383E-3,2.351399302E-2
1.820402000E0,-7.488119781E-2,-1.332024962E-2,2.320642948E-2
1.830397000E0,-8.587922573E-2,-3.033425845E-2,3.450617373E-2
1.840390792E0,-6.205649972E-2,-2.507410325E-2,3.634512305E-2
1.850385792E0,-3.923774064E-2,-2.267440595E-2,4.320215285E-2
1.860380792E0,-4.962298036E-2,-3.200181127E-2,4.562582374E-2
1.870374792E0,-4.259755075E-2,-2.177839324E-2,5.079768598E-2
1.880369792E0,-5.558070838E-2,-2.728508167E-2,5.599235237E-2
1.890364792E0,-5.098479688E-2,-1.464829847E-2,6.152557254E-2
1.900359792E0,-4.974694133E-2,-2.302458107E-2,5.739159107E-2
1.910354792E0,-6.390480459E-2,-2.621694155E-2,8.023549318E-2
1.920349792E0,-3.972481370E-2,-2.159881063E-2,6.507892549E-2
1.930343792E0,-4.036742270E-2,-8.306627646E-3,3.531776726E-2
1.940338792E0,-4.233208716E-2,-1.367890321E-2,3.211466253E-2
1.950333792E0,-4.517207980E-2,-2.030708760E-2,4.870438278E-2
1.960328792E0,-4.442305148E-2,-2.007005610E-2,5.345992327E-2
1.970323792E0,-4.400556028E-2,-2.151928850E-2,7.580681205E-2
1.980318792E0,-3.889100075E-2,-2.519923367E-2,5.926386952E-2
1.990312792E0,-3.675852120E-2,-2.236238390E-2,5.009602010E-2
2.000307792E0,-6.542274177E-2,-2.821661621E-2,5.372363269E-2
2.010302792E0,-4.949141800E-2,-4.006556019E-2,6.728741884E-2
2.020297792E0,-3.884831607E-2,-2.904421650E-2,7.255049765E-2
2.030292792E0,-3.154280484E-2,-2.008898646E-2,6.054791808E-2
2.040287792E0,-3.516223133E-2,-2.705952533E-2,6.622030199E-2
2.050282792E0,-5.883468390E-2,-3.909375295E-2,5.979713559E-2
2.060276792E0,-3.838814020E-2,-3.948917091E-2,7.844098270E-2
2.070271792E0,-2.652706325E-2,-1.050167240E-2,7.435904145E-2
2.080266792E0,-4.057207525E-2,-2.377499811E-2,4.690344036E-2
2.090261792E0,-3.921376705E-2,-2.651405320E-2,5.166833639E-2
2.100256792E0,-5.685189307E-2,-2.256564774E-2,4.840383589E-2
2.110251792E0,-6.716813564E-2,-1.068885639E-2,2.898172438E-2
2.120246792E0,-4.385353267E-2,-2.193122484E-2,4.834068596E-2
2.130240792E0,-6.374459088E-2,-2.110055476E-2,5.052228212E-2
2.140235792E0,-5.475332737E-2,-3.092124581E-2,5.545382380E-2
2.150230792E0,-4.497502863E-2,-2.363130279E-2,6.518242121E-2
2.160225792E0,-2.352744162E-2,-2.254452467E-2,5.868441045E-2
2.170220792E0,-2.131076217E-2,-1.909371726E-2,5.962405801E-2
2.180215792E0,-4.091062903E-2,-1.784540981E-2,5.908260584E-2
2.190209792E0,-5.167769194E-2,-2.590418860E-2,5.639990330E-2
2.200204792E0,-3.255963564E-2,-8.176015466E-3,7.762763500E-2
2.210199792E0,-2.276262581E-2,-3.054475822E-2,9.952370346E-2
2.220194792E0,-3.748533010E-2,-2.839429848E-2,7.454966068E-2
2.230189792E0,-4.662745178E-2,-3.553974219E-2,4.857983708E-2
2.240184792E0,-5.765296161E-2,-3.181667380E-2,5.680745423E-2
2.250178792E0,-5.596253157E-2,-1.705260046E-2,5.679517508E-2
2.260173792E0,-6.522569060E-2,-2.289323799E-2,3.861852050E-2
2.270168792E0,-6.419014871E-2,-1.696364969E-2,4.978494823E-2
2.280163792E0,-4.150295198E-2,-1.121781014E-2,6.541397095E-2
2.290158792E0,-3.852730393E-2,-4.128426611E-3,5.552457511E-2
2.300153792E0,-3.852321088E-2,-1.365295619E-2,5.850723982E-2
2.310148792E0,-5.480595231E-2,-1.569100320E-2,6.251550615E-2
2.320142792E0,-6.624135196E-2,-1.915533230E-2,3.592061520E-2
2.330137792E0,-6.185126245E-2,-1.235509358E-2,3.580250144E-2
2.340132792E0,-6.029122531E-2,-2.541053742E-2,5.263546586E-2
2.350127792E0,-6.133904636E-2,-3.213702813E-2,6.159632385E-2
2.360122792E0,-4.602051079E-2,-2.484233424E-2,6.758270323E-2
2.370117792E0,-2.309357822E-2,-2.913280182E-2,5.394933522E-2
2.380111792E0,-4.501712859E-2,-1.614489332E-2,6.075081646E-2
2.390106792E0,-7.535365283E-2,-2.944606639E-2,4.982880235E-2
2.400101792E0,-5.916972935E-2,-1.331498712E-2,1.718262792E-2
2.410096792E0,-4.948206246E-2,-1.550688900E-2,2.134409130E-2
2.420091792E0,-6.363817155E-2,-2.088354997E-2,7.146116138E-2
2.430086792E0,-4.949901938E-2,-3.417010501E-2,8.563773572E-2
2.440081792E0,-1.420931876E-2,-5.032625422E-3,6.928365827E-2
2.450075792E0,-3.071717799E-2,-1.724702038E-2,5.007380068E-2
2.460070792E0,-6.855217159E-2,-2.212776437E-2,5.937438190E-2
2.470065792E0,-3.724208593E-2,-1.879061222E-2,8.407419026E-2
2.480060792E0,-2.030211747E-2,-7.556356788E-3,6.859251738E-2
2.490055792E0,-3.840509713E-2,-2.240389913E-2,5.056613624E-2
2.500050792E0,-5.043983638E-2,-2.401239507E-2,3.146328270E-2
2.510044792E0,-7.562087059E-2,-1.663686343E-2,3.083704591E-2
2.520039792E0,-7.669909716E-2,-2.118753210E-2,6.927371800E-2
2.530034792E0,-5.285882950E-2,-2.146162033E-2,6.031227529E-2
2.540029792E0,-4.590356648E-2,2.124366537E-3,5.332894564E-2
2.550024792E0,-4.906398654E-2,-8.704165220E-3,2.548742831E-2
2.560019792E0,-7.759664476E-2,-2.062641867E-2,1.965892375E-2
2.570013792E0,-8.668204844E-2,-2.584885933E-2,4.212918878E-2
2.580008792E0,-5.978193283E-2,-2.516210385E-2,4.312906265E-2
2.590003792E0,-5.466094136E-2,-2.287313819E-2,4.989838421E-2
2.599998792E0,-4.473412335E-2,-2.122144595E-2,7.282180846E-2
2.609993792E0,-4.925051272E-2,-4.228560179E-2,7.469233274E-2
2.619988792E0,-1.932212412E-2,-2.843932204E-2,7.174650550E-2
2.629983792E0,-3.097562492E-2,-2.379860625E-2,6.804814160E-2
2.639977792E0,-5.367451608E-2,-1.786514416E-2,3.355366230E-2
2.649972792E0,-7.430232346E-2,2.918491513E-4,5.336812198E-2
2.659967792E0,-6.097067177E-2,-2.332790539E-2,4.880437016E-2
2.669962792E0,-4.143629372E-2,-9.419498965E-3,5.402125597E-2
2.679957792E0,-4.366408288E-2,-7.663360834E-3,6.457080245E-2
2.689952792E0,-4.014522851E-2,-4.249434739E-2,6.645945311E-2
2.699946792E0,-2.958691120E-2,-5.413790792E-3,6.865859091E-2
2.709941792E0,-3.607556641E-2,-3.863620833E-3,5.796988070E-2
2.719936792E0,-5.816342354E-2,-1.985173568E-2,7.374332964E-2
2.729931792E0,-4.485866904E-2,-1.078336202E-2,5.391542137E-2
2.739926792E0,-4.226659834E-2,-3.199457534E-2,4.539953649E-2
2.749921792E0,-5.479074955E-2,-3.673652105E-2,6.445385814E-2
2.759916792E0,-5.155373096E-2,-3.097416312E-2,7.499872684E-2
2.769910792E0,-3.562123775E-2,-2.046554714E-2,6.502220750E-2
2.779905792E0,-4.494403839E-2,-7.884312496E-3,6.522159755E-2
2.789900792E0,-5.163676143E-2,-1.006503157E-2,5.498312294E-2
2.799895792E0,-6.685530961E-2,-1.392222047E-2,4.327056527E-2
2.809890792E0,-7.543142080E-2,-1.541749969E-2,6.185827911E-2
2.819885792E0,-7.846846461E-2,-5.232380927E-3,2.807365179E-2
2.829879792E0,-5.960885525E-2,-1.182211988E-2,4.496216476E-2
2.839874875E0,-5.579705536E-2,-3.111632355E-2,5.071173191E-2
2.849869875E0,-5.054567099E-2,-2.173804745E-2,5.374819100E-2
2.859864875E0,-6.794932365E-2,-1.351138048E-2,5.101988018E-2
2.869859875E0,-6.465851068E-2,-1.617405631E-2,3.575689316E-2
2.879854875E0,-5.396804631E-2,-1.627338588E-2,3.372498572E-2
2.889848875E0,-5.756174505E-2,-1.528783768E-2,4.348574281E-2
2.899843875E0,-4.808340847E-2,-1.431398392E-2,5.014338255E-2
2.909838875E0,-4.187132657E-2,-1.293959588E-2,5.237117171E-2
2.919833875E0,-3.917634487E-2,-1.519428223E-2,7.653537512E-2
2.929828875E0,-3.549903095E-2,-1.893540390E-2,8.576345086E-2
2.939823875E0,-5.043866694E-2,-1.283478454E-2,5.385811865E-2
2.949818875E0,-3.874598980E-2,-2.049069017E-2,4.860556483E-2
2.959812875E0,-3.896116734E-2,-1.383765511E-2,5.884287000E-2
2.969807875E0,-6.208398163E-2,-2.135308139E-2,7.027943909E-2
2.979802875E0,-4.994633138E-2,-1.901485294E-2,7.233590484E-2
2.989797875E0,-2.968222082E-2,-1.511724517E-2,6.801832080E-2
2.999792875E0,-3.088499308E-2,-1.827547252E-2,5.156074762E-2
3.009787875E0,-4.748231471E-2,-1.853004567E-2,4.398626447E-2
3.019781875E0,-6.276635170E-2,-2.297714554E-2,5.486208558E-2
3.029776875E0,-6.965788007E-2,-2.536142081E-2,4.270864785E-2
3.039771875E0,-6.768853784E-2,-2.624712780E-2,3.717367351E-2
3.049766875E0,-5.984625220E-2,-1.659871034E-2,3.798351288E-2
3.059761875E0,-4.962707341E-2,-2.612236284E-2,5.171160579E-2
3.069756875E0,-7.038644314E-2,-1.808273368E-2,5.288104892E-2
3.079750875E0,-5.325000823E-2,-5.570642352E-3,4.897978663E-2
3.089745875E0,-3.618140101E-2,-8.454927653E-3,5.291730165E-2
3.099740875E0,-2.726147354E-2,-1.583024003E-2,5.245420218E-2
3.109735875E0,-3.553177536E-2,-1.990962312E-2,6.607879937E-2
3.119730875E0,-5.266996443E-2,-1.410706557E-2,6.230851471E-2
3.129725875E0,-5.865283549E-2,-1.896515161E-2,7.969404101E-2
3.139720875E0,-5.576548040E-2,-1.093356237E-2,7.275456548E-2
3.149714875E0,-2.622300804E-2,-9.128088355E-3,4.859562457E-2
3.159709875E0,-4.485282183E-2,-2.369423345E-2,6.756340742E-2
3.169704875E0,-5.335408866E-2,-9.301312119E-3,7.927245677E-2
3.179699875E0,-3.080079317E-2,-1.163025811E-2,9.010734737E-2
3.189694875E0,-2.271526337E-2,-1.001503788E-2,8.167917073E-2
3.199689875E0,-4.047559619E-2,-1.446805805E-2,6.654599190E-2
3.209683875E0,-4.677480161E-2,-1.220321216E-2,4.909088373E-2
3.219678875E0,-3.620712876E-2,-1.650171965E-2,7.169271111E-2
3.229673875E0,-4.627077162E-2,-1.022085987E-2,4.856755793E-2
3.239668875E0,-5.765413105E-2,-4.823148921E-3,4.616376758E-2
3.249663875E0,-4.918677807E-2,-2.264451206E-2,6.223074675E-2
3.259658875E0,-6.402057946E-2,-1.434395090E-2,5.144848108E-2
3.269652875E0,-6.670152783E-2,-2.266768165E-2,4.532936990E-2
3.279647875E0,-7.035954595E-2,-1.390782170E-2,6.604605496E-2
3.289642875E0,-6.099113703E-2,-5.596516281E-3,6.264882267E-2
3.299637875E0,-3.431029201E-2,-1.218493961E-2,7.777615428E-2
3.309632875E0,-4.394182563E-2,-1.210856035E-2,4.307702243E-2
3.319627875E0,-4.519196033E-2,-1.194140308E-2,4.656196296E-2
3.329622875E0,-4.882775903E-2,-1.806935817E-2,5.368971884E-2
3.339616875E0,-7.027534604E-2,-3.156641297E-2,5.213202059E-2
3.349611875E0,-5.910599470E-2,-1.938205808E-3,4.070539176E-2
3.359606875E0,-4.184793770E-2,-1.039276801E-2,2.463315010E-2
3.369601875E0,-5.698462486E-2,-1.950813867E-2,4.117141485E-2
3.379596875E0,-6.697810113E-2,-7.264142185E-3,5.424052656E-2
3.389591875E0,-5.245829523E-2,-7.248573974E-3,6.674889028E-2
3.399585875E0,-4.094395816E-2,-2.074796766E-2,6.726753831E-2
3.409580875E0,-3.991601765E-2,-1.065669671E-2,7.104250073E-2
3.419575875E0,-5.013870478E-2,-1.303921781E-2,6.505846024E-2
3.429570875E0,-2.765499115E-2,-1.014287263E-2,8.034191251E-2
3.439565875E0,-2.480505824E-2,-2.163140886E-2,5.398441851E-2
3.449560875E0,-4.514518261E-2,-2.381395519E-2,4.124392033E-2
3.459554875E0,-6.492455900E-2,-2.895994350E-2,5.426391542E-2
3.469549875E0,-4.411022544E-2,-1.236518003E-2,6.177407920E-2
3.479544875E0,-3.041370749E-2,-1.413030826E-2,7.058466375E-2
3.489539875E0,-2.550204635E-2,-2.878788918E-2,7.340653002E-2
3.499534875E0,-3.756134391E-2,-2.599065430E-2,8.002148509E-2
3.509529875E0,-4.083344579E-2,-1.596406817E-2,7.640322804E-2
3.519524875E0,-3.713098884E-2,-2.351494320E-2,4.609477043E-2
3.529518875E0,-3.340572774E-2,-2.219844259E-2,5.517900467E-2
3.539513875E0,-7.000578940E-2,-2.095722489E-2,4.144974232E-2
3.549508875E0,-5.038370311E-2,-1.797054023E-2,5.476502180E-2
3.559503875E0,-3.759642720E-2,-1.890477911E-2,6.172203898E-2
3.569498875E0,-4.665844202E-2,-3.446056545E-3,4.565973759E-2
3.579493875E0,-5.231854677E-2,-1.727442920E-2,3.750462592E-2
3.589487875E0,-4.544339061E-2,-2.295551084E-2,6.538122654E-2
3.599482875E0,-6.110223413E-2,-1.892736398E-2,5.200162768E-2
3.609477875E0,-5.135784924E-2,-8.259338289E-3,3.623870373E-2
3.619472875E0,-4.740747035E-2,-2.752116300E-2,4.801675022E-2
3.629467875E0,-3.386824250E-2,-1.945909515E-2,5.414638638E-2
3.639462875E0,-4.865468144E-2,-1.043823011E-2,6.893516421E-2
3.649456875E0,-4.071006954E-2,-1.485397428E-2,4.130765498E-2
3.659451875E0,-3.855770946E-2,-2.249219209E-2,5.069828331E-2
3.669446875E0,-4.776356578E-2,-2.490979649E-2,6.521282673E-2
3.679441875E0,-2.080790162E-2,-2.575859293E-2,7.183245957E-2
3.689436875E0,-3.849689841E-2,-1.243461572E-2,7.880234063E-2
3.699431875E0,-5.266528666E-2,-1.666887693E-2,7.881637394E-2
3.709426875E0,-3.724150121E-2,2.009468749E-3,6.651792526E-2
3.719420875E0,-3.441788077E-2,-4.828776866E-3,4.713089705E-2
3.729415875E0,-2.195629478E-2,-1.820413649E-2,7.434851646E-2
3.739410875E0,-3.350688457E-2,-2.325349957E-2,9.147793472E-2
3.749405875E0,-4.518260479E-2,-1.649039067E-2,8.091610909E-2
3.759400875E0,-6.254825056E-2,-2.552017272E-2,5.839146495E-2
3.769395875E0,-5.986262441E-2,-1.025323883E-2,6.131273389E-2
3.779389875E0,-7.565536916E-2,-2.282891862E-2,3.902899504E-2
3.789384875E0,-3.449038625E-2,-1.169296950E-2,5.426566958E-2
3.799379875E0,-5.908202112E-2,-8.049715608E-3,6.048242927E-2
3.809374875E0,-6.943627059E-2,-2.516334638E-2,6.006259918E-2
3.819369875E0,-4.279577136E-2,-1.412950426E-2,6.174425840E-2
3.829364875E0,-5.526437402E-2,-9.649952352E-3,5.918142378E-2
3.839359667E0,-5.809091806E-2,-1.947773315E-2,6.878313661E-2
3.849354667E0,-6.440415680E-2,-2.237575941E-2,4.195903480E-2
3.859349667E0,-4.555741131E-2,-1.136121310E-2,3.129371345E-2
3.869344667E0,-4.155850053E-2,-2.297882661E-2,5.017203391E-2
3.879339667E0,-4.827227354E-2,-2.124205738E-2,5.185603201E-2
3.889334667E0,-4.268818259E-2,-1.570876412E-2,5.539827526E-2
3.899328667E0,-4.350211501E-2,-2.259678416E-2,6.421704590E-2
3.909323667E0,-3.526806593E-2,-1.549468294E-2,5.646831572E-2
3.919318667E0,-4.168421566E-2,-1.082473107E-2,4.258936465E-2
3.929313667E0,-5.099356771E-2,-4.095682204E-3,4.406052411E-2
3.939308667E0,-4.070012927E-2,-1.523177750E-2,6.767508924E-2
3.949303667E0,-4.657541156E-2,-1.868039221E-2,7.157284319E-2
3.959298667E0,-3.688949883E-2,-1.269284338E-2,7.692479968E-2
3.969292667E0,-3.784961164E-2,-6.160991862E-3,7.357200623E-2
3.979287667E0,-3.497628987E-2,-3.216341369E-2,7.019933224E-2
3.989282667E0,-3.577268064E-2,-1.945302866E-2,8.632302940E-2
3.999277667E0,-4.068141818E-2,-7.322833613E-3,6.357560635E-2
4.009272667E0,-4.082759857E-2,-1.620395020E-2,5.617244661E-2
4.019267667E0,-6.135658801E-2,-6.888604760E-3,6.108001471E-2
4.029261667E0,-6.096891761E-2,-1.446213774E-2,7.149565995E-2
4.039256667E0,-7.231076181E-2,-1.731082812E-2,6.226583004E-2
4.049251667E0,-6.262134075E-2,-6.049456224E-3,5.013227284E-2
4.059246667E0,-3.918745458E-2,-1.601515822E-2,5.642680049E-2
4.069241667E0,-5.630751729E-2,-2.114842884E-2,6.434685409E-2
4.079236667E0,-5.162389755E-2,-2.733807206E-2,6.961578012E-2
4.089230667E0,-3.058386147E-2,-2.240660347E-2,6.113263965E-2
4.099225667E0,-4.666896701E-2,-1.938987873E-2,5.714191496E-2
4.109220667E0,-8.101668119E-2,-5.350933224E-4,3.537799358E-2
4.119215667E0,-7.181667209E-2,-5.356926620E-3,3.442840576E-2
4.129210667E0,-4.447626114E-2,-6.533605680E-3,5.057724595E-2
4.139205667E0,-3.640359521E-2,6.089509651E-3,3.973416924E-2
4.149199667E0,-5.269803107E-2,5.245171711E-3,7.279432654E-2
4.159194667E0,-6.702370942E-2,-1.981489822E-2,6.991457283E-2
4.169189667E0,-2.073013365E-2,2.602010965E-3,6.025380313E-2
4.179184667E0,-1.600382924E-2,-4.603220522E-3,7.127054214E-2
4.189179667E0,-4.255018830E-2,-1.036199704E-2,7.386436701E-2
4.199174667E0,-5.668758631E-2,-1.944221132E-2,7.823574543E-2
4.209169667E0,-3.792153239E-2,-1.514165729E-2,6.395333648E-2
4.219163667E0,-2.788654089E-2,-1.838116094E-2,4.948615551E-2
4.229158667E0,-2.370695114E-2,-5.683201253E-3,6.003219366E-2
4.239153667E0,-4.995861053E-2,-1.532021664E-2,7.787087917E-2
4.249148667E0,-6.224594951E-2,-2.623499483E-3,8.134120166E-2
4.259143667E0,-5.482758701E-2,-2.301098630E-3,6.020234764E-2
4.269138667E0,-4.352141082E-2,-2.214486748E-3,4.581001103E-2
4.279132667E0,-6.153902113E-2,-1.242087476E-2,4.717065811E-2
4.289127667E0,-6.186061800E-2,-4.384023026E-3,6.442403734E-2
4.299122667E0,-5.901302397E-2,-1.283017986E-2,6.223776340E-2
4.309117667E0,-3.530548811E-2,-1.794919789E-2,4.904586017E-2
4.319112667E0,-3.628489673E-2,-2.126895458E-2,3.648370206E-2
4.329107667E0,-6.629339218E-2,-8.467060626E-3,3.322914183E-2
4.339101667E0,-7.329426348E-2,-8.177477270E-3,3.580191672E-2
4.349096667E0,-5.598299682E-2,-8.509306759E-3,4.520423949E-2
4.359091667E0,-4.181987107E-2,-1.271784022E-2,3.589430273E-2
4.369086667E0,-4.581351936E-2,-2.066318303E-2,6.234359801E-2
4.379081667E0,-4.357754409E-2,-1.235670157E-2,8.016415715E-2
4.389076667E0,-3.651235342E-2,-2.633154698E-2,6.179746807E-2
4.399070667E0,-3.494588435E-2,-2.397263400E-2,5.393997967E-2
4.409065667E0,-4.748640776E-2,-2.298781671E-2,5.616718411E-2
4.419060667E0,-4.153920472E-2,-1.510759726E-2,5.264014363E-2
4.429055667E0,-6.116830766E-2,-9.728305042E-3,3.643867850E-2
4.439050667E0,-5.122336328E-2,-1.066327482E-2,4.343662620E-2
4.449045667E0,-3.129371345E-2,-1.364681661E-2,5.474280238E-2
4.459039667E0,-4.627252579E-2,-1.880113721E-2,7.694117188E-2
4.469034667E0,-6.166356683E-2,-9.311252385E-3,6.367150068E-2
4.479029667E0,-5.425689876E-2,-1.500490554E-2,5.102572739E-2
4.489024667E0,-4.707944155E-2,-2.634141415E-2,6.969296336E-2
4.499019667E0,-4.674205720E-2,-1.033049516E-2,6.969939530E-2
4.509014667E0,-6.066486239E-2,-1.257509507E-2,5.915511131E-2
4.519009667E0,-5.206945539E-2,-1.068900257E-2,4.462127209E-2
4.529003667E0,-5.446505964E-2,-2.776265301E-2,4.176139891E-2
4.538998667E0,-3.708596528E-2,-7.736158669E-3,6.063504159E-2
4.548993667E0,-3.726430535E-2,-1.061708182E-3,8.096171737E-2
4.558988667E0,-2.027522027E-2,-7.307703942E-3,5.346869409E-2
4.568983667E0,-3.996513426E-2,-8.809999824E-3,4.146319091E-2
4.578978667E0,-3.889450908E-2,-1.967405342E-2,6.603903830E-2
4.588972667E0,-4.536562264E-2,-2.759147577E-2,6.701727748E-2
4.598967667E0,-3.142644525E-2,-1.668948837E-2,5.951997757E-2
4.608962667E0,-6.113205492E-2,-1.271345481E-2,5.196303606E-2
4.618957667E0,-5.197765410E-2,-1.695699848E-2,7.442979276E-2
4.628952667E0,-5.477145374E-2,-2.545066394E-2,5.786580026E-2
4.638947667E0,-4.725778162E-2,-3.047802687E-2,4.635438681E-2
4.648941667E0,-2.732696235E-2,-2.925003849E-2,4.905053794E-2
4.658936667E0,-5.807279170E-2,-2.372770876E-2,5.696942210E-2
4.668931667E0,-5.453814983E-2,-1.353206500E-2,5.872241735E-2
4.678926667E0,-6.635654211E-2,-2.264312334E-2,5.097134829E-2
4.688921667E0,-3.647902429E-2,-8.005642220E-3,6.840891480E-2
4.698916667E0,-3.388695359E-2,2.017289400E-5,6.217636764E-2
4.708910667E0,-5.121751606E-2,-1.890551001E-2,5.158706009E-2
4.718905667E0,-4.551940441E-2,-2.421120040E-2,7.239145339E-2
4.728900667E0,-3.610889554E-2,-2.517343283E-2,7.743467689E-2
4.738895667E0,-4.019376040E-2,-1.715945832E-2,5.681739450E-2
4.748890667E0,-4.387692153E-2,-1.731119357E-2,6.281254470E-2
4.758885667E0,-5.239280641E-2,-3.256467886E-2,6.695471227E-2
4.768879667E0,-4.408098936E-2,-1.850526810E-2,5.741965771E-2
4.778874667E0,-4.006570637E-2,-5.663247630E-3,4.433125019E-2
4.788869667E0,-5.843473434E-2,-6.820265427E-3,5.961938024E-2
4.798864667E0,-6.392877817E-2,-3.281128518E-2,7.087293148E-2
4.808859667E0,-5.225773573E-2,-1.910818912E-2,5.681213200E-2
4.818854667E0,-5.491821885E-2,-1.455978625E-2,6.388316989E-2
4.828849667E0,-6.419599593E-2,-2.027127340E-2,6.674772084E-2
4.838843125E0,-4.316765428E-2,-2.207557797E-2,4.993639112E-2
4.848838125E0,-5.590581357E-2,-1.211155705E-2,5.966732740E-2
4.858833125E0,-4.053874612E-2,-1.179091036E-3,4.707300961E-2
4.868828125E0,-5.298103631E-2,-4.698383957E-3,4.441428065E-2
4.878823125E0,-7.965720356E-2,-1.654038437E-2,6.331014276E-2
4.888818125E0,-6.663837790E-2,-3.120176598E-2,6.681496382E-2
4.898812125E0,-5.090644419E-2,-1.159203194E-2,6.415798903E-2
4.908807125E0,-3.354079843E-2,-3.589386418E-3,5.865458965E-2
4.918802125E0,-4.827402771E-2,-1.690415427E-2,6.251375198E-2
4.928797125E0,-4.656664073E-2,-2.295061380E-2,8.069274545E-2
4.938792125E0,-4.256012857E-2,-1.284311682E-2,6.583497047E-2
4.948787125E0,-4.233734965E-2,-3.564901203E-3,5.077897489E-2
4.958781125E0,-3.134692311E-2,-2.093522474E-2,6.402291834E-2
4.968776125E0,-4.997790635E-2,-2.629500188E-2,7.442336082E-2
4.978771125E0,-4.166082680E-2,-1.999521174E-2,8.362453938E-2
4.988766125E0,-3.703275561E-2,-1.101286523E-2,6.800311804E-2
4.998761125E0,-3.211232364E-2,-6.290361509E-3,5.114910364E-2
5.008756125E0,-4.746652722E-2,-9.013409838E-3,5.478899539E-2
5.018750125E0,-7.504901290E-2,-1.923733950E-2,7.014319897E-2
5.028745125E0,-6.493742287E-2,-1.958415247E-2,6.041752517E-2
5.038740125E0,-4.996855080E-2,-1.140207052E-3,4.440492511E-2
5.048735125E0,-4.300861001E-2,-1.442924716E-2,4.658944488E-2
5.058730125E0,-4.605442464E-2,-2.846980065E-2,4.926396132E-2
5.068725125E0,-7.973029375E-2,-1.728020333E-2,6.232897997E-2
5.078719125E0,-4.333137631E-2,-4.590137377E-3,5.685072362E-2
5.088714125E0,-3.549493790E-2,3.964631483E-3,3.705380559E-2
5.098709125E0,-5.644258797E-2,-2.908631645E-2,5.475332737E-2
5.108704125E0,-2.550672412E-2,-3.082929835E-2,6.445093453E-2
5.118699125E0,-3.701112092E-2,-8.254295066E-3,5.520707130E-2
5.128694125E0,-3.213103473E-2,-5.789474398E-4,3.347647905E-2
5.138689125E0,-4.554571688E-2,-1.684458576E-2,6.276459754E-2
5.148683125E0,-7.093432724E-2,-3.496145256E-2,7.690959692E-2
5.158678125E0,-6.722719252E-2,-2.284836061E-2,7.226339936E-2
5.168673125E0,-3.508621752E-2,-2.197120517E-2,5.291847110E-2
5.178668125E0,-3.522245765E-2,-5.576489568E-3,3.814138770E-2
5.188663125E0,-3.965113878E-2,-1.643279560E-2,6.219624817E-2
5.198658125E0,-3.218249023E-2,-2.333536059E-2,9.271754444E-2
5.208652125E0,-3.409920752E-2,-1.924201727E-2,7.744169354E-2
5.218647125E0,-4.006395221E-2,-2.110640198E-2,6.021696568E-2
5.228642125E0,-7.181608737E-2,-1.893189557E-2,5.027085185E-2
5.238637125E0,-5.152507961E-2,-2.693139821E-2,6.275465727E-2
5.248632125E0,-5.080060959E-2,-1.384196743E-2,7.647339463E-2
5.258627125E0,-4.299223781E-2,-2.465741605E-2,6.851357996E-2
5.268621125E0,-4.440083206E-2,-2.327776551E-2,5.959072888E-2
5.278616125E0,-4.314485013E-2,-1.793669946E-2,4.799803913E-2
5.288611125E0,-5.116372168E-2,-1.600390233E-2,5.630634785E-2
5.298606125E0,-6.429890692E-2,-1.157003179E-2,3.687195718E-2
5.308601125E0,-5.342191637E-2,-7.292428091E-3,4.383540630E-2
5.318596125E0,-4.074456811E-2,-4.509226531E-3,5.595200658E-2
5.328590125E0,-5.210161507E-2,-1.679641932E-2,8.023900151E-2
5.338585125E0,-6.692606091E-2,-2.986743137E-2,5.197999299E-2
5.348580125E0,-4.457098603E-2,-1.393588834E-2,5.085966647E-2
5.358575125E0,-4.133513689E-2,-1.309578963E-2,6.609341741E-2
5.368570125E0,-5.434109867E-2,-2.588270009E-2,5.508427978E-2
5.378565125E0,-5.589119554E-2,-2.332556650E-2,6.372178674E-2
5.388559125E0,-2.344265699E-2,-2.894854143E-2,7.928649008E-2
5.398554125E0,-3.732804000E-2,-2.617864229E-2,6.540812373E-2
5.408549125E0,-3.139370084E-2,-3.066455305E-2,6.461524129E-2
5.418544125E0,-3.836650550E-2,2.208566442E-3,5.734481335E-2
5.428539125E0,-4.097085536E-2,-1.101527721E-2,6.194540262E-2
5.438534125E0,-5.762372553E-2,-1.879624017E-2,5.416977525E-2
5.448528125E0,-6.486433268E-2,-7.932186574E-3,5.323422074E-2
5.458523125E0,-4.120825231E-2,-1.267515555E-2,6.566890955E-2
5.468518125E0,-3.971019566E-2,-1.314994946E-2,7.276216686E-2
5.478513125E0,-3.874540508E-2,-6.682417318E-3,7.881052673E-2
5.488508125E0,-5.459662199E-2,-1.826297410E-2,9.782508731E-2
5.498503125E0,-5.495096326E-2,-1.764243834E-2,6.506547689E-2
5.508497125E0,-5.020010054E-2,-1.080273092E-4,4.371846199E-2
5.518492125E0,-6.895972252E-2,-9.820398688E-4,4.320858479E-2
5.528487125E0,-6.029064059E-2,-1.199490510E-2,3.377468705E-2
5.538482125E0,-5.469602466E-2,-1.843605168E-2,4.960134566E-2
5.548477125E0,-3.981719971E-2,-1.783956259E-2,7.336735368E-2
5.558472125E0,-3.804373920E-2,-2.283381566E-2,6.530053496E-2
5.568467125E0,-5.045971692E-2,-7.124174461E-3,4.199879587E-2
5.578461125E0,-6.465968013E-2,-2.228753954E-2,2.543889642E-2
5.588456125E0,-6.997362971E-2,-1.987782888E-2,3.558030725E-2
5.598451125E0,-4.843482614E-2,-1.605053388E-2,4.659061432E-2
5.608446125E0,-2.840226531E-2,-1.757943459E-2,5.321492493E-2
5.618441125E0,-4.661458790E-2,-1.717678070E-2,7.308084011E-2
5.628436125E0,-4.164036155E-2,-2.493632823E-2,8.365611434E-2
5.638430125E0,-3.355073869E-2,-9.310886934E-3,6.782653213E-2
5.648425125E0,-3.388578415E-2,-4.479625002E-3,4.879092157E-2
5.658420125E0,-5.380900204E-2,-2.107848153E-3,5.880077004E-2
5.668415125E0,-5.311961532E-2,-2.653495699E-2,5.964101493E-2
5.678410125E0,-4.241745651E-2,-1.274707630E-2,6.274062395E-2
5.688405125E0,-3.878458142E-2,-6.135264114E-3,6.341948569E-2
5.698399125E0,-4.661517262E-2,-8.733474389E-3,7.192309141E-2
5.708394125E0,-2.757605374E-2,-2.686780974E-2,6.268273652E-2
5.718389125E0,-2.148910224E-2,-8.983515948E-3,5.708812058E-2
5.728384125E0,-4.319338202E-2,-1.736301452E-2,5.481764674E-2
5.738379125E0,-5.519654632E-2,-2.240514167E-2,6.431410968E-2
5.748374125E0,-4.896224499E-2,-1.027947821E-2,5.821663320E-2
5.758368125E0,-4.405058384E-2,-2.776696533E-3,4.872192442E-2
5.768363125E0,-4.335067213E-2,-1.447894849E-2,6.015966296E-2
5.778358125E0,-5.509246588E-2,-1.592649981E-2,5.677237093E-2
5.788353125E0,-4.767176449E-2,-2.551381387E-2,5.205191374E-2
5.798348125E0,-5.213669837E-2,-2.250980683E-2,3.441086411E-2
5.808343125E0,-7.516244888E-2,-2.981188282E-2,4.388627708E-2
5.818337125E0,-7.624009073E-2,-1.845929436E-2,3.925996006E-2
5.828332125E0,-5.951120675E-2,-3.022221118E-2,6.175478339E-2
5.838327125E0,-3.200356543E-2,-1.077057123E-2,6.640799761E-2
5.848322375E0,-4.435054600E-2,-2.519572534E-2,6.531281412E-2
5.858317375E0,-6.141038239E-2,-9.342023358E-3,4.932067931E-2
5.868312375E0,-5.049304605E-2,-8.400329277E-3,5.068600416E-2
5.878306375E0,-2.988394976E-2,-2.500759117E-2,6.623199642E-2
5.888301375E0,-3.874014258E-2,-1.651911512E-2,6.305871248E-2
5.898296375E0,-5.203378737E-2,-2.781242743E-2,5.391776025E-2
5.908291375E0,-3.876119256E-2,-1.566695653E-2,5.372831047E-2
5.918286375E0,-4.771503389E-2,4.794205204E-3,4.512588680E-2
5.928281375E0,-4.050775588E-2,9.560270682E-3,5.895279765E-2
5.938275375E0,-4.029491723E-2,-1.528250210E-2,6.289557517E-2
5.948270375E0,-3.412201166E-2,-1.004646666E-2,7.817201078E-2
5.958265375E0,-6.008364916E-2,-4.733832702E-3,7.466017306E-2
5.968260375E0,-6.145482123E-2,-1.230159156E-2,5.420719743E-2
5.978255375E0,-5.461650252E-2,-6.574536189E-3,6.098821342E-2
5.988250375E0,-6.444508731E-2,-1.541749969E-2,4.092934012E-2
5.998244375E0,-6.502454638E-2,-1.844518796E-2,6.769263089E-2
6.008239375E0,-4.412308931E-2,-1.270936176E-2,6.119345069E-2
6.018234375E0,-4.933646679E-2,-2.260570116E-2,5.898554206E-2
6.028229375E0,-5.668992519E-2,-1.497004151E-2,6.228454113E-2
6.038224375E0,-6.495087147E-2,-1.244850285E-2,6.123145759E-2
6.048219375E0,-2.587042093E-2,-1.130551837E-2,3.912079632E-2
6.058214375E0,-3.815015852E-2,-5.306421295E-3,5.744421601E-2
6.068208375E0,-4.432715714E-2,-1.068849094E-2,6.461816490E-2
6.078203375E0,-4.608833849E-2,-2.468665212E-2,5.242905915E-2
6.088198375E0,-2.615693450E-2,-9.327039868E-3,6.014095187E-2
6.098193375E0,-5.384116173E-2,-1.889235377E-2,6.107299805E-2
6.108188375E0,-4.430142939E-2,-3.459505141E-2,5.447967768E-2
6.118183375E0,-2.155926883E-2,-1.626066819E-2,7.469116330E-2
6.128177375E0,-2.336313486E-2,-5.631526485E-3,6.946667612E-2
6.138172375E0,-3.951255977E-2,-1.937767267E-2,8.445308983E-2
6.148167375E0,-3.895064235E-2,-1.333048224E-2,6.912110567E-2
6.158162375E0,-3.659830749E-2,-1.955484331E-2,6.573790669E-2
6.168157375E0,-4.597256362E-2,-8.445791379E-3,5.589294970E-2
6.178152375E0,-4.995159388E-2,2.002598271E-3,3.588026941E-2
6.188146375E0,-4.667422950E-2,-1.091733634E-2,4.126847863E-2
6.198141375E0,-4.502122164E-2,-1.198788844E-2,5.628295898E-2
6.208136375E0,-5.405458510E-2,-1.609343782E-2,7.376613379E-2
6.218131375E0,-5.094211221E-2,-1.579457201E-2,6.313297212E-2
6.228126375E0,-4.691396534E-2,2.339251712E-3,5.970358014E-2
6.238121375E0,-5.129411459E-2,-6.396634653E-3,5.816634715E-2
6.248115375E0,-4.116381347E-2,-5.276673585E-3,6.857205212E-2
6.258110375E0,-5.200630546E-2,-1.859019890E-2,6.368436456E-2
6.268105375E0,-4.887161314E-2,-8.819063008E-3,6.083326221E-2
6.278100375E0,-5.181393206E-2,-1.391388819E-2,5.309271812E-2
6.288095375E0,-5.153268099E-2,-2.784882635E-2,5.110817313E-2
6.298090375E0,-4.961713314E-2,-7.743175328E-3,3.957980275E-2
6.308084375E0,-4.274197698E-2,-8.914153352E-3,4.496625781E-2
6.318079375E0,-5.751847565E-2,-1.268955432E-2,4.249814808E-2
6.328074375E0,-5.616601467E-2,-2.038193196E-2,4.328752220E-2
6.338069375E0,-6.475498974E-2,-1.810334511E-2,3.995343983E-2
6.348064375E0,-4.072059453E-2,-7.916837633E-3,4.128894389E-2
6.358059375E0,-4.633509099E-2,-8.275271952E-3,4.803253770E-2
6.368054375E0,-4.118193984E-2,-1.269547462E-2,8.241767406E-2
6.378048375E0,-3.181236148E-2,3.379983008E-3,7.664471805E-2
6.388043375E0,-2.696794331E-2,3.666642755E-3,6.062919438E-2
6.398038375E0,-3.265085220E-2,-1.105971605E-2,6.102914393E-2
6.408033375E0,-3.399220347E-2,-2.150810570E-2,6.773005307E-2
6.418028375E0,-4.982353985E-2,-2.591186307E-2,5.363943279E-2
6.428023375E0,-6.035788357E-2,-2.399521887E-2,4.518377423E-2
6.438017375E0,-5.464866221E-2,-1.471312948E-2,4.250282586E-2
6.448012375E0,-4.809100986E-2,-9.570795670E-3,5.401073098E-2
6.458007375E0,-3.811682940E-2,-2.463417336E-2,4.796471000E-2
6.468002375E0,-3.550721705E-2,-1.450197190E-2,6.956958711E-2
6.477997375E0,-3.085341811E-2,-1.293718390E-2,7.119335890E-2
6.487992375E0,-4.486100793E-2,-9.202859625E-3,5.415632665E-2
6.497986375E0,-4.416986704E-2,-6.659759358E-3,3.445120990E-2
6.507981375E0,-5.640691996E-2,6.980186775E-3,4.235372186E-2
6.517976375E0,-6.107650638E-2,-3.009123355E-4,6.536134601E-2
6.527971375E0,-4.088431656E-2,-2.660709701E-2,6.909479320E-2
6.537966375E0,-5.191391945E-2,-1.492721066E-2,5.628412843E-2
6.547961375E0,-4.216427207E-2,-1.224297322E-2,5.933754444E-2
6.557955375E0,-4.829507768E-2,1.778723001E-3,4.785770595E-2
6.567950375E0,-6.852527440E-2,-1.444576554E-2,5.640750468E-2
6.577945375E0,-7.198624134E-2,-1.437311389E-2,3.876236200E-2
6.587940375E0,-6.652084887E-2,-4.949010238E-3,4.774543941E-2
6.597935375E0,-3.301864207E-2,-1.938293517E-2,5.124441326E-2
6.607930375E0,-2.959275842E-2,-1.937270254E-2,5.942291379E-2
6.617924375E0,-3.794024348E-2,-9.502163976E-3,7.703004956E-2
6.627919375E0,-1.600967646E-2,-2.688900590E-2,7.578868568E-2
6.637914375E0,-3.464182913E-2,-1.332470812E-2,8.425369978E-2
6.647909375E0,-3.675442815E-2,-2.308473431E-2,5.220218718E-2
6.657904375E0,-5.902998090E-2,-1.460130148E-2,6.733887434E-2
6.667899375E0,-5.602568150E-2,-1.808565728E-2,5.776288927E-2
6.677893375E0,-3.392554522E-2,-1.344888836E-2,5.681797922E-2
6.687888375E0,-2.800757825E-2,-1.419857450E-2,5.601047873E-2
6.697883375E0,-4.846289277E-2,-9.580005035E-3,6.146300733E-2
6.707878375E0,-4.519020617E-2,-1.499116458E-2,6.522452116E-2
6.717873375E0,-5.126546323E-2,-2.172416031E-2,6.694652617E-2
6.727868375E0,-4.894704223E-2,-8.181935772E-3,7.867136300E-2
6.737863375E0,-4.907801986E-2,-1.923807040E-3,6.368904233E-2
6.747857375E0,-5.407914340E-2,-2.110735215E-2,5.204197347E-2
6.757852375E0,-6.415389597E-2,-2.099274673E-2,4.855177045E-2
6.767847375E0,-7.914908051E-2,-4.187264219E-3,4.182045579E-2
6.777842375E0,-6.825454831E-2,-2.202916570E-2,6.351596475E-2
6.787837375E0,-2.822100163E-2,-2.005317226E-2,6.839137316E-2
6.797832375E0,-2.487171650E-2,-5.103961453E-3,4.915344894E-2
6.807826375E0,-3.644452572E-2,-1.769287057E-2,5.061232924E-2
6.817821375E0,-2.595169723E-2,-1.397835374E-2,5.333771646E-2
6.827816375E0,-2.974244714E-2,-2.411099374E-3,5.212149560E-2
6.837811375E0,-5.332485259E-2,-1.990341045E-2,5.025857270E-2
6.847805875E0,-4.907568097E-2,-1.389663890E-2,5.642504632E-2
6.857800875E0,-6.514266014E-2,-2.970027409E-2,7.448417187E-2
6.867794875E0,-5.972404540E-2,-1.826465517E-2,7.321357191E-2
6.877789875E0,-4.467974424E-2,-5.852624327E-3,6.130571723E-2
6.887784875E0,-3.085341811E-2,-6.569712237E-3,5.938841522E-2
6.897779875E0,-4.617663145E-2,8.675806224E-5,5.738165081E-2
6.907774875E0,-4.924408078E-2,-1.071553431E-2,5.864172578E-2
6.917769875E0,-4.258761048E-2,-7.896372378E-3,6.511283934E-2
6.927763875E0,-4.465226233E-2,-5.604190752E-3,4.313666403E-2
6.937758875E0,-2.969800830E-2,-1.688661262E-2,3.998852313E-2
6.947753875E0,-6.085255802E-2,-1.185406029E-2,5.644901991E-2
6.957748875E0,-3.998501480E-2,2.971993536E-3,6.533386409E-2
6.967743875E0,-4.120474398E-2,-3.249736279E-3,7.830181897E-2
6.977738875E0,-3.665444076E-2,-9.053463265E-3,8.368008792E-2
6.987732875E0,-5.217587471E-2,-2.174053252E-2,6.691202760E-2
6.997727875E0,-5.810319722E-2,-8.581592962E-3,6.734939933E-2
7.007722875E0,-6.537537932E-2,-9.365631491E-3,5.626073956E-2
7.017717875E0,-5.570817769E-2,-1.034401685E-2,3.645622015E-2
7.027712875E0,-6.375277698E-2,-1.795036733E-2,5.460480809E-2
7.037707875E0,-5.840315938E-2,-2.223542623E-2,6.790430009E-2
7.047701875E0,-4.843891919E-2,-1.717217602E-2,5.591341496E-2
7.057696875E0,-5.863529384E-2,-1.551763326E-2,6.058709443E-2
7.067691875E0,-6.066252351E-2,-2.305783711E-2,3.855069280E-2
7.077686875E0,-6.715468705E-2,-8.660603464E-3,4.409151435E-2
7.087681875E0,-4.947563052E-2,-1.047645628E-2,5.060531259E-2
7.097676875E0,-5.553276122E-2,2.228300795E-3,4.714376092E-2
7.107670875E0,-4.203738749E-2,-1.463185318E-2,5.801373482E-2
7.117665875E0,-3.112589836E-2,-2.152981348E-2,8.096639514E-2
7.127660875E0,-2.606162488E-2,-1.780996107E-2,7.901810288E-2
7.137655875E0,-2.747548163E-2,-6.067509502E-3,7.537704170E-2
7.147650875E0,-4.245546341E-2,2.352773398E-3,5.334122479E-2
7.157645875E0,-4.183565855E-2,-1.010654680E-2,4.360444129E-2
7.167639875E0,-5.379496872E-2,-1.774805367E-2,6.110866606E-2
7.177634875E0,-2.481207490E-2,-1.539352611E-2,6.864572704E-2
7.187629875E0,-4.756651461E-2,-2.584564336E-2,6.160801828E-2
7.197624875E0,-5.096725523E-2,-4.100213796E-3,5.658058226E-2
7.207619875E0,-5.082692206E-2,-1.031573094E-2,5.690276384E-2
7.217614875E0,-7.850179374E-2,-1.155307487E-2,5.575554013E-2
7.227608875E0,-5.206828594E-2,-1.461920857E-2,7.079048574E-2
7.237603875E0,-4.703441799E-2,-5.405750871E-3,8.298426926E-2
7.247598875E0,-2.405018270E-2,-1.030337870E-2,7.390646696E-2
7.257593875E0,-4.669703364E-2,3.105456233E-3,5.824996233E-2
7.267588875E0,-5.771494210E-2,-1.091748253E-2,5.229281902E-2
7.277583875E0,-5.969539404E-2,-1.169991307E-2,5.356341898E-2
7.287577875E0,-7.592726469E-2,-4.427804053E-3,6.172847092E-2
7.297572875E0,-6.133846164E-2,-1.447054312E-2,4.065802932E-2
7.307567875E0,-4.594449699E-2,-4.147137702E-4,5.083686233E-2
7.317562875E0,-3.776658118E-2,-1.031719275E-2,6.475089669E-2
7.327557875E0,-4.757060766E-2,-1.007212132E-2,6.128232837E-2
7.337552875E0,-5.097427189E-2,-3.066645339E-3,4.350328445E-2
7.347546875E0,-6.360425770E-2,-1.422123246E-2,4.348574281E-2
7.357541875E0,-8.010217667E-2,-2.154728204E-2,3.560895860E-2
7.367536875E0,-6.539935291E-2,-1.504912511E-2,4.768462837E-2
7.377531875E0,-4.327231944E-2,-3.009123355E-3,6.284996688E-2
7.387526875E0,-2.809996426E-2,-1.660718881E-2,8.363857269E-2
7.397521875E0,-3.033710897E-2,-2.179337673E-2,8.726618528E-2
7.407515875E0,-5.315586805E-2,-2.087572932E-2,7.983437419E-2
7.417510875E0,-3.042364776E-2,-1.252553992E-2,5.162740588E-2
7.427505875E0,-5.259570479E-2,-1.286657877E-2,6.265876293E-2
7.437500875E0,-5.795409322E-2,-3.685719296E-3,8.150375426E-2
7.447495875E0,-6.503273249E-2,-1.579157531E-2,7.375151575E-2
7.457490875E0,-2.717551947E-2,-1.141084135E-2,6.200738311E-2
7.467484875E0,-4.025047839E-2,-6.179264411E-3,4.609126210E-2
7.477479875E0,-5.713022053E-2,-2.000281312E-2,5.434694588E-2
7.487474875E0,-5.270387828E-2,-1.636438318E-2,6.505378246E-2
7.497469875E0,-4.878916740E-2,-1.449020438E-2,5.759858251E-2
7.507464875E0,-4.134273827E-2,-3.736590073E-3,5.138591588E-2
7.517459875E0,-4.707184017E-2,-6.645360589E-3,4.997439802E-2
7.527453875E0,-5.688054442E-2,-1.186626635E-2,5.931766391E-2
7.537448875E0,-5.182387233E-2,-5.598855168E-3,6.048418343E-2
7.547443875E0,-5.415749609E-2,-1.247035682E-2,6.351421058E-2
7.557438875E0,-4.416811287E-2,-1.116182305E-2,4.206720829E-2
7.567433875E0,-5.966966629E-2,-1.134374455E-2,5.383531451E-2
7.577428875E0,-5.722553015E-2,6.735261530E-4,5.014747560E-2
7.587422875E0,-6.499647975E-2,-1.145688817E-2,5.604322314E-2
7.597417875E0,-4.796997249E-2,-2.725650340E-2,5.157127261E-2
7.607412875E0,-4.684730709E-2,2.723267600E-3,4.349451363E-2
7.617407875E0,-5.842596352E-2,-1.347118087E-2,5.655660868E-2
7.627402875E0,-4.799686968E-2,2.405544519E-3,5.808156252E-2
7.637397875E0,-3.213395834E-2,-1.648468964E-2,6.023567677E-2
7.647391875E0,-3.992244959E-2,-3.708669618E-3,6.907432795E-2
7.657386875E0,-3.154222012E-2,-1.350633726E-2,7.428127348E-2
7.667381875E0,-4.196254313E-2,-1.628157198E-2,6.623375058E-2
7.677376875E0,-3.572999597E-2,1.456979960E-3,7.318784416E-2
7.687371875E0,-3.249239266E-2,-1.892992213E-2,5.602568150E-2
7.697366875E0,-2.320292115E-2,-1.101396158E-3,5.417269886E-2
7.707360875E0,-5.110466480E-2,-2.006954446E-2,6.452168584E-2
7.717355875E0,-6.447900116E-2,-1.344925381E-2,5.289391279E-2
7.727350875E0,-3.989496768E-2,-3.432461768E-3,6.173607230E-2
7.737345875E0,-3.334316254E-2,-5.389451757E-3,6.022632122E-2
7.747340875E0,-5.896858513E-2,-7.742809877E-3,7.485488534E-2
7.757335875E0,-6.456495523E-2,-9.004931375E-3,6.222373009E-2
7.767329875E0,-4.709464431E-2,-5.819295198E-3,6.024561703E-2
7.777324875E0,-4.933471262E-2,-6.273404583E-3,6.339317322E-2
7.787319875E0,-4.598542750E-2,-8.171556965E-3,5.923287928E-2
7.797314875E0,-5.529302537E-2,-1.267954096E-2,3.341800690E-2
7.807309875E0,-6.249796450E-2,-8.572675958E-3,4.701336801E-2
7.817304875E0,-6.824051499E-2,-1.009214804E-2,4.367109954E-2
7.827298875E0,-7.671722353E-2,-1.714125887E-2,4.615499675E-2
7.837293875E0,-6.892931700E-2,5.533731803E-3,3.436759472E-2
7.847289000E0,-6.422640145E-2,-6.528489366E-3,3.674273372E-2
7.857284000E0,-4.809568763E-2,-2.122904733E-3,4.669118643E-2
7.867279000E0,-4.245370924E-2,3.365511149E-3,6.711317182E-2
7.877274000E0,-3.489092052E-2,-1.288726330E-3,6.275348783E-2
7.887268000E0,-4.901954770E-2,-4.079894722E-3,6.078589976E-2
7.897263000E0,-5.849496067E-2,-1.065231130E-2,6.329318583E-2
7.907258000E0,-4.377108693E-2,-1.199899815E-2,7.381875873E-2
7.917253000E0,-3.614163995E-2,-4.253849387E-3,6.495671868E-2
7.927248000E0,-3.533413947E-2,-1.816949174E-2,6.436556518E-2
7.937243000E0,-3.410096169E-2,-1.637951285E-2,8.502962530E-2
7.947237000E0,-1.769893706E-2,-1.172417901E-2,9.166913867E-2
7.957232000E0,-2.781228125E-2,-1.900016181E-2,7.191139698E-2
7.967227000E0,-5.129645348E-2,-1.636226356E-2,7.108401597E-2
7.977222000E0,-6.171034455E-2,-1.358366668E-2,3.575630844E-2
7.987217000E0,-6.119403541E-2,-1.382917665E-2,4.775596440E-2
7.997212000E0,-6.798382223E-2,-1.917192377E-2,4.377985775E-2
8.007206000E0,-5.632973671E-2,-7.263996005E-3,5.797046542E-2
8.017201000E0,-5.134030759E-2,-1.392704442E-2,6.281137526E-2
8.027196000E0,-5.465158582E-2,-1.261098236E-3,5.177300155E-2
8.037191000E0,-4.693560004E-2,-4.657672718E-3,4.423594058E-2
8.047186000E0,-5.392770052E-2,-2.808059536E-2,4.761972427E-2
8.057181000E0,-5.166307390E-2,-2.162344202E-2,5.257874787E-2
8.067175000E0,-5.257231593E-2,-5.453771129E-3,3.895181179E-2
8.077170000E0,-6.664714873E-2,7.778989524E-4,3.958389580E-2
8.087165000E0,-5.502873123E-2,-1.456358694E-2,3.732453167E-2
8.097160000E0,-5.235889256E-2,-2.303883366E-2,5.100175381E-2
8.107155000E0,-5.571577907E-2,-2.891959772E-3,3.246608019E-2
8.117150000E0,-4.410028517E-2,-8.559519723E-3,5.780148089E-2
8.127144000E0,-2.489510536E-2,-1.578565501E-2,6.540344596E-2
8.137139000E0,-1.859063745E-2,-2.891747810E-2,6.112620771E-2
8.147134000E0,-4.250458002E-2,-4.978684857E-3,7.208330512E-2
8.157129000E0,-3.649948955E-2,-9.248540998E-3,8.256326973E-2
8.167124000E0,-4.095214427E-2,-1.977696441E-2,7.255576015E-2
8.177119000E0,-4.622340918E-2,-1.315345779E-2,7.069225252E-2
8.187113000E0,-4.842488587E-2,-2.343388617E-2,5.974334121E-2
8.197108000E0,-5.631511867E-2,-1.507551067E-2,5.706122339E-2
8.207103000E0,-6.278096974E-2,-7.573971525E-3,5.614028692E-2
8.217098000E0,-4.182571828E-2,-1.983821400E-2,7.572670519E-2
8.227093000E0,-6.069175959E-2,-2.415587112E-2,3.349168181E-2
8.237088000E0,-5.311727643E-2,-2.007224880E-2,4.063054740E-2
8.247082000E0,-6.907959044E-2,-8.848225996E-3,4.054927111E-2
8.257077000E0,-5.069126666E-2,-1.355464987E-2,5.730388284E-2
8.267072000E0,-4.846347749E-2,-1.489051938E-2,6.383697689E-2
8.277067000E0,-3.805367947E-2,-1.114435449E-2,4.442597508E-2
8.287062000E0,-4.309690297E-2,-6.599971578E-3,4.725368857E-2
8.297057000E0,-5.590172052E-2,-5.010259822E-3,3.145977437E-2
8.307051000E0,-7.192776918E-2,-1.900820173E-2,3.800807118E-2
8.317046000E0,-6.615364373E-2,-1.379877113E-2,5.456504703E-2
8.327041000E0,-6.035320580E-2,-8.282215521E-3,4.897393942E-2
8.337036000E0,-4.863655508E-2,-1.613670722E-2,6.476142168E-2
8.347031000E0,-4.946101248E-2,-1.431836933E-3,4.002828419E-2
8.357026000E0,-4.376231611E-2,-8.912106827E-3,3.231989980E-2
8.367020000E0,-5.732961059E-2,-8.749846593E-3,6.506606162E-2
8.377015000E0,-5.432238758E-2,-9.513346776E-3,5.924165010E-2
8.387010000E0,-5.174142659E-2,-4.353836775E-3,5.271615744E-2
8.397005000E0,-4.340388179E-2,-8.712716773E-3,5.344647467E-2
8.407000000E0,-3.695206404E-2,-3.284015581E-3,7.067821920E-2
8.416995000E0,-2.979916513E-2,-1.706517197E-2,7.409240842E-2
8.426989000E0,-2.365608037E-2,1.675592735E-3,6.372880340E-2
8.436984000E0,-5.463989139E-2,6.551074237E-4,5.201390684E-2
8.446979000E0,-3.484823585E-2,1.134798378E-3,5.200162768E-2
8.456974000E0,-4.260807574E-2,2.247523516E-3,7.993377686E-2
8.466969000E0,-5.341022193E-2,-2.308992371E-3,6.097476482E-2
8.476963000E0,-4.261743128E-2,5.525911152E-3,4.687946677E-2
8.486958000E0,-4.383365214E-2,-1.077751480E-2,6.138056159E-2
8.496953000E0,-6.640916705E-2,-1.514991648E-2,4.655903935E-2
8.506948000E0,-6.224010229E-2,-1.716260120E-2,5.251559794E-2
8.516943000E0,-4.495807171E-2,-1.211645409E-2,4.416460454E-2
8.526938000E0,-6.348205090E-2,1.767686382E-3,4.028263807E-2
8.536932000E0,-4.627661884E-2,-1.003945000E-2,4.327524304E-2
8.546927000E0,-2.988161087E-2,-1.282784097E-2,5.622214794E-2
8.556922000E0,-4.898972690E-2,-1.240691453E-2,6.327622890E-2
8.566917000E0,-5.004807293E-2,-9.938000813E-3,5.576957345E-2
8.576912000E0,-5.824177623E-2,-1.769718289E-2,4.603746772E-2
8.586907000E0,-7.409884036E-2,-2.196623504E-2,3.900092840E-2
8.596901000E0,-4.744021475E-2,-2.224565886E-2,4.023469090E-2
8.606896000E0,-5.063337922E-2,-1.266726181E-2,5.158998370E-2
8.616891000E0,-7.115710616E-2,-9.986167252E-3,5.163968503E-2
8.626886000E0,-5.890660465E-2,-1.636116721E-2,5.306582093E-2
8.636881000E0,-4.480428994E-2,-1.766487703E-2,7.833748698E-2
8.646876000E0,-4.359508574E-2,1.529068820E-2,7.048116803E-2
8.656870000E0,-2.646391332E-2,6.872305647E-3,6.593378842E-2
8.666865000E0,-3.988795102E-2,-3.575718552E-3,4.995744109E-2
8.676860000E0,-5.398266435E-2,-8.216141984E-3,8.136751413E-2
8.686855000E0,-5.588710248E-2,-4.589333385E-4,6.685764849E-2
8.696850000E0,-3.034646451E-2,-6.956944093E-3,6.119929790E-2
8.706845000E0,-2.291465342E-2,-1.620190367E-2,6.945732057E-2
8.716839000E0,-5.140111864E-2,-2.429510795E-2,5.440483332E-2
8.726834000E0,-6.107767582E-2,-2.290500551E-2,6.324348450E-2
8.736829000E0,-5.722962320E-2,-1.196888499E-2,6.003804088E-2
8.746824000E0,-4.129712999E-2,-5.155928582E-3,4.983991206E-2
8.756819000E0,-5.108536899E-2,-1.607253402E-4,4.002419114E-2
8.766814000E0,-8.122893512E-2,-1.482853889E-2,5.056087375E-2
8.776808000E0,-4.453122497E-2,-9.442376196E-3,6.447958589E-2
8.786803000E0,-2.817539334E-2,-2.200789645E-2,6.062627077E-2
8.796798000E0,-5.094737470E-2,3.466594890E-3,3.828815281E-2
8.806793000E0,-5.372480214E-2,-5.405750871E-3,4.586439013E-2
8.816788000E0,-5.939426243E-2,-1.061898217E-2,4.785068929E-2
8.826783000E0,-6.507717133E-2,-9.799933434E-3,4.848452747E-2
8.836777000E0,-4.813837230E-2,-1.610498607E-2,5.346401632E-2
8.846772625E0,-5.739626884E-2,-1.313883975E-2,5.709455252E-2
8.856767625E0,-5.039188921E-2,-1.016567677E-2,4.169591010E-2
8.866762625E0,-5.541289330E-2,-1.154942036E-2,5.036966980E-2
8.876757625E0,-5.116956890E-2,-4.634649307E-3,4.207890272E-2
8.886752625E0,-6.279792666E-2,-1.420171738E-2,5.296349466E-2
8.896746625E0,-4.974343300E-2,-1.571190700E-2,5.076903462E-2
8.906741625E0,-5.455627620E-2,-2.241369322E-2,6.155422390E-2
8.916736625E0,-6.084261775E-2,-1.063338093E-2,6.610569656E-2
8.926731625E0,-4.426693082E-2,-4.388408437E-3,5.862535357E-2
8.936726625E0,-1.741300821E-2,1.299251318E-3,6.558354020E-2
8.946720625E0,-4.432014048E-2,-1.884645313E-2,7.535189867E-2
8.956715625E0,-3.917400599E-2,-2.348877691E-2,6.925909996E-2
8.966710625E0,-3.751690507E-2,-1.129799008E-2,7.862341583E-2
8.976705625E0,-3.695791125E-2,-5.760238320E-3,6.547829032E-2
8.986700625E0,-5.939660132E-2,-8.683846146E-4,3.759584248E-2
8.996695625E0,-7.493323803E-2,-6.212154999E-3,3.353845954E-2
9.006689625E0,-6.148698092E-2,2.816676870E-3,4.156200886E-2
9.016684625E0,-3.881440222E-2,4.465006962E-3,6.182904303E-2
9.026679625E0,-4.239640653E-2,-8.064991459E-3,6.753124774E-2
9.036674625E0,-5.260506034E-2,-2.222987138E-2,5.356926620E-2
9.046669625E0,-4.704552770E-2,-2.308626920E-2,6.913864732E-2
9.056664625E0,-5.468549967E-2,-6.122838780E-3,5.055678070E-2
9.066658625E0,-4.846873999E-2,-1.398273915E-2,5.788509607E-2
9.076653625E0,-5.946969151E-2,-2.086491197E-2,6.682665825E-2
9.086648625E0,-6.673953474E-2,-1.501053348E-2,5.138299227E-2
9.096643625E0,-4.361379683E-2,6.955409199E-3,5.321550965E-2
9.106638625E0,-4.508203268E-2,1.930677518E-3,5.951237619E-2
9.116633625E0,-3.844310403E-2,-4.341119081E-3,6.146183789E-2
9.126627625E0,-3.350103736E-2,-4.935634732E-3,6.486433268E-2
9.136622625E0,-4.953234851E-2,-5.274919420E-3,6.685589433E-2
9.146617625E0,-5.654725313E-2,-1.532262862E-2,7.172779441E-2
9.156612625E0,-4.771737278E-2,-5.872797221E-4,2.717610419E-2
9.166607625E0,-4.514752150E-2,-1.019198924E-2,4.494286895E-2
9.176602625E0,-6.534614325E-2,2.601426244E-3,4.941014171E-2
9.186596625E0,-5.980532169E-2,-1.644215114E-2,4.431897104E-2
9.196591625E0,-3.258828700E-2,-2.323142633E-2,6.522802949E-2
9.206586625E0,-4.298229754E-2,-1.888497166E-2,6.695120394E-2
9.216581625E0,-3.873838842E-2,-2.443982653E-2,5.679400563E-2
9.226576625E0,-3.568380296E-2,-3.709839061E-3,8.151018620E-2
9.236571625E0,-4.735484540E-2,-9.751547724E-3,6.942866921E-2
9.246565625E0,-4.530071855E-2,-1.538819052E-2,4.339803457E-2
9.256560625E0,-6.747745335E-2,-1.104334384E-2,5.618472576E-2
9.266555625E0,-2.598151803E-2,-1.210856035E-2,4.643332422E-2
9.276550625E0,-4.676076829E-2,-1.446162611E-3,4.886985898E-2
9.286545625E0,-5.557603061E-2,-2.832171991E-3,5.065033615E-2
9.296540625E0,-3.647376180E-2,-1.233448215E-2,4.665727258E-2
9.306534625E0,-1.356495559E-2,-1.213574991E-2,6.608873963E-2
9.316529625E0,-4.095623732E-2,-1.604907207E-2,6.392760873E-2
9.326524625E0,-5.840725243E-2,-3.102824986E-2,7.899120569E-2
9.336519625E0,-4.655143797E-2,-1.357577294E-3,4.585444987E-2
9.346514625E0,-5.635546446E-2,1.411152408E-3,3.438045859E-2
9.356509625E0,-6.067129433E-2,-1.369695649E-2,5.861365914E-2
9.366503625E0,-5.305061817E-2,-1.344092153E-2,6.976254523E-2
9.376498625E0,-5.169640303E-2,-8.510695472E-3,5.848034263E-2
9.386493625E0,-5.557603061E-2,-2.893640846E-3,5.232673287E-2
9.396488625E0,-6.018363655E-2,-9.177935869E-3,4.064048767E-2
9.406483625E0,-5.303892374E-2,-2.598838851E-2,5.225773573E-2
9.416477625E0,-7.514373779E-2,-1.792763628E-2,3.720057070E-2
9.426472625E0,-6.927254856E-2,-4.319265112E-3,5.773423791E-2
9.436467625E0,-3.215968609E-2,-8.909329399E-3,4.635906458E-2
9.446462625E0,-4.634970903E-2,-3.806391209E-3,5.748923957E-2
9.456457625E0,-5.975620508E-2,-6.418342441E-3,6.536368489E-2
9.466452625E0,-6.550694168E-2,-1.151375234E-2,1.051089638E-1
9.476446625E0,-7.867662549E-2,-3.017864943E-2,1.080103523E-1
9.486441625E0,-2.253516912E-2,-1.730468854E-2,5.803244591E-2
9.496436625E0,-1.514779687E-2,-5.234500542E-3,2.679661989E-2
9.506431625E0,-2.558741570E-2,-3.096977770E-3,3.303969204E-2
9.516426625E0,-6.444918036E-2,-1.541691497E-2,4.339043319E-2
9.526421625E0,-6.185009301E-2,-1.140572503E-3,5.629874647E-2
9.536415625E0,-2.664283812E-2,-1.097595468E-2,4.600179970E-2
9.546410625E0,-2.013605654E-2,-1.669869773E-2,5.521057963E-2
9.556405625E0,-2.579791546E-2,-2.380693853E-2,5.849554539E-2
9.566400625E0,-4.556384325E-2,-1.480814673E-2,6.084437191E-2
9.576395625E0,-5.374117434E-2,-6.817122549E-4,5.846104681E-2
9.586390625E0,-6.854866326E-2,5.779022500E-3,3.674741149E-2
9.596384625E0,-4.063990295E-2,2.866378203E-3,5.537605584E-2
9.606379625E0,-2.961965561E-2,-1.301919110E-2,6.323763728E-2
9.616374625E0,-4.873244941E-2,-1.437369861E-2,4.650875330E-2
9.626369625E0,-5.111752868E-2,3.078705221E-3,4.607547462E-2
9.636364625E0,-5.417328358E-2,-2.629302844E-2,5.514509082E-2
9.646359625E0,-5.380783260E-2,-1.565716244E-2,5.222733021E-2
9.656353625E0,-6.034735858E-2,7.796677351E-3,5.839497328E-2
9.666348625E0,-7.147636414E-2,-1.298608124E-2,4.798225164E-2
9.676343625E0,-6.240323961E-2,-5.109004676E-3,3.284673393E-2
9.686338625E0,-6.277921557E-2,-1.307510510E-2,3.478684008E-2
9.696333625E0,-6.821595669E-2,-1.679700404E-2,3.958448052E-2
9.706327625E0,-6.327564418E-2,-6.521034166E-3,5.117249250E-2
9.716322625E0,-3.756836057E-2,-1.069755413E-2,5.616484523E-2
9.726317625E0,-3.321510851E-2,1.639851630E-3,5.224545658E-2
9.736312625E0,-4.888564646E-2,-1.706714541E-2,6.447490811E-2
9.746307625E0,-4.433651268E-2,-1.236320660E-2,5.991349518E-2
9.756302625E0,-4.188068211E-2,-4.960558489E-3,5.056555152E-2
9.766296625E0,-3.293327272E-2,3.190387040E-4,6.268332124E-2
9.776291625E0,-4.962473452E-2,-3.145655841E-3,4.751447439E-2
9.786286625E0,-5.824820817E-2,-1.799509853E-2,6.586245239E-2
9.796281625E0,-6.898369610E-2,-1.871854529E-2,7.567466497E-2
9.806276625E0,-4.081473470E-2,-1.967705011E-2,4.716013312E-2
9.816271625E0,-5.026968241E-2,4.736244678E-5,2.425483525E-2
9.826265625E0,-4.361145794E-2,-8.930744827E-3,5.476443708E-2
9.836260625E0,-4.565622926E-2,-2.321139961E-2,6.647641003E-2
9.846255375E0,-6.555138052E-2,-2.249043792E-2,6.244709373E-2
9.856250375E0,-6.277395308E-2,-2.198348433E-2,6.235646188E-2
9.866245375E0,-4.304018497E-2,-8.085091263E-3,4.317233205E-2
9.876240375E0,-6.674421251E-2,-1.730710052E-2,8.220308125E-2
9.886234375E0,-4.217421234E-2,-9.049881846E-3,6.201615393E-2
9.896229375E0,-3.132002592E-2,-9.225736856E-3,5.064156532E-2
9.906224375E0,-3.300285459E-2,1.638316736E-3,6.882231295E-2
9.916219375E0,-4.125444531E-2,-1.453888245E-2,6.131682694E-2
9.926214375E0,-5.881772697E-2,-9.035921618E-3,4.403362691E-2
9.936208375E0,-6.561160684E-2,-1.334451556E-2,4.295832396E-2
9.946203375E0,-5.012701035E-2,-1.425500013E-2,4.964286089E-2
9.956198375E0,-6.302187502E-2,-1.714878716E-2,5.714600801E-2
9.966193375E0,-5.676360011E-2,-2.506650187E-2,5.701619983E-2
9.976188375E0,-4.983406484E-2,3.227297589E-3,3.975463450E-2
9.986183375E0,-5.495213270E-2,-1.128271423E-2,6.253012419E-2
9.996177375E0,-3.977042198E-2,-1.380264491E-2,4.092992485E-2
1.000617238E1,-5.880895615E-2,-5.073409751E-3,3.315195858E-2
1.001616737E1,-3.609778583E-2,-1.829951920E-2,6.398900449E-2
1.002616237E1,-5.489775360E-2,-6.647699475E-3,6.485146880E-2
1.003615737E1,-2.136338711E-2,-2.324268222E-4,7.637808502E-2
1.004615238E1,-4.440375566E-2,-1.079081722E-2,8.459049940E-2
1.005614638E1,-6.212900519E-2,-1.027772404E-2,5.589353442E-2
1.006614138E1,-4.342259288E-2,1.851593927E-3,6.739442289E-2
1.007613638E1,-4.406520188E-2,-1.379833259E-2,5.357218981E-2
1.008613137E1,-5.226299822E-2,-1.944155350E-2,4.325770140E-2
1.009612637E1,-6.074263036E-2,-2.526742682E-2,6.486316323E-2
1.010612137E1,-4.108312190E-2,-1.858786002E-2,5.564034998E-2
1.011611537E1,-2.165984094E-2,-1.579705708E-2,8.543015957E-2
1.012611038E1,-3.296309352E-2,-1.313131146E-2,7.903155148E-2
1.013610538E1,-4.367870092E-2,-2.393769689E-2,6.090401351E-2
1.014610037E1,-6.192669153E-2,-1.782012060E-2,4.141115069E-2
1.015609537E1,-6.182027221E-2,-2.202426866E-3,4.463004291E-2
1.016609037E1,-5.626834095E-2,-4.414428547E-3,4.883302152E-2
1.017608437E1,-3.347414017E-2,-1.853333473E-2,4.993288279E-2
1.018607938E1,-5.077955961E-2,-3.160507768E-2,6.004915059E-2
1.019607438E1,-6.523504615E-2,-3.110711418E-2,4.251393557E-2
1.020606937E1,-4.486685514E-2,-1.075661100E-2,5.860430360E-2
1.021606437E1,-4.226192057E-2,-1.971900389E-2,4.221748173E-2
1.022605837E1,-3.057626009E-2,-3.688058183E-3,4.941248059E-2
1.023605337E1,-6.150861561E-2,-1.762336180E-2,4.886108816E-2
1.024604838E1,-5.215716362E-2,-1.746314809E-2,6.077011228E-2
1.025604338E1,-2.472845972E-2,-4.167529866E-3,6.308560967E-2
1.026603837E1,-3.053942263E-2,-9.867103323E-3,4.683035016E-2
1.027603337E1,-2.849699020E-2,-3.522216529E-3,6.787681818E-2
1.028602737E1,-6.231436193E-2,-2.619706102E-2,5.139468670E-2
1.029602237E1,-4.980833709E-2,-8.913860992E-3,7.345973969E-2
1.030601738E1,-3.330047786E-2,-2.896564454E-3,5.477086902E-2
1.031601238E1,-1.646985233E-2,-4.220227897E-4,4.733028710E-2
1.032600738E1,-3.453950286E-2,-9.079483375E-3,5.936210275E-2
1.033600237E1,-3.403605759E-2,-1.963882394E-2,6.421061397E-2
1.034599637E1,-4.441018760E-2,-1.534302078E-2,7.073142886E-2
1.035599137E1,-4.071299314E-2,-8.578961715E-3,5.478958011E-2
1.036598637E1,-3.776131868E-2,-1.580210030E-2,6.112094522E-2
1.037598138E1,-3.497512043E-2,-1.223814927E-2,5.397213936E-2
1.038597638E1,-7.384857953E-2,1.824623644E-3,5.668700159E-2
1.039597137E1,-6.190388739E-2,-5.971615165E-3,4.680111408E-2
1.040596537E1,-5.876919508E-2,-9.933396131E-3,3.891263545E-2
1.041596037E1,-4.490603149E-2,-1.950550742E-2,4.897218525E-2
1.042595537E1,-5.533629477E-2,-2.647831209E-2,8.111842275E-2
1.043595038E1,-4.834536374E-2,-1.230919294E-2,7.870118380E-2
1.044594538E1,-3.910091579E-2,-4.309544116E-3,6.999935746E-2
1.045593938E1,-2.039157987E-2,-1.144241631E-2,5.967902184E-2
1.046593437E1,-3.621648431E-2,-2.166422635E-2,6.060814440E-2
1.047592937E1,-6.076660395E-2,-1.494599484E-2,5.371895492E-2
1.048592437E1,-5.294829190E-2,-1.443487510E-2,6.331832886E-2
1.049591938E1,-4.549601555E-2,-1.247993164E-2,4.445345700E-2
1.050591438E1,-2.393908560E-2,-9.815428555E-3,5.976263702E-2
1.051590838E1,-4.923414052E-2,-6.794976220E-3,6.537070155E-2
1.052590337E1,-4.852487326E-2,-1.659995288E-2,2.529388547E-2
1.053589837E1,-4.578252912E-2,-1.908048794E-2,6.706405520E-2
1.054589337E1,-3.089727223E-2,-1.588600785E-2,5.314241946E-2
1.055588837E1,-4.132870495E-2,-1.259007856E-2,5.906447947E-2
1.056588338E1,-4.382780492E-2,-2.009103298E-2,6.857556045E-2
1.057587738E1,-5.714717746E-2,-2.513893425E-2,6.349257588E-2
1.058587238E1,-4.191985846E-2,-1.113806874E-2,7.110565066E-2
1.059586737E1,-2.521377861E-2,-2.642298281E-2,4.872777164E-2
1.060586237E1,-2.845430553E-2,-2.045261018E-2,6.397438645E-2
1.061585737E1,-3.358523726E-2,-1.017824829E-2,6.418839455E-2
1.062585238E1,-4.516681731E-2,-5.328494534E-3,6.755112827E-2
1.063584638E1,-6.023976982E-2,-8.434900939E-3,5.558012366E-2
1.064584138E1,-6.337446213E-2,-1.802601568E-2,4.512588680E-2
1.065583637E1,-5.755472839E-2,-9.317611232E-3,4.597197890E-2
1.066583137E1,-5.587482333E-2,-1.554555371E-2,6.023158371E-2
1.067582637E1,-6.744120061E-2,-1.855913557E-2,5.931824863E-2
1.068582037E1,-4.576030970E-2,-2.180273227E-2,5.184141397E-2
1.069581538E1,-2.862153590E-2,-1.498137049E-2,6.329493999E-2
1.070581038E1,-4.753026187E-2,-1.187364846E-2,6.622614920E-2
1.071580537E1,-4.159299910E-2,-2.261315636E-2,7.358954787E-2
1.072580037E1,-3.188720584E-2,-1.416232176E-2,6.808322489E-2
1.073579537E1,-4.601115525E-2,-2.084086530E-2,5.104677737E-2
1.074578937E1,-4.584977210E-2,-1.122979693E-2,4.532936990E-2
1.075578438E1,-4.461600959E-2,-8.978984356E-3,6.376914918E-2
1.076577938E1,-4.260632157E-2,-9.601274282E-3,5.903056562E-2
1.077577437E1,-4.170701981E-2,-3.948040009E-3,6.726110637E-2
1.078576937E1,-5.068951249E-2,-1.899979636E-3,6.081689000E-2
1.079576437E1,-4.858276069E-2,-2.203011587E-2,5.170926690E-2
1.080575837E1,-4.039665878E-2,-1.315762393E-2,4.389387846E-2
1.081575337E1,-3.659947693E-2,-1.600331761E-2,5.859260917E-2
1.082574838E1,-3.084874034E-2,-9.996692240E-3,6.207345665E-2
1.083574338E1,-3.758941054E-2,1.075931534E-2,6.073327482E-2
1.084573925E1,-4.562933207E-2,-1.222996317E-2,5.659052253E-2
1.085573425E1,-4.674556553E-2,-1.740584537E-2,5.835755110E-2
1.086572825E1,-4.196078897E-2,-1.710398287E-2,5.657824337E-2
1.087572325E1,-4.922887802E-2,-2.229470238E-2,7.400586963E-2
1.088571825E1,-4.133630633E-2,-7.790318504E-3,6.857614517E-2
1.089571325E1,-4.173099339E-2,-9.019695595E-3,7.086474538E-2
1.090570825E1,-4.986096203E-2,-3.010731339E-2,5.463813722E-2
1.091570225E1,-2.929571986E-2,-6.940644979E-3,5.842596352E-2
1.092569725E1,-3.475584984E-2,-1.250222415E-2,6.541104734E-2
1.093569225E1,-3.678775728E-2,-1.902340449E-2,4.707944155E-2
1.094568725E1,-5.250507295E-2,-1.197845981E-2,4.333897769E-2
1.095568225E1,-4.210696936E-2,-6.315504536E-3,5.449721932E-2
1.096567725E1,-4.624036610E-2,-9.968113974E-3,5.069068193E-2
1.097567125E1,-4.052997530E-2,-1.936648987E-2,4.132636607E-2
1.098566625E1,-4.885056317E-2,-1.922696069E-2,5.876393259E-2
1.099566125E1,-4.575680137E-2,-1.866153494E-2,6.534321964E-2
1.100565625E1,-5.038136423E-2,-1.122073375E-2,6.150335312E-2
1.101565125E1,-4.517324924E-2,-5.255258158E-3,4.411022544E-2
1.102564625E1,-5.541113913E-2,-1.007277913E-2,4.437393486E-2
1.103564025E1,-3.592704713E-2,-2.638059050E-2,7.214879394E-2
1.104563525E1,-4.541356981E-2,-2.105772391E-2,5.939133883E-2
1.105563025E1,-6.492572844E-2,-1.846981935E-2,4.380558550E-2
1.106562525E1,-8.637916267E-2,-8.620550036E-3,4.707534850E-2
1.107562025E1,-4.917449892E-2,-1.217032157E-2,4.464933872E-2
1.108561525E1,-3.740229964E-2,-1.065304220E-2,4.625615358E-2
1.109560925E1,-4.008734107E-2,-2.135914788E-2,7.005549073E-2
1.110560425E1,-3.117092192E-2,-2.073912375E-2,5.648761153E-2
1.111559925E1,-3.413487554E-2,-8.317079544E-3,5.505504370E-2
1.112559425E1,-1.986533046E-2,-3.978006989E-3,5.795877099E-2
1.113558925E1,-4.702096939E-2,-1.601713166E-2,6.892873228E-2
1.114558325E1,-4.877688825E-2,-2.555204004E-2,4.777467549E-2
1.115557825E1,-3.042598665E-2,-2.716440976E-2,7.428536654E-2
1.116557325E1,-1.269722879E-2,-1.742514119E-2,5.259395063E-2
1.117556825E1,-4.156727135E-2,-2.033910111E-2,5.422473907E-2
1.118556325E1,-6.314232767E-2,-1.140923336E-2,6.807562351E-2
1.119555825E1,-5.382537425E-2,-2.580507830E-2,5.250975072E-2
1.120555225E1,-4.699524164E-2,-9.787361920E-3,4.270747840E-2
1.121554725E1,-5.117424667E-2,-1.365975358E-2,5.903699756E-2
1.122554225E1,-7.119277418E-2,-1.765720256E-2,5.009485066E-2
1.123553725E1,-6.366682291E-2,-2.020951219E-2,4.614914954E-2
1.124553225E1,-5.144497275E-2,-2.061567441E-2,5.150169075E-2
1.125552725E1,-5.180750012E-2,2.121881470E-3,4.037268519E-2
1.126552125E1,-4.233325660E-2,-5.066758543E-3,3.117209136E-2
1.127551625E1,-6.360542715E-2,-1.195974872E-2,3.602937341E-2
1.128551125E1,-6.431352496E-2,-2.148033142E-2,5.485039115E-2
1.129550625E1,-4.546502531E-2,-1.066766024E-2,5.884462416E-2
1.130550125E1,-2.955358207E-2,-1.941984572E-2,6.855918825E-2
1.131549625E1,-4.651518524E-2,-1.548108816E-2,8.501559198E-2
1.132549025E1,-4.824011385E-2,-1.490396798E-2,8.828301609E-2
1.133548525E1,-3.535460472E-2,-5.774198547E-3,6.090401351E-2
1.134548025E1,-3.454651952E-2,-6.260175258E-3,6.140395045E-2
1.135547525E1,-3.492074132E-2,-1.831654921E-2,7.717506051E-2
1.136547025E1,-4.556852102E-2,-1.738910772E-2,7.955312312E-2
1.137546425E1,-2.930507541E-2,-1.701583609E-2,5.879843116E-2
1.138545925E1,-5.372070909E-2,-1.896178946E-2,6.355280221E-2
1.139545425E1,-3.606854975E-2,-2.240251042E-2,7.759255171E-2
1.140544925E1,-3.319990575E-2,-1.852843769E-2,7.713997722E-2
1.141544425E1,-5.552457511E-2,-2.213171124E-2,6.302889168E-2
1.142543925E1,-5.612157583E-2,-1.251611128E-2,6.183722913E-2
1.143543325E1,-5.756876171E-2,-6.794830039E-3,6.203720391E-2
1.144542825E1,-4.579422355E-2,-1.418578371E-2,8.234516859E-2
1.145542325E1,-5.085031092E-2,-9.588995129E-3,7.567115664E-2
1.146541825E1,-3.486694694E-2,-8.500828296E-3,6.127355754E-2
1.147541325E1,-3.914652407E-2,-1.721975774E-2,6.147587121E-2
1.148540825E1,-4.830384851E-2,-2.317500070E-2,5.206536233E-2
1.149540225E1,-6.332826912E-2,-2.092433430E-2,4.509431183E-2
1.150539725E1,-5.688522220E-2,-1.431076795E-2,6.171794593E-2
1.151539225E1,-4.299340725E-2,-1.660594627E-2,5.212909698E-2
1.152538725E1,-5.148473382E-2,-2.007115245E-2,5.774651706E-2
1.153538225E1,-4.660757124E-2,-7.431372553E-3,5.368504107E-2
1.154537725E1,-6.088413298E-2,-1.060209833E-2,6.176121533E-2
1.155537125E1,-4.222508311E-2,-4.873069525E-3,6.264472961E-2
1.156536625E1,-4.953351796E-2,-2.193064012E-2,5.894753516E-2
1.157536125E1,-6.290142238E-2,-1.140360542E-2,6.053914726E-2
1.158535625E1,-5.462410390E-2,-7.523904741E-4,5.117132306E-2
1.159535125E1,-5.133036733E-2,-2.324860252E-2,5.672676265E-2
1.160534525E1,-2.107511938E-2,-1.972718999E-2,7.813985109E-2
1.161534025E1,-1.891048014E-2,-2.189036742E-2,7.633306146E-2
1.162533525E1,-3.536571443E-2,2.546608597E-3,6.251024365E-2
1.163533025E1,-4.778870881E-2,-9.653168321E-3,5.766874909E-2
1.164532525E1,-3.981193721E-2,-8.398063481E-3,5.660338640E-2
1.165532025E1,-3.176032126E-2,-2.555796035E-2,4.302790582E-2
1.166531425E1,-4.192570567E-2,-1.596304491E-2,5.407505035E-2
1.167530925E1,-4.503993273E-2,-1.525611654E-3,5.376865625E-2
1.168530425E1,-2.455772102E-2,-8.611413762E-3,6.184658468E-2
1.169529925E1,-2.387418151E-2,-6.596463248E-3,7.495019495E-2
1.170529425E1,-4.155206859E-2,-5.539798290E-3,9.131772101E-2
1.171528925E1,-3.696960568E-2,-4.410774037E-3,4.716130257E-2
1.172528325E1,-6.869952142E-2,-3.966604918E-3,4.128251195E-2
1.173527825E1,-6.690033317E-2,-7.771680504E-4,3.559843361E-2
1.174527325E1,-6.737395763E-2,-9.049881846E-3,4.634737015E-2
1.175526825E1,-6.064556658E-2,-6.988665238E-3,4.965104699E-2
1.176526325E1,-4.760744512E-2,-9.840279222E-3,6.272892952E-2
1.177525725E1,-2.658144236E-2,-2.425695486E-2,5.609409392E-2
1.178525225E1,-6.200212061E-2,-1.321668081E-2,5.620694518E-2
1.179524725E1,-5.827042758E-2,-2.166049875E-2,5.864640355E-2
1.180524225E1,-5.225013435E-2,-2.493186973E-2,4.646314502E-2
1.181523725E1,-5.285356700E-2,-1.113777637E-2,6.475031197E-2
1.182523225E1,-5.982754111E-2,-2.337504856E-2,5.856746614E-2
1.183522625E1,-2.959802091E-2,-1.307430111E-2,6.803118467E-2
1.184522017E1,-2.053892970E-2,1.028452143E-3,5.991583407E-2
1.185521517E1,-4.951246798E-2,-1.095600106E-2,5.569531381E-2
1.186521017E1,-5.391542137E-2,-3.329477683E-3,6.509354353E-2
1.187520517E1,-2.309006989E-2,-1.912668094E-2,5.388793945E-2
1.188520017E1,-3.483712614E-2,-1.585085146E-2,5.144789636E-2
1.189519417E1,-4.466161788E-2,-2.133473575E-2,7.618220329E-2
1.190518917E1,-3.423837125E-2,-1.653351389E-2,6.696231365E-2
1.191518417E1,-3.938099742E-2,-2.510618985E-2,7.182953596E-2
1.192517917E1,-3.452430010E-2,-2.130791165E-2,6.318969011E-2
1.193517417E1,-5.224136353E-2,-1.872103035E-2,5.429081261E-2
1.194516817E1,-4.593221784E-2,-1.522432230E-2,5.551054180E-2
1.195516317E1,-4.555916548E-2,-1.699836753E-2,5.707291782E-2
1.196515817E1,-4.417220592E-2,-1.211806208E-2,7.416082084E-2
1.197515317E1,-4.272092700E-2,-9.299557954E-3,5.452704012E-2
1.198514817E1,-4.730572879E-2,-1.599673949E-2,6.133670747E-2
1.199514317E1,-3.909565330E-2,-1.487385482E-4,5.412650585E-2
1.200513717E1,-4.164503932E-2,-1.934690170E-2,5.918551683E-2
1.201513217E1,-4.185904741E-2,-1.675373465E-2,6.582503021E-2
1.202512717E1,-5.263429642E-2,-2.528613791E-2,6.725876749E-2
1.203512217E1,-3.734908998E-2,-1.818279415E-2,5.537313223E-2
1.204511717E1,-3.715145409E-2,-1.762007274E-2,3.326948762E-2
1.205511217E1,-5.904635310E-2,-1.150775895E-2,4.819742918E-2
1.206510617E1,-5.437676668E-2,-6.136433557E-3,5.170225024E-2
1.207510117E1,-6.686758876E-2,-9.235384762E-3,3.535635889E-2
1.208509617E1,-4.639824092E-2,-1.534784473E-2,4.539544344E-2
1.209509117E1,-4.386288822E-2,-4.986505508E-3,5.381718814E-2
1.210508617E1,-4.475575805E-2,-5.771348029E-3,5.744889379E-2
1.211508117E1,-4.465167761E-2,-3.854703829E-3,6.251433671E-2
1.212507517E1,-3.779523253E-2,-4.865906686E-3,7.564484417E-2
1.213507017E1,-4.924758911E-2,-1.477233253E-2,8.419288874E-2
1.214506517E1,-5.040124476E-2,-1.075595319E-2,6.470645785E-2
1.215506017E1,-3.436291695E-2,-1.016443424E-2,4.216661096E-2
1.216505517E1,-5.148297966E-2,-1.462805249E-2,4.894294918E-2
1.217504917E1,-5.187825143E-2,-7.190613449E-3,4.404064357E-2
1.218504417E1,-7.605648816E-2,1.696057990E-3,4.831729710E-2
1.219503917E1,-5.098187327E-2,-2.551841855E-2,6.204714417E-2
1.220503417E1,-5.461182475E-2,-3.131498270E-2,7.160324872E-2
1.221502917E1,-5.511468530E-2,-1.252071597E-2,6.273945451E-2
1.222502417E1,-6.018188238E-2,1.345663592E-3,8.011270165E-2
1.223501817E1,-5.766290188E-2,-9.881940633E-3,5.896215320E-2
1.224501317E1,-5.161454201E-2,-4.492781237E-3,5.016092420E-2
1.225500817E1,-5.018782139E-2,-7.173583433E-3,5.260856867E-2
1.226500317E1,-4.336762905E-2,-2.335597202E-3,7.193478584E-2
1.227499817E1,-4.034286439E-2,-1.417686671E-2,7.790830135E-2
1.228499217E1,-3.825716257E-2,-2.395012222E-2,7.324690104E-2
1.229498717E1,-3.133347452E-2,-5.785673708E-3,5.913172245E-2
1.230498217E1,-3.786306024E-2,-9.180640206E-3,3.994349957E-2
1.231497717E1,-5.192385972E-2,-1.484118350E-2,6.518826842E-2
1.232497217E1,-5.664957941E-2,-1.058579922E-2,5.742433548E-2
1.233496717E1,-4.306532800E-2,-9.175962433E-3,3.640008688E-2
1.234496117E1,-5.471824408E-2,-5.356780440E-3,3.566216826E-2
1.235495617E1,-5.511351585E-2,-9.671587050E-3,6.120163679E-2
1.236495117E1,-4.548022807E-2,-1.420844167E-2,4.871022999E-2
1.237494617E1,-5.587306917E-2,-1.493400805E-2,6.886967540E-2
1.238494117E1,-6.485380769E-2,-8.341930211E-3,5.940186381E-2
1.239493617E1,-3.701755285E-2,-1.989127748E-2,7.314399004E-2
1.240493017E1,-3.504762590E-2,-1.388033979E-2,5.022231996E-2
1.241492517E1,-3.930264473E-2,-9.484622329E-3,5.474981904E-2
1.242492017E1,-3.595511377E-2,-7.602330521E-3,4.982353985E-2
1.243491517E1,-2.980442762E-2,-2.865603447E-2,7.165295005E-2
1.244491017E1,-3.372030795E-2,-1.459918186E-2,6.930353880E-2
1.245490417E1,-3.031781316E-2,-1.671653174E-2,7.187455952E-2
1.246489917E1,-3.961547077E-2,-2.121589109E-2,6.428604305E-2
1.247489417E1,-6.866619229E-2,-9.130281061E-3,4.192102790E-2
1.248488917E1,-6.320372343E-2,-2.153894976E-3,3.909097552E-2
1.249488417E1,-5.000831187E-2,-3.547798097E-3,4.207714856E-2
1.250487917E1,-5.720506489E-2,1.157675609E-3,5.180399179E-2
1.251487317E1,-5.733194947E-2,-1.271148138E-2,5.020536304E-2
1.252486817E1,-5.698754847E-2,-7.483120412E-3,7.030107379E-2
1.253486317E1,-5.792310297E-2,-2.174689136E-2,6.874512970E-2
1.254485817E1,-4.596613169E-2,-9.205417782E-3,6.930353880E-2
1.255485317E1,-5.517315745E-2,-7.625207752E-3,5.344881356E-2
1.256484717E1,-5.676360011E-2,-1.131874770E-2,2.640894949E-2
1.257484217E1,-5.739392996E-2,-1.311311200E-2,3.164220750E-2
1.258483717E1,-6.323295951E-2,-9.902625158E-3,5.487611890E-2
1.259483217E1,-6.271898925E-2,-1.273077719E-2,5.196537495E-2
1.260482717E1,-4.236190796E-2,-1.091141604E-2,3.405126035E-2
1.261482217E1,-3.898689508E-2,-1.171321549E-2,4.660289347E-2
1.262481617E1,-4.629532993E-2,-8.515811786E-3,6.927781105E-2
1.263481117E1,-3.507569253E-2,1.022458747E-3,7.974432707E-2
1.264480617E1,-6.176004589E-2,-1.189177483E-3,6.485322297E-2
1.265480117E1,-4.965046227E-2,-3.003305376E-2,5.105320930E-2
1.266479617E1,-5.481063008E-2,-1.815706640E-3,5.127949655E-2
1.267479117E1,-4.285365880E-2,-1.865386046E-2,5.185018480E-2
1.268478517E1,-5.037200868E-2,-1.731791787E-2,6.122853398E-2
1.269478017E1,-5.746526599E-2,-7.957841232E-3,4.636958957E-2
1.270477517E1,-6.173256397E-2,-1.451797865E-2,5.319329023E-2
1.271477017E1,-2.859580815E-2,-3.330866396E-3,5.434460700E-2
1.272476517E1,-2.390224814E-2,-4.643200859E-3,5.450423598E-2
1.273475917E1,-3.751807451E-2,1.767174751E-3,6.630684078E-2
1.274475417E1,-7.225579798E-2,-1.379314318E-2,6.054674864E-2
1.275474917E1,-6.690618038E-2,-5.016107038E-3,4.910901010E-2
1.276474417E1,-5.763892829E-2,-1.128892690E-2,5.029657960E-2
1.277473917E1,-5.395576715E-2,-1.298008785E-3,7.132609069E-2
1.278473417E1,-3.120425105E-2,-1.130756490E-2,6.814462066E-2
1.279472817E1,-3.426760733E-2,-1.195748292E-2,5.071933329E-2
1.280472317E1,-7.149332106E-2,-3.787168488E-3,4.168830872E-2
1.281471817E1,-6.667463064E-2,-8.019456267E-3,4.346176922E-2
1.282471317E1,-2.896125913E-2,-1.561338142E-2,5.490360081E-2
1.283470817E1,-4.984342039E-2,-1.790563613E-3,4.067089319E-2
1.284470317E1,-6.729794383E-2,1.458953395E-3,5.008257151E-2
1.285469717E1,-3.558206141E-2,-1.560080990E-2,7.872632682E-2
1.286469217E1,-2.482026100E-2,-1.536107406E-2,8.056644559E-2
1.287468717E1,-3.784668803E-2,-7.917203084E-3,7.249728799E-2
1.288468217E1,-4.165497959E-2,-2.044990584E-2,4.832022071E-2
1.289467717E1,-4.330623329E-2,-2.425607778E-2,5.427151680E-2
1.290467117E1,-5.412124336E-2,-1.192905083E-2,5.198233187E-2
1.291466617E1,-5.810378194E-2,-1.321872734E-2,6.085314274E-2
1.292466117E1,-3.968271375E-2,-1.364447773E-2,6.189043880E-2
1.293465617E1,-3.441027939E-2,-1.194688484E-2,6.599226058E-2
1.294465117E1,-2.518278837E-2,-2.864550948E-3,6.865683675E-2
1.295464517E1,-6.460880935E-2,-2.730825126E-2,6.875448525E-2
1.296464017E1,-7.621845603E-2,-1.692988202E-2,4.983172596E-2
1.297463517E1,-6.851708829E-2,-9.351013452E-3,3.632641196E-2
1.298463017E1,-3.076454043E-2,-2.148530155E-2,6.917606950E-2
1.299462517E1,-2.420337975E-2,-2.643467724E-2,6.197229981E-2
1.300462017E1,-4.301562667E-2,-2.004915230E-2,6.173022509E-2
1.301461417E1,-3.275961041E-2,-1.136260182E-2,6.795575559E-2
1.302460917E1,-3.955524445E-2,-2.700463459E-3,7.583955646E-2
1.303460417E1,-4.190407097E-2,-1.380520307E-2,7.450697601E-2
1.304459917E1,-4.090829015E-2,-6.388083100E-5,6.060522079E-2
1.305459417E1,-3.822617233E-2,-1.102514438E-2,4.840091228E-2
1.306458917E1,-4.983114123E-2,-5.919282585E-3,3.099316657E-2
1.307458317E1,-5.878907561E-2,-1.830792457E-2,3.360453308E-2
1.308457817E1,-5.669752657E-2,-1.294376202E-2,5.831895947E-2
1.309457317E1,-4.948849440E-2,-1.595471263E-2,4.240283847E-2
1.310456817E1,-6.417260706E-2,6.600044668E-5,5.171511412E-2
1.311456317E1,-6.460237741E-2,-1.842282236E-2,7.902687371E-2
1.312455717E1,-4.277062833E-2,-1.975664534E-2,7.571501076E-2
1.313455217E1,-5.452119291E-2,-1.796147704E-2,5.003287017E-2
1.314454717E1,-5.527197540E-2,-1.695085891E-2,6.167643070E-2
1.315454217E1,-5.326988876E-2,-7.276859879E-3,4.895172000E-2
1.316453717E1,-4.962005675E-2,-1.234127954E-3,6.139225602E-2
1.317453217E1,-4.977091491E-2,-7.623380497E-3,5.284304202E-2
1.318452617E1,-5.414814055E-2,-1.559145436E-2,6.191733599E-2
1.319452117E1,-5.584617198E-2,-2.268229969E-2,5.453171790E-2
1.320451617E1,-5.296758771E-2,-6.197317690E-3,6.732601047E-2
1.321451117E1,-5.297226548E-2,-2.046562023E-2,5.399085045E-2
1.322450617E1,-5.470362604E-2,1.276688375E-2,5.090702891E-2
1.323450117E1,-6.141096711E-2,-1.388509065E-2,5.753777146E-2
1.324449517E1,-5.005216599E-2,-5.517505780E-3,7.178509712E-2
1.325449017E1,-3.853607476E-2,-1.833562575E-2,4.879559934E-2
1.326448517E1,-5.552340567E-2,-7.181623355E-3,5.314885139E-2
1.327448017E1,-5.011005342E-2,-1.629151225E-2,6.863286316E-2
1.328447517E1,-4.269695342E-2,-1.410706557E-2,6.052452922E-2
1.329446917E1,-2.526698828E-2,6.909508556E-3,5.256997705E-2
1.330446417E1,-7.362638533E-2,-1.849108860E-2,5.859845638E-2
1.331445917E1,-6.524674058E-2,-2.224814393E-2,3.979731917E-2
1.332445417E1,-4.917216003E-2,-1.819843546E-2,5.415925026E-2
1.333444917E1,-5.444868743E-2,6.776630580E-3,8.008989751E-2
1.334444417E1,-4.877279520E-2,-8.068938330E-3,6.726812303E-2
1.335443817E1,-4.468676090E-2,-1.549088225E-2,7.695812881E-2
1.336443317E1,-4.066796958E-2,-1.279436566E-2,8.012673497E-2
1.337442817E1,-3.886995077E-2,5.810597464E-3,7.224293411E-2
1.338442317E1,-3.288181722E-2,4.375910014E-3,6.160158634E-2
1.339441817E1,-4.190114737E-2,-6.339843571E-3,6.901702523E-2
1.340441217E1,-3.576098621E-2,-2.490190275E-2,5.180165291E-2
1.341440717E1,-3.042072415E-2,-1.293243304E-2,6.612557709E-2
1.342440217E1,-3.241228580E-2,-2.102125190E-2,6.486199379E-2
1.343439717E1,-3.101947904E-2,-1.577929616E-2,5.412065864E-2
1.344439217E1,-4.598952055E-2,-4.419983402E-3,6.176881671E-2
1.345438717E1,-4.043349624E-2,-1.085762165E-2,7.029464185E-2
1.346438117E1,-5.248577714E-2,-1.451958664E-2,7.904792368E-2
1.347437617E1,-4.350503862E-2,-8.371385559E-3,5.841368437E-2
1.348437117E1,-4.114978015E-2,3.990651593E-3,5.449780405E-2
1.349436617E1,-4.264140487E-2,6.877056509E-3,5.496031880E-2
1.350436117E1,-5.460129976E-2,-1.446031049E-2,6.608055353E-2
1.351435517E1,-5.572221100E-2,-1.993045382E-2,6.692430675E-2
1.352435017E1,-5.302839875E-2,-1.348843016E-2,4.909322262E-2
1.353434517E1,-4.188243628E-2,-1.506937109E-2,4.469202340E-2
1.354434017E1,-6.249971867E-2,-2.117744565E-2,5.206770122E-2
1.355433517E1,-6.826390386E-2,-1.376639217E-2,4.021247149E-2
1.356433017E1,-4.713791370E-2,-1.449480906E-2,5.180457652E-2
1.357432417E1,-4.606845796E-2,-1.323159121E-2,6.207462609E-2
1.358431917E1,-4.077146530E-2,-2.426470242E-2,4.664967120E-2
1.359431417E1,-4.153978944E-2,-1.966075100E-2,7.154185295E-2
1.360430917E1,-2.651946187E-2,-4.944113195E-3,7.341296196E-2
1.361430417E1,-5.163091421E-2,-2.361741565E-2,7.317088723E-2
1.362429917E1,-2.017347872E-2,-1.789474569E-2,6.688629985E-2
1.363429317E1,-3.299174488E-2,-1.165700912E-2,6.330897331E-2
1.364428817E1,-5.319679856E-2,-1.917170450E-2,7.992325187E-2
1.365428317E1,-4.838278592E-2,-2.387959018E-2,6.273886979E-2
1.366427817E1,-5.415515721E-2,-1.593673244E-2,4.620294392E-2
1.367427317E1,-4.908445179E-2,3.720802590E-3,6.552389860E-2
1.368426717E1,-4.727006078E-2,1.465750784E-3,5.705011368E-2
1.369426217E1,-4.407572687E-2,-1.261456378E-2,5.982637167E-2
1.370425717E1,-5.663846970E-2,-2.035532713E-2,4.416694343E-2
1.371425217E1,-7.033264875E-2,-1.619971097E-2,4.069720566E-2
1.372424717E1,-7.309019566E-2,-3.184437498E-2,5.399611294E-2
1.373424117E1,-6.538765848E-2,-1.689501800E-2,6.217929125E-2
1.374423617E1,-5.171219051E-2,-2.789194956E-3,5.192269027E-2
1.375423117E1,-5.678348064E-2,-1.542437017E-2,5.257348537E-2
1.376422617E1,-3.952308476E-2,-6.412422135E-3,6.867730200E-2
1.377422117E1,-4.273905337E-2,1.577871144E-3,6.148054898E-2
1.378421617E1,-3.907811165E-2,-2.382564962E-2,5.346577048E-2
1.379421017E1,-4.723497748E-2,-1.123096637E-2,4.111235797E-2
1.380420517E1,-5.879726171E-2,-6.690530330E-3,6.101803422E-2
1.381420017E1,-5.977374673E-2,-1.399743028E-2,7.055659711E-2
1.382419517E1,-5.170400441E-2,-1.266031824E-2,5.767459631E-2
1.383419017E1,-2.675451994E-2,-8.240115568E-3,6.675590694E-2
1.384418517E1,-3.648019373E-2,-1.880026013E-3,3.567620158E-2
1.385417904E1,-4.339569569E-2,-1.388640627E-2,4.420144200E-2
1.386417404E1,-5.346986353E-2,-2.555255167E-2,5.558421671E-2
1.387416904E1,-5.208114982E-2,-1.461394608E-2,4.054283917E-2
1.388416404E1,-5.178060293E-2,-2.971043363E-3,6.301485837E-2
1.389415904E1,-3.668367684E-2,-6.258494183E-3,6.838611066E-2
1.390415304E1,-4.379389107E-2,-2.977767661E-3,6.966314256E-2
1.391414804E1,-3.085049450E-2,-3.083244123E-2,6.599693835E-2
1.392414304E1,-4.648477972E-2,-1.045540631E-2,5.794356823E-2
1.393413804E1,-4.930606127E-2,-1.175728887E-2,4.325536251E-2
1.394413304E1,-6.666702926E-2,-7.430130020E-3,2.035357296E-2
1.395412804E1,-5.957143307E-2,-1.973069832E-3,4.823777497E-2
1.396412204E1,-4.687245011E-2,-8.613460287E-3,6.230266750E-2
1.397411704E1,-1.865437210E-2,-8.949017376E-3,6.165888906E-2
1.398411204E1,-3.283971727E-2,-1.075259104E-2,6.662785292E-2
1.399410704E1,-5.041937113E-2,-1.655887619E-2,7.074487746E-2
1.400410204E1,-5.875808537E-2,-4.627194107E-3,4.414940178E-2
1.401409604E1,-6.882932961E-2,-7.057516202E-3,4.872777164E-2
1.402409104E1,-5.655894756E-2,-2.213149197E-2,4.718995392E-2
1.403408604E1,-4.161463380E-2,-1.226329230E-2,5.283310175E-2
1.404408104E1,-2.772632718E-2,-6.355996504E-3,5.865108132E-2
1.405407604E1,-5.078189850E-2,-1.923887439E-2,6.842119396E-2
1.406407104E1,-4.859445512E-2,-1.623691387E-2,5.013227284E-2
1.407406504E1,-6.357326746E-2,-2.068525627E-2,4.146845341E-2
1.408406004E1,-4.120591342E-2,-1.203919776E-2,4.619885087E-2
1.409405504E1,-4.583223045E-2,-3.417478278E-3,5.412007391E-2
1.410405004E1,-4.712271094E-2,-1.251062952E-2,7.228971183E-2
1.411404504E1,-4.638771594E-2,-1.057468951E-3,3.726372063E-2
1.412403904E1,-4.591175258E-2,-1.140645593E-2,5.980415225E-2
1.413403404E1,-3.571420848E-2,-1.163902894E-2,5.899080455E-2
1.414402904E1,-4.590532064E-2,5.985356122E-4,5.886567414E-2
1.415402404E1,-3.655036032E-2,-2.424664915E-2,5.937847495E-2
1.416401904E1,-3.961137772E-2,-1.385775492E-2,5.931064725E-2
1.417401404E1,-3.973592341E-2,-2.826229759E-2,5.381251037E-2
1.418400804E1,-4.302088916E-2,-2.029758587E-2,6.505319774E-2
1.419400304E1,-4.328109026E-2,-9.462110549E-3,8.092078686E-2
1.420399804E1,-3.086979032E-2,-1.475786068E-2,8.357542276E-2
1.421399304E1,-2.241705537E-2,-1.031660803E-2,6.835687459E-2
1.422398804E1,-3.186498642E-2,-6.190227941E-3,7.681838036E-2
1.423398204E1,-5.116313696E-2,-1.860978708E-2,5.732551754E-2
1.424397704E1,-7.026189744E-2,-2.096131794E-2,5.301670432E-2
1.425397204E1,-8.426656365E-2,-2.408628926E-2,5.754361868E-2
1.426396704E1,-7.488236725E-2,-9.227417931E-3,4.416869760E-2
1.427396204E1,-7.255517542E-2,-1.937920757E-2,5.534097254E-2
1.428395704E1,-6.010703802E-2,-1.681432642E-2,4.805066407E-2
1.429395104E1,-5.072868884E-2,-7.458854467E-3,4.891780615E-2
1.430394604E1,-3.783674777E-2,-1.657627165E-2,6.568645120E-2
1.431394104E1,-6.060580552E-2,-1.613502614E-2,8.034074306E-2
1.432393604E1,-5.342133164E-2,-1.637761250E-2,3.948273897E-2
1.433393104E1,-4.432540298E-2,-8.270301819E-3,5.036089897E-2
1.434392504E1,-5.447792351E-2,-1.465319552E-2,4.979079545E-2
1.435392004E1,-4.331617355E-2,-1.962208629E-2,4.783022404E-2
1.436391504E1,-3.911027133E-2,2.233782560E-3,4.863947868E-2
1.437391004E1,-5.502756178E-2,-1.169859745E-2,6.254181862E-2
1.438390504E1,-4.283260882E-2,-1.527548544E-2,5.414112389E-2
1.439390004E1,-3.194626272E-2,-4.335052595E-3,7.705519259E-2
1.440389404E1,-4.440258622E-2,-1.853077658E-2,6.894744337E-2
1.441388904E1,-3.451085150E-2,-1.304879263E-2,6.610745072E-2
1.442388404E1,-3.517158687E-2,-1.313175000E-2,5.913640022E-2
1.443387904E1,-2.334910154E-2,-9.424542189E-3,4.759984374E-2
1.444387404E1,-2.152944803E-2,-1.498875260E-2,7.330128014E-2
1.445386804E1,-4.791559339E-2,-1.086449213E-2,7.934730113E-2
1.446386304E1,-5.954336643E-2,-1.363599926E-2,6.545314729E-2
1.447385804E1,-6.382235885E-2,3.126140758E-3,5.314358890E-2
1.448385304E1,-6.617644787E-2,-1.376836561E-2,5.858793139E-2
1.449384804E1,-5.496382713E-2,-1.922418326E-3,6.860713542E-2
1.450384304E1,-4.575914025E-2,-6.944664940E-3,6.015030742E-2
1.451383704E1,-4.289575875E-2,-6.754849702E-3,5.884579360E-2
1.452383204E1,-5.650866151E-2,-1.794247359E-2,5.830375671E-2
1.453382704E1,-5.368971884E-2,-2.174367540E-2,4.544105172E-2
1.454382204E1,-4.601057053E-2,-1.608247429E-2,3.788703382E-2
1.455381704E1,-5.513222694E-2,-1.936181210E-2,5.227059960E-2
1.456381104E1,-6.505085886E-2,-1.047894135E-2,6.916262090E-2
1.457380604E1,-3.590424299E-2,-1.416926533E-3,5.686534166E-2
1.458380104E1,-3.847935677E-2,-1.438912064E-2,4.803604603E-2
1.459379604E1,-3.621063709E-2,-1.212756380E-2,7.110974371E-2
1.460379104E1,-6.724765778E-2,-8.622011840E-3,6.431527913E-2
1.461378604E1,-6.980639935E-2,-9.092858881E-3,3.391385078E-2
1.462378004E1,-6.749499500E-2,-9.594038352E-3,4.822900414E-2
1.463377504E1,-4.845587611E-2,-3.012054272E-2,6.506021440E-2
1.464377004E1,-2.864258587E-2,-1.543292172E-2,7.325391769E-2
1.465376504E1,-2.893728554E-2,-2.091388240E-2,8.047172070E-2
1.466376004E1,-3.591944575E-2,-1.432494745E-3,6.508301854E-2
1.467375404E1,-5.339034140E-2,-1.095929012E-2,4.118018568E-2
1.468374904E1,-4.045220733E-2,-2.005331844E-2,5.216768861E-2
1.469374404E1,-1.965716958E-2,-1.348294839E-2,6.872291028E-2
1.470373904E1,-4.366934538E-2,-1.772671133E-2,7.458123565E-2
1.471373404E1,-4.703851104E-2,-1.102024734E-2,6.789552927E-2
1.472372904E1,-4.840208173E-2,-8.320807144E-3,4.869970500E-2
1.473372304E1,-5.557135284E-2,-1.062205195E-2,4.722737610E-2
1.474371804E1,-6.104785502E-2,-1.148320064E-3,6.539876819E-2
1.475371304E1,-5.481355369E-2,-1.545616440E-2,4.016920209E-2
1.476370804E1,-7.283818066E-2,-1.505080618E-2,4.267356455E-2
1.477370304E1,-7.172545552E-2,-1.180041209E-2,5.027436018E-2
1.478369704E1,-4.825531662E-2,-1.139351897E-2,6.732893407E-2
1.479369204E1,-4.799920857E-2,-1.945470974E-2,7.551035821E-2
1.480368704E1,-5.896098375E-2,-2.836016536E-2,6.678572774E-2
1.481368204E1,-3.591769159E-2,-1.250427067E-3,5.940537214E-2
1.482367704E1,-4.792144060E-2,-1.487327009E-2,5.411948919E-2
1.483367104E1,-5.209109008E-2,-1.744984567E-2,4.722737610E-2
1.484366604E1,-5.250214934E-2,-1.954073690E-2,6.460120797E-2
1.485366125E1,-3.585688055E-2,-2.095137767E-2,5.816108465E-2
1.486365625E1,-4.750336468E-2,-1.647094868E-2,5.628237426E-2
1.487365125E1,-4.073462784E-2,-9.037895054E-3,4.676895440E-2
1.488364625E1,-3.148725629E-2,-1.309571654E-2,5.304243207E-2
1.489364025E1,-2.103769720E-2,-1.646342039E-2,4.945691943E-2
1.490363525E1,-2.720066249E-2,-4.224613309E-3,5.225305796E-2
1.491363025E1,-4.655260742E-2,-1.369242489E-2,8.659667909E-2
1.492362525E1,-5.448844850E-2,1.162061021E-3,7.248383939E-2
1.493362025E1,-3.757947028E-2,4.894850403E-4,5.510240614E-2
1.494361425E1,-3.301337957E-2,-5.587453097E-3,4.914292395E-2
1.495360925E1,-4.448912501E-2,-2.153639160E-2,5.391717553E-2
1.496360425E1,-5.231503844E-2,-8.006226942E-3,6.474972725E-2
1.497359925E1,-3.957512498E-2,-2.699198999E-2,5.246589661E-2
1.498359425E1,-3.866939127E-2,-2.209151164E-2,8.083892584E-2
1.499358925E1,-2.684456706E-2,-6.143815666E-3,6.906321824E-2
1.500358325E1,-5.904576838E-2,-3.534934223E-3,4.275016308E-2
1.501357825E1,-5.024453938E-2,3.866032809E-3,4.877805769E-2
1.502357325E1,-4.758756459E-2,-2.038997188E-3,7.574015379E-2
1.503356825E1,-5.523455322E-2,-4.853408262E-3,6.052686810E-2
1.504356325E1,-5.980298281E-2,-1.845030427E-2,6.236230910E-2
1.505355725E1,-6.139225602E-2,-2.189548373E-2,6.717573702E-2
1.506355225E1,-5.320849299E-2,7.260780036E-3,4.033116996E-2
1.507354725E1,-6.693658590E-2,-9.700384587E-3,2.660892427E-2
1.508354225E1,-5.564795136E-2,-1.523682073E-2,5.225539684E-2
1.509353725E1,-4.947679996E-2,-9.645640031E-3,5.378678262E-2
1.510353225E1,-4.575153887E-2,-1.481340922E-2,7.367550194E-2
1.511352625E1,-4.567494035E-2,-2.650784053E-2,5.516029358E-2
1.512352125E1,-5.556433618E-2,-1.106863305E-2,4.615148842E-2
1.513351625E1,-3.614924133E-2,-5.321697146E-4,5.326579571E-2
1.514351125E1,-5.725944400E-2,-5.592788681E-3,5.801548898E-2
1.515350625E1,-6.294936955E-2,-1.190295763E-2,5.230217457E-2
1.516350025E1,-5.193029165E-2,-1.679795422E-2,5.194081664E-2
1.517349525E1,-4.202335417E-2,-1.421114601E-2,5.316639304E-2
1.518349025E1,-3.744732320E-2,-1.642585203E-2,7.180380821E-2
1.519348525E1,-4.634795487E-2,8.751454577E-3,6.661557376E-2
1.520348025E1,-5.265593112E-2,-8.453831300E-3,5.725301206E-2
1.521347525E1,-6.378376722E-2,-1.377728261E-2,5.385987282E-2
1.522346925E1,-5.569355965E-2,-2.197295934E-2,6.220852733E-2
1.523346425E1,-6.150218368E-2,-2.416603066E-2,5.813711107E-2
1.524345925E1,-5.014806032E-2,-1.430360511E-2,6.271372676E-2
1.525345425E1,-5.570993185E-2,-6.792271882E-3,6.742190480E-2
1.526344925E1,-4.881197155E-2,-1.600529104E-3,5.929953754E-2
1.527344325E1,-4.732151628E-2,-2.055055104E-2,6.597588837E-2
1.528343825E1,-5.073687494E-2,-1.531831630E-2,6.367091596E-2
1.529343325E1,-5.620577574E-2,-4.294195175E-3,5.976731479E-2
1.530342825E1,-5.614788830E-2,1.117169023E-2,5.738515913E-2
1.531342325E1,-5.252904654E-2,-6.687899083E-3,4.852662742E-2
1.532341825E1,-6.750376582E-2,4.293610454E-3,6.090927601E-2
1.533341225E1,-6.029473364E-2,-2.236720785E-2,6.627409637E-2
1.534340725E1,-5.315119028E-2,-2.150700934E-2,7.651549459E-2
1.535340225E1,-3.637903690E-2,-1.028196327E-2,5.836573720E-2
1.536339725E1,-6.172320843E-2,-2.343169346E-2,4.344539702E-2
1.537339225E1,-6.414746404E-2,-3.115250319E-3,4.159416854E-2
1.538338625E1,-7.349482298E-2,-1.208692566E-2,4.480896771E-2
1.539338125E1,-6.954502881E-2,-1.126349151E-2,5.162506700E-2
1.540337625E1,-4.412367404E-2,-1.602122471E-2,5.580231786E-2
1.541337125E1,-5.237877309E-2,-1.702884614E-2,6.778443217E-2
1.542336625E1,-6.328324556E-2,-1.117943779E-2,6.680093050E-2
1.543336025E1,-2.487230122E-2,-2.642656423E-2,8.142247796E-2
1.544335525E1,-3.118729413E-2,-1.552750044E-2,8.176161647E-2
1.545335025E1,-2.830870986E-2,-9.375352487E-3,5.102046490E-2
1.546334525E1,-2.478166938E-2,-6.691919044E-3,7.388658643E-2
1.547334025E1,-4.142986178E-2,-1.599228099E-2,8.674987614E-2
1.548333525E1,-4.621229947E-2,-2.966109775E-2,6.162497520E-2
1.549332925E1,-4.495456338E-2,-2.753037237E-2,4.568546534E-2
1.550332425E1,-5.190047085E-2,-1.557120837E-2,6.137062132E-2
1.551331925E1,-6.932224989E-2,4.692098200E-3,5.527606845E-2
1.552331425E1,-6.460822463E-2,-1.081296355E-2,4.871783137E-2
1.553330925E1,-4.816585422E-2,-1.747140728E-2,5.210687757E-2
1.554330325E1,-6.240031600E-2,-7.885628119E-3,5.029950321E-2
1.555329825E1,-6.798382223E-2,-2.046145409E-2,3.946578205E-2
1.556329325E1,-5.421889186E-2,-3.533494346E-2,5.683902919E-2
1.557328825E1,-6.283651829E-2,2.553625256E-3,4.524107695E-2
1.558328325E1,-5.242204249E-2,-1.397469923E-2,5.103859127E-2
1.559327825E1,-4.202335417E-2,-1.114895917E-2,6.187406659E-2
1.560327225E1,-6.010060608E-2,-1.329496041E-2,3.240936220E-2
1.561326725E1,-5.592803299E-2,-1.588271879E-2,6.773648500E-2
1.562326225E1,-3.802093506E-2,-7.498469353E-3,6.497659922E-2
1.563325725E1,-3.604399145E-2,-1.309206203E-2,6.230149806E-2
1.564325225E1,-4.508495629E-2,-4.656649455E-3,7.857722282E-2
1.565324625E1,-5.466678858E-2,-6.631838903E-3,6.554494858E-2
1.566324125E1,-2.300645471E-2,-5.526568964E-3,6.844048977E-2
1.567323625E1,-3.865009546E-2,-8.202547207E-3,5.111986756E-2
1.568323125E1,-4.339920402E-2,-1.258649714E-2,3.701579869E-2
1.569322625E1,-5.085674286E-2,-8.475904539E-3,4.690811813E-2
1.570322125E1,-6.696172893E-2,-1.274736866E-2,5.926913202E-2
1.571321525E1,-5.930129170E-2,-2.302750468E-2,4.706131518E-2
1.572321025E1,-3.831505001E-2,-1.233572468E-2,7.149449050E-2
1.573320525E1,-4.382137299E-2,-1.699844062E-2,7.686515808E-2
1.574320025E1,-3.369691908E-2,-1.165532805E-2,7.499521852E-2
1.575319525E1,-2.918169916E-2,-5.156805664E-3,6.628228247E-2
1.576318925E1,-4.521944225E-2,-8.987316638E-3,4.927390158E-2
1.577318425E1,-6.541806400E-2,-9.738976210E-3,5.522695184E-2
1.578317925E1,-5.873060346E-2,-1.809230849E-2,5.648995042E-2
1.579317425E1,-5.430192232E-2,-2.288227446E-2,4.812258482E-2
1.580316925E1,-6.755580604E-2,-7.823355272E-3,4.776415050E-2
1.581316325E1,-5.219984829E-2,-1.362547427E-3,5.506966174E-2
1.582315825E1,-7.094075918E-2,-2.799376421E-2,3.505171895E-2
1.583315325E1,-7.178626657E-2,-1.193884492E-2,4.027912974E-2
1.584314825E1,-6.624193668E-2,-9.858917221E-3,4.635497153E-2
1.585314362E1,-5.523513794E-2,-1.637900122E-2,5.937204301E-2
1.586313862E1,-3.458218753E-2,-9.015894905E-3,6.662025154E-2
1.587313262E1,-3.930264473E-2,-1.628595740E-2,6.777858496E-2
1.588312763E1,-5.427502513E-2,-1.301846020E-2,6.882055879E-2
1.589312263E1,-4.515804648E-2,-6.727879420E-3,6.190447211E-2
1.590311762E1,-5.056262791E-2,-1.160029113E-2,5.886275053E-2
1.591311262E1,-5.866160631E-2,-1.815999001E-2,6.466962039E-2
1.592310662E1,-5.538482666E-2,-6.312800199E-3,6.959765375E-2
1.593310162E1,-3.072010159E-2,-1.570532888E-2,6.048476815E-2
1.594309663E1,-3.452897787E-2,-2.054419219E-2,7.109161735E-2
1.595309163E1,-3.470147073E-2,-1.107382245E-2,7.974432707E-2
1.596308662E1,-4.031655192E-2,-1.647628427E-2,5.436214864E-2
1.597308162E1,-7.082030654E-2,-9.160759673E-3,4.303316832E-2
1.598307562E1,-8.275505841E-2,-5.672530085E-4,6.031461418E-2
1.599307062E1,-5.471765935E-2,-6.817122549E-4,4.227010667E-2
1.600306563E1,-4.269929230E-2,-1.187664516E-2,5.538014889E-2
1.601306063E1,-2.576107800E-2,-1.617412940E-2,7.012156427E-2
1.602305562E1,-3.842146933E-2,-2.021916009E-2,8.142715573E-2
1.603304962E1,-4.356643438E-2,-8.926505595E-3,7.313638866E-2
1.604304462E1,-3.401325345E-2,-8.018067554E-3,6.452168584E-2
1.605303962E1,-6.503799498E-2,-1.353674278E-2,4.390031040E-2
1.606303462E1,-6.109814107E-2,-1.327464134E-3,5.915920436E-2
1.607302963E1,-5.260155201E-2,-5.470362604E-3,5.926620841E-2
1.608302363E1,-4.477271497E-2,-9.350355640E-3,4.587783873E-2
1.609301863E1,-5.043925166E-2,-1.786748305E-2,4.940546393E-2
1.610301362E1,-6.176940143E-2,-1.917331249E-2,4.801616549E-2
1.611300862E1,-5.181744039E-2,-1.084271125E-2,5.577074289E-2
1.612300362E1,-5.180223763E-2,-2.438223146E-2,5.137071311E-2
1.613299863E1,-3.401910067E-2,-3.196745887E-3,5.809442639E-2
1.614299263E1,-3.978445530E-2,7.703341171E-3,6.448309422E-2
1.615298763E1,-3.608375251E-2,8.934033886E-3,5.833650112E-2
1.616298262E1,-4.683210433E-2,1.992292553E-3,5.478373289E-2
1.617297762E1,-3.443542242E-2,-1.043932647E-2,6.134547830E-2
1.618297262E1,-2.569441974E-2,-1.951997928E-2,6.931406379E-2
1.619296662E1,-4.349451363E-2,-2.336350031E-2,8.171191514E-2
1.620296163E1,-4.796295583E-2,-1.270234510E-2,6.567534149E-2
1.621295663E1,-5.742550492E-2,-1.958861098E-2,4.813077092E-2
1.622295162E1,-6.489298403E-2,-1.522505321E-2,6.386445880E-2
1.623294662E1,-7.292413473E-2,1.190200746E-3,4.551297247E-2
1.624294162E1,-5.458258867E-2,-6.502980888E-3,4.693910837E-2
1.625293562E1,-2.953954875E-2,-3.975375742E-3,6.406150997E-2
1.626293063E1,-5.010771453E-2,-1.175794668E-2,4.573341250E-2
1.627292563E1,-5.616659939E-2,5.672749355E-3,6.501577556E-2
1.628292062E1,-4.750102580E-2,-1.419923231E-3,5.263137281E-2
1.629291562E1,-6.236523271E-2,-1.283032604E-2,5.692966104E-2
1.630290962E1,-4.966332614E-2,-1.088049889E-2,6.976722300E-2
1.631290462E1,-4.827168882E-2,-1.293681845E-2,4.466161788E-2
1.632289962E1,-5.311435282E-2,-1.877621345E-2,4.883009791E-2
1.633289463E1,-6.470645785E-2,-9.472781718E-3,4.075684726E-2
1.634288963E1,-2.840168059E-2,-8.306481466E-3,4.943996251E-2
1.635288462E1,-5.475449681E-2,-6.304906458E-3,5.474806488E-2
1.636287862E1,-5.604029953E-2,4.049927741E-4,5.204314291E-2
1.637287362E1,-3.215208471E-2,-5.246414244E-3,5.131399512E-2
1.638286862E1,-3.073296547E-2,-1.236905381E-2,6.676350832E-2
1.639286363E1,-3.221055686E-2,-1.621527918E-2,7.403861403E-2
1.640285863E1,-1.233587086E-2,-2.500876062E-2,7.194414139E-2
1.641285263E1,-1.719022930E-2,-1.260330789E-2,7.520220995E-2
1.642284762E1,-4.081590414E-2,-1.877138950E-2,6.223659396E-2
1.643284262E1,-4.563167095E-2,-2.763679169E-2,7.775627375E-2
1.644283762E1,-3.326656401E-2,-2.460581437E-3,8.468405485E-2
1.645283263E1,-4.772497416E-2,-6.531339884E-3,6.781366825E-2
1.646282763E1,-3.978796363E-2,-3.316467628E-3,7.169621944E-2
1.647282163E1,-4.233910382E-2,-5.435133129E-3,6.584608018E-2
1.648281662E1,-4.290920734E-2,-1.805276670E-2,4.912187397E-2
1.649281162E1,-4.980833709E-2,-1.274049819E-2,6.919478059E-2
1.650280662E1,-5.579997897E-2,-3.286866099E-4,4.746301889E-2
1.651280163E1,-6.185769439E-2,-1.746775277E-2,5.395927548E-2
1.652279563E1,-4.064633489E-2,-1.412650757E-2,6.949825108E-2
1.653279063E1,-6.599810779E-2,-1.581576817E-2,7.108927846E-2
1.654278562E1,-5.972813845E-2,-8.030931428E-3,5.341197610E-2
1.655278062E1,-4.822257221E-2,-3.035143465E-3,5.774593234E-2
1.656277562E1,-4.985686898E-2,-4.311809912E-3,4.523464501E-2
1.657276962E1,-4.407923520E-2,-2.922438383E-3,4.343838036E-2
1.658276462E1,-3.061368227E-2,-1.248051636E-2,6.965671062E-2
1.659275963E1,-4.525394082E-2,-3.331926204E-2,6.114959657E-2
1.660275463E1,-4.799803913E-2,1.646795198E-3,5.770090878E-2
1.661274962E1,-4.548666000E-2,-1.826304719E-2,6.740202427E-2
1.662274462E1,-4.618832588E-2,-1.634742625E-2,4.887687564E-2
1.663273862E1,-5.934631526E-2,1.960571408E-3,6.014329076E-2
1.664273362E1,-7.612139225E-2,-3.304992467E-3,5.371661603E-2
1.665272863E1,-7.054490268E-2,-5.858544633E-3,4.900142133E-2
1.666272363E1,-3.617789268E-2,-9.144752920E-3,5.592218578E-2
1.667271862E1,-5.267464221E-2,-8.231417835E-4,7.061857760E-2
1.668271262E1,-5.765354633E-2,-3.217430413E-3,6.374400616E-2
1.669270762E1,-2.900043547E-2,-6.217636764E-3,7.151378632E-2
1.670270262E1,-4.865702033E-2,-1.088364176E-2,7.089281201E-2
1.671269763E1,-5.633616865E-2,-1.976855904E-2,5.932585001E-2
1.672269263E1,-5.125961602E-2,-2.688586302E-2,7.874269903E-2
1.673268762E1,-6.729209661E-2,-2.191419482E-2,6.479065776E-2
1.674268162E1,-5.135726452E-2,-1.816210963E-2,5.736937165E-2
1.675267662E1,-3.901379228E-2,-4.125064462E-3,4.665142536E-2
1.676267162E1,-5.089708865E-2,-1.393208764E-2,6.620100617E-2
1.677266663E1,-6.201907754E-2,-4.967502058E-3,7.802992344E-2
1.678266163E1,-5.112279117E-2,-1.398127735E-2,7.592609525E-2
1.679265563E1,-3.815542102E-2,-1.487495117E-2,4.746009529E-2
1.680265063E1,-3.578437507E-2,-2.940053120E-2,4.927799463E-2
1.681264562E1,-4.684730709E-2,-6.810105890E-3,5.382362008E-2
1.682264062E1,-5.468608439E-2,-1.362145431E-2,5.620636046E-2
1.683263562E1,-5.938841522E-2,-2.437433772E-2,5.124207437E-2
1.684263063E1,-3.725378036E-2,-1.287622668E-2,5.220803440E-2
1.685262475E1,-5.298688352E-2,1.896471307E-3,6.230559111E-2
1.686261975E1,-5.076260269E-2,-7.471352890E-3,6.309145689E-2
1.687261475E1,-2.452673078E-2,-5.351517946E-3,6.452051640E-2
1.688260975E1,-2.223988473E-2,-7.423405722E-3,7.101677299E-2
1.689260475E1,-4.058961689E-2,-3.664815500E-3,6.655885577E-2
1.690259875E1,-5.202794015E-2,-1.051767915E-3,5.806986809E-2
1.691259375E1,-3.524701595E-2,-2.653407991E-2,6.626415610E-2
1.692258875E1,-5.221680522E-2,-1.032910645E-2,6.977073133E-2
1.693258375E1,-4.847692609E-2,-7.365810648E-3,6.358788550E-2
1.694257875E1,-5.368796468E-2,-1.190434635E-2,5.894461155E-2
1.695257275E1,-6.621503949E-2,-9.329378754E-3,6.854632437E-2
1.696256775E1,-5.900542259E-2,-1.559927501E-2,5.150402963E-2
1.697256275E1,-4.171403646E-2,-1.113375641E-2,5.648527265E-2
1.698255775E1,-5.954687476E-2,-1.987709798E-2,6.240031600E-2
1.699255275E1,-4.353661358E-2,-1.533381142E-2,6.928307354E-2
1.700254775E1,-7.219381750E-2,-4.781560600E-3,5.379555345E-2
1.701254175E1,-3.924592674E-2,7.649035156E-3,5.425514460E-2
1.702253675E1,-4.515102983E-2,-6.792344972E-3,6.615949094E-2
1.703253175E1,-5.369264245E-2,-1.954782665E-2,5.776113510E-2
1.704252675E1,-4.844125807E-2,-1.259629123E-2,4.319922924E-2
1.705252175E1,-5.767050326E-2,-1.776566841E-2,4.624504387E-2
1.706251575E1,-5.587423861E-2,-8.765195534E-3,4.532761574E-2
1.707251075E1,-7.966422021E-2,-1.709148444E-2,4.925986826E-2
1.708250575E1,-7.488879919E-2,-2.080161586E-2,3.728126228E-2
1.709250075E1,-2.563945591E-2,-2.024393767E-2,5.772312820E-2
1.710249575E1,-3.348174155E-2,-3.986485451E-3,6.778209329E-2
1.711249075E1,-4.673387110E-2,-1.521379732E-2,6.897375584E-2
1.712248475E1,-5.237760365E-2,-5.922060013E-3,7.594188273E-2
1.713247975E1,-4.277589083E-2,5.724277943E-3,5.322603464E-2
1.714247475E1,-4.196312785E-2,-2.524827719E-3,4.716422617E-2
1.715246975E1,-2.959860563E-2,-6.441292763E-3,6.207871914E-2
1.716246475E1,-2.780701876E-2,-2.699812956E-2,6.144780457E-2
1.717245875E1,-7.453855097E-2,-2.985157080E-2,4.739577591E-2
1.718245375E1,-5.461825669E-2,-1.376164131E-2,5.971527457E-2
1.719244875E1,-5.187474310E-2,-1.246187836E-2,7.341296196E-2
1.720244375E1,-2.558624625E-2,-1.246589832E-2,6.959999263E-2
1.721243875E1,-3.875709951E-2,-1.882233337E-2,5.583915532E-2
1.722243275E1,-6.329318583E-2,4.924817383E-3,6.677169442E-2
1.723242775E1,-5.673436403E-2,-8.905163258E-3,6.614253402E-2
1.724242275E1,-5.377391875E-2,-3.898631036E-4,7.151846409E-2
1.725241775E1,-4.092700124E-2,-2.189351030E-2,6.170683622E-2
1.726241275E1,-5.571694851E-2,-1.147340655E-2,4.900025189E-2
1.727240775E1,-5.584324837E-2,-1.229793705E-2,6.100926340E-2
1.728240175E1,-4.829156935E-2,-1.209686592E-2,6.606008828E-2
1.729239675E1,-5.557252228E-2,-1.592686526E-2,4.981886208E-2
1.730239175E1,-3.820863068E-2,-4.446953684E-3,6.555313468E-2
1.731238675E1,-5.120231330E-2,-7.164227888E-3,5.802075148E-2
1.732238175E1,-6.870244503E-2,-6.671599969E-3,5.168821692E-2
1.733237575E1,-5.447499990E-2,-1.883015402E-2,5.778803229E-2
1.734237075E1,-5.027319074E-2,-9.703308195E-3,6.491929650E-2
1.735236575E1,-5.323889852E-2,-1.457177304E-2,8.567866623E-2
1.736236075E1,-4.446105838E-2,-7.323052883E-3,6.458308160E-2
1.737235575E1,-5.421362936E-2,7.697128505E-4,7.953733563E-2
1.738235075E1,-6.146826982E-2,-1.553356692E-2,7.024377108E-2
1.739234475E1,-3.323148072E-2,3.573598936E-3,7.010285318E-2
1.740233975E1,-3.035932839E-2,-1.378188729E-2,6.803644717E-2
1.741233475E1,-4.201926112E-2,-2.673573576E-2,6.565019846E-2
1.742232975E1,-3.529496312E-2,-2.180682532E-2,6.923161805E-2
1.743232475E1,-4.413010597E-2,-2.437536098E-2,7.504082680E-2
1.744231875E1,-5.334239423E-2,-5.802192092E-3,5.410487115E-2
1.745231375E1,-4.969373167E-2,-1.655763365E-2,6.536426961E-2
1.746230875E1,-5.003754795E-2,-1.009726435E-2,4.884120762E-2
1.747230375E1,-6.091570795E-2,-1.766999334E-2,7.733585894E-2
1.748229875E1,-4.146903813E-2,-2.388953045E-3,7.240431726E-2
1.749229275E1,-3.976749837E-2,-1.662582681E-2,4.578194439E-2
1.750228775E1,-3.697428346E-2,-2.865457267E-2,7.070920944E-2
1.751228275E1,-4.561003625E-2,-7.758743539E-3,6.429949164E-2
1.752227775E1,-5.385285616E-2,-1.639734685E-2,6.406267941E-2
1.753227275E1,-5.014806032E-2,-1.417262748E-2,6.203895807E-2
1.754226775E1,-4.863246202E-2,-5.871847048E-3,5.588593304E-2
1.755226175E1,-4.996094942E-2,-9.701261669E-4,4.139887154E-2
1.756225675E1,-4.751213551E-2,-1.553707525E-2,5.315937638E-2
1.757225175E1,-4.108779967E-2,-1.407059357E-3,6.427668750E-2
1.758224675E1,-4.946510553E-2,-1.368591987E-2,5.536553085E-2
1.759224175E1,-5.676710844E-2,-1.291167542E-2,4.723029971E-2
1.760223575E1,-4.002769947E-2,-9.668955803E-3,7.164534867E-2
1.761223075E1,-4.647542417E-2,-7.982838079E-3,6.475908279E-2
1.762222575E1,-4.960836232E-2,-1.101527721E-2,6.942574561E-2
1.763222075E1,-3.478274703E-2,-1.737068899E-2,5.026383519E-2
1.764221575E1,-4.670814335E-2,-1.629114680E-2,6.645886838E-2
1.765221075E1,-4.438796818E-2,-3.085429519E-3,6.282833219E-2
1.766220475E1,-4.268993676E-2,-2.973469958E-2,5.463872194E-2
1.767219975E1,-3.168255329E-2,-1.604483284E-2,5.561286807E-2
1.768219475E1,-3.375889957E-2,2.432076260E-3,6.701376915E-2
1.769218975E1,-4.031772137E-2,-1.387346931E-2,6.040816963E-2
1.770218475E1,-5.784065723E-2,-2.222840957E-2,6.514909208E-2
1.771217875E1,-5.718693852E-2,-2.675466612E-3,6.801130414E-2
1.772217375E1,-4.558080018E-2,-7.800551131E-3,4.921016693E-2
1.773216875E1,-1.462680995E-2,-1.778035954E-2,5.603035927E-2
1.774216375E1,-4.287587821E-2,-1.921460845E-2,6.832588434E-2
1.775215875E1,-3.773266733E-2,1.935428381E-3,7.690491915E-2
1.776215275E1,-4.901720881E-2,-9.307378605E-3,7.469233274E-2
1.777214775E1,-4.094103456E-2,-5.519113764E-3,5.756116033E-2
1.778214275E1,-3.755608141E-2,-1.653738767E-3,4.514635205E-2
1.779213775E1,-6.583789408E-2,-7.576968223E-3,3.957863331E-2
1.780213275E1,-6.977014661E-2,-1.530077465E-2,5.062811673E-2
1.781212675E1,-8.103539228E-2,-1.869851857E-2,3.749000788E-2
1.782212175E1,-4.916806698E-2,-8.262115717E-3,3.590833604E-2
1.783211675E1,-5.191567361E-2,-3.121609166E-3,3.762566328E-2
1.784211175E1,-2.543071032E-2,-2.058548816E-2,5.871247709E-2
1.785210637E1,-4.900551438E-2,-1.318108588E-2,6.475557446E-2
1.786210137E1,-5.975620508E-2,-1.954570703E-2,6.981926322E-2
1.787209537E1,-3.867231488E-2,-1.041250236E-2,8.064479828E-2
1.788209038E1,-3.773559093E-2,-2.354797997E-2,9.182584405E-2
1.789208538E1,-3.564930439E-2,-1.114033453E-2,5.952757895E-2
1.790208037E1,-3.132178009E-2,-2.871494517E-3,7.243296862E-2
1.791207537E1,-3.549142957E-2,4.335710406E-4,7.516478777E-2
1.792206937E1,-2.576107800E-2,-1.449393198E-2,5.586079001E-2
1.793206437E1,-3.420036435E-2,-1.848399885E-2,6.045494735E-2
1.794205938E1,-3.694621682E-2,-2.219361864E-2,6.276050448E-2
1.795205438E1,-5.321609437E-2,-2.809835628E-2,6.864280343E-2
1.796204937E1,-5.890368104E-2,-8.816285580E-3,7.355329514E-2
1.797204437E1,-6.183489025E-2,-1.483394757E-2,6.667346120E-2
1.798203837E1,-5.805758893E-2,-1.110313162E-3,4.364127874E-2
1.799203337E1,-4.169006288E-2,-1.474952839E-2,5.041878641E-2
1.800202838E1,-4.646080613E-2,-4.543140382E-3,6.377850473E-2
1.801202338E1,-5.011414647E-2,-1.012576953E-2,6.195651233E-2
1.802201838E1,-4.094337344E-2,4.078652188E-3,5.212266505E-2
1.803201238E1,-4.095857620E-2,9.609533474E-3,5.734364390E-2
1.804200737E1,-3.804607809E-2,-1.118550427E-2,4.170818925E-2
1.805200237E1,-8.921798587E-2,-4.606436491E-3,4.880086184E-2
1.806199737E1,-6.660797238E-2,-2.145445749E-2,5.050590992E-2
1.807199238E1,-5.106782734E-2,-1.818981081E-2,4.906632543E-2
1.808198638E1,-4.386288822E-2,-6.665460393E-3,6.236581743E-2
1.809198138E1,-4.102698863E-2,-1.135792404E-2,4.408800602E-2
1.810197637E1,-5.183732092E-2,-1.614021555E-2,7.244057000E-2
1.811197137E1,-5.139234781E-2,-1.274912283E-2,6.548413754E-2
1.812196637E1,-4.697477639E-2,-8.150141537E-3,4.435580850E-2
1.813196138E1,-4.121877730E-2,1.621798351E-3,6.253480196E-2
1.814195538E1,-3.859337747E-2,-1.029395007E-2,7.174650550E-2
1.815195038E1,-3.725670397E-2,-2.059535533E-3,6.110983551E-2
1.816194537E1,-4.116790652E-2,-1.156367294E-2,6.544262230E-2
1.817194037E1,-3.973650813E-2,-4.099336714E-3,5.338800251E-2
1.818193537E1,-3.166501164E-2,-9.175304621E-3,6.597121060E-2
1.819192937E1,-1.538460910E-2,-1.672903016E-2,6.937078178E-2
1.820192438E1,-5.556141257E-2,-2.773341693E-2,6.269735456E-2
1.821191938E1,-6.021579623E-2,-3.099119313E-2,8.317488849E-2
1.822191437E1,-5.250799656E-2,-2.259502999E-2,7.017594337E-2
1.823190937E1,-6.484503686E-2,-5.305836573E-3,5.420251966E-2
1.824190337E1,-4.934172928E-2,1.247722730E-3,5.501469791E-2
1.825189837E1,-4.610704958E-2,-1.847478949E-2,5.477554679E-2
1.826189338E1,-5.132861316E-2,-7.984665334E-3,5.372246325E-2
1.827188838E1,-5.639288664E-2,-8.963781595E-4,4.940897226E-2
1.828188338E1,-6.465441763E-2,-1.692154974E-2,4.454467356E-2
1.829187738E1,-5.107893705E-2,-1.389546946E-2,6.644658923E-2
1.830187237E1,-5.177534044E-2,-8.532549441E-4,5.552223623E-2
1.831186737E1,-4.423827946E-2,-7.860192731E-3,4.786940038E-2
1.832186237E1,-4.957737207E-2,-1.352921449E-2,5.204021931E-2
1.833185738E1,-4.203680277E-2,-9.028612599E-3,7.761886418E-2
1.834185238E1,-6.003570199E-2,-1.445672907E-2,6.105077863E-2
1.835184638E1,-5.704368174E-2,-1.261470996E-2,4.918560863E-2
1.836184137E1,-6.275991976E-2,1.910431534E-3,4.105271637E-2
1.837183637E1,-6.784407377E-2,-1.314454079E-3,6.112386882E-2
1.838183137E1,-2.905598402E-2,-1.245244972E-2,6.605014801E-2
1.839182638E1,-1.324394345E-2,-1.600675285E-2,7.793812215E-2
1.840182038E1,-3.958272636E-2,-1.401000179E-2,6.817619562E-2
1.841181538E1,-4.128192723E-2,-1.602911845E-2,6.792885840E-2
1.842181037E1,-4.045162261E-2,-2.139255010E-2,5.848326623E-2
1.843180537E1,-4.323665142E-2,-1.351196520E-2,7.100975633E-2
1.844180037E1,-4.164503932E-2,-8.657752946E-3,6.045260847E-2
1.845179437E1,-7.147051692E-2,-1.919092722E-2,3.767887294E-2
1.846178938E1,-5.621454656E-2,-4.470488727E-3,6.158112109E-2
1.847178438E1,-5.896916986E-2,-1.782925688E-2,6.868490338E-2
1.848177937E1,-5.605374813E-2,-7.669061869E-3,5.595376074E-2
1.849177437E1,-4.568897367E-2,-2.002020858E-2,5.787457108E-2
1.850176937E1,-4.204440415E-2,-2.262017302E-2,5.382303536E-2
1.851176337E1,-6.217344403E-2,-9.245032668E-3,6.520756423E-2
1.852175837E1,-7.230082154E-2,-1.021493956E-2,5.619642019E-2
1.853175338E1,-7.841934800E-2,-1.523857489E-2,4.358105242E-2
1.854174838E1,-7.185234010E-2,-1.335891433E-2,5.092632473E-2
1.855174337E1,-6.739968538E-2,-2.223703422E-2,4.731333017E-2
1.856173737E1,-5.257933259E-2,-2.163374774E-2,5.465041637E-2
1.857173237E1,-3.288181722E-2,-1.736908101E-2,6.461758018E-2
1.858172737E1,-3.731693029E-2,-8.769361675E-4,6.689916372E-2
1.859172238E1,-4.258702576E-2,-8.056220636E-3,5.246414244E-2
1.860171738E1,-5.649521291E-2,-9.087961838E-3,5.095848441E-2
1.861171138E1,-4.647951722E-2,-5.882737488E-3,5.944279432E-2
1.862170637E1,-6.246522009E-2,-1.087465167E-2,6.788208067E-2
1.863170137E1,-5.269627690E-2,-1.725447558E-2,5.891829908E-2
1.864169637E1,-4.035631299E-2,-2.319670849E-2,5.074798465E-2
1.865169138E1,-5.836515248E-2,-1.293952279E-2,6.927839577E-2
1.866168638E1,-5.359557867E-2,-3.921215907E-3,6.071514845E-2
1.867168038E1,-5.215365529E-2,-1.333318658E-2,5.570876241E-2
1.868167537E1,-4.042764902E-2,-1.416875370E-2,4.705605268E-2
1.869167037E1,-3.361038029E-2,-1.014484607E-2,4.923706412E-2
1.870166537E1,-2.386482596E-2,-2.006377034E-2,6.327272058E-2
1.871166038E1,-3.773500621E-2,-1.397236034E-2,7.823633015E-2
1.872165438E1,-5.108010650E-2,-7.172413990E-3,6.304409444E-2
1.873164938E1,-5.239456058E-2,-1.575349532E-2,3.894479513E-2
1.874164437E1,-5.657941282E-2,-1.329159826E-2,4.327816665E-2
1.875163937E1,-7.517121971E-2,-1.338157229E-2,5.523046017E-2
1.876163437E1,-7.120154500E-2,-5.511512384E-3,4.857515931E-2
1.877162837E1,-6.862877011E-2,-4.656357095E-3,5.941063464E-2
1.878162337E1,-4.805475712E-2,-1.743734725E-2,6.311835408E-2
1.879161838E1,-3.592295408E-2,-1.708680667E-2,4.414589345E-2
1.880161338E1,-5.475391209E-2,-1.826889440E-3,2.717142642E-2
1.881160837E1,-4.854183018E-2,-1.486179493E-2,5.663788497E-2
1.882160237E1,-5.630751729E-2,-4.393378571E-3,5.984332860E-2
1.883159737E1,-5.424695849E-2,-2.177546963E-2,6.176121533E-2
1.884159237E1,-4.806645155E-2,-1.766611956E-2,6.647231698E-2
1.885158738E1,-3.157145619E-2,-1.555498235E-2,7.353809237E-2
1.886158154E1,-3.357178867E-2,-4.630117714E-3,7.858073115E-2
1.887157654E1,-3.800046980E-2,-2.162709653E-2,7.340243697E-2
1.888157054E1,-5.935567081E-2,-8.623327464E-3,4.962064147E-2
1.889156554E1,-5.374234378E-2,-6.726856157E-3,4.405175328E-2
1.890156054E1,-5.095556080E-2,-1.123476706E-2,7.081796765E-2
1.891155554E1,-4.675550580E-2,-1.148912095E-2,7.234526038E-2
1.892155054E1,-5.074330688E-2,-7.980718464E-3,7.973380208E-2
1.893154454E1,-3.649364233E-2,-1.441850290E-2,8.035653055E-2
1.894153954E1,-4.354947746E-2,-1.243673533E-2,5.265183806E-2
1.895153454E1,-6.489532292E-2,-1.902128488E-2,6.365220487E-2
1.896152954E1,-7.960984111E-2,-7.820650935E-4,5.896683097E-2
1.897152454E1,-5.282199204E-2,-1.351064958E-2,5.671506822E-2
1.898151854E1,-4.875642300E-2,-1.415800944E-2,7.127463520E-2
1.899151354E1,-4.572815001E-2,-6.048871502E-3,5.664197803E-2
1.900150854E1,-2.781988263E-2,-4.465080053E-3,7.559865117E-2
1.901150354E1,-3.927516282E-2,-1.651999220E-2,7.148045719E-2
1.902149854E1,-2.440861702E-2,-1.546033055E-2,6.609400213E-2
1.903149354E1,-4.130823970E-2,-2.136280239E-3,5.648293376E-2
1.904148754E1,-5.138591588E-2,-2.190440074E-3,4.546444058E-2
1.905148254E1,-4.398041725E-2,-4.931322411E-3,5.828212202E-2
1.906147754E1,-4.392194510E-2,-1.656501576E-2,3.323323488E-2
1.907147254E1,-5.685598612E-2,-2.843939513E-4,3.931843221E-2
1.908146754E1,-5.342600942E-2,4.594595879E-3,4.565272093E-2
1.909146154E1,-5.733194947E-2,-3.108182497E-2,6.635712683E-2
1.910145654E1,-5.455393732E-2,-2.001611553E-2,6.065843046E-2
1.911145154E1,-2.289301872E-2,-5.330175608E-3,7.738497555E-2
1.912144654E1,-3.004650235E-2,-1.229325928E-2,7.053554714E-2
1.913144154E1,-4.677772522E-2,-3.607366607E-3,6.757100880E-2
1.914143554E1,-5.207120955E-2,-3.943157583E-2,6.555079579E-2
1.915143054E1,-1.089862525E-2,-4.804510921E-3,6.894510448E-2
1.916142554E1,-2.422442973E-2,-4.990671650E-3,5.424228072E-2
1.917142054E1,-5.175604463E-2,-2.374495804E-2,6.726519942E-2
1.918141554E1,-7.403218210E-2,-1.794466630E-2,5.456153870E-2
1.919140954E1,-7.164067090E-2,-4.017768055E-3,5.308336258E-2
1.920140454E1,-5.493283689E-2,3.773281351E-3,3.329872370E-2
1.921139954E1,-6.763181984E-2,-3.424202576E-3,5.817044020E-2
1.922139454E1,-5.251384377E-2,-1.318576366E-2,6.582210660E-2
1.923138954E1,-3.060958922E-2,-8.867156357E-3,6.876793385E-2
1.924138454E1,-6.646763921E-2,-5.736557096E-3,6.858550072E-2
1.925137854E1,-4.656722546E-2,-2.141725458E-2,5.900249898E-2
1.926137354E1,-5.239923835E-2,-2.328609779E-2,5.587306917E-2
1.927136854E1,-6.528182387E-2,-1.887868591E-2,6.395684481E-2
1.928136354E1,-4.462010264E-2,-2.406545855E-2,5.409083784E-2
1.929135854E1,-5.018665195E-2,-1.692483880E-2,6.409483910E-2
1.930135254E1,-6.562154710E-2,-3.565522470E-2,3.478333175E-2
1.931134754E1,-7.272649884E-2,-1.873140916E-2,4.811673760E-2
1.932134254E1,-5.949951231E-2,-1.306450702E-2,4.196195841E-2
1.933133754E1,-4.376173139E-2,-1.299477898E-2,5.792485714E-2
1.934133254E1,-3.685733914E-2,-6.667287648E-3,6.398140311E-2
1.935132654E1,-4.290511429E-2,-1.310733788E-2,5.120991468E-2
1.936132154E1,-5.498370767E-2,-1.724051535E-2,6.013568938E-2
1.937131654E1,-5.526086569E-2,-1.054084875E-2,7.667804718E-2
1.938131154E1,-5.009017289E-2,-5.803288445E-3,6.848609805E-2
1.939130654E1,-3.921318233E-2,-3.228247762E-3,7.616933942E-2
1.940130054E1,-3.829166114E-2,-1.523733236E-2,6.523153782E-2
1.941129554E1,-4.350562334E-2,-2.592355751E-2,7.676750958E-2
1.942129054E1,-5.832539141E-2,-1.407790259E-2,6.147996426E-2
1.943128554E1,-3.794492126E-2,-1.238644928E-2,4.170585036E-2
1.944128054E1,-3.747655928E-2,-5.375199169E-3,6.487661183E-2
1.945127554E1,-4.561471403E-2,-1.273669749E-2,7.913563192E-2
1.946126954E1,-3.957395554E-2,-1.546639703E-2,5.071348608E-2
1.947126454E1,-4.514927566E-2,-9.561805576E-3,5.499189377E-2
1.948125954E1,-5.721500516E-2,-1.956266396E-2,5.444693327E-2
1.949125454E1,-6.730846882E-2,3.449857235E-5,5.738398969E-2
1.950124954E1,-5.723371625E-2,-1.379562825E-2,6.310022771E-2
1.951124354E1,-5.636423528E-2,-1.139271498E-2,8.056819975E-2
1.952123854E1,-4.960660815E-2,-6.762158722E-3,4.496391892E-2
1.953123354E1,-6.944796503E-2,-2.158017263E-2,3.862846076E-2
1.954122854E1,-4.518377423E-2,-8.236899599E-3,4.091472208E-2
1.955122354E1,-4.896166027E-2,-1.052038349E-2,3.523941457E-2
1.956121754E1,-6.013393521E-2,-1.355333425E-2,5.153618932E-2
1.957121254E1,-6.782185435E-2,-3.108708747E-2,4.227303028E-2
1.958120754E1,-3.107561231E-2,-1.867410645E-2,7.205991626E-2
1.959120254E1,-2.975355685E-2,-2.034355961E-2,7.676458597E-2
1.960119754E1,-4.265426874E-2,-2.467897765E-2,6.784407377E-2
1.961119154E1,-3.337883055E-2,-4.947475344E-3,7.666752219E-2
1.962118654E1,-2.336313486E-2,2.141542733E-5,7.276742935E-2
1.963118154E1,-3.964879990E-2,-1.382552214E-2,6.428779721E-2
1.964117654E1,-4.499549389E-2,-1.759237155E-2,7.180497766E-2
1.965117154E1,-5.037025452E-2,-8.551918343E-3,6.849194527E-2
1.966116654E1,-4.853656769E-2,-1.521343186E-2,7.274579465E-2
1.967116054E1,-6.503214777E-2,-1.343120053E-2,7.378835320E-2
1.968115554E1,-4.804657102E-2,-1.595719770E-2,5.458902061E-2
1.969115054E1,-6.859017849E-2,-9.081968442E-3,3.860682607E-2
1.970114554E1,-4.612926900E-2,-2.063124262E-2,5.758221030E-2
1.971114054E1,-5.867505491E-2,-2.259254493E-2,6.667346120E-2
1.972113454E1,-4.726012051E-2,-2.152630515E-2,6.603085220E-2
1.973112954E1,-4.941365004E-2,-1.582373500E-2,7.336209118E-2
1.974112454E1,-4.061359048E-2,-2.274705760E-2,6.082390666E-2
1.975111954E1,-5.881538808E-2,-7.714743242E-3,7.157693624E-2
1.976111454E1,-4.693676949E-2,-2.387783602E-3,5.521584213E-2
1.977110854E1,-1.914553821E-2,-5.871847048E-3,5.743486047E-2
1.978110354E1,-3.734967470E-2,-6.715380996E-3,5.471356630E-2
1.979109854E1,-4.388218403E-2,-6.817634180E-3,5.359440923E-2
1.980109354E1,-4.253381610E-2,-1.278566793E-2,4.808516264E-2
1.981108854E1,-4.836933732E-2,-4.184048250E-3,5.366165221E-2
1.982108254E1,-6.566013873E-2,-1.337236293E-2,5.675482929E-2
1.983107754E1,-5.735767722E-2,-2.913872212E-2,5.417562246E-2
1.984107254E1,-5.494219244E-2,-5.858179182E-3,5.604380786E-2
1.985106754E1,-4.280278802E-2,1.340145282E-2,6.509822130E-2
1.986106337E1,-2.191945732E-2,8.987901360E-4,8.358828664E-2
1.987105737E1,-3.280229509E-2,-8.527506217E-3,6.579111636E-2
1.988105237E1,-6.147002399E-2,-2.443098262E-2,5.025915742E-2
1.989104738E1,-6.896030724E-2,-1.296181530E-2,6.951286912E-2
1.990104238E1,-3.885708690E-2,-7.473618686E-3,6.960759401E-2
1.991103737E1,-5.899723649E-2,-3.492249548E-4,5.975562036E-2
1.992103237E1,-4.128134251E-2,-1.768322267E-2,4.273963809E-2
1.993102637E1,-4.034578800E-2,-1.703973658E-2,4.876928687E-2
1.994102137E1,-4.899206579E-2,-1.168134816E-2,5.963984549E-2
1.995101638E1,-4.214322209E-2,-1.352300182E-2,6.291428626E-2
1.996101138E1,-2.910919368E-2,-2.021440923E-2,7.604011595E-2
1.997100637E1,-4.461074710E-2,-7.351631150E-3,5.539769053E-2
1.998100037E1,-6.296106398E-2,-1.655273661E-2,5.845812321E-2
1.999099537E1,-5.792602658E-2,-8.894711360E-3,5.644609630E-2
2.000099037E1,-4.911836565E-2,-1.365178674E-3,4.597548723E-2
2.001098538E1,-5.364703417E-2,-1.203707814E-2,5.269569218E-2
2.002098038E1,-3.171763659E-2,-1.116650082E-2,7.450054407E-2
2.003097438E1,-4.936628759E-2,-1.937431052E-2,6.273068368E-2
2.004096938E1,-4.527089775E-2,-1.030469432E-2,4.756300628E-2
2.005096437E1,-5.405400038E-2,-2.529045023E-2,6.513798237E-2
2.006095937E1,-7.643772662E-2,-8.668935746E-3,4.099307477E-2
2.007095437E1,-5.083101511E-2,-2.481127091E-2,4.582229018E-2
2.008094837E1,-4.956743181E-2,-1.781485811E-2,6.178928196E-2
2.009094338E1,-3.503242314E-2,-4.542848021E-3,6.107533693E-2
2.010093838E1,-3.008684814E-2,-5.585918203E-3,7.969111741E-2
2.011093337E1,-4.301796556E-2,-9.480090737E-3,7.994079351E-2
2.012092837E1,-3.856764972E-2,-9.004858285E-3,6.551688194E-2
2.013092237E1,-4.815649867E-2,-1.092742279E-2,5.710800111E-2
2.014091737E1,-4.625089109E-2,-9.398887530E-3,5.115495086E-2
2.015091238E1,-5.275884211E-2,-9.424907640E-3,4.552583635E-2
2.016090738E1,-5.150402963E-2,-1.245149955E-2,7.762178779E-2
2.017090237E1,-5.616075218E-2,-8.947994113E-3,5.022231996E-2
2.018089737E1,-5.732434809E-2,-1.689742997E-2,3.906700194E-2
2.019089137E1,-4.648477972E-2,-1.455934770E-2,6.355221748E-2
2.020088637E1,-4.698062360E-2,-1.594243348E-3,6.423634171E-2
2.021088138E1,-5.989887714E-2,-1.175312273E-2,7.166230559E-2
2.022087638E1,-4.313374043E-2,-7.272986099E-3,6.398198783E-2
2.023087137E1,-3.318762660E-2,1.190420017E-3,5.529945731E-2
2.024086537E1,-5.831720531E-2,-7.987954393E-3,5.977374673E-2
2.025086037E1,-5.144614220E-2,5.186261013E-3,5.462234974E-2
2.026085537E1,-7.164125562E-2,-1.810005605E-3,5.221680522E-2
2.027085038E1,-4.710107625E-2,-3.263623416E-3,4.490135372E-2
2.028084538E1,-6.744821727E-2,-1.011297874E-2,6.232313275E-2
2.029083938E1,-6.558470964E-2,-5.943987072E-3,5.839848161E-2
2.030083438E1,-4.512705624E-2,-2.499977052E-3,7.007654071E-2
2.031082937E1,-4.970542610E-2,-1.103471920E-2,5.446096659E-2
2.032082437E1,-6.252018392E-2,-1.591729045E-2,5.411305726E-2
2.033081937E1,-7.391231418E-2,-1.898576304E-2,6.386095047E-2
2.034081337E1,-5.657473505E-2,-9.448954314E-3,4.783841014E-2
2.035080838E1,-5.480302870E-2,-6.597778872E-3,6.103557587E-2
2.036080338E1,-3.589313328E-2,-5.575320125E-3,6.531047523E-2
2.037079837E1,-3.782739222E-2,6.141549870E-3,7.625704765E-2
2.038079337E1,-2.959451258E-2,-2.342453063E-2,7.626991153E-2
2.039078837E1,-3.876294672E-2,-2.086418107E-2,6.094962180E-2
2.040078237E1,-3.666379631E-2,-9.258919805E-3,6.628871441E-2
2.041077738E1,-4.643215477E-2,-1.656479649E-2,6.260379910E-2
2.042077238E1,-3.494646907E-2,-2.266212679E-2,5.502756178E-2
2.043076737E1,-5.874756038E-2,-1.600558341E-2,5.071699440E-2
2.044076237E1,-6.242195070E-2,4.499797896E-3,6.431352496E-2
2.045075637E1,-7.883859336E-2,-2.403600320E-2,8.192475379E-2
2.046075137E1,-6.718333840E-2,-1.633156568E-2,7.252944767E-2
2.047074638E1,-4.024521589E-2,-2.057277046E-2,8.105117977E-2
2.048074138E1,-2.926180601E-2,-2.589724503E-2,8.391105294E-2
2.049073637E1,-3.787066162E-2,-1.573997363E-2,6.269209206E-2
2.050073037E1,-3.935936272E-2,-9.874339253E-3,5.145315886E-2
2.051072537E1,-5.212792754E-2,-2.267360196E-2,6.135015607E-2
2.052072037E1,-6.106305778E-2,-1.717173748E-2,6.790956259E-2
2.053071538E1,-2.817773223E-2,-3.044177413E-2,7.527530015E-2
2.054071038E1,-3.215617776E-2,-1.632323340E-2,6.090284407E-2
2.055070438E1,-5.030651987E-2,-9.630071819E-3,5.947436929E-2
2.056069938E1,-7.329250932E-2,-8.602350578E-3,5.724248707E-2
2.057069437E1,-6.753066301E-2,-4.256115183E-3,3.902139366E-2
2.058068937E1,-6.147060871E-2,-2.992319919E-2,6.394105732E-2
2.059068437E1,-4.905638516E-2,-1.817183062E-2,6.646354616E-2
2.060067837E1,-4.674907386E-2,-1.488050602E-2,7.590270638E-2
2.061067338E1,-5.092866361E-2,-1.867140211E-2,7.111266732E-2
2.062066838E1,-4.648711860E-2,-4.588967934E-3,5.064741254E-2
2.063066337E1,-4.921484470E-2,-1.268443801E-2,5.458726645E-2
2.064065837E1,-5.406978786E-2,-1.931868888E-2,5.411598086E-2
2.065065237E1,-5.805758893E-2,-1.623917967E-2,6.467137456E-2
2.066064737E1,-3.565164328E-2,-1.047104761E-2,6.021053374E-2
2.067064238E1,-2.313977122E-2,-1.015025474E-2,5.857565224E-2
2.068063738E1,-4.877279520E-2,-4.705035165E-3,7.640322804E-2
2.069063237E1,-7.502737820E-2,-2.884921186E-2,6.413050711E-2
2.070062737E1,-4.283494771E-2,-5.295384675E-3,4.771795750E-2
2.071062137E1,-5.530881286E-2,-7.298348397E-3,4.684555292E-2
2.072061637E1,-5.013461173E-2,-1.749523468E-2,6.420885980E-2
2.073061138E1,-3.974644840E-2,-2.485870644E-2,6.104317725E-2
2.074060638E1,-4.801850438E-2,-1.766451158E-2,6.588525653E-2
2.075060137E1,-4.198710144E-2,-1.064317502E-2,3.968095958E-2
2.076059537E1,-5.002000630E-2,-2.105925880E-2,3.836241245E-2
2.077059037E1,-4.991007864E-2,-3.716409869E-2,4.738291204E-2
2.078058537E1,-6.910590291E-2,-2.130776547E-2,5.701503038E-2
2.079058037E1,-5.627360344E-2,-2.428100154E-2,5.110466480E-2
2.080057538E1,-6.079174697E-2,-2.218981795E-2,5.469602466E-2
2.081056938E1,-6.513973653E-2,-3.467011504E-2,4.292382538E-2
2.082056438E1,-5.334005535E-2,-1.660163395E-2,5.658350587E-2
2.083055937E1,-6.531515300E-2,-1.831669539E-2,5.555439591E-2
2.084055437E1,-4.934640706E-2,-1.537839644E-2,5.717524409E-2
2.085054937E1,-2.592187643E-2,-1.459750079E-2,8.033723474E-2
2.086054287E1,-4.848335803E-2,-2.046203882E-2,7.230374515E-2
2.087053788E1,-3.413721442E-2,2.850883082E-3,6.256696165E-2
2.088053288E1,-5.592920244E-2,-9.900505543E-3,6.398198783E-2
2.089052787E1,-4.381903410E-2,-2.457701683E-2,6.482281744E-2
2.090052287E1,-4.606494963E-2,-1.278603338E-2,5.355230927E-2
2.091051687E1,-3.993063569E-2,-1.789584205E-2,5.305412650E-2
2.092051187E1,-5.254541874E-2,-1.232761167E-2,6.482632577E-2
2.093050687E1,-5.306815982E-2,-1.040840931E-2,7.297149718E-2
2.094050188E1,-4.832197487E-2,-1.268297620E-2,7.870293796E-2
2.095049688E1,-2.994593024E-2,-1.945105523E-2,6.436030269E-2
2.096049187E1,-3.859571636E-2,-1.649075612E-2,5.321434021E-2
2.097048587E1,-5.237292588E-2,-9.051124379E-3,4.774602413E-2
2.098048087E1,-4.010371327E-2,-1.964869112E-2,5.336402893E-2
2.099047587E1,-6.042863488E-2,-1.673056506E-2,5.034101844E-2
2.100047088E1,-4.806528211E-2,-1.214795597E-2,5.004514933E-2
2.101046588E1,-4.337172210E-2,-1.292899780E-2,7.743643105E-2
2.102045988E1,-3.910559356E-2,-8.356548250E-3,6.728800356E-2
2.103045487E1,-3.861501217E-2,-7.800916582E-3,4.631754935E-2
2.104044987E1,-5.811196804E-2,-1.978712395E-2,5.042872667E-2
2.105044487E1,-4.489141345E-2,-3.604077548E-4,6.059761941E-2
2.106043988E1,-5.635078669E-2,-3.058525018E-2,4.536503792E-2
2.107043388E1,-6.223717868E-2,-2.046627805E-2,5.127891183E-2
2.108042888E1,-4.924291134E-2,-2.201286659E-2,6.980639935E-2
2.109042387E1,-4.663329899E-2,-9.792405143E-3,5.056321263E-2
2.110041887E1,-4.980073571E-2,-1.265278995E-2,4.844535112E-2
2.111041387E1,-6.192376792E-2,-2.689646110E-2,6.892931700E-2
2.112040787E1,-5.390723526E-2,-6.082054451E-3,4.669294059E-2
2.113040288E1,-5.454750538E-2,-7.927435711E-3,6.713831484E-2
2.114039788E1,-4.741507173E-2,-3.158950947E-2,4.879033685E-2
2.115039287E1,-4.310275018E-2,-1.706064038E-2,4.442129731E-2
2.116038787E1,-4.284254909E-2,-2.083289847E-3,6.760433793E-2
2.117038287E1,-3.852145672E-2,-8.111549914E-3,5.722845376E-2
2.118037687E1,-3.194918633E-2,-2.696311936E-2,5.640808940E-2
2.119037187E1,-3.894245625E-2,-2.119389094E-2,6.580105662E-2
2.120036688E1,-4.223794699E-2,-3.170279928E-2,6.932341933E-2
2.121036188E1,-6.418547094E-2,4.000811130E-3,5.762723386E-2
2.122035687E1,-8.086465359E-2,-2.138414472E-2,4.898621857E-2
2.123035087E1,-6.545490146E-2,-3.200188436E-2,5.026675880E-2
2.124034587E1,-5.702614009E-2,-2.073254563E-2,4.803019881E-2
2.125034087E1,-3.530958116E-2,-2.295061380E-2,4.663973093E-2
2.126033588E1,-3.215500832E-2,-3.083163723E-3,5.934573054E-2
2.127033088E1,-3.027805209E-2,-5.238959044E-3,6.655008495E-2
2.128032488E1,-5.319153607E-2,-1.105562299E-2,5.123505771E-2
2.129031987E1,-4.843891919E-2,-1.749413833E-3,5.114501059E-2
2.130031487E1,-5.128768265E-2,-6.482369453E-4,4.421898365E-2
2.131030987E1,-6.176706254E-2,-1.651165992E-2,6.320723176E-2
2.132030488E1,-5.349032879E-2,-1.063455038E-2,5.457089424E-2
2.133029888E1,-4.657014906E-2,1.171489656E-3,3.622993290E-2
2.134029388E1,-2.902031600E-2,-2.048645094E-3,4.681631684E-2
2.135028887E1,-7.542849720E-2,-7.962665185E-3,6.679859161E-2
2.136028387E1,-6.742599785E-2,-1.498648681E-2,7.573781490E-2
2.137027887E1,-2.838238478E-2,-2.254598647E-2,5.750970483E-2
2.138027287E1,-3.333146811E-2,-1.569348827E-2,7.324046910E-2
2.139026788E1,-3.575630844E-2,-1.871160172E-2,7.964843273E-2
2.140026288E1,-4.365531206E-2,-7.705022246E-3,6.095488429E-2
2.141025788E1,-4.070422232E-2,-9.599227756E-3,6.267805874E-2
2.142025287E1,-5.076728046E-2,-2.504472099E-2,6.172613204E-2
2.143024787E1,-4.631111741E-2,-1.482027970E-2,6.495204091E-2
2.144024187E1,-5.914049327E-2,-1.048288822E-2,3.819401264E-2
2.145023687E1,-5.204723597E-2,-1.402695872E-2,5.963750660E-2
2.146023188E1,-5.701678455E-2,-1.151338689E-2,5.841485381E-2
2.147022688E1,-6.394982815E-2,-1.616002299E-2,4.866520643E-2
2.148022187E1,-5.800788760E-2,-1.838605799E-2,3.742334962E-2
2.149021587E1,-4.982178569E-2,-1.278018616E-2,4.907100320E-2
2.150021087E1,-5.881948113E-2,-1.029088028E-2,5.266470194E-2
2.151020587E1,-5.843765795E-2,-8.904797807E-3,5.560877502E-2
2.152020088E1,-5.757285476E-2,-7.170148194E-3,6.367793262E-2
2.153019588E1,-5.199110270E-2,-1.579705708E-2,5.433466673E-2
2.154018988E1,-3.945467234E-2,-7.965004072E-3,5.071991801E-2
2.155018487E1,-5.892297685E-2,-1.994426787E-2,6.717807591E-2
2.156017987E1,-5.478899539E-2,-2.239929445E-2,5.456563175E-2
2.157017487E1,-2.850693047E-2,-1.770354174E-2,5.529244065E-2
2.158016988E1,-5.963282883E-2,1.226526573E-3,5.385870337E-2
2.159016388E1,-5.665601134E-2,-2.162081078E-3,4.207305551E-2
2.160015888E1,-4.476511359E-2,-7.795946449E-3,6.957952738E-2
2.161015387E1,-3.292274773E-2,5.087004527E-3,7.040866256E-2
2.162014887E1,-3.442372799E-2,-9.560928494E-3,5.817628741E-2
2.163014387E1,-4.077205002E-2,-2.820046328E-2,5.905336976E-2
2.164013787E1,-4.206662357E-2,-2.221971184E-2,6.570457757E-2
2.165013288E1,-4.863187730E-2,-7.941688299E-3,6.367793262E-2
2.166012788E1,-5.178001821E-2,-8.397698030E-3,5.588944137E-2
2.167012288E1,-4.863129258E-2,-1.640165918E-2,5.885690331E-2
2.168011787E1,-3.147907019E-2,-2.247033812E-2,6.880243242E-2
2.169011187E1,-2.374846637E-2,-2.217878133E-2,8.445075095E-2
2.170010687E1,-3.944297791E-2,-1.209781609E-2,6.257924080E-2
2.171010187E1,-4.305889606E-2,-6.265803203E-3,5.323363602E-2
2.172009688E1,-6.520931840E-2,-9.289179146E-3,4.677538633E-2
2.173009188E1,-6.961987317E-2,-1.763483696E-2,4.547847390E-2
2.174008687E1,-6.288972795E-2,-2.844202638E-2,6.563850403E-2
2.175008087E1,-5.168120027E-2,-1.088883117E-2,6.006786168E-2
2.176007587E1,-4.252329111E-2,-3.142783396E-2,4.470839560E-2
2.177007087E1,-4.352667332E-2,-1.293126360E-2,6.021871984E-2
2.178006588E1,-4.425991416E-2,-2.016682751E-2,4.454759717E-2
2.179006088E1,-4.145032704E-2,-1.900652066E-2,5.424286544E-2
2.180005488E1,-5.260096729E-2,-1.084775448E-2,5.399962127E-2
2.181004987E1,-4.638186872E-2,-2.428991854E-2,4.898855746E-2
2.182004487E1,-5.167535305E-2,-2.691436820E-2,4.986914814E-2
2.183003987E1,-5.805232644E-2,-9.773986414E-3,7.304283321E-2
2.184003488E1,-3.659538388E-2,-1.694720440E-2,6.055844307E-2
2.185002888E1,-5.371252298E-2,-1.672822617E-2,5.787106276E-2
2.186002425E1,-4.553109884E-2,-2.329172574E-2,6.413810849E-2
2.187001925E1,-4.845236778E-2,-1.072152771E-2,5.406452537E-2
2.188001425E1,-7.041450977E-2,-1.350692198E-2,5.233725786E-2
2.189000925E1,-3.605334699E-2,-1.446213774E-2,6.337153852E-2
2.190000325E1,-5.126137018E-2,-1.027998984E-2,4.580182493E-2
2.190999825E1,-4.127257168E-2,-1.544848993E-2,6.286224604E-2
2.191999325E1,-3.307302117E-2,-1.727822989E-2,6.913806260E-2
2.192998825E1,-2.820112109E-2,2.846936211E-3,6.891703784E-2
2.193998325E1,-6.140219629E-2,-1.282404028E-2,5.727230787E-2
2.194997825E1,-5.689808607E-2,-6.702809483E-3,4.216310263E-2
2.195997225E1,-3.997624397E-2,-2.104676038E-2,5.607128978E-2
2.196996725E1,-5.374000490E-2,-2.151285656E-2,7.419298053E-2
2.197996225E1,-4.228472471E-2,-1.727501392E-2,5.029774904E-2
2.198995725E1,-4.454701245E-2,-8.340176046E-3,5.774476290E-2
2.199995225E1,-5.969422460E-2,-2.305206299E-2,6.387381434E-2
2.200994625E1,-4.627369523E-2,-1.403784916E-2,4.602460384E-2
2.201994125E1,-4.089893460E-2,-1.688719735E-2,5.229925096E-2
2.202993625E1,-5.057841539E-2,-2.449968740E-2,6.134781718E-2
2.203993125E1,-5.374058962E-2,-2.267718337E-2,4.970308721E-2
2.204992625E1,-4.694086254E-2,-2.524820410E-2,4.830150962E-2
2.205992025E1,-4.540012121E-2,-1.193592131E-2,4.551940441E-2
2.206991525E1,-5.073161244E-2,-1.861768082E-2,5.235830784E-2
2.207991025E1,-6.335633576E-2,-1.114216179E-2,6.115018129E-2
2.208990525E1,-6.041635573E-2,-1.473227911E-2,5.426216125E-2
2.209990025E1,-6.559991241E-2,-1.008059978E-2,5.754186451E-2
2.210989425E1,-4.476335943E-2,-1.077488355E-2,7.066301644E-2
2.211988925E1,-3.823786676E-2,-1.206624113E-2,5.941297352E-2
2.212988425E1,-2.144700229E-2,-7.835268974E-5,8.503781140E-2
2.213987925E1,-3.522421181E-2,-1.177811958E-2,6.663603902E-2
2.214987425E1,-4.558021545E-2,-2.093054697E-2,6.269560039E-2
2.215986825E1,-3.980667472E-2,-1.097215399E-2,5.574326098E-2
2.216986325E1,-4.369448841E-2,-1.512097277E-2,5.827393591E-2
2.217985825E1,-4.914643228E-2,-9.201544002E-3,6.612382293E-2
2.218985325E1,-4.814246535E-2,-1.581613362E-2,6.565604568E-2
2.219984825E1,-4.602401912E-2,-2.651595354E-2,6.748505473E-2
2.220984225E1,-5.248870075E-2,-1.325856149E-2,5.690451801E-2
2.221983725E1,-6.560049713E-2,-2.525924072E-3,5.985677719E-2
2.222983225E1,-4.669411004E-2,-7.826571241E-3,7.068757474E-2
2.223982725E1,-4.136846602E-2,1.739546657E-3,6.436731935E-2
2.224982225E1,-6.296223342E-2,-1.517695986E-2,4.190348625E-2
2.225981725E1,-5.062694728E-2,-2.435723461E-2,5.965621769E-2
2.226981125E1,-3.896116734E-2,-1.353520788E-2,6.805749714E-2
2.227980625E1,-4.435171545E-2,-8.030565977E-3,6.180448472E-2
2.228980125E1,-5.249688685E-2,-1.295552954E-2,6.281897664E-2
2.229979625E1,-5.677178621E-2,-1.423570432E-2,5.794356823E-2
2.230979125E1,-4.528668523E-2,-1.579647236E-2,3.668601573E-2
2.231978525E1,-4.799102247E-2,-2.404426239E-2,4.839915812E-2
2.232978025E1,-5.954219699E-2,-1.273209281E-2,5.052754462E-2
2.233977525E1,-4.602401912E-2,-2.419840962E-2,4.331032634E-2
2.234977025E1,-5.909956276E-2,-1.192715049E-2,5.530998230E-2
2.235976525E1,-4.721743584E-2,-9.457798228E-3,4.990013838E-2
2.236975925E1,-4.219292343E-2,-8.904651627E-3,6.066018462E-2
2.237975425E1,-5.992928267E-2,-8.092181012E-3,6.183021247E-2
2.238974925E1,-3.794959903E-2,4.969840944E-3,5.031412125E-2
2.239974425E1,-4.543403506E-2,-1.291262560E-2,6.638460875E-2
2.240973925E1,-6.514792264E-2,-4.104438409E-2,7.123604357E-2
2.241973325E1,-2.338184595E-2,-1.368175372E-2,8.262992799E-2
2.242972825E1,-3.360687196E-2,-1.707079992E-2,7.971275210E-2
2.243972325E1,-4.981243014E-2,-2.555094369E-2,6.469476342E-2
2.244971825E1,-5.558421671E-2,-2.396415554E-2,6.279734194E-2
2.245971325E1,-4.114627182E-2,-8.194141835E-3,5.848034263E-2
2.246970725E1,-4.103517473E-2,-2.064432576E-3,5.164845586E-2
2.247970225E1,-4.620411336E-2,-1.680248581E-2,5.255886734E-2
2.248969725E1,-5.493868411E-2,-2.392826825E-2,6.532743216E-2
2.249969225E1,-5.119061887E-2,-1.080558144E-2,5.844116628E-2
2.250968725E1,-4.813135564E-2,-1.969356850E-2,6.926845551E-2
2.251968225E1,-6.162731409E-2,-7.124832273E-3,7.311709285E-2
2.252967625E1,-5.690510273E-2,-6.505173594E-3,4.100652337E-2
2.253967125E1,-6.421470702E-2,-1.898978300E-2,5.164845586E-2
2.254966625E1,-5.471765935E-2,-2.147170678E-2,6.892697811E-2
2.255966125E1,-5.084329426E-2,-4.378468171E-3,4.515453815E-2
2.256965525E1,-4.979664266E-2,-6.865800619E-3,4.162983656E-2
2.257965025E1,-5.290034473E-2,-1.732807741E-2,4.798342109E-2
2.258964525E1,-5.955272198E-2,-2.177064568E-2,4.353076637E-2
2.259964025E1,-7.440757334E-2,-1.766334213E-2,5.420719743E-2
2.260963525E1,-5.162857533E-2,-6.827574447E-3,5.802659869E-2
2.261963025E1,-3.873312593E-2,-1.292877853E-2,6.290726960E-2
2.262962425E1,-3.441729605E-2,-1.707175009E-2,6.189219296E-2
2.263961925E1,-3.236550808E-2,-2.062137544E-2,5.602626622E-2
2.264961425E1,-4.539310455E-2,-5.331418142E-3,4.824186802E-2
2.265960925E1,-4.670697391E-2,-5.018299744E-3,7.355154097E-2
2.266960425E1,-4.376757860E-2,-1.537262231E-2,8.737845182E-2
2.267959825E1,-3.431730866E-2,-2.579579584E-2,7.101911187E-2
2.268959325E1,-3.741750240E-2,-1.194052599E-2,6.398608088E-2
2.269958825E1,-5.017320335E-2,-1.262370005E-2,5.450891376E-2
2.270958325E1,-5.008841872E-2,-2.260723606E-2,6.042044878E-2
2.271957825E1,-4.780566573E-2,-1.609431490E-2,5.398441851E-2
2.272957225E1,-4.625439942E-2,-1.934134685E-2,4.698354721E-2
2.273956725E1,-5.101754129E-2,-2.241661683E-2,6.919068754E-2
2.274956225E1,-6.308093190E-2,-3.447299078E-2,6.551278889E-2
2.275955725E1,-4.827636659E-2,-2.840467729E-2,4.691338062E-2
2.276955225E1,-4.345709145E-2,-1.534901418E-2,4.989663005E-2
2.277954625E1,-3.554522395E-2,-1.191735640E-2,3.997039676E-2
2.278954125E1,-5.562339306E-2,-9.937050641E-3,5.086259007E-2
2.279953625E1,-4.752967715E-2,-1.515532516E-2,6.193370819E-2
2.280953125E1,-5.686826527E-2,-1.197422057E-2,4.198008478E-2
2.281952625E1,-4.507677019E-2,1.043727994E-2,4.976974547E-2
2.282952025E1,-3.749117732E-2,-1.093473181E-2,4.344598174E-2
2.283951525E1,-3.130073011E-2,-1.721186399E-2,5.938139856E-2
2.284951025E1,-4.514693677E-2,-2.000785634E-2,5.949541926E-2
2.285950475E1,-3.852905810E-2,-1.034255505E-2,6.597296476E-2
2.286949975E1,-4.401900887E-2,-2.248327509E-2,5.209167480E-2
2.287949475E1,-6.131039500E-2,-7.551898286E-3,5.651684761E-2
2.288948875E1,-4.208241105E-2,-1.202377573E-2,3.835890412E-2
2.289948375E1,-5.283193231E-2,-1.546866283E-2,5.083335400E-2
2.290947875E1,-4.584567904E-2,-1.391374201E-2,7.642193913E-2
2.291947375E1,-3.989028990E-2,-1.760201946E-2,8.168443322E-2
2.292946875E1,-3.873955786E-2,-1.172586009E-2,7.775744319E-2
2.293946275E1,-4.151289225E-2,-2.005616896E-2,5.821838737E-2
2.294945775E1,-3.257425368E-2,-1.321733862E-2,6.726402998E-2
2.295945275E1,-4.107785940E-2,-1.993535087E-2,6.692430675E-2
2.296944775E1,-5.201449156E-2,-3.615874305E-2,5.144263387E-2
2.297944275E1,-5.111285090E-2,-2.659532949E-2,5.993162155E-2
2.298943675E1,-5.204431236E-2,-1.014988929E-2,4.792085588E-2
2.299943175E1,-3.079260707E-2,-1.519669421E-2,4.854358435E-2
2.300942675E1,-4.115972042E-2,-1.824645571E-2,4.986914814E-2
2.301942175E1,-7.283057928E-2,1.578017324E-4,5.575963318E-2
2.302941675E1,-5.705128312E-2,6.691480502E-3,4.868274808E-2
2.303941075E1,-5.881831169E-2,-1.927410387E-2,6.131331861E-2
2.304940575E1,-5.114501059E-2,-2.877933763E-2,6.422172368E-2
2.305940075E1,-3.227779984E-2,-1.638557933E-2,5.934689999E-2
2.306939575E1,-5.128066599E-2,-1.971980788E-2,7.510982394E-2
2.307939075E1,-5.695480406E-2,-2.078451276E-2,6.052160561E-2
2.308938475E1,-5.482992589E-2,-3.839091763E-2,6.451642334E-2
2.309937975E1,-3.383491337E-2,-4.086034298E-3,4.663797677E-2
2.310937475E1,-4.786004484E-2,-1.694735058E-2,4.570242226E-2
2.311936975E1,-4.048612118E-2,-1.503706522E-2,4.434177518E-2
2.312936475E1,-4.926337659E-2,-1.492348306E-2,6.903924465E-2
2.313935875E1,-2.452029884E-2,-1.618070751E-2,7.364977419E-2
2.314935375E1,-3.343379438E-2,-1.189133629E-2,8.424259007E-2
2.315934875E1,-1.493846655E-2,-2.337877616E-2,6.142032266E-2
2.316934375E1,-3.625683010E-2,-3.224447072E-3,5.879375339E-2
2.317933875E1,-4.987265646E-2,-1.580714352E-2,5.295472383E-2
2.318933375E1,-5.167827666E-2,-1.389459237E-2,4.695138752E-2
2.319932775E1,-5.280328095E-2,-9.335810691E-3,6.243890762E-2
2.320932275E1,-5.256646872E-2,-2.240623802E-2,7.493089914E-2
2.321931775E1,-2.975121796E-2,-2.144904882E-2,6.885388792E-2
2.322931275E1,-2.080614746E-2,-1.568595998E-2,7.658858478E-2
2.323930775E1,-3.677313924E-2,-2.534453698E-2,5.339384973E-2
2.324930175E1,-4.787290871E-2,-2.872583561E-2,6.824343860E-2
2.325929675E1,-5.889666438E-2,-7.470037267E-3,5.744363129E-2
2.326929175E1,-5.064624310E-2,-1.129455484E-2,4.662218928E-2
2.327928675E1,-4.421664476E-2,-1.466262415E-2,4.805592656E-2
2.328928175E1,-4.047968924E-2,-2.057817914E-2,7.856962144E-2
2.329927575E1,-3.516632438E-2,-3.178341776E-2,6.065024436E-2
2.330927075E1,-5.021588802E-2,2.022771165E-3,5.905921698E-2
2.331926575E1,-4.546093225E-2,-1.201142348E-2,5.898963511E-2
2.332926075E1,-5.296407938E-2,-2.947742209E-2,4.755891323E-2
2.333925575E1,-6.207228720E-2,-1.120480008E-2,5.651626289E-2
2.334924975E1,-8.053077757E-2,-1.094116375E-2,4.597197890E-2
2.335924475E1,-6.651324749E-2,-5.534828156E-3,5.758221030E-2
2.336923975E1,-6.170040429E-2,-1.145886160E-2,6.197229981E-2
2.337923475E1,-5.558889449E-2,-1.883914411E-2,5.255418956E-2
2.338922975E1,-5.878030479E-2,-1.288719021E-2,6.059235692E-2
2.339922375E1,-5.671272933E-2,-2.441592604E-2,7.404036820E-2
2.340921875E1,-4.713148177E-2,-1.912806965E-2,6.833640933E-2
2.341921375E1,-2.919280887E-2,-2.310059488E-2,5.870487571E-2
2.342920875E1,-4.217538178E-2,-9.681308046E-3,6.287978768E-2
2.343920375E1,-4.336412072E-2,-1.799042076E-2,7.392810166E-2
2.344919775E1,-1.976885140E-2,-3.542579457E-2,6.794640005E-2
2.345919275E1,-3.475175679E-2,-8.912033737E-3,6.919068754E-2
2.346918775E1,-3.945291817E-2,-1.610659406E-2,5.677061677E-2
2.347918275E1,-5.310909033E-2,-1.980744302E-3,5.997021317E-2
2.348917775E1,-6.205357611E-2,-1.152866274E-2,5.875925481E-2
2.349917175E1,-6.155890167E-2,-4.224467129E-3,5.712203443E-2
2.350916675E1,-5.002760768E-2,-4.933295846E-3,3.837586105E-2
2.351916175E1,-6.212783575E-2,-1.681951582E-2,6.695822060E-2
2.352915675E1,-6.086717606E-2,-7.501173690E-3,6.524206281E-2
2.353915175E1,-5.990647852E-2,-2.073101074E-2,4.884471595E-2
2.354914675E1,-5.953927338E-2,-2.894547164E-2,6.744880199E-2
2.355914075E1,-4.531767547E-2,-1.274883047E-2,5.571577907E-2
2.356913575E1,-4.695898890E-2,-5.137802213E-3,5.817804158E-2
2.357913075E1,-4.647717834E-2,-2.150803261E-2,5.484103560E-2
2.358912575E1,-4.863012314E-2,-8.153503686E-3,6.086659133E-2
2.359912075E1,-4.596086919E-2,-1.323261447E-2,6.229974389E-2
2.360911475E1,-1.744282901E-2,-7.334454954E-3,6.592092454E-2
2.361910975E1,-2.772340357E-2,-2.342014521E-2,8.639144182E-2
2.362910475E1,-5.160109341E-2,-5.149204284E-4,5.882298946E-2
2.363909975E1,-4.548081279E-2,-1.952918865E-2,5.305061817E-2
2.364909475E1,-7.346032441E-2,-1.519355133E-2,3.116156638E-2
2.365908875E1,-5.521818101E-2,-1.938096173E-2,4.068551123E-2
2.366908375E1,-5.295823216E-2,-3.740098402E-3,4.595034420E-2
2.367907875E1,-5.956850946E-2,-1.032969117E-2,5.661917388E-2
2.368907375E1,-5.813360274E-2,-1.760728195E-2,6.829255521E-2
2.369906875E1,-3.309699476E-2,-9.178886041E-3,6.225472033E-2
2.370906275E1,-2.517635643E-2,-1.651597224E-2,7.271772802E-2
2.371905775E1,-4.052822113E-2,-1.948482290E-2,6.524907947E-2
2.372905275E1,-5.024395466E-2,-6.005602106E-3,5.916446686E-2
2.373904775E1,-4.069662094E-2,-1.896646723E-2,7.133076847E-2
2.374904275E1,-4.577141941E-2,-1.373123579E-2,5.031704485E-2
2.375903675E1,-4.532176852E-2,-2.430526748E-2,6.984557569E-2
2.376903175E1,-4.855527878E-2,-1.497026078E-2,8.375902534E-2
2.377902675E1,-5.886275053E-2,-1.844336070E-2,6.125484645E-2
2.378902175E1,-6.779671133E-2,-2.491747096E-2,6.097008705E-2
2.379901675E1,-5.709338307E-2,-1.241999768E-2,6.083209276E-2
2.380901075E1,-7.787965000E-2,-1.710222870E-2,5.885514915E-2
2.381900575E1,-5.800496399E-2,-2.100889966E-2,5.264716029E-2
2.382900075E1,-5.441301942E-2,-1.429848880E-2,6.519645452E-2
2.383899575E1,-4.349626780E-2,-3.021380581E-2,5.799619317E-2
2.384899075E1,-5.044100583E-2,-2.258136213E-2,6.093909681E-2
2.385898713E1,-4.408274353E-2,-1.958678372E-2,8.775150418E-2
2.386898113E1,-4.025223255E-2,-1.891859315E-2,7.295512497E-2
2.387897612E1,-5.641978383E-2,-2.332629740E-2,4.653506577E-2
2.388897112E1,-6.255351305E-2,-1.726331949E-2,4.631521046E-2
2.389896612E1,-5.978251755E-2,-1.801929139E-2,2.961497784E-2
2.390896113E1,-6.357969940E-2,-1.792390868E-2,4.080947220E-2
2.391895513E1,-5.089065671E-2,-2.376717746E-2,5.683902919E-2
2.392895013E1,-4.149885893E-2,-3.221523464E-3,7.210143149E-2
2.393894512E1,-3.959617496E-2,-2.060792685E-2,6.252076864E-2
2.394894012E1,-4.077263474E-2,-3.040340178E-2,5.686007917E-2
2.395893512E1,-4.422073781E-2,-1.629640929E-2,4.470956504E-2
2.396892912E1,-5.895045877E-2,-1.603869326E-2,4.997673690E-2
2.397892413E1,-3.600539982E-2,-1.780864544E-2,6.581859827E-2
2.398891913E1,-3.999495506E-2,-1.367897630E-2,6.582678437E-2
2.399891413E1,-2.987517893E-2,-2.909976505E-2,7.526886821E-2
2.400890912E1,-1.676455200E-2,-1.206587568E-2,7.782000840E-2
2.401890312E1,-5.117775500E-2,-5.894797370E-3,5.948898733E-2
2.402889812E1,-5.704835951E-2,-5.662882179E-3,5.577425122E-2
2.403889312E1,-5.894227266E-2,-7.190613449E-4,4.976740658E-2
2.404888813E1,-6.498069227E-2,-1.355187245E-2,4.741799533E-2
2.405888313E1,-6.443339288E-2,-1.269138157E-2,6.098821342E-2
2.406887713E1,-6.454975247E-2,-1.546858974E-2,7.238268256E-2
2.407887212E1,-4.668475449E-2,-2.232452318E-2,6.854281604E-2
2.408886712E1,-5.103332877E-2,-2.641406581E-2,4.567084730E-2
2.409886212E1,-5.542458773E-2,-1.585275181E-2,4.142927706E-2
2.410885713E1,-7.720838964E-2,-7.655174732E-3,4.944054723E-2
2.411885113E1,-5.889315605E-2,-1.200214103E-2,4.829566240E-2
2.412884613E1,-5.163266838E-2,-2.396612898E-2,6.144838929E-2
2.413884112E1,-5.976205230E-2,-1.110678613E-2,5.770851016E-2
2.414883612E1,-2.378354967E-2,-1.225276731E-2,5.677704871E-2
2.415883112E1,-4.872426331E-2,-2.160875089E-2,5.796929598E-2
2.416882512E1,-4.912596703E-2,-1.627886765E-2,4.055394888E-2
2.417882013E1,-4.165556431E-2,-1.124843493E-2,4.568546534E-2
2.418881513E1,-4.015166044E-2,-1.169362731E-2,7.759722948E-2
2.419881012E1,-5.409142256E-2,-1.232132591E-2,5.888789356E-2
2.420880512E1,-3.349577487E-2,-1.354120128E-2,3.716782629E-2
2.421879912E1,-4.290511429E-2,-9.017795250E-3,4.681339324E-2
2.422879412E1,-5.005567431E-2,-1.585713722E-2,5.668173909E-2
2.423878913E1,-5.163910031E-2,-9.382003695E-3,5.936853468E-2
2.424878413E1,-4.619066477E-2,-1.909832194E-2,8.982960463E-2
2.425877913E1,-3.872844815E-2,-1.200199485E-2,6.405332386E-2
2.426877412E1,-4.525101721E-2,-1.947510190E-2,4.439381540E-2
2.427876812E1,-6.951988578E-2,-1.438188471E-2,6.129636168E-2
2.428876312E1,-7.356440485E-2,-1.619949169E-2,5.879433811E-2
2.429875812E1,-4.813310981E-2,-1.211104542E-2,3.967335820E-2
2.430875313E1,-5.540587664E-2,-5.804311708E-3,6.363875628E-2
2.431874813E1,-4.072410285E-2,-7.244700193E-3,7.507883370E-2
2.432874213E1,-3.037043810E-2,4.303112179E-3,7.125943244E-2
2.433873712E1,-4.560009599E-2,-1.337762542E-2,7.028528631E-2
2.434873212E1,-3.599019706E-2,-1.031368442E-2,7.690608859E-2
2.435872712E1,-4.406286299E-2,-1.637680851E-2,7.568694413E-2
2.436872213E1,-4.946978331E-2,-2.503997013E-3,5.885690331E-2
2.437871613E1,-5.408382118E-2,-1.482291095E-2,3.434245169E-2
2.438871113E1,-5.412884474E-2,-2.390261360E-2,5.736235499E-2
2.439870612E1,-5.692966104E-2,-1.892524436E-2,5.744304657E-2
2.440870112E1,-5.981701612E-2,-1.299887203E-2,6.235997021E-2
2.441869612E1,-4.399737418E-2,-1.469273731E-2,6.352999806E-2
2.442869012E1,-4.384242296E-2,-1.844211817E-2,6.804521799E-2
2.443868513E1,-5.141164362E-2,-1.639968574E-2,7.439997196E-2
2.444868013E1,-4.917917669E-2,-6.620802283E-3,6.058358610E-2
2.445867512E1,-6.707925797E-2,-3.704211116E-3,4.685256958E-2
2.446867012E1,-7.251599908E-2,-1.713219568E-2,5.878732145E-2
2.447866412E1,-4.672685444E-2,-8.738883063E-3,6.943159282E-2
2.448865912E1,-3.415651023E-2,8.974598944E-3,5.561988473E-2
2.449865413E1,-5.541464746E-2,-1.115473330E-2,6.773005307E-2
2.450864913E1,-5.860547304E-2,-9.071662724E-3,4.955398321E-2
2.451864413E1,-3.965406239E-2,-1.891486555E-2,4.875934660E-2
2.452863813E1,-3.316950023E-2,-8.928698301E-3,6.047073483E-2
2.453863312E1,-3.369458020E-2,-1.631234296E-2,5.124733686E-2
2.454862812E1,-5.223551631E-2,-2.776184902E-3,3.884890079E-2
2.455862312E1,-5.655485451E-2,-1.902135797E-2,5.044451416E-2
2.456861813E1,-5.638645470E-2,-8.796478137E-3,5.468374550E-2
2.457861313E1,-5.732259393E-2,-2.268134952E-3,6.188985407E-2
2.458860713E1,-3.845889151E-2,-1.819909327E-2,6.164777935E-2
2.459860212E1,-3.728944838E-2,-2.772471920E-2,5.673377931E-2
2.460859712E1,-5.283368647E-2,-1.177402653E-2,5.890718937E-2
2.461859212E1,-5.015390754E-2,-1.574033909E-2,4.639473259E-2
2.462858713E1,-4.370150506E-2,-1.062439084E-2,5.467029691E-2
2.463858113E1,-4.493702173E-2,-1.918683417E-2,4.961070120E-2
2.464857613E1,-5.039832115E-2,-3.092204981E-2,5.200221241E-2
2.465857112E1,-4.680520713E-2,-1.469215259E-2,6.764760733E-2
2.466856612E1,-4.441486537E-2,-2.185148343E-2,4.797991276E-2
2.467856112E1,-5.517725050E-2,-1.233228944E-2,4.210755408E-2
2.468855512E1,-3.793147266E-2,-1.963407308E-2,5.090819836E-2
2.469855013E1,-5.151747823E-2,-3.319851704E-2,8.005130589E-2
2.470854513E1,-4.808574736E-2,-1.402052678E-2,7.185526371E-2
2.471854012E1,-4.967794418E-2,-1.228171103E-2,8.076583564E-2
2.472853512E1,-3.568555713E-2,-2.299929187E-3,7.098110497E-2
2.473852912E1,-4.464875400E-2,-1.120151103E-2,6.578936219E-2
2.474852412E1,-4.112054408E-2,-1.868390054E-2,5.583330810E-2
2.475851913E1,-3.006053567E-2,-1.899212189E-2,7.120973110E-2
2.476851413E1,-2.589848757E-2,-2.418715373E-2,6.607762992E-2
2.477850913E1,-2.863907754E-2,-6.997582242E-3,6.464506209E-2
2.478850313E1,-4.319338202E-2,-1.209576957E-2,6.542917371E-2
2.479849812E1,-4.285424352E-2,-1.197173551E-2,5.523630738E-2
2.480849312E1,-6.495730340E-2,-2.524608448E-2,3.730172753E-2
2.481848812E1,-5.239923835E-2,-2.436249711E-2,4.731040657E-2
2.482848313E1,-5.107308984E-2,-4.379345253E-3,5.476443708E-2
2.483847813E1,-5.171043634E-2,-8.747142255E-3,6.627175748E-2
2.484847213E1,-2.665979505E-2,-7.819042951E-3,6.076426506E-2
2.485846662E1,-5.132042706E-2,-4.259111881E-3,4.986563981E-2
2.486846162E1,-3.789697409E-2,-1.553970650E-3,4.486334682E-2
2.487845662E1,-6.516137123E-2,-2.084261946E-2,5.158413649E-2
2.488845062E1,-6.396269202E-2,-1.261069000E-2,5.427911818E-2
2.489844563E1,-4.991592586E-2,-1.981826037E-2,5.609701753E-2
2.490844063E1,-5.180165291E-2,-8.064626008E-3,6.771309614E-2
2.491843563E1,-3.327182651E-2,-1.197553620E-2,7.639270306E-2
2.492843062E1,-2.876069963E-2,-2.698219590E-2,7.822755933E-2
2.493842462E1,-1.444437683E-2,-9.377618283E-3,6.872291028E-2
2.494841962E1,-2.445013225E-2,-3.174818829E-3,7.574658573E-2
2.495841462E1,-7.072850525E-2,-1.261865683E-2,7.615121305E-2
2.496840963E1,-5.671389878E-2,-2.258355483E-2,4.737004817E-2
2.497840463E1,-4.278407693E-2,-1.869888403E-2,6.538356543E-2
2.498839962E1,-4.870204389E-2,-1.030155145E-2,6.172847092E-2
2.499839362E1,-3.545108378E-2,-1.985568255E-3,6.647231698E-2
2.500838862E1,-4.963175118E-2,-8.895369172E-3,7.445785940E-2
2.501838362E1,-5.527197540E-2,-1.340766549E-2,5.236473978E-2
2.502837863E1,-4.547438085E-2,-1.902413540E-2,5.140930474E-2
2.503837363E1,-6.317097902E-2,-3.620449752E-3,4.586322069E-2
2.504836763E1,-6.538765848E-2,-1.850007869E-2,6.191967487E-2
2.505836262E1,-4.426459193E-2,-2.101664722E-2,6.241259515E-2
2.506835762E1,-5.603562176E-2,-3.519724153E-2,7.129977822E-2
2.507835262E1,-4.349042058E-2,-1.638623714E-2,6.289089739E-2
2.508834763E1,-3.777710617E-2,-7.290600836E-3,4.751272023E-2
2.509834163E1,-6.520697951E-2,-1.249286860E-2,3.160010755E-2
2.510833663E1,-4.868742585E-2,-9.695268273E-3,4.812843204E-2
2.511833162E1,-5.170575857E-2,-1.239339285E-2,4.513524234E-2
2.512832662E1,-5.030418098E-2,-1.491741657E-2,5.256296039E-2
2.513832162E1,-7.199968994E-2,-1.520349160E-2,4.652395606E-2
2.514831562E1,-4.293142676E-2,-1.126875401E-2,6.022339761E-2
2.515831063E1,-4.100769281E-2,-1.194220707E-3,5.589587331E-2
2.516830563E1,-3.271166325E-2,-2.055764079E-2,6.124899924E-2
2.517830063E1,-3.748416066E-2,-1.972733617E-2,6.771017253E-2
2.518829562E1,-3.267190218E-2,-2.184673257E-2,8.136985302E-2
2.519828962E1,-3.719063044E-2,-5.121576190E-3,6.533737242E-2
2.520828462E1,-3.368288577E-2,-1.110503197E-2,6.404689193E-2
2.521827962E1,-5.167652249E-2,-1.789591514E-2,5.994507015E-2
2.522827463E1,-4.765480757E-2,-2.166122966E-2,3.868751764E-2
2.523826963E1,-4.318461120E-2,-1.113390259E-2,6.350660920E-2
2.524826462E1,-5.742784381E-2,-1.663138166E-2,4.914350867E-2
2.525825862E1,-6.318208873E-2,-2.015476763E-2,4.357988298E-2
2.526825362E1,-7.366439223E-2,-1.333143242E-2,5.920305848E-2
2.527824862E1,-5.646305323E-2,-1.219027519E-2,6.731314659E-2
2.528824363E1,-4.989663005E-2,-2.095378965E-2,7.615764499E-2
2.529823763E1,-2.986114562E-2,-2.525660947E-2,7.370766163E-2
2.530823263E1,-5.121049941E-2,-2.201783672E-2,6.145306706E-2
2.531822762E1,-4.530831993E-2,-1.214466691E-2,7.121440887E-2
2.532822262E1,-4.278056860E-2,-1.174749479E-2,6.036723912E-2
2.533821762E1,-5.519186854E-2,-1.197721727E-2,5.343478024E-2
2.534821263E1,-5.486267030E-2,-1.887737028E-2,4.607956767E-2
2.535820663E1,-4.730514407E-2,-9.554935098E-3,6.368202567E-2
2.536820163E1,-5.967258990E-2,-2.321615048E-2,8.083424807E-2
2.537819662E1,-5.944981098E-2,-2.681832768E-2,5.938899994E-2
2.538819162E1,-4.944464028E-2,-8.053297028E-3,4.546327114E-2
2.539818662E1,-3.388052166E-2,-1.348163277E-2,4.597080946E-2
2.540818062E1,-3.644277155E-2,-2.642283663E-3,4.333956242E-2
2.541817563E1,-5.576898873E-2,-2.184921764E-2,7.045777917E-2
2.542817063E1,-5.090293586E-2,-1.843846366E-2,8.014427662E-2
2.543816563E1,-2.961146951E-2,-3.743679821E-4,7.871638656E-2
2.544816062E1,-4.233559549E-2,-9.770770445E-3,6.438953876E-2
2.545815462E1,-7.105594933E-2,-2.429605812E-2,6.936318040E-2
2.546814962E1,-7.646286964E-2,-2.924506836E-2,4.346820116E-2
2.547814462E1,-5.295764744E-2,-1.717056803E-2,6.217695236E-2
2.548813963E1,-3.435940862E-2,-1.037814997E-2,6.519060731E-2
2.549813463E1,-3.586097360E-2,-1.193519041E-2,5.456972480E-2
2.550812863E1,-2.124410391E-2,-1.640304789E-2,7.591030777E-2
2.551812362E1,-4.033292413E-2,-3.099718653E-2,7.252009213E-2
2.552811862E1,-4.436633348E-2,-1.663817905E-2,6.546308756E-2
2.553811362E1,-4.612400651E-2,-1.166154072E-3,5.959833026E-2
2.554810863E1,-5.017203391E-2,-1.434672832E-2,6.444274843E-2
2.555810263E1,-4.797640443E-2,-7.006937787E-3,3.471842766E-2
2.556809763E1,-6.603552997E-2,-1.649331428E-2,5.945565820E-2
2.557809262E1,-4.673270166E-2,-1.357716165E-2,4.613628566E-2
2.558808762E1,-4.720691085E-2,-1.475968793E-2,4.642046034E-2
2.559808262E1,-4.637134373E-2,-6.289118975E-3,6.222665370E-2
2.560807662E1,-5.964627743E-2,-4.604682326E-3,4.116907597E-2
2.561807163E1,-4.080947220E-2,-2.141177282E-3,5.568186522E-2
2.562806663E1,-4.735659957E-2,3.730523586E-4,5.483518839E-2
2.563806162E1,-4.745073974E-2,-1.988711134E-2,6.071456373E-2
2.564805662E1,-3.930147529E-2,-2.261600688E-2,5.507901728E-2
2.565805162E1,-5.531232119E-2,-1.720565133E-2,5.435922503E-2
2.566804562E1,-5.789503634E-2,-2.277271226E-2,5.151981711E-2
2.567804062E1,-7.379303098E-2,-7.748145461E-3,3.629834533E-2
2.568803563E1,-6.643197119E-2,-1.159378611E-2,5.166073501E-2
2.569803063E1,-4.036274493E-2,-6.688410714E-3,6.256520748E-2
2.570802562E1,-2.726615131E-2,-6.086001322E-3,5.778276980E-2
2.571801962E1,-3.922780037E-2,-7.197118476E-3,5.504919648E-2
2.572801462E1,-3.087037504E-2,-9.130792692E-3,7.902453482E-2
2.573800962E1,-3.035348117E-2,-1.926430978E-2,7.862049222E-2
2.574800463E1,-3.297069490E-2,-1.148590498E-2,7.085714400E-2
2.575799963E1,-3.549903095E-2,-2.321264215E-2,5.416041970E-2
2.576799363E1,-4.903825879E-2,-1.491902456E-2,5.626658678E-2
2.577798862E1,-4.359567046E-2,-4.362022877E-3,7.291536391E-2
2.578798362E1,-4.888740063E-2,-1.518288016E-2,6.090810657E-2
2.579797862E1,-5.352658153E-2,-1.546201162E-2,5.834410250E-2
2.580797363E1,-5.002292991E-2,-1.035980433E-2,5.827452064E-2
2.581796763E1,-5.014864504E-2,-1.654542759E-2,5.176540017E-2
2.582796263E1,-4.419676423E-2,-2.453747503E-2,5.880310893E-2
2.583795762E1,-4.540830731E-2,-1.468930207E-2,7.690024137E-2
2.584795262E1,-4.759867430E-2,-2.098105229E-2,5.866569936E-2
2.585794725E1,-7.034083486E-2,-8.063748926E-3,4.805241823E-2
2.586794125E1,-5.072927356E-2,-2.056641161E-2,5.958897471E-2
2.587793625E1,-4.042297125E-2,-8.807003126E-3,6.525024891E-2
2.588793125E1,-7.075949550E-2,-1.077291012E-2,6.740845621E-2
2.589792625E1,-5.080587208E-2,-1.326133892E-2,5.787340164E-2
2.590792125E1,-4.098021090E-2,-1.530786440E-2,4.346352339E-2
2.591791525E1,-4.963935256E-2,-1.853194602E-2,5.279451013E-2
2.592791025E1,-4.986096203E-2,-3.499193117E-3,5.318978190E-2
2.593790525E1,-5.422123075E-2,-2.266651221E-2,4.388744652E-2
2.594790025E1,-7.768786132E-2,-2.972380914E-2,4.021597981E-2
2.595789525E1,-4.560185015E-2,-2.342211865E-2,5.664548635E-2
2.596788925E1,-5.501235902E-2,-1.519157790E-2,5.548715293E-2
2.597788425E1,-3.506107450E-2,-1.720470116E-3,5.962756634E-2
2.598787925E1,-4.518377423E-2,-1.634662226E-2,8.008229613E-2
2.599787425E1,-6.295697093E-2,-2.229704127E-2,7.026306689E-2
2.600786925E1,-4.700225830E-2,-1.198759608E-2,5.404172122E-2
2.601786425E1,-4.819275141E-2,-1.447587870E-2,6.868373394E-2
2.602785825E1,-3.515755355E-2,-1.157602519E-2,7.235403121E-2
2.603785325E1,-2.841863751E-2,2.778889239E-4,7.635235727E-2
2.604784825E1,-3.153111041E-2,-1.760677032E-2,5.401716292E-2
2.605784325E1,-4.325887084E-2,-2.518644288E-2,4.762615621E-2
2.606783825E1,-5.388326168E-2,-2.127823703E-2,4.609009266E-2
2.607783225E1,-5.964978576E-2,-6.799215451E-3,4.847458720E-2
2.608782725E1,-4.378219664E-2,-2.005456097E-2,6.383405328E-2
2.609782225E1,-4.633333683E-2,-1.364360064E-2,5.885924220E-2
2.610781725E1,-3.937105715E-2,-2.021060854E-2,4.213912904E-2
2.611781225E1,-6.311309159E-2,-2.395845450E-2,5.908143640E-2
2.612780625E1,-6.338615656E-2,-1.558071010E-2,5.366983831E-2
2.613780125E1,-6.749791861E-2,-8.733474389E-3,5.355698705E-2
2.614779625E1,-3.969031513E-2,-2.591668703E-2,4.538141012E-2
2.615779125E1,-2.812393785E-2,-2.660059199E-2,5.299565434E-2
2.616778625E1,-5.452470124E-2,-2.395677343E-3,4.978143990E-2
2.617778025E1,-4.489199817E-2,-1.026595652E-2,5.013753533E-2
2.618777525E1,-5.626015484E-2,-9.759441465E-3,4.625966191E-2
2.619777025E1,-4.149944365E-2,-7.141789198E-3,5.475040376E-2
2.620776525E1,-5.257757843E-2,-1.540675543E-2,6.134957135E-2
2.621776025E1,-4.542292535E-2,-1.090651900E-2,6.607587576E-2
2.622775525E1,-3.938567519E-2,-7.436342686E-3,6.567241788E-2
2.623774925E1,-5.685423195E-2,-1.090820007E-2,6.318384290E-2
2.624774425E1,-5.342074692E-2,-2.052796617E-2,4.445579588E-2
2.625773925E1,-3.879744530E-2,-1.989222765E-2,6.969588697E-2
2.626773425E1,-2.998159826E-2,-1.134308673E-2,6.485088408E-2
2.627772925E1,-4.320975423E-2,-1.658979334E-2,6.610569656E-2
2.628772325E1,-4.982529402E-2,-1.256712824E-2,6.857497573E-2
2.629771825E1,-3.088440835E-2,-6.242048889E-3,5.750034928E-2
2.630771325E1,-4.159767687E-2,-9.040160850E-3,5.971702874E-2
2.631770825E1,-6.432755828E-2,-2.943853810E-3,7.790128469E-2
2.632770325E1,-4.916631281E-2,-1.616521239E-2,5.316288471E-2
2.633769725E1,-3.597148597E-2,-1.747074947E-2,4.326004028E-2
2.634769225E1,-5.710683167E-2,-3.060725033E-2,7.281128347E-2
2.635768725E1,-4.522119641E-2,-2.413240917E-2,7.113781035E-2
2.636768225E1,-3.630126894E-2,-1.794897862E-2,5.393822551E-2
2.637767725E1,-4.500251055E-2,-1.120998949E-2,4.549133778E-2
2.638767125E1,-5.951471508E-2,-1.605879307E-2,5.098128855E-2
2.639766625E1,-5.543101966E-2,-7.644503564E-3,5.758571863E-2
2.640766125E1,-6.260789216E-2,-1.453654356E-2,5.070237637E-2
2.641765625E1,-5.332719147E-2,-2.549868420E-2,6.759030461E-2
2.642765125E1,-5.090001225E-2,-6.457518786E-4,7.296857357E-2
2.643764625E1,-4.741799533E-2,-1.019191615E-2,6.235587716E-2
2.644764025E1,-6.153551280E-2,-2.863695793E-2,6.644132674E-2
2.645763525E1,-5.578536093E-2,-1.384942263E-2,4.714142203E-2
2.646763025E1,-6.858433127E-2,-1.637373872E-2,3.534174085E-2
2.647762525E1,-5.606485784E-2,-1.161118157E-2,5.443523884E-2
2.648762025E1,-3.503943980E-2,-1.472226575E-2,6.422757089E-2
2.649761425E1,-3.985871494E-2,-1.829308726E-2,5.971527457E-2
2.650760925E1,-3.605568588E-2,-1.682609394E-3,6.442813039E-2
2.651760425E1,-3.691639602E-2,-1.344201788E-2,6.489590764E-2
2.652759925E1,-2.914018393E-2,-1.112220816E-2,5.420836687E-2
2.653759425E1,-2.589205563E-2,-1.080748178E-2,7.143075585E-2
2.654758825E1,-2.616570532E-2,-2.252559431E-2,5.831603587E-2
2.655758325E1,-4.539427400E-2,-9.167410880E-3,3.349402070E-2
2.656757825E1,-5.993396044E-2,-1.890112460E-2,3.253507733E-2
2.657757325E1,-4.862836897E-2,4.273510650E-3,5.654549897E-2
2.658756825E1,-4.959549844E-2,-1.770376101E-2,6.078648448E-2
2.659756325E1,-5.573624432E-2,-1.387354240E-2,7.227626324E-2
2.660755725E1,-4.405233800E-2,-1.190931648E-2,7.598515213E-2
2.661755225E1,-5.778101563E-2,1.831201762E-3,5.253430903E-2
2.662754725E1,-6.009183526E-2,-2.707787097E-2,5.634669363E-2
2.663754225E1,-6.570048451E-2,-1.819353841E-2,3.628314257E-2
2.664753725E1,-6.110047996E-2,-8.429199904E-3,6.071865678E-2
2.665753125E1,-5.017788112E-2,-2.325386502E-2,4.989721477E-2
2.666752625E1,-3.893777847E-2,-2.121662199E-2,5.676593900E-2
2.667752125E1,-4.911134899E-2,-1.275380060E-2,5.496207297E-2
2.668751625E1,-4.319513619E-2,-1.075602628E-2,5.679166675E-2
2.669751125E1,-4.144097149E-2,-7.435611784E-3,5.457732618E-2
2.670750525E1,-4.479493439E-2,7.548024505E-4,6.927020967E-2
2.671750025E1,-5.403645873E-2,-2.115018301E-2,5.650632262E-2
2.672749525E1,-5.572688878E-2,-2.154143482E-2,4.340914428E-2
2.673749025E1,-6.165362656E-2,-2.496008255E-2,4.632573545E-2
2.674748525E1,-4.316531539E-2,-1.984669246E-2,3.786598384E-2
2.675748025E1,-6.500408113E-2,-2.815814406E-2,2.859288454E-2
2.676747425E1,-4.574919999E-2,-2.725051001E-2,5.908786833E-2
2.677746925E1,-6.527246833E-2,-4.262474030E-3,5.684078336E-2
2.678746425E1,-4.366583705E-2,-1.065296911E-2,5.500943542E-2
2.679745925E1,-3.130014539E-2,-1.341409743E-2,6.292422652E-2
2.680745425E1,-4.845002890E-2,-2.175368875E-2,6.601798832E-2
2.681744825E1,-5.491295636E-2,-1.752330132E-2,6.987364233E-2
2.682744325E1,-3.693042934E-2,-1.988126412E-2,8.441508293E-2
2.683743825E1,-2.943663776E-2,-1.671178088E-2,8.258665860E-2
2.684743325E1,-2.276554942E-2,-8.587732539E-3,6.874337554E-2
2.685742825E1,-3.484355807E-2,-1.449327417E-2,8.008638918E-2
2.686742179E1,-4.394007146E-2,-1.884762257E-2,6.118526459E-2
2.687741679E1,-6.175536811E-2,-1.869150192E-2,3.881557167E-2
2.688741179E1,-5.537430167E-2,-1.534345932E-2,4.933763623E-2
2.689740679E1,-6.102855921E-2,-7.128194422E-3,5.096783996E-2
2.690740179E1,-6.812766373E-2,-6.065316796E-3,5.778276980E-2
2.691739679E1,-4.853949130E-2,-5.032771602E-3,5.271674216E-2
2.692739079E1,-4.346820116E-2,-6.415199563E-3,5.171102107E-2
2.693738579E1,-6.636180460E-2,-1.684166215E-2,4.400556028E-2
2.694738079E1,-6.323179007E-2,-1.262019172E-2,4.523815334E-2
2.695737579E1,-6.877962828E-2,-2.516897433E-2,5.573215127E-2
2.696737079E1,-6.190330267E-2,-1.180728257E-2,3.483771086E-2
2.697736479E1,-5.721675932E-2,-1.536465548E-2,5.169347942E-2
2.698735979E1,-5.718226075E-2,-2.352064423E-2,4.566383064E-2
2.699735479E1,-5.842830241E-2,-1.327559151E-2,6.813058734E-2
2.700734979E1,-4.055453360E-2,-5.235304534E-3,6.991047978E-2
2.701734479E1,-4.265251458E-2,-3.153476492E-3,4.281740606E-2
2.702733879E1,-4.010663688E-2,-1.566717580E-2,6.977365494E-2
2.703733379E1,-3.227429152E-2,-1.593227394E-2,5.665016413E-2
2.704732879E1,-5.285766006E-2,-2.324465565E-2,7.108635485E-2
2.705732379E1,-4.336587489E-2,-1.352760650E-2,7.098695219E-2
2.706731879E1,-3.122237742E-2,-1.233601704E-2,6.035262108E-2
2.707731379E1,-3.866471350E-2,-1.314929165E-2,6.052686810E-2
2.708730779E1,-2.821983218E-2,-1.353937402E-2,6.750142694E-2
2.709730279E1,-4.846230805E-2,-4.002053663E-3,5.632505894E-2
2.710729779E1,-3.385947168E-2,-1.466920227E-4,4.411373377E-2
2.711729279E1,-4.793313503E-2,-3.415943384E-3,5.907851279E-2
2.712728779E1,-5.917382240E-2,-1.553305529E-2,6.220735788E-2
2.713728179E1,-5.324825406E-2,-3.250247911E-3,6.407963634E-2
2.714727679E1,-3.082301259E-2,-2.315153874E-2,7.823282182E-2
2.715727179E1,-3.572648764E-2,-1.139527313E-2,6.324465394E-2
2.716726679E1,-3.875768423E-2,-2.747095004E-3,5.551288068E-2
2.717726179E1,-5.767868936E-2,-1.213881969E-2,4.855527878E-2
2.718725579E1,-6.780197382E-2,-1.773657851E-2,3.499207735E-2
2.719725079E1,-4.669235587E-2,-2.132326059E-2,5.161044896E-2
2.720724579E1,-4.479376495E-2,-2.939219892E-2,4.840734422E-2
2.721724079E1,-5.828738451E-2,-2.250447124E-2,5.781902254E-2
2.722723579E1,-5.573390543E-2,-3.017236367E-3,3.480262756E-2
2.723723079E1,-5.613327026E-2,-5.828285292E-3,4.926279187E-2
2.724722479E1,-5.550527930E-2,-1.492772229E-2,4.694027781E-2
2.725721979E1,-6.057423055E-2,-1.036652863E-2,5.879492283E-2
2.726721479E1,-4.334657907E-2,-6.391445249E-3,5.086142063E-2
2.727720979E1,-3.779289365E-2,-2.408395037E-3,7.333811760E-2
2.728720479E1,-3.230879009E-2,-2.136923432E-2,6.698921084E-2
2.729719879E1,-3.447927654E-2,-1.741512783E-2,6.868548810E-2
2.730719379E1,-4.944990277E-2,-1.932650954E-3,6.819958448E-2
2.731718879E1,-3.836182773E-2,-2.056904286E-3,5.366691470E-2
2.732718379E1,-4.528960884E-2,-9.733055905E-3,6.318033457E-2
2.733717879E1,-4.510308266E-2,-8.217749968E-3,5.286467671E-2
2.734717379E1,-3.211934030E-2,-1.751518831E-2,6.210503161E-2
2.735716779E1,-3.550604761E-2,-1.222009599E-2,7.608163118E-2
2.736716279E1,-4.867339253E-2,-1.154700838E-2,4.855177045E-2
2.737715779E1,-5.745824933E-2,-2.620064244E-3,5.309388757E-2
2.738715279E1,-5.946910679E-2,-8.645693064E-3,5.814061940E-2
2.739714779E1,-4.244201481E-2,-8.242089003E-3,4.463121235E-2
2.740714179E1,-6.596653283E-2,-1.699602865E-2,4.924758911E-2
2.741713679E1,-5.941648185E-2,-8.659434021E-3,5.866219103E-2
2.742713179E1,-4.992294252E-2,-1.283259183E-2,5.140988946E-2
2.743712679E1,-3.789931297E-2,-1.012255356E-2,4.998141468E-2
2.744712179E1,-3.982538581E-2,-1.266514219E-2,6.032747805E-2
2.745711579E1,-3.447576821E-2,-1.192978173E-2,5.995384097E-2
2.746711079E1,-4.333254576E-2,-7.497665361E-3,5.182036400E-2
2.747710579E1,-4.698530138E-2,-8.553964868E-3,4.550186276E-2
2.748710079E1,-6.966080368E-2,-2.190681271E-2,5.935742497E-2
2.749709579E1,-5.507609367E-2,3.670077994E-3,4.809919596E-2
2.750708979E1,-4.410671711E-2,-1.152054973E-2,4.684438348E-2
2.751708479E1,-6.053797781E-2,-5.249776393E-3,5.324533045E-2
2.752707979E1,-6.129753113E-2,-6.632569805E-3,4.897686303E-2
2.753707479E1,-3.735961497E-2,-1.598994210E-2,4.720808029E-2
2.754706979E1,-2.828824461E-2,-1.480493076E-2,5.902530313E-2
2.755706479E1,-2.945359468E-2,-1.055495515E-2,5.174668908E-2
2.756705879E1,-3.010322034E-2,-1.747491561E-2,5.903290451E-2
2.757705379E1,-2.869696498E-2,-9.165656716E-3,4.637309790E-2
2.758704879E1,-3.554580867E-2,-5.705639943E-3,6.499004781E-2
2.759704379E1,-5.213903725E-2,-1.135185756E-2,6.276927531E-2
2.760703879E1,-4.285190463E-2,-2.632928118E-2,6.409834743E-2
2.761703279E1,-4.126321614E-2,-9.634018689E-4,7.705811620E-2
2.762702779E1,-4.447918475E-2,-8.901216388E-3,5.289566696E-2
2.763702279E1,-3.891146600E-2,-9.121656418E-4,5.232907176E-2
2.764701779E1,-6.048710704E-2,-1.646882907E-2,5.923814178E-2
2.765701279E1,-6.166649044E-2,-1.929266877E-2,6.047541261E-2
2.766700779E1,-4.667130589E-2,-3.836869821E-3,4.976799130E-2
2.767700179E1,-5.057373762E-2,-1.314446770E-2,4.857983708E-2
2.768699679E1,-4.990072310E-2,-1.337733306E-2,6.546016395E-2
2.769699179E1,-3.940321684E-2,-8.772358373E-3,4.355064690E-2
2.770698679E1,-3.677957118E-2,-3.194516636E-2,6.971108973E-2
2.771698179E1,-3.795486152E-2,-1.042602405E-2,4.832431376E-2
2.772697579E1,-3.136095643E-2,-1.441148624E-2,3.861150384E-2
2.773697079E1,-6.025146425E-2,-2.151395291E-2,3.939503074E-2
2.774696579E1,-6.356566608E-2,-1.870918974E-2,5.556492090E-2
2.775696079E1,-3.144164801E-2,-1.530150555E-2,5.628062010E-2
2.776695579E1,-3.883603692E-2,-4.895362034E-3,5.074330688E-2
2.777694979E1,-4.685315430E-2,-2.646230534E-3,5.114384115E-2
2.778694479E1,-6.691378176E-2,-1.846879609E-2,5.347571075E-2
2.779693979E1,-4.645963669E-2,-8.032831773E-3,6.243189096E-2
2.780693479E1,-6.481287718E-2,-9.442668557E-3,5.340495944E-2
2.781692979E1,-2.687848091E-2,-1.145623036E-2,8.447180092E-2
2.782692479E1,-3.477046788E-2,-1.407702550E-2,7.506363094E-2
2.783691879E1,-3.053942263E-2,-1.821261495E-2,6.909537792E-2
2.784691379E1,-5.886333525E-2,-2.003387645E-2,5.898788095E-2
2.785690879E1,-4.550712526E-2,-1.708951101E-2,5.522110462E-2
2.786690379E1,-4.609827876E-2,-1.423504651E-3,5.173031688E-2
2.787689879E1,-5.746409655E-2,-7.528509423E-3,5.559532642E-2
2.788689279E1,-5.240333140E-2,-2.828722134E-2,6.718743145E-2
2.789688779E1,-5.342367053E-2,-1.248877555E-2,5.898788095E-2
2.790688279E1,-4.662862122E-2,-2.933548093E-3,6.743535340E-2
2.791687779E1,-5.653146565E-2,-2.299424864E-2,6.277102947E-2
2.792687279E1,-5.573624432E-2,-4.212772697E-3,5.516380191E-2
2.793686779E1,-6.136301994E-2,-4.570622295E-3,5.326287210E-2
2.794686179E1,-5.379146039E-2,-8.036340103E-3,4.933295846E-2
2.795685679E1,-5.424812794E-2,-2.037221096E-2,3.828172088E-2
2.796685179E1,-4.817930281E-2,9.617938846E-4,5.786346138E-2
2.797684679E1,-5.555322647E-2,-1.406635433E-2,5.456855536E-2
2.798684179E1,-6.394515038E-2,-2.124651588E-2,5.911768913E-2
2.799683579E1,-5.154262125E-2,-1.649272956E-2,5.584441781E-2
2.800683079E1,-5.883585334E-2,-5.552077442E-3,3.603872895E-2
2.801682579E1,-4.056505859E-2,-1.517111264E-2,7.667336941E-2
2.802682079E1,-4.192336679E-2,-8.934180066E-3,7.821644962E-2
2.803681579E1,-3.592646241E-2,-9.950791597E-3,7.720195770E-2
2.804680979E1,-4.371904671E-2,-1.714103960E-2,7.300599575E-2
2.805680479E1,-4.542994201E-2,-1.274722248E-2,7.580154955E-2
2.806679979E1,-5.567017078E-2,1.531605050E-3,7.288963616E-2
2.807679479E1,-5.813360274E-2,-7.632516772E-3,4.705956101E-2
2.808678979E1,-6.860655069E-2,-8.906040341E-4,4.285190463E-2
2.809678479E1,-5.921475291E-2,-2.490548417E-3,6.008189499E-2
2.810677879E1,-3.985520661E-2,-1.522907317E-3,5.121751606E-2
2.811677379E1,-4.012300909E-2,-2.447344802E-2,5.785059750E-2
2.812676879E1,-4.804949462E-2,-1.350575253E-2,5.997898400E-2
2.813676379E1,-3.861267328E-2,-1.350787215E-2,6.687402070E-2
2.814675879E1,-5.486910224E-2,-4.769719988E-3,5.451125264E-2
2.815675279E1,-7.070628583E-2,-2.639338128E-2,4.958906651E-2
2.816674779E1,-6.705177605E-2,-2.575238027E-2,4.247008145E-2
2.817674279E1,-4.198125422E-2,-2.181990847E-2,4.213620543E-2
2.818673779E1,-4.632690489E-2,-3.211787850E-2,5.668173909E-2
2.819673279E1,-6.731607020E-2,-1.004244670E-2,4.488790512E-2
2.820672679E1,-5.213319004E-2,-1.680460542E-2,3.277539790E-2
2.821672179E1,-6.482515633E-2,-1.319497302E-2,3.146152854E-2
2.822671679E1,-7.094894528E-2,-1.990991548E-2,1.965833902E-2
2.823671179E1,-7.644240439E-2,-2.120638937E-3,3.965172350E-2
2.824670679E1,-5.083510816E-2,-6.690895781E-3,5.049596965E-2
2.825670179E1,-1.861870408E-2,-1.247817747E-2,7.438067615E-2
2.826669579E1,-1.632250249E-2,-2.458644547E-2,1.288738024E-1
2.827669079E1,-1.443502128E-2,7.946073711E-3,1.160841876E-1
2.828668579E1,-2.702173769E-2,-1.596472599E-2,6.828261495E-2
2.829668079E1,-7.058174014E-2,-2.022529967E-2,3.715613186E-2
2.830667579E1,-8.994245589E-2,-8.884698004E-3,8.901801109E-3
2.831666979E1,-1.027595526E-1,-1.898174308E-2,-2.687965035E-3
2.832666479E1,-7.287150979E-2,-1.846791901E-2,2.397767723E-2
2.833665979E1,-4.376465499E-2,-1.231672123E-2,7.231427014E-2
2.834665479E1,9.407585263E-3,-3.424633808E-2,1.006533855E-1
2.835664979E1,3.325253069E-2,-2.305359788E-2,1.383041918E-1
2.836664479E1,1.946304202E-2,-1.030739866E-2,1.166285634E-1
2.837663879E1,6.336042881E-3,1.663679034E-3,7.476483822E-2
2.838663379E1,-5.166482806E-2,-7.525878176E-3,5.310850561E-2
2.839662879E1,-6.582853854E-2,-1.356729448E-2,5.376105487E-2
2.840662379E1,-4.051828086E-2,-1.551405184E-2,5.872358680E-2
2.841661879E1,-4.356877327E-2,-1.731587134E-2,5.580173314E-2
2.842661279E1,-5.267873526E-2,-9.802783951E-3,5.968779266E-2
2.843660779E1,-5.343711913E-2,-1.546917446E-2,5.875633121E-2
2.844660279E1,-4.649530470E-2,-2.105370395E-2,4.784425735E-2
2.845659779E1,-6.336627603E-2,-1.675176121E-2,4.712446511E-2
2.846659279E1,-8.723344088E-2,-1.908056103E-2,2.733865678E-2
2.847658779E1,-8.051966786E-2,-5.054625571E-3,1.348134041E-2
2.848658179E1,-8.384322524E-2,-2.515296757E-2,1.886077881E-2
2.849657679E1,-5.175429046E-2,-1.015595578E-2,5.024512410E-2
2.850657179E1,-3.868634820E-2,-8.228421137E-3,7.622196436E-2
2.851656679E1,-1.672888398E-2,-9.264620841E-3,1.013264000E-1
2.852656179E1,-8.133476973E-3,4.562290013E-4,1.065304220E-1
2.853655579E1,1.224640846E-2,-3.245935589E-4,1.117590022E-1
2.854655079E1,-7.147636414E-3,-7.427060232E-3,8.675630808E-2
2.855654579E1,-4.404239774E-2,-6.026798263E-3,5.844818294E-2
2.856654079E1,-5.130113125E-2,-1.744582571E-2,5.965504825E-2
2.857653579E1,-7.620325327E-2,-1.080053821E-2,3.499909401E-2
2.858652979E1,-7.355738819E-2,-1.400481239E-2,5.425455987E-2
2.859652479E1,-5.987373412E-2,2.895175740E-3,4.595969975E-2
2.860651979E1,-5.315469861E-2,-1.029197663E-2,5.462468863E-2
2.861651479E1,-5.479133427E-2,-2.729714155E-2,6.496724367E-2
2.862650979E1,-7.502503932E-2,-1.747813158E-2,3.861267328E-2
2.863650479E1,-6.830132604E-2,-2.589074001E-2,2.640894949E-2
2.864649879E1,-8.288486660E-2,-2.053001270E-2,4.459203601E-2
2.865649379E1,-8.113596439E-2,-1.183103688E-2,2.197559059E-2
2.866648879E1,-7.311124563E-2,-6.488728300E-3,3.038914919E-2
2.867648379E1,-4.742676616E-2,-1.719593033E-2,5.064215004E-2
2.868647879E1,-1.791645348E-2,-6.007575542E-3,7.886607528E-2
2.869647279E1,-1.285276473E-2,-4.960193038E-3,9.892436385E-2
2.870646779E1,-9.685912728E-3,-1.600331761E-2,8.975242138E-2
2.871646279E1,-1.815735877E-2,-1.790161617E-2,7.637983918E-2
2.872645779E1,-6.078589976E-2,-1.578974806E-2,6.864631176E-2
2.873645279E1,-6.184366107E-2,-1.661902942E-2,4.009728134E-2
2.874644679E1,-6.466552734E-2,-1.599242717E-2,4.918560863E-2
2.875644179E1,-5.741614938E-2,-2.682424799E-2,4.384300768E-2
2.876643679E1,-5.772078931E-2,-8.357352242E-3,4.668826282E-2
2.877643179E1,-5.193555415E-2,-1.388859898E-2,6.264356017E-2
2.878642679E1,-4.798166692E-2,-9.572842196E-3,4.966975808E-2
2.879642179E1,-5.455627620E-2,-1.892802179E-2,4.699874997E-2
2.880641579E1,-6.263771296E-2,-1.937942684E-2,4.866813004E-2
2.881641079E1,-4.139711738E-2,-8.337617889E-3,6.500583529E-2
2.882640579E1,-4.205726802E-2,-8.981250152E-3,5.867914796E-2
2.883640079E1,-1.646868289E-2,-1.142597102E-2,7.352055073E-2
2.884639579E1,-2.298715889E-2,-4.589845017E-3,5.981935501E-2
2.885638979E1,-6.019591570E-2,-1.302240707E-2,7.272006691E-2
2.886638488E1,-3.996688843E-2,-2.712267525E-2,5.864172578E-2
2.887637988E1,-5.196128190E-2,-1.476604678E-2,5.352424264E-2
2.888637487E1,-5.408499062E-2,-1.916052170E-2,7.158102930E-2
2.889636987E1,-5.498312294E-2,-5.268633664E-3,6.817444146E-2
2.890636487E1,-4.227127612E-2,-6.941302791E-3,4.958146513E-2
2.891635887E1,-4.289517403E-2,-1.106125094E-2,6.701493859E-2
2.892635388E1,-3.587032914E-2,-1.278318286E-2,7.062851787E-2
2.893634888E1,-5.059244871E-2,-1.744692206E-2,7.128632963E-2
2.894634387E1,-5.426800847E-2,-1.923412353E-2,7.087410092E-2
2.895633887E1,-3.909331441E-2,-3.117954656E-2,7.580038011E-2
2.896633287E1,-4.473003030E-2,-1.619971097E-2,7.576412737E-2
2.897632787E1,-3.701755285E-2,-1.051570572E-2,6.704534411E-2
2.898632288E1,-4.766474783E-2,-7.933209836E-3,6.393287122E-2
2.899631788E1,-5.649053514E-2,-6.733288094E-3,5.666653633E-2
2.900631288E1,-5.886859775E-2,-2.339317493E-2,5.256997705E-2
2.901630787E1,-5.713489830E-2,-1.335723326E-3,4.749751747E-2
2.902630187E1,-6.070696235E-2,-1.864845179E-2,3.986222327E-2
2.903629687E1,-5.645077407E-2,4.245517105E-3,3.561539054E-2
2.904629187E1,-6.867379367E-2,-7.327365205E-3,2.772398829E-2
2.905628688E1,-7.535891533E-2,-2.585287929E-2,4.457975686E-2
2.906628188E1,-7.708676755E-2,-2.187596865E-2,3.453716397E-2
2.907627588E1,-4.732736349E-2,-3.116931394E-2,5.542517245E-2
2.908627087E1,-4.517968118E-2,-2.085022084E-2,6.323062062E-2
2.909626587E1,-4.332260549E-2,-8.255245239E-3,7.162605286E-2
2.910626087E1,-2.630136073E-2,-2.225048281E-2,7.239262283E-2
2.911625588E1,-3.754555643E-2,-2.139876276E-2,5.920715153E-2
2.912625088E1,-4.645846725E-2,-3.346821986E-2,6.885622680E-2
2.913624488E1,-6.290843904E-2,-9.358030111E-3,5.437208891E-2
2.914623987E1,-4.826057911E-2,-1.874324977E-2,6.199334979E-2
2.915623487E1,-2.309591711E-2,-1.236686110E-4,6.894335032E-2
2.916622987E1,-3.031021178E-2,-1.613166399E-2,7.208096623E-2
2.917622488E1,-5.253606319E-2,-2.184680566E-2,6.628871441E-2
2.918621888E1,-4.186957240E-2,-1.511139795E-3,6.120806873E-2
2.919621388E1,-3.164454639E-2,-1.967149526E-3,7.155003905E-2
2.920620887E1,-4.609652460E-2,-1.993023455E-3,7.726803124E-2
2.921620387E1,-3.995694816E-2,-1.113185607E-2,6.309087217E-2
2.922619887E1,-4.548782945E-2,-3.040552139E-5,6.108995497E-2
2.923619388E1,-4.502180636E-2,-9.985143989E-3,6.002283812E-2
2.924618788E1,-4.817754865E-2,-1.964225918E-2,4.680579185E-2
2.925618288E1,-5.096667051E-2,-1.729233630E-2,5.385811865E-2
2.926617788E1,-4.052939057E-2,-1.566337511E-2,4.883828402E-2
2.927617287E1,-3.608024418E-2,-3.613038406E-2,5.477320790E-2
2.928616787E1,-3.512188554E-2,-2.155649140E-2,6.483977437E-2
2.929616187E1,-5.595376074E-2,-2.048835129E-2,6.298152924E-2
2.930615687E1,-5.274656296E-2,-2.508828275E-2,6.853579938E-2
2.931615188E1,-6.023509204E-2,-2.147799253E-2,8.224225760E-2
2.932614688E1,-5.371837020E-2,-1.137868166E-2,5.366516054E-2
2.933614187E1,-5.809267223E-2,4.250633419E-3,4.536445320E-2
2.934613687E1,-5.830843449E-2,-5.215716362E-4,5.589528859E-2
2.935613087E1,-4.667890728E-2,-1.477554850E-2,4.149944365E-2
2.936612587E1,-5.018431306E-2,-1.232242227E-2,6.212783575E-2
2.937612088E1,-2.998744547E-2,-3.731649175E-2,5.935976386E-2
2.938611588E1,-2.483487904E-2,-2.727784574E-2,7.252126157E-2
2.939611087E1,-3.738241911E-2,-1.512806252E-2,6.407554328E-2
2.940610487E1,-4.903884351E-2,-1.674043223E-2,6.484620631E-2
2.941609987E1,-7.213885367E-2,-5.659154579E-3,6.600453973E-2
2.942609487E1,-5.084387898E-2,-4.786896184E-3,4.319338202E-2
2.943608988E1,-5.243841469E-2,-4.195377231E-3,5.454809010E-2
2.944608488E1,-5.303424597E-2,-5.477744713E-3,6.556833744E-2
2.945607888E1,-3.070606828E-2,-2.355711624E-2,6.552682221E-2
2.946607387E1,-2.787016869E-2,-3.798351288E-3,5.766991854E-2
2.947606887E1,-4.298931420E-2,-2.459156178E-2,7.315100670E-2
2.948606387E1,-4.097027063E-2,-2.040064305E-2,5.905629337E-2
2.949605888E1,-4.943762362E-2,-8.624350727E-3,5.316054583E-2
2.950605388E1,-5.934046805E-2,-2.110603653E-2,4.000255644E-2
2.951604788E1,-4.864532590E-2,-5.450043529E-3,5.912704468E-2
2.952604288E1,-4.013762712E-2,-1.503092565E-2,5.378035069E-2
2.953603787E1,-4.278524637E-2,-1.864143513E-2,4.372664809E-2
2.954603287E1,-3.949326396E-2,-2.047943428E-2,5.488430500E-2
2.955602787E1,-4.818339586E-2,-1.181598030E-2,4.134098411E-2
2.956602187E1,-4.979371905E-2,-1.361078314E-2,3.380450785E-2
2.957601688E1,-6.269326150E-2,-1.804450750E-3,6.020936430E-2
2.958601188E1,-6.559289575E-2,-1.536692128E-2,5.388852417E-2
2.959600687E1,-4.702447772E-2,-2.669590160E-2,5.587716222E-2
2.960600187E1,-5.489833832E-2,-1.224070743E-2,7.095654666E-2
2.961599687E1,-4.315186679E-2,3.406514749E-3,5.837041497E-2
2.962599087E1,-4.721100390E-2,2.746656463E-3,5.753835618E-2
2.963598588E1,-6.729560494E-2,-4.432920367E-4,4.277764499E-2
2.964598088E1,-4.886810482E-2,-9.326308966E-4,5.144789636E-2
2.965597587E1,-7.055308878E-2,-1.500614807E-3,4.009611189E-2
2.966597087E1,-6.167818487E-2,-3.333716914E-3,3.328118205E-2
2.967596487E1,-3.989496768E-2,-2.023575157E-3,5.946969151E-2
2.968595987E1,-5.052988350E-2,-1.382194072E-2,5.487144113E-2
2.969595488E1,-5.204957485E-2,-1.172227867E-2,5.699164152E-2
2.970594988E1,-5.509188116E-2,-8.696271479E-3,3.877464116E-2
2.971594487E1,-8.055884421E-2,1.695034727E-3,3.342093050E-2
2.972593987E1,-6.247516036E-2,-1.005538367E-2,4.501654387E-2
2.973593387E1,-5.405107677E-2,-1.822555192E-2,5.442646801E-2
2.974592887E1,-4.517324924E-2,-1.902267359E-2,6.369605899E-2
2.975592388E1,-2.921268940E-2,-7.312600985E-3,7.586236060E-2
2.976591888E1,-5.878205895E-3,-8.540370092E-3,8.009749889E-2
2.977591388E1,-1.888299823E-2,-4.242081866E-3,1.100668180E-1
2.978590788E1,-4.173040867E-2,-1.858859092E-2,7.100917161E-2
2.979590287E1,-4.651576996E-2,-4.298288226E-3,4.925460577E-2
2.980589787E1,-4.135092437E-2,-1.400868617E-2,5.438787639E-2
2.981589287E1,-4.276478112E-2,-8.562589511E-3,5.459428310E-2
2.982588788E1,-3.363318443E-2,-1.233689412E-2,5.531641424E-2
2.983588288E1,-7.288145006E-2,-2.546367399E-2,5.467614412E-2
2.984587688E1,-6.989469230E-2,-2.112818286E-3,4.374302030E-2
2.985587187E1,-5.036850035E-2,-4.659792334E-3,4.728409410E-2
2.986586754E1,-6.970699668E-2,-3.262073904E-2,6.869016588E-2
2.987586254E1,-4.561003625E-2,-1.058821119E-2,5.432063341E-2
2.988585754E1,-1.299075902E-2,-4.186533317E-3,4.635087848E-2
2.989585254E1,-4.592461646E-2,3.450661227E-3,7.027885437E-2
2.990584654E1,-4.830150962E-2,1.104860634E-2,5.412358224E-2
2.991584154E1,-5.153092682E-2,-1.008425429E-2,5.100818574E-2
2.992583654E1,-5.014455199E-2,-1.389561564E-2,5.009075761E-2
2.993583154E1,-3.592938602E-2,-1.254439719E-2,6.813701928E-2
2.994582654E1,-3.421673656E-2,-2.761676498E-2,7.739959359E-2
2.995582054E1,-5.089007199E-2,-2.096848078E-2,6.769496977E-2
2.996581554E1,-4.890611172E-2,-1.258203864E-2,5.915452659E-2
2.997581054E1,-4.825297773E-2,-4.199177921E-3,6.514733791E-2
2.998580554E1,-5.258693397E-2,-1.007570274E-2,3.683687389E-2
2.999580054E1,-6.326453447E-2,-2.005273372E-2,3.111186504E-2
3.000579454E1,-5.486910224E-2,-2.203084677E-3,5.659520030E-2
3.001578954E1,-5.071582496E-2,-2.110070094E-2,6.185652494E-2
3.002578454E1,-5.162272811E-2,-2.621811099E-2,6.952163994E-2
3.003577954E1,-3.071250021E-2,-2.021879464E-2,7.662893057E-2
3.004577454E1,-1.816496015E-2,-1.359923489E-2,7.537119448E-2
3.005576954E1,-3.976632893E-2,-2.125287473E-2,7.740368664E-2
3.006576354E1,-4.225314975E-2,-1.858939491E-2,6.079057753E-2
3.007575854E1,-5.117307723E-2,-1.514421545E-2,3.368814826E-2
3.008575354E1,-5.729277313E-2,-1.284640588E-2,4.115621209E-2
3.009574854E1,-5.714893162E-2,-1.135302700E-2,5.207705677E-2
3.010574354E1,-6.509178936E-2,-8.647374138E-3,5.480595231E-2
3.011573854E1,-6.702078581E-2,-1.030023582E-2,3.304904759E-2
3.012573254E1,-7.579687178E-2,-1.009097859E-2,5.087311506E-2
3.013572754E1,-7.940284967E-2,-1.813082702E-2,6.547244310E-2
3.014572254E1,-4.246306479E-2,-6.859222502E-3,3.961839437E-2
3.015571754E1,-4.177484751E-2,-1.454246387E-2,4.575914025E-2
3.016571254E1,-5.315996110E-2,-1.459187284E-2,4.687712789E-2
3.017570654E1,-5.615665913E-2,-2.120456211E-2,6.192435265E-2
3.018570154E1,-1.712240160E-2,-2.017391726E-2,5.342250109E-2
3.019569654E1,-2.279829383E-2,4.660815597E-3,6.544788480E-2
3.020569154E1,-3.695498765E-2,-9.963070750E-3,8.002791703E-2
3.021568654E1,-2.908112705E-2,-2.399646141E-2,8.158561528E-2
3.022568154E1,-5.654842257E-2,-1.732508071E-2,8.176980257E-2
3.023567554E1,-2.540790617E-2,-1.378641888E-2,5.925159037E-2
3.024567054E1,-5.869727433E-2,-2.372215390E-3,4.310567379E-2
3.025566554E1,-6.373932838E-2,-9.535931647E-3,5.641218245E-2
3.026566054E1,-6.640156567E-2,-5.014425963E-3,5.415925026E-2
3.027565554E1,-4.976155937E-2,-1.180472441E-2,4.399503529E-2
3.028564954E1,-4.385587156E-2,-1.959613927E-2,3.746661901E-2
3.029564454E1,-3.650709093E-2,-8.932864442E-3,3.030027151E-2
3.030563954E1,-5.761787832E-2,-1.247423060E-2,4.976214409E-2
3.031563454E1,-5.936619580E-2,-2.711675495E-2,5.972463012E-2
3.032562954E1,-4.145383537E-2,-1.652876303E-2,5.334824145E-2
3.033562454E1,-4.071240842E-2,-4.982412457E-3,5.839204967E-2
3.034561854E1,-3.279820204E-2,-1.496967606E-2,5.102221906E-2
3.035561354E1,-5.038838089E-2,-1.608262047E-2,3.474123180E-2
3.036560854E1,-4.970951915E-2,-1.132817633E-2,4.646080613E-2
3.037560354E1,-4.828864574E-2,-2.531902850E-2,5.130347013E-2
3.038559854E1,-4.486042321E-2,-2.891521230E-2,5.051818907E-2
3.039559254E1,-4.414238513E-2,-2.328456290E-2,6.107124388E-2
3.040558754E1,-5.333830118E-2,-7.583546340E-3,6.351713419E-2
3.041558254E1,-5.912996829E-2,-1.463843130E-2,7.490926445E-2
3.042557754E1,-5.518075883E-2,-1.698959671E-2,7.943150103E-2
3.043557254E1,-4.542994201E-2,-1.244082838E-2,6.558178604E-2
3.044556754E1,-4.155440748E-2,-8.253783435E-3,5.543511271E-2
3.045556154E1,-4.737063289E-2,-4.412820563E-3,4.967677474E-2
3.046555654E1,-6.502220750E-2,-5.658569857E-3,2.581896544E-2
3.047555154E1,-7.865616024E-2,-2.405683391E-2,3.134575367E-2
3.048554654E1,-6.546659589E-2,-2.394829497E-2,4.602401912E-2
3.049554154E1,-4.155908525E-2,-2.820287526E-2,4.850440800E-2
3.050553554E1,-1.372283041E-2,-4.787773266E-3,7.614068806E-2
3.051553054E1,-2.206154466E-2,-1.997993588E-3,8.855491161E-2
3.052552554E1,-4.957444847E-2,-2.679998204E-3,6.665416539E-2
3.053552054E1,-4.843482614E-2,-4.806995988E-3,5.050474048E-2
3.054551554E1,-4.363777041E-2,-1.694669276E-3,2.202529192E-2
3.055551054E1,-6.377265751E-2,-3.208074868E-3,3.213512778E-2
3.056550454E1,-6.156884193E-2,-6.311703846E-3,3.498973846E-2
3.057549954E1,-4.106148720E-2,-2.351465084E-2,3.988385797E-2
3.058549454E1,-5.919019461E-2,-2.290507860E-2,6.873752832E-2
3.059548954E1,-5.821897209E-2,-7.061755434E-3,5.457440257E-2
3.060548454E1,-6.607236743E-2,-8.225058988E-3,3.683278084E-2
3.061547954E1,-6.319319844E-2,-1.369162090E-2,6.727397025E-2
3.062547354E1,-5.270095468E-2,-2.073261872E-2,6.385627270E-2
3.063546854E1,-2.494071364E-2,-8.694005683E-3,6.721082032E-2
3.064546354E1,-3.696902096E-2,-1.101359613E-2,7.012507260E-2
3.065545854E1,-2.722112775E-2,-2.880871989E-2,7.341179252E-2
3.066545354E1,-3.265260637E-2,-2.831426471E-2,6.867320895E-2
3.067544754E1,-3.904712141E-2,-2.164953522E-2,7.413216949E-2
3.068544254E1,-2.172357559E-2,-2.306171089E-2,8.664170265E-2
3.069543754E1,-3.297127962E-2,-2.677103832E-2,7.760483086E-2
3.070543254E1,-4.281155884E-2,-3.033827841E-3,7.264990032E-2
3.071542754E1,-6.672725558E-2,-1.846974626E-2,5.636131167E-2
3.072542254E1,-4.971361220E-2,-1.334444247E-2,3.938567519E-2
3.073541654E1,-3.638371468E-2,-1.901163697E-2,6.050172508E-2
3.074541154E1,-4.360736489E-2,-1.207048036E-2,6.494443953E-2
3.075540654E1,-5.214897752E-2,-9.126626551E-3,6.195475817E-2
3.076540154E1,-5.133738399E-2,-1.548262306E-2,4.289985180E-2
3.077539654E1,-5.806519032E-2,-1.949469008E-2,4.712271094E-2
3.078539054E1,-6.221320510E-2,-2.114923283E-2,3.563585579E-2
3.079538554E1,-5.241034806E-2,-1.161849059E-2,5.275767267E-2
3.080538054E1,-5.942817628E-2,-2.272432655E-2,4.766123950E-2
3.081537554E1,-4.994340777E-2,-2.010404304E-2,5.311259866E-2
3.082537054E1,-5.281497538E-2,-1.194900446E-2,5.132510483E-2
3.083536554E1,-3.735727608E-2,-9.361099899E-3,6.156767249E-2
3.084535954E1,-3.621999264E-2,4.726450592E-3,5.294595301E-2
3.085535454E1,-5.186889589E-2,-1.788919084E-2,4.746594250E-2
3.086534950E1,-5.496441185E-2,-7.203038782E-3,6.111392856E-2
3.087534450E1,-4.117667735E-2,-2.237649031E-2,5.440424860E-2
3.088533950E1,-3.003013015E-2,-2.333806492E-2,7.421227634E-2
3.089533450E1,-4.564161122E-2,-2.585229456E-2,6.876793385E-2
3.090532850E1,-3.285608947E-2,-9.493977875E-3,6.803644717E-2
3.091532350E1,-4.311795294E-2,-1.724387750E-2,6.029297948E-2
3.092531850E1,-4.684204459E-2,-2.730518147E-2,6.162848353E-2
3.093531350E1,-4.881372571E-2,-1.508062698E-2,5.225715101E-2
3.094530850E1,-4.686484873E-2,-1.899913855E-2,6.401882529E-2
3.095530250E1,-4.583281517E-2,-2.572248638E-2,6.531281412E-2
3.096529750E1,-4.512120903E-2,1.644529402E-5,6.812415540E-2
3.097529250E1,-4.249931753E-2,-8.542635888E-3,5.608064532E-2
3.098528750E1,-5.292782664E-2,-9.902990609E-3,4.805943489E-2
3.099528250E1,-4.890260339E-2,-2.097491272E-2,4.235781491E-2
3.100527750E1,-5.011531591E-2,-5.850066170E-3,5.056087375E-2
3.101527150E1,-4.641519785E-2,-9.195038974E-3,4.991943419E-2
3.102526650E1,-5.647767127E-2,-8.759055957E-3,6.100750923E-2
3.103526150E1,-7.301944435E-2,-8.057974800E-3,5.289508224E-2
3.104525650E1,-5.844584405E-2,-1.776829965E-2,4.894704223E-2
3.105525150E1,-5.021998107E-2,-1.161556698E-2,4.255018830E-2
3.106524650E1,-4.803780019E-2,-1.894359000E-2,4.465518594E-2
3.107524050E1,-5.951296091E-2,-8.366196156E-3,5.630225480E-2
3.108523550E1,-3.070255995E-2,-2.335494876E-2,5.715419412E-2
3.109523050E1,-3.582530558E-2,-1.301020101E-2,5.550118625E-2
3.110522550E1,-2.761055231E-2,-1.621944532E-2,6.629456162E-2
3.111522050E1,-1.242708743E-2,-2.191039413E-2,6.620042145E-2
3.112521450E1,-4.881314099E-2,-2.650308967E-2,6.286341548E-2
3.113520950E1,-4.634327710E-2,-2.048762038E-2,7.413801670E-2
3.114520450E1,-4.577024996E-2,-8.654610068E-3,5.807922363E-2
3.115519950E1,-5.399260461E-2,-1.739437021E-2,5.854817033E-2
3.116519450E1,-5.994214654E-2,-2.119440258E-2,5.666595161E-2
3.117518950E1,-5.633499920E-2,-6.107709110E-3,6.960525513E-2
3.118518350E1,-3.233393312E-2,-1.575415313E-2,6.670620561E-2
3.119517850E1,-3.691171825E-2,-1.092917696E-2,6.411179602E-2
3.120517350E1,-4.526212692E-2,-1.690349646E-2,6.906321824E-2
3.121516850E1,-4.684204459E-2,-8.865694553E-3,7.630382538E-2
3.122516350E1,-6.409016132E-2,-1.098626040E-2,6.322711229E-2
3.123515750E1,-6.087711632E-2,-1.679130301E-2,5.161512673E-2
3.124515250E1,-3.663689911E-2,-1.493766256E-2,2.704746544E-2
3.125514750E1,-1.724753201E-2,-1.910577714E-2,5.870546043E-2
3.126514250E1,-2.213814318E-2,-4.526475817E-3,6.773999333E-2
3.127513750E1,-5.304360151E-2,-1.734159909E-2,5.509538949E-2
3.128513250E1,-3.907401860E-2,-2.128423043E-2,5.677763343E-2
3.129512650E1,-2.386658013E-2,-1.340715386E-2,5.669752657E-2
3.130512150E1,-2.857943594E-2,-1.250887536E-2,5.810787499E-2
3.131511650E1,-3.616444409E-2,2.865793481E-3,5.181627095E-2
3.132511150E1,-7.024318635E-2,-7.224088758E-3,4.511302292E-2
3.133510650E1,-4.942709863E-2,-1.970394731E-2,3.843784153E-2
3.134510150E1,-5.190514863E-2,-1.671799354E-2,3.242047191E-2
3.135509550E1,-6.955438435E-2,-1.570028566E-2,4.008383274E-2
3.136509050E1,-6.029064059E-2,-2.089984909E-2,5.312020004E-2
3.137508550E1,-5.139527142E-2,-2.052796617E-2,5.803770840E-2
3.138508050E1,-4.539135039E-2,-1.993337743E-2,5.870896876E-2
3.139507550E1,-3.298005044E-2,-7.259683684E-3,6.589870512E-2
3.140506950E1,-3.572297931E-2,-1.247481532E-2,7.227509379E-2
3.141506450E1,-3.990549266E-2,-1.422437534E-2,5.024512410E-2
3.142505950E1,-3.719121516E-2,-1.093246602E-2,6.189570129E-2
3.143505450E1,-3.344256520E-2,-1.269971386E-2,5.854875505E-2
3.144504950E1,-4.668767810E-2,-3.380063407E-2,3.569257379E-2
3.145504450E1,-5.867680907E-2,-4.043568894E-3,4.478674829E-2
3.146503850E1,-7.285396814E-2,-1.141763873E-2,4.918093085E-2
3.147503350E1,-5.644901991E-2,-2.033398479E-2,4.494871616E-2
3.148502850E1,-3.675033510E-2,-1.240501419E-2,4.297118783E-2
3.149502350E1,-3.939386129E-2,-1.556075647E-2,6.159573913E-2
3.150501850E1,-4.671808362E-2,-1.691511780E-2,5.563742638E-2
3.151501350E1,-4.890143394E-2,-2.280852646E-2,4.672393084E-2
3.152500750E1,-6.693424702E-2,-2.627190538E-2,5.715711772E-2
3.153500250E1,-5.898612678E-2,-1.089869834E-2,6.017895877E-2
3.154499750E1,-3.150479794E-2,-3.247580118E-2,5.160927951E-2
3.155499250E1,-3.247485101E-2,-1.190756232E-2,5.020770192E-2
3.156498750E1,-5.144555748E-2,-2.835731484E-2,5.597364128E-2
3.157498250E1,-4.579071522E-2,-2.587378308E-2,6.451233029E-2
3.158497650E1,-4.193038344E-2,-1.894856013E-2,5.807688475E-2
3.159497150E1,-5.807337642E-2,-7.162400633E-3,3.940555573E-2
3.160496650E1,-3.910968661E-2,3.636310324E-3,6.842821062E-2
3.161496150E1,-3.816945434E-2,-8.699414358E-3,7.269083083E-2
3.162495650E1,-3.932018638E-2,-1.568786032E-2,6.634192407E-2
3.163495050E1,-4.686718762E-2,-1.079776078E-2,6.944679558E-2
3.164494550E1,-3.155216038E-2,-1.713000298E-2,7.354043126E-2
3.165494050E1,-2.657208681E-2,-2.432997197E-2,7.716570497E-2
3.166493550E1,-3.065987527E-2,-1.905819543E-2,6.930529296E-2
3.167493050E1,-4.158481300E-2,-1.822167814E-2,6.865508258E-2
3.168492550E1,-4.658652127E-2,-1.044670857E-2,5.808039308E-2
3.169491950E1,-5.254132569E-2,-2.028391801E-2,5.685657084E-2
3.170491450E1,-5.581050396E-2,-1.304323778E-2,4.771386445E-2
3.171490950E1,-3.626326203E-2,-8.500316665E-3,7.245577276E-2
3.172490450E1,-3.960553050E-2,-1.085316315E-3,6.667813897E-2
3.173489950E1,-3.580191672E-2,-8.371824101E-3,4.652863383E-2
3.174489450E1,-3.749117732E-2,-1.374811962E-2,5.502229929E-2
3.175488850E1,-3.470556378E-2,-2.362092398E-2,5.494920909E-2
3.176488350E1,-5.583447754E-2,-1.937065601E-2,4.965514004E-2
3.177487850E1,-3.970084012E-2,-2.318201736E-2,4.677129328E-2
3.178487350E1,-5.228638709E-2,-2.059469752E-2,3.029734790E-2
3.179486850E1,-7.668214023E-2,-1.651399881E-2,3.122471631E-2
3.180486250E1,-5.609701753E-2,-1.193058573E-2,3.538851857E-2
3.181485750E1,-7.467888415E-2,-5.709002092E-3,4.815006673E-2
3.182485250E1,-6.855158687E-2,-4.500894248E-4,4.194149315E-2
3.183484750E1,-6.991749644E-2,-1.252020434E-2,5.982871056E-2
3.184484250E1,-4.836407483E-2,-1.283149548E-2,6.258274913E-2
3.185483750E1,-3.489325941E-2,-1.334553882E-2,5.279743373E-2
3.186483150E1,-3.439449191E-2,-1.097186163E-2,5.931941807E-2
3.187482650E1,-4.986739397E-2,-1.858332843E-2,7.499171019E-2
3.188482150E1,-2.890395641E-2,-1.131597027E-2,6.679566801E-2
3.189481650E1,-4.173917949E-2,-8.067841977E-3,7.299897909E-2
3.190481150E1,-4.233501077E-2,-1.869179428E-2,7.359714925E-2
3.191480650E1,-3.407055616E-2,-2.180901803E-2,7.104483962E-2
3.192480050E1,-5.006035209E-2,-3.361703150E-2,5.785819888E-2
3.193479550E1,-4.927331686E-2,-1.154978581E-2,4.532527685E-2
3.194479050E1,-5.739685357E-2,-5.043150410E-3,4.247534394E-2
3.195478550E1,-5.279626429E-2,-1.387741618E-2,3.963593602E-2
3.196478050E1,-6.258041024E-2,-4.924378842E-3,2.677206159E-2
3.197477550E1,-6.187406659E-2,-1.273560114E-2,4.732151628E-2
3.198476950E1,-6.680268466E-2,-2.453937538E-2,5.308804035E-2
3.199476450E1,-5.858559251E-2,-3.003093414E-2,5.930538476E-2
3.200475950E1,-4.998024523E-2,-1.360859044E-2,6.783062518E-2
3.201475450E1,-3.183224201E-2,-1.138664849E-2,6.326044142E-2
3.202474950E1,-2.451737523E-2,-1.700114496E-2,8.822863698E-2
3.203474450E1,-2.514653563E-2,-2.327922732E-2,8.679256082E-2
3.204473850E1,-3.842907071E-2,-1.317845464E-2,7.683650672E-2
3.205473350E1,-4.103400528E-2,-1.368233845E-2,6.529234886E-2
3.206472850E1,-2.128035665E-2,-1.669599339E-2,6.832062185E-2
3.207472350E1,-4.300276279E-2,9.500263631E-4,6.849428415E-2
3.208471850E1,-6.678280413E-2,-9.871561825E-3,5.407037258E-2
3.209471250E1,-6.286809325E-2,-1.496536374E-2,3.454535007E-2
3.210470750E1,-8.171133041E-2,-1.453807846E-2,2.940506279E-2
3.211470250E1,-6.380891025E-2,-1.596830741E-2,2.153587997E-2
3.212469750E1,-8.004545867E-2,-2.339851052E-2,4.169006288E-2
3.213469250E1,-7.435319424E-2,-1.194637321E-2,5.983923554E-2
3.214468750E1,-5.961470246E-2,-8.581592962E-3,4.722854555E-2
3.215468150E1,-3.742451906E-2,-2.103097290E-2,5.809676528E-2
3.216467650E1,-3.418808520E-2,-2.784005553E-4,5.209342897E-2
3.217467150E1,-3.434011281E-2,-4.256626815E-3,6.871764779E-2
3.218466650E1,-6.180506945E-2,-1.094854586E-2,5.247700632E-2
3.219466150E1,-4.109657049E-2,-1.613188326E-2,4.773783803E-2
3.220465650E1,-1.957413912E-2,-1.790848665E-2,7.760775447E-2
3.221465050E1,-3.228949428E-2,-1.629582457E-2,7.758611977E-2
3.222464550E1,-3.435297668E-2,-1.840549998E-2,5.242262721E-2
3.223464050E1,-3.933655858E-2,-4.872704074E-3,5.938607633E-2
3.224463550E1,-3.971896648E-2,-1.339012384E-2,5.298629880E-2
3.225463050E1,-5.594382048E-2,-2.053885661E-2,4.975512743E-2
3.226462550E1,-5.963867605E-2,-8.554915041E-3,6.012224078E-2
3.227461950E1,-5.888496995E-2,-1.514677361E-2,5.116606057E-2
3.228461450E1,-6.928307354E-2,-1.350684889E-2,5.101929545E-2
3.229460950E1,-6.703715801E-2,1.874763519E-3,5.500826597E-2
3.230460450E1,-4.505104244E-2,-1.273889020E-2,7.062676370E-2
3.231459950E1,-4.756008267E-2,-1.802901238E-2,6.395509064E-2
3.232459350E1,-3.908688247E-2,-1.639559269E-2,5.030242682E-2
3.233458850E1,-4.488498151E-2,-2.496044800E-2,6.651675582E-2
3.234458350E1,-6.363817155E-2,-1.427539229E-2,4.925226688E-2
3.235457850E1,-4.433885157E-2,1.053229719E-3,4.863363147E-2
3.236457350E1,-6.855158687E-2,-1.053397827E-2,4.059604883E-2
3.237456850E1,-8.249661148E-2,-5.826384947E-3,2.234571934E-2
3.238456250E1,-6.070286930E-2,-1.412168361E-2,4.094863594E-2
3.239455750E1,-2.875192881E-2,1.294427365E-4,6.341890097E-2
3.240455250E1,-3.538851857E-2,-2.928607196E-2,7.168101668E-2
3.241454750E1,-3.502423704E-2,-2.802102685E-2,7.135591149E-2
3.242454250E1,-2.411801040E-2,-2.580025434E-2,7.400762379E-2
3.243453750E1,-2.423378527E-2,-2.046437770E-2,5.769096851E-2
3.244453150E1,-2.906300068E-2,-1.645216450E-2,3.753210783E-2
3.245452650E1,-4.864240229E-2,-1.644383222E-2,5.800262511E-2
3.246452150E1,-5.614379525E-2,-2.789662734E-2,6.528884053E-2
3.247451650E1,-6.389603376E-2,-1.888694510E-2,5.920013487E-2
3.248451150E1,-4.076210976E-2,-1.699602865E-2,5.280620456E-2
3.249450650E1,-5.059712648E-2,-1.934660934E-2,4.904761434E-2
3.250450050E1,-6.142909348E-2,-1.155716792E-2,5.434870005E-2
3.251449550E1,-6.067187905E-2,-7.708457485E-3,4.607605934E-2
3.252449050E1,-4.991826475E-2,-1.179916956E-2,4.946861386E-2
3.253448550E1,-5.341431499E-2,-6.298401430E-3,4.625030637E-2
3.254448050E1,-4.208124161E-2,-1.606646754E-2,4.964870811E-2
3.255447550E1,-4.650582969E-2,-8.345438540E-3,4.060189605E-2
3.256446950E1,-4.415934205E-2,-1.502288572E-2,4.520833254E-2
3.257446450E1,-5.845870793E-2,-8.130261004E-3,5.068015695E-2
3.258445950E1,-5.473812461E-2,-1.531349234E-2,5.891186714E-2
3.259445450E1,-3.485817611E-2,-3.935519658E-2,4.018323541E-2
3.260444950E1,-5.093392611E-2,-7.341837063E-3,5.334122479E-2
3.261444350E1,-3.420445740E-2,1.608349755E-3,3.356944978E-2
3.262443850E1,-5.563391805E-2,-7.639825791E-3,5.243724525E-2
3.263443350E1,-6.709095240E-2,-2.962506428E-2,6.928833604E-2
3.264442850E1,-4.605968714E-2,-1.524369121E-2,5.864289522E-2
3.265442350E1,-5.189813197E-2,-5.848604366E-3,3.774494648E-2
3.266441850E1,-6.350310087E-2,-1.504678622E-2,4.224087059E-2
3.267441250E1,-5.558714032E-2,-1.277141534E-2,6.309905827E-2
3.268440750E1,-2.996405661E-2,-2.696882039E-3,7.499755740E-2
3.269440250E1,-2.884080648E-2,-1.308336429E-2,7.899003625E-2
3.270439750E1,-3.816302240E-2,-1.632125996E-2,7.041100144E-2
3.271439250E1,-4.288523376E-2,-2.015571781E-2,6.793178201E-2
3.272438750E1,-4.531592131E-2,-2.201769054E-2,6.324933171E-2
3.273438150E1,-5.018431306E-2,-9.479871467E-3,3.122997880E-2
3.274437650E1,-4.080011666E-2,-9.119975343E-3,6.210269272E-2
3.275437150E1,-2.624405801E-2,-1.228353828E-3,5.462351918E-2
3.276436650E1,-4.524283111E-2,3.436701000E-3,4.193389177E-2
3.277436150E1,-7.002391577E-2,-9.829534963E-3,4.922478497E-2
3.278435550E1,-5.482934117E-2,-1.875465184E-2,4.769281447E-2
3.279435050E1,-6.363524795E-2,-1.611755759E-2,3.250291765E-2
3.280434550E1,-7.543317497E-2,-1.550316140E-2,5.489599943E-2
3.281434050E1,-4.465226233E-2,-7.398189604E-3,6.770607948E-2
3.282433550E1,-3.182405591E-2,-2.673931718E-3,8.459634662E-2
3.283433050E1,-3.940555573E-2,-2.514010370E-3,6.520405591E-2
3.284432450E1,-4.652454078E-2,-4.037429318E-3,6.015030742E-2
3.285431950E1,-5.512287140E-2,-7.677394152E-4,5.134498537E-2
3.286431375E1,-4.994750082E-2,-1.109180264E-2,6.457138717E-2
3.287430875E1,-4.002185225E-2,-1.805525176E-2,7.294226110E-2
3.288430375E1,-5.091463029E-2,-7.192002162E-3,7.711366475E-2
3.289429875E1,-3.574870706E-2,-7.786737084E-3,4.719872475E-2
3.290429275E1,-4.591643035E-2,-6.740085483E-3,4.348691225E-2
3.291428775E1,-6.184483051E-2,-2.343447089E-2,4.329629302E-2
3.292428275E1,-7.407252789E-2,-1.562244460E-2,4.486100793E-2
3.293427775E1,-6.611856043E-2,-1.845761329E-2,3.949384868E-2
3.294427275E1,-4.745424807E-2,-2.271226667E-2,5.533454061E-2
3.295426775E1,-4.055862665E-2,-2.285815470E-2,6.479825914E-2
3.296426175E1,-3.370802879E-2,-8.933887705E-3,6.821186364E-2
3.297425675E1,-5.764711440E-2,-1.396541677E-2,5.460597754E-2
3.298425175E1,-6.643606424E-2,-4.581366554E-3,4.713206649E-2
3.299424675E1,-3.386298001E-2,-2.913711414E-2,6.063796520E-2
3.300424175E1,-2.360579431E-2,-2.373925701E-2,5.869727433E-2
3.301423675E1,-3.769407570E-2,-1.512857415E-2,6.592384815E-2
3.302423075E1,-5.484278977E-2,-2.947581410E-3,5.247291327E-2
3.303422575E1,-8.623005867E-2,-2.136419110E-2,3.752392173E-2
3.304422075E1,-5.954687476E-2,-1.478132263E-2,3.144047856E-2
3.305421575E1,-5.400839210E-2,-1.687097132E-2,4.388276875E-2
3.306421075E1,-5.532986283E-2,-1.164078310E-2,4.465167761E-2
3.307420575E1,-4.005342722E-2,-5.181583241E-3,6.264531434E-2
3.308419975E1,-4.396346033E-2,-3.513957337E-3,4.665493369E-2
3.309419475E1,-4.790156007E-2,-5.620928407E-3,7.011454761E-2
3.310418975E1,-6.073853731E-2,-2.376030698E-2,6.175653756E-2
3.311418475E1,-3.607790530E-2,-2.590170354E-3,4.520307004E-2
3.312417975E1,-4.121877730E-2,-4.469830915E-3,5.814763606E-2
3.313417375E1,-6.287101686E-2,-1.681169517E-2,4.276302695E-2
3.314416875E1,-5.567952633E-2,-2.900832921E-2,4.081181109E-2
3.315416375E1,-6.001114368E-2,-1.390168212E-2,4.607781351E-2
3.316415875E1,-5.562046945E-2,-6.365936771E-3,4.463296652E-2
3.317415375E1,-4.078842223E-2,-2.228578538E-2,4.574861526E-2
3.318414875E1,-4.433943629E-2,-8.394335881E-3,6.573147476E-2
3.319414275E1,-4.737355649E-2,-3.466229439E-3,6.122619510E-2
3.320413775E1,-3.648311734E-2,9.609533474E-3,7.168277085E-2
3.321413275E1,-3.722220540E-2,-2.267170161E-2,7.120856166E-2
3.322412775E1,-5.177943349E-2,-7.582596168E-3,4.944756389E-2
3.323412275E1,-5.276527405E-2,-1.120319210E-2,5.306815982E-2
3.324411775E1,-4.910374761E-2,-4.872630984E-3,7.659501672E-2
3.325411175E1,-4.737472594E-2,-1.897260681E-2,6.363934100E-2
3.326410675E1,-5.045153081E-2,-2.445342131E-2,5.964452326E-2
3.327410175E1,-6.122736454E-2,-9.876970500E-3,5.364703417E-2
3.328409675E1,-4.954228878E-2,-1.855168037E-2,4.828806102E-2
3.329409175E1,-4.509840488E-2,-1.859209925E-2,5.140755057E-2
3.330408675E1,-5.266177833E-2,-1.486413382E-2,6.072918177E-2
3.331408075E1,-4.729988158E-2,-4.674702734E-3,5.455276787E-2
3.332407575E1,-6.800545692E-2,-8.066233993E-3,5.723254681E-2
3.333407075E1,-3.823494315E-2,-2.001458064E-2,5.230217457E-2
3.334406575E1,-4.495573282E-2,-1.708351761E-2,6.804638743E-2
3.335406075E1,-4.747529805E-2,4.157370329E-4,5.174961269E-2
3.336405575E1,-6.334288716E-2,-6.681832597E-3,5.699924290E-2
3.337404975E1,-6.493157566E-2,-1.317779683E-2,4.630585492E-2
3.338404475E1,-4.728526354E-2,-8.047449812E-3,5.874171317E-2
3.339403975E1,-6.737571180E-2,-2.197814874E-2,5.757168531E-2
3.340403475E1,-4.983172596E-2,-2.825871617E-2,4.713849843E-2
3.341402975E1,-2.264275789E-2,-1.079242520E-2,7.296506524E-2
3.342402475E1,-5.499657154E-2,-1.908852786E-2,5.602743566E-2
3.343401875E1,-5.619642019E-2,-1.283361509E-2,2.805143237E-2
3.344401375E1,-5.155957818E-2,-8.334328830E-3,3.929621279E-2
3.345400875E1,-6.134080052E-2,-1.099963591E-2,4.167193651E-2
3.346400375E1,-6.028596282E-2,-4.440741017E-3,5.508194089E-2
3.347399875E1,-5.814237356E-2,-1.413557075E-2,6.594723701E-2
3.348399275E1,-3.637669802E-2,-2.761004068E-2,7.307616234E-2
3.349398775E1,-3.952483892E-2,-1.648395874E-2,6.367267013E-2
3.350398275E1,-2.446241140E-2,-1.509568356E-2,6.358730078E-2
3.351397775E1,-3.037570059E-2,-2.511722647E-2,6.944328725E-2
3.352397275E1,-7.910756528E-2,-1.502339736E-2,6.405624747E-2
3.353396775E1,-5.617770910E-2,-2.611052223E-2,5.653146565E-2
3.354396175E1,-6.031461418E-2,-1.503896557E-2,5.249396324E-2
3.355395675E1,-5.156191707E-2,6.695281193E-3,4.626726329E-2
3.356395175E1,-5.926094592E-2,-1.250617102E-2,6.133963108E-2
3.357394675E1,-5.835053444E-2,-1.212522492E-2,6.508126438E-2
3.358394175E1,-3.735318303E-2,-1.323283374E-2,6.493917704E-2
3.359393675E1,-5.226475239E-2,-2.857607380E-3,4.386639655E-2
3.360393075E1,-5.166716695E-2,-2.342540771E-3,4.620528281E-2
3.361392575E1,-6.583321631E-2,-5.859787166E-3,5.190690279E-2
3.362392075E1,-4.579422355E-2,-5.159290731E-3,5.288689613E-2
3.363391575E1,-3.108847618E-2,-2.082653962E-2,6.768035173E-2
3.364391075E1,-4.305714190E-2,-1.694303825E-2,7.390822113E-2
3.365390575E1,-5.667589188E-2,-2.058819249E-2,6.078063726E-2
3.366389975E1,-3.106918037E-2,1.543664932E-3,6.207111776E-2
3.367389475E1,-5.083744705E-2,-6.875813976E-3,5.985794663E-2
3.368388975E1,-3.314786553E-2,-1.477006674E-3,6.157351971E-2
3.369388475E1,-4.675433636E-2,-1.631139278E-2,7.197571635E-2
3.370387975E1,-4.600296915E-2,-1.171818562E-2,5.604088426E-2
3.371387475E1,-5.961821079E-2,2.333769947E-4,4.791851699E-2
3.372386875E1,-7.205816209E-2,-4.757148474E-3,3.352559566E-2
3.373386375E1,-5.557310700E-2,-1.342601113E-2,1.559920192E-2
3.374385875E1,-7.206985652E-2,-1.079607971E-2,4.556208909E-2
3.375385375E1,-6.449361920E-2,-1.417028859E-2,5.241210222E-2
3.376384875E1,-3.241403997E-2,-1.157544047E-2,6.913572371E-2
3.377384375E1,-5.595726907E-2,-1.010961659E-2,6.986487150E-2
3.378383775E1,-5.346226215E-2,-2.203632854E-2,6.380130887E-2
3.379383275E1,-5.672266960E-2,-1.565175377E-2,4.791793227E-2
3.380382775E1,-5.878673673E-2,-4.085157216E-3,5.223200798E-2
3.381382275E1,-3.701579869E-2,-1.413352422E-2,6.391708374E-2
3.382381775E1,-4.426049888E-2,-1.920941904E-2,6.647874892E-2
3.383381275E1,-2.148383975E-2,-2.795824237E-2,6.227284670E-2
3.384380675E1,-2.605987072E-2,-4.586117417E-3,6.829430938E-2
3.385380175E1,-5.984917581E-2,4.222201332E-3,6.347152591E-2
3.386379675E1,-4.779631019E-2,-1.617018253E-2,5.072751939E-2
3.387379212E1,-4.026158810E-2,-5.188088268E-3,4.560185015E-2
3.388378712E1,-4.296124756E-2,-1.474938221E-2,3.533530891E-2
3.389378213E1,-5.853121340E-2,-1.839943349E-2,5.324766934E-2
3.390377613E1,-5.299740851E-2,-5.034745038E-3,5.173148632E-2
3.391377113E1,-5.966440380E-2,-1.412438795E-2,3.982070804E-2
3.392376612E1,-7.042386532E-2,-2.237100855E-2,5.347688019E-2
3.393376112E1,-4.796295583E-2,-1.054837704E-2,5.376222432E-2
3.394375612E1,-5.212208033E-2,1.751898900E-3,4.568838894E-2
3.395375113E1,-5.338566363E-2,3.954910487E-3,6.731139243E-2
3.396374513E1,-4.912421286E-2,-1.051775225E-2,6.374283671E-2
3.397374013E1,-4.220988035E-2,-1.112388924E-2,5.161863506E-2
3.398373513E1,-5.553042233E-2,-1.893628098E-2,5.696474433E-2
3.399373012E1,-4.767702699E-2,-3.155230656E-3,5.427560985E-2
3.400372512E1,-4.073930562E-2,-1.069009893E-2,4.246657312E-2
3.401371912E1,-6.380598664E-2,-3.130599260E-2,4.320683062E-2
3.402371412E1,-5.430543065E-2,-1.779424667E-2,4.851142466E-2
3.403370913E1,-4.785127401E-2,-1.184433930E-2,6.515786290E-2
3.404370413E1,-2.936764061E-2,-1.195550948E-2,5.700918317E-2
3.405369912E1,-2.717142642E-2,-1.186794743E-2,7.445025802E-2
3.406369412E1,-4.162515879E-2,-1.843159318E-2,7.132258236E-2
3.407368812E1,-5.008315623E-2,-1.087764837E-2,7.210143149E-2
3.408368312E1,-5.288514197E-2,-2.313940577E-2,7.686866641E-2
3.409367813E1,-4.320916951E-2,-1.545397170E-2,6.534848213E-2
3.410367313E1,-5.239631474E-2,-3.464109823E-3,6.821361780E-2
3.411366812E1,-3.738943577E-2,-7.723440975E-4,7.147870302E-2
3.412366312E1,-5.502931595E-2,-8.291351795E-3,5.019483805E-2
3.413365712E1,-5.444927216E-2,-6.744836345E-3,5.281789899E-2
3.414365212E1,-4.943060696E-2,-1.800767004E-2,7.046362638E-2
3.415364713E1,-5.469543993E-2,-2.518373854E-2,7.437892199E-2
3.416364213E1,-4.367753148E-2,-1.054435708E-2,6.417377651E-2
3.417363712E1,-4.625206053E-2,-6.031841487E-3,4.533755600E-2
3.418363212E1,-4.350737751E-2,-6.964033842E-3,3.932544887E-2
3.419362612E1,-7.184123039E-2,2.007056773E-3,4.805826545E-2
3.420362112E1,-5.781142116E-2,-1.567302302E-2,3.762917161E-2
3.421361613E1,-6.463979959E-2,-1.551259004E-2,4.542117119E-2
3.422361113E1,-5.004865766E-2,-1.141888127E-3,5.700684428E-2
3.423360613E1,-4.921016693E-2,-1.724789746E-2,5.273077548E-2
3.424360112E1,-2.676095188E-2,-1.039700724E-2,5.706180811E-2
3.425359512E1,-5.625840068E-2,-1.271060430E-2,4.983815789E-2
3.426359012E1,-5.011414647E-2,-8.235291615E-3,3.889509380E-2
3.427358512E1,-5.126663268E-2,-4.782364592E-3,4.727941632E-2
3.428358013E1,-6.012282550E-2,-1.398822092E-2,6.206585526E-2
3.429357513E1,-5.569765270E-2,-6.117868647E-3,5.928725839E-2
3.430357012E1,-4.075041533E-2,-6.928146556E-3,6.090752184E-2
3.431356412E1,-3.596973181E-2,-1.534572512E-2,4.759341180E-2
3.432355912E1,-5.655426979E-2,-1.463675022E-2,4.997498274E-2
3.433355412E1,-5.925217509E-2,-1.618268095E-2,5.748807013E-2
3.434354913E1,-4.737940371E-2,-1.907449454E-2,4.575738609E-2
3.435354413E1,-8.659317076E-2,-6.981502399E-3,4.479084134E-2
3.436353912E1,-6.609692574E-2,-7.274594083E-3,4.755949795E-2
3.437353312E1,-4.157662690E-2,-4.663885385E-3,4.386639655E-2
3.438352812E1,-1.359419167E-2,-1.499277256E-2,7.464555502E-2
3.439352312E1,-2.483546376E-2,-2.948845871E-2,7.305101931E-2
3.440351813E1,-2.397416890E-2,-4.351424798E-3,7.449411213E-2
3.441351313E1,-2.337599874E-2,-1.438020363E-2,7.146174610E-2
3.442350812E1,-2.836191952E-2,-1.802630804E-2,6.897960305E-2
3.443350212E1,-5.412650585E-2,-5.405897051E-3,5.154671431E-2
3.444349712E1,-5.629114509E-2,-9.778006375E-3,4.231396079E-2
3.445349212E1,-4.344773591E-2,-8.228494227E-3,5.153911293E-2
3.446348713E1,-2.715154588E-2,-9.522556141E-3,4.329863191E-2
3.447348213E1,-4.011131465E-2,-1.318444803E-2,5.865283549E-2
3.448347713E1,-4.990072310E-2,-1.587197453E-2,3.615216494E-2
3.449347113E1,-5.917031407E-2,-2.224682830E-2,5.162740588E-2
3.450346612E1,-5.592160106E-2,-1.668934219E-2,5.167067528E-2
3.451346112E1,-4.035280466E-2,-9.018672332E-3,6.801188886E-2
3.452345612E1,-4.969957888E-2,-1.440965898E-2,7.469116330E-2
3.453345113E1,-3.384953141E-2,-1.305939071E-2,7.585358977E-2
3.454344613E1,-3.439566135E-2,-1.121276692E-3,6.013861299E-2
3.455344013E1,-4.923063219E-2,5.450262800E-3,6.608873963E-2
3.456343512E1,-3.303735316E-2,-1.221907273E-2,9.175567746E-2
3.457343012E1,-2.683755040E-2,-1.064653717E-2,6.552155972E-2
3.458342512E1,-3.108379841E-2,-9.809362069E-3,4.947796941E-2
3.459342013E1,-6.800487220E-2,-1.469259113E-3,2.866831362E-2
3.460341513E1,-6.684419990E-2,-8.212414384E-3,5.675424457E-2
3.461340913E1,-5.479718149E-2,-6.529000998E-3,5.292899609E-2
3.462340412E1,-6.536543906E-2,-3.277656734E-3,5.509188116E-2
3.463339912E1,-4.104862332E-2,-2.604861483E-3,4.574803054E-2
3.464339412E1,-4.885757983E-2,-8.648324311E-3,5.221797466E-2
3.465338913E1,-6.342650235E-2,-1.376295693E-2,6.059469581E-2
3.466338413E1,-5.758454919E-2,-1.502909839E-2,3.205852926E-2
3.467337813E1,-3.621297598E-2,-2.175368875E-2,3.489501357E-2
3.468337312E1,-4.725953579E-2,-1.403192885E-2,5.261792421E-2
3.469336812E1,-4.622574806E-2,-8.438555449E-3,4.876285493E-2
3.470336312E1,-3.844485819E-2,-1.122431517E-2,4.489843011E-2
3.471335813E1,-4.701512218E-2,1.326806322E-3,5.659987807E-2
3.472335313E1,-5.319972217E-2,-1.274473742E-2,5.360785782E-2
3.473334713E1,-3.295841575E-2,-1.827393763E-2,6.565604568E-2
3.474334213E1,-4.903358102E-2,-1.159276284E-2,7.969053268E-2
3.475333712E1,-3.390683413E-2,-1.880047940E-2,5.685130835E-2
3.476333212E1,-2.857885122E-2,-5.553027615E-3,5.230100513E-2
3.477332712E1,-5.076903462E-2,9.177204967E-4,6.542917371E-2
3.478332213E1,-4.602460384E-2,-9.444422722E-3,6.718216896E-2
3.479331613E1,-3.188135862E-2,-9.283405021E-3,6.187757492E-2
3.480331113E1,-4.919905722E-2,-1.151433706E-2,4.917508364E-2
3.481330612E1,-3.752392173E-2,-8.809561282E-3,6.027251422E-2
3.482330112E1,-5.104385376E-2,-5.867388546E-3,5.530355036E-2
3.483329612E1,-3.948449314E-2,-1.509195596E-2,6.626883388E-2
3.484329113E1,-4.946393609E-2,-1.433905385E-2,6.661206543E-2
3.485328513E1,-5.710624695E-2,-5.446096659E-3,3.918043792E-2
3.486328013E1,-5.404815316E-2,-5.820391551E-3,4.985511482E-2
3.487327487E1,-5.788918912E-2,-7.492768317E-3,3.734207332E-2
3.488326987E1,-6.989176869E-2,-2.025797099E-2,4.238237321E-2
3.489326487E1,-6.041927934E-2,-1.911886029E-2,4.381786466E-2
3.490325988E1,-4.302673638E-2,-2.102892637E-2,4.703149438E-2
3.491325388E1,-4.445228755E-2,-5.091463029E-4,3.864424825E-2
3.492324888E1,-5.810261250E-2,-5.011356175E-3,3.987684131E-2
3.493324388E1,-4.909848511E-2,-3.138493001E-3,6.073269010E-2
3.494323887E1,-5.417620718E-2,-1.113711856E-2,5.420778215E-2
3.495323387E1,-3.880797029E-2,-1.850475647E-2,6.106656611E-2
3.496322887E1,-3.246374130E-2,-3.298604384E-2,4.108312190E-2
3.497322287E1,-3.569140434E-2,-9.575838894E-3,6.691378176E-2
3.498321788E1,-4.854358435E-2,-1.461745441E-2,6.230032861E-2
3.499321288E1,-3.658135056E-2,2.463358864E-3,5.660280168E-2
3.500320787E1,-3.528794646E-2,-5.779241771E-4,6.606944382E-2
3.501320287E1,-4.036683798E-2,-8.396455497E-3,5.722143710E-2
3.502319787E1,-5.464515388E-2,-9.335225970E-3,4.486919403E-2
3.503319187E1,-5.197005272E-2,-6.268946081E-4,5.488547444E-2
3.504318688E1,-5.432881951E-2,5.558509380E-4,4.715194702E-2
3.505318188E1,-5.057198346E-2,-1.914765783E-2,4.004699528E-2
3.506317687E1,-4.277004361E-2,-1.137678131E-2,6.317214847E-2
3.507317187E1,-3.494003713E-2,-1.998739108E-2,6.548647642E-2
3.508316687E1,-4.668709338E-2,-4.738437384E-4,5.822832763E-2
3.509316087E1,-4.370735228E-2,-1.676791415E-2,5.640516579E-2
3.510315588E1,-5.683142781E-2,-1.020200260E-2,4.892131448E-2
3.511315088E1,-4.896516860E-2,-6.802796870E-3,4.766065478E-2
3.512314587E1,-5.456738591E-2,-1.759390645E-2,4.983172596E-2
3.513314087E1,-4.971887469E-2,-7.235344648E-3,6.124432147E-2
3.514313587E1,-3.586623609E-2,-6.802723780E-3,6.086834550E-2
3.515313087E1,-4.798342109E-2,-1.419886686E-2,5.532869339E-2
3.516312487E1,-4.185495436E-2,-1.840498835E-2,5.634669363E-2
3.517311988E1,-3.035874367E-2,-5.053529218E-3,5.525677264E-2
3.518311488E1,-3.798000455E-2,-1.677675806E-2,5.915160298E-2
3.519310987E1,-5.183790565E-2,2.010711282E-4,4.604097605E-2
3.520310487E1,-4.367226899E-2,-1.536304750E-2,4.611231208E-2
3.521309987E1,-5.601106346E-2,-1.070976019E-2,4.948264718E-2
3.522309387E1,-4.345943034E-2,-2.098485298E-2,4.305714190E-2
3.523308888E1,-5.688054442E-2,-1.335306711E-2,3.595686793E-2
3.524308388E1,-4.893417835E-2,-1.617697991E-2,3.737832606E-2
3.525307887E1,-5.613151610E-2,-7.782497853E-3,3.101480126E-2
3.526307387E1,-5.133446038E-2,-9.063768983E-3,5.716004133E-2
3.527306887E1,-4.718819976E-2,6.358847022E-4,6.567300260E-2
3.528306388E1,-4.774660885E-2,-1.039422981E-2,6.364109516E-2
3.529305788E1,-4.839214146E-2,-1.598380253E-2,6.045143902E-2
3.530305288E1,-4.060715854E-2,-2.178957604E-2,5.910833359E-2
3.531304787E1,-1.571556151E-2,2.317617014E-3,6.181793332E-2
3.532304287E1,-4.048612118E-2,5.020492449E-3,5.033984900E-2
3.533303787E1,-6.042337239E-2,-6.077157408E-3,5.251384377E-2
3.534303288E1,-5.352131903E-2,-1.349975914E-3,4.443416119E-2
3.535302688E1,-4.736303151E-2,1.374695018E-2,3.889333963E-2
3.536302188E1,-5.339209557E-2,-8.038240448E-3,5.291613221E-2
3.537301688E1,-5.389963388E-2,-2.186208151E-2,6.797563612E-2
3.538301187E1,-5.426625431E-2,-2.310234904E-3,6.113380909E-2
3.539300687E1,-5.051760435E-2,-4.344992861E-3,4.181811690E-2
3.540300187E1,-5.374760628E-2,1.435491443E-3,2.764563560E-2
3.541299587E1,-6.255409777E-2,-1.803215526E-2,4.562933207E-2
3.542299088E1,-5.814178884E-2,-3.384975068E-2,5.634552419E-2
3.543298588E1,-3.458628058E-2,-9.983755276E-3,6.510465324E-2
3.544298087E1,-4.115270376E-2,-7.445990592E-3,7.232654929E-2
3.545297587E1,-4.602343440E-2,-1.473695688E-2,6.176647782E-2
3.546297087E1,-6.521165729E-2,-4.797274992E-3,4.225373447E-2
3.547296588E1,-6.343878150E-2,-7.750703618E-3,5.168938637E-2
3.548295988E1,-5.411948919E-2,-1.238089442E-2,3.455119729E-2
3.549295488E1,-5.228287876E-2,-2.603355825E-2,4.512237847E-2
3.550294987E1,-4.124041200E-2,-4.412162751E-3,7.420175135E-2
3.551294487E1,-2.803681433E-2,-1.940274261E-2,6.817151785E-2
3.552293987E1,-4.540947676E-2,-1.183008671E-2,6.973330915E-2
3.553293488E1,-5.418030024E-2,-8.809707463E-3,6.578760803E-2
3.554292988E1,-3.711637080E-2,-9.600981921E-3,5.380432427E-2
3.555292388E1,-3.353904426E-2,-5.677354038E-3,5.125084519E-2
3.556291887E1,-3.739294410E-2,-1.139015682E-2,5.531933784E-2
3.557291387E1,-4.379330635E-2,-2.252932191E-2,7.435085535E-2
3.558290887E1,-6.228863418E-2,-6.108220741E-3,6.933394432E-2
3.559290388E1,-2.481265962E-2,-1.231789067E-2,5.788392663E-2
3.560289888E1,-3.128260374E-2,-1.211126469E-2,4.899206579E-2
3.561289288E1,-5.033224761E-2,-8.537154123E-3,5.056145847E-2
3.562288788E1,-3.338233888E-2,-2.577160299E-3,6.138348520E-2
3.563288287E1,-4.049313784E-2,3.995475546E-3,6.099756896E-2
3.564287787E1,-4.705429852E-2,-5.245683342E-3,5.039598227E-2
3.565287287E1,-5.494394660E-2,-9.186779782E-3,3.849105120E-2
3.566286788E1,-7.502737820E-2,-1.177716941E-2,5.494803965E-2
3.567286288E1,-4.440609455E-2,-2.346684985E-2,5.659227669E-2
3.568285688E1,-3.679068089E-2,-1.255645707E-2,5.477788568E-2
3.569285187E1,-5.747403681E-2,-1.495345004E-2,5.385753393E-2
3.570284687E1,-3.617789268E-2,-1.969013326E-2,4.731449962E-2
3.571284187E1,-5.195075691E-2,-2.060171418E-2,4.500192583E-2
3.572283688E1,-6.605424106E-2,-1.646181241E-2,1.836435020E-2
3.573283188E1,-6.303883195E-2,-1.182760164E-2,1.457009196E-2
3.574282588E1,-6.185652494E-2,-6.848989874E-3,4.680754602E-2
3.575282087E1,-1.426194370E-2,-1.368270390E-2,7.173890412E-2
3.576281587E1,-2.384903848E-2,-2.056151457E-2,8.702294111E-2
3.577281087E1,-2.487931788E-2,-1.739027716E-2,9.326893687E-2
3.578280588E1,-4.938265979E-2,-4.046127051E-3,5.790439188E-2
3.579280088E1,-4.933822095E-2,1.731433645E-3,2.542954087E-2
3.580279587E1,-7.123019636E-2,-8.857800812E-4,2.478693187E-2
3.581278987E1,-6.034911275E-2,-1.328670122E-2,4.136495769E-2
3.582278487E1,-2.926005185E-2,-8.157231286E-3,7.888420165E-2
3.583277987E1,-3.631471753E-2,-9.146799445E-3,5.417620718E-2
3.584277488E1,-2.637445092E-2,-2.650915615E-2,5.362949252E-2
3.585276988E1,-4.622925639E-2,-8.190487325E-3,7.697508574E-2
3.586276488E1,-5.570233047E-2,-1.150264263E-2,6.430007637E-2
3.587276025E1,-6.495496452E-2,-9.647174925E-3,5.636014223E-2
3.588275425E1,-7.525425017E-2,-7.282049283E-3,4.917859197E-2
3.589274925E1,-6.222139120E-2,-3.228467032E-3,4.527849913E-2
3.590274425E1,-3.635272443E-2,-1.717626907E-2,4.901370049E-2
3.591273925E1,-2.002262056E-2,-9.146653265E-3,6.305228055E-2
3.592273425E1,-4.403830469E-2,-1.970511675E-4,5.005976737E-2
3.593272925E1,-3.678307950E-2,7.430422381E-3,5.638528526E-2
3.594272425E1,-2.439458370E-2,-8.048473075E-3,4.913883090E-2
3.595271825E1,-4.355941772E-2,-3.851195499E-3,3.416352689E-2
3.596271325E1,-8.447998703E-2,-4.370793700E-3,3.551131010E-2
3.597270825E1,-5.538891971E-2,-1.064273648E-2,4.301387250E-2
3.598270325E1,-5.727347732E-2,-4.542986892E-2,5.835755110E-2
3.599269825E1,-4.752324522E-2,-3.391911328E-2,6.134255469E-2
3.600269325E1,-3.145685077E-2,-2.370497771E-2,7.851875067E-2
3.601268825E1,-3.283796310E-2,-1.324299328E-2,5.804297090E-2
3.602268225E1,-4.046857953E-2,1.010771625E-2,5.721266627E-2
3.603267725E1,-6.548940003E-2,4.934465289E-3,6.472692311E-2
3.604267225E1,-4.151406169E-2,1.170364067E-2,4.398743391E-2
3.605266725E1,-3.441261828E-2,1.331191733E-2,4.039841294E-2
3.606266225E1,-4.082935274E-2,-6.872671098E-4,4.563576400E-2
3.607265725E1,-5.803244591E-2,-1.274502978E-2,2.502783716E-2
3.608265225E1,-4.797231138E-2,-1.423701994E-2,2.110552490E-2
3.609264625E1,-4.892482281E-2,-1.754003897E-2,3.391151190E-2
3.610264125E1,-5.352131903E-2,-1.643520758E-2,4.515102983E-2
3.611263625E1,-3.657374918E-2,-2.700960472E-2,8.852392137E-2
3.612263125E1,-2.722229719E-2,-2.605226934E-2,1.149743861E-1
3.613262625E1,-3.454944313E-2,-9.288375154E-3,1.012930709E-1
3.614262125E1,-2.956644595E-2,9.807242453E-4,9.114815176E-2
3.615261625E1,-3.357705116E-2,1.168931499E-3,7.499171019E-2
3.616261025E1,-5.030476570E-2,1.885120399E-2,4.177426279E-2
3.617260525E1,-6.456729412E-2,1.366377354E-2,5.686417222E-3
3.618260025E1,-5.950009704E-2,5.831281990E-3,-6.024971008E-3
3.619259525E1,-6.653605163E-2,-1.294142313E-2,2.983074009E-2
3.620259025E1,-5.648585737E-2,-2.306470759E-2,4.996972024E-2
3.621258525E1,-2.682293236E-2,-2.608201705E-2,8.565176904E-2
3.622258025E1,-3.408342004E-2,-2.341254383E-2,7.614945889E-2
3.623257425E1,-3.117676914E-2,-2.307165116E-2,8.829003274E-2
3.624256925E1,-3.468568325E-2,-1.501418799E-2,9.469097972E-2
3.625256425E1,-3.412025750E-2,-1.381916329E-2,1.016403955E-1
3.626255925E1,4.041010737E-3,-1.919640899E-3,8.922792614E-2
3.627255425E1,1.262998581E-4,1.462966047E-2,5.345056772E-2
3.628254925E1,-7.655993342E-2,2.562666513E-2,9.475997686E-3
3.629254425E1,-7.996886015E-2,7.541884929E-3,8.174992204E-3
3.630253825E1,-7.372578800E-2,1.122446135E-3,1.612662077E-2
3.631253325E1,-3.718127489E-2,-2.441307552E-2,5.557720006E-2
3.632252825E1,-4.868274808E-2,-4.068551123E-2,6.045026958E-2
3.633252325E1,-4.060832798E-2,-3.277232811E-2,6.299965560E-2
3.634251825E1,-2.572833359E-2,-1.491032682E-2,8.025069594E-2
3.635251325E1,-2.696852803E-2,-1.237161197E-2,9.912199974E-2
3.636250825E1,-4.431195438E-2,2.696004957E-3,9.984296143E-2
3.637250225E1,-1.659907579E-2,-8.965316489E-3,5.964803159E-2
3.638249725E1,-1.639091492E-2,1.414660737E-2,4.806177378E-2
3.639249225E1,-3.352033317E-2,2.545366064E-2,2.994943857E-2
3.640248725E1,-3.461083889E-2,3.062698469E-2,-4.901428521E-2
3.641248225E1,-1.134710670E-2,3.457100473E-2,-4.074755019E-1
3.642247725E1,-2.721288317E-1,-1.321666619E-1,-2.819936693E-2
3.643247225E1,-2.355831492E-1,-1.093853250E-2,2.713388729E-1
3.644246625E1,9.081310630E-3,2.024693437E-2,4.447468239E-1
3.645246125E1,2.308866656E-1,2.381432064E-2,3.010076451E-1
3.646245625E1,1.494361210E-1,-4.921418689E-2,2.744659638E-1
3.647245125E1,-8.968400896E-2,-9.539790809E-2,1.395250905E-1
3.648244625E1,-2.309100544E-1,3.841693774E-3,-1.860964090E-1
3.649244125E1,-1.044593382E-1,1.150426523E-1,-3.493173409E-1
3.650243625E1,-1.155883437E-1,1.612866729E-2,-1.272851139E-1
3.651243125E1,-1.444063461E-1,-8.604448266E-2,2.125316709E-1