"Time (s)","X (m/s^2)","Y (m/s^2)","Z (m/s^2)"
3.641333333E-3,1.199152833E-1,9.312918842E-2,1.859671855E-1
1.363633333E-2,-3.780692697E-2,1.431228822E-1,-2.660775483E-1
2.363033333E-2,-1.683723289E-1,1.639474484E-1,-5.224914032E-1
3.362533333E-2,-3.637280962E-1,1.215405169E-1,-5.824388123E-1
4.361933333E-2,-4.764922348E-1,5.418527037E-2,-4.550390929E-1
5.361433333E-2,-4.323802552E-1,1.098311752E-2,-2.486949456E-1
6.360833333E-2,-3.066209722E-1,-1.837721407E-2,-1.114654720E-2
7.360333333E-2,-1.447212186E-1,-3.991309404E-3,2.284495461E-1
8.359733333E-2,-1.738815755E-2,1.195872545E-2,3.873441231E-1
9.359233333E-2,6.536485434E-2,1.120268047E-2,4.161556935E-1
1.035863333E-1,1.165847093E-1,9.046812057E-3,3.692370504E-1
1.135813333E-1,1.589416471E-1,1.748843729E-2,2.466981214E-1
1.235753333E-1,1.318389255E-1,4.256480634E-2,9.891968608E-2
1.335703333E-1,6.177875698E-2,5.268838316E-2,-3.026460350E-2
1.435643333E-1,-1.028291345E-2,3.456610769E-2,-1.323838860E-1
1.535593333E-1,-8.965798885E-2,1.322640181E-2,-1.730846000E-1
1.635533333E-1,-1.776761261E-1,1.252181232E-3,-1.682770193E-1
1.735483333E-1,-1.815455210E-1,1.222068071E-4,-1.261788207E-1
1.835433333E-1,-9.292775184E-2,1.410056055E-3,-6.332943857E-2
1.935373333E-1,2.586808205E-3,4.930664599E-3,1.608627498E-2
2.035323333E-1,8.861601502E-2,2.589059383E-2,4.010429800E-2
2.135263333E-1,1.592702606E-1,3.443717659E-2,4.630468547E-2
2.235213333E-1,2.258218074E-1,4.316209942E-2,-2.108389020E-2
2.335153333E-1,2.596327472E-1,7.263791353E-2,-6.298269868E-2
2.435103333E-1,2.589635333E-1,1.394452760E-1,-1.349145609E-1
2.535043333E-1,2.466691777E-1,1.683793455E-1,-1.886481339E-1
2.634993333E-1,2.476632044E-1,1.947777700E-1,-2.342640173E-1
2.734933333E-1,2.148951155E-1,1.750159353E-1,-2.565050715E-1
2.834883333E-1,1.863867232E-1,1.522936553E-1,-2.525722343E-1
2.934823333E-1,1.943167171E-1,9.898488253E-2,-1.897895104E-1
3.034773333E-1,2.400168005E-1,3.147760838E-2,-1.147557002E-1
3.134713333E-1,2.973200986E-1,-4.085361868E-2,-4.026451170E-2
3.234663333E-1,3.261348850E-1,-1.344251490E-1,3.506282866E-2
3.334603333E-1,3.996384788E-1,-1.987296107E-1,1.002861804E-1
3.434553333E-1,4.296145222E-1,-2.380246541E-1,1.308051378E-1
3.534493333E-1,3.887112021E-1,-2.333138448E-1,1.614305145E-1
3.634443333E-1,3.967885458E-1,-2.232045937E-1,1.779056293E-1
3.734383333E-1,3.269868243E-1,-2.185326684E-1,2.172421879E-1
3.834333333E-1,2.742209655E-1,-2.677729484E-1,2.442171478E-1
3.934273333E-1,2.399159360E-1,-2.723402086E-1,2.261416501E-1
4.034223333E-1,2.458008662E-1,-2.795460248E-1,2.023592699E-1
4.134163333E-1,2.566877970E-1,-2.996075293E-1,1.806152290E-1
4.234113333E-1,2.257890630E-1,-2.800588256E-1,2.008846021E-1
4.334053333E-1,2.033538812E-1,-2.611041990E-1,2.017786413E-1
4.434003333E-1,2.065128395E-1,-2.523672894E-1,2.199593890E-1
4.533943333E-1,2.137107620E-1,-2.831710061E-1,1.583332443E-1
4.633893333E-1,2.109254408E-1,-2.560519123E-1,1.260823417E-1
4.733833333E-1,2.022195214E-1,-2.240293434E-1,8.738546848E-2
4.833783333E-1,2.052393159E-1,-1.619424382E-1,1.802345753E-2
4.933723333E-1,2.217743647E-1,-1.284639126E-1,-1.406079948E-2
5.033673333E-1,2.398302743E-1,-1.074282619E-1,-1.444963932E-2
5.133613333E-1,2.974817741E-1,-1.502100000E-1,1.537232995E-2
5.233563333E-1,3.796325228E-1,-2.020639855E-1,-1.016304553E-2
5.333503333E-1,4.801058140E-1,-2.333845961E-1,-3.572356403E-2
5.433453333E-1,5.967899260E-1,-2.325829428E-1,-4.316590011E-2
5.533393333E-1,6.823706514E-1,-2.286258397E-1,-7.232362568E-2
5.633343333E-1,7.176498270E-1,-2.289588386E-1,-1.476345938E-1
5.733283333E-1,6.873711902E-1,-2.336924520E-1,-1.561802995E-1
5.833233333E-1,6.693512410E-1,-2.039903507E-1,-1.666386294E-1
5.933173333E-1,6.616852489E-1,-1.960907623E-1,-1.878301084E-1
6.033123333E-1,6.501595098E-1,-2.268140799E-1,-2.267912757E-1
6.133063333E-1,7.068237072E-1,-2.462598726E-1,-2.740484726E-1
6.233013333E-1,6.917966554E-1,-2.884413940E-1,-3.197023630E-1
6.332953333E-1,7.208406526E-1,-3.221388978E-1,-3.534951764E-1
6.432903333E-1,7.691214046E-1,-3.059488347E-1,-3.761975759E-1
6.532843333E-1,8.186385503E-1,-2.949850130E-1,-3.549558109E-1
6.632793333E-1,8.528348216E-1,-2.759204587E-1,-3.751813298E-1
6.732733333E-1,8.128486374E-1,-3.138390675E-1,-3.331948131E-1
6.832683333E-1,7.325806922E-1,-4.173771769E-1,-2.690830171E-1
6.932623333E-1,5.849490219E-1,-5.259395063E-1,-1.924347907E-1
7.032573333E-1,4.329325247E-1,-5.972030318E-1,-1.798550910E-1
7.132513333E-1,3.839533228E-1,-6.317635846E-1,-1.736096799E-1
7.232463333E-1,4.041437584E-1,-6.505240837E-1,-1.616731739E-1
7.332403333E-1,4.096629453E-1,-6.899571213E-1,-1.319389129E-1
7.432353333E-1,4.077386266E-1,-6.993667531E-1,-6.576714277E-2
7.532303333E-1,3.680532816E-1,-6.978751284E-1,-3.698597789E-2
7.632243333E-1,2.995888183E-1,-6.545858520E-1,-2.903493404E-2
7.732193333E-1,2.250198618E-1,-6.412363663E-1,2.630369961E-2
7.832133333E-1,1.368289393E-1,-6.571635970E-1,6.553033054E-2
7.932083333E-1,9.451293200E-2,-7.267267522E-1,5.452353179E-2
8.032023333E-1,1.496863818E-1,-8.009811285E-1,3.835890412E-2
8.131973333E-1,2.131894827E-1,-7.663840306E-1,6.920413613E-2
8.231913333E-1,2.091809240E-1,-6.204438137E-1,1.742107737E-1
8.331863333E-1,1.838838226E-1,-4.336672273E-1,2.658477527E-1
8.431803333E-1,1.624739501E-1,-2.905732888E-1,3.230960870E-1
8.531753333E-1,9.706114858E-2,-2.765836792E-1,2.795869553E-1
8.631693333E-1,-1.949461699E-3,-3.231231304E-1,1.059293282E-1
8.731643333E-1,-5.491295636E-2,-4.190506500E-1,-3.915704906E-2
8.831583333E-1,-1.353688896E-1,-5.102789086E-1,-1.778091502E-1
8.931533333E-1,-1.723864424E-1,-5.401540875E-1,-2.899961686E-1
9.031473333E-1,-1.763815525E-1,-3.841040348E-1,-3.986117077E-1
9.131423333E-1,-2.253209934E-1,-1.693514451E-1,-4.114364058E-1
9.231363333E-1,-3.311412710E-1,8.462675214E-3,-3.884743899E-1
9.331313333E-1,-4.834749797E-1,5.492085010E-2,-3.344279909E-1
9.431252917E-1,-5.826516509E-1,-1.547977254E-2,-2.981460178E-1
9.531202917E-1,-6.335130715E-1,-8.380448744E-2,-3.194602883E-1
9.631142917E-1,-6.972214097E-1,-1.029069024E-1,-4.024626839E-1
9.731092917E-1,-7.492668915E-1,-9.360164344E-2,-5.419526911E-1
9.831032917E-1,-7.815879607E-1,1.596143693E-2,-6.672690475E-1
9.930982917E-1,-8.619380593E-1,1.218090503E-1,-7.376841420E-1
1.003092292E0,-9.253622228E-1,1.670359477E-1,-7.361778992E-1
1.013087292E0,-1.062758342E0,1.720727393E-1,-6.457489550E-1
1.023081292E0,-1.201491719E0,1.146115664E-1,-5.530167925E-1
1.033076292E0,-1.289067807E0,8.512471564E-2,-5.545902783E-1
1.043070292E0,-1.348609419E0,1.033263671E-1,-5.887888885E-1
1.053065292E0,-1.371187858E0,9.987102807E-2,-5.398833615E-1
1.063059292E0,-1.322099313E0,1.274923977E-1,-5.155998749E-1
1.073054292E0,-1.269450399E0,1.222504420E-1,-4.671679723E-1
1.083048292E0,-1.237584243E0,1.279861951E-1,-3.778231019E-1
1.093043292E0,-1.177978896E0,1.761223016E-1,-3.027091849E-1
1.103037292E0,-1.107028196E0,2.405124982E-1,-2.662927258E-1
1.113032292E0,-9.932285160E-1,2.918441080E-1,-2.708705109E-1
1.123026292E0,-8.868442744E-1,3.632119332E-1,-2.659167498E-1
1.133021292E0,-8.352086824E-1,4.501422691E-1,-2.458157766E-1
1.143015292E0,-8.313752478E-1,4.683483790E-1,-1.449852204E-1
1.153010292E0,-7.904944396E-1,4.929915424E-1,-8.351578116E-2
1.163004292E0,-6.712439847E-1,5.202380325E-1,-1.772466481E-2
1.172999292E0,-5.428508234E-1,4.586995961E-1,6.877495050E-2
1.182993292E0,-3.818155807E-1,4.218621375E-1,1.262846553E-1
1.192988292E0,-2.361801499E-1,3.645008788E-1,1.672958565E-1
1.202982292E0,-1.702802753E-1,3.642044981E-1,1.619672889E-1
1.212977292E0,-1.222249335E-1,4.280239333E-1,1.463259870E-1
1.222971292E0,-1.373160124E-1,4.918256076E-1,1.278552175E-1
1.232966292E0,-1.717748237E-1,4.626373304E-1,5.040650725E-2
1.242960292E0,-2.326449233E-1,4.360814696E-1,-5.996378124E-2
1.252955292E0,-2.518366545E-1,4.020757444E-1,-2.545725667E-1
1.262949292E0,-2.600116467E-1,3.366743450E-1,-3.691709769E-1
1.272944292E0,-2.620909166E-1,2.671615490E-1,-4.781174684E-1
1.282938292E0,-2.074942946E-1,2.600440988E-1,-5.630886215E-1
1.292933292E0,-1.145007616E-1,2.242186470E-1,-6.024579245E-1
1.302927292E0,-1.336053693E-1,1.184007814E-1,-6.302456474E-1
1.312922292E0,-2.097232533E-1,-3.518247731E-2,-6.354514235E-1
1.322916292E0,-2.996452439E-1,-1.451101316E-1,-5.752449828E-1
1.332911292E0,-3.039704293E-1,-2.555694074E-1,-4.808820319E-1
1.342905292E0,-2.638152605E-1,-3.530364624E-1,-4.495257533E-1
1.352900292E0,-1.008252937E-1,-3.629823569E-1,-5.141339779E-1
1.362895292E0,-6.041927934E-3,-3.156088735E-1,-5.875060093E-1
1.372889292E0,1.099861264E-2,-2.947476161E-1,-5.438483584E-1
1.382883292E0,-3.835773468E-2,-2.992425900E-1,-3.686663622E-1
1.392878292E0,-1.229154897E-1,-3.983355729E-1,-1.487408870E-1
1.402873292E0,-1.592407322E-1,-5.173326241E-1,-5.763600469E-3
1.412867292E0,-8.168034017E-2,-5.139791729E-1,8.099387705E-2
1.422862292E0,-2.055296302E-2,-4.605454159E-1,1.146568823E-1
1.432856292E0,-1.994719148E-2,-3.466445786E-1,1.180739951E-1
1.442851292E0,4.111411214E-2,-2.213768271E-1,1.835277271E-1
1.452845292E0,1.433035612E-1,-1.411881117E-1,3.223493975E-1
1.462840292E0,2.451474398E-1,-1.104080030E-1,4.327974540E-1
1.472834292E0,2.473518401E-1,-9.012686245E-2,4.666703743E-1
1.482829292E0,1.631490111E-1,-7.395295233E-2,4.873683482E-1
1.492823292E0,7.428010404E-2,-1.012567451E-1,6.019533098E-1
1.502818292E0,1.152223080E-1,-1.606083228E-1,6.644044966E-1
1.512812292E0,-3.555726922E-1,-3.968374432E-1,7.813575804E-1
1.522807292E0,-6.460664588E-1,-2.858612370E-1,1.342910138E0
1.532801292E0,-6.882973891E-1,-1.336662535E-1,1.528185014E0
1.542796292E0,-7.343570763E-1,-1.031874957E-1,1.514983170E0
1.552790292E0,-5.834433639E-1,-8.089966379E-2,1.465967715E0
1.562785292E0,-1.499600315E-1,-6.431666784E-2,1.218549217E0
1.572779292E0,2.021283048E-1,1.542539343E-2,8.427486670E-1
1.582774292E0,2.925829768E-1,1.478465554E-1,6.184161454E-1
1.592768292E0,2.544298947E-1,2.664037498E-1,4.547473168E-1
1.602763292E0,2.202640289E-1,3.532316132E-1,2.328396356E-1
1.612757292E0,1.717502654E-1,3.772045396E-1,-1.704171002E-2
1.622752292E0,4.347054005E-2,3.995983522E-1,-2.732462347E-1
1.632746292E0,-8.581432164E-2,3.869161800E-1,-5.063805699E-1
1.642741292E0,-1.173448473E-1,3.796877789E-1,-6.541455567E-1
1.652735292E0,-1.027788484E-1,3.466776884E-1,-6.858848280E-1
1.662730292E0,-9.251113772E-2,2.684762223E-1,-6.857392323E-1
1.672724292E0,-1.377533841E-1,1.724735659E-1,-5.910172623E-1
1.682719292E0,-1.684547746E-1,6.977584764E-2,-4.973828745E-1
1.692713292E0,-3.349425459E-1,-1.196015802E-1,-1.494723737E-1
1.702708292E0,-6.073391801E-1,-3.108278976E-1,2.004378748E-1
1.712702292E0,-8.431679124E-1,-4.676375037E-1,5.239350808E-1
1.722697292E0,-8.726302779E-1,-5.069973050E-1,5.787386942E-1
1.732691292E0,-6.153065962E-1,-3.820010836E-1,3.589658314E-1
1.742686292E0,-2.593930113E-1,-1.841596650E-1,8.853620052E-2
1.752680292E0,2.859113038E-2,-6.285961479E-2,-1.180815965E-1
1.762675292E0,1.642781085E-1,-4.531957582E-2,-2.108950353E-1
1.772669292E0,1.674297577E-1,-5.334780291E-2,-2.843582833E-1
1.782664292E0,7.444441080E-2,-8.489703968E-2,-2.810908592E-1
1.792658292E0,-1.103200024E-1,-8.778965726E-2,-2.243412924E-1
1.802653292E0,-2.893219846E-1,-7.647675678E-2,-1.677408296E-1
1.812647292E0,-3.719618529E-1,-3.851604804E-2,-1.823746562E-1
1.822642292E0,-4.091413736E-1,-1.251888871E-3,-1.964231765E-1
1.832636292E0,-4.061037451E-1,-2.660848573E-2,-1.727279198E-1
1.842631292E0,-3.809431762E-1,-6.686948910E-2,-9.780345261E-2
1.852625292E0,-2.833835524E-1,-4.880524725E-2,-1.309717834E-1
1.862620292E0,-1.562112898E-1,-3.771278679E-2,-8.388707936E-2
1.872614292E0,-1.542179739E-1,3.926990032E-3,-1.379703158E-1
1.882609292E0,-2.414414746E-1,2.266775474E-2,-1.902444237E-1
1.892603292E0,-2.551122648E-1,1.273304299E-2,-1.233604628E-1
1.902598292E0,-2.210832238E-1,-4.187308073E-2,4.007798553E-2
1.912592292E0,-9.963129222E-2,-7.853307635E-2,2.152447790E-1
1.922587292E0,3.622408569E-2,-4.011029139E-2,3.059608215E-1
1.932581292E0,1.940199709E-1,-4.448357016E-2,3.224037766E-1
1.942576292E0,2.492884380E-1,-2.074796766E-2,3.734312582E-1
1.952570292E0,3.111876476E-1,5.069243610E-3,4.552338052E-1
1.962565292E0,3.663070107E-1,-3.702866256E-2,4.825479037E-1
1.972559292E0,2.848026717E-1,-1.389713591E-1,3.778324574E-1
1.982554292E0,9.971783102E-2,-2.827771962E-1,2.152424401E-1
1.992548292E0,-7.058934152E-2,-2.822111857E-1,1.174799180E-1
2.002543292E0,-1.760438758E-1,-1.188376415E-1,1.861110270E-2
2.012537292E0,-1.600903326E-1,3.541585431E-2,-1.228090703E-2
2.022532292E0,-1.320874321E-1,3.030918851E-2,5.996436596E-2
2.032526292E0,-1.796802592E-1,-8.921126157E-2,2.255855799E-2
2.042521292E0,-2.248371363E-1,-1.678916878E-1,-2.041146040E-2
2.052515292E0,-2.100694084E-1,-1.415708850E-1,-2.010565102E-2
2.062510292E0,-1.550424314E-1,-1.013917427E-1,-3.117092192E-2
2.072504292E0,-1.768788582E-1,4.543242708E-2,1.215495801E-1
2.082499292E0,-9.888109446E-2,1.690583535E-1,2.353720647E-1
2.092493292E0,2.887939811E-3,2.071143718E-1,2.860721022E-1
2.102488292E0,1.876897752E-2,1.828994438E-1,5.675553095E-1
2.112482292E0,6.212666631E-3,1.461708896E-1,7.608320993E-1
2.122477292E0,-1.953671694E-2,1.223513795E-1,6.628982538E-1
2.132471292E0,-3.382555783E-2,1.853723775E-1,5.794228184E-1
2.142466292E0,-7.636463642E-4,2.045461285E-1,6.789465219E-1
2.152460292E0,1.734307551E-1,1.540010422E-1,6.529328442E-1
2.162455292E0,2.648560649E-1,1.489179115E-1,5.557474422E-1
2.172449292E0,2.344370949E-1,1.822580042E-1,2.912860644E-1
2.182444292E0,8.885078073E-2,2.103677626E-1,7.084018707E-2
2.192438292E0,-8.317430377E-2,2.028372797E-1,-3.887755215E-2
2.202433292E0,-2.290980023E-1,1.515044273E-1,-2.851102352E-3
2.212428292E0,-3.023127437E-1,1.559863181E-1,1.164934927E-1
2.222422292E0,-2.527078897E-1,2.219477347E-1,6.669918895E-2
2.232417292E0,3.605159283E-2,2.372542834E-1,-5.928608894E-2
2.242411292E0,4.236424685E-1,1.680194494E-1,-9.664687335E-2
2.252405292E0,5.602433664E-1,-5.482320160E-2,-7.132082820E-2
2.262400292E0,3.453938591E-1,-4.396024436E-1,-1.004773843E-1
2.272395292E0,2.337132096E-3,-6.712201573E-1,-2.628411144E-1
2.282389292E0,-2.967432708E-1,-5.769973934E-1,-4.095617884E-1
2.292384292E0,-4.747921568E-1,-2.650196408E-1,-4.652869231E-1
2.302378292E0,-2.860469592E-1,-1.536657044E-1,-3.723448455E-1
2.312373292E0,-1.867056888E-1,-1.548221375E-1,-1.323727763E-1
2.322367292E0,-1.425679815E-1,-1.652743278E-1,1.524029982E-1
2.332362292E0,1.581905723E-2,-2.333189611E-1,5.704730701E-1
2.342356292E0,2.675218105E-1,-3.099300577E-1,9.907685924E-1
2.352351292E0,5.744544393E-1,-3.842126468E-1,1.392612641E0
2.362345292E0,8.053036827E-1,-5.414030528E-1,1.702685809E0
2.372340292E0,9.325671619E-1,-6.664086297E-1,1.612722888E0
2.382334292E0,9.972128087E-1,-6.853052227E-1,1.079145749E0
2.392329292E0,1.045609043E0,-7.611363007E-1,8.312156188E-1
2.402323292E0,1.112899386E0,-1.104701882E0,1.450252154E0
2.412318292E0,1.296077449E0,-1.662174106E0,1.930126126E0
2.422312292E0,1.430217839E0,-2.150414859E0,1.879201555E0
2.432307292E0,1.344469006E0,-2.385586218E0,1.825328819E0
2.442301292E0,1.147794399E0,-2.424392288E0,1.654797113E0
2.452296292E0,8.457775247E-1,-2.305003985E0,1.355335472E0
2.462290292E0,5.652830815E-1,-2.276706677E0,1.096908420E0
2.472285292E0,3.598095846E-1,-2.260268839E0,9.098343569E-1
2.482279292E0,2.481189948E-1,-2.257192765E0,7.020272362E-1
2.492274292E0,2.990587682E-1,-2.210860597E0,5.073816133E-1
2.502268292E0,1.377083606E-1,-2.149233868E0,2.800751978E-1
2.512263292E0,-2.079024303E-1,-2.085065939E0,1.870454121E-1
2.522257292E0,-3.289807248E-1,-1.811748953E0,1.492794156E-2
2.532252292E0,-3.574888247E-1,-1.499637445E0,-2.933776134E-1
2.542246292E0,-3.394454867E-1,-1.238218812E0,-5.019653374E-1
2.552241292E0,-2.380927742E-1,-9.445336349E-1,-6.281260318E-1
2.562235292E0,-7.422864854E-2,-6.916217505E-1,-6.646588504E-1
2.572230292E0,1.823109215E-1,-5.194099206E-1,-6.927412730E-1
2.582224292E0,5.775429386E-1,-3.589600573E-1,-5.993770266E-1
2.592219292E0,9.569880581E-1,-1.450875102E-1,-6.458144438E-1
2.602213292E0,1.122812755E0,-1.160699145E-2,-7.189198422E-1
2.612208292E0,1.068986796E0,1.843195863E-2,-7.694573271E-1
2.622202292E0,8.337392771E-1,-8.319872960E-3,-8.899637640E-1
2.632197292E0,3.775178772E-1,-5.697677680E-2,-1.074451019E0
2.642191292E0,-1.075256181E-1,-5.995942323E-2,-1.317243201E0
2.652186292E0,-5.309277660E-1,4.034516674E-2,-1.530918587E0
2.662180292E0,-8.493145055E-1,2.477373909E-1,-1.581950746E0
2.672175292E0,-1.093722273E0,4.854384016E-1,-1.604015799E0
2.682169292E0,-1.142193351E0,7.577342445E-1,-1.691540431E0
2.692164292E0,-1.046184409E0,9.887477946E-1,-1.749271161E0
2.702158292E0,-7.901301581E-1,1.116216292E0,-1.724261450E0
2.712153292E0,-5.687183207E-1,1.137541599E0,-1.606427776E0
2.722147292E0,-4.292914635E-1,1.031372608E0,-1.419775296E0
2.732142292E0,-2.783543622E-1,9.440047543E-1,-1.192243178E0
2.742136292E0,-1.488478911E-1,9.203537171E-1,-1.015202937E0
2.752131292E0,-8.467762291E-2,8.814531416E-1,-9.601391226E-1
2.762125292E0,4.630994797E-4,8.673565279E-1,-9.542410362E-1
2.772120292E0,7.712535918E-2,9.111846983E-1,-1.014116524E0
2.782114292E0,1.830704749E-2,9.761042140E-1,-9.694016969E-1
2.792109292E0,-3.922663093E-2,1.114338239E0,-1.242147410E0
2.802103292E0,-2.370326740E-1,1.319990076E0,-1.320522904E0
2.812098292E0,-5.429011095E-1,1.240747002E0,-8.349473119E-1
2.822092292E0,-6.864584398E-1,1.132090532E0,-8.238452035E-1
2.832087292E0,-8.007627350E-1,9.583240007E-1,-7.683060104E-1
2.842081292E0,-9.868474495E-1,7.073985616E-1,-6.886435443E-1
2.852076292E0,-1.045540046E0,4.730412081E-1,-5.308839118E-1
2.862070292E0,-8.105223227E-1,3.470395580E-1,-2.128222775E-1
2.872065292E0,-6.041109324E-1,2.614342743E-1,9.616330862E-3
2.882059292E0,-8.246123582E-1,2.433281518E-1,3.012549824E-1
2.892054292E0,-1.166890821E0,3.442658582E-1,1.218571436E-1
2.902048292E0,-1.523194415E0,1.161651716E-1,3.836428356E-1
2.912043292E0,-1.377275394E0,-6.843588509E-2,6.586742252E-1
2.922038292E0,-9.393206960E-1,-6.357407145E-2,6.075233674E-1
2.932032292E0,-4.454724634E-1,2.062978081E-2,4.057265997E-1
2.942027542E0,1.289544940E-2,1.428843889E-1,1.249865735E-1
2.952021542E0,3.548236638E-1,2.185041632E-1,-2.999270797E-2
2.962016542E0,5.158881426E-1,2.446928919E-1,-6.258274913E-2
2.972010542E0,4.377436137E-1,2.772295772E-1,-2.386248708E-2
2.982005542E0,2.439861828E-1,2.804028612E-1,-1.009229422E-2
2.991999542E0,1.670607984E-2,2.039646229E-1,-1.339877772E-1
3.001994542E0,-1.291702563E-1,1.028544968E-1,-7.802232206E-2
3.011988542E0,-1.216057134E-1,-1.799926467E-2,3.416761994E-2
3.021983542E0,1.135295391E-2,-5.146682672E-2,1.782172859E-1
3.031977542E0,8.491326571E-3,-1.336662535E-1,1.716672349E-1
3.041972542E0,-1.357743940E0,-6.930538067E-1,-3.581185699E-1
3.051966542E0,-1.019118233E0,-9.074527860E-2,-2.293371534E-1
3.061961542E0,3.808350027E-2,1.184251935E-1,2.706652737E-1
3.071955542E0,3.156122357E-1,-9.083035558E-2,5.931006253E-2
3.081950542E0,2.071686047E-1,-2.991270344E-1,5.826984286E-2
3.091944542E0,7.100566328E-2,-4.086152704E-1,1.138107902E-1
3.101939542E0,-1.096809018E-1,-4.072705570E-1,3.594914961E-1
3.111933542E0,-2.234899378E-1,-3.968381741E-1,6.179606473E-1
3.121928542E0,-1.934071827E-1,-3.475536744E-1,6.340796667E-1
3.131922542E0,-2.077866554E-1,-2.498453122E-1,4.879875684E-1
3.141917542E0,-5.267265415E-1,-9.081888042E-2,2.860984147E-1
3.151911542E0,-7.498100978E-1,7.731371261E-2,1.951321113E-1
3.161906542E0,-5.741942382E-1,2.351823226E-1,1.224617457E-1
3.171900542E0,-3.640733743E-1,3.622340595E-1,-1.332112670E-2
3.181895542E0,-2.393703908E-1,4.121902581E-1,-1.714970809E-1
3.191889542E0,-2.583077681E-1,3.489879964E-1,-1.881242234E-1
3.201884542E0,-3.939894837E-1,2.691154692E-1,-3.039604890E-1
3.211878542E0,-4.587935901E-1,1.950960048E-1,-2.564191175E-1
3.221873542E0,-4.826350272E-1,1.740674438E-1,-1.542355156E-1
3.231867542E0,-3.514656079E-1,2.670878740E-1,-1.781705081E-1
3.241862542E0,-1.869272983E-1,3.495219203E-1,-1.801649934E-1
3.251856542E0,-1.106152868E-1,3.110279455E-1,-5.616426051E-2
3.261851542E0,-8.789300680E-2,2.006832386E-1,6.449011087E-2
3.271846542E0,-8.821811199E-2,1.015610196E-2,2.332945490E-1
3.281840542E0,-1.468586683E-1,-1.789315964E-1,3.144825536E-1
3.291835542E0,-2.394347101E-1,-2.212306467E-1,2.837507576E-1
3.301829542E0,-1.061076683E-1,-1.966980688E-1,1.892053735E-1
3.311824542E0,8.170314431E-3,-1.448914457E-1,1.014643943E-1
3.321818542E0,6.804463327E-2,-1.318429454E-1,1.355209172E-1
3.331813542E0,7.809190392E-2,-1.427461754E-1,2.152494568E-1
3.341807542E0,1.474580079E-1,-1.728212560E-1,3.880574834E-1
3.351802542E0,2.848547119E-1,-1.650614892E-1,4.227080834E-1
3.361796542E0,2.678018922E-1,-1.744920248E-1,3.585968721E-1
3.371791542E0,1.978428805E-1,-1.687837536E-1,3.139399320E-1
3.381785542E0,1.389315981E-1,-1.511667506E-1,2.651139271E-1
3.391780542E0,1.092435300E-1,-1.470258987E-1,2.174515182E-1
3.401774542E0,1.200433373E-1,-1.257584059E-1,1.579736406E-1
3.411769542E0,1.685366356E-1,-8.030668303E-2,1.555382752E-1
3.421763542E0,2.406953698E-1,-2.105173051E-2,2.620593417E-1
3.431758542E0,3.211337614E-1,-3.553089827E-2,3.912635118E-1
3.441752542E0,5.135539341E-1,-1.257918081E-1,4.108908606E-1
3.451747542E0,6.382042927E-1,-2.314388620E-1,4.151955807E-1
3.461741542E0,4.418571299E-1,-2.506193373E-1,1.942982984E-1
3.471736542E0,-2.142326260E-1,-1.680872040E-1,-3.024752963E-1
3.481731542E0,-9.908095229E-1,-5.619488530E-2,-8.401741379E-1
3.491725542E0,-1.286863407E0,6.600519754E-2,-1.111803617E0
3.501720542E0,-1.114861711E0,1.098992222E-1,-9.607910872E-1
3.511714542E0,-6.435381228E-1,7.445069656E-2,-6.324301672E-1
3.521709542E0,-2.580697864E-1,4.033336267E-3,-3.336304307E-1
3.531703542E0,-1.186517000E-1,-1.066385955E-1,-6.355631053E-2
3.541698542E0,1.031039536E-2,-1.239349517E-1,2.558881903E-1
3.551692542E0,2.258954823E-2,-7.508533873E-2,4.636608124E-1
3.561687542E0,7.639971972E-3,2.453053147E-3,5.427555138E-1
3.571681542E0,6.884628654E-2,8.811666280E-2,5.235731381E-1
3.581676542E0,1.733179039E-1,1.639497873E-1,3.721606582E-1
3.591670542E0,1.322558320E-1,1.118355276E-1,2.309995168E-1
3.601665542E0,-4.097787201E-2,8.263643302E-2,1.734757787E-1
3.611659542E0,6.022047400E-3,4.702630498E-2,2.124813849E-1
3.621654542E0,1.188826650E-1,-1.193891801E-2,2.212691653E-1
3.631648542E0,1.076986957E-1,-8.267648645E-2,2.221912712E-1
3.641643542E0,1.260718167E-2,-1.166110948E-1,2.092016816E-1
3.651637542E0,-2.915246308E-2,-1.457311059E-1,1.659621066E-1
3.661632542E0,-1.127144372E-1,-1.133472522E-1,2.621716082E-2
3.671626542E0,-2.289272636E-1,-7.414196357E-2,-1.151889789E-1
3.681621542E0,-2.878110641E-1,-5.752308033E-2,-9.786250949E-2
3.691616542E0,-2.622885525E-1,-2.471259914E-2,-6.947427750E-2
3.701610542E0,-1.833938259E-1,-1.032866791E-2,-6.280845165E-2
3.711605542E0,-4.805417240E-2,-1.632104069E-4,1.388947606E-2
3.721599542E0,7.800770402E-3,2.351194650E-2,1.032974964E-1
3.731594542E0,3.011433005E-2,2.858557552E-2,2.311556375E-1
3.741588542E0,6.327389002E-2,-1.213041432E-2,2.363175595E-1
3.751583542E0,7.686866641E-2,-5.131940380E-2,1.751018894E-1
3.761577542E0,1.184564030E-1,-9.684472851E-2,1.461879927E-1
3.771572542E0,1.916559416E-1,-1.025593586E-1,1.445747459E-1
3.781566542E0,2.568974197E-1,-7.967737645E-2,1.889410794E-1
3.791561542E0,2.558326417E-1,-9.331951529E-2,2.329881549E-1
3.801555542E0,2.147442573E-1,-8.083117828E-2,9.374373078E-2
3.811550542E0,-1.044985145E-1,-2.853470474E-2,-1.713356978E-1
3.821544542E0,-6.704218662E-1,2.191711843E-2,-4.239050084E-1
3.831539542E0,-9.094940490E-1,8.838212639E-2,-6.012797105E-1
3.841534542E0,-6.263777143E-1,2.031395077E-1,-5.611765820E-1
3.851528542E0,-3.065005195E-1,1.462311890E-1,-3.113993168E-1
3.861523542E0,-9.316544116E-2,-1.779848590E-2,7.681136370E-2
3.871517542E0,1.308144933E-1,-8.657519057E-2,3.509639168E-1
3.881512542E0,1.887943143E-1,-8.668665312E-2,4.461291057E-1
3.891506542E0,4.709639847E-2,-8.253703035E-2,2.171240741E-1
3.901501542E0,-1.853579056E-1,-1.018966497E-1,8.779418886E-2
3.911495542E0,-2.292734188E-1,-4.073660128E-2,6.120397568E-2
3.921490542E0,-9.317538142E-2,1.773116983E-2,1.327557689E-1
3.931484542E0,1.081161869E-1,4.583778530E-2,1.602429450E-1
3.941479542E0,2.056839967E-1,-3.027308196E-2,1.934855354E-1
3.951473458E0,1.282557517E-1,-1.010122584E-1,2.603314894E-1
3.961468458E0,1.527129006E-1,-1.459769082E-1,3.316201580E-1
3.971462458E0,1.351525426E-1,-1.269782813E-1,2.885788035E-1
3.981457458E0,4.191693485E-2,-8.872367688E-2,2.187876070E-1
3.991451458E0,9.828000069E-3,-3.071615472E-2,1.101732373E-1
4.001446458E0,-7.045485556E-2,-3.952403493E-2,3.533647835E-2
4.011440458E0,-1.192603952E-1,-3.686143219E-2,-3.296426296E-2
4.021435458E0,-1.055556911E-1,-2.983161718E-2,-1.037506557E-1
4.031430458E0,-1.090464789E-1,-1.114808209E-2,-9.550900519E-2
4.041424458E0,-6.419131815E-2,6.453864276E-4,2.690713227E-2
4.051419458E0,2.057225883E-2,2.554283068E-3,9.639719725E-2
4.061413458E0,5.249045491E-2,-2.475433365E-2,5.245712578E-2
4.071408458E0,-1.121379018E-2,-4.658074714E-2,1.925020337E-2
4.081402458E0,-3.739820659E-2,-5.272938676E-2,-1.162894249E-2
4.091397458E0,-6.919185698E-2,-4.774733976E-2,-2.576634049E-2
4.101391458E0,-1.127892816E-1,-4.446390890E-2,-6.006259918E-2
4.111386458E0,-1.701837963E-1,-4.161076002E-2,-8.162362218E-2
4.121380458E0,-1.310881430E-1,-6.423889987E-2,-3.772506595E-2
4.131375458E0,-1.199579680E-1,-7.612482749E-2,-1.375849843E-2
4.141369458E0,-9.140718341E-2,-5.515751615E-2,2.238723457E-2
4.151364458E0,-6.933803737E-2,-4.807617255E-2,6.512453377E-2
4.161359458E0,-6.670971394E-2,-4.025954157E-2,8.966120481E-2
4.171353458E0,-2.313333929E-2,-4.124063127E-2,6.623608947E-2
4.181348458E0,-3.706082225E-2,-1.884711094E-2,8.014778495E-2
4.191342458E0,-7.095303833E-2,5.872066319E-4,1.226254678E-1
4.201337458E0,-5.967142045E-2,5.989229903E-3,1.207958740E-1
4.211331458E0,-2.656156182E-2,8.740052506E-3,1.062579417E-1
4.221326458E0,-3.194333911E-2,-2.290237427E-2,1.088155138E-1
4.231320458E0,-5.590172052E-2,-3.137060434E-2,9.910445809E-2
4.241315458E0,-8.044950128E-2,-2.265489087E-2,5.990823269E-2
4.251309458E0,-8.594588399E-2,-2.829277620E-2,5.236707866E-2
4.261304458E0,-5.916212797E-2,-2.921919443E-2,4.898212552E-2
4.271298458E0,-8.416189849E-2,-6.035956465E-2,4.151698530E-2
4.281293458E0,-9.618085027E-2,-4.090273529E-2,4.645612836E-2
4.291287458E0,-3.011842310E-2,-3.179730490E-2,7.379069209E-2
4.301282458E0,-1.846082926E-2,-4.955895334E-2,8.026472926E-2
4.311276458E0,-2.688666701E-2,-4.400570646E-2,4.466454148E-2
4.321271458E0,-4.487153292E-3,-4.740388893E-2,5.682324171E-2
4.331266458E0,-5.189520836E-2,-7.595503896E-2,2.919982553E-2
4.341260458E0,-5.834936500E-2,-6.508923121E-2,9.963070750E-3
4.351255458E0,-7.351119518E-2,-6.131609604E-2,-2.010272741E-2
4.361249458E0,-1.103316969E-1,-4.642784245E-2,-4.311736822E-3
4.371244458E0,-7.726276875E-2,-2.748856477E-2,5.439196944E-2
4.381238458E0,4.100067616E-3,-7.451837808E-3,1.175641179E-1
4.391233458E0,5.114734948E-2,-4.638040692E-2,1.073484474E-1
4.401227458E0,4.925752938E-2,-4.182250232E-2,7.615764499E-2
4.411222458E0,-5.270563245E-2,-2.195607550E-2,3.024179935E-2
4.421216458E0,-7.955195367E-2,4.894484952E-3,2.875485241E-2
4.431211458E0,-1.085091197E-1,-2.691889979E-2,5.728634119E-2
4.441205458E0,-1.362266761E-1,-3.005958550E-2,1.645640373E-2
4.451200458E0,-4.532586157E-2,-3.731261797E-2,5.885748804E-2
4.461195458E0,-2.593064725E-2,-7.088338338E-2,1.194229478E-1
4.471189458E0,-2.837010562E-2,-7.207022198E-2,9.461847425E-2
4.481184458E0,-4.131057858E-3,-7.435480222E-2,6.506840050E-2
4.491178458E0,-3.583232224E-2,-7.517034262E-2,4.745424807E-2
4.501173458E0,-5.457323313E-2,-6.208420090E-2,6.315577626E-2
4.511167458E0,-1.281633657E-1,-2.754842564E-3,6.963449121E-2
4.521162458E0,-6.736460209E-2,2.234805822E-2,5.994799376E-2
4.531156458E0,-3.159893811E-2,-2.065009989E-2,8.079799533E-2
4.541151458E0,-5.331549704E-2,-3.081292614E-2,9.910387337E-2
4.551145458E0,-2.457935572E-2,-1.711465403E-2,9.533475816E-2
4.561140458E0,-2.273338974E-2,-2.458015971E-2,1.178705120E-1
4.571134458E0,-4.686660290E-2,-3.069166951E-2,1.176319456E-1
4.581129458E0,-3.008860230E-2,-3.159133673E-2,9.430740237E-2
4.591123458E0,-5.044451416E-2,-4.223750845E-2,7.101384938E-2
4.601118458E0,-1.168232757E-1,-2.657917656E-2,8.733225882E-2
4.611112458E0,-1.411839455E-1,-4.790185243E-3,9.448398829E-2
4.621107458E0,-1.388953453E-1,5.956193134E-3,8.967348397E-2
4.631101458E0,-1.080822730E-1,2.028837651E-3,1.422756207E-1
4.641096458E0,-8.010451555E-2,8.933083713E-3,1.546682096E-1
4.651091458E0,-1.101732373E-2,1.941217124E-2,8.897474170E-2
4.661085458E0,-1.106644034E-2,5.706188120E-2,1.566866684E-1
4.671080458E0,-6.144721985E-2,5.600200027E-2,1.863940322E-1
4.681074458E0,-8.837072432E-2,3.646667205E-2,1.834926438E-1
4.691069458E0,-1.258279878E-1,6.200957581E-2,2.120340729E-1
4.701063458E0,-2.003893429E-1,7.367118962E-2,1.351963967E-1
4.711058458E0,-2.205177981E-1,7.137389168E-2,1.431719989E-1
4.721052458E0,-2.679691225E-1,1.037763103E-1,2.032521397E-1
4.731047458E0,-2.240998024E-1,1.322994668E-1,2.073820281E-1
4.741041458E0,-1.672783148E-1,1.211890993E-1,2.465408313E-1
4.751036458E0,-1.784622842E-1,1.004830123E-1,2.504333228E-1
4.761030458E0,-2.056758106E-1,1.428001890E-1,1.382509822E-1
4.771025458E0,-2.406129241E-1,2.163181816E-1,1.215460718E-1
4.781019458E0,-1.816677278E-1,3.388943866E-1,2.115610331E-1
4.791014458E0,-6.571627200E-2,3.694099087E-1,3.531279713E-1
4.801008458E0,-2.017757177E-2,2.577440234E-1,4.090074724E-1
4.811003458E0,6.198048592E-5,1.509064034E-1,4.255930996E-1
4.820998458E0,-1.206280589E-2,3.156027339E-2,3.607240891E-1
4.830992458E0,-9.635041952E-3,-6.937801771E-2,2.132678354E-1
4.840987458E0,3.296952546E-2,-7.943120867E-2,7.761009336E-3
4.850981458E0,-9.614869058E-2,2.032828376E-2,-1.211917305E-1
4.860976458E0,-3.473205167E-1,7.477105089E-2,-1.018865633E-1
4.870970458E0,-6.642185551E-1,5.463250928E-2,-9.365777671E-2
4.880965458E0,-9.147366625E-1,-2.099413544E-2,-1.692856640E-1
4.890959458E0,-1.028948572E0,-1.292537253E-1,-1.662825340E-1
4.900954458E0,-1.120513045E0,-2.245911147E-1,-1.489022702E-1
4.910948458E0,-1.156117326E0,-2.269488582E-1,-1.823442507E-1
4.920943458E0,-1.413877210E0,-1.836894757E-1,-5.288572669E-2
4.930937458E0,-1.837861741E0,-2.257204313E-1,1.164595789E-1
4.940932458E0,-1.993778915E0,-2.352041034E-1,1.044809729E-1
4.950926958E0,-2.036109833E0,-1.848520484E-1,4.405292273E-3
4.960921958E0,-2.027717324E0,-6.213054009E-2,-8.712702155E-2
4.970915958E0,-1.939892730E0,1.356084061E-1,-1.366576159E-1
4.980910958E0,-1.801276882E0,3.294843163E-1,-1.924611032E-1
4.990905958E0,-1.706646713E0,4.749157523E-1,-2.062061530E-1
5.000899958E0,-1.575895954E0,5.666121536E-1,-2.208645380E-1
5.010894958E0,-1.512962957E0,6.276056296E-1,-2.815387559E-1
5.020888958E0,-1.472792001E0,5.972613943E-1,-3.826277590E-1
5.030883958E0,-1.351187457E0,6.166630040E-1,-5.460416490E-1
5.040877958E0,-1.140530988E0,6.929824707E-1,-8.155713934E-1
5.050872958E0,-8.675040239E-1,8.409354454E-1,-1.142539507E0
5.060866958E0,-5.614929163E-1,9.920545413E-1,-1.365344735E0
5.070861958E0,-2.986219811E-1,1.083661115E0,-1.441615816E0
5.080855958E0,-1.476293314E-1,1.098089996E0,-1.407258162E0
5.090850958E0,-2.322397113E-2,1.039033922E0,-1.261119871E0
5.100844958E0,7.538347363E-2,9.216275331E-1,-1.146385220E0
5.110839958E0,1.284902251E-1,7.456752393E-1,-9.273567080E-1
5.120833958E0,1.679115683E-1,5.813262333E-1,-7.762564695E-1
5.130828958E0,1.867314166E-1,5.252434684E-1,-7.644801772E-1
5.140823958E0,2.159826976E-1,4.477571167E-1,-7.680165732E-1
5.150817958E0,1.585981232E-1,3.445025608E-1,-8.724244559E-1
5.160812958E0,1.032536423E-1,2.231588940E-1,-9.354580253E-1
5.170806958E0,2.452293009E-1,1.077923790E-1,-8.667994344E-1
5.180801958E0,4.621820515E-1,1.405794896E-2,-7.125569022E-1
5.190795958E0,6.464114445E-1,-7.515012405E-2,-5.162050617E-1
5.200790958E0,8.327452505E-1,-9.306979350E-2,-3.730166906E-1
5.210784958E0,1.054504412E0,-9.798986002E-2,-2.804336321E-1
5.220779958E0,1.304019722E0,-1.017228504E-1,-2.636661565E-1
5.230773958E0,1.472983789E0,-1.445466793E-1,-2.740303463E-1
5.240768958E0,1.480662938E0,-2.696683965E-1,-3.085704339E-1
5.250762958E0,1.391005826E0,-4.186013280E-1,-3.056725538E-1
5.260757958E0,1.278196664E0,-5.244758386E-1,-2.933589023E-1
5.270751958E0,1.212863384E0,-5.867516820E-1,-3.726541632E-1
5.280746958E0,1.074439325E0,-7.252601974E-1,-4.548835570E-1
5.290740958E0,8.725951946E-1,-9.325993947E-1,-4.718866754E-1
5.300735958E0,5.769272268E-1,-1.192862399E0,-4.476289165E-1
5.310730958E0,2.773965883E-1,-1.447601611E0,-4.387510890E-1
5.320724958E0,1.253017384E-1,-1.570463160E0,-3.781949848E-1
5.330719958E0,1.228301203E-1,-1.620206301E0,-2.813481367E-1
5.340713958E0,1.643821889E-1,-1.608978623E0,-2.601642591E-1
5.350708958E0,1.865741265E-1,-1.550743279E0,-2.444738406E-1
5.360702958E0,1.813145560E-1,-1.503758855E0,-4.438212097E-2
5.370697958E0,2.078182304E-1,-1.503752131E0,2.014728320E-1
5.380691958E0,2.744332194E-1,-1.551280200E0,2.821123677E-1
5.390686958E0,3.260144323E-1,-1.565763461E0,3.215828276E-1
5.400680958E0,2.510864568E-1,-1.542112204E0,4.452157706E-1
5.410675958E0,2.079889691E-1,-1.468681116E0,5.823037416E-1
5.420669958E0,2.401890010E-1,-1.338610096E0,6.620287728E-1
5.430664958E0,3.502523106E-1,-1.222971393E0,7.117499864E-1
5.440658958E0,4.855054253E-1,-1.116505217E0,7.649994099E-1
5.450653958E0,5.908184570E-1,-1.036820166E0,7.767809647E-1
5.460647958E0,6.111176509E-1,-9.449317572E-1,7.021482736E-1
5.470642958E0,6.151241630E-1,-8.130730243E-1,6.166994029E-1
5.480637958E0,5.089129990E-1,-6.978384371E-1,5.503060234E-1
5.490631958E0,4.403017706E-1,-5.717290521E-1,4.977816546E-1
5.500626958E0,3.829382461E-1,-4.322249385E-1,5.038756227E-1
5.510620958E0,3.779815614E-1,-2.699030160E-1,5.019629985E-1
5.520615958E0,4.053102779E-1,-1.314589296E-1,4.838120717E-1
5.530609958E0,3.988730782E-1,-1.829257563E-2,5.238731003E-1
5.540604958E0,3.975089228E-1,1.403551027E-2,5.848513734E-1
5.550598958E0,4.036870909E-1,4.961917967E-2,5.678494245E-1
5.560593958E0,4.034268898E-1,8.104284748E-2,5.729189605E-1
5.570587958E0,2.866778737E-1,7.141321421E-2,7.158330971E-1
5.580582958E0,1.465902811E-1,1.009551749E-1,9.025621748E-1
5.590576958E0,-1.241948605E-3,1.464313100E-1,1.028895362E0
5.600571958E0,-8.824559391E-2,1.727548170E-1,1.124492075E0
5.610565958E0,-2.261410654E-1,1.140512569E-1,1.233847287E0
5.620560958E0,-4.670311475E-1,3.043234549E-2,1.249082792E0
5.630554958E0,-5.906488878E-1,-2.608135924E-2,1.138192686E0
5.640549958E0,-6.739360428E-1,-5.034598857E-3,1.000139340E0
5.650544958E0,-7.224831355E-1,3.193603009E-2,8.726016265E-1
5.660538958E0,-7.442090499E-1,1.358020221E-1,8.080653226E-1
5.670533958E0,-7.465315640E-1,2.442968161E-1,8.703755915E-1
5.680527958E0,-6.618545258E-1,3.246985895E-1,9.702185529E-1
5.690522958E0,-4.970068985E-1,4.001347612E-1,9.561448896E-1
5.700516958E0,-3.745498306E-1,3.770055149E-1,8.761198962E-1
5.710511958E0,-3.467042202E-1,2.573937021E-1,8.086336720E-1
5.720505958E0,-3.063332891E-1,1.838890120E-1,7.261130869E-1
5.730500958E0,-2.274286222E-1,1.524480949E-1,5.519514298E-1
5.740494958E0,-1.455676031E-1,1.454747055E-1,3.668011004E-1
5.750489958E0,-9.303797185E-2,1.375308976E-1,1.946374369E-1
5.760483958E0,-1.408793056E-1,9.740335688E-2,-1.799597561E-2
5.770478958E0,-1.257326782E-1,3.353451267E-3,-1.502751964E-1
5.780472958E0,-8.253111005E-2,1.845337406E-2,-3.338116944E-1
5.790467958E0,-1.776799268E-1,9.922220640E-2,-5.096678746E-1
5.800462958E0,-6.146826982E-2,1.576027809E-1,-4.487761402E-1
5.810456958E0,5.801490426E-2,1.650990576E-1,-4.586748916E-1
5.820451958E0,-4.791793227E-3,1.145036852E-1,-3.997384661E-1
5.830445958E0,-5.210921645E-2,4.512384027E-2,-3.244058633E-1
5.840440958E0,-2.525061607E-2,1.598497197E-2,-3.046580619E-1
5.850434958E0,-1.424206316E-2,3.113057613E-2,-3.570339113E-1
5.860429958E0,3.578145146E-2,4.712176077E-2,-3.690709895E-1
5.870423958E0,7.341822445E-2,1.055672394E-1,-3.737107551E-1
5.880418958E0,1.184593266E-1,1.627486230E-1,-4.078625876E-1
5.890412958E0,1.649891299E-1,1.569641188E-1,-3.832528263E-1
5.900407958E0,1.787780339E-1,1.421295134E-1,-3.748147094E-1
5.910401958E0,1.269717032E-1,1.057883372E-1,-3.618736517E-1
5.920396958E0,7.944027185E-2,6.436688080E-3,-3.392221230E-1
5.930390958E0,6.995257974E-2,-1.607374732E-1,-3.608439571E-1
5.940385958E0,3.606738031E-2,-1.682690524E-1,-3.736511135E-1
5.950380208E0,-1.475533175E-1,-1.269372046E-1,-7.381349623E-2
5.960375208E0,-3.259144449E-1,-1.432835345E-1,9.975759208E-2
5.970369208E0,-2.108979589E-1,-4.645854034E-2,1.834984910E-1
5.980364208E0,-5.753835618E-2,2.939972721E-2,2.600443912E-1
5.990359208E0,-1.264051080E-2,9.510993272E-2,1.965003598E-1
6.000353208E0,6.268682957E-2,1.748631037E-1,4.502297580E-2
6.010348208E0,1.593839890E-1,2.127885830E-1,-4.518318951E-2
6.020342208E0,1.954811901E-1,2.165697581E-1,-8.926944137E-3
6.030337208E0,6.023976982E-2,1.709198876E-1,1.177734482E-1
6.040331208E0,-6.783822656E-2,1.115151002E-1,2.541229159E-1
6.050326208E0,-1.577555394E-1,7.534868270E-2,2.488224149E-1
6.060320208E0,-1.984182465E-1,-3.558030725E-4,1.006633258E-1
6.070315208E0,-2.118738592E-1,-1.291958378E-1,1.127267164E-1
6.080309208E0,-4.777865160E-1,-5.681344762E-2,2.161130905E-2
6.090304208E0,-7.274731493E-1,7.182588145E-2,5.475683570E-2
6.100298208E0,-5.624816805E-1,1.852289745E-1,1.442894018E-1
6.110293208E0,-4.350492167E-1,2.695000698E-1,8.108743250E-2
6.120288208E0,-3.595651710E-1,2.589448223E-1,1.410991609E-1
6.130282208E0,-2.696618915E-1,2.163222016E-1,1.750679755E-1
6.140277208E0,-2.101185250E-1,1.754033133E-1,1.670736623E-1
6.150271208E0,-4.166258097E-2,1.634733854E-1,2.217498064E-1
6.160266208E0,9.233338237E-2,7.963016018E-2,1.588548160E-1
6.170260208E0,1.193054187E-1,-2.918981217E-2,-7.439997196E-3
6.180255208E0,4.187892795E-2,-1.704711138E-1,-5.912002802E-2
6.190249208E0,-4.404707551E-3,-2.038552800E-1,-1.915243793E-1
6.200244208E0,9.009974599E-3,-2.051431292E-1,-2.746706164E-1
6.210238208E0,4.957269430E-3,-2.190948781E-1,-3.736002427E-1
6.220233208E0,2.824205160E-4,-2.352453263E-1,-4.767878115E-1
6.230227208E0,-7.251132131E-2,-3.684089385E-1,-6.354467458E-1
6.240222208E0,-6.862584651E-2,-3.365193938E-1,-4.178981638E-1
6.250216208E0,-1.659977746E-1,-2.766436131E-1,-1.555102086E-1
6.260211208E0,-3.081342316E-1,-2.716252403E-1,6.112679243E-3
6.270205208E0,-1.567094725E-1,-2.890546938E-1,1.927710056E-2
6.280200208E0,7.007537127E-2,-2.866635481E-1,-9.600543380E-3
6.290195208E0,2.376261663E-1,-2.377876957E-1,-3.390566468E-2
6.300189208E0,3.097088867E-1,-1.976224405E-1,-3.236433864E-2
6.310184208E0,3.763823479E-1,-1.992742789E-1,1.887948990E-2
6.320178208E0,4.180969691E-1,-2.183863418E-1,6.068825126E-3
6.330173208E0,3.451874524E-1,-2.928190582E-1,2.358182073E-3
6.340167208E0,2.359105933E-1,-3.370587994E-1,1.638097465E-2
6.350162208E0,1.437444413E-1,-3.697661503E-1,2.493486643E-2
6.360156208E0,6.289265156E-2,-4.145611578E-1,1.271243155E-2
6.370151208E0,-1.285744250E-2,-4.758306223E-1,-8.282464027E-2
6.380145208E0,-1.241188467E-1,-6.177928323E-1,-1.004849857E-1
6.390140208E0,-5.927848756E-2,-6.572657041E-1,-6.356858969E-2
6.400134208E0,-9.894132078E-2,-5.678921092E-1,3.014532030E-2
6.410129208E0,-1.950976127E-1,-4.815961231E-1,2.229625189E-1
6.420123208E0,-1.828541279E-1,-4.055850971E-1,1.941047555E-1
6.430118208E0,-1.116227621E-1,-4.003791748E-1,2.158727700E-1
6.440113208E0,3.863079965E-2,-3.850889982E-1,1.964898348E-1
6.450107208E0,1.703065878E-1,-3.405965111E-1,2.170316881E-1
6.460102208E0,2.738672090E-1,-2.855980392E-1,2.447124070E-1
6.470096208E0,3.565556091E-1,-2.455966522E-1,2.474518275E-1
6.480091208E0,4.000776047E-1,-1.702252384E-1,2.391037577E-1
6.490085208E0,3.728020978E-1,-1.272262032E-1,4.295423090E-2
6.500080208E0,2.867825389E-1,-2.885738334E-1,-2.285910487E-1
6.510074208E0,1.100223792E-1,-2.853171536E-1,-1.880031860E-1
6.520069208E0,-7.544545412E-2,-1.527422829E-1,7.886782944E-2
6.530063208E0,-3.630360782E-1,-1.836330501E-1,1.939959973E-1
6.540058208E0,-2.786747897E-1,-1.320962030E-1,8.923318863E-2
6.550052208E0,-9.470501304E-2,-9.207837068E-2,9.826128960E-2
6.560047208E0,-1.114964622E-1,-9.364681318E-2,4.289868236E-2
6.570041208E0,-1.033355033E-1,-6.758431122E-2,-3.879627585E-3
6.580036208E0,3.790808380E-2,6.089816630E-2,-4.825824022E-2
6.590030208E0,1.363646704E-1,1.409112460E-1,-5.632330477E-2
6.600025208E0,1.156251812E-1,1.328640155E-1,-3.637494385E-2
6.610020208E0,4.081941247E-3,3.433170743E-2,4.395293534E-2
6.620014208E0,-1.230838895E-1,-3.170053348E-2,9.503245711E-2
6.630009208E0,-1.903028959E-1,-6.057744652E-2,1.111035293E-1
6.640003208E0,-2.733140624E-1,-3.636814646E-2,6.185126245E-2
6.649998208E0,-2.426658815E-1,2.076105081E-2,-1.798954368E-2
6.659992208E0,-2.783069998E-1,1.258638751E-1,-1.699095619E-1
6.669987208E0,-4.941750920E-1,1.769980683E-1,2.149436474E-3
6.679981208E0,-4.993761903E-1,2.512764182E-1,-7.121908665E-3
6.689976208E0,-3.983959454E-1,2.674116636E-1,-6.084261775E-2
6.699970208E0,-2.986781144E-1,2.613396225E-1,-1.840703487E-2
6.709965208E0,-1.894889635E-1,2.750307318E-1,4.471833587E-2
6.719959208E0,-6.546951950E-2,3.473611549E-1,4.909322262E-2
6.729954208E0,3.150538266E-2,3.942156979E-1,4.945048749E-2
6.739948208E0,4.987324119E-2,3.970117633E-1,6.544671535E-2
6.749943208E0,3.854893863E-2,3.928769048E-1,1.717678070E-2
6.759938208E0,-3.986573160E-2,3.959225732E-1,-6.136652827E-3
6.769932208E0,-1.442356074E-1,2.738357071E-1,-1.581145585E-2
6.779927208E0,-2.998727006E-1,1.000411820E-1,-6.200445950E-2
6.789921208E0,-3.526882607E-1,1.136598589E-1,1.373662984E-1
6.799916208E0,-5.567221731E-1,1.372775669E-1,1.875564587E-1
6.809910208E0,-5.295530856E-1,1.631270110E-1,6.123613536E-2
6.819905208E0,-2.182759756E-1,1.969072529E-1,3.047568798E-3
6.829899208E0,-8.131371975E-2,2.239879013E-1,-4.287880182E-2
6.839894208E0,-5.765413105E-2,2.094750389E-1,-2.675685883E-2
6.849888208E0,-1.986883879E-2,1.777273623E-1,1.957472384E-2
6.859883208E0,1.987585545E-2,1.867838953E-1,2.741525531E-2
6.869877208E0,-4.572581112E-2,1.181529325E-1,9.551660657E-2
6.879872208E0,-1.363482982E-1,3.137498975E-2,1.614088798E-1
6.889867208E0,-1.986135435E-1,-1.453464322E-2,1.556037641E-1
6.899861208E0,-1.741335905E-1,-6.203859262E-2,9.824959517E-2
6.909856208E0,-2.296669364E-1,-1.758060403E-1,4.360034823E-2
6.919850208E0,-1.607370347E-1,-2.247736940E-1,4.992118835E-2
6.929845208E0,-1.770560288E-1,-2.814701242E-1,7.724990487E-2
6.939839208E0,-1.175986165E-1,-3.256375793E-1,1.527263492E-1
6.949834208E0,2.925888240E-2,-3.422922036E-1,2.288869178E-1
6.959828208E0,1.083073908E-1,-3.337166040E-1,3.037453115E-1
6.969823208E0,1.324411887E-1,-3.411047072E-1,3.286649752E-1
6.979817208E0,2.415572494E-1,-3.285682037E-1,2.969765747E-1
6.989812208E0,3.038833058E-1,-2.560003837E-1,2.312351596E-1
6.999806208E0,3.582647502E-1,-1.986598096E-1,1.597646427E-1
7.009801208E0,3.694849724E-1,-1.583277626E-1,-4.401199222E-3
7.019795208E0,3.011544102E-1,-1.912917332E-1,-1.316775423E-1
7.029790208E0,1.970675397E-1,-3.044104323E-1,-4.425816000E-2
7.039784208E0,1.269512379E-1,-3.266587224E-1,4.002009809E-2
7.049779208E0,8.253461838E-2,-3.041931351E-1,-9.515992641E-2
7.059774208E0,1.195872545E-2,-3.999113245E-1,-2.724913591E-1
7.069768208E0,-1.197129697E-1,-4.244740156E-1,-2.595731056E-1
7.079763208E0,-2.481453073E-1,-2.470634262E-1,-2.270824671E-2
7.089757208E0,-5.301793224E-1,-3.154443475E-1,1.307308781E-1
7.099752208E0,-3.314763165E-1,-2.666817118E-1,9.955527842E-2
7.109746208E0,4.447626114E-2,-1.388454247E-1,1.096721309E-1
7.119741208E0,1.283750349E-1,-1.327736029E-1,1.316600007E-1
7.129735208E0,2.293646353E-1,-1.114349203E-1,6.348789811E-2
7.139730208E0,4.284377700E-1,-4.676201083E-2,2.080146968E-2
7.149724208E0,5.101450074E-1,9.885083511E-3,5.317457914E-3
7.159719208E0,4.141939527E-1,-1.446345337E-2,2.118036926E-2
7.169713208E0,2.105091190E-1,-1.052659616E-1,3.708596528E-2
7.179708208E0,-3.945701122E-3,-1.590636346E-1,9.842968941E-2
7.189703208E0,-1.844322914E-1,-1.636064827E-1,9.237899065E-2
7.199697208E0,-2.839296824E-1,-1.186069688E-1,4.538842678E-2
7.209692208E0,-2.932402039E-1,-7.234891489E-2,-2.819410443E-2
7.219686208E0,-2.849821812E-1,-1.004842548E-1,-3.243333578E-2
7.229681208E0,-2.583492833E-1,-4.918487772E-2,-6.246814370E-2
7.239675208E0,-4.328231817E-1,3.595350578E-2,-2.481441379E-2
7.249670208E0,-4.343762022E-1,9.360858701E-2,1.092464536E-1
7.259664208E0,-2.891863292E-1,1.493987719E-1,8.515592515E-2
7.269659208E0,-2.515109646E-1,1.331427815E-1,1.000189626E-1
7.279653208E0,-1.926745266E-1,1.099932893E-1,7.249845743E-2
7.289648208E0,-1.463370967E-1,8.661348984E-2,2.401802301E-2
7.299642208E0,-1.523568052E-1,1.229602209E-1,-1.263934135E-2
7.309637208E0,-9.449919105E-2,1.524730917E-1,-2.343973339E-2
7.319632208E0,4.707008600E-2,1.962089492E-1,-8.211244941E-2
7.329626208E0,1.112432778E-1,1.543080942E-1,-1.428556645E-1
7.339621208E0,6.221262038E-2,4.840105847E-3,-2.009851742E-1
7.349615208E0,-4.897160053E-2,2.071836613E-2,-1.210818028E-1
7.359610208E0,-3.038289267E-1,1.025434980E-1,1.529210615E-1
7.369604208E0,-5.307207745E-1,6.061106801E-2,2.301306206E-1
7.379599208E0,-3.235679573E-1,1.098987836E-1,1.473556817E-1
7.389593208E0,-7.168510973E-2,1.238360607E-1,4.502122164E-2
7.399588208E0,1.362401247E-4,9.415712893E-2,-1.759017885E-2
7.409582208E0,6.687519014E-2,9.087749876E-2,1.749896228E-2
7.419577208E0,1.245790225E-1,1.015822888E-1,9.106278241E-2
7.429571208E0,7.493382275E-2,6.137997687E-2,1.423206443E-1
7.439566208E0,4.591818452E-3,-3.702018410E-4,1.036231863E-1
7.449560208E0,-7.239496171E-2,-2.944913618E-2,6.398257256E-2
7.459555208E0,-2.360029793E-1,-1.060405715E-1,4.527849913E-2
7.469550208E0,-3.034663993E-1,-6.286180750E-2,-2.017991066E-2
7.479544208E0,-3.656012517E-1,-2.158653148E-2,1.326891106E-1
7.489539208E0,-3.671519333E-1,-4.157574981E-2,1.615901434E-1
7.499533208E0,-2.763686478E-1,-5.010530256E-2,1.095054853E-1
7.509528208E0,-2.606846613E-1,-5.506417997E-2,1.217255813E-1
7.519522208E0,-2.120042521E-1,-5.458631627E-2,1.039143777E-1
7.529517208E0,-1.240855175E-1,2.184665948E-4,2.969099164E-2
7.539511208E0,5.403704345E-2,5.533008210E-2,-8.885311961E-2
7.549506208E0,9.350633383E-2,3.041239187E-2,-9.881151259E-2
7.559500208E0,3.828172088E-2,-2.862913728E-2,-1.399180233E-2
7.569495208E0,3.262980223E-2,-3.166727744E-2,-1.723759174E-2
7.579489208E0,7.104367018E-3,-3.727285691E-2,-1.829009056E-2
7.589484208E0,-5.755940616E-2,-6.218952388E-2,-2.235916793E-2
7.599479208E0,-1.405658948E-1,-1.389527211E-1,-1.296760404E-1
7.609473208E0,-1.013480347E-1,-2.606250197E-2,-1.405027449E-2
7.619468208E0,-1.894813621E-1,-2.469929673E-2,9.533592761E-2
7.629462208E0,-2.809908718E-1,-6.111878905E-2,1.151036096E-1
7.639457208E0,-3.176792264E-3,2.885703251E-2,9.978741288E-2
7.649451208E0,2.147898656E-1,8.051816951E-2,6.013335049E-2
7.659446208E0,2.215942705E-1,6.707096223E-2,3.357705116E-2
7.669440208E0,2.432769156E-1,6.035196327E-2,-7.345330775E-2
7.679435208E0,2.755769348E-1,8.899162553E-2,-1.618427432E-1
7.689429208E0,2.098752809E-1,8.906866260E-2,-1.473094887E-1
7.699424208E0,5.476969957E-2,1.327296026E-2,-8.519802511E-2
7.709418208E0,-4.990423143E-2,-8.648126967E-2,-6.083092332E-2
7.719413208E0,-1.021175283E-1,-1.632355499E-1,-5.862652302E-2
7.729408208E0,-2.115867609E-1,-2.838299873E-1,-4.254667997E-2
7.739402208E0,-1.465405798E-1,-2.726139314E-1,-6.690033317E-2
7.749397208E0,-1.486894315E-1,-2.503335547E-1,7.208622873E-2
7.759391208E0,-1.918044609E-1,-2.863446555E-1,1.103796440E-1
7.769386208E0,-1.187955415E-1,-2.776205367E-1,1.101130110E-1
7.779380208E0,-2.785730481E-2,-2.173317964E-1,1.303332675E-1
7.789375208E0,1.963202655E-2,-1.878271848E-1,1.265390092E-1
7.799369208E0,4.410554767E-2,-1.988725021E-1,1.168554354E-1
7.809364208E0,7.960867167E-2,-2.239670706E-1,9.609431148E-2
7.819358208E0,1.004393774E-1,-2.739121594E-1,6.739734650E-2
7.829353208E0,5.844116628E-2,-2.999646115E-1,5.910190165E-2
7.839347208E0,4.047968924E-2,-2.799645758E-1,6.289265156E-2
7.849342208E0,-7.680902481E-3,-2.380414648E-1,5.251325905E-2
7.859337208E0,-3.001024961E-2,-1.833456960E-1,1.116116524E-2
7.869331208E0,-2.756085098E-2,-1.193888512E-1,2.215451539E-2
7.879326208E0,-3.077448070E-2,-6.814363394E-2,2.350463748E-2
7.889320208E0,3.566801548E-5,-4.697243750E-2,-1.840118766E-2
7.899315208E0,1.355209172E-2,-4.873186469E-2,8.242235184E-3
7.909309208E0,2.736964703E-2,-5.995029610E-2,3.829283059E-2
7.919304208E0,3.675091982E-2,-3.681710299E-2,1.062801611E-1
7.929298208E0,1.810590327E-2,-8.007981107E-3,1.566322893E-1
7.939293208E0,1.846433759E-2,5.667494170E-2,1.751369727E-1
7.949286708E0,4.167895317E-3,7.744505569E-2,1.406290448E-1
7.959281708E0,-1.265688300E-2,8.381362371E-2,9.015295565E-2
7.969276708E0,-4.457975686E-2,9.923412010E-2,7.254465044E-2
7.979270708E0,-8.506295443E-2,1.099514817E-1,9.971900046E-2
7.989265708E0,-1.183453059E-1,9.662151106E-2,1.152100289E-1
7.999259708E0,-1.464768451E-1,1.096550278E-1,1.581437945E-1
8.009254708E0,-1.618526834E-1,1.024267729E-1,1.833312607E-1
8.019248708E0,-1.837855893E-1,1.223623431E-1,1.800591588E-1
8.029243708E0,-1.816484320E-1,1.359032520E-1,1.610568774E-1
8.039237708E0,-1.689377546E-1,1.319181553E-1,1.279949659E-1
8.049232708E0,-1.632051444E-1,1.331459244E-1,8.874553084E-2
8.059226708E0,-1.203222495E-1,1.273275062E-1,4.110709548E-2
8.069221708E0,-1.074747473E-1,1.417591654E-1,-2.020446897E-2
8.079215708E0,-1.072817892E-1,1.332408685E-1,-5.842596352E-2
8.089210708E0,-1.555435377E-1,1.120201535E-1,-2.122831643E-2
8.099205708E0,-1.941415930E-1,8.007440239E-2,-1.058579922E-2
8.109199708E0,-2.327051497E-1,5.945112661E-2,3.979614973E-3
8.119194708E0,-2.594748724E-1,5.272266246E-2,2.380050659E-2
8.129188708E0,-2.450416052E-1,8.613708794E-2,6.576948166E-3
8.139183708E0,-2.023031366E-1,1.217454618E-1,-4.309397936E-3
8.149177708E0,-1.486841691E-1,1.424682865E-1,-2.268368840E-2
8.159172708E0,-9.612237811E-2,1.514251245E-1,-5.001182020E-2
8.169166708E0,-8.279891253E-2,1.534212177E-1,-2.825433075E-2
8.179161708E0,-1.172618169E-1,1.165464100E-1,1.714403629E-2
8.189155708E0,-1.545290458E-1,6.982898422E-2,7.100624800E-2
8.199150708E0,-1.540571755E-1,4.535429366E-2,5.681505561E-2
8.209145708E0,-1.279341549E-1,3.042737536E-2,4.885582566E-2
8.219139708E0,-1.017456454E-1,2.435160667E-2,2.218082786E-2
8.229134708E0,-1.019029355E-1,-4.422322288E-3,-7.877953649E-3
8.239128708E0,-1.179400939E-1,-7.761228606E-3,-5.256763816E-2
8.249123708E0,-1.092815369E-1,-1.012087248E-2,-6.179688334E-2
8.259117708E0,-1.136698723E-1,-1.795723781E-2,-4.163217545E-2
8.269112708E0,-8.737962127E-2,-2.445882998E-2,-5.671272933E-2
8.279106708E0,-5.946209013E-2,-2.342760041E-2,-6.721491337E-2
8.289101708E0,-2.680480599E-2,-1.509071343E-2,-6.579170108E-2
8.299095708E0,1.186049223E-2,-1.926562540E-2,-8.950040638E-2
8.309090708E0,3.171880603E-2,-2.368071176E-2,-1.438298106E-2
8.319084708E0,5.651918650E-3,-3.674975038E-2,2.964830697E-2
8.329079708E0,-5.492289662E-3,-2.424255610E-2,6.246638954E-2
8.339074708E0,2.122013032E-2,-2.546374708E-2,8.489221573E-2
8.349068708E0,3.275259376E-2,1.839972585E-3,9.827766180E-2
8.359063708E0,1.835499465E-2,8.014851585E-3,1.107263839E-1
8.369057708E0,3.341508329E-2,-5.777706876E-3,1.080735022E-1
8.379052708E0,7.409416258E-2,1.612493970E-2,7.370298386E-2
8.389046708E0,9.636679173E-2,4.499995239E-2,-2.612769842E-2
8.399041708E0,4.743085921E-2,-1.027465425E-2,-1.172261488E-1
8.409035708E0,8.529801250E-2,3.614178613E-2,-2.256814742E-1
8.419030708E0,-2.090262651E-2,1.209591575E-2,-1.088821721E-1
8.429024708E0,-1.840680099E-1,-1.341687486E-2,-4.591116786E-2
8.439019708E0,-1.973487908E-1,3.535372764E-3,1.126816928E-2
8.449014708E0,-2.905323583E-1,-7.494595572E-3,9.203575909E-2
8.459008708E0,-2.893313402E-1,9.381126612E-3,1.190703607E-1
8.469003708E0,-2.024557489E-1,6.810025491E-2,1.008574533E-1
8.478997708E0,-1.046189672E-1,1.296199071E-1,7.602783680E-2
8.488992708E0,-8.422504842E-2,1.794464437E-1,6.978768826E-2
8.498986708E0,-8.887767792E-2,1.671188320E-1,6.586713016E-2
8.508981708E0,-1.052627456E-1,1.493923400E-1,3.716139436E-2
8.518975708E0,-1.441326964E-1,1.290183017E-1,1.667041183E-2
8.528970708E0,-1.780629194E-1,1.420746227E-1,6.567709565E-2
8.538964708E0,-2.244442034E-1,1.584632718E-1,1.416511381E-1
8.548959708E0,-3.262670320E-1,1.572018812E-1,1.727401990E-1
8.558954708E0,-2.806792152E-1,1.860505083E-1,2.066435248E-1
8.568948708E0,-2.300130916E-1,1.930578116E-1,2.327729774E-1
8.578943708E0,-1.846375287E-1,1.926649518E-1,2.035912782E-1
8.588937708E0,-1.407606071E-1,2.092842735E-1,2.315953481E-1
8.598932708E0,-1.169057214E-1,2.095313184E-1,2.186671543E-1
8.608926708E0,-7.848249793E-2,1.978566945E-1,1.814309156E-1
8.618921708E0,-6.051926672E-2,1.520107231E-1,1.605879307E-1
8.628915708E0,-7.549749434E-2,1.175492075E-1,1.302537453E-1
8.638910708E0,-1.018064564E-1,1.246250694E-1,1.034898698E-1
8.648905708E0,-1.037500709E-1,1.235387298E-1,2.593240142E-2
8.658899708E0,-4.967560530E-2,1.238499478E-1,-9.484300733E-2
8.668894708E0,-1.259080946E-2,1.101603004E-1,-1.392491019E-1
8.678888708E0,-1.202421427E-2,2.642744131E-2,-3.776892006E-2
8.688883708E0,-6.189394712E-2,-1.735248953E-2,7.660086393E-2
8.698877708E0,-8.703346610E-2,-8.177630760E-2,1.505085003E-1
8.708872708E0,-4.315712929E-2,-1.616008146E-1,1.641091239E-1
8.718866708E0,-4.736595511E-2,-2.600033145E-1,1.223161501E-1
8.728861708E0,-3.487981081E-2,-3.368598479E-1,4.490486205E-2
8.738855708E0,-2.102775693E-2,-3.619710079E-1,9.665564418E-2
8.748850708E0,-5.311259866E-2,-3.932061030E-1,1.327066523E-1
8.758844708E0,-7.166230559E-2,-3.874813134E-1,1.713848144E-1
8.768839708E0,-6.439597070E-2,-3.632767642E-1,1.876576155E-1
8.778834708E0,-6.645009756E-2,-3.214229793E-1,1.670689845E-1
8.788828708E0,-6.598933697E-2,-2.876664917E-1,1.261852527E-1
8.798823708E0,1.450109482E-4,-2.547242289E-1,7.551094294E-2
8.808817708E0,4.382955909E-2,-2.450922567E-1,1.330007672E-2
8.818812708E0,8.305268168E-2,-2.377651108E-1,4.079017639E-3
8.828806708E0,1.002692235E-1,-2.158846837E-1,-1.527468145E-2
8.838801708E0,7.506830871E-2,-2.136693929E-1,-2.287021458E-2
8.848795708E0,5.963282883E-2,-2.038803499E-1,-2.556168795E-2
8.858790708E0,8.979861438E-2,-2.153799228E-1,-4.261801600E-2
8.868784708E0,9.278888047E-2,-2.486039483E-1,-1.729606390E-3
8.878779708E0,6.087243855E-2,-2.744299304E-1,3.280931175E-2
8.888774708E0,8.332223833E-2,-2.429605081E-1,6.590045929E-2
8.898768708E0,7.689731777E-2,-1.807779278E-1,7.505602956E-2
8.908763708E0,9.339289784E-2,-1.654218969E-1,6.148873508E-2
8.918757708E0,5.215014696E-2,-1.734581640E-1,6.905327797E-2
8.928752708E0,2.958983481E-2,-1.852035391E-1,4.620411336E-2
8.938746708E0,3.285842836E-2,-1.680925396E-1,1.064193249E-3
8.948742083E0,3.870330513E-2,-1.014674641E-1,-4.055804193E-2
8.958736083E0,4.491070926E-2,-8.375295885E-2,-6.265233099E-2
8.968731083E0,3.807414472E-2,-1.066339908E-1,-9.904306233E-2
8.978726083E0,2.496644139E-2,-1.095698047E-1,-9.479272127E-2
8.988720083E0,2.688374341E-2,-9.355757006E-2,-7.987588942E-2
8.998715083E0,-1.438999772E-3,-5.617237352E-2,-5.762138665E-2
9.008709083E0,-7.235344648E-3,-5.326952331E-2,-6.473101616E-2
9.018704083E0,1.756211221E-2,-2.143501550E-2,-5.569005132E-2
9.028698083E0,1.941626430E-2,6.501884535E-3,-3.615508854E-2
9.038693083E0,9.001788497E-3,4.574949235E-2,-5.783597946E-2
9.048687083E0,1.551558673E-2,4.938850701E-2,-8.032963336E-2
9.058682083E0,-5.799268484E-3,5.889871091E-2,-6.094669819E-2
9.068676083E0,-5.962405801E-2,5.377530746E-2,3.792504072E-3
9.078671083E0,-1.487122357E-1,1.052732706E-2,8.254631281E-2
9.088666083E0,-1.752638572E-1,-2.447059751E-4,1.359015709E-1
9.098660083E0,-1.685155857E-1,7.436342686E-3,1.397648263E-1
9.108655083E0,-1.420692140E-1,4.955719918E-2,1.101328915E-1
9.118649083E0,-1.568562376E-1,4.361628190E-2,9.548444688E-2
9.128644083E0,-1.322757125E-1,3.248669162E-2,8.434257746E-2
9.138638083E0,-1.224974138E-1,3.917122856E-3,5.473812461E-2
9.148633083E0,-1.173910403E-1,-7.800989673E-3,5.683259726E-2
9.158627083E0,-1.248626125E-1,-3.130650423E-2,4.948030829E-2
9.168622083E0,-1.503307450E-1,-2.996361807E-2,5.753835618E-2
9.178616083E0,-1.663053381E-1,-4.537717089E-2,5.264949918E-2
9.188611083E0,-1.721092844E-1,-4.688531399E-2,8.042962074E-2
9.198606083E0,-1.604323947E-1,-4.904337510E-2,1.077928358E-1
9.208600083E0,-1.524971384E-1,-3.430978037E-2,1.416172242E-1
9.218595083E0,-1.367523408E-1,-2.932298250E-2,1.137166500E-1
9.228589083E0,-1.260063279E-1,-3.247141577E-2,8.101551175E-2
9.238584083E0,-1.114567012E-1,-4.311137483E-2,8.118858933E-2
9.248578083E0,-1.090341997E-1,-7.902636208E-2,7.845677018E-2
9.258573083E0,-7.108460069E-2,-9.298008442E-2,4.018674374E-2
9.268567083E0,-8.103246868E-2,-1.115104225E-1,4.775654912E-2
9.278562083E0,-8.029455006E-2,-1.328178956E-1,1.057375395E-1
9.288557083E0,-6.306163609E-2,-1.469555859E-1,1.151883942E-1
9.298551083E0,-2.900277436E-2,-1.702719431E-1,1.115502566E-1
9.308546083E0,-1.209028780E-2,-1.629768106E-1,1.007060105E-1
9.318540083E0,2.303510606E-2,-1.868656102E-1,1.014193708E-1
9.328535083E0,6.712018847E-2,-1.683093982E-1,5.447850823E-2
9.338529083E0,9.026522219E-2,-1.962518531E-1,5.365346611E-2
9.348524083E0,1.287322998E-1,-2.503974355E-1,2.168030620E-2
9.358518083E0,1.427416438E-1,-3.048667344E-1,2.757546902E-3
9.368513083E0,1.677379060E-1,-3.658030538E-1,5.092340112E-3
9.378508083E0,1.930078179E-1,-4.527589712E-1,8.648616672E-3
9.388502083E0,2.325250554E-1,-5.857294790E-1,-1.801293254E-2
9.398497083E0,2.818217611E-1,-7.511152694E-1,-7.062910259E-2
9.408491083E0,3.450172985E-1,-8.875813890E-1,-1.148048168E-1
9.418486083E0,5.022518510E-1,-1.033810020E0,-1.087617195E-1
9.428480083E0,6.678181010E-1,-1.185151822E0,-1.719186652E-1
9.438475083E0,7.098473024E-1,-1.364199120E0,-2.240524399E-1
9.448469083E0,7.556216455E-1,-1.464655600E0,-1.561545718E-1
9.458464083E0,7.659642005E-1,-1.471481932E0,-3.424012542E-2
9.468458083E0,7.477624029E-1,-1.408376296E0,1.588238257E-1
9.478453083E0,6.845440614E-1,-1.340969447E0,3.220155215E-1
9.488448083E0,6.510997421E-1,-1.289666562E0,4.116790652E-1
9.498442083E0,6.010218483E-1,-1.311685714E0,4.688642496E-1
9.508437083E0,5.070933455E-1,-1.318834228E0,5.418801856E-1
9.518431083E0,4.668674254E-1,-1.245653400E0,6.007739264E-1
9.528426083E0,4.545824254E-1,-1.103347228E0,5.998687774E-1
9.538420083E0,4.107101816E-1,-1.056153912E0,6.484269798E-1
9.548415083E0,3.549897248E-1,-1.032567706E0,6.681929076E-1
9.558409083E0,3.296052074E-1,-1.029093290E0,7.562092906E-1
9.568404083E0,2.547123152E-1,-9.404692353E-1,7.407089067E-1
9.578399083E0,2.269245923E-1,-7.123193590E-1,8.188791633E-1
9.588393083E0,2.024680281E-1,-4.248361044E-1,8.829956371E-1
9.598388083E0,1.368061352E-1,-2.675523988E-1,9.992441314E-1
9.608382083E0,6.029824197E-2,-2.126243493E-1,1.060110138E0
9.618377083E0,3.567035437E-2,-2.306169993E-1,1.068825998E0
9.628371083E0,1.089499998E-1,-2.484330634E-1,1.087490895E0
9.638366083E0,1.851865822E-1,-2.283708645E-1,1.087520131E0
9.648360083E0,2.366818410E-1,-1.555304729E-1,1.017875699E0
9.658355083E0,2.897733897E-1,-5.075675547E-2,8.930323827E-1
9.668350083E0,2.063932639E-1,5.964786714E-2,7.181994653E-1
9.678344083E0,9.906528175E-2,1.825792722E-1,5.217704415E-1
9.688339083E0,4.744079947E-2,3.015231686E-1,3.436116278E-1
9.698333083E0,4.087028325E-2,3.784896479E-1,1.657404971E-1
9.708328083E0,-5.663905442E-2,3.881970857E-1,4.491538703E-2
9.718322083E0,-1.698429036E-1,2.935157173E-1,-6.084729552E-2
9.728317083E0,-3.554884923E-1,1.307851293E-1,-4.553343773E-2
9.738311083E0,-5.136930978E-1,-4.843257861E-2,-5.740270078E-2
9.748306083E0,-5.663624775E-1,-1.648844830E-1,-1.709164524E-1
9.758300083E0,-5.362674433E-1,-2.078759168E-1,-3.327580261E-1
9.768295083E0,-4.269560856E-1,-8.637715269E-2,-5.341361332E-1
9.778290083E0,-3.906513083E-1,7.431513252E-2,-8.250824744E-1
9.788284083E0,-4.520429796E-1,1.660513863E-1,-1.009068038E0
9.798279083E0,-5.450125390E-1,2.321219264E-1,-1.180528867E0
9.808273083E0,-5.491055900E-1,3.240510104E-1,-1.159329202E0
9.818268083E0,-8.738681334E-1,3.491748881E-1,-1.167860874E0
9.828262083E0,-1.073934710E0,4.730507829E-1,-1.150105219E0
9.838257083E0,-9.165031064E-1,6.450819339E-1,-9.746583438E-1
9.848251083E0,-8.115239507E-1,7.118822797E-1,-7.872164905E-1
9.858246083E0,-6.416015249E-1,7.794076802E-1,-6.344527191E-1
9.868241083E0,-2.988891989E-1,8.849975044E-1,-5.331894690E-1
9.878235083E0,-7.110857427E-2,9.199990104E-1,-4.447497475E-1
9.888230083E0,-3.170184910E-2,8.746803848E-1,-3.654024464E-1
9.898224083E0,-1.060643989E-1,8.041055882E-1,-3.441834855E-1
9.908219083E0,-2.536218095E-1,7.488147555E-1,-3.998466396E-1
9.918213083E0,-4.078532320E-1,7.442673759E-1,-5.100268936E-1
9.928208083E0,-5.509123796E-1,7.401092016E-1,-5.916107547E-1
9.938202083E0,-6.683244699E-1,7.242204163E-1,-5.898694539E-1
9.948197083E0,-6.577527040E-1,6.873600805E-1,-6.073339176E-1
9.958192083E0,-5.624506903E-1,6.159436503E-1,-5.400663793E-1
9.968186083E0,-3.806478918E-1,5.690542433E-1,-3.787861383E-1
9.978181083E0,-2.230882341E-1,5.241635607E-1,-2.219018340E-1
9.988175083E0,-1.118344313E-1,4.679137116E-1,-1.992134678E-1
9.998170083E0,-7.251716852E-3,3.966969638E-1,-1.660305190E-1
1.000816408E1,9.358293235E-2,3.652648176E-1,-1.593939292E-1
1.001815908E1,2.275894207E-1,3.775731700E-1,-1.724384826E-1
1.002815308E1,2.889676434E-1,3.352229930E-1,-1.408787209E-1
1.003814808E1,2.239618081E-1,2.543678777E-1,-2.474056345E-1
1.004814308E1,-4.091296792E-3,1.407485290E-1,-3.574636817E-1
1.005813708E1,-1.759088051E-1,4.498471308E-2,-3.060432673E-1
1.006813208E1,-1.908501953E-1,1.324600825E-2,-3.040674931E-1
1.007812608E1,-1.967020887E-1,-3.257037990E-2,-3.300554430E-1
1.008812108E1,-1.341310340E-1,-5.445102632E-2,-3.958547455E-1
1.009811508E1,-1.003282803E-1,-4.685563937E-2,-4.024702853E-1
1.010811008E1,-1.425925398E-1,-1.042965663E-1,-2.661067843E-1
1.011810408E1,-2.107751673E-1,-1.680467851E-1,-1.613188326E-1
1.012809908E1,-2.377103662E-1,-2.202555504E-1,-1.686144036E-1
1.013809408E1,-1.204818785E0,-6.650224011E-1,-1.742499501E-1
1.014808808E1,-1.173350825E0,-2.623514101E-1,-2.465004855E-1
1.015808308E1,-3.018970066E-1,1.694082545E-1,5.581693590E-2
1.016807708E1,-1.477006674E-2,1.059561706E-1,-3.331158757E-3
1.017807208E1,-5.481179953E-2,-2.552589202E-2,4.773257554E-2
1.018806608E1,4.176783085E-2,2.936800607E-3,-2.796372414E-2
1.019806108E1,2.632545125E-1,9.139368000E-2,-2.541632617E-1
1.020805508E1,2.562793690E-1,1.439423330E-1,-4.748775262E-1
1.021805008E1,2.116627747E-1,2.249723166E-1,-6.758217698E-1
1.022804508E1,3.675711787E-1,2.528137060E-1,-7.314720601E-1
1.023803908E1,3.758180916E-1,2.345356388E-1,-7.258107859E-1
1.024803408E1,3.173745865E-1,1.962340008E-1,-7.131778765E-1
1.025802808E1,2.430459505E-1,1.318857398E-1,-6.003003019E-1
1.026802308E1,-2.390651661E-1,-1.623931489E-1,-1.614796311E-1
1.027801708E1,-1.247919196E0,-7.129614564E-1,9.085544014E-1
1.028801208E1,-2.162874545E0,-1.224164371E0,2.220447400E0
1.029800608E1,-2.236766394E0,-1.054467136E0,2.602531952E0
1.030800108E1,-9.073475361E-1,5.429159833E-2,1.348475518E0
1.031799608E1,5.108525205E-1,9.139901923E-1,-2.516290784E-2
1.032799008E1,7.787953305E-1,8.970895464E-1,-3.662017608E-1
1.033798508E1,3.418264729E-1,4.413750270E-1,-6.152498782E-2
1.034797908E1,-1.852345294E-1,5.938351817E-2,2.603262269E-1
1.035797408E1,-4.476008499E-1,-5.851776481E-2,3.062865114E-1
1.036796808E1,-4.628264147E-1,4.559984017E-2,1.964313626E-1
1.037796308E1,-4.595630836E-1,1.316181200E-1,5.832480669E-2
1.038795708E1,-3.248180920E-1,1.635184455E-1,-5.667179883E-2
1.039795208E1,-1.751755643E-1,1.307395758E-1,-1.491051686E-1
1.040794708E1,-9.086046875E-2,9.483637439E-2,-1.345327377E-1
1.041794108E1,-1.411728358E-1,5.707847267E-2,-7.206576347E-2
1.042793608E1,-2.004700345E-1,6.261417791E-3,1.941392541E-2
1.043793008E1,-2.807797873E-1,-2.811761554E-3,1.258718419E-1
1.044792508E1,-1.289252579E-1,3.483348990E-2,1.797825855E-1
1.045791908E1,6.324816227E-2,5.242781661E-2,1.811052257E-1
1.046791408E1,1.350759441E-1,2.667938322E-3,1.971002841E-1
1.047790808E1,1.416037756E-1,-6.789244121E-2,1.840206474E-1
1.048790308E1,1.121425796E-1,-1.185140529E-1,1.575736910E-1
1.049789808E1,5.583857059E-2,-1.253041321E-1,9.774498045E-2
1.050789208E1,-2.452848494E-2,-9.839407621E-2,2.837770700E-2
1.051788708E1,-9.822796047E-2,-9.128417261E-2,-1.389941633E-2
1.052788108E1,-1.932843912E-1,-1.308484985E-1,-6.613083959E-2
1.053787608E1,-2.100173682E-1,-1.924483490E-1,-7.482389510E-2
1.054787008E1,-1.469428682E-1,-1.802517880E-1,-8.970096588E-2
1.055786508E1,-8.142832518E-2,-1.510186699E-1,-1.082916033E-1
1.056785908E1,-3.668250740E-2,-1.374760616E-1,-6.327272058E-2
1.057785408E1,-4.774602413E-2,-1.055675866E-1,-1.885025382E-2
1.058784908E1,-4.387633681E-2,-6.142635260E-2,3.815015852E-2
1.059784308E1,-9.712985337E-2,-7.911830954E-2,1.064836442E-1
1.060783808E1,-1.408670264E-1,-8.103144541E-2,7.208388984E-2
1.061783208E1,-8.291000962E-2,-8.250900026E-2,3.056807399E-2
1.062782708E1,-8.534888327E-2,-5.609553745E-2,-5.452996373E-2
1.063782108E1,-1.145668352E-1,-6.505979413E-2,-7.495955050E-2
1.064781608E1,-1.446402347E-1,-7.406000205E-2,-3.917576015E-2
1.065781108E1,-1.546126610E-1,-8.709242248E-2,-2.685860038E-2
1.066780508E1,-1.598815870E-1,-5.755568770E-2,-5.824353039E-2
1.067780008E1,-1.510452747E-1,-7.493057024E-2,-3.554171562E-2
1.068779408E1,-1.656375861E-1,-7.402566793E-2,2.651829243E-2
1.069778908E1,-9.050905108E-2,-3.258731855E-2,5.033283234E-3
1.070778308E1,-3.931492388E-2,-2.387683103E-3,-2.833385289E-2
1.071777808E1,-2.222526670E-2,-4.093289413E-2,-2.884782314E-2
1.072777208E1,-4.906983376E-2,-8.237359154E-2,-1.375148177E-2
1.073776708E1,-5.871832430E-2,-1.058416200E-1,-2.523775220E-2
1.074776208E1,-6.082390666E-2,-1.274680952E-1,-4.870730639E-4
1.075775608E1,-3.302039623E-2,-1.187003050E-1,3.430970728E-2
1.076775108E1,-3.680179060E-2,-1.081766690E-1,1.302806425E-1
1.077774508E1,-2.558098376E-2,-1.332214813E-1,1.960109478E-1
1.078774008E1,3.864366353E-2,-1.691457328E-1,1.955186123E-1
1.079773408E1,9.275789022E-2,-2.052459854E-1,1.702492851E-1
1.080772908E1,1.309676903E-1,-2.085207003E-1,2.375022054E-1
1.081772308E1,1.428398770E-1,-1.854203612E-1,2.181011438E-1
1.082771808E1,1.194165158E-1,-1.642744174E-1,2.129322052E-1
1.083771308E1,9.227783382E-2,-1.584664512E-1,1.842779249E-1
1.084770708E1,7.471513689E-2,-1.334769955E-1,1.819887400E-1
1.085770208E1,2.011968434E-2,-1.092111785E-1,2.097384560E-1
1.086769608E1,2.824439049E-2,-3.955994963E-2,1.312489414E-1
1.087769108E1,5.421713769E-2,-1.089895416E-2,1.366728187E-1
1.088768508E1,5.710039973E-2,-9.343887158E-3,2.262106472E-1
1.089768008E1,8.665690541E-2,-5.831239963E-2,2.604636365E-1
1.090767408E1,8.898994446E-2,-1.021758360E-1,2.454345381E-1
1.091766908E1,2.976408184E-2,-7.395055862E-2,1.585378969E-1
1.092766408E1,-5.953108728E-2,-3.412597680E-2,1.207409102E-1
1.093765808E1,-8.755562246E-2,2.283363294E-2,1.274388957E-1
1.094765308E1,-1.326499343E-1,4.300451696E-2,1.189499080E-1
1.095764704E1,-1.401115662E-1,4.116856433E-2,1.129699606E-1
1.096764204E1,-1.715385962E-1,4.430979822E-2,1.203731203E-1
1.097763604E1,-2.211785334E-1,3.387993693E-2,8.805848300E-2
1.098763104E1,-2.252639830E-1,1.859509595E-2,6.812532485E-2
1.099762604E1,-2.562051094E-1,6.388592904E-2,1.057240909E-1
1.100762004E1,-2.973162979E-1,1.265448564E-1,4.001249671E-2
1.101761504E1,-2.340149260E-1,1.613111033E-1,-6.589812040E-2
1.102760904E1,-2.514910841E-1,1.750504339E-1,-2.114294708E-2
1.103760404E1,-2.226561248E-1,1.622155762E-1,1.222126544E-2
1.104759804E1,-1.557078445E-1,1.322341242E-1,4.716305673E-2
1.105759304E1,-1.090435553E-1,7.338303152E-2,1.180862743E-1
1.106758704E1,-1.007206285E-1,6.027289795E-2,1.247690570E-1
1.107758204E1,-1.391970617E-1,5.688774381E-3,1.132570589E-1
1.108757704E1,-1.192896312E-1,-2.764751768E-2,6.960291624E-2
1.109757104E1,-1.119151229E-1,-5.220492806E-2,8.733459771E-2
1.110756604E1,-6.628871441E-2,-3.756574759E-2,1.356659281E-1
1.111756004E1,2.753219962E-2,-4.163647863E-2,1.645388943E-1
1.112755504E1,6.474738836E-2,-3.134749870E-2,1.933621591E-1
1.113754904E1,4.484814405E-2,-3.406667325E-2,1.990813208E-1
1.114754404E1,3.429333508E-2,-5.411681226E-2,2.207323909E-1
1.115753804E1,1.626519978E-2,-2.580106747E-2,2.078650081E-1
1.116753304E1,5.119705081E-2,-1.311771668E-2,1.916389847E-1
1.117752804E1,3.585629582E-2,-1.819299937E-2,1.371885431E-1
1.118752204E1,-5.081405818E-2,1.001642659E-2,4.485691488E-2
1.119751704E1,-1.009913546E-1,2.353075809E-2,-4.705254436E-3
1.120751104E1,-1.370663363E-1,1.256306260E-3,1.121379018E-2
1.121750604E1,-1.354852492E-1,-8.827632833E-3,3.907460332E-2
1.122750004E1,-7.636989892E-2,-8.218161101E-3,6.061223745E-2
1.123749504E1,-2.460683763E-2,-1.661688925E-2,6.162029743E-2
1.124749004E1,-6.295521677E-2,-3.610409671E-2,5.619758964E-2
1.125748404E1,-1.025379431E-1,-4.078900695E-2,5.119003415E-2
1.126747904E1,-1.257858878E-1,-2.968476298E-2,2.970853329E-2
1.127747304E1,-1.603072643E-1,-4.934078139E-3,-2.733222485E-2
1.128746804E1,-1.598307163E-1,1.812499351E-2,-5.528893232E-2
1.129746204E1,-8.822512865E-2,1.869698140E-2,-2.353738189E-2
1.130745704E1,-2.005594969E-3,-2.024397422E-3,4.538901150E-2
1.131745104E1,1.028174400E-2,-4.483791143E-2,9.541778862E-2
1.132744604E1,-7.118400335E-3,-4.344840285E-2,1.014211249E-1
1.133744104E1,-3.218950689E-2,-7.299625648E-2,1.072648323E-1
1.134743504E1,-4.941774309E-2,-6.216017359E-2,5.555848897E-2
1.135743004E1,-8.501734614E-2,-3.727261023E-2,2.062488377E-2
1.136742404E1,-6.991632700E-2,-2.819450643E-2,1.895784259E-2
1.137741904E1,-2.701589048E-2,-4.571277366E-2,6.601857305E-2
1.138741304E1,-1.513200939E-2,-7.896084585E-2,4.955515265E-2
1.139740804E1,-4.267122567E-2,-9.544401887E-2,5.449137211E-2
1.140740304E1,-9.812563419E-2,-6.904150131E-2,-5.000129521E-2
1.141739704E1,-1.424878746E-1,-6.801709654E-2,-5.419959605E-2
1.142739204E1,-1.163777179E-1,-7.706304065E-2,-4.398451030E-2
1.143738604E1,-6.555781245E-2,-7.309085347E-2,-4.536094487E-2
1.144738104E1,-5.950594425E-2,-9.810610997E-2,-6.838903427E-3
1.145737504E1,-5.317574859E-2,-9.713681521E-2,3.052597404E-2
1.146737004E1,1.803807557E-2,-1.070148912E-1,6.911759734E-2
1.147736404E1,6.527480721E-2,-1.216006884E-1,7.620091438E-2
1.148735904E1,7.019933224E-2,-1.577407204E-1,7.962153554E-2
1.149735404E1,7.946366072E-4,-1.583446464E-1,6.685180128E-2
1.150734804E1,-4.188769877E-2,-1.207307415E-1,1.441923380E-2
1.151734304E1,-9.581422985E-2,-7.855511304E-2,2.118095398E-2
1.152733704E1,-8.905134022E-2,-4.272735894E-2,2.720300138E-2
1.153733204E1,-1.074870265E-1,-3.201860374E-2,-2.550555468E-3
1.154732604E1,-1.109532559E-1,-1.015614764E-2,9.590603113E-3
1.155732104E1,-1.003885067E-1,-5.458430629E-3,2.441037118E-2
1.156731604E1,-1.000593084E-1,2.328242501E-3,5.817160964E-2
1.157731004E1,-1.031413758E-1,3.974588195E-2,6.663486958E-2
1.158730504E1,-6.058709443E-2,5.372494832E-2,5.963809133E-2
1.159729904E1,-2.206329882E-2,1.368477783E-2,3.416294217E-2
1.160729404E1,-1.896076620E-2,-5.025967819E-2,5.007087708E-2
1.161728804E1,-3.755081892E-3,-8.317873486E-2,7.431577206E-2
1.162728304E1,3.715905547E-2,-8.577997838E-2,1.156392145E-1
1.163727804E1,4.545508504E-2,-5.069082811E-2,1.546705484E-1
1.164727204E1,8.688962460E-4,-7.474091032E-2,1.744119179E-1
1.165726704E1,-3.608784556E-2,-1.073151731E-1,1.687021118E-1
1.166726104E1,-1.806146443E-2,-8.920992767E-2,1.441338658E-1
1.167725604E1,1.560037136E-3,-6.758147897E-2,1.208724725E-1
1.168725004E1,6.385159492E-4,-5.459849493E-2,1.277142996E-1
1.169724504E1,-3.513416469E-2,-4.009130621E-2,1.184973335E-1
1.170723904E1,-4.715662479E-2,-3.921276206E-2,1.252649009E-1
1.171723404E1,-5.787398636E-2,-2.974744468E-2,1.535677636E-1
1.172722904E1,-6.013510466E-2,-2.447990737E-2,1.124495584E-1
1.173722304E1,-9.063885927E-2,-5.778742930E-2,4.540362954E-2
1.174721804E1,-8.333802581E-2,-2.952115743E-2,1.110327780E-2
1.175721204E1,-6.432288051E-2,-2.685823493E-2,4.513114929E-2
1.176720704E1,-8.438350797E-2,-2.826036070E-2,8.185049415E-2
1.177720104E1,-6.326804280E-2,-3.771464146E-2,8.137686968E-2
1.178719604E1,-4.718001366E-2,-3.192647355E-2,7.266276419E-2
1.179719104E1,-3.694446266E-2,-5.031338121E-2,7.985074639E-2
1.180718504E1,-4.566266119E-2,-4.477131712E-2,6.016784906E-2
1.181718004E1,-5.973457038E-2,-5.280076847E-2,3.903718114E-2
1.182717404E1,-7.609683394E-2,-2.823414872E-2,4.487270236E-2
1.183716904E1,-6.704826772E-2,-3.968671544E-2,2.993949831E-2
1.184716304E1,-2.730591238E-2,-4.021072646E-2,4.494871616E-2
1.185715804E1,-2.270590782E-2,-6.504886715E-2,4.268701315E-2
1.186715304E1,-1.953028500E-2,-7.335458117E-2,3.803146005E-2
1.187714704E1,-3.496401072E-2,-5.988520928E-2,7.646930158E-2
1.188714204E1,-5.878264368E-2,-6.702835064E-2,5.097836494E-2
1.189713604E1,-4.723146915E-2,-6.368014360E-2,9.433313012E-3
1.190713104E1,-6.254298806E-2,-7.202815857E-2,-3.508329391E-3
1.191712504E1,-7.923561931E-2,-6.652905324E-2,-3.203104734E-3
1.192712004E1,-6.465266347E-2,-4.205646403E-2,1.567930877E-2
1.193711404E1,-6.383112967E-2,-2.681041567E-2,6.773414612E-2
1.194710904E1,-3.928451836E-2,-1.733180501E-2,1.045973325E-1
1.195710379E1,-3.398869514E-2,-1.615062176E-2,1.343257463E-1
1.196709779E1,-1.258730114E-2,-2.507853434E-2,1.035290462E-1
1.197709279E1,-4.819684446E-2,-3.389894038E-2,8.121022403E-2
1.198708679E1,-6.160918772E-2,-5.128820342E-2,9.227900326E-2
1.199708179E1,-5.929953754E-2,-3.740977312E-2,9.351335049E-2
1.200707579E1,-7.060746789E-2,-2.246697597E-2,9.350165606E-2
1.201707079E1,-5.631453395E-2,-2.150759406E-2,9.912667751E-2
1.202706579E1,-2.539679646E-2,-3.052802970E-2,8.619731426E-2
1.203705979E1,-3.917225182E-2,-4.147214446E-2,9.347534359E-2
1.204705479E1,-2.908580482E-2,-2.081858193E-2,7.677569568E-2
1.205704879E1,-5.987490356E-2,-4.616585978E-2,5.815523744E-2
1.206704379E1,-8.789300680E-2,-5.019578822E-2,6.368494928E-2
1.207703779E1,-7.544896245E-2,-3.381097633E-2,5.203495681E-2
1.208703279E1,-7.425028324E-2,-4.432734900E-2,6.268098235E-2
1.209702779E1,-4.556735158E-2,-4.086640033E-2,7.114599645E-2
1.210702179E1,-5.279918790E-2,-3.590469981E-2,6.869425893E-2
1.211701679E1,-5.329503179E-2,-4.643425612E-2,6.310139716E-2
1.212701079E1,-4.565681398E-2,-4.245399247E-2,7.245869637E-2
1.213700579E1,-5.782253087E-2,-4.156473147E-2,7.024786413E-2
1.214699979E1,-5.037083924E-2,-5.469873813E-2,7.835385919E-2
1.215699479E1,-5.533746421E-2,-4.264282099E-2,5.509246588E-2
1.216698979E1,-6.230442166E-2,-4.622265087E-2,4.404882967E-2
1.217698379E1,-6.912812233E-2,-5.983668652E-2,5.228814125E-2
1.218697879E1,-8.172536373E-2,-4.900968966E-2,1.603540421E-2
1.219697279E1,-1.085933197E-1,-4.472908926E-2,-3.125336766E-2
1.220696779E1,-1.104913259E-1,-5.592618747E-2,-1.586934328E-3
1.221696179E1,-9.337827981E-2,-6.277070057E-2,-1.850292921E-2
1.222695679E1,-7.678972900E-2,-8.207269748E-2,-2.358065128E-2
1.223695179E1,-7.821586490E-2,-8.447822372E-2,6.144429624E-2
1.224694579E1,-6.874103665E-2,-4.241198388E-2,1.284820390E-1
1.225694079E1,-1.590968907E-2,-2.338500710E-2,1.331855392E-1
1.226693479E1,-1.318196297E-2,-1.925169258E-2,1.076016319E-1
1.227692979E1,-4.200698197E-2,-1.590543156E-3,1.334434015E-1
1.228692379E1,-5.114208698E-2,2.040113641E-2,1.419557780E-1
1.229691879E1,-6.317097902E-2,4.806356449E-3,6.989410758E-2
1.230691279E1,-9.813323557E-2,-2.435627530E-2,-1.405085921E-3
1.231690779E1,-1.057597589E-1,-4.248342955E-2,-1.846082926E-2
1.232690279E1,-9.788005114E-2,-2.973904844E-2,-2.699659467E-2
1.233689679E1,-1.106673270E-1,-1.573522277E-2,1.823746562E-2
1.234689179E1,-7.287677228E-2,-4.214563407E-2,5.993396044E-2
1.235688579E1,-2.091373622E-2,-3.114250811E-2,1.027952206E-1
1.236688079E1,-3.600130677E-3,-3.209144725E-2,1.103053844E-1
1.237687479E1,-2.006822884E-2,-3.955550940E-2,1.011965919E-1
1.238686979E1,-3.729938865E-2,-3.927992282E-2,9.351218104E-2
1.239686479E1,-2.704161823E-2,-2.647764514E-2,5.446213603E-2
1.240685879E1,-7.596293271E-2,-3.922442908E-2,6.163550019E-3
1.241685379E1,-6.708218157E-2,-6.251985501E-2,4.722211361E-3
1.242684779E1,-8.011094749E-2,-6.806509852E-2,-9.412847757E-3
1.243684279E1,-5.640691996E-2,-6.235888300E-2,-1.651838422E-3
1.244683679E1,-6.010645330E-2,-5.968073032E-2,2.630369961E-2
1.245683179E1,-8.787721932E-2,-7.993496457E-2,2.704805017E-2
1.246682679E1,-7.156290293E-2,-3.054619261E-2,3.202929318E-2
1.247682079E1,-5.279100180E-2,-1.151832048E-2,8.002440870E-2
1.248681579E1,-5.417854607E-2,-7.195958169E-3,9.385424316E-2
1.249680979E1,-3.753853977E-2,-3.009798526E-2,8.694868147E-2
1.250680479E1,-2.877531767E-2,-4.738390789E-2,6.141330600E-2
1.251679879E1,-4.190874875E-2,-3.001472639E-2,4.480136633E-2
1.252679379E1,-6.382177413E-2,-4.569190641E-2,4.431020021E-2
1.253678879E1,-8.435544133E-2,-3.067265692E-2,3.311629057E-2
1.254678279E1,-8.099036872E-2,-4.072945671E-2,3.878224254E-2
1.255677779E1,-8.280475974E-2,-4.888786658E-2,4.075158477E-2
1.256677179E1,-6.271080315E-2,-4.415994504E-2,5.036966980E-2
1.257676679E1,-5.383940756E-2,-4.641976599E-2,6.724414945E-2
1.258676079E1,-6.000705063E-2,-3.298678388E-2,6.475498974E-2
1.259675579E1,-4.417454481E-2,-3.073907764E-2,1.133763421E-1
1.260675079E1,-3.875125229E-2,-3.662850288E-2,9.552713156E-2
1.261674479E1,-4.270630896E-2,-3.180857906E-3,7.578166902E-2
1.262673979E1,-6.674889028E-2,-2.092033261E-3,5.878088951E-2
1.263673379E1,-8.277610838E-2,-1.997131124E-2,4.410086989E-2
1.264672879E1,-6.550986528E-2,-4.999942227E-2,4.615792036E-2
1.265672279E1,-7.438535392E-2,-7.280793046E-2,5.025915742E-2
1.266671779E1,-3.084347785E-2,-7.024455680E-2,6.568235815E-2
1.267671279E1,-4.260749102E-2,-6.168075216E-2,3.677898645E-2
1.268670679E1,-2.071200728E-2,-4.556432747E-2,4.783373237E-2
1.269670179E1,-2.790057421E-2,-5.990799515E-2,1.037927556E-1
1.270669579E1,-5.819675267E-2,-6.273926265E-2,1.189604330E-1
1.271669079E1,-7.722300768E-2,-5.931935412E-2,1.155579382E-1
1.272668479E1,-6.415331125E-2,-2.433221949E-2,4.395878255E-2
1.273667979E1,-8.763105154E-2,-1.814660537E-2,6.181325555E-2
1.274667479E1,-1.163022888E-1,-3.719192779E-2,6.527831554E-2
1.275666879E1,-7.618454218E-2,-4.161006566E-3,6.606652021E-2
1.276666379E1,-9.144460559E-2,1.077610781E-2,7.071739554E-2
1.277665779E1,-6.632847548E-2,6.938680680E-3,7.953265786E-2
1.278665279E1,-5.672676265E-2,-3.065329716E-3,8.665573597E-2
1.279664679E1,-4.484522045E-2,-1.750234270E-2,4.765129924E-2
1.280664179E1,-4.842313170E-2,-6.770289092E-2,1.674970007E-1
1.281663679E1,2.966935694E-2,-3.995364997E-2,1.693879902E-1
1.282663079E1,3.308237672E-2,-2.754687248E-2,1.335328639E-2
1.283662579E1,-1.342029548E-1,-5.359175057E-2,-4.447333753E-2
1.284661979E1,-1.938264281E-1,-1.874584448E-2,-4.543754339E-2
1.285661479E1,-1.197299266E-1,3.624436822E-2,-5.073161244E-2
1.286660879E1,-6.334931910E-2,5.118926670E-3,3.129429817E-3
1.287660379E1,-9.301224411E-2,-2.267225892E-2,2.483546376E-2
1.288659779E1,-5.716296494E-2,-3.187768584E-2,3.311102808E-2
1.289659279E1,-1.188914359E-2,-4.141797549E-2,2.980267346E-2
1.290658779E1,-2.590258062E-2,-3.468297891E-2,5.891420603E-2
1.291658179E1,-6.786629319E-2,-4.140689319E-2,6.814929843E-2
1.292657679E1,-4.484171212E-2,-5.168658153E-2,2.390984952E-2
1.293657079E1,-5.325819433E-2,-4.277690495E-2,3.168430746E-2
1.294656579E1,-6.184015274E-2,-4.977312589E-2,3.982129276E-2
1.295656054E1,-8.679489970E-2,-2.295284305E-2,4.808750153E-2
1.296655454E1,-6.481989384E-2,-3.684778260E-3,5.849496067E-2
1.297654954E1,-8.170022070E-2,-1.387403576E-2,5.764536023E-2
1.298654354E1,-5.684019864E-2,-5.560866538E-3,4.972823024E-2
1.299653854E1,-6.554728746E-2,-2.379591105E-2,8.149732232E-2
1.300653254E1,-6.829197049E-2,-6.176340804E-3,9.817825913E-2
1.301652754E1,-6.344112039E-2,-1.169566470E-2,8.673233449E-2
1.302652254E1,-3.741633296E-2,-1.785026117E-2,6.192259848E-2
1.303651654E1,-6.110047996E-2,-3.866813960E-2,6.642670870E-2
1.304651154E1,-5.644726574E-2,-4.088324762E-2,5.625781596E-2
1.305650554E1,-4.829683185E-2,-2.922040955E-2,6.112386882E-2
1.306650054E1,-6.087945521E-2,-2.661401317E-2,4.890377283E-2
1.307649454E1,-7.359656453E-2,-1.299929230E-2,4.250458002E-2
1.308648954E1,-8.312343299E-2,-1.619040110E-2,4.818865836E-2
1.309648454E1,-6.735524654E-2,-2.499164837E-2,4.435288489E-2
1.310647854E1,-6.123905897E-2,-4.210229158E-2,9.484066844E-2
1.311647354E1,-5.237994254E-2,-4.359430002E-2,9.239477813E-2
1.312646754E1,-5.316405416E-2,-2.077572366E-2,6.545607090E-2
1.313646254E1,-7.277620018E-2,-1.070277094E-2,3.408517420E-2
1.314645654E1,-7.263937533E-2,-2.445557747E-2,2.880981624E-2
1.315645154E1,-6.334522605E-2,-1.672807085E-2,5.126312435E-2
1.316644654E1,-7.638568640E-2,-1.667968514E-2,3.826008618E-2
1.317644054E1,-5.783948779E-2,-2.853281354E-2,3.814021826E-2
1.318643554E1,-1.034191185E-1,-3.037130604E-2,5.211623311E-2
1.319642954E1,-7.065073729E-2,-1.782879093E-2,5.263663530E-2
1.320642454E1,-5.551872790E-2,-6.694075204E-3,3.715437770E-2
1.321641854E1,-5.446564436E-2,-2.223697026E-2,3.369282603E-2
1.322641354E1,-5.425865293E-2,-3.325507971E-2,5.043457389E-2
1.323640854E1,-5.236941755E-2,-1.638081020E-2,5.595259130E-2
1.324640254E1,-5.648410320E-2,-1.030124081E-2,5.148707271E-2
1.325639754E1,-6.388316989E-2,-3.903660555E-2,5.310909033E-2
1.326639154E1,-4.505922854E-2,-2.310223941E-2,6.045260847E-2
1.327638654E1,-5.532518506E-2,-2.907448498E-2,5.360201061E-2
1.328638054E1,-5.091579974E-2,-2.191768488E-2,7.712009668E-2
1.329637554E1,-6.712545097E-2,-2.010084534E-2,8.804971218E-2
1.330637054E1,-7.060980678E-2,-2.419212386E-3,3.637494385E-2
1.331636454E1,-7.778317094E-2,-1.535676174E-2,4.795184612E-2
1.332635954E1,-7.041626394E-2,-2.919068925E-2,3.910968661E-2
1.333635354E1,-8.047639847E-2,-8.967646239E-3,3.750988841E-2
1.334634854E1,-6.603786886E-2,-2.590872933E-2,3.099141240E-2
1.335634254E1,-6.751429081E-2,-2.055972386E-2,2.018985093E-2
1.336633754E1,-6.548764586E-2,-3.752296242E-2,1.936480880E-2
1.337633254E1,-7.372169495E-2,-3.229117535E-2,4.267181039E-2
1.338632654E1,-8.179202199E-2,-9.504082594E-3,5.795877099E-2
1.339632154E1,-4.339394152E-2,-3.126414847E-3,4.595092893E-2
1.340631554E1,-5.102923572E-2,-2.046025724E-2,6.068474293E-2
1.341631054E1,-5.677354038E-2,-3.615019150E-2,6.079759419E-2
1.342630454E1,-4.578896105E-2,-1.748462747E-2,3.152000070E-2
1.343629954E1,-5.142158389E-2,-1.432488349E-2,1.974838614E-2
1.344629454E1,-9.133467793E-2,-2.147064697E-2,3.297654212E-2
1.345628854E1,-7.649619877E-2,-3.473826251E-2,3.298882127E-2
1.346628354E1,-6.125075340E-2,-2.357176169E-2,5.957377195E-2
1.347627754E1,-5.469777882E-2,-1.457209281E-2,5.748397708E-2
1.348627254E1,-6.157176554E-2,-1.382992582E-2,6.055493474E-2
1.349626654E1,-4.751856744E-2,6.195581798E-4,4.674848914E-2
1.350626154E1,-8.851690471E-2,-1.717389364E-2,5.031938374E-2
1.351625654E1,-1.131442076E-1,-4.551088940E-3,6.826682746E-2
1.352625054E1,-8.858824074E-2,6.462836098E-3,5.845461488E-3
1.353624554E1,-8.865606844E-2,6.543171359E-3,-9.424542189E-3
1.354623954E1,-8.599733949E-2,2.508035246E-3,2.243927479E-2
1.355623454E1,-7.109337151E-2,-4.970434802E-3,4.220578730E-2
1.356622954E1,-7.773054600E-2,-1.645188128E-2,7.792584300E-2
1.357622354E1,-6.568060398E-2,-2.461879701E-2,5.957377195E-2
1.358621854E1,-5.111168146E-2,-8.453173488E-3,6.676058471E-2
1.359621254E1,-5.465333998E-2,-2.475437933E-2,7.095713139E-2
1.360620754E1,-7.355446458E-2,-1.414206664E-2,6.288329601E-2
1.361620154E1,-5.690744162E-2,4.202293390E-3,5.095614552E-2
1.362619654E1,-7.795040131E-2,5.236620158E-3,2.861218035E-2
1.363619154E1,-7.293641388E-2,-8.470651181E-3,5.320498466E-2
1.364618554E1,-7.829421759E-2,-2.232952986E-2,6.066603184E-2
1.365618054E1,-6.880652547E-2,-1.554590089E-2,4.847166359E-2
1.366617454E1,-7.565770805E-2,-2.217380206E-2,3.669127822E-2
1.367616954E1,-5.895864487E-2,-2.303035520E-2,3.045756161E-2
1.368616354E1,-5.917089880E-2,-1.441833844E-2,4.383540630E-2
1.369615854E1,-6.663194597E-2,-7.572427494E-3,3.631296337E-2
1.370615354E1,-7.404504597E-2,-1.748126532E-2,4.252563000E-2
1.371614754E1,-6.575486362E-2,-6.286962815E-3,5.308453202E-2
1.372614254E1,-8.563539684E-2,-1.039276801E-2,4.160176992E-2
1.373613654E1,-7.710489392E-2,5.886099637E-3,4.594274282E-2
1.374613154E1,-7.581324399E-2,-2.516413210E-3,4.541824758E-2
1.375612554E1,-5.334414840E-2,-3.829268441E-3,4.044343650E-2
1.376612054E1,-8.188616216E-2,3.411758970E-4,4.966683447E-2
1.377611554E1,-7.907599032E-2,-2.242754381E-2,3.988853574E-2
1.378610954E1,-7.957943559E-2,-1.085729275E-2,5.957552612E-2
1.379610454E1,-8.958928406E-2,2.917422568E-3,4.264666736E-2
1.380609854E1,-8.413032353E-2,5.257715816E-3,2.750354826E-2
1.381609354E1,-9.003367245E-2,-1.518547487E-2,4.412718236E-2
1.382608754E1,-7.365035892E-2,-7.760589067E-3,4.216894984E-2
1.383608254E1,-6.767333508E-2,-1.105889378E-2,7.422689438E-2
1.384607754E1,-6.827501357E-2,5.356954029E-3,7.327789128E-2
1.385607154E1,-7.766505718E-2,2.884203074E-3,7.127521992E-2
1.386606654E1,-8.230131447E-2,-6.232501483E-3,3.600481510E-2
1.387606054E1,-9.231525600E-2,3.355114069E-4,3.937105715E-2
1.388605554E1,-9.205037713E-2,1.415478433E-2,5.779095590E-2
1.389604954E1,-7.777089179E-2,1.176850822E-2,5.026032686E-2
1.390604454E1,-7.282297790E-2,-8.882560115E-4,2.007524550E-2
1.391603954E1,-8.533484995E-2,-2.085775827E-2,9.851388931E-3
1.392603354E1,-1.009346366E-1,-2.219216597E-2,1.569743514E-2
1.393602854E1,-1.046031797E-1,-3.252115365E-2,9.414017200E-4
1.394602254E1,-1.012895626E-1,-5.970205438E-2,1.383275807E-2
1.395601792E1,-4.803370714E-2,-5.253966289E-2,7.229029655E-2
1.396601292E1,-4.217011929E-3,-1.072905600E-2,8.854789495E-2
1.397600692E1,-1.840235710E-2,7.843354577E-3,1.234347224E-1
1.398600192E1,-4.314075708E-3,6.021919493E-2,8.002265453E-2
1.399599592E1,-6.866970062E-3,4.410353769E-2,7.912159860E-2
1.400599092E1,-9.102419078E-2,1.876791772E-3,8.318482876E-2
1.401598492E1,-8.477994919E-2,-1.677726055E-2,3.493711352E-2
1.402597992E1,-7.424443603E-2,-1.202954072E-2,-8.628151417E-3
1.403597492E1,-1.277517217E-1,-1.658361722E-3,1.372867763E-2
1.404596892E1,-1.128395677E-1,3.505884524E-2,2.437411845E-2
1.405596392E1,-7.050631106E-2,1.350702248E-2,1.321178377E-2
1.406595792E1,-7.992559075E-2,-1.484466442E-2,4.698471665E-2
1.407595292E1,-6.949532747E-2,3.655788861E-4,6.703657329E-2
1.408594692E1,-5.740913272E-2,4.414585691E-2,7.444674969E-2
1.409594192E1,-5.718050659E-2,1.617992179E-2,1.037342834E-1
1.410593692E1,-5.723605514E-2,-2.692181426E-2,9.546748996E-2
1.411593092E1,-6.274822533E-2,-1.938967774E-2,8.295210958E-2
1.412592592E1,-4.466454148E-2,-5.990984067E-3,6.599810779E-2
1.413591992E1,-5.943343878E-2,5.546741858E-3,5.470070243E-2
1.414591492E1,-8.273576260E-2,3.502171542E-3,4.425289750E-2
1.415590892E1,-9.708950758E-2,1.359408204E-2,4.538491845E-2
1.416590392E1,-8.952671885E-2,1.339913221E-2,6.460003853E-2
1.417589892E1,-6.585485101E-2,5.241809562E-3,3.411791861E-2
1.418589292E1,-8.047172070E-2,-2.826388730E-2,3.387993693E-2
1.419588792E1,-7.408363760E-2,-3.333504952E-2,9.168434143E-4
1.420588192E1,-9.890506804E-2,-9.788092822E-3,-1.253818452E-2
1.421587692E1,-1.449325955E-1,-7.960253209E-3,-4.071065426E-2
1.422587192E1,-1.789639753E-1,5.067818351E-3,-6.973857164E-2
1.423586592E1,-1.878605139E-1,9.141043592E-3,-1.204853868E-1
1.424586092E1,-1.586484092E-1,2.592481831E-2,-8.471562982E-2
1.425585492E1,-1.688272423E-1,4.346514964E-2,-5.040416837E-2
1.426584992E1,-1.822349077E-1,3.208401946E-2,-6.948421776E-2
1.427584392E1,-1.735605633E-1,2.247371854E-2,3.803029060E-2
1.428583892E1,-1.614860630E-1,1.584089292E-2,1.090634358E-1
1.429583392E1,-6.339200377E-2,-3.398694098E-6,1.608264971E-1
1.430582792E1,1.576701701E-2,1.448793858E-3,1.676443505E-1
1.431582292E1,4.104745388E-2,-7.713555526E-3,2.043484926E-1
1.432581692E1,4.773140609E-2,1.477863656E-2,2.300627929E-1
1.433581192E1,2.803564489E-2,5.835998135E-2,8.558628023E-2
1.434580692E1,-1.302151537E-1,7.430859094E-2,8.954426050E-3
1.435580092E1,-2.356679338E-1,3.685341055E-2,1.875377476E-2
1.436579592E1,-1.620818943E-1,1.832164725E-2,9.877993762E-2
1.437578992E1,-7.138690174E-2,3.198085265E-2,1.526684618E-1
1.438578492E1,-3.712514162E-2,2.552989371E-2,1.689611435E-1
1.439577892E1,-3.856881917E-2,3.652147142E-2,2.207347298E-1
1.440577392E1,-5.415691137E-3,4.852604270E-2,2.159365046E-1
1.441576892E1,-2.678024769E-3,2.665054914E-2,1.996894312E-1
1.442576292E1,-2.650192022E-2,2.260065794E-2,2.095934451E-1
1.443575792E1,-5.271089494E-2,9.036396705E-3,1.888369989E-1
1.444575192E1,-4.614330232E-2,2.352119241E-2,1.693961763E-1
1.445574692E1,-7.360825896E-2,4.734629385E-2,1.263513136E-1
1.446574092E1,-2.048572004E-2,7.838039093E-2,9.924128294E-2
1.447573592E1,-3.386882722E-2,8.117587164E-2,1.456442016E-1
1.448573092E1,-3.803555310E-2,7.596274998E-2,2.062336349E-1
1.449572492E1,2.780351043E-3,8.417293511E-2,2.473226041E-1
1.450571992E1,5.822072625E-3,9.294522040E-2,1.954455221E-1
1.451571392E1,-2.802161157E-2,6.694714744E-2,1.493548447E-1
1.452570892E1,-1.091347718E-1,7.011860412E-2,8.960565627E-2
1.453570292E1,-1.860408604E-1,1.209825829E-1,4.828162909E-2
1.454569792E1,-2.649303246E-1,2.191422040E-1,1.103895843E-1
1.455569292E1,-3.571403307E-1,3.218412014E-1,3.843140960E-2
1.456568692E1,-3.607463086E-1,3.464489892E-1,-1.444145322E-2
1.457568192E1,-4.121988827E-1,2.411228378E-1,-1.802462697E-2
1.458567592E1,-4.194891912E-1,1.022496754E-1,-4.506799936E-2
1.459567092E1,-3.469544810E-1,2.157882046E-2,-1.443911433E-2
1.460566592E1,-3.410183877E-1,3.971078038E-2,3.886761189E-2
1.461565992E1,-3.398939681E-1,8.996642947E-2,9.740876555E-3
1.462565492E1,-3.943830013E-1,1.267355487E-1,-5.620636046E-2
1.463564892E1,-5.328415596E-1,8.642148189E-2,-1.417329991E-1
1.464564392E1,-6.816888660E-1,1.851908214E-2,-2.063950181E-1
1.465563892E1,-8.015988868E-1,-1.183420900E-1,-2.146986490E-1
1.466563292E1,-9.474740535E-1,-3.145319626E-1,-2.315421385E-1
1.467562792E1,-1.068056504E0,-4.801957150E-1,-2.712096494E-1
1.468562192E1,-1.172532215E0,-4.765244675E-1,-2.568588281E-1
1.469561692E1,-1.119108544E0,-2.973461187E-1,-2.801740158E-1
1.470561092E1,-1.432952582E0,-1.834967369E-1,-4.785419762E-2
1.471560592E1,-1.824603764E0,-2.393275234E-1,3.924417257E-2
1.472560092E1,-1.660440261E0,-8.349685080E-2,-7.701952457E-3
1.473559492E1,-1.479466013E0,1.078746603E-1,-5.106841207E-2
1.474558992E1,-1.482496040E0,2.173373513E-1,-1.716274738E-2
1.475558392E1,-1.536665230E0,2.466151275E-1,-2.673931718E-2
1.476557892E1,-1.562129270E0,2.963249025E-1,-9.160423458E-2
1.477557292E1,-1.502673027E0,4.115016022E-1,-1.901496989E-1
1.478556792E1,-1.410850691E0,5.407996202E-1,-2.981723303E-1
1.479556292E1,-1.275359595E0,6.803552623E-1,-4.132747704E-1
1.480555692E1,-1.066757253E0,8.300173782E-1,-5.161372340E-1
1.481555192E1,-8.295117402E-1,9.520592938E-1,-6.012902355E-1
1.482554592E1,-6.236201674E-1,1.036363645E0,-6.448291880E-1
1.483554092E1,-4.329933357E-1,1.089879190E0,-6.542280024E-1
1.484553592E1,-2.621265846E-1,1.119588747E0,-6.423546463E-1
1.485552992E1,-1.599260259E-1,1.114517749E0,-6.175454950E-1
1.486552492E1,-1.390052730E-1,1.047486365E0,-6.263361990E-1
1.487551892E1,-5.034569621E-2,9.896962130E-1,-6.554202497E-1
1.488551392E1,7.664530277E-3,9.609034999E-1,-6.702294928E-1
1.489550792E1,4.687011123E-2,9.141760607E-1,-6.953380215E-1
1.490550292E1,8.395315289E-2,8.696733409E-1,-7.270246679E-1
1.491549792E1,7.921866238E-2,8.543624067E-1,-7.399458450E-1
1.492549192E1,1.065924025E-1,7.729270649E-1,-6.876559496E-1
1.493548692E1,1.446794111E-1,6.663785166E-1,-5.847899777E-1
1.494548092E1,2.784730607E-1,6.523025143E-1,-5.800315136E-1
1.495547604E1,6.279973930E-1,6.925703882E-1,-5.283216619E-1
1.496547004E1,1.036741156E0,7.511409241E-1,-5.004602641E-1
1.497546504E1,1.347917109E0,7.351701316E-1,-4.790793353E-1
1.498546004E1,1.493642002E0,6.732978192E-1,-5.125716019E-1
1.499545404E1,1.493936117E0,6.025142770E-1,-4.617803478E-1
1.500544904E1,1.434250079E0,4.995710853E-1,-4.084905785E-1
1.501544304E1,1.315207200E0,3.702273495E-1,-3.470819503E-1
1.502543804E1,1.132509778E0,1.988242443E-1,-2.611506844E-1
1.503543304E1,9.158587432E-1,2.988979697E-2,-1.830856776E-1
1.504542704E1,6.578953761E-1,-1.732768820E-1,-9.843846023E-2
1.505542204E1,4.003851682E-1,-3.604115920E-1,3.567152381E-2
1.506541604E1,2.644947070E-1,-5.355452391E-1,1.004346997E-1
1.507541104E1,2.125345945E-1,-6.877206344E-1,1.616877919E-1
1.508540504E1,1.686126494E-1,-7.810644156E-1,2.439931995E-1
1.509540004E1,1.983708841E-1,-8.013448253E-1,2.527061355E-1
1.510539504E1,2.797787440E-1,-7.253218125E-1,2.633164930E-1
1.511538904E1,4.251609904E-1,-6.639397891E-1,2.768984056E-1
1.512538404E1,5.083885038E-1,-6.750639707E-1,2.843044889E-1
1.513537804E1,4.884559304E-1,-7.898215713E-1,3.267739856E-1
1.514537304E1,2.716452670E-1,-9.567951000E-1,3.667590004E-1
1.515536804E1,1.417891324E-2,-1.096956075E0,4.033561385E-1
1.516536204E1,-1.268687922E-1,-1.170733392E0,3.690978867E-1
1.517535704E1,-1.083132380E-1,-1.170197714E0,2.749477744E-1
1.518535104E1,-1.937545073E-1,-1.220251268E0,2.250628388E-1
1.519534604E1,-2.683234638E-1,-1.307044779E0,2.470682502E-1
1.520534004E1,-2.196804768E-1,-1.302136334E0,2.091508108E-1
1.521533504E1,-2.515472174E-2,-1.240105855E0,1.581543195E-1
1.522533004E1,3.023168367E-1,-1.070892550E0,2.020598924E-1
1.523532404E1,5.973269928E-1,-9.203143946E-1,3.151883125E-1
1.524531904E1,7.982963794E-1,-8.980286823E-1,4.668475449E-1
1.525531304E1,7.822557127E-1,-9.602104586E-1,5.844128323E-1
1.526530804E1,7.153162032E-1,-1.025964664E0,7.630622274E-1
1.527530304E1,7.008338195E-1,-1.004910376E0,8.071566653E-1
1.528529704E1,6.813877344E-1,-8.176725903E-1,1.012279329E0
1.529529204E1,2.438914579E-1,-7.781743562E-1,9.632451636E-1
1.530528604E1,3.322270989E-2,-6.804356615E-1,9.399083412E-1
1.531528104E1,8.659024715E-2,-4.345739843E-1,7.016471672E-1
1.532527504E1,3.373258710E-3,-2.308274625E-1,2.953358459E-1
1.533527004E1,-2.511028290E-2,-1.341680177E-2,-1.387789857E-1
1.534526504E1,-6.216408849E-2,1.459825362E-1,-4.726251787E-1
1.535525904E1,-9.087157845E-3,2.724096443E-1,-5.871657014E-1
1.536525404E1,6.431937218E-2,3.200149698E-1,-5.221171814E-1
1.537524804E1,4.930956960E-2,3.053209168E-1,-4.010593522E-1
1.538524304E1,3.662520468E-2,1.900296848E-1,-1.121566129E-1
1.539523804E1,8.524246395E-2,2.545753442E-2,1.205754340E-1
1.540523204E1,1.511347371E-1,-1.169070370E-1,2.814598185E-1
1.541522704E1,1.876289642E-1,-1.817640607E-1,3.439940357E-1
1.542522104E1,2.256171548E-1,-1.618787766E-1,2.703454310E-1
1.543521604E1,1.744206887E-1,-1.456069256E-1,2.383015198E-1
1.544521004E1,2.403731883E-2,-1.802021963E-1,2.353989619E-1
1.545520504E1,-1.241457438E-1,-1.689506916E-1,1.604037434E-1
1.546520004E1,-2.229367912E-1,-1.518279976E-1,7.352055073E-2
1.547519404E1,-1.678396475E-1,-1.070369370E-1,-9.217375338E-2
1.548518904E1,-3.892257571E-2,-1.477843557E-1,-2.754354322E-1
1.549518304E1,1.536589801E-2,-2.442620983E-1,-4.807042766E-1
1.550517804E1,1.210625070E-1,-4.034116139E-1,-7.219188792E-1
1.551517304E1,6.022807539E-2,-3.935028492E-1,-9.654840624E-1
1.552516704E1,-4.538550317E-1,-4.781978676E-1,-5.477689165E-1
1.553516204E1,-9.445346582E-1,-4.248050411E-1,-3.657825154E-1
1.554515604E1,-9.917643732E-1,-1.794189618E-1,-2.606291127E-1
1.555515104E1,-8.860087073E-1,2.283571601E-2,-2.642614031E-1
1.556514604E1,-8.588372809E-1,1.512975821E-1,-4.636613971E-1
1.557514004E1,-8.995099282E-1,2.285645170E-1,-6.597074282E-1
1.558513504E1,-8.114654785E-1,3.104768454E-1,-6.206731707E-1
1.559512904E1,-6.294498414E-1,4.398765318E-1,-4.336850613E-1
1.560512404E1,-4.592011410E-1,4.720146563E-1,-2.294260311E-1
1.561511804E1,-3.683319014E-1,4.764615369E-1,-7.106822848E-2
1.562511304E1,-2.215895927E-1,4.764723542E-1,-3.184276700E-2
1.563510804E1,-9.039912343E-2,4.638022419E-1,-5.387858391E-2
1.564510204E1,-1.308256030E-2,3.990844551E-1,-1.137710291E-1
1.565509704E1,2.764095783E-2,3.292235304E-1,-1.379720700E-1
1.566509104E1,2.903785765E-2,2.153665473E-1,-1.483853763E-1
1.567508604E1,-4.572756529E-2,1.008266093E-1,-2.157868159E-1
1.568508104E1,-1.451963049E-1,1.286672495E-2,-3.495699406E-1
1.569507504E1,-2.065774512E-1,-8.410349943E-2,-4.063867503E-1
1.570507004E1,-2.113136959E-1,-1.632259751E-1,-3.121968770E-1
1.571506404E1,-1.477801895E-1,-2.438150056E-1,-9.769761801E-2
1.572505904E1,5.181217790E-2,-3.118434128E-1,1.102966136E-1
1.573505304E1,2.637532800E-1,-3.885133470E-1,3.208542645E-1
1.574504804E1,4.408829838E-1,-4.500285407E-1,4.951252645E-1
1.575504304E1,5.694813824E-1,-5.120104153E-1,6.431270635E-1
1.576503704E1,6.443964940E-1,-6.213098594E-1,6.489327639E-1
1.577503204E1,7.454433972E-1,-6.955503485E-1,6.600845736E-1
1.578502604E1,8.587571740E-1,-5.747657304E-1,8.536472923E-1
1.579502104E1,5.207389927E-1,-5.613365764E-1,8.131933308E-1
1.580501604E1,3.223610920E-1,-5.089398231E-1,8.332405096E-1
1.581501004E1,3.402173191E-1,-3.772248586E-1,7.405065930E-1
1.582500504E1,2.349598360E-1,-2.664759629E-1,4.768603170E-1
1.583499904E1,1.275505775E-1,-1.975921080E-1,1.577362436E-1
1.584499404E1,7.361059785E-3,-1.340711001E-1,-5.900893092E-2
1.585498904E1,-1.003142470E-1,-7.650855102E-2,-1.085330933E-1
1.586498304E1,-2.461151540E-1,-2.277095810E-2,-6.833991766E-2
1.587497804E1,-3.170266771E-1,1.412658066E-2,-1.258905530E-3
1.588497204E1,-2.768802792E-1,3.405798465E-2,9.653168321E-2
1.589496704E1,-1.828868723E-1,6.208127730E-2,1.989678848E-1
1.590496104E1,-1.884376341E-1,5.997532949E-2,1.712696242E-1
1.591495604E1,-2.149109030E-1,7.443542071E-2,1.917068124E-2
1.592495104E1,-8.841925621E-2,7.017798990E-2,-1.107638061E-1
1.593494504E1,1.242322826E-1,-4.507830508E-2,-2.447971916E-1
1.594494004E1,2.642345059E-1,-1.590878275E-1,-3.552651286E-2
1.595493358E1,2.101635486E-1,-2.833595788E-1,2.247774947E-1
1.596492858E1,5.741322577E-2,-4.420641214E-1,4.757680571E-1
1.597492358E1,3.396706045E-2,-4.819457866E-1,6.280862707E-1
1.598491758E1,-9.077392995E-2,-4.651686631E-1,6.264706850E-1
1.599491258E1,-1.933902258E-1,-3.010935992E-1,4.451052582E-1
1.600490658E1,-1.483719277E-1,-7.915492773E-2,1.761853784E-1
1.601490158E1,-6.848843694E-2,3.971808940E-2,-4.721451223E-2
1.602489558E1,-2.461385429E-2,-2.790832177E-2,-1.633747137E-1
1.603489058E1,-4.806995988E-2,-1.272949080E-1,-1.829336500E-1
1.604488558E1,-1.639149964E-2,-1.567249677E-1,-1.539361382E-1
1.605487958E1,3.994876206E-2,-9.635231987E-2,-7.615121305E-2
1.606487458E1,7.726452291E-2,-7.207263395E-2,2.387535095E-2
1.607486858E1,9.283741236E-2,-1.311018839E-1,9.456701875E-2
1.608486358E1,1.108836740E-1,-1.697124376E-1,1.294883448E-1
1.609485858E1,9.633346260E-2,-1.728574356E-1,1.623046732E-1
1.610485258E1,1.899234116E-2,-1.376284730E-1,1.391871214E-1
1.611484758E1,-5.164787114E-2,-1.048252277E-1,1.111006057E-1
1.612484158E1,-7.185877204E-2,-4.518143535E-2,8.081144392E-2
1.613483658E1,-6.193955541E-2,-3.077689268E-2,4.754254103E-2
1.614483158E1,-1.167975479E-1,-9.624041878E-2,7.629388511E-2
1.615482558E1,-8.822162032E-2,-1.110332166E-1,1.082290381E-1
1.616482058E1,1.149884194E-1,-6.016719125E-2,6.659686267E-2
1.617481458E1,1.781588137E-1,-3.950678565E-2,3.159542978E-2
1.618480958E1,1.586776453E-1,-6.861035138E-2,1.239726663E-2
1.619480358E1,5.361896753E-2,-5.076172560E-2,-7.586060643E-2
1.620479858E1,-1.003569317E-1,-4.141663246E-2,-1.070449769E-1
1.621479358E1,-2.853675127E-1,-3.993911415E-2,-1.595886415E-1
1.622478758E1,-4.011242563E-1,-8.301072791E-3,-2.160055017E-1
1.623478258E1,-4.461583418E-1,2.907476820E-2,-2.331811130E-1
1.624477658E1,-4.885828149E-1,3.719998598E-2,-2.834297454E-1
1.625477158E1,-5.221364772E-1,5.631080635E-2,-3.190252554E-1
1.626476658E1,-4.883395708E-1,1.016606415E-1,-2.799717021E-1
1.627476058E1,-4.159586424E-1,1.229178286E-1,-2.325098526E-1
1.628475558E1,-3.106824481E-1,1.731457034E-1,-1.904695415E-1
1.629474958E1,-1.339404148E-1,2.658177857E-1,-1.292579645E-1
1.630474458E1,4.209936798E-2,3.279317343E-1,-7.570565522E-2
1.631473958E1,1.670947123E-1,2.902028677E-1,-2.092192233E-2
1.632473358E1,1.491531157E-1,1.889263152E-1,-6.601447999E-2
1.633472858E1,5.958137333E-2,1.875701997E-1,4.131771219E-1
1.634472258E1,1.284720987E-1,2.385513420E-1,5.719816518E-1
1.635471758E1,9.885653615E-2,2.021326903E-1,6.553547609E-1
1.636471158E1,1.278411841E-1,2.087444293E-1,8.219758487E-1
1.637470658E1,1.189633566E-1,2.534054625E-1,8.099054414E-1
1.638470158E1,6.556833744E-2,2.849041209E-1,6.586040586E-1
1.639469558E1,-3.342268467E-3,3.480572659E-1,4.112978268E-1
1.640469058E1,-6.265233099E-2,4.000622557E-1,1.184172267E-1
1.641468458E1,-1.720209914E-1,4.005804652E-1,-2.332015783E-1
1.642467958E1,-2.421150738E-1,3.886631088E-1,-3.320937824E-1
1.643467458E1,-1.986778629E-1,3.663722071E-1,-2.171761143E-1
1.644466858E1,-4.685256958E-2,3.735457174E-1,-1.217507243E-2
1.645466358E1,3.775722563E-2,4.072711417E-1,1.188154221E-1
1.646465758E1,-6.446555257E-3,3.718605499E-1,1.853713542E-1
1.647465258E1,-8.214753270E-3,3.098835723E-1,2.544111836E-1
1.648464758E1,-1.219436824E-2,2.321522954E-1,3.278241456E-1
1.649464158E1,-5.352775097E-2,1.742195445E-1,3.955454278E-1
1.650463658E1,-5.422356963E-2,1.693134382E-1,4.474839056E-1
1.651463058E1,-1.378785145E-1,1.668215011E-1,4.181671357E-1
1.652462558E1,-2.632849181E-1,1.222965619E-1,3.076535904E-1
1.653462058E1,-3.909512705E-1,1.030348103E-1,1.884814882E-1
1.654461458E1,-4.880279142E-1,1.188006578E-1,2.663465202E-2
1.655460958E1,-3.625197691E-1,1.747167040E-1,-7.015372396E-2
1.656460358E1,-2.208744782E-1,2.130199134E-1,-8.623999894E-2
1.657459858E1,-2.137630945E-1,1.779363272E-1,-6.879658520E-2
1.658459258E1,-3.042557734E-1,1.446099754E-1,-1.463873827E-1
1.659458758E1,-3.878510767E-1,8.866644725E-2,-1.498641372E-1
1.660458258E1,-4.106838691E-1,7.060819879E-2,-1.311156249E-1
1.661457658E1,-4.211024380E-1,5.222338334E-2,-5.414638638E-2
1.662457158E1,-3.896145970E-1,1.957106933E-2,2.370110393E-2
1.663456558E1,-3.639266092E-1,2.774971604E-2,6.646179199E-2
1.664456058E1,-1.724390674E-1,1.553434168E-1,2.284507155E-3
1.665455558E1,4.030380499E-1,2.938120615E-1,-1.917050582E-1
1.666454958E1,5.906097114E-1,1.765724641E-1,-1.469440377E-1
1.667454458E1,2.936921936E-1,2.374291152E-2,8.338129520E-4
1.668453858E1,-1.093622285E-1,-2.474563591E-1,1.482473820E-1
1.669453358E1,-4.166848665E-1,-2.931625821E-1,2.034953839E-1
1.670452858E1,-5.174435019E-1,-1.533223267E-1,1.134687281E-1
1.671452258E1,-5.678465009E-1,-1.849328130E-2,-3.788060188E-2
1.672451758E1,-5.185076952E-1,5.760121375E-2,-1.792972666E-1
1.673451158E1,-4.501590067E-1,7.363895684E-2,-2.433622849E-1
1.674450658E1,-3.730161059E-1,2.423524708E-2,-1.411231345E-1
1.675450158E1,-2.480739713E-1,-5.877913535E-4,-3.794842958E-2
1.676449558E1,-9.038859844E-2,-2.415141262E-2,2.254101634E-2
1.677449058E1,3.377585649E-2,2.136477582E-2,-8.671420813E-3
1.678448458E1,9.290231645E-2,7.254603915E-2,-7.929993868E-2
1.679447958E1,1.468399572E-1,1.123780031E-1,-1.198655820E-1
1.680447358E1,1.628975809E-1,1.109833691E-1,-1.115397316E-1
1.681446858E1,1.109269434E-1,3.457422070E-2,-7.873275876E-2
1.682446358E1,5.814529717E-2,-8.377605535E-2,-1.418125212E-2
1.683445758E1,-6.759966016E-3,-2.047917847E-1,1.799422145E-2
1.684445258E1,-1.511739135E-2,-3.087127405E-1,9.238600731E-5
1.685444658E1,2.847594023E-3,-3.573144315E-1,-3.720466375E-2
1.686444158E1,6.616416872E-2,-3.808073746E-1,-7.795800269E-2
1.687443658E1,1.124659306E-1,-3.802045266E-1,-6.429715276E-2
1.688443058E1,1.419633794E-1,-4.112631820E-1,-5.620226741E-2
1.689442558E1,1.521346110E-1,-4.157014380E-1,-2.335494876E-2
1.690441958E1,1.647318524E-1,-4.438049106E-1,4.624738276E-2
1.691441458E1,1.734716856E-1,-4.826423362E-1,5.517257273E-2
1.692440958E1,2.210037017E-1,-4.861100274E-1,6.908485293E-2
1.693440358E1,2.859803009E-1,-4.483378914E-1,9.885185838E-2
1.694439858E1,3.259851962E-1,-4.167188535E-1,1.350718510E-1
1.695439296E1,3.799105579E-1,-4.071302238E-1,1.101761609E-1
1.696438796E1,4.302913374E-1,-3.838192753E-1,1.340684688E-1
1.697438296E1,4.211995018E-1,-3.685777768E-1,1.297099543E-1
1.698437696E1,4.113399267E-1,-3.422989279E-1,1.131079549E-1
1.699437196E1,3.557720822E-1,-3.540193062E-1,1.045224881E-1
1.700436596E1,3.092972428E-1,-3.547220685E-1,1.079249829E-1
1.701436096E1,2.941973931E-1,-3.845349745E-1,1.273400778E-1
1.702435496E1,2.946920675E-1,-3.396651227E-1,1.085348475E-1
1.703434996E1,3.418878686E-1,-2.760517287E-1,8.495302677E-2
1.704434496E1,3.091937470E-1,-2.641334952E-1,4.792611837E-2
1.705433896E1,1.977358764E-1,-2.320816903E-1,4.223677754E-2
1.706433396E1,9.922841907E-2,-2.113685866E-1,5.608356893E-2
1.707432796E1,2.264158845E-2,-1.904398669E-1,8.733869076E-2
1.708432296E1,-1.504956365E-2,-1.772580501E-1,9.371800303E-2
1.709431796E1,-2.881683290E-2,-1.514741680E-1,1.062041473E-1
1.710431196E1,-5.366808414E-2,-7.602725208E-2,1.282978517E-1
1.711430696E1,-5.513222694E-2,-1.182365477E-2,1.282148212E-1
1.712430096E1,-1.917886734E-2,4.022898987E-2,1.345029169E-1
1.713429596E1,3.367937744E-2,5.035622120E-2,1.382603377E-1
1.714429096E1,3.830686390E-2,1.441338658E-4,1.667754543E-1
1.715428496E1,2.732111514E-2,-7.403759077E-2,1.537595522E-1
1.716427996E1,4.662569761E-3,-1.363567767E-1,1.514072174E-1
1.717427396E1,-6.708042741E-2,-1.481096801E-1,1.557119375E-1
1.718426896E1,-1.316629243E-1,-1.057887027E-1,1.656972277E-1
1.719426396E1,-1.881037581E-1,-4.017431840E-2,1.482163918E-1
1.720425796E1,-2.810464203E-1,8.913203180E-3,1.595675915E-1
1.721425296E1,-3.709087694E-1,6.503857970E-3,1.305601394E-1
1.722424696E1,-4.410467058E-1,4.133952230E-2,8.056936920E-2
1.723424196E1,-3.975440061E-1,9.037851200E-2,6.722309947E-2
1.724423696E1,-3.207788354E-1,1.592233367E-1,5.713138998E-2
1.725423096E1,-2.104664344E-1,1.835837142E-1,7.446896911E-2
1.726422596E1,-1.038184834E-1,1.766072550E-1,9.328589380E-2
1.727421996E1,-3.469971657E-2,1.608067627E-1,1.011123919E-1
1.728421496E1,2.820112109E-3,1.739792240E-1,1.453611964E-1
1.729420996E1,5.401073098E-2,1.897196361E-1,1.486654580E-1
1.730420396E1,6.474446476E-2,1.503579345E-1,1.303888160E-1
1.731419896E1,2.472261250E-2,1.115841705E-1,8.002265453E-2
1.732419296E1,-8.419054985E-2,1.183665021E-1,1.979165554E-2
1.733418796E1,-2.234653795E-1,1.479029810E-1,-3.586799026E-2
1.734418196E1,-3.261898488E-1,1.983208904E-1,-6.210678577E-2
1.735417696E1,-3.255337912E-1,2.617813066E-1,-1.186324042E-1
1.736417196E1,-2.391674924E-1,3.212277554E-1,-1.603318226E-1
1.737416596E1,-1.413143384E-1,3.648408213E-1,-1.533397222E-1
1.738416096E1,-7.263177395E-2,3.436442260E-1,-1.372528625E-1
1.739415496E1,-9.689771891E-2,3.025070174E-1,-1.122881752E-1
1.740414996E1,-8.766379595E-2,2.763736179E-1,-8.960390210E-2
1.741414496E1,-7.593486607E-2,2.882446352E-1,-7.581616759E-2
1.742413896E1,-7.839595914E-2,2.840629989E-1,-6.363641739E-2
1.743413396E1,-9.418227196E-2,3.063340200E-1,-4.646022141E-2
1.744412796E1,-1.318009186E-1,3.351346269E-1,-5.160109341E-2
1.745412296E1,-1.557727486E-1,3.669542974E-1,-7.709787726E-2
1.746411796E1,-1.430398518E-1,3.788444643E-1,-8.868238091E-2
1.747411196E1,-1.102229387E-1,3.917356744E-1,-8.067461908E-2
1.748410696E1,-8.613825738E-2,3.943648750E-1,-7.141379893E-2
1.749410096E1,-1.060842794E-1,3.516170508E-1,-3.893602431E-2
1.750409596E1,-1.550810230E-1,3.545201933E-1,-4.559132516E-2
1.751409096E1,-1.753819710E-1,3.301449054E-1,-1.339597106E-2
1.752408496E1,-2.438347399E-1,3.298249166E-1,-2.270532310E-2
1.753407996E1,-3.101398265E-1,3.011026624E-1,-4.953468740E-2
1.754407396E1,-3.227446693E-1,2.426255357E-1,-2.255271077E-2
1.755406896E1,-2.831093180E-1,1.890331730E-1,-1.056708813E-2
1.756406396E1,-2.077544957E-1,1.524664405E-1,5.411598086E-3
1.757405796E1,-1.575836313E-1,1.372582711E-1,1.223295987E-2
1.758405296E1,-1.599160856E-1,1.237754689E-1,4.571294725E-2
1.759404696E1,-1.826266712E-1,1.118116271E-1,5.256529927E-2
1.760404196E1,-2.100927973E-1,1.211721423E-1,7.237098813E-2
1.761403696E1,-2.212352514E-1,1.222569470E-1,6.397555590E-2
1.762403096E1,-2.102629513E-1,1.467219897E-1,5.824645400E-2
1.763402596E1,-2.141858482E-1,1.414372762E-1,3.391326606E-2
1.764401996E1,-2.281875908E-1,1.755933478E-1,5.077137351E-3
1.765401496E1,-2.468542421E-1,1.857561010E-1,-2.119849563E-2
1.766400996E1,-2.234659642E-1,1.751146071E-1,-1.630086780E-2
1.767400396E1,-2.095688868E-1,1.713343821E-1,1.328136563E-2
1.768399896E1,-2.275730485E-1,1.924276279E-1,4.368571758E-2
1.769399296E1,-2.072533894E-1,2.085989799E-1,3.361973584E-2
1.770398796E1,-2.113949722E-1,2.118650883E-1,1.211718500E-2
1.771398196E1,-1.967687470E-1,2.158762783E-1,2.160078406E-2
1.772397696E1,-1.864355475E-1,2.254241967E-1,4.077614307E-2
1.773397196E1,-1.803708154E-1,2.149990498E-1,8.447706342E-2
1.774396596E1,-1.779272640E-1,2.090552089E-1,1.097767961E-1
1.775396096E1,-2.098226559E-1,1.729520144E-1,1.327341342E-1
1.776395496E1,-2.503947312E-1,1.345309836E-1,1.540706241E-1
1.777394996E1,-2.757049888E-1,1.173429470E-1,1.680630112E-1
1.778394496E1,-2.780286723E-1,4.500865012E-2,7.773230016E-2
1.779393896E1,-2.477781022E-1,-6.157030374E-2,6.129285336E-2
1.780393396E1,-1.710983008E-1,-1.387075035E-1,3.238913083E-1
1.781392796E1,-3.631910294E-1,-2.917456555E-1,6.090389657E-1
1.782392296E1,-4.974372536E-1,-3.588917179E-1,8.310559899E-1
1.783391796E1,-4.765650326E-1,-2.819220409E-1,8.971453142E-1
1.784391196E1,-4.213246322E-1,-1.488765424E-1,7.634791338E-1
1.785390696E1,-2.911749673E-1,6.457664967E-3,4.994954735E-1
1.786390096E1,-9.655858040E-2,1.277900210E-1,2.461268485E-1
1.787389596E1,9.833204091E-2,2.243054782E-1,3.266079247E-2
1.788389096E1,2.352194524E-1,2.293753065E-1,-7.949172735E-2
1.789388496E1,3.370007658E-1,2.322347412E-1,-1.568848890E-1
1.790387996E1,2.379769993E-1,2.136848880E-1,-1.108597004E-1
1.791387396E1,1.702194643E-1,2.239299408E-1,-2.396411169E-1
1.792386896E1,2.047835255E-1,2.182252510E-1,-3.446822530E-1
1.793386396E1,2.311509597E-1,1.857211639E-1,-3.882019097E-1
1.794385796E1,1.435631776E-1,1.424742799E-1,-3.719881654E-1
1.795385258E1,4.401842415E-2,1.005060357E-1,-2.952060378E-1
1.796384658E1,8.152305007E-2,4.484960586E-2,-2.652741408E-1
1.797384158E1,1.622274899E-1,2.869681880E-2,-2.086771864E-1
1.798383658E1,1.479556060E-1,-1.470603973E-2,-2.016055638E-1
1.799383058E1,9.844723105E-2,-9.133467793E-2,-2.346961266E-1
1.800382558E1,3.864834130E-2,-5.898788095E-2,-2.071569103E-1
1.801381958E1,2.500912607E-2,-7.480342984E-2,-9.603876293E-2
1.802381458E1,7.594597578E-2,-1.561501864E-1,-3.168956995E-2
1.803380958E1,1.865887445E-1,-2.219373558E-1,-5.247057438E-2
1.804380358E1,2.623610580E-1,-2.293503097E-1,-1.062450778E-1
1.805379858E1,3.140399194E-1,-2.438533048E-1,-6.972629249E-2
1.806379258E1,3.189393014E-1,-2.549836260E-1,-5.849963844E-2
1.807378758E1,3.122647047E-1,-3.841356097E-1,-5.105730236E-2
1.808378258E1,2.747045302E-1,-7.269530395E-1,-1.168899339E-1
1.809377658E1,2.160417545E-1,-8.459393464E-1,1.681723541E-1
1.810377158E1,-2.011079657E-1,-1.148867071E0,6.340784973E-1
1.811376558E1,-4.501280165E-1,-1.276186976E0,8.950356388E-1
1.812376058E1,-3.986771965E-1,-1.143740817E0,1.051984262E0
1.813375558E1,-3.093814427E-1,-8.222610466E-1,8.253391671E-1
1.814374958E1,-4.282676160E-2,-4.691438927E-1,5.349518198E-1
1.815374458E1,2.809160274E-1,-2.375171158E-1,2.056962758E-1
1.816373858E1,5.230983442E-1,-2.314173004E-1,-3.823377371E-2
1.817373358E1,6.220735788E-1,-3.254500298E-1,-1.365675688E-1
1.818372858E1,6.308362162E-1,-4.327696797E-1,-2.778713822E-1
1.819372258E1,5.916657186E-1,-4.191535610E-1,-3.228510886E-1
1.820371758E1,3.581419587E-1,-4.243697159E-1,-3.456195617E-1
1.821371158E1,2.501275134E-1,-3.521413998E-1,-3.941327405E-1
1.822370658E1,1.720022804E-1,-2.954446042E-1,-4.467611897E-1
1.823370158E1,-1.257268310E-2,-3.190809502E-1,-3.249952626E-1
1.824369558E1,-1.554336101E-1,-3.487658022E-1,-1.427398896E-1
1.825369058E1,-1.599891758E-1,-3.457267119E-1,2.796664774E-2
1.826368458E1,-1.061532766E-1,-3.353642763E-1,1.573947662E-1
1.827367958E1,-1.074671459E-1,-3.305737987E-1,2.554742074E-1
1.828367458E1,-8.633823216E-2,-2.938239022E-1,3.309658545E-1
1.829366858E1,-3.148082435E-2,-1.978931665E-1,3.254414052E-1
1.830366358E1,5.907617390E-2,-1.268044728E-1,2.863650477E-1
1.831365758E1,9.538212061E-2,-1.105696785E-1,2.661980009E-1
1.832365258E1,6.265934765E-2,-1.134641965E-1,2.404223049E-1
1.833364758E1,3.748357594E-2,-1.091742405E-1,1.399203622E-1
1.834364158E1,6.001991451E-2,-8.324300855E-2,4.874355912E-2
1.835363658E1,8.631718218E-2,-9.739794821E-2,-1.839943349E-2
1.836363058E1,4.415875733E-2,-1.517086414E-1,-4.875642300E-2
1.837362558E1,-3.273622155E-2,-1.839069191E-1,-1.018830550E-1
1.838362058E1,-2.784151733E-2,-1.193685687E-1,-1.451939660E-1
1.839361458E1,2.542310894E-2,-1.507558376E-2,-1.757012290E-1
1.840360958E1,-8.529333472E-3,4.029798701E-2,-1.108702254E-1
1.841360358E1,-7.631435037E-2,9.715587348E-3,-4.512062430E-2
1.842359858E1,-1.139739275E-1,6.496987492E-3,-1.478117645E-2
1.843359358E1,-4.005752027E-2,6.281926900E-2,-2.327250302E-2
1.844358758E1,6.671848476E-2,1.007160969E-1,-6.515143096E-2
1.845358258E1,1.232879573E-1,8.680133164E-2,-9.193050921E-2
1.846357658E1,4.004991889E-2,4.355020836E-2,-4.963935256E-2
1.847357158E1,-4.282091439E-2,4.426795408E-2,-1.668035209E-2
1.848356658E1,-6.178226531E-2,5.496411949E-2,-1.965950847E-2
1.849356058E1,-1.556189668E-1,3.257337660E-2,-4.246481895E-2
1.850355558E1,-2.431418449E-1,1.549526766E-2,-4.153862000E-2
1.851354958E1,-2.413081580E-1,4.298551351E-2,-5.254191041E-2
1.852354458E1,-1.285141987E-1,7.292647362E-2,-6.705820799E-2
1.853353958E1,-4.668709338E-2,8.336448446E-2,-5.839848161E-2
1.854353358E1,3.748591483E-2,5.827612862E-2,1.567053795E-3
1.855352858E1,1.705632806E-3,3.254399434E-2,7.244583249E-2
1.856352258E1,-1.833090413E-1,1.346833035E-2,1.305981463E-1
1.857351758E1,-3.105503011E-1,4.226849869E-2,1.349397039E-1
1.858351258E1,-4.030006278E-1,9.351393521E-2,1.098884779E-1
1.859350658E1,-4.216573387E-1,1.306732830E-1,8.200427592E-2
1.860350158E1,-4.256065482E-1,1.561519405E-1,9.324671745E-2
1.861349558E1,-4.282237619E-1,1.517364156E-1,1.243995130E-1
1.862349058E1,-3.787469620E-1,1.911750081E-1,1.663597172E-1
1.863348558E1,-3.606252712E-1,1.814013872E-1,1.733097178E-1
1.864347958E1,-3.402518177E-1,2.084323342E-1,1.673677772E-1
1.865347458E1,-2.945096344E-1,2.227292150E-1,1.276429635E-1
1.866346858E1,-2.204774523E-1,2.472442514E-1,9.117329478E-2
1.867346358E1,-1.544290584E-1,2.927301805E-1,6.227109253E-2
1.868345858E1,-1.577245492E-1,3.196396516E-1,1.092025995E-2
1.869345258E1,-2.381874990E-1,3.217471343E-1,-2.928870320E-2
1.870344758E1,-3.121921992E-1,3.478954442E-1,-6.141447544E-2
1.871344258E1,-3.397781932E-1,3.663384394E-1,-9.133233905E-2
1.872343658E1,-2.803967947E-1,4.010150595E-1,-1.127267164E-1
1.873343158E1,-2.077620971E-1,4.102038127E-1,-7.699613571E-2
1.874342558E1,-1.791019696E-1,3.911202550E-1,-4.300276279E-2
1.875342058E1,-1.284797001E-1,3.737114860E-1,4.828455269E-2
1.876341558E1,-8.175109148E-2,3.605964737E-1,1.328984410E-1
1.877340958E1,-7.461631894E-2,3.067041488E-1,2.423764443E-1
1.878340458E1,-3.733505666E-2,2.757361253E-1,3.139276528E-1
1.879339858E1,6.914917231E-2,2.760442735E-1,2.083842409E-1
1.880339358E1,1.824009687E-1,3.303219299E-1,-1.140078413E-1
1.881338858E1,1.522726053E-1,3.377050629E-1,2.933232343E-1
1.882338258E1,-7.527588487E-2,2.114111982E-1,3.632126641E-1
1.883337758E1,-2.395727044E-1,5.488269702E-2,5.244531441E-1
1.884337158E1,-9.161709845E-2,1.988301829E-2,7.659986991E-1
1.885336658E1,-1.957425606E-1,-3.508563280E-2,1.113816229E0
1.886336158E1,-1.729851973E-1,3.929109648E-2,1.007011573E0
1.887335558E1,-2.321929336E-2,1.858462212E-1,7.502024460E-1
1.888335058E1,6.704885244E-2,3.220920470E-1,4.419647187E-1
1.889334458E1,1.289451385E-1,3.921304346E-1,1.213554525E-1
1.890333958E1,1.638775742E-1,3.556894172E-1,5.099064410E-2
1.891333458E1,1.823062438E-1,3.152899810E-1,3.703918755E-2
1.892332858E1,2.203499830E-1,3.312710792E-1,7.917129993E-4
1.893332358E1,7.899179041E-2,3.342112054E-1,5.637183666E-2
1.894331758E1,-1.565884352E-2,4.006935357E-1,5.915043354E-3
1.895331258E1,1.382252544E-1,4.669009008E-1,-1.630121863E-1
1.896330808E1,2.029761511E-1,4.862277757E-1,-2.248137474E-1
1.897330208E1,8.621427119E-2,3.475985518E-1,-7.197045386E-2
1.898329708E1,5.784884334E-2,1.995225663E-1,1.441344506E-1
1.899329108E1,6.129928529E-2,1.076031668E-1,2.596239763E-1
1.900328608E1,-8.434725523E-2,7.602111250E-3,2.628475463E-1
1.901328108E1,-2.324016792E-1,-9.780491441E-2,2.619517529E-1
1.902327508E1,-4.201967043E-1,-1.656725963E-1,2.170457214E-1
1.903327008E1,-4.892488128E-1,-1.802421036E-1,9.086456180E-2
1.904326408E1,-4.966519725E-1,-1.136741846E-1,-2.959509730E-2
1.905325908E1,-4.538673109E-1,-4.533952944E-2,-1.311887151E-1
1.906325408E1,-2.807283318E-1,9.177957796E-2,-1.829587930E-1
1.907324808E1,5.173850298E-2,2.161781408E-1,-2.651162660E-1
1.908324308E1,2.784438246E-1,2.212575439E-1,-3.163121474E-1
1.909323808E1,4.184700215E-1,1.947369126E-1,-2.960503757E-1
1.910323208E1,4.351468652E-1,1.274117061E-1,-3.085487992E-1
1.911322708E1,2.661611634E-1,2.085204810E-2,-3.328527510E-1
1.912322108E1,1.189908385E-1,-3.042233214E-2,-2.599321246E-1
1.913321608E1,1.243118048E-3,-2.239746720E-2,-1.748715091E-1
1.914321108E1,-7.490926445E-2,2.411691405E-2,-1.902947098E-1
1.915320508E1,-1.332475197E-1,4.234239288E-2,-1.842820179E-1
1.916320008E1,-1.795995677E-1,2.979412191E-2,-1.643704945E-1
1.917319408E1,-1.618246168E-1,3.722958751E-2,-1.310682625E-1
1.918318908E1,-1.412137663E-1,2.206220247E-2,-9.942839384E-2
1.919318408E1,-1.285241389E-1,4.945019513E-2,-1.324628234E-1
1.920317808E1,-1.436608261E-1,1.086857057E-1,-2.449895650E-1
1.921317308E1,-1.451916271E-1,1.496506407E-1,-2.272625613E-1
1.922316708E1,-1.483666652E-1,1.817867187E-1,-1.761257368E-1
1.923316208E1,-1.553143269E-1,1.715135993E-1,-1.315646911E-1
1.924315708E1,-1.385719943E-1,1.438578042E-1,-7.356674373E-2
1.925315108E1,-2.113686597E-1,9.069601581E-2,-2.150605917E-2
1.926314608E1,-2.635743552E-1,6.293709040E-2,1.772875786E-3
1.927314108E1,-2.316093814E-1,8.720106192E-2,2.920450330E-2
1.928313508E1,-2.058003563E-1,7.478186823E-2,7.241425753E-2
1.929313008E1,-1.502640867E-1,6.507658660E-2,8.973721862E-2
1.930312408E1,-1.236703652E-1,3.348875821E-2,1.424685788E-1
1.931311908E1,-1.139704192E-1,1.802316517E-2,1.758667052E-1
1.932311408E1,-9.204686880E-2,-1.556916185E-2,1.437011719E-1
1.933310808E1,2.063482404E-2,-4.037326992E-2,3.853549004E-2
1.934310308E1,3.419100881E-2,-8.248520941E-2,-5.876334786E-2
1.935309708E1,-3.398811042E-1,-2.848331503E-1,1.906677622E-1
1.936309208E1,-7.183503234E-1,-4.981552186E-1,4.199540448E-1
1.937308708E1,-8.935212100E-1,-5.092132536E-1,5.044205832E-1
1.938308108E1,-9.654817235E-1,-3.897172887E-1,5.736902082E-1
1.939307608E1,-9.193957239E-1,-1.903127631E-1,3.881545472E-1
1.940307108E1,-7.387840033E-1,5.539761744E-2,1.502471298E-1
1.941306508E1,-3.988847727E-1,2.663101213E-1,-5.094912887E-2
1.942306008E1,1.666456461E-2,3.331158757E-1,-2.367841673E-1
1.943305408E1,3.330299217E-1,2.928110913E-1,-2.305972284E-1
1.944304908E1,5.015039921E-1,1.686572345E-1,-4.069662094E-3
1.945304408E1,4.733841473E-1,1.032951576E-1,1.858859092E-1
1.946303808E1,4.277653402E-1,-5.485930815E-3,2.552449965E-1
1.947303308E1,5.208688009E-1,-3.832849860E-4,3.409429586E-1
1.948302708E1,5.524747556E-1,2.103755102E-2,3.172196352E-1
1.949302208E1,3.658778250E-1,7.962738276E-2,-9.689421058E-3
1.950301708E1,1.404916352E-1,3.295892007E-1,-7.302809823E-1
1.951301108E1,-1.803842640E-1,4.142994218E-1,-1.194158142E0
1.952300608E1,-4.832004529E-1,2.072368710E-1,-1.202972819E0
1.953300108E1,-6.571422547E-1,-1.029359192E-1,-9.396183193E-1
1.954299508E1,-4.736051720E-1,-4.279199260E-1,-7.661694378E-1
1.955299008E1,-1.683577108E-1,-7.546856524E-1,6.679332912E-2
1.956298408E1,-8.388123214E-2,-9.545199484E-1,7.381209290E-1
1.957297908E1,-2.938372046E-1,-1.172693013E0,1.146403931E0
1.958297408E1,-1.021239603E-1,-1.073032338E0,1.389131209E0
1.959296808E1,2.694993389E-1,-8.154250668E-1,1.358209378E0
1.960296308E1,6.833652627E-1,-4.728883765E-1,1.102795397E0
1.961295708E1,1.056804707E0,-2.798951036E-1,7.671997172E-1
1.962295208E1,1.099580013E0,-3.963641842E-1,2.781368458E-1
1.963294708E1,7.823662251E-1,-6.077077009E-1,-5.616718411E-2
1.964294108E1,5.013870478E-1,-6.488476869E-1,-7.196811497E-2
1.965293608E1,3.456932366E-1,-5.715534894E-1,-3.264629138E-1
1.966293008E1,1.459061569E-1,-5.624384111E-1,-4.272344130E-1
1.967292508E1,3.136446476E-2,-5.257420897E-1,-4.373769933E-1
1.968292008E1,-1.721888065E-2,-4.761875948E-1,-4.347007227E-1
1.969291408E1,-4.002536058E-2,-4.231217739E-1,-4.167503554E-1
1.970290908E1,-1.188586915E-1,-4.022233135E-1,-3.940491253E-1
1.971290408E1,-1.133810198E-1,-2.888585928E-1,-3.273329794E-1
1.972289808E1,-4.642689228E-4,-1.522059470E-1,-3.100521183E-1
1.973289308E1,3.268242717E-2,-6.531471446E-2,-2.637959647E-1
1.974288708E1,-3.175038099E-3,3.516076952E-3,-1.310337639E-1
1.975288208E1,-7.955487728E-2,7.895648785E-2,-1.165256524E-1
1.976287708E1,-2.062125850E-1,1.289498893E-1,-1.369400364E-1
1.977287108E1,-3.063730502E-1,1.604130258E-1,-1.884358799E-1
1.978286608E1,-3.647434652E-1,1.988532063E-1,-1.949800837E-1
1.979286008E1,-4.201259530E-1,2.290146795E-1,-1.962384045E-1
1.980285508E1,-4.265245610E-1,3.046688792E-1,-2.059073603E-1
1.981285008E1,-4.330290037E-1,3.576428989E-1,-2.170749575E-1
1.982284408E1,-3.815606421E-1,4.239132676E-1,-2.262106472E-1
1.983283908E1,-3.023028034E-1,4.616381874E-1,-1.788370907E-1
1.984283308E1,-2.306054145E-1,4.810532092E-1,-1.164268345E-1
1.985282808E1,-2.022803324E-1,4.620771671E-1,5.151221573E-2
1.986282308E1,-1.977434778E-1,4.294309196E-1,2.064838958E-1
1.987281708E1,-5.494920909E-2,4.856662238E-1,2.137426293E-1
1.988281208E1,2.141612899E-1,5.236820425E-1,1.789458489E-1
1.989280708E1,1.265998203E-1,3.942400369E-1,7.516303360E-1
1.990280108E1,-7.985074639E-2,3.319448246E-1,9.718002248E-1
1.991279608E1,-2.278572232E-1,2.989140496E-1,1.053784035E0
1.992279008E1,-8.010276139E-2,3.880082206E-1,8.456067860E-1
1.993278508E1,-1.823027354E-1,3.507007921E-1,8.165075326E-1
1.994278008E1,-3.248765641E-1,3.566130580E-1,6.766228384E-1
1.995277408E1,-3.678003895E-1,4.155132307E-1,3.981749207E-1
1.996276929E1,-4.518400812E-1,4.530296972E-1,1.859063745E-1
1.997276329E1,-5.260851020E-1,4.372759826E-1,-4.264374375E-2
1.998275829E1,-5.102870947E-1,4.803747860E-1,-2.055419093E-1
1.999275329E1,-4.524014139E-1,4.831712899E-1,-2.215393066E-1
2.000274729E1,-4.580088937E-1,5.323038351E-1,-1.267325521E-1
2.001274229E1,-2.080269760E-1,5.818709745E-1,-1.111216557E-1
2.002273729E1,3.242631912E-2,5.750884236E-1,-6.411413491E-2
2.003273129E1,1.036816585E-1,4.897092810E-1,1.045224881E-1
2.004272629E1,4.901370049E-2,4.416809826E-1,1.950122434E-1
2.005272029E1,-1.191545606E-2,4.307652542E-1,1.764660448E-1
2.006271529E1,-8.676098585E-2,3.706623823E-1,1.839452183E-1
2.007271029E1,-1.618211085E-1,3.072624848E-1,1.883715606E-1
2.008270429E1,-2.425120997E-1,2.660787908E-1,1.479368949E-1
2.009269929E1,-3.841515434E-1,2.170280336E-1,1.944608510E-2
2.010269329E1,-5.271206439E-1,1.620487844E-1,-8.273166955E-2
2.011268829E1,-5.785662013E-1,1.440901579E-1,-2.410041028E-1
2.012268329E1,-5.196531647E-1,1.824322513E-1,-3.680564976E-1
2.013267729E1,-4.075000602E-1,2.287553555E-1,-4.321384728E-1
2.014267229E1,-2.333115059E-1,2.308462467E-1,-4.505034077E-1
2.015266729E1,-2.043601871E-2,2.294509549E-1,-4.544491088E-1
2.016266129E1,1.615439504E-1,2.172144136E-1,-3.401465678E-1
2.017265629E1,2.942020708E-1,2.042504787E-1,-2.420501697E-1
2.018265029E1,4.844371390E-1,1.850520232E-1,-1.643675709E-1
2.019264529E1,6.257152247E-1,1.361638916E-1,-7.918182492E-2
2.020264029E1,5.938233411E-1,1.602151707E-2,-3.742978156E-2
2.021263429E1,4.790886909E-1,-1.245449625E-1,-4.196897507E-2
2.022262929E1,3.256343633E-1,-2.851523352E-1,-5.961996496E-2
2.023262329E1,2.102050638E-1,-3.859176949E-1,-1.543629849E-1
2.024261829E1,1.412389094E-1,-4.065514956E-1,-2.222298628E-1
2.025261329E1,3.288298666E-2,-4.756756711E-1,-2.116347080E-1
2.026260729E1,1.446776569E-2,-5.645898941E-1,-2.044818091E-1
2.027260229E1,2.129029691E-2,-6.347994590E-1,-2.106769341E-1
2.028259729E1,8.790177763E-2,-7.747155820E-1,-1.713772130E-1
2.029259129E1,3.315353733E-1,-9.853980710E-1,-2.815492809E-1
2.030258629E1,4.774210650E-1,-9.889898694E-1,7.971801460E-2
2.031258029E1,2.994218802E-1,-1.175686495E0,6.574609280E-1
2.032257529E1,1.175904304E-1,-1.229150804E0,8.999361902E-1
2.033257029E1,-3.798936009E-3,-1.117491350E0,1.076496375E0
2.034256429E1,-5.168880165E-2,-7.758084266E-1,8.263168216E-1
2.035255929E1,5.768512130E-2,-3.824769008E-1,2.252739233E-1
2.036255329E1,2.749770105E-2,-2.727106297E-1,-1.680548251E-1
2.037254829E1,-5.905687809E-4,-1.884281324E-1,-1.641225725E-1
2.038254329E1,1.968886149E-1,-3.415884912E-2,-6.234125912E-2
2.039253729E1,3.799772161E-1,8.779557757E-2,1.493718016E-1
2.040253229E1,4.025883991E-1,1.546953991E-2,5.425070071E-1
2.041252729E1,4.424588084E-1,-9.984193817E-2,9.006214839E-1
2.042252129E1,4.726117301E-1,-1.878692847E-1,1.144951483E0
2.043251629E1,6.098990911E-1,-2.039418919E-1,1.040664053E0
2.044251029E1,5.921492833E-1,-1.323549423E-1,7.220738304E-1
2.045250529E1,4.919736153E-1,2.567490466E-2,2.193179494E-1
2.046250029E1,5.387320447E-1,9.002153948E-2,-3.010140771E-1
2.047249429E1,4.189360446E-1,1.433547243E-2,-7.141549462E-1
2.048248929E1,-1.776846045E-1,-3.824147741E-1,-1.844305372E-1
2.049248329E1,-6.829775923E-1,-8.236721259E-1,1.412459260E-1
2.050247829E1,-6.121625483E-1,-7.928052592E-1,9.126158774E-2
2.051247329E1,-6.283470565E-1,-7.281737919E-1,1.398911262E-1
2.052246729E1,-5.955909544E-1,-6.265716957E-1,1.027472734E-2
2.053246229E1,-5.306318969E-1,-5.507271691E-1,-1.736207896E-1
2.054245729E1,-5.425654793E-1,-4.732033221E-1,-3.720431292E-1
2.055245129E1,-6.013370132E-1,-3.282870989E-1,-5.805934310E-1
2.056244629E1,-6.430393553E-1,-1.661780150E-1,-8.431942248E-1
2.057244029E1,-5.997196734E-1,6.100005403E-2,-7.986828804E-1
2.058243529E1,-4.484679919E-1,1.812082829E-1,-9.078375328E-1
2.059243029E1,-5.591218704E-1,1.595952196E-1,-9.699139130E-1
2.060242429E1,-6.814029372E-1,2.129438996E-1,-9.696221370E-1
2.061241929E1,-6.965168202E-1,3.765384686E-1,-1.063657059E0
2.062241329E1,-6.954058492E-1,5.754247847E-1,-1.184036611E0
2.063240829E1,-5.921826124E-1,6.328374258E-1,-1.076198752E0
2.064240329E1,-3.352553719E-1,5.457089424E-1,-8.203023756E-1
2.065239729E1,-1.372645569E-1,4.228627422E-1,-1.494653571E-1
2.066239229E1,8.300707340E-2,3.806350279E-1,4.756745017E-1
2.067238729E1,1.592728919E-1,2.923771548E-1,9.947832906E-1
2.068238129E1,4.235746408E-1,3.340512840E-1,9.058149809E-1
2.069237629E1,6.709095240E-1,3.796142502E-1,1.183290507E0
2.070237029E1,8.675075322E-1,4.360416354E-1,1.145535620E0
2.071236529E1,1.000880767E0,4.763912241E-1,8.878230983E-1
2.072236029E1,9.749232227E-1,4.465074205E-1,6.091968405E-1
2.073235429E1,7.259511191E-1,3.918651903E-1,2.840372711E-1
2.074234929E1,2.534516555E-1,2.486421745E-1,1.255572617E-1
2.075234429E1,-2.134122616E-1,1.925268844E-1,1.718017209E-1
2.076233829E1,-4.787846357E-1,1.699427448E-1,-2.781695902E-2
2.077233329E1,-7.334776551E-1,3.925250486E-2,1.201485872E-2
2.078232729E1,-8.742277372E-1,-1.438932529E-1,2.451152802E-3
2.079232229E1,-8.836376613E-1,-2.253132458E-1,5.857097447E-2
2.080231729E1,-7.073265678E-1,-1.545221753E-1,1.034594643E-1
2.081231129E1,-5.845648599E-1,-2.041780463E-1,1.577567089E-1
2.082230629E1,-5.761781985E-1,-3.036500019E-1,5.955225420E-1
2.083230029E1,-3.276955068E-1,-2.135297906E-1,5.908108556E-1
2.084229529E1,6.782770157E-4,-4.904293656E-2,5.554498190E-1
2.085229029E1,1.652920157E-1,3.853117771E-2,3.117191595E-1
2.086228429E1,1.383784515E-1,3.636683084E-2,7.222246885E-2
2.087227929E1,9.748887241E-2,4.674110703E-2,-1.955460942E-1
2.088227429E1,5.257582426E-2,-1.808748454E-2,-3.336444640E-1
2.089226829E1,-8.058340251E-2,-6.603852667E-2,-1.961518657E-1
2.090226329E1,4.108546078E-2,-2.540059716E-2,-5.315832388E-1
2.091225729E1,5.711618721E-2,-5.938081384E-2,-5.330824649E-1
2.092225229E1,2.027405083E-2,-7.030589774E-2,-4.536176348E-1
2.093224729E1,-4.470313311E-2,-5.336030133E-2,-4.542713535E-1
2.094224129E1,-9.824140906E-2,-6.836834975E-2,-3.342999369E-1
2.095223629E1,-6.580047190E-2,-1.068741652E-1,-1.687868965E-1
2.096223029E1,-3.333029866E-2,-1.156396531E-1,-8.366897821E-2
2.097222529E1,-4.954404294E-2,-1.476696040E-1,-4.470781088E-2
2.098222029E1,-6.277044475E-2,-1.153210529E-1,-3.635213971E-3
2.099221429E1,-7.260136843E-2,-3.551540315E-2,-4.480195105E-2
2.100220929E1,-6.751721442E-2,9.873323299E-2,-1.291199702E-1
2.101220429E1,-4.129303694E-2,1.595425216E-1,-1.405319810E-1
2.102219829E1,-9.437406063E-3,1.679233358E-1,-2.885133147E-2
2.103219329E1,1.249649388E-1,1.618456668E-1,1.203807217E-1
2.104218729E1,2.503730965E-1,1.563335697E-1,2.229578412E-1
2.105218229E1,3.080599719E-1,1.809327328E-1,2.465548646E-1
2.106217729E1,3.327264512E-1,2.123901683E-1,2.404053479E-1
2.107217129E1,3.283205742E-1,2.261710323E-1,2.208183450E-1
2.108216629E1,2.961977255E-1,2.616330796E-1,1.391771811E-1
2.109216129E1,2.626697910E-1,2.601285911E-1,1.017912537E-1
2.110215529E1,2.628586560E-1,2.821326868E-1,1.166437662E-1
2.111215029E1,2.373221111E-1,3.075885402E-1,1.307150906E-1
2.112214429E1,2.137911612E-1,2.971765494E-1,1.844855011E-1
2.113213929E1,2.538960439E-1,2.363144897E-1,1.878991055E-1
2.114213429E1,1.771080691E-1,9.814390674E-2,3.593499935E-1
2.115212829E1,-5.413176835E-2,-9.289369181E-2,6.720930004E-1
2.116212329E1,-2.658021444E-1,-2.046183416E-1,9.297622526E-1
2.117211729E1,-3.243216634E-1,-1.707031752E-1,7.829661494E-1
2.118211229E1,-3.730804253E-1,-1.817023726E-1,8.412646437E-1
2.119210729E1,-4.852914172E-1,-1.709974363E-1,8.466329724E-1
2.120210129E1,-4.349305183E-1,-4.186606407E-2,5.989975423E-1
2.121209629E1,-3.791498351E-1,7.997119904E-2,3.732008779E-1
2.122209129E1,-3.160566241E-1,1.945681474E-1,2.288366318E-2
2.123208529E1,-2.454474020E-1,1.823924902E-1,-1.864361322E-1
2.124208029E1,-1.890866750E-1,1.065973726E-1,-3.291105330E-1
2.125207429E1,-1.396110445E-1,9.134768799E-2,-3.370773643E-1
2.126206929E1,-1.902508557E-2,1.143830864E-1,-2.574932510E-1
2.127206429E1,-8.273985565E-2,8.794197723E-2,-1.305823588E-1
2.128205829E1,7.699262738E-2,1.377959226E-1,-1.192323285E-1
2.129205329E1,4.290084583E-1,2.035775372E-1,-1.084167337E-1
2.130204829E1,5.484945560E-1,1.720728855E-1,9.424074411E-2
2.131204229E1,4.404999912E-1,9.553677946E-2,2.880338430E-1
2.132203729E1,3.613702065E-1,4.189339980E-2,4.938201660E-1
2.133203129E1,3.540500772E-1,2.710842267E-2,5.942899489E-1
2.134202629E1,2.054331511E-1,-4.476189762E-3,6.796148586E-1
2.135202129E1,3.430035174E-2,-4.597928792E-2,6.775741804E-1
2.136201529E1,-8.097750485E-2,-7.702507943E-2,5.251010156E-1
2.137201029E1,-1.285989833E-1,-9.005026393E-2,2.954317403E-1
2.138200429E1,-1.947654909E-1,-5.378554009E-2,1.340316314E-1
2.139199929E1,-2.238109499E-1,-4.231271826E-2,-3.364312470E-2
2.140199429E1,-1.642412710E-1,-3.564162992E-2,-1.916658819E-1
2.141198829E1,-3.057509065E-2,-3.037993982E-2,-2.243377841E-1
2.142198329E1,1.048435003E-1,-7.007851414E-2,-2.342330271E-1
2.143197829E1,1.342175728E-1,-1.257013225E-1,-2.879712778E-1
2.144197229E1,8.798948586E-2,-1.638968700E-1,-3.334211004E-1
2.145196729E1,-2.178789496E-2,-1.008868356E-1,-4.678877646E-1
2.146196129E1,-6.394748926E-2,-7.496305883E-2,-4.618809199E-1
2.147195629E1,-4.375062168E-2,-9.598935395E-2,-3.624700677E-1
2.148195129E1,-3.087505281E-2,-1.182444414E-1,-2.225672472E-1
2.149194529E1,-8.657036662E-2,-1.653952190E-1,-8.948111057E-2
2.150194029E1,-1.090137345E-1,-1.931746097E-1,-6.910824180E-3
2.151193529E1,-9.066984951E-2,-1.755994874E-1,3.002545238E-2
2.152192929E1,-5.218932331E-2,-1.151490717E-1,-4.262620211E-3
2.153192429E1,2.357188046E-2,-1.294398129E-2,-1.245088559E-1
2.154191829E1,7.331063569E-2,8.653952256E-2,-2.630258864E-1
2.155191329E1,5.279918790E-2,1.587972209E-1,-3.760262525E-1
2.156190829E1,-3.779523253E-2,1.810201487E-1,-4.428862399E-1
2.157190229E1,-1.394286114E-1,1.249396496E-1,-4.543672478E-1
2.158189729E1,-1.272073460E-1,5.715360940E-3,-2.564518619E-1
2.159189229E1,-7.181082487E-2,-9.493466243E-2,6.430884719E-2
2.160188629E1,-4.853890657E-2,-8.243097648E-2,2.993704247E-1
2.161188129E1,-4.026392698E-2,-2.218609035E-2,4.377412748E-1
2.162187529E1,-7.255283654E-2,2.306521922E-2,4.989300478E-1
2.163187029E1,-6.273126841E-2,5.889710292E-2,5.260359854E-1
2.164186529E1,-3.217956662E-2,7.392459333E-2,5.233889508E-1
2.165185929E1,-7.175118327E-3,6.046094075E-2,5.791795743E-1
2.166185429E1,1.163198304E-1,1.000014210E-1,5.438080126E-1
2.167184929E1,2.423179722E-1,1.783950412E-1,4.106049317E-1
2.168184329E1,1.757667178E-1,1.488103227E-1,1.887188852E-1
2.169183829E1,2.955182791E-2,6.730905354E-2,-8.186160386E-2
2.170183229E1,-3.990005475E-1,-1.464142799E-3,-2.164686012E-1
2.171182729E1,-8.128606242E-1,-1.605842762E-1,1.675490409E-1
2.172182229E1,-8.776238000E-1,-1.390016185E-1,2.287436610E-1
2.173181629E1,-9.768902260E-1,-5.663437665E-2,1.642471182E-1
2.174181129E1,-1.182176612E0,-2.904589757E-2,1.802462697E-1
2.175180529E1,-1.210578877E0,2.613910049E-2,1.959396118E-1
2.176180029E1,-9.563629907E-1,1.171843413E-1,3.153134429E-1
2.177179529E1,-6.164035338E-1,2.279896626E-1,4.427570164E-1
2.178178929E1,-3.014730835E-1,2.628886230E-1,5.563345027E-1
2.179178429E1,-4.943879306E-2,2.500267951E-1,6.066550559E-1
2.180177929E1,1.935597950E-1,2.290301746E-1,5.972129720E-1
2.181177329E1,3.084394562E-1,1.920534792E-1,5.044118124E-1
2.182176829E1,3.521912473E-1,1.699150436E-1,3.550587219E-1
2.183176229E1,3.675004274E-1,1.490871153E-1,2.093683273E-1
2.184175729E1,3.089294529E-1,1.291301297E-1,4.410671711E-2
2.185175229E1,1.818758887E-1,7.563556172E-2,-1.245801920E-1
2.186174629E1,2.827713490E-2,2.196945101E-2,-3.453049815E-1
2.187174129E1,-6.779437244E-2,3.885694072E-3,-4.842371643E-1
2.188173629E1,-1.064696109E-1,-1.265023179E-2,-5.998822260E-1
2.189173029E1,-1.385474360E-1,-4.790433750E-2,-5.940186381E-1
2.190172529E1,-1.258461142E-1,-8.760174237E-2,-5.318182969E-1
2.191171929E1,-7.040106118E-2,-6.609085925E-2,-4.885296053E-1
2.192171429E1,-2.518863559E-2,-5.175195158E-2,-4.085630840E-1
2.193170929E1,5.025681853E-3,-6.408022106E-2,-2.980179638E-1
2.194170329E1,3.251753569E-2,-1.083969263E-1,-2.165639108E-1
2.195169829E1,4.263380349E-2,-1.247333159E-1,-1.862133533E-1
2.196169367E1,6.888136983E-2,-8.203029603E-2,-1.884124911E-1
2.197168767E1,6.380891025E-2,-6.111020096E-2,-1.867530513E-1
2.198168267E1,2.868643999E-3,-5.603986099E-2,-1.702785212E-1
2.199167667E1,-3.435882390E-2,-4.316092998E-2,-1.246831030E-1
2.200167167E1,-3.954764307E-2,-3.140386038E-2,-1.124787945E-1
2.201166667E1,-2.575113773E-2,-5.942671448E-3,-8.851690471E-2
2.202166067E1,-1.633185804E-2,-2.821164608E-2,-5.725710511E-2
2.203165567E1,-5.513398111E-2,-8.448247209E-2,-3.888398409E-4
2.204165067E1,-2.935653090E-2,-8.718235083E-2,3.147907019E-2
2.205164467E1,-1.350180566E-2,-2.940659769E-2,6.449595809E-2
2.206163967E1,3.458101809E-2,3.335317589E-2,8.948695779E-2
2.207163367E1,1.955133498E-2,3.924651146E-3,1.043400550E-1
2.208162867E1,-3.320633769E-3,-4.170884706E-2,1.499600315E-1
2.209162367E1,-6.802650690E-3,-6.984404080E-2,1.442473018E-1
2.210161767E1,-2.404082716E-2,-5.378342047E-2,1.363208163E-1
2.211161267E1,-4.694027781E-2,-2.478883222E-2,1.059959865E-1
2.212160767E1,-7.284168899E-2,-4.235481821E-2,6.295287788E-2
2.213160167E1,-1.079279065E-1,-7.165097661E-2,6.019474626E-2
2.214159667E1,-1.295918405E-1,-9.009236388E-2,7.216107309E-2
2.215159067E1,-1.177962524E-1,-5.758403756E-2,8.590378404E-2
2.216158567E1,-5.765120745E-2,7.515353188E-3,7.547936797E-2
2.217158067E1,-5.264716029E-2,4.991870329E-2,5.975912869E-2
2.218157467E1,-3.621297598E-2,2.387352370E-2,4.941423476E-2
2.219156967E1,-1.443911433E-2,-2.590959728E-2,7.986711860E-2
2.220156467E1,-8.097224236E-3,-4.889741398E-2,1.076355457E-1
2.221155867E1,2.911328673E-3,-3.155362219E-2,1.179383397E-1
2.222155367E1,-2.734684289E-2,4.176008329E-3,8.348011315E-2
2.223154767E1,-4.803019881E-2,-6.531412974E-3,3.534992695E-2
2.224154267E1,-5.611397445E-2,-2.540147424E-2,1.889410794E-2
2.225153767E1,-9.099963248E-2,-4.256129801E-2,1.171489656E-2
2.226153167E1,-6.595717728E-2,-2.049112871E-2,4.183098078E-3
2.227152667E1,-7.893507242E-2,-1.397849992E-2,-6.961694956E-3
2.228152167E1,-1.037155724E-1,-2.823730074E-2,-2.503426909E-2
2.229151567E1,-9.563705921E-2,-3.740303054E-2,-1.185990751E-2
2.230151067E1,-7.177340269E-2,-3.011454932E-2,-3.034704924E-3
2.231150467E1,-5.453405678E-2,-6.539964527E-3,-4.841494560E-3
2.232149967E1,-5.182562649E-2,1.273165427E-2,4.272443533E-2
2.233149467E1,-4.779046297E-2,9.332521632E-3,2.973426104E-2
2.234148867E1,-4.125444531E-2,-1.022597618E-2,4.124742866E-2
2.235148367E1,6.601506472E-3,2.399960428E-2,2.841688335E-2
2.236147867E1,2.862855256E-2,5.664782524E-2,1.852573335E-2
2.237147267E1,2.274859250E-2,4.154439412E-2,1.118104577E-2
2.238146767E1,2.182122409E-2,2.173095770E-2,4.926279187E-3
2.239146167E1,4.328342915E-2,2.639557399E-2,-2.689251423E-2
2.240145667E1,4.699699581E-2,3.657104485E-2,-1.863916934E-2
2.241145167E1,3.035932839E-2,2.489013523E-2,-2.509332597E-2
2.242144567E1,4.418039203E-2,1.019045435E-2,-3.231288314E-2
2.243144067E1,-9.599373937E-3,-1.146346629E-2,2.827713490E-3
2.244143567E1,-1.314939398E-1,-3.249517009E-2,2.963135004E-2
2.245142967E1,-1.916150111E-1,-4.414223894E-2,6.156884193E-2
2.246142467E1,-1.689792699E-1,-2.873336390E-2,7.566355526E-2
2.247141867E1,-1.585653788E-1,-3.909726128E-2,9.754383624E-2
2.248141367E1,-1.603622282E-1,-3.238202646E-2,1.101556957E-1
2.249140867E1,-1.802252197E-1,6.490117013E-3,1.544302279E-1
2.250140267E1,-1.668567306E-1,3.134589985E-2,1.797504258E-1
2.251139767E1,-1.367318755E-1,3.783250853E-2,1.995602077E-1
2.252139267E1,-1.117648494E-1,4.765641555E-2,2.118288356E-1
2.253138667E1,-6.323295951E-2,8.100279406E-2,2.128117526E-1
2.254138167E1,-4.968846917E-2,1.167371754E-1,1.825986046E-1
2.255137567E1,-6.252720058E-2,1.104321228E-1,1.603610587E-1
2.256137067E1,-8.846544921E-2,1.074077967E-1,1.327025592E-1
2.257136567E1,-9.582066178E-2,9.104319423E-2,1.289661884E-1
2.258135967E1,-9.553765655E-2,1.109206577E-1,9.017751396E-2
2.259135467E1,-1.145533866E-1,7.254742786E-2,6.016200185E-2
2.260134967E1,-1.386070776E-1,5.457747236E-2,4.192745984E-2
2.261134367E1,-1.597716594E-1,3.202490777E-2,3.219359994E-2
2.262133867E1,-1.543828654E-1,1.373730227E-2,3.130891621E-2
2.263133267E1,-1.397426069E-1,2.298043460E-2,3.759935081E-2
2.264132767E1,-9.567740500E-2,6.728683412E-3,2.547339499E-2
2.265132267E1,-8.486765742E-2,-1.996137097E-2,1.496419430E-2
2.266131667E1,-5.387332141E-2,-1.455298886E-2,2.177503109E-2
2.267131167E1,-4.796646416E-2,-1.156740054E-2,2.272754252E-2
2.268130567E1,-2.977636099E-2,-1.577461839E-2,3.832908332E-2
2.269130067E1,1.056182563E-2,-9.706816524E-3,2.482493877E-2
2.270129567E1,8.147510290E-3,-1.738581866E-2,1.405378282E-2
2.271128967E1,3.293268800E-2,-1.084029928E-2,1.509517193E-2
2.272128467E1,4.193389177E-2,-2.398381680E-3,1.445665598E-2
2.273127967E1,3.374311209E-2,-1.090505719E-3,3.737189412E-2
2.274127367E1,-2.619552612E-3,-6.993269920E-4,2.267784119E-2
2.275126867E1,-2.801517963E-2,-9.826245904E-3,6.032280028E-2
2.276126367E1,-3.572356403E-2,-1.490952283E-2,7.626874208E-2
2.277125767E1,-5.354470789E-2,-4.563210949E-2,8.107398391E-2
2.278125267E1,-2.231180549E-2,-5.834775701E-2,8.410927355E-2
2.279124667E1,-3.033009231E-2,-2.747475073E-2,8.601195753E-2
2.280124167E1,-2.584118485E-2,-2.359059155E-2,8.863326430E-2
2.281123667E1,-3.508446336E-2,-2.672382206E-2,6.140278101E-2
2.282123067E1,-3.224388599E-2,-4.350701205E-2,5.231328428E-2
2.283122567E1,-3.944882512E-2,-4.052463971E-2,3.717074990E-2
2.284122067E1,-2.897353828E-2,-2.107066087E-2,3.085985005E-2
2.285121467E1,-3.053240597E-2,-3.030926161E-2,3.394484103E-2
2.286120967E1,-2.878818154E-2,-2.242502220E-2,1.662597299E-2
2.287120367E1,-4.445755005E-2,-2.350916907E-2,-5.204021931E-5
2.288119867E1,-5.484688282E-2,-2.306412287E-2,-3.291397691E-3
2.289119367E1,-8.596108675E-2,-6.795802139E-2,-8.057463169E-3
2.290118767E1,-5.646246850E-2,-3.797620386E-2,-3.613579273E-4
2.291118267E1,-5.018723667E-2,-1.360142760E-2,-1.627923310E-2
2.292117767E1,-4.754604936E-2,-1.253833070E-2,-1.229201674E-2
2.293117167E1,-5.475917459E-2,-8.627859056E-3,-4.622808695E-3
2.294116667E1,-3.591886103E-2,1.383619331E-2,1.471042514E-2
2.295116067E1,-2.877882600E-2,3.409343340E-2,2.179608107E-2
2.296115479E1,-5.328275263E-2,8.507552594E-3,3.630711615E-2
2.297114979E1,-8.604294777E-2,-2.707640916E-2,2.217030287E-2
2.298114379E1,-8.707556605E-2,-2.327995822E-2,4.382488132E-2
2.299113879E1,-1.267804992E-1,-3.642888442E-3,7.880058646E-2
2.300113379E1,-1.112397695E-1,1.277353495E-2,8.632127523E-2
2.301112779E1,-1.055375648E-1,2.766719721E-2,5.920364320E-2
2.302112279E1,-1.087681514E-1,1.779373504E-2,6.884745598E-2
2.303111679E1,-1.095826685E-1,-5.380754024E-3,1.079700065E-1
2.304111179E1,-7.623015046E-2,2.727360651E-3,1.554587531E-1
2.305110679E1,-6.551278889E-2,1.471831888E-2,1.800158894E-1
2.306110079E1,-7.357083678E-2,2.682731777E-2,2.082649577E-1
2.307109579E1,-7.080685794E-2,3.059555590E-4,2.072750241E-1
2.308109079E1,-7.282882512E-2,-3.226552069E-2,2.005209053E-1
2.309108479E1,-8.790762484E-2,-3.492987759E-2,2.140250498E-1
2.310107979E1,-6.478714943E-2,-4.648711860E-2,2.009407353E-1
2.311107379E1,-4.257767022E-2,-5.735029511E-2,2.240781677E-1
2.312106879E1,-2.735795259E-2,-4.926922381E-2,1.979551470E-1
2.313106379E1,8.320003152E-3,-4.026758149E-2,1.957238495E-1
2.314105779E1,1.189323664E-2,-4.928713091E-2,1.893340123E-1
2.315105279E1,-2.058044493E-2,-5.712386169E-2,1.446835041E-1
2.316104779E1,-4.014288962E-2,-4.880225055E-2,1.230260020E-1
2.317104179E1,-2.746846497E-2,-5.083342709E-2,1.143691993E-1
2.318103679E1,-1.007656521E-1,-7.279944286E-2,1.284510487E-1
2.319103079E1,-1.438286412E-1,-9.156871274E-2,5.580582619E-2
2.320102579E1,-1.306034088E-1,-8.643339559E-2,2.397358418E-3
2.321102079E1,-9.507865012E-2,-4.486597806E-2,-1.019421118E-1
2.322101479E1,-4.589771926E-2,5.624071285E-3,-1.514341146E-1
2.323100979E1,1.878125668E-3,-4.320069104E-3,-1.408535779E-1
2.324100479E1,4.370325923E-2,-8.787488043E-3,-1.358401752E-1
2.325099879E1,2.334676266E-2,2.375431359E-4,-1.378486937E-1
2.326099379E1,3.354781508E-2,3.659289882E-2,-1.504833573E-1
2.327098779E1,7.168277085E-2,4.199221775E-2,-1.859578300E-1
2.328098279E1,2.120843589E-2,2.480907820E-2,-1.333287960E-1
2.329097779E1,3.207724035E-2,7.097971626E-2,-1.042272037E-1
2.330097179E1,9.979033649E-2,1.119651166E-1,-2.064698625E-1
2.331096679E1,7.092555642E-2,1.106785829E-1,-2.951867419E-1
2.332096179E1,2.768656611E-2,7.062164739E-2,-3.000346684E-1
2.333095579E1,-2.535586596E-2,6.182129547E-2,-3.108853465E-1
2.334095079E1,-9.889512777E-2,2.817605115E-2,-2.607828945E-1
2.335094579E1,-1.412529427E-1,-2.923987895E-2,-1.915144390E-1
2.336093979E1,-1.774419451E-1,-1.101658552E-1,-1.284656668E-1
2.337093479E1,-1.787224853E-1,-1.618742450E-1,-5.167418361E-2
2.338092879E1,-1.772676980E-1,-1.639350962E-1,3.535109639E-2
2.339092379E1,-1.746908301E-1,-1.713982630E-1,7.346734107E-2
2.340091879E1,-2.148009753E-1,-1.653401090E-1,8.008288085E-2
2.341091279E1,-2.514963466E-1,-1.462577207E-1,8.772577643E-2
2.342090779E1,-2.466963673E-1,-1.291814391E-1,7.076651216E-2
2.343090279E1,-2.335231751E-1,-1.321220038E-1,4.466044843E-2
2.344089679E1,-1.608095402E-1,-1.374939139E-1,1.890989542E-2
2.345089179E1,-1.121934503E-1,-1.350683427E-1,-2.219369173E-2
2.346088579E1,-1.129360467E-1,-1.777730437E-1,-2.148968697E-2
2.347088079E1,-1.732974386E-1,-1.933735612E-1,3.446758211E-2
2.348087579E1,-1.852707821E-1,-1.906826726E-1,8.887416959E-2
2.349086979E1,-1.914594752E-1,-1.840628935E-1,1.296292627E-1
2.350086479E1,-2.662056023E-1,-1.181424075E-1,3.551832676E-2
2.351085979E1,-3.224686807E-1,-3.117735386E-2,-9.405421793E-2
2.352085379E1,-3.135043144E-1,-5.632403567E-3,-1.298210514E-1
2.353084879E1,-3.193638092E-1,-5.957749955E-2,-1.233575392E-1
2.354084279E1,-3.301870054E-1,-1.298747727E-1,6.557067633E-3
2.355083779E1,-2.991955930E-1,-1.397928929E-1,9.287132621E-2
2.356083279E1,-1.955069178E-1,-8.597460844E-2,1.824430686E-1
2.357082679E1,-6.903281271E-2,-6.832032949E-3,1.914238071E-1
2.358082179E1,-3.921142817E-3,3.876718596E-2,1.686401314E-1
2.359081679E1,6.004564226E-2,6.462057687E-2,1.444583863E-1
2.360081079E1,1.497086012E-1,1.032940612E-1,1.141417426E-1
2.361080579E1,2.193922091E-1,8.273386225E-2,1.301239371E-1
2.362079979E1,2.341038036E-1,4.047618091E-2,1.681659222E-1
2.363079479E1,1.821559703E-1,4.136824675E-2,1.796311426E-1
2.364078979E1,1.729892904E-1,6.368516855E-2,1.605277044E-1
2.365078379E1,1.370166349E-1,1.142328861E-1,1.266185313E-1
2.366077879E1,8.840054512E-2,1.520621055E-1,9.369929194E-2
2.367077379E1,3.922429204E-2,1.704315720E-1,3.737013996E-2
2.368076779E1,8.274862647E-2,2.160050632E-1,-2.579031408E-2
2.369076279E1,1.465283006E-1,2.762605474E-1,-7.900816262E-2
2.370075779E1,1.780465472E-1,3.248046434E-1,-8.900865555E-2
2.371075179E1,2.229560870E-1,3.445795613E-1,-2.922964633E-2
2.372074679E1,1.939591599E-1,3.020515924E-1,1.117069620E-1
2.373074079E1,1.179465258E-1,2.739332825E-1,2.149266905E-1
2.374073579E1,7.773054600E-2,2.027521297E-1,3.151427042E-1
2.375073079E1,9.906060398E-2,1.300181756E-1,3.814565617E-1
2.376072479E1,1.692575973E-1,9.810231842E-2,3.857700527E-1
2.377071979E1,2.395814753E-1,8.415736690E-2,2.955054152E-1
2.378071479E1,2.405719936E-1,7.739937432E-2,1.602967393E-1
2.379070879E1,2.147717392E-1,-4.160184301E-2,-4.254434109E-3
2.380070379E1,5.938373744E-2,-2.218142720E-1,4.115036488E-2
2.381069779E1,-1.752995253E-1,-2.410255913E-1,3.380000550E-1
2.382069279E1,-8.634174049E-2,-1.685322502E-1,3.052351820E-1
2.383068779E1,2.065119624E-2,-1.783295524E-1,1.780167264E-1
2.384068179E1,-1.793545693E-1,-2.619819392E-1,1.923424047E-1
2.385067679E1,-3.449529791E-1,-2.566570991E-1,5.665133357E-2
2.386067179E1,-3.339999747E-1,-1.138987177E-1,-1.083816504E-1
2.387066579E1,-2.970116580E-1,1.597166955E-3,-1.834686702E-1
2.388066079E1,-3.518667269E-1,5.766597167E-2,-4.792085588E-2
2.389065579E1,-2.875169492E-1,1.647797996E-1,-4.960017622E-2
2.390064979E1,-2.171433699E-1,1.969029406E-1,1.506710529E-2
2.391064479E1,-3.825160772E-1,4.763711974E-2,3.077424681E-1
2.392063879E1,-5.728312522E-1,-8.526738770E-2,4.543824506E-1
2.393063379E1,-5.867037714E-1,-7.338292189E-2,5.078821349E-1
2.394062879E1,-4.837056524E-1,5.615812093E-2,3.526829982E-1
2.395062279E1,-4.206861162E-1,2.856489100E-2,1.785611022E-1
2.396061804E1,-4.584667307E-1,-4.939764328E-2,2.483008432E-1
2.397061304E1,-4.362315238E-1,-7.265011959E-2,3.046609855E-1
2.398060704E1,-1.776132685E-1,1.386023998E-2,2.339739954E-1
2.399060204E1,-1.986766934E-2,7.029720001E-2,1.318383408E-1
2.400059604E1,-2.531025767E-2,1.127385570E-1,2.348651111E-2
2.401059104E1,1.454869115E-1,2.098779121E-1,-1.826915753E-1
2.402058604E1,2.922017384E-1,2.434934818E-1,-4.559214377E-1
2.403058004E1,2.064178222E-1,9.621359468E-2,-6.249223423E-1
2.404057504E1,6.589168847E-2,-3.051548559E-2,-4.444363368E-1
2.405057004E1,4.733788848E-2,-3.988484468E-2,-5.206623942E-1
2.406056404E1,3.623811901E-2,-1.121053036E-1,-4.188401502E-1
2.407055904E1,7.284110427E-2,-8.670361005E-2,-3.511831874E-1
2.408055304E1,5.186129451E-2,-6.717979353E-2,-3.491214591E-1
2.409054804E1,7.786737084E-3,-8.959805489E-2,-2.991330278E-1
2.410054304E1,-1.614825547E-2,-6.690957908E-2,-3.122027242E-1
2.411053704E1,-7.582084537E-2,2.161470775E-2,-4.850072426E-1
2.412053204E1,-2.948756701E-1,1.147256967E-1,-6.752007955E-1
2.413052704E1,-4.490269858E-1,1.094945218E-1,-6.802253079E-1
2.414052104E1,-3.793194044E-1,2.138611816E-2,-4.117837304E-1
2.415051604E1,-1.648178065E-1,-1.049422451E-1,-1.636284828E-2
2.416051004E1,4.235839963E-2,-2.252836443E-1,3.375270152E-1
2.417050504E1,2.441311938E-1,-2.623123799E-1,5.452078360E-1
2.418050004E1,4.742863727E-1,-2.796440388E-1,5.347068214E-1
2.419049404E1,5.302448112E-1,-4.299794615E-1,4.028585404E-1
2.420048904E1,3.742855364E-1,-6.837839234E-1,6.814310038E-1
2.421048404E1,1.697049093E-1,-9.422094398E-1,9.896622992E-1
2.422047804E1,1.916834235E-2,-1.060941247E0,1.247139763E0
2.423047304E1,5.113916337E-2,-1.006108909E0,1.338976716E0
2.424046804E1,1.546799040E-1,-8.779521212E-1,1.210288855E0
2.425046204E1,2.555455434E-1,-8.065434386E-1,9.067756784E-1
2.426045704E1,4.571493530E-1,-7.100928855E-1,5.019425333E-1
2.427045104E1,7.675546432E-1,-6.639701946E-1,2.153646469E-1
2.428044604E1,9.501374602E-1,-7.117048167E-1,6.712662041E-2
2.429044104E1,8.304864711E-1,-8.910621634E-1,2.115370595E-1
2.430043504E1,7.764178526E-1,-1.018914750E0,2.906966650E-1
2.431043004E1,7.549544781E-1,-9.905580195E-1,2.992376930E-1
2.432042504E1,5.856501031E-1,-1.024682443E0,4.346124297E-1
2.433041904E1,3.557849461E-1,-1.089177013E0,5.703128564E-1
2.434041404E1,2.438405871E-1,-1.135778590E0,5.955728281E-1
2.435040804E1,2.514139009E-1,-1.151703848E0,6.374201810E-1
2.436040304E1,2.902587086E-1,-1.158590698E0,7.286484396E-1
2.437039804E1,3.174751586E-1,-1.178426135E0,8.411985701E-1
2.438039204E1,4.449298418E-1,-1.160618366E0,9.204113853E-1
2.439038704E1,5.505252939E-1,-1.128322733E0,9.289255160E-1
2.440038204E1,6.433527660E-1,-1.126512142E0,9.023657084E-1
2.441037604E1,6.935657305E-1,-1.156004109E0,9.147922111E-1
2.442037104E1,7.203155726E-1,-1.167238438E0,8.913589096E-1
2.443036504E1,7.784468365E-1,-1.160346544E0,8.025800496E-1
2.444036004E1,8.165712672E-1,-1.082618191E0,6.307584482E-1
2.445035504E1,7.954546326E-1,-9.358582672E-1,4.467904258E-1
2.446034904E1,6.826969260E-1,-8.308487061E-1,3.178406096E-1
2.447034404E1,5.698193514E-1,-7.901937465E-1,2.203944218E-1
2.448033904E1,5.527244318E-1,-7.737698679E-1,1.591208643E-1
2.449033304E1,5.398254740E-1,-7.153700707E-1,4.107025802E-2
2.450032804E1,5.639738899E-1,-6.240217980E-1,-4.988259673E-2
2.451032304E1,5.961628121E-1,-5.072432901E-1,-1.352601314E-1
2.452031704E1,6.461986059E-1,-3.935952352E-1,-1.636904633E-1
2.453031204E1,6.689290720E-1,-3.048596446E-1,-2.266655606E-1
2.454030604E1,6.811684638E-1,-2.450724310E-1,-2.562220663E-1
2.455030104E1,6.838587677E-1,-2.332095451E-1,-2.098559850E-1
2.456029604E1,5.793374491E-1,-2.505382803E-1,-1.757515150E-1
2.457029004E1,3.800093758E-1,-3.012762699E-1,-1.820729399E-1
2.458028504E1,2.296540725E-1,-2.712359985E-1,-3.120623910E-1
2.459028004E1,7.280368209E-2,-1.671199466E-1,-5.203998542E-1
2.460027404E1,-1.224979985E-1,-9.043660043E-2,-6.401952696E-1
2.461026904E1,-3.850052369E-1,-4.331588119E-2,-7.768271577E-1
2.462026404E1,-5.629096967E-1,1.623335073E-2,-9.089777398E-1
2.463025804E1,-7.238519686E-1,9.196290644E-2,-9.852979374E-1
2.464025304E1,-8.214911145E-1,1.702698417E-1,-1.039693415E0
2.465024704E1,-9.347914428E-1,2.557083701E-1,-9.920503020E-1
2.466024204E1,-1.041795489E0,3.179181217E-1,-8.998537445E-1
2.467023704E1,-1.004167487E0,4.141026630E-1,-8.422095537E-1
2.468023104E1,-9.035486001E-1,5.654669034E-1,-8.443402791E-1
2.469022604E1,-7.696783519E-1,6.837257436E-1,-9.052928245E-1
2.470022104E1,-6.568849772E-1,7.390064898E-1,-8.976739025E-1
2.471021504E1,-5.607403797E-1,7.563676771E-1,-8.707199925E-1
2.472021004E1,-5.043860847E-1,7.989587228E-1,-8.510025966E-1
2.473020404E1,-5.855395907E-1,8.761388996E-1,-8.689751834E-1
2.474019904E1,-6.773040390E-1,1.004944070E0,-8.644254649E-1
2.475019404E1,-6.826963413E-1,1.134738590E0,-8.260414177E-1
2.476018804E1,-6.343954164E-1,1.209972740E0,-9.047344154E-1
2.477018304E1,-6.152247351E-1,1.239252453E0,-9.514951837E-1
2.478017804E1,-6.287896907E-1,1.122065481E0,-6.659124935E-1
2.479017204E1,-4.448573363E-1,9.877365918E-1,-5.325070989E-1
2.480016704E1,-2.960930604E-1,9.102315290E-1,-5.623015863E-1
2.481016204E1,-3.135961157E-1,9.673887198E-1,-6.832997739E-1
2.482015604E1,-3.300794166E-1,1.033461599E0,-6.831869227E-1
2.483015104E1,-3.075126725E-1,1.143241611E0,-7.262604368E-1
2.484014504E1,-3.753608394E-1,1.115104371E0,-6.246580482E-1
2.485014004E1,-4.233974701E-1,1.003844575E0,-3.627437174E-1
2.486013504E1,-4.010856646E-1,8.932059719E-1,-1.114005679E-1
2.487012904E1,-3.541079646E-1,8.902444303E-1,6.728741884E-2
2.488012404E1,-3.424000847E-1,8.463792032E-1,1.047435129E-1
2.489011904E1,-3.501154858E-1,7.608573885E-1,9.255440712E-2
2.490011304E1,-1.812402964E-1,6.520695028E-1,1.762765950E-1
2.491010804E1,-2.453421521E-1,5.064026066E-1,-4.444877923E-2
2.492010304E1,-4.872391248E-1,2.771796566E-1,7.039287508E-2
2.493009704E1,-6.194680595E-1,1.517019901E-1,6.615832150E-2
2.494009204E1,-5.271329230E-1,1.465628358E-1,-2.712347925E-2
2.495008604E1,-3.967224723E-1,1.833316992E-1,-9.725206017E-2
2.496008104E1,-2.894962317E-1,1.914297640E-1,-1.673549134E-1
2.497007542E1,-1.600552493E-1,1.818425230E-1,-2.234338045E-1
2.498006942E1,-8.973137140E-3,1.601609743E-1,-2.583136153E-1
2.499006442E1,5.563099444E-2,1.246231325E-1,-2.878204197E-1
2.500005942E1,9.903487623E-2,7.248986933E-2,-3.290590775E-1
2.501005342E1,1.564481020E-1,1.060896881E-2,-3.580916727E-1
2.502004842E1,7.860178113E-2,-1.047330610E-1,-3.530513728E-1
2.503004242E1,1.876371503E-3,-1.740229684E-1,-3.373668015E-1
2.504003742E1,-1.862186158E-1,-3.817900722E-1,-6.001231313E-2
2.505003242E1,-1.150804546E0,-1.550130345E0,6.329067153E-1
2.506002642E1,-2.324432529E0,-1.914993970E0,1.444406108E0
2.507002142E1,-2.327315791E0,-1.267943425E0,1.655171919E0
2.508001642E1,-1.291113748E0,-3.989790590E-1,6.802679926E-1
2.509001042E1,-1.006773591E-2,4.219461912E-1,-2.642707586E-1
2.510000542E1,5.810875207E-1,5.875037070E-1,-4.973472065E-1
2.511000042E1,4.525990498E-1,2.088346227E-1,-2.150594223E-1
2.511999442E1,1.189253497E-1,-1.408951662E-1,2.289126456E-1
2.512998942E1,-2.169001257E-1,-3.543397336E-1,3.998688591E-1
2.513998342E1,-9.785432339E-2,-1.273840781E-1,4.003442377E-1
2.514997842E1,-7.693532467E-2,4.488834366E-3,2.369326866E-1
2.515997342E1,-2.645221889E-2,3.179514874E-2,3.876060784E-2
2.516996742E1,1.956232774E-1,2.534686490E-1,1.746569163E-1
2.517996242E1,-9.025177360E-2,-9.846698368E-2,1.507382959E-1
2.518995742E1,1.118057799E-1,2.392881095E-1,2.108014798E-1
2.519995142E1,-5.412358224E-2,1.786667540E-1,2.761733508E-1
2.520994642E1,-2.506104934E-1,-6.030264566E-2,1.283650947E-1
2.521994142E1,-3.536460346E-1,-5.608908724E-2,4.366993010E-2
2.522993542E1,-3.875458521E-1,2.764280336E-2,-2.011676073E-2
2.523993042E1,-3.783516902E-1,1.468319904E-2,-8.150024593E-2
2.524992442E1,-2.847740203E-1,-9.371679705E-3,-7.618688107E-2
2.525991942E1,-2.321052253E-1,-6.283564121E-3,-6.000997424E-3
2.526991442E1,-2.030685371E-1,-4.229188755E-2,7.557233870E-2
2.527990842E1,-1.087400848E-1,-9.307150198E-3,9.604694903E-2
2.528990342E1,-5.304009318E-3,-5.303079246E-2,1.051042861E-1
2.529989842E1,-6.600687861E-2,-6.540604066E-3,1.284574807E-1
2.530989242E1,-5.950360537E-2,-8.326736586E-2,2.103798956E-1
2.531988742E1,-2.605168462E-2,-8.114884654E-2,2.396709377E-1
2.532988242E1,-4.740279257E-2,-6.096681627E-2,2.607507348E-1
2.533987642E1,-1.216864049E-2,-1.253789673E-2,2.675101161E-1
2.534987142E1,-2.242114842E-2,-4.267212559E-2,2.537580496E-1
2.535986542E1,-4.953761101E-2,-3.783824326E-3,2.318906325E-1
2.536986042E1,-2.614290118E-2,-1.162286801E-2,1.923383117E-1
2.537985542E1,-5.043574333E-2,-1.965514818E-2,1.778249377E-1
2.538984942E1,-2.503602326E-2,2.894305510E-3,2.193939632E-1
2.539984442E1,2.003548443E-2,1.261540888E-2,2.333968753E-1
2.540983942E1,-1.897070646E-2,-5.778452396E-2,2.173491919E-1
2.541983342E1,6.598582864E-3,-4.089791134E-2,1.771057302E-1
2.542982842E1,5.002059102E-2,-3.127550029E-2,1.345801002E-1
2.543982242E1,1.334159195E-2,-4.152231631E-2,1.078133011E-1
2.544981742E1,3.832849860E-3,-2.294446965E-2,1.149866652E-1
2.545981242E1,-2.062488377E-2,-4.934052330E-2,9.704682291E-2
2.546980642E1,-3.595862210E-2,-7.435360537E-2,7.190087199E-2
2.547980142E1,-7.850530207E-2,-4.302804287E-2,1.834330022E-2
2.548979642E1,-1.234411544E-1,-4.226377524E-2,9.656091928E-3
2.549979042E1,-1.746311885E-1,-3.877804899E-2,-2.971671939E-2
2.550978542E1,-1.995099217E-1,-2.056865000E-2,-6.458483577E-2
2.551978042E1,-2.288781470E-1,-2.870308628E-2,-7.986711860E-2
2.552977442E1,-2.003022194E-1,-2.113181910E-2,-7.887776971E-2
2.553976942E1,-1.767718542E-1,2.462573145E-3,-4.613453150E-2
2.554976342E1,-1.691348058E-1,1.062689418E-2,-1.075829208E-2
2.555975842E1,-1.974692434E-1,1.756668035E-2,5.425631404E-3
2.556975342E1,-2.381331199E-1,2.801514309E-2,1.888650656E-4
2.557974742E1,-2.071493089E-1,4.763333732E-2,-5.602568150E-2
2.558974242E1,-2.208417338E-1,5.434575817E-2,-4.879267573E-2
2.559973742E1,-2.198137933E-1,8.432145439E-2,1.689377546E-2
2.560973142E1,-1.579449892E-1,9.965058804E-2,1.728132892E-1
2.561972642E1,-7.191373587E-2,8.052354164E-2,2.452100050E-1
2.562972042E1,-8.892620981E-2,3.427630506E-2,1.271506280E-1
2.563971542E1,-1.257344323E-1,-2.583637917E-2,1.165040177E-1
2.564971042E1,-1.777495086E-2,-6.984561224E-2,1.669116944E-1
2.565970442E1,1.286855221E-1,-9.598655825E-2,2.260533571E-1
2.566969942E1,2.280063272E-1,-1.021539821E-1,3.191088706E-1
2.567969442E1,2.215176719E-1,-9.595748663E-2,3.359406656E-1
2.568968842E1,1.171904808E-1,-1.026769241E-1,2.372110140E-1
2.569968342E1,7.647514880E-2,-7.451046607E-2,1.967968136E-1
2.570967842E1,-1.778723001E-3,-4.356045926E-2,1.485362345E-1
2.571967242E1,-5.786696970E-2,-3.503587665E-2,6.180273056E-2
2.572966742E1,-1.016544288E-1,-2.594818890E-2,-1.882628024E-2
2.573966242E1,-1.358758432E-1,-1.958506610E-3,-2.619786501E-2
2.574965642E1,-1.489502174E-1,1.616508448E-2,-2.122363865E-2
2.575965142E1,-1.573620218E-1,2.816785592E-2,-6.765228510E-3
2.576964542E1,-1.387076497E-1,3.757734152E-2,4.219877064E-2
2.577964042E1,-1.266945451E-1,2.341069831E-2,3.425006568E-2
2.578963542E1,-1.240925342E-1,3.527174785E-2,2.557981431E-2
2.579962942E1,-8.486181021E-2,1.678900067E-2,3.008977175E-3
2.580962442E1,-9.036345541E-2,-1.512290966E-3,2.242290258E-2
2.581961942E1,-9.180479407E-2,-2.861476592E-2,2.468168199E-2
2.582961342E1,-6.615364373E-2,-6.575109947E-2,6.666995287E-3
2.583960842E1,-7.448007882E-2,-5.645738874E-2,1.296912432E-3
2.584960242E1,-1.308758891E-1,-3.255574359E-2,1.271184683E-2
2.585959742E1,-1.168840867E-1,-2.496542727E-2,1.859414577E-4
2.586959242E1,-1.193270534E-1,-2.802162984E-2,1.305332422E-2
2.587958642E1,-1.277786189E-1,-2.430585220E-2,2.315672815E-2
2.588958142E1,-9.885653615E-2,-7.107336307E-3,2.634696901E-2
2.589957642E1,-5.490243137E-2,-2.221592942E-2,4.856814265E-2
2.590957042E1,-2.213521957E-2,-4.680043800E-2,7.303932488E-2
2.591956542E1,-2.325963914E-2,-3.943499280E-2,8.734863102E-2
2.592956042E1,9.419864416E-4,-3.338796683E-2,1.186604708E-1
2.593955442E1,-1.383451223E-2,-3.502257423E-2,1.268670380E-1
2.594954942E1,-5.489366055E-3,-4.367234208E-2,9.891149998E-2
2.595954342E1,-2.210481405E-2,-4.352105451E-2,9.827532291E-2
2.596953917E1,-3.546804070E-2,-1.586331334E-2,9.572008967E-2
2.597953417E1,-9.126451135E-2,-2.292428305E-3,5.726002872E-2
2.598952817E1,-9.581539929E-2,-7.905335063E-3,1.151492178E-2
2.599952317E1,-8.980621576E-2,6.963229850E-3,4.048553646E-2
2.600951817E1,-9.093005061E-2,-2.311642804E-2,2.580083907E-2
2.601951217E1,-8.759304464E-2,-1.853478740E-2,4.871666193E-2
2.602950717E1,-4.309164047E-2,-4.231730467E-3,7.217042863E-2
2.603950217E1,-3.183458090E-2,1.236459531E-2,7.578868568E-2
2.604949617E1,-4.954345822E-2,1.789111859E-2,9.526985407E-2
2.605949117E1,-6.982218683E-2,-7.324213190E-3,9.228952825E-2
2.606948517E1,-5.752958536E-2,-5.186259186E-2,6.296574175E-2
2.607948017E1,-6.977131605E-2,-5.295911838E-2,4.511653125E-2
2.608947517E1,-4.674147248E-2,-5.077848153E-2,3.353378177E-2
2.609946917E1,-4.087262213E-2,-7.144245942E-2,2.314035594E-2
2.610946417E1,-3.947806120E-2,-7.377326008E-2,4.178829610E-2
2.611945917E1,-3.753386199E-2,-6.620479773E-2,5.182971954E-2
2.612945317E1,-6.521750450E-2,-4.974985580E-2,6.406852663E-2
2.613944817E1,-7.301535130E-2,-5.371306202E-2,8.929926217E-2
2.614944317E1,-6.595542312E-2,-2.930354051E-2,7.365854502E-2
2.615943717E1,-4.913590729E-2,9.028100967E-4,7.544194579E-2
2.616943217E1,-8.323160648E-2,-1.717333633E-2,1.080466050E-1
2.617942617E1,-3.871967733E-2,-1.859293065E-2,1.120338213E-1
2.618942117E1,-3.688832939E-2,-1.061242232E-3,1.163028735E-1
2.619941617E1,-5.732083976E-2,-1.602505281E-2,1.223524028E-1
2.620941017E1,-5.693375409E-2,-1.574520872E-2,9.764148474E-2
2.621940517E1,-4.548841417E-2,7.471827976E-4,7.690141082E-2
2.622940017E1,-5.523396850E-2,1.052361773E-3,7.890349746E-2
2.623939417E1,-8.423615813E-2,3.878348507E-5,7.549281657E-2
2.624938917E1,-8.516528070E-2,-9.399755476E-3,6.963624537E-2
2.625938417E1,-7.868715048E-2,3.670397764E-3,4.783841014E-2
2.626937817E1,-7.561151505E-2,-3.493751552E-2,5.550878763E-2
2.627937317E1,-6.861649096E-2,-3.112268239E-2,6.376213253E-2
2.628936717E1,-4.203680277E-2,-3.803192600E-2,3.818524182E-2
2.629936217E1,-3.075050712E-2,-4.277746683E-2,5.863412440E-2
2.630935717E1,-1.391520381E-2,-4.298035151E-2,5.898905039E-2
2.631935117E1,-8.454489112E-3,-3.625088238E-2,3.392671466E-2
2.632934617E1,-3.406003118E-3,-2.556869547E-2,4.613570094E-2
2.633934117E1,-2.738777339E-2,-1.151913361E-2,4.513641179E-2
2.634933517E1,-4.988084257E-2,-3.051042410E-2,3.171588242E-2
2.635933017E1,-9.467694640E-2,-3.304395412E-2,2.548918247E-2
2.636932517E1,-1.046031797E-1,-4.431334766E-2,2.650835216E-2
2.637931917E1,-1.206409228E-1,-4.521089526E-2,1.950046420E-3
2.638931417E1,-1.129664522E-1,-3.312372750E-2,1.554774642E-3
2.639930917E1,-9.283799708E-2,-3.445847781E-2,1.427305341E-2
2.640930317E1,-1.029063177E-1,-3.488849941E-2,1.251596510E-2
2.641929817E1,-9.082070768E-2,-3.293827940E-2,3.283211589E-2
2.642929217E1,-5.282433093E-2,-1.664753459E-2,5.759507418E-2
2.643928717E1,-5.875399232E-2,-7.009495944E-3,5.157945871E-2
2.644928217E1,-5.998132288E-2,-1.997774318E-3,5.195660412E-2
2.645927617E1,-6.194598734E-2,-1.408712565E-2,6.314174294E-2
2.646927117E1,-5.936561108E-2,-9.532395909E-3,6.131507277E-2
2.647926617E1,-5.893467128E-2,-1.331346593E-2,6.951403856E-2
2.648926017E1,-4.418390036E-2,-3.178631396E-2,7.202892601E-2
2.649925517E1,-2.485359013E-2,-2.572488008E-2,6.067772627E-2
2.650925017E1,-3.262044668E-2,-3.413228540E-2,8.815963984E-2
2.651924417E1,-3.126623154E-2,-3.673674489E-2,1.026794457E-1
2.652923917E1,-4.277004361E-2,-2.128862954E-2,9.215562701E-2
2.653923317E1,-8.087108552E-2,-1.458736409E-2,8.761935711E-2
2.654922817E1,-7.118692696E-2,-3.004751648E-3,5.454282761E-2
2.655922317E1,-7.218621612E-2,-2.331810216E-3,6.702838719E-2
2.656921717E1,-8.625286281E-2,7.691212767E-3,5.360727310E-2
2.657921217E1,-8.704282165E-2,1.502264361E-2,6.375687003E-2
2.658920717E1,-6.173080981E-2,1.706633228E-2,5.781609893E-2
2.659920117E1,-5.702087760E-2,6.603132728E-3,7.837607861E-2
2.660919617E1,-4.629942298E-2,-3.239958182E-2,7.945313573E-2
2.661919117E1,-7.451633155E-2,-1.341142050E-2,6.944328725E-2
2.662918517E1,-5.602802038E-2,-1.190328197E-2,5.809968889E-2
2.663918017E1,-6.504325747E-2,-1.621601922E-2,6.350368559E-2
2.664917417E1,-9.479155183E-2,-1.852356805E-3,5.412767529E-2
2.665916917E1,-6.375862420E-2,1.257739741E-2,8.211186469E-2
2.666916417E1,9.412263036E-3,5.351931362E-2,1.470545501E-1
2.667915817E1,6.281137526E-2,3.223333360E-2,2.039467889E-1
2.668915317E1,5.765413105E-2,-3.756144441E-2,1.988766682E-1
2.669914817E1,2.664810061E-2,-5.228947515E-2,1.519480848E-1
2.670914217E1,-1.789891183E-2,-5.429201860E-2,1.453728908E-1
2.671913717E1,-3.699650288E-2,-3.751129996E-2,8.694692731E-2
2.672913217E1,-6.277278364E-2,-3.467058556E-2,7.327613711E-2
2.673912617E1,-1.102328789E-1,-2.927876065E-2,7.000578940E-2
2.674912117E1,-1.167355675E-1,-1.772675473E-2,3.412142694E-2
2.675911517E1,-8.975183666E-2,-2.619863474E-2,4.170351148E-2
2.676911017E1,-5.703783453E-2,-3.287936413E-2,6.282657802E-2
2.677910517E1,-3.260056615E-2,-4.940386965E-2,4.506975353E-2
2.678909917E1,-4.154914498E-2,-5.540804650E-2,4.531124353E-2
2.679909417E1,-3.665911853E-2,-5.959477168E-2,1.055796647E-1
2.680908917E1,-7.705460787E-3,-4.911539636E-2,1.194399047E-1
2.681908317E1,-4.917391419E-2,-2.652467411E-2,6.398374200E-2
2.682907817E1,-9.419455111E-2,-4.366128490E-3,1.305449367E-2
2.683907317E1,-1.819787997E-1,2.082433549E-2,-1.074829334E-1
2.684906717E1,-2.791256100E-1,-4.938152918E-3,-2.090321124E-1
2.685906217E1,-3.129751414E-1,-1.451405348E-2,-1.464739215E-1
2.686905617E1,-1.994713300E-1,-5.303719813E-3,-5.776055038E-2
2.687905117E1,-7.927947342E-2,2.208147030E-3,-1.459991276E-2
2.688904617E1,-4.238295794E-2,-2.563661910E-2,-1.309776306E-4
2.689904017E1,-6.162497520E-2,-3.455410719E-2,4.829390824E-2
2.690903517E1,-2.495065391E-2,-2.743494455E-3,9.588030338E-2
2.691903017E1,3.336421251E-3,2.091247313E-2,9.861329198E-2
2.692902417E1,-5.394056439E-3,1.289810834E-3,8.993953228E-2
2.693901917E1,-5.807103753E-2,-1.237583749E-2,7.546065688E-2
2.694901417E1,-8.351578116E-2,-1.295819276E-2,5.983163416E-2
2.695900817E1,-1.000306571E-1,-2.045009000E-3,4.528083801E-2
2.696900308E1,-1.082980353E-1,-2.118095398E-2,1.985129714E-2
2.697899708E1,-1.331194657E-1,-2.801745000E-2,2.777661324E-2
2.698899208E1,-1.130968451E-1,-2.763955085E-2,3.603755951E-2
2.699898708E1,-5.851016343E-2,-4.494067624E-2,3.341917634E-2
2.700898108E1,-4.208124161E-2,-4.563503767E-2,5.244660079E-2
2.701897608E1,-5.526028097E-2,-5.022253009E-2,6.239271462E-2
2.702897108E1,-5.862242997E-2,-3.997061603E-2,6.088588715E-2
2.703896508E1,-6.277044475E-2,-2.365718814E-2,7.618863523E-2
2.704896008E1,-6.719035506E-2,-2.834626223E-2,8.069274545E-2
2.705895508E1,-4.913064480E-2,-2.645299490E-3,7.146934748E-2
2.706894908E1,-4.236483157E-2,-2.053587133E-2,4.813837230E-2
2.707894408E1,-3.165214777E-2,-2.085807119E-2,3.678717256E-2
2.708893808E1,-6.415506542E-2,-3.143079868E-2,4.452011526E-2
2.709893308E1,-7.718675494E-2,-3.756720711E-2,3.304495454E-2
2.710892808E1,-7.016658783E-2,-2.237772828E-2,3.243392050E-2
2.711892208E1,-7.664705694E-2,-1.610185119E-2,5.275007129E-2
2.712891708E1,-8.372511148E-2,-3.659294907E-3,6.934096098E-2
2.713891208E1,-6.737980485E-2,6.873786294E-3,7.243413806E-2
2.714890608E1,-6.693600118E-2,8.072320464E-3,8.418236375E-2
2.715890108E1,-7.533201814E-2,-1.455363411E-2,8.485596299E-2
2.716889608E1,-4.833483875E-2,-1.825556115E-2,7.643363357E-2
2.717889008E1,-2.279829383E-2,-2.773061209E-2,8.386661410E-2
2.718888508E1,-1.897479951E-2,-3.710462155E-2,9.270292640E-2
2.719887908E1,-5.177124739E-2,-3.068883726E-2,9.607209206E-2
2.720887408E1,-6.856328130E-2,-6.805698780E-3,9.357065320E-2
2.721886908E1,-6.907959044E-2,-1.323264188E-2,6.330137193E-2
2.722886308E1,-8.823974669E-2,-2.801665743E-2,6.522335172E-2
2.723885808E1,-7.403452098E-2,-3.014718866E-2,6.740962565E-2
2.724885308E1,-7.998055458E-2,-1.248977255E-2,3.412727416E-2
2.725884708E1,-7.089807451E-2,3.463036311E-3,4.224087059E-2
2.726884208E1,-6.506255329E-2,-9.662188108E-3,4.473880112E-2
2.727883708E1,-5.965914130E-2,-5.902284547E-3,3.777944505E-2
2.728883108E1,-6.911993623E-2,-6.060974782E-3,3.383666754E-2
2.729882608E1,-7.112903953E-2,-1.644782249E-2,2.724627078E-2
2.730882108E1,-6.579696357E-2,5.421654840E-3,7.573898435E-3
2.731881508E1,-7.411462784E-2,5.981623954E-3,1.742996514E-2
2.732881008E1,-1.015164346E-1,-1.739133240E-2,2.911796451E-2
2.733880408E1,-1.051978415E-1,-3.275831992E-2,4.553928494E-2
2.734879908E1,-9.205271602E-2,-3.274039683E-2,5.814705133E-2
2.735879408E1,-9.287483454E-2,-2.085692687E-2,4.171111286E-2
2.736878808E1,-8.229254365E-2,-3.563856013E-2,2.209545851E-2
2.737878308E1,-8.097692013E-2,-2.589049333E-2,4.493117452E-2
2.738877808E1,-6.765754759E-2,-3.180825929E-2,6.436965823E-2
2.739877208E1,-7.147519469E-2,-3.145636198E-2,5.405867815E-2
2.740876708E1,-5.835813582E-2,-3.848824179E-2,6.967834532E-2
2.741876208E1,-6.489064515E-2,-2.663200250E-2,8.733225882E-2
2.742875608E1,-6.150978506E-2,-9.652382601E-3,5.923697233E-2
2.743875108E1,-5.342951775E-2,-1.053138357E-4,6.933277488E-2
2.744874508E1,-5.832071364E-2,-3.927414869E-3,7.428419709E-2
2.745874008E1,-5.514976859E-2,-1.232985006E-2,5.997664511E-2
2.746873508E1,-6.975318968E-2,-1.447287743E-2,6.257748663E-2
2.747872908E1,-7.581324399E-2,-1.582778694E-2,6.474563420E-2
2.748872408E1,-7.152840436E-2,-2.056061465E-2,4.978670239E-2
2.749871908E1,-8.683583021E-2,-1.660067464E-2,5.646597683E-2
2.750871308E1,-9.055816770E-2,-1.657803039E-2,2.214866817E-2
2.751870808E1,-9.529967487E-2,-4.822673835E-4,2.266380787E-2
2.752870308E1,-1.101510179E-1,2.266485397E-2,-1.452272952E-2
2.753869708E1,-1.303198189E-1,8.415189427E-3,-1.472679734E-2
2.754869208E1,-1.294146699E-1,-1.479682689E-2,-1.657861054E-2
2.755868608E1,-9.875187099E-2,-5.370333189E-2,4.251568973E-2
2.756868108E1,-6.398608088E-3,-5.562717548E-2,8.661246657E-2
2.757867608E1,5.007204652E-2,-3.821819636E-2,1.625555187E-1
2.758867008E1,6.634484768E-2,-9.189822162E-3,1.689851171E-1
2.759866508E1,3.063356280E-3,3.840003563E-3,1.437906343E-1
2.760866008E1,-4.326881111E-2,1.706903662E-2,1.475229120E-1
2.761865408E1,-8.606107414E-2,2.798361381E-2,1.325049233E-1
2.762864908E1,-1.144995922E-1,1.893683829E-2,1.047446823E-1
2.763864408E1,-1.026876318E-1,1.955888154E-2,1.098095405E-1
2.764863808E1,-1.081302202E-1,2.799683399E-2,9.032720268E-2
2.765863308E1,-1.453512561E-1,6.870653808E-2,1.287030637E-1
2.766862808E1,-1.565463352E-1,8.379830218E-2,1.094926214E-1
2.767862208E1,-1.507780570E-1,6.405061953E-2,6.888897121E-2
2.768861708E1,-1.402747035E-1,2.778540233E-2,5.204431236E-2
2.769861108E1,-1.695686692E-1,4.235302750E-3,7.614361167E-2
2.770860608E1,-1.372031611E-1,1.976311382E-2,7.866142273E-2
2.771860108E1,-1.151041943E-1,-3.806720115E-3,1.211391056E-1
2.772859508E1,-5.388092279E-2,-2.167089583E-2,2.118048620E-1
2.773859008E1,-3.054585457E-2,1.163451562E-2,2.155336314E-1
2.774858508E1,-1.358892918E-2,1.754329149E-2,2.912410408E-1
2.775857908E1,6.526077390E-2,1.514927695E-2,3.820582402E-1
2.776857408E1,1.361383832E-1,2.531466136E-2,4.244388592E-1
2.777856908E1,2.145495450E-1,-2.306582222E-2,3.680605906E-1
2.778856308E1,2.537440163E-1,-1.036194587E-1,3.057643551E-1
2.779855808E1,1.495407861E-1,-1.306620637E-1,2.374992818E-1
2.780855308E1,6.378201306E-2,-1.021994807E-1,1.593974376E-1
2.781854708E1,-4.481189132E-2,-2.281844845E-2,2.879636765E-2
2.782854208E1,-2.422828889E-1,-1.570849003E-2,-1.587437189E-1
2.783853608E1,-4.055944526E-1,-3.049008675E-2,-3.400787401E-1
2.784853108E1,-5.347612005E-1,-1.313942447E-3,-4.602448690E-1
2.785852608E1,-6.710060030E-1,7.233108088E-2,-6.309970146E-1
2.786852008E1,-7.079358476E-1,1.480243839E-1,-6.842072618E-1
2.787851508E1,-7.483822078E-1,1.475330350E-1,-5.461246794E-1
2.788851008E1,-7.081451780E-1,1.501630395E-1,-3.183873242E-1
2.789850408E1,-5.437828696E-1,1.649979007E-1,-1.704317182E-1
2.790849908E1,-3.288871694E-1,1.811976482E-1,-1.329341090E-1
2.791849408E1,-1.553909254E-1,1.013211375E-1,-1.114947081E-2
2.792848808E1,-3.764905214E-2,2.513136942E-2,8.579911888E-2
2.793848308E1,5.669284880E-2,1.640246317E-2,1.305671561E-1
2.794847708E1,1.396607459E-1,8.497429602E-3,2.050671154E-1
2.795847208E1,1.190586662E-1,-1.858866401E-3,3.024121463E-1
2.796846679E1,1.061012363E-1,-2.921594191E-2,3.192269844E-1
2.797846079E1,7.320597053E-2,-2.729005180E-2,2.601046175E-1
2.798845579E1,8.494834900E-3,-2.916704457E-2,1.598190218E-1
2.799845079E1,1.859356105E-2,-3.331743479E-2,7.108635485E-2
2.800844479E1,8.121782541E-3,-3.407011762E-2,2.379875243E-2
2.801843979E1,-4.826174855E-2,-3.382877380E-2,3.527917564E-2
2.802843479E1,-5.680043757E-2,-1.963250164E-2,2.664225340E-2
2.803842879E1,-5.740445495E-2,-9.653679952E-3,-1.546354651E-2
2.804842379E1,-1.268319547E-1,-4.732392825E-2,-1.885843992E-2
2.805841879E1,-2.072095352E-1,-7.477222033E-2,-8.483725190E-3
2.806841279E1,-2.273444223E-1,-9.686139308E-2,-5.746585071E-2
2.807840779E1,-2.070083910E-1,-3.778163776E-2,-1.163607609E-1
2.808840179E1,-3.988333172E-1,-5.079768598E-4,-5.933052778E-2
2.809839679E1,-3.740364450E-1,8.230277628E-2,-1.188850039E-1
2.810839179E1,-4.105388582E-1,1.266975784E-1,-7.543785274E-2
2.811838579E1,-5.486389822E-1,1.045251925E-1,-7.036363900E-2
2.812838079E1,-6.321845841E-1,9.764057111E-2,-8.107281446E-2
2.813837579E1,-7.406258762E-1,9.736238983E-2,-6.062393188E-3
2.814836979E1,-8.330335182E-1,8.242034186E-2,2.345727503E-2
2.815836479E1,-9.296277666E-1,4.152864318E-2,3.778938532E-2
2.816835979E1,-9.340938699E-1,7.977140699E-2,4.328342915E-2
2.817835379E1,-9.222637832E-1,1.338142246E-1,8.494542539E-2
2.818834879E1,-9.341599435E-1,1.939829690E-1,1.176576734E-1
2.819834379E1,-9.209949374E-1,2.413318941E-1,1.797656286E-1
2.820833779E1,-8.847685128E-1,2.383792877E-1,1.924505782E-1
2.821833279E1,-8.976078290E-1,2.169973722E-1,1.823851812E-1
2.822832679E1,-9.058196586E-1,2.318088629E-1,1.805134875E-1
2.823832179E1,-8.765040582E-1,2.873366174E-1,1.515703547E-1
2.824831679E1,-8.110649443E-1,3.194682917E-1,1.031881535E-1
2.825831079E1,-7.616881317E-1,3.607850098E-1,7.921866238E-2
2.826830579E1,-7.493066525E-1,3.364083698E-1,5.526495874E-2
2.827830079E1,-7.281467485E-1,3.175207669E-1,4.484463573E-2
2.828829479E1,-7.045099640E-1,2.932569232E-1,-3.635213971E-3
2.829828979E1,-6.376569933E-1,2.849069714E-1,-2.728252351E-2
2.830828479E1,-5.638212776E-1,2.842675418E-1,-7.553316236E-2
2.831827879E1,-5.034873676E-1,2.917430974E-1,-1.477895451E-1
2.832827379E1,-4.449660945E-1,2.763915981E-1,-2.018762898E-1
2.833826879E1,-3.802321547E-1,3.026878060E-1,-2.663734174E-1
2.834826279E1,-2.772591788E-1,2.948240319E-1,-3.538764149E-1
2.835825779E1,-2.061979669E-1,2.745559379E-1,-4.164439613E-1
2.836825179E1,-1.651130909E-1,2.533447976E-1,-4.138361031E-1
2.837824679E1,-1.419668877E-1,2.171895629E-1,-3.942140168E-1
2.838824179E1,-1.167694813E-1,1.526598372E-1,-3.893386084E-1
2.839823579E1,-9.866357803E-2,9.840008788E-2,-4.112925643E-1
2.840823079E1,-5.080938041E-2,6.852140062E-2,-4.090010405E-1
2.841822579E1,-1.897304535E-2,3.606876902E-2,-4.165188056E-1
2.842821979E1,3.701638341E-2,2.495482005E-2,-4.130367887E-1
2.843821479E1,5.462936640E-2,1.419265419E-3,-3.764852589E-1
2.844820979E1,7.321532607E-2,-3.629644498E-2,-3.573935151E-1
2.845820379E1,1.501436341E-1,-3.911984615E-2,-3.640593410E-1
2.846819879E1,2.499719775E-1,-6.603735723E-2,-3.925311881E-1
2.847819379E1,3.225107807E-1,-9.279290043E-2,-3.621882319E-1
2.848818779E1,3.056591052E-1,-1.404390834E-1,-3.224084544E-1
2.849818279E1,3.005509776E-1,-1.707718069E-1,-2.901166213E-1
2.850817679E1,3.452242899E-1,-1.334099261E-1,-3.190223318E-1
2.851817179E1,3.729927170E-1,-1.170950250E-1,-2.961374992E-1
2.852816679E1,3.284036046E-1,-1.184390806E-1,-2.587550801E-1
2.853816079E1,3.307395673E-1,-1.031779209E-1,-2.667102170E-1
2.854815579E1,3.670613015E-1,-6.728376433E-2,-2.340809995E-1
2.855815079E1,3.923668814E-1,-7.571837291E-2,-2.049905169E-1
2.856814479E1,3.796322304E-1,-1.015678900E-1,-2.002858472E-1
2.857813979E1,4.097728729E-1,-9.641634688E-2,-1.945801342E-1
2.858813479E1,4.381055564E-1,-5.324708462E-2,-1.913448697E-1
2.859812879E1,4.516892231E-1,-3.390683413E-2,-1.632612777E-1
2.860812379E1,4.617639756E-1,-7.706630230E-4,-1.251783621E-1
2.861811879E1,4.881489515E-1,-2.085160956E-2,-5.215599418E-2
2.862811279E1,4.672346306E-1,-3.432827219E-2,-2.300996304E-2
2.863810779E1,4.468290174E-1,-5.747403681E-2,-1.821056843E-2
2.864810179E1,4.292400080E-1,-3.373594925E-2,-4.416635871E-2
2.865809679E1,3.806689417E-1,9.318999946E-3,-8.545822620E-2
2.866809179E1,3.144942480E-1,1.032325923E-3,-1.367768991E-1
2.867808579E1,2.727989227E-1,6.333630905E-3,-1.746697801E-1
2.868808079E1,2.510461110E-1,2.307157807E-2,-1.874073547E-1
2.869807579E1,2.311761028E-1,4.437232688E-3,-1.744434929E-1
2.870806979E1,1.608235735E-1,-6.686364189E-2,-1.720274234E-1
2.871806479E1,8.693581760E-2,-1.478309872E-1,-1.386579484E-1
2.872805979E1,4.057792246E-2,-2.007213917E-1,-1.409126347E-1
2.873805379E1,1.944842398E-2,-2.137541775E-1,-1.472071624E-1
2.874804879E1,2.899341881E-2,-1.912298258E-1,-1.652534240E-1
2.875804279E1,9.774147213E-2,-1.426251380E-1,-1.428439701E-1
2.876803779E1,1.873903978E-1,-9.313452400E-2,-9.830865204E-2
2.877803279E1,2.774866354E-1,-3.000769146E-2,-9.676147878E-2
2.878802679E1,3.143726259E-1,-7.110725865E-3,-4.855177045E-2
2.879802179E1,3.048247075E-1,3.284015581E-3,-2.186917126E-2
2.880801679E1,2.740589976E-1,1.242657579E-2,1.158567309E-2
2.881801079E1,2.095642090E-1,1.843232408E-2,4.293435037E-2
2.882800579E1,1.919167274E-1,2.562454551E-2,7.037182510E-2
2.883800079E1,1.961623907E-1,2.374302115E-2,1.006972396E-1
2.884799479E1,1.873857200E-1,1.405495226E-2,9.546632051E-2
2.885798979E1,1.346982139E-1,-1.410794266E-2,8.881686687E-2
2.886798479E1,8.430398583E-2,-2.656982102E-2,9.855423510E-2
2.887797879E1,2.858177483E-2,-1.565142486E-2,7.473618686E-2
2.888797379E1,2.918286860E-2,-2.383727096E-3,7.711249530E-2
2.889796879E1,2.314327955E-2,-6.395319030E-3,8.861806154E-2
2.890796279E1,1.475837231E-3,-6.162135724E-2,7.609040201E-2
2.891795779E1,1.579859197E-2,-1.258461324E-1,6.269384623E-2
2.892795179E1,3.771921873E-2,-1.303253737E-1,4.997264385E-2
2.893794679E1,8.030507505E-2,-1.104275729E-1,7.610443532E-2
2.894794179E1,1.003984469E-1,-1.020915448E-1,1.149971902E-1
2.895793579E1,9.352153659E-2,-1.552092232E-1,1.879482222E-1
2.896793108E1,2.727784574E-2,-2.520978424E-1,2.480716324E-1
2.897792608E1,-6.982803404E-2,-3.702972237E-1,2.827234018E-1
2.898792008E1,-1.534964275E-1,-4.583401019E-1,2.752518296E-1
2.899791508E1,-1.592652905E-1,-5.058559285E-1,2.756985569E-1
2.900791008E1,-1.319751656E-1,-5.442153077E-1,2.425863594E-1
2.901790408E1,-1.130705327E-1,-5.563280708E-1,2.342570007E-1
2.902789908E1,-1.047177851E-1,-5.925039169E-1,2.816989696E-1
2.903789308E1,-7.820592463E-2,-6.317662159E-1,3.537068456E-1
2.904788808E1,-6.605482578E-2,-6.658554831E-1,4.032152206E-1
2.905788308E1,-4.533580184E-2,-7.006343564E-1,4.200721586E-1
2.906787708E1,-2.313041568E-2,-7.045050669E-1,3.567257631E-1
2.907787208E1,3.404775202E-2,-6.460867779E-1,2.725311202E-1
2.908786708E1,8.664813459E-2,-5.184353359E-1,1.726419657E-1
2.909786108E1,1.716210419E-1,-4.394256384E-1,1.269600087E-1
2.910785608E1,2.001320654E-1,-4.874995451E-1,1.179360008E-1
2.911785108E1,7.394856691E-2,-5.209958316E-1,2.573687053E-1
2.912784508E1,-1.517293990E-1,-5.192978002E-1,3.878931767E-1
2.913784008E1,-2.218854618E-1,-4.996563450E-1,4.154896957E-1
2.914783508E1,-2.439522690E-1,-4.757538411E-1,4.638286275E-1
2.915782908E1,-3.358319074E-1,-4.414615292E-1,4.347521782E-1
2.916782408E1,-3.417674160E-1,-3.318318272E-1,3.360581946E-1
2.917781808E1,-2.396212363E-1,-1.954299539E-1,2.157575798E-1
2.918781308E1,-1.751083213E-1,-8.565476574E-2,1.236662722E-1
2.919780808E1,-1.100557083E-1,-1.449455325E-2,6.749207139E-2
2.920780208E1,-3.927691698E-2,3.194100022E-2,5.084914148E-2
2.921779708E1,-1.049230224E-1,3.280653432E-4,7.501568377E-2
2.922779208E1,-2.003881735E-1,-2.712654904E-2,1.238826191E-1
2.923778608E1,-2.473723054E-1,-3.271407522E-2,1.321909279E-1
2.924778108E1,-2.578306353E-1,-3.249571826E-2,1.218185520E-1
2.925777608E1,-2.325373346E-1,-4.988427781E-2,1.003271109E-1
2.926777008E1,-1.661737758E-1,-3.389587060E-2,7.090918422E-2
2.927776508E1,-9.771457493E-2,4.321055822E-3,2.750530243E-2
2.928776008E1,-3.299116015E-2,3.912145413E-2,2.552894354E-2
2.929775408E1,1.900988281E-2,6.440803058E-2,3.738241911E-2
2.930774908E1,4.870028973E-2,6.544335321E-2,8.215337992E-4
2.931774408E1,1.812227547E-2,6.815214895E-2,-3.782622278E-2
2.932773808E1,3.054585457E-2,7.329225350E-2,-3.274440765E-2
2.933773308E1,4.580825686E-2,4.039961893E-2,-4.937213480E-2
2.934772708E1,1.397075236E-2,3.608210798E-2,-1.134155184E-1
2.935772208E1,-3.512773275E-2,4.142394148E-2,-1.380293727E-2
2.936771708E1,-5.250799656E-3,3.295121636E-2,-6.964033842E-4
2.937771108E1,3.193924606E-2,-2.362582102E-2,-9.835893810E-2
2.938770608E1,-7.175644577E-2,-1.532473727E-1,-2.225567222E-1
2.939770108E1,-6.417611539E-2,-1.328235235E-1,-1.288831580E-1
2.940769508E1,-2.027036709E-1,-1.693689137E-1,6.946258307E-2
2.941769008E1,-3.725588536E-1,-1.872908489E-1,1.285095209E-1
2.942768508E1,-2.961322367E-1,-1.082473838E-1,1.546869206E-1
2.943767908E1,-2.294079047E-1,-6.851273943E-2,1.088412416E-1
2.944767408E1,-1.404150367E-1,-2.494670704E-2,2.720592499E-2
2.945766908E1,-1.849766672E-2,-2.063051172E-2,-3.559200168E-3
2.946766308E1,9.154810131E-2,-1.418636844E-2,1.671485066E-2
2.947765808E1,6.988065898E-2,-5.740321241E-2,8.473901868E-2
2.948765208E1,2.709248900E-2,-6.959502250E-2,1.978914124E-1
2.949764708E1,-2.285091877E-2,-7.557372741E-2,2.623324066E-1
2.950764208E1,-1.284346765E-1,-7.719676830E-2,1.313255399E-1
2.951763608E1,-1.960045159E-1,-5.191359054E-2,9.355661988E-2
2.952763108E1,-1.722975647E-1,1.774575133E-2,3.327708900E-2
2.953762608E1,-1.365552896E-1,1.092557361E-1,-3.517988992E-1
2.954762008E1,6.659335434E-2,1.164515390E-1,-7.156430626E-1
2.955761508E1,2.274040639E-1,-7.085261241E-2,-5.232673287E-1
2.956761008E1,2.524769247E-1,-1.992193516E-1,1.211034375E-1
2.957760408E1,2.236682779E-1,-1.686929025E-1,3.680091351E-1
2.958759908E1,2.083497423E-1,-1.676136892E-1,4.743553698E-1
2.959759408E1,-6.458191216E-2,-2.488033383E-1,6.345895439E-1
2.960758808E1,-3.071618396E-1,-3.303824851E-1,6.742599785E-1
2.961758308E1,-2.804856724E-1,-2.144032185E-1,5.725318748E-1
2.962757808E1,-2.120364118E-1,-3.576270383E-2,4.102576071E-1
2.963757208E1,-2.072452033E-1,8.185411211E-2,2.387663734E-1
2.964756708E1,-1.840083683E-1,1.154849577E-1,8.241416574E-2
2.965756108E1,-1.678823322E-1,1.573965204E-1,-4.495924115E-2
2.966755608E1,-1.566849142E-1,1.662342214E-1,-6.942106783E-2
2.967755108E1,-1.386257887E-1,1.694196383E-1,-1.531496876E-1
2.968754508E1,-2.648203969E-2,1.885790271E-1,-2.897932702E-1
2.969754008E1,5.255009651E-2,1.616861840E-1,-3.744498432E-1
2.970753508E1,3.972481370E-2,7.109706257E-2,-3.790562797E-1
2.971752908E1,-3.638371468E-2,-1.579091750E-2,-3.059532201E-1
2.972752408E1,-8.985065460E-2,-9.800883606E-3,-2.246184504E-1
2.973751908E1,-1.277172232E-1,1.760753777E-2,-1.798112369E-1
2.974751308E1,-1.378720826E-1,-2.564530313E-2,-1.363640857E-1
2.975750808E1,-1.332352406E-1,-6.011895172E-2,-9.519734859E-2
2.976750308E1,-1.192381757E-1,-5.947184768E-2,-5.199928880E-2
2.977749708E1,-8.667912483E-2,-6.844421737E-2,-7.420350552E-2
2.978749208E1,-1.393993753E-1,-6.970593687E-2,-3.430678368E-2
2.979748708E1,-1.502652562E-1,-1.070473889E-1,5.630225480E-2
2.980748108E1,-1.571906984E-1,-1.046595688E-1,1.232821101E-1
2.981747608E1,-2.049688822E-1,-9.130913291E-2,2.005869788E-1
2.982747008E1,-2.552455813E-1,-8.996240951E-2,2.453076535E-1
2.983746508E1,-2.232443547E-1,-8.704117712E-2,1.938995183E-1
2.984746008E1,-1.136061376E-1,-8.353014339E-2,1.639103186E-1
2.985745408E1,-3.232048452E-2,-8.600892428E-2,1.651259547E-1
2.986744908E1,6.566306233E-2,-9.299583536E-2,1.889106739E-1
2.987744408E1,1.488923299E-1,1.747001857E-3,1.312875330E-1
2.988743808E1,2.411315721E-1,5.823158015E-2,9.180771768E-2
2.989743308E1,2.519021434E-1,1.075162625E-1,6.762071013E-2
2.990742808E1,2.951101434E-1,1.625183158E-1,-9.334495068E-3
2.991742208E1,3.211121267E-1,1.875998012E-1,-1.430264032E-1
2.992741708E1,3.650416732E-1,2.235205991E-1,-2.236197460E-1
2.993741208E1,4.005892360E-1,1.875298904E-1,-2.770100874E-1
2.994740608E1,2.592988712E-1,1.004250517E-1,-2.679036337E-1
2.995740108E1,1.148387307E-1,2.998463150E-2,-3.185931462E-1
2.996739492E1,2.691356421E-2,-1.923949566E-2,-1.552728117E-1
2.997738992E1,-8.986527264E-2,-4.083549231E-2,1.646330345E-1
2.998738492E1,-2.872035384E-1,-1.342105561E-1,2.764692199E-1
2.999737892E1,-3.563234746E-1,-1.761901658E-1,3.514346176E-1
3.000737392E1,-4.383189797E-1,-1.718552594E-1,4.802347451E-1
3.001736892E1,-4.362765473E-1,-1.085141995E-1,4.917683780E-1
3.002736292E1,-3.972639245E-1,-4.138746947E-2,4.347977865E-1
3.003735792E1,-3.290105456E-1,-1.510953415E-2,3.468568325E-1
3.004735292E1,-2.290857232E-1,3.403708085E-2,2.204470468E-1
3.005734692E1,-1.515797102E-1,1.116936961E-1,4.747178972E-2
3.006734192E1,-6.673836529E-2,1.688418237E-1,-6.578760803E-2
3.007733692E1,-9.748477936E-3,2.033704362E-1,-1.589717603E-1
3.008733092E1,-4.422249198E-2,2.028271567E-1,-3.054486054E-1
3.009732592E1,-1.246287239E-1,2.089204305E-1,-3.662906384E-1
3.010732092E1,-1.369938308E-1,2.393961551E-1,-2.690526116E-1
3.011731492E1,-2.224625820E-1,1.894818006E-1,-1.810812521E-1
3.012730992E1,-3.627261758E-1,1.871562168E-2,-1.169846588E-1
3.013730392E1,-4.003109086E-1,-2.905766509E-2,8.637799323E-2
3.014729892E1,-4.572265363E-1,-9.265351743E-2,2.886226577E-1
3.015729392E1,-5.004789752E-1,-1.119814888E-1,3.566672909E-1
3.016728792E1,-4.648173916E-1,-4.305180632E-2,3.793468863E-1
3.017728292E1,-3.352460164E-1,4.234144270E-2,2.970859176E-1
3.018727792E1,-2.147536129E-1,7.820680171E-2,1.808228052E-1
3.019727192E1,-2.728895545E-2,1.100859311E-1,1.320172656E-1
3.020726692E1,1.937697101E-1,1.312550079E-1,9.905534148E-2
3.021726192E1,1.512680537E-1,1.138119962E-1,3.081599593E-2
3.022725592E1,5.746175766E-2,6.544700772E-2,-8.440455794E-2
3.023725092E1,5.187415838E-2,-2.901830602E-2,-2.378156161E-1
3.024724592E1,1.871342897E-2,-6.039216287E-2,7.259376705E-2
3.025723992E1,-1.136546695E-1,-6.100864213E-2,1.957729661E-1
3.026723492E1,-3.401021290E-1,-9.702072971E-2,1.165923107E-1
3.027722992E1,-2.737818396E-1,-6.902469970E-2,1.649476147E-1
3.028722392E1,-1.739698684E-1,-3.551109083E-2,1.246544516E-1
3.029721892E1,-5.939484715E-2,-9.607011862E-3,1.671251178E-2
3.030721292E1,9.884250283E-2,3.279001594E-2,-1.136581779E-2
3.031720792E1,2.086245614E-1,6.092809673E-2,-1.451337397E-2
3.032720292E1,2.612302065E-1,6.856251385E-2,-4.795184612E-2
3.033719692E1,2.847225648E-1,9.545049649E-2,-1.491741657E-1
3.034719192E1,2.304715133E-1,1.100826786E-1,-1.873933214E-1
3.035718692E1,1.489858854E-1,7.216845520E-2,-1.470808625E-1
3.036718092E1,5.136486590E-2,8.612144664E-3,-3.357120395E-2
3.037717592E1,-8.849117696E-2,-1.235893447E-1,5.367860913E-2
3.038717092E1,-1.822705758E-1,-2.682204432E-1,4.441077232E-2
3.039716492E1,-2.262486541E-1,-2.473477105E-1,2.130678606E-1
3.040715992E1,-3.048042423E-1,-2.380553154E-1,3.238661653E-1
3.041715492E1,-2.643263072E-1,-1.594996177E-1,3.310915697E-1
3.042714892E1,-1.720806330E-1,-8.147817269E-2,3.058976716E-1
3.043714392E1,-1.004078025E-1,-2.761585135E-2,2.474313623E-1
3.044713792E1,-5.676184595E-2,1.505098891E-2,2.128082442E-1
3.045713292E1,3.743387461E-2,6.609864336E-2,1.436637497E-1
3.046712792E1,8.725449085E-2,7.950053472E-2,7.575594127E-2
3.047712192E1,7.349482298E-2,3.647661231E-2,3.194567800E-2
3.048711692E1,4.247358978E-2,-3.583758473E-3,-1.736330688E-2
3.049711192E1,7.913797081E-2,-7.873297803E-2,-1.221997905E-1
3.050710592E1,5.129236042E-2,-1.543448951E-1,-2.394037199E-1
3.051710092E1,6.538941264E-3,-4.764113970E-2,-8.926944137E-3
3.052709592E1,-9.907288313E-2,4.277165160E-3,3.559726417E-2
3.053708992E1,-1.521082985E-1,-1.755831152E-2,-2.698490024E-3
3.054708492E1,-9.595397830E-2,-5.440340806E-2,7.613191724E-2
3.055707992E1,-8.356665194E-2,-6.486838918E-2,6.198516369E-2
3.056707392E1,-3.512188554E-2,-3.586791717E-2,3.035640478E-2
3.057706892E1,4.391375899E-2,-1.832904764E-2,2.848295689E-2
3.058706392E1,9.103939354E-2,-2.365388766E-2,5.226358294E-2
3.059705792E1,1.471960527E-1,-2.761442609E-2,8.817250371E-2
3.060705292E1,1.397180486E-1,-3.587120622E-3,6.803761661E-2
3.061704692E1,1.205994076E-1,1.238809381E-2,1.273757458E-2
3.062704192E1,8.115350604E-2,4.342847664E-2,-6.861707568E-2
3.063703692E1,9.154693186E-2,6.751429081E-2,-1.125834596E-1
3.064703092E1,7.038293481E-2,6.578720603E-2,-1.423685914E-1
3.065702592E1,8.012147248E-2,1.065969341E-2,-1.476497966E-1
3.066702092E1,3.144281745E-2,-4.336174529E-2,-9.835659921E-2
3.067701492E1,7.391465306E-3,-8.979587350E-2,-3.857817471E-2
3.068700992E1,-2.580025434E-2,-1.093303977E-1,1.584829330E-2
3.069700492E1,-7.264346838E-2,-1.081301471E-1,1.537759244E-1
3.070699892E1,-1.398385012E-1,-1.074055309E-1,2.161546057E-1
3.071699392E1,-1.449296719E-1,-4.979865264E-2,2.387774831E-1
3.072698892E1,-1.185692543E-1,2.261940558E-2,2.353369814E-1
3.073698292E1,-8.618854344E-2,3.266039047E-2,2.236583376E-1
3.074697792E1,-1.053358358E-1,6.483663149E-2,2.031088829E-1
3.075697292E1,-9.836887836E-2,8.329471987E-2,1.651031506E-1
3.076696692E1,-8.642067790E-2,1.127171050E-1,1.392765838E-1
3.077696192E1,-1.215788162E-1,8.449628614E-2,9.258715153E-2
3.078695592E1,-1.182874185E-1,9.037748873E-2,4.698120832E-2
3.079695092E1,-9.575926602E-2,5.529598553E-2,1.169852436E-2
3.080694592E1,-9.271520555E-2,1.085754856E-2,1.215753078E-2
3.081693992E1,-1.216144842E-1,-3.033360064E-2,4.205317497E-2
3.082693492E1,-1.151123804E-1,-5.478512160E-2,1.590325713E-2
3.083692992E1,-1.166876203E-1,-3.836548224E-2,2.641772032E-3
3.084692392E1,-1.287311304E-1,-2.697426561E-2,1.237270832E-3
3.085691892E1,-1.353905243E-1,-1.142195106E-2,5.661858916E-3
3.086691392E1,-1.651984602E-1,-2.404992688E-2,1.385322332E-2
3.087690792E1,-1.665766490E-1,-3.500103090E-2,2.620605111E-2
3.088690292E1,-1.449226552E-1,-4.476456542E-2,5.166482806E-2
3.089689792E1,-1.029314607E-1,-4.251568973E-2,5.074915409E-2
3.090689192E1,-6.564961374E-2,-2.057021230E-2,4.976272881E-2
3.091688692E1,-6.978067160E-2,-2.331643023E-2,5.989478409E-2
3.092688092E1,-5.877328813E-2,-2.833670340E-2,8.306905389E-2
3.093687592E1,-2.016412318E-2,-7.560413294E-3,9.701934099E-2
3.094687092E1,2.263164818E-2,6.925880760E-3,8.707732022E-2
3.095686492E1,4.931190848E-2,-7.960874476E-3,4.935517788E-2
3.096685992E1,2.877882600E-2,-9.359565005E-3,2.805494070E-2
3.097685458E1,6.820777059E-3,7.059928179E-3,5.125669241E-3
3.098684858E1,-4.337406099E-2,1.123462088E-2,2.125112057E-2
3.099684358E1,-5.377391875E-2,1.839066267E-2,8.458231330E-2
3.100683858E1,-5.882357419E-2,2.498193651E-2,1.066537982E-1
3.101683258E1,-5.724599540E-2,3.980499364E-2,1.426083273E-1
3.102682758E1,-5.899197400E-2,4.700583972E-2,1.335515749E-1
3.103682258E1,-5.917791545E-2,3.971520234E-2,1.086640710E-1
3.104681658E1,-2.792045474E-2,4.407726176E-2,5.955506086E-2
3.105681158E1,8.425253034E-3,5.413615376E-2,2.184344351E-2
3.106680658E1,1.210081279E-2,4.388985850E-2,-3.204625010E-2
3.107680058E1,1.350940704E-2,1.856637150E-2,-3.523005903E-2
3.108679558E1,4.566090703E-3,-3.196014985E-3,1.702709198E-3
3.109678958E1,8.153942227E-3,3.477967724E-2,4.282968521E-2
3.110678458E1,2.935594618E-2,5.028901476E-2,2.213697374E-2
3.111677958E1,7.506655455E-3,8.751809064E-2,7.276275158E-3
3.112677358E1,1.244579852E-2,1.236451126E-1,2.253809273E-2
3.113676858E1,-2.787250757E-2,1.588552180E-1,6.323295951E-2
3.114676358E1,-7.148864329E-2,1.352511413E-1,8.359998107E-2
3.115675758E1,-1.045178103E-1,1.029219590E-1,6.265408516E-2
3.116675258E1,-1.370102030E-1,1.035651162E-1,7.758728921E-2
3.117674758E1,-2.087549543E-1,1.142410722E-1,7.917129993E-2
3.118674158E1,-2.809171969E-1,9.682514034E-2,1.192481160E-2
3.119673658E1,-2.887945658E-1,1.622645467E-1,7.355797291E-3
3.120673158E1,-1.884247702E-1,2.211031774E-1,-5.876568675E-2
3.121672558E1,-1.238411039E-1,2.556721357E-1,-1.470832014E-1
3.122672058E1,-7.639270306E-2,2.494346184E-1,-1.711649591E-1
3.123671458E1,-3.652346313E-2,2.132886661E-1,-2.139642388E-1
3.124670958E1,-8.584063411E-2,1.452308766E-1,-1.608721054E-1
3.125670458E1,-1.766087168E-1,9.445372894E-2,-1.044651854E-1
3.126669858E1,-2.137180710E-1,6.376242489E-2,-5.070003748E-2
3.127669358E1,-2.338400942E-1,6.289031267E-2,2.331869602E-3
3.128668858E1,-2.488896579E-1,4.992199235E-2,4.180174470E-2
3.129668258E1,-2.381980240E-1,2.014256157E-2,4.640525758E-2
3.130667758E1,-2.533434820E-1,-3.413969949E-2,7.059928179E-3
3.131667258E1,-1.714970809E-1,-1.129433557E-2,-2.718078196E-2
3.132666658E1,-3.965289295E-2,3.261518419E-2,9.460327148E-2
3.133666158E1,-1.026233125E-1,-1.336169176E-2,1.904695415E-1
3.134665658E1,-1.744008082E-1,-6.263837077E-2,2.140560400E-1
3.135665058E1,-1.807982469E-1,-4.301102199E-2,1.547974330E-1
3.136664558E1,-9.468922555E-2,5.293842472E-2,9.270175695E-3
3.137664058E1,3.337181389E-2,9.066641428E-2,-6.857029796E-2
3.138663458E1,8.486941159E-2,8.094731860E-2,-7.547118187E-2
3.139662958E1,7.799951792E-2,3.609018445E-2,-3.402260900E-2
3.140662358E1,5.036323786E-2,-1.056116782E-2,2.824965298E-2
3.141661858E1,-5.989302993E-3,-9.654929794E-2,5.386279643E-2
3.142661358E1,-7.582844675E-2,-1.354527240E-1,1.376036954E-1
3.143660758E1,-5.176598489E-2,-8.205200382E-2,3.622537208E-1
3.144660258E1,-2.240027386E-1,-1.148973490E-1,3.611135137E-1
3.145659758E1,-2.040976471E-1,-1.098150223E-1,2.992324305E-1
3.146659158E1,-6.352648973E-2,-7.670721017E-2,2.675598174E-1
3.147658658E1,1.109275281E-2,-5.740854800E-2,1.794124568E-1
3.148658158E1,3.613169968E-2,-4.876446292E-2,3.915529490E-2
3.149657558E1,9.859867394E-2,-4.873179160E-2,-7.027885437E-2
3.150657058E1,7.891460717E-2,-6.221210875E-2,-6.120105207E-2
3.151656558E1,2.246734142E-2,-1.030400728E-1,2.293687284E-2
3.152655958E1,-6.688337624E-2,-1.617198785E-1,8.040389299E-2
3.153655458E1,-7.474495769E-2,-1.667533810E-1,7.757384062E-2
3.154654958E1,-8.539566100E-2,-1.635159970E-1,7.012975037E-2
3.155654358E1,-1.132845408E-1,-1.934228240E-1,8.701241612E-3
3.156653858E1,-9.634457231E-2,-1.959277712E-1,-4.016861737E-2
3.157653258E1,-6.134196997E-2,-1.741599760E-1,7.097467303E-2
3.158652758E1,-1.178944856E-1,-1.822980577E-1,1.375142330E-1
3.159652258E1,-1.242164952E-1,-1.448826749E-1,1.165759385E-1
3.160651658E1,-9.738946974E-2,-7.433155954E-2,8.861162961E-2
3.161651158E1,-7.023090720E-2,-3.158870548E-2,6.046020985E-2
3.162650658E1,-4.120766759E-2,-4.619336911E-2,4.864357173E-2
3.163650058E1,-3.377234817E-2,-6.241581112E-2,5.587599277E-2
3.164649558E1,-3.665853381E-2,-6.428085364E-2,2.588620842E-2
3.165649058E1,-6.830775797E-2,-5.697512314E-2,1.644763291E-2
3.166648458E1,-1.020397604E-1,-5.057834230E-2,-1.120852768E-2
3.167647958E1,-1.028835136E-1,-3.632326908E-2,-5.518836021E-2
3.168647458E1,-7.737445056E-2,-2.090167634E-2,-1.130266786E-3
3.169646858E1,-1.120601338E-1,-5.438787639E-2,9.506754041E-2
3.170646358E1,-2.233086741E-1,-8.799182475E-2,1.032401937E-1
3.171645758E1,-2.149869168E-1,-5.726872645E-2,1.146451879E-1
3.172645258E1,-1.956963676E-1,-1.876744263E-2,1.392397463E-1
3.173644758E1,-2.009869283E-1,-3.577472717E-3,1.093774313E-1
3.174644158E1,-1.669613957E-1,-2.092236087E-2,5.336812198E-2
3.175643658E1,-1.568147224E-1,-6.498230025E-3,4.006453693E-2
3.176643158E1,-1.575134647E-1,4.302527457E-3,3.490670800E-2
3.177642558E1,-1.571544456E-1,9.791528061E-3,2.108155131E-2
3.178642058E1,-1.347052306E-1,1.923521988E-2,3.382263422E-2
3.179641558E1,-1.498881108E-1,2.705740571E-2,1.505424142E-2
3.180640958E1,-1.326856023E-1,3.026321478E-2,7.234759927E-3
3.181640458E1,-1.251701760E-1,1.604154378E-2,6.886265874E-3
3.182639958E1,-1.110128975E-1,5.449020267E-3,1.450460315E-2
3.183639358E1,-7.923152626E-2,9.105576575E-3,1.621900678E-2
3.184638858E1,-4.116673708E-2,3.071308494E-2,2.901622295E-2
3.185638358E1,-2.635573983E-2,3.831519619E-2,3.953010142E-2
3.186637758E1,-2.757780790E-2,3.323535450E-2,3.192579746E-2
3.187637258E1,-3.523415208E-2,2.499757782E-2,2.269362867E-2
3.188636658E1,-4.621639252E-2,6.792929694E-3,2.993832886E-2
3.189636158E1,-7.669734299E-2,3.862451389E-3,3.040902972E-2
3.190635658E1,-9.660477340E-2,1.419345818E-2,5.087662339E-2
3.191635058E1,-1.271862960E-1,2.660395414E-2,4.513524234E-2
3.192634558E1,-1.208648711E-1,4.378906712E-3,2.122188449E-2
3.193634058E1,-1.285972291E-1,-1.839782551E-2,2.936296284E-2
3.194633458E1,-1.526988673E-1,-3.545744263E-2,2.222000420E-2
3.195632958E1,-1.482473820E-1,-2.606688738E-3,-1.516767740E-3
3.196632458E1,-1.440789020E-1,-1.142882153E-2,2.688198924E-2
3.197631867E1,-1.607393736E-1,4.378102720E-5,4.763843536E-2
3.198631367E1,-1.920944828E-1,4.018498957E-4,7.452276349E-2
3.199630867E1,-1.898889130E-1,-6.345910057E-3,7.500866711E-2
3.200630267E1,-1.825097269E-1,-1.211623482E-2,5.285999894E-2
3.201629767E1,-1.975774169E-1,-2.952595398E-2,6.051868200E-2
3.202629267E1,-1.915483528E-1,-3.880504668E-2,6.461173296E-2
3.203628667E1,-1.910063159E-1,1.859853119E-3,5.894811988E-2
3.204628167E1,-1.968400830E-1,-6.710264683E-3,5.066670835E-2
3.205627567E1,-2.401059705E-1,-1.133702025E-2,5.078189850E-2
3.206627067E1,-2.638257855E-1,-6.756384596E-3,2.858060539E-2
3.207626567E1,-2.767235738E-1,-1.462622523E-2,5.105554819E-2
3.208625967E1,-2.913322574E-1,-3.980221622E-2,7.032270849E-2
3.209625467E1,-3.236983502E-1,-6.719247468E-2,8.989158511E-2
3.210624967E1,-3.202566791E-1,-5.352431573E-2,1.021350700E-1
3.211624367E1,-3.186884558E-1,-4.687369265E-2,1.030501592E-1
3.212623867E1,-2.859721148E-1,-1.188015349E-2,5.821487904E-2
3.213623367E1,-2.589854604E-1,3.990943953E-3,3.690704048E-2
3.214622767E1,-2.414794815E-1,-1.429878116E-2,2.997750521E-2
3.215622267E1,-2.501450551E-1,-2.491060048E-2,4.720223308E-2
3.216621767E1,-2.625569397E-1,-4.040550269E-2,4.109773993E-2
3.217621167E1,-2.618845099E-1,-5.498480402E-2,3.309757948E-2
3.218620667E1,-2.552297938E-1,-4.818807364E-2,6.458834410E-2
3.219620067E1,-2.439855981E-1,-5.562894791E-2,7.492154360E-2
3.220619567E1,-2.233390796E-1,-3.045887724E-2,8.090149105E-2
3.221619067E1,-2.170486450E-1,5.847800374E-3,5.447850823E-2
3.222618467E1,-2.170749575E-1,2.845686369E-2,2.903668821E-2
3.223617967E1,-1.845100594E-1,3.167641371E-2,1.236569166E-2
3.224617467E1,-1.753141433E-1,3.878889374E-2,3.768472016E-2
3.225616867E1,-1.850263685E-1,-1.085053191E-2,6.212315798E-2
3.226616367E1,-1.658679664E-1,-2.201805599E-2,5.036966980E-2
3.227615867E1,-1.461347830E-1,-3.779515944E-2,3.056573510E-2
3.228615267E1,-1.377691716E-1,-2.839210577E-2,3.196029603E-2
3.229614767E1,-1.238358414E-1,-7.487944365E-3,3.986748576E-2
3.230614267E1,-1.398104346E-1,-2.044895567E-2,5.462527335E-2
3.231613667E1,-1.456693447E-1,-2.094860025E-2,5.443991661E-2
3.232613167E1,-1.573836565E-1,-2.724086210E-2,8.710714102E-2
3.233612667E1,-1.940281570E-1,-4.541934393E-2,7.410410285E-2
3.234612067E1,-1.810028994E-1,-4.548030116E-2,6.323588312E-2
3.235611567E1,-1.483426917E-1,-6.451788515E-2,2.718312085E-2
3.236610967E1,-1.014012444E-1,-6.681722961E-2,-2.936822534E-2
3.237610467E1,-8.348011315E-2,-4.747142427E-2,-4.461717904E-2
3.238609967E1,-6.445268869E-2,-2.022654220E-2,-6.871472418E-2
3.239609367E1,-4.078199029E-2,2.185594194E-2,-7.776329041E-2
3.240608867E1,-4.120240510E-2,5.955966555E-2,-9.346540332E-2
3.241608367E1,-7.250021160E-2,4.725251913E-2,-9.465589643E-2
3.242607767E1,-1.266319799E-1,-1.234566495E-3,-7.073142886E-2
3.243607267E1,-1.198205584E-1,-1.975701079E-3,-1.052627456E-1
3.244606767E1,-1.058509755E-1,1.952502251E-2,-1.129109037E-1
3.245606167E1,-1.331375921E-1,1.730417691E-2,-9.004244328E-2
3.246605667E1,-1.211426139E-1,-8.051689044E-3,-1.119121993E-1
3.247605167E1,-1.128459996E-1,-8.106945232E-3,-1.084757906E-1
3.248604567E1,-1.352759188E-1,-1.707503915E-2,-1.488022828E-1
3.249604067E1,-1.085202295E-1,-9.398302808E-3,-1.813484699E-1
3.250603567E1,-9.782450259E-2,2.661265187E-2,-1.624309731E-1
3.251602967E1,-1.006212258E-1,7.410476066E-2,-1.429550672E-1
3.252602467E1,-1.575304216E-1,3.776117250E-2,-1.125869679E-1
3.253601967E1,-1.508090472E-1,-1.132379092E-2,-6.686817348E-2
3.254601367E1,-1.524053371E-1,-3.622393951E-2,-5.137129784E-2
3.255600867E1,-1.433719736E-1,-6.788822025E-2,-5.349851489E-2
3.256600267E1,-1.390105355E-1,-7.613769136E-2,-7.851407290E-2
3.257599767E1,-1.215478259E-1,-4.189815067E-2,-1.197790432E-1
3.258599267E1,-1.048130947E-1,-7.134845629E-3,-1.394180864E-1
3.259598667E1,-1.189002067E-1,1.370382696E-2,-1.441864908E-1
3.260598167E1,-1.558013999E-1,2.380715780E-2,-1.403168035E-1
3.261597667E1,-1.742897111E-1,1.883746304E-2,-1.229283535E-1
3.262597067E1,-1.648803717E-1,-9.195769876E-3,-1.035009795E-1
3.263596567E1,-1.229073036E-1,7.191271260E-3,-8.861046016E-2
3.264596067E1,-8.842861176E-2,3.422872335E-2,-1.203397912E-1
3.265595467E1,-9.204277575E-2,4.833732381E-2,-1.382445502E-1
3.266594967E1,-8.425662339E-2,3.683066122E-2,-1.162479097E-1
3.267594467E1,-1.078074539E-1,2.747782052E-2,-9.366479337E-2
3.268593867E1,-1.201678830E-1,5.186626464E-3,-6.634250879E-2
3.269593367E1,-1.268214297E-1,-2.585872650E-2,-2.751290381E-2
3.270592867E1,-1.147323114E-1,-7.970997468E-3,-4.205317497E-2
3.271592267E1,-6.714942455E-2,3.741260536E-2,-6.867320895E-2
3.272591767E1,-3.054702401E-2,5.582841106E-2,-4.603980660E-2
3.273591167E1,-6.740202427E-2,6.154698797E-2,-1.960688353E-2
3.274590667E1,-1.185025960E-1,4.669315986E-2,-9.056167603E-3
3.275590167E1,-1.459500110E-1,3.338818610E-2,-1.664117575E-2
3.276589567E1,-1.643003279E-1,4.992681630E-2,-2.413789093E-2
3.277589067E1,-1.582309180E-1,4.159146421E-2,-3.678249478E-2
3.278588567E1,-1.441239256E-1,6.191251203E-3,-3.066572249E-2
3.279587967E1,-1.394397211E-1,-6.877787411E-5,-5.684487641E-2
3.280587467E1,-1.452109230E-1,2.410500035E-2,-9.449802160E-2
3.281586967E1,-1.201906872E-1,7.284636676E-2,-8.586402297E-2
3.282586367E1,-1.520761389E-1,8.878244139E-2,-1.103030455E-1
3.283585867E1,-1.474311107E-1,9.127730213E-2,-9.171357751E-2
3.284585367E1,-1.492899406E-1,7.911355868E-2,-2.103360415E-2
3.285584767E1,-1.281084019E-1,3.491189741E-2,6.195417345E-2
3.286584267E1,-1.016830802E-1,2.273762897E-3,6.661323488E-2
3.287583767E1,-7.612490058E-2,-8.941123635E-3,4.331500411E-2
3.288583167E1,-5.584909558E-2,4.243251309E-3,-2.127333999E-2
3.289582667E1,-2.677732408E-2,3.636412650E-2,-5.952816367E-2
3.290582067E1,-4.543169618E-2,3.266210809E-2,-2.541784644E-2
3.291581567E1,-8.005598366E-2,2.436490908E-2,3.897753954E-3
3.292581067E1,-8.983603656E-2,8.308308721E-3,1.314512551E-2
3.293580467E1,-6.297685146E-2,-1.531458870E-2,1.182307005E-2
3.294579967E1,9.873023629E-3,1.043961883E-2,7.900173068E-3
3.295579467E1,7.109220207E-2,3.758970290E-2,3.470614851E-2
3.296578867E1,8.907882214E-2,5.241034806E-2,2.035298824E-2
3.297578383E1,1.269722879E-1,6.593086481E-2,1.917068124E-2
3.298577883E1,1.116800648E-1,2.547573388E-2,4.869268835E-2
3.299577283E1,7.103489935E-2,-2.186829418E-2,6.071222484E-2
3.300576783E1,7.880234063E-2,-4.066007584E-2,5.651275456E-2
3.301576283E1,9.597853661E-2,-3.995051622E-2,3.958564997E-2
3.302575683E1,8.056703031E-2,-2.668873876E-2,2.977051377E-2
3.303575183E1,6.901410162E-2,-3.001799718E-2,1.270015240E-2
3.304574683E1,5.595142186E-2,-3.568102553E-2,-2.251178026E-3
3.305574083E1,2.364555538E-2,-4.400994569E-2,8.237557411E-3
3.306573583E1,-1.503903866E-3,-4.463311270E-2,3.896467566E-2
3.307572983E1,-5.011765480E-2,-7.453869715E-2,1.258390975E-1
3.308572483E1,-6.023976982E-2,-1.141464204E-1,1.997028798E-1
3.309571983E1,-4.533463240E-2,-1.491266571E-1,2.334062308E-1
3.310571383E1,-1.165467024E-2,-1.306044321E-1,2.535317624E-1
3.311570883E1,-8.303630948E-3,-1.066853732E-1,2.247921127E-1
3.312570383E1,-1.634238303E-2,-5.035271287E-2,2.133227992E-1
3.313569783E1,-5.372187853E-2,-3.252542943E-2,2.038719445E-1
3.314569283E1,-1.064690262E-1,-3.884626955E-2,2.462484705E-1
3.315568783E1,-1.311232263E-1,-4.554162383E-2,2.212095237E-1
3.316568183E1,-1.648862189E-1,-6.945132717E-2,1.902993876E-1
3.317567683E1,-1.204947424E-1,-5.147479355E-2,1.203415453E-1
3.318567183E1,-1.080430967E-1,1.081881076E-2,7.551620543E-2
3.319566583E1,-1.043453175E-1,5.746511981E-2,2.264451206E-2
3.320566083E1,-7.217218280E-2,1.010581590E-1,-7.075130939E-4
3.321565583E1,-4.138191462E-2,1.303749289E-1,8.986585736E-3
3.322564983E1,-2.991961777E-2,1.429287547E-1,2.876830101E-3
3.323564483E1,-2.861159563E-2,1.304203910E-1,1.855438471E-2
3.324563983E1,-1.365324855E-2,1.407335638E-1,1.483672500E-2
3.325563383E1,3.435531557E-2,1.560776809E-1,3.490787745E-4
3.326562883E1,2.669780195E-2,2.004988320E-1,-5.869025767E-2
3.327562283E1,-6.492163539E-3,1.952572417E-1,-1.326265454E-1
3.328561783E1,-3.379573703E-2,2.337985790E-1,-2.506449920E-1
3.329561283E1,-6.363934100E-2,2.429955183E-1,-2.609512943E-1
3.330560683E1,-1.176307762E-1,1.567568350E-1,-1.991865706E-1
3.331560183E1,-1.392830157E-1,7.642617837E-2,-1.287246984E-1
3.332559683E1,-1.228090703E-1,3.537463143E-2,-5.165839612E-2
3.333559083E1,-5.517315745E-2,1.726127297E-2,-3.547622681E-2
3.334558583E1,-1.828775167E-2,3.175871328E-2,-4.033526301E-2
3.335558083E1,1.010048032E-2,4.117565408E-2,-1.444846988E-2
3.336557483E1,5.103917599E-2,4.873157233E-2,1.492794156E-2
3.337556983E1,9.496404469E-2,4.561778381E-2,1.892451346E-2
3.338556483E1,1.714731073E-1,2.877166316E-2,3.473830819E-3
3.339555883E1,2.212375903E-1,1.575049862E-2,-1.730600417E-2
3.340555383E1,2.472044903E-1,-1.090637282E-2,-2.065996706E-2
3.341554883E1,2.654249990E-1,-3.765899241E-3,-7.843455076E-3
3.342554283E1,2.484633958E-1,-2.138356000E-2,1.830704749E-2
3.343553783E1,2.025966668E-1,-3.064715758E-2,3.301513374E-2
3.344553283E1,2.107020772E-1,-2.593517885E-2,5.123447299E-2
3.345552683E1,1.955402470E-1,-2.731059015E-2,5.335116506E-2
3.346552183E1,2.186618918E-1,2.039991215E-2,5.123622715E-2
3.347551583E1,2.510344166E-1,1.375075087E-2,6.223191619E-2
3.348551083E1,3.049825823E-1,1.867235228E-2,1.048604572E-1
3.349550583E1,3.166916317E-1,-1.361962706E-2,1.931475663E-1
3.350549983E1,3.213337362E-1,-2.874374270E-2,2.404223049E-1
3.351549483E1,3.438186193E-1,-2.486966997E-2,2.508256710E-1
3.352548983E1,3.395016199E-1,-2.811195105E-2,2.471314001E-1
3.353548383E1,2.834285760E-1,-1.208078608E-2,2.177643442E-1
3.354547883E1,2.240553635E-1,-2.765630677E-2,2.202160817E-1
3.355547383E1,1.543700016E-1,-6.857863024E-2,2.756728292E-1
3.356546783E1,1.061550307E-1,-1.022544993E-1,3.110993546E-1
3.357546283E1,5.532869339E-2,-8.979232863E-2,3.382544088E-1
3.358545783E1,-2.528628409E-2,-1.106633802E-1,3.589512134E-1
3.359545183E1,-9.095519364E-2,-1.488601702E-1,3.472521043E-1
3.360544683E1,-1.098721057E-1,-1.731939429E-1,3.262541682E-1
3.361544183E1,-1.072759420E-1,-1.431107493E-1,2.590690756E-1
3.362543583E1,-7.961101055E-2,-7.483442008E-2,2.135882628E-1
3.363543083E1,-3.096860826E-2,-3.731005982E-2,1.787815422E-1
3.364542583E1,2.836952090E-2,-2.110917941E-2,1.581408709E-1
3.365541983E1,2.236092210E-2,-1.608013541E-2,1.313612080E-1
3.366541483E1,-3.333556116E-2,-7.827813774E-3,1.111409515E-1
3.367540883E1,-3.894362569E-2,2.713429660E-2,1.043078953E-1
3.368540383E1,-6.172554731E-2,6.532889396E-2,7.850647151E-2
3.369539883E1,-9.797243714E-2,7.155427828E-2,1.016731399E-1
3.370539283E1,-9.020908892E-2,5.913654640E-2,7.099338412E-2
3.371538783E1,-7.044316113E-2,3.971238837E-2,6.404572248E-2
3.372538283E1,-7.877427399E-2,3.147921637E-2,7.346500218E-2
3.373537683E1,-6.870361447E-2,3.020905495E-2,5.855811059E-2
3.374537183E1,-3.480905950E-2,2.342950076E-2,4.852019548E-2
3.375536683E1,1.202655315E-2,7.051157355E-3,-4.853434575E-1
3.376536083E1,-1.063830721E-1,2.133999825E-2,-4.101511878E-1
3.377535583E1,-3.106736773E-1,1.353551486E-1,-2.751693839E-1
3.378535083E1,4.430727661E-2,1.108152616E-1,-1.689997351E-1
3.379534483E1,9.545521080E-2,5.918273941E-2,2.602227312E-1
3.380533983E1,4.406812549E-2,-7.223197058E-2,5.864488328E-1
3.381533483E1,1.045903158E-1,-9.945046708E-2,5.709197974E-1
3.382532883E1,2.114090055E-1,-5.213903725E-2,2.547900832E-1
3.383532383E1,2.386394888E-1,9.721288383E-3,1.124700236E-1
3.384531883E1,9.497807801E-2,2.366733626E-2,5.697351515E-2