"Time (s)","X (m/s^2)","Y (m/s^2)","Z (m/s^2)"
9.021916660E-3,1.534041877E-1,3.139510417E-1,-3.241696358E-1
1.896091667E-2,2.733356971E-1,3.587208331E-2,-1.061842485E-1
2.889891667E-2,-9.410421163E-2,-3.200181127E-2,8.440691510E-2
3.883691668E-2,-3.389018418E-1,-1.421165764E-2,7.996770898E-2
4.877591669E-2,-3.692290105E-1,1.714754462E-2,6.232667763E-2
5.871391666E-2,-3.681756346E-1,3.106099427E-2,5.872475624E-2
6.865291667E-2,-3.652815552E-1,6.279091001E-2,5.012348374E-2
7.859091667E-2,-2.607448876E-1,8.977639496E-2,1.806670865E-2
8.852991668E-2,-1.489996263E-1,5.461299419E-2,2.941615423E-2
9.846791669E-2,-7.023339227E-2,2.297137141E-2,3.608552495E-2
1.084059167E-1,-6.652815789E-2,4.905755460E-2,2.384494543E-2
1.183449167E-1,-7.607169092E-2,8.709193826E-2,1.184295058E-2
1.282829167E-1,-4.966522649E-2,8.537753463E-2,-5.008743200E-3
1.382219167E-1,-1.526459500E-2,4.598542750E-2,-1.086295724E-2
1.481599167E-1,-3.002399057E-3,4.630643964E-2,-3.308120728E-2
1.580979167E-1,-1.417847469E-2,4.509197295E-2,-2.739537477E-2
1.680369167E-1,-3.984789759E-2,4.995627165E-2,-1.669380069E-2
1.779749167E-1,-6.922021598E-2,8.189844131E-2,-7.565145884E-3
1.879139167E-1,-8.839250520E-2,9.103003800E-2,1.864090523E-2
1.978519167E-1,-9.270745799E-2,8.712702155E-2,4.687944850E-2
2.077909167E-1,-7.812727958E-2,6.660680294E-2,6.455324253E-2
2.177289167E-1,-2.626656979E-2,3.611181915E-2,6.980521163E-2
2.276669167E-1,-7.256686985E-3,-8.448641896E-3,7.693764528E-2
2.376059167E-1,-2.422983840E-2,-2.638731480E-2,3.493594408E-2
2.475439167E-1,-6.279003292E-2,-3.066279888E-3,-1.632895270E-2
2.574829167E-1,-1.169215089E-1,-7.960984111E-3,-4.190931519E-2
2.674209167E-1,-1.883262447E-1,-4.145675898E-3,-4.162049929E-2
2.773589167E-1,-2.204273124E-1,4.514635205E-3,-2.025709391E-2
2.872979167E-1,-2.383693475E-1,-3.770869374E-3,4.512899313E-3
2.972359167E-1,-2.556816374E-1,-3.680997670E-2,3.418401042E-2
3.071749167E-1,-2.246789691E-1,-7.353984654E-2,7.719729820E-2
3.171129167E-1,-2.053362335E-1,-5.442763746E-2,5.886861602E-2
3.270519167E-1,-1.821748276E-1,1.301297843E-2,3.222634435E-2
3.369899167E-1,-7.244539395E-2,4.923180163E-2,2.408820787E-2
3.469279167E-1,5.115582794E-3,6.148756564E-2,2.588213364E-2
3.568669167E-1,3.976428241E-2,7.698794961E-2,5.000540653E-2
3.668049167E-1,6.090869129E-2,7.270252526E-2,1.065070514E-1
3.767439167E-1,8.792326614E-2,5.484045088E-2,1.610802845E-1
3.866819167E-1,4.839696541E-2,5.987022579E-2,1.751533449E-1
3.966199167E-1,1.492852628E-2,3.917049766E-2,1.773764745E-1
4.065589167E-1,5.391512901E-2,3.496634960E-2,1.847521524E-1
4.164969167E-1,7.067646503E-2,4.886752009E-2,1.864817587E-1
4.264359167E-1,8.209329978E-2,2.899458826E-2,2.115592790E-1
4.363739167E-1,7.661021948E-2,-4.651986301E-2,2.452392411E-1
4.463129167E-1,-4.572317988E-2,-1.115128344E-1,2.556742004E-1
4.562509167E-1,-2.300505137E-1,-4.991066337E-2,1.774080312E-1
4.661889167E-1,-1.351449412E-1,3.032073677E-2,2.072837766E-1
4.761279167E-1,7.846568719E-2,5.541757107E-2,1.997829866E-1
4.860659167E-1,1.669527711E-1,1.042663801E-1,2.422162124E-1
4.960049167E-1,2.250795034E-1,1.690704864E-1,2.541328379E-1
5.059429167E-1,3.658421570E-1,2.232303214E-1,3.021279716E-1
5.158809167E-1,5.603543173E-1,2.709780997E-1,3.891497433E-1
5.258199167E-1,5.926593067E-1,2.134017366E-1,4.080432665E-1
5.357579167E-1,4.150856531E-1,4.646899223E-2,4.267391539E-1
5.456969167E-1,4.779221714E-2,-9.016698897E-2,3.516024327E-1
5.556349167E-1,-4.406181049E-1,-1.513007981E-1,1.924283588E-1
5.655739167E-1,-8.458140698E-1,-1.116549218E-1,-7.901890688E-3
5.755119167E-1,-1.005940655E0,1.882511079E-2,-1.769472706E-1
5.854499167E-1,-9.099233808E-1,1.083991921E-1,-1.677344159E-1
5.953889167E-1,-5.332831706E-1,1.315138203E-1,-2.494188309E-2
6.053269167E-1,-2.004922539E-2,7.965837300E-2,1.989152598E-1
6.152655833E-1,3.768834543E-1,-1.813221574E-2,3.499090791E-1
6.252035833E-1,5.665238607E-1,-1.202491593E-1,4.382897437E-1
6.351415833E-1,5.672091544E-1,-1.885750437E-1,4.353158498E-1
6.450805833E-1,3.858652161E-1,-2.351393455E-1,3.615812910E-1
6.550185833E-1,1.077441578E-1,-1.949923629E-1,1.874863104E-1
6.649575833E-1,-7.150530785E-2,-3.017455637E-2,-3.202167353E-2
6.748955833E-1,-4.211237803E-2,1.257320935E-1,-1.279324007E-1
6.848345833E-1,1.582752107E-1,1.811286145E-1,-7.886375466E-2
6.947725833E-1,4.066427122E-1,1.303630883E-1,5.925451398E-2
7.047105833E-1,5.612737919E-1,4.360268712E-2,9.465706587E-2
7.146495833E-1,4.454011273E-1,-1.288463205E-1,9.412381807E-2
7.245875833E-1,1.203108475E-2,-3.479315507E-1,5.726180116E-2
7.345265833E-1,-4.944712535E-1,-3.998618424E-1,-3.157381335E-2
7.444645833E-1,-7.260733259E-1,-1.916693902E-1,-1.265793641E-1
7.544025833E-1,-6.188397762E-1,1.566919309E-1,-1.425036621E-1
7.643415833E-1,-3.411885417E-1,3.494986045E-1,2.372800112E-3
7.742795833E-1,6.697269246E-2,3.476567316E-1,1.714485490E-1
7.842185833E-1,4.203291437E-1,2.460712999E-1,1.998367993E-1
7.941565833E-1,3.054768182E-1,-8.258081138E-2,1.752153254E-1
8.040955833E-1,-1.291142692E-1,-3.541851479E-1,1.413260329E-1
8.140335833E-1,-5.407886566E-1,-3.168278718E-1,-7.343167305E-2
8.239715833E-1,-6.513899101E-1,-6.476200640E-2,-2.762587202E-1
8.339105833E-1,-5.031049597E-1,1.565632921E-1,-3.455131423E-1
8.438485833E-1,-2.233213918E-1,2.241085732E-1,-2.555326796E-1
8.537875833E-1,9.643461943E-2,1.899140561E-1,-6.041284740E-2
8.637255833E-1,3.090860121E-1,1.777892697E-1,1.747188967E-1
8.736635833E-1,2.625600095E-1,1.247497612E-1,2.660769635E-1
8.836025833E-1,1.614387006E-2,-7.722651601E-2,2.965853959E-1
8.935405833E-1,-2.588188148E-1,-3.174710655E-1,2.244599909E-1
9.034795833E-1,-3.488212046E-1,-3.042429096E-1,9.095402420E-2
9.134175833E-1,-3.457157484E-1,-3.959968328E-2,-5.016911030E-4
9.233565833E-1,-2.570422845E-1,1.667345238E-1,-1.197913315E-1
9.332945833E-1,8.919635117E-3,2.761166328E-1,-1.813946629E-1
9.432325833E-1,3.184950592E-1,3.306389952E-1,-8.473025699E-2
9.531715833E-1,4.378102720E-1,2.901897115E-1,2.256088774E-2
9.631095833E-1,3.577744612E-1,1.180207855E-1,1.881055123E-1
9.730485833E-1,7.515630931E-2,-1.099241459E-1,2.078205693E-1
9.829865833E-1,-2.644887136E-1,-2.653308588E-1,1.539712214E-1
9.929245833E-1,-5.164433357E-1,-2.326583719E-1,-3.682401001E-2
1.002863583E0,-7.065021104E-1,1.425317287E-2,-2.460520041E-1
1.012801583E0,-7.942030361E-1,2.457058489E-1,-3.211226517E-1
1.022740583E0,-6.594893271E-1,3.803707337E-1,-2.263954010E-1
1.032678583E0,-3.120341782E-1,4.123386312E-1,-4.016101599E-2
1.042617583E0,1.395103262E-1,3.012894809E-1,1.460996997E-1
1.052555583E0,4.380466457E-1,6.594957590E-2,2.635527388E-1
1.062493583E0,5.397224168E-1,-1.966699290E-1,2.950130979E-1
1.072432583E0,4.056615494E-1,-4.517675757E-1,3.224318433E-1
1.082370583E0,1.729049443E-1,-4.772778082E-1,1.730623806E-1
1.092309583E0,-7.184780851E-2,-1.852316058E-1,-1.411377708E-1
1.102247583E0,-4.130594467E-1,1.889118433E-2,-3.676243883E-1
1.112185583E0,-7.129263000E-1,9.848523796E-2,-5.117997694E-1
1.122124583E0,-8.424272163E-1,1.359232056E-1,-5.431332805E-1
1.132062583E0,-8.177863187E-1,1.091172302E-1,-4.557770115E-1
1.142001583E0,-7.097286040E-1,-3.464416802E-2,-4.003588557E-1
1.151939583E0,-5.255173373E-1,-2.170942533E-1,-2.900487570E-1
1.161878583E0,-3.033330828E-1,-3.012467963E-1,-2.014546691E-1
1.171816583E0,-1.905375154E-1,-2.472664708E-1,-2.347575223E-1
1.181754583E0,-1.646100841E-1,-1.576467812E-1,-2.218351392E-1
1.191693583E0,-8.608928695E-2,-5.739568412E-2,-2.008495188E-1
1.201631583E0,4.407192618E-3,3.633225918E-2,-1.226284279E-1
1.211570583E0,4.820853889E-2,1.288410580E-1,-7.494675972E-2
1.221508583E0,1.246730165E-1,2.033714229E-1,-2.418583810E-2
1.231446583E0,1.852662505E-1,2.307469171E-1,4.422950864E-2
1.241385583E0,2.162048918E-1,1.945579147E-1,1.212513721E-1
1.251323583E0,2.237622719E-1,1.474007052E-1,1.827997488E-1
1.261262583E0,1.792126282E-1,1.125331736E-1,2.491112673E-1
1.271200583E0,6.161006480E-2,8.675572336E-2,2.431628583E-1
1.281139583E0,-1.019064438E-1,1.093973118E-1,8.541725915E-2
1.291077583E0,-2.032160331E-1,1.733711135E-1,-3.080780983E-2
1.301015583E0,-2.471423636E-1,1.727776212E-1,-1.119134052E-1
1.310954583E0,-2.131242862E-1,7.215288699E-2,-1.474352038E-1
1.320892583E0,-8.096098647E-2,-3.591359854E-2,-1.382521882E-1
1.330831583E0,4.160513207E-2,-5.726996899E-2,-1.716965441E-1
1.340769583E0,8.058091745E-2,-7.022272110E-2,-2.252476839E-1
1.350708583E0,-2.726629749E-2,-1.013743472E-1,-2.864819189E-1
1.360646583E0,-1.932509159E-1,-7.008998930E-2,-2.940781099E-1
1.370584583E0,-4.038848729E-1,2.909340620E-2,-3.203520618E-1
1.380523583E0,-4.759662777E-1,9.902376652E-2,-3.334889281E-1
1.390461583E0,-4.664627981E-1,8.202357173E-2,-3.626706272E-1
1.400400583E0,-4.390937358E-1,5.018080473E-3,-2.747512349E-1
1.410338583E0,-2.917943336E-1,-3.409160614E-2,-1.622451047E-1
1.420276583E0,-1.044793649E-1,-8.139441133E-2,-2.015493574E-1
1.430215583E0,-3.237895668E-2,-8.746674478E-2,-3.877002916E-1
1.440153583E0,3.030436456E-2,-6.133553803E-2,-3.001989752E-1
1.450092583E0,8.444446519E-2,-5.050181687E-2,-3.779833156E-1
1.460030583E0,1.480073538E-1,2.015593708E-2,-4.408397510E-1
1.469969583E0,8.959747016E-2,-3.037803948E-2,-2.227403247E-1
1.479907583E0,8.365874559E-2,-6.120689929E-2,-1.424791769E-1
1.489845583E0,1.454854497E-1,-3.080664039E-2,-5.667194501E-3
1.499784583E0,1.354133284E-1,1.548985898E-2,1.250653647E-2
1.509722583E0,1.122427131E-1,7.503264070E-2,-4.499439754E-2
1.519661583E0,3.789858207E-2,6.311192214E-2,-5.881655753E-2
1.529599583E0,-2.278279871E-2,-5.730271339E-4,-8.099797010E-2
1.539537583E0,-1.043198821E-1,-6.775402665E-2,-8.653594114E-2
1.549476583E0,-2.249669445E-1,-1.476761091E-1,-7.960750222E-2
1.559414583E0,-2.855594476E-1,-5.099122882E-2,-2.868649115E-1
1.569353583E0,-3.647643690E-1,3.941760099E-1,-5.381952703E-1
1.579291583E0,-5.379366772E-1,5.643574673E-1,-7.203735331E-1
1.589230583E0,-5.633263108E-1,4.398392558E-1,-8.444613896E-1
1.599168583E0,-3.784961164E-1,1.855444318E-1,-8.352998990E-1
1.609106583E0,-9.319175363E-2,-4.126672447E-2,-6.826256631E-1
1.619046292E0,1.543521675E-1,-2.307662129E-1,-4.189179913E-1
1.628984292E0,3.787427227E-1,-3.630840254E-1,-1.954151165E-1
1.638923292E0,5.500607327E-1,-3.351249790E-1,-1.863982715E-2
1.648861292E0,5.724498676E-1,-9.122533500E-2,1.964260270E-1
1.658800292E0,5.016033947E-1,2.576365077E-1,2.863551805E-1
1.668738292E0,3.066524009E-1,4.130935067E-1,2.519208544E-1
1.678676292E0,1.990265031E-1,2.845927566E-1,3.146872061E-1
1.688615292E0,3.174795440E-1,9.355018795E-2,2.862269803E-1
1.698553292E0,4.686246599E-1,-4.326939583E-5,2.746091475E-1
1.708492292E0,5.090179566E-1,1.707094610E-2,2.019463103E-1
1.718430292E0,4.089520700E-1,1.142048925E-1,-7.786620140E-2
1.728368292E0,3.361922421E-1,2.536048526E-1,-3.278195409E-1
1.738307292E0,8.651803404E-2,2.086304086E-1,-4.458940476E-1
1.748245292E0,1.891667819E-1,8.145931542E-2,-2.121925324E-1
1.758184292E0,6.063787749E-1,1.884066439E-1,-1.720215031E-1
1.768122292E0,1.500218658E-1,-1.757556081E-2,-3.707988417E-1
1.778061292E0,-4.983377248E-1,-2.721153831E-1,-2.648343571E-1
1.787999292E0,-5.614205571E-1,-1.520281917E-1,-7.390946366E-2
1.797937292E0,-5.254367919E-1,-5.772371292E-2,-2.157950751E-1
1.807876292E0,-5.762661991E-1,-2.726439714E-2,-2.396878946E-1
1.817814292E0,-6.473423213E-1,-7.326444268E-2,-1.771419829E-1
1.827753292E0,-6.865315300E-1,-1.111865598E-1,-8.999924697E-2
1.837691292E0,-5.700719512E-1,-2.364438593E-2,-1.404653958E-1
1.847629292E0,-4.596814898E-1,9.207552016E-2,-1.733115450E-1
1.857568292E0,-3.230566183E-1,3.097270131E-2,-2.875374875E-1
1.867506292E0,-1.846312429E-1,-1.155965298E-1,-1.751445740E-1
1.877445292E0,-2.038719445E-2,-1.179763466E-1,-1.442406506E-1
1.887383292E0,2.654675375E-1,-1.058872283E-2,-2.982126760E-1
1.897322292E0,3.911674713E-1,7.333694816E-2,-3.043271095E-1
1.907260292E0,2.544529912E-1,2.091765386E-1,-1.739586856E-1
1.917198292E0,6.376754120E-2,3.105865538E-1,-2.818130634E-1
1.927137292E0,-8.703741297E-2,2.742028391E-1,-3.770676416E-1
1.937075292E0,-1.641904002E-1,1.250842220E-1,-2.907552103E-1
1.947014292E0,-6.268580630E-2,-1.249549985E-2,-3.455558270E-1
1.956952292E0,2.176377520E-2,-4.579246938E-2,-2.404995612E-1
1.966891292E0,-2.730079606E-2,4.370325923E-2,-1.253268814E-1
1.976829292E0,-1.977659896E-1,1.676244700E-1,-9.952896595E-2
1.986767292E0,-3.291840617E-1,1.709790176E-1,-2.682987593E-2
1.996706292E0,-3.610705367E-1,6.832120657E-2,6.782697067E-3
2.006644292E0,-2.869800286E-1,-3.869102597E-3,-2.220312037E-2
2.016583292E0,-1.348559426E-1,-8.219606459E-2,-1.418125212E-2
2.026521292E0,3.607045010E-2,-1.689348310E-1,-2.346319534E-2
2.036459292E0,1.221438034E-1,-2.506555170E-1,-5.162038922E-2
2.046398292E0,1.211705343E-1,-2.004869914E-1,-4.932586871E-2
2.056336292E0,9.092785791E-2,-4.025106311E-2,-8.520036399E-2
2.066275292E0,-9.532569498E-3,1.656615597E-1,-9.548437379E-2
2.076213292E0,-4.965864837E-2,2.698408163E-1,-1.570497805E-1
2.086152292E0,-6.220998913E-3,1.906437886E-1,-1.326382399E-1
2.096090292E0,6.697093830E-2,-2.365140259E-2,-4.220578730E-2
2.106028292E0,1.350412993E-1,-2.397206390E-1,-1.560621858E-3
2.115967292E0,2.222484277E-1,-2.764288741E-1,-2.648671746E-2
2.125905292E0,2.627088211E-1,-1.713807213E-1,-1.240633712E-1
2.135844292E0,1.467462556E-1,-3.497453570E-2,-1.366711376E-1
2.145782292E0,2.185820773E-2,4.323957503E-2,-9.324730217E-2
2.155720292E0,1.143905416E-1,4.805592656E-2,-5.849327959E-2
2.165659292E0,3.463326296E-1,7.773405433E-2,-8.326617815E-2
2.175597292E0,4.708889942E-1,9.373905301E-2,-1.804748958E-1
2.185536292E0,4.602675270E-1,1.136412209E-1,-1.964612565E-1
2.195474292E0,3.669373405E-1,1.074191988E-1,-1.521628238E-2
2.205413292E0,2.901040497E-1,2.639433146E-2,2.026890528E-1
2.215351292E0,2.836231421E-1,1.453758144E-1,3.048698042E-1
2.225289292E0,2.274183896E-1,2.719966847E-1,4.231447973E-1
2.235228292E0,1.362879257E-1,4.783104265E-1,4.266175318E-1
2.245166292E0,-8.481123179E-2,2.361357111E-1,4.573937666E-1
2.255105292E0,-2.007474849E-1,-1.473995358E-1,4.323425406E-1
2.265043292E0,-1.244204168E-1,-2.859826398E-1,4.411929593E-1
2.274982292E0,-5.864391848E-2,-1.471054208E-1,3.815080172E-1
2.284920292E0,-1.317392305E-1,8.056527615E-2,4.099330866E-1
2.294858292E0,-2.053844731E-1,2.069867563E-1,2.847365981E-1
2.304797292E0,-1.832879913E-1,1.520890027E-1,8.418996513E-2
2.314735292E0,-1.221470194E-1,-5.759448946E-2,-3.623000599E-2
2.324674292E0,-6.537099391E-2,-2.537095177E-1,5.016318999E-2
2.334612292E0,3.943946958E-3,-2.847927314E-1,1.968131858E-1
2.344550292E0,9.548430070E-2,-1.865507376E-1,1.840907409E-1
2.354489292E0,1.143845482E-1,-9.466291308E-2,1.100136083E-1
2.364427292E0,-2.196769685E-2,-8.374791563E-2,3.575331174E-2
2.374366292E0,-1.670034957E-1,-1.279440951E-1,-2.731358685E-2
2.384304292E0,-2.556931856E-1,-1.116098982E-1,-1.263466358E-1
2.394243292E0,-2.327307312E-1,-8.539273739E-2,-2.748494681E-1
2.404181292E0,-1.502681798E-1,-9.127620578E-2,-4.108849403E-1
2.414119292E0,5.889169425E-3,-4.497385919E-2,-5.222369763E-1
2.424058292E0,1.621412435E-1,-7.921807766E-3,-5.073149550E-1
2.433996292E0,1.415090507E-1,-3.956167638E-2,-3.800696021E-1
2.443935292E0,4.020399302E-2,-4.640642703E-2,-2.934612286E-1
2.453873292E0,-4.715545535E-2,7.497299910E-3,-2.186214729E-1
2.463811292E0,-1.937423743E-1,4.917917669E-2,-1.775307497E-1
2.473750292E0,-3.730593753E-1,7.387547672E-2,-1.809578758E-1
2.483688292E0,-4.191535610E-1,7.955078423E-2,-1.486701357E-1
2.493627292E0,-3.409492444E-1,9.099086165E-2,-1.135236919E-1
2.503565292E0,-2.072712234E-1,9.622528911E-2,-1.378598034E-2
2.513504292E0,-3.832323611E-2,1.125945693E-1,6.843526382E-2
2.523442292E0,1.644764753E-1,1.862870282E-1,-1.229786396E-1
2.533380292E0,2.300274172E-1,2.052524722E-1,-1.410505925E-1
2.543319292E0,1.361125092E-1,8.471504509E-2,-3.949680883E-2
2.553257292E0,-5.713314414E-3,-1.134564489E-1,4.634737015E-2
2.563196292E0,-5.092427820E-2,-1.851415586E-1,1.154321865E-1
2.573134292E0,-5.582629144E-4,-1.536683357E-1,1.248152135E-1
2.583073292E0,1.380615324E-2,-9.122942805E-2,1.259040016E-1
2.593011292E0,-2.747606635E-2,-7.070453167E-2,6.643781841E-2
2.602949292E0,-1.095405686E-1,-1.269097227E-1,-8.370837383E-3
2.612888542E0,-1.382990755E-1,-1.759585065E-1,-5.364235640E-2
2.622826542E0,-1.067738123E-1,-1.642886335E-1,-7.222480774E-2
2.632765542E0,-7.918401763E-2,-9.088619649E-2,-8.944427311E-2
2.642703542E0,-9.032924920E-2,-1.566819906E-2,-6.062453488E-2
2.652641542E0,-2.080839863E-1,7.991974354E-3,-3.899215758E-2
2.662580542E0,-2.870023942E-1,4.410671711E-2,-3.503185669E-2
2.672518542E0,-3.216725823E-1,8.155930281E-2,-7.263409456E-2
2.682457542E0,-2.690170898E-1,1.071958351E-1,-1.294795740E-1
2.692395542E0,-1.541973625E-1,1.122378892E-1,-1.531180944E-1
2.702334542E0,-6.973564804E-2,1.085243225E-1,-1.513095780E-1
2.712272542E0,-3.274762362E-2,1.453623658E-1,-1.348116499E-1
2.722210542E0,-3.395448893E-2,1.669216347E-1,-9.299997409E-2
2.732149542E0,-6.943948656E-2,1.521047902E-1,-5.812307775E-2
2.742087542E0,-1.336834297E-1,1.835487771E-1,-7.564483504E-2
2.752026542E0,-2.304104099E-1,2.505795032E-1,-1.350601566E-1
2.761964542E0,-3.149304503E-1,2.662745994E-1,-1.962664711E-1
2.771902542E0,-3.148953670E-1,2.366134286E-1,-2.401656121E-1
2.781841542E0,-2.538887349E-1,2.282361227E-1,-2.583931375E-1
2.791779542E0,-1.735091078E-1,2.402223301E-1,-2.459011459E-1
2.801718542E0,-7.514929265E-2,2.475255024E-1,-2.206762576E-1
2.811656542E0,-6.129343808E-3,2.271473712E-1,-1.664871866E-1
2.821595542E0,-7.289431393E-3,1.687553215E-1,-1.268769783E-1
2.831533542E0,-3.499090791E-2,1.458722430E-1,-1.116251010E-1
2.841471542E0,-6.217519820E-2,1.804725569E-1,-1.696242177E-1
2.851410542E0,-9.014827788E-2,1.928955513E-1,-2.218117869E-1
2.861348542E0,-1.051107180E-1,1.904911762E-1,-1.900473726E-1
2.871287542E0,-1.139824060E-1,1.937784809E-1,-1.671859288E-1
2.881225542E0,-1.023528787E-1,1.922886103E-1,-1.963237739E-1
2.891164542E0,-2.864287823E-2,1.582560611E-1,-1.973926449E-1
2.901102542E0,4.684029043E-2,1.065193123E-1,-1.925686920E-1
2.911040542E0,8.010042250E-2,7.749197960E-2,-1.927873778E-1
2.920979542E0,9.696525425E-2,7.455024540E-2,-2.155494189E-1
2.930917542E0,1.230450055E-1,7.517121971E-2,-2.606525016E-1
2.940856542E0,1.401618522E-1,7.181901097E-2,-2.940588140E-1
2.950794542E0,2.008919111E-1,3.757596195E-2,-3.106660759E-1
2.960732542E0,3.532864308E-1,4.754312575E-2,-3.033710897E-1
2.970671542E0,4.708321300E-1,1.285410959E-1,-2.375267637E-1
2.980609542E0,3.931691194E-1,2.031094676E-1,-1.332206225E-1
2.990548542E0,2.279040009E-1,1.731179291E-1,-3.728651564E-2
3.000486542E0,4.347843379E-2,7.125300050E-2,1.095967110E-1
3.010425542E0,-1.015161422E-1,1.190376163E-2,2.246629075E-1
3.020363542E0,-1.445995966E-1,1.765449822E-2,2.485651374E-1
3.030301542E0,-1.586782300E-1,-5.829089284E-3,2.098133004E-1
3.040240542E0,-1.523892573E-1,-6.785459876E-2,1.208105103E-1
3.050178542E0,-5.620519102E-2,-1.145364296E-1,8.079331756E-2
3.060117542E0,1.029449093E-1,-7.200846076E-2,1.584478680E-1
3.070055542E0,2.206318188E-1,-3.540781438E-2,6.932928482E-2
3.079993542E0,2.313719845E-1,-6.657171965E-2,-2.682349881E-2
3.089932542E0,1.883502182E-1,-9.970496714E-2,1.348917750E-1
3.099870542E0,1.214425761E-1,-1.343888962E-1,3.892000294E-1
3.109809542E0,1.791820765E-2,-1.916612041E-1,5.261406140E-1
3.119747542E0,-1.280285874E-1,-2.494656086E-1,5.469099240E-1
3.129686542E0,-2.890609065E-1,-2.373238653E-1,4.732046012E-1
3.139624542E0,-3.852414644E-1,-1.586647815E-1,3.838954353E-1
3.149562542E0,-4.359210366E-1,-1.278306592E-1,3.285246054E-1
3.159501542E0,-4.596446523E-1,-1.933276606E-1,3.403313398E-1
3.169439542E0,-4.380245724E-1,-2.353276259E-1,5.364481223E-1
3.179378542E0,-4.792518282E-1,-2.217088759E-1,8.212741828E-1
3.189316542E0,-5.981929654E-1,-2.359591252E-1,9.325654078E-1
3.199255542E0,-7.152910602E-1,-3.246742505E-1,8.855257273E-1
3.209193542E0,-8.129927713E-1,-3.593248504E-1,8.429112196E-1
3.219131542E0,-8.107372078E-1,-2.940096974E-1,8.353285503E-1
3.229070542E0,-7.391906771E-1,-2.502777869E-1,7.510923922E-1
3.239008542E0,-7.148411170E-1,-2.963018060E-1,6.928810215E-1
3.248947542E0,-7.262469882E-1,-3.989321351E-1,7.498247159E-1
3.258885542E0,-7.450256136E-1,-4.618937838E-1,9.680533290E-1
3.268823542E0,-8.475834373E-1,-5.289338654E-1,1.124998444E0
3.278762542E0,-9.493667972E-1,-5.214932835E-1,1.148871456E0
3.288700542E0,-1.052101207E0,-4.299130225E-1,1.081347810E0
3.298639542E0,-1.205238615E0,-4.450041014E-1,9.547743022E-1
3.308577542E0,-1.263190662E0,-5.605819201E-1,8.601768780E-1
3.318515542E0,-1.135902040E0,-5.845683682E-1,9.043210173E-1
3.328454542E0,-8.673388401E-1,-5.436554003E-1,9.900821292E-1
3.338392542E0,-6.460205582E-1,-5.442266732E-1,9.747939992E-1
3.348331542E0,-5.355687010E-1,-5.861272359E-1,9.732000482E-1
3.358269542E0,-4.979588252E-1,-6.998187429E-1,1.000904156E0
3.368208542E0,-5.179712132E-1,-7.727475554E-1,9.766218388E-1
3.378146542E0,-6.310981715E-1,-7.040439409E-1,9.412929618E-1
3.388084542E0,-6.923503867E-1,-6.494900036E-1,9.209206778E-1
3.398023542E0,-7.167458475E-1,-7.393014818E-1,8.776413417E-1
3.407961542E0,-7.830550271E-1,-8.973523057E-1,8.366582072E-1
3.417900542E0,-8.042453367E-1,-9.693958497E-1,8.104077172E-1
3.427838542E0,-6.858061829E-1,-9.184098834E-1,8.249707925E-1
3.437777542E0,-5.437524641E-1,-8.463248241E-1,8.195767361E-1
3.447715542E0,-4.602246961E-1,-8.864238596E-1,7.028838533E-1
3.457653542E0,-4.635277882E-1,-1.012723718E0,6.672830808E-1
3.467592542E0,-5.138579893E-1,-1.129227151E0,7.842467628E-1
3.477530542E0,-5.911499941E-1,-1.193953489E0,7.408960176E-1
3.487469542E0,-6.691442496E-1,-1.136648437E0,5.713483252E-1
3.497407542E0,-7.673564225E-1,-1.063397443E0,4.477212294E-1
3.507345542E0,-8.135020638E-1,-1.055501363E0,3.867944849E-1
3.517284542E0,-7.361281979E-1,-1.222382067E0,3.839188242E-1
3.527222542E0,-4.853966671E-1,-1.538646267E0,2.434727973E-1
3.537161542E0,-7.489230752E-2,-1.845842021E0,-8.340526879E-2
3.547099542E0,2.576856244E-1,-1.999754185E0,-8.768952370E-2
3.557038542E0,3.582501322E-1,-1.817616926E0,4.183565124E-1
3.566976542E0,6.542332649E-2,-1.413234601E0,9.731842607E-1
3.576914542E0,-6.007242250E-1,-1.323205606E0,1.336372951E0
3.586853542E0,-1.235126073E0,-1.458639985E0,1.326123952E0
3.596791542E0,-1.687409958E0,-1.449252280E0,9.207839991E-1
3.606730542E0,-1.964849231E0,-1.270685331E0,5.536499729E-1
3.616667958E0,-2.003013423E0,-1.058188743E0,4.823185466E-1
3.626606958E0,-1.835867255E0,-1.082948193E0,4.348299462E-1
3.636544958E0,-1.418312323E0,-1.394595432E0,2.993468897E-1
3.646482958E0,-9.197833943E-1,-1.734325093E0,1.337606129E-1
3.656421958E0,-4.947206372E-1,-1.764095607E0,1.366728187E-2
3.666359958E0,-2.203359497E-1,-1.563654224E0,-1.417296369E-1
3.676298958E0,-1.155743104E-1,-1.488903419E0,-4.364379305E-1
3.686236958E0,-5.978076339E-2,-1.635035863E0,-7.403504723E-1
3.696174958E0,3.290520608E-2,-1.736022540E0,-9.065330189E-1
3.706113958E0,2.287430763E-3,-1.561984259E0,-6.271432610E-1
3.716051958E0,-2.032778674E-1,-1.326274225E0,-1.840197703E-1
3.725990958E0,-3.951688671E-1,-1.285568249E0,-2.738262784E-1
3.735928958E0,-5.483553922E-1,-1.402869827E0,-4.356009015E-1
3.745867958E0,-6.497811949E-1,-1.647704440E0,-4.424705029E-1
3.755805958E0,-5.529799551E-1,-1.849831576E0,-5.977541319E-1
3.765743958E0,-3.934123635E-1,-1.740853509E0,-6.053411865E-1
3.775682958E0,-3.909927857E-1,-1.609436168E0,-6.300468421E-1
3.785620958E0,-5.069401485E-1,-1.589639250E0,-8.015781292E-1
3.795559958E0,-7.150478160E-1,-1.504467245E0,-6.258257371E-1
3.805497958E0,-8.715245694E-1,-1.492706448E0,-4.171438730E-1
3.815435958E0,-8.694914925E-1,-1.474064647E0,-5.356996787E-1
3.825374958E0,-8.445729983E-1,-1.508303019E0,-6.767330584E-1
3.835312958E0,-8.777401596E-1,-1.608396533E0,-5.005938730E-1
3.845251958E0,-8.112467927E-1,-1.580202721E0,-6.348476985E-1
3.855189958E0,-5.876229537E-1,-1.444651983E0,-9.975624722E-1
3.865128958E0,-4.221338868E-1,-1.480039040E0,-1.044191971E0
3.875066958E0,-3.099983239E-1,-1.637361885E0,-1.054520200E0
3.885004958E0,-2.523225582E-1,-1.733971336E0,-1.002753923E0
3.894943958E0,-9.297599137E-2,-1.635344011E0,-1.035382263E0
3.904881958E0,-9.992365301E-2,-1.569671009E0,-7.990676272E-1
3.914820958E0,-1.772057176E-2,-1.538464272E0,-1.228868383E0
3.924758958E0,-1.924377143E-2,-1.549371084E0,-1.238902205E0
3.934696958E0,-2.031790495E-2,-1.670619678E0,-1.047500618E0
3.944635958E0,1.797954494E-1,-1.698782500E0,-1.318191619E0
3.954573958E0,4.391872913E-1,-1.568634443E0,-1.252974114E0
3.964512958E0,5.903009784E-1,-1.418020401E0,-1.266459548E0
3.974450958E0,5.839947563E-1,-1.395324433E0,-1.371917590E0
3.984389958E0,4.392539495E-1,-1.382704095E0,-1.150101126E0
3.994327958E0,3.470316643E-1,-1.317530153E0,-1.188681055E0
4.004265958E0,5.002667212E-1,-1.142629261E0,-1.425007385E0
4.014204958E0,7.904605258E-1,-1.021381544E0,-1.625160500E0
4.024142958E0,1.059421921E0,-1.135976007E0,-1.798902035E0
4.034081958E0,1.359002261E0,-1.388856390E0,-1.957630844E0
4.044019958E0,1.696159147E0,-1.328493536E0,-1.917385628E0
4.053958958E0,1.798615229E0,-9.652295624E-1,-1.444573338E0
4.063896958E0,1.824587976E0,-7.546454528E-1,-1.275000576E0
4.073834958E0,1.662850483E0,-6.435217506E-1,-1.276333156E0
4.083773958E0,1.236498415E0,-4.541301432E-1,-1.113478552E0
4.093711958E0,9.307720667E-1,-2.149807772E-1,-8.773846489E-1
4.103650958E0,9.192781949E-1,-2.252470261E-1,-9.799769711E-1
4.113588958E0,1.079438694E0,-4.708122495E-1,-1.704703976E0
4.123526958E0,1.407082745E0,-8.137075934E-1,-2.068053172E0
4.133465958E0,1.941597193E0,-1.223019413E0,-2.241867505E0
4.143403958E0,2.389006255E0,-1.608271695E0,-2.248725119E0
4.153342958E0,2.663126063E0,-1.802583150E0,-2.158333012E0
4.163280958E0,2.725991818E0,-1.729483306E0,-1.855135000E0
4.173219958E0,2.615692281E0,-1.440185587E0,-1.550157681E0
4.183157958E0,2.351810946E0,-1.088851250E0,-1.356090932E0
4.193095958E0,2.029448100E0,-7.743915001E-1,-1.299159809E0
4.203034958E0,1.811249308E0,-6.159313712E-1,-1.652969273E0
4.212972958E0,1.746133545E0,-6.336814713E-1,-1.893980978E0
4.222911958E0,1.951090733E0,-8.431322443E-1,-1.949261139E0
4.232849958E0,2.327714571E0,-1.172170857E0,-1.970044775E0
4.242788958E0,2.595450974E0,-1.424077385E0,-2.043548953E0
4.252726958E0,2.848395091E0,-1.505545764E0,-2.041491026E0
4.262664958E0,3.000841359E0,-1.465820073E0,-1.911082914E0
4.272603958E0,2.928800154E0,-1.344519877E0,-1.912306151E0
4.282541958E0,2.748102479E0,-1.202029663E0,-1.800801795E0
4.292480958E0,2.580076305E0,-1.058933094E0,-1.806642871E0
4.302418958E0,2.401495323E0,-9.313684827E-1,-1.777517013E0
4.312356958E0,2.246451722E0,-8.974236417E-1,-1.794399387E0
4.322295958E0,2.175464770E0,-9.406331035E-1,-1.684115929E0
4.332233958E0,2.191651617E0,-9.842740899E-1,-1.436192524E0
4.342172958E0,2.197417556E0,-1.039547819E0,-1.390634235E0
4.352110958E0,2.078448937E0,-1.078905428E0,-1.292824351E0
4.362049958E0,1.906454258E0,-1.045836500E0,-1.229482341E0
4.371987958E0,1.770680741E0,-9.944453216E-1,-1.064116943E0
4.381925958E0,1.713708980E0,-9.540393072E-1,-9.535113037E-1
4.391864958E0,1.655184783E0,-8.737579134E-1,-9.570208025E-1
4.401802958E0,1.547821718E0,-7.806202465E-1,-9.735999978E-1
4.411741958E0,1.436525230E0,-7.092140490E-1,-8.804053205E-1
4.421679958E0,1.446551451E0,-6.014791006E-1,-9.103044730E-1
4.431617958E0,1.605123262E0,-6.041892850E-1,-9.713839030E-1
4.441556958E0,1.662601976E0,-8.030054346E-1,-8.765078589E-1
4.451494958E0,1.624689215E0,-9.869427592E-1,-1.028641593E0
4.461433958E0,1.541174018E0,-1.032442575E0,-1.237743872E0
4.471371958E0,1.438085852E0,-1.038176940E0,-1.323304424E0
4.481310958E0,1.258853490E0,-1.036089776E0,-1.280030351E0
4.491248958E0,1.108425681E0,-8.959393260E-1,-1.172083733E0
4.501186958E0,9.470828748E-1,-7.707001528E-1,-1.013949879E0
4.511125958E0,8.601014489E-1,-7.516133791E-1,-9.023455355E-1
4.521063958E0,7.700806403E-1,-8.418999436E-1,-9.196424764E-1
4.531002958E0,6.253486043E-1,-9.700074685E-1,-9.902101833E-1
4.540940958E0,4.005944985E-1,-1.036793050E0,-8.444923067E-1
4.550879958E0,1.516001755E-1,-1.012085348E0,-6.192800716E-1
4.560817958E0,5.167126000E-2,-8.802911536E-1,-3.845646492E-1
4.570755958E0,-2.270298421E-2,-7.367691989E-1,-2.482020253E-1
4.580694958E0,-2.654279226E-1,-6.723841918E-1,-3.153575894E-1
4.590632958E0,-4.946884775E-1,-7.201949738E-1,-4.428298143E-1
4.600571958E0,-4.809697402E-1,-8.687032878E-1,-5.447614011E-1
4.610509958E0,-2.676510340E-1,-1.075765327E0,-5.990039742E-1
4.620448167E0,2.226268888E-2,-1.292708576E0,-5.342396289E-1
4.630387167E0,2.818591833E-1,-1.467180136E0,-4.229805636E-1
4.640325167E0,3.043060595E-1,-1.443162697E0,-2.448892853E-1
4.650264167E0,-3.348934293E-2,-1.088696518E0,-2.745071867E-1
4.660202167E0,-5.553463233E-1,-6.352550302E-1,-4.251200598E-1
4.670141167E0,-9.007530463E-1,-4.209478522E-1,-3.587521157E-1
4.680079167E0,-9.503111225E-1,-5.261744547E-1,-2.761689654E-1
4.690017167E0,-7.720306867E-1,-8.752390131E-1,-4.628237835E-1
4.699956167E0,-2.160160267E-1,-1.215091101E0,-7.710927933E-1
4.709894167E0,2.462736136E-1,-1.462045111E0,-8.110294224E-1
4.719833167E0,3.012970823E-1,-1.513818697E0,-6.018330033E-1
4.729771167E0,2.187490153E-1,-1.188248872E0,-2.693356168E-1
4.739709167E0,-1.317599881E-1,-6.834336021E-1,-2.581107169E-3
4.749648167E0,-6.390813750E-1,-2.789922204E-1,2.723308530E-1
4.759586167E0,-9.595199025E-1,-1.736909562E-1,-7.420072809E-2
4.769525167E0,-9.001765108E-1,-6.677958816E-1,-4.958813095E-1
4.779463167E0,-6.596834546E-1,-1.288968989E0,-8.823284698E-1
4.789402167E0,-3.884550941E-1,-1.391796808E0,-1.045599688E0
4.799340167E0,-8.744627953E-2,-1.164653384E0,-9.065891522E-1
4.809278167E0,-2.409286737E-2,-9.626417309E-1,-4.259595738E-1
4.819217167E0,-3.319476020E-1,-6.814684260E-1,2.373782444E-1
4.829155167E0,-7.328198433E-1,-2.687275064E-1,6.030870118E-1
4.839094167E0,-1.092196149E0,-6.471464396E-2,6.964595175E-1
4.849032167E0,-1.404884777E0,-1.003627789E-1,7.122069463E-2
4.858971167E0,-1.463620058E0,-3.564582530E-1,-4.714277420E-1
4.868909167E0,-1.037408323E0,-9.002703586E-1,-6.760772932E-1
4.878847167E0,-5.042211932E-1,-1.167208617E0,-1.237758490E0
4.888786167E0,-3.907682526E-1,-1.008836196E0,-1.164996908E0
4.898724167E0,-6.138360214E-1,-5.804820415E-1,-6.334095758E-1
4.908663167E0,-1.169562414E0,-2.672224331E-1,-7.673885822E-2
4.918601167E0,-1.912817783E0,-2.039616993E-1,1.144638876E-1
4.928539167E0,-2.538496170E0,-2.466992909E-1,2.836665577E-1
4.938478167E0,-2.308095993E0,-3.716370401E-1,2.981349081E-1
4.948416167E0,-1.486452266E0,-6.491763005E-1,1.281031394E-1
4.958355167E0,-5.489430374E-1,-9.494021729E-1,-4.844698834E-1
4.968293167E0,2.285600585E-1,-1.177501471E0,-1.228170226E0
4.978232167E0,5.407353008E-1,-1.347249649E0,-1.209121166E0
4.988170167E0,3.007281482E-1,-1.415186694E0,-5.625243652E-1
4.998108167E0,-3.674565732E-1,-1.008019048E0,3.714560322E-1
5.008047167E0,-1.383595065E0,-3.075381079E-1,1.088935157E0
5.017985167E0,-2.326996533E0,-1.935077548E-2,1.267638931E0
5.027924167E0,-2.917539001E0,-3.175622821E-2,1.032230102E0
5.037862167E0,-3.087326941E0,-7.980396867E-2,5.060543684E-1
5.047801167E0,-2.719600226E0,-1.825758004E-1,7.316628255E-2
5.057739167E0,-1.870174624E0,-2.927484530E-1,-2.550579587E-1
5.067677167E0,-8.907367659E-1,-3.195784020E-1,-8.615696847E-1
5.077616167E0,-8.026122093E-2,-3.612789899E-1,-1.408442223E0
5.087554167E0,2.137648487E-1,-5.535968363E-1,-1.105935425E0
5.097493167E0,-2.141484261E-2,-6.579591107E-1,-3.415161319E-1
5.107431167E0,-6.999000192E-1,-3.755187142E-1,3.604749978E-1
5.117369167E0,-1.549768256E0,-3.162525058E-2,1.101376716E0
5.127308167E0,-2.271533353E0,1.688243186E-1,1.723983707E0
5.137246167E0,-2.815609168E0,2.417993242E-1,1.354727361E0
5.147185167E0,-2.912792816E0,3.665736437E-1,4.092489624E-1
5.157123167E0,-2.468976284E0,4.083911759E-1,-1.612242539E-1
5.167062167E0,-1.539098257E0,3.052071154E-1,-5.567381068E-1
5.177000167E0,-5.032312596E-1,7.180146933E-2,-8.699335420E-1
5.186938167E0,2.397954834E-1,-3.159887964E-1,-9.952403967E-1
5.196877167E0,5.486606169E-1,-6.880541450E-1,-8.774283569E-1
5.206815167E0,2.660553288E-1,-7.478349084E-1,-1.409130733E-1
5.216754167E0,-3.585688055E-1,-3.145094508E-1,5.574266164E-1
5.226692167E0,-1.105269939E0,1.079103649E-1,7.646955009E-1
5.236631167E0,-1.722970970E0,2.333465892E-1,4.703245917E-1
5.246569167E0,-2.086782973E0,2.582785320E-1,8.165899783E-2
5.256507167E0,-2.055499785E0,2.634948331E-1,2.638863042E-2
5.266446167E0,-1.569723634E0,2.000513738E-1,2.474671765E-1
5.276384167E0,-8.987573916E-1,4.302264333E-2,4.891076025E-1
5.286323167E0,-2.578768283E-1,-1.090605122E-1,5.562997118E-2
5.296261167E0,1.398998970E-1,-1.422224110E-1,-3.431306943E-1
5.306199167E0,1.937457365E-1,-1.504067588E-1,-2.524605525E-1
5.316138167E0,1.112853777E-1,-1.819916636E-1,-1.430895531E-1
5.326076167E0,-7.281946957E-2,-1.516264880E-1,-1.191253245E-1
5.336015167E0,-4.055389041E-1,-8.510037661E-2,-3.355950952E-2
5.345953167E0,-7.811757320E-1,5.020419359E-3,1.667292613E-1
5.355892167E0,-1.099739057E0,2.583884597E-2,6.632087409E-1
5.365830167E0,-1.172574314E0,1.120034158E-2,9.071943390E-1
5.375768167E0,-1.050530060E0,1.643412584E-1,6.059022269E-1
5.385707167E0,-8.643523747E-1,4.089016378E-1,4.768416059E-1
5.395645167E0,-6.332908773E-1,4.259643978E-1,4.301726389E-1
5.405584167E0,-5.969738209E-1,2.556314975E-1,5.922130179E-1
5.415522167E0,-5.376140571E-1,2.664301354E-1,6.851121184E-1
5.425461167E0,-5.140591335E-1,3.056403941E-1,7.990620723E-1
5.435399167E0,-6.677912039E-1,2.050893348E-1,8.361696723E-1
5.445337167E0,-8.875962263E-1,7.809424281E-2,1.091603826E0
5.455276167E0,-1.130423491E0,4.917859197E-2,1.212500857E0
5.465214167E0,-1.096579222E0,1.718163389E-1,7.543168393E-1
5.475153167E0,-8.967822021E-1,2.271824545E-1,3.205619037E-1
5.485091167E0,-7.208798289E-1,1.011889905E-1,2.577321097E-1
5.495029167E0,-5.206173706E-1,2.894781053E-2,4.815079764E-1
5.504968167E0,-2.275812346E-1,9.271579027E-2,5.235023868E-1
5.514906167E0,-1.133687407E-1,1.976481682E-1,3.883615386E-1
5.524845167E0,-4.175017226E-1,3.185913920E-2,6.301342580E-1
5.534783167E0,-6.840949953E-1,-3.011754602E-1,9.706883767E-1
5.544722167E0,-7.183924234E-1,-3.072565645E-1,9.538463491E-1
5.554660167E0,-8.174243760E-1,-4.018966734E-2,8.299400488E-1
5.564598167E0,-9.174486011E-1,1.154556119E-1,7.765336275E-1
5.574537167E0,-8.737418336E-1,6.751955330E-2,6.277988800E-1
5.584475167E0,-6.985955054E-1,-4.310099602E-2,5.885947609E-1
5.594414167E0,-4.843693113E-1,-1.188312095E-1,5.468900800E-1
5.604352167E0,-2.540533340E-1,-1.137248361E-1,5.020489526E-1
5.614291167E0,-1.046347547E-1,-9.855014205E-2,4.462317243E-1
5.624229042E0,-8.466943681E-2,-1.259063405E-1,3.762578022E-1
5.634167042E0,-1.774261576E-1,-1.257233226E-1,3.612816212E-1
5.644106042E0,-2.504327381E-1,-7.961744249E-2,4.060198376E-1
5.654044042E0,-2.929607069E-1,-2.926765323E-2,3.918853632E-1
5.663983042E0,-3.099994934E-1,1.665813267E-2,3.636944747E-1
5.673921042E0,-2.875941324E-1,6.817268729E-2,3.429389057E-1
5.683859042E0,-2.771001345E-1,8.214051604E-2,4.065756154E-1
5.693798042E0,-2.891582626E-1,9.283331931E-2,4.503005093E-1
5.703736042E0,-3.393723965E-1,1.221249461E-1,4.254150519E-1
5.713675042E0,-4.181782454E-1,1.206339061E-1,4.372963017E-1
5.723613042E0,-5.404669136E-1,1.295918405E-1,5.867224824E-1
5.733552042E0,-6.591630524E-1,1.987532920E-1,7.919132665E-1
5.743490042E0,-7.409287620E-1,2.618529350E-1,7.764295471E-1
5.753428042E0,-8.310080427E-1,2.318415159E-1,8.426533574E-1
5.763367042E0,-8.999683499E-1,1.829909527E-1,8.390400705E-1
5.773305042E0,-8.964851636E-1,2.428243411E-1,7.823811355E-1
5.783244042E0,-8.931545895E-1,2.556215572E-1,6.663337854E-1
5.793182042E0,-8.621807188E-1,1.917839956E-1,6.403826728E-1
5.803121042E0,-8.715824568E-1,1.619403917E-1,8.112967864E-1
5.813059042E0,-9.475477284E-1,1.668321723E-1,9.549924034E-1
5.822997042E0,-1.025936671E0,2.071855617E-1,9.203225076E-1
5.832936042E0,-1.105364079E0,1.484368318E-1,9.199608573E-1
5.842874042E0,-1.202773429E0,-1.044511521E-1,8.069005573E-1
5.852813042E0,-1.292210101E0,-3.460902625E-1,5.191428490E-1
5.862751042E0,-1.305072221E0,-4.268321246E-1,3.095586133E-1
5.872689042E0,-1.256103544E0,-4.035093355E-1,2.772445607E-1
5.882628042E0,-1.121746223E0,-4.065767848E-1,1.722392388E-1
5.892566042E0,-9.085310125E-1,-6.385229659E-1,1.574272183E-1
5.902505042E0,-8.584314841E-1,-9.313573730E-1,3.778836206E-1
5.912443042E0,-9.543036014E-1,-8.420177650E-1,5.059088458E-1
5.922382042E0,-1.082496203E0,-5.944074780E-1,7.633952263E-1
5.932320042E0,-1.256998168E0,-5.656251436E-1,1.171211329E0
5.942258042E0,-1.586411002E0,-5.745392239E-1,1.365018461E0
5.952197042E0,-2.103729959E0,-4.567926729E-1,1.321385368E0
5.962135042E0,-2.550159026E0,-2.780649251E-1,1.179288672E0
5.972074042E0,-2.852453059E0,-1.948760033E-1,1.215613769E0
5.982012042E0,-3.092246203E0,-3.406172687E-1,1.231644787E0
5.991951042E0,-3.109658627E0,-4.724667192E-1,1.083306481E0
6.001889042E0,-2.827613502E0,-5.224791241E-1,1.100410756E0
6.011827042E0,-2.451283194E0,-6.196072233E-1,1.051426292E0
6.021766042E0,-2.079641184E0,-7.735252351E-1,7.667908506E-1
6.031704042E0,-1.839473818E0,-9.993341786E-1,5.868625963E-1
6.041643042E0,-1.753707443E0,-1.145862479E0,3.099282304E-1
6.051581042E0,-1.786966991E0,-1.102994787E0,-1.278808721E-1
6.061519042E0,-1.917970349E0,-9.708541453E-1,-2.880373148E-1
6.071458042E0,-2.006729913E0,-7.895606393E-1,-1.443033985E-1
6.081396042E0,-1.995527818E0,-6.704937869E-1,-1.042781110E-1
6.091335042E0,-2.088832422E0,-9.384529692E-1,-1.595120430E-3
6.101273042E0,-2.031623265E0,-1.251079617E0,2.094238758E-1
6.111212042E0,-1.818495762E0,-1.258969265E0,6.168930371E-2
6.121150042E0,-1.853104262E0,-1.245011376E0,4.017329514E-2
6.131088042E0,-1.939086984E0,-1.294969110E0,4.788284898E-2
6.141027042E0,-2.010104926E0,-1.314391513E0,-2.091911566E-1
6.150965042E0,-2.100699347E0,-1.348731919E0,-2.438639760E-1
6.160904042E0,-2.058846146E0,-1.408257743E0,3.180885315E-2
6.170842042E0,-2.290851384E0,-1.382841359E0,4.659950940E-1
6.180781042E0,-2.835159919E0,-1.275444964E0,6.712299514E-1
6.190719042E0,-3.307868128E0,-1.231813626E0,4.460144272E-1
6.200657042E0,-3.622993875E0,-1.415566471E0,1.861208942E-1
6.210596042E0,-3.521407274E0,-1.676508117E0,1.942613147E-2
6.220534042E0,-3.037116900E0,-2.093947567E0,-3.365313075E-1
6.230473042E0,-2.468714329E0,-2.629290858E0,-9.600807966E-1
6.240411042E0,-1.952687607E0,-2.954820263E0,-1.344825248E0
6.250349042E0,-1.327243109E0,-2.899700316E0,-1.367954348E0
6.260288042E0,-9.156575990E-1,-2.822145186E0,-1.462482190E0
6.270226042E0,-9.514103991E-1,-2.863537626E0,-1.357797734E0
6.280165042E0,-9.398370051E-1,-2.807168420E0,-8.669646183E-1
6.290103042E0,-1.145648471E0,-2.723413196E0,-7.089403993E-1
6.300042042E0,-1.581969457E0,-2.639353623E0,-7.001420939E-1
6.309980042E0,-1.721248380E0,-2.418639505E0,-1.193213524E0
6.319918042E0,-1.809709736E0,-2.297698328E0,-1.424735197E0
6.329857042E0,-1.802525847E0,-2.341772447E0,-1.299410655E0
6.339795042E0,-1.329091998E0,-2.379241405E0,-1.581901630E0
6.349734042E0,-8.346169442E-1,-2.479158333E0,-1.739097590E0
6.359672042E0,-6.200691533E-1,-2.688125834E0,-2.050562981E0
6.369611042E0,-4.602261579E-1,-2.821325699E0,-2.098068977E0
6.379549042E0,-2.013459474E-1,-2.694853348E0,-1.768520780E0
6.389487042E0,8.731237829E-2,-2.416481882E0,-1.559230513E0
6.399426042E0,1.057597589E-1,-2.336107956E0,-1.529533089E0
6.409364042E0,7.084077179E-2,-2.345253002E0,-1.778764517E0
6.419303042E0,1.201480025E-1,-2.341775955E0,-2.106231397E0
6.429241042E0,2.165644956E-1,-2.485275106E0,-2.294513788E0
6.439180042E0,4.217836386E-1,-2.675253189E0,-2.431774544E0
6.449118042E0,7.607864910E-1,-2.810667102E0,-2.538004419E0
6.459056042E0,1.190498954E0,-2.937098230E0,-2.549379008E0
6.468995042E0,1.510263882E0,-2.967102340E0,-2.389682193E0
6.478933042E0,1.557896470E0,-2.809034267E0,-2.099672868E0
6.488872042E0,1.458857501E0,-2.560047545E0,-1.753422976E0
6.498810042E0,1.319765105E0,-2.334956932E0,-1.812158842E0
6.508748042E0,1.160126762E0,-2.175916467E0,-1.969201606E0
6.518687042E0,9.818492496E-1,-2.109102965E0,-2.099061542E0
6.528625042E0,9.161908650E-1,-2.196939254E0,-2.252585451E0
6.538564042E0,1.080383019E0,-2.400922880E0,-2.535610569E0
6.548502042E0,1.229584667E0,-2.705053523E0,-2.797838895E0
6.558441042E0,1.335163747E0,-2.883096562E0,-2.777515436E0
6.568379042E0,1.388634780E0,-2.898605717E0,-2.383644943E0
6.578317042E0,1.595178317E0,-2.784314870E0,-2.260997840E0
6.588256042E0,1.868609324E0,-2.668539416E0,-2.047224805E0
6.598194042E0,2.154561558E0,-2.612194476E0,-2.044476614E0
6.608133042E0,2.300465376E0,-2.510338318E0,-2.019981458E0
6.618070917E0,2.287538937E0,-2.379816771E0,-1.704216610E0
6.628009917E0,2.303598315E0,-2.284492537E0,-1.595242637E0
6.637947917E0,2.345176111E0,-2.213250062E0,-1.625714232E0
6.647885917E0,2.391036993E0,-2.189919671E0,-1.618447604E0
6.657824917E0,2.445879782E0,-2.190290970E0,-1.662679452E0
6.667762917E0,2.448960096E0,-2.154004319E0,-1.721631957E0
6.677701917E0,2.454071732E0,-2.073692812E0,-1.743006162E0
6.687639917E0,2.493660890E0,-1.980977606E0,-1.745714007E0
6.697578917E0,2.492387366E0,-1.861763989E0,-1.646304325E0
6.707516917E0,2.498206515E0,-1.748930268E0,-1.508319975E0
6.717454917E0,2.563099499E0,-1.656738389E0,-1.521922061E0
6.727393917E0,2.596557852E0,-1.571968380E0,-1.662896968E0
6.737331917E0,2.560141393E0,-1.546251740E0,-1.761113527E0
6.747270917E0,2.532443132E0,-1.534472525E0,-1.709358652E0
6.757208917E0,2.474599552E0,-1.478961983E0,-1.608906118E0
6.767147917E0,2.404375661E0,-1.400470129E0,-1.602807764E0
6.777085917E0,2.296331395E0,-1.347816537E0,-1.421381527E0
6.787023917E0,2.174857829E0,-1.281840064E0,-1.367300629E0
6.796962917E0,2.063716877E0,-1.214207075E0,-1.403799826E0
6.806900917E0,2.007912220E0,-1.130693632E0,-1.427350072E0
6.816839917E0,1.946548616E0,-1.047506465E0,-1.409376316E0
6.826777917E0,1.878964158E0,-1.006856037E0,-1.498228558E0
6.836715917E0,1.876723505E0,-1.029994639E0,-1.660175382E0
6.846654917E0,1.859900481E0,-1.065153946E0,-1.559943288E0
6.856592917E0,1.810461103E0,-1.041068096E0,-1.357450410E0
6.866531917E0,1.730461838E0,-9.788040197E-1,-1.202574039E0
6.876469917E0,1.715564886E0,-9.350510591E-1,-1.081947442E0
6.886408917E0,1.757718633E0,-9.537995714E-1,-1.008642361E0
6.896346917E0,1.773110844E0,-1.016376473E0,-1.132410375E0
6.906284917E0,1.523620677E0,-1.047152123E0,-1.282804855E0
6.916223917E0,1.089614604E0,-9.668441248E-1,-1.281417310E0
6.926161917E0,8.520357996E-1,-8.599289560E-1,-1.231617744E0
6.936100917E0,8.348865008E-1,-9.157216260E-1,-1.236127701E0
6.946038917E0,8.877359748E-1,-1.060403668E0,-9.037386346E-1
6.955977917E0,9.154792589E-1,-1.126218466E0,-8.761614114E-1
6.965915917E0,8.720683604E-1,-1.162834900E0,-1.007146643E0
6.975853917E0,8.199433565E-1,-1.238318945E0,-1.002020389E0
6.985792917E0,7.368930137E-1,-1.264619429E0,-9.724232456E-1
6.995730917E0,6.061393315E-1,-1.223080809E0,-9.073560145E-1
7.005669917E0,4.820520598E-1,-1.166515137E0,-7.891332078E-1
7.015607917E0,4.981909597E-1,-1.127709213E0,-6.736708716E-1
7.025546917E0,5.499522668E-1,-1.118566215E0,-5.870847175E-1
7.035484917E0,4.733367848E-1,-1.104785205E0,-6.805296555E-1
7.045422917E0,2.302814788E-1,-1.048108728E0,-7.947602758E-1
7.055361917E0,-4.738875926E-2,-9.492106766E-1,-8.674002358E-1
7.065299917E0,-1.571760803E-1,-8.730002604E-1,-9.742458227E-1
7.075238917E0,-1.192405146E-1,-9.269721074E-1,-1.042309752E0
7.085176917E0,-1.246310627E-1,-1.053124031E0,-7.425782615E-1
7.095114917E0,-1.195673740E-1,-1.114269388E0,-4.987172091E-1
7.105053917E0,-2.036596906E-1,-1.146491347E0,-2.211329252E-1
7.114991917E0,-3.724477565E-1,-1.086564257E0,-3.198923975E-1
7.124930917E0,-5.852443063E-1,-9.624989858E-1,-5.916616255E-1
7.134868917E0,-7.356528193E-1,-9.006680424E-1,-6.893868716E-1
7.144807917E0,-6.903556091E-1,-8.900690138E-1,-6.946441032E-1
7.154745917E0,-4.797394860E-1,-9.306260325E-1,-7.122405678E-1
7.164683917E0,-2.164569068E-1,-1.025681805E0,-7.584367874E-1
7.174622917E0,-2.168100786E-1,-1.162216557E0,-6.382247579E-1
7.184560917E0,-4.748933136E-1,-1.207491547E0,-6.524196048E-1
7.194499917E0,-7.255494153E-1,-1.031324076E0,-4.934658247E-1
7.204437917E0,-8.408032984E-1,-7.959046490E-1,-2.281517766E-1
7.214376917E0,-9.419496042E-1,-7.202253062E-1,-2.743221223E-1
7.224314917E0,-1.051794813E0,-8.414470037E-1,-2.940418571E-1
7.234252917E0,-1.146733130E0,-1.018401656E0,-1.513990313E-1
7.244191917E0,-1.231820642E0,-1.086597294E0,-2.541172148E-1
7.254129917E0,-1.192452509E0,-9.738694082E-1,-7.313266106E-1
7.264068917E0,-1.175459331E0,-9.175944892E-1,-8.586420570E-1
7.274006917E0,-1.317603389E0,-8.285861260E-1,-4.986809564E-1
7.283945917E0,-1.585345055E0,-5.237304282E-1,-4.544401187E-2
7.293883917E0,-1.791375207E0,-2.389654711E-1,8.039611620E-1
7.303821917E0,-1.946129370E0,-2.854610682E-1,9.484984857E-1
7.313760917E0,-1.998508728E0,-5.570256436E-1,4.058171950E-1
7.323698917E0,-1.990865248E0,-8.840042818E-1,-2.694022751E-1
7.333637917E0,-1.936292015E0,-9.553522995E-1,-9.144068795E-1
7.343575917E0,-1.679541945E0,-7.660598025E-1,-1.102339314E0
7.353513917E0,-1.462559373E0,-7.515277174E-1,-8.903216136E-1
7.363452917E0,-1.184319617E0,-7.996427009E-1,-7.185105371E-1
7.373390917E0,-7.463690114E-1,-7.712091529E-1,-4.720737863E-1
7.383329917E0,-4.302363735E-1,-8.492516479E-1,-3.436431662E-1
7.393267917E0,-5.330497205E-1,-1.128195994E0,-4.629673326E-1
7.403206917E0,-1.128098638E0,-1.548381881E0,-3.645961154E-1
7.413144917E0,-1.781281158E0,-1.622795302E0,-5.068320481E-1
7.423082917E0,-1.939454774E0,-1.145147949E0,-9.283788744E-1
7.433021917E0,-1.698047798E0,-8.372768426E-1,-9.849341675E-1
7.442959917E0,-1.326495250E0,-8.944251895E-1,-1.150194243E0
7.452898917E0,-1.134330016E0,-1.000613549E0,-1.109157168E0
7.462836917E0,-1.001736799E0,-9.682538885E-1,-3.638907950E-1
7.472775917E0,-8.164005286E-1,-8.111321872E-1,4.491073850E-1
7.482713917E0,-9.996639615E-1,-7.489680988E-1,6.600418890E-1
7.492651917E0,-1.820400200E0,-8.603674972E-1,7.687100530E-1
7.502590917E0,-2.643895741E0,-7.758851713E-1,6.587167637E-1
7.512528917E0,-2.985039259E0,-4.262655294E-1,2.356764123E-2
7.522467917E0,-2.860891761E0,-2.976250309E-1,-4.944803166E-1
7.532405917E0,-2.084524779E0,-3.689569688E-1,-8.589128561E-1
7.542344917E0,-1.059214345E0,-4.850762397E-1,-1.299009536E0
7.552282917E0,-4.771860069E-1,-8.783640575E-1,-9.955293953E-1
7.562220917E0,-3.294210202E-1,-1.078377424E0,2.522965381E-1
7.572159917E0,-4.001740837E-1,-7.082130057E-1,1.254170455E0
7.582097917E0,-9.550812811E-1,-3.115694708E-1,1.623348156E0
7.592036917E0,-1.812864309E0,-1.579923517E-1,1.439760056E0
7.601974917E0,-2.613018934E0,-8.137102246E-2,9.420320499E-1
7.611912917E0,-3.187741760E0,1.868126929E-2,6.066670427E-1
7.621851917E0,-3.188313033E0,1.594132251E-1,2.885364112E-1
7.631789917E0,-2.536066652E0,1.985322672E-1,1.255596006E-1
7.641728917E0,-1.661267057E0,-2.886419535E-2,3.398284793E-1
7.651666917E0,-8.521293551E-1,-2.566103214E-1,1.260601223E-1
7.661605917E0,-2.765914267E-1,-3.351179624E-1,-3.787642112E-1
7.671543917E0,5.299916267E-3,-3.599352998E-1,-4.772400936E-1
7.681481917E0,1.756912887E-2,-3.783206999E-1,-1.238580608E-1
7.691420917E0,-1.610147774E-1,-2.616699171E-1,4.112387699E-1
7.701358917E0,-5.461889988E-1,-5.731908560E-2,6.976383162E-1
7.711297917E0,-1.053133825E0,1.441367894E-1,7.507494530E-1
7.721235917E0,-1.545820801E0,2.265439385E-1,9.242968601E-1
7.731174917E0,-1.980065441E0,2.482593280E-1,1.289252287E0
7.741112917E0,-2.091985241E0,3.985959202E-1,1.088924340E0
7.751050917E0,-1.831236845E0,6.167450112E-1,5.570931789E-1
7.760989917E0,-1.423271347E0,5.259547091E-1,5.377438653E-1
7.770927917E0,-1.029190646E0,2.447153306E-1,7.779080155E-1
7.780866917E0,-7.462017810E-1,1.633641887E-1,8.940734795E-1
7.790804917E0,-6.203907502E-1,2.626920104E-1,8.142326733E-1
7.800743917E0,-7.684112602E-1,2.700472230E-1,7.869910803E-1
7.810681917E0,-1.091547108E0,2.180479342E-1,7.881368423E-1
7.820619917E0,-1.411593288E0,2.460245222E-1,7.713214195E-1
7.830558917E0,-1.676802524E0,2.601168966E-1,7.819782624E-1
7.840496917E0,-1.842552962E0,2.516167992E-1,1.021539857E0
7.850435917E0,-1.820142338E0,2.603004992E-1,1.209544213E0
7.860373917E0,-1.599899359E0,3.156923425E-1,1.071129216E0
7.870312917E0,-1.223159162E0,2.600011218E-1,8.812467349E-1
7.880250917E0,-8.296608442E-1,8.784973741E-2,8.338027194E-1
7.890188917E0,-4.923630399E-1,-2.439750731E-2,7.975283477E-1
7.900127917E0,-2.770527720E-1,-4.214614570E-2,6.374081942E-1
7.910065917E0,-2.312281430E-1,-6.853813827E-2,4.753900346E-1
7.920004917E0,-2.709213817E-1,-1.169741338E-1,4.246239236E-1
7.929942917E0,-3.928159475E-1,-1.291240633E-1,4.867155066E-1
7.939881917E0,-5.843280476E-1,-2.985763729E-2,4.318347099E-1
7.949819917E0,-6.438527030E-1,1.395777154E-1,2.141721073E-1
7.959757917E0,-5.520063937E-1,2.647473067E-1,1.955981344E-1
7.969696917E0,-3.754292518E-1,2.739613491E-1,2.157186958E-1
7.979634917E0,-1.534584206E-1,1.811204284E-1,2.393885171E-1
7.989573917E0,2.454719603E-2,1.608311749E-1,2.474108970E-1
7.999511917E0,1.710392439E-1,2.127795929E-1,1.619444847E-1
8.009449917E0,2.909714842E-1,1.611820078E-1,1.931589684E-1
8.019388917E0,2.881718373E-1,3.933246553E-2,3.106330392E-1
8.029326917E0,1.313559455E-1,4.590064287E-2,3.877765247E-1
8.039265917E0,-1.572491705E-1,2.996101606E-1,4.268873808E-1
8.049203917E0,-4.091442972E-1,6.098610842E-1,1.904669103E-1
8.059142917E0,-5.945273459E-1,8.178816283E-1,2.829990980E-1
8.069080917E0,-7.408398843E-1,8.217384517E-1,6.838725087E-1
8.079018917E0,-8.968155313E-1,7.122136706E-1,9.687701976E-1
8.088957917E0,-1.043073691E0,6.224045312E-1,1.158588359E0
8.098895917E0,-1.292091402E0,6.371266508E-1,1.298495565E0
8.108834917E0,-1.642040827E0,6.536655003E-1,1.379606679E0
8.118772917E0,-1.914601184E0,5.792900866E-1,1.372147678E0
8.128711917E0,-2.072510505E0,3.880411112E-1,1.261055844E0
8.138649917E0,-2.045417431E0,1.668532223E-1,1.148172422E0
8.148587917E0,-1.837213284E0,-1.415610909E-2,9.163797301E-1
8.158526917E0,-1.654740980E0,-1.898263478E-1,6.397388944E-1
8.168464917E0,-1.548009998E0,-3.333304685E-1,4.429029045E-1
8.178403917E0,-1.430552300E0,-3.505581200E-1,4.376918659E-1
8.188341917E0,-1.311360902E0,-3.665321285E-1,5.740188217E-1
8.198280917E0,-1.279865459E0,-5.493687147E-1,6.578749108E-1
8.208218917E0,-1.393221336E0,-7.491324055E-1,6.170451196E-1
8.218156917E0,-1.579492577E0,-8.786675280E-1,4.970918293E-1
8.228095917E0,-1.799515116E0,-9.850307196E-1,6.342857811E-1
8.238033917E0,-2.073158961E0,-1.027059336E0,9.076062754E-1
8.247972917E0,-2.350728627E0,-9.779468179E-1,8.737367173E-1
8.257910917E0,-2.606315686E0,-8.507149136E-1,9.140075147E-1
8.267849917E0,-2.817143478E0,-6.652628678E-1,1.306523939E0
8.277787917E0,-3.003334027E0,-6.371898007E-1,1.257663581E0
8.287725917E0,-3.267515908E0,-5.934877110E-1,1.064458712E0
8.297664917E0,-3.479150616E0,-3.590137786E-1,9.635533118E-1
8.307602917E0,-3.470249984E0,-3.225242293E-1,6.239633989E-1
8.317541917E0,-3.324812189E0,-6.457723439E-1,5.367064230E-1
8.327479917E0,-3.222807512E0,-9.363912410E-1,7.242068946E-1
8.337418917E0,-3.171363124E0,-1.051966136E0,5.960837285E-1
8.347356917E0,-3.235352713E0,-1.198764578E0,5.012806284E-1
8.357294917E0,-3.233159423E0,-1.308950095E0,4.132367635E-1
8.367233917E0,-3.293573440E0,-1.480134349E0,1.701703477E-1
8.377171917E0,-3.422312756E0,-1.774936929E0,8.267261267E-2
8.387110917E0,-3.424859803E0,-1.920426764E0,2.513484120E-2
8.397048917E0,-3.349795003E0,-1.932704748E0,-7.947884521E-2
8.406986917E0,-3.174420633E0,-2.089126537E0,-1.682688332E-1
8.416925917E0,-2.810418595E0,-2.384927822E0,-4.074421728E-1
8.426863917E0,-2.474857998E0,-2.619642952E0,-5.706204565E-1
8.436802917E0,-2.299565490E0,-2.623076144E0,-5.545072478E-1
8.446740917E0,-2.384861748E0,-2.496239804E0,-6.549274756E-1
8.456679917E0,-2.503845570E0,-2.444737529E0,-6.696734957E-1
8.466617917E0,-2.400333481E0,-2.594034778E0,-6.571597233E-1
8.476555917E0,-2.294877192E0,-2.777314584E0,-8.017631936E-1
8.486494917E0,-2.171854114E0,-2.843807658E0,-1.162812973E0
8.496432917E0,-1.984272512E0,-2.819723269E0,-1.056952203E0
8.506371917E0,-1.813525629E0,-2.733390300E0,-5.713864052E-1
8.516309917E0,-1.448570495E0,-2.629427682E0,-1.046368450E0
8.526248917E0,-1.203497899E0,-2.745482049E0,-1.619779893E0
8.536186917E0,-1.092217784E0,-2.965223922E0,-9.278765255E-1
8.546124917E0,-9.459806746E-1,-2.996208025E0,-1.020758377E0
8.556063917E0,-9.787595809E-1,-2.882838992E0,-1.352144646E0
8.566001917E0,-1.092769176E0,-2.795733313E0,-1.146232608E0
8.575940917E0,-1.205284224E0,-2.802121396E0,-1.064737332E0
8.585878917E0,-1.208599010E0,-2.743237011E0,-1.337889134E0
8.595817917E0,-1.038830951E0,-2.664770885E0,-1.603287528E0
8.605755917E0,-6.880599922E-1,-2.784370711E0,-1.610971647E0
8.615693917E0,-1.508014458E-1,-3.006465211E0,-1.760420339E0
8.625633167E0,4.477552164E-1,-3.144825244E0,-1.775269344E0
8.635571167E0,9.138864774E-1,-3.198061803E0,-1.786865249E0
8.645510167E0,1.171010184E0,-3.269509516E0,-1.938197915E0
8.655448167E0,1.195947974E0,-3.314229021E0,-1.539482127E0
8.665387167E0,1.083611267E0,-3.206728254E0,-1.465120746E0
8.675325167E0,8.061322331E-1,-3.031329911E0,-1.789771023E0
8.685263167E0,4.337984973E-1,-2.939443840E0,-1.984123408E0
8.695202167E0,4.250346905E-1,-2.867176933E0,-1.942992047E0
8.705140167E0,8.097826499E-1,-2.892325222E0,-2.047007289E0
8.715079167E0,1.274774873E0,-3.005809446E0,-2.192476659E0
8.725017167E0,1.603140471E0,-3.103363515E0,-2.078715862E0
8.734955167E0,1.755658075E0,-3.078388010E0,-1.884510242E0
8.744894167E0,1.708792056E0,-2.954591053E0,-1.603916104E0
8.754832167E0,1.590333899E0,-2.772032794E0,-1.375383820E0
8.764771167E0,1.397314387E0,-2.567221786E0,-1.394643379E0
8.774709167E0,1.260927497E0,-2.501590884E0,-1.677929283E0
8.784648167E0,9.799629378E-1,-2.491062095E0,-1.991888803E0
8.794586167E0,7.670775104E-1,-2.521383416E0,-1.907592126E0
8.804524167E0,8.828582275E-1,-2.604821137E0,-1.742781629E0
8.814463167E0,1.081356581E0,-2.657760074E0,-1.655966264E0
8.824401167E0,1.215517436E0,-2.589278653E0,-1.776702496E0
8.834340167E0,1.439069939E0,-2.534709513E0,-1.963578631E0
8.844278167E0,1.816813518E0,-2.532631413E0,-2.227956394E0
8.854217167E0,2.128202310E0,-2.532443132E0,-2.396134011E0
8.864155167E0,2.307628800E0,-2.436036580E0,-2.404625922E0
8.874094167E0,2.486496297E0,-2.285730393E0,-2.345195407E0
8.884032167E0,2.567784873E0,-2.162420801E0,-2.352071732E0
8.893970167E0,2.467561843E0,-1.979974224E0,-2.364526594E0
8.903909167E0,2.351576473E0,-1.792966234E0,-2.331565547E0
8.913847167E0,2.292749391E0,-1.611387384E0,-2.235092336E0
8.923786167E0,2.223183897E0,-1.446306453E0,-2.085107161E0
8.933724167E0,2.227067032E0,-1.358957237E0,-2.017652512E0
8.943662167E0,2.311549358E0,-1.300518410E0,-1.954441480E0
8.953601167E0,2.370364162E0,-1.233003534E0,-1.912705516E0
8.963539167E0,2.467819120E0,-1.167194876E0,-1.775869853E0
8.973478167E0,2.611058362E0,-1.137523180E0,-1.725566549E0
8.983416167E0,2.623932762E0,-1.089756106E0,-1.791416137E0
8.993355167E0,2.536599333E0,-1.030644849E0,-1.895408283E0
9.003293167E0,2.570062948E0,-9.767890692E-1,-2.147448421E0
9.013231167E0,2.557855716E0,-8.563960683E-1,-1.520953762E0
9.023170167E0,2.497991922E0,-7.199852049E-1,-1.247470130E0
9.033108167E0,2.539147550E0,-6.340486765E-1,-1.348793022E0
9.043047167E0,2.566871538E0,-5.848648220E-1,-1.202325825E0
9.052985167E0,2.458512692E0,-5.620267671E-1,-9.427454102E-1
9.062924167E0,2.329544749E0,-5.713665247E-1,-7.952964655E-1
9.072862167E0,2.193029805E0,-5.726020414E-1,-9.276835674E-1
9.082800167E0,1.966431488E0,-5.484968948E-1,-9.952662706E-1
9.092739167E0,1.849836254E0,-5.174505186E-1,-9.674490193E-1
9.102677167E0,1.906011624E0,-4.794798696E-1,-8.979259175E-1
9.112616167E0,2.034474367E0,-4.812761343E-1,-8.151816764E-1
9.122554167E0,2.098998392E0,-5.145619941E-1,-7.138152230E-1
9.132493167E0,1.991984990E0,-5.456200647E-1,-7.469396996E-1
9.142431167E0,1.828366447E0,-5.208652925E-1,-9.870866007E-1
9.152369167E0,1.747348596E0,-5.522823822E-1,-1.123796257E0
9.162308167E0,1.755379747E0,-6.964039689E-1,-1.182967156E0
9.172246167E0,1.801567488E0,-8.795820326E-1,-1.271520313E0
9.182185167E0,1.783261026E0,-1.018209575E0,-1.224834097E0
9.192123167E0,1.648235368E0,-1.106673270E0,-1.172731897E0
9.202062167E0,1.514056971E0,-1.149235153E0,-1.143073357E0
9.212000167E0,1.493654866E0,-1.180549917E0,-1.165277574E0
9.221938167E0,1.485158277E0,-1.300111443E0,-1.419516850E0
9.231877167E0,1.323894408E0,-1.434203009E0,-1.312404337E0
9.241815167E0,1.071042677E0,-1.464230508E0,-1.022401737E0
9.251754167E0,9.013804525E-1,-1.398834078E0,-7.232128680E-1
9.261692167E0,8.047628152E-1,-1.288518754E0,-7.197779211E-1
9.271631167E0,7.386085868E-1,-1.214295660E0,-8.728986651E-1
9.281569167E0,6.835909653E-1,-1.239569080E0,-9.409748733E-1
9.291507167E0,6.231956595E-1,-1.376072330E0,-1.088880193E0
9.301446167E0,5.472672254E-1,-1.531091664E0,-1.089126653E0
9.311384167E0,5.500668722E-1,-1.653742860E0,-8.222392657E-1
9.321323167E0,5.061086744E-1,-1.711662747E0,-6.147280142E-1
9.331261167E0,3.216342831E-1,-1.659554992E0,-5.202899265E-1
9.341200167E0,-2.504654825E-2,-1.507294666E0,-2.830116695E-1
9.351138167E0,-3.802906269E-1,-1.337841772E0,-9.231204003E-2
9.361076167E0,-6.851983649E-1,-1.120320379E0,1.490776867E-2
9.371015167E0,-8.782751799E-1,-9.897785126E-1,1.227216545E-1
9.380953167E0,-8.919377840E-1,-1.037510503E0,1.427182549E-1
9.390892167E0,-8.675367683E-1,-1.153279965E0,-2.109730956E-1
9.400830167E0,-7.209090650E-1,-1.209448318E0,-6.089109117E-1
9.410769167E0,-3.834001762E-1,-1.268287387E0,-7.800086278E-1
9.420707167E0,-9.862791002E-2,-1.322639304E0,-8.848179218E-1
9.430645167E0,1.293398255E-1,-1.232172060E0,-1.142358535E0
9.440584167E0,5.049474174E-1,-1.123269715E0,-1.455985641E0
9.450522167E0,7.756015813E-1,-1.144242654E0,-1.195238999E0
9.460461167E0,6.896317238E-1,-1.217816634E0,-6.167239612E-1
9.470399167E0,4.615254092E-1,-1.196473785E0,-8.224035725E-1
9.480338167E0,1.035892725E-1,-1.116772728E0,-1.075504980E0
9.490276167E0,-1.589460325E-1,-1.136244906E0,-1.030585207E0
9.500214167E0,-1.681197292E-1,-1.201819968E0,-1.263421627E0
9.510153167E0,-1.438379967E-1,-1.196595188E0,-1.320602134E0
9.520091167E0,-7.137871563E-2,-1.105248889E0,-1.196953257E0
9.530030167E0,-1.734184760E-1,-1.099242921E0,-7.770309332E-1
9.539968167E0,-4.992183155E-1,-1.076556602E0,-4.994063035E-1
9.549906167E0,-7.351698393E-1,-9.705161762E-1,-4.879001525E-1
9.559845167E0,-8.443823791E-1,-9.689660794E-1,-3.387626781E-1
9.569783167E0,-1.126909899E0,-1.187470389E0,-1.346321404E-2
9.579722167E0,-1.444502587E0,-1.311575202E0,6.499297142E-2
9.589660167E0,-1.518006181E0,-1.145195604E0,-3.842879297E-1
9.599599167E0,-1.547406566E0,-1.129016359E0,-6.311291617E-1
9.609537167E0,-1.590667191E0,-1.224645816E0,-1.777477545E-1
9.619475292E0,-1.442432088E0,-1.123400108E0,3.367240463E-1
9.629414292E0,-1.127690502E0,-9.751644203E-1,3.623124853E-2
9.639352292E0,-1.078623008E0,-1.117682700E0,-1.749948853E-1
9.649291292E0,-1.561535777E0,-1.523596996E0,2.352323163E-1
9.659229292E0,-1.671726556E0,-1.789809907E0,-1.072236752E0
9.669168292E0,-1.650300604E0,-1.191673660E0,-9.208254413E-1
9.679106292E0,-1.691184336E0,-1.086644803E0,4.592560317E-1
9.689044292E0,-1.163346239E0,-1.416477759E0,-5.253542000E-1
9.698983292E0,-9.345797735E-1,-1.212671888E0,-5.621513128E-1
9.708921292E0,-9.071896613E-1,-9.165890604E-1,-8.820302618E-1
9.718860292E0,-9.898996961E-1,-9.279496157E-1,-5.709934723E-1
9.728798292E0,-1.329024171E0,-1.036590298E0,2.717405766E-1
9.738737292E0,-1.795008082E0,-8.426562810E-1,6.015814269E-1
9.748675292E0,-2.060589201E0,-5.920621598E-1,1.921523702E-1
9.758613292E0,-2.203969946E0,-5.673313612E-1,-1.199603069E-1
9.768552292E0,-2.066674399E0,-5.468824786E-1,-4.116755204E-1
9.778490292E0,-1.659162059E0,-3.999583215E-1,-3.899390809E-1
9.788429292E0,-1.216145427E0,-5.043018848E-1,-5.268083660E-1
9.798367292E0,-1.092510729E0,-7.535610867E-1,-1.355630902E-1
9.808306292E0,-1.165936555E0,-8.122735637E-1,6.271255732E-2
9.818244292E0,-1.484759497E0,-8.371090275E-1,3.939538157E-1
9.828182292E0,-1.871043520E0,-7.130661947E-1,2.632943467E-1
9.838121292E0,-2.130842328E0,-4.728871340E-1,-3.397933960E-2
9.848059292E0,-2.124610366E0,-4.462717777E-1,-1.987654249E-1
9.857998292E0,-1.895208893E0,-3.403553134E-1,-6.946623757E-2
9.867936292E0,-1.671847594E0,-3.829949641E-1,2.707762246E-1
9.877875292E0,-1.414508125E0,-4.037215894E-1,2.939464013E-1
9.887813292E0,-1.425864002E0,-4.457759339E-1,6.336278231E-1
9.897751292E0,-1.756311209E0,-4.957783985E-1,1.249359658E0
9.907690292E0,-1.975349661E0,-3.721010166E-1,9.986133631E-1
9.917628292E0,-2.069558830E0,-2.453409827E-1,6.788405411E-1
9.927567292E0,-1.968148230E0,-1.086512071E-1,2.174414317E-1
9.937505292E0,-1.740349479E0,-5.610754251E-2,-2.312515318E-1
9.947444292E0,-1.431562114E0,-2.128626233E-1,-2.151063462E-1
9.957382292E0,-1.011235017E0,-4.033368427E-1,-1.361467154E-1
9.967320292E0,-6.400870961E-1,-5.479677218E-1,1.018465099E-1
9.977259292E0,-7.557251412E-1,-7.526565224E-1,9.813512130E-1
9.987197292E0,-1.330297109E0,-5.242753887E-1,1.756046476E0
9.997136292E0,-1.751064502E0,2.088233668E-1,1.326715982E0
1.000707429E1,-2.011756180E0,5.763541996E-1,9.559039843E-1
1.001701329E1,-2.180616751E0,4.377851290E-1,7.546043761E-1
1.002695129E1,-2.064457135E0,3.295911741E-1,4.997651763E-1
1.003688929E1,-1.652570493E0,3.588763690E-1,3.224105009E-1
1.004682829E1,-1.158298922E0,2.307720602E-1,3.123907122E-1
1.005676629E1,-8.149890107E-1,-8.602949917E-2,4.530165410E-1
1.006670529E1,-7.030078143E-1,-3.013900530E-1,6.995488939E-1
1.007664329E1,-6.245726788E-1,-1.788405991E-1,4.553750154E-1
1.008658229E1,-6.407180107E-1,1.367307061E-1,1.990430215E-1
1.009652029E1,-7.343629235E-1,3.265453595E-1,5.243052095E-1
1.010645829E1,-8.365769309E-1,2.962567824E-1,7.170829394E-1
1.011639729E1,-9.027159566E-1,3.192778552E-1,8.000958601E-1
1.012633529E1,-9.723738366E-1,3.726009536E-1,8.654580832E-1
1.013627429E1,-1.159833232E0,3.577788466E-1,9.899488127E-1
1.014621229E1,-1.435200251E0,3.255799842E-1,1.146480822E0
1.015615129E1,-1.623771202E0,3.145234841E-1,1.200369346E0
1.016608929E1,-1.752570745E0,2.850336367E-1,1.266013698E0
1.017602729E1,-1.816274405E0,2.272485280E-1,1.329395761E0
1.018596629E1,-1.743204090E0,2.427056426E-1,1.179862576E0
1.019590429E1,-1.520853190E0,2.916298807E-1,8.614129794E-1
1.020584329E1,-1.243793401E0,2.659208429E-1,7.626292410E-1
1.021578129E1,-8.537618977E-1,2.076252723E-1,8.181511849E-1
1.022572029E1,-4.567926729E-1,1.262864095E-1,8.395382532E-1
1.023565829E1,-2.558519375E-1,5.657824337E-2,6.813459268E-1
1.024559629E1,-1.716105169E-1,1.095066547E-1,4.408727512E-1
1.025553529E1,-1.692470723E-1,1.690851045E-1,3.779947177E-1
1.026547329E1,-1.656750083E-1,1.772665286E-1,3.051834342E-1
1.027541229E1,-1.636185426E-1,1.555306739E-1,1.741511321E-1
1.028535029E1,-2.735596454E-1,1.659334552E-1,2.220608783E-1
1.029528929E1,-4.595198143E-1,2.689836144E-1,2.552920666E-1
1.030522729E1,-5.532974589E-1,3.652053952E-1,1.339141023E-1
1.031516529E1,-5.883871847E-1,3.985602522E-1,2.697960851E-1
1.032510429E1,-5.498522794E-1,3.941035044E-1,4.383154714E-1
1.033504229E1,-4.802563798E-1,3.071097994E-1,3.132207245E-1
1.034498129E1,-5.471613908E-1,2.510010874E-1,3.153716227E-1
1.035491929E1,-6.751013929E-1,3.018513983E-1,3.650767565E-1
1.036485829E1,-7.765166706E-1,3.704193574E-1,3.989575705E-1
1.037479629E1,-8.195761514E-1,3.827856338E-1,4.346415196E-1
1.038473429E1,-9.839378750E-1,2.501672745E-1,5.516744180E-1
1.039467329E1,-1.233401729E0,1.412745774E-1,7.247639881E-1
1.040461129E1,-1.351579805E0,2.418882018E-1,6.380005172E-1
1.041455029E1,-1.442251409E0,3.021414202E-1,5.455425891E-1
1.042448829E1,-1.507739055E0,1.450840384E-1,6.581523612E-1
1.043442729E1,-1.448810230E0,-4.876928687E-2,7.857992716E-1
1.044436529E1,-1.331810954E0,-2.140864456E-1,6.583568676E-1
1.045430329E1,-1.337944098E0,-3.796445096E-1,5.730598783E-1
1.046424229E1,-1.507893421E0,-4.060405952E-1,8.343218060E-1
1.047418029E1,-1.727076885E0,-3.432777518E-1,9.531829825E-1
1.048411929E1,-1.868259076E0,-2.130134815E-1,1.035448337E0
1.049405729E1,-1.841912692E0,-2.087298113E-1,1.311600491E0
1.050399629E1,-1.621809461E0,-3.552376467E-1,1.358940719E0
1.051393429E1,-1.486690832E0,-5.324322546E-1,1.086576244E0
1.052387229E1,-1.574873861E0,-7.215499198E-1,9.568652666E-1
1.053381129E1,-1.784066187E0,-8.366120142E-1,8.641122003E-1
1.054374929E1,-1.793695382E0,-7.763207889E-1,4.458512168E-1
1.055368829E1,-1.644124775E0,-8.451887101E-1,2.289442205E-1
1.056362629E1,-1.473949165E0,-1.114733073E0,2.024725597E-1
1.057356529E1,-1.280142617E0,-1.204945670E0,2.297792760E-1
1.058350329E1,-1.067936051E0,-1.043243845E0,2.896358339E-1
1.059344129E1,-1.007219149E0,-9.244260836E-1,5.853190776E-1
1.060338029E1,-1.220753617E0,-9.940512192E-1,9.554116488E-1
1.061331829E1,-1.706117540E0,-1.094239751E0,9.784216849E-1
1.062325729E1,-2.145943932E0,-1.045977418E0,8.417768598E-1
1.063319529E1,-2.441269838E0,-9.389786339E-1,9.427793241E-1
1.064313429E1,-2.576627617E0,-9.637193727E-1,1.016884596E0
1.065307229E1,-2.510603782E0,-1.131663101E0,6.771099114E-1
1.066301029E1,-2.371139503E0,-1.347865654E0,3.290345192E-1
1.067294929E1,-2.218775096E0,-1.515463811E0,4.516716814E-1
1.068288729E1,-2.060831861E0,-1.612395444E0,3.371715045E-1
1.069282629E1,-1.869623231E0,-1.549896310E0,1.119765186E-1
1.070276429E1,-1.936365105E0,-1.718711273E0,1.231084387E-1
1.071270329E1,-2.125516684E0,-1.961185951E0,3.688312536E-1
1.072264129E1,-1.943136181E0,-1.689242476E0,5.110296911E-1
1.073257929E1,-1.773103827E0,-1.429675510E0,4.386862214E-1
1.074251829E1,-1.909184908E0,-1.373334956E0,5.641856322E-1
1.075245629E1,-2.126106083E0,-1.164909492E0,8.992936543E-1
1.076239529E1,-2.388677641E0,-8.942293078E-1,8.758872501E-1
1.077233329E1,-2.633970092E0,-7.031987259E-1,7.839946747E-1
1.078227229E1,-2.830954601E0,-6.959101716E-1,5.279847892E-1
1.079221029E1,-3.100320624E0,-8.856412098E-1,-2.180947119E-1
1.080214829E1,-3.382397323E0,-1.248958539E0,-9.400066475E-1
1.081208729E1,-3.467196568E0,-1.743163159E0,-1.322312737E0
1.082202529E1,-3.031610577E0,-2.277092301E0,-1.106504286E0
1.083196429E1,-2.007656112E0,-2.787579663E0,-1.006406971E0
1.084190229E1,-1.071278320E0,-3.242425798E0,-1.342655931E0
1.085184129E1,-5.255477428E-1,-3.482208125E0,-1.497104723E0
1.086177929E1,-1.459570277E-1,-3.380231515E0,-1.406543194E0
1.087171729E1,-8.861279905E-2,-3.133522283E0,-1.378051320E0
1.088165629E1,-5.651567817E-1,-3.040577282E0,-1.384282990E0
1.089159429E1,-1.204026487E0,-3.120282141E0,-1.346921474E0
1.090153329E1,-1.520245079E0,-3.189792379E0,-1.623184726E0
1.091147129E1,-1.463071589E0,-3.135050161E0,-1.897425718E0
1.092141029E1,-1.139680218E0,-3.123462149E0,-1.340104790E0
1.093134829E1,-6.577766776E-1,-3.130022433E0,-1.281416141E0
1.094128629E1,-2.830976236E-1,-3.114014510E0,-1.575704750E0
1.095122529E1,1.382884043E-1,-3.082185484E0,-1.829820650E0
1.096116329E1,4.945136458E-1,-3.138888858E0,-1.883774370E0
1.097110229E1,8.088301384E-1,-3.084961157E0,-1.611685592E0
1.098104029E1,9.814171404E-1,-2.892915791E0,-1.402005316E0
1.099097929E1,9.542439598E-1,-2.744074332E0,-1.742524059E0
1.100091729E1,7.652789068E-1,-2.759250780E0,-1.894228022E0
1.101085529E1,6.167993903E-1,-2.799884836E0,-1.814956735E0
1.102079429E1,8.030489963E-1,-2.724800740E0,-1.735698896E0
1.103073229E1,1.207188662E0,-2.685446347E0,-1.599851705E0
1.104067129E1,1.550278133E0,-2.748577858E0,-1.502457557E0
1.105060929E1,1.735870512E0,-2.739870476E0,-1.480854142E0
1.106054829E1,1.757892296E0,-2.579263835E0,-1.730521479E0
1.107048629E1,1.721857660E0,-2.415859593E0,-2.081723962E0
1.108042429E1,1.743448504E0,-2.443956926E0,-2.146601451E0
1.109036329E1,1.812088383E0,-2.697139317E0,-2.617196769E0
1.110030129E1,1.846114501E0,-3.037815935E0,-3.144732565E0
1.111024029E1,1.852912474E0,-3.213160776E0,-3.306191731E0
1.112017829E1,1.809782826E0,-3.057743830E0,-3.037635548E0
1.113011729E1,1.898117883E0,-2.726787624E0,-2.577676900E0
1.114005529E1,2.140982569E0,-2.477705008E0,-2.201860271E0
1.114999329E1,2.345334570E0,-2.310169415E0,-1.864122171E0
1.115993229E1,2.470745652E0,-2.141459702E0,-1.988832171E0
1.116987029E1,2.306502627E0,-1.924966543E0,-1.955872001E0
1.117980929E1,2.004746538E0,-1.669884099E0,-1.714063906E0
1.118974729E1,1.783760962E0,-1.362162096E0,-1.556844556E0
1.119968629E1,1.778127170E0,-1.068086910E0,-1.502984684E0
1.120962429E1,1.939036698E0,-8.362003702E-1,-1.439494447E0
1.121956229E1,2.100149124E0,-6.765140802E-1,-1.291783254E0
1.122950129E1,2.261447491E0,-5.725400609E-1,-1.108214012E0
1.123943929E1,2.522908078E0,-4.704470909E-1,-1.159811597E0
1.124937829E1,2.650588464E0,-3.858367109E-1,-1.232132299E0
1.125931629E1,2.617754593E0,-3.613111496E-1,-1.136387651E0
1.126925529E1,2.590528788E0,-3.192123663E-1,-1.199947470E0
1.127919329E1,2.633936178E0,-2.699349564E-1,-1.496041700E0
1.128913129E1,2.601622126E0,-2.584276360E-1,-1.350062745E0
1.129907029E1,2.617658114E0,-2.746717858E-1,-1.283869340E0
1.130900829E1,2.628943241E0,-2.886045313E-1,-1.411975111E0
1.131894729E1,2.475575452E0,-2.985909909E-1,-1.235605545E0
1.132888529E1,2.266418794E0,-2.726387089E-1,-1.117523364E0
1.133882429E1,2.085222936E0,-2.336307639E-1,-1.145770970E0
1.134876229E1,1.894077457E0,-2.150816417E-1,-1.289281815E0
1.135870029E1,1.703962256E0,-2.044747925E-1,-1.241765002E0
1.136863929E1,1.672505990E0,-2.071072090E-1,-9.383272541E-1
1.137857729E1,1.723495465E0,-1.783137649E-1,-8.524644005E-1
1.138851629E1,1.752951398E0,-1.856660539E-1,-7.867229855E-1
1.139845429E1,1.693798041E0,-2.969695580E-1,-5.771236932E-1
1.140839329E1,1.567664829E0,-3.519234449E-1,-6.584757122E-1
1.141833129E1,1.479291181E0,-3.938403797E-1,-9.126544690E-1
1.142826929E1,1.505952730E0,-5.007380068E-1,-9.637132332E-1
1.143820829E1,1.532847583E0,-6.278558904E-1,-1.032144660E0
1.144814629E1,1.548194770E0,-7.049297941E-1,-1.004313667E0
1.145808529E1,1.557642117E0,-7.183409679E-1,-9.216428089E-1
1.146802329E1,1.597607251E0,-7.443365192E-1,-9.940301692E-1
1.147796229E1,1.619836611E0,-8.472533619E-1,-9.521155733E-1
1.148790029E1,1.617427558E0,-9.625961226E-1,-8.996935308E-1
1.149783929E1,1.665957693E0,-1.052987060E0,-9.393002307E-1
1.150777729E1,1.663006019E0,-1.102910002E0,-9.821410257E-1
1.151771529E1,1.482586672E0,-1.189607254E0,-9.538799706E-1
1.152765429E1,1.173783519E0,-1.257299592E0,-9.177234203E-1
1.153759229E1,8.888867068E-1,-1.247237411E0,-9.633574301E-1
1.154753129E1,7.586586893E-1,-1.166131852E0,-9.603414363E-1
1.155746929E1,8.415400475E-1,-1.134597234E0,-7.517054728E-1
1.156740829E1,1.107301846E0,-1.110972143E0,-8.031674024E-1
1.157734629E1,1.437739112E0,-1.111379402E0,-1.223152730E0
1.158728429E1,1.552149827E0,-1.283479916E0,-1.240792025E0
1.159722329E1,1.232467344E0,-1.477810666E0,-1.001980921E0
1.160716129E1,7.557438523E-1,-1.460979456E0,-8.892843175E-1
1.161710029E1,3.777500117E-1,-1.296646968E0,-4.297808754E-1
1.162703867E1,1.560925913E-1,-1.223862289E0,-2.621502659E-1
1.163697767E1,-7.339132726E-2,-1.293574256E0,-3.696484020E-1
1.164691567E1,-3.391086870E-1,-1.402877720E0,-4.408780137E-1
1.165685367E1,-3.735441095E-1,-1.483214955E0,-6.221557322E-1
1.166679267E1,-1.737850964E-1,-1.506456468E0,-5.681420776E-1
1.167673067E1,2.533598542E-3,-1.453641200E0,-1.778699613E-1
1.168666967E1,6.887669206E-2,-1.313826672E0,-1.523299080E-1
1.169660767E1,-6.521399617E-3,-1.164691098E0,-1.599523383E-1
1.170654667E1,-7.530044317E-2,-1.034255358E0,-1.062433237E-1
1.171648467E1,-1.126349151E-1,-9.991261639E-1,-5.228301032E-1
1.172642267E1,-2.216813940E-1,-1.119706129E0,-9.452744772E-1
1.173636167E1,-2.348107320E-1,-1.203764240E0,-9.286789097E-1
1.174629967E1,-8.775969028E-2,-1.229795167E0,-6.364027655E-1
1.175623867E1,3.865009546E-2,-1.286548388E0,-4.748740178E-1
1.176617667E1,-6.372821867E-2,-1.265067911E0,-3.151048435E-1
1.177611567E1,-2.976367253E-1,-1.150270695E0,-1.151989192E-1
1.178605367E1,-4.427716345E-1,-1.104453448E0,-3.078040101E-1
1.179599167E1,-4.423102891E-1,-1.238064299E0,-8.609248830E-1
1.180593067E1,-3.560854930E-1,-1.567999874E0,-1.355949429E0
1.181586867E1,-1.224939054E-1,-1.829310626E0,-1.646853524E0
1.182580767E1,1.244731879E-1,-1.784196872E0,-1.548611677E0
1.183574567E1,1.684980440E-1,-1.492750594E0,-9.235384762E-1
1.184568467E1,-4.130707026E-2,-1.064607889E0,-6.292305708E-2
1.185562267E1,-2.755003363E-1,-6.245756024E-1,5.385477843E-1
1.186556067E1,-4.519985408E-1,-3.625416961E-1,5.213469569E-1
1.187549967E1,-7.822715002E-1,-4.093131356E-1,2.780665331E-1
1.188543767E1,-1.118388752E0,-5.603555598E-1,-1.862572805E-1
1.189537667E1,-1.179312646E0,-5.285381551E-1,-8.022917819E-1
1.190531467E1,-8.570930564E-1,-4.507321069E-1,-9.646075648E-1
1.191525367E1,-2.825064701E-1,-3.612751892E-1,-8.249486462E-1
1.192519167E1,1.514113104E-1,-2.926712698E-1,-6.366243750E-1
1.193512967E1,3.437771040E-1,-3.499095176E-1,-3.888228840E-1
1.194506867E1,7.949932873E-2,-4.999208584E-1,1.245819461E-1
1.195500667E1,-4.844856709E-1,-4.534261385E-1,3.337239861E-1
1.196494567E1,-8.218898946E-1,-1.957155173E-1,7.956010323E-2
1.197488367E1,-9.664377433E-1,1.775507033E-3,-9.813382030E-2
1.198482267E1,-1.033863741E0,8.945392102E-2,-2.735210538E-1
1.199476067E1,-7.328198433E-1,9.882086813E-3,-6.127051699E-1
1.200469867E1,-2.507233447E-1,-1.998095915E-1,-9.473962855E-1
1.201463767E1,-2.892266750E-2,-4.190743312E-1,-1.540986907E0
1.202457567E1,-2.103407192E-1,-7.073166275E-1,-1.337131920E0
1.203451467E1,-5.105244917E-1,-8.793376189E-1,-1.480619888E-1
1.204445267E1,-6.402093029E-1,-6.766599682E-1,6.764012289E-1
1.205439167E1,-8.607908356E-1,-4.331120342E-1,5.988529699E-1
1.206432967E1,-1.428097638E0,-4.133121926E-1,2.525599551E-1
1.207426767E1,-1.941424116E0,-4.943031460E-1,-1.856514359E-1
1.208420667E1,-1.969909996E0,-6.269118574E-1,-4.022287953E-1
1.209414467E1,-1.436990669E0,-8.750723675E-1,-5.944362024E-1
1.210408367E1,-8.262688744E-1,-1.270207028E0,-1.067226857E0
1.211402167E1,-4.533293670E-1,-1.522416151E0,-1.260895922E0
1.212396067E1,-4.464770150E-1,-1.584908268E0,-6.064754733E-1
1.213389867E1,-9.091315216E-1,-1.448993833E0,3.935937003E-1
1.214383767E1,-1.644975545E0,-1.109016250E0,7.247879617E-1
1.215377567E1,-2.514014463E0,-9.125498039E-1,5.901314092E-1
1.216371367E1,-3.189451486E0,-8.894714284E-1,6.109789257E-1
1.217365267E1,-3.242832472E0,-9.104863214E-1,5.824190779E-1
1.218359067E1,-2.461043367E0,-8.872921711E-1,-3.425389561E-1
1.219352967E1,-1.424041425E0,-8.593471581E-1,-9.474268372E-1
1.220346767E1,-4.142670429E-1,-9.185186416E-1,-1.314094913E0
1.221340667E1,2.346996349E-1,-1.031852884E0,-1.339120996E0
1.222334467E1,1.382726169E-1,-1.117932084E0,-5.449569905E-1
1.223328267E1,-5.327719778E-1,-1.115973852E0,2.395789902E-1
1.224322167E1,-1.517596875E0,-8.287083328E-1,7.486808543E-1
1.225315967E1,-2.772000634E0,-5.454364622E-1,1.181499943E0
1.226309867E1,-3.810097175E0,-1.647990954E-1,1.246964200E0
1.227303667E1,-3.743041306E0,4.230711955E-1,1.989003494E-2
1.228297567E1,-2.776025273E0,5.665191829E-1,-7.637774880E-1
1.229291367E1,-1.360328409E0,2.297476280E-1,-1.084169676E0
1.230285167E1,-4.635614097E-2,-6.730203688E-2,-1.133706264E0
1.231279067E1,7.689094430E-1,-3.116337901E-1,-9.618891943E-1
1.232272867E1,9.622084522E-1,-5.640563357E-1,-5.960920608E-1
1.233266767E1,3.716174519E-1,-5.674564916E-1,2.519623697E-1
1.234260567E1,-8.096013862E-1,-1.924412227E-1,9.347157213E-1
1.235254467E1,-1.953239585E0,3.430999964E-1,7.810982564E-1
1.236248267E1,-2.854092034E0,6.818110728E-1,2.191498420E-1
1.237242067E1,-3.204192317E0,8.445560414E-1,-1.289217496E-1
1.238235967E1,-2.696772112E0,8.023707193E-1,-6.776241741E-1
1.239229767E1,-1.786769940E0,5.187731588E-1,-7.855687451E-1
1.240223667E1,-8.594424677E-1,1.695131207E-1,-2.294380179E-1
1.241217467E1,-9.173755109E-2,-2.289050442E-1,1.111603935E-1
1.242211367E1,3.062859267E-1,-5.224112964E-1,-6.309730411E-2
1.243205167E1,2.545637959E-1,-5.986841315E-1,-9.866971761E-2
1.244198967E1,-1.039289957E-1,-3.795141166E-1,-3.411119431E-2
1.245192867E1,-6.792306966E-1,2.996873438E-2,1.584513581E-1
1.246186667E1,-1.310739927E0,3.355173272E-1,5.205129978E-1
1.247180567E1,-1.678959562E0,3.869079208E-1,7.103791067E-1
1.248174367E1,-1.789090700E0,3.553370494E-1,7.842598459E-1
1.249168267E1,-1.792410164E0,3.745650333E-1,8.580438137E-1
1.250162067E1,-1.701443276E0,3.648060304E-1,8.819308591E-1
1.251155867E1,-1.610423178E0,1.682612318E-1,7.922734550E-1
1.252149767E1,-1.471364695E0,1.468411267E-2,5.908041313E-1
1.253143567E1,-1.235811952E0,3.079377651E-2,3.468770054E-1
1.254137467E1,-1.071165469E0,3.745433986E-2,2.424957275E-1
1.255131267E1,-9.724603754E-1,-2.093946397E-2,4.594429234E-1
1.256125167E1,-9.039701843E-1,-8.222354650E-3,5.806899101E-1
1.257118967E1,-9.319385862E-1,3.705965281E-2,4.429107982E-1
1.258112767E1,-1.055626493E0,5.754888117E-2,3.981144020E-1
1.259106667E1,-1.151292204E0,5.709338307E-2,4.975305167E-1
1.260100467E1,-1.220061892E0,5.375813127E-2,5.324015567E-1
1.261094367E1,-1.282477410E0,9.676440239E-2,5.152937731E-1
1.262088108E1,-1.279976264E0,2.046238965E-1,5.397386429E-1
1.263082008E1,-1.177555850E0,3.230691898E-1,5.470231041E-1
1.264075808E1,-9.503877211E-1,3.632372224E-1,4.723848581E-1
1.265069708E1,-6.686595154E-1,3.196152395E-1,4.153917548E-1
1.266063508E1,-3.965070024E-1,2.760774565E-1,4.288906369E-1
1.267057308E1,-6.795020074E-2,2.728252351E-1,3.260293427E-1
1.268051208E1,2.018797982E-1,2.007483619E-1,1.852427155E-1
1.269045008E1,3.833288401E-1,6.302070558E-2,4.585474223E-2
1.270038908E1,4.510512918E-1,-5.282023787E-2,-9.926291764E-2
1.271032708E1,4.486141723E-1,-8.523954034E-2,-2.172395566E-1
1.272026608E1,4.396053672E-1,-2.062605321E-2,-2.897347981E-1
1.273020408E1,4.536123723E-1,4.271391034E-2,-3.291687128E-1
1.274014208E1,3.761975759E-1,1.173419237E-2,-3.829364920E-1
1.275008108E1,2.565834242E-1,-2.397358418E-3,-3.745255646E-1
1.276001908E1,2.199827778E-1,5.167476833E-2,-3.532694739E-1
1.276995808E1,1.189481539E-1,7.438301504E-2,-4.229896268E-1
1.277989608E1,-1.266506910E-3,1.082535964E-1,-3.306892812E-1
1.278983508E1,-3.086160421E-3,2.222322017E-1,-6.141213655E-2
1.279977308E1,1.459114194E-2,2.411339110E-1,-2.928197891E-2
1.280971108E1,-7.015080035E-2,9.922315657E-2,-1.853690153E-1
1.281965008E1,-1.993368441E-1,3.406880200E-2,-9.784175187E-2
1.282958808E1,-1.883002245E-1,1.780336833E-1,1.782649407E-1
1.283952708E1,-1.229499882E-1,2.724936980E-1,2.434497008E-1
1.284946508E1,-1.884768105E-1,1.743914527E-1,4.188302100E-2
1.285940408E1,-2.867556417E-1,6.162731409E-2,-6.022252053E-2
1.286934208E1,-2.729094350E-1,1.086202168E-1,-5.593446493E-3
1.287928008E1,-1.712374645E-1,1.710977161E-1,3.374983639E-2
1.288921908E1,-7.934437752E-2,1.568609154E-1,-4.616873771E-2
1.289915708E1,-1.895667315E-2,1.324745178E-1,-1.198176348E-1
1.290909608E1,1.888650656E-2,1.390725160E-1,-1.598462114E-1
1.291903408E1,7.108226180E-2,1.434444791E-1,-1.490639457E-1
1.292897308E1,1.295900863E-1,1.779067987E-1,-9.756313205E-2
1.293891108E1,1.346099210E-1,2.062307113E-1,-1.511281590E-1
1.294884908E1,1.345988113E-1,2.010711282E-1,-1.916202736E-1
1.295878808E1,1.809654772E-1,1.782336581E-1,-1.842843568E-1
1.296872608E1,1.897474104E-1,1.333211946E-1,-2.832920435E-1
1.297866508E1,1.794931483E-1,1.345216280E-1,-2.900499630E-1
1.298860308E1,1.714231136E-1,1.388111454E-1,-2.424027568E-1
1.299854208E1,1.486169261E-1,1.242796451E-1,-1.982837605E-1
1.300848008E1,1.299681088E-1,1.279873645E-1,-1.089467838E-1
1.301841908E1,8.727086306E-2,1.697166038E-1,2.829935431E-2
1.302835708E1,-1.748405188E-2,2.117902440E-1,1.367912248E-1
1.303829508E1,-1.998297644E-1,1.743733263E-1,2.312711200E-1
1.304823408E1,-3.675340489E-1,1.612884271E-1,2.200269243E-1
1.305817208E1,-4.580887082E-1,1.756205374E-1,1.713941699E-1
1.306811108E1,-5.271112883E-1,1.626367950E-1,1.677700657E-1
1.307804908E1,-5.352105591E-1,1.670356554E-1,1.554014504E-1
1.308798808E1,-5.285865408E-1,1.617222905E-1,7.652251124E-2
1.309792608E1,-5.652377656E-1,1.291544688E-1,1.311565554E-1
1.310786408E1,-4.836319774E-1,1.427287799E-1,2.152538422E-1
1.311780308E1,-3.593634421E-1,1.786488104E-1,1.177348566E-1
1.312774108E1,-3.458923343E-1,1.618509293E-1,1.448817247E-1
1.313768008E1,-4.138755718E-1,1.795691621E-1,3.367736015E-1
1.314761808E1,-5.613251013E-1,2.879765403E-1,5.360119200E-1
1.315755708E1,-8.306987250E-1,3.263652653E-1,6.504034849E-1
1.316749508E1,-1.153186117E0,3.357371825E-1,8.543663536E-1
1.317743308E1,-1.397908464E0,3.733534902E-1,9.404886773E-1
1.318737208E1,-1.568327318E0,3.237737793E-1,6.098752637E-1
1.319731008E1,-1.654759106E0,2.020745105E-1,5.235289916E-1
1.320724908E1,-1.688922633E0,3.618490934E-2,7.356987199E-1
1.321718708E1,-1.644695463E0,-7.782293200E-2,7.159425862E-1
1.322712608E1,-1.584656253E0,-1.266939604E-1,7.767757022E-1
1.323706408E1,-1.622216427E0,-2.206364965E-1,9.868056419E-1
1.324700208E1,-1.767484653E0,-3.981486082E-1,1.219685916E0
1.325694108E1,-1.916833066E0,-6.319255525E-1,1.047691675E0
1.326687908E1,-1.984213455E0,-7.400990421E-1,7.337200221E-1
1.327681808E1,-2.069162974E0,-6.381300330E-1,8.373841390E-1
1.328675608E1,-2.292426624E0,-5.730908686E-1,1.282076876E0
1.329669508E1,-2.600455606E0,-7.719915104E-1,1.504316387E0
1.330663308E1,-2.840315993E0,-1.113794594E0,1.250656278E0
1.331657108E1,-2.989328191E0,-1.383445376E0,1.284248532E0
1.332651008E1,-3.156405947E0,-1.749217367E0,1.272006948E0
1.333644808E1,-3.355995975E0,-2.015028282E0,1.244685102E0
1.334638708E1,-3.368050010E0,-2.067706432E0,1.247499951E0
1.335632508E1,-3.173122551E0,-2.054475937E0,9.210991640E-1
1.336626408E1,-3.033144886E0,-2.091896363E0,1.052167865E0
1.337620208E1,-3.002958636E0,-2.106934233E0,1.265650878E0
1.338614108E1,-2.758138640E0,-1.989866543E0,1.007050603E0
1.339607908E1,-2.626304392E0,-2.034590726E0,5.762245376E-1
1.340601708E1,-2.810707448E0,-2.156057276E0,5.937555865E-1
1.341595608E1,-2.757168587E0,-2.043108950E0,6.899784636E-1
1.342589408E1,-2.502826985E0,-2.065856373E0,5.517305147E-1
1.343583308E1,-2.502851543E0,-2.318685885E0,5.389753254E-1
1.344577108E1,-2.571250518E0,-2.369930298E0,5.790474272E-1
1.345571008E1,-2.799197204E0,-2.302983187E0,5.073243105E-1
1.346564808E1,-2.962138638E0,-2.152999767E0,7.097315276E-1
1.347558608E1,-2.991087034E0,-2.215954984E0,7.431653219E-1
1.348552508E1,-3.049584918E0,-2.601255505E0,4.133250564E-1
1.349546308E1,-3.022724563E0,-2.831878461E0,1.024139822E-1
1.350540208E1,-2.751496788E0,-2.731136198E0,-8.917709190E-2
1.351534008E1,-2.405595975E0,-2.724887279E0,-3.229640861E-1
1.352527908E1,-2.048858517E0,-2.933200184E0,-4.106020812E-1
1.353521708E1,-1.686728758E0,-3.234513346E0,-2.390517175E-1
1.354515508E1,-1.180117807E0,-3.255626764E0,-1.027063429E-1
1.355509408E1,-8.387404007E-1,-3.153822062E0,-3.310437687E-1
1.356503208E1,-1.065238146E0,-3.163719644E0,-6.919076063E-1
1.357497108E1,-1.567987595E0,-2.962803759E0,-8.996800822E-1
1.358490908E1,-1.881356839E0,-2.720456259E0,-1.192249757E0
1.359484808E1,-1.912848773E0,-2.716708486E0,-1.450488674E0
1.360478608E1,-1.602276837E0,-2.743392254E0,-1.212697031E0
1.361472508E1,-8.481117332E-1,-2.739895912E0,-1.228091288E0
1.362466379E1,-3.635377693E-1,-3.073446236E0,-1.318010355E0
1.363460179E1,-2.504187047E-1,-3.567483333E0,-1.573569347E0
1.364454079E1,-5.048029912E-1,-3.722591838E0,-1.689264110E0
1.365447879E1,-8.925394624E-1,-3.515416509E0,-1.750119300E0
1.366441779E1,-1.242354401E0,-3.222681797E0,-1.695724114E0
1.367435579E1,-1.623343771E0,-3.072207211E0,-1.516577121E0
1.368429479E1,-1.739307505E0,-3.022028160E0,-1.896035689E0
1.369423279E1,-1.451129821E0,-2.931803284E0,-2.117768246E0
1.370417079E1,-7.747841406E-1,-2.995479462E0,-1.916996203E0
1.371410979E1,9.508274317E-2,-3.192248794E0,-2.336015863E0
1.372404779E1,5.753771299E-1,-3.442647618E0,-2.723119081E0
1.373398679E1,7.149431509E-1,-3.537634467E0,-2.803319783E0
1.374392479E1,8.665117514E-1,-3.408786392E0,-2.374858624E0
1.375386379E1,1.049569362E0,-3.161738607E0,-2.142319828E0
1.376380179E1,1.152708984E0,-2.986929956E0,-2.149355782E0
1.377373979E1,1.148123598E0,-2.951345555E0,-2.358649850E0
1.378367879E1,9.377208978E-1,-2.937702540E0,-2.566865983E0
1.379361679E1,8.808409381E-1,-2.847861825E0,-2.643602795E0
1.380355579E1,1.122184179E0,-2.741152186E0,-2.598045968E0
1.381349379E1,1.534747928E0,-2.721452624E0,-2.560982807E0
1.382343279E1,1.868098862E0,-2.778376730E0,-2.527979953E0
1.383337079E1,1.977810169E0,-2.786995526E0,-2.648738989E0
1.384330979E1,1.986390374E0,-2.727265341E0,-2.856214573E0
1.385324779E1,2.058932685E0,-2.643711846E0,-3.222811313E0
1.386318579E1,2.161544303E0,-2.618207753E0,-3.265165620E0
1.387312479E1,2.275360941E0,-2.575076351E0,-2.968788677E0
1.388306279E1,2.471113442E0,-2.479707094E0,-2.714873922E0
1.389300179E1,2.591971296E0,-2.353413668E0,-2.508958375E0
1.390293979E1,2.536747853E0,-2.228566843E0,-1.973042935E0
1.391287879E1,2.499346722E0,-2.123019338E0,-1.959195266E0
1.392281679E1,2.484509413E0,-2.064738970E0,-2.109780657E0
1.393275479E1,2.481872903E0,-2.069339560E0,-2.256760948E0
1.394269379E1,2.550923842E0,-2.100365471E0,-2.199363509E0
1.395263179E1,2.689623891E0,-2.154597226E0,-2.092071195E0
1.396257079E1,2.774748241E0,-2.121669216E0,-2.162434250E0
1.397250879E1,2.803276806E0,-2.037445337E0,-2.239871265E0
1.398244779E1,2.877530597E0,-1.965831563E0,-2.066784911E0
1.399238579E1,3.033954141E0,-1.876617671E0,-2.123909284E0
1.400232379E1,3.231756676E0,-1.755894302E0,-2.223916845E0
1.401226279E1,3.368549362E0,-1.694174017E0,-2.174077225E0
1.402220079E1,3.394632037E0,-1.704618314E0,-2.176640645E0
1.403213979E1,3.337156246E0,-1.712776349E0,-2.241005040E0
1.404207779E1,3.239662696E0,-1.707446612E0,-2.162730119E0
1.405201679E1,3.140056547E0,-1.675569347E0,-2.100078080E0
1.406195479E1,3.025506084E0,-1.540483462E0,-2.184997485E0
1.407189379E1,2.916499951E0,-1.435891977E0,-2.085728136E0
1.408183179E1,2.779176922E0,-1.366120076E0,-1.847072859E0
1.409176979E1,2.631488534E0,-1.290552415E0,-1.833932412E0
1.410170879E1,2.504168336E0,-1.218893618E0,-1.878003461E0
1.411164679E1,2.348321913E0,-1.167851518E0,-1.693213320E0
1.412158579E1,2.142142072E0,-1.079570841E0,-1.334894190E0
1.413152379E1,1.948138474E0,-9.233741695E-1,-1.357159218E0
1.414146279E1,1.834525904E0,-7.436769533E-1,-1.466876665E0
1.415140079E1,1.769814768E0,-5.792848241E-1,-1.176831965E0
1.416133979E1,1.739098760E0,-4.261632031E-1,-1.096343287E0
1.417127779E1,1.713863931E0,-2.985529840E-1,-1.225791286E0
1.418121579E1,1.603258585E0,-2.109938532E-1,-1.289070146E0
1.419115479E1,1.658149322E0,-2.089385569E-1,-1.340588209E0
1.420109279E1,1.908065166E0,-3.664929521E-1,-1.232014478E0
1.421103179E1,2.063785874E0,-6.427633667E-1,-1.321789995E0
1.422096979E1,2.099036983E0,-8.886656821E-1,-1.399380793E0
1.423090779E1,2.046982146E0,-1.161811345E0,-1.400553744E0
1.424084679E1,1.841598111E0,-1.498250485E0,-1.680262029E0
1.425078479E1,1.616238234E0,-1.763096610E0,-1.875405250E0
1.426072379E1,1.384438233E0,-1.864633217E0,-1.785689374E0
1.427066179E1,1.109674646E0,-1.821009480E0,-1.527799682E0
1.428060079E1,8.849421751E-1,-1.720960405E0,-1.051238158E0
1.429053879E1,6.870086628E-1,-1.689273758E0,-7.553593978E-1
1.430047779E1,4.841722602E-1,-1.698012130E0,-1.154058814E0
1.431041579E1,6.887318373E-2,-1.769558076E0,-1.333162245E0
1.432035379E1,-4.235097367E-1,-1.856645921E0,-9.011398396E-1
1.433029279E1,-8.203854060E-1,-1.740653242E0,-3.981474388E-1
1.434023079E1,-9.220491904E-1,-1.391030969E0,-3.619081503E-1
1.435016979E1,-4.605302131E-1,-1.165482519E0,-4.770743251E-1
1.436010779E1,7.524138629E-2,-1.369975145E0,-5.990136221E-1
1.437004679E1,1.971113938E-1,-1.654036975E0,-1.115352293E0
1.437998479E1,-1.666392142E-1,-1.727226427E0,-8.561013687E-1
1.438992379E1,-6.876547801E-1,-1.563779062E0,-2.037880370E-1
1.439986179E1,-9.242033046E-1,-1.220975373E0,-3.678503832E-1
1.440979979E1,-8.107445168E-1,-9.595826869E-1,-6.243610096E-1
1.441973879E1,-4.069609469E-1,-9.511007890E-1,-7.364392698E-1
1.442967679E1,-9.898342073E-2,-1.123294858E0,-9.962141043E-1
1.443961579E1,3.342034578E-2,-1.377380498E0,-1.291113163E0
1.444955379E1,2.541702783E-1,-1.662204366E0,-1.441990623E0
1.445949279E1,4.995907831E-1,-1.955935590E0,-1.166141500E0
1.446943079E1,4.730800921E-1,-2.053630138E0,-9.130105644E-1
1.447936879E1,3.155917704E-1,-1.798134442E0,-9.605063277E-1
1.448930779E1,2.202570122E-1,-1.353381625E0,-9.285533407E-1
1.449924579E1,3.076161683E-2,-1.004393994E0,-9.063690045E-1
1.450918479E1,-3.238188028E-1,-8.859880958E-1,-7.354046050E-1
1.451912279E1,-8.211806273E-1,-9.681693962E-1,-2.430365950E-2
1.452906179E1,-1.100463527E0,-9.627294391E-1,2.738460128E-1
1.453899979E1,-1.129924139E0,-9.384444907E-1,-2.913106227E-1
1.454893779E1,-1.213971432E0,-1.146726259E0,-6.494826946E-1
1.455887679E1,-1.323274603E0,-1.300325744E0,-6.267700624E-1
1.456881479E1,-1.174348944E0,-1.041710997E0,-3.898193957E-1
1.457875379E1,-1.355924286E0,-9.237532152E-1,-2.774663164E-1
1.458869179E1,-1.762073055E0,-4.742069967E-1,-2.352695923E-1
1.459863079E1,-1.507343198E0,-2.429102951E-1,-3.395375803E-2
1.460856879E1,-1.666999667E0,-6.116503322E-1,3.999146135E-1
1.461850679E1,-1.562388301E0,-1.065900343E0,-1.748802799E-1
1.462844521E1,-1.539883538E0,-1.366156914E0,-8.200661480E-1
1.463838321E1,-1.635381433E0,-1.258777184E0,-1.084746723E0
1.464832221E1,-1.330343887E0,-9.625446671E-1,-8.125857320E-1
1.465826021E1,-7.764810026E-1,-8.984603530E-1,-7.360937724E-1
1.466819921E1,-6.094997263E-1,-1.115895499E0,-6.536163837E-1
1.467813721E1,-9.582639205E-1,-1.126297111E0,-8.145171404E-3
1.468807621E1,-1.411457047E0,-8.431962714E-1,4.746032917E-1
1.469801421E1,-1.918178510E0,-8.359854850E-1,5.332081801E-1
1.470795221E1,-2.430912080E0,-9.993566903E-1,-3.964646101E-2
1.471789121E1,-2.559639117E0,-1.007625530E0,-5.681692672E-1
1.472782921E1,-2.178854401E0,-9.029261640E-1,-7.601532376E-1
1.473776821E1,-1.583813084E0,-7.836938354E-1,-8.213770938E-1
1.474770621E1,-1.116321761E0,-7.138102528E-1,-4.630503631E-1
1.475764521E1,-9.946844727E-1,-7.584271395E-1,8.204929948E-2
1.476758321E1,-1.257281173E0,-8.210414636E-1,3.366966375E-1
1.477752121E1,-1.693700978E0,-6.153194600E-1,6.506114265E-1
1.478746021E1,-2.097494488E0,-3.500523359E-1,8.084127934E-1
1.479739821E1,-2.382037543E0,-5.056578541E-1,4.415957594E-1
1.480733721E1,-2.327407592E0,-6.808778572E-1,1.485276099E-1
1.481727521E1,-2.055228474E0,-6.851708829E-1,1.490594141E-2
1.482721421E1,-1.783640510E0,-7.332174540E-1,1.650157347E-3
1.483715221E1,-1.200725734E0,-6.329254264E-1,-6.797258095E-1
1.484709121E1,-5.099386007E-1,-4.079187208E-1,-9.555600218E-1
1.485702921E1,-2.204084551E-1,-3.505581200E-1,-3.664521678E-1
1.486696721E1,-3.875774270E-1,-4.966531420E-1,2.492317200E-1
1.487690621E1,-8.483625787E-1,-5.555813813E-1,8.596773796E-1
1.488684421E1,-1.455721639E0,-3.622046041E-1,1.069023049E0
1.489678321E1,-2.091792868E0,-2.036538434E-1,9.711150773E-1
1.490672121E1,-2.682763937E0,-2.253487676E-1,1.029333026E0
1.491666021E1,-2.769360616E0,-1.277324259E-1,3.190579998E-1
1.492659821E1,-2.246260518E0,1.565293783E-1,-5.535433343E-1
1.493653621E1,-1.415731947E0,2.025721085E-1,-4.752837615E-1
1.494647521E1,-6.514920902E-1,3.043709636E-2,-1.235433345E-1
1.495641321E1,-1.759509051E-1,-2.377793634E-1,1.418933590E-1
1.496635221E1,-1.096335393E-1,-4.806645155E-1,3.621964180E-1
1.497629021E1,-5.616279870E-1,-5.752631092E-1,7.052499291E-1
1.498622921E1,-1.235782716E0,-4.454122370E-1,1.191970991E0
1.499616721E1,-1.920535523E0,-2.967923874E-1,1.497036603E0
1.500610621E1,-2.342782261E0,-1.239293969E-1,1.068658767E0
1.501604421E1,-2.399969784E0,3.437402666E-2,4.785466540E-1
1.502598221E1,-2.067709356E0,1.936305463E-2,1.382539058E-1
1.503592121E1,-1.333844030E0,2.141074955E-2,-1.337553504E-1
1.504585921E1,-5.696924669E-1,-1.104363620E-2,-2.314178851E-1
1.505579821E1,-3.263214111E-2,-1.970844966E-1,-1.927724674E-1
1.506573621E1,2.063254362E-1,-4.365349942E-1,-3.127324820E-2
1.507567521E1,5.301436543E-2,-6.367395651E-1,1.944503260E-1
1.508561321E1,-4.668703490E-1,-5.960055220E-1,6.117634758E-1
1.509555121E1,-1.140971868E0,-2.623441011E-1,1.216868435E0
1.510549021E1,-1.716948338E0,1.341514993E-1,1.317035917E0
1.511542821E1,-2.027016828E0,3.144989258E-1,1.043475394E0
1.512536721E1,-2.002395957E0,3.881592250E-1,9.210651040E-1
1.513530521E1,-1.519071543E0,5.056455749E-1,5.793579143E-1
1.514524421E1,-1.084164999E0,3.886129689E-1,3.295546290E-1
1.515518221E1,-7.365731710E-1,1.941386694E-1,3.380006397E-1
1.516512121E1,-3.894450277E-1,1.587940049E-1,3.050375462E-1
1.517505921E1,-2.558823431E-1,1.397426069E-1,1.680098015E-1
1.518499721E1,-3.600610149E-1,-7.327730656E-3,6.505495191E-2
1.519493621E1,-6.358063495E-1,-1.407518363E-1,2.404953951E-1
1.520487421E1,-8.154684824E-1,-2.117919981E-2,3.671721062E-1
1.521481321E1,-9.206920516E-1,1.313898593E-1,1.874158332E-1
1.522475121E1,-9.427483338E-1,1.111134696E-1,4.090039641E-2
1.523469021E1,-6.880354339E-1,1.567059642E-1,-2.281642020E-2
1.524462821E1,-3.321645337E-1,3.264465415E-1,1.315857410E-2
1.525456721E1,-5.163910031E-2,3.952600837E-1,4.680783838E-2
1.526450521E1,1.145019311E-1,2.512419927E-1,2.959714383E-2
1.527444321E1,1.471685708E-1,5.081171930E-2,4.936891884E-2
1.528438221E1,4.094922066E-2,2.188145041E-2,7.614419639E-2
1.529432021E1,-1.299473512E-1,1.102059817E-1,1.032998353E-2
1.530425921E1,-3.792176628E-1,1.291071063E-1,-8.843065828E-2
1.531419721E1,-6.300965434E-1,1.851111531E-2,-7.067529559E-2
1.532413621E1,-6.416898179E-1,4.120006621E-2,-1.266088834E-1
1.533407421E1,-4.585281265E-1,2.164381957E-1,-1.908025405E-1
1.534401221E1,-2.399153513E-1,2.647046220E-1,-8.559241980E-2
1.535395121E1,-7.510748506E-2,1.560528302E-1,4.697389930E-2
1.536388921E1,3.250759542E-2,1.292474395E-1,1.632609853E-1
1.537382821E1,9.286606371E-2,1.998911601E-1,1.991950491E-1
1.538376621E1,8.823214531E-2,2.372443432E-1,2.521731618E-1
1.539370521E1,-2.236267626E-2,2.082316285E-1,2.752225935E-1
1.540364321E1,-2.191904801E-1,1.567217517E-1,2.346592891E-1
1.541358121E1,-4.040876251E-1,1.473293692E-1,2.022531429E-1
1.542352021E1,-4.435896599E-1,2.033503729E-1,2.274704298E-1
1.543345821E1,-3.956688040E-1,2.563606453E-1,2.305136132E-1
1.544339721E1,-3.285322434E-1,2.286582917E-1,1.545626673E-1
1.545333521E1,-2.623651510E-1,1.479965365E-1,1.135923967E-1
1.546327421E1,-1.842264694E-1,8.857830048E-2,1.032735229E-1
1.547321221E1,-9.307071626E-2,5.004222572E-2,9.312480301E-2
1.548315121E1,-2.896710634E-3,3.848052621E-2,3.710643053E-2
1.549308921E1,2.701004326E-2,4.648594916E-2,-6.027719200E-2
1.550302721E1,-7.770247936E-2,4.647367001E-3,-6.520931840E-2
1.551296621E1,-1.152509594E-1,3.783733249E-3,4.621785432E-2
1.552290421E1,-3.272920489E-2,8.887124598E-2,1.404588908E-2
1.553284321E1,1.876488447E-2,1.216653550E-1,-6.447344631E-2
1.554278121E1,-2.915655613E-2,4.639590204E-2,-5.850256205E-2
1.555272021E1,-1.041593760E-1,4.491772592E-2,-1.276827246E-2
1.556265821E1,-6.258157969E-2,2.204113787E-1,8.645488411E-2
1.557259621E1,2.444311559E-2,3.108537716E-1,5.953342617E-2
1.558253521E1,-8.618211150E-3,1.588975006E-1,-5.508194089E-2
1.559247321E1,-1.466703880E-1,2.012026906E-3,-1.452854750E-1
1.560241221E1,-2.568231601E-1,4.159416854E-2,-1.032293764E-1
1.561235021E1,-1.387409788E-1,2.726562506E-1,5.675921470E-2
1.562228921E1,1.915255487E-2,3.292093509E-1,8.407389790E-2
1.563222667E1,1.119157076E-2,7.021921277E-2,-2.699016273E-2
1.564216567E1,-6.196177483E-2,-1.046610671E-1,-5.428262651E-3
1.565210367E1,-7.791297913E-2,6.683542907E-2,7.368573457E-2
1.566204167E1,-1.101907790E-1,2.460338777E-1,-1.424381733E-3
1.567198067E1,-1.622117025E-1,2.035292977E-1,-8.678349763E-2
1.568191867E1,-1.796633023E-1,6.473803282E-2,-1.156082243E-1
1.569185767E1,-1.979346818E-1,-1.144300103E-2,-1.099723855E-1
1.570179567E1,-2.050279391E-1,-5.629056036E-2,-1.485973379E-1
1.571173467E1,-1.605353057E-1,-4.748757720E-2,-1.780085403E-1
1.572167267E1,-5.597422600E-2,5.923054039E-2,-1.716435537E-1
1.573161067E1,-3.099316657E-2,6.360074937E-2,-1.798270243E-1
1.574154967E1,-5.132802844E-2,-8.472615480E-4,-1.031375751E-1
1.575148767E1,8.232294917E-3,2.974654019E-2,-5.724628776E-2
1.576142667E1,6.869367421E-2,1.585595316E-1,-2.924777269E-3
1.577136467E1,6.650623083E-2,1.790078294E-1,8.897269517E-2
1.578130367E1,-1.281768143E-2,9.470208943E-2,6.310578257E-2
1.579124167E1,-9.238366842E-2,1.076817387E-1,-2.122977823E-2
1.580118067E1,-1.504740018E-1,1.674151397E-1,-8.683846146E-2
1.581111867E1,-2.300446665E-1,1.401899189E-1,-5.372334033E-2
1.582105667E1,-2.707483041E-1,1.515931588E-1,7.574483156E-3
1.583099567E1,-1.931615996E-1,2.431383365E-1,-2.116165817E-2
1.584093367E1,-1.268091506E-1,2.535522276E-1,-1.321704626E-2
1.585087267E1,-1.217185646E-1,1.821524620E-1,5.826165676E-3
1.586081067E1,-1.400735593E-1,2.070335340E-1,7.065073729E-2
1.587074967E1,-1.239948857E-1,3.711783260E-1,1.225205103E-1
1.588068767E1,-8.842159510E-2,4.023346299E-1,7.383425385E-2
1.589062667E1,-1.738289505E-1,2.173696572E-1,1.022064060E-2
1.590056467E1,-2.125299168E-1,1.513154161E-1,1.929376513E-2
1.591050267E1,-1.836025715E-1,2.642584795E-1,1.207099199E-2
1.592044167E1,-1.466557699E-1,3.277902317E-1,-8.254806697E-3
1.593037967E1,-1.275839067E-1,2.262357903E-1,-8.216215074E-3
1.594031867E1,-1.312015790E-1,1.092563939E-1,1.147019058E-2
1.595025667E1,-1.538688952E-1,6.938539982E-2,1.186938000E-1
1.596019567E1,-1.935007381E-1,9.865305305E-2,2.355445576E-1
1.597013367E1,-1.811566812E-1,7.923795819E-2,3.114642209E-1
1.598007167E1,-1.961530352E-1,-5.973866343E-2,2.929992986E-1
1.599001067E1,-2.861984020E-1,-1.791388071E-1,2.416218612E-1
1.599994867E1,-4.310409504E-1,-2.503011757E-1,2.459075779E-1
1.600988767E1,-4.702868772E-1,-1.913121253E-1,2.738283250E-1
1.601982567E1,-3.433245295E-1,-1.625104952E-1,2.764016846E-1
1.602976467E1,-3.120787632E-1,-2.901446879E-1,3.265503296E-1
1.603970267E1,-3.851531714E-1,-3.964593476E-1,3.793530259E-1
1.604964167E1,-4.546976155E-1,-3.328626913E-1,3.744904813E-1
1.605957967E1,-5.785334569E-1,-2.069078189E-1,4.076795697E-1
1.606951767E1,-7.877193511E-1,-2.108810019E-1,4.772567582E-1
1.607945667E1,-9.585627133E-1,-2.199225515E-1,4.449769118E-1
1.608939467E1,-1.114651796E0,-1.735512078E-1,4.626553836E-1
1.609933367E1,-1.216430186E0,-9.828701735E-2,5.620741296E-1
1.610927167E1,-1.229176531E0,3.857992887E-3,6.293019068E-1
1.611921067E1,-1.246481951E0,6.297919035E-2,6.898390076E-1
1.612914867E1,-1.305344701E0,-2.546462417E-3,7.532099614E-1
1.613908667E1,-1.362320555E0,-8.929867744E-3,6.304355358E-1
1.614902567E1,-1.374888561E0,2.842565417E-2,4.185401881E-1
1.615896367E1,-1.352680251E0,-9.297657609E-3,4.339744985E-1
1.616890267E1,-1.252514523E0,-5.176247656E-2,4.939871040E-1
1.617884067E1,-1.178826157E0,-1.313857663E-1,4.064045843E-1
1.618877967E1,-1.299428489E0,-3.375059652E-1,2.894933081E-1
1.619871767E1,-1.559453584E0,-4.635304195E-1,2.967742610E-1
1.620865667E1,-1.823240193E0,-3.567965144E-1,5.332882869E-1
1.621859467E1,-1.938346726E0,-2.085222352E-1,5.099043944E-1
1.622853267E1,-2.014666339E0,-2.241161746E-1,4.420006791E-1
1.623847167E1,-2.133452525E0,-3.922721565E-1,5.488591298E-1
1.624840967E1,-2.128671842E0,-5.016197670E-1,5.579459953E-1
1.625834867E1,-1.996337657E0,-6.037682855E-1,3.761361802E-1
1.626828667E1,-1.877881839E0,-7.139520478E-1,5.642050011E-1
1.627822567E1,-1.883026804E0,-8.722548866E-1,7.285173158E-1
1.628816367E1,-2.213170540E0,-9.960883892E-1,5.927481844E-1
1.629810267E1,-2.654203797E0,-9.636532992E-1,4.945118916E-1
1.630804067E1,-2.971865482E0,-9.048864430E-1,4.683494022E-1
1.631797867E1,-3.064443278E0,-9.920315909E-1,2.814625959E-1
1.632791767E1,-3.013166705E0,-1.237000691E0,1.816626115E-1
1.633785567E1,-2.850668489E0,-1.493668900E0,3.143587388E-2
1.634779467E1,-2.604397799E0,-1.775052119E0,-1.646938455E-1
1.635773267E1,-2.324615546E0,-1.850074820E0,-1.309308529E-1
1.636767167E1,-1.875754037E0,-1.614119788E0,-2.772680227E-1
1.637760967E1,-1.687621043E0,-1.663790131E0,-1.631186056E-1
1.638754767E1,-1.697788766E0,-1.807074981E0,7.781708479E-2
1.639748667E1,-1.780150307E0,-1.768890908E0,2.038332067E-2
1.640742467E1,-1.884720742E0,-1.604518075E0,-2.041824682E-1
1.641736367E1,-1.902229645E0,-1.570185271E0,-2.341447341E-1
1.642730167E1,-2.033532380E0,-1.912412863E0,-2.875777602E-1
1.643724067E1,-2.185103320E0,-2.118869569E0,-4.461179960E-1
1.644717867E1,-2.287238975E0,-2.042846410E0,-2.810873508E-1
1.645711767E1,-2.526443304E0,-2.016619309E0,-3.201058209E-2
1.646705567E1,-2.565189879E0,-1.818122710E0,2.315438926E-2
1.647699367E1,-2.400652739E0,-1.658705684E0,-6.191852370E-2
1.648693267E1,-2.239076044E0,-1.676106413E0,-4.063993949E-2
1.649687067E1,-2.114923283E0,-1.829113429E0,8.949580170E-2
1.650680967E1,-2.167545885E0,-2.007638278E0,7.961802721E-2
1.651674767E1,-2.174102368E0,-2.081175786E0,-2.770206124E-1
1.652668667E1,-2.253783545E0,-2.290667928E0,-5.135966919E-1
1.653662467E1,-2.452353820E0,-2.602976925E0,-7.899002163E-1
1.654656367E1,-2.187428173E0,-2.625810302E0,-9.276726039E-1
1.655650167E1,-1.681794292E0,-2.620414200E0,-1.139913668E0
1.656643967E1,-1.522565255E0,-2.769360616E0,-1.156542419E0
1.657637867E1,-1.226257601E0,-2.687434401E0,-1.000111274E0
1.658631667E1,-6.348509145E-1,-2.464906915E0,-1.070438075E0
1.659625567E1,-3.638254523E-1,-2.503854926E0,-1.367222276E0
1.660619367E1,-4.690314800E-1,-2.621961080E0,-1.470918114E0
1.661613267E1,-5.425046682E-1,-2.592708922E0,-1.479804567E0
1.662607117E1,-6.178916502E-1,-2.699051356E0,-1.947593513E0
1.663601017E1,-9.001648164E-1,-2.984559202E0,-2.545301744E0
1.664594817E1,-8.589536405E-1,-3.294084486E0,-2.654911018E0
1.665588617E1,-2.666236782E-1,-3.630884693E0,-2.664700134E0
1.666582517E1,8.416558224E-1,-3.775320860E0,-2.730562294E0
1.667576317E1,1.885199629E0,-3.832307239E0,-2.731753664E0
1.668570217E1,2.501917743E0,-3.719947143E0,-2.814972407E0
1.669564017E1,2.539643978E0,-3.394214254E0,-2.320127224E0
1.670557917E1,2.429598210E0,-2.846751147E0,-2.300375329E0
1.671551717E1,2.266186075E0,-2.345583369E0,-2.056438555E0
1.672545517E1,2.101653028E0,-2.103105184E0,-2.055914060E0
1.673539417E1,1.858683676E0,-2.058122261E0,-2.287740373E0
1.674533217E1,1.455249184E0,-2.117702465E0,-2.202807519E0
1.675527117E1,1.054414950E0,-2.108555373E0,-2.132007678E0
1.676520917E1,8.966079551E-1,-2.053392448E0,-1.927334957E0
1.677514817E1,9.076053983E-1,-2.096815041E0,-1.670337843E0
1.678508617E1,1.034721528E0,-2.157329630E0,-1.433922635E0
1.679502517E1,1.314331287E0,-2.126163971E0,-1.264736081E0
1.680496317E1,1.590463707E0,-2.071441634E0,-1.283857353E0
1.681490117E1,1.703681590E0,-1.966202277E0,-1.550828064E0
1.682484017E1,1.619823747E0,-1.851583986E0,-1.701581855E0
1.683477817E1,1.405941954E0,-1.741618910E0,-1.803347965E0
1.684471717E1,1.138873302E0,-1.662083913E0,-2.046909056E0
1.685465517E1,1.029947276E0,-1.681327685E0,-2.266419963E0
1.686459417E1,1.264770287E0,-1.817368419E0,-2.210714417E0
1.687453217E1,1.820805413E0,-2.029796010E0,-2.096999521E0
1.688447117E1,2.425015163E0,-2.293644599E0,-1.868552606E0
1.689440917E1,2.944953087E0,-2.512532194E0,-1.896478616E0
1.690434717E1,3.123328832E0,-2.625830183E0,-2.013286689E0
1.691428617E1,2.993733484E0,-2.607626047E0,-1.938735566E0
1.692422417E1,2.877715954E0,-2.402075366E0,-1.806453129E0
1.693416317E1,2.918687394E0,-2.116239492E0,-1.716376772E0
1.694410117E1,3.110100676E0,-1.819050663E0,-1.713178930E0
1.695404017E1,3.346201889E0,-1.593463914E0,-1.785427419E0
1.696397817E1,3.533399913E0,-1.513698537E0,-1.927089667E0
1.697391717E1,3.541655012E0,-1.536469349E0,-1.690206097E0
1.698385517E1,3.353733103E0,-1.582936587E0,-1.442053188E0
1.699379317E1,3.002125992E0,-1.618746105E0,-1.198165823E0
1.700373217E1,2.613099625E0,-1.534849670E0,-1.099404304E0
1.701367017E1,2.287342470E0,-1.322818521E0,-1.438675252E0
1.702360917E1,1.991785015E0,-1.156904361E0,-1.632319539E0
1.703354717E1,1.733431638E0,-1.031159404E0,-1.459684882E0
1.704348617E1,1.679785189E0,-8.945555824E-1,-1.289408115E0
1.705342417E1,1.741790818E0,-8.448361230E-1,-1.062220398E0
1.706336217E1,1.716447231E0,-8.382597595E-1,-9.563901803E-1
1.707330117E1,1.543157394E0,-8.465242141E-1,-1.083542855E0
1.708323917E1,1.357051629E0,-8.565311390E-1,-1.126383065E0
1.709317817E1,1.301629381E0,-8.064374578E-1,-1.077597114E0
1.710311617E1,1.386918038E0,-7.091918296E-1,-1.119752615E0
1.711305517E1,1.530588219E0,-6.191961640E-1,-1.243142606E0
1.712299317E1,1.627471905E0,-5.511848599E-1,-1.494830741E0
1.713293217E1,1.452493976E0,-5.659812391E-1,-1.465674770E0
1.714287017E1,1.132058372E0,-5.434273589E-1,-1.063775758E0
1.715280817E1,1.052374856E0,-4.618329728E-1,-1.032683188E0
1.716274717E1,1.151758227E0,-4.817865962E-1,-1.044503919E0
1.717268517E1,1.259176256E0,-6.137488979E-1,-9.687023699E-1
1.718262417E1,1.303402256E0,-7.422867778E-1,-1.031203843E0
1.719256217E1,1.257999796E0,-9.504403460E-1,-8.994479477E-1
1.720250117E1,1.143827063E0,-1.191245059E0,-7.166572621E-1
1.721243917E1,1.071840822E0,-1.298585028E0,-8.463104984E-1
1.722237817E1,9.219158739E-1,-1.336702442E0,-9.124761289E-1
1.723231617E1,6.339960515E-1,-1.339405610E0,-8.772042623E-1
1.724225417E1,3.446623725E-1,-1.218633125E0,-1.139685773E0
1.725219317E1,8.732816577E-2,-1.023743380E0,-1.195770804E0
1.726213117E1,-8.427591920E-3,-9.286118129E-1,-8.509140113E-1
1.727207017E1,9.379050851E-2,-8.725794071E-1,-7.643758044E-1
1.728200817E1,2.082977021E-1,-7.995394975E-1,-6.793005708E-1
1.729194717E1,2.300464207E-1,-7.639091966E-1,-6.761609083E-1
1.730188517E1,8.574181616E-2,-8.096648285E-1,-8.856660604E-1
1.731182417E1,-1.564890325E-1,-8.671881281E-1,-1.122708090E0
1.732176217E1,-3.245380104E-1,-8.048082773E-1,-1.306525254E0
1.733170017E1,-2.235916793E-1,-7.719295299E-1,-1.251218780E0
1.734163917E1,-4.078432918E-2,-8.654798640E-1,-8.319523680E-1
1.735157717E1,5.741965771E-4,-9.002446309E-1,-3.488179886E-1
1.736151617E1,-1.981153607E-2,-8.201647467E-1,-1.923014742E-1
1.737145417E1,-1.640746254E-1,-8.201484476E-1,-3.286816397E-1
1.738139317E1,-5.081370735E-1,-9.533815686E-1,-6.562107933E-1
1.739133117E1,-7.918784755E-1,-1.072945069E0,-1.160849478E0
1.740127017E1,-1.014517643E0,-1.139276029E0,-1.159862175E0
1.741120817E1,-9.792308664E-1,-1.169848562E0,-7.403829244E-1
1.742114617E1,-7.548615074E-1,-1.130486495E0,-4.094413358E-1
1.743108517E1,-6.583374256E-1,-1.112608779E0,-2.995763929E-1
1.744102317E1,-7.257622540E-1,-1.118419450E0,-6.697424197E-1
1.745096217E1,-9.886361128E-1,-1.180874656E0,-7.927358235E-1
1.746090017E1,-1.050258164E0,-1.243948352E0,-6.163745901E-1
1.747083917E1,-7.508912480E-1,-1.232859985E0,-3.661709167E-1
1.748077717E1,-3.854028475E-1,-1.272929784E0,-2.097022033E-1
1.749071617E1,-2.976104128E-1,-1.371604618E0,3.556304334E-1
1.750065417E1,-4.636573040E-1,-1.171539796E0,5.282712297E-1
1.751059217E1,-6.322746313E-1,-7.858878569E-1,-1.906508052E-1
1.752053117E1,-8.680437219E-1,-7.959288418E-1,-6.649132043E-1
1.753046917E1,-1.220933127E0,-1.195269697E0,-6.863401799E-1
1.754040817E1,-1.257299885E0,-1.333942556E0,-6.539995225E-1
1.755034617E1,-9.982518589E-1,-1.139628470E0,-4.218070275E-1
1.756028517E1,-7.475618434E-1,-9.887328842E-1,-3.135528463E-1
1.757022317E1,-6.704885244E-1,-8.322555462E-1,-4.804743348E-1
1.758016217E1,-1.062950131E0,-7.556093663E-1,-8.971792281E-2
1.759010017E1,-1.510768497E0,-6.550556758E-1,2.727697597E-1
1.760003817E1,-1.706000596E0,-3.798544246E-1,1.677385638E-1
1.760997717E1,-1.781419737E0,-2.056199697E-1,-6.754531760E-2
1.761991517E1,-1.711434998E0,-2.137590015E-1,-3.620128520E-1
1.762985429E1,-1.500092066E0,-2.501704904E-1,-7.920410281E-1
1.763979229E1,-1.346003315E0,-2.636930537E-1,-8.140633965E-1
1.764973129E1,-9.669207233E-1,-5.915452659E-2,-1.356145640E-2
1.765966929E1,-5.634914947E-1,1.092408988E-1,7.675651681E-1
1.766960729E1,-4.271075284E-1,3.202461541E-2,6.458846104E-1
1.767954629E1,-6.851936871E-1,-1.745294470E-1,8.678016472E-1
1.768948429E1,-1.217827086E0,-3.030728817E-1,8.097715402E-1
1.769942329E1,-1.557912258E0,-1.027759248E-1,-7.339194853E-2
1.770936129E1,-1.523075716E0,1.262337846E-1,-3.264991299E-1
1.771930029E1,-1.416112016E0,-1.209005392E-1,-5.161278419E-1
1.772923829E1,-1.170129594E0,-3.114408320E-1,-1.026371119E0
1.773917729E1,-6.568645120E-1,-3.930083209E-1,-1.128710330E0
1.774911529E1,-2.826544046E-1,-5.968872821E-1,-6.376096308E-1
1.775905329E1,-1.903742319E-1,-6.541677761E-1,2.031965911E-1
1.776899229E1,-4.364437777E-1,-4.888617271E-1,8.443367708E-1
1.777893029E1,-1.274470818E0,-3.801374298E-1,1.062917386E0
1.778886929E1,-2.207903368E0,-3.163501543E-1,8.704046814E-1
1.779880729E1,-2.602943012E0,-1.134693128E-1,4.739883108E-1
1.780874629E1,-2.473740011E0,-1.490981519E-2,3.949093969E-1
1.781868429E1,-1.809205706E0,-7.238268256E-2,7.487023428E-2
1.782862329E1,-1.009205448E0,-2.095881826E-1,-3.263810527E-1
1.783856129E1,-6.004377115E-1,-5.955599642E-1,-4.881043665E-1
1.784849929E1,-6.244884789E-1,-9.288290370E-1,-2.682774170E-1
1.785843829E1,-8.118934947E-1,-7.907698435E-1,2.540030479E-1
1.786837629E1,-1.126957262E0,-5.659245211E-1,7.609883662E-1
1.787831529E1,-1.804869996E0,-6.666223454E-1,1.225721558E0
1.788825329E1,-2.469319516E0,-6.387907684E-1,1.360374456E0
1.789819229E1,-2.542497420E0,-2.144144744E-1,9.508766945E-1
1.790813029E1,-2.381973224E0,-3.758180916E-2,5.984052193E-1
1.791806929E1,-2.030838568E0,-2.597637248E-1,9.018029138E-2
1.792800729E1,-1.283751519E0,-3.993467027E-1,-1.704872668E-1
1.793794529E1,-4.065487182E-1,-5.040212184E-1,-1.142883615E-1
1.794788429E1,1.736038327E-1,-7.325824463E-1,-7.021541208E-2
1.795782229E1,3.208829159E-1,-9.232735974E-1,4.459554434E-2
1.796776129E1,1.337211442E-1,-8.785728031E-1,3.709765971E-1
1.797769929E1,-4.483639115E-1,-6.452870250E-1,9.144425476E-1
1.798763829E1,-1.168118736E0,-2.852172393E-1,1.065031447E0
1.799757629E1,-1.682950872E0,8.967465341E-2,5.089170921E-1
1.800751529E1,-1.859636772E0,2.783637178E-1,3.830021270E-1
1.801745329E1,-1.569310235E0,1.931773871E-1,5.442047462E-1
1.802739129E1,-9.815492874E-1,1.221214378E-1,4.185498360E-1
1.803733029E1,-4.742986518E-1,8.563013434E-2,2.260919487E-1
1.804726829E1,-2.025674307E-1,-8.121431708E-2,2.542717275E-1
1.805720729E1,-5.301845849E-2,-1.778489113E-1,2.784850475E-1
1.806714529E1,7.106179655E-2,-4.703500271E-2,-3.521924168E-2
1.807708429E1,-5.364528000E-2,4.812667787E-2,2.858791441E-2
1.808702229E1,-4.131689358E-1,-1.215285301E-2,3.120066963E-1
1.809696129E1,-7.585183561E-1,1.063351250E-1,4.421828198E-1
1.810689929E1,-8.646956062E-1,4.205872983E-1,5.449909043E-1
1.811683729E1,-8.100978148E-1,4.785033846E-1,5.439325583E-1
1.812677629E1,-7.264171422E-1,2.058559048E-1,4.592018719E-1
1.813671429E1,-6.366758305E-1,3.388402998E-2,4.342903943E-1
1.814665329E1,-5.356838912E-1,1.167373216E-1,4.495060189E-1
1.815659129E1,-4.636865401E-1,2.382073796E-1,3.974811485E-1
1.816653029E1,-3.466919410E-1,3.316739523E-1,1.044350722E-1
1.817646829E1,-2.477944744E-1,2.570447695E-1,-8.303894073E-2
1.818640729E1,-2.495989251E-1,-1.029402316E-2,5.887415260E-2
1.819634529E1,-2.935044980E-1,-1.428410465E-1,3.921458566E-1
1.820628329E1,-2.882022429E-1,-3.221757352E-2,4.597396696E-1
1.821622229E1,-4.225122017E-1,7.332408428E-4,2.505830115E-1
1.822616029E1,-6.481328648E-1,-6.956841767E-2,2.326756212E-1
1.823609929E1,-6.819911671E-1,-8.492496014E-3,3.897391427E-1
1.824603729E1,-5.442471385E-1,6.754411161E-2,4.457572228E-1
1.825597629E1,-4.733543265E-1,-2.512840927E-2,2.921470669E-1
1.826591429E1,-5.475981778E-1,-1.297941542E-1,1.866594958E-1
1.827585329E1,-5.610824418E-1,-4.295072258E-2,5.471473575E-2
1.828579129E1,-3.449021083E-1,1.411342442E-1,-1.885270965E-1
1.829572929E1,-7.572728992E-2,6.169338763E-2,-2.399311388E-1
1.830566829E1,1.255221784E-2,-2.270929921E-1,-9.142150909E-2
1.831560629E1,-6.057130694E-2,-3.122611964E-1,4.193915427E-2
1.832554529E1,-6.511810184E-2,-1.222027141E-1,9.722954839E-2
1.833548329E1,-5.889783382E-2,-6.557301521E-2,6.041781753E-2
1.834542229E1,-1.359565347E-1,-8.051732898E-2,7.068845183E-2
1.835536029E1,-1.840364349E-1,-2.193582952E-2,1.062667125E-1
1.836529929E1,-2.417034298E-1,3.985988438E-2,1.440245229E-1
1.837523729E1,-3.087201226E-1,1.599997008E-1,1.215802780E-1
1.838517529E1,-3.091311818E-1,2.042876816E-1,4.335330337E-2
1.839511429E1,-3.360307127E-1,1.431269753E-1,6.222723842E-2
1.840505229E1,-2.605291253E-1,1.160280544E-1,4.689671606E-2
1.841499129E1,-1.641360211E-1,1.291825354E-1,-2.128649622E-2
1.842492929E1,-1.871880841E-1,3.296309352E-2,-7.712302029E-2
1.843486829E1,-1.972540659E-1,1.070566714E-2,-1.498524427E-2
1.844480629E1,-9.673224270E-2,6.989176869E-2,1.148972028E-1
1.845474529E1,9.642058611E-4,1.048604572E-1,1.278748056E-1
1.846468329E1,-4.852721214E-2,5.745357156E-2,-2.419548601E-2
1.847462129E1,-2.262018764E-1,5.093568027E-2,1.582373500E-2
1.848456029E1,-2.771170914E-1,1.587688619E-1,4.350620806E-2
1.849449829E1,-2.134344810E-1,2.370531392E-1,3.943946958E-3
1.850443729E1,-2.086918044E-1,2.592930239E-1,-7.905464798E-2
1.851437529E1,-1.741388530E-1,2.001917070E-1,-1.473353626E-1
1.852431429E1,-6.885505736E-2,6.207871914E-2,-1.030747175E-1
1.853425229E1,5.604497731E-2,-2.245623171E-2,-7.042649657E-2
1.854419129E1,1.596962303E-1,1.329189062E-2,-6.180960104E-2
1.855412929E1,1.734886426E-1,1.123057169E-1,-1.605692196E-1
1.856406729E1,9.251289189E-2,1.688693422E-1,-2.346826780E-1
1.857400629E1,-1.464552104E-2,1.326978815E-1,-1.776790497E-1
1.858394429E1,-3.233744144E-2,1.125822902E-1,-8.881891340E-2
1.859388329E1,-5.383589923E-2,1.255017132E-1,-1.275067234E-1
1.860382129E1,-1.083220088E-1,1.550675744E-1,-2.036545743E-1
1.861376029E1,-1.249333638E-1,1.927084404E-1,-1.743576850E-1
1.862369829E1,-9.597912133E-2,1.635711801E-1,-1.266568306E-1
1.863363704E1,3.196555853E-2,1.367067325E-1,-1.192703354E-1
1.864357504E1,1.544547862E-1,1.246942127E-1,-1.650338611E-1
1.865351304E1,1.789300615E-1,1.236738735E-1,-1.942152679E-1
1.866345204E1,1.364073551E-1,1.404395950E-1,-2.035599956E-1
1.867339004E1,8.254455864E-2,1.243714464E-1,-2.428521153E-1
1.868332904E1,4.245078564E-2,8.604821026E-2,-2.070357268E-1
1.869326704E1,2.458344877E-2,1.026016778E-1,-1.347536163E-1
1.870320604E1,7.228854239E-2,1.213805956E-1,-1.207298005E-1
1.871314404E1,9.288652897E-2,8.869115174E-2,-1.476413181E-1
1.872308304E1,2.817831695E-2,8.593360484E-2,-1.531023252E-1
1.873302104E1,9.733859897E-3,1.979036915E-1,-1.476268463E-1
1.874295904E1,4.510717571E-2,2.780660945E-1,-1.784565832E-1
1.875289804E1,2.385663986E-2,2.685275316E-1,-1.818709186E-1
1.876283604E1,-5.182387233E-3,2.928823543E-1,-1.355859675E-1
1.877277504E1,-2.998861492E-2,2.804581904E-1,-1.200440682E-1
1.878271304E1,2.929455042E-3,2.584276360E-1,-1.303725900E-1
1.879265204E1,-6.693307757E-3,2.666763031E-1,-1.620938811E-1
1.880259004E1,-5.489307582E-2,3.459382349E-1,-1.676607227E-1
1.881252904E1,-3.380860090E-2,4.134221202E-1,-1.867428187E-1
1.882246704E1,6.068825126E-3,3.321428990E-1,-2.140104318E-1
1.883240504E1,5.217470527E-3,2.289255095E-1,-2.363700382E-1
1.884234404E1,3.280872703E-3,2.308439809E-1,-2.139686242E-1
1.885228204E1,2.132362604E-2,2.825029618E-1,-1.222335581E-1
1.886222104E1,-1.752235115E-2,2.806189889E-1,-8.252555519E-2
1.887215904E1,-3.469679296E-2,2.447445667E-1,-6.302859932E-2
1.888209804E1,-1.248713833E-1,1.759421343E-1,-7.010095283E-2
1.889203604E1,-2.872777981E-1,1.332229614E-1,9.983243644E-3
1.890197504E1,-4.314941096E-1,1.356606656E-1,7.766154885E-2
1.891191304E1,-5.116646987E-1,2.340704745E-1,1.879273184E-1
1.892185104E1,-5.305383414E-1,2.984611827E-1,3.806522772E-1
1.893179004E1,-6.131618375E-1,2.628329283E-1,4.274794114E-1
1.894172804E1,-7.606636995E-1,2.226303971E-1,4.105350575E-1
1.895166704E1,-8.437076104E-1,2.778988642E-1,4.216101225E-1
1.896160504E1,-8.986340153E-1,2.849242938E-1,2.599793409E-1
1.897154404E1,-8.743522829E-1,2.055384010E-1,7.351908892E-2
1.898148204E1,-7.464274836E-1,1.029203510E-1,3.534729570E-2
1.899142104E1,-6.375932586E-1,-3.716080964E-2,5.275241017E-2
1.900135904E1,-6.403174764E-1,-1.450033468E-1,1.108886442E-1
1.901129704E1,-7.851728886E-1,-1.793627554E-1,3.227847227E-1
1.902123604E1,-1.045783290E0,-8.738839209E-2,7.100540015E-1
1.903117404E1,-1.250289073E0,8.067052603E-2,9.083497488E-1
1.904111304E1,-1.397427823E0,1.222559237E-1,1.007676401E0
1.905105104E1,-1.666014411E0,-3.608901501E-2,1.157727357E0
1.906099004E1,-1.944577519E0,-1.309811389E-1,1.116550680E0
1.907092804E1,-2.086561949E0,-6.530170441E-2,8.608013606E-1
1.908086704E1,-2.168224162E0,-8.836897016E-2,7.540043056E-1
1.909080504E1,-2.193098218E0,-2.353135926E-1,7.509966440E-1
1.910074404E1,-2.042942305E0,-3.245953131E-1,7.094988084E-1
1.911068204E1,-1.888786896E0,-4.537287319E-1,6.937104490E-1
1.912062004E1,-1.855139093E0,-6.511710781E-1,8.608080849E-1
1.913055904E1,-1.774680821E0,-6.697190309E-1,9.499048872E-1
1.914049704E1,-1.705106556E0,-5.911336219E-1,7.872477731E-1
1.915043604E1,-1.765574952E0,-5.491430122E-1,8.169694626E-1
1.916037404E1,-1.902110946E0,-5.223341131E-1,8.463378341E-1
1.917031304E1,-2.108033509E0,-5.191731083E-1,9.397745861E-1
1.918025104E1,-2.179641436E0,-3.777734005E-1,1.005834090E0
1.919019004E1,-2.132659643E0,-3.308407241E-1,7.060267317E-1
1.920012804E1,-2.217395738E0,-6.044167417E-1,8.067612474E-1
1.921006604E1,-2.305585198E0,-8.334299594E-1,9.570994475E-1
1.922000504E1,-2.371202068E0,-7.596211410E-1,6.643922174E-1
1.922994304E1,-2.485580623E0,-6.697371572E-1,7.328515644E-1
1.923988204E1,-2.356350725E0,-8.037109011E-1,5.829451811E-1
1.924982004E1,-2.172180973E0,-9.803096777E-1,4.934231400E-1
1.925975904E1,-2.138950662E0,-1.012647704E0,6.468246965E-1
1.926969704E1,-2.046506767E0,-9.952311873E-1,5.201284703E-1
1.927963604E1,-1.883243151E0,-1.134312474E0,1.319869331E-1
1.928957404E1,-1.906391108E0,-1.411546510E0,-1.172459563E-1
1.929951204E1,-1.946354488E0,-1.425927152E0,-2.758365512E-2
1.930945104E1,-1.887754278E0,-1.267871066E0,9.264328480E-3
1.931938904E1,-1.809641908E0,-1.291209642E0,3.996447645E-2
1.932932804E1,-1.848829363E0,-1.517344276E0,1.756293265E-1
1.933926604E1,-2.036986915E0,-1.625588517E0,2.198950696E-1
1.934920504E1,-2.155091901E0,-1.568857661E0,1.744025624E-1
1.935914304E1,-2.190631862E0,-1.706182444E0,1.757240331E-1
1.936908204E1,-2.262062618E0,-1.924433277E0,1.476205788E-1
1.937902004E1,-2.304810442E0,-1.895215909E0,-7.885843735E-2
1.938895804E1,-2.201239881E0,-1.844926054E0,-4.475920425E-1
1.939889704E1,-2.047746962E0,-2.053923376E0,-4.734367722E-1
1.940883504E1,-1.714379656E0,-2.188983825E0,-4.897557664E-1
1.941877404E1,-1.299494562E0,-2.194061254E0,-5.742860395E-1
1.942871204E1,-1.061125215E0,-2.349239633E0,-5.677967265E-1
1.943865104E1,-1.044684014E0,-2.455993711E0,-6.792850757E-1
1.944858904E1,-1.156972774E0,-2.424023475E0,-7.220294646E-1
1.945852804E1,-1.300727155E0,-2.413303190E0,-7.567850952E-1
1.946846604E1,-1.318605602E0,-2.468513770E0,-8.940496521E-1
1.947840404E1,-1.433149633E0,-2.591359970E0,-9.679591888E-1
1.948834304E1,-1.366096687E0,-2.556054774E0,-8.312887090E-1
1.949828104E1,-1.004985512E0,-2.515431536E0,-7.730187200E-1
1.950822004E1,-5.847011000E-1,-2.720716460E0,-1.072634289E0
1.951815804E1,-1.940030140E-1,-2.929240157E0,-1.359258369E0
1.952809704E1,4.733788848E-2,-2.931587521E0,-1.270669543E0
1.953803504E1,1.684992135E-1,-2.800416933E0,-1.302138088E0
1.954797404E1,7.944787323E-2,-2.741493079E0,-1.464579586E0
1.955791204E1,-6.790079176E-2,-2.750663267E0,-1.452237430E0
1.956785004E1,-1.781085277E-1,-2.687682907E0,-1.443733239E0
1.957778904E1,-2.254481703E-1,-2.644025549E0,-1.905986042E0
1.958772704E1,-1.325084317E-1,-2.665653815E0,-1.390504866E0
1.959766604E1,3.026261544E-1,-2.687681445E0,-1.278967327E0
1.960760404E1,8.189581007E-1,-2.587046186E0,-1.535227108E0
1.961754304E1,1.161873325E0,-2.509697171E0,-1.627725382E0
1.962748154E1,1.239075283E0,-2.533320799E0,-1.586182084E0
1.963742054E1,1.209604146E0,-2.419466301E0,-1.632297612E0
1.964735854E1,1.161467528E0,-2.248182644E0,-1.935213788E0
1.965729754E1,8.428474849E-1,-2.229346131E0,-2.044885627E0
1.966723554E1,4.303644276E-1,-2.124179718E0,-1.548902868E0
1.967717354E1,3.576309121E-1,-1.868866894E0,-1.082112626E0
1.968711254E1,4.328646970E-1,-1.736369864E0,-1.140480994E0
1.969705054E1,4.194225329E-1,-1.667988431E0,-1.438551583E0
1.970698954E1,5.748660833E-1,-1.572760970E0,-1.481319288E0
1.971692754E1,9.164118898E-1,-1.561731659E0,-1.520024347E0
1.972686654E1,1.421911284E0,-1.649740733E0,-1.819568142E0
1.973680454E1,1.842053609E0,-1.878593445E0,-1.849253871E0
1.974674354E1,2.062307113E0,-2.103705693E0,-2.029306013E0
1.975668154E1,2.054089437E0,-2.117079737E0,-2.243592726E0
1.976661954E1,1.963101498E0,-1.958461441E0,-2.076896209E0
1.977655854E1,2.062027032E0,-1.784207105E0,-2.099964936E0
1.978649654E1,2.277308064E0,-1.779107164E0,-2.116719840E0
1.979643554E1,2.360589371E0,-1.856466411E0,-2.202118425E0
1.980637354E1,2.249343170E0,-1.836233876E0,-1.960298928E0
1.981631254E1,2.134322006E0,-1.808972987E0,-1.715816901E0
1.982625054E1,2.125723675E0,-1.781415060E0,-1.949638284E0
1.983618954E1,2.107407272E0,-1.736749349E0,-2.153938538E0
1.984612754E1,2.160823926E0,-1.707916728E0,-2.132124330E0
1.985606654E1,2.394455275E0,-1.772166519E0,-2.151963056E0
1.986600454E1,2.658427826E0,-1.858045744E0,-2.365178851E0
1.987594254E1,2.740272473E0,-1.851375825E0,-2.378461386E0
1.988588154E1,2.685098730E0,-1.719724011E0,-2.120376689E0
1.989581954E1,2.522650216E0,-1.481315487E0,-1.827530295E0
1.990575854E1,2.353587331E0,-1.221513171E0,-1.528005504E0
1.991569654E1,2.324476967E0,-1.034268953E0,-1.424441082E0
1.992563554E1,2.382977191E0,-9.630042583E-1,-1.436659716E0
1.993557354E1,2.454230191E0,-9.986652571E-1,-1.497226930E0
1.994551254E1,2.445714891E0,-1.054424306E0,-1.495976211E0
1.995545054E1,2.338847085E0,-1.066753744E0,-1.450992996E0
1.996538854E1,2.290332152E0,-1.011908031E0,-1.483823065E0
1.997532754E1,2.322985927E0,-9.387190175E-1,-1.289864198E0
1.998526554E1,2.383279492E0,-8.392760056E-1,-1.035133464E0
1.999520454E1,2.426023223E0,-7.411018395E-1,-1.029946984E0
2.000514254E1,2.400644553E0,-6.625918597E-1,-1.048296424E0
2.001508154E1,2.354074988E0,-6.221607023E-1,-1.214540366E0
2.002501954E1,2.417283390E0,-6.529667580E-1,-1.107440425E0
2.003495854E1,2.465566188E0,-6.425587142E-1,-1.034400516E0
2.004489654E1,2.413329502E0,-5.407779855E-1,-1.006306399E0
2.005483454E1,2.419954982E0,-3.710198665E-1,-9.793671066E-1
2.006477354E1,2.485944904E0,-2.605127531E-1,-1.238100552E0
2.007471154E1,2.370824922E0,-2.441680312E-1,-1.442427410E0
2.008465054E1,2.123956647E0,-3.859612566E-1,-1.507313962E0
2.009458854E1,1.886284872E0,-7.273813480E-1,-1.252049377E0
2.010452754E1,1.754057107E0,-1.212079858E0,-6.733100984E-1
2.011446554E1,1.798503547E0,-1.567892578E0,-4.789606369E-1
2.012440454E1,1.575771409E0,-1.598124437E0,-6.139690456E-1
2.013434254E1,9.901300764E-1,-1.271731105E0,-7.992988846E-1
2.014428154E1,4.560594320E-1,-7.387802026E-1,-8.046110800E-1
2.015421954E1,3.343981701E-1,-3.605662143E-1,-6.664118457E-1
2.016415754E1,5.091001099E-1,-4.126035100E-1,-5.750719053E-1
2.017409654E1,6.841271549E-1,-8.143525413E-1,-5.071477246E-1
2.018403454E1,6.776899552E-1,-1.196302900E0,-3.993814936E-1
2.019397354E1,5.391805261E-1,-1.464142799E0,-5.615013948E-1
2.020391154E1,3.484285641E-1,-1.642054276E0,-5.712986970E-1
2.021385054E1,1.960238117E-1,-1.668491877E0,-5.155753165E-1
2.022378854E1,2.009787422E-1,-1.541321368E0,-4.189629418E-1
2.023372754E1,3.673788053E-1,-1.381393296E0,-5.233418807E-1
2.024366554E1,4.412227070E-1,-1.459177051E0,-7.278567266E-1
2.025360354E1,2.050267696E-1,-1.632849004E0,-8.276681131E-1
2.026354254E1,-1.384959805E-1,-1.655340319E0,-5.677384736E-1
2.027348054E1,-3.235398906E-1,-1.586733915E0,-4.216839436E-1
2.028341954E1,-4.282693702E-1,-1.468231026E0,-3.854940641E-1
2.029335754E1,-3.640540785E-1,-1.253958493E0,-3.151786646E-1
2.030329654E1,-1.264729357E-1,-1.040552225E0,-4.605623728E-1
2.031323454E1,2.090899998E-1,-9.671910109E-1,-7.764179988E-1
2.032317354E1,5.699930137E-1,-1.002227381E0,-1.249908419E0
2.033311154E1,8.134172791E-1,-1.153180854E0,-1.620789853E0
2.034305054E1,6.855796033E-1,-1.395992916E0,-1.687777894E0
2.035298854E1,3.655562282E-1,-1.536199207E0,-1.644966774E0
2.036292654E1,-7.941337466E-2,-1.486348186E0,-8.376393700E-1
2.037286554E1,-5.947618192E-1,-1.310437042E0,-1.757620400E-1
2.038280354E1,-9.586100757E-1,-1.040887197E0,-2.607542431E-1
2.039274254E1,-1.170134856E0,-8.281524818E-1,-2.793566481E-1
2.040268054E1,-1.127378846E0,-7.133524159E-1,-5.368329421E-1
2.041261954E1,-9.598754132E-1,-7.095941911E-1,-7.149519948E-1
2.042255754E1,-8.752176708E-1,-7.416943087E-1,-4.394978881E-1
2.043249654E1,-5.558445060E-1,-6.948021242E-1,-3.157233693E-1
2.044243454E1,-2.429178965E-1,-7.509052813E-1,-3.703445496E-1
2.045237254E1,-4.734513903E-1,-9.805239051E-1,-1.090154886E-1
2.046231154E1,-1.073303211E0,-1.111738494E0,2.151021069E-1
2.047224954E1,-1.620427764E0,-9.211298619E-1,2.127509415E-1
2.048218854E1,-1.939157735E0,-7.015669142E-1,1.865203321E-1
2.049212654E1,-1.848882573E0,-6.952940212E-1,-2.549982623E-1
2.050206554E1,-1.369438371E0,-6.815363999E-1,-8.905964327E-1
2.051200354E1,-7.166674948E-1,-5.980125788E-1,-8.284896469E-1
2.052194254E1,-3.931749666E-1,-6.549127114E-1,-5.011987674E-1
2.053188054E1,-5.847741902E-1,-7.406122814E-1,-6.206456888E-1
2.054181954E1,-7.721803755E-1,-6.680715778E-1,-4.198359311E-1
2.055175754E1,-8.606113261E-1,-7.280050997E-1,-1.715923905E-1
2.056169554E1,-1.111835777E0,-8.939214519E-1,-3.069811606E-1
2.057163454E1,-1.357883688E0,-8.739213431E-1,-3.441215781E-1
2.058157254E1,-1.466915549E0,-7.229003343E-1,-3.411581361E-1
2.059151154E1,-1.422028229E0,-4.222990707E-1,-2.283442962E-1
2.060144954E1,-1.372943192E0,-1.693605083E-1,6.674962118E-2
2.061138854E1,-1.464367917E0,-1.446326333E-1,1.698524053E-1
2.062132654E1,-1.710730408E0,-2.149424779E-1,1.625608543E-1
2.063126521E1,-1.921717830E0,-1.607548687E-1,2.395465381E-1
2.064120321E1,-1.947339159E0,-2.659459859E-1,2.342112462E-1
2.065114121E1,-1.781993934E0,-4.819649363E-1,-2.526945873E-1
2.066108021E1,-1.371876660E0,-4.126233906E-1,-6.221870148E-1
2.067101821E1,-9.056196839E-1,-2.148278725E-1,-3.084688385E-1
2.068095721E1,-5.302582598E-1,-1.247301731E-1,-1.966151114E-1
2.069089521E1,-5.113688296E-1,-1.548421642E-1,-2.214669473E-1
2.070083421E1,-9.568828082E-1,-1.473369706E-1,7.165631220E-2
2.071077221E1,-1.544653112E0,1.268144131E-2,4.137967806E-1
2.072071121E1,-2.061767415E0,1.138265777E-1,2.709975417E-1
2.073064921E1,-2.485977648E0,1.002844262E-1,6.777756169E-2
2.074058821E1,-2.610447913E0,1.994075954E-1,-3.121806510E-1
2.075052621E1,-2.041633113E0,4.798657858E-1,-6.632379770E-1
2.076046421E1,-8.016895187E-1,6.396713591E-1,-4.345672600E-1
2.077040321E1,4.081999719E-1,3.928603864E-1,-1.475579953E-1
2.078034121E1,8.079682589E-1,-2.785712940E-1,-1.931990218E-1
2.079028021E1,2.099027628E-1,-9.358228916E-1,-3.598712727E-2
2.080021821E1,-8.928470260E-1,-9.451720047E-1,3.455363850E-1
2.081015721E1,-1.849260888E0,-3.811484134E-1,5.641395123E-1
2.082009521E1,-2.487344728E0,-1.375849843E-2,4.771175945E-1
2.083003421E1,-2.674439841E0,-2.697203636E-2,-1.553488255E-1
2.083997221E1,-2.477430773E0,-1.602487922E-1,-6.699766007E-1
2.084991021E1,-1.944856431E0,-2.265252274E-1,-4.280688107E-1
2.085984921E1,-1.037360961E0,-2.751033103E-1,-1.396512441E-1
2.086978721E1,-2.086274850E-1,-4.109610271E-1,-1.820879965E-1
2.087972621E1,1.864969432E-1,-6.035244566E-1,-2.157695666E-1
2.088966421E1,2.353480911E-1,-6.470224786E-1,1.462856412E-2
2.089960321E1,-4.931717098E-2,-6.249205881E-1,3.106476572E-1
2.090954121E1,-6.876413316E-1,-5.312119406E-1,6.353585990E-1
2.091948021E1,-1.345957122E0,-1.599728036E-1,7.430375603E-1
2.092941821E1,-1.748633230E0,2.377080274E-1,6.284392963E-1
2.093935721E1,-1.946148081E0,2.543568045E-1,5.123976472E-1
2.094929521E1,-1.939445418E0,9.059968293E-2,5.582699311E-1
2.095923321E1,-1.597932941E0,1.866741139E-1,4.433604491E-1
2.096917221E1,-1.018652794E0,3.748825371E-1,5.484629810E-2
2.097911021E1,-6.026456201E-1,2.131672633E-1,-2.933635801E-2
2.098904921E1,-2.578727353E-1,8.266793489E-3,-1.717531890E-2
2.099898721E1,4.140998125E-2,1.243234992E-2,-1.423846713E-1
2.100892621E1,-5.423877239E-3,3.135686338E-2,-1.622514635E-2
2.101886421E1,-3.960547203E-1,8.269015431E-2,3.085742345E-1
2.102880321E1,-7.136234343E-1,2.263860637E-1,4.795783952E-1
2.103874121E1,-9.859955102E-1,2.757061583E-1,4.456575277E-1
2.104867921E1,-1.278676136E0,2.053986526E-1,3.792936766E-1
2.105861821E1,-1.353690650E0,2.015318888E-1,3.589190537E-1
2.106855621E1,-1.245814784E0,2.071557409E-1,2.532771161E-1
2.107849521E1,-1.011114564E0,2.375688636E-1,4.888652354E-2
2.108843321E1,-6.592905217E-1,3.657357377E-1,-1.463078606E-1
2.109837221E1,-2.646625221E-1,4.370893103E-1,-1.242428076E-1
2.110831021E1,-9.688836336E-2,2.657319778E-1,1.256718671E-1
2.111824921E1,-1.800410324E-1,3.908161998E-2,2.378109384E-1
2.112818721E1,-3.789282256E-1,4.496918142E-2,2.953919792E-1
2.113812621E1,-6.128934503E-1,1.271436113E-1,2.984407175E-1
2.114806421E1,-8.810754114E-1,1.155058980E-1,2.605568996E-1
2.115800221E1,-1.103007651E0,9.219831169E-2,3.586310783E-1
2.116794121E1,-1.121511165E0,1.897047257E-1,4.417197204E-1
2.117787921E1,-9.629773611E-1,2.655694252E-1,3.231887653E-1
2.118781821E1,-7.381753081E-1,2.083450645E-1,2.115069464E-1
2.119775621E1,-5.615619135E-1,1.716888696E-1,2.311173382E-1
2.120769521E1,-4.199733406E-1,2.676627284E-1,3.293312654E-1
2.121763321E1,-3.336742848E-1,2.820574039E-1,3.097828540E-1
2.122757221E1,-3.832516569E-1,1.178851300E-1,2.739005381E-1
2.123751021E1,-4.854966545E-1,-2.369642615E-2,2.279083863E-1
2.124744921E1,-6.169286138E-1,1.372575402E-2,3.301969457E-1
2.125738721E1,-6.450975752E-1,2.040695804E-1,4.711908567E-1
2.126732521E1,-6.245960677E-1,2.476506329E-1,4.001495254E-1
2.127726421E1,-5.599001348E-1,1.375306052E-1,2.371347079E-1
2.128720221E1,-4.990224338E-1,2.949978769E-2,1.313480517E-1
2.129714121E1,-4.716340756E-1,9.345604777E-3,5.608649254E-2
2.130707921E1,-4.216818970E-1,6.296106398E-2,1.172241023E-1
2.131701821E1,-2.381524158E-1,1.950134128E-1,1.656346625E-1
2.132695621E1,8.539390683E-2,2.166738385E-1,8.001096010E-2
2.133689521E1,2.374653679E-1,-4.879735351E-2,8.391017586E-2
2.134683321E1,1.928861958E-1,-2.930677110E-1,1.009030616E-1
2.135677121E1,5.439606249E-2,-2.200161070E-1,-7.506977051E-2
2.136671021E1,-6.943744004E-2,1.989632070E-2,-1.854342118E-1
2.137664821E1,-1.494384599E-1,1.516089463E-1,-1.306393692E-1
2.138658721E1,-1.238136220E-1,1.301245219E-1,-3.570777655E-2
2.139652521E1,-5.473812461E-2,5.249220908E-2,2.956352234E-3
2.140646421E1,-4.773725331E-2,-6.101628006E-2,3.979322612E-2
2.141640221E1,-3.206496119E-2,-4.314017236E-2,3.750959605E-2
2.142634121E1,-2.246324837E-2,6.114725769E-2,-1.140236288E-2
2.143627921E1,-6.565955400E-2,1.387105733E-1,-1.740306795E-2
2.144621821E1,-5.060823619E-2,1.973897213E-1,2.920333385E-2
2.145615621E1,-1.173945487E-2,2.225713402E-1,2.681269974E-2
2.146609421E1,-2.935477674E-2,1.578210282E-1,-3.072741061E-2
2.147603321E1,-5.689984024E-2,5.978368700E-2,-2.221240282E-2
2.148597121E1,-1.271067739E-2,2.431564629E-2,-8.399817646E-3
2.149591021E1,1.707503915E-2,1.011451364E-2,-1.156000382E-1
2.150584821E1,-2.980267346E-2,-1.613480687E-2,-2.149147037E-1
2.151578721E1,-2.959568202E-2,1.430462837E-2,-1.467206740E-1
2.152572521E1,-2.020213008E-3,8.796434283E-2,-7.656695008E-2
2.153566421E1,1.867308319E-2,1.173770070E-1,-1.321532133E-1
2.154560221E1,2.016119957E-2,7.242536724E-2,-1.740151843E-1
2.155554121E1,4.520365477E-2,7.600327849E-2,-1.182853720E-1
2.156547921E1,6.541630983E-2,1.132032645E-1,-5.585172683E-2
2.157541721E1,5.194958746E-2,1.564703214E-1,-5.159904689E-2
2.158535621E1,4.257182300E-2,1.727489698E-1,-1.365278077E-1
2.159529421E1,6.132267416E-2,1.392374074E-1,-2.099831620E-1
2.160523321E1,4.356760383E-2,4.760042846E-2,-1.910726818E-1
2.161517121E1,2.765499115E-2,-4.808750153E-3,-1.660656023E-1
2.162511021E1,1.173395848E-1,4.870379806E-2,-1.981761718E-1
2.163504829E1,1.355606782E-1,5.163617671E-2,-2.638246161E-1
2.164498729E1,5.350670099E-2,-2.464601398E-2,-2.913772810E-1
2.165492529E1,-9.090549231E-2,-7.276509047E-2,-3.375577131E-1
2.166486429E1,-1.542647517E-1,5.408616006E-2,-3.079392269E-1
2.167480229E1,2.377068579E-2,1.668731028E-1,-1.760736966E-1
2.168474029E1,2.266486037E-1,5.992226601E-3,-8.379089266E-2
2.169467929E1,2.953270751E-1,-1.504587990E-1,-1.067678189E-1
2.170461729E1,2.066546345E-1,-3.264032722E-2,-1.991661054E-1
2.171455629E1,-3.155800760E-2,2.260773307E-1,-3.379708189E-1
2.172449429E1,-2.402603370E-1,3.891479892E-1,-4.504428890E-1
2.173443329E1,-1.574193245E-1,3.640698659E-1,-2.489837980E-1
2.174437129E1,7.729083538E-2,1.098914015E-1,1.521679401E-2
2.175431029E1,1.504611379E-1,-1.228119940E-1,-3.875037521E-2
2.176424829E1,1.268190908E-1,-3.641412020E-2,-1.409129271E-1
2.177418729E1,7.507649481E-2,1.280645478E-1,-2.074048322E-1
2.178412529E1,-1.100621402E-2,8.984422266E-2,-2.769405055E-1
2.179406329E1,-3.827411950E-2,5.094678998E-2,-2.655115378E-1
2.180400229E1,2.970853329E-2,1.592927724E-1,-2.018330204E-1
2.181394029E1,6.644132674E-2,1.860537243E-1,-1.584747469E-1
2.182387929E1,6.646705449E-2,1.354279464E-1,-1.223889479E-1
2.183381729E1,3.525695622E-2,1.431854475E-1,-8.998250932E-2
2.184375629E1,-1.614591658E-2,2.228572690E-1,-7.165207297E-2
2.185369429E1,-6.073327482E-2,2.623230511E-1,-6.009739012E-2
2.186363329E1,-6.921232224E-2,2.142302871E-1,-3.482952476E-2
2.187357129E1,-5.730329812E-2,2.106471133E-1,-1.981241316E-2
2.188350929E1,-7.702478707E-2,2.468355310E-1,-3.212460279E-3
2.189344829E1,-9.343909085E-2,2.525494301E-1,-6.140424281E-2
2.190338629E1,-7.111676037E-2,2.069054800E-1,-1.422917005E-1
2.191332529E1,-4.571820974E-2,1.652206796E-1,-1.861882102E-1
2.192326329E1,2.470507085E-2,1.953882194E-1,-1.407164606E-1
2.193320229E1,8.028285563E-2,2.019575661E-1,-1.483871305E-1
2.194314029E1,1.145019311E-1,1.459850943E-1,-1.607794270E-1
2.195307929E1,1.248415625E-1,9.628376126E-2,-1.599166703E-1
2.196301729E1,7.713179111E-2,5.201273739E-2,-2.054802212E-1
2.197295629E1,-4.346820116E-3,3.560720444E-2,-2.067353261E-1
2.198289429E1,-7.573781490E-2,1.320827544E-2,-1.614778769E-1
2.199283229E1,-1.247287112E-1,-8.940977454E-3,-9.964678735E-2
2.200277129E1,-1.387573510E-1,-1.834622383E-2,-9.579931945E-2
2.201270929E1,-1.396940750E-1,-2.814440310E-2,-8.575058699E-2
2.202264829E1,-2.034603006E-1,-4.142284513E-2,-1.140131038E-1
2.203258629E1,-2.600338662E-1,1.512967050E-2,-5.604643911E-2
2.204252529E1,-2.503345048E-1,8.632946134E-2,-4.983289540E-3
2.205246329E1,-2.822795981E-1,9.704857707E-2,-3.455441326E-2
2.206240229E1,-2.990125751E-1,7.491160333E-2,-3.860214829E-2
2.207234029E1,-2.095384812E-1,6.426382363E-2,-4.676983148E-2
2.208227929E1,-8.983077407E-2,6.836213708E-2,-4.858831555E-2
2.209221729E1,-7.940168023E-2,6.261432409E-2,-2.922379911E-2
2.210215629E1,-1.176728761E-1,9.486054897E-2,-2.352042496E-2
2.211209429E1,-1.125933999E-1,1.383936542E-1,-2.904575139E-2
2.212203229E1,-1.475854772E-1,1.110175753E-1,-4.851200938E-2
2.213197129E1,-2.413046497E-1,5.815231383E-2,-8.814005166E-2
2.214190929E1,-2.091209900E-1,1.214607024E-1,-9.823029935E-3
2.215184829E1,-1.061240405E-1,1.994619745E-1,6.892668575E-2
2.216178629E1,-1.089646178E-1,1.598751551E-1,1.817870110E-2
2.217172529E1,-1.978621763E-1,1.702995712E-1,-1.653855711E-2
2.218166329E1,-1.615755254E-1,2.738198465E-1,-2.151599944E-2
2.219160229E1,-9.312509537E-2,2.619277793E-1,-3.757099181E-2
2.220154029E1,-1.490268159E-1,1.417394310E-1,-5.762928039E-2
2.221147829E1,-2.478962159E-1,1.557037514E-1,-2.443171352E-2
2.222141729E1,-2.378740883E-1,2.897763133E-1,6.246668190E-2
2.223135529E1,-1.825278533E-1,2.718247765E-1,2.678404838E-2
2.224129429E1,-1.891071403E-1,1.061614627E-1,-2.037520766E-2
2.225123229E1,-2.307457477E-1,7.795683324E-2,1.876780808E-2
2.226117129E1,-2.089110750E-1,2.102097416E-1,3.897052288E-2
2.227110929E1,-2.113867861E-1,2.421179974E-1,-4.177455515E-2
2.228104829E1,-2.469413656E-1,1.482438737E-1,-2.859200746E-2
2.229098629E1,-2.293716520E-1,9.192407727E-2,7.173627287E-2
2.230092529E1,-2.092215621E-1,9.688543975E-2,8.175693870E-2
2.231086329E1,-1.891509944E-1,1.089961928E-1,2.891652793E-2
2.232080129E1,-1.568041974E-1,1.339790064E-1,4.115942806E-2
2.233074029E1,-1.721239024E-1,1.202474052E-1,4.728087813E-2
2.234067829E1,-2.161540210E-1,9.488744617E-2,3.256431341E-2
2.235061729E1,-2.050501585E-1,8.805789828E-2,2.741847128E-2
2.236055529E1,-1.676174533E-1,8.371867955E-2,5.356517315E-2
2.237049429E1,-1.528924102E-1,8.484426856E-2,9.789613098E-2
2.238043229E1,-1.291158772E-1,7.515309334E-2,1.515314707E-1
2.239037129E1,-1.321242696E-1,6.119637430E-2,1.064500228E-1
2.240030929E1,-1.841130334E-1,6.433282077E-2,2.930712193E-2
2.241024829E1,-2.699010426E-1,8.478111863E-2,4.804657102E-2
2.242018629E1,-3.206186217E-1,1.100270569E-1,9.011290222E-2
2.243012429E1,-3.638137579E-1,1.012030238E-1,1.063637763E-1
2.244006329E1,-3.756613863E-1,7.807904005E-2,2.161338481E-1
2.245000129E1,-3.497757626E-1,5.696766794E-2,3.195687541E-1
2.245994029E1,-4.736379164E-1,4.063931823E-2,2.527268931E-1
2.246987829E1,-5.767260826E-1,5.764945328E-2,2.508294716E-1
2.247981729E1,-6.039039409E-1,-3.767185628E-2,2.986453700E-1
2.248975529E1,-6.710305613E-1,-1.962717336E-1,3.706836516E-1
2.249969429E1,-7.638217807E-1,-2.252242219E-1,7.482445058E-1
2.250963229E1,-8.664719903E-1,-2.036269462E-1,8.848205531E-1
2.251957129E1,-1.057099991E0,-1.774325895E-1,8.932969692E-1
2.252950929E1,-1.203779735E0,-2.057740438E-1,8.175465828E-1
2.253944829E1,-1.340445537E0,-2.926917350E-1,8.106626558E-1
2.254938629E1,-1.378311521E0,-3.960786939E-1,7.375891247E-1
2.255932429E1,-1.383795624E0,-5.435507351E-1,6.021570852E-1
2.256926329E1,-1.455173171E0,-5.221779925E-1,4.795819035E-1
2.257920129E1,-1.380936921E0,-3.157432133E-1,3.594648913E-1
2.258914029E1,-1.303293498E0,-3.194000620E-1,6.786956763E-1
2.259907829E1,-1.281265867E0,-5.430700940E-1,1.219891445E0
2.260901729E1,-1.290955873E0,-6.849463499E-1,1.275440286E0
2.261895529E1,-1.467389174E0,-6.417202234E-1,1.080028386E0
2.262889429E1,-1.739523852E0,-5.510199684E-1,1.169136152E0
2.263883208E1,-1.996554589E0,-5.659332919E-1,1.034069271E0
2.264877008E1,-2.156355484E0,-5.652626163E-1,5.817707679E-1
2.265870908E1,-2.206562601E0,-6.028596282E-1,5.433732721E-1
2.266864708E1,-2.015832859E0,-6.507301980E-1,8.163122356E-1
2.267858608E1,-1.720313410E0,-5.780498922E-1,8.584425938E-1
2.268852408E1,-1.581429759E0,-5.480905133E-1,9.129830825E-1
2.269846308E1,-1.751418259E0,-6.630947202E-1,9.834503634E-1
2.270840108E1,-2.168417121E0,-7.428676987E-1,8.925203128E-1
2.271834008E1,-2.516046955E0,-7.681352717E-1,8.899801362E-1
2.272827808E1,-2.617343534E0,-9.111675221E-1,9.777538598E-1
2.273821708E1,-2.729191999E0,-1.125958557E0,1.114686295E0
2.274815508E1,-2.819664212E0,-1.269704753E0,9.073475361E-1
2.275809308E1,-2.835876787E0,-1.440585537E0,5.425853598E-1
2.276803208E1,-2.706919954E0,-1.688773529E0,4.568640089E-1
2.277797008E1,-2.537281119E0,-1.976676979E0,4.484451878E-1
2.278790908E1,-2.396946774E0,-2.108360953E0,3.849689841E-1
2.279784708E1,-2.272580590E0,-2.000182786E0,3.598610401E-1
2.280778608E1,-2.361254784E0,-1.915774720E0,3.407967782E-1
2.281772408E1,-2.557601362E0,-2.079862209E0,3.232913840E-1
2.282766308E1,-2.677044775E0,-2.335528205E0,2.274228116E-1
2.283760108E1,-2.871261798E0,-2.484945030E0,2.169925117E-1
2.284754008E1,-2.979414237E0,-2.628830974E0,4.087625106E-1
2.285747808E1,-2.907699891E0,-2.794343722E0,3.528666008E-1
2.286741708E1,-2.684336838E0,-2.843253927E0,6.060989857E-2
2.287735508E1,-2.623666713E0,-2.897258226E0,1.076238970E-2
2.288729308E1,-2.733083321E0,-2.847178578E0,-1.433906847E-1
2.289723208E1,-2.644668158E0,-2.542992971E0,-2.170890274E-1
2.290717008E1,-2.650236461E0,-2.270677613E0,-2.594146460E-1
2.291710908E1,-2.846314067E0,-2.126587894E0,-4.358491889E-1
2.292704708E1,-2.874363745E0,-2.047915946E0,-7.428057182E-1
2.293698608E1,-2.594483260E0,-2.207161356E0,-1.015388294E0
2.294692408E1,-2.120034919E0,-2.665139260E0,-1.278100623E0
2.295686308E1,-1.547730501E0,-3.019950060E0,-1.374555123E0
2.296680108E1,-1.191740903E0,-3.272708820E0,-1.530202741E0
2.297674008E1,-1.005018257E0,-3.304858566E0,-1.790947775E0
2.298667808E1,-7.671178561E-1,-3.056206305E0,-2.000439040E0
2.299661608E1,-7.519460857E-1,-2.861030047E0,-1.872733365E0
2.300655508E1,-7.009811693E-1,-2.683937181E0,-1.734629441E0
2.301649308E1,-5.204676819E-1,-2.618823757E0,-1.818894542E0
2.302643208E1,-2.837729770E-1,-2.705262269E0,-1.654031712E0
2.303637008E1,-2.673405468E-2,-2.884261912E0,-1.226526281E0
2.304630908E1,2.327045649E-1,-3.032404921E0,-1.350484329E0
2.305624708E1,4.044554150E-1,-3.126971355E0,-2.051245936E0
2.306618608E1,1.748054355E-1,-3.286385458E0,-1.765585770E0
2.307612408E1,1.022911906E-1,-3.295539566E0,-1.624423459E0
2.308606308E1,3.855349946E-1,-3.097073957E0,-1.857884946E0
2.309600108E1,6.119117028E-1,-2.979084454E0,-1.947645846E0
2.310593908E1,7.503182209E-1,-3.035973769E0,-1.962419421E0
2.311587808E1,9.060395139E-1,-3.026638690E0,-1.888711467E0
2.312581608E1,1.174260651E0,-2.872466909E0,-1.911070635E0
2.313575508E1,1.360790924E0,-2.808242846E0,-1.954237997E0
2.314569308E1,1.438187009E0,-2.779206158E0,-2.031218637E0
2.315563208E1,1.559652974E0,-2.668277753E0,-1.969204822E0
2.316557008E1,1.706190630E0,-2.615029499E0,-2.017416285E0
2.317550908E1,1.889262859E0,-2.704082301E0,-2.340607681E0
2.318544708E1,2.062826931E0,-2.759479114E0,-2.396588632E0
2.319538608E1,2.103171549E0,-2.680452240E0,-2.031862708E0
2.320532408E1,2.082722667E0,-2.506841099E0,-2.225455540E0
2.321526208E1,2.091702821E0,-2.287469647E0,-2.454503841E0
2.322520108E1,2.145426453E0,-2.189570885E0,-2.050848910E0
2.323513908E1,2.224721714E0,-2.207831447E0,-1.735983656E0
2.324507808E1,2.262254992E0,-2.147731426E0,-1.641699642E0
2.325501608E1,2.240361262E0,-2.037880370E0,-1.714101621E0
2.326495508E1,2.156474183E0,-1.971844255E0,-1.754331341E0
2.327489308E1,2.149637618E0,-1.987645186E0,-1.780378933E0
2.328483208E1,2.208078784E0,-2.032346565E0,-2.092615279E0
2.329477008E1,2.130121366E0,-1.963433036E0,-2.197590341E0
2.330470908E1,1.931850470E0,-1.870352964E0,-1.729773328E0
2.331464708E1,1.868623357E0,-1.792589673E0,-1.192680258E0
2.332458508E1,1.984849048E0,-1.709063367E0,-9.640614349E-1
2.333452408E1,2.210007196E0,-1.700757982E0,-8.599137533E-1
2.334446208E1,2.395480292E0,-1.755855126E0,-9.360374844E-1
2.335440108E1,2.461281348E0,-1.758669975E0,-1.230124950E0
2.336433908E1,2.520299635E0,-1.715619850E0,-1.397150080E0
2.337427808E1,2.627736375E0,-1.662282718E0,-1.418028733E0
2.338421608E1,2.742980903E0,-1.609515690E0,-1.346018518E0
2.339415508E1,2.894153647E0,-1.648340617E0,-1.363727980E0
2.340409308E1,3.092499388E0,-1.711066039E0,-1.507248766E0
2.341403208E1,3.202486684E0,-1.694741197E0,-1.596103347E0
2.342397008E1,3.190969423E0,-1.626119444E0,-1.497161441E0
2.343390908E1,3.076721846E0,-1.556523544E0,-1.248567653E0
2.344384708E1,2.909216074E0,-1.499171129E0,-1.170330738E0
2.345378508E1,2.829849477E0,-1.497580687E0,-1.327603005E0
2.346372408E1,2.709844147E0,-1.531759416E0,-1.323892947E0
2.347366208E1,2.474785493E0,-1.529004793E0,-1.320620845E0
2.348360108E1,2.310673445E0,-1.437484174E0,-1.298249690E0
2.349353908E1,2.241354704E0,-1.361293200E0,-1.138528609E0
2.350347808E1,2.144792615E0,-1.295001562E0,-8.915650240E-1
2.351341608E1,2.087495164E0,-1.181624635E0,-8.705872607E-1
2.352335508E1,2.027675809E0,-1.061173747E0,-9.231250781E-1
2.353329308E1,1.904986022E0,-9.633767259E-1,-9.755009276E-1
2.354323208E1,1.785751355E0,-8.925815624E-1,-1.053095526E0
2.355317008E1,1.706276000E0,-8.193498641E-1,-8.942851487E-1
2.356310808E1,1.671142420E0,-7.232479513E-1,-8.014027128E-1
2.357304708E1,1.617645659E0,-6.294989580E-1,-7.877097031E-1
2.358298508E1,1.457933056E0,-4.821374291E-1,-5.777391127E-1
2.359292408E1,1.308862971E0,-3.119746828E-1,-4.997667843E-1
2.360286208E1,1.267569934E0,-2.366707313E-1,-8.026306280E-1
2.361280108E1,1.243046712E0,-2.506221879E-1,-1.163309109E0
2.362273908E1,1.294529691E0,-2.869988859E-1,-1.290979847E0
2.363267808E1,1.407720092E0,-3.840211505E-1,-1.402473970E0
2.364261608E1,1.478194828E0,-4.893289196E-1,-1.433115719E0
2.365255508E1,1.485323753E0,-5.907292870E-1,-1.216169693E0
2.366249308E1,1.596727830E0,-7.732051000E-1,-1.096665176E0
2.367243208E1,1.760617683E0,-9.170755488E-1,-1.172062975E0
2.368237008E1,1.831447930E0,-1.024876863E0,-1.331478539E0
2.369230808E1,1.762363662E0,-1.127663605E0,-1.644804514E0
2.370224708E1,1.547794821E0,-1.245863900E0,-1.794623627E0
2.371218508E1,1.158436332E0,-1.366801277E0,-1.432661098E0
2.372212408E1,8.362483174E-1,-1.450338693E0,-1.095900360E0
2.373206208E1,6.165508837E-1,-1.431909731E0,-9.544205457E-1
2.374200108E1,2.425080067E-1,-1.375009598E0,-7.558593348E-1
2.375193908E1,-1.565170991E-1,-1.302447406E0,-7.207272166E-1
2.376187808E1,-3.738078189E-1,-1.219784149E0,-8.588738260E-1
2.377181608E1,-4.478897023E-1,-1.181253044E0,-1.008117866E0
2.378175508E1,-4.492977118E-1,-1.245898837E0,-1.256140966E0
2.379169308E1,-2.995879412E-1,-1.352177975E0,-1.406270860E0
2.380163108E1,-6.262894213E-2,-1.356452728E0,-1.256349127E0
2.381157008E1,2.273637182E-1,-1.208197599E0,-1.096699967E0
2.382150808E1,6.018644321E-1,-1.110329096E0,-1.071618336E0
2.383144708E1,7.848945612E-1,-1.086879715E0,-1.094987610E0
2.384138508E1,4.391984010E-1,-9.266830357E-1,-7.622775310E-1
2.385132408E1,-2.371162891E-1,-5.836655581E-1,-4.274922752E-1
2.386126208E1,-8.655867219E-1,-3.445720695E-1,-4.582518455E-1
2.387120108E1,-1.144446284E0,-3.665142214E-1,-6.080247661E-1
2.388113908E1,-1.057495263E0,-5.334677234E-1,-6.544601369E-1
2.389107808E1,-9.338020939E-1,-7.374631903E-1,-7.149574766E-1
2.390101608E1,-7.565881902E-1,-7.852940722E-1,-8.327546060E-1
2.391095408E1,-3.468574172E-1,-7.621086927E-1,-9.767811754E-1
2.392089308E1,-1.085769475E-1,-8.408011056E-1,-1.033542729E0
2.393083108E1,5.114501059E-2,-1.029067855E0,-1.200397267E0
2.394077008E1,3.265295720E-1,-1.214171991E0,-1.443909679E0
2.395070808E1,2.830327195E-1,-1.440155328E0,-1.272158829E0
2.396064708E1,7.523612380E-2,-1.817228378E0,-6.592653787E-1
2.397058508E1,-1.428521562E-1,-2.088482467E0,-2.493546577E-1
2.398052408E1,-5.980426919E-1,-1.912059107E0,9.269181669E-2
2.399046208E1,-1.044202788E0,-1.474298828E0,-1.846024454E-2
2.400040108E1,-1.254708399E0,-1.223746807E0,-5.858541709E-1
2.401033908E1,-1.272245368E0,-1.326922389E0,-7.867533179E-1
2.402027808E1,-1.306106594E0,-1.618444096E0,-7.581698620E-1
2.403021608E1,-1.459817614E0,-1.757563097E0,-7.374975427E-1
2.404015408E1,-1.542334691E0,-1.637027425E0,-3.987520409E-1
2.405009308E1,-1.517923150E0,-1.399746536E0,-7.261591338E-2
2.406003108E1,-1.450434587E0,-1.249506131E0,-1.772495351E-1
2.406997008E1,-1.501793021E0,-1.362742724E0,-2.839758754E-2
2.407990808E1,-1.598522340E0,-1.510402169E0,-1.313401580E-2
2.408984708E1,-1.639997225E0,-1.463593161E0,-4.644168939E-1
2.409978508E1,-1.581670665E0,-1.294544017E0,-6.188014770E-1
2.410972408E1,-1.264382617E0,-1.117483310E0,-5.573928487E-1
2.411966208E1,-8.444689178E-1,-1.128441870E0,-7.423975825E-1
2.412960108E1,-7.564110196E-1,-1.405737886E0,-5.980777752E-1
2.413953908E1,-1.017817812E0,-1.552097787E0,-1.369883856E-2
2.414947708E1,-1.371195459E0,-1.421228330E0,4.802037914E-1
2.415941608E1,-1.690627681E0,-1.128130213E0,6.547501588E-1
2.416935408E1,-1.976895665E0,-9.429886544E-1,5.379554614E-1
2.417929308E1,-2.246405529E0,-9.246552944E-1,3.790270436E-1
2.418923108E1,-2.213758185E0,-8.485350716E-1,9.457995571E-2
2.419917008E1,-2.062328163E0,-6.935452652E-1,2.346207706E-1
2.420910808E1,-1.896764252E0,-5.773517346E-1,5.344344143E-1
2.421904708E1,-1.957083544E0,-5.078330183E-1,1.039473560E0
2.422898508E1,-2.306431875E0,-4.389305985E-1,1.598539882E0
2.423892408E1,-2.579030823E0,-3.226084292E-1,1.394460361E0
2.424886208E1,-2.676291069E0,-1.433865917E-1,9.572241394E-1
2.425880108E1,-2.563923957E0,-1.509400249E-1,8.114179699E-1
2.426873908E1,-2.006427028E0,-2.768580598E-1,2.986756293E-1
2.427867708E1,-1.267987425E0,-2.956539345E-1,-5.129458237E-1
2.428861608E1,-8.373692286E-1,-5.437974876E-1,-7.891508956E-1
2.429855408E1,-6.376078767E-1,-9.733275175E-1,-3.248713017E-1
2.430849308E1,-4.822736692E-1,-1.171522985E0,9.944374278E-2
2.431843108E1,-4.761516345E-1,-1.031826571E0,9.932329014E-2
2.432837008E1,-6.521452242E-1,-8.708094549E-1,2.288753696E-1
2.433830808E1,-8.842568815E-1,-8.251625812E-1,3.547308393E-1
2.434824708E1,-1.078233583E0,-7.592767400E-1,9.625554845E-2
2.435818508E1,-1.268558698E0,-5.441921747E-1,2.468378699E-1
2.436812408E1,-1.223362645E0,-2.717206961E-1,3.091760592E-1
2.437806208E1,-1.071732064E0,-1.633969331E-1,1.245936406E-1
2.438800008E1,-1.000076775E0,-3.424907166E-1,1.728881335E-1
2.439793908E1,-9.601046240E-1,-5.472496837E-1,4.877700520E-1
2.440787708E1,-1.054828933E0,-5.942449254E-1,8.687477267E-1
2.441781608E1,-1.361739342E0,-4.501426345E-1,1.194208866E0
2.442775408E1,-1.638689203E0,-1.100714958E-1,1.201770047E0
2.443769308E1,-1.646865950E0,1.420434862E-1,8.078302646E-1
2.444763108E1,-1.357814691E0,1.002996290E-1,5.549685931E-1
2.445757008E1,-9.057483226E-1,-5.409726977E-2,5.048217022E-1
2.446750808E1,-5.039153838E-1,-1.421154070E-1,3.718700516E-1
2.447744708E1,-2.834952343E-1,-1.710141009E-1,2.435800937E-1
2.448738508E1,-1.983556813E-1,-1.814788628E-1,2.374288228E-1
2.449732408E1,-2.099466169E-1,-2.356357741E-1,3.657459703E-1
2.450726208E1,-3.863693923E-1,-3.925896603E-1,6.646135345E-1
2.451720008E1,-6.652073193E-1,-3.623244721E-1,1.060554234E0
2.452713908E1,-9.681889844E-1,-1.513709646E-1,1.182612814E0
2.453707708E1,-1.225383443E0,1.136061376E-1,1.115683537E0
2.454701608E1,-1.356908373E0,2.473582721E-1,1.110934429E0
2.455695408E1,-1.304103922E0,1.999806225E-1,1.038310256E0
2.456689308E1,-1.149838001E0,1.015392387E-1,8.255490822E-1
2.457683108E1,-8.912940055E-1,1.171969128E-1,7.189894241E-1
2.458677008E1,-5.848314929E-1,1.632788193E-1,7.322199190E-1
2.459670808E1,-4.736425942E-1,2.186858654E-4,6.138570714E-1
2.460664708E1,-4.927056867E-1,-1.757409900E-1,3.998679820E-1
2.461658508E1,-5.070711261E-1,-1.759006190E-1,3.332059228E-1
2.462652308E1,-5.748111194E-1,-2.050606835E-1,4.154478881E-1
2.463646217E1,-6.207176095E-1,-1.907221413E-1,4.785001686E-1
2.464640017E1,-5.414176708E-1,-7.502562404E-2,5.716565466E-1
2.465633917E1,-4.346165228E-1,-3.344373465E-2,5.235620284E-1
2.466627717E1,-3.976562726E-1,-5.997664511E-2,3.085964540E-1
2.467621617E1,-3.413674664E-1,-6.272249758E-2,2.891404286E-1
2.468615417E1,-2.322350335E-1,-1.459231138E-2,3.648206484E-1
2.469609317E1,-1.880973262E-1,-4.796471000E-3,2.247508898E-1
2.470603117E1,-2.751734769E-1,-2.454076409E-2,1.049586904E-1
2.471597017E1,-3.621841389E-1,3.016520083E-2,1.429635456E-1
2.472590817E1,-4.131320983E-1,1.118934882E-1,2.103831115E-1
2.473584717E1,-4.784811652E-1,1.308682877E-1,1.139993629E-1
2.474578517E1,-4.395135659E-1,2.038321835E-1,8.717321455E-3
2.475572417E1,-3.084996825E-1,2.614202410E-1,8.253695726E-2
2.476566217E1,-1.608171415E-1,2.171416157E-1,1.164566553E-1
2.477560017E1,-9.288594425E-2,1.632946068E-1,-5.334180951E-2
2.478553917E1,-1.289351982E-1,1.853655070E-1,-6.783150226E-2
2.479547717E1,-1.862490213E-1,2.255510813E-1,5.933432847E-2
2.480541617E1,-2.157283437E-1,2.079907233E-1,1.156164104E-1
2.481535417E1,-2.369818032E-1,1.582157153E-1,1.467823622E-1
2.482529317E1,-3.459762418E-1,1.856198609E-2,5.091463029E-3
2.483523117E1,-4.432511061E-1,-3.098439574E-3,-1.717210293E-2
2.484517017E1,-4.068416637E-1,1.502442062E-1,1.852836460E-1
2.485510817E1,-3.259378338E-1,1.343082047E-1,1.127591684E-1
2.486504717E1,-2.513940203E-1,4.437276542E-2,4.775187135E-2
2.487498517E1,-1.209385461E-1,6.530170441E-2,1.539618659E-1
2.488492317E1,-3.982597053E-2,1.073531252E-1,1.254227757E-1
2.489486217E1,-5.748748541E-2,8.931329548E-2,1.760041147E-2
2.490480017E1,-6.598992169E-2,7.010343790E-2,2.187121779E-2
2.491473917E1,-1.000674945E-1,5.445336521E-2,4.621931612E-2
2.492467717E1,-1.753229141E-1,4.894470334E-2,3.587909997E-2
2.493461617E1,-2.151769513E-1,9.958977699E-2,-5.725885928E-3
2.494455417E1,-2.358737558E-1,1.089160860E-1,4.693852365E-3
2.495449317E1,-2.713780493E-1,9.758301258E-2,9.367093295E-2
2.496443117E1,-2.224491334E-1,1.493080670E-1,1.166048822E-1
2.497437017E1,-1.176857400E-1,2.189624387E-1,5.860985845E-2
2.498430817E1,-8.751995444E-2,2.042631233E-1,1.238761872E-2
2.499424717E1,-9.231350183E-2,1.544506931E-1,4.057382941E-3
2.500418517E1,-6.701376915E-2,1.862186158E-1,1.694815457E-3
2.501412417E1,-2.261819959E-2,1.892205763E-1,-3.427813232E-2
2.502406217E1,2.418349922E-2,1.494951779E-1,-3.000294060E-2
2.503400017E1,2.883203566E-2,1.403986645E-1,3.854659975E-2
2.504393917E1,-4.659646153E-2,1.485713178E-1,1.919845551E-2
2.505387717E1,-1.118601590E-1,1.784125829E-1,-8.170168251E-2
2.506381617E1,-1.088184375E-1,2.155535120E-1,-1.420174661E-1
2.507375417E1,-9.083824933E-2,2.150839806E-1,-1.476024342E-1
2.508369317E1,-2.119206369E-2,2.137332737E-1,-5.446301311E-2
2.509363117E1,7.836789250E-2,1.539332145E-1,-2.677440047E-3
2.510357017E1,7.185467899E-2,6.052335978E-2,-2.356603324E-2
2.511350817E1,1.264635801E-2,6.283184052E-2,-6.189862490E-3
2.512344717E1,-1.012936556E-1,1.175091541E-1,2.044128120E-2
2.513338517E1,-2.550619787E-1,1.499237788E-1,-1.719490707E-2
2.514332317E1,-3.443419451E-1,1.877213502E-1,-9.355545044E-3
2.515326217E1,-3.681892294E-1,1.594792986E-1,-2.584615499E-2
2.516320017E1,-3.180628037E-1,1.026063555E-1,-4.576411039E-2
2.517313917E1,-2.391037577E-1,6.556132078E-2,-6.253334016E-2
2.518307717E1,-1.765414739E-1,9.513946116E-2,-8.071525723E-2
2.519301617E1,-1.452495146E-1,8.089038134E-2,-1.202596843E-1
2.520295417E1,-1.521293485E-1,2.634346068E-2,-1.308586398E-1
2.521289317E1,-1.614930797E-1,-1.552845061E-2,-1.032323000E-1
2.522283117E1,-1.880914789E-1,-8.943901062E-3,-1.038199452E-1
2.523277017E1,-1.810841757E-1,2.813387811E-2,-3.601270884E-2
2.524270817E1,-1.575947410E-1,5.100526214E-3,5.819265962E-2
2.525264717E1,-2.195290339E-1,-4.375646889E-2,4.704962075E-2
2.526258517E1,-2.539627022E-1,4.432715714E-2,-1.791265279E-2
2.527252317E1,-2.462630886E-1,1.598599523E-1,-3.914915532E-2
2.528246217E1,-2.530826962E-1,1.258776891E-1,-5.717465937E-2
2.529240017E1,-2.525991315E-1,1.083097297E-1,-3.043972760E-2
2.530233917E1,-1.789569587E-1,2.368724602E-1,-3.405447632E-2
2.531227717E1,-9.950031459E-2,2.963754809E-1,-7.156670362E-2
2.532221617E1,-1.369248337E-1,1.595067805E-1,-9.139227301E-2
2.533215417E1,-2.124995112E-1,1.053194636E-1,-1.128147170E-1
2.534209317E1,-2.093425995E-1,2.961451006E-1,8.760298491E-3
2.535203117E1,-1.944082260E-1,3.793147266E-1,8.316787183E-2
2.536197017E1,-2.080714148E-1,1.873839658E-1,7.226456881E-2
2.537190817E1,-1.470411015E-1,7.353458405E-2,1.218609443E-1
2.538184717E1,-9.178549826E-2,1.544764209E-1,1.374063519E-1
2.539178517E1,-1.195960253E-1,2.307790768E-1,1.016836649E-1
2.540172317E1,-1.736488563E-1,2.183502352E-1,2.475711107E-2
2.541166217E1,-2.410514653E-1,1.584624678E-1,-8.419990540E-3
2.542160017E1,-3.138276654E-1,1.030869967E-1,-4.150646031E-3
2.543153917E1,-2.753681892E-1,1.065204817E-1,-1.156754673E-2
2.544147717E1,-1.853836334E-1,1.391958922E-1,8.282580972E-4
2.545141617E1,-1.761742687E-1,1.083646935E-1,1.129804856E-1
2.546135417E1,-1.710322273E-1,5.786287665E-2,1.785330355E-1
2.547129317E1,-1.694920707E-1,3.579490006E-2,1.781041422E-1
2.548123117E1,-1.680665195E-1,3.783616304E-2,1.644459236E-1
2.549117017E1,-2.213638902E-1,8.002206981E-2,2.332714525E-1
2.550110817E1,-2.587954259E-1,1.259577960E-1,2.098749885E-1
2.551104717E1,-2.984401327E-1,1.242469007E-1,1.154050335E-1
2.552098517E1,-3.458201212E-1,1.324265707E-1,2.140107241E-1
2.553092317E1,-3.882019097E-1,1.216144842E-1,2.980492464E-1
2.554086217E1,-4.342282677E-1,7.157401264E-2,2.212560090E-1
2.555080017E1,-5.059584010E-1,2.785087287E-2,2.378574237E-1
2.556073917E1,-6.220665622E-1,4.851025522E-2,3.809709504E-1
2.557067717E1,-6.927488744E-1,8.461739659E-2,4.715466598E-1
2.558061617E1,-6.785898417E-1,7.110038817E-2,6.228427801E-1
2.559055417E1,-6.790728217E-1,-1.369534850E-2,7.203886628E-1
2.560049317E1,-7.567402178E-1,-8.784096658E-2,6.657157347E-1
2.561043117E1,-8.482772094E-1,-1.504482740E-1,7.576339647E-1
2.562037017E1,-8.157778001E-1,-1.893673414E-1,8.990632010E-1
2.563030817E1,-5.440255290E-1,-2.995177746E-1,6.921156210E-1
2.564024704E1,-1.124624223E-1,-5.903243673E-1,5.244731708E-1
2.565018504E1,1.856935358E-1,-9.633890051E-1,3.840335758E-1
2.566012304E1,2.037158239E-1,-1.040424317E0,1.660037680E-1
2.567006204E1,4.517091036E-2,-8.434322065E-1,2.536335039E-1
2.568000004E1,-3.672191763E-1,-7.810406613E-1,7.156632355E-1
2.568993904E1,-1.005344532E0,-8.859180754E-1,9.043791971E-1
2.569987704E1,-1.659135747E0,-8.366897821E-1,9.428588462E-1
2.570981604E1,-2.305257754E0,-6.723157793E-1,1.224718907E0
2.571975404E1,-2.746782178E0,-4.244967467E-1,1.630075962E0
2.572969304E1,-2.966871960E0,-2.243839771E-1,1.789913403E0
2.573963104E1,-3.063680801E0,-3.453406495E-1,1.736337705E0
2.574957004E1,-2.963283523E0,-6.162830812E-1,1.615957275E0
2.575950804E1,-2.674058602E0,-8.198234886E-1,1.141267299E0
2.576944704E1,-2.513426818E0,-8.875681597E-1,1.178981255E0
2.577938504E1,-2.315745905E0,-9.969678104E-1,1.182942013E0
2.578932304E1,-2.325794345E0,-1.268284464E0,8.633599560E-1
2.579926204E1,-2.523204532E0,-1.405056100E0,8.170406525E-1
2.580920004E1,-2.512702932E0,-1.426006674E0,6.754960799E-1
2.581913904E1,-2.405215321E0,-1.469783024E0,5.615784319E-1
2.582907704E1,-2.407675830E0,-1.630194368E0,8.221759696E-1
2.583901604E1,-2.311751087E0,-1.773021381E0,7.888338304E-1
2.584895404E1,-2.254900948E0,-1.995653533E0,3.318832827E-1
2.585889304E1,-2.262305862E0,-2.237127167E0,3.030577520E-1
2.586883104E1,-2.120236648E0,-2.264074645E0,5.644773352E-1
2.587877004E1,-1.880809540E0,-2.226707429E0,5.725477353E-1
2.588870804E1,-1.790158986E0,-2.317605320E0,6.321647767E-1
2.589864704E1,-2.058081331E0,-2.474894836E0,5.761834610E-1
2.590858504E1,-2.567497775E0,-2.555173014E0,4.499899491E-1
2.591852304E1,-3.018591167E0,-2.416891041E0,8.362617660E-1
2.592846204E1,-3.218256624E0,-2.193889931E0,1.050596133E0
2.593840004E1,-3.329912131E0,-2.232168728E0,9.160517013E-1
2.594833904E1,-3.411442198E0,-2.565904993E0,6.481708717E-1
2.595827704E1,-3.396431810E0,-2.892060344E0,1.224576527E-1
2.596821604E1,-2.985475461E0,-2.878770500E0,-3.041090266E-1
2.597815404E1,-2.193518633E0,-2.733071919E0,-6.101283385E-1
2.598809304E1,-1.317378271E0,-2.861023323E0,-6.096722557E-1
2.599803104E1,-6.101540297E-1,-3.116964138E0,-5.607252135E-1
2.600797004E1,-1.121104199E-1,-3.061453304E0,-5.219225422E-1
2.601790804E1,-1.016070664E-2,-2.710984646E0,-5.737638831E-1
2.602784704E1,-4.207785022E-1,-2.486639846E0,-7.892964913E-1
2.603778504E1,-1.146265937E0,-2.448238257E0,-8.201538563E-1
2.604772304E1,-1.615012658E0,-2.365557750E0,-7.229922818E-1
2.605766204E1,-1.806707776E0,-2.268519991E0,-9.322840105E-1
2.606760004E1,-1.782982698E0,-2.244930276E0,-1.048633369E0
2.607753904E1,-1.437074869E0,-2.407119613E0,-8.427773184E-1
2.608747704E1,-7.996412390E-1,-2.679747359E0,-1.068752177E0
2.609741604E1,-3.017204207E-1,-2.887547463E0,-1.396408653E0
2.610735404E1,-2.140285581E-1,-3.045746806E0,-1.577506278E0
2.611729304E1,-7.130036294E-2,-3.043847045E0,-1.469202249E0
2.612723104E1,3.101936209E-1,-2.929312077E0,-1.158381368E0
2.613717004E1,4.248920184E-1,-2.910937495E0,-1.094453759E0
2.614710804E1,2.137303501E-1,-3.006892642E0,-1.351907834E0
2.615704704E1,2.385313153E-2,-3.122732709E0,-1.983147654E0
2.616698504E1,-2.989745682E-1,-3.309435766E0,-1.676385325E0
2.617692304E1,-3.641727769E-1,-3.380091181E0,-1.645529422E0
2.618686204E1,1.601260006E-2,-3.183043522E0,-1.562276035E0
2.619680004E1,6.426066613E-1,-2.860988240E0,-1.133478076E0
2.620673904E1,1.044615601E0,-2.772516358E0,-1.163381322E0
2.621667704E1,1.099368929E0,-2.875600139E0,-1.383693006E0
2.622661604E1,9.626429003E-1,-2.861270660E0,-1.527143040E0
2.623655404E1,7.799203348E-1,-2.720907956E0,-1.686318868E0
2.624649304E1,8.594629329E-1,-2.484180507E0,-1.982317788E0
2.625643104E1,8.786178267E-1,-2.316538787E0,-2.260276586E0
2.626637004E1,6.679999495E-1,-2.258326832E0,-2.408386559E0
2.627630804E1,4.164948320E-1,-2.135969751E0,-2.244128331E0
2.628624704E1,1.931165761E-1,-1.913432325E0,-1.837944479E0
2.629618504E1,2.066756845E-2,-1.723857992E0,-1.719178758E0
2.630612304E1,4.001775920E-2,-1.662654601E0,-1.727957475E0
2.631606204E1,5.298600644E-1,-1.675914917E0,-1.792300529E0
2.632600004E1,1.311696532E0,-1.816291362E0,-1.973993984E0
2.633593904E1,1.911223832E0,-2.118337473E0,-2.052990745E0
2.634587704E1,2.122236981E0,-2.417466407E0,-1.922464519E0
2.635581604E1,2.126124210E0,-2.540944399E0,-1.844448921E0
2.636575404E1,2.050606835E0,-2.549594770E0,-1.878291436E0
2.637569304E1,1.946007748E0,-2.523835446E0,-2.061015756E0
2.638563104E1,1.740167631E0,-2.398306836E0,-2.112575919E0
2.639557004E1,1.671138327E0,-2.234523987E0,-1.819671053E0
2.640550804E1,1.901560723E0,-2.182238184E0,-1.593282065E0
2.641544704E1,2.225241532E0,-2.263004605E0,-1.834903049E0
2.642538504E1,2.534058718E0,-2.492452855E0,-2.180020335E0
2.643532404E1,2.520728236E0,-2.801774656E0,-2.437184388E0
2.644526204E1,2.289686619E0,-3.018927966E0,-2.443701110E0
2.645520004E1,2.238538100E0,-3.094890314E0,-2.313015840E0
2.646513904E1,2.311164612E0,-3.048725962E0,-2.155061203E0
2.647507704E1,2.476772962E0,-2.828859544E0,-2.012142681E0
2.648501604E1,2.667416750E0,-2.547107365E0,-2.011581348E0
2.649495404E1,2.768368928E0,-2.335268589E0,-1.859055851E0
2.650489304E1,2.862530735E0,-2.212027994E0,-1.696440106E0
2.651483104E1,2.896985453E0,-2.130421913E0,-1.794998142E0
2.652477004E1,2.818528098E0,-2.147666522E0,-1.768719000E0
2.653470804E1,2.620064244E0,-2.223936433E0,-1.633487520E0
2.654464704E1,2.379406881E0,-2.213520203E0,-1.654144856E0
2.655458504E1,2.236667576E0,-2.110025071E0,-1.560366627E0
2.656452404E1,2.277845423E0,-1.908496106E0,-1.449287071E0
2.657446204E1,2.234909318E0,-1.633529620E0,-1.484695178E0
2.658440104E1,2.068163100E0,-1.352167450E0,-1.326699902E0
2.659433904E1,2.032838901E0,-1.101908959E0,-1.134882578E0
2.660427704E1,2.094042292E0,-9.263381231E-1,-1.216404751E0
2.661421604E1,2.053742112E0,-8.458243024E-1,-1.238496408E0
2.662415404E1,1.952428576E0,-8.420551872E-1,-1.255585773E0
2.663409271E1,1.924638514E0,-8.049774081E-1,-1.239460030E0
2.664403071E1,1.920347827E0,-6.865648592E-1,-1.150539959E0
2.665396971E1,1.988816383E0,-5.637329847E-1,-9.843360704E-1
2.666390771E1,2.062208880E0,-4.805288601E-1,-1.045263473E0
2.667384671E1,2.064564723E0,-4.759598458E-1,-1.315596625E0
2.668378471E1,2.031939014E0,-5.280632150E-1,-1.416738253E0
2.669372371E1,1.904987776E0,-5.983315444E-1,-1.358484782E0
2.670366171E1,1.715439756E0,-5.939771229E-1,-1.264148144E0
2.671360071E1,1.656108643E0,-5.058589983E-1,-1.224986709E0
2.672353871E1,1.673684204E0,-5.078745335E-1,-1.086741282E0
2.673347671E1,1.657527763E0,-5.931158280E-1,-1.004919439E0
2.674341571E1,1.521091756E0,-6.244609970E-1,-1.031098593E0
2.675335371E1,1.364648917E0,-5.801461190E-1,-9.685193521E-1
2.676329271E1,1.169984583E0,-4.970080680E-1,-8.195457458E-1
2.677323071E1,1.036176315E0,-4.141962916E-1,-8.206371287E-1
2.678316971E1,1.013195003E0,-4.580752596E-1,-6.157240874E-1
2.679310771E1,1.030912067E0,-7.036217719E-1,-3.739715409E-1
2.680304671E1,7.120815235E-1,-9.189408106E-1,-4.886187753E-1
2.681298471E1,1.700545728E-1,-9.072428709E-1,-9.214732397E-1
2.682292371E1,-2.515893173E-1,-7.365737557E-1,-1.315259825E0
2.683286171E1,-2.791975307E-1,-6.701309672E-1,-1.177982404E0
2.684280071E1,2.381126547E-1,-8.301868013E-1,-9.145071593E-1
2.685273871E1,9.478143615E-1,-1.011068371E0,-9.427483338E-1
2.686267771E1,1.263000920E0,-1.223664361E0,-9.256776801E-1
2.687261571E1,1.079748597E0,-1.396290540E0,-1.188524057E0
2.688255371E1,7.284934884E-1,-1.472087411E0,-1.565407219E0
2.689249271E1,4.346820116E-1,-1.533702739E0,-1.346511731E0
2.690243071E1,2.001671487E-1,-1.497943068E0,-1.140431585E0
2.691236971E1,3.109490812E-2,-1.370522445E0,-9.877584457E-1
2.692230771E1,1.854385972E-2,-1.320389441E0,-1.555525424E0
2.693224671E1,2.918912512E-1,-1.400572163E0,-2.612579223E0
2.694218471E1,8.585057437E-1,-1.647127174E0,-3.102483216E0
2.695212371E1,1.458448196E0,-2.145857393E0,-2.965425358E0
2.696206171E1,1.588918873E0,-2.742006172E0,-1.792406071E0
2.697200071E1,9.553262794E-1,-2.940765311E0,-2.200623000E-1
2.698193871E1,-4.853188992E-5,-2.289979565E0,5.385573591E-1
2.699187771E1,-1.068133687E0,-1.067761658E0,7.347744944E-1
2.700181571E1,-2.332868307E0,-2.993527369E-1,5.825885010E-1
2.701175471E1,-3.258956754E0,-3.143983902E-1,-2.794969082E-4
2.702169271E1,-3.448023548E0,-8.563394965E-1,-4.624849373E-1
2.703163071E1,-2.647833256E0,-1.364016687E0,-3.856654606E-1
2.704156971E1,-1.275637338E0,-1.489514599E0,2.786139421E-1
2.705150771E1,-2.016330457E-1,-1.419582923E0,8.572649646E-1
2.706144671E1,-1.871109009E-5,-1.451405663E0,4.890394825E-1
2.707138471E1,-8.946614170E-1,-1.403347544E0,-8.803860247E-2
2.708132371E1,-2.101401597E0,-1.034121384E0,1.359460006E-1
2.709126171E1,-2.630350665E0,-6.239316778E-1,3.412785888E-1
2.710120071E1,-2.516266226E0,-5.882405658E-1,3.335205030E-1
2.711113871E1,-2.067468451E0,-8.991226964E-1,-8.463259935E-3
2.712107771E1,-1.347468043E0,-1.083245232E0,-5.590557969E-1
2.713101571E1,-6.181424958E-1,-1.032220381E0,-8.312834466E-1
2.714095471E1,-2.729760933E-1,-1.028023250E0,-1.013397317E0
2.715089271E1,-4.983593595E-1,-1.021495418E0,-8.453144983E-1
2.716083071E1,-9.392616391E-1,-7.508067557E-1,-1.469252170E-1
2.717076971E1,-1.525622179E0,-4.751020592E-1,2.428922419E-1
2.718070771E1,-2.126754540E0,-4.430330050E-1,6.995539371E-1
2.719064671E1,-2.382325226E0,-5.050702089E-1,6.205965722E-1
2.720058471E1,-2.289875484E0,-4.404032198E-1,-8.133009195E-2
2.721052371E1,-2.085142245E0,-4.398787245E-1,-5.930936086E-1
2.722046171E1,-1.630996606E0,-5.086405188E-1,-9.220286521E-1
2.723040071E1,-1.128195702E0,-5.239573002E-1,-8.647121246E-1
2.724033871E1,-1.033317026E0,-4.552472538E-1,-3.161297143E-1
2.725027771E1,-1.154250895E0,-4.093129894E-1,-1.432450891E-2
2.726021571E1,-1.631053909E0,-4.257234925E-1,2.146137182E-1
2.727015471E1,-2.381438203E0,-4.874122024E-1,8.650138409E-1
2.728009271E1,-2.895579198E0,-5.195710114E-1,9.793115580E-1
2.729003171E1,-2.926408058E0,-4.117182416E-1,6.097382927E-1
2.729996971E1,-2.507548612E0,-3.515217412E-1,3.679068089E-2
2.730990771E1,-1.862993073E0,-3.201631236E-1,-4.765574312E-1
2.731984671E1,-1.157258118E0,-2.411508679E-1,-8.737342322E-1
2.732978471E1,-6.891803187E-1,-3.077319431E-1,-6.506721644E-1
2.733972371E1,-7.936805874E-1,-5.530144536E-1,1.091078746E-1
2.734966171E1,-1.249504961E0,-6.420149231E-1,5.777809203E-1
2.735960071E1,-1.762954230E0,-4.696828598E-1,6.816379952E-1
2.736953871E1,-2.468503829E0,-4.079152125E-1,7.934475759E-1
2.737947771E1,-3.023099370E0,-5.177025336E-1,5.806578965E-1
2.738941571E1,-2.769485747E0,-2.835788494E-1,5.299770087E-2
2.739935471E1,-1.916919605E0,-4.165965736E-2,-3.525881271E-1
2.740929271E1,-1.032175650E0,-1.472223651E-1,-6.352062790E-1
2.741923171E1,-4.247861838E-1,-4.799090552E-1,-7.117812690E-1
2.742916971E1,-1.072075295E-1,-6.542981690E-1,-2.743493119E-1
2.743910871E1,-9.674569130E-2,-6.190622628E-1,2.125935052E-1
2.744904671E1,-5.958418000E-1,-5.796274710E-1,4.143278539E-1
2.745898471E1,-1.454673818E0,-4.643531227E-1,3.628630006E-1
2.746892371E1,-2.135162836E0,-1.578268754E-1,2.317251563E-1
2.747886171E1,-2.469622986E0,-1.040979803E-2,5.486106232E-2
2.748880071E1,-2.202830908E0,4.576674163E-2,-5.449732165E-1
2.749873871E1,-1.394840430E0,9.725556850E-2,-7.509602451E-1
2.750867771E1,-5.562684292E-1,-3.381327868E-2,-3.820994630E-1
2.751861571E1,1.137868166E-1,-1.949549407E-1,-2.263631134E-1
2.752855471E1,5.270089620E-1,-2.638193536E-1,-5.666755959E-2
2.753849271E1,4.382938367E-1,-2.727913213E-1,3.270338944E-1
2.754843171E1,-2.911878312E-1,-9.680474818E-2,8.140414694E-1
2.755836971E1,-1.149005942E0,1.440941048E-1,1.084798252E0
2.756830871E1,-1.873664827E0,2.242436439E-1,9.539834663E-1
2.757824671E1,-2.286243778E0,3.409593308E-1,6.531565002E-1
2.758818571E1,-2.358580853E0,5.163395476E-1,5.471640220E-1
2.759812371E1,-2.044891182E0,5.141333932E-1,5.697322279E-1
2.760806171E1,-1.349391192E0,4.159288216E-1,2.932077518E-1
2.761800071E1,-6.683028352E-1,2.997078091E-1,-5.130259305E-2
2.762793871E1,-2.322724557E-1,7.835385919E-2,8.710275561E-2
2.763787842E1,4.157136440E-2,-4.113633156E-2,2.903937793E-1
2.764781642E1,5.474397182E-2,-6.213426769E-2,3.182852903E-1
2.765775542E1,-2.335500723E-1,-8.559095800E-2,3.519687608E-1
2.766769342E1,-6.462214100E-1,-3.101655543E-2,5.267698109E-1
2.767763242E1,-1.100731330E0,3.809753358E-2,6.142251536E-1
2.768757042E1,-1.499195103E0,1.499916065E-1,6.479609567E-1
2.769750942E1,-1.518629494E0,4.022568619E-1,6.657291833E-1
2.770744742E1,-1.144745076E0,5.670577115E-1,4.628413251E-1
2.771738642E1,-7.999026096E-1,4.173958880E-1,3.467480743E-1
2.772732442E1,-5.372901213E-1,2.273151863E-1,4.185179687E-1
2.773726342E1,-3.592236936E-1,1.955940413E-1,3.962669742E-1
2.774720142E1,-3.290222400E-1,1.716239655E-1,1.958416709E-1
2.775713942E1,-4.131367761E-1,1.496647471E-1,1.431956801E-1
2.776707842E1,-5.044743776E-1,1.131108785E-1,2.161414495E-1
2.777701642E1,-6.254333889E-1,3.209712088E-2,2.046627805E-1
2.778695542E1,-7.057665306E-1,6.853521466E-3,1.057331541E-1
2.779689342E1,-6.197703606E-1,1.299643081E-1,3.993355930E-2
2.780683242E1,-4.472318906E-1,1.874745977E-1,-7.167224586E-3
2.781677042E1,-2.586843288E-1,1.184143031E-1,-5.578039080E-2
2.782670942E1,-3.960611522E-2,8.135172665E-2,-8.042055756E-2
2.783664742E1,8.801989138E-2,8.561902463E-2,7.584715784E-3
2.784658642E1,9.673633575E-3,2.020446897E-2,9.498363286E-2
2.785652442E1,-9.591831028E-2,-3.514352024E-2,1.091663468E-1
2.786646342E1,-2.168387300E-1,2.698139191E-2,1.730702743E-1
2.787640142E1,-3.741340935E-1,9.130602658E-2,1.965868986E-1
2.788634042E1,-4.850855953E-1,1.123121488E-1,2.146258512E-1
2.789627842E1,-4.815936381E-1,1.606481570E-1,2.672075227E-1
2.790621642E1,-4.443936521E-1,1.780126333E-1,2.554411706E-1
2.791615542E1,-3.379842675E-1,1.531251293E-1,2.288187978E-1
2.792609342E1,-3.109753937E-1,1.062801611E-1,2.146328679E-1
2.793603242E1,-3.273183614E-1,9.254797518E-2,2.086192989E-1
2.794597042E1,-3.035406590E-1,1.195650351E-1,1.923321721E-1
2.795590942E1,-3.428930050E-1,9.335021317E-2,8.529713541E-2
2.796584742E1,-3.449465472E-1,7.548404574E-2,-1.676601380E-2
2.797578642E1,-2.620371222E-1,6.885388792E-2,-4.482270867E-2
2.798572442E1,-1.605271196E-1,2.541609228E-2,-8.849263877E-2
2.799566342E1,-1.113666540E-1,9.762511253E-3,-1.323648825E-1
2.800560142E1,-2.803213656E-2,-1.643535376E-2,-1.263627157E-1
2.801554042E1,2.737841785E-2,-5.280035734E-4,-1.196644378E-1
2.802547842E1,5.968019128E-2,2.619084835E-2,-2.030083108E-1
2.803541742E1,4.743085921E-2,3.263038695E-2,-1.720081276E-1
2.804535542E1,3.816711545E-2,5.515970886E-2,-9.409573317E-2
2.805529442E1,3.587208331E-2,8.325090230E-2,-1.774735200E-1
2.806523242E1,1.914963126E-2,8.043780684E-2,-2.707731548E-1
2.807517042E1,-3.544874489E-2,7.520981133E-2,-2.427579752E-1
2.808510942E1,-3.194567800E-2,1.598944509E-1,-1.659279004E-1
2.809504742E1,-1.429819643E-2,2.645157570E-1,-1.424533761E-1
2.810498642E1,-3.061134338E-2,1.656071806E-1,-2.144141820E-1
2.811492442E1,-9.620365441E-2,6.955438435E-2,-1.641056156E-1
2.812486342E1,-1.358179557E-1,1.457219696E-1,-8.108889431E-2
2.813480142E1,-1.446560222E-1,2.784923565E-1,-4.574656874E-2
2.814474042E1,-1.771484149E-1,2.335769695E-1,-1.707881060E-1
2.815467842E1,-2.860183078E-1,1.201725608E-1,-2.545149717E-1
2.816461742E1,-2.539457452E-1,1.804988694E-1,-1.152699628E-1
2.817455542E1,-1.245854545E-1,2.371285683E-1,-5.649521291E-2
2.818449442E1,-1.195679587E-1,9.102243662E-2,-1.546471596E-1
2.819443242E1,-1.854163778E-1,-6.031987667E-3,-2.352217913E-1
2.820437142E1,-2.008202827E-1,7.666869164E-2,-2.209349969E-1
2.821430942E1,-2.356579936E-1,9.504298210E-2,-2.135020164E-1
2.822424742E1,-2.381553394E-1,3.064525723E-2,-1.770183143E-1
2.823418642E1,-1.932399523E-1,6.521399617E-2,-1.035986280E-1
2.824412442E1,-1.560966843E-1,9.320227861E-2,-1.109415615E-1
2.825406342E1,-1.364874619E-1,8.035243750E-2,-5.877065688E-2
2.826400142E1,-1.253748286E-1,5.070237637E-2,-2.032170564E-2
2.827394042E1,-1.595541430E-1,9.165276647E-2,-3.078062028E-2
2.828387842E1,-1.895164454E-1,1.787224853E-1,-7.139450312E-2
2.829381742E1,-1.922283840E-1,1.893673414E-1,-5.962142676E-2
2.830375542E1,-1.892521513E-1,1.276242524E-1,-1.007241368E-2
2.831369442E1,-1.811075646E-1,5.981526196E-2,2.025241613E-2
2.832363242E1,-1.678776544E-1,1.351496190E-1,1.300771594E-2
2.833357142E1,-1.826956683E-1,2.178918135E-1,-2.391803563E-2
2.834350942E1,-2.423144639E-1,1.512113357E-1,-7.109161735E-2
2.835344842E1,-3.212185460E-1,5.760559916E-2,-5.775470316E-2
2.836338642E1,-3.014339072E-1,4.747237444E-2,-4.489492178E-3
2.837332442E1,-2.014342403E-1,7.027534604E-2,-5.360347241E-2
2.838326342E1,-1.178313357E-1,4.459028184E-2,-9.626008004E-2
2.839320142E1,-8.686798990E-2,1.314278662E-2,-9.046081156E-2
2.840314042E1,-1.064848137E-1,-6.707341075E-3,-1.399133456E-1
2.841307842E1,-1.788967323E-1,-2.503426909E-2,-1.988784224E-1
2.842301742E1,-2.570406765E-1,6.764059067E-2,-1.000973153E-1
2.843295542E1,-2.231180549E-1,1.921833605E-1,2.247201920E-2
2.844289442E1,-2.065207332E-1,1.076285291E-1,2.570055932E-2
2.845283242E1,-2.926683462E-1,1.790417433E-2,3.443132937E-3
2.846277142E1,-3.634939152E-1,1.793171471E-1,8.616252333E-2
2.847270942E1,-3.161513489E-1,4.142202652E-1,8.858327061E-2
2.848264842E1,-1.721133775E-1,3.716759241E-1,8.860841364E-2
2.849258642E1,-7.552673042E-2,9.218895614E-2,1.008118451E-1
2.850252542E1,3.328702927E-2,3.782212973E-2,8.000423580E-2
2.851246342E1,1.092815369E-1,2.118931550E-1,-6.178343475E-2
2.852240242E1,5.300150156E-2,2.489867216E-1,-1.637258390E-1
2.853234042E1,-7.429472208E-3,1.932569093E-1,-1.528853935E-1
2.854227842E1,1.259958029E-2,1.989193529E-1,-1.342172804E-1
2.855221742E1,5.501177430E-2,2.054863608E-1,-1.995938292E-1
2.856215542E1,7.404095292E-2,1.360267013E-1,-2.091712761E-1
2.857209442E1,8.546524286E-2,1.302514064E-1,-9.422320247E-2
2.858203242E1,5.523572266E-2,1.574041218E-1,-1.094446743E-1
2.859197142E1,3.205443621E-3,2.018447149E-1,-1.368441421E-1
2.860190942E1,1.614299297E-2,2.685626149E-1,-5.088276297E-2
2.861184842E1,1.802872002E-2,2.170626783E-1,-3.382380366E-2
2.862178642E1,4.452303886E-2,1.749539548E-1,-8.042523533E-2
2.863172542E1,7.219557166E-2,2.250727791E-1,-1.478781304E-1
2.864166342E1,2.831865013E-2,1.965132236E-1,-2.098632941E-1
2.865160242E1,-5.478314817E-2,1.609171289E-1,-1.623225072E-1
2.866154042E1,-7.059869707E-2,1.840498835E-1,-8.700686127E-2
2.867147942E1,-7.671780825E-2,2.041958803E-1,-7.711161822E-2
2.868141742E1,-8.939281762E-2,2.454152423E-1,6.462342739E-3
2.869135542E1,-6.791716397E-2,3.152409375E-1,1.266331494E-1
2.870129442E1,-7.396143079E-2,3.760081261E-1,2.100460196E-1
2.871123242E1,-6.616007566E-2,4.485258794E-1,2.375834817E-1
2.872117142E1,-1.144229937E-1,4.562564832E-1,1.695753935E-1
2.873110942E1,-2.014453501E-1,4.436153877E-1,1.533888388E-1
2.874104842E1,-2.575979161E-1,4.396059519E-1,1.547983101E-1
2.875098642E1,-3.454727966E-1,4.339230430E-1,1.182508734E-1
2.876092542E1,-4.791243589E-1,4.395813936E-1,1.444753432E-1
2.877086342E1,-5.310061187E-1,4.419068313E-1,1.499293336E-1
2.878080242E1,-5.579956967E-1,4.235401422E-1,1.577593401E-1
2.879074042E1,-6.325436032E-1,4.509185600E-1,2.592447844E-1
2.880067942E1,-6.676076013E-1,5.471438491E-1,3.589237314E-1
2.881061742E1,-6.809766752E-1,5.587096417E-1,3.905100980E-1
2.882055642E1,-7.362451422E-1,4.772403860E-1,4.675436559E-1
2.883049442E1,-7.475483948E-1,4.447672892E-1,4.412896577E-1
2.884043342E1,-7.099607384E-1,4.455414605E-1,3.301083604E-1
2.885037142E1,-7.636615670E-1,3.905384570E-1,3.729053012E-1
2.886031042E1,-8.385240537E-1,3.184966671E-1,4.618642554E-1
2.887024842E1,-8.728103721E-1,3.434519988E-1,6.237464672E-1
2.888018642E1,-9.640590960E-1,3.190825582E-1,6.264949510E-1
2.889012542E1,-1.093910553E0,2.122989517E-1,5.352596757E-1
2.890006342E1,-1.163745604E0,1.518463433E-1,5.964823624E-1
2.891000242E1,-1.224058464E0,6.749207139E-2,6.100759694E-1
2.891994042E1,-1.300532443E0,-2.851102352E-2,4.202630702E-1
2.892987942E1,-1.336613272E0,-1.004247594E-1,2.425211629E-1
2.893981742E1,-1.271129134E0,-1.663632256E-1,2.183157367E-1
2.894975642E1,-1.108616885E0,-2.386517680E-1,2.683141083E-1
2.895969442E1,-1.044668226E0,-3.039996654E-1,3.712214492E-1
2.896963342E1,-1.087769807E0,-2.748045176E-1,6.650316104E-1
2.897957142E1,-1.275512792E0,-3.386514348E-1,8.659106576E-1
2.898951042E1,-1.680006214E0,-4.450362611E-1,9.961588481E-1
2.899944842E1,-2.130500851E0,-4.406631285E-1,1.130487957E0
2.900938742E1,-2.489018201E0,-4.546689641E-1,1.071523464E0
2.901932542E1,-2.680338512E0,-6.543847078E-1,9.188487169E-1
2.902926442E1,-2.741061262E0,-8.944018006E-1,8.649669170E-1
2.903920242E1,-2.576675565E0,-9.907808715E-1,9.835975671E-1
2.904914142E1,-2.391345726E0,-1.218795969E0,1.176225901E0
2.905907942E1,-2.327957230E0,-1.563415657E0,1.185277390E0
2.906901742E1,-2.362097368E0,-1.689940633E0,1.310030221E0
2.907895642E1,-2.641990133E0,-1.604101169E0,1.367365533E0
2.908889442E1,-3.127704889E0,-1.442642003E0,1.537912295E0
2.909883342E1,-3.367414418E0,-1.507395823E0,1.556775559E0
2.910877142E1,-3.158689869E0,-1.891162035E0,9.495949117E-1
2.911871042E1,-2.786256731E0,-2.331363233E0,3.414249153E-1
2.912864842E1,-2.263356607E0,-2.476025687E0,2.408164803E-1
2.913858742E1,-1.831236261E0,-2.452752600E0,-3.624221206E-2
2.914852542E1,-1.823027354E0,-2.496664020E0,-4.121222111E-1
2.915846442E1,-2.127135193E0,-2.745453106E0,-2.957112006E-1
2.916840242E1,-2.395800719E0,-2.848826031E0,6.280026555E-2
2.917834142E1,-2.308002437E0,-2.622121879E0,2.172849091E-1
2.918827942E1,-2.377602430E0,-2.596708710E0,1.845895815E-1
2.919821842E1,-2.725566725E0,-2.821873291E0,1.417727602E-1
2.920815642E1,-2.824965298E0,-2.975860884E0,6.472282092E-2
2.921809442E1,-2.649457612E0,-2.993337042E0,-9.384898067E-2
2.922803342E1,-2.469844011E0,-2.990830341E0,-1.549163142E-2
2.923797142E1,-2.278926573E0,-3.077090805E0,-9.839223068E-2
2.924791042E1,-2.082559530E0,-3.295164759E0,-2.035807532E-1
2.925784842E1,-2.079790873E0,-3.487337303E0,-1.128203084E-1
2.926778742E1,-2.195587962E0,-3.431200816E0,-6.779378772E-2
2.927772542E1,-2.361519079E0,-3.277103587E0,-1.637588026E-1
2.928766442E1,-2.561627755E0,-3.187770119E0,-3.875838590E-1
2.929760242E1,-2.445258223E0,-3.160147872E0,-2.718522584E-1
2.930754142E1,-2.101689865E0,-3.206668612E0,-6.264509507E-1
2.931747942E1,-1.934935461E0,-3.231683001E0,-8.199709115E-1
2.932741842E1,-1.731588596E0,-3.191949416E0,-7.510964853E-1
2.933735642E1,-1.483469017E0,-3.091156867E0,-6.833958144E-1
2.934729542E1,-1.125573226E0,-2.851070777E0,-3.987052631E-1
2.935723342E1,-4.934155387E-1,-2.700769853E0,-3.379380745E-1
2.936717242E1,-4.854124546E-2,-2.797200379E0,-6.709995711E-1
2.937711042E1,-2.151740277E-1,-2.940505402E0,-8.624404813E-1
2.938704842E1,-4.918765515E-1,-2.809648809E0,-1.136085350E0
2.939698742E1,-7.361322910E-1,-2.470843885E0,-1.602208717E0
2.940692542E1,-1.038650857E0,-2.230642166E0,-1.738856100E0
2.941686442E1,-1.063096311E0,-2.220325924E0,-1.655707817E0
2.942680242E1,-6.262467366E-1,-2.460175640E0,-1.746496072E0
2.943674142E1,1.637770021E-1,-2.873629628E0,-1.876473829E0
2.944667942E1,1.165361774E0,-3.187332455E0,-1.901427114E0
2.945661842E1,2.054480615E0,-3.375926794E0,-1.716679658E0
2.946655642E1,2.328996865E0,-3.376585191E0,-2.196884582E0
2.947649542E1,2.065985597E0,-3.058218917E0,-2.386421493E0
2.948643342E1,1.675412056E0,-2.588765268E0,-2.387158535E0
2.949637242E1,1.442948982E0,-2.208029960E0,-2.527109302E0
2.950631042E1,1.247873588E0,-1.995045715E0,-2.346140317E0
2.951624942E1,1.052512266E0,-2.000634776E0,-2.314714164E0
2.952618742E1,9.730901206E-1,-2.125725430E0,-2.436049736E0
2.953612642E1,1.243358953E0,-2.246029845E0,-2.407078536E0
2.954606442E1,1.773002086E0,-2.457675371E0,-2.327452031E0
2.955600342E1,2.188432724E0,-2.651560856E0,-2.357953447E0
2.956594142E1,2.378132188E0,-2.644184885E0,-2.312693658E0
2.957587942E1,2.402574134E0,-2.535280494E0,-2.265875880E0
2.958581842E1,2.318973568E0,-2.396318783E0,-2.149465710E0
2.959575642E1,2.207301689E0,-2.242382060E0,-1.999627593E0
2.960569542E1,2.055653567E0,-2.086690003E0,-2.086964529E0
2.961563342E1,1.853007199E0,-2.007457307E0,-2.259593339E0
2.962557242E1,1.773921268E0,-2.095186007E0,-2.339483554E0
2.963551042E1,1.978491955E0,-2.282049571E0,-2.080995692E0
2.964544908E1,2.407482871E0,-2.437601295E0,-1.892127703E0
2.965538708E1,2.765044202E0,-2.503012342E0,-1.959376237E0
2.966532608E1,2.855564362E0,-2.561512565E0,-1.926893785E0
2.967526408E1,2.723067625E0,-2.562334099E0,-1.911540166E0
2.968520308E1,2.441163418E0,-2.401688865E0,-1.857284729E0
2.969514108E1,2.321738132E0,-2.152295762E0,-1.914604692E0
2.970508008E1,2.376958652E0,-1.944600908E0,-1.817820994E0
2.971501808E1,2.563558506E0,-1.812456758E0,-1.547775525E0
2.972495608E1,2.776515854E0,-1.798423440E0,-1.536719025E0
2.973489508E1,2.877824712E0,-1.887449638E0,-1.629983284E0
2.974483308E1,2.829278789E0,-1.994427956E0,-1.762419795E0
2.975477208E1,2.704465878E0,-2.002480742E0,-1.722488574E0
2.976471008E1,2.642819268E0,-1.947263730E0,-1.606177515E0
2.977464908E1,2.752939296E0,-1.833539479E0,-1.646284444E0
2.978458708E1,2.894745970E0,-1.644338783E0,-1.657898476E0
2.979452608E1,2.868302522E0,-1.519877290E0,-1.485692420E0
2.980446408E1,2.827863763E0,-1.401860012E0,-1.513711108E0
2.981440308E1,2.808000187E0,-1.324142330E0,-1.592233952E0
2.982434108E1,2.802654077E0,-1.351635938E0,-1.860154543E0
2.983428008E1,2.819349632E0,-1.412642863E0,-1.751859431E0
2.984421808E1,2.691561658E0,-1.417052248E0,-1.142288369E0
2.985415708E1,2.534581459E0,-1.286804935E0,-1.118821153E0
2.986409508E1,2.392026926E0,-1.124697313E0,-1.297622576E0
2.987403408E1,2.242403694E0,-1.045451168E0,-1.264528505E0
2.988397208E1,2.160269026E0,-9.734976715E-1,-1.186685108E0
2.989391108E1,2.100283025E0,-9.132695961E-1,-1.029496456E0
2.990384908E1,2.056667474E0,-9.160020000E-1,-1.039356323E0
2.991378808E1,2.075546964E0,-9.178812951E-1,-1.179890643E0
2.992372608E1,2.047095582E0,-8.618409956E-1,-1.156221991E0
2.993366408E1,1.990517339E0,-8.002435023E-1,-1.155081199E0
2.994360308E1,1.869764149E0,-8.082343072E-1,-1.158697118E0
2.995354108E1,1.696387188E0,-7.600672835E-1,-9.478786808E-1
2.996348008E1,1.513270521E0,-6.147668982E-1,-8.442139792E-1
2.997341808E1,1.317875869E0,-5.300351885E-1,-9.114856106E-1
2.998335708E1,1.169898044E0,-5.705104923E-1,-1.011632627E0
2.999329508E1,1.239502714E0,-6.548238337E-1,-1.039090860E0
3.000323408E1,1.462786830E0,-7.550278607E-1,-9.117601374E-1
3.001317208E1,1.613002385E0,-7.998327354E-1,-1.027894026E0
3.002311108E1,1.574435320E0,-7.258023074E-1,-1.370573608E0
3.003304908E1,1.427965491E0,-7.147729969E-1,-1.550091899E0
3.004298808E1,1.222519476E0,-8.014225933E-1,-1.560853992E0
3.005292608E1,9.838554293E-1,-7.859339038E-1,-1.188979847E0
3.006286508E1,8.916734898E-1,-7.288203478E-1,-7.209698761E-1
3.007280308E1,1.003466991E0,-7.945968461E-1,-5.655842131E-1
3.008274208E1,9.916380733E-1,-1.034283279E0,-5.068194035E-1
3.009268008E1,5.734042794E-1,-1.239887169E0,-5.036741862E-1
3.010261808E1,-2.365286440E-1,-1.202261505E0,-7.899170271E-1
3.011255708E1,-9.783964688E-1,-9.026976840E-1,-1.025657466E0
3.012249508E1,-1.217919472E0,-6.234459203E-1,-9.180277678E-1
3.013243408E1,-9.513560200E-1,-6.666758475E-1,-9.006208992E-1
3.014237208E1,-4.976237798E-1,-9.456792507E-1,-1.234008378E0
3.015231108E1,-7.784690559E-2,-1.273480446E0,-1.262116236E0
3.016224908E1,2.934583050E-1,-1.399181111E0,-8.814402777E-1
3.017218808E1,5.195578551E-1,-1.222819731E0,-4.705074634E-1
3.018212608E1,7.232479513E-1,-9.142655231E-1,-2.011602983E-1
3.019206508E1,7.738164264E-1,-8.159773363E-1,-4.467395550E-1
3.020200308E1,2.465566188E-1,-1.052541794E0,-9.278098673E-1
3.021194208E1,-4.760820526E-1,-1.219857385E0,-1.281483384E0
3.022188008E1,-8.241276240E-1,-1.242732424E0,-1.487764527E0
3.023181908E1,-7.088187772E-1,-1.317747815E0,-1.473842307E0
3.024175708E1,-3.196555853E-1,-1.541943220E0,-1.255996102E0
3.025169608E1,6.286400020E-2,-1.790079756E0,-9.883694798E-1
3.026163408E1,2.102214360E-1,-1.866656354E0,-6.537076002E-1
3.027157308E1,1.366231173E-1,-1.750677855E0,-4.117696971E-1
3.028151108E1,-9.968333244E-2,-1.510645267E0,-3.051287627E-1
3.029144908E1,-4.923063219E-1,-1.206820872E0,-3.007035899E-1
3.030138808E1,-9.758558536E-1,-9.144279295E-1,-4.988609044E-1
3.031132608E1,-1.355897974E0,-7.983912505E-1,-6.646401393E-1
3.032126508E1,-1.590576559E0,-1.011496679E0,-6.288616115E-1
3.033120308E1,-1.545486340E0,-1.260276994E0,-7.105659252E-1
3.034114208E1,-1.116114185E0,-1.367626904E0,-7.899601503E-1
3.035108008E1,-6.210801369E-1,-1.507639360E0,-5.996003902E-1
3.036101908E1,-5.090626878E-1,-1.589244855E0,-1.474047983E-1
3.037095708E1,-5.570630658E-1,-1.357528177E0,1.212128536E-1
3.038089608E1,-8.566515917E-1,-9.659091550E-1,1.431668095E-1
3.039083408E1,-1.584204848E0,-6.020585597E-1,1.823044896E-1
3.040077308E1,-2.263628502E0,-2.423670888E-1,2.369192014E-1
3.041071108E1,-2.772252064E0,-3.891877502E-2,8.712643683E-2
3.042065008E1,-3.007225934E0,-2.812487340E-1,-2.398930953E-1
3.043058808E1,-2.497622963E0,-6.522683081E-1,-6.329359514E-1
3.044052708E1,-1.685960433E0,-9.962091342E-1,-7.310709411E-1
3.045046508E1,-1.229344347E0,-1.375866508E0,-8.685372269E-1
3.046040308E1,-1.124786190E0,-1.416305559E0,-8.087623107E-1
3.047034208E1,-1.238775905E0,-1.151286356E0,-2.193337369E-1
3.048028008E1,-1.563730237E0,-1.010114105E0,1.317003282E-1
3.049021908E1,-1.893194527E0,-9.846161520E-1,1.118338100E-1
3.050015708E1,-2.043867919E0,-9.114645606E-1,-1.150150973E-2
3.051009608E1,-2.063103504E0,-9.675194782E-1,-4.598834745E-1
3.052003408E1,-1.645677795E0,-1.025408083E0,-9.484710038E-1
3.052997308E1,-9.090660328E-1,-1.064118404E0,-1.103653768E0
3.053991108E1,-4.311771905E-1,-1.302480150E0,-5.151338152E-1
3.054985008E1,-3.221850908E-1,-1.434847080E0,1.813875731E-1
3.055978808E1,-6.064761311E-1,-1.299382296E0,4.383528936E-1
3.056972708E1,-1.422319420E0,-1.060905359E0,9.163756371E-1
3.057966508E1,-2.630624900E0,-8.143674517E-1,1.401125017E0
3.058960408E1,-3.565296475E0,-3.809162790E-1,9.639638595E-1
3.059954208E1,-3.753587928E0,5.656947255E-2,5.330850962E-1
3.060948108E1,-3.238782690E0,-7.160792649E-2,5.016080725E-1
3.061941908E1,-2.312446321E0,-5.229153264E-1,3.156327009E-3
3.062935808E1,-1.209180808E0,-6.871279460E-1,-7.448064892E-1
3.063929617E1,-2.624686468E-1,-6.649348390E-1,-6.152522171E-1
3.064923417E1,2.613658619E-1,-8.150878286E-1,3.067484415E-1
3.065917317E1,3.832317764E-1,-9.274210274E-1,7.778669389E-1
3.066911117E1,-6.851767302E-3,-7.034761763E-1,8.824898529E-1
3.067905017E1,-9.008816850E-1,-3.198304170E-1,1.162200623E0
3.068898817E1,-1.888809115E0,-2.326256275E-2,1.098702492E0
3.069892717E1,-2.666167785E0,1.337568122E-1,8.215304370E-1
3.070886517E1,-2.942272723E0,1.457903820E-1,5.545313676E-1
3.071880417E1,-2.646448635E0,-2.619961917E-2,3.235125549E-1
3.072874217E1,-1.945602536E0,-1.959325951E-1,2.852327344E-1
3.073868117E1,-1.074839859E0,-1.667163974E-1,5.613765568E-2
3.074861917E1,-3.322323614E-1,-1.368909198E-1,-4.086136624E-1
3.075855817E1,8.116461575E-2,-2.828964794E-1,-4.452723424E-1
3.076849617E1,1.993906385E-1,-4.223209977E-1,-1.149325785E-1
3.077843517E1,1.540612686E-1,-3.900274104E-1,1.420838320E-1
3.078837317E1,-1.136915070E-1,-2.621540666E-1,2.232303214E-1
3.079831217E1,-5.653041315E-1,-1.670210373E-1,3.137440503E-1
3.080825017E1,-1.060371509E0,-8.553833306E-2,3.561587293E-1
3.081818917E1,-1.484216291E0,-4.498146057E-2,4.432771263E-1
3.082812717E1,-1.700448664E0,3.360687196E-2,5.833521473E-1
3.083806617E1,-1.690975006E0,1.969979578E-1,5.392258421E-1
3.084800417E1,-1.436533417E0,3.786814731E-1,6.007511222E-1
3.085794217E1,-9.619336331E-1,4.757598710E-1,5.746655238E-1
3.086788117E1,-4.574510694E-1,4.839781326E-1,3.390610322E-1
3.087781917E1,-1.939503890E-1,3.433911878E-1,2.213203284E-1
3.088775817E1,-2.158452880E-1,1.386626261E-1,2.035772449E-1
3.089769617E1,-3.139826167E-1,4.674848914E-2,3.673776358E-1
3.090763517E1,-3.211477947E-1,7.012390316E-2,5.618557361E-1
3.091757317E1,-3.510446084E-1,5.977140784E-2,6.677985129E-1
3.092751217E1,-4.578802550E-1,5.467555940E-2,6.937203893E-1
3.093745017E1,-5.819406295E-1,6.871589363E-2,5.694208637E-1
3.094738917E1,-7.969608754E-1,8.691008985E-2,5.058882344E-1
3.095732717E1,-8.831020564E-1,1.657989693E-1,4.440071511E-1
3.096726617E1,-7.077750492E-1,2.849453437E-1,4.384148741E-1
3.097720417E1,-4.809258860E-1,2.151360208E-1,5.306947544E-1
3.098714317E1,-3.456394422E-1,-2.015535235E-3,4.983119971E-1
3.099708117E1,-4.225461155E-1,-1.618187696E-1,3.089800313E-1
3.100702017E1,-4.661400318E-1,-2.318421006E-3,4.630082631E-1
3.101695817E1,-3.419977963E-1,2.717546099E-1,7.649666655E-1
3.102689717E1,-4.191599929E-1,2.094186133E-1,7.093114051E-1
3.103683517E1,-6.727467191E-1,-1.089137471E-1,5.901936820E-1
3.104677317E1,-8.626099044E-1,-2.457432711E-1,5.587432632E-1
3.105671217E1,-8.581227511E-1,-7.251015186E-2,4.359768775E-1
3.106665017E1,-6.990434021E-1,1.912419587E-1,4.442448404E-1
3.107658917E1,-5.181054068E-1,2.358076823E-1,4.423193523E-1
3.108652717E1,-3.869652236E-1,4.423243225E-2,3.880396494E-1
3.109646617E1,-3.046159619E-1,-1.667280918E-1,3.122269902E-1
3.110640417E1,-2.317204785E-1,-2.518179435E-1,2.757196069E-1
3.111634317E1,-1.731945276E-1,-1.718642861E-1,2.900865081E-1
3.112628117E1,-1.962138462E-1,-6.563967347E-2,2.414815280E-1
3.113622017E1,-2.751044798E-1,-4.405409217E-2,6.691553593E-2
3.114615817E1,-2.899558228E-1,-9.825076461E-3,-4.228092402E-2
3.115609717E1,-2.526277828E-1,3.232925534E-3,-1.048347294E-2
3.116603517E1,-2.186554599E-1,6.327272058E-3,5.852331966E-2
3.117597417E1,-9.083415627E-2,7.020868778E-2,1.256157339E-1
3.118591217E1,-4.775947273E-2,1.451214606E-1,1.766791758E-1
3.119585117E1,-1.410342568E-1,1.360547680E-1,9.786134005E-2
3.120578917E1,-2.099922252E-1,1.561206579E-1,1.169466519E-1
3.121572817E1,-3.331521285E-1,2.200441736E-1,1.490408492E-1
3.122566617E1,-5.518935424E-1,2.493159199E-1,1.352879056E-1
3.123560417E1,-7.111804676E-1,3.062414879E-1,1.994555426E-1
3.124554317E1,-7.929391605E-1,3.653387117E-1,2.516322944E-1
3.125548117E1,-8.409243357E-1,3.655597365E-1,3.025834697E-1
3.126542017E1,-7.629259872E-1,2.998101354E-1,2.386228243E-1
3.127535817E1,-6.217742014E-1,2.350598234E-1,2.332948413E-1
3.128529717E1,-4.846488082E-1,1.680437154E-1,7.003648728E-2
3.129523517E1,-3.576198024E-1,1.121191907E-1,-3.056015101E-1
3.130517417E1,-2.130889106E-1,6.518476009E-2,-5.110945952E-1
3.131511217E1,-3.685032248E-2,5.525034070E-3,-4.812340343E-1
3.132505117E1,1.338573843E-1,-7.134187818E-2,-3.540126550E-1
3.133498917E1,3.178347623E-1,-6.224594951E-2,-2.417461145E-1
3.134492817E1,3.823049927E-1,-4.392194510E-2,-2.292935917E-1
3.135486617E1,2.955802596E-1,3.348700404E-3,-1.979022297E-1
3.136480517E1,1.629081059E-1,7.097584248E-2,-1.291664556E-1
3.137474317E1,4.553460717E-2,1.161976236E-1,-2.108570284E-1
3.138468217E1,-3.960494578E-2,1.428983492E-1,-2.148126698E-1
3.139462017E1,-1.841931403E-2,1.671005595E-1,-9.368759751E-2
3.140455917E1,2.069212675E-2,1.581929111E-1,-7.315597683E-2
3.141449717E1,-1.296093822E-2,9.117914200E-2,-7.352172017E-2
3.142443617E1,5.139702559E-4,3.300870180E-2,-1.384582660E-1
3.143437417E1,1.064321887E-1,3.952308476E-2,-1.404676616E-1
3.144431317E1,1.568281710E-1,1.171665072E-2,-2.614728659E-2
3.145425117E1,1.245088559E-1,-3.141884387E-2,-1.108602852E-2
3.146418917E1,3.579782367E-2,-1.047762573E-2,-9.161768317E-2
3.147412817E1,-2.841395974E-2,6.442988455E-2,-9.562390298E-2
3.148406617E1,-7.919819713E-2,5.560351253E-2,-9.785607755E-3
3.149400517E1,-1.499541843E-1,9.318122864E-3,3.788995743E-2
3.150394317E1,-1.379568672E-1,7.550451100E-2,3.836475134E-2
3.151388217E1,-4.944464028E-2,1.757561928E-1,6.671614587E-2
3.152382017E1,-3.379515231E-2,9.746314466E-2,1.004303142E-1
3.153375917E1,-6.428487360E-2,-5.939133883E-2,7.574892461E-2
3.154369717E1,-4.105154693E-2,-1.451395869E-2,1.068145967E-1
3.155363617E1,3.156560898E-2,1.578093338E-1,1.506432787E-1
3.156357417E1,4.490953982E-2,1.632642013E-1,7.044286877E-2
3.157351317E1,2.946996689E-4,2.851628602E-2,2.158002645E-2
3.158345117E1,-5.266762555E-2,-2.079445302E-2,-1.739312768E-2
3.159339017E1,-8.968634784E-2,8.082313836E-2,-8.125320107E-2
3.160332817E1,-6.681437910E-2,1.631729847E-1,-7.385881215E-2
3.161326717E1,2.464776814E-2,8.513136685E-2,-2.946996689E-2
3.162320517E1,2.626043022E-2,-5.012174785E-2,-9.632469177E-2
3.163314417E1,-1.093838632E-2,6.161445022E-2,-1.340979972E-1
3.164308242E1,4.044577539E-2,2.320952851E-1,-2.879198223E-2
3.165302142E1,1.036313725E-1,1.067958856E-1,-6.555021107E-3
3.166295942E1,1.526778173E-1,-1.329960895E-1,-4.339101791E-2
3.167289742E1,7.890759051E-2,-1.906034428E-1,-1.713912463E-1
3.168283642E1,-1.218255687E-1,-2.010389686E-2,-2.812686145E-1
3.169277442E1,-2.007547939E-1,2.715873796E-1,-1.143972659E-1
3.170271342E1,-6.275173366E-2,2.849903673E-1,9.128585368E-2
3.171265142E1,2.832157373E-2,-5.288397253E-2,6.766397953E-3
3.172259042E1,7.929116786E-2,-2.492276269E-1,-4.927068561E-2
3.173252842E1,1.129617745E-1,-1.013258153E-1,1.750305533E-2
3.174246742E1,4.047091842E-2,7.673710406E-2,-5.325380892E-2
3.175240542E1,-9.390219033E-2,4.597197890E-2,-1.499515530E-1
3.176234442E1,-1.987568003E-1,-7.056244433E-2,-1.478293061E-1
3.177228242E1,-2.262486541E-1,-9.684041619E-2,-7.692246079E-2
3.178222142E1,-1.968307275E-1,-6.665767372E-2,-8.849673182E-2
3.179215942E1,-1.598833412E-1,-7.338255644E-3,-1.332206225E-1
3.180209842E1,-1.238650775E-1,4.298112810E-2,-1.088517666E-1
3.181203642E1,-1.075349736E-1,7.786854029E-2,-5.933637500E-2
3.182197542E1,-7.990337133E-2,1.209549183E-1,-3.936959535E-2
3.183191342E1,-2.782572985E-2,1.042587787E-1,-1.507412195E-3
3.184185242E1,-3.001843572E-2,3.566918492E-2,2.382155657E-2
3.185179042E1,-6.093851209E-2,3.897987843E-2,3.312710792E-2
3.186172942E1,-6.378201306E-2,1.459307152E-1,-3.367382258E-2
3.187166742E1,-8.456827998E-2,1.943912691E-1,-1.271702161E-1
3.188160642E1,-1.274394804E-1,1.270272517E-1,-1.111953306E-1
3.189154442E1,-1.330849671E-1,1.094540298E-1,-3.146269798E-2
3.190148242E1,-7.862516999E-2,1.891381305E-1,-3.245847881E-2
3.191142142E1,-1.189031303E-2,1.819062942E-1,-7.707565784E-2
3.192135942E1,4.180174470E-3,6.633315325E-2,-8.231973320E-2
3.193129842E1,-3.097328603E-2,6.340077460E-2,-4.733496487E-2
3.194123642E1,-5.684896946E-2,1.196311086E-1,-1.087166959E-1
3.195117542E1,-8.158035278E-2,1.469153863E-1,-1.674119237E-1
3.196111342E1,-1.440467423E-1,1.283820516E-1,-2.076053917E-1
3.197105242E1,-1.598985440E-1,1.137657666E-1,-1.804193473E-1
3.198099042E1,-1.333106697E-1,1.162075639E-1,-1.424092296E-1
3.199092942E1,-5.928082645E-2,1.253742439E-1,-1.458225417E-1
3.200086742E1,-8.628151417E-3,1.036307877E-1,-1.572632039E-1
3.201080642E1,5.913289189E-3,7.244524777E-2,-9.606361359E-2
3.202074442E1,-7.638217807E-3,7.065658450E-2,-8.098890692E-2
3.203068342E1,-4.359157741E-2,7.372169495E-2,-6.907403558E-2
3.204062142E1,-9.247196138E-2,5.559006393E-2,-9.630101055E-2
3.205056042E1,-1.410067749E-1,2.415777147E-2,-9.120136142E-2
3.206049842E1,-1.417423546E-1,7.033791125E-2,-6.901907176E-2
3.207043742E1,-1.390380174E-1,1.127115136E-1,-5.249250144E-2
3.208037542E1,-1.655738515E-1,7.680376232E-2,-4.696834445E-2
3.209031442E1,-1.600839007E-1,8.541495681E-2,-1.060948044E-2
3.210025242E1,-1.269050449E-1,1.182178366E-1,1.156930089E-2
3.211019142E1,-1.055855119E-1,1.257572365E-1,4.776122689E-2
3.212012942E1,-9.907931507E-2,7.553316236E-2,6.440561861E-2
3.213006742E1,-1.006393522E-1,8.937352180E-2,4.924261898E-2
3.214000642E1,-1.096259379E-1,1.371025890E-1,3.447255224E-2
3.214994442E1,-1.433363056E-1,1.235329556E-1,5.346080035E-2
3.215988342E1,-2.134122616E-1,9.935647309E-2,3.718712211E-2
3.216982142E1,-2.374677068E-1,1.286831832E-1,3.125921488E-2
3.217976042E1,-2.416092896E-1,1.458172792E-1,4.712738872E-2
3.218969842E1,-2.217731953E-1,1.520480722E-1,5.751262844E-2
3.219963742E1,-2.083438951E-1,1.424223858E-1,5.151075393E-2
3.220957542E1,-1.710450912E-1,1.477129465E-1,3.129429817E-2
3.221951442E1,-1.284013474E-1,1.600242591E-1,1.742207140E-2
3.222945242E1,-9.778064847E-2,1.305735880E-1,8.977814913E-3
3.223939142E1,-6.668866396E-2,7.133603096E-2,-4.161024839E-2
3.224932942E1,-8.155754864E-2,7.593954384E-2,-1.067915002E-1
3.225926842E1,-9.185449541E-2,1.254350549E-1,-1.301432329E-1
3.226920642E1,-6.791774869E-2,7.195817471E-2,-1.545971659E-1
3.227914542E1,-1.537759244E-2,-2.530441046E-2,-2.077480638E-1
3.228908342E1,5.357511342E-2,-8.037582636E-3,-2.188855478E-1
3.229902242E1,1.172004211E-1,5.541523218E-2,-1.801989073E-1
3.230896042E1,9.690532029E-2,3.430502951E-2,-1.598964974E-1
3.231889942E1,-3.713800550E-2,-1.238264859E-2,-6.595746964E-2
3.232883742E1,-1.583700818E-1,-2.876830101E-4,1.481392086E-2
3.233877642E1,-2.309837294E-1,7.207161069E-2,7.821381837E-2
3.234871442E1,-2.861206341E-1,1.071274227E-1,1.367467859E-1
3.235865242E1,-2.958913314E-1,1.200456762E-1,1.928294778E-1
3.236859142E1,-3.171968311E-1,1.145539713E-1,1.653183281E-1
3.237852942E1,-3.722419345E-1,8.772577643E-2,1.134327677E-1
3.238846842E1,-4.717323089E-1,5.218347609E-2,1.340333855E-1
3.239840642E1,-5.163699532E-1,8.579327166E-2,1.878505737E-1
3.240834542E1,-5.274995434E-1,1.938106406E-1,2.251192644E-1
3.241828342E1,-5.059198093E-1,2.359012377E-1,3.178727692E-1
3.242822242E1,-4.995627165E-1,2.275519985E-1,4.392711988E-1
3.243816042E1,-5.316019499E-1,2.014529514E-1,4.833276299E-1
3.244809942E1,-5.928796005E-1,1.995029050E-1,5.436460447E-1
3.245803742E1,-6.902907050E-1,2.911843228E-1,5.300910294E-1
3.246797642E1,-7.756208771E-1,3.782879555E-1,4.325699973E-1
3.247791442E1,-7.655291677E-1,3.700147301E-1,4.306716987E-1
3.248785342E1,-6.842785978E-1,2.789677352E-1,5.740691078E-1
3.249779142E1,-6.134167761E-1,1.604967141E-1,6.510710907E-1
3.250773042E1,-6.900930691E-1,1.279774243E-1,6.036554343E-1
3.251766842E1,-8.376668519E-1,1.683419234E-1,6.382232961E-1
3.252760742E1,-1.052349129E0,1.390514660E-1,8.702022216E-1
3.253754542E1,-1.270413435E0,-1.963319600E-2,9.375975215E-1
3.254748442E1,-1.301684929E0,-1.390292466E-1,8.208894360E-1
3.255742242E1,-1.051214769E0,-1.505424142E-1,5.818000039E-1
3.256736042E1,-8.033401877E-1,-2.681813765E-1,4.412145209E-1
3.257729942E1,-6.744815880E-1,-4.234074104E-1,4.715998694E-1
3.258723742E1,-5.553492469E-1,-4.649284887E-1,5.369299328E-1
3.259717642E1,-5.062548548E-1,-4.776765883E-1,6.274386916E-1
3.260711442E1,-7.083597708E-1,-4.624288040E-1,7.781214389E-1
3.261705342E1,-1.117666036E0,-4.070492399E-1,6.153247225E-1
3.262699142E1,-1.559999129E0,-4.023837465E-1,5.682115133E-1
3.263693042E1,-1.932938052E0,-4.335154921E-1,7.133312197E-1
3.264686817E1,-2.022996283E0,-3.861489522E-1,8.690953436E-1
3.265680717E1,-1.785733228E0,-3.373814195E-1,9.144460559E-1
3.266674517E1,-1.587081093E0,-4.947095275E-1,8.094851728E-1
3.267668417E1,-1.590491189E0,-6.953655034E-1,9.459040761E-1
3.268662217E1,-1.626187856E0,-7.421438134E-1,9.382184958E-1
3.269656117E1,-1.793864951E0,-7.196782261E-1,1.062302405E0
3.270649917E1,-1.861096821E0,-7.205634946E-1,1.154424265E0
3.271643817E1,-1.995478701E0,-9.670920467E-1,9.258307309E-1
3.272637617E1,-2.405583696E0,-1.305927084E0,7.076462643E-1
3.273631517E1,-2.554968946E0,-1.206476471E0,6.044478782E-1
3.274625317E1,-2.474947461E0,-9.381992000E-1,6.688314235E-1
3.275619217E1,-2.393574684E0,-9.818743926E-1,7.277726729E-1
3.276613017E1,-2.327595872E0,-1.332769897E0,9.071206641E-1
3.277606917E1,-2.299796455E0,-1.660985806E0,1.103147253E0
3.278600717E1,-2.404524180E0,-1.721236686E0,1.101131133E0
3.279594617E1,-2.457603450E0,-1.706608121E0,7.735059392E-1
3.280588417E1,-2.416011620E0,-1.816776681E0,5.133563713E-1
3.281582217E1,-2.493590139E0,-1.973006097E0,4.967162919E-1
3.282576117E1,-2.580188572E0,-2.029190823E0,4.803136826E-1
3.283569917E1,-2.386534637E0,-1.966892833E0,3.123816856E-1
3.284563817E1,-1.958780991E0,-1.990857062E0,1.879704416E-1
3.285557617E1,-1.763247761E0,-2.143507397E0,1.339188166E-1
3.286551517E1,-1.948641334E0,-2.138183507E0,1.508031635E-1
3.287545317E1,-2.223100281E0,-1.959810686E0,2.076825750E-1
3.288539217E1,-2.304951360E0,-1.850910972E0,3.120705771E-1
3.289533017E1,-2.235753071E0,-1.991400853E0,2.008389938E-1
3.290526917E1,-2.296934828E0,-2.316202573E0,-1.405471838E-1
3.291520717E1,-2.367214851E0,-2.425190287E0,-5.320176870E-1
3.292514617E1,-2.145561524E0,-2.295527695E0,-6.385720825E-1
3.293508417E1,-1.459070925E0,-2.185113845E0,-6.399338990E-1
3.294502317E1,-7.254020655E-1,-2.276211126E0,-5.803654261E-1
3.295496117E1,-6.396432924E-1,-2.423840457E0,-5.213430101E-1
3.296490017E1,-1.060153992E0,-2.396624592E0,-6.579205922E-1
3.297483817E1,-1.494323203E0,-2.218691481E0,-5.993436243E-1
3.298477717E1,-1.564221404E0,-2.092303037E0,-4.622925639E-1
3.299471517E1,-1.404407644E0,-2.216077191E0,-6.106475347E-1
3.300465417E1,-1.353231643E0,-2.565943293E0,-8.496513051E-1
3.301459217E1,-1.148894261E0,-2.766266854E0,-9.308283462E-1
3.302453117E1,-6.612814987E-1,-2.611965850E0,-7.935729986E-1
3.303446917E1,-2.951306087E-1,-2.433307392E0,-6.622989142E-1
3.304440717E1,-9.794320107E-2,-2.329113371E0,-5.909114277E-1
3.305434617E1,1.126682442E-1,-2.141814628E0,-3.612152553E-1
3.306428417E1,1.456266600E-1,-2.049634151E0,-4.105220474E-1
3.307422317E1,-2.509139639E-1,-2.122147226E0,-7.164072937E-1
3.308416117E1,-7.216119003E-1,-2.221326821E0,-1.241637971E0
3.309410017E1,-9.125977510E-1,-2.133468313E0,-1.679126354E0
3.310403817E1,-7.345172900E-1,-2.066025065E0,-1.796643694E0
3.311397717E1,-9.980553925E-2,-2.079124290E0,-2.303394539E0
3.312391517E1,7.180199558E-1,-2.221053025E0,-2.206260300E0
3.313385417E1,1.588953956E0,-2.473445604E0,-1.436414133E0
3.314379217E1,2.322893541E0,-2.567937193E0,-1.526810918E0
3.315373117E1,2.557417175E0,-2.582792045E0,-1.845302907E0
3.316366917E1,2.271223451E0,-2.563282517E0,-2.017559541E0
3.317360817E1,1.719816397E0,-2.651054487E0,-1.833728051E0
3.318354617E1,1.446744409E0,-2.620939572E0,-1.637284994E0
3.319348517E1,1.398414248E0,-2.416539039E0,-1.580621966E0
3.320342317E1,1.417867350E0,-2.329767967E0,-1.615830975E0
3.321336217E1,1.542946309E0,-2.366247722E0,-1.784364688E0
3.322330017E1,1.837456529E0,-2.426351252E0,-1.932397477E0
3.323323917E1,2.175106920E0,-2.602117385E0,-1.843118095E0
3.324317717E1,2.391591309E0,-2.792788948E0,-1.852604033E0
3.325311617E1,2.384764684E0,-2.728645577E0,-1.846845987E0
3.326305417E1,2.272913881E0,-2.460715046E0,-1.694481581E0
3.327299317E1,2.212587572E0,-2.219234979E0,-1.691973418E0
3.328293117E1,2.184460126E0,-2.073011903E0,-1.754436884E0
3.329287017E1,2.112607786E0,-2.006961463E0,-1.525399108E0
3.330280817E1,1.942574263E0,-1.966374477E0,-1.412664497E0
3.331274617E1,1.820180345E0,-1.829231250E0,-1.673956392E0
3.332268517E1,1.683070740E0,-1.710910503E0,-1.743196196E0
3.333262317E1,1.645386604E0,-1.658060152E0,-1.779950332E0
3.334256217E1,1.771722715E0,-1.580844453E0,-1.937549458E0
3.335250017E1,1.964824673E0,-1.520841495E0,-1.877018205E0
3.336243917E1,2.216133324E0,-1.473601255E0,-1.626695687E0
3.337237717E1,2.603597315E0,-1.510455671E0,-1.458145018E0
3.338231617E1,2.997666321E0,-1.616508960E0,-1.554044909E0
3.339225417E1,3.083687049E0,-1.620144174E0,-1.732016028E0
3.340219317E1,2.692516508E0,-1.442243807E0,-1.652733046E0
3.341213117E1,2.291834886E0,-1.141566530E0,-1.652970443E0
3.342207017E1,2.314313337E0,-9.292500365E-1,-1.730824657E0
3.343200817E1,2.732530174E0,-9.440364754E-1,-1.785144121E0
3.344194717E1,3.084381698E0,-1.148099039E0,-1.719437790E0
3.345188517E1,3.207725204E0,-1.322926694E0,-1.561728443E0
3.346182417E1,3.163948270E0,-1.272429555E0,-1.430223686E0
3.347176217E1,3.028349585E0,-1.109122084E0,-1.395206758E0
3.348170117E1,2.949864163E0,-9.677872807E-1,-1.473107458E0
3.349163917E1,2.888702872E0,-9.327513492E-1,-1.299781368E0
3.350157817E1,2.811918406E0,-1.009948044E0,-1.048486750E0
3.351151617E1,2.717377115E0,-1.048187081E0,-1.129169556E0
3.352145517E1,2.630637764E0,-1.023451020E0,-1.213519734E0
3.353139317E1,2.558338696E0,-9.817586178E-1,-1.192284109E0
3.354133217E1,2.523029115E0,-9.413502645E-1,-1.328673338E0
3.355127017E1,2.444639588E0,-9.425735021E-1,-1.209808214E0
3.356120917E1,2.378381864E0,-1.004132111E0,-9.687052935E-1
3.357114717E1,2.417451789E0,-1.042377580E0,-9.293968016E-1
3.358108517E1,2.424232805E0,-1.145554039E0,-1.059941154E0
3.359102417E1,2.323261916E0,-1.331252837E0,-1.296416295E0
3.360096217E1,2.083291016E0,-1.484147294E0,-1.401843055E0
3.361090117E1,1.828847088E0,-1.539654619E0,-1.284120478E0
3.362083917E1,1.676165178E0,-1.540500712E0,-1.101881770E0
3.363077817E1,1.613699373E0,-1.397220539E0,-8.853099650E-1
3.364071617E1,1.668319969E0,-1.197180567E0,-7.306622207E-1
3.365065517E1,1.720604602E0,-1.140630975E0,-7.744277528E-1
3.366059317E1,1.759736508E0,-1.257773801E0,-1.000442811E0
3.367053217E1,1.646056695E0,-1.387154557E0,-1.034420396E0
3.368047017E1,1.407605487E0,-1.453329543E0,-8.164195320E-1
3.369040917E1,1.210786453E0,-1.473775210E0,-7.378148273E-1
3.370034717E1,1.064258738E0,-1.459393983E0,-6.458378327E-1
3.371028617E1,8.679782331E-1,-1.370214589E0,-6.490795290E-1
3.372022417E1,6.644167757E-1,-1.238575784E0,-6.878898382E-1
3.373016317E1,4.801476216E-1,-1.108357415E0,-8.806836480E-1
3.374010117E1,3.337532222E-1,-1.098952022E0,-1.032454124E0
3.375004017E1,2.279905397E-1,-1.210781337E0,-6.870510551E-1
3.375997817E1,3.539535981E-1,-1.201444357E0,-6.995401230E-1
3.376991717E1,5.966346824E-1,-1.057521283E0,-9.426582867E-1
3.377985517E1,8.608107162E-1,-1.000842468E0,-1.042700053E0
3.378979417E1,9.690216279E-1,-1.163111765E0,-9.713698697E-1
3.379973217E1,9.049583638E-1,-1.289374201E0,-9.066875316E-1
3.380967117E1,6.096956080E-1,-1.248481991E0,-1.007099573E0
3.381960917E1,2.018663496E-1,-1.225044304E0,-9.280988659E-1
3.382954717E1,3.288883388E-2,-1.182672894E0,-9.939604412E-1
3.383948617E1,1.244556463E-1,-1.071948119E0,-1.545976337E0
3.384942417E1,2.844746429E-1,-1.141450390E0,-1.951092487E0
3.385936317E1,4.898908371E-1,-1.387384938E0,-1.853678897E0
3.386930117E1,3.874177980E-1,-1.597929140E0,-8.566727878E-1
3.387924017E1,2.129275274E-1,-1.334111248E0,2.253166080E-2
3.388917817E1,-8.157684445E-2,-8.663782887E-1,2.528569937E-1
3.389911717E1,-7.342559195E-1,-7.130929457E-1,3.166851997E-1
3.390905517E1,-1.650481868E0,-7.002181077E-1,6.351176206E-1
3.391899417E1,-2.398613230E0,-4.845741101E-1,4.836161900E-1
3.392893217E1,-2.886751657E0,-3.302666737E-1,-5.288634796E-2
3.393887117E1,-3.062447623E0,-6.346904084E-1,-3.313605416E-1
3.394880917E1,-2.608745204E0,-9.011743382E-1,-2.883291274E-1
3.395874817E1,-1.756681922E0,-8.477433586E-1,-1.664988810E-1
3.396868617E1,-9.482903248E-1,-8.355010432E-1,-2.256136465E-1
3.397862517E1,-4.276694459E-1,-1.045370184E0,-4.434949350E-1
3.398856317E1,-1.901111072E-1,-1.309277539E0,-3.534092224E-1
3.399850217E1,-1.289772981E-1,-1.321805783E0,-1.800988833E-1
3.400844017E1,-6.158392775E-1,-1.152266057E0,1.237586582E-1
3.401837917E1,-1.558628542E0,-9.773743755E-1,1.722507870E-1
3.402831717E1,-2.516115367E0,-8.782997382E-1,-3.896537368E-1
3.403825617E1,-3.207560313E0,-7.888344151E-1,-7.406772586E-1
3.404819417E1,-3.125950139E0,-6.544768015E-1,-6.030304400E-1
3.405813317E1,-2.273150693E0,-6.472648457E-1,-4.724446459E-1
3.406807117E1,-1.443965812E0,-7.837537694E-1,-1.314208496E-1
3.407801017E1,-9.569149679E-1,-8.808549714E-1,1.280119959E-1
3.408794817E1,-8.131617558E-1,-8.647581714E-1,1.279898496E-1
3.409788717E1,-1.082938253E0,-7.950114137E-1,2.456030841E-1
3.410782517E1,-1.448314387E0,-6.320904440E-1,1.447327669E-1
3.411776317E1,-1.831853142E0,-6.616703385E-1,-4.608576572E-1
3.412770217E1,-2.284351619E0,-9.381658709E-1,-6.503602155E-1
3.413764017E1,-2.391180834E0,-9.341155046E-1,-5.147935438E-1
3.414757917E1,-2.063681209E0,-6.336650991E-1,-3.001900582E-1
3.415751717E1,-1.684410921E0,-4.224092907E-1,1.656757392E-2
3.416745617E1,-1.191920412E0,-3.403599912E-1,2.614640951E-1
3.417739417E1,-8.572339743E-1,-4.510284877E-1,1.497917779E-1
3.418733317E1,-8.895275617E-1,-5.613443971E-1,1.493940210E-1
3.419727117E1,-1.080502303E0,-4.851820743E-1,2.635772789E-1
3.420721017E1,-1.451628004E0,-3.599154192E-1,9.094993114E-2
3.421714817E1,-1.989249662E0,-3.084248382E-1,2.661303194E-1
3.422708717E1,-2.369687639E0,-2.753652656E-1,6.363757221E-1
3.423702517E1,-2.313156173E0,-1.461365372E-1,5.452328329E-1
3.424696417E1,-1.875119029E0,-3.317534745E-2,3.486017878E-1
3.425690217E1,-1.345982850E0,-6.387907684E-2,1.068613744E-1
3.426684117E1,-9.305147892E-1,-1.690219545E-1,-1.724028146E-1
3.427677917E1,-6.959326833E-1,-2.942582041E-1,-2.083069114E-1
3.428671817E1,-6.793546575E-1,-4.234495103E-1,-1.051424392E-1
3.429665617E1,-8.394859207E-1,-4.089115781E-1,6.467020512E-3
3.430659517E1,-1.038186588E0,-2.206440979E-1,9.365821525E-2
3.431653317E1,-1.252861263E0,-9.743156970E-2,1.156918395E-1
3.432647217E1,-1.590135094E0,-1.345385849E-1,3.382954855E-1
3.433641017E1,-1.835973090E0,-7.057063043E-2,2.166194594E-1
3.434634917E1,-1.916039014E0,1.152895510E-1,1.044314177E-1
3.435628717E1,-1.906736678E0,1.309378695E-1,4.432116374E-1
3.436622617E1,-1.747304158E0,3.173283935E-3,7.754729426E-1
3.437616417E1,-1.460522203E0,-8.080559671E-2,6.078661604E-1
3.438610317E1,-1.220453655E0,-9.302101493E-2,4.858100653E-2
3.439604117E1,-1.042092528E0,-1.894556344E-2,-9.733070523E-2
3.440597917E1,-8.106375128E-1,-1.079279065E-2,-1.184923634E-1
3.441591817E1,-5.042820042E-1,-1.087055862E-1,-2.955580401E-1
3.442585617E1,-4.054810166E-1,-1.785920924E-1,-1.226535344E-1
3.443579517E1,-5.860775346E-1,-1.603435171E-1,2.813571998E-1
3.444573317E1,-8.136026359E-1,-9.577154517E-3,4.768214330E-1
3.445567217E1,-1.072899168E0,1.094850200E-1,5.536377668E-1
3.446561017E1,-1.275357256E0,9.978799760E-2,4.975030348E-1
3.447554917E1,-1.223790661E0,5.280035734E-2,2.257297137E-1
3.448548717E1,-9.845600188E-1,6.082858443E-3,6.287277102E-2
3.449542617E1,-5.978082186E-1,2.115405679E-2,-6.015381575E-2
3.450536417E1,-2.166785163E-1,5.966732740E-2,-6.138436228E-2
3.451530317E1,-3.553762257E-2,-1.405612171E-2,1.783532336E-1
3.452524117E1,-8.900573194E-2,-1.079512954E-1,4.676629391E-1
3.453518017E1,-3.333474255E-1,-1.393917739E-1,6.368883768E-1
3.454511817E1,-7.616647428E-1,-7.428712070E-2,8.021827313E-1
3.455505717E1,-1.221299747E0,2.409462154E-2,9.447296628E-1
3.456499517E1,-1.519276196E0,1.069467437E-1,8.640345785E-1
3.457493417E1,-1.539057911E0,1.293579519E-1,6.672623232E-1
3.458487217E1,-1.264840454E0,4.679702103E-2,5.698672986E-1
3.459481117E1,-8.421879190E-1,-4.729228020E-3,5.605278334E-1
3.460474917E1,-5.603544635E-1,-7.413333893E-2,6.102965556E-1
3.461468817E1,-4.281021398E-1,-1.145288283E-1,6.473054838E-1
3.462462617E1,-4.777157646E-1,-1.460996997E-1,5.811813685E-1
3.463456517E1,-6.297731924E-1,-1.062678820E-1,4.996004310E-1
3.464450321E1,-8.236335343E-1,-6.892522395E-2,4.454341641E-1
3.465444221E1,-9.121001530E-1,-7.376321018E-2,3.956445381E-1
3.466438021E1,-8.612872642E-1,-8.206976473E-2,2.432450482E-1
3.467431921E1,-7.174416661E-1,-3.080605567E-2,7.844156742E-2
3.468425721E1,-4.672363847E-1,4.055570304E-2,6.651909471E-2
3.469419621E1,-1.758374691E-1,7.794104576E-2,1.344162320E-1
3.470413421E1,4.548958361E-2,6.098353565E-2,1.329053114E-1
3.471407221E1,1.213028276E-1,1.903093278E-2,1.447712123E-1
3.472401121E1,1.269062144E-1,7.730662286E-2,1.851731336E-1
3.473394921E1,1.537683231E-1,1.244837129E-1,1.124989673E-1
3.474388821E1,1.743727416E-1,1.311436915E-1,3.308120728E-2
3.475382621E1,1.799831450E-1,1.113660693E-1,-8.089959070E-2
3.476376521E1,1.454699546E-1,1.087009084E-1,-1.424966455E-1
3.477370321E1,7.744344771E-2,1.186967236E-1,-2.005844937E-1
3.478364221E1,4.348632753E-2,1.533882540E-1,-1.843524769E-1
3.479358021E1,5.371544659E-2,1.531292224E-1,-1.126164964E-1
3.480351921E1,4.597431779E-2,7.083200097E-2,-3.177493930E-2
3.481345721E1,8.500506699E-2,7.653888345E-2,-2.356515616E-2
3.482339621E1,7.782819450E-2,1.404998213E-1,-8.141312242E-2
3.483333421E1,2.121896088E-2,1.466908532E-1,-1.081734896E-1
3.484327321E1,4.684029043E-2,1.932832217E-1,-9.265410215E-2
3.485321121E1,1.423118734E-1,2.371700835E-1,-8.284422845E-2
3.486315021E1,1.427416438E-1,1.657580388E-1,-1.085184753E-1
3.487308821E1,3.303852260E-2,7.446487606E-2,-1.135108280E-1
3.488302721E1,-9.170889974E-2,6.706054688E-2,-1.210645536E-1
3.489296521E1,-2.050413877E-1,8.035594583E-2,-1.562414029E-1
3.490290421E1,-2.594871515E-1,5.622741044E-2,-8.562311769E-2
3.491284221E1,-1.853690153E-1,4.175321281E-2,6.386445880E-2
3.492278121E1,-4.830735683E-2,5.200104296E-2,1.628236136E-1
3.493271921E1,1.028151011E-1,3.040084362E-2,1.325283122E-1
3.494265821E1,2.373577791E-1,4.404415190E-2,4.725602746E-2
3.495259621E1,2.197325170E-1,7.323754549E-2,1.749106854E-2
3.496253521E1,9.222462416E-2,5.992226601E-2,-3.301484138E-2
3.497247321E1,-6.236786395E-2,6.215590239E-2,-2.081024051E-2
3.498241221E1,-1.644660965E-1,6.883400738E-2,-7.156845778E-3
3.499235021E1,-2.240454233E-1,1.112666667E-2,3.152935624E-2
3.500228821E1,-2.311585611E-1,-3.693861544E-2,9.095139295E-2
3.501222721E1,-1.532458743E-1,-4.159299910E-2,6.685472488E-2
3.502216521E1,-9.913398653E-2,-1.900812864E-2,6.581333578E-3
3.503210421E1,-8.297462136E-2,-2.821866274E-3,2.120785117E-2
3.504204221E1,-9.006349325E-2,1.459698915E-2,5.499891043E-3
3.505198121E1,-1.225400984E-1,5.785585999E-2,-1.072613239E-2
3.506191921E1,-2.302803093E-1,1.026677513E-1,-3.021460980E-2
3.507185821E1,-3.398238015E-1,1.141955370E-1,2.669107765E-2
3.508179621E1,-3.596882549E-1,1.457096905E-1,1.183371198E-1
3.509173521E1,-3.520640704E-1,1.464850312E-1,6.150715381E-2
3.510167321E1,-3.778222248E-1,1.525784147E-1,1.790417433E-2
3.511161221E1,-3.696425548E-1,1.542238212E-1,5.436361045E-2
3.512155021E1,-3.366671821E-1,1.509160513E-1,1.841872931E-2
3.513148921E1,-2.805950153E-1,1.657036597E-1,-5.044539124E-2
3.514142721E1,-2.597333193E-1,1.632302874E-1,-7.559748173E-2
3.515136621E1,-2.602490437E-1,1.236335278E-1,-1.073195037E-1
3.516130421E1,-2.931317380E-1,8.696446896E-2,-1.351937655E-1
3.517124321E1,-2.752380887E-1,5.247992992E-2,-1.742739236E-1
3.518118121E1,-2.115446609E-1,3.102649570E-2,-2.072089505E-1
3.519112021E1,-9.045964211E-2,3.090370417E-2,-1.937930989E-1
3.520105821E1,-6.948538721E-3,3.992011070E-2,-1.194232401E-1
3.521099721E1,5.965124756E-2,5.536611557E-2,-5.813287184E-2
3.522093521E1,8.895310700E-2,2.889401615E-2,-1.530757204E-2
3.523087421E1,9.359491915E-2,-4.380967855E-2,1.513756424E-2
3.524081221E1,1.936480880E-2,-6.317214847E-2,-3.922604620E-3
3.525075121E1,-1.086017981E-1,3.154514372E-2,-5.609117031E-2
3.526068921E1,-2.322438043E-1,1.488601702E-1,-9.784759909E-2
3.527062821E1,-2.625937772E-1,1.226009095E-1,-5.638236165E-2
3.528056621E1,-1.281148338E-1,1.646809816E-2,-2.197719857E-2
3.529050521E1,5.383531451E-3,-7.838777304E-3,-9.320227861E-2
3.530044321E1,6.897317111E-2,2.199781001E-2,-1.626859117E-1
3.531038221E1,6.354549319E-2,3.353378177E-2,-2.007265811E-1
3.532032021E1,1.141668856E-2,-2.786782980E-3,-2.051293883E-1
3.533025921E1,-5.354295373E-2,2.751699686E-3,-1.696205632E-1
3.534019721E1,-9.511607230E-2,6.648518085E-2,-1.386605796E-1
3.535013521E1,-1.159362531E-1,1.174723166E-1,-1.156053007E-1
3.536007421E1,-1.702448997E-1,1.041190302E-1,-7.075715661E-2
3.537001321E1,-1.987366274E-1,1.106404299E-1,-4.828279853E-2
3.537995121E1,-1.679916751E-1,1.299596304E-1,-8.071014091E-2
3.538988921E1,-1.335597610E-1,1.319447601E-1,-8.338465735E-2
3.539982821E1,-1.276795086E-1,1.071782935E-1,-7.872325704E-2
3.540976621E1,-1.737994221E-1,8.758018076E-2,-1.218442798E-1
3.541970521E1,-2.316523585E-1,9.631241262E-2,-1.529491282E-1
3.542964321E1,-2.665970734E-1,8.826372027E-2,-1.599986775E-1
3.543958221E1,-2.553242263E-1,5.935859442E-2,-1.521059597E-1
3.544952021E1,-1.983635750E-1,5.394641161E-2,-1.481228364E-1
3.545945921E1,-1.155184695E-1,8.399232924E-2,-1.486793451E-1
3.546939721E1,-5.287227809E-2,5.545148492E-2,-1.034489393E-1
3.547933621E1,-6.092711002E-2,-1.793341041E-2,-1.054707603E-1
3.548927421E1,-1.212709603E-1,-4.918210030E-2,-1.247490303E-1
3.549921321E1,-1.478743297E-1,-4.161931157E-2,-1.457042818E-1
3.550915121E1,-1.315313619E-1,-6.459068298E-2,-1.916707058E-1
3.551909021E1,-1.287232366E-1,-1.642108655E-1,-2.241835637E-1
3.552902821E1,-1.079001322E-1,-2.541702783E-1,-1.878054039E-1
3.553896721E1,-4.666458160E-2,-2.397791111E-1,-1.760349588E-1
3.554890521E1,4.366174400E-2,-1.308805668E-1,-1.236032684E-1
3.555884421E1,3.389689386E-2,-8.543600678E-2,-2.036015108E-2
3.556878221E1,2.428728729E-2,-9.211411178E-2,-1.502149701E-2
3.557872121E1,4.621405363E-2,-6.854164660E-2,4.372255504E-4
3.558865921E1,7.455346137E-2,-1.799012840E-2,-1.380089074E-3
3.559859821E1,8.594646871E-2,6.359899521E-2,-4.355839446E-2
3.560853621E1,9.095928669E-3,1.179973966E-1,-9.525699019E-2
3.561847521E1,-1.219425130E-1,1.784424037E-1,-1.163876581E-1
3.562841321E1,-2.008328542E-1,2.007600564E-1,-1.128524315E-1
3.563835221E1,-2.195392665E-1,2.009214395E-1,-6.707911178E-2
3.564829067E1,-1.511382455E-1,2.357112032E-1,-3.103015020E-2
3.565822967E1,-3.860097885E-2,2.487680358E-1,-2.444589302E-2
3.566816767E1,1.199831110E-1,2.585732317E-1,-9.230414629E-3
3.567810667E1,1.978311861E-1,2.614453840E-1,-2.131777883E-2
3.568804467E1,1.330036908E-1,2.395569170E-1,-3.694285467E-2
3.569798367E1,1.295859933E-2,2.455947518E-1,-6.416632131E-2
3.570792167E1,-4.436808765E-2,2.381062227E-1,-9.644982219E-2
3.571786067E1,-6.312566310E-2,2.132491243E-1,-1.152344410E-1
3.572779867E1,-1.042842141E-1,1.723326480E-1,-1.355839209E-1
3.573773667E1,-1.474594697E-1,1.343655074E-1,-1.347596097E-1
3.574767567E1,-1.738760206E-1,9.963246167E-2,-1.431926103E-1
3.575761367E1,-1.276061261E-1,8.041149437E-2,-1.168611364E-1
3.576755267E1,-3.183867395E-2,5.330029428E-2,-6.347737312E-2
3.577749067E1,6.878956854E-3,3.332562089E-2,-5.916446686E-2
3.578742967E1,9.554642737E-3,5.701035261E-4,-8.355656549E-2
3.579736767E1,-2.390049398E-2,-3.096100688E-3,-1.135003030E-1
3.580730667E1,-3.805280238E-2,-5.230919123E-3,-1.804908295E-1
3.581724467E1,-1.450577259E-2,-6.514382958E-2,-1.996882617E-1
3.582718367E1,5.980356753E-2,-1.365137744E-1,-2.200611305E-1
3.583712167E1,1.052940282E-1,-1.498097581E-1,-2.380366409E-1
3.584706067E1,1.129801932E-1,-1.074484348E-1,-1.913337600E-1
3.585699867E1,5.385899574E-2,-6.320196927E-2,-2.031404579E-1
3.586693767E1,-1.029408163E-1,-3.693569183E-2,-1.785143244E-1
3.587687567E1,-2.159204248E-1,-7.384448647E-3,-1.241046672E-1
3.588681467E1,-1.636287752E-1,3.797181845E-3,-9.152164266E-2
3.589675267E1,-4.515716940E-2,-1.222477376E-2,-1.095091398E-1
3.590669167E1,2.996317953E-2,-2.514653563E-2,-1.692948733E-1
3.591662967E1,7.388395518E-2,-5.713431358E-2,-2.098020445E-1
3.592656867E1,1.456871787E-1,-5.716004133E-2,-1.857180941E-1
3.593650667E1,1.925578746E-1,9.953130484E-3,-6.954312846E-2
3.594644567E1,1.800629595E-1,5.502112985E-2,2.136806488E-2
3.595638367E1,2.086988211E-2,4.872777164E-2,-1.494899154E-2
3.596632267E1,-2.151787055E-1,1.123793918E-1,-8.167741656E-2
3.597626067E1,-3.869950444E-1,2.273093390E-1,-1.039390822E-1
3.598619967E1,-3.995633420E-1,2.862188673E-1,-7.477287814E-2
3.599613767E1,-2.397829118E-1,2.761675036E-1,-1.505658031E-5
3.600607667E1,1.848304868E-2,2.148249489E-1,3.054103062E-2
3.601601467E1,2.721811643E-1,1.258198017E-1,1.634530663E-2
3.602595367E1,3.682485786E-1,3.060725033E-2,-6.043930605E-2
3.603589167E1,2.505502671E-1,-8.177331090E-3,-1.051607117E-1
3.604583067E1,-5.113390088E-3,7.272182107E-3,-1.340240300E-1
3.605576867E1,-2.632331702E-1,5.989653826E-2,-1.410864432E-1
3.606570767E1,-3.499771991E-1,1.453956950E-1,-1.005074975E-1
3.607564567E1,-2.487440622E-1,1.741084474E-1,4.022065759E-2
3.608558467E1,-2.761289120E-2,1.391514534E-1,1.521340263E-1
3.609552267E1,1.300236574E-1,9.054179549E-2,1.303312209E-1
3.610546167E1,4.258497924E-2,4.245137036E-2,-2.324838325E-2
3.611539967E1,-2.715154588E-1,2.461443901E-2,-1.639711297E-1
3.612533867E1,-5.910722262E-1,4.231162190E-2,-2.259631638E-1
3.613527667E1,-7.970029753E-1,9.077743828E-2,-2.771708858E-1
3.614521467E1,-7.712366349E-1,1.260291320E-1,-2.815027955E-1
3.615515367E1,-5.550115702E-1,7.605707288E-2,-2.154722357E-1
3.616509167E1,-1.745013803E-1,2.005478024E-2,-1.073228659E-1
3.617503067E1,2.293149340E-1,-4.519897699E-4,3.864775658E-2
3.618496867E1,4.955524036E-1,-1.275979400E-2,1.188823727E-1
3.619490767E1,3.664520216E-1,-6.070462346E-2,2.892983034E-2
3.620484567E1,-2.947698355E-2,-6.816625535E-2,-6.232342511E-2
3.621478467E1,-3.322557503E-1,-8.797135949E-3,-2.788303256E-2
3.622472267E1,-3.734113777E-1,4.647834778E-2,-1.666748822E-3
3.623466167E1,-2.280642146E-1,9.328530908E-2,6.921641529E-3
3.624459967E1,-3.473392278E-2,9.517103612E-2,4.004670292E-2
3.625453867E1,1.683609268E-1,1.281750602E-1,1.419095850E-1
3.626447667E1,3.411493653E-1,1.670567054E-1,1.274938595E-1
3.627441567E1,2.785923439E-1,1.653387934E-1,9.642760277E-2
3.628435367E1,5.413059890E-2,1.342976797E-1,-1.278903008E-2
3.629429267E1,-2.420548475E-1,1.366541076E-1,-1.496200159E-1
3.630423067E1,-5.133925509E-1,1.866823000E-1,-1.908203745E-1
3.631416967E1,-5.647562474E-1,2.163089722E-1,-1.623061350E-1
3.632410767E1,-3.218211016E-1,2.035368991E-1,9.990260303E-3
3.633404667E1,-5.608064532E-3,1.605399835E-1,1.640250702E-1
3.634398467E1,1.656089348E-1,1.198334223E-1,1.751612386E-1
3.635392367E1,1.278300744E-1,1.034138560E-1,1.584604213E-1
3.636386167E1,-7.664179444E-2,9.293739974E-2,4.270411626E-2
3.637380067E1,-3.665718895E-1,9.095227003E-2,-1.312243831E-1
3.638373867E1,-5.837360170E-1,6.568235815E-2,-2.288062263E-1
3.639367767E1,-5.521151519E-1,5.506030619E-2,-2.227602053E-1
3.640361567E1,-3.299013689E-1,5.846864820E-2,-2.008787549E-1
3.641355467E1,-1.502132159E-1,4.617897034E-2,-1.582408583E-1
3.642349267E1,-6.174396604E-2,4.290628374E-2,-1.007530805E-1
3.643343167E1,-7.643392593E-2,7.031803071E-2,-9.862951800E-2
3.644336967E1,-1.804933146E-1,7.714348555E-2,-1.058813810E-1
3.645330867E1,-2.046104479E-1,6.125192285E-2,-9.722165465E-2
3.646324667E1,-2.308580142E-1,6.032046139E-2,-1.530087698E-1
3.647318567E1,-4.214518091E-1,7.675990820E-2,-1.723791334E-1
3.648312367E1,-5.547408441E-1,1.038044500E-1,-1.553336227E-1
3.649306267E1,-5.311482060E-1,1.413739800E-1,-1.960094860E-1
3.650300067E1,-4.148886019E-1,1.728992432E-1,-1.736953416E-1
3.651293967E1,-2.864474934E-1,1.942404109E-1,-1.170156491E-1
3.652287767E1,-2.135870934E-1,1.787587380E-1,-1.429468811E-1
3.653281667E1,-3.003825778E-1,1.740809655E-1,-1.963329832E-1
3.654275467E1,-4.203621805E-1,2.028252929E-1,-2.002814618E-1
3.655269367E1,-4.790255409E-1,2.080047566E-1,-2.519837120E-1
3.656263167E1,-5.372331110E-1,1.878464806E-1,-2.690492494E-1
3.657257067E1,-5.642241508E-1,1.865893292E-1,-2.562273288E-1
3.658250867E1,-5.019767395E-1,1.202608538E-1,-3.799251759E-1
3.659244667E1,-3.997007516E-1,-6.436030269E-2,-4.696692650E-1
3.660238567E1,-2.734967878E-1,-1.513627785E-1,-4.291644327E-1
3.661232367E1,-2.026241487E-1,-1.735745966E-1,-4.381001477E-1
3.662226267E1,-2.251180950E-1,-1.158771962E-1,-3.783474509E-1
3.663220067E1,-1.488686487E-1,1.174705625E-2,-2.978222282E-1
3.664213967E1,3.139896333E-2,5.390372694E-2,-2.575851984E-1
3.665207754E1,1.581353161E-1,-3.979556501E-2,-2.522627704E-1
3.666201654E1,1.928587139E-1,-1.509417790E-1,-2.954267702E-1
3.667195454E1,2.552607840E-1,-7.459643841E-2,-3.619810943E-1
3.668189354E1,1.829248792E-1,6.862584651E-2,-2.989330530E-1
3.669183154E1,-6.091336906E-2,1.172273183E-1,-2.006866738E-1
3.670177054E1,-1.861364624E-1,1.857327121E-1,-2.302035646E-1
3.671170854E1,-1.382132676E-1,3.079383498E-1,-1.725314534E-1
3.672164754E1,-1.669292361E-1,3.417358410E-1,-9.510613203E-2
3.673158554E1,-2.440224355E-1,3.093095219E-1,-1.115533264E-1
3.674152454E1,-4.681745705E-1,2.568371934E-1,-2.518384087E-1
3.675146254E1,-6.778028065E-1,3.003702986E-1,-3.526726194E-1
3.676140154E1,-7.999300915E-1,4.380359745E-1,-3.441006012E-1
3.677133954E1,-7.807836762E-1,4.499017292E-1,-2.815434337E-1
3.678127854E1,-6.120286471E-1,3.689353341E-1,-1.367852314E-1
3.679121654E1,-3.091846839E-1,2.690502727E-1,-1.045657575E-1
3.680115554E1,4.312380016E-2,1.341374660E-1,1.128559399E-1
3.681109354E1,1.297751507E-1,1.363728565E-1,-7.021117285E-2
3.682103254E1,-1.681308389E-2,3.603533757E-1,-3.137534058E-1
3.683097054E1,-8.956209451E-2,2.940535516E-1,-1.880908942E-1
3.684090954E1,-2.611904454E-1,7.043088198E-2,-2.416679080E-1
3.685084754E1,-4.589654982E-1,7.197922468E-4,-2.062369971E-1
3.686078654E1,-4.390794101E-1,6.675707638E-2,-2.998779631E-1
3.687072454E1,-1.934747180E-1,1.425258815E-1,-4.096417491E-1
3.688066354E1,2.585258693E-2,8.401688755E-2,-4.516843991E-1
3.689060154E1,2.766420051E-1,-2.202681220E-1,-3.198858194E-1
3.690054054E1,4.432022819E-1,-4.255124080E-1,-3.097245280E-1
3.691047854E1,3.000601038E-1,-2.928899556E-1,-3.310681808E-1
3.692041754E1,-5.879726171E-2,-1.953326708E-1,-4.384688146E-1
3.693035554E1,-4.390244463E-1,-1.149147445E-1,-6.179362352E-1
3.694029454E1,-6.094722444E-1,8.386895299E-2,-6.753417134E-1
3.695023254E1,-3.239278534E-1,-3.056158358E-1,-4.157731394E-1
3.696017154E1,-2.692408919E-2,-6.402554959E-1,-1.981773412E-1
3.697010954E1,3.473854208E-1,-3.048288006E-1,-1.443912895E-1
3.698004854E1,5.294715169E-1,-6.000997424E-3,-2.140841067E-1
3.698998654E1,4.832609716E-1,7.798723876E-2,-9.674803019E-3
3.699992554E1,3.712584329E-1,2.060266435E-2,2.985447979E-1
3.700986354E1,1.264124170E-1,-1.070952630E-1,3.480976117E-1
3.701980254E1,-9.541047961E-2,1.999396920E-2,3.090158455E-1
3.702974054E1,-1.466855907E-1,2.537703288E-1,1.045680964E-1
3.703967954E1,-2.800140944E-1,2.014079279E-1,-4.604214549E-2
3.704961754E1,-2.281694645E-1,7.208096623E-2,-8.801689468E-2
3.705955554E1,3.348612696E-2,1.603978962E-1,-2.061903656E-1
3.706949454E1,-1.201968268E-1,1.690886128E-1,-4.509365402E-2
3.707943254E1,9.651501864E-2,2.078989220E-1,-4.637309790E-2
3.708937154E1,4.324898905E-1,3.597090125E-1,-1.245176268E-1
3.709930954E1,4.826917452E-1,1.831640303E-1,1.048089286E-1
3.710924854E1,1.832546622E-1,3.751573563E-3,2.054406794E-1
3.711918654E1,2.693446800E-1,9.823146880E-2,1.593318026E-1
3.712912554E1,4.846932471E-1,1.806865650E-1,1.551453424E-1
3.713906354E1,1.804058987E-1,1.382293475E-1,1.253596989E-1
3.714900254E1,-2.103261012E-1,9.398463607E-2,-1.449512700E-1
3.715894054E1,-2.063821542E-1,1.161894375E-1,-2.425039136E-1
3.716887954E1,1.318409720E-1,9.893079579E-2,-1.132593247E-1
3.717881754E1,3.736563760E-1,5.127423406E-2,-8.860519767E-2
3.718875654E1,3.114747459E-1,-3.848520398E-2,-5.764623731E-4
3.719869454E1,3.510776451E-1,-1.687722784E-1,1.377627397E-1
3.720863354E1,6.754045710E-1,-1.398349929E-1,-9.031612951E-2
3.721857154E1,8.769712508E-2,-1.287931108E-1,-1.899760365E-2
3.722851054E1,-4.023860854E-1,-6.335048854E-2,4.539427400E-2
3.723844854E1,-3.972072065E-1,1.790008128E-2,-9.572005313E-2
3.724838754E1,-3.231568980E-1,4.614037871E-3,-2.034831413E-1
3.725832554E1,-1.855143186E-1,-3.550955594E-2,-1.799468923E-1
3.726826454E1,1.232724622E-1,-4.005868971E-2,-1.763801273E-1
3.727820254E1,2.929349792E-1,-1.341930145E-1,1.844328761E-2
3.728814154E1,4.487945589E-1,-2.553712964E-1,9.627559343E-2
3.729807954E1,4.955755001E-1,-2.616213852E-1,6.891491823E-3
3.730801854E1,4.981099758E-1,-2.478143549E-1,-1.639337075E-1
3.731795654E1,5.604717001E-1,-2.675130397E-1,-2.775006688E-1
3.732789554E1,6.494411793E-1,-2.574727857E-1,-2.940073586E-1
3.733783354E1,5.969235349E-1,-1.106182104E-1,-8.709310770E-2
3.734777254E1,3.645037293E-1,4.341791511E-2,1.890440086E-1
3.735771054E1,-6.033244818E-2,7.884677947E-2,4.360865128E-1
3.736764954E1,-4.219830287E-1,5.047024190E-2,5.467368829E-1
3.737758754E1,-4.654754958E-1,1.160005724E-1,4.981769264E-1
3.738752654E1,-3.400296235E-1,1.688056076E-1,2.365877008E-1
3.739746454E1,-3.021197855E-2,1.985427922E-1,7.977122426E-2
3.740740354E1,3.439642149E-1,2.440241897E-1,3.563760996E-2
3.741734154E1,5.379757074E-1,2.006793648E-1,-2.340405623E-2
3.742728054E1,5.298141637E-1,9.599724770E-2,-2.069822978E-4
3.743721854E1,4.113767642E-1,6.687226653E-2,9.616446893E-2
3.744715754E1,1.854193014E-1,1.594015306E-1,1.738470769E-1
3.745709554E1,-9.341833323E-2,2.254920244E-1,2.396294224E-1
3.746703454E1,-2.664903617E-1,1.620222527E-1,2.446627057E-1
3.747697254E1,-3.276592541E-1,7.746098936E-2,1.689868712E-1
3.748691154E1,-1.809406266E-1,7.711074114E-2,7.167984724E-2
3.749684954E1,5.108244538E-2,1.447764748E-1,-8.055241227E-2
3.750678854E1,2.307752761E-1,1.383872223E-1,-5.702788969E-2
3.751672654E1,2.985936221E-1,4.492708147E-2,-6.372294704E-2
3.752666554E1,1.917427728E-1,-3.379690647E-4,-7.264931103E-2
3.753660354E1,-2.029714733E-2,7.384448647E-3,-6.373698493E-2
3.754654254E1,-1.129158738E-1,-1.460342109E-2,7.870397950E-4
3.755648054E1,-5.479747385E-2,-3.946695149E-2,-3.118554910E-2
3.756641854E1,4.526037276E-2,-2.430687547E-3,-7.167868237E-2
3.757635754E1,1.589103645E-1,6.448309422E-3,-1.024432182E-1
3.758629554E1,2.695926020E-1,1.722414315E-2,-7.718324661E-2
3.759623454E1,3.356143910E-1,8.803275526E-2,-3.355365773E-2
3.760617254E1,2.351586413E-1,8.774565697E-2,2.480388880E-2
3.761611154E1,1.286700270E-1,3.512013137E-2,6.475674391E-2
3.762604954E1,3.130306900E-2,2.974478602E-3,1.147456686E-2
3.763598854E1,-5.909546971E-2,-4.130882442E-2,3.922664006E-2
3.764592629E1,-3.879890710E-2,-5.785761416E-2,1.313284636E-3
3.765586529E1,5.576284915E-2,-1.871752203E-2,-1.772409836E-2
3.766580329E1,1.199769714E-1,-3.086803615E-2,4.104754524E-3
3.767574229E1,6.849136055E-3,-8.399700701E-2,8.840405345E-2
3.768568029E1,-1.225108624E-1,-4.173450172E-2,1.227576149E-1
3.769561929E1,-4.462083355E-1,7.807962477E-2,1.618509293E-2
3.770555729E1,-5.649226007E-1,9.435710371E-2,2.137040377E-2
3.771549629E1,-4.481420097E-1,1.280119228E-1,-4.893067002E-2
3.772543429E1,-3.539436579E-1,2.188390625E-1,-3.197372636E-2
3.773537329E1,-2.604908261E-1,2.402632606E-1,1.346684114E-1
3.774531129E1,-2.378217557E-1,2.152313304E-1,1.175103235E-1
3.775525029E1,-2.118510550E-1,1.993964857E-1,3.559788544E-2
3.776518829E1,-1.248143730E-1,1.444227183E-1,3.679300150E-2
3.777512729E1,-6.883546919E-2,6.869075060E-2,9.019330144E-2
3.778506529E1,-3.434596002E-2,6.068415821E-2,3.821857095E-2
3.779500429E1,-6.699447334E-3,3.303852260E-2,2.432556828E-2
3.780494229E1,5.441711247E-3,-1.951800585E-2,5.288104892E-2
3.781488129E1,-9.153143674E-2,1.137634277E-2,6.479063949E-2
3.782481929E1,-4.298220983E-1,-2.376600802E-2,1.192048283E-1
3.783475829E1,-6.203463113E-1,-4.643800199E-2,1.159222380E-1
3.784469629E1,-5.093758062E-1,2.958574176E-2,-3.868632993E-2
3.785463529E1,-2.633252639E-1,8.559271216E-2,-5.826635281E-2
3.786457329E1,1.650552034E-2,6.039822936E-2,3.423661709E-2
3.787451229E1,2.975399539E-1,-1.866372764E-2,7.835971554E-2
3.788445029E1,4.349433821E-1,-1.079512954E-2,6.040174683E-2
3.789438929E1,2.228759801E-1,5.906681836E-2,1.170799867E-1
3.790432729E1,-1.204514730E-1,1.128588635E-1,1.601704578E-1
3.791426629E1,-3.423813736E-1,1.430977392E-1,1.955718402E-1
3.792420429E1,-4.589470795E-1,1.359699833E-1,1.842142085E-1
3.793414329E1,-4.220862320E-1,8.572427452E-2,7.349249323E-2
3.794408129E1,-2.084947532E-1,6.969647169E-2,-2.302986184E-2
3.795402029E1,4.279255539E-2,1.058515602E-1,4.130588254E-2
3.796395829E1,1.433918542E-1,1.659205914E-1,1.101276290E-1
3.797389729E1,1.241299564E-1,1.359764153E-1,1.912858129E-1
3.798383529E1,2.899605006E-2,3.180885315E-2,1.837487702E-1
3.799377429E1,-1.708357608E-1,1.483146250E-2,1.090973588E-1
3.800371229E1,-2.428091383E-1,4.717065811E-2,6.822882056E-2
3.801365129E1,-2.313640907E-1,8.321581900E-2,2.892851472E-2
3.802358929E1,-1.530032149E-1,3.974060118E-2,7.312410951E-2
3.803352829E1,2.420454919E-2,5.422356963E-2,6.293942928E-2
3.804346629E1,2.158648762E-1,7.101384938E-2,3.795778513E-2
3.805340429E1,2.397799882E-1,-1.393274546E-2,2.093303204E-3
3.806334329E1,1.593038821E-1,-8.967231452E-2,6.099349419E-2
3.807328129E1,-2.533130765E-2,-6.031578362E-2,7.608415280E-3
3.808322029E1,-3.552864709E-1,2.390868008E-2,-6.268215179E-3
3.809315829E1,-5.886576185E-1,1.126121110E-1,-4.458384991E-2
3.810309729E1,-4.915973470E-1,1.181196034E-1,5.450774431E-3
3.811303529E1,-3.135154241E-1,3.635389388E-2,-9.989147505E-2
3.812297429E1,-8.514978558E-2,6.260730743E-2,-9.448749661E-2
3.813291229E1,-1.693938375E-3,8.591430902E-2,-1.624122620E-2
3.814285129E1,3.491401702E-2,8.913963318E-2,1.086527785E-2
3.815278929E1,-2.478342354E-2,7.992500603E-2,4.405292273E-2
3.816272829E1,-2.071431693E-1,8.398180425E-2,-2.425191164E-2
3.817266629E1,-1.900888878E-1,6.718333840E-2,-1.138429499E-1
3.818260529E1,-8.168501794E-2,3.096860826E-2,-1.065666747E-1
3.819254329E1,-1.101752838E-1,-5.275942683E-3,-3.176907381E-2
3.820248229E1,-5.415047944E-2,-8.812338710E-3,2.472436666E-2
3.821242029E1,6.741108745E-2,4.867631614E-2,-5.443291822E-2
3.822235929E1,6.105428696E-2,1.116689551E-1,4.199119449E-2
3.823229729E1,-1.240837634E-2,1.088260388E-1,3.365774274E-2
3.824223629E1,-1.589822853E-1,8.792516649E-2,1.259607196E-2
3.825217429E1,-2.098545232E-1,9.925648570E-2,4.765716473E-2
3.826211329E1,-1.833140114E-1,1.173518640E-1,-3.233491983E-3
3.827205129E1,-7.466777444E-2,1.274342179E-1,2.912735660E-2
3.828199029E1,-9.030761451E-2,1.218337548E-1,9.535990119E-2
3.829192829E1,-1.766625112E-1,8.644465148E-2,1.019415089E-1
3.830186729E1,-1.366953304E-1,8.244106293E-2,2.152477026E-2
3.831180529E1,1.068929493E-2,4.467740536E-2,4.473355690E-2
3.832174429E1,9.885536671E-2,7.396727800E-3,2.871803323E-2
3.833168229E1,1.245901322E-1,3.009444952E-2,-1.751241088E-2
3.834162129E1,1.718572694E-1,8.793861508E-2,-4.375705361E-2
3.835155929E1,1.308682877E-1,1.293222839E-1,1.416895470E-2
3.836149829E1,-2.576634049E-2,1.127951288E-1,1.258894018E-1
3.837143629E1,-9.634369522E-2,1.710503536E-1,-5.565859330E-1
3.838137529E1,-2.999036908E-1,3.080014998E-1,-1.252321565E-1
3.839131329E1,-6.734442919E-1,-3.126102751E-1,3.047369993E-1
3.840125229E1,5.023781508E-2,-2.550263107E-1,4.449579084E-1
3.841119029E1,-1.504722476E-2,1.326581204E-1,-1.092014118E-1
3.842112929E1,-2.341327474E-1,2.018955857E-1,1.783003346E-1
3.843106729E1,-9.478775114E-2,-1.210958362E-1,1.229037952E-1
3.844100629E1,-5.933023542E-2,-5.445804298E-2,1.267840258E-1
3.845094429E1,-8.963167638E-2,8.642067790E-2,1.636939899E-1
3.846088329E1,-2.092718482E-3,5.535149753E-2,1.750294204E-1
3.847082129E1,4.072883910E-1,2.284857988E-2,-1.662796104E-1
3.848076029E1,1.735804439E-2,5.678815842E-3,-3.599171734E-1
3.849069829E1,-2.085962024E-1,1.637384105E-1,-2.619458874E-1
3.850063729E1,-1.236095542E-1,1.533023000E-2,-5.729803562E-2
3.851057529E1,-1.920561835E-1,-5.680920839E-2,7.825562596E-2
3.852051429E1,-2.802582157E-1,4.370150506E-2,3.174568495E-2
3.853045229E1,-2.701825860E-1,6.490350902E-2,1.816965619E-2
3.854039129E1,-1.550278133E-1,-2.128444970E-2,1.121940533E-1
3.855032929E1,-6.203720391E-2,2.804733932E-2,3.371972322E-2
3.856026829E1,2.403497994E-3,7.466718972E-2,5.005799493E-2
3.857020629E1,5.652941912E-2,5.897092402E-2,3.983708024E-2
3.858014429E1,9.577446878E-3,6.281839192E-2,-7.866862211E-3
3.859008329E1,-6.992363602E-2,1.208116615E-1,1.740599155E-2
3.860002129E1,-5.847624958E-2,1.363863051E-1,-1.395143827E-2
3.860996029E1,-7.341266960E-2,1.208350503E-1,-3.635446033E-2
3.861989829E1,-3.286544502E-2,1.181038159E-1,1.941293869E-3
3.862983729E1,-2.364701718E-2,5.215482473E-2,4.117258430E-2
3.863977529E1,-1.282060504E-1,3.573993623E-2,-1.652441416E-3
3.864971421E1,-1.951309419E-1,6.764819205E-2,5.579997897E-2
3.865965221E1,-1.155289945E-1,7.825270236E-2,7.926834544E-2
3.866959121E1,-1.161192709E-1,9.654864013E-2,3.299700737E-2
3.867952921E1,-2.317222327E-1,1.080483592E-1,-1.662361583E-2
3.868946821E1,-1.946044001E-1,5.594557464E-2,-1.040102720E-2
3.869940621E1,-5.777955383E-2,-1.819361150E-2,-5.460014859E-2
3.870934521E1,1.455430448E-2,2.053366721E-2,3.389397025E-2
3.871928321E1,-3.899595827E-2,9.480909348E-2,3.981603026E-2
3.872922221E1,-1.124969208E-1,5.724131763E-2,9.171942472E-2
3.873916021E1,-5.535500586E-2,5.129528403E-2,5.105669936E-2
3.874909921E1,-2.785116524E-2,8.557633996E-2,1.557813367E-2
3.875903721E1,-8.118595809E-2,8.279949725E-2,2.398644805E-2
3.876897621E1,-1.709266850E-1,4.712212622E-2,1.871341070E-2
3.877891421E1,-2.397791111E-1,-1.294339657E-2,5.997370323E-2
3.878885321E1,-1.400542635E-1,3.664683938E-2,7.286098480E-2
3.879879121E1,-7.352552086E-2,8.940392733E-2,4.801148772E-2
3.880873021E1,-2.872210801E-2,7.220434248E-2,-1.993317643E-2
3.881866821E1,8.049218595E-2,3.645622015E-2,-2.677440047E-2
3.882860721E1,5.363066196E-2,4.658184350E-2,1.754283467E-2
3.883854521E1,-7.725633681E-3,2.489440370E-1,-9.016617036E-1
3.884848421E1,-1.044093445E-1,2.580984378E-1,5.604719925E-1
3.885842221E1,-7.488853607E-1,-4.045478010E-1,9.048335988E-2
3.886836121E1,3.691089964E-1,6.078473032E-2,1.657592082E-1
3.887829921E1,-2.596871263E-1,2.002870166E-1,-1.384901333E-1
3.888823821E1,-1.334834549E-1,1.446367264E-2,2.162311677E-1
3.889817621E1,-3.282802284E-2,-1.384679139E-1,3.351150753E-2
3.890811521E1,-1.383562320E-1,-1.324979067E-3,1.237902331E-1
3.891805321E1,-3.902285546E-2,6.382235885E-2,1.260635940E-1
3.892799221E1,-4.974518716E-2,4.657891989E-2,2.031638102E-1
3.893793021E1,-1.298447326E-1,5.203437209E-3,2.311240808E-1