"Time (s)","Linear Acceleration x (m/s^2)","Linear Acceleration y (m/s^2)","Linear Acceleration z (m/s^2)"
1.507372900E-2,1.473210752E-3,9.366655350E-2,-1.302638054E-1
2.306970400E-2,1.159337163E-2,5.406856537E-2,-1.162481308E-1
3.106514000E-2,-1.070199385E-1,6.294822693E-2,-1.335420609E-1
3.909211500E-2,-2.209348381E-1,4.434394836E-2,-1.363530159E-1
4.708747300E-2,-2.786801159E-1,1.575803757E-2,-1.619930267E-1
5.508321800E-2,-2.449521422E-1,6.695318222E-2,-2.420086861E-1
6.307826900E-2,-1.972180903E-1,6.655502319E-2,-2.907977104E-1
7.107570500E-2,-1.155666113E-1,1.135807037E-1,-3.767232895E-1
7.907021800E-2,-3.007143736E-2,1.388101578E-1,-4.398884773E-1
8.706580800E-2,3.595365584E-2,1.435737610E-1,-4.570441246E-1
9.509162800E-2,5.143246055E-2,1.638021469E-1,-4.781899452E-1
1.030870650E-1,1.952919364E-2,2.390151024E-1,-4.823303223E-1
1.110821160E-1,1.779365540E-2,2.667818069E-1,-4.555187225E-1
1.190777830E-1,1.982325315E-2,2.886505127E-1,-4.276971817E-1
1.270739880E-1,-1.923170686E-2,3.203620911E-1,-3.517656326E-1
1.350696550E-1,-4.421675205E-2,3.099384308E-1,-3.341164589E-1
1.430650920E-1,-4.431760311E-2,3.528037071E-1,-3.823814392E-1
1.510927580E-1,-2.132245898E-2,3.639841080E-1,-4.245986938E-1
1.590865790E-1,-1.811853051E-2,3.847374916E-1,-4.722404480E-1
1.670819380E-1,2.002590895E-2,3.763370514E-1,-4.779376984E-1
1.750784510E-1,3.829303384E-2,3.864164352E-1,-4.177403450E-1
1.830729640E-1,2.285119891E-2,3.807897568E-1,-3.997607231E-1
1.910686310E-1,3.867790103E-2,3.734345436E-1,-4.466357231E-1
1.990952970E-1,4.189252853E-2,3.620862961E-1,-4.450597763E-1
2.070903490E-1,6.504425406E-2,3.121757507E-1,-4.235286713E-1
2.150869390E-1,3.738325834E-2,2.502183914E-1,-4.127368927E-1
2.230810680E-1,1.006186008E-2,1.547951698E-1,-3.414340019E-1
2.310792720E-1,-8.329868317E-3,1.243867874E-1,-2.852001190E-1
2.390727090E-1,-1.284027100E-2,4.224920273E-2,-2.049436569E-1
2.470690680E-1,-1.083037257E-2,-4.876804352E-2,-2.621650696E-3
2.550640430E-1,-3.491690755E-2,-9.800577164E-2,5.695390701E-2
2.630908630E-1,-1.195932627E-1,-8.043909073E-2,8.937072754E-2
2.710852220E-1,-1.356952190E-1,-7.528209686E-2,9.523200989E-2
2.790806580E-1,-1.548074782E-1,-7.474136353E-2,-1.528739929E-2
2.870771720E-1,-1.557887197E-1,-9.618377686E-2,-2.678213120E-1
2.950723000E-1,-1.158895195E-1,-1.144556999E-1,-3.270888329E-1
3.030678900E-1,-5.860146880E-2,-1.609210968E-1,-2.054419518E-1
3.110956340E-1,-3.822478652E-2,-1.568217278E-1,-1.156229973E-1
3.190894540E-1,-5.103579164E-2,-9.315252304E-2,-5.948162079E-2
3.270853520E-1,-3.909131885E-2,-3.686046600E-2,7.081794739E-2
3.350807880E-1,-1.505017877E-1,4.538536072E-2,1.051578522E-1
3.430761480E-1,-2.957862020E-1,8.389568329E-2,7.930564880E-2
3.510717370E-1,-3.497919738E-1,1.359610558E-1,5.781221390E-2
3.590674040E-1,-3.184352517E-1,1.490473747E-1,6.466817856E-2
3.670944550E-1,-2.751921117E-1,1.469750404E-1,8.052444458E-2
3.750895070E-1,-1.764335036E-1,8.239603043E-2,6.737184525E-2
3.830849430E-1,-1.069236398E-1,1.582717896E-2,1.129198074E-2
3.910827640E-1,-7.340490818E-2,-4.057884216E-2,-2.051115036E-2
3.990759690E-1,-5.762469769E-2,-2.218055725E-2,-9.737491608E-2
4.070715590E-1,1.541388035E-2,2.763175964E-2,-1.213159561E-1
4.150678410E-1,1.787526309E-1,1.042079926E-1,-1.688685417E-1
4.230937390E-1,3.096249700E-1,2.219419479E-1,-2.137203217E-1
4.310890210E-1,2.453504801E-1,3.685216904E-1,-1.196651459E-1
4.390840730E-1,3.572094440E-2,4.279246330E-1,5.029296875E-2
4.470798170E-1,-1.754111052E-1,3.939514160E-1,2.712450027E-1
4.550757140E-1,-3.033501506E-1,3.282375336E-1,3.057308197E-1
4.630713810E-1,-3.435608745E-1,3.016295433E-1,3.923583031E-1
4.710688940E-1,-2.953203917E-1,2.786836624E-1,3.853511810E-1
4.790937920E-1,-2.378216386E-1,2.235369682E-1,2.769260406E-1
4.870886120E-1,-1.679633856E-1,1.807804108E-1,1.735024452E-1
4.950833560E-1,-1.600418091E-1,1.623172760E-1,-2.360391617E-2
5.030795610E-1,-1.320477724E-1,1.544113159E-1,-1.845521927E-1
5.110749980E-1,-8.516293764E-2,1.285638809E-1,-3.401718140E-1
5.190706640E-1,5.800366402E-3,1.508932114E-1,-4.503827095E-1
5.270660230E-1,9.610766172E-2,2.393155098E-1,-4.634366035E-1
5.350927670E-1,1.092884541E-1,3.209328651E-1,-3.370809555E-1
5.430877420E-1,1.135910153E-1,2.709002495E-1,-1.339516640E-1
5.510849470E-1,3.356617689E-2,1.088991165E-1,-2.162933350E-3
5.590791520E-1,-1.618494391E-1,2.789974213E-3,1.159744263E-1
5.670750490E-1,-4.661751986E-1,-4.780292511E-2,2.275066376E-1
5.750711010E-1,-7.236404419E-1,-4.199075699E-2,2.332863808E-1
5.830658460E-1,-7.707387805E-1,-5.566453934E-2,3.118319511E-1
5.910919730E-1,-6.406288147E-1,-1.161870956E-1,2.630114555E-1
5.990876410E-1,-4.406142235E-1,-1.955299377E-1,2.051143646E-1
6.070829990E-1,-2.211370468E-1,-2.447128296E-1,-7.274627686E-3
6.150788980E-1,4.884362221E-3,-2.705860138E-1,-2.040171623E-1
6.230737180E-1,1.163711548E-1,-3.191871643E-1,-3.375840187E-1
6.310718470E-1,2.417228818E-1,-4.039082527E-1,-3.922429085E-1
6.390659740E-1,2.684824467E-1,-4.949827194E-1,-3.838596344E-1
6.470914110E-1,2.286979556E-1,-6.024594307E-1,-3.899736404E-1
6.550871540E-1,2.339932323E-1,-6.634063721E-1,-3.167266846E-1
6.630831290E-1,2.517345548E-1,-7.080011368E-1,-3.693766594E-1
6.710781800E-1,3.667795658E-1,-8.343005180E-1,-1.382966042E-1
6.790740780E-1,4.686782360E-1,-9.490957260E-1,3.053803444E-1
6.870703600E-1,4.807882309E-1,-9.208874702E-1,2.797865868E-1
6.950651040E-1,3.979546428E-1,-8.986396790E-1,-6.492614746E-3
7.030909240E-1,2.417690754E-1,-8.894371986E-1,-1.144337654E-1
7.110881300E-1,4.389548302E-2,-8.223452568E-1,-8.770322800E-2
7.190826430E-1,-6.089448929E-2,-7.795624733E-1,3.060817719E-3
7.270779250E-1,-3.123238087E-1,-6.865310669E-1,-8.916616440E-2
7.350732850E-1,-5.414652824E-1,-5.537137985E-1,-2.246980667E-1
7.430692590E-1,-7.160129547E-1,-3.694276810E-1,-4.501514435E-1
7.510646190E-1,-7.954870462E-1,-2.282357216E-1,-4.992227554E-1
7.590908240E-1,-9.521996975E-1,-1.557359695E-1,-3.112821579E-1
7.670864910E-1,-1.227232575E0,-1.000552177E-1,2.255277634E-1
7.750823880E-1,-9.983397722E-1,-5.482244492E-2,1.500358582E-1
7.830781320E-1,-2.518045902E-1,-8.089447021E-2,1.302213669E-1
7.910749520E-1,4.189252853E-1,-1.094260216E-1,-1.751451492E-1
7.990696970E-1,9.086875319E-1,-1.150836945E-1,-5.799655914E-1
8.070635170E-1,1.055216312E0,-9.979295731E-2,-8.726196289E-1
8.150894150E-1,1.143836617E0,-9.748697281E-2,-9.941358566E-1
8.230860040E-1,1.276764154E0,-1.237325668E-1,-1.039851665E0
8.310815950E-1,1.354394078E0,-1.691184044E-1,-1.021645069E0
8.390772610E-1,1.163557649E0,-2.768297195E-1,-8.969807625E-1
8.470720050E-1,8.400021195E-1,-3.514537811E-1,-9.703502655E-1
8.550676730E-1,4.665595293E-1,-5.240774155E-1,-7.893252373E-1
8.630639540E-1,2.028428316E-1,-8.396220207E-1,-5.215554237E-1
8.710910820E-1,2.386925220E-1,-1.147491455E0,-1.274232864E-1
8.790855190E-1,2.958688736E-1,-1.165442944E0,-4.709887505E-1
8.870814940E-1,2.248768806E-1,-1.015049934E0,-5.955834389E-1
8.950765450E-1,1.323584318E-1,-8.295588493E-1,-4.351296425E-1
9.030724430E-1,4.787147045E-2,-7.677774429E-1,-2.872905731E-1
9.110650320E-1,7.094407082E-2,-7.186164856E-1,-2.639122009E-1
9.190634690E-1,1.268510818E-1,-6.612148285E-1,-2.838325500E-2
9.270893660E-1,2.045794725E-1,-6.175308228E-1,1.167263985E-1
9.350853410E-1,1.933515072E-1,-5.105805397E-1,1.931171417E-1
9.430806230E-1,-6.976354122E-2,-2.519855499E-1,2.871928215E-1
9.510753670E-1,-3.801099062E-1,-7.879781723E-2,4.071207047E-1
9.590719560E-1,-5.726076365E-1,-3.464889526E-2,3.179259300E-1
9.670680080E-1,-6.416704655E-1,7.744789124E-3,2.013955116E-1
9.750627510E-1,-6.601848602E-1,2.571058273E-2,3.095383644E-1
9.830891880E-1,-6.410495043E-1,8.814620972E-2,4.619383812E-1
9.910866240E-1,-5.775501728E-1,2.328548431E-1,3.298749924E-1
9.990805220E-1,-4.019702673E-1,3.720574379E-1,-4.792213440E-3
1.007076188E0,-1.313139200E-1,5.189347267E-1,-1.822571754E-1
1.015071471E0,2.456722260E-1,6.031117439E-1,-1.777567863E-1
1.023067215E0,3.268759251E-1,5.390634537E-1,-1.580905914E-1
1.031095112E0,2.696975470E-1,4.178805351E-1,1.122369766E-1
1.039088933E0,-3.865909576E-2,3.922610283E-1,2.934331894E-1
1.047083676E0,-5.048574209E-1,4.180531502E-1,4.264268875E-1
1.055080344E0,-1.093192816E0,3.531432152E-1,7.801961899E-1
1.063075933E0,-1.449454546E0,1.148886681E-1,1.166762829E0
1.071073831E0,-1.691746831E0,-1.554369926E-1,1.424750805E0
1.079066728E0,-1.775962114E0,-2.649478912E-1,1.599598885E0
1.087061703E0,-1.833295345E0,-2.942276001E-1,1.602456570E0
1.095088447E0,-1.975126982E0,-7.046651840E-2,1.003445625E0
1.103083806E0,-1.800833702E0,1.872863770E-1,3.798241615E-1
1.111081011E0,-1.018125534E0,2.513718605E-1,-7.148265839E-2
1.119075448E0,-3.288999796E-1,1.617403030E-1,-1.608662605E-1
1.127070191E0,-2.064919472E-1,5.623626709E-2,-1.249909401E-1
1.135065935E0,-7.435550690E-1,8.287429810E-2,-6.082630157E-2
1.143061602E0,-1.319561005E0,2.043485641E-1,1.738138199E-1
1.151090115E0,-1.692977905E0,2.709531784E-1,3.390765190E-1
1.159083704E0,-1.581218243E0,2.137813568E-1,3.098821640E-1
1.167078449E0,-1.327140331E0,1.753206253E-1,2.360420227E-1
1.175074654E0,-1.228174448E0,1.707749367E-1,1.836171150E-1
1.183070628E0,-1.378045082E0,1.973233223E-1,8.959531784E-2
1.191068219E0,-1.597523451E0,1.709284782E-1,1.421451569E-2
1.199061347E0,-1.584451437E0,1.558446884E-1,-4.427862167E-2
1.207086860E0,-1.527156591E0,1.637721062E-1,-2.213239670E-1
1.215083219E0,-1.431742430E0,1.708002090E-1,-3.415241241E-1
1.223078886E0,-1.219370604E0,2.366671562E-1,-3.306879997E-1
1.231075783E0,-9.935297966E-1,2.795758247E-1,-1.784138680E-1
1.239069527E0,-8.590533733E-1,3.543438911E-1,-1.395559311E-1
1.247065194E0,-7.472417355E-1,4.730920792E-1,-2.586526871E-1
1.255091323E0,-5.062940121E-1,5.663523674E-1,-3.221101761E-1
1.263087297E0,-3.406786919E-2,7.295918465E-1,-5.362529755E-1
1.271084810E0,2.479937077E-1,8.533358574E-1,-5.844187737E-1
1.279078938E0,2.867062092E-1,8.662953377E-1,-2.789673805E-1
1.287073990E0,-1.055319309E-1,8.733539581E-1,-7.006120682E-2
1.295069733E0,-7.389912605E-1,9.205484390E-1,-1.675224304E-2
1.303065324E0,-1.221176386E0,9.271678925E-1,1.692090034E-1
1.311092144E0,-1.180383682E0,8.867907524E-1,1.480908394E-1
1.319087119E0,-7.397341728E-1,8.507008553E-1,1.298918724E-1
1.327082248E0,-3.277134895E-1,8.989682198E-1,3.274869919E-2
1.335077529E0,-4.233908653E-2,9.400568008E-1,3.896951675E-2
1.343072966E0,1.790516376E-1,1.017508507E0,-4.831981659E-2
1.351069786E0,2.617664337E-1,1.103565216E0,-1.802353859E-1
1.359064300E0,7.713460922E-2,1.127683163E0,-2.182536125E-1
1.367090350E0,-1.081073284E-1,8.952546120E-1,5.452013016E-2
1.375086095E0,-4.072237015E-2,6.655435562E-1,3.593611717E-1
1.383081453E0,1.710557938E-1,5.462317467E-1,5.836753845E-1
1.391079198E0,2.179703712E-1,5.431675911E-1,5.862040520E-1
1.399072479E0,7.240867615E-2,5.854520798E-1,4.498195648E-1
1.407067839E0,8.061313629E-2,5.038838387E-1,4.179534912E-1
1.415064659E0,2.673158646E-1,3.783917427E-1,3.865776062E-1
1.423090173E0,5.112307072E-1,3.134813309E-1,3.297166824E-1
1.431087762E0,7.260689735E-1,2.571825981E-1,3.268728256E-1
1.439080891E0,9.267549515E-1,1.622953415E-1,2.975702286E-1
1.447076865E0,1.012124300E0,1.317300797E-1,2.811822891E-1
1.455072301E0,9.911491871E-1,5.694580078E-2,3.020253181E-1
1.463068276E0,8.576946259E-1,-7.456922531E-2,3.267269135E-1
1.471065404E0,7.219753265E-1,-2.176814079E-1,3.573741913E-1
1.479090302E0,5.824134350E-1,-3.799591064E-1,4.859442711E-1
1.487085123E0,5.421798229E-1,-5.183029175E-1,6.344304085E-1
1.495080405E0,5.998146534E-1,-5.899915695E-1,6.705975533E-1
1.503076072E0,5.875999928E-1,-6.218075752E-1,6.385998726E-1
1.511073047E0,5.758154392E-1,-6.955070496E-1,6.415925026E-1
1.527063073E0,6.645865440E-1,-7.649335861E-1,4.922108650E-1
1.535089508E0,8.052031994E-1,-7.868275642E-1,4.616670609E-1
1.543085176E0,8.569247723E-1,-8.484458923E-1,4.246940613E-1
1.551082150E0,7.981984615E-1,-8.726744652E-1,2.189402580E-1
1.559075355E0,7.278823853E-1,-8.664789200E-1,8.444786072E-2
1.567071560E0,7.222635746E-1,-8.898620605E-1,3.524684906E-2
1.575067227E0,7.604320049E-1,-8.702874184E-1,-2.963542938E-2
1.583062895E0,7.405290604E-1,-8.238344193E-1,-1.055498123E-1
1.591091561E0,7.245497704E-1,-7.669520378E-1,-1.755614281E-1
1.599084689E0,6.773400307E-1,-6.564264297E-1,-3.156628609E-1
1.607080049E0,5.837750435E-1,-6.100621223E-1,-3.552861214E-1
1.615075485E0,6.075050831E-1,-5.804467201E-1,-4.044651985E-1
1.623071767E0,6.028134823E-1,-5.175838470E-1,-4.273204803E-1
1.631068665E0,5.720949173E-1,-4.410500526E-1,-4.457669258E-1
1.639062793E0,4.922952652E-1,-3.466310501E-1,-4.765625000E-1
1.647088537E0,3.844962120E-1,-2.192039490E-1,-5.488762856E-1
1.655083665E0,2.989604473E-1,-1.357674599E-1,-5.419282913E-1
1.663079948E0,2.626972198E-1,-8.337116241E-2,-5.516095161E-1
1.671077460E0,1.942036152E-1,7.513999939E-3,-5.970931053E-1
1.679071281E0,1.577348709E-1,1.298427582E-2,-6.469335556E-1
1.687066332E0,1.417624950E-1,1.946258545E-2,-7.270126343E-1
1.695062000E0,1.583285332E-1,6.072473526E-2,-7.412834167E-1
1.703088051E0,9.926891327E-2,5.314111710E-2,-7.305226326E-1
1.711085564E0,-4.685091972E-2,6.127166748E-2,-6.849226952E-1
1.719079384E0,-1.489524841E-1,3.754138947E-2,-5.781717300E-1
1.727074205E0,-2.508714199E-1,3.426170349E-2,-4.972333908E-1
1.735070795E0,-3.468570709E-1,3.786563873E-3,-3.948149681E-1
1.743066077E0,-4.543681145E-1,-1.368665695E-2,-2.335314751E-1
1.751063360E0,-5.945389271E-1,-3.248691559E-2,-1.376128197E-1
1.759087027E0,-7.230002880E-1,-9.385108948E-2,3.290176392E-3
1.767083617E0,-7.764813900E-1,-2.128415108E-1,1.579608917E-1
1.775079283E0,-7.664074898E-1,-3.295817375E-1,1.912331581E-1
1.783073951E0,-7.578666210E-1,-4.290394783E-1,2.696328163E-1
1.791071155E0,-7.343204021E-1,-4.650921822E-1,2.571725845E-1
1.799065361E0,-7.192661762E-1,-4.827752113E-1,2.263979912E-1
1.807060951E0,-7.091922760E-1,-4.079957008E-1,1.826543808E-1
1.815088002E0,-6.533150673E-1,-3.221879005E-1,1.741023064E-1
1.823083053E0,-5.994074345E-1,-2.111301422E-1,1.647534370E-1
1.831079952E0,-5.576741695E-1,-1.296720505E-1,1.472535133E-1
1.839073233E0,-5.145623684E-1,-5.385971069E-2,1.402420998E-1
1.847069824E0,-5.112190247E-1,-3.638648987E-2,1.362166405E-1
1.855065182E0,-4.521846771E-1,2.566385269E-2,1.085948944E-1
1.863060234E0,-3.639392853E-1,1.204428673E-1,6.697702408E-2
1.871088208E0,-2.588305473E-1,1.860337257E-1,-1.727485657E-2
1.879082029E0,-1.790218353E-1,3.184599876E-1,-1.385097504E-1
1.887078542E0,-1.185340881E-1,4.577302933E-1,-2.338380814E-1
1.895073363E0,-5.024385452E-2,5.083160400E-1,-3.240485191E-1
1.903068953E0,6.264543533E-2,5.625057220E-1,-4.303326607E-1
1.911066543E0,1.891589165E-1,6.193013191E-1,-5.120434761E-1
1.919060287E0,2.531390190E-1,6.285834312E-1,-5.926713943E-1
1.927086107E0,2.964799404E-1,6.381759644E-1,-6.978373528E-1
1.935081852E0,2.961194515E-1,6.908516884E-1,-8.081459999E-1
1.943077210E0,3.162829876E-1,7.793641090E-1,-8.736538887E-1
1.951075262E0,3.338820934E-1,8.035182953E-1,-8.782291412E-1
1.959068159E0,3.334553242E-1,7.755136490E-1,-9.300770760E-1
1.967064519E0,3.022215366E-1,7.577033043E-1,-1.022407055E0
1.975059877E0,2.620956898E-1,7.451915741E-1,-1.023364544E0
1.983085929E0,1.780204773E-1,6.852436066E-1,-9.395866394E-1
1.991084057E0,2.113246918E-2,5.893273354E-1,-8.251428604E-1
1.999077263E0,-1.696605682E-1,4.205827713E-1,-5.880737305E-1
2.007072622E0,-3.581383228E-1,2.090249062E-1,-3.594799042E-1
2.015068289E0,-5.414898396E-1,9.036064148E-4,-6.267786026E-2
2.023063726E0,-6.743900776E-1,-1.505985260E-1,2.562680244E-1
2.031060853E0,-7.403562069E-1,-3.549585342E-1,5.522255898E-1
2.039085520E0,-7.782936096E-1,-4.981727600E-1,6.275196075E-1
2.047081802E0,-7.912588120E-1,-6.362447739E-1,8.177561760E-1
2.055076854E0,-4.449191093E-1,-6.735415459E-1,-9.191455841E-1
2.063072136E0,1.668462753E-1,-1.586480141E0,1.939926147E0
2.071069111E0,-1.187626839E0,-1.589151382E0,2.546203136E0
2.079062931E0,-2.520980835E0,-1.563802242E0,2.482964516E0
2.087059137E0,-2.106349945E0,-1.309466839E0,1.834931374E0
2.095085265E0,-5.506248474E-1,-8.864459991E-1,1.503122330E0
2.103080702E0,4.274749756E-2,-7.038073540E-1,1.108927250E0
2.111076983E0,-2.417044640E-1,-5.307497978E-1,6.251568794E-1
2.119071728E0,-5.582547188E-1,-3.686256409E-1,4.011263847E-1
2.127067702E0,-6.072931290E-1,-3.785257339E-1,2.927079201E-1
2.135062753E0,-3.853397369E-1,-5.018234253E-1,1.789698601E-1
2.143058343E0,-2.668757439E-1,-4.786839485E-1,3.742265701E-2
2.151086933E0,-3.625812531E-1,-2.343692780E-1,-4.797124863E-2
2.159080523E0,-3.599138260E-1,2.687883377E-2,-1.010675430E-1
2.167076113E0,-1.525759697E-1,2.495160103E-1,-2.486162186E-1
2.175071241E0,1.558504105E-1,4.629168510E-1,-4.329047203E-1
2.183066601E0,3.543653488E-1,7.041354179E-1,-6.553492546E-1
2.191064422E0,4.944980145E-1,1.009762764E0,-9.072299004E-1
2.199058165E0,5.715472698E-1,1.207568169E0,-1.071039677E0
2.207084371E0,6.888022423E-1,1.359900475E0,-1.266178608E0
2.215080268E0,7.836356163E-1,1.433688641E0,-1.348808765E0
2.223074704E0,7.980360985E-1,1.443645000E0,-1.436268330E0
2.231072909E0,7.577424049E-1,1.423700333E0,-1.495026588E0
2.239066653E0,7.521142960E-1,1.323868752E0,-1.569743633E0
2.247061781E0,7.623071671E-1,1.208509922E0,-1.595845699E0
2.255088833E0,6.740193367E-1,1.123010635E0,-1.553843021E0
2.263083577E0,5.482008457E-1,1.066764832E0,-1.508240223E0
2.271080705E0,3.709352016E-1,1.006329536E0,-1.274257183E0
2.279074526E0,1.625776291E-1,8.456034660E-1,-9.822850227E-1
2.287070578E0,-2.188329697E-1,5.383696556E-1,-5.975971222E-1
2.295066552E0,-4.691858292E-1,2.294802666E-1,-2.530784607E-1
2.303062142E0,-6.001362801E-1,-7.031440735E-2,7.173490524E-2
2.311089578E0,-6.558780670E-1,-3.376865387E-1,3.609457016E-1
2.319083629E0,-7.274122238E-1,-4.825839996E-1,4.913916588E-1
2.327078450E0,-7.621674538E-1,-6.299090385E-1,5.966100693E-1
2.335074655E0,-7.463726997E-1,-7.651410103E-1,6.811399460E-1
2.343069707E0,-6.122384071E-1,-7.886848450E-1,-2.835831642E-1
2.351066912E0,5.491733551E-3,-1.275415421E0,9.827356339E-1
2.359061426E0,-6.554713249E-1,-1.458634377E0,2.139850140E0
2.367087169E0,-2.200469971E0,-1.224609852E0,2.292612076E0
2.375082605E0,-2.372035503E0,-1.161693096E0,1.599050999E0
2.383078810E0,-1.075086594E0,-7.655897141E-1,1.288648129E0
2.391075093E0,-4.084987640E-1,-5.172076225E-1,1.191464424E0
2.399069298E0,-6.150889397E-1,-4.274115562E-1,9.352264404E-1
2.407065196E0,-9.867286682E-1,-2.121720314E-1,7.829127312E-1
2.415060247E0,-8.676972389E-1,-6.412315369E-2,7.491965294E-1
2.423086991E0,-4.280576706E-1,-1.599931717E-2,5.028219223E-1
2.431084273E0,-1.158757210E-1,4.099941254E-2,2.752428055E-1
2.439078632E0,4.369258881E-3,1.694397926E-1,1.148047447E-1
2.447074068E0,3.448152542E-2,3.313894272E-1,-2.747631073E-2
2.455069658E0,7.424259186E-2,4.716663361E-1,-2.295737267E-1
2.463064709E0,1.935081482E-1,5.931010246E-1,-3.805937767E-1
2.471062530E0,2.458615303E-1,6.775245667E-1,-5.372285843E-1
2.479086812E0,2.221999168E-1,7.658700943E-1,-6.223030090E-1
2.487081864E0,2.082085609E-1,8.088164330E-1,-7.022385597E-1
2.495077608E0,2.487916946E-1,8.929448128E-1,-8.105926514E-1
2.503073505E0,3.116564751E-1,9.418458939E-1,-8.833694458E-1
2.511070480E0,3.358130455E-1,9.536018372E-1,-1.004707813E0
2.519064531E0,4.091758728E-1,9.067435265E-1,-1.005030155E0
2.527060583E0,4.643702507E-1,7.774405479E-1,-1.095160961E0
2.535085480E0,5.693972111E-1,6.515355110E-1,-1.248423100E0
2.543081379E0,6.148817539E-1,5.908894539E-1,-1.301862717E0
2.551079199E0,5.445058346E-1,5.659236908E-1,-1.327352524E0
2.559072789E0,3.858237267E-1,4.926834106E-1,-1.290650368E0
2.567067840E0,2.488107681E-1,4.526085854E-1,-1.155894756E0
2.575063430E0,-1.477718353E-3,3.520159721E-1,-9.383754730E-1
2.583059712E0,-1.799836159E-1,2.656621933E-1,-6.800866127E-1
2.591087764E0,-3.992962837E-1,7.806253433E-2,-3.320455551E-1
2.599081277E0,-5.328392982E-1,-6.888628006E-2,5.271434784E-2
2.607076944E0,-5.388450623E-1,-2.181429863E-1,3.408579826E-1
2.615071995E0,-4.085407257E-1,-4.377546310E-1,6.271376610E-1
2.623067585E0,-2.509837151E-1,-6.291408539E-1,7.728128433E-1
2.631065483E0,-1.845736504E-1,-6.883101463E-1,4.519171715E-1
2.639059534E0,2.367939949E-1,-9.610905647E-1,6.990146637E-1
2.647085355E0,1.576056480E-1,-1.352041245E0,2.080721378E0
2.655080791E0,-1.308941364E0,-1.031163216E0,2.269376278E0
2.663076151E0,-1.940895557E0,-1.032130241E0,1.873705387E0
2.671074279E0,-7.802376747E-1,-6.545295715E-1,1.498773098E0
2.679067715E0,-5.214214325E-3,-3.861708641E-1,1.268179893E0
2.687063458E0,-8.473730087E-2,-2.540140152E-1,8.112740517E-1
2.695058741E0,-4.213204384E-1,-1.536545753E-1,6.229586601E-1
2.703084330E0,-4.138507843E-1,-8.894538879E-2,6.939773560E-1
2.711081229E0,-1.350684166E-1,-1.673917770E-1,6.534819603E-1
2.719076279E0,6.871938705E-2,-1.625008583E-1,4.977378845E-1
2.727071562E0,1.406583786E-1,-7.578897476E-2,4.107074738E-1
2.735066998E0,9.548902512E-2,2.080774307E-2,3.111433983E-1
2.743062665E0,1.165027618E-1,1.460933685E-1,1.781144142E-1
2.751060101E0,2.306241989E-1,2.426509857E-1,1.451253891E-2
2.759083845E0,2.967519760E-1,3.211045265E-1,-1.736450195E-1
2.767079742E0,2.781176567E-1,4.303932190E-1,-4.320268631E-1
2.775076025E0,2.361850739E-1,4.989929199E-1,-5.556688309E-1
2.783071154E0,3.102917671E-1,5.673389435E-1,-6.666550636E-1
2.791068897E0,4.159803391E-1,6.307525635E-1,-7.701630592E-1
2.799062180E0,4.374585152E-1,6.488432884E-1,-8.114638329E-1
2.807057846E0,4.227252007E-1,5.618357658E-1,-9.292688370E-1
2.815084205E0,3.909440041E-1,4.825439453E-1,-9.892153740E-1
2.823079872E0,3.490610123E-1,4.444828033E-1,-1.044152737E0
2.831076847E0,3.131384850E-1,4.288802147E-1,-1.130097389E0
2.839070052E0,3.024277687E-1,4.450492859E-1,-1.218505383E0
2.847066565E0,3.261108398E-1,4.925727844E-1,-1.228664398E0
2.855062539E0,3.002843857E-1,4.778175354E-1,-1.187230110E0
2.863057591E0,2.249326706E-1,4.556984901E-1,-1.075187206E0
2.871085334E0,7.230901718E-2,3.448410034E-1,-9.252882004E-1
2.879078540E0,-1.207389832E-1,2.454323769E-1,-6.677899361E-1
2.887074206E0,-2.504334450E-1,8.714103699E-2,-3.724417686E-1
2.895070181E0,-2.472453117E-1,-8.071708679E-2,-1.479225159E-1
2.903065771E0,-2.494025230E-1,-2.158222198E-1,4.849863052E-2
2.911062746E0,-2.449049950E-1,-2.764544487E-1,1.938066483E-1
2.919056875E0,-2.459535599E-1,-3.900456429E-1,3.398990631E-1
2.927083849E0,-2.854070663E-1,-4.685263634E-1,4.675016403E-1
2.935079208E0,-2.617483139E-1,-4.061999321E-1,-4.714560509E-1
2.943074336E0,1.865806580E-1,-8.845033646E-1,1.183088779E0
2.951071850E0,-3.171439171E-1,-8.557891846E-1,1.787488937E0
2.959065362E0,-1.492175579E0,-6.817812920E-1,1.721319675E0
2.967061260E0,-1.630108833E0,-5.853137970E-1,1.229962826E0
2.975056927E0,-7.700791359E-1,-2.146835327E-1,1.132287025E0
2.983083132E0,-1.474828720E-1,-1.472759247E-1,9.871830940E-1
2.991079722E0,-2.134003639E-1,-1.404633522E-1,7.277998924E-1
2.999073851E0,-3.830261230E-1,1.802778244E-2,5.757241249E-1
3.007069209E0,-3.371920586E-1,7.820320129E-2,5.472068787E-1
3.015066107E0,-1.282768250E-1,3.641557693E-2,3.642458916E-1
3.023060774E0,8.271074295E-2,1.886129379E-2,2.706861496E-1
3.031058980E0,1.291112900E-1,7.191991806E-2,1.969614029E-1
3.039081723E0,5.022954941E-2,1.807041168E-1,1.336512566E-1
3.047077621E0,-1.323080063E-2,2.513718605E-1,3.372430801E-2
3.055073595E0,6.644058228E-2,2.915039062E-1,-9.701681137E-2
3.063068647E0,1.213173866E-1,3.355150223E-1,-2.315535545E-1
3.071066160E0,1.084547043E-1,4.054169655E-1,-3.142428398E-1
3.079060288E0,1.097335815E-1,4.797005653E-1,-3.686614037E-1
3.087055417E0,1.442556381E-1,5.250554085E-1,-4.449276924E-1
3.095082468E0,2.142381668E-1,5.581622124E-1,-5.001721382E-1
3.103077212E0,2.212824821E-1,5.478167534E-1,-5.394439697E-1
3.111074648E0,1.678743362E-1,5.080194473E-1,-5.917892456E-1
3.119068469E0,1.564402580E-1,4.435930252E-1,-5.905170441E-1
3.127064443E0,2.343387604E-1,4.217476845E-1,-6.507506371E-1
3.135059803E0,3.654732704E-1,4.403529167E-1,-7.555885315E-1
3.143054854E0,4.354896545E-1,4.252500534E-1,-8.255352974E-1
3.151083136E0,3.592195511E-1,4.099197388E-1,-8.311562538E-1
3.159077033E0,2.384467125E-1,3.510322571E-1,-7.885508537E-1
3.167072701E0,1.379852295E-1,3.536281586E-1,-6.260704994E-1
3.175068367E0,3.565740585E-2,2.332110405E-1,-4.448566437E-1
3.183064034E0,-1.240625381E-1,5.867433548E-2,-3.224000931E-1
3.191061239E0,-2.976989746E-1,-7.515430450E-2,-1.660318375E-1
3.199085445E0,-3.313851357E-1,-1.430006027E-1,-5.062866211E-2
3.207080496E0,-2.901229858E-1,-1.739621162E-1,4.469585419E-2
3.215076548E0,-2.767004967E-1,-1.753330231E-1,5.289030075E-2
3.223072215E0,-2.381935120E-1,-1.707897186E-1,3.186702728E-2
3.231069343E0,-1.628522873E-1,-1.454248428E-1,-2.993106842E-2
3.239063241E0,-1.132135391E-1,-1.181292534E-1,-4.624700546E-2
3.247058907E0,-1.269168854E-1,-1.125397682E-1,-2.149796486E-1
3.255054882E0,5.067253113E-2,-2.275166512E-1,-4.540200233E-1
3.263080933E0,-6.945133209E-3,-4.564585686E-1,4.315347672E-1
3.271078447E0,-7.263340950E-1,-3.747539520E-1,8.588795662E-1
3.279072036E0,-1.011340141E0,-3.854279518E-1,4.897522926E-1
3.287067396E0,-3.770627975E-1,-1.796579361E-1,2.811784744E-1
3.295063370E0,1.515851021E-1,-1.856803894E-2,1.960163116E-1
3.303058730E0,2.897100449E-1,-1.884651184E-2,1.415886879E-1
3.311086396E0,1.080899239E-1,2.676868439E-2,1.290998459E-1
3.319079602E0,-6.554126740E-2,5.726003647E-2,1.899552345E-1
3.327075883E0,-1.984505653E-1,1.433372498E-2,3.490095139E-1
3.335071243E0,-2.000899315E-1,-8.956336975E-2,4.610610008E-1
3.343067140E0,-1.182456017E-1,-1.412553787E-1,5.107679367E-1
3.351064654E0,-6.308555603E-3,-1.120080948E-1,5.071983337E-1
3.359058782E0,1.227278709E-1,-6.684398651E-2,4.820790291E-1
3.367084680E0,3.209867477E-1,-5.860614777E-2,4.078531265E-1
3.375079347E0,4.038043022E-1,-1.111450195E-1,3.579554558E-1
3.383075629E0,3.127398491E-1,-1.956057549E-1,4.101529121E-1
3.391072834E0,8.786678314E-2,-2.642097473E-1,4.554624557E-1
3.399066962E0,-9.363317490E-2,-2.550597191E-1,4.695720673E-1
3.407061783E0,-2.522139549E-1,-2.663240433E-1,4.659276009E-1
3.415057757E0,-3.586463928E-1,-2.882852554E-1,4.696598053E-1
3.423083886E0,-4.025354385E-1,-3.370575905E-1,3.247056007E-1
3.431080476E0,-3.828811646E-1,-3.260231018E-1,1.382417679E-1
3.439074220E0,-3.482913971E-1,-2.814722061E-1,8.217239380E-2
3.447070194E0,-2.087554932E-1,-2.730245590E-1,1.220550537E-1
3.455066784E0,-1.288695335E-1,-2.769193649E-1,1.097021103E-1
3.463061528E0,-9.500598907E-2,-2.333164215E-1,7.503604889E-2
3.471059118E0,-9.387016296E-2,-1.327219009E-1,1.027464867E-1
3.479083631E0,-1.317253113E-1,-1.576900482E-3,1.311483383E-1
3.487078759E0,-1.701941490E-1,1.172413826E-1,2.275662422E-1
3.495074349E0,-2.746596336E-1,1.642765999E-1,2.889275551E-1
3.503070401E0,-3.882875443E-1,1.991586685E-1,2.498993874E-1
3.511067607E0,-4.444899559E-1,2.191262245E-1,2.845492363E-1
3.519061427E0,-4.294028282E-1,2.259545326E-1,3.200526237E-1
3.527056786E0,-3.462753296E-1,2.102670670E-1,2.314953804E-1
3.535082914E0,-1.876444817E-1,2.876343727E-1,4.848670959E-2
3.543078505E0,3.480434418E-2,3.418884277E-1,-1.629486084E-1
3.551075709E0,2.404675484E-1,2.903146744E-1,-3.412775993E-1
3.559069838E0,4.276280403E-1,2.313518524E-1,-4.665937424E-1
3.567064966E0,4.706325531E-1,2.335925102E-1,-5.053234100E-1
3.575060633E0,4.192833900E-1,2.156400681E-1,-5.535821915E-1
3.583056223E0,2.408103943E-1,1.658487320E-1,-4.997372627E-1
3.591083659E0,1.107497215E-1,5.500888824E-2,-3.359122276E-1
3.599078095E0,5.344772339E-2,-6.195592880E-2,-1.954293251E-1
3.607073455E0,5.722761154E-2,-1.253018379E-1,-2.730226517E-2
3.615069044E0,1.198568344E-1,-1.229796410E-1,-5.397939682E-2
3.623064711E0,1.615128517E-1,-9.083127975E-2,-1.281509399E-1
3.631061608E0,2.021970749E-1,-4.357099533E-2,-1.759223938E-1
3.639056122E0,1.848139763E-1,-2.502870560E-2,-1.672658920E-1
3.647081942E0,1.876444817E-1,-1.141643524E-2,-1.945042610E-1
3.655077532E0,2.343764305E-1,-2.668190002E-2,-1.213798523E-1
3.663072661E0,1.782350540E-1,-7.801008224E-2,-3.701543808E-2
3.671070789E0,1.045842171E-1,-1.057744026E-1,4.098939896E-2
3.679064610E0,7.912635803E-3,-8.864879608E-2,4.485034943E-2
3.687060200E0,-1.240396500E-2,-6.704854965E-2,2.666616440E-2
3.695055329E0,4.253435135E-2,-9.326696396E-2,3.388738632E-2
3.703081457E0,1.091856956E-1,-1.092057228E-1,1.832914352E-2
3.711079508E0,1.893906593E-1,-3.572273254E-2,-2.985668182E-2
3.719072175E0,2.500090599E-1,4.337978363E-2,-5.292654037E-2
3.727068688E0,3.185172081E-1,7.276535034E-2,2.391433716E-2
3.735064047E0,2.384366989E-1,6.559371948E-3,1.056370735E-1
3.743059791E0,1.840119362E-1,-2.419281006E-2,1.211252213E-1
3.751056919E0,1.416268349E-1,-1.496791840E-2,1.376829147E-1
3.759081279E0,7.754850388E-2,-3.753805161E-2,1.647768021E-1
3.767077176E0,4.155206680E-2,-1.300201416E-1,1.902570724E-1
3.775072305E0,1.140356064E-2,-1.391811371E-1,1.585659981E-1
3.783068279E0,6.566047668E-4,-9.340190887E-2,6.947088242E-2
3.791064869E0,2.316236496E-2,-7.868432999E-2,4.010629654E-2
3.799058998E0,9.085655212E-3,-9.743976593E-2,7.016563416E-2
3.807054280E0,-4.131984711E-2,-8.044052124E-2,7.822990417E-2
3.815080485E0,-2.046394348E-2,-6.356096268E-2,1.001462936E-1
3.823076382E0,-1.460504532E-2,-5.885791779E-2,1.190237999E-1
3.831073281E0,-2.651309967E-2,-1.536846161E-3,2.089662552E-1
3.839067485E0,-6.595277786E-2,4.119634628E-2,2.427940369E-1
3.847063460E0,-5.372524261E-2,5.985450745E-2,2.446713448E-1
3.855058742E0,-3.471422195E-2,5.663776398E-2,1.645684242E-1
3.863054179E0,-5.340576172E-3,9.948253632E-3,1.181902885E-1
3.871082460E0,-2.255678177E-2,-3.690767288E-2,5.820751190E-2
3.879076282E0,-5.557203293E-2,7.271766663E-3,-1.061344147E-2
3.887071025E0,-7.857656479E-2,4.676580429E-2,4.774570465E-3
3.895067538E0,-5.649185181E-2,8.656597137E-2,-6.145000458E-3
3.903062051E0,-3.314113617E-2,9.086799622E-2,-6.780624390E-4
3.911059487E0,-3.013134003E-2,1.219696999E-1,-4.824638367E-2
3.919053924E0,2.211809158E-2,1.463799477E-1,-3.140163422E-2
3.927080129E0,9.773635864E-2,1.231474876E-1,-1.230573654E-2
3.935075718E0,9.888172150E-2,1.026258469E-1,9.330272675E-3
3.943070847E0,5.724859238E-2,1.179785728E-1,7.426214218E-2
3.951068591E0,-3.831815720E-2,1.303658485E-1,5.564308167E-2
3.959062796E0,-5.639886856E-2,1.709785461E-1,1.799440384E-2
3.967057463E0,-5.474233627E-2,1.584277153E-1,-1.970958710E-2
3.975053514E0,1.194858551E-2,1.650795937E-1,-1.049752235E-1
3.983079643E0,5.466794968E-2,2.318162918E-1,-1.756644249E-1
3.991077079E0,4.696512222E-2,2.796778679E-1,-2.342066765E-1
3.999071284E0,5.178213120E-2,3.063464165E-1,-3.375229836E-1
4.007066643E0,1.427211761E-1,3.387451172E-1,-3.633742332E-1
4.015062233E0,2.185583115E-1,3.338794708E-1,-4.102749825E-1
4.023057592E0,2.957086563E-1,3.589639664E-1,-4.280061722E-1
4.031054490E0,3.262801170E-1,3.996720314E-1,-4.380874634E-1
4.039078849E0,3.320527077E-1,4.320783615E-1,-5.049853325E-1
4.047074516E0,3.234949112E-1,4.798641205E-1,-5.325789452E-1
4.055070106E0,2.844543457E-1,4.756455421E-1,-5.016407967E-1
4.063065465E0,2.081232071E-1,4.958148003E-1,-5.078988075E-1
4.071062439E0,1.777186394E-1,5.141587257E-1,-5.372605324E-1
4.079056568E0,1.733927727E-1,5.452141762E-1,-6.019878387E-1
4.087052851E0,1.847934723E-1,5.583314896E-1,-6.542530060E-1
4.095078902E0,2.019653320E-1,5.394234657E-1,-6.389660835E-1
4.103074954E0,2.250399590E-1,5.506830215E-1,-6.542410851E-1
4.111071851E0,2.543759346E-1,5.777492523E-1,-7.237658501E-1
4.119065672E0,3.021411896E-1,5.921902657E-1,-8.135919571E-1
4.127060723E0,3.565025330E-1,6.015248299E-1,-8.370947838E-1
4.135056621E0,4.245483875E-1,6.442294121E-1,-9.066710472E-1
4.143052903E0,4.749715328E-1,6.774902344E-1,-9.646711349E-1
4.151079955E0,5.553753376E-1,7.277345657E-1,-1.085371017E0
4.159074390E0,6.368427277E-1,8.028135300E-1,-1.251420498E0
4.167069442E0,9.578859806E-1,8.704748154E-1,-2.594530344E0
4.175064801E0,1.615820408E0,5.221762657E-1,-1.553237438E0
4.183060160E0,1.246161699E0,5.986204147E-1,-1.086831093E0
4.191057673E0,2.407977581E-1,5.650515556E-1,-7.839994431E-1
4.199082263E0,-2.657799721E-1,5.274310112E-1,-8.049044609E-1
4.207077930E0,-2.633810043E-3,5.092887878E-1,-7.028832436E-1
4.215073982E0,3.590414524E-1,4.080338478E-1,-5.753560066E-1
4.223068725E0,2.684900761E-1,1.877975464E-1,-5.147771835E-1
4.231066469E0,-2.331852913E-1,-2.191839218E-1,-3.932490349E-1
4.239059444E0,-6.946675777E-1,-6.713719368E-1,-1.767759323E-1
4.247055726E0,-1.058760881E0,-9.931735992E-1,2.074112892E-1
4.255051009E0,-1.279227257E0,-1.212875843E0,5.635809898E-1
4.263077136E0,-1.470135927E0,-1.208004475E0,5.122413635E-1
4.271075265E0,-1.103366613E0,-2.035580158E0,2.094408989E0
4.279068470E0,-2.239255190E0,-3.408990860E0,5.190988064E0
4.287063907E0,-4.471155167E0,-2.573945522E0,3.760886192E0
4.295059804E0,-3.564085245E0,-8.051161766E-1,2.803835869E0
4.303054856E0,-1.141441822E0,1.452302933E-2,2.017861843E0
4.311082599E0,7.969686985E-1,9.796571732E-2,1.723500252E0
4.319077035E0,1.051864624E0,3.859901428E-2,1.554713726E0
4.327072086E0,5.019299984E-1,2.243442535E-1,1.289500237E0
4.335068677E0,2.975063324E-1,5.344920158E-1,8.745293617E-1
4.343063420E0,5.528926849E-1,5.908846855E-1,7.181372643E-1
4.351060318E0,9.771149158E-1,3.385982513E-1,4.830212593E-1
4.359054985E0,1.048582792E0,1.146922112E-1,2.572822571E-1
4.367080806E0,9.283108711E-1,1.201772690E-1,-4.740257263E-1
4.375077164E0,9.401981831E-1,3.342919350E-1,-5.608735085E-1
4.383072524E0,4.034712315E-1,2.979984283E-1,5.564117432E-2
4.391069730E0,-2.051737309E-1,3.435516357E-2,3.196187019E-1
4.399063242E0,-2.836551666E-1,-2.232680321E-1,2.825007439E-1
4.407058910E0,-2.134106159E-1,-5.817437172E-1,4.251146317E-1
4.415054807E0,-1.492073536E-1,-8.116397858E-1,4.497857094E-1
4.423080628E0,-1.043272018E-1,-8.911185265E-1,4.243068695E-1
4.431076986E0,2.850556374E-2,-7.875556946E-1,4.240159988E-1
4.439071346E0,8.681797981E-2,-6.728014946E-1,4.433946609E-1
4.447067012E0,-2.367925644E-2,-6.446237564E-1,4.344077110E-1
4.455062449E0,-1.584827900E-1,-6.291666031E-1,3.924241066E-1
4.463058423E0,-2.405436039E-1,-5.662736893E-1,2.965097427E-1
4.471055013E0,-2.537472248E-1,-4.386520386E-1,2.378106117E-1
4.479080526E0,-2.878711224E-1,-3.538308144E-1,1.822791100E-1
4.487075809E0,-3.756120205E-1,-3.385047913E-1,2.099165916E-1
4.495070936E0,-4.253306389E-1,-3.165321350E-1,2.544536591E-1
4.503066527E0,-5.186848640E-1,-3.075113297E-1,2.793354988E-1
4.511063809E0,-5.616712570E-1,-2.639641762E-1,2.510294914E-1
4.519057937E0,-5.150840282E-1,-2.314081192E-1,2.993936539E-1
4.527054451E0,-3.968153000E-1,-1.982865334E-1,2.404828072E-1
4.535080040E0,-2.711288929E-1,-1.857509613E-1,2.665119171E-1
4.543075708E0,-1.548960209E-1,-9.982442856E-2,1.913094521E-1
4.551072605E0,-9.552526474E-2,-4.795360565E-2,1.423931122E-1
4.559066426E0,-4.706287384E-2,8.518075943E-2,1.204652786E-1
4.567062631E0,-2.139520645E-2,2.281341553E-1,5.893135071E-2
4.575057760E0,-9.502029419E-2,2.711563110E-1,5.161905289E-2
4.583053426E0,-1.889262199E-1,2.523798943E-1,1.031322479E-1
4.591081632E0,-3.082098961E-1,2.526822090E-1,1.792211533E-1
4.599075221E0,-3.884134293E-1,2.260150909E-1,2.145709991E-1
4.607070888E0,-4.510855675E-1,2.388052940E-1,1.798543930E-1
4.615066555E0,-3.578157425E-1,2.193479538E-1,1.012578011E-1
4.623062145E0,-1.916503906E-1,2.091169357E-1,1.077876091E-1
4.631058504E0,-1.064968109E-1,1.846685410E-1,7.739305496E-2
4.639052940E0,-5.567646027E-2,1.966753006E-1,-6.300306320E-2
4.647079068E0,-9.558677673E-3,1.998777390E-1,-1.306581497E-1
4.655074120E0,1.155519485E-2,1.871051788E-1,-2.827901840E-1
4.663069710E0,4.362821579E-2,1.131291389E-1,-2.749209404E-1
4.671066992E0,2.543401718E-2,5.940389633E-2,-2.180299759E-1
4.679061044E0,-5.096483231E-2,7.114601135E-2,-1.655488014E-1
4.687057403E0,-8.062458038E-2,8.361005783E-2,-1.705102921E-1
4.695052147E0,-8.229923248E-2,5.837965012E-2,-1.537637711E-1
4.703078583E0,-6.778764725E-2,4.778718948E-2,-1.059432030E-1
4.711075173E0,-1.036839485E-1,1.788377762E-2,-4.632520676E-2
4.719069916E0,-1.034216881E-1,1.152038574E-2,-8.408069611E-3
4.727065199E0,-1.409282684E-1,1.651859283E-2,3.414821625E-2
4.735060635E0,-2.061672211E-1,2.584838867E-2,-4.409313202E-3
4.743056302E0,-2.295837402E-1,2.343177795E-2,-1.185808182E-1
4.751053430E0,-1.045823097E-1,1.031594276E-1,-2.248420715E-1
4.759078020E0,1.022148132E-1,1.194829941E-1,-2.689595222E-1
4.767073763E0,2.662601471E-1,9.188222885E-2,-3.273024559E-1
4.775070046E0,3.598399162E-1,1.116466522E-1,-3.893718719E-1
4.783064482E0,3.677654266E-1,1.449379921E-1,-4.209399223E-1
4.791061380E0,3.272404671E-1,2.267985344E-1,-4.722361565E-1
4.799056355E0,3.031635284E-1,2.564182281E-1,-4.762845039E-1
4.807051483E0,2.730011940E-1,2.763276100E-1,-4.509840012E-1
4.815077303E0,2.332229614E-1,2.887816429E-1,-3.828282356E-1
4.823073201E0,1.728014946E-1,3.463697433E-1,-3.542351723E-1
4.831069868E0,6.057024002E-2,4.390807152E-1,-3.632321358E-1
4.839064842E0,2.594232559E-2,5.551805496E-1,-4.286756516E-1
4.847059971E0,8.050775528E-2,6.404757500E-1,-5.476493835E-1
4.855055945E0,2.380313873E-1,7.989759445E-1,-7.555289268E-1
4.863050920E0,5.437138081E-1,9.604082108E-1,-9.769268036E-1
4.871077971E0,9.619512558E-1,1.024919987E0,-1.072170734E0
4.879073100E0,1.181092978E0,9.516086578E-1,-1.157461643E0
4.887068382E0,1.208745241E0,9.007310867E-1,-1.290958405E0
4.895063818E0,1.181024313E0,9.347953796E-1,-1.255611897E0
4.903059715E0,1.121363401E0,9.768147469E-1,-1.310613155E0
4.911056306E0,8.918385506E-1,9.572219849E-1,-1.160097599E0
4.919050818E0,6.358115673E-1,8.681302071E-1,-1.026666641E0
4.927076639E0,3.833122253E-1,7.502036095E-1,-8.192663193E-1
4.935072613E0,1.789231300E-1,6.491022110E-1,-6.596469879E-1
4.943067665E0,1.618394852E-1,5.646891594E-1,-5.780315399E-1
4.951065409E0,2.761144638E-1,5.263037682E-1,-5.935602188E-1
4.959058691E0,3.461756706E-1,5.266513824E-1,-6.524991989E-1
4.967054897E0,4.313030243E-1,4.983797073E-1,-7.570271492E-1
4.975050333E0,4.977629185E-1,4.746356010E-1,-7.847013474E-1
4.983076692E0,5.701997280E-1,3.900871277E-1,-7.341156006E-1
4.991072974E0,5.305154324E-1,2.728943825E-1,-6.311025620E-1
4.999067103E0,3.975203037E-1,2.135324478E-1,-5.410084724E-1
5.007063692E0,2.700734138E-1,1.735200882E-1,-4.579167366E-1
5.015059129E0,1.838345528E-1,1.172733307E-1,-3.305368423E-1
5.023054103E0,5.974721909E-2,1.285796165E-1,-3.064889908E-1
5.031051078E0,-3.058910370E-3,2.077775002E-1,-3.408527374E-1
5.039075975E0,8.623981476E-2,2.930874825E-1,-6.917920113E-1
5.047072181E0,4.294764996E-1,1.016726494E-1,-1.003512383E0
5.055066616E0,7.164242268E-1,4.383373260E-2,-2.607698441E-1
5.063062591E0,3.342688084E-1,1.987209320E-1,2.749257088E-1
5.071060104E0,-4.758739471E-1,5.482864380E-2,3.761596680E-1
5.079054540E0,-8.751502037E-1,-2.638773918E-1,3.072638512E-1
5.087049977E0,-5.993757248E-1,-4.446401596E-1,3.846211433E-1
5.095075720E0,-2.250044346E-1,-4.904756546E-1,3.698463440E-1
5.103071694E0,-1.213941574E-1,-4.907860756E-1,4.087491035E-1
5.111068054E0,-2.835299969E-1,-4.669466019E-1,4.002161026E-1
5.119062490E0,-3.921940327E-1,-4.990549088E-1,3.809647560E-1
5.127057849E0,-4.131045341E-1,-5.561132431E-1,3.991785049E-1
5.135053209E0,-4.287765026E-1,-5.371909142E-1,3.396382332E-1
5.143049183E0,-4.041519165E-1,-5.141024590E-1,3.717961311E-1
5.151076773E0,-2.547352314E-1,-4.952735901E-1,3.380155563E-2
5.159070978E0,-1.918313503E-1,-1.540266991E0,1.710522175E0
5.167065953E0,-1.331576109E0,-2.029755592E0,2.464584827E0
5.175061927E0,-2.156323910E0,-8.568191528E-1,1.927283287E0
5.183057363E0,-1.325139999E0,-7.668972015E-2,1.327553749E0
5.191053876E0,-2.425642014E-1,-3.591737747E-1,1.225069046E0
5.199048389E0,1.745076180E-1,-8.532800674E-1,1.357111931E0
5.207075363E0,-1.895048618E-1,-8.824701309E-1,1.280647755E0
5.215070185E0,-6.688694954E-1,-5.337896347E-1,1.222837925E0
5.223065543E0,-6.670429707E-1,-3.898077011E-1,1.079190731E0
5.231062441E0,-4.204301834E-1,-4.309606552E-1,9.999413490E-1
5.239057186E0,-1.954150200E-1,-4.336743355E-1,9.172325134E-1
5.247052467E0,-9.473061562E-2,-3.680834770E-1,8.238215446E-1
5.255048519E0,-1.312930584E-1,-3.341789246E-1,7.389154434E-1
5.263074262E0,-1.618030071E-1,-3.440899849E-1,6.142115593E-1
5.271070622E0,-1.697976589E-1,-2.875413895E-1,4.377045631E-1
5.279065904E0,-7.229518890E-2,-2.897496223E-1,3.995637894E-1
5.287061033E0,-9.013128281E-2,-3.742079735E-1,3.371300697E-1
5.295056314E0,-2.206370831E-1,-4.209728241E-1,2.939410210E-1
5.303052289E0,-1.952090263E-1,-3.655972481E-1,2.892270088E-1
5.311080033E0,-1.051583290E-1,-3.419580460E-1,2.847032547E-1
5.319073854E0,-1.784110069E-2,-3.257961273E-1,1.847662926E-1
5.327069443E0,1.261353493E-2,-2.904005051E-1,1.436886787E-1
5.335064880E0,-4.261684418E-2,-2.746596336E-1,1.431689262E-1
5.343060546E0,-7.869577408E-2,-2.309398651E-1,1.602072716E-1
5.351058060E0,-9.247946739E-2,-2.071580887E-1,2.263784409E-1
5.359051187E0,-1.272530556E-1,-2.298722267E-1,3.173823357E-1
5.367078009E0,-2.192955017E-1,-2.225179672E-1,2.821059227E-1
5.375073367E0,-2.878115177E-1,-1.731009483E-1,2.830066681E-1
5.383069035E0,-3.120503426E-1,-1.487736702E-1,2.931323051E-1
5.391065855E0,-3.073332310E-1,-1.157546043E-1,2.140073776E-1
5.399060599E0,-2.288019657E-1,-7.624006271E-2,1.914916039E-1
5.407056036E0,-1.466822624E-1,-5.112981796E-2,1.252164841E-1
5.415051394E0,-1.163401604E-1,2.227544785E-2,-1.566648483E-2
5.423076908E0,-3.921794891E-2,5.816364288E-2,-1.132011414E-1
5.431074420E0,6.119346619E-2,3.773307800E-2,-1.643424034E-1
5.439068164E0,1.106553078E-1,2.817106247E-2,-1.833367348E-1
5.447063523E0,1.094717979E-1,6.788444519E-2,-2.130036354E-1
5.455059883E0,1.442899704E-1,1.360373497E-1,-3.672575951E-1
5.463055241E0,3.295500278E-1,2.762966156E-1,-4.662880898E-1
5.471052678E0,4.827077389E-1,2.654738426E-1,-5.278019905E-1
5.479076960E0,5.149846077E-1,1.661210060E-1,-5.061435699E-1
5.487072935E0,4.487035275E-1,1.496353149E-1,-4.377465248E-1
5.495067986E0,3.492987156E-1,1.671566963E-1,-3.973112106E-1
5.503064038E0,2.601222992E-1,1.631937027E-1,-3.803157806E-1
5.511060319E0,2.212510109E-1,9.961462021E-2,-3.247375488E-1
5.519054371E0,1.789231300E-1,1.006636620E-1,-2.195787430E-1
5.527049808E0,1.255440712E-1,1.273550987E-1,-9.452629089E-2
5.535076782E0,3.018236160E-2,2.033629417E-1,-1.508321762E-1
5.543072448E0,-7.283115387E-2,3.072080612E-1,-2.250838280E-1
5.551069038E0,-5.930280685E-2,3.843297958E-1,-2.283825874E-1
5.559062860E0,1.159667969E-3,4.687051773E-1,-3.231835365E-1
5.567058526E0,1.514830589E-1,5.972580910E-1,-4.463410378E-1
5.575054578E0,3.560278416E-1,7.445192337E-1,-5.513291359E-1
5.583050167E0,5.963425636E-1,7.286911011E-1,-5.441665649E-1
5.591076988E0,6.850228310E-1,6.546788216E-1,-6.228909492E-1
5.599071655E0,6.493072510E-1,6.756348610E-1,-6.074309349E-1
5.607067938E0,5.106308460E-1,6.715421677E-1,-5.340738297E-1
5.615063373E0,3.518874645E-1,6.035332680E-1,-4.159259796E-1
5.623059348E0,1.858668327E-1,5.338997841E-1,-2.994551659E-1
5.631055553E0,1.011128426E-1,5.083446503E-1,-2.794184685E-1
5.639049374E0,6.308364868E-2,5.392360687E-1,-2.818708420E-1
5.647075579E0,1.168355942E-1,5.883040428E-1,-3.405799866E-1
5.655070862E0,1.412806511E-1,6.696467400E-1,-4.192261696E-1
5.663066836E0,1.951756477E-1,6.995763779E-1,-5.168380737E-1
5.671064118E0,1.914205551E-1,7.285413742E-1,-5.891723633E-1
5.679058554E0,2.405581474E-1,7.552108765E-1,-1.276521206E0
5.687054144E0,6.662945747E-1,6.689739227E-1,-1.737798214E0
5.695049273E0,9.054439068E-1,3.458151817E-1,-7.533664703E-1
5.703075709E0,7.180643082E-2,3.401484489E-1,-1.360278130E-1
5.711072222E0,-6.383614540E-1,2.496452332E-1,-8.682250977E-3
5.719066735E0,-8.211474419E-1,2.561111450E-1,-7.617712021E-2
5.727061479E0,-4.785254002E-1,3.491826057E-1,-1.490526199E-1
5.735057376E0,2.880048752E-2,4.309248924E-1,-2.358875275E-1
5.743053659E0,2.148201466E-1,3.974633217E-1,-3.893394470E-1
5.751049402E0,3.309586048E-1,4.555110931E-1,-4.840016365E-1
5.759074915E0,3.220469952E-1,5.231904984E-1,-5.882863998E-1
5.767070505E0,2.988920212E-1,5.403904915E-1,-6.373505592E-1
5.775065941E0,3.302137852E-1,4.833655357E-1,-6.122364998E-1
5.783061838E0,3.911042213E-1,5.123867989E-1,-5.136532784E-1
5.791058121E0,3.635187149E-1,5.984354019E-1,-4.428691864E-1
5.799052634E0,3.507184982E-1,6.019244194E-1,-3.668966293E-1
5.807048839E0,3.360314369E-1,4.568820000E-1,-1.386590004E-1
5.815074737E0,1.756801605E-1,1.887707710E-1,-6.086397171E-2
5.823070096E0,-5.976581573E-2,-1.176300049E-1,1.888346672E-1
5.831066070E0,-2.707006931E-1,-3.985629082E-1,3.277735710E-1
5.839061122E0,-1.467180252E-1,-1.100887299E0,1.160631180E-1
5.847057097E0,-4.447867870E-1,-2.687303543E0,3.637277603E0
5.855052379E0,-2.450369596E0,-2.863933086E0,3.622788429E0
5.863048354E0,-3.353420973E0,-1.662522793E0,2.534646034E0
5.871075482E0,-2.063005209E0,-5.119690895E-1,1.243627071E0
5.879069918E0,-2.983734608E-1,-1.491031647E-1,1.134729862E0
5.887064892E0,6.800048351E-1,5.226182938E-2,1.083703518E0
5.895060637E0,4.674305916E-1,1.075406075E-1,9.968113899E-1
5.903056534E0,1.867856979E-1,3.684759140E-2,9.654021263E-1
5.911052893E0,1.226196289E-1,-1.594800949E-1,9.673838615E-1
5.919047944E0,3.852708340E-1,-3.234400749E-1,7.861762047E-1
5.927073458E0,7.295949459E-1,-3.448734283E-1,6.640195847E-1
5.935069355E0,8.930859566E-1,-2.676253319E-1,5.644736290E-1
5.943064791E0,6.944794655E-1,-2.225804329E-1,5.328817368E-1
5.951061688E0,5.472605228E-1,1.706600189E-1,1.264328957E-1
5.959056048E0,4.836356640E-1,5.926804543E-1,-3.467512131E-2
5.967051485E0,1.329321861E-1,2.133235931E-1,4.312000275E-1
5.975047689E0,-3.735499382E-1,-4.542818069E-1,6.705965996E-1
5.983073279E0,-8.535315990E-1,-8.624892235E-1,7.219429016E-1
5.991069792E0,-8.533790112E-1,-7.135548592E-1,7.039480209E-1
5.999064921E0,-4.806830883E-1,-4.869313240E-1,5.690550804E-1
6.007059895E0,-3.755211830E-2,-3.423767090E-1,3.536486626E-1
6.015055024E0,2.023797035E-1,-3.244347572E-1,1.484084129E-1
6.023050614E0,2.959723473E-1,-2.674045563E-1,-8.334016800E-2
6.031048127E0,2.244400978E-1,-1.614403725E-1,-9.065008163E-2
6.039072409E0,1.902167797E-1,-1.482973099E-1,-1.693105698E-2
6.047068768E0,7.365036011E-2,-2.018322945E-1,-1.233277321E-1
6.055064050E0,-1.497583389E-1,-2.336392403E-1,-2.211999893E-1
6.063060333E0,-3.743042946E-1,-3.065376282E-1,-1.423807144E-1
6.071056307E0,-4.223890305E-1,-3.588986397E-1,2.599525452E-2
6.079051128E0,-2.886991501E-1,-3.785519600E-1,1.713323593E-1
6.087046102E0,-1.088619232E-1,-3.382573128E-1,1.675977707E-1
6.095072539E0,-1.708245277E-2,-2.301645279E-1,8.962821960E-2
6.103068205E0,-2.396821976E-3,-1.525373459E-1,-2.199649811E-2
6.111064488E0,4.267692566E-2,-7.699060440E-2,-9.537363052E-2
6.119059539E0,7.368421555E-2,-7.319831848E-2,-9.990978241E-2
6.127054360E0,1.867818832E-2,-7.964038849E-2,-3.019857407E-2
6.135050950E0,-1.237201691E-1,-5.594491959E-2,-6.793069839E-2
6.143046001E0,-3.229389191E-1,-3.851938248E-2,-1.522159576E-2
6.151073976E0,-4.005949497E-1,-3.702735901E-2,-1.891279221E-2
6.159068027E0,-4.045937061E-1,-9.837627411E-3,-7.950067520E-2
6.167063079E0,-3.158085346E-1,4.334545135E-2,-3.058195114E-2
6.175058822E0,-2.382924557E-1,7.755327225E-2,-1.045470238E-1
6.183053566E0,-2.144987583E-1,1.670732498E-1,-1.979885101E-1
6.191051617E0,-1.504068375E-1,2.163600922E-1,-2.552127838E-1
6.199075592E0,-7.662582397E-2,2.398452759E-1,-3.165397644E-1
6.207071028E0,3.739356995E-3,2.491827011E-1,-3.348593712E-1
6.215067618E0,4.044985771E-2,2.905001640E-1,-4.387950897E-1
6.223062900E0,4.992675781E-2,3.207893372E-1,-4.321608543E-1
6.231059567E0,3.238201141E-2,3.327665329E-1,-4.681630135E-1
6.239053926E0,6.638574600E-2,4.319300652E-1,-5.229954720E-1
6.247049593E0,9.895467758E-2,4.627852440E-1,-5.344924927E-1
6.255075490E0,1.302523613E-1,4.635224342E-1,-5.002803802E-1
6.263070850E0,1.246900558E-1,4.842934608E-1,-5.016918182E-1
6.271067978E0,9.977674484E-2,4.817867279E-1,-4.498777390E-1
6.279062491E0,3.435993195E-2,5.349216461E-1,-5.027003288E-1
6.287058082E0,-2.362871170E-2,5.452990532E-1,-4.472789764E-1
6.295053517E0,-4.337739944E-2,5.488376617E-1,-3.652105331E-1
6.303049108E0,-3.270626068E-2,6.273808479E-1,-4.767422676E-1
6.311076466E0,1.485967636E-1,7.435026169E-1,-6.140871048E-1
6.319070903E0,4.774930477E-1,8.048219681E-1,-7.844166756E-1
6.327065723E0,7.250976562E-1,7.948417664E-1,-9.078531265E-1
6.335062237E0,8.575351238E-1,7.944955826E-1,-9.212942123E-1
6.343057980E0,7.711048126E-1,8.205294609E-1,-9.912800789E-1
6.351054878E0,5.769062042E-1,8.367104530E-1,-9.427123070E-1
6.359048314E0,4.613068104E-1,7.949295044E-1,-8.334908485E-1
6.367075058E0,3.383300304E-1,6.757583618E-1,-6.676640511E-1
6.375069801E0,2.026796341E-1,5.606164932E-1,-5.093317032E-1
6.383066084E0,1.049809456E-1,4.686975479E-1,-3.095045090E-1
6.391063058E0,5.917692184E-2,3.924345970E-1,-1.885375977E-1
6.399056494E0,5.622243881E-2,3.744592667E-1,-1.656899452E-1
6.407052239E0,1.866354942E-1,4.288511276E-1,-2.447557449E-1
6.415048751E0,2.656528950E-1,4.217081070E-1,-3.069348335E-1
6.423074264E0,3.147447109E-1,4.226508141E-1,-3.960204124E-1
6.431071162E0,6.190159321E-1,5.299854279E-1,-2.347998619E0
6.439065291E0,1.051051378E0,3.979969025E-2,-5.311455727E-1
6.447060418E0,8.094518185E-1,-1.245498657E-2,-1.352715492E-1
6.455056393E0,-1.464688778E-1,-9.990882874E-2,1.861872673E-1
6.463051983E0,-6.627707481E-1,-1.076827049E-1,2.532424927E-1
6.471048650E0,-5.182824135E-1,4.451274872E-2,2.774238586E-1
6.479073163E0,-2.544403076E-2,1.424002647E-1,1.858668327E-1
6.487069753E0,4.022202492E-1,1.887774467E-1,7.711887360E-3
6.495065189E0,6.143116951E-1,2.306413651E-1,-2.000255585E-1
6.503060164E0,6.372983456E-1,3.221664429E-1,-2.475481033E-1
6.511056753E0,4.925491810E-1,3.647346497E-1,-3.254957199E-1
6.519051497E0,3.342549801E-1,3.024849892E-1,-2.569746971E-1
6.527046856E0,2.336959839E-1,2.232146263E-1,-1.246008873E-1
6.535042831E0,6.013560295E-2,1.502032280E-1,-1.834869385E-3
6.543069036E0,-2.543017864E-1,2.034473419E-2,3.559827805E-2
6.551066241E0,-5.322747231E-1,-1.936903000E-1,1.709914207E-1
6.559060292E0,-6.394276619E-1,-4.188413620E-1,3.552513123E-1
6.567055729E0,-6.245048046E-1,-5.991077423E-1,-4.046773911E-2
6.575050704E0,-6.307554245E-1,-1.754649639E0,2.685231686E0
6.583046755E0,-2.096775293E0,-2.605205536E0,3.571691513E0
6.591073422E0,-3.189764261E0,-1.615303993E0,1.944612026E0
6.599068781E0,-2.079323292E0,-4.717140198E-1,8.425621986E-1
6.607064448E0,-5.577158928E-2,2.146086693E-1,5.427565575E-1
6.615059807E0,8.818857670E-1,2.221193314E-1,9.905548096E-1
6.623055551E0,7.030923367E-1,2.039012909E-1,1.170025826E0
6.631052371E0,2.302489281E-1,2.915859222E-1,1.082873821E0
6.639046269E0,1.166403294E-1,2.495989799E-1,7.929735184E-1
6.647072320E0,4.094731808E-1,-3.578376770E-2,7.897291183E-1
6.655068372E0,5.765926838E-1,-2.213845253E-1,7.202773094E-1
6.663064269E0,4.474253654E-1,-2.850203514E-1,6.568012238E-1
6.671060860E0,1.054296494E-1,-2.672915459E-1,4.977273941E-1
6.679055295E0,-2.731964588E-1,-4.423332214E-2,9.250211716E-2
6.687050347E0,-2.979409695E-1,1.588706970E-1,4.594769478E-1
6.695046091E0,-5.202062130E-1,-1.464858055E-1,7.705950737E-1
6.703072527E0,-9.119253159E-1,-5.644054413E-1,8.013467789E-1
6.711068809E0,-9.838750362E-1,-5.991539955E-1,7.822270393E-1
6.719063168E0,-7.135665417E-1,-3.953976631E-1,6.288938522E-1
6.727058913E0,-3.588571548E-1,-2.761926651E-1,4.904336929E-1
6.735054887E0,-3.357195854E-2,-2.027821541E-1,3.776230812E-1
6.743050169E0,1.205091476E-1,-1.703696251E-1,2.676959038E-1
6.751046220E0,1.054801941E-1,-9.522676468E-2,1.427130699E-1
6.759071349E0,-1.786351204E-2,-1.017460823E-1,1.534175873E-2
6.767067400E0,-1.258108616E-1,-1.539731026E-1,1.682472229E-2
6.775062683E0,-1.779220104E-1,-2.209134102E-1,3.046274185E-2
6.783058657E0,-2.038600445E-1,-2.709903717E-1,9.059619904E-2
6.791054093E0,-1.883444786E-1,-2.322449684E-1,7.673740387E-2
6.799049683E0,-9.975862503E-2,-1.401791573E-1,-5.582332611E-3
6.807044735E0,-1.584172249E-2,-1.023950577E-1,-9.797191620E-2
6.815071247E0,1.394751072E-1,-4.449701309E-2,-1.464390755E-1
6.823066838E0,2.167823315E-1,-1.192235947E-2,-1.237258911E-1
6.831063427E0,2.001914978E-1,-2.662611008E-2,-1.159353256E-1
6.839057556E0,1.451380253E-1,-8.895444870E-2,-1.068449020E-2
6.847053915E0,8.189868927E-2,-1.320028305E-1,-3.369188309E-2
6.855049197E0,-4.803657532E-3,-1.199965477E-1,-3.004312515E-2
6.863044557E0,-1.098442078E-2,-1.271939278E-1,2.093696594E-2
6.871072300E0,-8.329939842E-2,-1.729483604E-1,7.078552246E-2
6.879066429E0,-1.260337830E-1,-2.092275620E-1,2.864551544E-2
6.887062095E0,-1.165237427E-1,-1.401782036E-1,-2.570056915E-2
6.895058070E0,-4.923081398E-2,-6.386709213E-2,-8.690547943E-2
6.903053044E0,3.061318398E-2,2.703285217E-2,-1.498780251E-1
6.911050558E0,9.945774078E-2,9.245967865E-2,-2.328901291E-1
6.919044070E0,1.552071571E-1,1.418099403E-1,-2.569403648E-1
6.927070892E0,1.237046719E-1,1.264376640E-1,-2.275500298E-1
6.935066866E0,6.740283966E-2,1.369538307E-1,-1.808772087E-1
6.943061533E0,5.024433136E-3,1.444187164E-1,-1.652770042E-1
6.951058507E0,-6.436800957E-2,1.344838142E-1,-1.070742607E-1
6.959053174E0,-1.390526295E-1,9.751558304E-2,-6.659173965E-2
6.967048225E0,-2.031657696E-1,9.603977203E-2,-6.085920334E-2
6.975043585E0,-2.449066639E-1,1.327815056E-1,-1.135931015E-1
6.983070097E0,-1.684398651E-1,1.843018532E-1,-1.715841293E-1
6.991066995E0,-6.657123566E-2,2.578859329E-1,-2.679014206E-1
6.999061431E0,4.678463936E-2,3.134002686E-1,-4.232692719E-1
7.007056483E0,2.248258591E-1,4.302115440E-1,-5.771679878E-1
7.015052996E0,3.962659836E-1,5.391063690E-1,-7.338523865E-1
7.023048355E0,5.519821644E-1,6.282262802E-1,-8.378806114E-1
7.031045022E0,6.014420986E-1,7.214140892E-1,-8.507742882E-1
7.039069612E0,6.239092350E-1,8.114566803E-1,-9.567565918E-1
7.047065202E0,6.066024303E-1,9.177384377E-1,-9.693522453E-1
7.055060253E0,6.005434990E-1,9.878120422E-1,-9.851274490E-1
7.063055690E0,5.825345516E-1,1.017295361E0,-1.045414925E0
7.071052817E0,6.179289818E-1,1.052378654E0,-1.016503334E0
7.079047869E0,6.315248013E-1,1.057288647E0,-1.047300339E0
7.087043228E0,7.361421585E-1,1.058214188E0,-1.128166676E0
7.095069049E0,8.289952278E-1,1.108316422E0,-1.189049244E0
7.103064408E0,8.873715401E-1,1.097647190E0,-1.274436951E0
7.111061998E0,9.006927013E-1,1.026170731E0,-1.258928776E0
7.119056049E0,8.750858307E-1,9.487714767E-1,-1.237574100E0
7.127051409E0,8.091118336E-1,8.936963081E-1,-1.988306046E0
7.135046845E0,1.108412504E0,6.062431335E-1,-1.827259541E0
7.143042819E0,9.341824055E-1,2.559666634E-1,-9.722843170E-1
7.151069870E0,2.486133575E-1,1.964244843E-1,-5.625267029E-1
7.159064307E0,-5.689110756E-1,3.357028961E-2,-2.381134033E-1
7.167059667E0,-8.494081497E-1,-3.707456589E-2,-2.731580734E-1
7.175055948E0,-5.458354950E-1,2.167224884E-3,-3.066434860E-1
7.183050693E0,-5.025291443E-2,4.912233353E-2,-3.053193092E-1
7.191048205E0,1.042237282E-1,8.522129059E-2,-4.777846336E-1
7.199072103E0,1.442384720E-1,1.292991638E-1,-4.929957390E-1
7.207068154E0,1.244544983E-1,1.613216400E-1,-3.459320068E-1
7.215063821E0,2.914571762E-2,1.752943993E-1,-1.666307449E-1
7.223059488E0,1.119875908E-2,1.015157700E-1,-1.208539009E-1
7.231056693E0,2.102231979E-2,-2.037048340E-3,8.801460266E-3
7.239051360E0,7.549166679E-2,-1.196718216E-1,-4.167571068E-1
7.247045566E0,4.232163429E-1,-9.701123238E-1,7.444958687E-1
7.255042155E0,-7.619144917E-1,-2.684674263E0,4.052556515E0
7.263067668E0,-2.669795752E0,-2.263550282E0,3.046278000E0
7.271065104E0,-2.599762678E0,-1.064152241E0,2.214151859E0
7.279058694E0,-9.194331169E-1,-2.849731445E-1,1.492891788E0
7.287053977E0,9.296488762E-2,-2.330222130E-1,1.665020466E0
7.295049336E0,-1.989688873E-1,-5.655102730E-1,1.912997723E0
7.303045695E0,-1.143988848E0,-8.055133820E-1,1.724990368E0
7.311073593E0,-1.414272547E0,-6.519908905E-1,1.395071507E0
7.319066875E0,-9.998075962E-1,-2.283067703E-1,1.231357098E0
7.327063080E0,-5.405154228E-1,-5.027914047E-2,1.124476433E0
7.335058209E0,-2.540931702E-1,1.578140259E-2,1.023776531E0
7.343054491E0,-2.882592678E-1,3.479862213E-2,9.850673676E-1
7.351051081E0,-2.561450005E-1,7.502508163E-2,8.895349503E-1
7.359045209E0,2.099299431E-2,1.693973541E-1,7.829556465E-1
7.367071645E0,3.242156506E-1,2.563695908E-1,7.297368050E-1
7.375067235E0,5.710678101E-1,1.917881966E-1,5.476198196E-1
7.383062594E0,5.590076447E-1,-3.492355347E-3,4.005479813E-1
7.391059492E0,3.179488182E-1,-2.154135704E-1,3.269715309E-1
7.399053697E0,5.075693130E-2,-2.503027916E-1,3.133087158E-1
7.407048748E0,-4.433274269E-2,-1.828708649E-1,2.988286018E-1
7.415045339E0,4.742717743E-2,-2.689504623E-2,-2.174243927E-1
7.423071159E0,1.448526382E-1,1.321840286E-2,-6.638050079E-2
7.431067442E0,7.598233223E-2,-8.368778229E-2,1.014270782E-1
7.439061800E0,-3.306379318E-1,-4.279880524E-1,1.177968979E-1
7.447057775E0,-6.225731373E-1,-5.930190086E-1,2.285971642E-1
7.455052827E0,-4.773147106E-1,-4.721813202E-1,2.094340324E-1
7.463049186E0,-2.861847878E-1,-3.905453682E-1,9.138584137E-2
7.471046315E0,-1.640877724E-1,-4.095306396E-1,3.822660446E-2
7.479070904E0,-7.882928848E-2,-4.304723740E-1,9.164810181E-4
7.487065725E0,-4.886436462E-2,-3.216123581E-1,-5.593347549E-2
7.495062545E0,-1.624655724E-2,-1.452322006E-1,-5.543041229E-2
7.503056751E0,3.793001175E-2,-6.882476807E-2,-6.225013733E-2
7.511053879E0,1.631047726E-1,2.564382553E-2,-1.766676903E-1
7.519048931E0,1.861371994E-1,5.454158783E-2,-1.547689438E-1
7.527044059E0,5.488824844E-2,6.423854828E-2,-1.152091026E-1
7.535069572E0,-1.728050709E-1,8.889770508E-2,-1.897239685E-2
7.543065777E0,-3.502385616E-1,7.736921310E-2,6.003856659E-2
7.551062983E0,-3.640682697E-1,5.464315414E-2,8.925867081E-2
7.559057495E0,-1.778581142E-1,2.698707581E-2,1.464991570E-1
7.567052855E0,6.951093674E-2,-1.375102997E-2,1.551022530E-1
7.575048215E0,2.100579739E-1,4.106950760E-2,7.991266251E-2
7.583043804E0,1.978306770E-1,1.696124077E-1,-5.493545532E-2
7.591070624E0,1.166040897E-1,2.347254753E-1,-1.153678894E-1
7.599065907E0,7.654285431E-2,2.334184647E-1,-1.228828430E-1
7.607060959E0,7.043743134E-2,1.486363411E-1,-5.000543594E-2
7.615056625E0,-9.128570557E-3,6.636810303E-2,5.051994324E-2
7.623052062E0,-1.772871017E-1,3.219604492E-3,1.349134445E-1
7.631048882E0,-3.626983166E-1,-5.537557602E-2,1.739091873E-1
7.639043319E0,-4.396388531E-1,-6.444025040E-2,2.188954353E-1
7.647069754E0,-4.860484600E-1,-4.566049576E-2,2.138338089E-1
7.655064806E0,-4.581780434E-1,-5.403423309E-2,2.079777718E-1
7.663060857E0,-4.098212719E-1,-4.381322861E-2,1.578011513E-1
7.671057140E0,-3.203964233E-1,-2.856254578E-3,6.766080856E-2
7.679051883E0,-1.615746021E-1,3.596067429E-2,-4.047679901E-2
7.687046935E0,-3.309249878E-4,1.498503685E-1,-1.683378220E-1
7.691046306E0,8.236169815E-2,2.385787964E-1,-2.434968948E-1
7.693059454E0,1.565821171E-1,2.888569832E-1,-2.961692810E-1
7.695043447E0,1.924951077E-1,2.888569832E-1,-3.153228760E-1
7.703069038E0,3.141305447E-1,3.765397072E-1,-4.500141144E-1
7.711065858E0,3.610243797E-1,3.842267990E-1,-5.380625725E-1
7.719060294E0,3.790116310E-1,4.553070068E-1,-5.077052116E-1
7.727055653E0,3.466763496E-1,4.914741516E-1,-5.313959122E-1
7.735051397E0,3.714616299E-1,4.712848663E-1,-5.685167313E-1
7.743046142E0,4.196493626E-1,4.881639481E-1,-6.215386391E-1
7.751043885E0,4.719491005E-1,5.278401375E-1,-6.282019615E-1
7.759068475E0,4.714107513E-1,6.069784164E-1,-6.242003441E-1
7.767064449E0,3.949322701E-1,7.087221146E-1,-5.612297058E-1
7.775058963E0,2.864613533E-1,7.803277969E-1,-5.322117805E-1
7.783056091E0,1.972482204E-1,8.216514587E-1,-5.103530884E-1
7.791052758E0,1.893117428E-1,8.639245033E-1,-4.932904243E-1
7.799045963E0,1.964862347E-1,9.409151077E-1,-5.702910423E-1
7.807042245E0,1.597495079E-1,9.863662720E-1,-6.481385231E-1
7.815068296E0,2.050623894E-1,1.070520878E0,-7.505059242E-1
7.823063733E0,3.359270096E-1,1.139352322E0,-8.244204521E-1
7.831061784E0,4.080705643E-1,1.135459900E0,-8.294610977E-1
7.839055374E0,4.845292568E-1,1.033846855E0,-8.260474205E-1
7.847050118E0,4.416284561E-1,9.252533913E-1,-8.593506813E-1
7.855046093E0,3.573639393E-1,8.067026138E-1,-7.495102882E-1
7.863042298E0,2.808685303E-1,6.988210678E-1,-8.127245903E-1
7.871068734E0,2.577190399E-1,6.156654358E-1,-7.834868431E-1
7.879063477E0,3.252432346E-1,6.174550056E-1,-2.036261082E0
7.887059452E0,5.546114445E-1,2.754821777E-1,-1.218576908E0
7.895054273E0,4.073810577E-1,2.837896347E-2,-3.810777664E-1
7.903050170E0,-4.475927353E-2,1.207199097E-1,-2.824077606E-1
7.911047376E0,-6.514923573E-1,4.854440689E-2,-2.669620514E-2
7.919041196E0,-8.887255192E-1,1.538705826E-2,-3.853416443E-2
7.927067095E0,-6.777057648E-1,4.832124710E-2,-1.306071281E-1
7.935062376E0,-2.049272060E-1,1.349267960E-1,-1.982178688E-1
7.943058120E0,7.137203217E-2,2.242856026E-1,-3.467864990E-1
7.951054941E0,2.340779305E-1,2.697653770E-1,-4.916219711E-1
7.959049377E0,2.618927956E-1,2.836914062E-1,-4.908599854E-1
7.967045044E0,2.165641785E-1,3.154978752E-1,-5.046801567E-1
7.975040711E0,1.526880264E-1,3.222203255E-1,-4.661402702E-1
7.983066608E0,5.530953407E-2,2.456927299E-1,-3.189554214E-1
7.991063429E0,-5.935144424E-2,1.141591072E-1,-2.627491951E-1
7.999058172E0,-1.460924149E-1,8.677959442E-3,-1.329178810E-1
8.007053609E0,-2.838344574E-1,-2.508935928E-1,1.480817795E-2
8.015049507E0,-1.434087753E-3,-1.003893375E0,1.448817253E-1
8.023044943E0,-5.116877556E-1,-2.270032883E0,3.067254543E0
8.031041533E0,-2.104748964E0,-2.346073151E0,2.798816681E0
8.039067045E0,-2.963678598E0,-1.657767773E0,2.303225040E0
8.047062328E0,-2.260316372E0,-9.032421112E-1,1.341239452E0
8.055057456E0,-7.299268246E-1,-5.912609100E-1,1.141033649E0
8.063053354E0,4.658985138E-2,-5.322184563E-1,1.140371323E0
8.071049020E0,7.869625092E-2,-4.804568291E-1,9.811515808E-1
8.079044380E0,-3.060183525E-1,-3.976707458E-1,8.872561455E-1
8.087040123E0,-5.263426304E-1,-2.608447075E-1,7.932252884E-1
8.095066175E0,-3.497221470E-1,-1.855506897E-1,7.463603020E-1
8.103062226E0,3.842949867E-2,-1.156373024E-1,6.499743462E-1
8.111058817E0,4.021031857E-1,6.875038147E-2,4.681806564E-1
8.119053252E0,6.505286694E-1,1.863279343E-1,2.290329933E-1
8.127047612E0,7.861683369E-1,2.646274567E-1,-3.173608780E-1
8.135043663E0,9.258615971E-1,3.995852470E-1,-6.677794456E-1
8.143039638E0,9.038183689E-1,3.969526291E-1,-1.358666420E-1
8.151066996E0,6.451475620E-1,1.519083977E-1,2.477717400E-1
8.159061433E0,3.432209492E-1,-5.916643143E-2,4.627904892E-1
8.167057022E0,-2.328896523E-2,-2.070789337E-1,6.681389809E-1
8.175052997E0,-2.542343140E-1,-2.979164124E-1,7.114567757E-1
8.183048357E0,-3.908350468E-1,-3.292303085E-1,7.687482834E-1
8.191045870E0,-3.941643238E-1,-3.659844398E-1,8.935332298E-1
8.199038845E0,-4.241333008E-1,-3.648533821E-1,9.077143669E-1
8.207065203E0,-4.200618267E-1,-3.564519882E-1,8.348731995E-1
8.215060947E0,-4.189438820E-1,-3.758282661E-1,6.610202789E-1
8.223056229E0,-4.264211655E-1,-3.671679497E-1,6.043901443E-1
8.231052896E0,-4.331257343E-1,-3.903241158E-1,5.810656548E-1
8.239047563E0,-3.654654026E-1,-3.850102425E-1,4.570908546E-1
8.247042999E0,-2.403631210E-1,-3.869829178E-1,3.043675423E-1
8.255038358E0,-6.738424301E-2,-3.649473190E-1,1.326823235E-1
8.263064718E0,1.197338104E-1,-2.995676994E-1,7.857179642E-2
8.271061076E0,1.625292301E-1,-2.744784355E-1,5.095338821E-2
8.279056051E0,1.327817440E-1,-2.367820740E-1,-5.026340485E-3
8.287052102E0,1.143155098E-1,-2.342329025E-1,-3.017425537E-3
8.295046846E0,6.362557411E-2,-2.765517235E-1,4.696035385E-2
8.303042821E0,-2.215218544E-2,-2.661213875E-1,1.200304031E-1
8.311069796E0,-6.484150887E-2,-2.511310577E-1,1.051774025E-1
8.319063923E0,-6.725764275E-2,-2.242112160E-1,1.005082130E-1
8.327059591E0,-5.871939659E-2,-2.163491249E-1,9.144353867E-2
8.335054643E0,-8.634853363E-2,-2.132272720E-1,9.759426117E-2
8.343051309E0,-1.085901260E-1,-2.244429588E-1,5.246067047E-2
8.351047822E0,-9.044766426E-2,-2.039098740E-1,-2.798128128E-2
8.359041643E0,-5.705332756E-2,-1.586036682E-1,-9.966039658E-2
8.367068695E0,-4.546189308E-2,-1.409263611E-1,-1.495471001E-1
8.375064053E0,-5.973052979E-2,-1.362476349E-1,-2.152338028E-1
8.383059105E0,-9.199094772E-2,-1.019458771E-1,-2.250037193E-1
8.391056695E0,-1.163785458E-1,-8.352231979E-2,-2.581877708E-1
8.399051054E0,-1.289162636E-1,-5.452156067E-2,-2.912292480E-1
8.407046413E0,-1.872587204E-1,9.139537811E-3,-3.552274704E-1
8.415042157E0,-1.773462296E-1,9.735155106E-2,-3.770728111E-1
8.423067900E0,-1.270854473E-1,1.590466499E-1,-3.585958481E-1
8.431063952E0,-4.960298538E-2,2.506222725E-1,-4.046258926E-1
8.439058696E0,2.812838554E-2,3.150320053E-1,-4.361114502E-1
8.447054671E0,4.452157021E-2,3.838372231E-1,-5.192093849E-1
8.455050645E0,1.007261276E-1,4.550876617E-1,-6.339149475E-1
8.463045927E0,1.349902153E-1,5.915231705E-1,-8.272767067E-1
8.471042210E0,2.258939743E-1,7.410573959E-1,-9.984035492E-1
8.479067184E0,3.793566227E-1,8.872418404E-1,-1.075955391E0
8.487062774E0,5.059568882E-1,9.726428986E-1,-1.149032593E0
8.495058210E0,5.702149868E-1,1.047766685E0,-1.286552429E0
8.503054416E0,6.203365326E-1,1.113046169E0,-1.346602917E0
8.511051697E0,6.295814514E-1,1.112072945E0,-1.384281635E0
8.519045211E0,6.394331455E-1,1.104761600E0,-1.413395405E0
8.527040877E0,6.831805706E-1,1.127056599E0,-1.395740032E0
8.535066929E0,6.931591034E-1,1.044919491E0,-1.329258442E0
8.543062057E0,6.427643299E-1,9.775991440E-1,-1.245699406E0
8.551059263E0,5.361135006E-1,9.011297226E-1,-1.159843445E0
8.559053929E0,4.368214607E-1,8.755722046E-1,-1.069686413E0
8.567049366E0,3.370151520E-1,8.963079453E-1,-1.008951664E0
8.575045340E0,3.105244637E-1,8.940572739E-1,-8.986444473E-1
8.583040622E0,2.687187195E-1,8.229174614E-1,-8.349299431E-1
8.591068289E0,1.862461567E-1,6.316518784E-1,-6.625318527E-1
8.599062187E0,4.995822906E-2,5.136384964E-1,-6.038861275E-1
8.607057776E0,-3.626418114E-2,4.827265739E-1,-1.142568588E0
8.615053751E0,2.188212872E-1,3.898668289E-1,-1.771886349E0
8.623049496E0,2.855091095E-1,5.413150787E-2,-2.111010551E-1
8.631044854E0,3.898000717E-2,9.188890457E-2,-1.014313698E-1
8.639039906E0,-4.774601460E-1,1.037321091E-1,4.425368309E-1
8.647065957E0,-9.503481388E-1,4.972505569E-2,3.884763718E-1
8.655061624E0,-1.119567871E0,2.960205078E-3,4.651517868E-1
8.663057060E0,-9.597554207E-1,1.190757751E-2,3.444962502E-1
8.671054189E0,-5.506739616E-1,8.619689941E-2,3.155937195E-1
8.679048624E0,-2.540132999E-1,1.415934563E-1,3.560976982E-1
8.687043676E0,-8.842992783E-2,1.818752289E-1,2.581524849E-1
8.695039420E0,-7.026004791E-2,1.857771873E-1,2.617654800E-1
8.703065856E0,-1.241679192E-1,1.886086464E-1,2.519860268E-1
8.711063369E0,-1.618123055E-1,1.452193260E-1,2.458209991E-1
8.719057190E0,-1.437430382E-1,4.884338379E-2,2.597308159E-1
8.727052856E0,-1.650638580E-1,-1.190953255E-1,4.202170372E-1
8.735047293E0,-2.047646046E-1,-2.631278038E-1,2.721705437E-1
8.743043498E0,-1.068370342E-1,-9.180693626E-1,7.656497955E-1
8.751039857E0,-4.909741879E-1,-1.800907612E0,2.509730816E0
8.759065985E0,-1.626662970E0,-1.915215492E0,2.451288700E0
8.767060729E0,-2.210129976E0,-1.282961369E0,1.878767014E0
8.775056012E0,-1.639518499E0,-7.081584930E-1,1.101195812E0
8.783051755E0,-4.093353748E-1,-3.132238388E-1,6.862883568E-1
8.791048884E0,3.171956539E-1,-1.890015602E-1,7.679047585E-1
8.799043397E0,5.086734295E-1,-2.440276146E-1,8.645772934E-1
8.807039064E0,1.849758625E-1,-2.583932877E-1,8.326296806E-1
8.815064884E0,-1.005151272E-1,-1.999588013E-1,7.247824669E-1
8.823060782E0,-1.652405262E-1,-1.483049393E-1,4.832730293E-1
8.831058602E0,4.101657867E-2,-9.788465500E-2,1.074204445E-1
8.839051577E0,3.579635620E-1,4.473304749E-2,-1.275839806E-1
8.847046936E0,6.118173599E-1,1.062078476E-1,-1.220116615E-1
8.855042603E0,6.778383255E-1,-2.168512344E-2,1.353387833E-1
8.863038500E0,4.599599838E-1,-1.612758636E-1,4.471492767E-2
8.871065322E0,3.511335850E-1,-1.555070877E-1,9.434175491E-2
8.879060603E0,3.647990227E-1,-2.378683090E-1,2.932562828E-1
8.887056040E0,2.511346340E-1,-4.094142914E-1,5.023369789E-1
8.895051629E0,-7.620120049E-2,-6.906261444E-1,6.391782761E-1
8.903046681E0,-2.963414192E-1,-7.643456459E-1,6.750922203E-1
8.911043348E0,-3.109419346E-1,-7.265625000E-1,7.760105133E-1
8.919037784E0,-2.934017181E-1,-6.080036163E-1,8.133559227E-1
8.927064451E0,-2.966043949E-1,-4.990105629E-1,7.910289764E-1
8.935060195E0,-2.648422718E-1,-3.748855591E-1,7.566895485E-1
8.943054939E0,-2.034220695E-1,-2.881274223E-1,6.862845421E-1
8.951051759E0,-1.003966331E-1,-1.902289391E-1,5.015316010E-1
8.959045965E0,3.267621994E-2,-7.794952393E-2,2.874903679E-1
8.967042170E0,1.174104214E-1,6.313800812E-3,1.004290581E-1
8.975036914E0,2.041170597E-1,5.308866501E-2,2.427911758E-2
8.983063734E0,2.580676079E-1,5.060768127E-2,1.297330856E-2
8.991060555E0,2.331736088E-1,6.601810455E-2,-4.150676727E-2
8.999054683E0,2.150588036E-1,7.779312134E-2,-7.249259949E-2
9.007050350E0,2.246391773E-1,9.791660309E-2,-1.019301414E-1
9.015046401E0,2.190034389E-1,9.283924103E-2,-1.249504089E-1
9.023041684E0,1.417191029E-1,6.932640076E-2,-5.037117004E-2
9.031038659E0,8.052301407E-2,2.210187912E-2,-5.730056763E-2
9.039063556E0,1.363480091E-1,-1.508426666E-2,-1.355743408E-2
9.047058299E0,1.874375343E-1,-4.202604294E-2,-1.925706863E-2
9.055054505E0,2.125897408E-1,-2.308416367E-2,5.479907990E-2
9.063049865E0,2.149503231E-1,-3.274631500E-2,5.315971375E-2
9.071046762E0,1.116542816E-1,4.410743713E-4,3.346252441E-2
9.079040968E0,2.755928040E-2,-4.107141495E-2,1.961231232E-2
9.087036326E0,-4.992461205E-2,-9.032201767E-2,3.746938705E-2
9.095063378E0,-9.525346756E-2,-1.112942696E-1,2.919054031E-2
9.103058429E0,-9.768605232E-2,-9.398269653E-2,-2.947521210E-2
9.111056250E0,-6.495380402E-2,-5.724573135E-2,-7.152128220E-2
9.119049686E0,-4.482507706E-3,-8.661270142E-2,-1.466684341E-1
9.127045046E0,9.996891022E-3,-6.171274185E-2,-2.419524193E-1
9.135040404E0,-2.056503296E-2,-7.071924210E-2,-3.467755318E-1
9.143036456E0,-2.374148369E-2,-4.726314545E-2,-3.393840790E-1
9.151063738E0,-4.373550415E-3,-7.238960266E-2,-4.061851501E-1
9.159057867E0,4.656457901E-2,-6.231451035E-2,-4.541687965E-1
9.167053302E0,1.377587318E-1,4.733085632E-3,-5.435094833E-1
9.175049277E0,2.108452320E-1,4.015254974E-2,-5.957789421E-1
9.183044945E0,2.297499180E-1,4.298400879E-2,-4.995636940E-1
9.191041457E0,1.643922329E-1,6.294107437E-2,-5.133843422E-1
9.199036278E0,1.162183285E-1,6.149530411E-2,-5.028395653E-1
9.207062098E0,7.158064842E-2,6.275129318E-2,-5.582876205E-1
9.215057689E0,5.699777603E-2,1.234159470E-1,-5.463352203E-1
9.223053355E0,7.908320427E-2,1.597251892E-1,-5.582857132E-1
9.231050253E0,3.725552559E-2,2.268009186E-1,-6.252188683E-1
9.239044458E0,-2.295947075E-2,2.889227867E-1,-6.559247971E-1
9.247040433E0,-1.229257584E-1,3.743305206E-1,-6.220793724E-1
9.255065869E0,-1.837277412E-1,4.424729347E-1,-6.265316010E-1
9.263061228E0,-2.552599907E-1,5.366387367E-1,-7.191047668E-1
9.271058741E0,-2.117393017E-1,6.258959770E-1,-7.470664978E-1
9.279052947E0,-9.532022476E-2,6.723442078E-1,-6.917500496E-1
9.287048228E0,2.996015549E-2,7.410621643E-1,-6.448230743E-1
9.295043973E0,1.041407585E-1,8.013787270E-1,-6.800866127E-1
9.303039639E0,2.110297680E-1,8.803539276E-1,-7.321166992E-1
9.311066383E0,3.079798222E-1,9.448132515E-1,-7.619352341E-1
9.319061357E0,4.391093254E-1,1.050986767E0,-1.985402107E0
9.327056717E0,9.796698093E-1,8.350453377E-1,-1.935026646E0
9.335052152E0,1.317748547E0,7.254672050E-1,-9.614744186E-1
9.343047820E0,1.106937885E0,8.862767220E-1,-8.961701393E-1
9.351044410E0,3.881018162E-1,7.667021751E-1,-2.411665916E-1
9.359039692E0,-2.019400597E-1,4.624366760E-1,-5.439043045E-2
9.367065282E0,-5.082471371E-1,2.554030418E-1,9.310579300E-2
9.375060025E0,-5.552759171E-1,2.326574326E-1,1.432924271E-1
9.383056308E0,-4.225335121E-1,3.290419579E-1,8.085536957E-2
9.391052898E0,-2.913577557E-1,3.853168488E-1,1.370620728E-2
9.399047642E0,-1.605274677E-1,3.805494308E-1,-7.940292358E-3
9.407042924E0,-1.096687317E-1,3.670043945E-1,4.617547989E-2
9.415038591E0,-7.075881958E-2,3.640542030E-1,6.287813187E-2
9.423064796E0,-2.371668816E-2,3.738713264E-1,1.558890343E-1
9.431061694E0,1.070332527E-2,3.465356827E-1,1.881322861E-1
9.439055514E0,5.585408211E-2,3.329420090E-1,1.455726624E-1
9.447051412E0,6.345677376E-2,2.500743866E-1,1.318297386E-1
9.455047078E0,-2.964973450E-2,4.970455170E-2,2.144951820E-1
9.463042746E0,-9.916424751E-2,-9.146308899E-2,2.316007614E-1
9.471039336E0,-7.727313042E-2,-1.490383148E-1,3.062496185E-1
9.479064233E0,-3.277659416E-2,-1.278042793E-1,3.215165138E-1
9.487059592E0,-6.367206573E-3,-1.997981071E-1,3.496217728E-1
9.495055567E0,-2.471542358E-2,-2.984657288E-1,2.441306114E-1
9.503051542E0,1.808359623E-1,-6.344280243E-1,2.102789879E-1
9.511047208E0,6.053972244E-2,-1.517153263E0,2.311501980E0
9.519042260E0,-1.162226200E0,-1.572634697E0,2.290634632E0
9.527037696E0,-1.975642920E0,-1.009620190E0,1.305031300E0
9.535063132E0,-1.546221495E0,-5.146975517E-1,1.024281025E0
9.543059491E0,-5.515484810E-1,-5.476894379E-1,1.143714428E0
9.551056312E0,4.666471481E-2,-6.732821465E-1,1.126394749E0
9.559050824E0,2.623844147E-2,-5.296807289E-1,7.296395302E-1
9.567046492E0,4.338169098E-2,-2.248544693E-1,4.527530670E-1
9.575040927E0,2.067775726E-1,1.214146614E-1,9.512948990E-2
9.583037518E0,4.114584923E-1,3.675260544E-1,-7.394313812E-2
9.591064569E0,5.464215279E-1,4.310140610E-1,-1.651039124E-1
9.599058928E0,4.912204742E-1,4.014511108E-1,-2.303786278E-1
9.607054056E0,2.941486835E-1,3.601093292E-1,-1.724252701E-1
9.615050570E0,8.759236336E-2,2.729349136E-1,-2.586507797E-2
9.623046006E0,-5.155968666E-2,1.816024780E-1,9.200572968E-2
9.631042288E0,-1.750462055E-1,8.749294281E-2,2.308826447E-1
9.639036417E0,-2.167055607E-1,4.020690918E-2,3.942484856E-1
9.647063391E0,-2.854034901E-1,-9.030628204E-2,5.566000938E-1
9.655058212E0,-3.759481907E-1,-2.994751930E-1,5.934596062E-1
9.663054186E0,-3.928394318E-1,-4.170951843E-1,6.366095543E-1
9.671051392E0,-4.091296196E-1,-4.692173004E-1,7.742047310E-1
9.679045520E0,-3.978695869E-1,-4.581909180E-1,8.064732552E-1
9.687041725E0,-3.024673462E-1,-3.905706406E-1,6.569681168E-1
9.695036161E0,-1.252617836E-1,-2.514424324E-1,4.843616486E-1
9.703062367E0,9.993505478E-2,-2.031483650E-1,4.086947441E-1
9.711059187E0,2.698156834E-1,-1.931185722E-1,4.368124008E-1
9.719053931E0,3.366086483E-1,-1.376652718E-1,4.609255791E-1
9.727049674E0,3.271043301E-1,-7.279253006E-2,4.932003021E-1
9.735045034E0,2.902007103E-1,-8.001708984E-2,4.599366188E-1
9.743039777E0,2.436649799E-1,-3.032207489E-2,4.285235405E-1
9.751037599E0,2.091162205E-1,-2.791881561E-3,3.773765564E-1
9.759062419E0,1.838092804E-1,1.269626617E-2,2.996993065E-1
9.767057548E0,1.320023537E-1,9.459495544E-3,1.698017120E-1
9.775053445E0,7.045078278E-2,-1.459932327E-2,7.657814026E-2
9.783049112E0,3.502058983E-2,-1.865386963E-3,-2.294301987E-2
9.791046087E0,1.831603050E-2,-2.412509918E-2,-1.097116470E-1
9.799040215E0,-4.856014252E-2,-5.296564102E-2,-1.262779236E-1
9.807035498E0,-6.280398369E-2,-1.459889412E-1,-1.255707741E-1
9.815063164E0,-7.820129395E-3,-2.073106766E-1,-8.602333069E-2
9.823056985E0,9.674739838E-2,-1.982450485E-1,-9.134006500E-2
9.831053651E0,2.263302803E-1,-1.921868324E-1,-1.362571716E-1
9.839048626E0,2.685184479E-1,-1.409850121E-1,-1.557941437E-1
9.847044600E0,2.484319210E-1,-1.095290184E-1,-2.237277031E-1
9.855039422E0,1.843278408E-1,-1.035499573E-1,-1.701579094E-1
9.863034780E0,1.483848095E-1,-7.120990753E-2,-1.681299210E-1
9.871062063E0,1.493580341E-1,-8.669900894E-2,-1.558604240E-1
9.879056806E0,1.170017719E-1,-7.368421555E-2,-1.197648048E-1
9.887052474E0,7.027029991E-2,-5.157184601E-2,-1.009221077E-1
9.895048448E0,5.691933632E-2,-5.562353134E-2,-1.968998909E-1
9.903043807E0,8.675599098E-2,-3.269147873E-2,-3.280639648E-1
9.911040167E0,1.340613365E-1,1.753854752E-2,-3.835902214E-1
9.919035525E0,1.820631027E-1,6.869697571E-2,-4.928150177E-1
9.927061653E0,2.373301983E-1,1.164374352E-1,-5.886120796E-1
9.935056705E0,2.374165058E-1,2.108502388E-1,-7.119917870E-1
9.943051450E0,3.132894039E-1,3.232932091E-1,-7.986445427E-1
9.951048577E0,4.161193371E-1,4.659814835E-1,-9.614109993E-1
9.959043091E0,6.190447807E-1,6.029310226E-1,-1.028615952E0
9.967038988E0,7.039666176E-1,6.506628990E-1,-1.103009224E0
9.975034348E0,6.461775303E-1,5.969157219E-1,-1.068984032E0
9.983060552E0,4.902367592E-1,5.540933609E-1,-1.050288200E0
9.991057758E0,4.066061974E-1,5.602054596E-1,-1.061306953E0
9.999051886E0,3.760597706E-1,6.200594902E-1,-1.027834415E0
1.000704686E1,4.048042297E-1,6.214427948E-1,-9.548969269E-1
1.001504284E1,3.340134621E-1,6.029372215E-1,-9.288592339E-1
1.002303796E1,2.019169331E-1,5.671787262E-1,-8.417458534E-1
1.003103517E1,4.260063171E-3,5.258145332E-1,-7.677812576E-1
1.003906038E1,-9.743976593E-2,4.403576851E-1,-6.897192001E-1
1.004705535E1,-1.289768219E-1,4.252109528E-1,-6.149592400E-1
1.005505109E1,-1.090562344E-1,3.841943741E-1,-5.628199577E-1
1.006304699E1,-9.210824966E-2,3.794245720E-1,-6.072864532E-1
1.007104304E1,2.469785213E-1,3.791670799E-1,-2.064907551E0
1.007903779E1,5.843954086E-1,-5.329751968E-2,-5.602178574E-1
1.008703345E1,1.149101257E-1,1.077127457E-2,-1.955924034E-1
1.009506012E1,-8.936901093E-1,1.492776871E-1,1.382441521E-1
1.010305432E1,-1.454683542E0,-8.023738861E-2,4.302396774E-1
1.011105215E1,-1.696911573E0,-3.795719147E-1,8.495664597E-1
1.011904620E1,-1.557190895E0,-4.105443954E-1,8.881645203E-1
1.012704163E1,-1.252889872E0,-2.640624046E-1,7.513794899E-1
1.013503761E1,-9.804677963E-1,-1.543922424E-1,6.151633263E-1
1.014306366E1,-8.055002689E-1,-9.555864334E-2,5.621128082E-1
1.015106025E1,-6.286890507E-1,-6.620597839E-2,6.477355957E-1
1.015905499E1,-5.496571064E-1,4.791259766E-3,7.209515572E-1
1.016705066E1,-4.795014858E-1,7.177209854E-2,6.931710243E-1
1.017504579E1,-3.866922855E-1,1.419487000E-1,6.149559021E-1
1.018304199E1,-2.399148941E-1,1.770839691E-1,5.679125786E-1
1.019103889E1,-3.625392914E-3,1.755700111E-1,3.707399368E-1
1.019903279E1,1.773929596E-1,1.362090111E-1,1.677112579E-1
1.020705884E1,3.853838444E-1,1.977739334E-1,-7.551431656E-2
1.021505481E1,6.095819473E-1,2.810497284E-1,-2.950363159E-1
1.022304994E1,8.767676353E-1,-2.257537842E-2,2.986116409E-1
1.023104746E1,4.557962418E-1,-5.415706635E-1,7.810254097E-1
1.023904058E1,-1.397843361E-1,-4.361324310E-1,5.104126930E-1
1.024703664E1,-1.984825134E-1,-1.597332954E-1,5.312943459E-1
1.025503200E1,8.621692657E-2,-2.915344238E-1,5.625863075E-1
1.026305866E1,2.950842381E-1,-5.476779938E-1,5.706028938E-1
1.027105556E1,2.306566238E-1,-6.122808456E-1,4.146938324E-1
1.027904969E1,2.146646976E-1,-4.974737167E-1,2.891736031E-1
1.028704505E1,2.459738255E-1,-2.411170006E-1,6.933164597E-2
1.029504071E1,3.334109783E-1,-1.196813583E-1,8.260011673E-2
1.030303676E1,4.260118008E-1,-1.369571686E-1,1.691484451E-2
1.031106413E1,4.980998039E-1,-2.296347618E-1,-3.665971756E-2
1.031905794E1,5.799887180E-1,-2.454009056E-1,7.271432877E-2
1.032705384E1,5.570557117E-1,-3.123869896E-1,8.199977875E-2
1.033504920E1,4.457626343E-1,-3.791832924E-1,1.170749664E-1
1.034304433E1,1.474204063E-1,-4.664049149E-1,2.100524902E-1
1.035104177E1,-2.139163017E-1,-4.877357483E-1,4.482040405E-1
1.035903620E1,-4.820902348E-1,-4.720754623E-1,8.554005623E-1
1.036706210E1,-5.333900452E-1,-4.712247849E-1,1.041355610E0
1.037505715E1,-5.042748451E-1,-4.404373169E-1,1.045664310E0
1.038305397E1,-4.952836037E-1,-3.835029602E-1,1.076250076E0
1.039105025E1,-4.874482155E-1,-3.145270348E-1,9.896440506E-1
1.039904446E1,-3.290193081E-1,-2.239408493E-1,8.510770798E-1
1.040703974E1,-1.120972633E-1,-1.425871849E-1,6.880278587E-1
1.041503510E1,7.816576958E-2,-8.168029785E-2,4.924187660E-1
1.042306131E1,2.236521244E-1,-6.731033325E-3,2.156643867E-1
1.043105851E1,2.943551540E-1,5.710792542E-2,-3.015661240E-2
1.043905295E1,4.305839539E-1,1.394147873E-1,-1.801228523E-1
1.044704831E1,5.008025169E-1,1.719074249E-1,-2.751655579E-1
1.045504420E1,4.301857948E-1,1.955156326E-1,-3.872900009E-1
1.046303933E1,3.576140404E-1,2.269506454E-1,-4.016542435E-1
1.047103585E1,2.953333855E-1,1.861786842E-1,-3.072037697E-1
1.047906082E1,2.629079819E-1,1.628103256E-1,-2.990393639E-1
1.048705641E1,2.382404804E-1,1.923670769E-1,-2.581934929E-1
1.049505185E1,2.877824306E-1,2.507696152E-1,-2.545967102E-1
1.050304751E1,3.301043510E-1,3.117561340E-1,-2.618417740E-1
1.051104441E1,3.874878883E-1,3.659763336E-1,-3.678245544E-1
1.051903908E1,4.634022713E-1,4.162797928E-1,-5.043840408E-1
1.052703413E1,4.753582478E-1,4.868931770E-1,-6.201672554E-1
1.053506095E1,4.651312828E-1,5.398039818E-1,-7.669129372E-1
1.054305600E1,4.092195034E-1,5.276818275E-1,-8.648066521E-1
1.055105321E1,3.288562298E-1,4.674468040E-1,-9.545931816E-1
1.055904764E1,1.593148708E-1,3.500065804E-1,-1.057381153E0
1.056704239E1,7.980775833E-2,3.265142441E-1,-1.115599155E0
1.057503890E1,1.272351742E-1,3.656044006E-1,-1.156655312E0
1.058303426E1,1.971125603E-1,4.070277214E-1,-1.179465771E0
1.059106131E1,2.451572418E-1,4.144778252E-1,-1.319208622E0
1.059905552E1,2.851860523E-1,3.854742050E-1,-1.389540672E0
1.060705118E1,2.528457642E-1,3.345146179E-1,-1.392524242E0
1.061504746E1,2.447316647E-1,2.754774094E-1,-1.335311890E0
1.062304282E1,3.110058308E-1,2.540016174E-1,-1.323142529E0
1.063103934E1,3.588652611E-1,2.176623344E-1,-1.266793251E0
1.063903354E1,3.069198132E-1,2.193174362E-1,-1.245032787E0
1.064705929E1,1.798269749E-1,2.323398590E-1,-1.209808350E0
1.065505618E1,8.638167381E-2,3.165035248E-1,-1.823725224E0
1.066305093E1,3.416092396E-1,9.738492966E-2,-1.642076015E0
1.067104783E1,1.009850502E-1,-2.495684624E-1,-4.378519058E-1
1.067904265E1,-5.585868359E-1,-5.391883850E-2,-4.598793983E-1
1.068703770E1,-1.214954615E0,-1.166658401E-1,1.181983948E-2
1.069503360E1,-1.373278618E0,-4.410462379E-1,3.742136955E-1
1.070305949E1,-1.278581142E0,-5.791912079E-1,5.309782028E-1
1.071105608E1,-1.054911375E0,-5.350012779E-1,5.807695389E-1
1.071904990E1,-8.096070290E-1,-5.086784363E-1,2.304468155E-1
1.072704611E1,-5.480666161E-1,-1.193153381E0,2.142751694E0
1.073504155E1,-1.551364183E0,-1.474794388E0,2.672248363E0
1.074303690E1,-2.381198883E0,-9.489455223E-1,2.269347191E0
1.075103373E1,-2.102633238E0,-3.094844818E-1,1.916368008E0
1.075905893E1,-1.128162622E0,-1.172580719E-1,1.829910755E0
1.076705490E1,-4.512903690E-1,-5.571794510E-2,1.607504368E0
1.077505026E1,-3.097219467E-1,-9.282112122E-3,1.429856777E0
1.078304539E1,-2.780480385E-1,1.149220467E-1,1.297417164E0
1.079104252E1,-2.353570461E-1,2.974696159E-1,1.074180603E0
1.079903726E1,-1.581377983E-1,4.911642075E-1,5.571403503E-1
1.080703232E1,1.034238338E-1,7.051558495E-1,-2.778353691E-1
1.081505906E1,6.104426384E-1,6.365323067E-1,-4.378194809E-1
1.082305442E1,9.516150951E-1,4.016427994E-1,-1.607904434E-1
1.083105101E1,1.038857222E0,2.847056389E-1,-2.609844208E-1
1.083904544E1,1.102042437E0,3.174643517E-1,-1.543607712E-1
1.084704026E1,1.144798279E0,3.303751945E-1,-2.570657730E-1
1.085503686E1,1.015045166E0,3.260493279E-1,-2.011036873E-1
1.086303221E1,6.164612770E-1,3.100318909E-1,2.625098228E-1
1.087105950E1,1.209313869E-1,3.670573235E-1,6.384601593E-1
1.087905393E1,-5.498180389E-1,4.466147423E-1,1.122969627E0
1.088704868E1,-9.810409546E-1,5.926170349E-1,1.186696529E0
1.089504442E1,-1.086516857E0,6.689424515E-1,1.126505375E0
1.090304063E1,-9.324445724E-1,6.900515556E-1,8.978519440E-1
1.091103783E1,-7.464013100E-1,6.555995941E-1,8.563876152E-1
1.091903173E1,-3.448963165E-1,7.927560806E-1,2.398853302E-1
1.092705786E1,-1.276621819E-1,7.395243645E-1,2.044191360E-1
1.093505314E1,3.585338593E-3,6.181292534E-1,2.178759575E-1
1.094304911E1,6.622743607E-2,5.466012955E-1,-2.111816406E-2
1.095104547E1,-6.556510925E-3,4.147849083E-1,-7.760334015E-2
1.095904045E1,-1.867976189E-1,2.247638702E-1,-1.002182961E-1
1.096703558E1,-1.879515648E-1,6.975173950E-2,4.674959183E-2
1.097503094E1,-2.337174416E-1,6.256580353E-3,-3.983163834E-2
1.098305706E1,-1.997251511E-1,1.578330994E-4,-1.779060364E-1
1.099105358E1,-2.595448494E-1,3.082513809E-2,-2.140979767E-1
1.099904801E1,-3.855924606E-1,5.621147156E-2,-3.260898590E-1
1.100704368E1,-5.139207840E-1,-3.233528137E-2,-2.933850288E-1
1.101504065E1,-5.695452690E-1,-2.061805725E-1,-2.592315674E-1
1.102303532E1,-5.127048492E-1,-3.944864273E-1,-3.832979202E-1
1.103103222E1,-3.223547935E-1,-4.182229042E-1,-5.803198814E-1
1.103905658E1,-6.924819946E-2,-2.994832993E-1,-8.780941963E-1
1.104705309E1,9.994602203E-2,-2.142987251E-1,-8.991312981E-1
1.105504753E1,2.955446243E-1,-1.823101044E-1,-1.129772663E0
1.106304358E1,4.391853809E-1,-1.632061005E-1,-1.383168221E0
1.107103986E1,5.511600971E-1,-2.033281326E-1,-1.551598072E0
1.107903491E1,7.438998222E-1,-1.840405464E-1,-1.573889256E0
1.108703050E1,8.689610958E-1,-1.852693558E-1,-1.520354748E0
1.109505671E1,9.840657711E-1,-1.289548874E-1,-1.647923946E0
1.110305199E1,1.035182238E0,-1.326370239E-1,-1.613754272E0
1.111104889E1,1.067300797E0,-1.872472763E-1,-1.685259819E0
1.111904278E1,1.084193707E0,-2.636075020E-1,-1.698286533E0
1.112703960E1,1.189876556E0,-4.332084656E-1,-2.300717831E0
1.113503404E1,1.149029255E0,-5.878739357E-1,-2.768507481E0
1.114302979E1,1.023045063E0,-4.358816147E-1,-1.225480556E0
1.115105768E1,6.247856617E-1,-2.579565048E-1,-3.529772758E-1
1.115905181E1,-3.810811043E-2,-6.252303123E-1,-1.052007675E0
1.116704755E1,-4.498820305E-1,-7.764415741E-1,-1.123050690E0
1.117504291E1,-2.287390232E-1,-7.173414230E-1,-8.066229820E-1
1.118303827E1,7.122206688E-2,-5.964269638E-1,-4.977078438E-1
1.119103571E1,1.814970970E-1,-5.705018044E-1,-6.063103676E-1
1.119902930E1,2.545435429E-1,-5.588397980E-1,-7.873282433E-1
1.120705543E1,4.839510918E-1,-5.187940598E-1,-8.547253609E-1
1.121505133E1,6.073615551E-1,-4.746794701E-1,-7.978796959E-1
1.122304699E1,5.980498791E-1,-4.385280609E-1,-6.674246788E-1
1.123104297E1,4.715566635E-1,-4.560518265E-1,-4.844284058E-1
1.123903810E1,3.826489449E-1,-4.754900932E-1,-3.496022224E-1
1.124703346E1,2.815852165E-1,-5.331468582E-1,-1.482348442E-1
1.125502904E1,3.825297356E-1,-5.671911240E-1,3.674650192E-2
1.126305517E1,4.071385860E-1,-4.509940147E-1,2.009582520E-2
1.127105184E1,1.754012108E-1,-2.843122482E-1,-5.031566620E-1
1.127904658E1,-8.225965500E-2,-3.106875420E-1,4.757165909E-2
1.128704217E1,-5.836751461E-1,-5.724959373E-1,2.852134705E-1
1.129503753E1,-8.300273418E-1,-6.211309433E-1,2.759046555E-1
1.130303289E1,-1.132766724E0,-7.323489189E-1,7.729010582E-1
1.131106064E1,-1.455729961E0,-9.370651245E-1,1.343879223E0
1.131905476E1,-1.376845837E0,-1.073032379E0,1.581430912E0
1.132705035E1,-6.185035706E-1,-9.042096138E-1,1.401184082E0
1.133504610E1,5.219531059E-2,-5.083689690E-1,1.160892963E0
1.134304176E1,5.202400684E-1,-1.365113258E-1,8.490681648E-1
1.135103774E1,7.521719933E-1,1.489534378E-1,3.044590950E-1
1.135903218E1,7.854092121E-1,2.733383179E-1,-6.691360474E-2
1.136705915E1,8.918056488E-1,2.626357079E-1,-2.821221352E-1
1.137505428E1,9.294073582E-1,9.733152390E-2,-2.591819763E-1
1.138305048E1,6.689994335E-1,-1.887178421E-2,-1.691255569E-1
1.139104676E1,3.275432587E-1,1.122903824E-2,-3.090934753E-1
1.139904066E1,-3.229529858E-1,1.219310760E-1,4.162979126E-2
1.140703656E1,-6.236526966E-1,1.391491890E-1,-7.373094559E-2
1.141503254E1,-5.166027546E-1,2.115602493E-1,-2.253460884E-1
1.142305843E1,-2.222063541E-1,2.011475563E-1,-6.069707870E-2
1.143105533E1,-3.152203560E-2,1.821165085E-1,1.898455620E-1
1.143904946E1,4.837751389E-3,2.571530342E-1,-4.960107803E-2
1.144704505E1,-4.004075527E-1,3.976736069E-1,-2.915158272E-1
1.145504102E1,-9.483571053E-1,3.730115891E-1,-9.886598587E-2
1.146303646E1,-1.324106216E0,1.704020500E-1,2.355604172E-1
1.147103305E1,-1.363059998E0,-7.952499390E-2,4.314303398E-1
1.147905795E1,-1.242425919E0,-1.809048653E-1,3.121404648E-1
1.148705323E1,-1.019825459E0,-1.272888184E-1,8.631372452E-2
1.149504866E1,-9.445681572E-1,-1.545457840E-1,-1.465263367E-1
1.150304487E1,-9.489336014E-1,-3.062715530E-1,-9.206342697E-2
1.151104154E1,-7.595195770E-1,-4.176750183E-1,-1.240015030E-1
1.151903620E1,-2.569322586E-1,-4.483294487E-1,-1.575460434E-1
1.152703133E1,-2.553462982E-2,-4.479112625E-1,-1.631007195E-1
1.153505777E1,-2.812743187E-1,-5.541601181E-1,1.226711273E-2
1.154305282E1,-8.629331589E-1,-6.351542473E-1,1.671028137E-1
1.155105033E1,-1.326381683E0,-7.477355003E-1,3.573946953E-1
1.155904438E1,-1.527830601E0,-8.637681007E-1,6.497645378E-1
1.156703951E1,-1.564202785E0,-8.369240761E-1,7.494487762E-1
1.157503549E1,-1.587361813E0,-7.211303711E-1,7.171325684E-1
1.158303054E1,-1.565405369E0,-5.620784760E-1,5.387692451E-1
1.159105844E1,-1.384251118E0,-4.410004616E-1,3.546714783E-1
1.159905264E1,-9.714508057E-1,-2.328128815E-1,1.539525986E-1
1.160704854E1,-6.066246033E-1,-4.742193222E-2,1.083660126E-2
1.161504367E1,-2.778601646E-1,7.531499863E-2,-1.123881340E-1
1.162303933E1,-8.058977127E-2,1.074643135E-1,-2.072939873E-1
1.163103623E1,1.049852371E-1,1.841149330E-1,-1.069498062E-1
1.163903067E1,1.479706764E-1,4.327564240E-1,-2.381014824E-1
1.164705641E1,-1.231288910E-1,7.118248940E-1,-3.102960587E-1
1.165505239E1,-4.897847176E-1,9.227304459E-1,-2.857470512E-1
1.166304805E1,-5.602250099E-1,8.988251686E-1,-2.535724640E-2
1.167104526E1,-3.523926735E-1,7.701148987E-1,2.008080482E-1
1.167903885E1,-1.052246094E-1,6.944189072E-1,3.750901222E-1
1.168703482E1,6.400394440E-2,7.395620346E-1,3.930039406E-1
1.169502988E1,1.966829300E-1,8.650426865E-1,2.862076759E-1
1.170305623E1,2.251420021E-1,9.319896698E-1,1.230096817E-1
1.171105321E1,2.982292175E-1,9.723711014E-1,-2.129936218E-2
1.171904788E1,4.317836761E-1,1.020447254E0,-1.039009094E-1
1.172704300E1,6.562337875E-1,1.038772106E0,-1.460175514E-1
1.173503836E1,6.511859894E-1,1.034874439E0,-2.762351036E-1
1.174303465E1,3.501167297E-1,1.096146107E0,-3.662762642E-1
1.175103085E1,-4.873275757E-4,1.161855221E0,-4.651865959E-1
1.175905521E1,-1.899809837E-1,1.104688644E0,-4.247913361E-1
1.176705118E1,-3.069067001E-1,8.932871819E-1,-3.264718056E-1
1.177504770E1,-3.051409721E-1,5.868477821E-1,-2.575397491E-3
1.178304221E1,-1.478657722E-1,3.354206085E-1,2.837281227E-1
1.179103872E1,1.254668236E-1,2.040014267E-1,4.002523422E-1
1.179903354E1,3.431744576E-1,1.741838455E-1,3.653721809E-1
1.180702921E1,5.558152199E-1,1.201186180E-1,3.048391342E-1
1.181505626E1,7.159881592E-1,2.961730957E-2,1.207027435E-1
1.182305124E1,9.228186607E-1,-7.185411453E-2,6.377506256E-2
1.183104783E1,1.117920637E0,-1.138291359E-1,-1.955604553E-2
1.183904203E1,1.099649191E0,-8.389139175E-2,-2.106995583E-1
1.184703793E1,8.424973488E-1,-2.463436127E-2,-4.031143188E-1
1.185503267E1,4.560136795E-1,1.252985001E-2,-4.769301414E-1
1.186302873E1,-1.178641319E-1,-8.213138580E-2,-3.822531700E-1
1.187105670E1,-4.183125496E-1,-3.191704750E-1,-1.327633858E-1
1.187905114E1,-3.827877045E-1,-5.812292099E-1,1.865353584E-1
1.188704650E1,-5.272388458E-2,-8.168067932E-1,4.165377617E-1
1.189504208E1,2.765908241E-1,-8.760843277E-1,4.606122971E-1
1.190303691E1,5.999050140E-1,-7.362279892E-1,3.631930351E-1
1.191103411E1,7.853696346E-1,-5.473122597E-1,1.271939278E-1
1.191902878E1,8.566188812E-1,-3.187603951E-1,-7.352924347E-2
1.192705491E1,9.060535431E-1,-2.138800621E-1,-1.311926842E-1
1.193505034E1,9.532747269E-1,-1.763029099E-1,-1.081461906E-1
1.194304532E1,9.961864948E-1,-1.302361488E-1,-3.400325775E-2
1.195104221E1,9.486901760E-1,-6.429052353E-2,3.781080246E-2
1.195903696E1,8.073205948E-1,2.100944519E-2,1.895771027E-1
1.196703293E1,5.277154446E-1,9.872770309E-2,1.483573914E-1
1.197502806E1,2.910866737E-1,1.283483505E-1,1.148343086E-1
1.198305388E1,1.396656036E-1,1.906547546E-1,2.462577820E-2
1.199105201E1,1.042628288E-1,1.935553551E-1,-1.262378693E-2
1.199904552E1,1.645789146E-1,1.666865349E-1,2.078819275E-2
1.200704111E1,2.567899227E-1,1.704678535E-1,-6.230783463E-2
1.201503678E1,2.690432072E-1,1.193790436E-1,-1.481361389E-1
1.202303245E1,2.696342468E-1,1.307010651E-3,-1.426196098E-1
1.203102942E1,1.949160099E-1,-7.120943069E-2,-1.575984955E-1
1.203905370E1,3.643798828E-2,-1.846852303E-1,-1.998944283E-1
1.204704906E1,-1.904845238E-2,-2.861857414E-1,-3.817472458E-1
1.205504473E1,7.483100891E-2,-3.216586113E-1,-3.673853874E-1
1.206304063E1,-4.075789452E-2,-3.345713615E-1,-2.312679291E-1
1.207103722E1,-2.240586281E-1,-3.658347130E-1,-2.973217964E-1
1.207903165E1,-2.931888103E-1,-3.989992142E-1,-2.890281677E-1
1.208702678E1,-1.631987095E-1,-4.606075287E-1,-2.792625427E-1
1.209505322E1,6.855535507E-2,-4.655957222E-1,-4.056239128E-1
1.210304912E1,1.940011978E-1,-4.842119217E-1,5.763387680E-2
1.211104640E1,9.016132355E-2,-5.591554642E-1,3.820424080E-1
1.211904045E1,-3.856267929E-1,-5.809526443E-1,4.445476532E-1
1.212703496E1,-6.197624207E-1,-5.348949432E-1,3.864893913E-1
1.213503094E1,-4.822785854E-1,-2.951130867E-1,1.453175545E-1
1.214302683E1,-1.544101238E-1,-1.497297287E-1,1.149463654E-2
1.215105481E1,1.346204281E-1,-6.398344040E-2,-1.008696556E-1
1.215904871E1,1.813800335E-1,-5.923652649E-2,-6.222629547E-2
1.216704376E1,1.195366383E-1,-6.968975067E-2,3.391695023E-2
1.217503935E1,8.897161484E-2,-6.294918060E-2,1.629633904E-1
1.218303532E1,1.415345669E-1,-3.913593292E-2,2.595858574E-1
1.219103199E1,1.390979290E-1,-9.719371796E-3,3.496093750E-1
1.219902635E1,8.508253098E-2,-2.922582626E-2,4.590930939E-1
1.220705255E1,-1.907587051E-3,-3.278636932E-2,5.616116524E-1
1.221504791E1,-1.167027950E-1,-7.115221024E-2,7.861638069E-1
1.222304389E1,-2.110674381E-1,-7.543897629E-2,9.097027779E-1
1.223104048E1,-1.998767853E-1,-5.698204041E-4,9.757733345E-1
1.223903453E1,-7.799315453E-2,1.357479095E-1,1.189451218E0
1.224703027E1,2.620198727E-1,2.404255867E-1,1.352213860E0
1.225505602E1,6.209840775E-1,3.454833031E-1,1.507937431E0
1.226305176E1,1.037024021E0,3.908982277E-1,1.589329243E0
1.227104889E1,1.581724882E0,4.130487442E-1,1.607211590E0
1.227904363E1,1.839865208E0,3.836250305E-1,1.875105381E0
1.228703845E1,1.913807154E0,3.761367798E-1,2.266602993E0
1.229503535E1,1.702538729E0,4.266691208E-1,2.782387257E0
1.230302940E1,1.373316765E0,4.258346558E-1,3.136426449E0
1.231105684E1,1.165049314E0,3.004207611E-1,3.607956886E0
1.231905127E1,1.203118086E0,1.766929626E-1,3.884990215E0
1.232704663E1,1.159645319E0,1.811313629E-1,3.935470104E0
1.233504322E1,9.184186459E-1,3.364510536E-1,3.779017925E0
1.234303851E1,5.833952427E-1,4.941782951E-1,3.535228729E0
1.235103540E1,2.530479431E-1,6.034870148E-1,3.151824951E0
1.235902984E1,1.287574768E-1,6.280641556E-1,2.777663708E0
1.236705597E1,2.119350433E-1,6.205477715E-1,2.474889755E0
1.237505102E1,3.628838062E-1,6.312589645E-1,2.330609798E0
1.238304676E1,4.682826996E-1,6.197743416E-1,2.148233891E0
1.239104266E1,4.704203606E-1,6.049823761E-1,1.987161160E0
1.239903748E1,3.561434746E-1,6.105260849E-1,1.812873363E0
1.240703346E1,1.796135902E-1,6.219458580E-1,1.493068218E0
1.241502912E1,1.358675957E-2,5.697793961E-1,1.330948830E0
1.242305548E1,-1.891787052E-1,4.945263863E-1,8.441042900E-1
1.243105207E1,-3.103544712E-1,3.732867241E-1,4.302597046E-1
1.243904651E1,-3.429803848E-1,3.282995224E-1,4.043149948E-2
1.244704225E1,-3.154499531E-1,3.564324379E-1,-4.382772446E-1
1.245503700E1,-2.420544624E-1,4.364638329E-1,-8.701300621E-1
1.246303320E1,-6.513333321E-2,5.528883934E-1,-1.332949638E0
1.247102918E1,1.253597736E-1,6.371531487E-1,-1.670310020E0
1.247905507E1,3.476412296E-1,7.584428787E-1,-2.009171009E0
1.248704974E1,4.550409317E-1,8.802185059E-1,-2.212049961E0
1.249504610E1,4.748673439E-1,9.081406593E-1,-2.493692875E0
1.250304176E1,4.991569519E-1,8.352699280E-1,-2.596827984E0
1.251103866E1,4.244239330E-1,6.985692978E-1,-2.665669918E0
1.251903248E1,2.762978077E-1,5.574793816E-1,-2.736786366E0
1.252702807E1,4.454874992E-2,3.756608963E-1,-2.753307343E0
1.253505451E1,-1.452696323E-1,1.070532799E-1,-2.827616215E0
1.254304995E1,-3.538401127E-1,-1.983008385E-1,-2.901617050E0
1.255104623E1,-6.179039478E-1,-4.540534019E-1,-2.873843670E0
1.255904090E1,-9.598097801E-1,-7.761540413E-1,-2.885635853E0
1.256703695E1,-1.242699623E0,-1.045712948E0,-2.858478069E0
1.257503200E1,-1.358821392E0,-1.163216591E0,-2.831536293E0
1.258302767E1,-1.228714466E0,-1.185993671E0,-2.879775524E0
1.259105526E1,-1.064995766E0,-1.123356819E0,-2.797865391E0
1.259904946E1,-8.952093124E-1,-1.130993366E0,-2.832888126E0
1.260704567E1,-8.179409504E-1,-1.117551804E0,-2.794871330E0
1.261504079E1,-6.925790310E-1,-1.084122181E0,-2.710630894E0
1.262303638E1,-6.255939007E-1,-1.101492405E0,-2.506830692E0
1.263103274E1,-5.642168522E-1,-1.100010872E0,-2.227644920E0
1.263902710E1,-5.374245644E-1,-1.167231560E0,-1.966946125E0
1.264705300E1,-5.470187664E-1,-1.199432850E0,-1.686735630E0
1.265504859E1,-6.077024937E-1,-1.211400986E0,-1.489182949E0
1.266304487E1,-6.832618713E-1,-1.177045345E0,-1.373733997E0
1.267104154E1,-7.557814121E-1,-1.040957451E0,-1.313519001E0
1.267903567E1,-7.736747265E-1,-8.594427109E-1,-1.595719337E0
1.268703195E1,-7.030045986E-1,-8.475947380E-1,-1.329140663E0
1.269502754E1,-6.063296795E-1,-9.315528870E-1,-9.188380241E-1
1.270305313E1,-2.939882278E-1,-8.990793228E-1,-7.792167664E-1
1.271104964E1,-5.164194107E-2,-8.172950745E-1,-8.002691269E-1
1.271904346E1,6.967616081E-2,-6.722493172E-1,-8.178348541E-1
1.272703982E1,9.435129166E-2,-5.242409706E-1,-7.463316917E-1
1.273503511E1,1.138534546E-1,-3.855743408E-1,-7.083544731E-1
1.274303077E1,1.178545952E-1,-2.972660065E-1,-6.200718880E-1
1.275102705E1,-4.117417336E-2,-2.970657349E-1,-6.195669174E-1
1.275905257E1,-7.544684410E-2,-3.059382439E-1,-4.003772736E-1
1.276704831E1,1.629574299E-1,-2.486114502E-1,-2.560663223E-2
1.277504398E1,3.046576977E-1,-1.706948280E-1,5.764250755E-1
1.278303934E1,2.913365364E-1,-8.302402496E-2,5.707669258E-1
1.279103646E1,2.020697594E-1,1.326856613E-1,-3.021907806E-2
1.279903098E1,2.540531158E-1,2.346515656E-1,4.035663605E-2
1.280702626E1,4.926195145E-1,2.408351898E-1,3.171315193E-1
1.281505270E1,4.605975151E-1,3.332710266E-1,3.095002174E-1
1.282304836E1,2.725570202E-1,3.312792778E-1,2.431101799E-1
1.283104503E1,1.543900967E-1,-2.122879028E-3,6.105575562E-1
1.283903908E1,5.182075500E-2,-3.022365570E-1,4.335813522E-1
1.284703483E1,-2.024033070E-1,-6.454944611E-1,1.053512573E0
1.285502988E1,-4.683125019E-1,-8.461918831E-1,1.076004982E0
1.286302639E1,-4.298746586E-1,-9.533624649E-1,1.151878357E0
1.287105252E1,-4.596812725E-1,-9.388847351E-1,1.074862957E0
1.287904726E1,-6.537137032E-1,-8.636126518E-1,1.043302536E0
1.288704239E1,-7.220535278E-1,-8.685836792E-1,8.409981728E-1
1.289503867E1,-3.441836834E-1,-8.794050217E-1,6.691250801E-1
1.290303403E1,5.435180664E-1,-8.453845978E-1,5.072879791E-1
1.291103116E1,1.434575796E0,-8.905658722E-1,5.015211105E-1
1.291902537E1,1.682956696E0,-9.977622032E-1,4.298901558E-1
1.292705142E1,1.251064777E0,-1.083960533E0,5.548915863E-1
1.293504747E1,6.382255554E-1,-1.033656597E0,7.669076920E-1
1.294304221E1,-1.395630836E-2,-9.323921204E-1,1.057894707E0
1.295103819E1,-5.272505283E-1,-9.030184746E-1,1.225356579E0
1.295903408E1,-7.324700356E-1,-9.211974144E-1,1.317636490E0
1.296702944E1,-8.285579681E-1,-9.908914566E-1,1.430442810E0
1.297502488E1,-7.882535458E-1,-9.729404449E-1,1.391163826E0
1.298305124E1,-6.216547489E-1,-7.973461151E-1,1.118933678E0
1.299104760E1,-2.996094227E-1,-6.571912766E-1,1.386010647E0
1.299904196E1,4.622077942E-2,-5.816040039E-1,1.291763306E0
1.300703762E1,1.999256611E-1,-6.869463921E-1,1.450100899E0
1.301503360E1,4.273936749E-1,-9.355297089E-1,1.817302704E0
1.302302842E1,3.753838539E-1,-8.337960243E-1,1.229595661E0
1.303102555E1,-4.406833649E-2,-4.362816811E-1,2.146711349E-1
1.303905044E1,-8.915019035E-2,-3.688478470E-2,1.964278221E-1
1.304704642E1,-5.718660355E-2,-4.093027115E-2,5.082664490E-1
1.305504124E1,-4.051327705E-1,-1.843376160E-1,6.375813484E-1
1.306303714E1,-4.438610077E-1,-1.732749939E-1,8.456726074E-1
1.307103434E1,-9.066867828E-2,1.444053650E-2,6.525588036E-1
1.307902878E1,3.567450047E-1,1.124472618E-1,5.156936646E-1
1.308702383E1,4.375019073E-1,6.106805801E-2,6.010150909E-1
1.309505004E1,2.360579967E-1,2.262401581E-2,6.007275581E-1
1.310304563E1,-1.850316525E-1,1.265859604E-2,7.963943481E-1
1.311104252E1,-5.301020145E-1,4.377126694E-2,6.686220169E-1
1.311903727E1,-8.622562885E-1,1.274943352E-1,3.844170570E-1
1.312703263E1,-8.960950375E-1,3.436574936E-1,5.998086929E-2
1.313502829E1,-7.575747967E-1,5.289416313E-1,-2.065968513E-1
1.314302304E1,-5.701014996E-1,5.592446327E-1,4.040956497E-2
1.315105017E1,-3.340225220E-1,5.518970490E-1,2.737960815E-1
1.315904576E1,-7.026863098E-2,4.637641907E-1,4.048490524E-1
1.316704088E1,1.702632904E-1,3.979825974E-1,4.773211479E-1
1.317503686E1,4.135613441E-1,3.921966553E-1,5.989499092E-1
1.318303191E1,5.565106869E-1,4.895572662E-1,3.673501015E-1
1.319102912E1,6.438395977E-1,5.765905380E-1,1.883668900E-1
1.319902347E1,7.176578045E-1,8.127818108E-1,8.870601654E-2
1.320704960E1,7.705733776E-1,1.086605072E0,-2.964034081E-1
1.321504496E1,7.272269726E-1,1.452283859E0,-7.528214455E-1
1.322304009E1,5.800180435E-1,1.640243530E0,-7.819542885E-1
1.323103760E1,2.965660095E-1,1.660772800E0,-3.490200043E-1
1.323903166E1,1.555190086E-1,1.521845341E0,1.937541962E-1
1.324702740E1,1.579904556E-1,1.378912926E0,5.771112442E-1
1.325502276E1,2.420010567E-1,1.269961834E0,5.680432320E-1
1.326304889E1,4.198837280E-1,1.247914314E0,3.732581139E-1
1.327104548E1,8.277626038E-1,1.238820553E0,3.537378311E-1
1.327904045E1,1.179582357E0,1.132373810E0,4.789042473E-1
1.328703558E1,1.155072451E0,9.851136208E-1,3.802123070E-1
1.329503155E1,7.820115089E-1,8.324465752E-1,1.209659576E-1
1.330302653E1,4.852709770E-1,8.168296814E-1,-3.685040474E-1
1.331102343E1,1.207504272E-1,9.910058975E-1,-1.008488655E0
1.331904894E1,1.737356186E-2,1.176440716E0,-1.175726414E0
1.332704399E1,2.334513664E-1,1.226297855E0,-8.843865395E-1
1.333503966E1,7.421147823E-1,1.098942757E0,-3.181476593E-1
1.334303502E1,1.125933409E0,9.044160843E-1,3.513517380E-1
1.335103191E1,1.285580873E0,7.238864899E-1,5.434122086E-1
1.335902635E1,1.217575312E0,6.133246422E-1,5.776553154E-1
1.336705194E1,1.038757086E0,4.992804527E-1,6.135702133E-1
1.337504791E1,8.127493858E-1,4.910445213E-1,5.858435631E-1
1.338304358E1,6.218292713E-1,5.161333084E-1,6.645140648E-1
1.339104040E1,5.330097675E-1,6.234946251E-1,5.439620018E-1
1.339903491E1,5.606424809E-1,6.832385063E-1,5.042228699E-1
1.340702997E1,5.630590916E-1,7.162394524E-1,4.060282707E-1
1.341502617E1,6.101238728E-1,7.136669159E-1,7.817745209E-3
1.342305230E1,6.211316586E-1,6.200675964E-1,-2.240281105E-1
1.343104835E1,5.594861507E-1,4.302234650E-1,-2.160801888E-1
1.343904310E1,4.080276489E-1,2.865552902E-1,-2.089514732E-1
1.344703869E1,2.037024498E-1,2.437453270E-1,-3.292026520E-1
1.345503412E1,1.135091782E-1,3.095974922E-1,-5.657019615E-1
1.346303010E1,4.818630219E-2,4.105567932E-1,-8.426876068E-1
1.347102699E1,-7.265090942E-2,4.633650780E-1,-8.847088814E-1
1.347905181E1,-3.593068123E-1,4.782457352E-1,-7.873988152E-1
1.348704779E1,-9.004039764E-1,4.158854485E-1,-4.655289650E-1
1.349504323E1,-1.261853695E0,3.987331390E-1,-3.185958862E-1
1.350303858E1,-1.429719925E0,3.291563988E-1,3.279161453E-2
1.351103487E1,-1.429493904E0,2.815785408E-1,3.598394394E-1
1.351902892E1,-1.380784512E0,3.525466919E-1,6.977019310E-1
1.352702459E1,-1.361875057E0,6.633887291E-1,8.809504509E-1
1.353505110E1,-1.434481144E0,1.138393879E0,8.752298355E-1
1.354304638E1,-1.375936508E0,1.582944155E0,9.663839340E-1
1.355104366E1,-9.434909821E-1,1.753681183E0,1.313621998E0
1.355903810E1,-1.702632904E-1,1.629333019E0,1.058441639E0
1.356703407E1,3.673238754E-1,1.384416819E0,1.331776142E0
1.357502912E1,1.566576958E-1,1.246549845E0,1.324778557E0
1.358302510E1,-3.334345818E-1,1.101047993E0,1.003219604E0
1.359105215E1,-3.552179337E-1,8.869347572E-1,1.005853653E0
1.359904628E1,-3.551721573E-2,6.792778969E-1,1.651379585E0
1.360704133E1,1.959762573E-1,5.169315338E-1,2.004862309E0
1.361503669E1,3.467836380E-1,4.518232346E-1,2.262505054E0
1.362303320E1,6.736350060E-1,4.032645226E-1,2.502528191E0
1.363102956E1,1.120067120E0,3.593072891E-1,2.657428741E0
1.363902400E1,1.648770571E0,2.804384232E-1,2.531650543E0
1.364705036E1,2.105074644E0,1.445932388E-1,2.341793060E0
1.365504579E1,2.667355776E0,-8.073806763E-3,1.993308544E0
1.366304138E1,3.114243269E0,-1.969442368E-1,1.772026062E0
1.367103805E1,3.396571636E0,-3.313879967E-1,1.551822186E0
1.367903218E1,3.576974392E0,-5.215864182E-1,1.242134571E0
1.368702869E1,3.524851799E0,-7.933216095E-1,1.046187401E0
1.369502413E1,3.236387253E0,-1.124807358E0,6.060409546E-1
1.370304964E1,2.780767441E0,-1.509076118E0,2.546305656E-1
1.371104677E1,2.327839136E0,-1.801169872E0,-1.806445122E-1
1.371904059E1,1.712462664E0,-2.088087082E0,-4.549093246E-1
1.372703687E1,1.095854044E0,-2.263116837E0,-4.624319077E-1
1.373503223E1,3.578095436E-1,-2.372487545E0,-6.036553383E-1
1.374302767E1,-3.530306816E-1,-2.508484840E0,-5.498695374E-1
1.375102449E1,-1.004551888E0,-2.593728542E0,-4.989213943E-1
1.375904938E1,-1.418700695E0,-2.734292507E0,-3.322772980E-1
1.376704513E1,-1.624077797E0,-2.795629501E0,-3.044095039E-1
1.377504110E1,-1.766321182E0,-2.809859276E0,-4.866061211E-1
1.378303639E1,-1.807877541E0,-2.676730633E0,-7.408232689E-1
1.379103305E1,-1.679981232E0,-2.405214787E0,-1.244689941E0
1.379902741E1,-1.356884956E0,-2.142971516E0,-1.600231171E0
1.380702285E1,-1.017549515E0,-1.956173420E0,-1.929951191E0
1.381504959E1,-7.876167297E-1,-1.835173607E0,-2.151184082E0
1.382304518E1,-7.029514313E-1,-1.710518360E0,-2.214669228E0
1.383104154E1,-5.586404800E-1,-1.413853645E0,-2.329289436E0
1.383903528E1,-4.603471756E-1,-1.015514851E0,-2.099974155E0
1.384703095E1,-5.868687630E-1,-7.531733513E-1,-1.897757053E0
1.385502731E1,-7.210741043E-1,-5.226039886E-1,-1.581747055E0
1.386302267E1,-7.828674316E-1,-3.034944534E-1,-1.377836704E0
1.387104941E1,-9.089818001E-1,-5.781936646E-2,-1.220476151E0
1.387904346E1,-1.044132233E0,1.648950577E-1,-1.110521793E0
1.388703913E1,-1.150053978E0,3.263268471E-1,-1.067298412E0
1.389503488E1,-1.079053402E0,4.385638237E-1,-1.157041073E0
1.390303108E1,-8.767123222E-1,5.569386482E-1,-1.257584572E0
1.391102806E1,-6.093726158E-1,5.977697372E-1,-1.267843723E0
1.391902157E1,-4.943337440E-1,6.469488144E-1,-1.324982166E0
1.392704854E1,-4.954767227E-1,6.961350441E-1,-1.328448772E0
1.393504306E1,-5.275368690E-1,8.246774673E-1,-1.303496361E0
1.394303934E1,-5.815720558E-1,9.108352661E-1,-1.203325272E0
1.395103593E1,-7.108511925E-1,9.902596474E-1,-1.115653038E0
1.395903067E1,-6.711745262E-1,1.058558464E0,-1.092866421E0
1.396702603E1,-5.296931267E-1,1.116367340E0,-9.454021454E-1
1.397502139E1,-3.661770821E-1,1.188117504E0,-9.127621651E-1
1.398304775E1,-2.069468498E-1,1.217019081E0,-9.536929131E-1
1.399104442E1,-1.044163704E-1,1.295331478E0,-1.047821999E0
1.399903908E1,-1.262025833E-1,1.363142967E0,-1.110215187E0
1.400703414E1,-3.213500977E-1,1.445048809E0,-1.108821869E0
1.401503042E1,-5.111761093E-1,1.552996635E0,-1.103993893E0
1.402302585E1,-6.846213341E-1,1.759189606E0,-1.081538677E0
1.403102183E1,-8.520412445E-1,1.903563976E0,-8.404574394E-1
1.403904757E1,-8.934183121E-1,1.869565964E0,-5.015554428E-1
1.404704262E1,-7.368254662E-1,1.782523632E0,-1.953363419E-1
1.405503860E1,-5.287547112E-1,1.723040104E0,-6.161785126E-2
1.406303457E1,-3.148937225E-1,1.651841640E0,7.295846939E-2
1.407103147E1,-1.661796570E-1,1.652154446E0,2.523608208E-1
1.407902529E1,-1.521048546E-1,1.654239178E0,5.794978142E-1
1.408702134E1,-1.136622429E-1,1.672451019E0,6.415810585E-1
1.409504647E1,-9.385251999E-2,1.669686794E0,8.902006149E-1
1.410304244E1,-2.136707306E-3,1.688583374E0,1.114667416E0
1.411104034E1,1.988224983E-1,1.620014191E0,1.244050503E0
1.411903324E1,4.249329567E-1,1.504614830E0,1.326368809E0
1.412702944E1,6.159796715E-1,1.384971142E0,1.435487747E0
1.413502511E1,6.661410332E-1,1.227875710E0,1.372372627E0
1.414302024E1,4.884939194E-1,1.086724281E0,1.309039593E0
1.415104814E1,2.385258675E-1,8.935971260E-1,1.280207157E0
1.415904257E1,8.851528168E-3,6.405372620E-1,1.372946739E0
1.416703793E1,-5.347299576E-2,4.304246902E-1,1.557882786E0
1.417503368E1,-7.281303406E-2,2.769937515E-1,1.694550514E0
1.418302904E1,-1.621723175E-1,1.447215080E-1,1.809203625E0
1.419102647E1,-1.528644562E-1,1.537752151E-2,2.002299786E0
1.419901945E1,-2.788934708E-1,-1.958212852E-1,2.088956833E0
1.420704611E1,-4.836330414E-1,-2.814307213E-1,2.203623295E0
1.421504216E1,-6.569027901E-1,-3.731307983E-1,2.340254307E0
1.422303714E1,-6.735773087E-1,-5.651617050E-1,2.349174500E0
1.423103381E1,-5.368223190E-1,-7.596163750E-1,2.354201317E0
1.423902816E1,-3.554706573E-1,-9.629793167E-1,2.249222279E0
1.424702445E1,-1.652507782E-1,-1.129101753E0,2.070929527E0
1.425505027E1,-1.482248306E-2,-1.238034725E0,1.897869587E0
1.426304570E1,2.117872238E-2,-1.316240788E0,1.647760391E0
1.427104260E1,1.245374680E-1,-1.368642330E0,1.429965496E0
1.427903635E1,3.518190384E-1,-1.400114536E0,1.123432636E0
1.428703232E1,6.175112724E-1,-1.381099701E0,9.111514091E-1
1.429502860E1,8.682451248E-1,-1.418795109E0,6.461634636E-1
1.430302373E1,1.033247471E0,-1.459812641E0,4.372844696E-1
1.431105132E1,1.009321690E0,-1.484714508E0,2.532906532E-1
1.431904514E1,7.990760803E-1,-1.441103458E0,9.404468536E-2
1.432704058E1,6.007323265E-1,-1.415911198E0,-1.083593369E-1
1.433503624E1,4.955911636E-1,-1.365645409E0,-3.420400620E-1
1.434303130E1,4.887213707E-1,-1.401581764E0,-4.984650612E-1
1.435102881E1,4.986033440E-1,-1.401895523E0,-6.889710426E-1
1.435902317E1,4.568090439E-1,-1.340037823E0,-9.376592636E-1
1.436704937E1,3.950810432E-1,-1.232313633E0,-1.033979416E0
1.437504442E1,1.854677200E-1,-1.097238541E0,-1.194418430E0
1.438304071E1,-8.303165436E-3,-9.585242271E-1,-1.286417007E0
1.439103691E1,-2.593669891E-1,-8.573002815E-1,-1.433916092E0
1.439903204E1,-3.575234413E-1,-7.377161980E-1,-1.514452934E0
1.440702709E1,-4.539442062E-1,-5.722970963E-1,-1.408225536E0
1.441502245E1,-6.296095848E-1,-3.939542770E-1,-1.267460346E0
1.442304850E1,-8.068771362E-1,-2.258830070E-1,-1.322523594E0
1.443104602E1,-9.400682449E-1,-4.598760605E-2,-1.414138794E0
1.443903984E1,-1.009833336E0,9.889078140E-2,-1.356341362E0
1.444703620E1,-1.115737915E0,2.380580902E-1,-1.310144424E0
1.445503148E1,-1.144833088E0,3.843288422E-1,-1.264362812E0
1.446302722E1,-1.160647869E0,4.859671593E-1,-1.252800465E0
1.447102374E1,-1.177113533E0,6.365685463E-1,-1.143426418E0
1.447904894E1,-1.171869755E0,7.264313698E-1,-1.100659370E0
1.448704399E1,-1.161080360E0,8.323750496E-1,-1.076108932E0
1.449503943E1,-1.140853405E0,9.356055260E-1,-1.042162895E0
1.450303479E1,-1.142248631E0,9.114122391E-1,-9.948544502E-1
1.451103199E1,-1.020584583E0,9.730424881E-1,-8.997311592E-1
1.451902697E1,-8.380942345E-1,1.113558292E0,-7.749528885E-1
1.452702210E1,-6.746540070E-1,1.330866814E0,-6.106290817E-1
1.453504761E1,-6.338872910E-1,1.543546915E0,-4.336285591E-1
1.454304358E1,-7.560429573E-1,1.734244823E0,-2.896056175E-1
1.455104071E1,-9.223809242E-1,1.925902605E0,-2.644805908E-1
1.455903422E1,-1.047242641E0,1.978863955E0,-2.616572380E-1
1.456702997E1,-1.126397610E0,1.982891321E0,-2.231154442E-1
1.457502586E1,-1.144115925E0,1.914757013E0,-1.585092545E-1
1.458302099E1,-1.117651939E0,1.826316595E0,-5.906343460E-2
1.459104951E1,-1.024494648E0,1.754764080E0,1.404967308E-1
1.459904310E1,-9.108958244E-1,1.776341677E0,4.135804176E-1
1.460703876E1,-7.633180618E-1,1.794908762E0,5.969762802E-1
1.461503443E1,-5.964579582E-1,1.774972200E0,5.709505081E-1
1.462303010E1,-2.690248489E-1,1.730273008E0,5.952281952E-1
1.463102692E1,7.373523712E-2,1.663054228E0,5.281124115E-1
1.463902143E1,3.769197464E-1,1.583217382E0,5.486736298E-1
1.464704725E1,5.466737747E-1,1.509825468E0,5.577149391E-1
1.465504284E1,5.969672203E-1,1.436568499E0,6.634674072E-1
1.466303851E1,6.479554176E-1,1.403185129E0,8.950119019E-1
1.467103518E1,7.278742790E-1,1.346752405E0,9.665493965E-1
1.467902961E1,7.633752823E-1,1.268599272E0,1.120283127E0
1.468702489E1,8.655810356E-1,1.191158056E0,1.192873478E0
1.469502118E1,1.018832207E0,1.108279943E0,1.298922062E0
1.470304677E1,1.203047276E0,1.011383772E0,1.354622841E0
1.471104389E1,1.332584858E0,8.803126812E-1,1.332772255E0
1.471903802E1,1.483278751E0,6.573977470E-1,1.219450474E0
1.472703438E1,1.568847656E0,4.567179680E-1,1.077390671E0
1.473502966E1,1.636211395E0,2.267155647E-1,9.634122849E-1
1.474302418E1,1.642591476E0,5.945634842E-2,6.886491776E-1
1.475102108E1,1.548018456E0,-4.988718033E-2,5.024423599E-1
1.475904620E1,1.394734859E0,-2.093615532E-1,3.941802979E-1
1.476704249E1,1.359970570E0,-3.781993389E-1,4.026718140E-1
1.477503761E1,1.404117584E0,-6.441094875E-1,4.082369804E-1
1.478303328E1,1.474121571E0,-8.840177059E-1,4.190287590E-1
1.479103018E1,1.518634319E0,-1.118579865E0,4.446048737E-1
1.479902362E1,1.544750452E0,-1.399370432E0,4.763131142E-1
1.480701936E1,1.570626020E0,-1.669926405E0,5.410308838E-1
1.481504518E1,1.600398540E0,-1.932660818E0,5.827074051E-1
1.482304177E1,1.610020638E0,-2.121608734E0,5.692095757E-1
1.483103797E1,1.622284651E0,-2.326462269E0,4.693107605E-1
1.483903302E1,1.615206480E0,-2.439599991E0,2.775449753E-1
1.484702839E1,1.633627176E0,-2.480678082E0,2.036457062E-1
1.485502405E1,1.735124111E0,-2.513786316E0,1.265835762E-1
1.486301887E1,1.793214083E0,-2.558175564E0,7.132053375E-2
1.487104646E1,1.822634935E0,-2.656045437E0,-5.147838593E-2
1.487904098E1,1.797666788E0,-2.807390690E0,-5.365037918E-2
1.488703656E1,1.768903017E0,-2.912396908E0,3.920125961E-2
1.489503200E1,1.764329910E0,-3.020168304E0,-1.116514206E-2
1.490302767E1,1.721739769E0,-3.070428371E0,5.262231827E-2
1.491102487E1,1.806007385E0,-3.111078262E0,1.003170013E-2
1.491901900E1,1.895239115E0,-3.147632122E0,4.984998703E-2
1.492704536E1,2.095984936E0,-3.228378773E0,3.357744217E-2
1.493504072E1,2.334609032E0,-3.263652325E0,-1.119394302E-1
1.494303608E1,2.486294270E0,-3.262691975E0,-2.056851387E-1
1.495103298E1,2.629998922E0,-3.319099903E0,-3.613286018E-1
1.495902710E1,2.527452230E0,-3.401008606E0,-5.730867386E-1
1.496702277E1,2.321299553E0,-3.619944096E0,-7.969117165E-1
1.497501821E1,2.043490410E0,-3.780327797E0,-1.019900799E0
1.498304372E1,1.806645513E0,-3.875237465E0,-1.155065536E0
1.499104093E1,1.558840752E0,-3.965263844E0,-1.192821503E0
1.499903559E1,1.322437763E0,-4.021761417E0,-1.105328560E0
1.500703134E1,9.471850395E-1,-3.992473602E0,-1.028840065E0
1.501502724E1,6.157844067E-1,-3.937476158E0,-9.245724678E-1
1.502302267E1,3.379378319E-1,-3.842903137E0,-1.028394699E0
1.503101949E1,2.309672832E-1,-3.770797729E0,-1.174924850E0
1.503904416E1,2.746460438E-1,-3.763834000E0,-1.310635090E0
1.504704013E1,3.106260300E-1,-3.682536602E0,-1.494132519E0
1.505503572E1,2.483608723E-1,-3.588582039E0,-1.685636520E0
1.506303054E1,6.190776825E-2,-3.450843811E0,-1.781114578E0
1.507102775E1,-1.189794540E-1,-3.334472656E0,-1.839642525E0
1.507902242E1,-2.723472118E-1,-3.188999176E0,-1.896956921E0
1.508701778E1,-4.092597961E-1,-3.066662312E0,-1.916213036E0
1.509504398E1,-6.346049309E-1,-2.932981014E0,-1.890198231E0
1.510303957E1,-9.455721378E-1,-2.768095970E0,-1.846939564E0
1.511103654E1,-1.269568443E0,-2.612565994E0,-1.797864914E0
1.511903160E1,-1.473156452E0,-2.442508221E0,-1.803054333E0
1.512702626E1,-1.579845667E0,-2.160702229E0,-1.775237083E0
1.513502139E1,-1.570112228E0,-1.913726330E0,-1.765727520E0
1.514301698E1,-1.577398777E0,-1.669321060E0,-1.756649017E0
1.515104411E1,-1.633526325E0,-1.460801125E0,-1.749309540E0
1.515903885E1,-1.671022415E0,-1.226899624E0,-1.730828285E0
1.516703452E1,-1.697856903E0,-9.071264267E-1,-1.732221127E0
1.517502957E1,-1.665289164E0,-6.536521912E-1,-1.675703049E0
1.518302493E1,-1.628849030E0,-4.191389084E-1,-1.551979542E0
1.519102329E1,-1.557854176E0,-2.486591339E-1,-1.385540485E0
1.519901711E1,-1.484102726E0,-6.370115280E-2,-1.193939686E0
1.520704332E1,-1.308153629E0,1.434974670E-1,-9.131116867E-1
1.521503860E1,-1.143445730E0,3.906016350E-1,-7.231860161E-1
1.522303373E1,-9.416990280E-1,6.770019531E-1,-6.021194458E-1
1.523103124E1,-7.568049431E-1,8.447408676E-1,-4.741196632E-1
1.523902498E1,-6.090028286E-1,1.033294678E0,-3.897466660E-1
1.524702096E1,-5.389108658E-1,1.085866928E0,-3.310689926E-1
1.525501701E1,-6.047561169E-1,1.164218426E0,-2.257266045E-1
1.526304252E1,-8.375785351E-1,1.280692577E0,-1.690320969E-1
1.527103911E1,-1.104872704E0,1.372686863E0,-1.139874458E-1
1.527903347E1,-1.502407074E0,1.430488586E0,5.752372742E-2
1.528702945E1,-1.745851040E0,1.472810268E0,2.247834206E-1
1.529502511E1,-1.909376621E0,1.484272003E0,4.548306465E-1
1.530302017E1,-1.903703690E0,1.483523846E0,6.206755638E-1
1.531104760E1,-1.836063862E0,1.437892914E0,6.392288208E-1
1.531904204E1,-1.647819519E0,1.417443275E0,6.023135185E-1
1.532703824E1,-1.364452839E0,1.339231014E0,4.865717888E-1
1.533503306E1,-1.029489517E0,1.315988541E0,3.576292992E-1
1.534302927E1,-7.473807335E-1,1.281874657E0,2.574238777E-1
1.535102586E1,-5.732436180E-1,1.248378277E0,1.872348785E-1
1.535902060E1,-5.201044083E-1,1.168619633E0,1.512718201E-1
1.536704581E1,-4.963569641E-1,1.121768475E0,1.550254822E-1
1.537504178E1,-4.843459129E-1,1.118326664E0,2.150735855E-1
1.538303691E1,-5.256490707E-1,1.122202396E0,2.278366089E-1
1.539103442E1,-5.769071579E-1,1.167348385E0,3.622050285E-1
1.539902817E1,-5.022854805E-1,1.168095827E0,5.254230499E-1
1.540702383E1,-4.051065445E-1,1.179425001E0,6.267886162E-1
1.541501927E1,-1.956415176E-1,1.227030754E0,6.672501564E-1
1.542304540E1,2.974939346E-2,1.304555416E0,6.859617233E-1
1.543104199E1,3.063306808E-1,1.307737350E0,6.568861008E-1
1.543903704E1,5.455517769E-1,1.330498457E0,6.123232841E-1
1.544703240E1,6.977648735E-1,1.283217669E0,4.882192612E-1
1.545502776E1,7.799320221E-1,1.244790316E0,4.275197983E-1
1.546302373E1,8.532423973E-1,1.204959631E0,4.019126892E-1
1.547102125E1,8.933973312E-1,1.095491171E0,4.869165421E-1
1.547904576E1,8.371348381E-1,9.914138317E-1,5.682582855E-1
1.548704027E1,7.625684738E-1,8.231091499E-1,6.236310005E-1
1.549503686E1,7.786836624E-1,6.552128792E-1,6.474390030E-1
1.550303160E1,8.745427132E-1,4.956324100E-1,6.966266632E-1
1.551102881E1,1.061743259E0,4.028818607E-1,6.901707649E-1
1.551902294E1,1.254262447E0,3.207859993E-1,6.600694656E-1
1.552701861E1,1.441100359E0,2.429723740E-1,6.098566055E-1
1.553504435E1,1.608633518E0,1.269109249E-1,5.810508728E-1
1.554304032E1,1.676972866E0,-1.048398018E-2,5.364365578E-1
1.555103784E1,1.663936615E0,-1.854009628E-1,4.506387711E-1
1.555903112E1,1.649391890E0,-3.358328342E-1,3.814969063E-1
1.556702732E1,1.594057798E0,-5.049569607E-1,4.049005508E-1
1.557502307E1,1.551299810E0,-6.161653996E-1,4.694719315E-1
1.558301843E1,1.543783903E0,-7.145922184E-1,4.812664986E-1
1.559104517E1,1.493944883E0,-8.876507282E-1,5.945377350E-1
1.559903992E1,1.402990103E0,-9.872987270E-1,5.371170044E-1
1.560703550E1,1.307293653E0,-1.146564245E0,5.159182549E-1
1.561503094E1,1.255201101E0,-1.234600067E0,4.597716331E-1
1.562302653E1,1.268693209E0,-1.265884638E0,4.073104858E-1
1.563102381E1,1.357844830E0,-1.326229334E0,3.862791061E-1
1.563901756E1,1.416304588E0,-1.348378181E0,3.363313675E-1
1.564704438E1,1.450297117E0,-1.434246778E0,2.837944031E-1
1.565503881E1,1.424518347E0,-1.521246433E0,1.573467255E-1
1.566303510E1,1.382887125E0,-1.673847675E0,7.243251801E-2
1.567103199E1,1.369999886E0,-1.847139359E0,2.231979370E-2
1.567902582E1,1.383497238E0,-1.924266338E0,-4.352331161E-2
1.568702179E1,1.387181044E0,-1.956549168E0,-2.764129639E-2
1.569501715E1,1.371331692E0,-2.004841805E0,-6.711816788E-2
1.570304412E1,1.373931408E0,-2.100665092E0,-7.376813889E-2
1.571103979E1,1.351781130E0,-2.144373417E0,-1.056146622E-1
1.571903430E1,1.349112749E0,-2.198396206E0,-1.250534058E-1
1.572703020E1,1.388297558E0,-2.314926147E0,-1.923894882E-1
1.573502533E1,1.406179667E0,-2.422812462E0,-1.814627647E-1
1.574302130E1,1.441705704E0,-2.579754353E0,-9.818029404E-2
1.575101843E1,1.430022001E0,-2.770759583E0,-1.040139198E-1
1.575904371E1,1.386551738E0,-2.944070339E0,-1.822834015E-1
1.576703838E1,1.377478957E0,-3.129556179E0,-2.707872391E-1
1.577503412E1,1.425597429E0,-3.266895294E0,-3.951768875E-1
1.578303041E1,1.533985019E0,-3.356443882E0,-5.613179207E-1
1.579102607E1,1.684663892E0,-3.442973137E0,-6.894450188E-1
1.579902143E1,1.820771813E0,-3.478614330E0,-8.355865479E-1
1.580701679E1,1.867633939E0,-3.535646915E0,-9.893651009E-1
1.581504292E1,1.763212562E0,-3.620790482E0,-1.128995895E0
1.582303828E1,1.507947326E0,-3.689409256E0,-1.223747253E0
1.583103549E1,1.179140449E0,-3.719318390E0,-1.248080730E0
1.583902992E1,8.175280094E-1,-3.757634640E0,-1.289128780E0
1.584702467E1,6.343610287E-1,-3.791748524E0,-1.259724617E0
1.585502118E1,4.955494404E-1,-3.789943218E0,-1.198683739E0
1.586301592E1,4.225792885E-1,-3.704233170E0,-1.154644966E0
1.587104359E1,4.015450478E-1,-3.608873844E0,-1.123453140E0
1.587903802E1,3.189041615E-1,-3.494245529E0,-1.237048626E0
1.588703369E1,2.587807178E-1,-3.386321068E0,-1.399317265E0
1.589502944E1,2.543942928E-1,-3.304225922E0,-1.499413967E0
1.590302410E1,2.333598137E-1,-3.300444126E0,-1.646795750E0
1.591102100E1,1.972482204E-1,-3.269359112E0,-1.748469353E0
1.591901551E1,1.213543415E-1,-3.214591026E0,-1.784204006E0
1.592704164E1,-6.813979149E-2,-3.149543762E0,-1.766617298E0
1.593503754E1,-3.451702595E-1,-3.066388607E0,-1.763736248E0
1.594303297E1,-5.522129536E-1,-2.980743408E0,-1.740425587E0
1.595103018E1,-7.207787037E-1,-2.867669106E0,-1.661601067E0
1.595902400E1,-8.823795319E-1,-2.725148678E0,-1.594574451E0
1.596701936E1,-9.988172054E-1,-2.592121601E0,-1.513350010E0
1.597501557E1,-1.098591805E0,-2.449240685E0,-1.470383644E0
1.598304146E1,-1.151039839E0,-2.373937607E0,-1.403973579E0
1.599103798E1,-1.167666435E0,-2.275528431E0,-1.412287712E0
1.599903218E1,-1.199613810E0,-2.189117908E0,-1.460862160E0
1.600702839E1,-1.247390270E0,-1.984705925E0,-1.525698185E0
1.601502344E1,-1.294521332E0,-1.717877388E0,-1.516294479E0
1.602301880E1,-1.368486166E0,-1.462570190E0,-1.438995361E0
1.603101569E1,-1.461609364E0,-1.143060684E0,-1.262694359E0
1.603904121E1,-1.501304865E0,-8.737564087E-1,-1.047661304E0
1.604703664E1,-1.598886728E0,-5.989427567E-1,-8.349599838E-1
1.605503231E1,-1.769575596E0,-3.946270943E-1,-7.242875099E-1
1.606302798E1,-1.893984795E0,-2.308793068E-1,-6.305222511E-1
1.607102388E1,-1.972103357E0,-4.400253296E-2,-5.066161156E-1
1.607901862E1,-1.930289984E0,8.495330811E-2,-4.245228767E-1
1.608701459E1,-1.851614475E0,2.641773224E-1,-3.862161636E-1
1.609504041E1,-1.748202562E0,4.221520424E-1,-3.006463051E-1
1.610303639E1,-1.629855156E0,5.921540260E-1,-2.543387413E-1
1.611103306E1,-1.541198492E0,7.833704948E-1,-1.826729774E-1
1.611902742E1,-1.416964054E0,9.574694633E-1,-1.764144897E-1
1.612702216E1,-1.313176870E0,1.142631531E0,-2.185993195E-1
1.613501875E1,-1.255484343E0,1.262088776E0,-2.586536407E-1
1.614301449E1,-1.219075680E0,1.341688633E0,-2.832460403E-1
1.615104116E1,-1.179654598E0,1.395804405E0,-1.775693893E-1
1.615903590E1,-1.124588490E0,1.396236897E0,-8.232355118E-2
1.616703165E1,-1.160154343E0,1.432671070E0,4.996204376E-2
1.617502724E1,-1.126034498E0,1.461946011E0,1.090202332E-1
1.618302267E1,-1.044738054E0,1.515269756E0,1.710448265E-1
1.619101980E1,-9.079651833E-1,1.559629917E0,2.261800766E-1
1.619901331E1,-7.505106926E-1,1.558325291E0,2.007107735E-1
1.620703975E1,-5.536868572E-1,1.551621914E0,1.388554573E-1
1.621503519E1,-3.653135300E-1,1.538736820E0,1.542339325E-1
1.622303108E1,-1.965804100E-1,1.565536261E0,1.659975052E-1
1.623102775E1,-6.347727776E-2,1.613557577E0,1.390237808E-1
1.623902180E1,3.515815735E-2,1.673308611E0,1.217679977E-1
1.624701755E1,1.225204468E-1,1.694677353E0,9.359312057E-2
1.625501314E1,1.900596619E-1,1.668157578E0,7.658386230E-2
1.626303965E1,2.619533539E-1,1.652314663E0,1.537199020E-1
1.627103585E1,2.712922096E-1,1.632601738E0,1.501464844E-1
1.627903037E1,1.590843201E-1,1.510726213E0,2.585024834E-1
1.628702534E1,4.537105560E-2,1.358050108E0,3.980193138E-1
1.629502132E1,2.483463287E-2,1.293075800E0,4.739851952E-1
1.630301791E1,4.617023468E-2,1.190957785E0,5.407719612E-1
1.631104403E1,1.043777466E-1,1.143676043E0,5.248298645E-1
1.631903886E1,2.420516014E-1,1.090940714E0,5.230441093E-1
1.632703452E1,3.753130436E-1,1.000596046E0,4.764642715E-1
1.633502988E1,5.373508930E-1,9.099712372E-1,4.648504257E-1
1.634302547E1,6.662201881E-1,8.290724754E-1,4.790611267E-1
1.635102244E1,7.847824097E-1,7.342782021E-1,5.043129921E-1
1.635901627E1,8.489322662E-1,6.331086159E-1,5.330491066E-1
1.636704239E1,8.869166374E-1,5.856714249E-1,5.052766800E-1
1.637503868E1,9.081046581E-1,5.159630775E-1,5.145950317E-1
1.638303404E1,9.463117123E-1,4.765467644E-1,4.868621826E-1
1.639103124E1,9.729650021E-1,4.294362068E-1,4.726142883E-1
1.639902506E1,1.013939142E0,3.575544357E-1,5.839366913E-1
1.640702104E1,1.046296358E0,2.703495026E-1,6.739730835E-1
1.641501632E1,1.096562386E0,1.294822693E-1,8.134036064E-1
1.642304152E1,1.156659126E0,-1.674795151E-2,8.368954659E-1
1.643103881E1,1.263098001E0,-1.335692406E-1,7.910642624E-1
1.643903355E1,1.411933184E0,-2.149295807E-1,6.579914093E-1
1.644702860E1,1.589548826E0,-3.053112030E-1,5.536093712E-1
1.645502512E1,1.746382475E0,-3.826045990E-1,4.666891098E-1
1.646302055E1,1.887231112E0,-4.678649902E-1,4.071598053E-1
1.647101683E1,1.966737747E0,-5.420017242E-1,3.536176682E-1
1.647904234E1,2.024383545E0,-6.644768715E-1,3.345870972E-1
1.648703740E1,2.024586201E0,-7.258181572E-1,3.477001190E-1
1.649503268E1,1.999458313E0,-8.603019714E-1,3.480176926E-1
1.650302835E1,1.942026138E0,-9.862122536E-1,3.367605209E-1
1.651102532E1,1.890300393E0,-1.149365425E0,2.739133835E-1
1.651901976E1,1.786920905E0,-1.342762947E0,1.938018799E-1
1.652701573E1,1.650685310E0,-1.466270447E0,9.682846069E-2
1.653504155E1,1.514042854E0,-1.625924110E0,4.038810730E-2
1.654303691E1,1.404267788E0,-1.798666477E0,-9.375572205E-3
1.655103404E1,1.355721951E0,-1.942286968E0,-1.295471191E-2
1.655902878E1,1.322888136E0,-2.030480862E0,-1.006193161E-1
1.656702453E1,1.319680333E0,-2.101226330E0,-1.894168854E-1
1.657501981E1,1.332308888E0,-2.194582939E0,-3.011531830E-1
1.658301486E1,1.347774267E0,-2.284124374E0,-3.809976578E-1
1.659104284E1,1.425328851E0,-2.400752544E0,-4.457125664E-1
1.660703240E1,1.471640468E0,-2.462386131E0,-5.516071320E-1
1.661502799E1,1.484844923E0,-2.479706764E0,-5.877161026E-1
1.662302396E1,1.512307167E0,-2.530813217E0,-5.824284554E-1
1.663102025E1,1.495224118E0,-2.636807442E0,-6.908588409E-1
1.663901414E1,1.428042769E0,-2.760589600E0,-7.313370705E-1
1.664704081E1,1.355104923E0,-2.927597523E0,-7.882723808E-1
1.665503586E1,1.215230227E0,-3.050690174E0,-8.527684212E-1
1.666303192E1,9.822154045E-1,-3.190669537E0,-9.494204521E-1
1.667102881E1,7.693755627E-1,-3.350426674E0,-9.792652130E-1
1.667902317E1,6.610516310E-1,-3.439610481E0,-1.003044605E0
1.668701884E1,5.024397373E-1,-3.509217262E0,-1.151904583E0
1.669501450E1,4.022711515E-1,-3.581611633E0,-1.264861584E0
1.670304010E1,3.288357258E-1,-3.690324783E0,-1.337237835E0
1.671103730E1,2.668101788E-1,-3.770504475E0,-1.392768383E0
1.671903174E1,1.518367529E-1,-3.815727711E0,-1.423306465E0
1.672702710E1,3.459453583E-3,-3.886047840E0,-1.424111843E0
1.673502276E1,-1.878007650E-1,-3.912341595E0,-1.464780331E0
1.674301804E1,-4.860211611E-1,-3.925660610E0,-1.502095222E0
1.675101502E1,-7.491292953E-1,-3.935825825E0,-1.521715164E0
1.675904015E1,-9.865312576E-1,-3.952639580E0,-1.578834534E0
1.676703497E1,-1.222149611E0,-3.937330246E0,-1.644498825E0
1.677503148E1,-1.458415747E0,-3.904495239E0,-1.699717522E0
1.678302630E1,-1.677866340E0,-3.815831184E0,-1.835402489E0
1.679102374E1,-1.789365172E0,-3.701887608E0,-1.936335564E0
1.679901756E1,-1.872507095E0,-3.550431252E0,-2.043188095E0
1.680701361E1,-2.000698090E0,-3.317711353E0,-2.160613060E0
1.681503912E1,-2.124742508E0,-3.082358360E0,-2.255019665E0
1.682303533E1,-2.279760599E0,-2.860867500E0,-2.256730080E0
1.683103100E1,-2.380857468E0,-2.671189308E0,-2.248282909E0
1.683902551E1,-2.524159670E0,-2.459328651E0,-2.156383038E0
1.684702233E1,-2.641883612E0,-2.224047184E0,-2.043682098E0
1.685501653E1,-2.820457935E0,-2.083308697E0,-1.942783833E0
1.686301343E1,-3.007264137E0,-1.912035465E0,-1.878393173E0
1.687104071E1,-3.134083033E0,-1.682786942E0,-1.800538540E0
1.687903492E1,-3.263893127E0,-1.370093822E0,-1.737925529E0
1.688702928E1,-3.384755135E0,-1.005257607E0,-1.685171127E0
1.689502533E1,-3.509660244E0,-5.682330132E-1,-1.510807037E0
1.690302154E1,-3.598165751E0,-1.358642578E-1,-1.254242897E0
1.691101813E1,-3.635565519E0,2.088189125E-1,-9.992446899E-1
1.691901225E1,-3.653813601E0,5.289301872E-1,-7.150664330E-1
1.692703900E1,-3.537325382E0,7.557220459E-1,-5.155715942E-1
1.693503412E1,-3.208318472E0,9.901828766E-1,-2.802348137E-1
1.694303010E1,-2.829654217E0,1.219218254E0,-1.554784775E-1
1.695102638E1,-2.358377934E0,1.431358814E0,-1.176285744E-1
1.695902136E1,-1.853755355E0,1.646715641E0,-1.151823997E-1
1.696701618E1,-1.451901674E0,1.866044044E0,-5.997276306E-2
1.697501208E1,-1.076799154E0,2.128351927E0,4.153251648E-3
1.698303790E1,-8.382310867E-1,2.305738926E0,9.007215500E-2
1.699103510E1,-5.977811813E-1,2.497940779E0,3.053226471E-1
1.699902954E1,-5.006551743E-1,2.568138838E0,4.887905121E-1
1.700702436E1,-5.101723671E-1,2.570852041E0,6.033158302E-1
1.701502095E1,-6.173815727E-1,2.493798018E0,7.056584358E-1
1.702301623E1,-6.501748562E-1,2.402534246E0,7.692022324E-1
1.703101320E1,-5.924978256E-1,2.274515629E0,8.434171677E-1
1.703903864E1,-4.204320908E-1,2.195755482E0,8.963651657E-1
1.704703400E1,-1.624789238E-1,2.170812607E0,9.520158768E-1
1.705502905E1,1.465771198E-1,2.163390875E0,9.673495293E-1
1.706302510E1,4.161605835E-1,2.151870489E0,9.455909729E-1
1.707102139E1,6.909673214E-1,2.061653376E0,9.069099426E-1
1.707901521E1,9.435908794E-1,1.948575258E0,7.485880852E-1
1.708701087E1,1.183154345E0,1.802492619E0,6.616582870E-1
1.709503731E1,1.314005852E0,1.637254715E0,6.011753082E-1
1.710303321E1,1.348134279E0,1.456649542E0,5.817513466E-1
1.711103010E1,1.329834461E0,1.220850229E0,5.573649406E-1
1.711902400E1,1.302379131E0,1.014721870E0,5.823235512E-1
1.712701990E1,1.264712572E0,7.978835106E-1,5.438923836E-1
1.713501503E1,1.224411249E0,6.134080887E-1,5.705389977E-1
1.714301070E1,1.281833887E0,4.410552979E-1,5.542616844E-1
1.715103867E1,1.357097626E0,2.223677635E-1,5.591888428E-1
1.715903272E1,1.429856420E0,3.471374512E-4,5.023832321E-1
1.716702816E1,1.516460896E0,-1.820406914E-1,4.137067795E-1
1.717502382E1,1.630199790E0,-3.401846886E-1,2.896709442E-1
1.718301949E1,1.721432209E0,-4.519834518E-1,1.533164978E-1
1.719101670E1,1.823949575E0,-5.718350410E-1,-1.316165924E-2
1.719901075E1,1.907558322E0,-6.192445755E-1,-1.324558258E-1
1.720703695E1,1.970604420E0,-6.572966576E-1,-1.760911942E-1
1.721503200E1,2.024181843E0,-7.059988976E-1,-2.374210358E-1
1.722302736E1,2.005145073E0,-7.896966934E-1,-2.811212540E-1
1.723102426E1,1.897347569E0,-9.443888664E-1,-4.028325081E-1
1.723901862E1,1.744895458E0,-1.070958614E0,-4.110097885E-1
1.724701436E1,1.670525551E0,-1.243062019E0,-4.639163017E-1
1.725500995E1,1.610532045E0,-1.387728691E0,-4.255733490E-1
1.726303608E1,1.627376199E0,-1.499576092E0,-4.493103027E-1
1.727103306E1,1.672928572E0,-1.603039742E0,-5.159339905E-1
1.727902749E1,1.797560453E0,-1.700487614E0,-6.130123138E-1
1.728702255E1,1.895849943E0,-1.822647095E0,-6.967840195E-1
1.729501883E1,1.929840207E0,-1.986117363E0,-5.479502678E-1
1.730301380E1,1.486421585E0,-2.545007706E0,8.155956268E-1
1.731104185E1,8.823862076E-1,-2.551331997E0,-6.742830276E-1
1.731903567E1,1.239455581E0,-2.861956120E0,-1.586771488E0
1.732703065E1,2.265882015E0,-2.997342110E0,-2.225735664E0
1.733502670E1,2.604546070E0,-2.680769444E0,-3.042746544E0
1.734302198E1,2.294388294E0,-2.532044888E0,-1.504281998E0
1.735102019E1,1.535528541E0,-2.506745338E0,-2.301297188E0
1.735901339E1,8.813332319E-1,-2.470565796E0,-2.314162254E0
1.736703983E1,6.810485125E-1,-2.570637703E0,-2.025030136E0
1.737503550E1,9.029095769E-1,-2.736634254E0,-1.011442184E0
1.738303085E1,1.049056292E0,-2.967461586E0,-7.198100090E-1
1.739102860E1,2.583237886E-1,-3.005097866E0,-2.876377106E-2
1.739902150E1,-9.191157818E-1,-2.861409664E0,-1.000838280E-1
1.740701724E1,-1.463999033E0,-2.671600819E0,-4.606103897E-1
1.741501344E1,-1.366418481E0,-2.416509628E0,-6.923623085E-1
1.742303927E1,-9.022189975E-1,-2.213767052E0,-8.651647568E-1
1.743103647E1,-7.514445782E-1,-2.094528675E0,-1.072129250E0
1.743903037E1,-8.577008843E-1,-2.065536499E0,-1.268667698E0
1.744702596E1,-1.008006692E0,-2.072663307E0,-1.271444798E0
1.745502140E1,-1.042130947E0,-2.149222851E0,-1.112757683E0
1.746301698E1,-9.235242009E-1,-2.171819687E0,-1.088146687E0
1.747101419E1,-8.503161669E-1,-2.178450584E0,-1.132589340E0
1.747903886E1,-7.423427701E-1,-2.214534283E0,-1.164216042E0
1.748703483E1,-7.231562138E-1,-2.259268761E0,-1.223746300E0
1.749503011E1,-8.000177145E-1,-2.334875584E0,-1.080832481E0
1.750302578E1,-8.799735308E-1,-2.374835491E0,-1.092411995E0
1.751102237E1,-9.478511810E-1,-2.387391567E0,-9.863948822E-1
1.751901688E1,-9.520087242E-1,-2.338893890E0,-9.207525253E-1
1.752701186E1,-9.442385435E-1,-2.296689987E0,-8.551716805E-1
1.753503806E1,-9.309406281E-1,-2.202706814E0,-9.647397995E-1
1.754303404E1,-9.073991776E-1,-2.064896584E0,-1.110049248E0
1.755103147E1,-8.907235265E-1,-1.923013210E0,-1.233556271E0
1.755902468E1,-8.708209395E-1,-1.738846302E0,-1.304720402E0
1.756702042E1,-8.858322501E-1,-1.571057320E0,-1.353601456E0
1.757501640E1,-1.014039397E0,-1.403603077E0,-1.337357998E0
1.758301176E1,-1.154345036E0,-1.318001270E0,-1.288712502E0
1.759103942E1,-1.226793289E0,-1.212729931E0,-1.258697987E0
1.759903417E1,-1.268323898E0,-1.127177715E0,-1.115756512E0
1.760702891E1,-1.272754192E0,-1.061076641E0,-1.012310505E0
1.761502458E1,-1.261307240E0,-1.022033691E0,-8.357944489E-1
1.762302017E1,-1.214163780E0,-9.751834869E-1,-7.285065651E-1
1.763101653E1,-1.237573385E0,-8.677268028E-1,-6.641707420E-1
1.763901150E1,-1.283785224E0,-7.619872093E-1,-5.902800560E-1
1.764703771E1,-1.344021559E0,-6.230173111E-1,-6.156377792E-1
1.765503299E1,-1.395467281E0,-4.337286949E-1,-6.129031181E-1
1.766302842E1,-1.387433410E0,-2.894506454E-1,-5.887594223E-1
1.767102617E1,-1.417536139E0,-1.835589409E-1,-5.818452835E-1
1.767902007E1,-1.427652001E0,-1.401143074E-1,-6.016368866E-1
1.768701543E1,-1.465035319E0,-5.446529388E-2,-5.742988586E-1
1.769501140E1,-1.459983945E0,-2.513313293E-2,-5.837416649E-1
1.770303745E1,-1.482855082E0,9.731292725E-2,-7.123517990E-1
1.771103373E1,-1.446842790E0,1.884698868E-1,-7.637696266E-1
1.771902848E1,-1.408375740E0,2.850580215E-1,-7.842750549E-1
1.772702361E1,-1.412946939E0,3.661870956E-1,-6.728544235E-1
1.773501950E1,-1.445481777E0,4.487104416E-1,-4.940314293E-1
1.774301494E1,-1.540002108E0,5.317497253E-1,-2.147269249E-1
1.775101153E1,-1.508424759E0,5.163297653E-1,3.773212433E-2
1.775903674E1,-1.500694513E0,5.404276848E-1,2.412486076E-1
1.776703232E1,-1.509850264E0,6.080737114E-1,4.118666649E-1
1.777502776E1,-1.550179720E0,6.747980118E-1,4.940309525E-1
1.778302374E1,-1.671235085E0,8.058381081E-1,5.507292747E-1
1.779101994E1,-1.714233398E0,9.535236359E-1,5.473761559E-1
1.779901507E1,-1.743709564E0,1.058637142E0,6.044588089E-1
1.780701074E1,-1.688845634E0,1.162095070E0,6.931791306E-1
1.781503625E1,-1.613789797E0,1.209252357E0,7.581691742E-1
1.782303215E1,-1.527405977E0,1.282085419E0,7.777056694E-1
1.783102820E1,-1.470624208E0,1.361250877E0,7.107257843E-1
1.783902286E1,-1.435015678E0,1.392512321E0,7.297959328E-1
1.784701884E1,-1.402354002E0,1.326773643E0,7.899560928E-1
1.785501428E1,-1.286747694E0,1.257898331E0,8.075375557E-1
1.786300902E1,-1.127699614E0,1.233858585E0,8.141579628E-1
1.787103630E1,-9.444401264E-1,1.236488342E0,6.659393311E-1
1.787903135E1,-7.854304314E-1,1.298729420E0,5.356731415E-1
1.788702710E1,-7.327764034E-1,1.383883953E0,4.619278908E-1
1.789502207E1,-7.915451527E-1,1.425719738E0,4.908804893E-1
1.790301866E1,-9.347915649E-1,1.405870914E0,4.560513496E-1
1.791101371E1,-1.045838356E0,1.319107533E0,4.665718079E-1
1.791900946E1,-1.060958624E0,1.266779900E0,5.489435196E-1
1.792703520E1,-9.938609600E-1,1.253836155E0,7.142391205E-1
1.793503148E1,-8.940782547E-1,1.232386589E0,7.459197044E-1
1.794302684E1,-8.270058632E-1,1.168770790E0,7.055368423E-1
1.795102343E1,-7.675790787E-1,1.174729824E0,6.193370819E-1
1.795901756E1,-7.550106049E-1,1.184792995E0,4.970779419E-1
1.796701300E1,-7.104954720E-1,1.233422756E0,3.294062614E-1
1.797500866E1,-6.466631889E-1,1.331171036E0,1.475462914E-1
1.798303479E1,-5.177531242E-1,1.424154758E0,6.586837769E-2
1.799103200E1,-3.971266747E-1,1.468604803E0,1.353626251E-1
1.799902605E1,-3.721885681E-1,1.502944708E0,3.386907578E-1
1.800702172E1,-3.675012589E-1,1.508839130E0,4.199566841E-1
1.801501684E1,-3.906168938E-1,1.527109146E0,5.830521584E-1
1.802301343E1,-3.484034538E-1,1.511090755E0,7.096219063E-1
1.803101064E1,-1.910991669E-1,1.510523558E0,8.779654503E-1
1.803903430E1,2.067756653E-2,1.476215124E0,9.207515717E-1
1.804703090E1,2.017130852E-1,1.370706320E0,8.455953598E-1
1.805502625E1,3.115096092E-1,1.238883734E0,7.511334419E-1
1.806302161E1,3.079986572E-1,1.088093281E0,6.564602852E-1
1.807101874E1,2.199606895E-1,8.855977058E-1,5.324883461E-1
1.807901233E1,1.553773880E-1,6.709773540E-1,6.036381721E-1
1.808700831E1,1.645789146E-1,5.406653881E-1,6.722712517E-1
1.809503374E1,2.044563293E-1,4.699566364E-1,7.543153763E-1
1.810302941E1,2.705626488E-1,3.937642574E-1,7.378025055E-1
1.811102731E1,4.135556221E-1,3.710572720E-1,6.781725883E-1
1.811902113E1,5.933632851E-1,3.108322620E-1,5.741162300E-1
1.812701610E1,7.755899429E-1,3.110992908E-1,5.422282219E-1
1.813501215E1,9.344620705E-1,3.353741169E-1,5.131793022E-1
1.814300774E1,1.059883595E0,3.337895870E-1,4.550013542E-1
1.815103449E1,1.205766439E0,2.958552837E-1,4.331812859E-1
1.815902992E1,1.270871401E0,1.976187229E-1,3.985252380E-1
1.816702528E1,1.307142496E0,8.403301239E-2,5.058484077E-1
1.817502033E1,1.249796629E0,-4.792881012E-2,5.320606232E-1
1.818301600E1,1.158005476E0,-1.722025871E-1,5.627784729E-1
1.819101251E1,1.121515989E0,-3.193254471E-1,4.529924393E-1
1.819900695E1,1.130889177E0,-4.192276001E-1,4.257435799E-1
1.820703346E1,1.133073568E0,-5.359127522E-1,4.044752121E-1
1.821502905E1,1.052306414E0,-6.925411224E-1,3.421864510E-1
1.822302441E1,9.339301586E-1,-8.785538673E-1,3.349971771E-1
1.823102039E1,8.527538776E-1,-1.096294641E0,3.658289909E-1
1.823901521E1,8.486793041E-1,-1.207698822E0,3.427643776E-1
1.824701080E1,8.702132702E-1,-1.300098181E0,3.746404648E-1
1.825503785E1,8.984844685E-1,-1.272786140E0,2.807250023E-1
1.826303321E1,8.924167156E-1,-1.190850496E0,2.210173607E-1
1.827102988E1,8.297750950E-1,-1.137574673E0,1.115961075E-1
1.827902400E1,7.819697857E-1,-1.151208639E0,9.115791321E-2
1.828701998E1,7.445442677E-1,-1.157842636E0,7.358932495E-2
1.829501588E1,7.227461338E-1,-1.218524694E0,1.998724937E-1
1.830301100E1,6.724445820E-1,-1.341362000E0,2.189254761E-1
1.831103829E1,5.958626270E-1,-1.556100607E0,2.870492935E-1
1.831903303E1,5.666496754E-1,-1.671949625E0,2.204265594E-1
1.832702785E1,6.517844200E-1,-1.780640602E0,1.178951263E-1
1.833502406E1,7.568693161E-1,-1.816250086E0,4.892158508E-2
1.834301849E1,7.962453365E-1,-1.754108906E0,1.527118683E-2
1.835101631E1,7.183122635E-1,-1.686301231E0,-1.099848747E-1
1.835901052E1,6.209540367E-1,-1.758788586E0,-2.072043419E-1
1.836703626E1,6.419165134E-1,-1.824718237E0,-2.669315338E-1
1.837503254E1,6.959416866E-1,-1.768454075E0,-3.325519562E-1
1.838302798E1,8.335440159E-1,-1.621194363E0,-4.014444351E-1
1.839102426E1,9.305989742E-1,-1.509232044E0,-4.333734512E-1
1.839901870E1,8.794479370E-1,-1.474498272E0,-4.190888405E-1
1.840701467E1,6.470308304E-1,-1.571385384E0,-3.208341599E-1
1.841500911E1,3.426666260E-1,-1.715705872E0,-2.443399429E-1
1.842303555E1,-4.215240479E-4,-1.960507393E0,-2.776956558E-1
1.843103306E1,-5.472183228E-2,-2.144928455E0,-2.417368889E-1
1.843902711E1,9.084844589E-2,-2.194155693E0,-1.915807724E-1
1.844702247E1,3.171110153E-1,-2.153692722E0,-2.082996368E-1
1.845501852E1,4.683315754E-1,-2.074078560E0,-2.344298363E-1
1.846301388E1,5.091488361E-1,-1.937651634E0,-3.647012711E-1
1.847101101E1,4.837338924E-1,-1.812001705E0,-4.621148109E-1
1.847903468E1,4.131624699E-1,-1.726933956E0,-6.026325226E-1
1.848703096E1,3.528313637E-1,-1.680783272E0,-6.451630592E-1
1.849502662E1,3.345563412E-1,-1.644529343E0,-7.136292458E-1
1.850302229E1,3.415763378E-1,-1.595123768E0,-6.623978615E-1
1.851101865E1,3.231720924E-1,-1.587817192E0,-5.314269066E-1
1.851901370E1,1.677680016E-1,-1.596406937E0,-4.487528801E-1
1.852700868E1,7.863521576E-3,-1.659204006E0,-3.294029236E-1
1.853503604E1,-1.910889149E-1,-1.702875614E0,-3.363184929E-1
1.854303047E1,-2.767832279E-1,-1.758533001E0,-4.044108391E-1
1.855102775E1,-2.699971199E-1,-1.770280838E0,-4.348216057E-1
1.855902180E1,-1.503703594E-1,-1.726852894E0,-4.581336975E-1
1.856701747E1,-1.324496269E-1,-1.662586689E0,-5.146141052E-1
1.857501345E1,-1.903877258E-1,-1.639182568E0,-5.729770660E-1
1.858300788E1,-2.284424305E-1,-1.579069138E0,-6.421699524E-1
1.859103617E1,-2.866990566E-1,-1.573558807E0,-6.336021423E-1
1.859903029E1,-2.853300571E-1,-1.527021408E0,-6.763634682E-1
1.860702596E1,-3.479659557E-1,-1.514319897E0,-6.580672264E-1
1.861502163E1,-5.329387188E-1,-1.458293438E0,-7.741408348E-1
1.862301668E1,-7.004616261E-1,-1.416871071E0,-7.684230804E-1
1.863101358E1,-9.226460457E-1,-1.353011131E0,-7.400994301E-1
1.863900863E1,-1.116640091E0,-1.238687515E0,-7.020206451E-1
1.864703483E1,-1.176151991E0,-1.184488297E0,-6.335225105E-1
1.865503042E1,-1.151143789E0,-1.176522255E0,-5.716543198E-1
1.866302517E1,-1.074353695E0,-1.156991482E0,-5.120091438E-1
1.867102268E1,-1.053033590E0,-1.062367916E0,-5.564532280E-1
1.867901689E1,-1.046455860E0,-9.196972847E-1,-6.621704102E-1
1.868701278E1,-1.012854815E0,-6.698451042E-1,-7.572064400E-1
1.869500753E1,-9.312536716E-1,-4.033813477E-1,-7.758812904E-1
1.870303396E1,-8.546891212E-1,-2.548537254E-1,-7.113957405E-1
1.871103094E1,-8.822095394E-1,-1.585178375E-1,-7.229814529E-1
1.871902506E1,-9.165191650E-1,-1.013011932E-1,-6.514635086E-1
1.872702073E1,-9.915032387E-1,-4.133081436E-2,-6.080112457E-1
1.873501601E1,-1.044876814E0,7.034349442E-2,-5.241899490E-1
1.874301199E1,-1.064582348E0,1.683268547E-1,-5.010871887E-1
1.875100866E1,-1.058234930E0,2.168292999E-1,-5.219807625E-1
1.875903355E1,-1.067424774E0,2.520518303E-1,-5.031590462E-1
1.876703007E1,-1.081445694E0,3.431468010E-1,-4.597129822E-1
1.877502512E1,-1.143731833E0,4.465737343E-1,-3.801741600E-1
1.878302025E1,-1.256096601E0,5.334262848E-1,-3.386378288E-1
1.879101707E1,-1.327422142E0,6.610012054E-1,-2.992243767E-1
1.879901058E1,-1.344303608E0,7.503018379E-1,-2.000665665E-1
1.880700686E1,-1.305222750E0,8.109288216E-1,-9.659004211E-2
1.881503276E1,-1.265478611E0,8.118166924E-1,8.775711060E-3
1.882302897E1,-1.189819098E0,8.708167076E-1,1.221652031E-1
1.883102494E1,-1.084398270E0,9.492592812E-1,2.568964958E-1
1.883902007E1,-9.302456379E-1,9.872264862E-1,3.241772652E-1
1.884701574E1,-7.169768810E-1,1.001759529E0,2.815270424E-1
1.885501163E1,-5.139229298E-1,9.796681404E-1,2.448830605E-1
1.886300668E1,-3.277411461E-1,9.987368584E-1,1.107754707E-1
1.887103404E1,-2.447824478E-1,1.035357952E0,6.494474411E-2
1.887902879E1,-2.135579586E-1,1.034580708E0,8.175516129E-2
1.888702392E1,-2.730309963E-1,1.056967735E0,2.158541679E-1
1.889501958E1,-3.571748734E-1,1.091506004E0,2.825522423E-1
1.890301517E1,-4.063374996E-1,1.101495743E0,4.008989334E-1
1.891101238E1,-3.742513657E-1,1.115607262E0,4.503030777E-1
1.891900597E1,-3.369650841E-1,1.088915348E0,4.661216736E-1
1.892703210E1,-3.007745743E-1,1.052637100E0,5.122208595E-1
1.893502768E1,-2.520546913E-1,9.572277069E-1,5.408501625E-1
1.894302397E1,-2.097449303E-1,8.700046539E-1,5.451593399E-1
1.895102002E1,-1.134810448E-1,7.773122787E-1,5.259647369E-1
1.895901499E1,1.144456863E-2,7.471666336E-1,4.893665314E-1
1.896700974E1,1.043682098E-1,7.083234787E-1,4.582304955E-1
1.897500540E1,2.048926353E-1,6.944851875E-1,4.645400047E-1
1.898303184E1,2.373623848E-1,8.050422668E-1,5.223960876E-1
1.899102851E1,1.862072945E-1,9.312391281E-1,5.695719719E-1
1.899902325E1,1.370630264E-1,1.024180889E0,6.003170013E-1
1.900701853E1,1.052675247E-1,1.078942537E0,6.233339310E-1
1.901501458E1,1.148614883E-1,1.065137148E0,6.162366867E-1
1.902301018E1,1.255574226E-1,1.044980764E0,6.544528008E-1
1.903100623E1,1.547760963E-1,1.027897120E0,7.105274200E-1
1.903903228E1,2.257704735E-1,9.517004490E-1,7.601842880E-1
1.904702671E1,3.417048454E-1,9.111421108E-1,7.209844589E-1
1.905502269E1,4.485535622E-1,8.850786686E-1,6.895833015E-1
1.906301782E1,4.436254501E-1,8.977794647E-1,6.150989532E-1
1.907101471E1,4.151687622E-1,9.086909294E-1,5.706467628E-1
1.907900938E1,3.285045624E-1,9.286584854E-1,5.993933678E-1
1.908700512E1,2.913880348E-1,9.095652103E-1,6.174211502E-1
1.909503087E1,3.002557755E-1,8.916151524E-1,6.668753624E-1
1.910302654E1,2.994747162E-1,8.255717754E-1,6.977243423E-1
1.911102343E1,3.338050842E-1,6.992907524E-1,7.082929611E-1
1.911901787E1,3.683590889E-1,6.517074108E-1,6.546545029E-1
1.912701261E1,3.826932907E-1,5.662949085E-1,6.345572472E-1
1.913500928E1,3.863663673E-1,4.955618382E-1,6.622099876E-1
1.914300402E1,4.507732391E-1,4.418075085E-1,6.367101669E-1
1.915103200E1,5.444116592E-1,4.144091606E-1,6.079897881E-1
1.915902636E1,6.052374840E-1,4.847416878E-1,5.184764862E-1
1.916702149E1,6.175823212E-1,5.612561703E-1,4.666891098E-1
1.917501685E1,5.780539513E-1,6.265869141E-1,4.339818954E-1
1.918301282E1,5.684714317E-1,5.948240757E-1,4.518346786E-1
1.919101002E1,5.783929825E-1,4.791882038E-1,4.867811203E-1
1.919900469E1,5.736227036E-1,3.310451508E-1,4.670677185E-1
1.920702997E1,6.062057018E-1,1.681261063E-1,4.406194687E-1
1.921502618E1,6.110775471E-1,1.148002148E-1,4.430475235E-1
1.922302123E1,5.862848759E-1,4.652357101E-2,4.625854492E-1
1.923101905E1,5.004470348E-1,-1.153762341E-1,4.597749710E-1
1.923901256E1,4.631330967E-1,-2.865149975E-1,4.118061066E-1
1.924700800E1,4.301645756E-1,-4.811520576E-1,3.456535339E-1
1.925500390E1,3.760602474E-1,-6.417007446E-1,2.114372253E-1
1.926302949E1,2.754678726E-1,-7.228288651E-1,8.133697510E-2
1.927102639E1,1.528854370E-1,-8.090257645E-1,3.908348083E-2
1.927902082E1,1.125273705E-1,-8.841199875E-1,2.398395538E-2
1.928701703E1,6.610727310E-2,-1.000936985E0,-3.375053406E-3
1.929501216E1,1.046404839E-1,-1.125793219E0,-2.012538910E-2
1.930300721E1,1.448099613E-1,-1.213204861E0,-7.025814056E-2
1.931103510E1,2.787432671E-1,-1.260554552E0,-1.039476395E-1
1.931902931E1,3.723719120E-1,-1.345099688E0,-1.094017029E-1
1.932702436E1,4.152014256E-1,-1.439989090E0,-2.029476166E-1
1.933502003E1,3.434636593E-1,-1.564033985E0,-3.301763535E-1
1.934301570E1,2.942800522E-1,-1.633307219E0,-4.656462669E-1
1.935101290E1,3.813250065E-1,-1.587961912E0,-5.034670830E-1
1.935900664E1,4.483444691E-1,-1.500457525E0,-5.040211678E-1
1.936703339E1,4.722476006E-1,-1.385024071E0,-5.325479507E-1
1.937502913E1,4.473702908E-1,-1.267006159E0,-5.085916519E-1
1.938302449E1,3.768370152E-1,-1.201075315E0,-5.667462349E-1
1.939102039E1,2.739174366E-1,-1.169151068E0,-5.523014069E-1
1.939901544E1,1.697711945E-1,-1.159075499E0,-4.829740524E-1
1.940701111E1,3.973007202E-3,-1.290853024E0,-5.304741859E-1
1.941500716E1,-1.276342869E-1,-1.359107018E0,-5.766620636E-1
1.942303267E1,-1.731755733E-1,-1.389953136E0,-6.135764122E-1
1.943103042E1,-1.422073841E-1,-1.338619232E0,-6.032867432E-1
1.943902485E1,-7.667756081E-2,-1.171093464E0,-6.011948586E-1
1.944701998E1,-3.296661377E-2,-1.039526463E0,-6.432604790E-1
1.945501557E1,2.227067947E-2,-9.241409302E-1,-6.345233917E-1
1.946301062E1,4.924964905E-2,-7.979874611E-1,-6.662769318E-1
1.947100760E1,7.091307640E-2,-6.899380684E-1,-6.623978615E-1
1.947903218E1,1.778194904E-1,-6.118655205E-1,-6.865496635E-1
1.948702754E1,2.645604610E-1,-5.688018799E-1,-6.684250832E-1
1.949502383E1,2.417671680E-1,-5.383281708E-1,-6.763319969E-1
1.950301919E1,1.240026951E-1,-5.340061188E-1,-6.704173088E-1
1.951101608E1,-2.760887146E-3,-5.266976357E-1,-6.519284248E-1
1.951901014E1,-1.280589104E-1,-5.613379478E-1,-5.914626122E-1
1.952700611E1,-1.873228550E-1,-5.397868156E-1,-5.130314827E-1
1.953503232E1,-2.318847179E-1,-5.239934921E-1,-3.977899551E-1
1.954302767E1,-2.655704021E-1,-5.117683411E-1,-3.566379547E-1
1.955102457E1,-2.543189526E-1,-4.861726761E-1,-2.993249893E-1
1.955901870E1,-2.205917835E-1,-4.332318306E-1,-2.504587173E-1
1.956701429E1,-1.652297974E-1,-4.104557037E-1,-2.200446129E-1
1.957501034E1,-7.424497604E-2,-3.891868591E-1,-2.418427467E-1
1.958300539E1,-9.852170944E-3,-4.377937317E-1,-2.912411690E-1
1.959103337E1,1.037621498E-2,-4.386973381E-1,-3.123102188E-1
1.959902773E1,4.709029198E-2,-4.708995819E-1,-3.382110596E-1
1.960702278E1,5.556225777E-2,-5.338006020E-1,-2.987885475E-1
1.961501821E1,3.372454643E-2,-5.891370773E-1,-2.777175903E-1
1.962301380E1,3.637123108E-2,-6.065344810E-1,-2.372994423E-1
1.963101070E1,2.722311020E-2,-6.031045914E-1,-1.970911026E-1
1.963900483E1,-1.202821732E-3,-5.671429634E-1,-1.645951271E-1
1.964703134E1,-6.358623505E-3,-5.797352791E-1,-1.374564171E-1
1.965502693E1,1.081228256E-2,-6.268162727E-1,-6.602334976E-2
1.966302298E1,-5.255413055E-2,-7.201137543E-1,-5.544281006E-2
1.967101919E1,-1.446926594E-1,-7.853722572E-1,-7.392597198E-2
1.967901332E1,-1.952555180E-1,-8.277482986E-1,-3.993940353E-2
1.968700899E1,-2.008697987E-1,-8.283658028E-1,-2.749443054E-2
1.969500496E1,-2.189908028E-1,-7.922229767E-1,-1.999855042E-2
1.970303055E1,-2.231333256E-1,-7.382082939E-1,-6.750345230E-2
1.971102745E1,-1.520316601E-1,-6.922502518E-1,-8.396720886E-2
1.971902219E1,-1.072568893E-1,-6.466016769E-1,-1.221041679E-1
1.972701686E1,-7.483792305E-2,-5.890412331E-1,-1.603569984E-1
1.973501345E1,-8.529043198E-2,-5.096631050E-1,-2.078046799E-1
1.974300881E1,-1.372394562E-1,-4.779739380E-1,-2.303895950E-1
1.975100540E1,-2.248117924E-1,-4.749326706E-1,-2.851867676E-1
1.975903030E1,-3.419201374E-1,-4.674296379E-1,-3.025054932E-1
1.976702596E1,-4.997329712E-1,-4.227681160E-1,-2.682375908E-1
1.977502163E1,-6.596453190E-1,-3.848261833E-1,-1.995897293E-1
1.978301637E1,-7.603480816E-1,-3.041505814E-1,-7.603025436E-2
1.979101365E1,-8.890862465E-1,-2.100005150E-1,1.022815704E-3
1.979900809E1,-9.270613194E-1,-1.452245712E-1,5.529403687E-2
1.980700368E1,-9.876480103E-1,-1.382532120E-1,6.507825851E-2
1.981503042E1,-1.025248528E0,-1.500954628E-1,9.396553040E-3
1.982302517E1,-1.055876255E0,-1.135015488E-1,-3.463125229E-2
1.983102306E1,-1.104837418E0,-9.975576401E-2,-6.609869003E-2
1.983901689E1,-1.216304302E0,-1.642980576E-1,-6.787872314E-2
1.984701225E1,-1.348675966E0,-2.807898521E-1,-1.175403595E-3
1.985500760E1,-1.472761154E0,-2.560014725E-1,1.361842155E-1
1.986300350E1,-1.553908587E0,-7.576608658E-2,2.980599403E-1
1.987103063E1,-1.618832350E0,2.952303886E-1,3.977165222E-1
1.987902499E1,-1.595987558E0,6.558194160E-1,3.416986465E-1
1.988702043E1,-1.460997581E0,9.889497757E-1,1.995477676E-1
1.989501609E1,-1.365741968E0,1.198290825E0,1.619553566E-1
1.990301230E1,-1.360495329E0,1.419309139E0,1.133494377E-1
1.991100920E1,-1.443056107E0,1.638865948E0,1.438460350E-1
1.991900302E1,-1.484192133E0,1.815092802E0,2.646670341E-1
1.992702953E1,-1.487409115E0,1.987884045E0,4.795598984E-1
1.993502427E1,-1.442857742E0,2.105225801E0,6.204128265E-1
1.994302025E1,-1.380578995E0,2.108700514E0,6.972627640E-1
1.995101653E1,-1.177699566E0,2.191199780E0,6.620435715E-1
1.995901127E1,-8.940505981E-1,2.191865444E0,6.630873680E-1
1.996700725E1,-5.638976097E-1,2.234743834E0,4.889602661E-1
1.997500261E1,-3.138360977E-1,2.256710291E0,3.168601990E-1
1.998302866E1,-1.791653633E-1,2.388671398E0,1.068143845E-1
1.999102525E1,-1.592793465E-1,2.402975082E0,-3.344011307E-2
1.999901968E1,-1.812195778E-1,2.369277716E0,-7.252311707E-2
2.000701535E1,-2.141566277E-1,2.303848028E0,-2.348294258E-1
2.001501079E1,-2.288041115E-1,2.207911015E0,-2.720174789E-1
2.002300669E1,-2.324061394E-1,2.188952208E0,-2.171139717E-1
2.003100420E1,-2.203931808E-1,2.172950983E0,-1.340012550E-1
2.003902887E1,-2.269268036E-1,2.195900679E0,-4.138183594E-2
2.004702453E1,-1.953063011E-1,2.209479570E0,1.201248169E-2
2.005501958E1,-1.539821625E-1,2.241424561E0,8.079099655E-2
2.006301487E1,-1.402907372E-1,2.267554760E0,7.927608490E-2
2.007101153E1,-8.891010284E-2,2.297516823E0,8.460617065E-2
2.007900651E1,-1.159825325E-1,2.292491436E0,9.973716736E-2
2.008700248E1,-1.750364304E-1,2.261231422E0,1.010146141E-1
2.009502800E1,-2.005152702E-1,2.194457054E0,1.909689903E-1
2.010302335E1,-1.757526398E-1,2.124175549E0,3.113932610E-1
2.011102025E1,-1.164898872E-1,2.073469639E0,3.963513374E-1
2.011901469E1,-4.875946045E-2,1.993784070E0,5.470695496E-1
2.012700982E1,3.390550613E-2,1.916485190E0,6.705341339E-1
2.013500479E1,5.783700943E-2,1.810198188E0,7.797555923E-1
2.014300176E1,1.836509705E-1,1.643892288E0,7.906908989E-1
2.015102851E1,4.191780090E-1,1.516889811E0,7.995963097E-1
2.015902318E1,6.487617493E-1,1.401584625E0,8.147406578E-1
2.016701854E1,8.035745621E-1,1.299540758E0,8.180632591E-1
2.017501397E1,1.000252247E0,1.180970907E0,8.257279396E-1
2.018300964E1,1.146725655E0,1.026944876E0,8.506698608E-1
2.019100684E1,1.322959423E0,8.312525749E-1,8.555765152E-1
2.019900090E1,1.507831097E0,6.542267799E-1,8.839116096E-1
2.020702741E1,1.571990967E0,4.904854298E-1,9.137287140E-1
2.021502300E1,1.568949699E0,2.926638126E-1,8.715310097E-1
2.022301805E1,1.504915237E0,1.124382019E-3,8.859052658E-1
2.023101472E1,1.417852879E0,-3.116450310E-1,8.873791695E-1
2.023900969E1,1.295899391E0,-6.371283531E-1,8.597297668E-1
2.024700536E1,1.134543896E0,-9.494442940E-1,8.373355865E-1
2.025500041E1,9.688153267E-1,-1.237939596E0,7.721214294E-1
2.026302631E1,8.691711426E-1,-1.409649372E0,7.314867973E-1
2.027102374E1,9.126558304E-1,-1.566757202E0,6.152019501E-1
2.027901764E1,9.954276085E-1,-1.609506607E0,4.877834320E-1
2.028701300E1,1.126513958E0,-1.637959003E0,3.738374710E-1
2.029500897E1,1.260295153E0,-1.684618950E0,2.745780945E-1
2.030300403E1,1.347461462E0,-1.707944393E0,1.536617279E-1
2.031103162E1,1.496413708E0,-1.749417305E0,3.237915039E-2
2.031902644E1,1.606753588E0,-1.761136293E0,-3.851985931E-2
2.032702172E1,1.600740671E0,-1.770715952E0,-5.114459991E-2
2.033501738E1,1.393533468E0,-1.837909460E0,-1.043415070E-1
2.034301305E1,1.091514587E0,-1.927365541E0,-1.980924606E-1
2.035100972E1,8.666183949E-1,-2.074615717E0,-2.517738342E-1
2.035900385E1,8.041231632E-1,-2.225379229E0,-2.842121124E-1
2.036703051E1,8.311114311E-1,-2.338774204E0,-1.582021713E-1
2.037502556E1,8.008751869E-1,-2.445042133E0,-1.741805077E-1
2.038302123E1,7.450461388E-1,-2.494254589E0,-1.946158409E-1
2.039101813E1,7.137985229E-1,-2.473896027E0,-2.494678497E-1
2.039901257E1,6.993637085E-1,-2.402417660E0,-2.634630203E-1
2.040700708E1,5.810854435E-1,-2.403738737E0,-3.565802574E-1
2.041500398E1,4.432942867E-1,-2.458535671E0,-4.710183144E-1
2.042303003E1,3.398997784E-1,-2.528452396E0,-5.702314377E-1
2.043102600E1,3.697888851E-1,-2.549672842E0,-5.872325897E-1
2.043902082E1,4.155919552E-1,-2.520290613E0,-5.295252800E-1
2.044701611E1,3.771393299E-1,-2.487721682E0,-4.290556908E-1
2.045501185E1,2.718939781E-1,-2.507761717E0,-4.296040535E-1
2.046300752E1,2.180261612E-1,-2.595582485E0,-4.498834610E-1
2.047100526E1,2.135066986E-1,-2.715980530E0,-4.519114494E-1
2.047902931E1,1.938498020E-1,-2.748506069E0,-5.143728256E-1
2.048702459E1,1.258516312E-1,-2.757302761E0,-5.818986893E-1
2.049501995E1,-1.246523857E-2,-2.768443584E0,-6.474609375E-1
2.050301631E1,-1.885082722E-1,-2.767667770E0,-7.020525932E-1
2.051101229E1,-3.029992580E-1,-2.742666721E0,-7.509551048E-1
2.051900788E1,-3.764119148E-1,-2.684624195E0,-8.274912834E-1
2.052700231E1,-3.504199982E-1,-2.622469902E0,-8.833608627E-1
2.053502875E1,-3.333895206E-1,-2.592930794E0,-9.228081703E-1
2.054302418E1,-3.899323940E-1,-2.513800621E0,-9.405837059E-1
2.055102108E1,-5.335831642E-1,-2.517211914E0,-1.029890060E0
2.055901606E1,-6.974997520E-1,-2.530113220E0,-1.120871067E0
2.056701149E1,-8.291132450E-1,-2.529068470E0,-1.183981895E0
2.057500708E1,-9.033250809E-1,-2.470313549E0,-1.244647980E0
2.058300213E1,-9.772644043E-1,-2.413792133E0,-1.259658337E0
2.059102926E1,-1.089781761E0,-2.316085815E0,-1.272172451E0
2.059902431E1,-1.264345169E0,-2.183901310E0,-1.328313351E0
2.060701960E1,-1.390124083E0,-2.002604485E0,-1.417792797E0
2.061501526E1,-1.450630426E0,-1.734222412E0,-1.424598217E0
2.062301008E1,-1.424143314E0,-1.458609581E0,-1.397932053E0
2.063100790E1,-1.392253160E0,-1.298712254E0,-1.340620995E0
2.063900257E1,-1.355661869E0,-1.087196827E0,-1.340401173E0
2.064702816E1,-1.300784826E0,-9.043745995E-1,-1.248601437E0
2.065502406E1,-1.336314917E0,-7.168736458E-1,-1.202301025E0
2.066301942E1,-1.369297028E0,-5.765357018E-1,-1.208449841E0
2.067101578E1,-1.461087227E0,-4.189205170E-1,-1.143523216E0
2.067901052E1,-1.569353580E0,-2.703328133E-1,-1.040410995E0
2.068700580E1,-1.671826839E0,-1.254930496E-1,-9.155430794E-1
2.069500178E1,-1.833839417E0,-1.674175262E-2,-7.810196877E-1
2.070302768E1,-1.928897381E0,9.399032593E-2,-6.219434738E-1
2.071102488E1,-1.947883606E0,1.807236671E-1,-4.854021072E-1
2.071901893E1,-1.944306850E0,2.470788956E-1,-4.263501167E-1
2.072701406E1,-1.821443081E0,3.327569962E-1,-4.434504509E-1
2.073501004E1,-1.670481205E0,4.696326256E-1,-4.894971848E-1
2.074300624E1,-1.527390003E0,6.196417809E-1,-5.341978073E-1
2.075100191E1,-1.394564152E0,7.464962006E-1,-5.834765434E-1
2.075902742E1,-1.310695171E0,8.708600998E-1,-5.863037109E-1
2.076702224E1,-1.251449585E0,9.733347893E-1,-5.639739037E-1
2.077501845E1,-1.272523880E0,1.055659294E0,-4.596948624E-1
2.078301388E1,-1.242588997E0,1.122588634E0,-3.860349655E-1
2.079101047E1,-1.243143559E0,1.223959684E0,-1.987514496E-1
2.079900460E1,-1.316022396E0,1.283341646E0,-1.282024384E-1
2.080700081E1,-1.393081665E0,1.335131645E0,-9.316873550E-2
2.081502693E1,-1.370056629E0,1.441588879E0,3.807067871E-3
2.082302268E1,-1.310907364E0,1.540785074E0,3.003025055E-2
2.083101958E1,-1.233075619E0,1.608569384E0,6.143808365E-2
2.083901371E1,-1.141764164E0,1.607362986E0,5.270767212E-2
2.084700929E1,-9.404497147E-1,1.629923344E0,-3.188133240E-3
2.085500496E1,-7.125172615E-1,1.658748627E0,-5.815982819E-3
2.086300040E1,-4.635434151E-1,1.674436808E0,-7.197952271E-2
2.087102745E1,-2.873868942E-1,1.746908426E0,-6.185770035E-2
2.087902212E1,-1.725277901E-1,1.801931381E0,-2.683973312E-2
2.088701786E1,-1.591706276E-1,1.871448994E0,1.029396057E-2
2.089501291E1,-1.848649979E-1,1.847765923E0,1.387109756E-1
2.090300858E1,-3.118839264E-1,1.813648701E0,2.697052956E-1
2.091100571E1,-4.009013176E-1,1.725901604E0,3.879208565E-1
2.091899930E1,-4.448118210E-1,1.667500019E0,4.499282837E-1
2.092702573E1,-3.879098892E-1,1.643584490E0,4.929800034E-1
2.093502109E1,-3.066067696E-1,1.646990299E0,5.095844269E-1
2.094301676E1,-1.719117165E-1,1.667029381E0,5.417852402E-1
2.095101396E1,-8.110666275E-2,1.655524492E0,6.671333313E-1
2.095900832E1,4.337692261E-2,1.551241636E0,7.269263268E-1
2.096700399E1,2.247300148E-1,1.414153814E0,7.050490379E-1
2.097499904E1,3.872232437E-1,1.248385906E0,6.820955276E-1
2.098302578E1,5.874428749E-1,1.113336802E0,6.099472046E-1
2.099102207E1,7.073626518E-1,9.911072254E-1,5.766906738E-1
2.099901658E1,7.462730408E-1,9.598214626E-1,5.424833298E-1
2.100701194E1,7.978496552E-1,9.444096088E-1,5.644974709E-1
2.101500791E1,8.713612556E-1,9.204461575E-1,5.870590210E-1
2.102300358E1,9.224185944E-1,9.276597500E-1,7.067017555E-1
2.103100140E1,9.707798958E-1,8.367204666E-1,8.308391571E-1
2.103902468E1,1.024392128E0,7.266850471E-1,9.437255859E-1
2.104702074E1,1.108673096E0,5.270032883E-1,9.876537323E-1
2.105501602E1,1.149112225E0,3.411085606E-1,9.913458824E-1
2.106301207E1,1.242047310E0,9.355497360E-2,9.749393463E-1
2.107100858E1,1.342668056E0,-9.232759476E-2,9.203510284E-1
2.107900363E1,1.431136608E0,-3.348212242E-1,8.175396919E-1
2.108699838E1,1.466223717E0,-5.586802959E-1,6.898846626E-1
2.109502481E1,1.485616207E0,-6.876506805E-1,5.888695717E-1
2.110301963E1,1.557084084E0,-7.985825539E-1,5.484232903E-1
2.111101715E1,1.572291851E0,-8.870177269E-1,4.889144897E-1
2.111901120E1,1.610410690E0,-9.818356037E-1,5.331273079E-1
2.112700725E1,1.583930492E0,-1.035002232E0,5.126523972E-1
2.113500222E1,1.422786713E0,-1.241600752E0,4.731273651E-1
2.114299789E1,1.293751717E0,-1.549021244E0,4.724826813E-1
2.115102502E1,1.281482697E0,-1.727197409E0,4.686460495E-1
2.115901969E1,1.334691525E0,-1.867080212E0,4.460916519E-1
2.116701597E1,1.473066568E0,-1.914339066E0,4.559302330E-1
2.117501133E1,1.483678579E0,-2.006645441E0,4.523401260E-1
2.118300646E1,1.315407515E0,-2.156017542E0,2.806754112E-1
2.119100397E1,1.157179832E0,-2.313541412E0,2.075052261E-1
2.119902879E1,1.099965096E0,-2.454118490E0,1.627793312E-1
2.120702361E1,1.135333300E0,-2.554505825E0,1.189737320E-1
2.121501928E1,1.199291468E0,-2.692970753E0,6.085348129E-2
2.122301487E1,1.256314754E0,-2.785184145E0,-5.436897278E-3
2.123101215E1,1.295000553E0,-2.833498955E0,-6.419467926E-2
2.123900620E1,1.269825935E0,-2.898812532E0,-1.062684059E-1
2.124700225E1,1.170305252E0,-3.014278650E0,-1.603927612E-1
2.125499723E1,1.090189934E0,-3.201290846E0,-2.308282852E-1
2.126302282E1,1.069542408E0,-3.300043583E0,-3.241972923E-1
2.127101941E1,1.160322428E0,-3.403736830E0,-4.181151390E-1
2.127901500E1,1.210188627E0,-3.464747906E0,-4.740986824E-1
2.128701036E1,1.206938505E0,-3.481676102E0,-5.312461853E-1
2.129500602E1,1.083141565E0,-3.441699028E0,-7.094149590E-1
2.130300169E1,9.854865074E-1,-3.369487762E0,-7.598423958E-1
2.131102874E1,9.140229225E-1,-3.272029400E0,-8.693237305E-1
2.131902318E1,9.125313759E-1,-3.147779942E0,-8.919558525E-1
2.132701800E1,8.934721947E-1,-3.076023340E0,-9.781746864E-1
2.133501428E1,9.281282425E-1,-3.025257587E0,-9.938802719E-1
2.134300956E1,9.865801334E-1,-2.957667351E0,-1.084616661E0
2.135100677E1,9.302346706E-1,-2.867743015E0,-1.189765930E0
2.135900090E1,8.307821751E-1,-2.761630058E0,-1.198456764E0
2.136702703E1,7.323241234E-1,-2.621665001E0,-1.424140930E0
2.137502246E1,6.438741684E-1,-2.451293945E0,-1.548699379E0
2.138301782E1,5.664443970E-1,-2.293617249E0,-1.563945293E0
2.139101502E1,3.735182285E-1,-2.130614758E0,-1.589512348E0
2.139900915E1,1.711094379E-1,-1.971120358E0,-1.580005646E0
2.140700505E1,-2.427411079E-2,-1.697822571E0,-1.555994987E0
2.141500010E1,-1.422047615E-1,-1.432178497E0,-1.464350700E0
2.142302569E1,-2.328982353E-1,-1.189349651E0,-1.283233643E0
2.143102344E1,-4.080386162E-1,-9.668688774E-1,-1.253419399E0
2.143901818E1,-5.702507496E-1,-7.723226547E-1,-1.235782146E0
2.144701331E1,-7.935616970E-1,-5.352916718E-1,-1.237464905E0
2.145500890E1,-8.671953678E-1,-2.890911102E-1,-1.171791077E0
2.146300464E1,-9.685931206E-1,-6.130552292E-2,-1.054894924E0
2.147100093E1,-9.428207874E-1,2.472267151E-1,-1.324051380E0
2.147902613E1,-9.323008060E-1,4.987111092E-1,-1.301389694E0
2.148702172E1,-1.035196543E0,8.334331512E-1,-1.298739910E0
2.149501769E1,-1.222518444E0,1.090264797E0,-9.078807831E-1
2.150301221E1,-1.505338430E0,1.356024742E0,-7.888078690E-1
2.151100972E1,-1.874625444E0,1.499903202E0,-6.152453423E-1
2.151900416E1,-2.166962624E0,1.572722435E0,-5.244841576E-1
2.152700044E1,-2.414940834E0,1.569330692E0,-5.793480873E-1
2.153502564E1,-2.516115189E0,1.513459682E0,-6.061401367E-1
2.154302131E1,-2.338825703E0,1.441658974E0,-7.938694954E-1
2.155101728E1,-1.958923340E0,1.386035919E0,-8.296689987E-1
2.155901295E1,-1.654763699E0,1.396863461E0,-8.130235672E-1
2.156700793E1,-1.567348957E0,1.471123219E0,-9.761266708E-1
2.157500359E1,-1.551983356E0,1.494014263E0,-1.042958260E0
2.158299957E1,-1.508803844E0,1.459431648E0,-9.154005051E-1
2.159102631E1,-1.440758705E0,1.407890797E0,-5.920276642E-1
2.159902106E1,-1.391490936E0,1.347901344E0,-3.949632645E-1
2.160701649E1,-1.304963112E0,1.252238750E0,-3.981499672E-1
2.161501216E1,-1.229816914E0,1.124714375E0,-3.806877136E-1
2.162300721E1,-1.119525909E0,1.036489010E0,-4.523119926E-1
2.163100465E1,-1.008425236E0,1.018908501E0,-4.460129738E-1
2.163899947E1,-9.797310829E-1,1.088559628E0,-5.076737404E-1
2.164702460E1,-8.456354141E-1,1.089681149E0,-4.642791748E-1
2.165502088E1,-7.324638367E-1,1.000736713E0,-3.082413673E-1
2.166301624E1,-6.012730598E-1,8.841686249E-1,-2.088913918E-1
2.167101260E1,-5.151252747E-1,7.904267311E-1,1.156558990E-1
2.167900757E1,-4.988346100E-1,6.760253906E-1,4.730367661E-1
2.168700231E1,-4.596142769E-1,5.941381454E-1,5.306258202E-1
2.169499836E1,-3.425946236E-1,5.135760307E-1,5.442180634E-1
2.170302480E1,-1.885051727E-1,4.640903473E-1,6.128888130E-1
2.171102108E1,-4.509735107E-2,4.309344292E-1,6.595196724E-1
2.171901552E1,1.173133850E-1,3.668112755E-1,7.282981873E-1
2.172701119E1,3.258113861E-1,3.120827675E-1,7.548346519E-1
2.173500655E1,5.123629570E-1,1.809096336E-1,8.101091385E-1
2.174300214E1,6.223444939E-1,6.406450272E-2,7.624816895E-1
2.175099911E1,6.522188187E-1,-2.929115295E-2,7.107043266E-1
2.175902424E1,6.841402054E-1,-6.428813934E-2,5.872979164E-1
2.176701960E1,6.464052200E-1,-1.082744598E-1,5.881614685E-1
2.177501557E1,5.923357010E-1,-1.858921051E-1,6.509943008E-1
2.178301093E1,4.670076370E-1,-2.644205093E-1,7.895832062E-1
2.179100783E1,3.125166893E-1,-2.696914673E-1,6.151208878E-1
2.179900257E1,1.067099571E-1,-1.947402954E-1,4.237627983E-1
2.180699739E1,-3.469467163E-3,-2.235321999E-1,4.275937080E-1
2.181502383E1,-3.938150406E-2,-2.916936874E-1,5.765480995E-1
2.182301919E1,4.413127899E-2,-3.918824196E-1,5.547161102E-1
2.183101632E1,3.523945808E-1,-4.564127922E-1,5.712475777E-1
2.183901083E1,6.486063004E-1,-5.521707535E-1,7.872772217E-1
2.184700581E1,5.077056885E-1,-6.018238068E-1,9.771409035E-1
2.185500216E1,2.787423134E-1,-6.853117943E-1,7.987675667E-1
2.186299745E1,2.939472198E-1,-7.093982697E-1,5.884284973E-1
2.187102427E1,6.237039566E-1,-6.473531723E-1,6.492061615E-1
2.187901832E1,5.824117661E-1,-4.842996597E-1,3.726377487E-1
2.188701399E1,3.781313896E-1,-4.913892746E-1,5.069704056E-1
2.189501058E1,2.322669029E-1,-5.207972527E-1,3.151521683E-1
2.190300570E1,9.180831909E-2,-5.965094566E-1,4.121370316E-1
2.191100199E1,3.786182404E-2,-6.225495338E-1,2.571310997E-1
2.191899665E1,-6.402969360E-3,-6.534004211E-1,3.464546204E-1
2.192702255E1,4.227638245E-2,-6.460180283E-1,3.831176758E-1
2.193501876E1,-1.672744751E-3,-6.143660545E-1,3.281531334E-1
2.194301358E1,4.578876495E-2,-5.945429802E-1,3.559336662E-1
2.195101017E1,1.874094009E-1,-4.947562218E-1,4.853773117E-2
2.195900522E1,3.253545761E-1,-4.428939819E-1,-8.249521255E-2
2.196700088E1,5.369024277E-1,-4.113583565E-1,-3.346967697E-1
2.197499686E1,7.020688057E-1,-3.341436386E-1,-4.507994652E-1
2.198302230E1,9.038720131E-1,-3.468313217E-1,-4.927663803E-1
2.199101919E1,1.073927879E0,-3.490180969E-1,-4.185571671E-1
2.199901340E1,1.233773947E0,-2.817063332E-1,-5.067901611E-1
2.200700845E1,1.117069483E0,-1.685180664E-1,-4.585795403E-1
2.201500466E1,8.319954872E-1,-1.513462067E-1,-2.597723007E-1
2.202300063E1,4.836940765E-1,-3.208236694E-1,-2.459120750E-1
2.203102830E1,1.928071976E-1,-5.282363892E-1,-2.100181580E-2
2.203902243E1,6.896829605E-2,-6.530790329E-1,6.528615952E-2
2.204701725E1,1.008014679E-1,-7.542319298E-1,-2.251577377E-1
2.205501284E1,2.483267784E-1,-7.680888176E-1,-3.129348755E-1
2.206300943E1,3.868517876E-1,-9.201231003E-1,-2.602653503E-1
2.207100548E1,2.427492142E-1,-9.679131508E-1,1.987276077E-1
2.207899961E1,-3.584156036E-1,-7.683272362E-1,1.502943039E-1
2.208699496E1,-7.584161758E-1,-5.847482681E-1,4.739322662E-1
2.209502140E1,-7.539553642E-1,-4.644517899E-1,4.522600174E-1
2.210301730E1,-2.951407433E-1,-4.579715729E-1,4.402523041E-1
2.211101389E1,-8.653783798E-2,-4.189524651E-1,2.898864746E-1
2.211900832E1,-1.412405968E-1,-2.904143333E-1,-2.257761955E-1
2.212700376E1,-1.541361809E-1,-2.423605919E-1,-3.188753128E-1
2.213499943E1,-1.194448471E-1,-3.358464241E-1,-2.269091606E-1
2.214299502E1,-4.415512085E-2,-4.611201286E-1,-1.099276543E-1
2.215102153E1,-4.807043076E-2,-5.050930977E-1,2.533674240E-1
2.215901712E1,-1.306080818E-1,-3.640804291E-1,2.206969261E-1
2.216701225E1,1.108374596E-1,-2.013783455E-1,1.036739349E-2
2.217500792E1,3.964037895E-1,-1.322417259E-1,-1.592226028E-1
2.218300289E1,5.508460999E-1,-1.232109070E-1,-3.817391396E-1
2.219100048E1,5.914974213E-1,-1.354093552E-1,-5.034580231E-1
2.219902538E1,6.567797661E-1,-8.682298660E-2,-7.933630943E-1
2.220702074E1,7.832677364E-1,-1.148290634E-1,-8.072385788E-1
2.221501640E1,9.086449146E-1,-2.526230812E-1,-5.059757233E-1
2.222301199E1,5.912127495E-1,-2.758097649E-1,-3.053374290E-1
2.223100858E1,1.451406479E-1,-2.998700142E-1,-1.552557945E-1
2.223900302E1,-2.478189468E-1,-2.505278587E-1,-8.058691025E-2
2.224699907E1,-3.465495110E-1,-2.643909454E-1,2.074437141E-1
2.225499435E1,-2.234196663E-1,-3.129577637E-1,2.133216858E-1
2.226301987E1,-2.133159637E-1,-3.300042152E-1,1.616296768E-1
2.227101653E1,-2.491412163E-1,-3.466534615E-1,2.193713188E-1
2.227901151E1,-1.998982430E-1,-2.940163612E-1,3.608760834E-1
2.228700687E1,-1.964411736E-1,-1.932864189E-1,2.878551483E-1
2.229500230E1,-2.367849350E-1,-1.565995216E-1,3.380184174E-1
2.230299766E1,-1.955313683E-1,-1.550545692E-1,3.811578751E-1
2.231102533E1,-2.188162804E-1,-1.593875885E-1,4.160189629E-1
2.231902000E1,-3.058934212E-1,-9.546518326E-2,4.747815132E-1
2.232701505E1,-3.040051460E-1,-1.369953156E-3,4.017143250E-1
2.233501110E1,-2.705140114E-1,9.442758560E-2,4.030771255E-1
2.234300646E1,-2.073020935E-1,1.397008896E-1,2.546830177E-1
2.235100297E1,-1.421465874E-1,1.709589958E-1,1.159176826E-1
2.235899802E1,-1.053557396E-1,1.358113289E-1,1.002249718E-1
2.236702354E1,-1.342468262E-1,7.670688629E-2,2.483425140E-1
2.237501982E1,-2.309093475E-1,2.636909485E-3,2.677721977E-1
2.238301525E1,-3.186960220E-1,-5.535125732E-2,2.733740807E-1
2.239101207E1,-3.691716194E-1,-5.221271515E-2,3.051581383E-1
2.239900536E1,-3.312215805E-1,-3.084945679E-2,2.687950134E-1
2.240700218E1,-2.160291672E-1,-2.377748489E-2,2.431721687E-1
2.241499669E1,-9.114456177E-2,3.046989441E-3,1.374897957E-1
2.242302336E1,-7.792139053E-2,1.147222519E-2,1.128864288E-1
2.243102064E1,-5.036830902E-2,1.778697968E-2,1.292748451E-1
2.243901477E1,-2.196168900E-2,7.357597351E-3,1.271748543E-1
2.244700944E1,2.803802490E-3,1.642704010E-3,1.258654594E-1
2.245500579E1,-1.001682281E-1,4.425048828E-4,1.541681290E-1
2.246300084E1,-1.964626312E-1,1.058006287E-2,1.377353668E-1
2.247099774E1,-2.768249512E-1,-1.111316681E-2,1.456890106E-1
2.247902226E1,-2.916655540E-1,-3.109025955E-2,1.152968407E-1
2.248701831E1,-2.783899307E-1,-5.133724213E-2,1.105155945E-1
2.249501397E1,-2.671580315E-1,-1.027560234E-1,1.616230011E-1
2.250300987E1,-3.181233406E-1,-1.518368721E-1,1.941614151E-1
2.251100685E1,-2.992472649E-1,-1.700544357E-1,1.411490440E-1
2.251900067E1,-2.193450928E-1,-1.619081497E-1,8.008241653E-2
2.252699626E1,-7.974481583E-2,-7.203865051E-2,-5.496311188E-2
2.253502208E1,6.573057175E-2,2.604150772E-2,-1.641483307E-1
2.254301905E1,2.584872246E-1,1.037840843E-1,-2.060656548E-1
2.255101472E1,1.931190491E-1,6.029462814E-2,-1.754841805E-1
2.255900885E1,3.581476212E-2,-3.850173950E-2,-8.957576752E-2
2.256700505E1,-2.256464958E-1,-6.663608551E-2,9.830951691E-3
2.257500103E1,-3.746714592E-1,-5.328512192E-2,1.356921196E-1
2.258299639E1,-4.643125534E-1,-2.920341492E-2,2.815065384E-1
2.259102374E1,-5.395603180E-1,1.280784607E-2,2.662720680E-1
2.259901726E1,-6.150465012E-1,5.104970932E-2,3.529820442E-1
2.260701331E1,-6.417236328E-1,1.832938194E-1,1.279306412E-1
2.261500890E1,-5.227208138E-1,3.383188248E-1,4.510927200E-2
2.262300395E1,-2.429833412E-1,5.235061646E-1,9.500026703E-3
2.263100093E1,-7.238483429E-2,5.530948639E-1,-9.707736969E-2
2.263899567E1,-1.322679520E-1,5.557684898E-1,-1.459050179E-1
2.264702141E1,-3.632397652E-1,5.940322876E-1,-4.957580566E-2
2.265501708E1,-6.029987335E-1,6.031107903E-1,9.997081757E-2
2.266301282E1,-7.825856209E-1,5.865650177E-1,3.406972885E-1
2.267100964E1,-9.421849251E-1,5.666208267E-1,5.000576973E-1
2.267900416E1,-1.123766899E0,5.633735657E-1,6.216177940E-1
2.268699982E1,-1.270520687E0,5.783371925E-1,7.283711433E-1
2.269499541E1,-1.336229801E0,6.294488907E-1,8.248643875E-1
2.270302131E1,-1.319509029E0,7.402615547E-1,7.920842171E-1
2.271101783E1,-1.252574444E0,7.817678452E-1,7.893614769E-1
2.271901288E1,-1.053837776E0,8.029489517E-1,5.704650879E-1
2.272700770E1,-8.173947334E-1,8.079981804E-1,4.804949760E-1
2.273500336E1,-6.172699928E-1,7.818212509E-1,3.533005714E-1
2.274299934E1,-6.599698067E-1,8.820095062E-1,1.995987892E-1
2.275099647E1,-8.471417427E-1,9.389014244E-1,1.277399063E-1
2.275902083E1,-1.082138062E0,9.363284111E-1,4.624319077E-2
2.276701619E1,-1.306086063E0,9.334592819E-1,7.614707947E-2
2.277501178E1,-1.571112156E0,8.289613724E-1,2.058725357E-1
2.278300752E1,-1.700571537E0,6.866102219E-1,3.652119637E-1
2.279100380E1,-1.722558975E0,6.051225662E-1,4.216585159E-1
2.279899878E1,-1.645916939E0,5.441646576E-1,4.505109787E-1
2.280699414E1,-1.478672028E0,4.918270111E-1,5.060138702E-1
2.281502096E1,-1.317107677E0,4.331068993E-1,4.526724815E-1
2.282301570E1,-1.285439491E0,4.319396019E-1,3.424358368E-1
2.283101437E1,-1.268866062E0,4.648804665E-1,1.728792191E-1
2.283900765E1,-1.188230038E0,5.373988152E-1,1.375341415E-2
2.284700262E1,-1.050676823E0,5.173068047E-1,-8.307743073E-2
2.285499798E1,-8.290772438E-1,4.553027153E-1,-1.573390961E-1
2.286299465E1,-6.562662125E-1,3.525977135E-1,-2.090220451E-1
2.287102109E1,-5.064916611E-1,3.249459267E-1,-3.624715805E-1
2.287901544E1,-4.841485023E-1,3.138022423E-1,-4.119596481E-1
2.288701111E1,-4.871191978E-1,2.881569862E-1,-3.844571114E-1
2.289500624E1,-4.775710106E-1,2.216143608E-1,-2.560639381E-1
2.290300221E1,-4.968786240E-1,1.049361229E-1,-1.727175713E-1
2.291099934E1,-4.857449532E-1,-1.601266861E-2,-1.944637299E-1
2.291899324E1,-3.777012825E-1,-1.071128845E-1,-2.830071449E-1
2.292701968E1,-2.898187637E-1,-1.106171608E-1,-3.325748444E-1
2.293501465E1,-1.698551178E-1,-1.431598663E-1,-4.411273003E-1
2.294301040E1,-8.890676498E-2,-1.609678268E-1,-5.117516518E-1
2.295100760E1,5.236959457E-2,-1.778955460E-1,-5.478520393E-1
2.295900258E1,1.813759804E-1,-1.750173569E-1,-5.333886147E-1
2.296699824E1,3.617825508E-1,-1.696605682E-1,-6.370372772E-1
2.297499337E1,5.803475380E-1,-1.717085838E-1,-6.664848328E-1
2.298301919E1,7.691822052E-1,-2.253346443E-1,-6.427817345E-1
2.299101601E1,9.148736000E-1,-3.172459602E-1,-5.874776840E-1
2.299901014E1,9.043498039E-1,-4.387974739E-1,-5.812292099E-1
2.300700527E1,8.775954247E-1,-5.877709389E-1,-5.993943214E-1
2.301500094E1,9.237475395E-1,-6.924066544E-1,-6.344532967E-1
2.302299622E1,9.480414391E-1,-7.496166229E-1,-6.126627922E-1
2.303099350E1,9.536199570E-1,-7.591328621E-1,-6.235375404E-1
2.303901840E1,9.208385944E-1,-7.178926468E-1,-7.601966858E-1
2.304701399E1,8.284311295E-1,-6.689763069E-1,-8.619251251E-1
2.305500942E1,7.501440048E-1,-7.077794075E-1,-8.975267410E-1
2.306300563E1,7.236070633E-1,-7.010684013E-1,-8.727822304E-1
2.307100168E1,7.398111820E-1,-6.859483719E-1,-9.437565804E-1
2.307899673E1,8.455979824E-1,-6.085915565E-1,-9.692101479E-1
2.308699232E1,1.082539797E0,-5.508618355E-1,-9.201960564E-1
2.309501822E1,1.267967701E0,-5.529375076E-1,-7.488341331E-1
2.310301389E1,1.438834906E0,-6.047887802E-1,-5.632925034E-1
2.311101048E1,1.450122595E0,-6.866426468E-1,-4.763112068E-1
2.311900491E1,1.394527197E0,-7.170839310E-1,-5.384087563E-1
2.312700027E1,1.330585957E0,-7.586851120E-1,-6.987681389E-1
2.313499624E1,1.284944534E0,-7.827529907E-1,-9.427351952E-1
2.314299184E1,1.294985533E0,-7.946839333E-1,-1.296217442E0
2.315101919E1,1.324733496E0,-8.539824486E-1,-1.387773514E0
2.315901363E1,1.407349825E0,-8.844957352E-1,-1.385505199E0
2.316700876E1,1.545369864E0,-8.843898773E-1,-1.373539925E0
2.317500496E1,1.777049184E0,-9.155983925E-1,-1.315638065E0
2.318300040E1,2.084105730E0,-9.806280136E-1,-1.290404797E0
2.319099691E1,2.348982811E0,-1.097228527E0,-1.308625698E0
2.319899135E1,2.530926228E0,-1.292014599E0,-1.365936279E0
2.320701694E1,2.616635799E0,-1.443582535E0,-1.484120369E0
2.321501292E1,2.597846031E0,-1.560144424E0,-1.548663616E0
2.322300820E1,2.524641037E0,-1.628631592E0,-1.536866188E0
2.323100517E1,2.395837545E0,-1.589595795E0,-1.498597622E0
2.323900053E1,2.205792189E0,-1.433408737E0,-1.437618256E0
2.324699550E1,1.997246265E0,-1.218127728E0,-1.399025440E0
2.325499056E1,1.703428984E0,-1.055806160E0,-1.336796761E0
2.326301676E1,1.506324887E0,-9.638719559E-1,-1.207102776E0
2.327101427E1,1.371977806E0,-1.022799015E0,-9.869298935E-1
2.327900840E1,1.331529975E0,-1.033721447E0,-7.614178658E-1
2.328700376E1,1.352534533E0,-9.907331467E-1,-6.829485893E-1
2.329499966E1,1.424889088E0,-9.639396667E-1,-5.917491913E-1
2.330299448E1,1.465060472E0,-9.252824783E-1,-5.169329643E-1
2.331102176E1,1.448916435E0,-8.965702057E-1,-5.201368332E-1
2.331901620E1,1.395578384E0,-8.522305489E-1,-5.840420723E-1
2.332701164E1,1.327830911E0,-7.589387894E-1,-6.338338852E-1
2.333500815E1,1.267400146E0,-6.909537315E-1,-6.093788147E-1
2.334300297E1,1.190468669E0,-5.912189484E-1,-5.732865334E-1
2.335099987E1,1.096391916E0,-5.033655167E-1,-5.120487213E-1
2.335899399E1,9.743578434E-1,-4.153027534E-1,-5.049152374E-1
2.336702012E1,9.013736248E-1,-3.104324341E-1,-4.329266548E-1
2.337501571E1,7.920435667E-1,-1.892175674E-1,-3.857378960E-1
2.338301177E1,6.859862804E-1,-8.727073669E-2,-3.349533081E-1
2.339100858E1,6.001737714E-1,-4.000949860E-2,-2.519674301E-1
2.339900302E1,5.377473235E-1,-3.292131424E-2,-1.180152893E-1
2.340699784E1,4.562602639E-1,-4.402494431E-2,-8.145093918E-2
2.341499436E1,3.190111816E-1,-1.368045807E-1,-5.956220627E-2
2.342302056E1,1.877046227E-1,-1.981778145E-1,-3.501701355E-2
2.343101738E1,1.055163145E-2,-2.693204880E-1,1.351828575E-1
2.343901182E1,-1.354963779E-1,-2.249069214E-1,3.128938675E-1
2.344700656E1,-1.693056226E-1,-1.493101120E-1,3.443055153E-1
2.345500254E1,-1.900106668E-1,-3.440856934E-2,4.601197243E-1
2.346299797E1,-2.065837979E-1,3.532552719E-2,6.303834915E-1
2.347099479E1,-2.967160344E-1,9.033393860E-2,6.004753113E-1
2.347902031E1,-2.811256647E-1,2.284455299E-1,5.018339157E-1
2.348701513E1,-9.270852804E-2,3.541145325E-1,3.754816055E-1
2.349501110E1,1.275479794E-1,4.038515091E-1,2.036628723E-1
2.350300577E1,4.044308066E-1,4.140586853E-1,1.637635231E-1
2.351100274E1,5.934672356E-1,3.960976601E-1,2.018575668E-1
2.351899779E1,7.188067436E-1,3.783369064E-1,1.246066093E-1
2.352699338E1,8.028279543E-1,2.975416183E-1,-3.231000900E-2
2.353501928E1,9.286648631E-1,1.991443634E-1,3.027677536E-2
2.354301464E1,9.925663471E-1,6.957578659E-2,3.507924080E-1
2.355101246E1,8.163304329E-1,-1.055212021E-1,3.311910629E-1
2.355900628E1,4.257884324E-1,-3.734149933E-1,8.274116516E-1
2.356700226E1,-3.062182069E-1,-7.888631821E-1,1.286978722E0
2.357499754E1,-9.031626582E-1,-1.057666302E0,9.711451530E-1
2.358299328E1,-1.161456585E0,-1.225808144E0,8.234362602E-1
2.359102056E1,-8.980152011E-1,-1.309633255E0,7.066888809E-1
2.359901408E1,-6.107640266E-1,-1.285474300E0,6.007232666E-1
2.360700982E1,-3.120937347E-1,-1.236573219E0,5.318536758E-1
2.361500487E1,-9.444820881E-2,-1.296856880E0,4.924936295E-1
2.362300115E1,9.444296360E-2,-1.428473473E0,4.339241982E-1
2.363099805E1,2.526633143E-1,-1.581537724E0,5.111870766E-1
2.363899180E1,3.821676970E-1,-1.709410667E0,3.833470345E-1
2.364701854E1,5.065836310E-1,-1.836616516E0,1.942539215E-1
2.365501428E1,5.562415719E-1,-1.949182510E0,2.361774445E-2
2.366300957E1,6.123006344E-1,-2.008457184E0,-4.335117340E-2
2.367100623E1,6.323854327E-1,-1.911755085E0,-2.058839798E-2
2.367900159E1,7.185201049E-1,-1.762073040E0,-6.091165543E-2
2.368699664E1,8.318004012E-1,-1.592187405E0,-9.164762497E-2
2.369499192E1,9.598162770E-1,-1.456838608E0,-1.030764580E-1
2.370301836E1,1.067311287E0,-1.264077663E0,-2.050213814E-1
2.371101495E1,1.068255424E0,-1.024191380E0,-3.130359650E-1
2.371900916E1,9.911276102E-1,-7.321028709E-1,-3.899245262E-1
2.372700505E1,8.064140081E-1,-4.230661392E-1,-2.795071602E-1
2.373500041E1,5.726394653E-1,-1.319417953E-1,-2.275533676E-1
2.374299608E1,2.764306068E-1,2.142109871E-1,-2.078533173E-2
2.375099367E1,-2.059841156E-2,4.004096985E-1,1.811289787E-1
2.375901757E1,-3.961131573E-1,5.103759766E-1,3.013153076E-1
2.376701331E1,-6.295816898E-1,5.364308357E-1,2.458338737E-1
2.377500890E1,-7.046186924E-1,5.450949669E-1,4.299402237E-2
2.378300518E1,-6.050508022E-1,5.857315063E-1,-2.824010849E-1
2.379100085E1,-5.068194866E-1,6.613206863E-1,-5.488710403E-1
2.379899559E1,-4.406926632E-1,7.075657845E-1,-6.936416626E-1
2.380699134E1,-4.292225838E-1,7.800798416E-1,-7.480406761E-1
2.381501747E1,-4.875924587E-1,8.676171303E-1,-7.211132050E-1
2.382301213E1,-5.873723030E-1,1.027442455E0,-5.605187416E-1
2.383100903E1,-6.817703247E-1,1.125297070E0,-4.320592880E-1
2.383900408E1,-8.545768261E-1,1.247033119E0,-2.699122429E-1
2.384700006E1,-1.032762527E0,1.320880413E0,-2.396349907E-1
2.385499488E1,-1.141106844E0,1.343701363E0,-6.529808044E-3
2.386299116E1,-1.155453205E0,1.309540272E0,7.141447067E-2
2.387101814E1,-1.102380037E0,1.306859970E0,5.385065079E-2
2.387901226E1,-9.859950542E-1,1.315799713E0,-1.345138550E-1
2.388700770E1,-8.751482964E-1,1.372021675E0,-3.506598473E-1
2.389500360E1,-8.819112778E-1,1.394528866E0,-3.521709442E-1
2.390299903E1,-1.068266630E0,1.326321602E0,-1.761975288E-1
2.391099562E1,-1.369542837E0,1.326520920E0,-1.752700806E-1
2.391898975E1,-1.663599014E0,1.327572346E0,-1.455740929E-1
2.392701649E1,-1.830907345E0,1.323447704E0,-5.893039703E-2
2.393501270E1,-1.926631212E0,1.342404842E0,-1.637697220E-2
2.394300744E1,-1.909156561E0,1.391870975E0,2.262210846E-2
2.395100380E1,-1.811476469E0,1.393468380E0,-1.684188843E-3
2.395899886E1,-1.639512539E0,1.423282146E0,-1.411752701E-1
2.396699475E1,-1.453100681E0,1.445379734E0,-2.888302803E-1
2.397499011E1,-1.259923458E0,1.476401329E0,-4.385709763E-1
2.398301532E1,-1.276377678E0,1.489759922E0,-4.800691605E-1
2.399101260E1,-1.448378325E0,1.467292309E0,-4.205999374E-1
2.399900696E1,-1.709895134E0,1.360330105E0,-2.707366943E-1
2.400700263E1,-1.994055986E0,1.268990517E0,-1.919956207E-1
2.401499806E1,-2.179341555E0,1.169174194E0,-5.587339401E-2
2.402299311E1,-2.289721727E0,1.206157684E0,5.553245544E-3
2.403099055E1,-2.366583586E0,1.330571651E0,-7.933902740E-2
2.403901545E1,-2.302772760E0,1.455232620E0,-1.207170486E-1
2.404701119E1,-2.160535097E0,1.503671169E0,-2.349886894E-1
2.405500678E1,-1.947838545E0,1.473125935E0,-3.686661720E-1
2.406300222E1,-1.739943981E0,1.445143700E0,-5.015997887E-1
2.407099911E1,-1.530248165E0,1.381108761E0,-6.284990311E-1
2.407899324E1,-1.399882078E0,1.338606358E0,-6.152882576E-1
2.408698852E1,-1.376230717E0,1.294901848E0,-5.800285339E-1
2.409501504E1,-1.390620470E0,1.250608921E0,-4.807209969E-1
2.410301094E1,-1.403186321E0,1.209809303E0,-4.311680794E-1
2.411100752E1,-1.455222130E0,1.165191174E0,-2.223520279E-1
2.411900204E1,-1.479608774E0,1.031596661E0,-1.836590767E-1
2.412699770E1,-1.352238655E0,8.805642128E-1,-2.715210915E-1
2.413499329E1,-1.146240950E0,7.483229637E-1,-3.586535454E-1
2.414298873E1,-7.854533195E-1,6.425080299E-1,-7.065463066E-1
2.415101609E1,-4.317324162E-1,5.919947624E-1,-7.703738213E-1
2.415901014E1,-2.122220993E-1,4.693627357E-1,-8.991341591E-1
2.416700550E1,2.105691433E-1,2.328844070E-1,-4.135265350E-1
2.417500124E1,1.180069447E-1,5.437803268E-2,-9.864163399E-1
2.418299714E1,-3.905255795E-1,-2.957501411E-1,8.735609055E-2
2.419099312E1,-4.112958908E-1,-6.550540924E-1,7.034726143E-1
2.419901932E1,-6.022405624E-2,-8.653378487E-1,1.012568951E0
2.420701468E1,-1.600294113E-1,-1.125405312E0,2.091384888E0
2.421500996E1,-6.677408218E-1,-1.231622219E0,2.148691654E0
2.422300509E1,-1.088201523E0,-1.155530930E0,1.692047119E0
2.423100222E1,-9.998278618E-1,-9.656281471E-1,1.352888107E0
2.423899727E1,-5.214781761E-1,-7.675294876E-1,1.276927948E0
2.424699179E1,-1.045436859E-1,-5.295166969E-1,1.185583591E0
2.425498776E1,9.057188034E-2,-3.429760933E-1,1.065818310E0
2.426301389E1,1.777596474E-1,-1.809992790E-1,9.534292221E-1
2.427101102E1,3.383746147E-1,-1.612715721E-1,8.811106682E-1
2.427900514E1,7.306237221E-1,-2.354478836E-1,8.310532570E-1
2.428700081E1,1.104820013E0,-2.850704193E-1,7.352590561E-1
2.429499556E1,1.263310432E0,-2.874460220E-1,6.394648552E-1
2.430299122E1,1.284002781E0,-2.848482132E-1,5.645513535E-1
2.431101981E1,1.225992680E0,-3.486986160E-1,4.833412170E-1
2.431901371E1,1.065796137E0,-4.167833328E-1,4.312644005E-1
2.432700961E1,9.275572300E-1,-4.630961418E-1,3.590807915E-1
2.433500497E1,8.885576725E-1,-4.902620316E-1,3.172798157E-1
2.434300002E1,8.831441402E-1,-4.476718903E-1,1.906142235E-1
2.435125477E1,8.902013302E-1,-3.826227188E-1,1.508126259E-1
2.435924930E1,8.574521542E-1,-3.915290833E-1,1.128764153E-1
2.436727544E1,7.895972729E-1,-4.270191193E-1,1.169619560E-1
2.437527167E1,7.186655998E-1,-4.514126778E-1,6.487560272E-2
2.438326673E1,6.874113083E-1,-4.720225334E-1,1.853418350E-2
2.439126457E1,7.152152061E-1,-5.441460609E-1,6.884670258E-2
2.439925841E1,6.191394329E-1,-6.655054092E-1,3.701114655E-2
2.440725348E1,4.618196487E-1,-7.391014099E-1,5.520582199E-2
2.441524885E1,4.057598114E-1,-7.628016472E-1,-3.365039825E-2
2.442327538E1,5.157570839E-1,-7.847003937E-1,-1.076412201E-1
2.443127261E1,6.251406670E-1,-6.784749031E-1,-4.268140793E-1
2.443926614E1,9.170610905E-1,-5.483145714E-1,-6.114091873E-1
2.444726182E1,1.247787714E0,-5.707926750E-1,-7.832717896E-1
2.445525750E1,1.460398674E0,-8.293724060E-1,-1.068114281E0
2.446325373E1,1.468377590E0,-1.062038898E0,-1.278817177E0
2.447125041E1,1.269031525E0,-1.087629795E0,-1.705498219E0
2.447927471E1,7.570228577E-1,-7.827095985E-1,-2.088802814E0
2.448727062E1,3.501617908E-1,-5.230693817E-1,-1.955223560E0
2.449526631E1,-1.811027527E-1,-4.894633293E-1,-1.436683178E0
2.450326145E1,-5.939018726E-1,-6.274876595E-1,-9.418845177E-1
2.451125829E1,-1.002364635E0,-8.620052338E-1,-9.872293472E-2
2.451925305E1,-1.087926149E0,-1.075440884E0,5.481328964E-1
2.452724850E1,-7.736301422E-1,-1.249086380E0,9.148306847E-1
2.453527527E1,-1.087431908E-1,-1.314009190E0,1.181780338E0
2.454326941E1,4.297540188E-1,-1.165116787E0,1.171793938E0
2.455126786E1,8.752276897E-1,-8.966741562E-1,9.890794754E-1
2.455926162E1,1.054096222E0,-6.553063393E-1,7.937955856E-1
2.456725677E1,1.061477184E0,-3.409738541E-1,5.366425514E-1
2.457525245E1,9.024152756E-1,-1.404709816E-1,4.491472244E-1
2.458324845E1,7.042114735E-1,-1.421246529E-1,5.808873177E-1
2.459127544E1,4.823856354E-1,-3.744750023E-1,9.563636780E-1
2.459927089E1,2.645373344E-1,-5.481834412E-1,1.124317169E0
2.460726557E1,-3.131294250E-2,-5.544819832E-1,1.079256535E0
2.461526095E1,-4.035305977E-1,-3.946518898E-1,1.038320065E0
2.462325640E1,-6.941897869E-1,-1.927995682E-1,9.644603729E-1
2.463125355E1,-9.582457542E-1,-4.231309891E-2,1.015798092E0
2.463924869E1,-1.023558378E0,1.144027710E-2,1.063087940E0
2.464727392E1,-8.945822716E-1,4.757642746E-2,9.607043266E-1
2.465526991E1,-6.521120071E-1,1.718096733E-1,7.717804909E-1
2.466326528E1,-4.549541473E-1,3.411774635E-1,5.023345947E-1
2.467126304E1,-3.847630024E-1,5.048475266E-1,2.895913124E-1
2.467925688E1,-3.052301407E-1,5.695128441E-1,2.235918045E-1
2.468725226E1,-2.387197018E-1,5.947337151E-1,1.253752708E-1
2.469524833E1,-1.799855232E-1,6.187853813E-1,1.627435684E-1
2.470327447E1,-1.934773922E-1,6.389760971E-1,2.923626900E-1
2.471127039E1,-2.438795567E-1,5.715370178E-1,4.492530823E-1
2.471926522E1,-3.529510498E-1,5.937800407E-1,4.251446724E-1
2.472726052E1,-6.134061813E-1,6.243405342E-1,3.880624771E-1
2.473525598E1,-8.320798874E-1,7.078576088E-1,3.237271309E-1
2.474325189E1,-9.265499115E-1,8.057341576E-1,1.391115189E-1
2.475124888E1,-8.782696724E-1,8.635258675E-1,-5.290603638E-2
2.475927380E1,-7.878620625E-1,8.769187927E-1,-2.182888985E-1
2.476726886E1,-6.333575249E-1,8.958587646E-1,-4.819726944E-1
2.477526478E1,-4.087581635E-1,8.955321312E-1,-5.587754250E-1
2.478326054E1,-1.683771610E-1,1.008033752E0,-7.846174240E-1
2.479125715E1,-4.072403908E-2,1.013220310E0,-5.030074120E-1
2.479925160E1,8.325386047E-2,9.525794983E-1,-5.144762993E-1
2.480724628E1,9.062886238E-2,8.874702454E-1,-4.260764122E-1
2.481527304E1,1.633307934E-1,8.847441673E-1,-4.630799294E-1
2.482326873E1,4.795830250E-1,1.022837639E0,-7.409067154E-1
2.483126564E1,8.685212135E-1,1.108313560E0,-4.470553398E-1
2.483926010E1,9.924018383E-1,1.264193058E0,-5.024442673E-1
2.484725516E1,6.078863144E-1,1.330183029E0,-8.244085312E-1
2.485525092E1,2.019171715E-1,1.339376926E0,-1.010919571E0
2.486324661E1,1.925230026E-2,1.162849903E0,-1.053538799E0
2.487127368E1,1.060736179E-1,1.011162758E0,-7.795062065E-1
2.487926813E1,3.512003422E-1,8.460197449E-1,-5.930061340E-1
2.488726382E1,4.733154774E-1,7.246117592E-1,1.260762215E-1
2.489525973E1,2.993388176E-1,6.182751656E-1,3.027677536E-2
2.490325518E1,-1.518194675E-1,5.255770683E-1,-8.160638809E-2
2.491125202E1,-7.322430611E-1,3.395347595E-1,3.650550842E-1
2.491924678E1,-1.503351688E0,1.477131844E-1,6.947617531E-1
2.492727239E1,-1.961721897E0,8.859205246E-2,7.021918297E-1
2.493526738E1,-1.633350849E0,-1.622629166E-2,8.135147095E-1
2.494326376E1,-5.367426872E-1,-1.769366264E-1,6.001834869E-1
2.495126028E1,1.256604195E-1,-4.431953430E-1,1.592597008E0
2.495925543E1,3.502757549E-1,-4.788103104E-1,1.600871086E0
2.496725050E1,3.955652714E-1,-4.097986221E-1,8.969321251E-1
2.497524588E1,4.954822063E-1,-3.174695969E-1,-5.782890320E-2
2.498327256E1,2.686533928E-1,-2.956409454E-1,-7.599225044E-1
2.499126917E1,-8.229403496E-1,-5.355563164E-1,-3.488850594E-1
2.499926331E1,-1.463039875E0,-8.591089249E-1,-2.513208389E-1
2.500725869E1,-7.563524246E-1,-1.336280346E0,2.252211571E-1
2.501525468E1,3.724579811E-1,-1.680190563E0,1.535067558E-1
2.502325036E1,7.066929340E-1,-1.570740223E0,-7.531166077E-2
2.503124674E1,3.782229424E-1,-1.291844845E0,-8.788061142E-2
2.503927227E1,2.649035454E-1,-1.146142006E0,-2.170352936E-1
2.504726734E1,3.927006721E-1,-1.115472317E0,-4.726247787E-1
2.505526302E1,6.309051514E-1,-1.111819744E0,-7.606673241E-1
2.506325832E1,7.511873245E-1,-1.128526211E0,-6.265449524E-1
2.507125562E1,7.086610794E-1,-1.129944324E0,-3.129329681E-1
2.507925000E1,4.465315342E-1,-1.124205112E0,2.693867683E-1
2.508724606E1,-1.115639210E-1,-1.072422028E0,9.833354950E-1
2.509527152E1,-3.907213211E-1,-1.130694389E0,1.730204582E0
2.510326728E1,-6.711297035E-1,-1.086392403E0,1.959820271E0
2.511126450E1,-1.124531746E0,-9.980201721E-1,2.112654209E0
2.511925888E1,-1.447872162E0,-9.293923378E-1,1.706348896E0
2.512725425E1,-1.386043072E0,-8.665776253E-1,1.617212296E0
2.513525024E1,-1.715470076E0,-1.143123150E0,3.887511730E0
2.514324508E1,-2.999757528E0,-1.655347347E0,5.314098358E0
2.515127215E1,-3.031558752E0,-1.092580318E0,1.967363358E-1
2.515926745E1,-6.220159531E-1,4.059543610E-1,-4.034428596E0
2.516726290E1,2.080667973E0,1.370172977E0,-2.403313160E0
2.517525820E1,2.729613781E0,1.188555717E0,-1.099348068E0
2.518325396E1,1.007914305E0,6.717700958E-1,-1.322319508E0
2.519124995E1,-1.033679724E0,2.103137970E-2,-1.223909378E0
2.519924525E1,-1.716794252E0,-3.760595322E-1,-6.739983559E-1
2.520727078E1,-2.104350090E0,-5.686573982E-1,2.064027786E-1
2.521526647E1,-2.376182318E0,-4.795804024E-1,5.313119888E-1
2.522326192E1,-2.254973650E0,-1.779155731E-1,5.121521950E-1
2.523125914E1,-1.428935766E0,7.618379593E-2,3.515772820E-1
2.523925352E1,-6.952066422E-1,2.019276619E-1,7.175159454E-2
2.524724897E1,-2.939519882E-1,3.092918396E-1,-3.437209129E-1
2.525527542E1,-3.404932022E-1,4.555535316E-1,-6.672873497E-1
2.526327103E1,-5.081930161E-1,5.717678070E-1,-5.839786530E-1
2.527126733E1,-5.310451984E-1,6.445388794E-1,-5.185084343E-1
2.528725754E1,1.519949436E-1,5.359821320E-1,-5.649299622E-1
2.529525323E1,3.411362171E-1,5.424160957E-1,-5.094313622E-1
2.530324860E1,8.262825012E-2,6.318244934E-1,-2.240376472E-1
2.531127629E1,-2.492756844E-1,7.007474899E-1,6.321096420E-2
2.531927043E1,-5.115013123E-1,6.502285004E-1,9.562397003E-2
2.532726666E1,-5.059747696E-1,5.399813652E-1,-9.040212631E-2
2.533526118E1,-3.832325935E-1,5.328898430E-1,-2.748794556E-1
2.534325718E1,-1.580376625E-1,6.034107208E-1,-3.377442360E-1
2.535125463E1,9.218263626E-2,6.036119461E-1,-3.533501625E-1
2.535924885E1,3.701233864E-1,5.550198555E-1,-2.727074623E-1
2.536727377E1,5.030767918E-1,5.381197929E-1,-8.950710297E-2
2.537526976E1,5.219957829E-1,4.969649315E-1,-1.368460655E-1
2.538326636E1,6.188886166E-1,4.195089340E-1,-2.287492752E-1
2.539126266E1,9.504282475E-1,2.847075462E-1,-2.708888054E-1
2.539925704E1,1.479031801E0,1.741709709E-1,-1.417274475E-1
2.540725303E1,1.827988625E0,2.090816498E-1,-4.502911568E-1
2.541524818E1,2.063606024E0,1.788072586E-1,-1.031179428E-1
2.542327402E1,2.060801268E0,1.403226852E-1,5.157709122E-2
2.543127116E1,1.664906502E0,2.128376961E-1,-1.115384102E-1
2.543926531E1,1.105351925E0,3.897438049E-1,-2.326493263E-1
2.544726068E1,2.340411663E0,-1.031246185E-1,5.720257759E-1
2.545525644E1,3.463812590E0,-2.447509766E-1,5.116858482E-1
2.546325174E1,3.167907238E0,1.734619141E-1,-1.226324081E0
2.547124904E1,2.595745564E0,1.040139198E-1,2.156462669E-1
2.547927426E1,2.625567913E0,-4.335689545E-2,1.362500191E-1
2.548726964E1,2.765733242E0,-7.098197937E-3,-5.927882195E-1
2.549526502E1,2.817232609E0,-7.395982742E-2,-1.435084343E-1
2.550326062E1,2.736716270E0,-2.129764557E-1,-1.503415108E-1
2.551125754E1,2.538791418E0,-3.941278458E-1,-3.513998985E-1
2.551925176E1,2.377158642E0,-6.187467575E-1,-5.057048798E-2
2.552724714E1,2.265110493E0,-7.983069420E-1,4.278216362E-1
2.553527351E1,2.100355148E0,-8.710594177E-1,4.218831062E-1
2.554326950E1,1.909096479E0,-8.358192444E-1,4.007282257E-1
2.555126619E1,1.741937399E0,-7.640466690E-1,3.460884094E-1
2.555926002E1,1.668384552E0,-6.920299530E-1,8.573627472E-2
2.556725594E1,1.522595406E0,-5.714550018E-1,-9.447813034E-2
2.557525162E1,1.307410717E0,-4.423313141E-1,-2.818188667E-1
2.558324762E1,9.571194649E-1,-4.167652130E-1,-3.607368469E-1
2.559127468E1,5.786018372E-1,-5.414381027E-1,-3.346881866E-1
2.559926860E1,3.310215473E-1,-6.934413910E-1,-2.648959160E-1
2.560726420E1,5.154609680E-2,-7.952761650E-1,-1.986780167E-1
2.561526020E1,-2.938554287E-1,-7.955646515E-1,-2.208890915E-1
2.562325588E1,-5.301711559E-1,-7.933530807E-1,-2.745060921E-1
2.563125249E1,-6.295731068E-1,-7.461485863E-1,-3.100838661E-1
2.563924663E1,-6.416621208E-1,-6.594395638E-1,-3.409199715E-1
2.564727278E1,-5.866873264E-1,-4.806089401E-1,-4.350585938E-1
2.565526877E1,-4.372174740E-1,-3.207049370E-1,-5.538883209E-1
2.566326330E1,-3.217959404E-1,-1.310019493E-1,-6.729450226E-1
2.567126175E1,-2.142300606E-1,1.235017776E-1,-7.677612305E-1
2.567925559E1,-6.107020378E-2,3.088274002E-1,-7.468619347E-1
2.568725066E1,2.220087051E-1,4.605932236E-1,-6.688303947E-1
2.569524634E1,5.140898228E-1,6.482176781E-1,-6.228504181E-1
2.570327241E1,7.607622147E-1,8.607387543E-1,-5.068802834E-1
2.571126940E1,8.746540546E-1,1.102913857E0,-4.060568810E-1
2.571926409E1,8.836462498E-1,1.324167728E0,-3.867368698E-1
2.572725977E1,9.040620327E-1,1.531557322E0,-1.738600731E-1
2.573525514E1,8.942754269E-1,1.685309887E0,-1.942954063E-1
2.574325021E1,6.612389088E-1,1.906836748E0,-3.085722923E-1
2.575124751E1,1.869430542E-1,2.028915167E0,-3.373055458E-1
2.575927181E1,-1.522750854E-1,2.042953730E0,-2.240304947E-1
2.576726811E1,-2.827777863E-1,1.993325949E0,-8.296585083E-2
2.577526318E1,-2.744150162E-1,1.941238642E0,3.854942322E-2
2.578325909E1,-1.692376137E-1,1.870311737E0,1.260614395E-1
2.579125547E1,-1.217360497E-1,1.729582310E0,2.018017769E-1
2.579924985E1,-8.380460739E-2,1.570113420E0,2.659907341E-1
2.580724584E1,4.459381104E-3,1.417323112E0,3.281464577E-1
2.581527268E1,1.280617714E-1,1.396186829E0,3.434405327E-1
2.582326744E1,2.794613838E-1,1.414163113E0,3.680944443E-1
2.583126489E1,2.950110435E-1,1.473758459E0,3.689250946E-1
2.583925880E1,6.049537659E-2,1.427390099E0,2.918219566E-1
2.584725480E1,-4.482531548E-1,1.356907845E0,-9.113788605E-2
2.585524956E1,-1.098699570E0,1.270388126E0,-3.685131073E-1
2.587127285E1,-1.644920349E0,9.528312683E-1,-3.263359070E-1
2.587926738E1,-1.272014618E0,7.561721802E-1,-1.283960342E-1
2.588726306E1,-1.000036716E0,5.022034645E-1,2.079949379E-1
2.589525867E1,-7.598471642E-1,4.662089348E-1,1.748280525E-1
2.590325351E1,-4.077119827E-1,6.184902191E-1,-1.300921440E-1
2.591125073E1,1.038599014E-2,8.144769669E-1,-4.632701874E-1
2.591924541E1,4.916810989E-1,8.989105225E-1,-8.338551521E-1
2.592727133E1,9.495372772E-1,9.193105698E-1,-1.258657455E0
2.593526693E1,1.181316853E0,8.510322571E-1,-1.541718960E0
2.594326231E1,1.296338797E0,7.660603523E-1,-1.714447975E0
2.595125992E1,1.276489019E0,7.387413979E-1,-1.671076298E0
2.595925460E1,1.030117989E0,6.570305824E-1,-1.446339607E0
2.596724998E1,7.991299629E-1,6.119236946E-1,-1.364494801E0
2.597524543E1,7.710204124E-1,4.402618408E-1,-1.139637470E0
2.598327065E1,8.218407631E-1,1.673474312E-1,-9.869198799E-1
2.599126849E1,9.181122780E-1,-4.309129715E-2,-1.068296432E0
2.599926263E1,1.017075062E0,-1.535301208E-1,-9.852929115E-1
2.600725732E1,9.942193031E-1,-1.354851723E-1,-8.373508453E-1
2.601525400E1,9.116320610E-1,-3.044557571E-2,-6.647286415E-1
2.602324938E1,4.941568375E-1,-7.096815109E-2,-3.628373146E-1
2.603124683E1,6.277179718E-2,-2.634081841E-1,-1.628241539E-1
2.603927082E1,-2.265396118E-1,-4.095673561E-1,-2.295103073E-1
2.604726681E1,-3.119997978E-1,-4.195141792E-1,-6.282138824E-2
2.605526196E1,-3.087882996E-1,-5.849728584E-1,2.308621407E-1
2.606325764E1,-3.733782768E-1,-9.022321701E-1,7.294592857E-1
2.607125510E1,-9.195661545E-1,-1.083748817E0,2.735095024E-1
2.607924870E1,-9.170184135E-1,-1.121167183E0,1.755199432E-1
2.608724431E1,-5.417652130E-1,-1.132881641E0,1.652765274E-1
2.609527015E1,-1.828417778E-1,-1.037144184E0,1.240634918E-2
2.610326645E1,-1.376724243E-1,-9.725737572E-1,-1.330022812E-1
2.611126336E1,-1.881513596E-1,-9.472751617E-1,-2.077045441E-1
2.611925728E1,1.201424599E-1,-7.831892967E-1,-2.398604870E0
2.612725265E1,1.031907082E0,-1.513830185E0,3.405971527E-1
2.613524888E1,5.111608505E-1,-1.501381874E0,8.376779556E-1
2.614324433E1,-1.118498802E0,-1.423617363E0,1.201338768E0
2.615127070E1,-2.238926411E0,-1.541210175E0,1.361910820E0
2.615926616E1,-1.830758095E0,-1.467929840E0,1.376379967E0
2.616726153E1,-8.901915550E-1,-1.319781780E0,1.291211128E0
2.617525745E1,-5.818319321E-1,-1.179963589E0,1.064813137E0
2.618325282E1,-6.710629463E-1,-1.251442432E0,1.077915668E0
2.619125066E1,-8.814020157E-1,-1.437812805E0,1.268161774E0
2.619924388E1,-1.024300098E0,-1.489408016E0,1.447335243E0
2.620726949E1,-8.618774414E-1,-1.397270679E0,1.519416809E0
2.621526664E1,-6.904191971E-1,-1.242369175E0,1.485916615E0
2.622326109E1,-8.143763542E-1,-1.184454441E0,1.381445408E0
2.623125831E1,-1.055366516E0,-1.079773903E0,1.229155540E0
2.623925307E1,-1.184054375E0,-9.263753891E-1,1.145410538E0
2.624724845E1,-1.172764778E0,-8.004655838E-1,1.165825367E0
2.625524359E1,-1.226067543E0,-7.525310516E-1,1.310886860E0
2.626326997E1,-1.279202938E0,-5.711731911E-1,8.633165359E-1
2.627126635E1,-9.034099579E-1,1.334667206E-3,1.747641563E-1
2.627926080E1,-2.756328583E-1,5.322918892E-1,-2.957248688E-2
2.628725702E1,2.281646729E-1,7.017741203E-1,-3.681588173E-1
2.629525178E1,2.342572212E-1,4.421534538E-1,-5.778970718E-1
2.630324777E1,1.117916107E-1,1.472730637E-1,-5.833516121E-1
2.631127492E1,1.995282173E-1,1.581540108E-1,-4.990773201E-1
2.631926930E1,4.256880283E-1,3.155336380E-1,-5.762300491E-1
2.632726475E1,4.716513157E-1,3.969144821E-1,-6.657347679E-1
2.633526066E1,3.213567734E-1,2.367978096E-1,-6.309533119E-1
2.634325642E1,2.284874916E-1,5.461454391E-2,-4.783549309E-1
2.635125295E1,2.029700279E-1,2.681493759E-2,-3.833255768E-1
2.635924741E1,-7.980346680E-3,-6.302833557E-2,-7.094240189E-2
2.636727355E1,-6.422290802E-1,-3.372020721E-1,6.069936752E-1
2.637526900E1,-8.462882042E-1,-4.909868240E-1,6.256217957E-1
2.638326469E1,-6.608777046E-1,-4.042468071E-1,5.528836250E-1
2.639126160E1,-5.438537598E-1,-2.698206902E-1,5.244193077E-1
2.639925575E1,-6.451148987E-1,-2.447299957E-1,3.464903831E-1
2.640725143E1,-5.660533905E-1,-2.948160172E-1,4.068727493E-1
2.641524681E1,-3.417491913E-1,-4.290976524E-1,5.811672211E-1
2.642327318E1,-3.200116158E-1,-5.352449417E-1,6.393270493E-1
2.643127018E1,-5.895786285E-1,-4.577436447E-1,6.696400642E-1
2.643926455E1,-7.008109093E-1,-3.527717590E-1,6.172823906E-1
2.644726031E1,-2.425127029E-1,-5.393948555E-1,5.493588448E-1
2.645525538E1,2.180180550E-1,-7.281789780E-1,4.776787758E-1
2.646325068E1,4.032845497E-1,-9.043593407E-1,4.106798172E-1
2.647124821E1,2.340888977E-1,-9.622325897E-1,3.510937691E-1
2.647927290E1,6.354904175E-2,-9.066882133E-1,2.758312225E-1
2.648726827E1,-2.255249023E-2,-8.028283119E-1,2.583022118E-1
2.649526449E1,-4.867935181E-2,-7.604570389E-1,2.104291916E-1
2.650325933E1,2.681398392E-2,-7.950873375E-1,6.836795807E-2
2.651125678E1,1.243338585E-1,-6.798076630E-1,-1.250314713E-2
2.651925070E1,2.331433296E-1,-4.970526695E-1,-7.228279114E-2
2.652724631E1,4.089741707E-1,-4.214334488E-1,-5.045557022E-2
2.653527253E1,5.119185448E-1,-3.955159187E-1,-6.091308594E-2
2.654326844E1,4.966659546E-1,-2.468309402E-1,-1.804819107E-1
2.655126536E1,4.651556015E-1,-5.395936966E-2,-2.663006783E-1
2.655925958E1,3.724980354E-1,2.105412483E-1,-2.595639229E-1
2.656725465E1,2.055721283E-1,3.731980324E-1,-3.664650917E-1
2.657524995E1,6.612539291E-2,4.735713005E-1,-4.341669083E-1
2.658324602E1,5.570220947E-2,6.144475937E-1,-4.897112846E-1
2.659127362E1,9.349489212E-2,7.604341507E-1,-5.626387596E-1
2.659926754E1,1.343278885E-1,8.886623383E-1,-7.486929893E-1
2.660726353E1,2.910442352E-1,1.005727768E0,-8.779077530E-1
2.661526006E1,4.059534073E-1,1.076691628E0,-1.027910233E0
2.662325482E1,3.978395462E-1,1.099382401E0,-1.047471523E0
2.663125150E1,3.117527962E-1,1.040464401E0,-1.030118942E0
2.663924596E1,2.274422646E-1,1.005313873E0,-1.015465736E0
2.664727179E1,1.935024261E-1,1.001067162E0,-1.067188740E0
2.665526740E1,1.921725273E-1,1.018430710E0,-1.145077705E0
2.666326370E1,1.512808800E-1,9.910173416E-1,-1.241488457E0
2.667125977E1,6.023235321E-1,5.512623787E-1,-1.056206703E0
2.667925422E1,2.466545105E-1,1.126206398E0,-1.668411255E0
2.668725014E1,-1.550161839E0,1.524266243E0,-1.636292934E0
2.669524490E1,-1.434885979E0,1.018829823E0,-1.160997868E0
2.670327135E1,-2.351193428E-1,5.404829979E-1,-9.749493599E-1
2.671126857E1,-3.095073700E-1,6.909751892E-1,-1.065588474E0
2.671926210E1,-1.137810230E0,8.850712776E-1,-1.086797237E0
2.672725848E1,-1.257741451E0,7.229981422E-1,-8.660278320E-1
2.673525385E1,-7.137169838E-1,5.615773201E-1,-7.514495850E-1
2.674324946E1,-5.249161720E-1,5.388693810E-1,-8.037457466E-1
2.675124584E1,-4.795489311E-1,6.005053520E-1,-7.429437637E-1
2.675927167E1,-3.495092392E-1,6.365051270E-1,-6.927742958E-1
2.676726667E1,-2.906055450E-1,6.527242661E-1,-9.867339134E-1
2.677526243E1,8.947017193E-1,5.268425941E-1,-1.097425938E0
2.678325780E1,6.349568367E-1,-2.088284492E-1,4.015812874E-1
2.679125464E1,-2.010865688E0,-3.471899033E-1,1.500083447E0
2.679924879E1,-3.197914124E0,-7.451591492E-1,1.103359699E0
2.680724455E1,-1.981724739E0,-6.025714874E-1,1.111531258E0
2.681527162E1,-7.646579742E-1,-3.868308067E-1,1.347498417E0
2.682326638E1,-6.808090210E-1,-3.573112488E-1,1.337731361E0
2.683126352E1,-9.270024300E-1,-2.665591240E-1,8.810758591E-1
2.683925836E1,-7.990713120E-1,-3.484168053E-1,1.095114708E0
2.684725274E1,-2.961068153E-1,-3.584227562E-1,9.551787376E-1
2.685524934E1,7.870960236E-2,-2.490539551E-1,6.970949173E-1
2.686324510E1,2.216186523E-1,-1.218538284E-1,4.440579414E-1
2.687127217E1,1.668496132E-1,-1.644005775E-1,2.780160904E-1
2.687926624E1,2.150068283E-1,-2.425122261E-1,1.608948708E-1
2.688726315E1,2.750763893E-1,-9.719944000E-2,-2.152943611E-1
2.689525830E1,3.531460762E-1,1.403183937E-1,-4.319195747E-1
2.690325306E1,5.143084526E-1,1.709938049E-1,-5.577678680E-1
2.691125028E1,5.546550751E-1,2.449274063E-2,-5.403118134E-1
2.691924443E1,5.912008286E-1,-5.518484116E-2,-5.380678177E-1
2.692727027E1,5.629510880E-1,5.922079086E-2,-5.802402496E-1
2.693526657E1,4.988574982E-1,1.849412918E-1,-4.952497482E-1
2.694326163E1,4.278521538E-1,2.351598740E-1,-3.674845695E-1
2.695125855E1,3.687090874E-1,1.977920532E-1,-2.883644104E-1
2.695925300E1,3.473548889E-1,1.683659554E-1,-1.340055466E-1
2.696724838E1,3.421912193E-1,1.273880005E-1,-1.107487679E-1
2.697524375E1,2.667021751E-1,-1.969537735E-1,1.194978714E0
2.698326959E1,-6.628174782E-1,-9.021296501E-1,1.987427711E0
2.699126712E1,-1.119173050E0,-8.265633583E-1,1.040232658E0
2.699926211E1,-7.018003464E-1,-3.763971329E-1,7.060632706E-1
2.700725657E1,-2.016067505E-1,-2.593240738E-1,5.980792046E-1
2.701525263E1,7.896423340E-4,-2.828426361E-1,8.464717865E-2
2.702324862E1,-1.320014000E-1,-1.566176414E-1,-9.958600998E-2
2.703124546E1,-2.736663818E-1,4.206371307E-2,-4.779624939E-2
2.703926976E1,-2.898130417E-1,9.504795074E-2,1.278433800E-1
2.704726491E1,-2.469406128E-1,2.418565750E-2,1.963520050E-1
2.705526090E1,-3.037543297E-1,-9.367132187E-2,2.747645378E-1
2.706325689E1,-3.470945358E-1,-1.657724380E-1,3.747749329E-1
2.707125342E1,-3.347196579E-1,-1.331772804E-1,4.797277451E-1
2.707924757E1,-1.839957237E-1,-1.256542206E-1,4.559521675E-1
2.708724333E1,-5.428409576E-2,-9.708833694E-2,2.165017128E-1
2.709526909E1,1.896033287E-1,-1.061644554E-1,2.711868286E-2
2.710326539E1,4.381370544E-1,-2.775497437E-1,1.418566704E-1
2.711126176E1,3.919491768E-1,-5.262370110E-1,2.479138374E-1
2.711925645E1,1.556224823E-1,-7.381281853E-1,4.078378677E-1
2.712725190E1,1.681280136E-2,-7.804627419E-1,4.211444855E-1
2.713524728E1,8.946990967E-2,-8.320326805E-1,4.221324921E-1
2.714324319E1,6.468868256E-2,-8.943729401E-1,3.237462044E-1
2.715127003E1,-1.871156693E-1,-1.003341198E0,2.359876633E-1
2.715926502E1,-3.578448296E-1,-1.054249763E0,3.011002541E-1
2.716725986E1,-4.375905991E-1,-1.028229237E0,3.302831650E-1
2.717525585E1,-4.735898972E-1,-1.063855171E0,2.625579834E-1
2.718325115E1,-4.915289879E-1,-1.100965023E0,1.183466911E-1
2.719124814E1,-4.853348732E-1,-1.124031544E0,-2.047014236E-2
2.719924344E1,-2.735280991E-1,-1.093950748E0,-5.279922485E-2
2.720726835E1,-3.977870941E-2,-1.111131668E0,3.407573700E-2
2.721526411E1,5.040168762E-3,-1.126040459E0,3.044891357E-2
2.722326003E1,-1.372027397E-1,-1.123623371E0,2.649259567E-2
2.723125733E1,-2.689337730E-1,-1.047897339E0,9.539413452E-2
2.723925078E1,-3.531093597E-1,-1.045464993E0,1.609201431E-1
2.724724739E1,-3.584866524E-1,-9.643988609E-1,1.578931808E-1
2.725527292E1,-1.757893562E-1,-7.659082413E-1,-1.069178581E-1
2.726326868E1,-7.591724396E-2,-6.467075348E-1,-1.331477165E-1
2.727126621E1,1.349067688E-2,-5.247206688E-1,-1.227951050E-1
2.727925997E1,4.830455780E-2,-3.946290016E-1,-1.695976257E-1
2.728725542E1,1.975278854E-1,-2.363376617E-1,-2.183341980E-1
2.729525049E1,5.567317009E-1,-5.971240997E-2,-2.018747330E-1
2.730324641E1,6.989264488E-1,7.961940765E-2,-9.050941467E-2
2.731127447E1,5.242705345E-1,1.475882530E-1,4.324436188E-2
2.731926893E1,2.677574158E-1,1.117630005E-1,1.445460320E-1
2.732726400E1,1.200723648E-2,1.032609940E-1,2.873444557E-1
2.733525999E1,-2.056446075E-1,1.038641930E-1,3.898057938E-1
2.734325475E1,-4.234561920E-1,1.580810547E-1,4.239001274E-1
2.735125189E1,-5.204472542E-1,3.005976677E-1,3.428888321E-1
2.735924665E1,-5.357322693E-1,4.823250771E-1,9.307956696E-2
2.736727249E1,-2.530198097E-1,7.752895355E-1,-1.180653572E-1
2.737526856E1,1.694159508E-1,9.578275681E-1,-2.681388855E-1
2.738326332E1,5.251178741E-1,1.076418400E0,-4.308018684E-1
2.739126085E1,6.941342354E-1,1.145029068E0,-5.927524567E-1
2.739925553E1,7.191381454E-1,1.155764580E0,-6.142797470E-1
2.740725037E1,6.670780182E-1,1.191690445E0,-4.795246124E-1
2.741524636E1,5.583953857E-1,1.141992092E0,-3.505764008E-1
2.742327151E1,3.527998924E-1,1.085387230E0,-2.701301575E-1
2.743126904E1,1.871080399E-1,1.067595482E0,-2.157268524E-1
2.743926380E1,1.968255043E-1,1.122735023E0,-1.995134354E-1
2.744725918E1,2.736587524E-1,1.163044453E0,-2.306547165E-1
2.745525424E1,2.774329185E-1,1.194208145E0,-3.384151459E-1
2.746325054E1,2.181382179E-1,1.256854057E0,-4.127883911E-1
2.747124684E1,1.820907593E-1,1.269031048E0,-4.067950249E-1
2.747924168E1,1.058945656E-1,1.220725060E0,-3.940968513E-1
2.748726744E1,-4.847049713E-2,1.197607040E0,-3.893871307E-1
2.749526351E1,-1.741466522E-1,1.122687817E0,-3.698458672E-1
2.750325888E1,-3.657770157E-1,1.073974609E0,-3.830599785E-1
2.751125549E1,-4.713134766E-1,1.019877434E0,-3.083906174E-1
2.751925018E1,-4.872765541E-1,9.455156326E-1,-2.791490555E-1
2.752724501E1,-4.480457306E-1,8.484430313E-1,-1.692090034E-1
2.753527170E1,-3.653554916E-1,8.196058273E-1,-1.292395592E-1
2.754326677E1,-2.242283821E-1,7.516908646E-1,-1.056070328E-1
2.755126368E1,-1.543679237E-1,6.448559761E-1,-1.970558167E-1
2.755925813E1,-1.528015137E-1,4.529609680E-1,-1.887354851E-1
2.756725359E1,-2.055559158E-1,3.169298172E-1,-1.775050163E-1
2.757524988E1,-3.960976601E-1,2.700200081E-1,-1.418061256E-1
2.758324457E1,-5.880217552E-1,2.255506516E-1,-7.497024536E-2
2.759127256E1,-7.299680710E-1,1.186523438E-1,-2.375650406E-2
2.759926709E1,-7.617402077E-1,2.671480179E-2,1.098728180E-2
2.760726208E1,-6.736149788E-1,-1.780939102E-2,2.877759933E-2
2.761525807E1,-4.941463470E-1,1.498603821E-2,4.332017899E-2
2.762325406E1,-3.227357864E-1,-4.405069351E-2,8.551549911E-2
2.763125106E1,-1.949939728E-1,-9.885072708E-2,9.603118896E-2
2.763924451E1,-5.792379379E-2,-1.549234390E-1,1.489992142E-1
2.764727104E1,1.557826996E-3,-2.046704292E-1,2.298192978E-1
2.765526634E1,-2.512121201E-2,-3.241100311E-1,1.839113235E-1
2.766326179E1,-1.067223549E-1,-3.567209244E-1,1.699037552E-1
2.767125863E1,-1.948289871E-1,-3.274726868E-1,2.422742844E-1
2.767925347E1,-2.660231590E-1,-2.871131897E-1,2.803750038E-1
2.768724907E1,-3.234734535E-1,-2.168402672E-1,2.855892181E-1
2.769524476E1,-2.527642250E-1,-1.981706619E-1,3.172230721E-1
2.770327029E1,-1.640806198E-1,-1.637082100E-1,3.277211189E-1
2.771126751E1,-8.277177811E-2,-1.805129051E-1,2.053842545E-1
2.771926173E1,7.013320923E-3,-1.599230766E-1,1.574654579E-1
2.772725703E1,5.382680893E-2,-7.584762573E-2,1.871614456E-1
2.773525279E1,5.035734177E-2,-4.975795746E-3,1.674008369E-1
2.774324909E1,3.422784805E-2,9.848594666E-2,1.170678139E-1
2.775124508E1,1.100435257E-1,1.966190338E-1,-1.675748825E-1
2.775926992E1,2.830805779E-1,2.491626740E-1,-9.394884109E-2
2.776726568E1,-5.772829056E-2,3.806624413E-1,-7.245063782E-3
2.777526137E1,-3.477511406E-1,4.105648994E-1,-5.038595200E-2
2.778325636E1,-2.024259567E-1,3.958959579E-1,-1.818118095E-1
2.779125489E1,1.077179909E-1,4.219822884E-1,-2.607831955E-1
2.779924865E1,2.071695328E-1,5.185790062E-1,-3.263278008E-1
2.780724379E1,2.517342567E-1,5.923833847E-1,-4.716048241E-1
2.781527055E1,4.046788216E-1,6.962571144E-1,-7.391419411E-1
2.782326555E1,7.016086578E-1,7.927455902E-1,-1.001488209E0
2.783126246E1,1.136614799E0,9.449853897E-1,-1.330580235E0
2.783925668E1,1.469684362E0,1.168534756E0,-1.603664875E0
2.784725167E1,1.753673077E0,1.469695091E0,-1.771238327E0
2.785524836E1,1.827370882E0,1.634592056E0,-1.786907673E0
2.786324404E1,1.645367622E0,1.672217369E0,-1.880942822E0
2.787127103E1,1.318552256E0,1.472082138E0,-1.993096352E0
2.787926518E1,1.155322552E0,1.238668919E0,-2.099070549E0
2.788726117E1,1.216196299E0,9.307122231E-1,-2.258620024E0
2.789525632E1,1.306325674E0,7.212052345E-1,-2.234749079E0
2.790325200E1,1.257255316E0,6.798744202E-1,-2.353329897E0
2.791124853E1,1.380115509E0,7.542243004E-1,-2.396204948E0
2.791924306E1,1.243685484E0,6.787891388E-1,-2.547406197E0
2.792726982E1,1.114993334E0,5.008049011E-1,-2.724883318E0
2.793526512E1,1.212959528E0,5.146160126E-1,-2.647523165E0
2.794326019E1,1.521097422E0,7.682700157E-1,-2.654593706E0
2.795125687E1,1.742425442E0,9.227590561E-1,-2.352080822E0
2.795925163E1,1.772150040E0,9.453487396E-1,-2.207753181E0
2.796724724E1,1.759033203E0,7.359433174E-1,-1.677303791E0
2.797524292E1,1.484644651E0,4.488611221E-1,-1.056937695E0
2.798326914E1,8.064963818E-1,-7.340478897E-2,-2.755784988E-1
2.799126598E1,4.366540909E-2,-6.505885124E-1,6.081390381E-1
2.799926021E1,-5.278773308E-1,-1.207880974E0,1.434655666E0
2.800725612E1,-8.526344299E-1,-1.501372814E0,1.955457687E0
2.801525150E1,-1.123820305E0,-1.649007797E0,2.121826172E0
2.802324756E1,-1.177181721E0,-1.695950508E0,2.133729458E0
2.803124348E1,-9.720897675E-1,-1.472730637E0,-4.884071350E-1
2.803926878E1,-8.877453804E-1,-3.649200916E0,7.955972195E0
2.804726377E1,-4.354032516E0,-5.058781147E0,6.388045788E0
2.805525976E1,-5.188989162E0,-4.607241154E0,4.250915527E0
2.806325545E1,-2.423829079E0,-2.993871689E0,3.091198444E0
2.807125182E1,-3.447084427E-1,-1.258640289E0,2.236145973E0
2.807924712E1,-1.353573799E-1,1.233491898E-1,1.440426350E0
2.808724257E1,-1.020139217E0,-1.170873642E-2,1.606283665E0
2.809526810E1,-1.463239193E0,-8.533678055E-1,1.871548176E0
2.810326402E1,-7.073183060E-1,-1.005018711E0,1.588311195E0
2.811126070E1,2.227492332E-1,-5.602602959E-1,1.455239773E0
2.811925546E1,7.880992889E-1,-2.708435059E-3,1.321105480E0
2.812725053E1,6.652653217E-1,2.189106941E-1,1.180624485E0
2.813524652E1,2.636737823E-1,2.521376610E-1,9.075045586E-1
2.814324213E1,1.083655357E-1,2.920346260E-1,5.168890953E-1
2.815126989E1,2.055006027E-1,3.965177536E-1,1.997060776E-1
2.815926396E1,3.100671768E-1,5.472097397E-1,-1.418051720E-1
2.816725933E1,3.366484642E-1,6.316595078E-1,-2.939581871E-1
2.817525471E1,2.663412094E-1,5.678796768E-1,-3.404946327E-1
2.818325047E1,2.364187241E-1,3.833875656E-1,-3.847842216E-1
2.819124700E1,2.755608559E-1,2.630209923E-1,-2.542476654E-1
2.819924207E1,3.109288216E-1,1.329069138E-1,-3.591156006E-2
2.820726798E1,2.127223015E-1,1.221132278E-2,8.494806290E-2
2.821526421E1,5.960941315E-3,-1.748394966E-1,3.680243492E-1
2.822325866E1,-1.555724144E-1,-3.509049416E-1,6.630511284E-1
2.823125504E1,-3.266887665E-1,-4.353556633E-1,8.303270340E-1
2.823925064E1,-3.602986336E-1,-2.965593338E-1,9.453253746E-1
2.824724602E1,-2.393550873E-1,-1.496891975E-1,8.846611977E-1
2.825524209E1,-1.566619873E-1,-1.931371689E-1,9.661898613E-1
2.826326731E1,-3.146648407E-2,-3.040413857E-1,7.642283440E-1
2.827126415E1,2.198019028E-1,-3.091292381E-1,6.944313049E-1
2.827925868E1,2.670183182E-1,-4.984827042E-1,1.250186443E0
2.828725459E1,-9.749412537E-2,-8.614830971E-1,1.673232555E0
2.829524974E1,-4.878606796E-1,-1.245202065E0,1.725564003E0
2.830324542E1,-5.752220154E-1,-1.411111832E0,1.543193817E0
2.831127272E1,-4.069375992E-1,-1.349047184E0,1.362446785E0
2.831926725E1,-4.506864548E-1,-1.304622650E0,1.349160194E0
2.832726286E1,-8.193483353E-1,-1.225258350E0,1.218047142E0
2.833525862E1,-1.197682381E0,-1.200317383E0,9.148602486E-1
2.834325369E1,-1.397327423E0,-1.184580803E0,7.336997986E-1
2.835125114E1,-1.236784458E0,-1.131827831E0,7.355666161E-1
2.835924413E1,-9.654235840E-1,-1.051116943E0,6.748886108E-1
2.836727089E1,-8.138098717E-1,-8.247580528E-1,2.591233253E-1
2.837526711E1,-8.997941017E-1,-5.776429176E-1,-2.036666870E-2
2.838326318E1,-9.855508804E-1,-4.428405762E-1,-4.840707779E-2
2.839125917E1,-9.388675690E-1,-3.783259392E-1,9.691476822E-2
2.839925363E1,-8.270096779E-1,-3.243618011E-1,1.184134483E-1
2.840724931E1,-7.505874634E-1,-1.139721870E-1,1.312589645E-1
2.841524469E1,-8.155217171E-1,9.300518036E-2,8.060264587E-2
2.842327106E1,-9.730162621E-1,3.137459755E-1,-4.273605347E-2
2.843126767E1,-8.561935425E-1,4.931440353E-1,-3.301448822E-1
2.843926243E1,-6.106762886E-1,6.107873917E-1,-4.784922600E-1
2.844725758E1,-2.607326508E-1,6.746072769E-1,-4.147253036E-1
2.845525318E1,1.338720322E-2,7.189931870E-1,-4.801130295E-1
2.846324948E1,3.413958549E-1,8.390522003E-1,-6.647300720E-1
2.847124586E1,6.220457554E-1,8.127007484E-1,-7.773976326E-1
2.847927193E1,7.359473705E-1,7.151494026E-1,-7.780833244E-1
2.848726676E1,7.378594875E-1,5.815587044E-1,-7.554006577E-1
2.849526152E1,6.737539768E-1,4.658136368E-1,-7.133049965E-1
2.850325752E1,5.138220787E-1,3.792247772E-1,-5.844993591E-1
2.851125412E1,3.751826286E-1,3.577151299E-1,-6.085400581E-1
2.851924881E1,2.055835724E-1,3.185925484E-1,-6.277408600E-1
2.852724388E1,3.448820114E-2,2.508635521E-1,-7.093954086E-1
2.853527094E1,-6.666660309E-2,2.242898941E-1,-9.181203842E-1
2.854326547E1,-1.378059387E-2,3.013210297E-1,-1.198461533E0
2.855126262E1,2.209186554E-1,3.427677155E-1,-1.266514778E0
2.855925676E1,5.334205627E-1,2.665762901E-1,-1.252926350E0
2.856725276E1,6.759631634E-1,1.367659569E-1,-1.332155704E0
2.857524882E1,7.072412968E-1,3.690624237E-2,-1.341435909E0
2.858324412E1,7.132656574E-1,-2.128601074E-3,-1.336940289E0
2.859127096E1,6.712343693E-1,-2.337074280E-2,-1.267570496E0
2.859926572E1,6.385772228E-1,-2.810955048E-3,-1.118959427E0
2.860726110E1,6.216585636E-1,1.193904877E-2,-9.848093987E-1
2.861525763E1,5.879509449E-1,2.366209030E-2,-8.369803429E-1
2.862325239E1,5.457379818E-1,4.241228104E-2,-7.022309303E-1
2.863124969E1,5.279529095E-1,5.105876923E-2,-6.962151527E-1
2.863924383E1,4.845359325E-1,9.482192993E-2,-6.897387505E-1
2.864726960E1,4.722197056E-1,1.609973907E-1,-7.039289474E-1
2.865526536E1,4.755146503E-1,1.846752167E-1,-6.639809608E-1
2.866326127E1,4.905827045E-1,2.251749039E-1,-6.871118546E-1
2.867125734E1,4.458510876E-1,1.917967796E-1,-7.465686798E-1
2.867925210E1,3.819854259E-1,9.705924988E-2,-7.053937912E-1
2.868724771E1,3.443632126E-1,1.968526840E-2,-6.429505348E-1
2.869524370E1,2.888627052E-1,-1.644706726E-2,-5.527853966E-1
2.870326992E1,2.674469948E-1,-4.243183136E-2,-5.502471924E-1
2.871126653E1,3.416855335E-1,-2.001428604E-2,-5.927295685E-1
2.871926098E1,4.700005054E-1,-1.660346985E-3,-6.015863419E-1
2.872725666E1,5.710139275E-1,-1.851558685E-3,-6.846442223E-1
2.873525235E1,7.074818611E-1,7.517099380E-2,-7.793292999E-1
2.874324765E1,8.892476559E-1,1.644997597E-1,-7.947382927E-1
2.875124464E1,1.058764458E0,2.013778687E-1,-7.454018593E-1
2.875926863E1,1.111903191E0,2.356162071E-1,-7.770423889E-1
2.876726524E1,1.104540825E0,3.058004379E-1,-7.619690895E-1
2.877526030E1,1.005303144E0,4.119739532E-1,-6.356563568E-1
2.878325599E1,8.658611774E-1,4.227156639E-1,-4.751029015E-1
2.879125260E1,6.563010216E-1,4.481315613E-1,-3.146176338E-1
2.879924766E1,4.811189175E-1,4.353694916E-1,-2.746329308E-1
2.880724242E1,3.347046375E-1,3.797960281E-1,-2.190518379E-1
2.881526888E1,2.124981880E-1,3.024644852E-1,-1.075239182E-1
2.882326448E1,1.966142654E-1,3.157091141E-1,-1.456866264E-1
2.883126078E1,2.328393459E-1,3.982491493E-1,-2.225804329E-1
2.883925493E1,3.771445751E-1,4.068326950E-1,-2.701759338E-1
2.884725154E1,6.181583405E-1,3.585004807E-1,-3.811678886E-1
2.885524699E1,7.320182323E-1,3.229913712E-1,-4.946188927E-1
2.886324206E1,8.221771717E-1,3.245034218E-1,-4.758510590E-1
2.887127028E1,8.202302456E-1,3.391165733E-1,-8.077993393E-1
2.887926450E1,7.893352509E-1,1.727256775E-1,-7.094764709E-2
2.888726011E1,6.104691029E-1,1.373081207E-1,6.070280075E-2
2.889525587E1,1.910986900E-1,1.013154984E-1,2.638392448E-1
2.890325178E1,-1.880574226E-2,4.982471466E-2,1.370716095E-1
2.891124747E1,8.520388603E-2,-3.082752228E-2,1.546258926E-1
2.891924261E1,2.299365997E-1,-7.062387466E-2,1.502451897E-1
2.892726837E1,2.957129478E-1,-1.550374031E-1,8.885622025E-2
2.893526406E1,3.535339832E-1,-2.243213654E-1,7.912158966E-2
2.894325943E1,4.811162949E-1,-2.689881325E-1,1.970767975E-3
2.895125642E1,5.172443390E-1,-2.147946358E-1,-1.247839928E-1
2.895925080E1,4.918699265E-1,-1.718454361E-1,-1.926031113E-1
2.896724626E1,4.820148945E-1,-1.689910889E-1,-1.989784241E-1
2.897524186E1,5.276706219E-1,-1.509876251E-1,-2.207541466E-1
2.898326831E1,5.377371311E-1,-7.953786850E-2,-2.604036331E-1
2.899126469E1,4.936034679E-1,-2.649450302E-2,-3.128309250E-1
2.899925914E1,3.514320850E-1,-2.581024170E-2,-3.392105103E-1
2.900725506E1,2.368206978E-1,3.691911697E-2,-3.658266068E-1
2.901525043E1,1.234443188E-1,9.679079056E-2,-3.881945610E-1
2.902324620E1,5.061650276E-2,9.890270233E-2,-3.926110268E-1
2.903124311E1,1.672768593E-2,1.059522629E-1,-4.202308655E-1
2.903926733E1,-3.987908363E-2,1.279969215E-1,-5.002946854E-1
2.904726363E1,-9.370732307E-2,1.318302155E-1,-4.437770844E-1
2.905525839E1,-1.259541512E-1,1.818776131E-1,-4.378695488E-1
2.906325438E1,-1.100854874E-1,3.159422874E-1,-3.226151466E-1
2.907125168E1,-6.969356537E-2,3.250455856E-1,-2.087483406E-1
2.907924552E1,8.820748329E-2,2.643365860E-1,-1.849827766E-1
2.908727197E1,2.402558327E-1,2.186040878E-1,-1.933817863E-1
2.909526766E1,2.671144009E-1,2.311344147E-1,-2.214655876E-1
2.910326365E1,2.518403530E-1,2.947740555E-1,-2.394514084E-1
2.911125995E1,2.084054947E-1,3.538188934E-1,-2.445416451E-1
2.911925433E1,2.166161537E-1,3.388004303E-1,-2.913861275E-1
2.912724970E1,2.220115662E-1,2.828989029E-1,-2.340326309E-1
2.913524508E1,1.713764668E-1,1.306819916E-1,-5.890607834E-2
2.914324176E1,7.381105423E-2,-3.723526001E-2,1.033992767E-1
2.915126814E1,-6.138586998E-2,-1.714434624E-1,2.707161903E-1
2.915926321E1,-2.522993088E-1,-2.891316414E-1,2.778339386E-1
2.916725858E1,-4.125800133E-1,-2.978148460E-1,3.212742805E-1
2.917525427E1,-4.774062634E-1,-3.574924469E-1,4.662313461E-1
2.918324964E1,-4.982564449E-1,-3.958029747E-1,5.666298866E-1
2.919124694E1,-5.042209625E-1,-3.979325294E-1,5.653519630E-1
2.919924047E1,-3.396708965E-1,-4.754600525E-1,8.717775345E-2
2.920726685E1,2.080321312E-2,-1.122440338E0,2.587729931E0
2.921526253E1,-9.794154167E-1,-1.632351398E0,2.755731583E0
2.922325791E1,-2.313402653E0,-1.199634075E0,1.162080288E0
2.923125513E1,-2.174939871E0,-6.282415390E-1,4.994449615E-1
2.923924904E1,-1.063262701E0,-5.797877312E-1,1.504540920E0
2.924724496E1,-6.679289341E-1,-6.609301567E-1,1.302834511E0
2.925527080E1,-6.431248188E-1,-5.772829056E-1,8.207998276E-1
2.926326648E1,-4.209275246E-1,-3.656501770E-1,6.023454666E-1
2.927126339E1,-2.474632263E-1,-1.882452965E-1,4.580717087E-1
2.927925854E1,-2.946138382E-1,-6.108903885E-2,3.448195457E-1
2.928725322E1,-2.803776264E-1,1.649999619E-2,2.111043930E-1
2.929524868E1,-6.511688232E-2,6.180429459E-2,2.219247818E-1
2.930324436E1,9.994649887E-2,1.356101036E-1,2.120451927E-1
2.931127204E1,2.204532623E-1,2.193164825E-1,1.645488739E-1
2.931926580E1,2.937862873E-1,2.634201050E-1,5.396652222E-2
2.932726157E1,3.660502434E-1,2.755637169E-1,3.446006775E-2
2.933525725E1,3.997299671E-1,1.886243820E-1,4.889678955E-2
2.934325286E1,3.623676300E-1,3.366565704E-2,8.102655411E-2
2.935125039E1,2.884819508E-1,-9.356451035E-2,7.631826401E-2
2.935924453E1,1.865005493E-1,-1.409211159E-1,4.915237427E-2
2.936723937E1,8.342194557E-2,-1.496939659E-1,9.730100632E-2
2.937526574E1,2.263379097E-2,-1.727294922E-1,8.422660828E-2
2.938326174E1,-7.889747620E-3,-1.934037209E-1,5.761289597E-2
2.939125781E1,-6.485462189E-3,-1.542062759E-1,1.232528687E-2
2.939925226E1,4.816699028E-2,-3.072118759E-2,-9.425210953E-2
2.940724817E1,2.131004333E-1,8.898115158E-2,-1.228241920E-1
2.941524447E1,3.512227535E-1,6.611871719E-2,-1.023702621E-1
2.942327008E1,4.347610474E-1,-2.718687057E-2,-1.410593987E-1
2.943126692E1,3.913767338E-1,-2.563238144E-2,-1.289176941E-1
2.943926106E1,3.049211502E-1,-3.998184204E-2,1.706647873E-2
2.944725675E1,7.946515083E-2,-7.905197144E-2,1.045112610E-1
2.945525251E1,-1.059756279E-1,-1.530919075E-1,1.670989990E-1
2.946324758E1,-1.837425232E-1,-1.661314964E-1,1.336202621E-1
2.947124410E1,-1.844680309E-1,-1.512608528E-1,5.280160904E-2
2.947923917E1,-1.405792236E-1,-1.943202019E-1,7.131099701E-3
2.948726540E1,-3.208851814E-2,-3.691773415E-1,-2.876281738E-2
2.949526077E1,-5.225658417E-3,-6.089363098E-1,-4.849910736E-3
2.950325646E1,-9.963297844E-2,-8.631834984E-1,-7.876396179E-3
2.951125306E1,-3.414490223E-1,-1.082635880E0,2.052273750E-1
2.951924721E1,-5.903923512E-1,-1.290341854E0,4.236512184E-1
2.952724289E1,-9.810311794E-1,-1.568945408E0,5.521264076E-1
2.953526958E1,-1.206027985E0,-1.665790558E0,6.122221947E-1
2.954326434E1,-1.222007751E0,-1.595197201E0,7.033014297E-1
2.955126156E1,-9.662568569E-1,-1.405519485E0,6.591444016E-1
2.955925640E1,-6.950669289E-1,-1.220436573E0,4.855585098E-1
2.956725139E1,-4.527070522E-1,-1.010501862E0,1.914343834E-1
2.957524738E1,-2.706856728E-1,-8.065099716E-1,-1.090083122E-1
2.958324276E1,-4.470872879E-2,-5.882663727E-1,-2.603659630E-1
2.959127044E1,1.980803013E-1,-4.438486099E-1,-2.930068970E-1
2.959926435E1,3.624315262E-1,-3.599181175E-1,-3.213734627E-1
2.960726027E1,4.138262272E-1,-2.811288834E-1,-2.644248009E-1
2.961525564E1,3.429944515E-1,-1.986837387E-1,-1.948404312E-1
2.962325194E1,3.038637638E-1,-1.140408516E-1,-1.092510223E-1
2.963124801E1,2.654476166E-1,-9.794855118E-2,7.541179657E-3
2.963924331E1,2.342762947E-1,-9.222698212E-2,2.296571732E-1
2.964726853E1,1.668159962E-1,-2.834367752E-2,3.929262161E-1
2.965526453E1,1.943061352E-1,8.460426331E-2,3.707938194E-1
2.966325990E1,3.384470940E-1,2.686305046E-1,2.405762672E-1
2.967125597E1,5.545606613E-1,4.032440186E-1,2.139792442E-1
2.967925165E1,7.145493031E-1,3.914232254E-1,1.025366783E-1
2.968724726E1,6.687204838E-1,3.761472702E-1,3.394126892E-3
2.969524294E1,5.987234116E-1,4.075832367E-1,-2.963829041E-2
2.970326817E1,5.076959133E-1,4.660940170E-1,2.960824966E-2
2.971126508E1,4.415047169E-1,5.063242912E-1,8.430194855E-2
2.971925953E1,3.925507069E-1,4.951634407E-1,1.691679955E-1
2.972725529E1,2.998378277E-1,4.975881577E-1,1.953549385E-1
2.973525006E1,1.842207909E-1,4.867553711E-1,3.342666626E-1
2.974324635E1,6.026506424E-3,4.002218246E-1,3.732314110E-1
2.975124350E1,-8.012866974E-2,3.412275314E-1,3.301796913E-1
2.975926811E1,-6.906604767E-2,3.556790352E-1,2.800545692E-1
2.976726410E1,6.688976288E-2,4.370617867E-1,2.158231735E-1
2.977525917E1,1.305699348E-1,4.594650269E-1,1.021986008E-1
2.978325516E1,1.179161072E-1,4.666786194E-1,-2.133750916E-2
2.979125238E1,7.564783096E-2,4.348578453E-1,-1.204872131E-1
2.979924630E1,1.861991882E-1,4.432907104E-1,-2.497806549E-1
2.980724167E1,2.578711510E-1,4.294919968E-1,-2.755331993E-1
2.981526897E1,2.494914532E-1,4.314489365E-1,-2.773923874E-1
2.982326289E1,1.393077374E-1,4.249982834E-1,-2.461585999E-1
2.983126103E1,-2.281498909E-2,4.358181953E-1,-1.780090332E-1
2.983925425E1,-1.157462597E-1,4.348602295E-1,-1.384949684E-1
2.984725048E1,-2.263848782E-1,4.383797646E-1,-1.843023300E-2
2.985524554E1,-3.853175640E-1,3.902482986E-1,9.992218018E-2
2.986324161E1,-4.981694221E-1,3.040156364E-1,1.372509003E-1
2.987126891E1,-5.681176186E-1,2.725591660E-1,1.466259956E-1
2.987926252E1,-6.128730774E-1,3.055019379E-1,6.431150436E-2
2.988725874E1,-6.007633209E-1,3.272008896E-1,-5.083799362E-2
2.989525535E1,-5.429511070E-1,3.756809235E-1,-1.974325180E-1
2.990324919E1,-5.423505306E-1,3.771820068E-1,-2.719984055E-1
2.991124649E1,-5.465698242E-1,3.557815552E-1,-3.080701828E-1
2.991924148E1,-5.156364441E-1,3.232784271E-1,-2.966599464E-1
2.992726677E1,-4.815423489E-1,3.083643913E-1,-2.814040184E-1
2.993526338E1,-4.592609406E-1,2.486147881E-1,-2.197446823E-1
2.994325837E1,-4.366414547E-1,2.249469757E-1,-1.767339706E-1
2.995125536E1,-4.085781574E-1,2.438678741E-1,-1.265478134E-1
2.995924943E1,-3.420047760E-1,3.297405243E-1,-2.389960289E-1
2.996724550E1,-2.189149857E-1,3.807158470E-1,-3.556022644E-1
2.997524057E1,-4.803371429E-2,4.119749069E-1,-5.291442871E-1
2.998326702E1,7.312369347E-2,4.029273987E-1,-6.543788910E-1
2.999126332E1,1.874561310E-1,4.134974480E-1,-7.098588943E-1
2.999925808E1,2.359764576E-1,4.167437553E-1,-7.795147896E-1
3.000725377E1,2.198257446E-1,4.911937714E-1,-8.535890579E-1
3.001524907E1,2.042372227E-1,5.528187752E-1,-9.080243111E-1
3.002324536E1,2.110295296E-1,6.227421761E-1,-9.407119751E-1
3.003124297E1,2.921311855E-1,6.531896591E-1,-7.963714600E-1
3.003926696E1,2.490751743E-1,6.824297905E-1,-9.034543037E-1
3.004726203E1,2.147805691E-1,7.417721748E-1,-9.282045364E-1
3.005525679E1,2.760086060E-1,7.714090347E-1,-8.678202629E-1
3.006325340E1,3.247277737E-1,7.762708664E-1,-8.516149521E-1
3.007125054E1,3.293495178E-1,8.403716087E-1,-1.408756733E0
3.007924561E1,5.179700851E-1,7.305808067E-1,-1.167759895E0
3.008723945E1,4.703435898E-1,6.849288940E-1,-9.376940727E-1
3.009526629E1,2.164714336E-1,7.242107391E-1,-7.870697975E-1
3.010326166E1,-2.117493153E-1,7.356920242E-1,-5.719614029E-1
3.011125912E1,-3.436706066E-1,6.657223701E-1,-5.822410583E-1
3.011925242E1,-1.592888832E-1,6.101965904E-1,-6.304993629E-1
3.012724902E1,1.139125824E-1,6.446528435E-1,-7.383575439E-1
3.013524440E1,1.777262688E-1,7.053985596E-1,-7.906575203E-1
3.014324039E1,3.309369087E-2,7.587170601E-1,-8.564133644E-1
3.015126777E1,-1.867389679E-2,7.513213158E-1,-8.176836967E-1
3.015926122E1,6.157708168E-2,6.922311783E-1,-7.272000313E-1
3.016725729E1,1.942391396E-1,6.078257561E-1,-6.690607071E-1
3.017525328E1,2.941992283E-1,5.297365189E-1,-6.482644081E-1
3.018324804E1,3.205332756E-1,4.767723083E-1,-4.162945747E-1
3.019124550E1,2.830564976E-1,4.290857315E-1,-4.071049690E-1
3.019923995E1,7.043480873E-2,3.052759171E-1,-4.499597549E-1
3.020726517E1,-1.348798275E-1,1.905450821E-1,-3.383378983E-1
3.021526147E1,-1.492910385E-1,9.623098373E-2,-2.443966866E-1
3.022325685E1,-9.082007408E-2,-8.039045334E-2,-1.898736954E-1
3.023125353E1,7.609653473E-2,-1.685104370E-1,-4.379892349E-2
3.023924798E1,2.000188828E-1,-2.994422913E-1,-3.868579865E-3
3.024724420E1,1.718988419E-1,-4.009704590E-1,5.889415741E-2
3.025523989E1,6.419920921E-2,-4.326782227E-1,1.766681671E-2
3.026326580E1,-1.022958755E-2,-4.716711044E-1,1.905012131E-1
3.027126233E1,-5.085802078E-2,-4.854001999E-1,2.245879173E-1
3.027925717E1,-1.167480946E-1,-5.386805534E-1,3.835434914E-1
3.028725286E1,-2.001128197E-1,-5.382699966E-1,4.353070259E-1
3.029524823E1,-1.995232105E-1,-5.345606804E-1,4.736027718E-1
3.030324353E1,-1.409287453E-1,-5.196905136E-1,4.085011482E-1
3.031127121E1,-5.275082588E-2,-5.097427368E-1,2.577714920E-1
3.031926482E1,4.008419514E-1,-8.553285599E-1,5.416383743E-1
3.032726050E1,1.907832623E-1,-1.487250805E0,2.171982288E0
3.033525650E1,-7.887139320E-1,-1.377774715E0,1.974270821E0
3.034325187E1,-1.214010954E0,-7.280154228E-1,8.699135780E-1
3.035124871E1,-6.780545712E-1,-4.416184425E-1,9.329066277E-1
3.035924262E1,-1.454467773E-1,-6.535253525E-1,8.259644508E-1
3.036726938E1,-1.430454254E-1,-7.997131348E-1,7.755331993E-1
3.037526507E1,-1.868491173E-1,-7.367844582E-1,7.383942604E-1
3.038326075E1,-1.391730309E-1,-5.321035385E-1,6.477603912E-1
3.039125705E1,-6.051683426E-2,-3.361997604E-1,4.940915108E-1
3.039925120E1,-5.269408226E-2,-2.753181458E-1,3.445539474E-1
3.040724719E1,-9.965825081E-2,-2.149953842E-1,2.638936043E-1
3.041524310E1,-1.250784397E-1,-1.789703369E-1,1.396813393E-1
3.042326871E1,-3.393292427E-2,-1.143183708E-1,8.434915543E-2
3.043126624E1,1.526689529E-2,-5.197525024E-2,5.476093292E-2
3.043926038E1,6.798505783E-2,-1.297473907E-3,3.301620483E-3
3.044725607E1,2.670145035E-2,1.123285294E-2,7.140064240E-2
3.045525145E1,-3.387022018E-2,-7.303237915E-3,6.049156189E-2
3.046324675E1,-4.164361954E-2,7.492542267E-3,1.020898819E-1
3.047124458E1,-5.634713173E-2,2.924585342E-2,9.805107117E-2
3.047926834E1,-8.556532860E-2,2.467632294E-2,9.155321121E-2
3.048726433E1,-1.364233494E-1,1.019477844E-3,3.002643585E-2
3.049526025E1,-1.181967258E-1,2.303647995E-2,9.236812592E-3
3.050325532E1,-1.151726246E-1,3.104782104E-2,4.110717773E-2
3.051125231E1,-7.498073578E-2,7.294511795E-2,-1.099538803E-2
3.051924638E1,-1.143836975E-2,9.125518799E-2,3.996849060E-2
3.052724152E1,3.513646126E-2,3.302764893E-2,3.106212616E-2
3.053526798E1,3.638076782E-2,-2.505159378E-2,2.482795715E-2
3.054326451E1,2.385377884E-2,-3.761482239E-2,3.811931610E-2
3.055126088E1,2.671003342E-2,4.804611206E-3,-5.578041077E-3
3.055925472E1,4.272913933E-2,-3.041744232E-3,3.042411804E-2
3.056725094E1,5.794119835E-2,-4.228305817E-2,-9.629726410E-3
3.057524663E1,8.863639832E-2,-7.946443558E-2,-6.375789642E-3
3.058324177E1,9.351205826E-2,-1.238865852E-1,-3.402423859E-2
3.059127038E1,4.516720772E-2,-1.418995857E-1,7.544040680E-3
3.059926383E1,3.889822960E-2,-1.336288452E-1,4.607295990E-2
3.060725982E1,2.664375305E-2,-1.255388260E-1,8.847379684E-2
3.061525497E1,3.205943108E-2,-8.169746399E-2,7.715177536E-2
3.062325065E1,6.511783600E-2,-1.627922058E-2,5.566453934E-2
3.063124757E1,2.020971775E-1,1.105690002E-2,1.342096329E-1
3.063924171E1,3.086194992E-1,-2.853918076E-2,1.257190704E-1
3.064726755E1,3.873252869E-1,-8.683490753E-2,5.232238770E-2
3.065526377E1,4.607675076E-1,-1.130471230E-1,6.221294403E-3
3.066325892E1,5.148773193E-1,-1.187109947E-1,-1.186370850E-2
3.067125668E1,5.425930023E-1,-2.228541374E-1,-9.197378159E-2
3.067925029E1,5.727009773E-1,-2.712383270E-1,-2.686924934E-1
3.068724589E1,5.053009987E-1,-2.505745888E-1,-3.764538765E-1
3.069524158E1,4.220695496E-1,-2.261548042E-1,-4.422478676E-1
3.070326749E1,3.104121685E-1,-2.722439766E-1,-2.188162804E-1
3.071126440E1,1.958079338E-1,-5.076370239E-1,2.446050644E-1
3.071925847E1,-3.047752380E-2,-8.486018181E-1,6.541604996E-1
3.072725416E1,-4.125578403E-1,-1.124404907E0,8.230776787E-1
3.073524953E1,-6.965863705E-1,-1.237199783E0,8.840341568E-1
3.074324499E1,-8.324618340E-1,-1.217043400E0,7.234687805E-1
3.075124275E1,-7.301259041E-1,-1.074201584E0,5.658173561E-1
3.075926766E1,-3.752045631E-1,-8.810753822E-1,3.810191154E-1
3.076726211E1,-2.921557426E-2,-7.487845421E-1,3.296413422E-1
3.077525841E1,1.784458160E-1,-5.897684097E-1,2.731032372E-1
3.078325356E1,1.828231812E-1,-4.151563644E-1,1.308541298E-1
3.079125109E1,1.152181625E-1,-2.633328438E-1,-2.799034119E-4
3.079924485E1,-1.593232155E-2,-1.513652802E-1,1.172924042E-2
3.080723992E1,-6.165385246E-2,-9.899377823E-2,6.351757050E-2
3.081526668E1,-5.375695229E-2,-1.309089661E-1,1.920576096E-1
3.082326275E1,-2.027988434E-2,-1.227121353E-1,2.477664948E-1
3.083125935E1,2.539873123E-2,-7.692480087E-2,3.301734924E-1
3.083925350E1,-2.594709396E-3,-1.039028168E-3,3.481082916E-1
3.084724941E1,-2.471542358E-2,5.681562424E-2,3.375167847E-1
3.085524487E1,-4.125976562E-2,7.543325424E-2,3.656802177E-1
3.086324055E1,-3.353667259E-2,1.077165604E-1,3.871054649E-1
3.087126824E1,-3.746557236E-2,1.084218025E-1,3.733687401E-1
3.087926207E1,-1.458621025E-2,1.520929337E-1,3.417100906E-1
3.088725745E1,-3.835582733E-2,1.597952843E-1,3.214240074E-1
3.089525336E1,-1.217899323E-1,1.983957291E-1,3.107552528E-1
3.090324874E1,-2.206935883E-1,2.147302628E-1,3.576993942E-1
3.091124604E1,-3.658232689E-1,1.870369911E-1,4.167666435E-1
3.091924018E1,-5.112416744E-1,2.178573608E-1,4.111719131E-1
3.092726625E1,-5.825047493E-1,2.591156960E-1,3.791770935E-1
3.093526201E1,-5.557725430E-1,3.637995720E-1,1.583218575E-1
3.094325739E1,-4.910194874E-1,4.391794205E-1,-1.607990265E-2
3.095125454E1,-4.743542671E-1,4.948468208E-1,-6.252717972E-2
3.095924845E1,-4.976792336E-1,5.235862732E-1,-1.648001671E-1
3.096724506E1,-5.104029179E-1,5.687828064E-1,-2.050275803E-1
3.097523982E1,-5.059847832E-1,6.347074509E-1,-1.338644028E-1
3.098326558E1,-4.958348274E-1,6.424388885E-1,-1.295161247E-1
3.099126288E1,-4.879448414E-1,6.354775429E-1,-1.705021858E-1
3.099925756E1,-4.212126732E-1,6.193690300E-1,-1.945099831E-1
3.100725209E1,-3.136320114E-1,6.450600624E-1,-2.567324638E-1
3.101524893E1,-2.277817726E-1,7.031669617E-1,-3.261179924E-1
3.102324377E1,-1.380691528E-1,7.156310081E-1,-4.524993896E-1
3.103124091E1,-7.271099091E-2,7.616844177E-1,-6.090416908E-1
3.103926613E1,1.871824265E-2,8.488616943E-1,-1.499146461E0
3.104726090E1,6.815443039E-1,6.270575523E-1,-1.453459740E0
3.105525666E1,7.673888206E-1,5.977840424E-1,-6.349425316E-1
3.106325288E1,5.682680607E-1,7.466030121E-1,-8.665933609E-1
3.107124956E1,-3.415584564E-1,8.391404152E-1,-4.902262688E-1
3.107924394E1,-7.674365044E-1,7.623486519E-1,-5.503191948E-1
3.108723908E1,-8.242764473E-1,6.167898178E-1,-4.323358536E-1
3.109526523E1,-5.758066177E-1,5.632257462E-1,-3.547544479E-1
3.110326145E1,-2.701053619E-1,5.885148048E-1,-3.667922020E-1
3.111125867E1,-7.238912582E-2,6.001310349E-1,-4.356837273E-1
3.111925220E1,1.231145859E-2,5.625724792E-1,-5.324587822E-1
3.112724766E1,1.338148117E-2,5.121960640E-1,-6.705923080E-1
3.113524334E1,4.815196991E-2,5.044007301E-1,-7.994680405E-1
3.114323864E1,8.653259277E-2,5.685596466E-1,-1.039085865E0
3.115126640E1,8.897638321E-2,6.596803665E-1,-1.174332619E0
3.115926016E1,8.107566833E-2,7.058992386E-1,-1.244079590E0
3.116725561E1,1.103234291E-1,6.806507111E-1,-1.181807518E0
3.117525160E1,1.949672699E-1,6.652421951E-1,-1.141470909E0
3.118324721E1,2.580766678E-1,6.115913391E-1,-1.089970589E0
3.119124474E1,2.974472046E-1,6.033625603E-1,-1.020111084E0
3.119923804E1,3.831515312E-1,6.332101822E-1,-1.058477402E0
3.120726449E1,4.335083961E-1,6.514816284E-1,-1.132758141E0
3.121526079E1,3.772192001E-1,6.152338982E-1,-1.165760040E0
3.122325555E1,3.284254074E-1,5.192270279E-1,-1.281279087E0
3.123125370E1,3.499550819E-1,3.706636429E-1,-1.136475086E0
3.123924723E1,4.467961788E-1,2.143864632E-1,-9.832286835E-1
3.124724284E1,6.008987427E-1,2.037839890E-1,-8.533225060E-1
3.125523860E1,6.413917542E-1,2.383222580E-1,-7.496528625E-1
3.126326443E1,6.573262215E-1,2.938251495E-1,-7.271442413E-1
3.127126135E1,5.801463127E-1,2.962303162E-1,-6.580724716E-1
3.127925542E1,5.046257973E-1,2.403111458E-1,-6.424665451E-1
3.128725118E1,4.178285599E-1,1.526293755E-1,-6.048803329E-1
3.129524679E1,4.095540047E-1,5.879545212E-2,-4.926066399E-1
3.130324216E1,4.101607800E-1,-4.155826569E-2,-3.229336739E-1
3.131127023E1,3.922891617E-1,-2.458572388E-2,-1.547064781E-1
3.131926407E1,2.901830673E-1,-2.215147018E-2,-1.085567474E-1
3.132725975E1,1.269943714E-1,-7.252264023E-2,-1.255226135E-2
3.133525513E1,5.070209503E-3,-1.783537865E-1,1.350269318E-1
3.134325135E1,-5.200457573E-2,-2.607927322E-1,2.212686539E-1
3.135124826E1,-5.571889877E-2,-2.632417679E-1,2.694120407E-1
3.135924241E1,3.628730774E-3,-2.291450500E-1,3.868556023E-1
3.136726802E1,5.010485649E-2,-1.903419495E-1,4.199247360E-1
3.137526424E1,9.672331810E-2,-2.328691483E-1,4.268555641E-1
3.138325908E1,1.466460228E-1,-3.467416763E-1,5.162906647E-1
3.139125630E1,3.790297508E-1,-5.001978874E-1,-3.230385780E-1
3.139925106E1,4.926829338E-1,-1.462978840E0,3.621206284E0
3.140724605E1,-6.654586792E-1,-1.548375130E0,3.150904179E0
3.141524235E1,-1.830120087E0,-7.504396439E-1,6.247429848E-1
3.142326757E1,-1.151569843E0,-5.778322220E-1,1.093210220E0
3.143126487E1,-1.930985451E-1,-7.134037018E-1,1.411236286E0
3.143925956E1,-2.899339199E-1,-8.006682396E-1,1.353690147E0
3.144725462E1,-5.563881397E-1,-6.461338997E-1,9.978995323E-1
3.145525092E1,-3.400199413E-1,-4.678554535E-1,9.562134743E-1
3.146324568E1,-1.363677979E-1,-3.395748138E-1,8.759412766E-1
3.147124206E1,-2.044880390E-1,-1.646485329E-1,6.320204735E-1
3.147926697E1,-2.666893005E-1,-5.199527740E-2,3.235316277E-1
3.148726327E1,-3.043966293E-1,-2.266454697E-2,1.279268265E-1
3.149525888E1,-2.847685814E-1,4.121303558E-2,3.353357315E-2
3.150325433E1,-2.305610180E-1,1.000409126E-1,-6.872177124E-3
3.151125179E1,-1.517839432E-1,1.688380241E-1,-1.244201660E-1
3.151924570E1,-6.306529045E-2,1.574344635E-1,-1.650485992E-1
3.152724131E1,4.264116287E-3,1.378479004E-1,-1.286487579E-1
3.153526722E1,2.566814423E-3,1.265540123E-1,-7.289075851E-2
3.154326198E1,-1.465392113E-2,8.475065231E-2,1.885843277E-2
3.155126013E1,-6.784272194E-2,4.799747467E-2,-2.317810059E-2
3.155925420E1,-1.199648380E-1,-1.511001587E-2,5.031061172E-2
3.156724927E1,-2.252614498E-1,-1.166772842E-1,3.852653503E-2
3.157524564E1,-2.895450592E-1,-1.589269638E-1,3.245973587E-2
3.158324033E1,-2.892014980E-1,-1.824197769E-1,4.166936874E-2
3.159126893E1,-2.300913334E-1,-1.464200020E-1,1.302275658E-1
3.159926223E1,-1.182277203E-1,-7.215118408E-2,1.254262924E-1
3.160725822E1,-2.939438820E-2,-3.845453262E-2,1.893534660E-1
3.161525414E1,3.866648674E-2,6.482410431E-2,8.731317520E-2
3.162324928E1,2.281129360E-1,1.663856506E-1,5.750751495E-2
3.163124735E1,5.631732941E-1,1.580967903E-1,1.738462448E-1
3.163924057E1,8.237588406E-1,-8.727073669E-3,2.209358215E-1
3.164726641E1,9.568419456E-1,-2.943749428E-1,8.154153824E-2
3.165526210E1,9.402546883E-1,-4.821772575E-1,3.255748749E-2
3.166325778E1,7.648527622E-1,-5.875678062E-1,-1.378631592E-2
3.167125508E1,3.896112442E-1,-5.374331474E-1,-1.998133659E-1
3.167924884E1,3.425240517E-2,-3.725624084E-1,-4.406147003E-1
3.168724460E1,-2.571561337E-1,-1.585369110E-1,-8.188128471E-1
3.169524028E1,-1.770510674E-1,-1.639776230E-1,-6.570091248E-1
3.170326581E1,8.348608017E-2,-7.645835876E-1,4.452972412E-1
3.171126358E1,2.280075550E-1,-1.426690102E0,8.649311066E-1
3.171925718E1,-6.784725189E-2,-1.655426502E0,9.767031670E-1
3.172725340E1,-7.622675896E-1,-1.557332993E0,8.285117149E-1
3.173524916E1,-1.363904238E0,-1.294726372E0,5.141439438E-1
3.174324485E1,-1.876001358E0,-9.614038467E-1,3.351240158E-1
3.175124230E1,-1.773298740E0,-7.444167137E-1,3.683595657E-1
3.175926606E1,-1.101576328E0,-5.309128761E-1,4.749732018E-1
3.176726136E1,-3.284201622E-1,-3.300714493E-1,3.695292473E-1
3.177525712E1,-4.826259613E-2,-1.106386185E-1,1.412239075E-1
3.178325250E1,-2.257533073E-1,1.220679283E-1,1.548671722E-2
3.179125026E1,-5.334215164E-1,2.551159859E-1,6.846904755E-2
3.179924440E1,-7.143969536E-1,2.789425850E-1,2.492609024E-1
3.180723924E1,-6.350016594E-1,1.644129753E-1,5.212054253E-1
3.181526631E1,-5.677003860E-1,9.197187424E-2,7.330875397E-1
3.182326130E1,-6.214404106E-1,6.465959549E-2,7.937583923E-1
3.183125914E1,-7.262439728E-1,9.183454514E-2,7.895393372E-1
3.183925205E1,-8.896131516E-1,1.606464386E-1,7.760486603E-1
3.184724874E1,-9.614930153E-1,1.963057518E-1,8.281250000E-1
3.185524381E1,-9.700813293E-1,2.367019653E-1,8.595805168E-1
3.186323911E1,-9.037127495E-1,2.820873260E-1,7.987165451E-1
3.187126748E1,-8.248376846E-1,3.376202583E-1,7.392368317E-1
3.187926124E1,-7.839221954E-1,4.132032394E-1,6.814184189E-1
3.188725608E1,-7.606239319E-1,4.918360710E-1,5.014681816E-1
3.189525200E1,-6.986112595E-1,5.684380531E-1,3.246202469E-1
3.190324745E1,-5.587296486E-1,6.401658058E-1,8.411550522E-2
3.191124582E1,-3.754720688E-1,6.721768379E-1,-3.761053085E-2
3.191923905E1,-2.267365456E-1,6.461000443E-1,-1.292829514E-1
3.192726550E1,-1.315846443E-1,5.981101990E-1,-2.450737953E-1
3.193526064E1,-3.422164917E-2,5.518698692E-1,-3.268404007E-1
3.194325602E1,6.978368759E-2,5.292010307E-1,-4.394111633E-1
3.195125386E1,1.527132988E-1,4.781370163E-1,-6.049222946E-1
3.195924739E1,1.504669189E-1,4.096250534E-1,-6.014499664E-1
3.196724361E1,5.871868134E-2,3.277645111E-1,-5.515198708E-1
3.197523845E1,3.566980362E-2,2.609510422E-1,-5.631427765E-1
3.198326452E1,1.024217606E-1,2.741537094E-1,-6.268730164E-1
3.199126205E1,2.224669456E-1,3.246827126E-1,-7.404971123E-1
3.199925565E1,3.833198547E-1,3.668584824E-1,-7.586321831E-1
3.200725195E1,4.946856499E-1,3.548698425E-1,-8.678278923E-1
3.201524702E1,5.557141304E-1,3.674335480E-1,-1.052769661E0
3.202324270E1,5.296893120E-1,3.682861328E-1,-1.154496193E0
3.203124024E1,4.704713821E-1,3.920159340E-1,-1.235548019E0
3.203926446E1,4.304203987E-1,4.597401619E-1,-1.437841415E0
3.204725983E1,5.654482841E-1,4.518737793E-1,-1.892264843E0
3.205525521E1,6.989474297E-1,3.296947479E-1,-1.226595879E0
3.206325128E1,7.097806931E-1,3.825659752E-1,-1.010492802E0
3.207124819E1,3.968796730E-1,4.885878563E-1,-8.534512520E-1
3.207924234E1,1.120686531E-1,5.247950554E-1,-9.124188423E-1
3.208723864E1,9.494829178E-2,5.120100975E-1,-9.633193016E-1
3.209526417E1,2.289137840E-1,5.030980110E-1,-9.982242584E-1
3.210325954E1,3.580799103E-1,5.557208061E-1,-1.074614525E0
3.211125669E1,4.919071198E-1,5.525684357E-1,-1.151869774E0
3.211925122E1,6.117162704E-1,5.300350189E-1,-1.233952522E0
3.212724652E1,7.178587914E-1,5.598716736E-1,-1.315858841E0
3.213325882E1,7.190780640E-1,5.633106232E-1,-1.268276215E0
3.213524228E1,6.951360703E-1,5.441570282E-1,-1.246728420E0
3.214326865E1,5.530867577E-1,4.991641045E-1,-1.378978729E0
3.215126588E1,4.092040062E-1,4.294915199E-1,-1.468417645E0
3.215925948E1,3.519086838E-1,3.496398926E-1,-1.452774048E0
3.216725509E1,2.986674309E-1,3.027410507E-1,-1.433421135E0
3.217525116E1,2.387261391E-1,3.438978195E-1,-1.368104458E0
3.218324684E1,1.354637146E-1,3.390359879E-1,-1.398586750E0
3.219124406E1,8.965301514E-2,2.902369499E-1,-1.225679398E0
3.219923729E1,1.377573013E-1,2.209067345E-1,-1.242089748E0
3.220726282E1,1.529588699E-1,1.744108200E-1,-1.449847221E0
3.221526004E1,2.000217438E-1,1.536750793E-1,-1.359871864E0
3.222325511E1,4.173913002E-1,1.510872841E-1,-1.245791435E0
3.223125141E1,5.424442291E-1,2.467794418E-1,-1.284839630E0
3.223924524E1,5.248823166E-1,3.188714981E-1,-1.309095860E0
3.224724124E1,4.774999619E-1,3.529706001E-1,-1.220096588E0
3.225526800E1,4.798440933E-1,3.103570938E-1,-9.626755714E-1
3.226326360E1,3.961930275E-1,1.205177307E-1,-5.636353493E-1
3.227125998E1,2.266764641E-1,-6.405353546E-2,-2.253384590E-1
3.227925443E1,-5.231142044E-2,-2.197632790E-1,-3.539276123E-2
3.228725004E1,-2.221393585E-1,-3.174543381E-1,2.552914619E-1
3.229524542E1,-2.633452415E-1,-3.335371017E-1,4.857797623E-1
3.230324118E1,-2.604136467E-1,-3.358960152E-1,7.491426468E-1
3.231126948E1,-2.863516808E-1,-3.124647141E-1,8.337655067E-1
3.231926301E1,-3.597173691E-1,-3.191037178E-1,9.138112068E-1
3.232725800E1,-3.945007324E-1,-3.324708939E-1,9.533987045E-1
3.233525468E1,-3.987956047E-1,-4.032340050E-1,9.349241257E-1
3.234325006E1,-4.012947083E-1,-3.988709450E-1,9.144167900E-1
3.235124690E1,-4.447240829E-1,-3.931431770E-1,8.830738068E-1
3.235924166E1,-4.457435608E-1,-3.926124573E-1,9.083137512E-1
3.236726726E1,-4.856147766E-1,-3.330545425E-1,8.939800262E-1
3.237526295E1,-4.830417633E-1,-2.982192039E-1,9.741268158E-1
3.238325886E1,-3.946075439E-1,-2.430577278E-1,7.725715637E-1
3.239125547E1,-2.159986496E-1,-2.413015366E-1,7.252907753E-1
3.239924992E1,-7.938480377E-2,-2.759017944E-1,6.455316544E-1
3.240724537E1,-5.576658249E-2,-2.822537422E-1,6.415753365E-1
3.241524044E1,-1.076841354E-1,-2.774314880E-1,5.513343811E-1
3.242326713E1,-1.328463554E-1,-2.782940865E-1,4.524984360E-1
3.243126412E1,-1.497001648E-1,-3.393888474E-1,4.059991837E-1
3.243925796E1,-1.656785011E-1,-4.483323097E-1,4.240913391E-1
3.244725272E1,-1.734685898E-1,-4.835557938E-1,4.631338120E-1
3.245524932E1,-1.498608589E-1,-5.145230293E-1,3.956789970E-1
3.246324501E1,-2.737283707E-2,-9.285860062E-1,2.047309399E0
3.247124215E1,-8.638520241E-1,-8.552522659E-1,1.131487846E0
3.247926676E1,-1.241130352E0,-4.915342331E-1,3.387336731E-1
3.248726244E1,-7.436189651E-1,-4.337801933E-1,6.107230186E-1
3.249525813E1,-3.158082962E-1,-4.567046165E-1,6.938185692E-1
3.250325350E1,-3.205919266E-1,-3.841857910E-1,3.762884140E-1
3.251125042E1,-1.891484261E-1,-2.182984352E-1,1.071944237E-1
3.251924426E1,5.077838898E-3,-6.854963303E-2,1.231288910E-2
3.252723971E1,2.760696411E-2,-3.038692474E-2,-6.109857559E-2
3.253526585E1,5.162811279E-2,-4.865264893E-2,-8.842992783E-2
3.254326146E1,7.559347153E-2,-7.113647461E-2,-6.005811691E-2
3.255125907E1,7.120084763E-2,-4.307556152E-2,-3.590011597E-2
3.255925375E1,7.043457031E-2,1.729965210E-3,-5.878591537E-2
3.256724890E1,5.461645126E-2,3.199291229E-2,-1.070284843E-1
3.257524427E1,-2.194499969E-2,7.193040848E-2,-1.493186951E-1
3.258323926E1,-1.405830383E-1,5.471801758E-2,-3.012132645E-2
3.259126795E1,-2.367186546E-1,1.601743698E-2,7.305574417E-2
3.259926179E1,-2.870121002E-1,-1.543331146E-2,8.797597885E-2
3.260725739E1,-2.506914139E-1,1.166071892E-1,-6.119346619E-2
3.261525285E1,-4.387378693E-2,1.885008812E-1,-2.362494469E-1
3.262324792E1,3.295581341E-1,1.578097343E-1,-4.668860435E-1
3.263124568E1,8.688566685E-1,1.171493530E-2,-6.715064049E-1
3.263923951E1,1.236298084E0,-3.310008049E-1,-4.554371834E-1
3.264726635E1,1.173058510E0,-7.294363976E-1,-3.034114838E-1
3.265526134E1,6.366682053E-1,-9.063653946E-1,-1.012039185E-1
3.266325710E1,-2.449321747E-2,-8.250246048E-1,1.322865486E-1
3.267125371E1,-6.119260788E-1,-6.742763519E-1,4.469904900E-1
3.267924693E1,-8.589839935E-1,-6.561570168E-1,6.736984253E-1
3.268724354E1,-8.455705643E-1,-6.131210327E-1,6.465549469E-1
3.269523915E1,-6.607589722E-1,-4.835371971E-1,3.571724892E-1
3.270326537E1,-3.379497528E-1,-2.547798157E-1,-9.488964081E-2
3.271126351E1,1.453781128E-2,-1.045222282E-1,-4.115052223E-1
3.271925666E1,2.015395164E-1,-7.658481598E-3,-6.006245613E-1
3.272725204E1,2.678136826E-1,2.306561470E-1,-8.305773735E-1
3.273524772E1,2.574930191E-1,4.512147903E-1,-8.824329376E-1
3.274324286E1,2.439494133E-1,5.872712135E-1,-8.466787338E-1
3.275124062E1,1.616654396E-1,6.335668564E-1,-6.861891747E-1
3.275926462E1,4.429721832E-2,6.292190552E-1,-6.266555786E-1
3.276726030E1,-5.835437775E-2,5.595574379E-1,-3.018503189E-1
3.277525637E1,-1.361885071E-1,6.532511711E-1,-5.783843994E-1
3.278325144E1,-2.989497185E-1,8.895888329E-1,-5.900492668E-1
3.279124866E1,-5.072984695E-1,8.844418526E-1,-3.996391296E-1
3.279924250E1,-7.294425964E-1,7.366285324E-1,-2.488131523E-1
3.280723756E1,-7.857317924E-1,7.313184738E-1,-2.521114349E-1
3.281526517E1,-7.923660278E-1,7.746386528E-1,-1.914343834E-1
3.282326062E1,-9.691801071E-1,8.082818985E-1,-2.045116425E-1
3.283125808E1,-1.025610924E0,6.966037750E-1,-2.258586884E-2
3.283925161E1,-1.130273819E0,6.304235458E-1,-9.277820587E-3
3.284724729E1,-1.322863102E0,5.993528366E-1,-7.602071762E-2
3.285524267E1,-1.421763420E0,5.532140732E-1,-1.173214912E-1
3.286323843E1,-1.447941303E0,4.428043365E-1,-1.952161789E-1
3.287126642E1,-1.360877037E0,2.929611206E-1,-1.571550369E-1
3.287925987E1,-1.276261330E0,2.399468422E-1,-2.553148270E-1
3.288725533E1,-1.228777409E0,2.344260216E-1,-3.316087723E-1
3.289525124E1,-1.143096447E0,2.470784187E-1,-3.212990761E-1
3.290324639E1,-1.001803398E0,2.059335709E-1,-3.126707077E-1
3.291124392E1,-9.461603165E-1,1.636552811E-1,-2.531309128E-1
3.291923745E1,-8.961668015E-1,2.106833458E-1,-2.406725883E-1
3.292726474E1,-8.872494698E-1,2.576012611E-1,-1.609749794E-1
3.293525981E1,-9.177169800E-1,2.799730301E-1,-2.728986740E-2
3.294325496E1,-9.472985268E-1,2.390975952E-1,7.565689087E-2
3.295125218E1,-8.929457664E-1,1.948947906E-1,1.495728493E-1
3.295924663E1,-8.149590492E-1,1.572604179E-1,1.608328819E-1
3.296724170E1,-6.846103668E-1,1.407756805E-1,1.168045998E-1
3.297523731E1,-5.137014389E-1,1.126251221E-1,4.478073120E-2
3.298326376E1,-2.921247482E-1,1.353664398E-1,-8.312988281E-2
3.299126075E1,-9.445095062E-2,1.119532585E-1,-1.438670158E-1
3.299925513E1,9.395551682E-2,8.031129837E-2,-2.018437386E-1
3.300725051E1,2.450599670E-1,5.507946014E-3,-2.505335808E-1
3.301524627E1,2.942624092E-1,-1.044397354E-1,-2.798900604E-1
3.302324218E1,2.960476875E-1,-1.839184761E-1,-2.108383179E-1
3.303126956E1,2.461614609E-1,-2.286777496E-1,-1.440653801E-1
3.303926316E1,2.657418251E-1,-2.598161697E-1,-1.015939713E-1
3.304725977E1,3.865022659E-1,-2.545895576E-1,-1.173977852E-1
3.305525507E1,5.012683868E-1,-2.524604797E-1,-7.938051224E-2
3.306324983E1,5.358076096E-1,-2.462663651E-1,-4.984807968E-2
3.307124713E1,5.175361633E-1,-2.508211136E-1,-7.370138168E-2
3.307924128E1,6.078524590E-1,-2.209520340E-1,-8.323907852E-2
3.308723658E1,6.389727592E-1,-2.135734558E-1,-1.119065285E-1
3.309526334E1,7.235097885E-1,-2.286396027E-1,-1.284132004E-1
3.310325879E1,7.468414307E-1,-2.782382965E-1,-1.421494484E-1
3.311125632E1,7.400074005E-1,-3.694491386E-1,-1.051621437E-1
3.311924977E1,7.537608147E-1,-3.688778877E-1,-1.374897957E-1
3.312724546E1,7.257175446E-1,-4.224133492E-1,-1.504769325E-1
3.313524176E1,7.465691566E-1,-4.081454277E-1,-1.230845451E-1
3.314323690E1,7.374844551E-1,-3.954052925E-1,-1.531472206E-1
3.315126520E1,7.558174133E-1,-3.530964851E-1,-1.426162720E-1
3.315925865E1,7.660217285E-1,-3.149724007E-1,-1.129450798E-1
3.316725372E1,8.103733063E-1,-2.832732201E-1,-3.759703636E-1
3.317525002E1,8.854780197E-1,-6.056575775E-1,2.237176895E-1
3.318324517E1,9.540171623E-1,-6.796312332E-1,3.573589325E-1
3.319124239E1,9.325852394E-1,-7.776975632E-1,5.216698647E-1
3.319923592E1,6.094565392E-1,-8.748407364E-1,1.417479515E-1
3.320726299E1,8.906688690E-1,-8.815484047E-1,4.848618507E-1
3.321525775E1,9.431991577E-1,-9.020967484E-1,3.697819710E-1
3.322325282E1,9.243059158E-1,-9.118909836E-1,4.071011543E-1
3.323125065E1,9.152812958E-1,-9.757356644E-1,4.241042137E-1
3.323924449E1,9.108586311E-1,-1.033068180E0,3.111062050E-1
3.324724010E1,9.557442665E-1,-1.022763252E0,1.648106575E-1
3.325523555E1,1.020165682E0,-9.534535408E-1,6.453418732E-2
3.326326231E1,1.095797777E0,-8.884634972E-1,-3.206110001E-2
3.327125892E1,1.197009087E0,-7.945280075E-1,-3.086566925E-3
3.327925330E1,1.272967815E0,-7.089552879E-1,-9.179544449E-2
3.328724867E1,1.241154194E0,-6.491370201E-1,-1.205530167E-1
3.329524466E1,1.234665394E0,-5.925092697E-1,-6.034851074E-3
3.330323981E1,9.911980629E-1,-6.232519150E-1,2.600669861E-2
3.331126865E1,8.450386524E-1,-6.307144165E-1,1.992678642E-1
3.331926225E1,8.478291035E-1,-5.837974548E-1,2.109999657E-1
3.332725786E1,7.473256588E-1,-5.446801186E-1,2.160701752E-1
3.333525301E1,5.843789577E-1,-4.988193512E-1,1.213703156E-1
3.334324900E1,4.861297607E-1,-5.347275734E-1,1.090869904E-1
3.335124645E1,5.041220188E-1,-5.437679291E-1,6.212663651E-2
3.335924029E1,4.774944782E-1,-5.464043617E-1,-3.757095337E-2
3.336726612E1,4.108531475E-1,-4.886050224E-1,-2.457351685E-1
3.337526119E1,3.484549522E-1,-4.064316750E-1,-2.815299034E-1
3.338325757E1,3.120951653E-1,-3.190546036E-1,-2.621140480E-1
3.339125418E1,2.971005440E-1,-2.985424995E-1,-2.380418777E-1
3.339924832E1,2.223210335E-1,-3.089656830E-1,-2.498178482E-1
3.340724339E1,1.953463554E-1,-2.459373474E-1,-1.385278702E-1
3.341524023E1,2.802228928E-2,-1.945910454E-1,-7.533121109E-2
3.342326614E1,-7.934570312E-3,-1.711716652E-1,5.046367645E-2
3.343126275E1,5.743026733E-3,-1.519594193E-1,2.271509171E-2
3.343925713E1,-5.141973495E-2,-1.810255051E-1,-8.296537399E-2
3.344725312E1,-1.365118027E-1,-2.247462273E-1,-8.943414688E-2
3.345524849E1,-1.412611008E-1,-3.163113594E-1,6.216192245E-2
3.346324387E1,-1.675510406E-1,-3.255901337E-1,-2.784204483E-2
3.347124117E1,-1.633567810E-1,-2.808341980E-1,-1.209688187E-2
3.347926539E1,-1.478753090E-1,-2.153463364E-1,-7.640361786E-3
3.348726084E1,-7.804894447E-2,-2.391462326E-1,7.665300369E-2
3.349525676E1,3.644347191E-2,-1.893987656E-1,1.330103874E-1
3.350325160E1,1.147494316E-1,-1.710166931E-1,1.337633133E-1
3.351125028E1,1.720693111E-1,-1.289796829E-1,1.824479103E-1
3.351725989E1,1.560432911E-1,-1.284408569E-1,3.480067253E-1
3.351924381E1,1.368896961E-1,-1.260466576E-1,4.006791115E-1
3.352723865E1,1.286897659E-1,-1.554389000E-1,4.956216812E-1
3.353526472E1,1.916308403E-1,-1.523380280E-1,5.766339302E-1
3.354326163E1,2.915425301E-1,-1.402640343E-1,6.851024628E-1
3.355125708E1,3.078644276E-1,-1.620888710E-1,6.842861176E-1
3.355925184E1,2.771511078E-1,-6.214094162E-2,5.963549614E-1
3.356724722E1,2.539274693E-1,-3.638124466E-2,4.376487732E-1
3.357524260E1,2.658963203E-1,4.026889801E-3,3.340597153E-1
3.358323859E1,3.037164211E-1,9.080886841E-3,2.741732597E-1
3.359126558E1,2.900905609E-1,6.259155273E-2,3.341259956E-1
3.359926065E1,2.911546230E-1,1.520934105E-1,4.814810753E-1
3.360725602E1,2.921555042E-1,1.357159615E-1,5.787091255E-1
3.361525240E1,2.201800346E-1,1.924266815E-1,5.876812935E-1
3.362324708E1,4.374837875E-2,2.406139374E-1,5.526852608E-1
3.363124554E1,-9.661054611E-2,2.470374107E-1,4.656562805E-1
3.363923884E1,-2.297532558E-1,2.590279579E-1,5.531883240E-1
3.364726437E1,-2.649748325E-1,3.339071274E-1,4.749293327E-1
3.365525997E1,-6.991577148E-2,4.634475708E-1,2.099480629E-1
3.366325535E1,8.294177055E-2,5.084486008E-1,-5.747318268E-3
3.367125319E1,8.311843872E-2,6.188845634E-1,-2.207098007E-1
3.367924702E1,-5.392146111E-2,6.508822441E-1,-3.148431778E-1
3.368724217E1,-2.170312405E-1,6.716408730E-1,-2.792844772E-1
3.369523847E1,-2.755835056E-1,6.061458588E-1,-2.100224495E-1
3.370326492E1,-3.145265579E-1,5.676193237E-1,-2.194800377E-1
3.371126053E1,-3.351285458E-1,5.562438965E-1,-1.837649345E-1
3.371925529E1,-4.209203720E-1,5.260553360E-1,-1.679735184E-1
3.372725067E1,-5.829770565E-1,4.545445442E-1,-1.081309319E-1
3.373524635E1,-6.492538452E-1,4.689054489E-1,-2.075848579E-1
3.374324203E1,-6.964588165E-1,5.189743042E-1,-2.627592087E-1
3.375124056E1,-7.610576153E-1,5.834360123E-1,-3.598942757E-1
3.375926394E1,-8.428761959E-1,6.312246323E-1,-3.623480797E-1
3.376725901E1,-9.463295937E-1,6.503019333E-1,-4.088420868E-1
3.377525531E1,-1.010951042E0,6.506605148E-1,-4.936871529E-1
3.378325030E1,-1.088971615E0,6.561074257E-1,-5.281920433E-1
3.379124791E1,-1.142173529E0,6.592326164E-1,-5.006914139E-1
3.379924167E1,-1.178774357E0,5.823483467E-1,-4.068579674E-1
3.380723735E1,-1.149165869E0,5.954227448E-1,-4.505915642E-1
3.381526411E1,-1.089956522E0,5.596446991E-1,-4.526476860E-1
3.382325895E1,-9.928541183E-1,5.586585999E-1,-7.238020897E-1
3.383125671E1,5.532979965E-3,1.166238785E-1,6.983137131E-2
3.383925032E1,-3.850007057E-2,2.667741776E-1,-1.297556400E0
3.384724600E1,-1.698462725E0,8.136854172E-1,-5.141382217E-1
3.385524199E1,-2.511990547E0,1.148892879E0,-1.112490177E0
3.386323706E1,-2.300211668E0,8.095397949E-1,-7.956085205E-1
3.387126505E1,-1.235449791E0,1.561555862E-1,-2.621579170E-1
3.387925950E1,-7.507598400E-1,2.769861221E-1,-1.205553532E0
3.388725396E1,-1.140530825E0,4.394249916E-1,-4.401378632E-1
3.389525110E1,-1.178704739E0,5.603475571E-1,-8.688426018E-1
3.390324525E1,-1.080680370E0,3.953285217E-1,-5.149488449E-1
3.391124432E1,-8.484249115E-1,2.881717682E-1,-7.850213051E-1
3.391923723E1,-6.453003883E-1,2.155904770E-1,-5.598306656E-1
3.392726315E1,-4.993166924E-1,2.117609978E-1,-5.891871452E-1
3.393525852E1,-4.630498886E-1,2.551484108E-1,-4.780325890E-1
3.394325413E1,-4.438595772E-1,2.872714996E-1,-4.180555344E-1
3.395125135E1,-4.185314178E-1,3.121905327E-1,-3.826675415E-1
3.395924557E1,-3.104543686E-1,3.609685898E-1,-3.121185303E-1
3.396724064E1,-1.414561272E-1,3.666601181E-1,-1.993298531E-1
3.397523602E1,7.981443405E-2,3.485484123E-1,-6.203269958E-2
3.398326363E1,3.293473721E-1,3.242225647E-1,-7.821989059E-2
3.399126085E1,4.642317295E-1,2.723560333E-1,-7.094860077E-3
3.399925415E1,5.402696133E-1,2.153120041E-1,9.883880615E-3
3.400724952E1,5.366492271E-1,2.348680496E-1,1.690912247E-2
3.401524513E1,5.051863194E-1,1.502718925E-1,2.263975143E-2
3.402324081E1,5.805692673E-1,4.720592499E-2,8.139753342E-2
3.403123781E1,1.164209843E0,1.111726761E-1,-1.439293861E0
3.403926241E1,1.690549850E0,1.066327095E-1,-6.595292091E-1
3.404725779E1,1.317968845E0,-2.379088402E-1,5.969324112E-1
3.405525286E1,1.752905846E-1,-5.763559341E-1,9.332265854E-1
3.406324970E1,-2.579090595E-1,-6.678829193E-1,2.388038635E-1
3.407124661E1,4.115104675E-3,-6.755986214E-1,4.576258659E-1
3.407924014E1,1.400420666E-1,-6.507143974E-1,3.191289902E-1
3.408723582E1,2.603244781E-2,-5.633459091E-1,1.198630333E-1
3.409526258E1,-4.738259315E-2,-6.509284973E-1,1.639251709E-1
3.410325742E1,1.402196884E-1,-7.896280289E-1,4.056501389E-1
3.411125518E1,2.472422123E-1,-9.197564125E-1,4.653306007E-1
3.411924848E1,2.365527153E-1,-8.836207390E-1,4.582901001E-1
3.412724440E1,2.722382545E-1,-8.234367371E-1,6.857600212E-1
3.413524039E1,3.662467003E-1,-6.627607346E-1,7.308831215E-1
3.414323607E1,3.699758053E-1,-4.804763794E-1,7.852401733E-1
3.415126383E1,4.030628204E-1,-3.507804871E-1,9.397921562E-1
3.415925736E1,4.083659649E-1,-3.406443596E-1,9.315061569E-1
3.416725274E1,4.357981682E-1,-3.678588867E-1,9.312462807E-1
3.417524865E1,4.398794174E-1,-4.202632904E-1,9.560546875E-1
3.418324403E1,4.061639309E-1,-4.429216385E-1,9.937314987E-1
3.419124256E1,2.865543365E-1,-4.045553207E-1,9.198565483E-1
3.419923632E1,2.008054256E-1,-3.864302635E-1,9.405670166E-1
3.420726070E1,1.606438160E-1,-3.048639297E-1,9.478168488E-1
3.421525761E1,2.513437271E-1,-3.343071938E-1,9.486284256E-1
3.422325176E1,2.930607796E-1,-4.387960434E-1,1.067408562E0
3.423125021E1,2.167611122E-1,-5.657200813E-1,1.026649475E0
3.423924397E1,3.808784485E-2,-5.521655083E-1,9.303245544E-1
3.424723973E1,2.372264862E-2,-4.249734879E-1,1.082441807E0
3.425523449E1,5.715465546E-2,-2.536449432E-1,8.162965775E-1
3.426326094E1,1.441192627E-2,-3.007764816E-1,7.222352028E-1
3.427125817E1,1.362919807E-2,-3.868045807E-1,7.960090637E-1
3.427925224E1,-1.112585068E-1,-4.162921906E-1,8.187584877E-1
3.428724853E1,-3.603613377E-1,-5.163469315E-1,1.017603397E0
3.429524368E1,-5.078711510E-1,-6.278696060E-1,1.159852028E0
3.430323898E1,-5.799756050E-1,-7.772960663E-1,1.302971840E0
3.431126697E1,-5.014050007E-1,-8.746099472E-1,1.373148918E0
3.431926088E1,-4.572024345E-1,-8.600397110E-1,1.348409176E0
3.432725595E1,-5.170478821E-1,-8.072690964E-1,1.191074848E0
3.433525194E1,-6.636109352E-1,-7.733845711E-1,1.095988274E0
3.434324786E1,-8.191797733E-1,-7.736124992E-1,1.208920002E0
3.435124477E1,-9.020593166E-1,-8.778309822E-1,1.302191734E0
3.435923930E1,-8.834955692E-1,-9.241538048E-1,1.384469509E0
3.436726506E1,-7.372684479E-1,-8.831572533E-1,1.353719234E0
3.437526083E1,-6.654422283E-1,-8.358507156E-1,1.379982471E0
3.438325643E1,-7.142195702E-1,-8.296871185E-1,1.355755806E0
3.439125281E1,-7.819640636E-1,-8.122892380E-1,1.355697155E0
3.439924788E1,-8.202602863E-1,-7.863831520E-1,1.274560452E0
3.440724256E1,-8.800015450E-1,-7.607588768E-1,1.115375996E0
3.441523801E1,-9.547288418E-1,-7.423682213E-1,8.757143021E-1
3.442326501E1,-1.049914122E0,-6.417078972E-1,5.346951485E-1
3.443126192E1,-1.000419617E0,-6.497917175E-1,3.274970055E-1
3.443925576E1,-8.830800056E-1,-6.661043167E-1,1.654310226E-1
3.444725113E1,-6.648268700E-1,-7.593536377E-1,-3.002929688E-2
3.445524689E1,-4.341619015E-1,-7.448863983E-1,-1.723542213E-1
3.446324188E1,-1.504714489E-1,-6.670303345E-1,-1.959176064E-1
3.447123918E1,8.319187164E-2,-5.579295158E-1,-1.355485916E-1
3.447926433E1,3.508300781E-1,-4.282374382E-1,-2.641010284E-2
3.448726040E1,6.551287174E-1,-3.417959213E-1,-1.516389847E-2
3.449525577E1,9.148743153E-1,-3.031077385E-1,2.884149551E-2
3.450325107E1,1.300440073E0,-2.822117805E-1,-7.402563095E-2
3.451124807E1,1.694691539E0,-1.747574806E-1,-9.834794998E-1
3.451924244E1,3.065231562E0,1.350450516E-2,-9.414649010E-1
3.452723820E1,3.791259289E0,4.277014732E-1,-9.592494965E-1
3.453526366E1,4.060180187E0,7.686824799E-1,-1.484858990E0
3.454325972E1,4.102529526E0,6.465172768E-1,-1.653930664E0
3.455125602E1,3.924122572E0,4.355669022E-1,-1.759797573E0
3.455925132E1,3.698794842E0,2.283344269E-1,-1.843247890E0
3.456724701E1,3.501548052E0,9.983539581E-3,-1.759406567E0
3.457524177E1,3.111502409E0,-1.046051979E-1,-1.674777508E0
3.458323776E1,2.580242634E0,-1.771464348E-1,-1.494557858E0
3.459126521E1,1.996442795E0,-2.514462471E-1,-1.368589878E0
3.459925967E1,1.218304873E0,-2.560691833E-1,-1.203953266E0
3.460725535E1,5.256867409E-1,-1.936044693E-1,-1.039129734E0
3.461525126E1,-1.521723270E-1,-4.292583466E-2,-7.853984833E-1
3.462324633E1,-5.628492832E-1,3.234767914E-2,-3.687152863E-1
3.463124271E1,-1.188383341E0,5.592346191E-3,-5.013990402E-2
3.463923716E1,-1.243035078E0,9.182453156E-3,6.891345978E-2
3.464726292E1,-1.149014711E0,5.615758896E-2,7.875394821E-2
3.465525837E1,-8.146491051E-1,4.114389420E-2,1.005816460E-1
3.466325460E1,-4.459679127E-1,4.421234131E-2,1.594161987E-2
3.467125097E1,-2.608880997E-1,9.608983994E-2,-7.981109619E-2
3.467924604E1,-1.940023899E-1,1.794734001E-1,-1.606163979E-1
3.468724172E1,-8.763909340E-2,2.606878281E-1,-1.788921356E-1
3.469523710E1,-4.194545746E-2,3.442330360E-1,-1.833558083E-1
3.470326348E1,2.930140495E-2,3.989572525E-1,-1.627426147E-1
3.471125924E1,1.407186985E-1,3.940629959E-1,-1.898770332E-1
3.471925454E1,2.312041521E-1,3.614277840E-1,-1.807050705E-1
3.472724991E1,4.314182997E-1,3.877162933E-1,-1.805748940E-1
3.473524567E1,6.595860720E-1,3.826961517E-1,-1.961450577E-1
3.474324105E1,7.842284441E-1,4.616651535E-1,-1.713333130E-1
3.475123758E1,8.385915756E-1,4.573936462E-1,-1.555910110E-1
3.475926226E1,8.984559774E-1,4.080982208E-1,-2.180395126E-1
3.476725826E1,1.037810087E0,4.452085495E-1,-1.578130722E-1
3.477525448E1,9.286142588E-1,5.418386459E-1,-1.524891853E-1
3.478324993E1,8.349028826E-1,5.469470024E-1,-1.948909760E-1
3.479124592E1,8.315622807E-1,4.799017906E-1,-1.865825653E-1
3.479924038E1,7.467746139E-1,5.104994774E-1,-9.888172150E-2
3.480723729E1,5.307325125E-1,5.332989693E-1,-1.185379028E-1
3.481526251E1,4.015327692E-1,5.174517632E-1,-1.112842560E-1
3.482325789E1,2.968865633E-1,5.041561127E-1,-1.486515999E-1
3.483125573E1,1.729654074E-1,4.534177780E-1,-1.728744507E-1
3.483924926E1,4.582297802E-2,4.012455940E-1,-1.553206444E-1
3.484724463E1,-7.474100590E-2,3.308925629E-1,-1.127238274E-1
3.485524116E1,-3.111600876E-2,2.487454414E-1,-2.896022797E-2
3.486323600E1,9.210300446E-2,2.002677917E-1,-2.870273590E-2
3.487126361E1,2.538719177E-1,1.852536201E-1,-5.948019028E-2
3.487925752E1,2.916108370E-1,1.867556572E-1,-6.153011322E-2
3.488725374E1,2.558070421E-1,2.619519234E-1,-1.020474434E-1
3.489524889E1,3.074357510E-1,2.605094910E-1,-1.925787926E-1
3.490324450E1,3.985981345E-1,2.398390770E-1,-1.655740738E-1
3.491124149E1,4.521627426E-1,2.335190773E-1,-1.551628113E-1
3.491923648E1,4.110327959E-1,2.703304291E-1,-1.684398651E-1
3.492726178E1,4.218471050E-1,2.879638672E-1,-2.005739212E-1
3.493525808E1,4.578588605E-1,2.697739601E-1,-1.941022873E-1
3.494325284E1,4.943383932E-1,2.374053001E-1,-1.634531021E-1
3.495125029E1,5.442504287E-1,2.050366402E-1,-1.209316254E-1
3.495924451E1,5.253095031E-1,1.631364822E-1,-1.121263504E-1
3.496723981E1,4.574862719E-1,1.669187546E-1,-1.415958405E-1
3.497523557E1,4.159193039E-1,1.734261513E-1,-1.492605209E-1
3.498326141E1,3.220934272E-1,2.087984085E-1,-1.303911209E-1
3.499125794E1,1.510007381E-1,2.205209732E-1,-1.349830627E-1
3.499925270E1,-2.265489101E-2,2.108397484E-1,-7.449054718E-2
3.500724839E1,-6.683826447E-3,1.968383789E-1,-3.035640717E-2
3.501524445E1,5.672001839E-2,2.334952354E-1,-3.738403320E-4
3.502323952E1,8.898901939E-2,2.894091606E-1,-3.014850616E-2
3.503123674E1,1.764281392E-1,4.980401993E-1,-8.604187965E-1
3.503926104E1,1.125658035E0,2.840752602E-1,-1.046562195E-1
3.504725704E1,4.044318795E-1,2.044754028E-1,-2.580986023E-1
3.505525264E1,-3.217935562E-3,4.207944870E-2,-2.094817162E-1
3.506324840E1,7.813918591E-2,-1.293506622E-1,-6.467247009E-2
3.507124493E1,7.091867924E-2,-1.426324844E-1,7.034111023E-2
3.507923916E1,-1.467871666E-2,-1.205506325E-1,2.763080597E-1
3.508723392E1,-3.815996647E-2,-1.549639702E-1,4.232969284E-1
3.509526122E1,1.704131365E-1,-1.383552551E-1,4.321804047E-1
3.510325636E1,3.800365925E-1,-3.696393967E-2,3.990688324E-1
3.511125328E1,3.549693227E-1,6.802988052E-2,3.341455460E-1
3.511924796E1,3.440209031E-1,1.335725784E-1,3.047285080E-1
3.512724310E1,3.530741334E-1,1.190972328E-1,2.655258179E-1
3.513523879E1,3.698799610E-1,1.015233994E-1,2.071056366E-1
3.514323416E1,2.730613351E-1,4.556989670E-2,2.448539734E-1
3.515126092E1,1.347682476E-1,1.390075684E-2,2.018766403E-1
3.515925692E1,7.801908255E-2,3.748750687E-2,2.646570206E-1
3.516725160E1,2.647238970E-2,4.651975632E-2,3.369598389E-1
