"Time (s)","X (rad/s)","Y (rad/s)","Z (rad/s)"
1.044437500E-2,7.265374064E-2,3.097116947E-2,-1.348967757E-2
2.043937500E-2,8.143065870E-2,8.009053767E-3,-7.072413806E-3
3.043437500E-2,9.588655829E-2,-4.816730041E-3,-1.105867326E-3
4.042937500E-2,9.476386756E-2,-1.187065244E-2,-1.726022456E-3
5.042437500E-2,8.864232898E-2,-6.787211169E-3,-7.832651958E-3
6.041937500E-2,7.630759478E-2,1.280944422E-2,-1.390565373E-2
7.041437500E-2,6.800705194E-2,3.817845136E-2,-2.147994936E-2
8.040837500E-2,5.392444506E-2,6.267646700E-2,-2.500664257E-2
9.040337500E-2,3.905095905E-2,7.343776524E-2,-1.309911534E-2
1.003983750E-1,3.203730285E-2,5.912405625E-2,5.139461253E-3
1.103933750E-1,3.131691739E-2,3.053289279E-2,1.958284900E-2
1.203883750E-1,3.716681525E-2,-8.860053495E-3,2.554699779E-2
1.303833750E-1,4.331552237E-2,-4.418209195E-2,3.179077804E-2
1.403783750E-1,4.648671672E-2,-5.939272791E-2,3.307432681E-2
1.503733750E-1,4.877597094E-2,-5.486748368E-2,2.355219610E-2
1.603683750E-1,5.340379849E-2,-3.351930901E-2,1.175829675E-2
1.703633750E-1,5.667309463E-2,-1.029041782E-2,-2.043535002E-3
1.803583750E-1,6.073628739E-2,1.035896502E-2,-1.452604774E-2
1.903523750E-1,7.058971375E-2,2.898910642E-2,-2.698058635E-2
2.003473750E-1,8.042956144E-2,4.155283794E-2,-3.771125898E-2
2.103423750E-1,9.384389967E-2,4.745706543E-2,-5.292163789E-2
2.203373750E-1,1.077282950E-1,5.300945789E-2,-6.406109780E-2
2.303323750E-1,1.157651767E-1,5.672243983E-2,-8.282812685E-2
2.403273750E-1,1.284740567E-1,6.712131202E-2,-1.064676940E-1
2.503223750E-1,1.395117939E-1,8.723669499E-2,-1.268728375E-1
2.603173750E-1,1.551852971E-1,1.177198067E-1,-1.589016169E-1
2.703123750E-1,1.719107479E-1,1.435383558E-1,-1.974231750E-1
2.803073750E-1,1.957977414E-1,1.862471253E-1,-2.421739250E-1
2.903023750E-1,2.311946005E-1,2.459378839E-1,-2.824960649E-1
3.002973750E-1,2.677334249E-1,3.019426465E-1,-3.316411674E-1
3.102923750E-1,2.987262309E-1,3.634597957E-1,-3.793000281E-1
3.202863750E-1,3.301089108E-1,4.264592230E-1,-4.283556938E-1
3.302813750E-1,3.597203195E-1,4.701550305E-1,-4.774409533E-1
3.402763750E-1,3.795999885E-1,4.931616485E-1,-5.252521038E-1
3.502713750E-1,3.922308385E-1,5.163884163E-1,-5.733016729E-1
3.602663750E-1,3.881988823E-1,5.225619674E-1,-6.100922823E-1
3.702613750E-1,3.774996102E-1,5.227407217E-1,-6.456297636E-1
3.802563750E-1,3.639009297E-1,5.207051635E-1,-6.724168062E-1
3.902513750E-1,3.471581638E-1,5.163956285E-1,-6.994422674E-1
4.002463750E-1,3.308393955E-1,5.088629127E-1,-7.210663557E-1
4.102413750E-1,3.165683150E-1,5.253356695E-1,-7.414762974E-1
4.202363750E-1,3.031513393E-1,5.456807613E-1,-7.510690689E-1
4.302303750E-1,2.871169746E-1,5.574940443E-1,-7.612301111E-1
4.402253750E-1,2.806343138E-1,5.700239539E-1,-7.728726268E-1
4.502203750E-1,2.741412520E-1,5.912789106E-1,-7.844411135E-1
4.602153750E-1,2.657242715E-1,6.336954832E-1,-7.956686616E-1
4.702103750E-1,2.651380897E-1,7.044277191E-1,-8.067482114E-1
4.802053750E-1,2.577151358E-1,8.353775740E-1,-8.069160581E-1
4.902003750E-1,2.667272687E-1,1.099713326E0,-7.888286710E-1
5.001953750E-1,2.872128189E-1,1.386564374E0,-7.824580669E-1
5.101903750E-1,3.141027391E-1,1.587886572E0,-7.995364070E-1
5.201853750E-1,3.534722626E-1,1.688347340E0,-8.211788535E-1
5.301803750E-1,3.948212862E-1,1.709561586E0,-8.449752331E-1
5.401753750E-1,4.324911833E-1,1.657955647E0,-8.818485737E-1
5.501693750E-1,4.679402411E-1,1.567907453E0,-9.343945980E-1
5.601643750E-1,4.984191358E-1,1.444185972E0,-9.944533706E-1
5.701593750E-1,5.130745173E-1,1.302021980E0,-1.041028738E0
5.801543750E-1,5.219954848E-1,1.167683363E0,-1.054116488E0
5.901493750E-1,5.276424289E-1,1.033711433E0,-1.046948910E0
6.001443750E-1,5.416150689E-1,8.897075057E-1,-1.047976136E0
6.101393750E-1,5.518165827E-1,7.355283499E-1,-1.078099728E0
6.201343750E-1,5.662681460E-1,6.044998765E-1,-1.133173704E0
6.301293750E-1,5.641083121E-1,6.415748000E-1,-1.172417045E0
6.401243750E-1,5.679757595E-1,7.582364678E-1,-1.225702047E0
6.501193750E-1,5.816713572E-1,8.823992014E-1,-1.324273944E0
6.601133750E-1,5.930424929E-1,9.933977127E-1,-1.445637941E0
6.701083750E-1,5.931239724E-1,1.117561221E0,-1.529950142E0
6.801033750E-1,5.885236263E-1,1.268241644E0,-1.558371663E0
6.900983750E-1,5.789836645E-1,1.412563682E0,-1.543815613E0
7.000933750E-1,5.761303902E-1,1.525311947E0,-1.531424165E0
7.100883750E-1,5.808633566E-1,1.596245527E0,-1.557668090E0
7.200833750E-1,5.971950889E-1,1.622705221E0,-1.635420561E0
7.300783750E-1,6.244150400E-1,1.604360580E0,-1.756801009E0
7.400733750E-1,6.611773372E-1,1.551981688E0,-1.896125793E0
7.500683750E-1,6.958346367E-1,1.499051332E0,-2.048553705E0
7.600633750E-1,7.294930220E-1,1.466147304E0,-2.187736273E0
7.700583750E-1,7.415824533E-1,1.473374844E0,-2.289893866E0
7.800523750E-1,7.447361350E-1,1.533792138E0,-2.317233562E0
7.900473750E-1,7.402447462E-1,1.636636734E0,-2.292516470E0
8.000423750E-1,7.413787246E-1,1.738884807E0,-2.271634817E0
8.100373750E-1,7.576900125E-1,1.801072240E0,-2.295191288E0
8.200323750E-1,7.831312418E-1,1.811327696E0,-2.379321575E0
8.300273750E-1,8.107151985E-1,1.774859190E0,-2.499354601E0
8.400223750E-1,8.356553912E-1,1.712414384E0,-2.621431351E0
8.500173750E-1,8.589484692E-1,1.642810702E0,-2.734019279E0
8.600123750E-1,8.766078949E-1,1.586189508E0,-2.821436405E0
8.700073750E-1,8.770017624E-1,1.567796707E0,-2.864262819E0
8.800023750E-1,8.628907204E-1,1.582683325E0,-2.842765093E0
8.899963750E-1,8.430922031E-1,1.619197488E0,-2.751288176E0
8.999913750E-1,8.274940848E-1,1.634289503E0,-2.634273052E0
9.099863750E-1,8.261936903E-1,1.621298313E0,-2.544559717E0
9.199813750E-1,8.206056356E-1,1.563212633E0,-2.506787539E0
9.299763750E-1,8.162766695E-1,1.491492391E0,-2.523137808E0
9.399713750E-1,8.150947094E-1,1.444561720E0,-2.563393593E0
9.499663750E-1,8.108628988E-1,1.443184853E0,-2.619011879E0
9.599617500E-1,8.162393570E-1,1.476805568E0,-2.675431967E0
9.699567500E-1,8.139136434E-1,1.553075552E0,-2.723748922E0
9.799517500E-1,8.046144247E-1,1.652798414E0,-2.755228043E0
9.899467500E-1,7.812153101E-1,1.750159621E0,-2.741950989E0
9.999407500E-1,7.504609227E-1,1.831912518E0,-2.672468185E0
1.009935750E0,7.235504985E-1,1.874399781E0,-2.578539133E0
1.019930750E0,6.997705102E-1,1.862279892E0,-2.500469685E0
1.029925750E0,6.841078997E-1,1.794018745E0,-2.468698740E0
1.039920750E0,6.739817858E-1,1.676974654E0,-2.469638348E0
1.049915750E0,6.657565832E-1,1.541792035E0,-2.490784883E0
1.059910750E0,6.543694735E-1,1.412486434E0,-2.514008760E0
1.069905750E0,6.486462951E-1,1.302389383E0,-2.523871422E0
1.079900750E0,6.459112763E-1,1.225184083E0,-2.517687559E0
1.089895750E0,6.500628591E-1,1.188003778E0,-2.490260124E0
1.099890750E0,6.621264815E-1,1.183399320E0,-2.444741726E0
1.109884750E0,6.599781513E-1,1.213262916E0,-2.384998322E0
1.119879750E0,6.638855338E-1,1.269823313E0,-2.325064421E0
1.129874750E0,6.811960936E-1,1.339977622E0,-2.267779112E0
1.139869750E0,6.955386996E-1,1.408099532E0,-2.217799664E0
1.149864750E0,7.066827416E-1,1.460345507E0,-2.173722029E0
1.159859750E0,7.297193408E-1,1.484354377E0,-2.120531321E0
1.169854750E0,7.545034885E-1,1.484338164E0,-2.058428526E0
1.179849750E0,7.844613791E-1,1.465343475E0,-1.988165736E0
1.189844750E0,8.109478951E-1,1.436547756E0,-1.909550071E0
1.199839750E0,8.305714130E-1,1.396145821E0,-1.821812034E0
1.209833750E0,8.422904015E-1,1.358159900E0,-1.731094122E0
1.219828750E0,8.476399183E-1,1.333379149E0,-1.641268730E0
1.229823750E0,8.368186951E-1,1.322440147E0,-1.549401879E0
1.239818750E0,8.149577975E-1,1.325102210E0,-1.459782004E0
1.249813750E0,8.020113707E-1,1.350436568E0,-1.374098182E0
1.259808750E0,7.936716676E-1,1.381307364E0,-1.290590763E0
1.269803750E0,7.883626819E-1,1.416989207E0,-1.206413865E0
1.279798750E0,7.777817249E-1,1.463486910E0,-1.115313530E0
1.289793750E0,7.716417909E-1,1.506961226E0,-1.031294584E0
1.299788750E0,7.610862851E-1,1.545633554E0,-9.496256709E-1
1.309783750E0,7.519508600E-1,1.566702843E0,-8.769077659E-1
1.319777750E0,7.336555123E-1,1.567593932E0,-8.181789517E-1
1.329772750E0,7.096968889E-1,1.553148985E0,-7.760525346E-1
1.339767750E0,6.793216467E-1,1.513700604E0,-7.429904342E-1
1.349762750E0,6.547550559E-1,1.459816337E0,-7.167665958E-1
1.359757750E0,6.288390756E-1,1.392392516E0,-6.870001554E-1
1.369752750E0,6.105945110E-1,1.317064524E0,-6.514773369E-1
1.379747750E0,5.969133377E-1,1.240925908E0,-6.196989417E-1
1.389742750E0,5.836593509E-1,1.176754951E0,-5.946223736E-1
1.399737750E0,5.718396902E-1,1.119287014E0,-5.766398311E-1
1.409732750E0,5.590797067E-1,1.065467954E0,-5.577577353E-1
1.419727750E0,5.391639471E-1,1.008534789E0,-5.360678434E-1
1.429721750E0,5.124223828E-1,9.505484700E-1,-5.211557150E-1
1.439716750E0,4.695380628E-1,8.869770169E-1,-5.092173815E-1
1.449711750E0,4.271045625E-1,8.355135322E-1,-4.925073385E-1
1.459706750E0,3.818327487E-1,7.995539904E-1,-4.694423378E-1
1.469701750E0,3.496260941E-1,7.873622775E-1,-4.337919354E-1
1.479696750E0,3.196261525E-1,7.754071951E-1,-3.960339129E-1
1.489691750E0,2.880690098E-1,7.637122273E-1,-3.534121513E-1
1.499686750E0,2.526924312E-1,7.459063530E-1,-3.205174506E-1
1.509681750E0,2.178106308E-1,7.203674316E-1,-2.918069661E-1
1.519676750E0,1.865632087E-1,6.805440784E-1,-2.670645714E-1
1.529671750E0,1.630685329E-1,6.476728916E-1,-2.443345040E-1
1.539665750E0,1.422885507E-1,6.145920753E-1,-2.305337787E-1
1.549660750E0,1.248421967E-1,5.834493637E-1,-2.301787883E-1
1.559655750E0,1.160745621E-1,5.541474819E-1,-2.388620675E-1
1.569650750E0,1.097503528E-1,5.343195200E-1,-2.452121228E-1
1.579645750E0,1.054741368E-1,5.140795708E-1,-2.410040796E-1
1.589640750E0,1.115733087E-1,4.981818199E-1,-2.186801285E-1
1.599635750E0,1.172924265E-1,4.878827631E-1,-1.757193208E-1
1.609630750E0,1.278007179E-1,4.945451915E-1,-1.295457035E-1
1.619625750E0,1.369632930E-1,5.114581585E-1,-9.807240963E-2
1.629620750E0,1.432891041E-1,5.204945207E-1,-9.516769648E-2
1.639615750E0,1.608079225E-1,5.143565536E-1,-1.045433730E-1
1.649609750E0,1.870379299E-1,4.997680485E-1,-1.131360605E-1
1.659604750E0,2.174078524E-1,4.877893031E-1,-1.126767173E-1
1.669599750E0,2.544614673E-1,4.721480310E-1,-1.203655303E-1
1.679594750E0,2.996566594E-1,4.541065991E-1,-1.207264438E-1
1.689589750E0,3.451924622E-1,4.387332201E-1,-1.119971275E-1
1.699584750E0,3.881515861E-1,4.363802075E-1,-8.819872141E-2
1.709579750E0,4.325139821E-1,4.371320009E-1,-6.061423570E-2
1.719574750E0,4.712329209E-1,4.443310201E-1,-4.752247036E-2
1.729569750E0,5.118442774E-1,4.481356144E-1,-4.506623745E-2
1.739564750E0,5.478275418E-1,4.410120249E-1,-4.763596132E-2
1.749558750E0,5.841687918E-1,4.247664809E-1,-4.850282148E-2
1.759553750E0,6.245852709E-1,4.063731432E-1,-5.072179064E-2
1.769548750E0,6.641771197E-1,3.834582567E-1,-5.654478818E-2
1.779543750E0,7.064307928E-1,3.615550995E-1,-7.564064115E-2
1.789538750E0,7.589384913E-1,3.303322196E-1,-8.485544473E-2
1.799533750E0,8.201075792E-1,3.025696278E-1,-7.097320259E-2
1.809528750E0,8.971176744E-1,2.862260640E-1,-3.933378309E-2
1.819523750E0,9.728515148E-1,2.827685475E-1,-6.832761690E-3
1.829518750E0,1.042855382E0,2.948276103E-1,6.796497386E-3
1.839513750E0,1.107430458E0,3.106392622E-1,1.718219835E-3
1.849507750E0,1.167592049E0,3.278707266E-1,-1.172674913E-2
1.859502750E0,1.216390848E0,3.561530113E-1,-1.930079982E-2
1.869497750E0,1.250420451E0,3.976256251E-1,-2.719813585E-2
1.879492750E0,1.297464490E0,4.410523176E-1,-3.903983533E-2
1.889487750E0,1.369650006E0,4.979970753E-1,-5.507605895E-2
1.899482750E0,1.445881128E0,5.482948422E-1,-6.216183677E-2
1.909477750E0,1.517907381E0,5.893829465E-1,-6.815502048E-2
1.919472750E0,1.581679463E0,6.371480823E-1,-6.448847055E-2
1.929467750E0,1.627370477E0,6.933980584E-1,-4.692012817E-2
1.939462750E0,1.684127569E0,7.573001981E-1,-1.586250588E-2
1.949457750E0,1.728806615E0,8.044347167E-1,1.301468164E-2
1.959452125E0,1.774774671E0,8.145284057E-1,3.438460454E-2
1.969447125E0,1.846936703E0,7.867441773E-1,4.228087887E-2
1.979442125E0,1.925928235E0,7.523231506E-1,3.753276914E-2
1.989437125E0,1.982990980E0,7.363919020E-1,4.037888721E-2
1.999432125E0,2.018579960E0,7.641654015E-1,5.200111866E-2
2.009427125E0,2.040577173E0,8.325178623E-1,7.534851879E-2
2.019422125E0,2.053045273E0,9.273180962E-1,1.170128807E-1
2.029417125E0,2.062106371E0,1.007283688E0,1.672837883E-1
2.039412125E0,2.088306189E0,1.037630558E0,2.150901556E-1
2.049407125E0,2.122616768E0,1.013402700E0,2.506715953E-1
2.059401125E0,2.153221846E0,9.488779902E-1,2.707647085E-1
2.069396125E0,2.168609858E0,8.918767571E-1,2.875093222E-1
2.079391125E0,2.188090086E0,8.678278327E-1,2.999704778E-1
2.089386125E0,2.209416151E0,8.892596364E-1,3.074374497E-1
2.099381125E0,2.235323429E0,9.568126202E-1,3.361019194E-1
2.109376125E0,2.262268305E0,1.076160789E0,3.903070986E-1
2.119371125E0,2.290048361E0,1.224212885E0,4.543760121E-1
2.129366125E0,2.295068264E0,1.388037682E0,5.211915374E-1
2.139361125E0,2.292136431E0,1.550413132E0,5.721750259E-1
2.149356125E0,2.294770718E0,1.692816973E0,6.110004783E-1
2.159351125E0,2.286256313E0,1.834785700E0,6.493644714E-1
2.169345125E0,2.277337074E0,1.977542281E0,6.808928251E-1
2.179340125E0,2.264952660E0,2.101187468E0,7.114924788E-1
2.189335125E0,2.247642279E0,2.167639732E0,7.468782067E-1
2.199330125E0,2.213457108E0,2.151328802E0,7.755057216E-1
2.209325125E0,2.171601772E0,2.041363955E0,7.743254304E-1
2.219320125E0,2.136419535E0,1.821829915E0,7.759979963E-1
2.229315125E0,2.097547293E0,1.543931961E0,7.990055680E-1
2.239310125E0,2.061858654E0,1.240486383E0,8.369652033E-1
2.249305125E0,2.032656193E0,9.719491601E-1,8.526831865E-1
2.259300125E0,1.994069219E0,7.525488734E-1,8.387155533E-1
2.269295125E0,1.961894751E0,5.732201338E-1,8.101944327E-1
2.279289125E0,1.928274155E0,4.470991492E-1,7.811123133E-1
2.289284125E0,1.893362284E0,3.775072992E-1,7.655120492E-1
2.299279125E0,1.870824695E0,3.336315751E-1,7.702324986E-1
2.309274125E0,1.852066755E0,3.145114183E-1,7.718474865E-1
2.319269125E0,1.819357753E0,3.061288595E-1,7.873808146E-1
2.329264125E0,1.791934490E0,3.081531525E-1,8.123357296E-1
2.339259125E0,1.764294267E0,3.304835260E-1,8.263229132E-1
2.349254125E0,1.739178777E0,3.850348890E-1,8.201653957E-1
2.359249125E0,1.699399710E0,4.554893374E-1,8.028146625E-1
2.369244125E0,1.655579567E0,5.224619508E-1,7.867251635E-1
2.379238125E0,1.626678944E0,5.685880184E-1,7.810170054E-1
2.389233125E0,1.589293242E0,6.062352657E-1,7.910371423E-1
2.399228125E0,1.554676652E0,6.162060499E-1,8.084955215E-1
2.409223125E0,1.531296492E0,6.030192375E-1,8.255810738E-1
2.419218125E0,1.501009345E0,5.930633545E-1,8.399136066E-1
2.429213125E0,1.476860642E0,6.074934602E-1,8.356893063E-1
2.439208125E0,1.450980067E0,6.402606964E-1,8.268705010E-1
2.449203125E0,1.417778969E0,6.796225309E-1,8.029769063E-1
2.459198125E0,1.381474614E0,7.019045353E-1,7.671682239E-1
2.469193125E0,1.342381001E0,7.052854300E-1,7.428684831E-1
2.479188125E0,1.317243338E0,6.958101392E-1,7.379957438E-1
2.489182125E0,1.297351599E0,6.741924882E-1,7.461258769E-1
2.499177125E0,1.270745039E0,6.370011568E-1,7.560498118E-1
2.509172125E0,1.238312244E0,5.755428076E-1,7.626640201E-1
2.519167125E0,1.193563700E0,5.018270612E-1,7.516416311E-1
2.529162125E0,1.167915583E0,4.254566431E-1,7.279354930E-1
2.539157125E0,1.137216806E0,3.649806678E-1,7.007916570E-1
2.549152125E0,1.112879515E0,3.165489733E-1,6.857543588E-1
2.559147125E0,1.092251778E0,2.704231143E-1,6.732967496E-1
2.569142125E0,1.071644425E0,2.249283046E-1,6.631029844E-1
2.579137125E0,1.044623971E0,1.711248904E-1,6.463335752E-1
2.589132125E0,1.011050582E0,1.087696329E-1,6.307983398E-1
2.599126125E0,9.687617421E-1,6.104594469E-2,6.180055141E-1
2.609121125E0,9.319243431E-1,3.419834748E-2,5.981857181E-1
2.619116125E0,8.912792802E-1,2.417256311E-2,5.700005889E-1
2.629111125E0,8.520452976E-1,3.392479569E-2,5.472753048E-1
2.639106125E0,8.168196678E-1,5.961497501E-2,5.250536203E-1
2.649101125E0,7.781774998E-1,7.868374139E-2,4.998675883E-1
2.659096125E0,7.359497547E-1,9.913980961E-2,4.748904705E-1
2.669091125E0,6.913306117E-1,1.139344722E-1,4.469847977E-1
2.679086125E0,6.490687132E-1,1.159154102E-1,4.204739928E-1
2.689081125E0,6.036146879E-1,1.097810864E-1,3.884585202E-1
2.699075125E0,5.591210127E-1,8.313927799E-2,3.441882133E-1
2.709070125E0,5.146217346E-1,5.241464823E-2,3.065207303E-1
2.719065125E0,4.652576447E-1,2.993413992E-2,2.723625004E-1
2.729060125E0,4.275070727E-1,1.487236470E-2,2.406335920E-1
2.739055125E0,3.876810670E-1,1.281695627E-2,2.120739222E-1
2.749050125E0,3.418461978E-1,2.121709846E-2,1.861935854E-1
2.759045125E0,2.956700921E-1,3.141766414E-2,1.675127149E-1
2.769040125E0,2.397650182E-1,4.168468341E-2,1.443277597E-1
2.779035125E0,1.763427705E-1,3.870295733E-2,1.164612770E-1
2.789030125E0,1.111073121E-1,2.831156738E-2,8.950103074E-2
2.799025125E0,4.687425494E-2,1.412194874E-2,6.077991053E-2
2.809019125E0,-1.052405778E-2,2.145842463E-2,2.197605558E-2
2.819014125E0,-7.638830692E-2,4.271065816E-2,-2.004807256E-2
2.829009125E0,-1.440270096E-1,8.709223568E-2,-6.122213602E-2
2.839004125E0,-1.984103918E-1,1.389676630E-1,-1.033031866E-1
2.848999125E0,-2.532464862E-1,1.812011451E-1,-1.528635472E-1
2.858994125E0,-3.144991696E-1,2.055097967E-1,-2.000508159E-1
2.868989125E0,-3.642573953E-1,2.152026296E-1,-2.436912358E-1
2.878984125E0,-4.106970727E-1,2.054041475E-1,-2.826746106E-1
2.888979125E0,-4.449588954E-1,1.771586537E-1,-3.113453984E-1
2.898974125E0,-4.766556025E-1,1.446811855E-1,-3.401120007E-1
2.908969125E0,-5.002509356E-1,1.016860455E-1,-3.660312295E-1
2.918963125E0,-5.170395374E-1,5.314152315E-2,-3.959272802E-1
2.928958125E0,-5.307210088E-1,7.858730853E-3,-4.225450456E-1
2.938953125E0,-5.307853222E-1,-1.426033024E-2,-4.384523034E-1
2.948948125E0,-5.294196606E-1,-1.649205945E-2,-4.529401660E-1
2.958942500E0,-5.305107832E-1,-2.599816397E-2,-4.708636999E-1
2.968937500E0,-5.365180969E-1,-5.576910824E-2,-4.810462892E-1
2.978932500E0,-5.413767695E-1,-8.961202204E-2,-4.914858639E-1
2.988927500E0,-5.527828336E-1,-1.232232451E-1,-4.951493442E-1
2.998922500E0,-5.667146444E-1,-1.496811509E-1,-4.893622100E-1
3.008917500E0,-5.749600530E-1,-1.632289141E-1,-4.857621491E-1
3.018912500E0,-5.921971202E-1,-1.638539284E-1,-4.876247942E-1
3.028906500E0,-6.159964800E-1,-1.613180637E-1,-4.887411892E-1
3.038901500E0,-6.497038007E-1,-1.536006629E-1,-4.956126213E-1
3.048896500E0,-6.821951866E-1,-1.542784423E-1,-5.164462328E-1
3.058891500E0,-7.199680805E-1,-1.498429328E-1,-5.360655785E-1
3.068886500E0,-7.537090182E-1,-1.425104439E-1,-5.645456910E-1
3.078881500E0,-7.779883146E-1,-1.360771507E-1,-5.815467834E-1
3.088876500E0,-8.019343615E-1,-1.257962883E-1,-5.928787589E-1
3.098871500E0,-8.268175721E-1,-1.118017212E-1,-6.044734120E-1
3.108866500E0,-8.693964481E-1,-1.015765071E-1,-6.267590523E-1
3.118861500E0,-9.218662381E-1,-9.720309079E-2,-6.655717492E-1
3.128856500E0,-9.811996222E-1,-9.187330306E-2,-7.244531512E-1
3.138850500E0,-1.046724796E0,-7.710362971E-2,-7.944961190E-1
3.148845500E0,-1.072148919E0,-3.190339357E-2,-8.830664754E-1
3.158840500E0,-1.069362044E0,6.363125145E-2,-9.706033468E-1
3.168835500E0,-1.068383932E0,1.998596638E-1,-1.048128247E0
3.178830500E0,-1.067301631E0,3.477600515E-1,-1.120063424E0
3.188825500E0,-1.069215894E0,4.642097056E-1,-1.199095130E0
3.198820500E0,-1.078880906E0,5.062549114E-1,-1.281380296E0
3.208815500E0,-1.092243075E0,4.558090270E-1,-1.356127977E0
3.218810500E0,-1.099468827E0,3.222772181E-1,-1.416335464E0
3.228805500E0,-1.076370239E0,1.353803128E-1,-1.447187901E0
3.238800500E0,-1.075209856E0,-7.198425382E-2,-1.448565364E0
3.248794500E0,-1.072810054E0,-2.840794623E-1,-1.426271796E0
3.258789500E0,-1.073395133E0,-4.836934805E-1,-1.402480245E0
3.268784500E0,-1.093600631E0,-6.514688730E-1,-1.375858426E0
3.278779500E0,-1.117053986E0,-7.852070928E-1,-1.354220867E0
3.288774500E0,-1.123451948E0,-8.609799147E-1,-1.331363797E0
3.298769500E0,-1.136188269E0,-8.680722117E-1,-1.302679300E0
3.308764500E0,-1.148426294E0,-8.204234242E-1,-1.273775220E0
3.318759500E0,-1.168502569E0,-7.264667153E-1,-1.262339354E0
3.328754500E0,-1.186093807E0,-6.180387735E-1,-1.263719916E0
3.338749500E0,-1.198542714E0,-5.337495804E-1,-1.261961579E0
3.348744500E0,-1.193990588E0,-4.792080522E-1,-1.247660875E0
3.358739500E0,-1.198054433E0,-4.496566951E-1,-1.219551325E0
3.368733500E0,-1.198403835E0,-4.625554681E-1,-1.188109279E0
3.378728500E0,-1.192399025E0,-5.050801039E-1,-1.161607027E0
3.388723500E0,-1.195631862E0,-5.460909009E-1,-1.133794069E0
3.398718500E0,-1.201233745E0,-5.796647668E-1,-1.117109895E0
3.408713500E0,-1.220701456E0,-6.065964699E-1,-1.102277398E0
3.418708500E0,-1.215890169E0,-6.221362352E-1,-1.085423827E0
3.428703500E0,-1.207253218E0,-6.236504912E-1,-1.046984076E0
3.438698500E0,-1.193982482E0,-6.221990585E-1,-9.962654710E-1
3.448693500E0,-1.185956478E0,-6.075151563E-1,-9.640505910E-1
3.458688500E0,-1.176095724E0,-5.536146164E-1,-9.811863303E-1
3.468682500E0,-1.170120955E0,-5.148669481E-1,-1.026222229E0
3.478677500E0,-1.158350587E0,-5.008405447E-1,-1.045449615E0
3.488672500E0,-1.154759526E0,-5.134775043E-1,-1.014761209E0
3.498667500E0,-1.162469268E0,-5.520346165E-1,-9.555652738E-1
3.508662500E0,-1.170754910E0,-6.176311970E-1,-9.013156295E-1
3.518657500E0,-1.194590569E0,-6.996937990E-1,-8.634346128E-1
3.528652500E0,-1.205530286E0,-7.777907252E-1,-8.364344239E-1
3.538647500E0,-1.207133532E0,-8.063099980E-1,-8.183509707E-1
3.548642500E0,-1.195143461E0,-7.572391629E-1,-8.100011945E-1
3.558637500E0,-1.183300853E0,-6.402189732E-1,-8.090625405E-1
3.568632500E0,-1.172817349E0,-4.869292676E-1,-8.123083711E-1
3.578627500E0,-1.172250748E0,-3.397352695E-1,-8.039239645E-1
3.588621500E0,-1.177509189E0,-2.309999764E-1,-7.915685177E-1
3.598616500E0,-1.184583306E0,-1.687556505E-1,-7.765188217E-1
3.608611500E0,-1.191253543E0,-1.570630372E-1,-7.593278289E-1
3.618606500E0,-1.187555313E0,-1.818974763E-1,-7.306806445E-1
3.628601500E0,-1.173285604E0,-1.994650215E-1,-7.005326152E-1
3.638596500E0,-1.156763434E0,-1.735745221E-1,-6.763303876E-1
3.648591500E0,-1.142406821E0,-7.976388186E-2,-6.731907725E-1
3.658586500E0,-1.134036303E0,2.864689380E-2,-6.854442358E-1
3.668581500E0,-1.113183975E0,1.241190881E-1,-6.982271671E-1
3.678576500E0,-1.087070346E0,2.038797736E-1,-6.839078665E-1
3.688570500E0,-1.067018151E0,2.400034368E-1,-6.474116445E-1
3.698565500E0,-1.046085119E0,2.172023058E-1,-6.136711836E-1
3.708560500E0,-1.037777424E0,1.568966210E-1,-6.008328795E-1
3.718555500E0,-1.032524109E0,7.385662943E-2,-5.981658697E-1
3.728550500E0,-1.039070606E0,-2.998853847E-2,-6.011062860E-1
3.738545500E0,-1.036209464E0,-1.386049986E-1,-5.944409966E-1
3.748540500E0,-1.018325806E0,-2.276664376E-1,-5.713939667E-1
3.758535500E0,-1.006555200E0,-2.979556322E-1,-5.388427377E-1
3.768530500E0,-9.855640531E-1,-3.641660810E-1,-5.041609406E-1
3.778525500E0,-9.630018473E-1,-4.036385715E-1,-4.750472009E-1
3.788520500E0,-9.453466535E-1,-4.054588377E-1,-4.472720325E-1
3.798514500E0,-9.318166971E-1,-3.938867450E-1,-4.205416739E-1
3.808509500E0,-9.264320135E-1,-3.799133897E-1,-4.003791213E-1
3.818504500E0,-9.147410393E-1,-3.560275435E-1,-3.857727647E-1
3.828499500E0,-9.074250460E-1,-3.256203532E-1,-3.759211898E-1
3.838494500E0,-8.994228244E-1,-2.932239473E-1,-3.687002361E-1
3.848489500E0,-8.996180296E-1,-2.540331483E-1,-3.797595501E-1
3.858484500E0,-9.100496173E-1,-2.288792729E-1,-4.017440379E-1
3.868479500E0,-9.156712890E-1,-2.350090742E-1,-4.167978168E-1
3.878474500E0,-9.245172143E-1,-2.622985840E-1,-4.161373377E-1
3.888469500E0,-9.342857003E-1,-3.074969649E-1,-4.129590988E-1
3.898464500E0,-9.386497736E-1,-3.711001277E-1,-4.057428241E-1
3.908459500E0,-9.429531693E-1,-4.432846010E-1,-4.020290375E-1
3.918453500E0,-9.526229501E-1,-5.295220613E-1,-4.087251425E-1
3.928448500E0,-9.605144262E-1,-6.306833029E-1,-4.184017479E-1
3.938443500E0,-9.675216079E-1,-7.382396460E-1,-4.199559093E-1
3.948438500E0,-9.738950729E-1,-8.434931040E-1,-4.093613327E-1
3.958434167E0,-9.746685028E-1,-9.390982985E-1,-3.923998773E-1
3.968429167E0,-9.818621874E-1,-1.024926901E0,-3.758717775E-1
3.978424167E0,-9.943535328E-1,-1.100729585E0,-3.632493615E-1
3.988419167E0,-1.000525713E0,-1.174331903E0,-3.606932759E-1
3.998414167E0,-1.010519981E0,-1.238025427E0,-3.575663269E-1
4.008409167E0,-1.014303803E0,-1.308769941E0,-3.546895981E-1
4.018404167E0,-1.023519278E0,-1.397723198E0,-3.422737420E-1
4.028398167E0,-1.034873843E0,-1.511773348E0,-3.153156340E-1
4.038393167E0,-1.051417112E0,-1.645487070E0,-2.826890349E-1
4.048388167E0,-1.069047928E0,-1.797547698E0,-2.478906065E-1
4.058383167E0,-1.084861040E0,-1.958018780E0,-2.123446018E-1
4.068378167E0,-1.091887832E0,-2.124357224E0,-1.902579516E-1
4.078373167E0,-1.093588710E0,-2.282089949E0,-1.650590748E-1
4.088368167E0,-1.086401343E0,-2.425632000E0,-1.410956830E-1
4.098363167E0,-1.073259473E0,-2.525932789E0,-1.132869795E-1
4.108358167E0,-1.054489851E0,-2.575556993E0,-8.544363081E-2
4.118353167E0,-1.030355573E0,-2.565888882E0,-6.336326152E-2
4.128348167E0,-1.007390618E0,-2.501516819E0,-4.424522445E-2
4.138342167E0,-9.808784723E-1,-2.379730940E0,-2.860185876E-2
4.148337167E0,-9.555974007E-1,-2.220975876E0,-9.413249791E-3
4.158332167E0,-9.278309345E-1,-2.033429384E0,1.946546324E-2
4.168327167E0,-9.041509032E-1,-1.831052303E0,5.797610432E-2
4.178322167E0,-8.808280826E-1,-1.623314142E0,1.085495427E-1
4.188317167E0,-8.592053056E-1,-1.420287967E0,1.573991030E-1
4.198312167E0,-8.304042816E-1,-1.223728180E0,1.968634874E-1
4.208307167E0,-7.971190810E-1,-1.035982013E0,2.240551561E-1
4.218302167E0,-7.638702393E-1,-8.534752727E-1,2.385226786E-1
4.228297167E0,-7.216506004E-1,-6.874506474E-1,2.444450110E-1
4.238292167E0,-6.780136228E-1,-5.333378911E-1,2.490288019E-1
4.248286167E0,-6.318029761E-1,-4.126231670E-1,2.649361491E-1
4.258281167E0,-5.802410841E-1,-3.385470212E-1,2.948473096E-1
4.268276167E0,-5.286939740E-1,-2.995564938E-1,3.265874088E-1
4.278271167E0,-4.769655466E-1,-2.717133164E-1,3.437727690E-1
4.288266167E0,-4.172681272E-1,-2.449876815E-1,3.420744538E-1
4.298261167E0,-3.461036980E-1,-2.154030353E-1,3.247202635E-1
4.308256167E0,-2.571615875E-1,-1.861530095E-1,2.995232940E-1
4.318251167E0,-1.661106348E-1,-1.545009613E-1,2.683119178E-1
4.328246167E0,-8.430019021E-2,-1.229491606E-1,2.444734126E-1
4.338241167E0,-1.439680904E-2,-1.008849666E-1,2.217525095E-1
4.348236167E0,2.743213065E-2,-6.458208710E-2,2.082654685E-1
4.358231167E0,4.999360815E-2,-2.653309889E-2,2.031565011E-1
4.368225167E0,5.737163126E-2,2.979861572E-2,2.047711760E-1
4.378220167E0,5.460653454E-2,8.670804650E-2,2.163214684E-1
4.388215167E0,4.878379777E-2,1.156504825E-1,2.336948663E-1
4.398210167E0,4.404963180E-2,1.259279698E-1,2.417471558E-1
4.408205167E0,4.386960343E-2,1.215041876E-1,2.331691235E-1
4.418200167E0,4.793102294E-2,1.067931876E-1,2.063588947E-1
4.428195167E0,5.441448838E-2,8.215388656E-2,1.741820574E-1
4.438190167E0,5.645998940E-2,6.103861332E-2,1.586634070E-1
4.448185167E0,6.484895200E-2,5.508245155E-2,1.603947282E-1
4.458180167E0,6.930979341E-2,5.671601370E-2,1.714630127E-1
4.468174167E0,6.887729466E-2,6.649514288E-2,1.947712600E-1
4.478169167E0,6.215734780E-2,8.291065693E-2,2.119137496E-1
4.488164167E0,6.008807197E-2,9.230362624E-2,2.087493837E-1
4.498159167E0,5.556899309E-2,9.333556145E-2,1.956713200E-1
4.508154167E0,4.831534252E-2,8.827448636E-2,1.803589463E-1
4.518149167E0,4.661646485E-2,7.706525922E-2,1.667113900E-1
4.528144167E0,4.012634233E-2,6.475905329E-2,1.592433602E-1
4.538139167E0,3.290088475E-2,4.083143547E-2,1.611430496E-1
4.548134167E0,2.225889452E-2,9.009324014E-3,1.641340554E-1
4.558129167E0,1.676294021E-2,-1.480007358E-2,1.640754491E-1
4.568124167E0,8.675718680E-3,-4.541603848E-2,1.558097899E-1
4.578119167E0,5.771321245E-3,-6.933736801E-2,1.334617883E-1
4.588113167E0,9.363926016E-3,-9.238915890E-2,1.052533165E-1
4.598108167E0,1.636264473E-2,-1.215298399E-1,6.617954373E-2
4.608103167E0,2.893729322E-2,-1.552744955E-1,2.234923653E-2
4.618098167E0,4.645963386E-2,-1.826154143E-1,-1.599322259E-2
4.628093167E0,6.503731012E-2,-2.076443434E-1,-4.474790767E-2
4.638088167E0,8.722545207E-2,-2.300270796E-1,-7.058405131E-2
4.648083167E0,1.064745113E-1,-2.491885275E-1,-8.681735396E-2
4.658078167E0,1.188357919E-1,-2.711529732E-1,-9.907552600E-2
4.668073167E0,1.334285885E-1,-2.954889536E-1,-1.107292548E-1
4.678068167E0,1.441035420E-1,-3.251405656E-1,-1.191687211E-1
4.688063167E0,1.611552387E-1,-3.604359627E-1,-1.264295578E-1
4.698057167E0,1.831878573E-1,-3.986188769E-1,-1.313972175E-1
4.708052167E0,2.121579945E-1,-4.159755111E-1,-1.312725842E-1
4.718047167E0,2.431057841E-1,-4.187545478E-1,-1.294709444E-1
4.728042167E0,2.784536481E-1,-4.017481208E-1,-1.285766512E-1
4.738037167E0,3.110036254E-1,-3.723697066E-1,-1.321514249E-1
4.748032167E0,3.530464172E-1,-3.345562816E-1,-1.435723901E-1
4.758027167E0,4.059118330E-1,-3.157356679E-1,-1.506351978E-1
4.768022167E0,4.561507702E-1,-2.993012965E-1,-1.486793756E-1
4.778017167E0,5.130789876E-1,-2.828880847E-1,-1.387252361E-1
4.788012167E0,5.737947822E-1,-2.658262849E-1,-1.175163463E-1
4.798007167E0,6.384978890E-1,-2.336328179E-1,-1.070913523E-1
4.808002167E0,7.277406454E-1,-1.803410947E-1,-9.896711260E-2
4.817996167E0,8.424043655E-1,-9.087950736E-2,-8.105634153E-2
4.827991167E0,9.658626914E-1,4.950077459E-2,-4.790743813E-2
4.837986167E0,1.062070131E0,2.387469411E-1,-3.086634353E-2
4.847981167E0,1.153607488E0,4.557972252E-1,-4.094747454E-2
4.857976167E0,1.232581377E0,6.836097836E-1,-7.521726191E-2
4.867971167E0,1.309120893E0,9.059730768E-1,-1.165585816E-1
4.877966167E0,1.383824944E0,1.109495997E0,-1.404082775E-1
4.887961167E0,1.457446218E0,1.279636502E0,-1.447984874E-1
4.897956167E0,1.534480214E0,1.416228175E0,-1.266517192E-1
4.907951167E0,1.606679082E0,1.523908019E0,-9.650206566E-2
4.917946167E0,1.656356335E0,1.612658381E0,-6.799159199E-2
4.927940167E0,1.697832942E0,1.685923219E0,-5.692429096E-2
4.937935167E0,1.723646641E0,1.728536963E0,-5.366729572E-2
4.947930167E0,1.752221465E0,1.749086738E0,-4.418937117E-2
4.957925167E0,1.780122876E0,1.738722682E0,-1.873523369E-2
4.967920167E0,1.813246250E0,1.692136049E0,1.506613754E-2
4.977915167E0,1.848492622E0,1.590717673E0,3.639198095E-2
4.987910167E0,1.895098805E0,1.432696104E0,6.515704840E-2
4.997905167E0,1.944463491E0,1.243225813E0,1.072414666E-1
5.007900167E0,1.985546827E0,1.061678171E0,1.516989321E-1
5.017895167E0,2.026100159E0,9.018082023E-1,1.924526989E-1
5.027890167E0,2.057142258E0,7.797272801E-1,2.025114596E-1
5.037884167E0,2.072154999E0,7.068359852E-1,1.898416728E-1
5.047879167E0,2.095126629E0,6.833037138E-1,1.766800731E-1
5.057874167E0,2.105397701E0,6.865170002E-1,1.700944602E-1
5.067869167E0,2.123625994E0,6.860842705E-1,1.794978082E-1
5.077864167E0,2.149560928E0,6.633659005E-1,2.055813372E-1
5.087859167E0,2.162071943E0,6.261506081E-1,2.489812821E-1
5.097854167E0,2.167833090E0,5.761513114E-1,3.157289028E-1
5.107849167E0,2.168993473E0,5.239893198E-1,3.802461028E-1
5.117844167E0,2.174226046E0,5.017697215E-1,4.245099723E-1
5.127839167E0,2.184094191E0,5.296975374E-1,4.393155575E-1
5.137834167E0,2.186631203E0,6.128616333E-1,4.322752059E-1
5.147829167E0,2.185476780E0,7.356637120E-1,4.221304357E-1
5.157823167E0,2.187509775E0,8.744474053E-1,4.229967892E-1
5.167818167E0,2.200416088E0,1.019589663E0,4.406197369E-1
5.177813167E0,2.197668552E0,1.151386738E0,4.611483812E-1
5.187808167E0,2.191683769E0,1.225255609E0,4.799156785E-1
5.197803167E0,2.185657978E0,1.248969674E0,4.995871186E-1
5.207798167E0,2.188286543E0,1.243856430E0,5.167917013E-1
5.217793167E0,2.193885088E0,1.223103762E0,5.375019908E-1
5.227788167E0,2.180135727E0,1.192436099E0,5.621423721E-1
5.237783167E0,2.168120623E0,1.156916022E0,5.852134824E-1
5.247778167E0,2.147316694E0,1.119671702E0,6.066995859E-1
5.257773167E0,2.130059004E0,1.082462668E0,6.164802313E-1
5.267767167E0,2.112068415E0,1.044302225E0,6.276777983E-1
5.277762167E0,2.093889952E0,1.009645939E0,6.584243178E-1
5.287757167E0,2.078160524E0,9.622668028E-1,7.077795863E-1
5.297752167E0,2.061478376E0,9.101328254E-1,7.704516649E-1
5.307747167E0,2.037029743E0,8.838612437E-1,8.101329803E-1
5.317742167E0,2.004788160E0,8.919797540E-1,8.222064972E-1
5.327737167E0,1.978148818E0,9.213249087E-1,8.162212968E-1
5.337732167E0,1.950903177E0,9.548234940E-1,8.150755167E-1
5.347727167E0,1.936158061E0,9.921396971E-1,8.223544359E-1
5.357722167E0,1.934625983E0,1.028210640E0,8.417244554E-1
5.367717167E0,1.920703769E0,1.050545335E0,8.586764336E-1
5.377711167E0,1.906229377E0,1.050503969E0,8.626087308E-1
5.387706167E0,1.887443066E0,1.063186526E0,8.572301865E-1
5.397701167E0,1.855208874E0,1.071216106E0,8.496311307E-1
5.407696167E0,1.824692726E0,1.078581572E0,8.453884721E-1
5.417691167E0,1.791630983E0,1.084782004E0,8.452121615E-1
5.427686167E0,1.751459360E0,1.096161127E0,8.353995085E-1
5.437681167E0,1.718109846E0,1.106790304E0,8.213943243E-1
5.447676167E0,1.693833590E0,1.133916140E0,7.853500247E-1
5.457671167E0,1.668978691E0,1.164330482E0,7.417747378E-1
5.467666167E0,1.631614566E0,1.188191295E0,7.068254948E-1
5.477661167E0,1.599585772E0,1.199488997E0,6.851838827E-1
5.487656167E0,1.573665500E0,1.174457431E0,6.845774651E-1
5.497650167E0,1.544153810E0,1.099203110E0,7.003952861E-1
5.507645167E0,1.513549566E0,9.842455983E-1,7.295994759E-1
5.517640167E0,1.474614978E0,8.647222519E-1,7.518353462E-1
5.527635167E0,1.452352285E0,7.558295727E-1,7.504731417E-1
5.537630167E0,1.434448719E0,6.779458523E-1,7.256977558E-1
5.547625167E0,1.427592754E0,6.340292692E-1,6.953816414E-1
5.557620167E0,1.433134198E0,6.205769181E-1,6.889232993E-1
5.567615167E0,1.442279816E0,6.289325953E-1,7.248200178E-1
5.577610167E0,1.429875135E0,6.580004096E-1,7.961239219E-1
5.587605167E0,1.395274282E0,6.921748519E-1,8.576195240E-1
5.597600167E0,1.362603307E0,7.313643694E-1,8.786255121E-1
5.607594167E0,1.326997638E0,7.829846740E-1,8.525552750E-1
5.617589167E0,1.299690723E0,8.319507241E-1,8.021177053E-1
5.627584167E0,1.263224125E0,8.926907778E-1,7.687163353E-1
5.637579167E0,1.233191133E0,9.738474488E-1,7.674494386E-1
5.647574167E0,1.190027356E0,1.039213896E0,7.954462171E-1
5.657569167E0,1.135465145E0,1.063784838E0,8.291791081E-1
5.667564167E0,1.073881030E0,1.053084970E0,8.560573459E-1
5.677559167E0,9.994816184E-1,1.016380787E0,8.644031882E-1
5.687554167E0,9.158421159E-1,9.618703723E-1,8.464161754E-1
5.697549167E0,8.337753415E-1,9.050427675E-1,8.094979525E-1
5.707544167E0,7.483147383E-1,8.713852167E-1,7.471466660E-1
5.717539167E0,6.727778912E-1,8.681669235E-1,6.749269366E-1
5.727533167E0,6.010709405E-1,9.010987878E-1,6.096304655E-1
5.737528167E0,5.245699883E-1,9.493322968E-1,5.448229909E-1
5.747523167E0,4.609598517E-1,9.894765615E-1,4.868012667E-1
5.757518167E0,3.963039219E-1,9.950106740E-1,4.306204915E-1
5.767513167E0,3.289360702E-1,9.526693821E-1,3.693081141E-1
5.777508167E0,2.674183547E-1,8.551547527E-1,2.911068201E-1
5.787503167E0,2.081987113E-1,7.198456526E-1,1.964783221E-1
5.797498167E0,1.278125495E-1,5.676729083E-1,1.048858017E-1
5.807493167E0,6.218799204E-2,4.314663410E-1,4.450847954E-2
5.817488167E0,-8.833425120E-3,3.487591147E-1,9.189852513E-3
5.827483167E0,-7.895685732E-2,3.112860322E-1,-1.952834427E-2
5.837477167E0,-1.393787414E-1,3.081429899E-1,-7.263135165E-2
5.847472167E0,-1.989419311E-1,3.190470338E-1,-1.345373243E-1
5.857467167E0,-2.600978911E-1,3.071825802E-1,-1.877823174E-1
5.867462167E0,-3.262489438E-1,2.669845521E-1,-2.295814306E-1
5.877457167E0,-3.813295662E-1,2.045026869E-1,-2.532437444E-1
5.887452167E0,-4.291349053E-1,1.387790740E-1,-2.710712254E-1
5.897447167E0,-4.615562260E-1,8.344151080E-2,-3.059780598E-1
5.907442167E0,-4.794590771E-1,3.874913976E-2,-3.485473692E-1
5.917437167E0,-4.958894253E-1,-3.457114473E-2,-3.976017237E-1
5.927432167E0,-5.201817155E-1,-1.473464221E-1,-4.230005443E-1
5.937427167E0,-5.440198779E-1,-2.510741949E-1,-4.241980016E-1
5.947421167E0,-5.531654358E-1,-3.316345513E-1,-4.172937572E-1
5.957416167E0,-5.627930760E-1,-3.812208474E-1,-4.153770506E-1
5.967410375E0,-5.699860454E-1,-4.044265449E-1,-4.286449254E-1
5.977405375E0,-5.669066906E-1,-3.880681098E-1,-4.483804405E-1
5.987400375E0,-5.666579604E-1,-3.534803092E-1,-4.741539955E-1
5.997395375E0,-5.609241724E-1,-3.104844093E-1,-4.994931519E-1
6.007390375E0,-5.618700981E-1,-2.713117003E-1,-5.200738311E-1
6.017385375E0,-5.553103685E-1,-2.504890859E-1,-5.279667377E-1
6.027380375E0,-5.502772331E-1,-2.368497103E-1,-5.337578058E-1
6.037375375E0,-5.586116910E-1,-2.424518764E-1,-5.362781286E-1
6.047370375E0,-5.819175243E-1,-2.635952532E-1,-5.463230610E-1
6.057365375E0,-6.102066636E-1,-2.810453475E-1,-5.778713822E-1
6.067359375E0,-6.332366467E-1,-2.782346606E-1,-6.288967729E-1
6.077354375E0,-6.468919516E-1,-2.242237031E-1,-6.932702661E-1
6.087349375E0,-6.497130394E-1,-1.205215380E-1,-7.504107952E-1
6.097344375E0,-6.545243263E-1,-7.395890541E-3,-7.930873036E-1
6.107339375E0,-6.601782441E-1,6.471718848E-2,-7.971126437E-1
6.117334375E0,-6.923229098E-1,6.337010860E-2,-7.839097381E-1
6.127329375E0,-7.259383798E-1,7.267163135E-3,-7.821251154E-1
6.137324375E0,-7.634255290E-1,-9.571789205E-2,-8.043825626E-1
6.147319375E0,-7.972804308E-1,-1.989047229E-1,-8.534486294E-1
6.157314375E0,-8.052822351E-1,-2.510345876E-1,-9.149523973E-1
6.167309375E0,-8.055746555E-1,-2.610536814E-1,-9.643639326E-1
6.177303375E0,-8.142285347E-1,-2.560366690E-1,-9.742885232E-1
6.187298375E0,-8.447949886E-1,-2.526634932E-1,-9.495567679E-1
6.197293375E0,-8.745459914E-1,-2.755834162E-1,-9.266782999E-1
6.207288375E0,-8.916704059E-1,-3.422468603E-1,-9.335545897E-1
6.217283375E0,-9.078642130E-1,-4.362728596E-1,-9.492008090E-1
6.227278375E0,-9.304856062E-1,-5.210527778E-1,-9.590398669E-1
6.237273375E0,-9.491471648E-1,-5.883241892E-1,-9.535276294E-1
6.247268375E0,-9.717392921E-1,-6.584966183E-1,-9.544208646E-1
6.257263375E0,-9.869771600E-1,-7.455688119E-1,-9.442251325E-1
6.267258375E0,-9.999489188E-1,-8.355453014E-1,-9.311399460E-1
6.277253375E0,-1.000891566E0,-9.326296449E-1,-9.129978418E-1
6.287248375E0,-1.008252501E0,-1.026120663E0,-8.925511837E-1
6.297242375E0,-1.012227178E0,-1.116156220E0,-8.679583669E-1
6.307237375E0,-1.012073755E0,-1.185292721E0,-8.615283966E-1
6.317232375E0,-1.013452649E0,-1.225496054E0,-8.810185194E-1
6.327227375E0,-1.012145042E0,-1.251816034E0,-9.199454188E-1
6.337222375E0,-1.007344484E0,-1.276781559E0,-9.448797703E-1
6.347217375E0,-1.013377905E0,-1.328392863E0,-9.420610666E-1
6.357212375E0,-1.016112208E0,-1.381202340E0,-9.175302982E-1
6.367207375E0,-1.024875283E0,-1.412853241E0,-8.908824325E-1
6.377202375E0,-1.042066216E0,-1.433447003E0,-8.716883063E-1
6.387197375E0,-1.058077335E0,-1.443253875E0,-8.604928851E-1
6.397192375E0,-1.074231386E0,-1.424252868E0,-8.352473974E-1
6.407186375E0,-1.084697127E0,-1.383706808E0,-8.118374348E-1
6.417181375E0,-1.086382985E0,-1.319089890E0,-7.931984067E-1
6.427176375E0,-1.080622077E0,-1.233695388E0,-7.833172679E-1
6.437171375E0,-1.071566582E0,-1.130469799E0,-7.915781736E-1
6.447166375E0,-1.062438250E0,-1.019664407E0,-8.003938198E-1
6.457161375E0,-1.077897906E0,-9.286659360E-1,-8.090242147E-1
6.467156375E0,-1.084068418E0,-8.631101251E-1,-8.054872751E-1
6.477151375E0,-1.093507886E0,-8.191313744E-1,-7.999206185E-1
6.487146375E0,-1.100598574E0,-7.782294750E-1,-7.881656885E-1
6.497141375E0,-1.111963987E0,-7.194442153E-1,-7.760824561E-1
6.507136375E0,-1.124462724E0,-6.291990280E-1,-7.693236470E-1
6.517130375E0,-1.139319897E0,-5.056897402E-1,-7.750014067E-1
6.527125375E0,-1.155288458E0,-3.626921177E-1,-7.842015624E-1
6.537120375E0,-1.175607204E0,-2.187870443E-1,-7.904402018E-1
6.547115375E0,-1.206926703E0,-9.765022993E-2,-7.946990728E-1
6.557110375E0,-1.208406091E0,-3.282984952E-3,-7.830587029E-1
6.567105375E0,-1.208714843E0,7.093585283E-2,-7.574998140E-1
6.577100375E0,-1.214434147E0,1.161307320E-1,-7.200895548E-1
6.587095375E0,-1.223856211E0,1.478449702E-1,-6.735630631E-1
6.597090375E0,-1.242470145E0,1.936884820E-1,-6.472230554E-1
6.607085375E0,-1.275726795E0,2.512668073E-1,-6.484938860E-1
6.617080375E0,-1.293274403E0,3.254128993E-1,-6.869012117E-1
6.627074375E0,-1.310740709E0,4.148810208E-1,-7.389383316E-1
6.637069375E0,-1.305261970E0,5.148783922E-1,-7.828823328E-1
6.647064375E0,-1.271453619E0,6.015509963E-1,-8.026882410E-1
6.657059375E0,-1.238841891E0,6.641274691E-1,-7.988722324E-1
6.667054375E0,-1.219435215E0,6.659001112E-1,-7.837872505E-1
6.677049375E0,-1.216327310E0,5.905509591E-1,-7.677733302E-1
6.687044375E0,-1.221426964E0,4.620997310E-1,-7.630318403E-1
6.697039375E0,-1.239581466E0,3.161109686E-1,-7.719607353E-1
6.707034375E0,-1.277662277E0,1.881186515E-1,-7.832916379E-1
6.717029375E0,-1.317383289E0,7.244767994E-2,-8.089991212E-1
6.727024375E0,-1.293796778E0,-1.844094321E-2,-8.310775757E-1
6.737018375E0,-1.268621802E0,-7.848595828E-2,-8.293889165E-1
6.747013375E0,-1.248344183E0,-1.327529252E-1,-7.884039283E-1
6.757008375E0,-1.222646832E0,-1.877822131E-1,-7.401767373E-1
6.767003375E0,-1.210053086E0,-2.270377427E-1,-7.097882032E-1
6.776998375E0,-1.206003666E0,-2.590698302E-1,-7.107834220E-1
6.786993375E0,-1.208938003E0,-2.876844406E-1,-7.242342830E-1
6.796988375E0,-1.238105774E0,-3.208431602E-1,-7.448998094E-1
6.806983375E0,-1.222535372E0,-3.619421124E-1,-7.612896562E-1
6.816978375E0,-1.200180054E0,-3.903147280E-1,-7.616073489E-1
6.826973375E0,-1.174460769E0,-4.090476632E-1,-7.291945219E-1
6.836968375E0,-1.157835960E0,-4.231493175E-1,-6.868669391E-1
6.846963375E0,-1.146170735E0,-4.137715399E-1,-6.612832546E-1
6.856957375E0,-1.130124092E0,-3.956782818E-1,-6.497285962E-1
6.866952375E0,-1.108983994E0,-3.577021360E-1,-6.387342811E-1
6.876947375E0,-1.096262455E0,-2.963415980E-1,-6.174957156E-1
6.886942375E0,-1.093892217E0,-2.257992625E-1,-5.965419412E-1
6.896937375E0,-1.096151471E0,-1.632796973E-1,-5.919763446E-1
6.906932375E0,-1.100704193E0,-1.109762862E-1,-6.033390164E-1
6.916927375E0,-1.097107172E0,-7.754167169E-2,-6.093350053E-1
6.926922375E0,-1.077969193E0,-6.886375695E-2,-5.978096128E-1
6.936917375E0,-1.053526521E0,-1.065109894E-1,-5.586553812E-1
6.946912375E0,-1.042055249E0,-1.862143427E-1,-5.073551536E-1
6.956907375E0,-1.033224583E0,-2.999410927E-1,-4.701851010E-1
6.966902000E0,-1.024342418E0,-4.515202343E-1,-4.723744988E-1
6.976897000E0,-1.014598846E0,-6.370598078E-1,-4.923349619E-1
6.986892000E0,-1.002887607E0,-8.354394436E-1,-5.220654011E-1
6.996887000E0,-9.920464754E-1,-1.026857257E0,-5.296263695E-1
7.006882000E0,-9.863475561E-1,-1.191617370E0,-5.121911764E-1
7.016877000E0,-9.765264392E-1,-1.316362023E0,-4.789452553E-1
7.026872000E0,-9.677158594E-1,-1.385967731E0,-4.358023107E-1
7.036867000E0,-9.623921514E-1,-1.413517714E0,-4.098248780E-1
7.046862000E0,-9.579902291E-1,-1.409314156E0,-3.922525644E-1
7.056857000E0,-9.477038383E-1,-1.393897057E0,-3.960913420E-1
7.066852000E0,-9.391388297E-1,-1.374082088E0,-4.038512707E-1
7.076846000E0,-9.370362163E-1,-1.368560433E0,-3.908863366E-1
7.086841000E0,-9.378287792E-1,-1.379753232E0,-3.532049954E-1
7.096836000E0,-9.589226246E-1,-1.423118114E0,-3.096165359E-1
7.106831000E0,-9.948486686E-1,-1.504990101E0,-2.665710747E-1
7.116826000E0,-1.042920113E0,-1.641073823E0,-2.392117381E-1
7.126821000E0,-1.092118025E0,-1.841862321E0,-2.200502902E-1
7.136816000E0,-1.126447201E0,-2.084783554E0,-1.906107366E-1
7.146811000E0,-1.145872593E0,-2.356459618E0,-1.420384049E-1
7.156806000E0,-1.149242282E0,-2.617303371E0,-7.495087385E-2
7.166801000E0,-1.161173463E0,-2.822804689E0,7.257716265E-3
7.176796000E0,-1.193836570E0,-2.962671280E0,6.651503593E-2
7.186790000E0,-1.236087084E0,-3.068324566E0,1.013393253E-1
7.196785000E0,-1.279701829E0,-3.144994736E0,9.762421995E-2
7.206780000E0,-1.318851948E0,-3.195256948E0,7.894054800E-2
7.216775000E0,-1.356051564E0,-3.227537394E0,5.732657760E-2
7.226770000E0,-1.373838544E0,-3.248481989E0,5.359203368E-2
7.236765000E0,-1.374753714E0,-3.268847704E0,7.557841390E-2
7.246760000E0,-1.354799986E0,-3.288909912E0,1.461961418E-1
7.256755000E0,-1.328732610E0,-3.274476528E0,2.461261004E-1
7.266750000E0,-1.289712787E0,-3.199124098E0,3.180314302E-1
7.276745000E0,-1.256149173E0,-3.044456720E0,3.301218450E-1
7.286740000E0,-1.223171234E0,-2.801141739E0,2.984067798E-1
7.296734000E0,-1.191118360E0,-2.481411934E0,2.668429017E-1
7.306729000E0,-1.160138011E0,-2.111236095E0,2.529696822E-1
7.316724000E0,-1.141254902E0,-1.703835964E0,2.758270204E-1
7.326719000E0,-1.056975484E0,-1.386610627E0,2.902680039E-1
7.336714000E0,-8.305782676E-1,-1.239308596E0,2.267324775E-1
7.346709000E0,-5.831029415E-1,-1.133060694E0,1.063586622E-1
7.356704000E0,-3.254720271E-1,-9.876150489E-1,-1.124745421E-2
7.366699000E0,-7.545391470E-2,-8.722690344E-1,-9.515007585E-2
7.376694000E0,9.972488880E-2,-7.855774760E-1,-1.323132664E-1
7.386689000E0,1.858725548E-1,-6.881265640E-1,-1.187535152E-1
7.396684000E0,1.973311007E-1,-5.441799164E-1,-5.624490976E-2
7.406678000E0,1.513412297E-1,-3.616654873E-1,3.269748017E-2
7.416673000E0,8.375261724E-2,-2.208963037E-1,1.077535972E-1
7.426668000E0,1.732512191E-2,-1.369502693E-1,1.454583704E-1
7.436663000E0,-2.852088958E-2,-1.214872226E-1,1.458795965E-1
7.446658000E0,-4.949221760E-2,-1.627345234E-1,1.320572644E-1
7.456653000E0,-3.791843727E-2,-2.359107435E-1,1.179380789E-1
7.466648000E0,-1.138562895E-2,-3.197505176E-1,1.219759658E-1
7.476643000E0,1.271683443E-2,-3.815627098E-1,1.333379596E-1
7.486638000E0,2.777754143E-2,-4.051370025E-1,1.286782324E-1
7.496633000E0,2.838261798E-2,-4.042195082E-1,1.135187224E-1
7.506628000E0,1.565670222E-2,-3.657048643E-1,1.012671143E-1
7.516622000E0,-8.016536944E-3,-2.948519588E-1,1.076661274E-1
7.526617000E0,-3.245903179E-2,-2.075849771E-1,1.391473562E-1
7.536612000E0,-5.371312052E-2,-1.256425977E-1,1.662643403E-1
7.546607000E0,-7.480908185E-2,-6.195255741E-2,1.807175875E-1
7.556602000E0,-9.195344150E-2,-3.496562317E-2,1.883768141E-1
7.566597000E0,-1.079518422E-1,-3.643249348E-2,1.927891374E-1
7.576592000E0,-1.139111966E-1,-7.140029967E-2,2.009991258E-1
7.586587000E0,-1.172750294E-1,-1.231785417E-1,2.178888917E-1
7.596582000E0,-1.090911552E-1,-1.923382729E-1,2.345749587E-1
7.606577000E0,-9.237129241E-2,-2.770504951E-1,2.459125668E-1
7.616572000E0,-6.391520053E-2,-3.442361653E-1,2.393348962E-1
7.626566000E0,-2.869409509E-2,-3.981718421E-1,2.210280597E-1
7.636561000E0,5.235651974E-3,-4.228488803E-1,2.032221556E-1
7.646556000E0,3.107257560E-2,-4.265567958E-1,1.861289144E-1
7.656551000E0,6.299348176E-2,-4.020211399E-1,1.777210683E-1
7.666546000E0,8.997157216E-2,-3.330383301E-1,1.690918952E-1
7.676541000E0,1.145963222E-1,-2.618736327E-1,1.566627622E-1
7.686536000E0,1.416990310E-1,-1.763731390E-1,1.472729892E-1
7.696531000E0,1.638003141E-1,-1.040141284E-1,1.407871693E-1
7.706526000E0,1.831697524E-1,-1.886914670E-2,1.258026212E-1
7.716521000E0,2.037392408E-1,6.156400591E-2,1.159763262E-1
7.726516000E0,2.271279097E-1,1.461555809E-1,1.086150855E-1
7.736510000E0,2.643018663E-1,2.218254358E-1,1.036033332E-1
7.746505000E0,3.033347726E-1,3.044657111E-1,1.185005233E-1
7.756500000E0,3.553785384E-1,3.854234517E-1,1.531010866E-1
7.766495000E0,4.080723822E-1,4.715418220E-1,1.902774870E-1
7.776490000E0,4.480967224E-1,5.643258095E-1,2.213280946E-1
7.786485000E0,4.762253165E-1,6.713992357E-1,2.352292687E-1
7.796480000E0,4.950663745E-1,7.795216441E-1,2.343741357E-1
7.806475000E0,5.108826756E-1,8.796288371E-1,2.204194367E-1
7.816470000E0,5.212132335E-1,9.725709558E-1,2.161842436E-1
7.826465000E0,5.495045781E-1,1.046365142E0,2.327264696E-1
7.836460000E0,5.864365101E-1,1.120118141E0,2.713672221E-1
7.846454000E0,6.293989420E-1,1.194086552E0,3.159946203E-1
7.856449000E0,6.817074418E-1,1.262756109E0,3.593452573E-1
7.866444000E0,7.295032144E-1,1.311679125E0,3.950169683E-1
7.876439000E0,7.717012167E-1,1.345752358E0,4.055234492E-1
7.886434000E0,7.965218425E-1,1.346054792E0,3.818833530E-1
7.896429000E0,8.233811855E-1,1.301048994E0,3.334372640E-1
7.906424000E0,8.570400476E-1,1.224007726E0,2.750583887E-1
7.916419000E0,8.936910033E-1,1.127509713E0,2.195146829E-1
7.926414000E0,9.357423186E-1,1.030650377E0,1.786386520E-1
7.936409000E0,9.852877855E-1,9.508296847E-1,1.507327259E-1
7.946404000E0,1.034962773E0,8.816980124E-1,1.389551610E-1
7.956398000E0,1.085832834E0,8.276062608E-1,1.302902848E-1
7.966392417E0,1.132832527E0,7.868362069E-1,1.125826612E-1
7.976387417E0,1.176208138E0,7.362664938E-1,8.418521285E-2
7.986382417E0,1.220945835E0,6.678397655E-1,4.593023658E-2
7.996377417E0,1.261843204E0,5.875717402E-1,5.140412133E-3
8.006372417E0,1.295239210E0,4.971397817E-1,-2.222303487E-2
8.016367417E0,1.313247442E0,4.197968543E-1,-4.320866242E-2
8.026362417E0,1.337463379E0,3.543078601E-1,-5.208524689E-2
8.036357417E0,1.374514341E0,3.169561625E-1,-7.091004401E-2
8.046352417E0,1.422167301E0,3.159313798E-1,-1.101751551E-1
8.056347417E0,1.479877591E0,3.408646584E-1,-1.599426270E-1
8.066341417E0,1.539808631E0,3.810584247E-1,-2.068094611E-1
8.076336417E0,1.599426746E0,4.318258464E-1,-2.381276637E-1
8.086331417E0,1.660622716E0,4.890952706E-1,-2.705731988E-1
8.096326417E0,1.720835209E0,5.500854850E-1,-3.077607155E-1
8.106321417E0,1.777227640E0,6.043186188E-1,-3.476689756E-1
8.116316417E0,1.833655477E0,6.645679474E-1,-3.832932711E-1
8.126311417E0,1.884639621E0,7.248693705E-1,-4.123321176E-1
8.136306417E0,1.934503794E0,7.952025533E-1,-4.140436649E-1
8.146301417E0,1.993598580E0,8.720059991E-1,-3.820036948E-1
8.156296417E0,2.048390865E0,9.627952576E-1,-3.262196183E-1
8.166291417E0,2.119950533E0,1.062948227E0,-2.608137131E-1
8.176285417E0,2.176260710E0,1.176120996E0,-2.031331062E-1
8.186280417E0,2.216764450E0,1.294019938E0,-1.632666439E-1
8.196275417E0,2.239361048E0,1.403031468E0,-1.300051659E-1
8.206270417E0,2.266088247E0,1.484513760E0,-9.849783778E-2
8.216265417E0,2.289200544E0,1.535063386E0,-5.349224433E-2
8.226260417E0,2.321592331E0,1.551854372E0,9.378597140E-3
8.236255417E0,2.336810827E0,1.525548577E0,8.939588070E-2
8.246250417E0,2.353020191E0,1.472851515E0,1.732154191E-1
8.256245417E0,2.362272024E0,1.388690233E0,2.592866421E-1
8.266240417E0,2.366281271E0,1.277971387E0,3.475587070E-1
8.276235417E0,2.380337477E0,1.156013846E0,4.158369601E-1
8.286229417E0,2.391932011E0,1.026661754E0,4.633946121E-1
8.296224417E0,2.413470030E0,9.121770859E-1,4.881955385E-1
8.306219417E0,2.428767443E0,8.242411017E-1,5.174383521E-1
8.316214417E0,2.431404352E0,7.767577767E-1,5.573259592E-1
8.326209417E0,2.438185215E0,7.350127101E-1,5.969271660E-1
8.336204417E0,2.430747032E0,6.747270226E-1,6.440817714E-1
8.346199417E0,2.400930166E0,5.911785960E-1,7.045235634E-1
8.356194417E0,2.383924723E0,4.788831770E-1,7.539414167E-1
8.366189417E0,2.395671606E0,3.346642256E-1,7.904956937E-1
8.376184417E0,2.407542229E0,1.861446202E-1,8.183577061E-1
8.386179417E0,2.428598404E0,6.504642218E-2,8.257889748E-1
8.396173417E0,2.453769922E0,-1.011265721E-2,8.167593479E-1
8.406168417E0,2.477271318E0,-3.430188447E-2,8.026112914E-1
8.416163417E0,2.488319397E0,-2.023003809E-2,7.851441503E-1
8.426158417E0,2.487050056E0,1.866196655E-2,7.664045691E-1
8.436153417E0,2.483064651E0,9.459596872E-2,7.580608130E-1
8.446148417E0,2.485801458E0,1.988563240E-1,7.569169998E-1
8.456143417E0,2.486377478E0,3.292497396E-1,7.451133132E-1
8.466138417E0,2.490527630E0,4.744490087E-1,7.188090086E-1
8.476133417E0,2.494899273E0,6.090523005E-1,6.962527037E-1
8.486128417E0,2.498763561E0,7.289624214E-1,6.952047348E-1
8.496123417E0,2.494493723E0,8.489812613E-1,7.022486329E-1
8.506117417E0,2.484225750E0,9.654431343E-1,7.095757723E-1
8.516112417E0,2.460965872E0,1.072505593E0,7.046484351E-1
8.526107417E0,2.432334185E0,1.173472166E0,6.961655021E-1
8.536102417E0,2.416248322E0,1.270677805E0,6.793285012E-1
8.546097417E0,2.387286901E0,1.370472074E0,6.752346754E-1
8.556092417E0,2.345233202E0,1.442868590E0,6.858869195E-1
8.566087417E0,2.293077230E0,1.492834330E0,7.161928415E-1
8.576082417E0,2.232343435E0,1.525541663E0,7.483314872E-1
8.586077417E0,2.177603960E0,1.564877629E0,7.717212439E-1
8.596072417E0,2.125698090E0,1.618712425E0,7.781146765E-1
8.606067417E0,2.071947575E0,1.687039018E0,7.702533007E-1
8.616061417E0,2.001336098E0,1.738221884E0,7.533039451E-1
8.626056417E0,1.929870248E0,1.750633478E0,7.315863967E-1
8.636051417E0,1.846417427E0,1.705475092E0,7.130355835E-1
8.646046417E0,1.789451003E0,1.619378567E0,7.076032758E-1
8.656041417E0,1.732865214E0,1.510588884E0,7.158501148E-1
8.666036417E0,1.661042452E0,1.401023507E0,7.342067361E-1
8.676031417E0,1.585719466E0,1.285843730E0,7.420898080E-1
8.686026417E0,1.510888100E0,1.180043221E0,7.418999672E-1
8.696021417E0,1.432739019E0,1.086404920E0,7.332761884E-1
8.706016417E0,1.340785146E0,1.014556527E0,7.117652893E-1
8.716010417E0,1.233006716E0,9.452639818E-1,6.902151704E-1
8.726005417E0,1.132614613E0,8.791230321E-1,6.736039519E-1
8.736000417E0,1.017981052E0,8.277706504E-1,6.694301963E-1
8.745995417E0,9.402688146E-1,8.064309955E-1,6.705002189E-1
8.755990417E0,8.609349132E-1,8.128908873E-1,6.722962856E-1
8.765985417E0,7.929678559E-1,8.285422921E-1,6.746984720E-1
8.775980417E0,7.179991007E-1,8.357918262E-1,6.770614982E-1
8.785975417E0,6.490024328E-1,8.215069175E-1,6.608662605E-1
8.795970417E0,5.653882027E-1,7.751103640E-1,6.182957888E-1
8.805965417E0,4.839654565E-1,6.737235785E-1,5.568228364E-1
8.815960417E0,4.032038450E-1,5.463750362E-1,4.937804043E-1
8.825954417E0,3.314374983E-1,4.228064716E-1,4.355016351E-1
8.835949417E0,2.776165307E-1,3.283615112E-1,3.915506005E-1
8.845944417E0,2.478690296E-1,2.804296613E-1,3.589607179E-1
8.855939417E0,2.192432731E-1,2.796482444E-1,3.285739422E-1
8.865934417E0,1.876965314E-1,3.018922806E-1,2.962618172E-1
8.875929417E0,1.376261413E-1,3.295440078E-1,2.530076206E-1
8.885924417E0,6.771337986E-2,3.116566241E-1,1.958247423E-1
8.895919417E0,-1.272175368E-2,2.493280172E-1,1.434099078E-1
8.905914417E0,-7.582934946E-2,1.878164560E-1,9.468311816E-2
8.915909417E0,-1.327791214E-1,1.453612298E-1,4.360038042E-2
8.925904417E0,-2.036058903E-1,1.236908138E-1,-5.887541920E-3
8.935898417E0,-2.727972865E-1,1.272558272E-1,-7.148212194E-2
8.945893417E0,-3.353189826E-1,1.430808604E-1,-1.401099265E-1
8.955888417E0,-3.845791817E-1,1.647111773E-1,-2.035941184E-1
8.965883875E0,-4.227087200E-1,1.822981536E-1,-2.637653351E-1
8.975878875E0,-4.532125294E-1,1.819582134E-1,-3.231992126E-1
8.985873875E0,-4.746333957E-1,1.603551805E-1,-3.828366995E-1
8.995868875E0,-4.911594391E-1,1.055661589E-1,-4.392306209E-1
9.005863875E0,-5.120039582E-1,2.028583549E-3,-4.877576828E-1
9.015858875E0,-5.276993513E-1,-1.312153488E-1,-5.211350918E-1
9.025853875E0,-5.416955948E-1,-2.546533942E-1,-5.443943143E-1
9.035848875E0,-5.609854460E-1,-3.411267698E-1,-5.581417084E-1
9.045842875E0,-5.856316686E-1,-3.735337257E-1,-5.696668029E-1
9.055837875E0,-6.096754670E-1,-3.516286314E-1,-5.793226361E-1
9.065832875E0,-6.374737620E-1,-2.802124918E-1,-6.013948917E-1
9.075827875E0,-6.624158621E-1,-1.932636201E-1,-6.306757331E-1
9.085822875E0,-6.935572624E-1,-1.235487238E-1,-6.567526460E-1
9.095817875E0,-7.236062884E-1,-7.354235649E-2,-6.752239466E-1
9.105812875E0,-7.481534481E-1,-4.430377483E-2,-6.880286932E-1
9.115807875E0,-7.659723759E-1,-3.975976631E-2,-6.953569055E-1
9.125802875E0,-7.814642787E-1,-5.747058615E-2,-7.052167058E-1
9.135797875E0,-8.025004864E-1,-1.077616736E-1,-7.083196640E-1
9.145792875E0,-8.401597142E-1,-1.754959822E-1,-7.143951654E-1
9.155786875E0,-8.679149151E-1,-2.530725598E-1,-7.216519713E-1
9.165781875E0,-8.966725469E-1,-3.281579912E-1,-7.299839854E-1
9.175776875E0,-9.200319052E-1,-3.953653574E-1,-7.410354614E-1
9.185771875E0,-9.433678985E-1,-4.488821030E-1,-7.498747706E-1
9.195766875E0,-9.767841697E-1,-4.987089336E-1,-7.574856281E-1
9.205761875E0,-1.010172129E0,-5.360397696E-1,-7.706195116E-1
9.215756875E0,-1.046920657E0,-5.564240217E-1,-7.982694507E-1
9.225751875E0,-1.074260712E0,-5.741718411E-1,-8.395939469E-1
9.235746875E0,-1.106823206E0,-6.063900590E-1,-8.964716792E-1
9.245741875E0,-1.139753461E0,-6.807066202E-1,-9.405246377E-1
9.255736875E0,-1.181693435E0,-7.660323381E-1,-9.625135064E-1
9.265730875E0,-1.214383721E0,-8.289180398E-1,-9.627212286E-1
9.275725875E0,-1.257867575E0,-8.592039943E-1,-9.601393342E-1
9.285720875E0,-1.291209817E0,-8.454245329E-1,-9.684420228E-1
9.295715875E0,-1.321380734E0,-7.926634550E-1,-9.875158072E-1
9.305710875E0,-1.349923134E0,-7.120825648E-1,-1.006496072E0
9.315705875E0,-1.367519736E0,-6.172058582E-1,-1.032955527E0
9.325700875E0,-1.368043303E0,-5.560010672E-1,-1.076773286E0
9.335695875E0,-1.372157693E0,-5.460477471E-1,-1.114574313E0
9.345690875E0,-1.373694301E0,-5.744127631E-1,-1.136364579E0
9.355685875E0,-1.367283583E0,-6.234110594E-1,-1.134758949E0
9.365679875E0,-1.376771927E0,-6.718499660E-1,-1.112190723E0
9.375674875E0,-1.387776256E0,-7.277041674E-1,-1.078556299E0
9.385669875E0,-1.406199455E0,-7.736053467E-1,-1.044468164E0
9.395664875E0,-1.404004693E0,-7.887859941E-1,-1.022219062E0
9.405659875E0,-1.394320846E0,-7.714602947E-1,-1.015168309E0
9.415654875E0,-1.396970034E0,-7.432095408E-1,-1.023571134E0
9.425649875E0,-1.385795474E0,-6.964659691E-1,-1.027606130E0
9.435644875E0,-1.372895122E0,-6.300846934E-1,-1.012168765E0
9.445639875E0,-1.353456616E0,-5.737998486E-1,-9.786786437E-1
9.455634875E0,-1.328978777E0,-5.289359093E-1,-9.267562628E-1
9.465628875E0,-1.314427018E0,-4.890942276E-1,-8.643291593E-1
9.475623875E0,-1.305883765E0,-4.639237523E-1,-8.119468093E-1
9.485618875E0,-1.290227652E0,-4.425782263E-1,-7.787859440E-1
9.495613875E0,-1.257968187E0,-4.053663015E-1,-7.565641999E-1
9.505608875E0,-1.220000029E0,-3.326089978E-1,-7.419553995E-1
9.515603875E0,-1.169216752E0,-2.093090564E-1,-7.326076627E-1
9.525598875E0,-1.117164016E0,-3.953999281E-2,-7.230921984E-1
9.535593875E0,-1.070241213E0,1.544272602E-1,-7.185322642E-1
9.545588875E0,-1.029837370E0,3.265936971E-1,-7.003670931E-1
9.555583875E0,-9.901949167E-1,4.460003376E-1,-6.667640805E-1
9.565578875E0,-9.714704752E-1,5.051515698E-1,-6.265154481E-1
9.575572875E0,-9.594555497E-1,4.910313189E-1,-5.890150070E-1
9.585567875E0,-9.556477666E-1,4.139093757E-1,-5.670500398E-1
9.595562875E0,-9.603391886E-1,2.929916382E-1,-5.542095304E-1
9.605557875E0,-9.528413415E-1,1.699573100E-1,-5.479822755E-1
9.615552875E0,-9.362756014E-1,7.398267090E-2,-5.551574826E-1
9.625547875E0,-9.256290793E-1,1.933886483E-2,-5.676205754E-1
9.635542875E0,-9.115980268E-1,6.338847801E-3,-5.889253020E-1
9.645537875E0,-8.923353553E-1,2.400119975E-2,-6.158325672E-1
9.655532875E0,-8.709922433E-1,7.896928489E-2,-6.474245191E-1
9.665527875E0,-8.588157892E-1,1.361934245E-1,-6.832413673E-1
9.675522875E0,-8.531128764E-1,1.822067201E-1,-7.069696188E-1
9.685516875E0,-8.671002984E-1,1.962594241E-1,-7.238098383E-1
9.695511875E0,-8.718575835E-1,1.745081544E-1,-7.278622389E-1
9.705506875E0,-8.804523945E-1,1.266311705E-1,-7.268771529E-1
9.715501875E0,-8.935889006E-1,5.261155218E-2,-7.220126987E-1
9.725496875E0,-9.223683476E-1,-4.040014744E-2,-7.277613878E-1
9.735491875E0,-9.422200322E-1,-1.352555603E-1,-7.387007475E-1
9.745486875E0,-9.411193728E-1,-1.984249353E-1,-7.557236552E-1
9.755481875E0,-9.505113363E-1,-2.117047757E-1,-7.594377995E-1
9.765476875E0,-9.530405402E-1,-1.972070634E-1,-7.558025718E-1
9.775471875E0,-9.617157578E-1,-1.705659479E-1,-7.517834902E-1
9.785466875E0,-9.678916335E-1,-1.323152333E-1,-7.602099776E-1
9.795460875E0,-9.702700973E-1,-1.042155474E-1,-7.802142501E-1
9.805455875E0,-9.848421216E-1,-9.329925478E-2,-8.018314242E-1
9.815450875E0,-9.947026968E-1,-1.100938991E-1,-8.129842877E-1
9.825445875E0,-1.011854887E0,-1.465906501E-1,-8.164410591E-1
9.835440875E0,-1.036669970E0,-1.802033931E-1,-8.204994202E-1
9.845435875E0,-1.056126118E0,-2.062712163E-1,-8.259128332E-1
9.855430875E0,-1.074319601E0,-2.192541510E-1,-8.422797322E-1
9.865425875E0,-1.088040709E0,-2.107861042E-1,-8.610239029E-1
9.875420875E0,-1.088575721E0,-1.857872605E-1,-8.737470508E-1
9.885415875E0,-1.096046209E0,-1.406437606E-1,-8.855469823E-1
9.895409875E0,-1.105546713E0,-9.746892750E-2,-8.943732977E-1
9.905404875E0,-1.106684923E0,-6.047522649E-2,-9.103512168E-1
9.915399875E0,-1.108929276E0,-5.282567069E-2,-9.157804847E-1
9.925394875E0,-1.122191548E0,-9.257441759E-2,-9.047291875E-1
9.935389875E0,-1.141777396E0,-1.726584584E-1,-8.848913908E-1
9.945384875E0,-1.165823698E0,-2.729925215E-1,-8.706056476E-1
9.955379875E0,-1.194974899E0,-3.794879913E-1,-8.647878170E-1
9.965375000E0,-1.219705224E0,-4.887915552E-1,-8.640450239E-1
9.975370000E0,-1.229172230E0,-5.784673691E-1,-8.579927087E-1
9.985365000E0,-1.222866654E0,-6.464650631E-1,-8.401354551E-1
9.995359000E0,-1.224770308E0,-7.011941671E-1,-8.055869937E-1
1.000535400E1,-1.221864223E0,-7.468247414E-1,-7.670483589E-1
1.001534900E1,-1.220986724E0,-7.847533822E-1,-7.390854955E-1
1.002534400E1,-1.229310513E0,-8.337107897E-1,-7.238040566E-1
1.003533900E1,-1.247124076E0,-8.960962296E-1,-7.165686488E-1
1.004533400E1,-1.278662086E0,-9.747295380E-1,-7.042016983E-1
1.005532900E1,-1.309495091E0,-1.065246463E0,-6.780098677E-1
1.006532400E1,-1.347599030E0,-1.158121824E0,-6.398526430E-1
1.007531900E1,-1.369697094E0,-1.251176357E0,-5.972305536E-1
1.008531400E1,-1.380958796E0,-1.332367659E0,-5.430464149E-1
1.009530900E1,-1.375043154E0,-1.385719180E0,-4.782455862E-1
1.010530300E1,-1.368808150E0,-1.394062877E0,-4.134010673E-1
1.011529800E1,-1.369475603E0,-1.376385450E0,-3.537777662E-1
1.012529300E1,-1.363750577E0,-1.351229548E0,-3.232760727E-1
1.013528800E1,-1.359673262E0,-1.338595510E0,-3.160849214E-1
1.014528300E1,-1.350804925E0,-1.339375019E0,-3.236635029E-1
1.015527800E1,-1.338287234E0,-1.349671841E0,-3.281695247E-1
1.016527300E1,-1.328475952E0,-1.360443592E0,-3.159743845E-1
1.017526800E1,-1.312265515E0,-1.368672609E0,-2.794665098E-1
1.018526300E1,-1.297363877E0,-1.372063875E0,-2.251926064E-1
1.019525800E1,-1.283344150E0,-1.371889353E0,-1.729298532E-1
1.020525200E1,-1.267950773E0,-1.381421328E0,-1.291165948E-1
1.021524700E1,-1.256072283E0,-1.409544468E0,-1.102251634E-1
1.022524200E1,-1.249588609E0,-1.469067693E0,-9.570454806E-2
1.023523700E1,-1.235714555E0,-1.578249693E0,-7.540303469E-2
1.024523200E1,-1.223729014E0,-1.731716514E0,-3.461565450E-2
1.025522700E1,-1.216974139E0,-1.911286235E0,1.755054668E-2
1.026522200E1,-1.213525414E0,-2.093259573E0,7.577736676E-2
1.027521700E1,-1.213492632E0,-2.249548674E0,1.398946196E-1
1.028521200E1,-1.204219222E0,-2.363784313E0,2.085581124E-1
1.029520700E1,-1.189736128E0,-2.434219837E0,2.703471184E-1
1.030520200E1,-1.173236609E0,-2.451317549E0,3.144488037E-1
1.031519600E1,-1.138485193E0,-2.421901703E0,3.390558660E-1
1.032519100E1,-1.106646657E0,-2.355668068E0,3.452871144E-1
1.033518600E1,-1.091430068E0,-2.263010979E0,3.437521160E-1
1.034518100E1,-1.072917700E0,-2.167004585E0,3.404175639E-1
1.035517600E1,-1.041283965E0,-2.084470034E0,3.512592018E-1
1.036517100E1,-9.855221510E-1,-1.997180581E0,3.778644502E-1
1.037516600E1,-9.192671180E-1,-1.892515421E0,4.260885119E-1
1.038516100E1,-8.407403827E-1,-1.799427867E0,4.589322209E-1
1.039515600E1,-7.469177842E-1,-1.688687921E0,4.457235634E-1
1.040515100E1,-6.469019651E-1,-1.567656398E0,3.873553276E-1
1.041514500E1,-5.185075402E-1,-1.449656129E0,2.977103591E-1
1.042514000E1,-3.517754972E-1,-1.318595529E0,1.944753081E-1
1.043513500E1,-1.850890368E-1,-1.163509011E0,1.039491445E-1
1.044513000E1,-4.214893654E-2,-9.982582927E-1,4.030545428E-2
1.045512500E1,6.049070135E-2,-7.989018559E-1,1.337063499E-2
1.046512000E1,1.171353385E-1,-5.574873686E-1,6.303138100E-3
1.047511500E1,1.283057034E-1,-2.866673470E-1,1.649026200E-2
1.048511000E1,1.109059006E-1,-1.876366884E-2,4.053974524E-2
1.049510500E1,8.625825495E-2,2.143436372E-1,8.177575469E-2
1.050510000E1,5.386676267E-2,3.897711337E-1,1.200341955E-1
1.051509400E1,3.270884976E-2,4.927169979E-1,1.519218981E-1
1.052508900E1,2.234729007E-2,5.402999520E-1,1.638507396E-1
1.053508400E1,2.131100930E-2,5.448630452E-1,1.596528739E-1
1.054507900E1,3.057028726E-2,5.201033950E-1,1.501664221E-1
1.055507400E1,4.191697389E-2,4.886651635E-1,1.353922188E-1
1.056506900E1,5.559257045E-2,4.628702998E-1,1.251872629E-1
1.057506400E1,6.471250951E-2,4.416637719E-1,1.187893823E-1
1.058505900E1,7.142314315E-2,4.279040098E-1,1.195270792E-1
1.059505400E1,7.659932226E-2,4.130747914E-1,1.156779155E-1
1.060504900E1,7.791838050E-2,3.897415102E-1,1.140177026E-1
1.061504300E1,7.056776434E-2,3.653100431E-1,1.170087457E-1
1.062503800E1,7.116084546E-2,3.245535791E-1,1.242309660E-1
1.063503300E1,6.712802500E-2,2.784891427E-1,1.281362325E-1
1.064502800E1,6.675837934E-2,2.070144117E-1,1.363041550E-1
1.065502300E1,6.310529262E-2,1.315653026E-1,1.423120201E-1
1.066501800E1,6.397454441E-2,4.727013037E-2,1.429128349E-1
1.067501300E1,6.135641783E-2,-2.914382517E-2,1.348724365E-1
1.068500800E1,5.983095989E-2,-1.036114022E-1,1.243303195E-1
1.069500300E1,5.789826810E-2,-1.701796949E-1,1.130494922E-1
1.070499800E1,5.348195136E-2,-2.224285156E-1,1.058709398E-1
1.071499300E1,5.386783928E-2,-2.559809387E-1,1.048365757E-1
1.072498700E1,5.441911146E-2,-2.748046815E-1,1.027324125E-1
1.073498200E1,5.413120613E-2,-2.665263414E-1,9.137592465E-2
1.074497700E1,5.902449787E-2,-2.433118224E-1,7.970169187E-2
1.075497200E1,5.773001909E-2,-2.045935094E-1,7.092989236E-2
1.076496700E1,5.852310732E-2,-1.541953236E-1,6.880255789E-2
1.077496200E1,6.007564813E-2,-9.374709427E-2,7.370984554E-2
1.078495700E1,6.163386256E-2,-4.916045815E-2,7.792349905E-2
1.079495200E1,6.458362192E-2,-5.897404626E-4,8.214507252E-2
1.080494700E1,7.324342430E-2,2.446927316E-2,8.093732595E-2
1.081494100E1,7.809165120E-2,4.180557281E-2,7.916057110E-2
1.082493600E1,8.474928886E-2,4.277043790E-2,7.542203367E-2
1.083493100E1,8.760506660E-2,3.924565017E-2,7.691672444E-2
1.084492600E1,8.311577886E-2,2.435352094E-2,8.354772627E-2
1.085492100E1,8.695786446E-2,2.980508376E-3,8.911410719E-2
1.086491600E1,8.996830136E-2,-2.861603349E-2,9.004487842E-2
1.087491100E1,9.653031826E-2,-5.286521092E-2,8.493109047E-2
1.088490600E1,9.990827739E-2,-7.886964828E-2,7.362490892E-2
1.089490100E1,1.069087163E-1,-9.706564248E-2,5.827621371E-2
1.090489600E1,1.089210063E-1,-1.044527292E-1,3.907668591E-2
1.091489100E1,1.114750355E-1,-1.030954942E-1,3.186846152E-2
1.092488500E1,1.132154092E-1,-8.747658879E-2,2.398230694E-2
1.093488000E1,1.163301393E-1,-6.120696664E-2,1.784045063E-2
1.094487500E1,1.202306077E-1,-2.627162263E-2,9.141234681E-3
1.095487000E1,1.270672530E-1,6.804118864E-3,-1.203766279E-2
1.096486475E1,1.340918839E-1,3.663152084E-2,-3.568786755E-2
1.097485975E1,1.521795243E-1,6.600416452E-2,-6.349308044E-2
1.098485475E1,1.690210849E-1,8.496187627E-2,-8.883704990E-2
1.099484975E1,1.957861334E-1,1.082585379E-1,-1.159398109E-1
1.100484475E1,2.154509127E-1,1.263339370E-1,-1.372839808E-1
1.101483975E1,2.347255349E-1,1.388392299E-1,-1.514831334E-1
1.102483375E1,2.539085150E-1,1.497011930E-1,-1.642993242E-1
1.103482875E1,2.665063739E-1,1.557293534E-1,-1.886742115E-1
1.104482375E1,2.790783644E-1,1.547229439E-1,-2.216675729E-1
1.105481875E1,2.919802964E-1,1.403796822E-1,-2.588133216E-1
1.106481375E1,3.069185019E-1,1.171292365E-1,-2.909664810E-1
1.107480875E1,3.293641806E-1,7.622263581E-2,-2.992444038E-1
1.108480375E1,3.535206318E-1,1.647195779E-2,-2.944089174E-1
1.109479875E1,3.791482449E-1,-6.330889463E-2,-2.717062533E-1
1.110479375E1,4.128622711E-1,-1.531359702E-1,-2.500347793E-1
1.111478875E1,4.473342299E-1,-2.445247173E-1,-2.361490726E-1
1.112478275E1,4.885397255E-1,-3.282973766E-1,-2.267537117E-1
1.113477775E1,5.299716592E-1,-3.987001777E-1,-2.377526611E-1
1.114477275E1,5.763889551E-1,-4.434817433E-1,-2.549308538E-1
1.115476775E1,6.254898310E-1,-4.683753252E-1,-2.805859745E-1
1.116476275E1,6.839765310E-1,-4.663313627E-1,-2.986997366E-1
1.117475775E1,7.445617914E-1,-4.426606894E-1,-2.972578108E-1
1.118475275E1,8.150399923E-1,-3.887684047E-1,-2.797110379E-1
1.119474775E1,8.805601001E-1,-3.217299581E-1,-2.537060976E-1
1.120474275E1,9.466640353E-1,-2.359367609E-1,-2.212520093E-1
1.121473775E1,1.007001758E0,-1.348974258E-1,-1.964828670E-1
1.122473175E1,1.069361806E0,-1.582935080E-2,-1.847361922E-1
1.123472675E1,1.134086251E0,1.315152645E-1,-1.902742088E-1
1.124472175E1,1.198044181E0,3.078565001E-1,-2.057269216E-1
1.125471675E1,1.258541465E0,5.079491735E-1,-2.189163715E-1
1.126471175E1,1.322840333E0,7.257254720E-1,-2.187081128E-1
1.127470675E1,1.390375018E0,9.642567039E-1,-2.009119391E-1
1.128470175E1,1.447580814E0,1.202866077E0,-1.752598286E-1
1.129469675E1,1.511845946E0,1.426257253E0,-1.438533664E-1
1.130469175E1,1.584849596E0,1.620899677E0,-1.293135732E-1
1.131468675E1,1.633508682E0,1.789783001E0,-1.353043765E-1
1.132468075E1,1.668468833E0,1.899297476E0,-1.568344384E-1
1.133467575E1,1.683529854E0,1.930179477E0,-1.978918463E-1
1.134467075E1,1.713975549E0,1.876123667E0,-2.345233560E-1
1.135466575E1,1.752182603E0,1.748882294E0,-2.502064407E-1
1.136466075E1,1.798839092E0,1.583289862E0,-2.432039231E-1
1.137465575E1,1.852530360E0,1.393157721E0,-2.127557993E-1
1.138465075E1,1.903775215E0,1.212803125E0,-1.805616468E-1
1.139464575E1,1.946599603E0,1.051525354E0,-1.549445242E-1
1.140464075E1,1.982424736E0,9.211572409E-1,-1.435291618E-1
1.141463475E1,2.009151697E0,8.324547410E-1,-1.339925528E-1
1.142462975E1,2.021520376E0,7.757008672E-1,-1.222709045E-1
1.143462475E1,2.034290791E0,7.580641508E-1,-1.080509722E-1
1.144461975E1,2.040318727E0,7.709365487E-1,-8.861815184E-2
1.145461475E1,2.044392347E0,8.003277183E-1,-5.344329402E-2
1.146460975E1,2.044860601E0,8.513363004E-1,-4.215828143E-3
1.147460475E1,2.043176889E0,9.139353037E-1,5.847229809E-2
1.148459975E1,2.044567585E0,9.900225997E-1,1.294756383E-1
1.149459475E1,2.051804543E0,1.082586646E0,2.012125552E-1
1.150458975E1,2.057540178E0,1.178789854E0,2.587485611E-1
1.151458375E1,2.040842295E0,1.244706273E0,2.924083769E-1
1.152457875E1,2.014171600E0,1.220914125E0,3.134867549E-1
1.153457375E1,1.987623572E0,1.077164292E0,3.255859315E-1
1.154456875E1,1.973011494E0,8.138107657E-1,3.485722244E-1
1.155456375E1,1.970449328E0,4.902322292E-1,4.032851756E-1
1.156455875E1,1.967118502E0,1.513995677E-1,4.787114859E-1
1.157455375E1,1.962970614E0,-1.523680538E-1,5.495508909E-1
1.158454875E1,1.955156088E0,-3.740271926E-1,5.827173591E-1
1.159454375E1,1.949009776E0,-5.013428330E-1,5.871818662E-1
1.160453875E1,1.939176083E0,-5.458149910E-1,5.720289946E-1
1.161453375E1,1.933360696E0,-5.384045243E-1,5.582814217E-1
1.162452775E1,1.931766272E0,-5.214692354E-1,5.557335615E-1
1.163452275E1,1.929845452E0,-5.097424984E-1,5.712202191E-1
1.164451775E1,1.931678772E0,-4.966967106E-1,5.960808396E-1
1.165451275E1,1.936322093E0,-4.692911804E-1,6.216771007E-1
1.166450775E1,1.941758156E0,-4.174034894E-1,6.362349987E-1
1.167450275E1,1.948349714E0,-3.302621543E-1,6.312692165E-1
1.168449775E1,1.954008698E0,-2.079868317E-1,6.257287860E-1
1.169449275E1,1.952906013E0,-6.288141012E-2,6.017089486E-1
1.170448775E1,1.951860189E0,7.030088454E-2,5.760405660E-1
1.171448175E1,1.945172310E0,1.647921205E-1,5.615998507E-1
1.172447675E1,1.938438773E0,2.406559885E-1,5.658947229E-1
1.173447175E1,1.924427629E0,3.021548390E-1,5.775008202E-1
1.174446675E1,1.901908517E0,3.501394093E-1,5.728549361E-1
1.175446175E1,1.891519547E0,4.058626592E-1,5.405322313E-1
1.176445675E1,1.878509641E0,4.866821170E-1,5.075244904E-1
1.177445175E1,1.878108859E0,5.965648890E-1,4.820786417E-1
1.178444675E1,1.875658989E0,7.291905880E-1,4.815497398E-1
1.179444175E1,1.864835024E0,8.604823947E-1,4.899878800E-1
1.180443675E1,1.838354349E0,9.696283340E-1,5.064722896E-1
1.181443075E1,1.815070391E0,1.034310460E0,5.154110193E-1
1.182442575E1,1.797703147E0,1.041954517E0,5.214233398E-1
1.183442075E1,1.780813456E0,1.017620921E0,5.332751274E-1
1.184441575E1,1.767657995E0,9.987468123E-1,5.394480824E-1
1.185441075E1,1.744288802E0,9.881546497E-1,5.386998653E-1
1.186440575E1,1.718033791E0,9.936934710E-1,5.211334229E-1
1.187440075E1,1.698288321E0,1.014201999E0,4.970943034E-1
1.188439575E1,1.676399827E0,1.043803573E0,4.851143360E-1
1.189439075E1,1.649465680E0,1.084402800E0,4.816282988E-1
1.190438575E1,1.612483501E0,1.117000699E0,4.840091765E-1
1.191437975E1,1.571049333E0,1.134821177E0,4.863136709E-1
1.192437475E1,1.533678293E0,1.134844542E0,4.793779850E-1
1.193436975E1,1.511152267E0,1.116321445E0,4.695603848E-1
1.194436475E1,1.478841782E0,1.075506091E0,4.596672952E-1
1.195435975E1,1.436351180E0,1.017667055E0,4.539780617E-1
1.196435425E1,1.387984991E0,9.691293836E-1,4.520795047E-1
1.197434925E1,1.329708338E0,9.376116395E-1,4.507907927E-1
1.198434425E1,1.285062075E0,9.291550517E-1,4.446540773E-1
1.199433925E1,1.248657942E0,9.513736963E-1,4.291267991E-1
1.200433325E1,1.214987874E0,9.874153137E-1,3.967052102E-1
1.201432825E1,1.177240014E0,1.020478010E0,3.665922880E-1
1.202432325E1,1.126684189E0,1.057584882E0,3.508223891E-1
1.203431825E1,1.076052904E0,1.094539523E0,3.481998444E-1
1.204431325E1,1.020718575E0,1.114975810E0,3.527996540E-1
1.205430825E1,9.737795591E-1,1.127508402E0,3.648184240E-1
1.206430325E1,9.135729074E-1,1.134073853E0,3.783043921E-1
1.207429825E1,8.442434669E-1,1.144916534E0,3.863283992E-1
1.208429325E1,7.867098451E-1,1.153089762E0,3.928230703E-1
1.209428825E1,7.260147333E-1,1.167538285E0,3.840081692E-1
1.210428325E1,6.811023951E-1,1.174343705E0,3.590399921E-1
1.211427725E1,6.408697963E-1,1.148359060E0,3.234627247E-1
1.212427225E1,5.953832269E-1,1.099510312E0,2.902206182E-1
1.213426725E1,5.425463915E-1,1.046017289E0,2.714511752E-1
1.214426225E1,5.018056035E-1,1.003662109E0,2.531531453E-1
1.215425725E1,4.622279108E-1,9.745249748E-1,2.254300863E-1
1.216425225E1,4.221398830E-1,9.343042970E-1,1.968738139E-1
1.217424725E1,3.710162342E-1,8.786796331E-1,1.658405513E-1
1.218424225E1,3.015974760E-1,8.096656799E-1,1.344948709E-1
1.219423725E1,2.312564403E-1,7.474545836E-1,1.110503227E-1
1.220423225E1,1.632925719E-1,6.914461851E-1,9.713025391E-2
1.221422625E1,9.754203260E-2,6.323693991E-1,9.042764455E-2
1.222422125E1,2.145471983E-2,5.715164542E-1,7.761251181E-2
1.223421625E1,-5.296890438E-2,5.094427466E-1,4.720718041E-2
1.224421125E1,-1.170395017E-1,4.470113516E-1,3.095111344E-3
1.225420625E1,-1.760269403E-1,3.822056353E-1,-3.543120995E-2
1.226420125E1,-2.369776368E-1,3.296566904E-1,-5.782520026E-2
1.227419625E1,-2.859328687E-1,2.769125998E-1,-7.344582677E-2
1.228419125E1,-3.300736845E-1,2.141994387E-1,-9.037420899E-2
1.229418625E1,-3.639193475E-1,1.343275309E-1,-1.025146022E-1
1.230418125E1,-3.914076984E-1,5.259245634E-2,-1.181992888E-1
1.231417525E1,-4.230047464E-1,-2.468050830E-2,-1.375190020E-1
1.232417025E1,-4.497122765E-1,-9.509901702E-2,-1.505144387E-1
1.233416525E1,-4.678505063E-1,-1.457797438E-1,-1.687174141E-1
1.234416025E1,-4.830787182E-1,-1.749136597E-1,-1.903646439E-1
1.235415525E1,-4.884841740E-1,-1.907773614E-1,-2.000199258E-1
1.236415025E1,-4.893925786E-1,-1.830648482E-1,-1.980635673E-1
1.237414525E1,-4.864478409E-1,-1.552648097E-1,-1.993340105E-1
1.238414025E1,-4.848699272E-1,-1.306034029E-1,-2.057740688E-1
1.239413525E1,-4.775235653E-1,-1.147852242E-1,-2.169383317E-1
1.240412925E1,-4.764561653E-1,-1.058684289E-1,-2.174179703E-1
1.241412425E1,-4.672912061E-1,-1.008407697E-1,-2.144335806E-1
1.242411925E1,-4.724582732E-1,-9.538529068E-2,-2.170796990E-1
1.243411425E1,-4.789287746E-1,-9.515252709E-2,-2.170329243E-1
1.244410925E1,-4.770485759E-1,-1.040807813E-1,-2.202873081E-1
1.245410425E1,-4.764303863E-1,-1.060972363E-1,-2.271253467E-1
1.246409925E1,-4.753193259E-1,-1.065145582E-1,-2.394960076E-1
1.247409425E1,-4.788573384E-1,-1.179004088E-1,-2.546757460E-1
1.248408925E1,-4.807758927E-1,-1.396419257E-1,-2.695684135E-1
1.249408425E1,-4.878961146E-1,-1.657395065E-1,-2.713612616E-1
1.250407825E1,-5.061253905E-1,-1.937852651E-1,-2.773336768E-1
1.251407325E1,-5.276106000E-1,-2.304512858E-1,-2.871922553E-1
1.252406825E1,-5.398989320E-1,-2.377459556E-1,-3.041518033E-1
1.253406325E1,-5.491602421E-1,-2.055499703E-1,-3.229829371E-1
1.254405825E1,-5.561547875E-1,-1.439337432E-1,-3.416383862E-1
1.255405325E1,-5.716089010E-1,-6.806096435E-2,-3.589929938E-1
1.256404825E1,-5.964079499E-1,8.302787319E-3,-3.774510920E-1
1.257404325E1,-6.283469796E-1,7.115182281E-2,-4.001612365E-1
1.258403825E1,-6.499447227E-1,1.270574331E-1,-4.231030345E-1
1.259403325E1,-6.633494496E-1,1.931973249E-1,-4.489324987E-1
1.260402725E1,-6.728712916E-1,2.451002151E-1,-4.685269594E-1
1.261402225E1,-6.851913929E-1,2.617642283E-1,-4.778214395E-1
1.262401725E1,-7.134147286E-1,2.421830595E-1,-4.837581515E-1
1.263401225E1,-7.440714836E-1,1.792069077E-1,-4.924156070E-1
1.264400725E1,-7.736424208E-1,9.870087355E-2,-5.084919930E-1
1.265400225E1,-7.969812751E-1,3.747701272E-2,-5.220921636E-1
1.266399725E1,-8.130662441E-1,3.797612153E-3,-5.339049101E-1
1.267399225E1,-8.247207403E-1,3.201957792E-3,-5.309597850E-1
1.268398725E1,-8.493568897E-1,1.538432203E-2,-5.300663114E-1
1.269398225E1,-8.685132265E-1,2.619289979E-2,-5.375472903E-1
1.270397625E1,-8.844842315E-1,2.122077905E-2,-5.560624003E-1
1.271397125E1,-8.971039057E-1,-2.421002276E-2,-5.862943530E-1
1.272396625E1,-9.133715630E-1,-1.203943491E-1,-5.965360403E-1
1.273396125E1,-9.284403324E-1,-2.246241570E-1,-5.809941888E-1
1.274395625E1,-9.387528896E-1,-3.104825914E-1,-5.527830720E-1
1.275395125E1,-9.588125348E-1,-3.918888569E-1,-5.287714601E-1
1.276394625E1,-9.811812043E-1,-4.781137407E-1,-5.237841606E-1
1.277394125E1,-1.011122346E0,-5.653187037E-1,-5.277306437E-1
1.278393625E1,-1.031845450E0,-6.363009810E-1,-5.404924750E-1
1.279393025E1,-1.047671676E0,-6.839404106E-1,-5.358432531E-1
1.280392525E1,-1.061913729E0,-6.871007681E-1,-5.231466293E-1
1.281392025E1,-1.081748128E0,-6.550909281E-1,-5.149118900E-1
1.282391525E1,-1.091097951E0,-6.054003239E-1,-5.140045285E-1
1.283391025E1,-1.105050921E0,-5.426930785E-1,-5.264818072E-1
1.284390525E1,-1.113256693E0,-4.847277999E-1,-5.541357994E-1
1.285390025E1,-1.100235224E0,-4.223838449E-1,-5.837220550E-1
1.286389525E1,-1.086042166E0,-3.639509082E-1,-6.015023589E-1
1.287389025E1,-1.080107808E0,-3.168314993E-1,-6.036666632E-1
1.288388525E1,-1.075312018E0,-2.941176593E-1,-5.961701274E-1
1.289387925E1,-1.084953189E0,-3.002611995E-1,-5.930609107E-1
1.290387425E1,-1.089428067E0,-3.289948404E-1,-5.846897960E-1
1.291386925E1,-1.091691494E0,-3.630783558E-1,-5.816851258E-1
1.292386425E1,-1.090192914E0,-3.729549646E-1,-5.930325985E-1
1.293385925E1,-1.087534070E0,-3.602371514E-1,-6.133635044E-1
1.294385425E1,-1.091571689E0,-3.323360085E-1,-6.404846311E-1
1.295384925E1,-1.106276512E0,-2.967225909E-1,-6.610556841E-1
1.296384425E1,-1.119608045E0,-2.617291808E-1,-6.768998504E-1
1.297383975E1,-1.131448507E0,-2.307461053E-1,-6.842014194E-1
1.298383375E1,-1.130888462E0,-2.037011683E-1,-6.780220866E-1
1.299382875E1,-1.128922343E0,-1.943508983E-1,-6.591260433E-1
1.300382375E1,-1.135613203E0,-2.040770352E-1,-6.418210864E-1
1.301381875E1,-1.149828076E0,-2.419959903E-1,-6.356006861E-1
1.302381375E1,-1.168820143E0,-2.988739312E-1,-6.473675966E-1
1.303380875E1,-1.194468141E0,-3.529555202E-1,-6.706697345E-1
1.304380375E1,-1.221181035E0,-3.974414468E-1,-7.193270922E-1
1.305379875E1,-1.241857767E0,-4.253528118E-1,-7.679699063E-1
1.306379375E1,-1.257454038E0,-4.345287383E-1,-8.049796224E-1
1.307378875E1,-1.263088584E0,-4.282003045E-1,-8.064430952E-1
1.308378275E1,-1.262843490E0,-4.045514464E-1,-7.758249640E-1
1.309377775E1,-1.266655564E0,-3.666059971E-1,-7.349834442E-1
1.310377275E1,-1.287044764E0,-3.161015511E-1,-7.097659707E-1
1.311376775E1,-1.315533876E0,-2.567833662E-1,-7.154451013E-1
1.312376275E1,-1.342206240E0,-2.052208334E-1,-7.471979260E-1
1.313375775E1,-1.361608982E0,-1.621744484E-1,-7.895409465E-1
1.314375275E1,-1.377569079E0,-1.411322653E-1,-8.252177238E-1
1.315374775E1,-1.383498430E0,-1.585894823E-1,-8.496737480E-1
1.316374275E1,-1.393897533E0,-2.127746940E-1,-8.636630177E-1
1.317373675E1,-1.397709131E0,-3.226124644E-1,-8.657422066E-1
1.318373175E1,-1.399661541E0,-4.584757388E-1,-8.496719003E-1
1.319372675E1,-1.403361440E0,-5.915614963E-1,-8.259524703E-1
1.320372175E1,-1.409376025E0,-7.097030282E-1,-8.101562262E-1
1.321371675E1,-1.415463686E0,-8.040944338E-1,-8.022547960E-1
1.322371175E1,-1.426279306E0,-8.622831702E-1,-7.972981334E-1
1.323370675E1,-1.426458001E0,-8.902003765E-1,-7.813946605E-1
1.324370175E1,-1.425369263E0,-8.963842392E-1,-7.460369468E-1
1.325369675E1,-1.412324071E0,-8.778419495E-1,-7.059326172E-1
1.326369175E1,-1.398384571E0,-8.425478935E-1,-6.604801416E-1
1.327368575E1,-1.380180597E0,-7.823422551E-1,-6.324439645E-1
1.328368075E1,-1.365575314E0,-7.194631696E-1,-6.203569174E-1
1.329367575E1,-1.330402851E0,-6.641586423E-1,-6.138101816E-1
1.330367075E1,-1.294690371E0,-6.028110981E-1,-6.113758087E-1
1.331366575E1,-1.270337462E0,-5.359463692E-1,-5.965793133E-1
1.332366075E1,-1.246120572E0,-4.743676484E-1,-5.615760088E-1
1.333365575E1,-1.226399064E0,-4.153254330E-1,-5.270359516E-1
1.334365075E1,-1.209128737E0,-3.630803525E-1,-4.885839522E-1
1.335364575E1,-1.181603670E0,-2.995335758E-1,-4.552134573E-1
1.336363975E1,-1.155663967E0,-2.269486040E-1,-4.380626976E-1
1.337363475E1,-1.120273948E0,-1.458410472E-1,-4.357784986E-1
1.338362975E1,-1.077892661E0,-5.862173438E-2,-4.333225191E-1
1.339362475E1,-1.041689038E0,3.131069988E-2,-4.250287712E-1
1.340361975E1,-1.014617205E0,9.101264179E-2,-4.111592770E-1
1.341361475E1,-9.871802926E-1,1.069642901E-1,-3.934803605E-1
1.342360975E1,-9.706495404E-1,9.006360173E-2,-3.739005327E-1
1.343360475E1,-9.547408819E-1,3.587764129E-2,-3.600515127E-1
1.344359975E1,-9.495279789E-1,-3.987624124E-2,-3.419129848E-1
1.345359375E1,-9.332607985E-1,-1.246206760E-1,-3.239899874E-1
1.346358875E1,-9.173724055E-1,-1.872683465E-1,-3.118896484E-1
1.347358375E1,-9.011314511E-1,-2.327190042E-1,-3.063483834E-1
1.348357875E1,-8.900686502E-1,-2.692072690E-1,-3.082903624E-1
1.349357375E1,-8.773999810E-1,-3.137110174E-1,-3.089812994E-1
1.350356875E1,-8.709343076E-1,-3.639701903E-1,-3.045508862E-1
1.351356375E1,-8.680465817E-1,-4.243705571E-1,-2.938218117E-1
1.352355875E1,-8.679182529E-1,-4.997785091E-1,-2.812362611E-1
1.353355375E1,-8.706518412E-1,-5.820359588E-1,-2.684662640E-1
1.354354875E1,-8.712121844E-1,-6.753797531E-1,-2.539733350E-1
1.355354275E1,-8.720076084E-1,-7.651422620E-1,-2.481975257E-1
1.356353775E1,-8.748566508E-1,-8.485338092E-1,-2.506018281E-1
1.357353275E1,-8.784947991E-1,-9.259980321E-1,-2.497583777E-1
1.358352775E1,-8.775397539E-1,-9.904928803E-1,-2.486867458E-1
1.359352275E1,-8.766156435E-1,-1.038856030E0,-2.443900555E-1
1.360351775E1,-8.765929937E-1,-1.086239696E0,-2.306851596E-1
1.361351275E1,-8.777725101E-1,-1.117972255E0,-2.044524997E-1
1.362350775E1,-8.818886876E-1,-1.142442942E0,-1.710423529E-1
1.363350275E1,-8.851190805E-1,-1.160941005E0,-1.369352788E-1
1.364349675E1,-8.953371048E-1,-1.171353698E0,-9.699398279E-2
1.365349175E1,-9.173154831E-1,-1.183889389E0,-5.241381004E-2
1.366348675E1,-9.309657812E-1,-1.201928139E0,1.158868894E-3
1.367348175E1,-9.478377104E-1,-1.225875139E0,5.991215631E-2
1.368347675E1,-9.629548788E-1,-1.249641418E0,1.174465567E-1
1.369347175E1,-9.750818610E-1,-1.277201772E0,1.706197858E-1
1.370346675E1,-9.901100397E-1,-1.312641501E0,1.957722753E-1
1.371346175E1,-1.001974344E0,-1.346935749E0,2.088422179E-1
1.372345675E1,-1.004113674E0,-1.387215495E0,2.265951186E-1
1.373345075E1,-1.001987100E0,-1.410514235E0,2.498753369E-1
1.374344575E1,-9.942836761E-1,-1.413050294E0,2.829962671E-1
1.375344075E1,-9.901483655E-1,-1.396139860E0,3.202981055E-1
1.376343575E1,-9.771622419E-1,-1.359477639E0,3.388004303E-1
1.377343075E1,-9.635531902E-1,-1.308859825E0,3.367207646E-1
1.378342575E1,-9.449747205E-1,-1.244076610E0,3.261578679E-1
1.379342075E1,-9.273813367E-1,-1.178189278E0,3.178794980E-1
1.380341575E1,-9.025143385E-1,-1.125237346E0,3.201186657E-1
1.381341075E1,-8.766583204E-1,-1.078512549E0,3.121460676E-1
1.382340475E1,-8.400401473E-1,-1.030425906E0,2.945915759E-1
1.383339975E1,-8.021739125E-1,-9.803970456E-1,2.680090964E-1
1.384339475E1,-7.645583749E-1,-9.261165261E-1,2.307485640E-1
1.385338975E1,-7.286978960E-1,-8.774502277E-1,1.934263408E-1
1.386338475E1,-6.967276931E-1,-8.202117085E-1,1.594534516E-1
1.387337975E1,-6.743746996E-1,-7.596465945E-1,1.390088052E-1
1.388337475E1,-6.672320962E-1,-7.038981318E-1,1.249411851E-1
1.389336975E1,-6.667530537E-1,-6.600208282E-1,1.104557514E-1
1.390336475E1,-6.685461402E-1,-6.157020926E-1,9.558892250E-2
1.391335975E1,-6.656384468E-1,-5.801020265E-1,8.756208420E-2
1.392335375E1,-6.563708782E-1,-5.362805128E-1,8.851149678E-2
1.393334875E1,-6.409367919E-1,-4.770687222E-1,9.385783970E-2
1.394334375E1,-5.965794921E-1,-3.742419481E-1,1.058175638E-1
1.395333875E1,-5.304689407E-1,-2.846021354E-1,1.137231737E-1
1.396333375E1,-4.356835485E-1,-1.897608191E-1,1.161580980E-1
1.397332854E1,-3.128828704E-1,-1.009920612E-1,1.130958125E-1
1.398332354E1,-1.938273013E-1,-1.131836791E-2,9.778290242E-2
1.399331854E1,-8.397375792E-2,5.994711444E-2,6.773255765E-2
1.400331254E1,-6.114927237E-4,1.201806366E-1,3.463026509E-2
1.401330754E1,4.904825985E-2,1.652432382E-1,9.684867226E-3
1.402330254E1,7.784102857E-2,2.008006871E-1,-3.278335091E-3
1.403329754E1,8.128181845E-2,2.202212214E-1,-3.635455389E-3
1.404329254E1,8.052574843E-2,2.136631906E-1,-6.538833026E-3
1.405328754E1,7.887700200E-2,1.830315888E-1,-9.742101654E-3
1.406328254E1,7.572914660E-2,1.257730871E-1,-1.363804005E-2
1.407327754E1,7.289122045E-2,5.005187541E-2,-1.144508272E-2
1.408327254E1,5.973360315E-2,-3.628194705E-2,-5.956840236E-3
1.409326754E1,5.427328497E-2,-1.162049919E-1,6.148568355E-4
1.410326154E1,4.403556138E-2,-1.818806827E-1,-4.693089519E-3
1.411325654E1,3.444503248E-2,-2.268694490E-1,-1.531040482E-2
1.412325154E1,2.452342771E-2,-2.325454354E-1,-2.384557016E-2
1.413324654E1,1.460267790E-2,-2.108227462E-1,-2.239665575E-2
1.414324154E1,1.961451722E-3,-1.689285636E-1,-1.208755933E-2
1.415323654E1,-1.099437475E-2,-1.287485957E-1,-6.188505329E-3
1.416323154E1,-2.037243173E-2,-1.095674410E-1,-4.190068692E-3
1.417322654E1,-3.036798537E-2,-1.054161265E-1,-4.839510657E-3
1.418322054E1,-3.857904673E-2,-1.058499590E-1,-1.650108956E-3
1.419321554E1,-4.698691145E-2,-1.042978689E-1,4.273826256E-3
1.420321054E1,-4.774005339E-2,-1.012227163E-1,4.499929026E-3
1.421320554E1,-4.592036456E-2,-1.021156907E-1,6.969569717E-3
1.422320054E1,-4.207422584E-2,-1.072947383E-1,1.087056845E-2
1.423319554E1,-3.099096008E-2,-1.146757603E-1,5.400455557E-3
1.424319054E1,-1.989756152E-2,-1.205903739E-1,1.239266247E-3
1.425318554E1,-2.914871555E-3,-1.287906319E-1,-3.464101814E-3
1.426318054E1,1.117271744E-2,-1.305033118E-1,-9.915343486E-3
1.427317554E1,1.901094988E-2,-1.223787144E-1,-1.356497034E-2
1.428316954E1,3.210731223E-2,-1.135713756E-1,-1.486539096E-2
1.429316454E1,4.473632202E-2,-1.062419042E-1,-2.140298113E-2
1.430315954E1,5.452263728E-2,-9.268800914E-2,-2.691625804E-2
1.431315454E1,6.411798298E-2,-8.068127930E-2,-3.355228156E-2
1.432314954E1,6.992687285E-2,-6.284794956E-2,-3.732331470E-2
1.433314454E1,8.325859159E-2,-4.906916618E-2,-4.006916657E-2
1.434313954E1,9.087869525E-2,-3.308806568E-2,-3.965744376E-2
1.435313454E1,9.631959349E-2,-1.640431583E-2,-3.814036399E-2
1.436312954E1,1.085269898E-1,-4.596125335E-3,-3.647029400E-2
1.437312354E1,1.176898777E-1,9.160229936E-3,-3.788205981E-2
1.438311854E1,1.273523420E-1,1.464154851E-2,-3.654621542E-2
1.439311354E1,1.464946419E-1,2.077499777E-2,-3.580405563E-2
1.440310854E1,1.628587097E-1,3.092217445E-2,-3.741420060E-2
1.441310354E1,1.907009780E-1,4.049025103E-2,-4.150157794E-2
1.442309854E1,2.268635035E-1,5.928098410E-2,-5.571620166E-2
1.443309354E1,2.670162916E-1,8.418589830E-2,-7.918054610E-2
1.444308854E1,3.152706325E-1,1.086986959E-1,-1.074872911E-1
1.445308354E1,3.723093569E-1,1.331219673E-1,-1.418955028E-1
1.446307754E1,4.446722269E-1,1.645278186E-1,-1.855452359E-1
1.447307254E1,5.250754356E-1,2.193759978E-1,-2.366779596E-1
1.448306754E1,6.108598709E-1,3.009057343E-1,-2.882809639E-1
1.449306254E1,6.927835345E-1,3.961203098E-1,-3.257185817E-1
1.450305754E1,7.731188536E-1,4.996376634E-1,-3.562045991E-1
1.451305254E1,8.464518785E-1,5.991680026E-1,-3.563055396E-1
1.452304754E1,8.928180337E-1,7.085033059E-1,-3.424973190E-1
1.453304254E1,9.302825928E-1,8.128208518E-1,-3.329463899E-1
1.454303754E1,9.588005543E-1,9.058450460E-1,-3.282477558E-1
1.455303154E1,9.775334001E-1,9.850741625E-1,-3.217852712E-1
1.456302654E1,9.929333925E-1,1.038037300E0,-3.086833358E-1
1.457302154E1,1.017400384E0,1.070763111E0,-2.817404568E-1
1.458301654E1,1.039972067E0,1.093296409E0,-2.507905364E-1
1.459301154E1,1.067487836E0,1.116477966E0,-2.167646736E-1
1.460300654E1,1.095365286E0,1.126103163E0,-1.847303063E-1
1.461300154E1,1.125814199E0,1.124384880E0,-1.534189135E-1
1.462299654E1,1.161439896E0,1.096935868E0,-1.253979206E-1
1.463299154E1,1.208357692E0,1.047771931E0,-8.655188978E-2
1.464298554E1,1.261001229E0,9.862453341E-1,-4.830516875E-2
1.465298054E1,1.311621428E0,9.254239202E-1,-2.009603567E-2
1.466297554E1,1.366697669E0,8.776119351E-1,-1.040399261E-2
1.467297054E1,1.407629371E0,8.408354521E-1,-1.691913046E-2
1.468296554E1,1.460849524E0,8.272442818E-1,-2.441166714E-2
1.469296054E1,1.507280111E0,8.350202441E-1,-2.531502396E-2
1.470295554E1,1.557840466E0,8.609368205E-1,-9.267346002E-3
1.471295054E1,1.621602058E0,9.132632017E-1,2.047152072E-2
1.472294554E1,1.714409471E0,1.012652636E0,5.917151272E-2
1.473293954E1,1.816605449E0,1.184188128E0,1.098175570E-1
1.474293454E1,1.896547198E0,1.418530345E0,1.533786207E-1
1.475292954E1,1.974533200E0,1.666025996E0,1.762709171E-1
1.476292454E1,2.034366846E0,1.897389531E0,1.793902814E-1
1.477291954E1,2.071330786E0,2.094569683E0,1.913164556E-1
1.478291454E1,2.099001646E0,2.245110989E0,2.166763991E-1
1.479290954E1,2.123636007E0,2.318824530E0,2.580083013E-1
1.480290454E1,2.146973372E0,2.316868067E0,3.045513034E-1
1.481289954E1,2.172060728E0,2.240733147E0,3.545954823E-1
1.482289354E1,2.189750910E0,2.121415138E0,4.175347686E-1
1.483288854E1,2.197439671E0,1.978672147E0,4.953321517E-1
1.484288354E1,2.191366673E0,1.846362114E0,5.765460134E-1
1.485287854E1,2.180764437E0,1.718057036E0,6.543547511E-1
1.486287354E1,2.163931608E0,1.600761533E0,7.118350863E-1
1.487286854E1,2.144154787E0,1.490709543E0,7.610001564E-1
1.488286354E1,2.125219584E0,1.386544466E0,8.103954196E-1
1.489285854E1,2.099233627E0,1.275982857E0,8.698486686E-1
1.490285354E1,2.080619574E0,1.183139205E0,9.311187267E-1
1.491284754E1,2.061916828E0,1.114558578E0,9.793241024E-1
1.492284254E1,2.046144009E0,1.062906265E0,1.014621139E0
1.493283754E1,2.021003246E0,1.026342511E0,1.040994644E0
1.494283254E1,2.010883331E0,1.006234288E0,1.071639895E0
1.495282754E1,1.996737957E0,9.720890522E-1,1.100141048E0
1.496282254E1,1.979880691E0,9.308090210E-1,1.138294578E0
1.497281812E1,1.961261272E0,8.743818402E-1,1.161814928E0
1.498281312E1,1.940481424E0,8.028371334E-1,1.167816639E0
1.499280813E1,1.924565792E0,7.464444637E-1,1.171040416E0
1.500280213E1,1.912650466E0,7.446737289E-1,1.174418926E0
1.501279713E1,1.894809723E0,7.857695222E-1,1.182377458E0
1.502279213E1,1.874832869E0,8.275313377E-1,1.196282148E0
1.503278712E1,1.844729781E0,8.402935863E-1,1.202880263E0
1.504278212E1,1.809304953E0,8.141828775E-1,1.207078457E0
1.505277712E1,1.777341843E0,7.527626157E-1,1.208940506E0
1.506277213E1,1.759452820E0,6.900185347E-1,1.205959082E0
1.507276713E1,1.745725751E0,6.318611503E-1,1.209540606E0
1.508276213E1,1.737288475E0,5.644515157E-1,1.229119420E0
1.509275613E1,1.721522093E0,5.141829848E-1,1.261054873E0
1.510275112E1,1.698077440E0,4.818801582E-1,1.272540808E0
1.511274612E1,1.677126646E0,4.742387831E-1,1.256458759E0
1.512274113E1,1.646602631E0,4.862051606E-1,1.220855474E0
1.513273613E1,1.604323506E0,4.902403951E-1,1.187052131E0
1.514273113E1,1.563350797E0,4.928992987E-1,1.174816012E0
1.515272612E1,1.533026695E0,5.152582526E-1,1.179748535E0
1.516272112E1,1.507222891E0,5.409372449E-1,1.193285942E0
1.517271613E1,1.470385075E0,5.681958795E-1,1.193545699E0
1.518271013E1,1.428596377E0,6.050471067E-1,1.180469632E0
1.519270513E1,1.390348434E0,6.488139629E-1,1.157054543E0
1.520270013E1,1.357918024E0,7.014337778E-1,1.128337145E0
1.521269512E1,1.329533815E0,7.618203759E-1,1.103936911E0
1.522269012E1,1.299862742E0,8.060680032E-1,1.079536438E0
1.523268512E1,1.272916675E0,8.226646185E-1,1.043584943E0
1.524268013E1,1.254884720E0,8.009672761E-1,1.005033851E0
1.525267513E1,1.231233239E0,7.395914793E-1,9.720104933E-1
1.526267012E1,1.201934099E0,6.537376046E-1,9.549654126E-1
1.527266412E1,1.172433734E0,5.679970384E-1,9.411974549E-1
1.528265912E1,1.135246992E0,4.918351769E-1,9.209475517E-1
1.529265412E1,1.096567631E0,4.288783371E-1,8.870278001E-1
1.530264913E1,1.058972836E0,3.987505138E-1,8.474231362E-1
1.531264413E1,1.026673317E0,4.149254560E-1,8.150216341E-1
1.532263913E1,1.002595425E0,4.640309513E-1,7.841761112E-1
1.533263412E1,9.903991818E-1,5.192984939E-1,7.581955194E-1
1.534262912E1,9.797936678E-1,5.653895736E-1,7.341341376E-1
1.535262312E1,9.641609788E-1,5.951926112E-1,7.099919915E-1
1.536261813E1,9.416905046E-1,6.038068533E-1,6.946635842E-1
1.537261313E1,8.985688686E-1,5.959725976E-1,6.948891878E-1
1.538260813E1,8.626002669E-1,5.992935300E-1,6.952018142E-1
1.539260312E1,8.214266300E-1,6.231802702E-1,6.958006620E-1
1.540259812E1,7.861102223E-1,6.794943810E-1,6.827058792E-1
1.541259313E1,7.737690806E-1,7.837662697E-1,6.589093804E-1
1.542258813E1,7.671865821E-1,9.121298194E-1,6.455461979E-1
1.543258313E1,7.593078613E-1,1.053214788E0,6.630980372E-1
1.544257713E1,7.307356000E-1,1.188241005E0,7.094311714E-1
1.545257212E1,6.961792707E-1,1.301494479E0,7.687811255E-1
1.546256712E1,6.573450565E-1,1.350611448E0,8.157571554E-1
1.547256212E1,6.234807968E-1,1.336983562E0,8.379853368E-1
1.548255713E1,5.976625085E-1,1.270532250E0,8.312779069E-1
1.549255213E1,5.713090897E-1,1.169804335E0,7.927040458E-1
1.550254712E1,5.411098599E-1,1.017298937E0,7.457136512E-1
1.551254212E1,5.122075677E-1,8.627769351E-1,6.910793185E-1
1.552253712E1,4.856140018E-1,7.194285393E-1,6.314841509E-1
1.553253112E1,4.591326416E-1,5.874343514E-1,5.843052268E-1
1.554252613E1,4.267768264E-1,4.691810012E-1,5.519092083E-1
1.555252113E1,3.846608400E-1,3.663080633E-1,5.252564549E-1
1.556251613E1,3.257517219E-1,2.658115625E-1,4.821230769E-1
1.557251112E1,2.665496171E-1,1.437539011E-1,4.193236828E-1
1.558250612E1,2.050145864E-1,2.180989832E-2,3.426363468E-1
1.559250113E1,1.422329694E-1,-7.549747825E-2,2.630698979E-1
1.560249613E1,7.998374104E-2,-1.292426139E-1,1.916175187E-1
1.561249013E1,1.205524243E-2,-1.469206512E-1,1.273291558E-1
1.562248513E1,-5.999285355E-2,-1.255224347E-1,6.137650460E-2
1.563248012E1,-1.368956566E-1,-7.092488557E-2,-4.878353328E-3
1.564247512E1,-2.066158801E-1,-1.883766381E-3,-7.067468017E-2
1.565247013E1,-2.714470327E-1,6.457101554E-2,-1.357597113E-1
1.566246513E1,-3.325980008E-1,1.166890785E-1,-1.984795481E-1
1.567246013E1,-3.833799064E-1,1.506120116E-1,-2.582737803E-1
1.568245512E1,-4.209153056E-1,1.544030160E-1,-3.223638237E-1
1.569245012E1,-4.515502155E-1,1.102641001E-1,-3.956573606E-1
1.570244412E1,-4.671297073E-1,4.345497116E-2,-4.597775042E-1
1.571243912E1,-4.868169129E-1,-4.055982083E-2,-5.249875188E-1
1.572243413E1,-5.063749552E-1,-1.368413419E-1,-5.747777224E-1
1.573242913E1,-5.280892253E-1,-2.259791344E-1,-6.158989072E-1
1.574242413E1,-5.544052720E-1,-2.866669595E-1,-6.524931788E-1
1.575241912E1,-5.764229298E-1,-3.152134120E-1,-6.923046708E-1
1.576241412E1,-6.095616817E-1,-3.275686204E-1,-7.337402701E-1
1.577240913E1,-6.489802003E-1,-3.243650496E-1,-7.636263967E-1
1.578240413E1,-6.882586479E-1,-2.960593700E-1,-7.889421582E-1
1.579239813E1,-7.123280764E-1,-2.708997726E-1,-8.149675131E-1
1.580239313E1,-7.385993600E-1,-2.698456943E-1,-8.338170648E-1
1.581238812E1,-7.638772130E-1,-2.880562842E-1,-8.469281197E-1
1.582238312E1,-7.892920375E-1,-3.006346524E-1,-8.647896647E-1
1.583237813E1,-8.033325672E-1,-3.080604672E-1,-8.973076344E-1
1.584237313E1,-8.155692816E-1,-2.899190187E-1,-9.464107156E-1
1.585236813E1,-8.298069835E-1,-2.458757311E-1,-1.010250211E0
1.586236312E1,-8.422868252E-1,-1.835870594E-1,-1.074242234E0
1.587235812E1,-8.578863144E-1,-1.300792694E-1,-1.114234209E0
1.588235212E1,-8.655090332E-1,-1.049920171E-1,-1.139201880E0
1.589234713E1,-8.698744774E-1,-1.056617871E-1,-1.136434913E0
1.590234213E1,-8.818597198E-1,-1.225475594E-1,-1.124390721E0
1.591233713E1,-8.915031552E-1,-1.483363211E-1,-1.119493604E0
1.592233212E1,-9.038751721E-1,-1.954622865E-1,-1.121039033E0
1.593232712E1,-9.306385517E-1,-2.531374395E-1,-1.120609760E0
1.594232212E1,-9.529060125E-1,-2.914118767E-1,-1.110717416E0
1.595231713E1,-9.742211699E-1,-2.966946065E-1,-1.101226807E0
1.596231113E1,-1.000238061E0,-2.809135020E-1,-1.106332660E0
1.597230592E1,-1.012390614E0,-2.639177740E-1,-1.123789787E0
1.598230092E1,-1.006790280E0,-2.262929082E-1,-1.149747610E0
1.599229592E1,-9.897063971E-1,-1.873507798E-1,-1.162638187E0
1.600229092E1,-9.810910225E-1,-1.761452705E-1,-1.163083792E0
1.601228592E1,-9.882605076E-1,-1.932011247E-1,-1.160319805E0
1.602228092E1,-1.004753947E0,-2.328771651E-1,-1.170178294E0
1.603227592E1,-1.023741126E0,-2.882638574E-1,-1.193011999E0
1.604227092E1,-1.044971347E0,-3.454970717E-1,-1.227514625E0
1.605226492E1,-1.052651525E0,-3.749527931E-1,-1.249129772E0
1.606225992E1,-1.060734749E0,-3.680000901E-1,-1.258347988E0
1.607225492E1,-1.058816075E0,-3.317798078E-1,-1.246079683E0
1.608224992E1,-1.050844193E0,-2.718874514E-1,-1.233276606E0
1.609224492E1,-1.057933927E0,-2.085800916E-1,-1.235755205E0
1.610223992E1,-1.069666982E0,-1.736077219E-1,-1.256213307E0
1.611223492E1,-1.088552237E0,-1.828523576E-1,-1.284993887E0
1.612222992E1,-1.095047951E0,-2.193371207E-1,-1.298116326E0
1.613222392E1,-1.098035812E0,-2.608529031E-1,-1.287231207E0
1.614221892E1,-1.099681377E0,-2.903292775E-1,-1.256575823E0
1.615221392E1,-1.087198257E0,-2.864736021E-1,-1.222330213E0
1.616220892E1,-1.069047570E0,-2.654037178E-1,-1.194313526E0
1.617220392E1,-1.066804051E0,-2.388039380E-1,-1.184691191E0
1.618219892E1,-1.080857038E0,-2.220273614E-1,-1.194441080E0
1.619219392E1,-1.083993196E0,-2.140721977E-1,-1.231161237E0
1.620218892E1,-1.079685211E0,-2.349082232E-1,-1.263601184E0
1.621218392E1,-1.072852373E0,-2.943270504E-1,-1.258762956E0
1.622217792E1,-1.070459843E0,-3.917622566E-1,-1.209180951E0
1.623217292E1,-1.078673482E0,-4.973953962E-1,-1.133569002E0
1.624216792E1,-1.088820219E0,-6.057609916E-1,-1.071057439E0
1.625216292E1,-1.110120893E0,-7.275022864E-1,-1.025046945E0
1.626215792E1,-1.120271564E0,-8.431673646E-1,-9.832307696E-1
1.627215292E1,-1.136386156E0,-9.157164097E-1,-9.462345243E-1
1.628214792E1,-1.153037190E0,-9.346144199E-1,-9.051429629E-1
1.629214292E1,-1.171994686E0,-8.909476399E-1,-8.685390353E-1
1.630213692E1,-1.185370207E0,-7.919360995E-1,-8.354074359E-1
1.631213192E1,-1.191688538E0,-6.582833529E-1,-8.032133579E-1
1.632212692E1,-1.203044534E0,-5.151584148E-1,-7.751295567E-1
1.633212192E1,-1.205717802E0,-3.790353835E-1,-7.585765719E-1
1.634211692E1,-1.199438334E0,-2.817394435E-1,-7.615726590E-1
1.635211192E1,-1.199773192E0,-2.452921420E-1,-7.715985775E-1
1.636210692E1,-1.201429963E0,-2.656011581E-1,-7.785100341E-1
1.637210192E1,-1.202445507E0,-3.140254021E-1,-7.846396565E-1
1.638209692E1,-1.211508512E0,-3.786211610E-1,-7.856564522E-1
1.639209092E1,-1.222435474E0,-4.457408786E-1,-7.787778378E-1
1.640208592E1,-1.240460873E0,-5.184864998E-1,-7.566131949E-1
1.641208092E1,-1.248714209E0,-5.953102112E-1,-7.284376621E-1
1.642207592E1,-1.245517373E0,-6.634951234E-1,-6.986254454E-1
1.643207092E1,-1.235726476E0,-7.092236280E-1,-6.745289564E-1
1.644206592E1,-1.223229408E0,-7.319763303E-1,-6.694601774E-1
1.645206092E1,-1.210500479E0,-7.228949070E-1,-6.969338059E-1
1.646205592E1,-1.199472070E0,-6.890929937E-1,-7.545409203E-1
1.647204992E1,-1.182908416E0,-6.402184367E-1,-8.303316832E-1
1.648204492E1,-1.173204660E0,-5.966534019E-1,-8.904885054E-1
1.649203992E1,-1.175340652E0,-5.795482993E-1,-9.195200205E-1
1.650203492E1,-1.171560645E0,-6.025375128E-1,-9.142887592E-1
1.651202992E1,-1.157087326E0,-6.648582220E-1,-8.848203421E-1
1.652202492E1,-1.136934161E0,-7.565761805E-1,-8.407934904E-1
1.653201992E1,-1.112691402E0,-8.455852866E-1,-7.958466411E-1
1.654201492E1,-1.094376326E0,-8.784353733E-1,-7.674762607E-1
1.655200892E1,-1.079512000E0,-8.413744569E-1,-7.652642727E-1
1.656200392E1,-1.074361444E0,-7.446700335E-1,-7.805199027E-1
1.657199892E1,-1.071992636E0,-6.206363440E-1,-8.120021820E-1
1.658199392E1,-1.072275639E0,-4.885901809E-1,-8.396041989E-1
1.659198892E1,-1.078964591E0,-3.731731772E-1,-8.454037309E-1
1.660198392E1,-1.077403426E0,-2.935185730E-1,-8.204385042E-1
1.661197892E1,-1.081722021E0,-2.544524074E-1,-7.725792527E-1
1.662197392E1,-1.087990046E0,-2.726505697E-1,-7.233999968E-1
1.663196892E1,-1.083680272E0,-3.388413191E-1,-6.829023361E-1
1.664196292E1,-1.076631427E0,-4.174998999E-1,-6.542163491E-1
1.665195792E1,-1.072908163E0,-4.645394683E-1,-6.296846867E-1
1.666195292E1,-1.077295780E0,-4.800771475E-1,-6.149930954E-1
1.667194792E1,-1.087208748E0,-4.664663374E-1,-6.143097878E-1
1.668194292E1,-1.100448847E0,-4.463107288E-1,-6.230127215E-1
1.669193792E1,-1.115140438E0,-4.246605933E-1,-6.299198866E-1
1.670193292E1,-1.126976371E0,-4.278542399E-1,-6.162051558E-1
1.671192792E1,-1.138540030E0,-4.677157998E-1,-5.801339149E-1
1.672192192E1,-1.150456667E0,-5.384152532E-1,-5.355006456E-1
1.673191692E1,-1.161662698E0,-6.423400044E-1,-4.941655695E-1
1.674191192E1,-1.175541997E0,-7.721300125E-1,-4.697041512E-1
1.675190692E1,-1.189771771E0,-9.160268903E-1,-4.729649127E-1
1.676190192E1,-1.203041553E0,-1.075595260E0,-4.901566803E-1
1.677189692E1,-1.201895595E0,-1.246702909E0,-5.013672113E-1
1.678189192E1,-1.182919264E0,-1.427518487E0,-4.898219407E-1
1.679188692E1,-1.138648152E0,-1.595427275E0,-4.584176540E-1
1.680188092E1,-1.095586181E0,-1.728892684E0,-4.089358747E-1
1.681187592E1,-1.062106013E0,-1.820211530E0,-3.674601018E-1
1.682187092E1,-1.035300970E0,-1.886152744E0,-3.420777619E-1
1.683186592E1,-1.028112054E0,-1.930356383E0,-3.442306519E-1
1.684186092E1,-1.020507455E0,-1.969561338E0,-3.432838917E-1
1.685185592E1,-1.023529887E0,-2.007210016E0,-3.255511820E-1
1.686185092E1,-1.040279746E0,-2.054806232E0,-2.908493876E-1
1.687184592E1,-1.057052732E0,-2.103621721E0,-2.479178160E-1
1.688183992E1,-1.063336730E0,-2.161499977E0,-1.926580220E-1
1.689183492E1,-1.058212161E0,-2.218133450E0,-1.351935714E-1
1.690182992E1,-1.044711590E0,-2.270866871E0,-8.151969314E-2
1.691182492E1,-1.025571942E0,-2.316083670E0,-3.273341060E-2
1.692181992E1,-9.966535568E-1,-2.343752861E0,7.823336869E-3
1.693181492E1,-9.558352828E-1,-2.325997829E0,4.253453016E-2
1.694180992E1,-9.153973460E-1,-2.261942625E0,6.733441353E-2
1.695180492E1,-8.648304343E-1,-2.150722027E0,8.782295138E-2
1.696179892E1,-8.119727969E-1,-1.996244431E0,1.045776978E-1
1.697179354E1,-7.645756602E-1,-1.820878983E0,1.126569435E-1
1.698178854E1,-7.096628547E-1,-1.625639200E0,1.232219636E-1
1.699178354E1,-6.607053280E-1,-1.418485045E0,1.332118660E-1
1.700177854E1,-6.144957542E-1,-1.224586725E0,1.523171216E-1
1.701177354E1,-5.651309490E-1,-1.066716790E0,1.744423062E-1
1.702176854E1,-5.099963546E-1,-9.421642423E-1,1.867972463E-1
1.703176354E1,-4.563809335E-1,-8.468777537E-1,1.926647574E-1
1.704175854E1,-3.980515897E-1,-7.535275221E-1,1.702731699E-1
1.705175254E1,-3.420000970E-1,-6.673400402E-1,1.254517585E-1
1.706174754E1,-2.834472954E-1,-5.977430940E-1,7.759821415E-2
1.707174254E1,-2.197647840E-1,-5.279171467E-1,4.448721930E-2
1.708173754E1,-1.611776352E-1,-4.446251988E-1,2.817136236E-2
1.709173254E1,-1.009901464E-1,-3.501761556E-1,1.448768284E-2
1.710172754E1,-4.814211652E-2,-2.369731665E-1,7.419386413E-3
1.711172254E1,-6.949127186E-3,-1.097738743E-1,3.170292592E-3
1.712171654E1,2.651668712E-2,1.827543601E-2,-1.571731642E-3
1.713171154E1,4.991629720E-2,1.320018023E-1,-1.060159411E-3
1.714170654E1,7.598091662E-2,2.272678614E-1,5.201604217E-4
1.715170154E1,9.327845275E-2,3.012810349E-1,2.855691360E-3
1.716169654E1,1.082992107E-1,3.479377329E-1,1.419676282E-2
1.717169154E1,1.200080290E-1,3.759598434E-1,2.307261713E-2
1.718168654E1,1.292670369E-1,3.898476958E-1,2.781517431E-2
1.719168154E1,1.369824708E-1,3.951374590E-1,2.836300805E-2
1.720167654E1,1.497089118E-1,4.014669955E-1,2.213280834E-2
1.721167054E1,1.628950387E-1,4.032923877E-1,1.242343523E-2
1.722166554E1,1.764864922E-1,4.079406857E-1,1.443252433E-2
1.723166054E1,1.983078718E-1,4.107645750E-1,2.167609707E-2
1.724165554E1,2.250207067E-1,4.178704321E-1,2.552995645E-2
1.725165054E1,2.474046201E-1,4.339731336E-1,1.699286699E-2
1.726164554E1,2.701013982E-1,4.446750581E-1,-2.576840576E-3
1.727164054E1,3.016470373E-1,4.371567070E-1,-1.823695377E-2
1.728163554E1,3.417635858E-1,4.084584713E-1,-3.057910502E-2
1.729162954E1,3.898264766E-1,3.701352775E-1,-3.398002684E-2
1.730162454E1,4.374403358E-1,3.296347260E-1,-3.003561869E-2
1.731161954E1,4.884872437E-1,2.998067141E-1,-2.319952846E-2
1.732161454E1,5.361692905E-1,2.850179374E-1,-2.446053550E-2
1.733160954E1,5.697126389E-1,2.908704281E-1,-3.742860258E-2
1.734160454E1,6.023430228E-1,3.062688112E-1,-5.792162567E-2
1.735159954E1,6.395198107E-1,3.153806031E-1,-7.723550498E-2
1.736159454E1,6.798584461E-1,3.251514733E-1,-8.606974036E-2
1.737158854E1,7.267889977E-1,3.367008269E-1,-7.809314132E-2
1.738158354E1,7.626767159E-1,3.503002524E-1,-5.861983821E-2
1.739157854E1,8.024483919E-1,3.625983000E-1,-2.674760856E-2
1.740157354E1,8.425267935E-1,3.717060387E-1,-1.506166998E-3
1.741156854E1,8.910990953E-1,3.834850490E-1,1.612614095E-2
1.742156354E1,9.435673356E-1,3.948559463E-1,3.210297599E-2
1.743155854E1,1.002911448E0,4.128569961E-1,5.133004859E-2
1.744155354E1,1.065728784E0,4.447584748E-1,7.150907815E-2
1.745154754E1,1.133829474E0,4.880101681E-1,8.949407190E-2
1.746154254E1,1.190964341E0,5.389609933E-1,1.036154851E-1
1.747153754E1,1.248471737E0,5.701984167E-1,1.029738113E-1
1.748153254E1,1.307584047E0,5.836718678E-1,1.012006775E-1
1.749152754E1,1.369250298E0,5.925295353E-1,1.057863683E-1
1.750152254E1,1.440571666E0,6.039265394E-1,1.166763008E-1
1.751151754E1,1.504242897E0,6.284369230E-1,1.288757920E-1
1.752151254E1,1.567756414E0,6.485251188E-1,1.499941349E-1
1.753150654E1,1.625689745E0,6.739357710E-1,1.729644090E-1
1.754150154E1,1.684518456E0,7.058492303E-1,1.947938204E-1
1.755149654E1,1.728908539E0,7.438147664E-1,2.185312510E-1
1.756149154E1,1.771119833E0,7.842196822E-1,2.417936921E-1
1.757148654E1,1.811511993E0,8.251813650E-1,2.686495185E-1
1.758148154E1,1.858407140E0,8.779711127E-1,3.026682138E-1
1.759147654E1,1.897713780E0,9.551836252E-1,3.445561528E-1
1.760147154E1,1.937504053E0,1.048625469E0,3.889960349E-1
1.761146554E1,1.962772727E0,1.153894901E0,4.260409772E-1
1.762146054E1,1.982390881E0,1.252651930E0,4.560284317E-1
1.763145554E1,2.006158113E0,1.345669746E0,4.860869050E-1
1.764145054E1,2.015141249E0,1.429392099E0,5.164335966E-1
1.765144554E1,2.023565531E0,1.492428422E0,5.441184044E-1
1.766144054E1,2.029069901E0,1.521251202E0,5.672786236E-1
1.767143554E1,2.021833658E0,1.520031571E0,5.940006375E-1
1.768143054E1,2.020407200E0,1.486137748E0,6.227079034E-1
1.769142454E1,2.018228531E0,1.424305797E0,6.511492729E-1
1.770141954E1,2.021281242E0,1.340999365E0,6.744385958E-1
1.771141454E1,2.023396015E0,1.250984669E0,6.889415383E-1
1.772140954E1,2.020760536E0,1.169201612E0,6.970082521E-1
1.773140454E1,2.014899492E0,1.089280963E0,7.083908319E-1
1.774139954E1,2.006309271E0,1.025215983E0,7.174556851E-1
1.775139454E1,1.987637758E0,9.732980728E-1,7.324861288E-1
1.776138954E1,1.968020201E0,9.413070679E-1,7.516525984E-1
1.777138354E1,1.938052416E0,9.157001972E-1,7.699088454E-1
1.778137854E1,1.912249327E0,8.866294026E-1,7.840539813E-1
1.779137354E1,1.876793265E0,8.426720500E-1,7.972874045E-1
1.780136854E1,1.834453106E0,7.738133669E-1,8.096349239E-1
1.781136354E1,1.794292092E0,6.792157888E-1,8.313458562E-1
1.782135854E1,1.752598643E0,5.752278566E-1,8.650239110E-1
1.783135354E1,1.693603516E0,4.591132402E-1,9.075479507E-1
1.784134754E1,1.628062367E0,3.216131628E-1,9.602215290E-1
1.785134254E1,1.579719186E0,1.754107773E-1,1.012741089E0
1.786133754E1,1.554623961E0,5.701276660E-2,1.036496162E0
1.787133254E1,1.565853119E0,-2.343416214E-2,1.016132355E0
1.788132754E1,1.573345661E0,-8.440643549E-2,9.697747231E-1
1.789132254E1,1.563121915E0,-1.338165849E-1,9.160116911E-1
1.790131754E1,1.548473477E0,-1.784679443E-1,8.709304929E-1
1.791131254E1,1.541921616E0,-2.217607349E-1,8.383195996E-1
1.792130754E1,1.551740646E0,-2.757177055E-1,8.142334223E-1
1.793130154E1,1.551446199E0,-3.488791287E-1,7.889793515E-1
1.794129654E1,1.563529253E0,-4.267792404E-1,7.713164687E-1
1.795129154E1,1.586105585E0,-4.691620171E-1,7.493185997E-1
1.796128654E1,1.604424119E0,-4.647472799E-1,7.294479012E-1
1.797128150E1,1.628451943E0,-4.028653800E-1,6.967894435E-1
1.798127650E1,1.649353743E0,-2.842982411E-1,6.607835293E-1
1.799127150E1,1.667770624E0,-1.083970070E-1,6.184116602E-1
1.800126550E1,1.674245477E0,9.311107546E-2,5.753664970E-1
1.801126050E1,1.704503536E0,2.893857658E-1,5.493671298E-1
1.802125550E1,1.701399088E0,4.748408496E-1,5.318717360E-1
1.803125050E1,1.698168993E0,6.218065023E-1,5.137015581E-1
1.804124550E1,1.712064862E0,6.930207610E-1,4.987439513E-1
1.805124050E1,1.721410871E0,7.160927057E-1,4.949532151E-1
1.806123550E1,1.732650757E0,7.144841552E-1,5.045094490E-1
1.807123050E1,1.734251618E0,7.065935135E-1,5.134317279E-1
1.808122450E1,1.726099730E0,7.197772264E-1,5.344083905E-1
1.809121950E1,1.688976288E0,7.472472787E-1,5.560843349E-1
1.810121450E1,1.660266042E0,8.091172576E-1,5.770290494E-1
1.811120950E1,1.629107356E0,9.260225892E-1,5.984315276E-1
1.812120450E1,1.591351151E0,1.099082828E0,6.049070358E-1
1.813119950E1,1.552520394E0,1.277441502E0,6.087772846E-1
1.814119450E1,1.514012456E0,1.421750188E0,6.066060066E-1
1.815118950E1,1.482276082E0,1.514200211E0,5.932585001E-1
1.816118350E1,1.466224909E0,1.539635539E0,5.837715864E-1
1.817117850E1,1.454017401E0,1.499389529E0,5.794512033E-1
1.818117350E1,1.440036654E0,1.396516681E0,5.773568749E-1
1.819116850E1,1.430817962E0,1.257272601E0,5.773662329E-1
1.820116350E1,1.424369097E0,1.107580304E0,5.660486221E-1
1.821115850E1,1.407890320E0,9.813214540E-1,5.491203070E-1
1.822115350E1,1.399399281E0,8.810973763E-1,5.177575946E-1
1.823114850E1,1.378230095E0,8.300162554E-1,4.803311825E-1
1.824114250E1,1.360279083E0,8.147928715E-1,4.345650077E-1
1.825113750E1,1.332068443E0,8.319271803E-1,3.993695974E-1
1.826113250E1,1.310042500E0,8.817442656E-1,3.766232729E-1
1.827112750E1,1.286680102E0,9.632120132E-1,3.637747765E-1
1.828112250E1,1.248848557E0,1.041389823E0,3.637369573E-1
1.829111750E1,1.200314879E0,1.109470606E0,3.798458874E-1
1.830111250E1,1.140950084E0,1.148774862E0,3.953617513E-1
1.831110750E1,1.072459579E0,1.157006741E0,3.997085989E-1
1.832110150E1,1.000843406E0,1.140287161E0,3.949053288E-1
1.833109650E1,9.336002469E-1,1.097284555E0,3.860713542E-1
1.834109150E1,8.729802966E-1,1.048991561E0,3.944155872E-1
1.835108650E1,8.107461333E-1,1.006495476E0,4.189293981E-1
1.836108150E1,7.518721819E-1,9.716165662E-1,4.583976865E-1
1.837107650E1,6.788636446E-1,9.304065704E-1,4.976877570E-1
1.838107150E1,6.000545621E-1,8.842939138E-1,5.334082246E-1
1.839106650E1,5.192467570E-1,8.037688732E-1,5.427043438E-1
1.840106050E1,4.427368045E-1,7.159500718E-1,5.389663577E-1
1.841105550E1,3.783298433E-1,6.274018288E-1,5.167180300E-1
1.842105050E1,3.179152310E-1,5.272568464E-1,4.931320250E-1
1.843104550E1,2.621760070E-1,4.180130959E-1,4.776000679E-1
1.844104050E1,2.061164677E-1,3.188457787E-1,4.674409032E-1
1.845103550E1,1.492596269E-1,2.403589785E-1,4.525159001E-1
1.846103050E1,9.835543483E-2,1.755437553E-1,4.214402735E-1
1.847102550E1,5.282040313E-2,1.346128434E-1,3.780097961E-1
1.848101950E1,1.499286294E-2,1.093303934E-1,3.153986037E-1
1.849101450E1,-1.913821325E-2,1.078887880E-1,2.584591806E-1
1.850100950E1,-5.139601976E-2,1.248169020E-1,1.963015348E-1
1.851100450E1,-8.926169574E-2,1.300842911E-1,1.303732395E-1
1.852099950E1,-1.421195865E-1,1.149279773E-1,7.264122367E-2
1.853099450E1,-1.887313128E-1,8.280266076E-2,2.266278863E-2
1.854098950E1,-2.299226969E-1,5.681420490E-2,-2.884514257E-2
1.855098350E1,-2.714277804E-1,4.404840991E-2,-8.738517761E-2
1.856097850E1,-3.017641008E-1,3.660540655E-2,-1.548675448E-1
1.857097350E1,-3.408499658E-1,3.642400354E-2,-2.203632742E-1
1.858096850E1,-3.746135235E-1,4.304408655E-2,-2.826775014E-1
1.859096350E1,-3.974034786E-1,3.737223893E-2,-3.376972377E-1
1.860095850E1,-4.165553153E-1,1.081919204E-2,-3.729729354E-1
1.861095350E1,-4.337138534E-1,-3.271292523E-2,-3.912612498E-1
1.862094850E1,-4.513008296E-1,-7.725935429E-2,-4.130398035E-1
1.863094250E1,-4.700400829E-1,-1.249976680E-1,-4.386323988E-1
1.864093750E1,-4.796221554E-1,-1.737111360E-1,-4.677370191E-1
1.865093250E1,-4.888133407E-1,-2.050661892E-1,-4.877315760E-1
1.866092750E1,-5.033347607E-1,-2.152612954E-1,-5.006777048E-1
1.867092250E1,-5.106762052E-1,-2.059175223E-1,-4.984696209E-1
1.868091750E1,-5.212582946E-1,-1.814020574E-1,-4.950405657E-1
1.869091250E1,-5.369560122E-1,-1.496999115E-1,-4.928420782E-1
1.870090750E1,-5.452059507E-1,-1.208666712E-1,-4.953358769E-1
1.871090150E1,-5.545475483E-1,-1.008312702E-1,-4.978360236E-1
1.872089650E1,-5.640041828E-1,-9.389666468E-2,-4.898710251E-1
1.873089150E1,-5.737332702E-1,-9.585903585E-2,-4.792673290E-1
1.874088650E1,-5.850399733E-1,-1.020492911E-1,-4.763045609E-1
1.875088150E1,-6.048903465E-1,-9.756996483E-2,-4.835103154E-1
1.876087650E1,-6.141483188E-1,-7.291495055E-2,-5.084417462E-1
1.877087150E1,-6.155614257E-1,-3.437749669E-2,-5.431160331E-1
1.878086650E1,-6.205442548E-1,1.364382450E-2,-5.727325082E-1
1.879086050E1,-6.279640198E-1,3.848448023E-2,-5.912897587E-1
1.880085550E1,-6.417264342E-1,3.163722530E-2,-5.976978540E-1
1.881085050E1,-6.597389579E-1,-1.411677338E-2,-5.954357386E-1
1.882084550E1,-6.764841080E-1,-7.867819071E-2,-6.004416943E-1
1.883084050E1,-6.920393109E-1,-1.330368221E-1,-6.192050576E-1
1.884083550E1,-7.059072256E-1,-1.783805937E-1,-6.516714096E-1
1.885083050E1,-7.093605995E-1,-2.138357013E-1,-6.698127985E-1
1.886082550E1,-7.196891308E-1,-2.355330139E-1,-6.783514023E-1
1.887081950E1,-7.263589501E-1,-2.490853220E-1,-6.801730990E-1
1.888081450E1,-7.550981641E-1,-2.588058710E-1,-6.875428557E-1
1.889080950E1,-7.844457626E-1,-2.604837418E-1,-7.130159736E-1
1.890080450E1,-7.969229221E-1,-2.408935428E-1,-7.461411953E-1
1.891079950E1,-8.062836528E-1,-1.888770908E-1,-7.841827869E-1
1.892079450E1,-8.021858931E-1,-1.353502125E-1,-8.032355905E-1
1.893078950E1,-8.067499995E-1,-1.011711881E-1,-8.058358431E-1
1.894078350E1,-8.063536882E-1,-9.394416958E-2,-7.901540995E-1
1.895077850E1,-8.085803986E-1,-1.127751097E-1,-7.783973217E-1
1.896077350E1,-8.207553029E-1,-1.557630450E-1,-7.804719210E-1
1.897076850E1,-8.336462975E-1,-2.136023045E-1,-7.909244895E-1
1.898076462E1,-8.369619846E-1,-2.489001155E-1,-8.167193532E-1
1.899075962E1,-8.420706987E-1,-2.710276842E-1,-8.514472246E-1
1.900075462E1,-8.475818634E-1,-2.934714854E-1,-8.877120614E-1
1.901074963E1,-8.449860811E-1,-3.057045937E-1,-9.028963447E-1
1.902074363E1,-8.539667726E-1,-3.060364127E-1,-9.044862390E-1
1.903073863E1,-8.541082144E-1,-3.106954396E-1,-8.945353627E-1
1.904073363E1,-8.475490808E-1,-3.210657835E-1,-8.783683777E-1
1.905072862E1,-8.458219767E-1,-3.260392249E-1,-8.663914204E-1
1.906072362E1,-8.542364836E-1,-3.311359882E-1,-8.648734093E-1
1.907071863E1,-8.731397390E-1,-3.378155231E-1,-8.865129948E-1
1.908071363E1,-8.757224679E-1,-3.398067653E-1,-9.153444171E-1
1.909070863E1,-8.723284602E-1,-3.301309645E-1,-9.415664673E-1
1.910070263E1,-8.669115901E-1,-3.196551800E-1,-9.344622493E-1
1.911069762E1,-8.688561916E-1,-3.396676779E-1,-9.036972523E-1
1.912069262E1,-8.646635413E-1,-3.943695426E-1,-8.586053848E-1
1.913068763E1,-8.679473996E-1,-4.615691602E-1,-8.306062222E-1
1.914068263E1,-8.742226362E-1,-5.353642702E-1,-8.273848891E-1
1.915067763E1,-8.881239295E-1,-5.945261717E-1,-8.473153710E-1
1.916067262E1,-9.073839188E-1,-6.201779842E-1,-8.708795309E-1
1.917066662E1,-9.235070348E-1,-6.239255071E-1,-8.855217099E-1
1.918066162E1,-9.292626381E-1,-6.146787405E-1,-8.848208189E-1
1.919065662E1,-9.430335164E-1,-6.163148284E-1,-8.621859550E-1
1.920065163E1,-9.513884187E-1,-6.284193993E-1,-8.302762508E-1
1.921064663E1,-9.631387591E-1,-6.394259334E-1,-8.114320040E-1
1.922064162E1,-9.744616747E-1,-6.491531134E-1,-8.113321662E-1
1.923063662E1,-9.813565016E-1,-6.518223882E-1,-8.232309818E-1
1.924063162E1,-9.907406569E-1,-6.235979199E-1,-8.451892734E-1
1.925062562E1,-1.000020862E0,-5.940067172E-1,-8.589330316E-1
1.926062063E1,-1.006363750E0,-5.596396923E-1,-8.576712608E-1
1.927061563E1,-1.014012575E0,-5.158159137E-1,-8.454591036E-1
1.928061063E1,-1.016071558E0,-4.835120142E-1,-8.231530190E-1
1.929060562E1,-1.022628784E0,-4.565851688E-1,-8.036526442E-1
1.930060062E1,-1.036880970E0,-4.551052451E-1,-7.909232974E-1
1.931059563E1,-1.053318501E0,-4.771667123E-1,-7.965834141E-1
1.932058963E1,-1.064169765E0,-5.234010220E-1,-8.136356473E-1
1.933058463E1,-1.075051308E0,-5.731160641E-1,-8.291798830E-1
1.934057963E1,-1.076724052E0,-6.154987216E-1,-8.404743671E-1
1.935057462E1,-1.079572082E0,-6.301797032E-1,-8.577798605E-1
1.936056962E1,-1.089726210E0,-6.196077466E-1,-8.812649250E-1
1.937056463E1,-1.094709635E0,-6.037001014E-1,-8.951886296E-1
1.938055963E1,-1.099855661E0,-5.655817389E-1,-8.967476487E-1
1.939055463E1,-1.108354807E0,-5.141817331E-1,-8.933404684E-1
1.940054863E1,-1.123301864E0,-4.781603813E-1,-8.930944204E-1
1.941054362E1,-1.133774757E0,-4.638481438E-1,-8.992216587E-1
1.942053862E1,-1.149323583E0,-4.695909917E-1,-9.035652876E-1
1.943053362E1,-1.155689836E0,-4.881210625E-1,-9.093047380E-1
1.944052863E1,-1.160936594E0,-5.181756616E-1,-9.183579087E-1
1.945052363E1,-1.168186545E0,-5.566866994E-1,-9.250625968E-1
1.946051863E1,-1.179661036E0,-5.827531815E-1,-9.249616861E-1
1.947051362E1,-1.188982606E0,-5.885074735E-1,-9.129678607E-1
1.948050762E1,-1.198196888E0,-5.779770613E-1,-9.033724666E-1
1.949050262E1,-1.189996958E0,-5.610705018E-1,-8.927414417E-1
1.950049763E1,-1.189297318E0,-5.438252091E-1,-8.776913881E-1
1.951049263E1,-1.193343997E0,-5.357738733E-1,-8.570157886E-1
1.952048763E1,-1.208587170E0,-5.429353714E-1,-8.310917616E-1
1.953048262E1,-1.230868816E0,-5.665391088E-1,-8.231876493E-1
1.954047762E1,-1.242598891E0,-6.196119189E-1,-8.161395788E-1
1.955047162E1,-1.243086576E0,-6.756115556E-1,-8.024975657E-1
1.956046663E1,-1.244214892E0,-6.922357678E-1,-7.757905722E-1
1.957046163E1,-1.249208927E0,-6.725395322E-1,-7.360498309E-1
1.958045663E1,-1.254028440E0,-6.267285943E-1,-6.959841251E-1
1.959045162E1,-1.267973304E0,-5.669546723E-1,-6.697469950E-1
1.960044662E1,-1.290937424E0,-5.129814148E-1,-6.628933549E-1
1.961044163E1,-1.328666925E0,-4.838216603E-1,-6.624187827E-1
1.962043663E1,-1.361347914E0,-5.056356192E-1,-6.588112712E-1
1.963043063E1,-1.386016607E0,-5.603434443E-1,-6.338690519E-1
1.964042563E1,-1.391036391E0,-6.311318874E-1,-5.829232931E-1
1.965042062E1,-1.377041698E0,-6.780143380E-1,-5.248748064E-1
1.966041562E1,-1.355438113E0,-6.761583686E-1,-4.755112827E-1
1.967041062E1,-1.337167859E0,-6.265553832E-1,-4.389213026E-1
1.968040563E1,-1.314716935E0,-5.433813930E-1,-4.198136628E-1
1.969040063E1,-1.293679714E0,-4.357098341E-1,-4.211391211E-1
1.970039463E1,-1.277909756E0,-3.286446333E-1,-4.313083887E-1
1.971038963E1,-1.264800668E0,-2.473915070E-1,-4.387880862E-1
1.972038462E1,-1.251221180E0,-2.097554505E-1,-4.366042912E-1
1.973037962E1,-1.252385139E0,-2.146939486E-1,-4.223948717E-1
1.974037463E1,-1.253581882E0,-2.786508203E-1,-4.076409340E-1
1.975036963E1,-1.258241057E0,-3.891581297E-1,-3.907856345E-1
1.976036463E1,-1.261690378E0,-5.289576054E-1,-3.722841144E-1
1.977035962E1,-1.264302015E0,-6.855019927E-1,-3.500820100E-1
1.978035362E1,-1.259621978E0,-8.531469107E-1,-3.389635980E-1
1.979034862E1,-1.252993226E0,-1.033659101E0,-3.356429636E-1
1.980034363E1,-1.237086177E0,-1.231173873E0,-3.275035620E-1
1.981033863E1,-1.220431566E0,-1.425559402E0,-3.117336929E-1
1.982033363E1,-1.203742623E0,-1.600873470E0,-2.850022018E-1
1.983032862E1,-1.189829946E0,-1.749251366E0,-2.537550926E-1
1.984032362E1,-1.180238366E0,-1.871523261E0,-2.206687927E-1
1.985031762E1,-1.170625687E0,-1.970572829E0,-1.916876882E-1
1.986031263E1,-1.168057084E0,-2.052360058E0,-1.659024209E-1
1.987030763E1,-1.163902521E0,-2.118461132E0,-1.411896497E-1
1.988030263E1,-1.161742926E0,-2.182471514E0,-1.032683700E-1
1.989029762E1,-1.158872366E0,-2.266222239E0,-6.101616845E-2
1.990029262E1,-1.154379845E0,-2.363875389E0,-3.350991756E-5
1.991028762E1,-1.143795967E0,-2.471120119E0,5.968141556E-2
1.992028263E1,-1.121152639E0,-2.548940897E0,1.173556298E-1
1.993027663E1,-1.100939512E0,-2.585949898E0,1.693338901E-1
1.994027163E1,-1.074930549E0,-2.588863611E0,2.109138221E-1
1.995026663E1,-1.041587234E0,-2.540584803E0,2.428741306E-1
1.996026162E1,-1.008744121E0,-2.443001270E0,2.778853774E-1
1.997025662E1,-9.713177681E-1,-2.302237034E0,3.143813312E-1
1.998025037E1,-9.342710376E-1,-2.120469570E0,3.519217670E-1
1.999024538E1,-8.968424201E-1,-1.918211460E0,3.951660693E-1
2.000023938E1,-8.659688830E-1,-1.707787633E0,4.384919703E-1
2.001023438E1,-8.367859721E-1,-1.495139480E0,4.738440812E-1
2.002022938E1,-8.129983544E-1,-1.288714767E0,5.016565919E-1
2.003022437E1,-7.831313014E-1,-1.091723919E0,5.245894790E-1
2.004021937E1,-7.568019629E-1,-9.187843800E-1,5.374988914E-1
2.005021437E1,-7.250158191E-1,-7.680029273E-1,5.332355499E-1
2.006020938E1,-6.832534671E-1,-6.444876194E-1,5.233120918E-1
2.007020338E1,-6.332984567E-1,-5.499687791E-1,4.910300374E-1
2.008019838E1,-5.585642457E-1,-4.725954831E-1,4.352610409E-1
2.009019337E1,-4.670742452E-1,-4.190867245E-1,3.686918020E-1
2.010018837E1,-3.740487099E-1,-3.961331844E-1,3.013380766E-1
2.011018337E1,-2.777876556E-1,-3.847099245E-1,2.334007621E-1
2.012017838E1,-1.917475611E-1,-3.781702518E-1,1.724023819E-1
2.013017338E1,-1.124160811E-1,-3.624406457E-1,1.214339435E-1
2.014016838E1,-4.783176631E-2,-3.277494907E-1,8.093445748E-2
2.015016238E1,-7.286979817E-3,-2.743207514E-1,5.938250571E-2
2.016015737E1,1.576267928E-2,-2.247505337E-1,3.950973228E-2
2.017015237E1,2.651308104E-2,-1.854818165E-1,3.019635007E-2
2.018014738E1,2.561479621E-2,-1.799640208E-1,1.699053124E-2
2.019014238E1,1.284330804E-2,-2.023241371E-1,4.601047374E-3
2.020013738E1,7.184889168E-3,-2.549412847E-1,-7.615671493E-3
2.021013237E1,-2.246642485E-3,-3.321038783E-1,-6.454114802E-3
2.022012637E1,-1.342712436E-2,-4.135034084E-1,1.063165255E-4
2.023012137E1,-2.628726326E-2,-4.879030585E-1,1.447966322E-2
2.024011638E1,-4.060415179E-2,-5.463935137E-1,3.941297531E-2
2.025011138E1,-6.302236766E-2,-5.760787129E-1,6.384613365E-2
2.026010638E1,-8.922787011E-2,-5.798950195E-1,9.428313375E-2
2.027010137E1,-1.201948822E-1,-5.666433573E-1,1.182079837E-1
2.028009637E1,-1.469095796E-1,-5.334651470E-1,1.467868984E-1
2.029009137E1,-1.758352518E-1,-4.999451637E-1,1.718262583E-1
2.030008537E1,-1.958020329E-1,-4.731018245E-1,1.908971518E-1
2.031008038E1,-2.138198912E-1,-4.446483254E-1,2.018602341E-1
2.032007538E1,-2.273045480E-1,-4.305578172E-1,1.987653673E-1
2.033007037E1,-2.323314697E-1,-4.234249592E-1,1.936312169E-1
2.034006537E1,-2.380878925E-1,-4.300439954E-1,1.841823161E-1
2.035006037E1,-2.205970883E-1,-4.390867949E-1,1.685115695E-1
2.036005538E1,-2.047763169E-1,-4.574399590E-1,1.469985545E-1
2.037004938E1,-1.860518754E-1,-4.839809537E-1,1.229073182E-1
2.038004438E1,-1.611939371E-1,-5.102362633E-1,9.962809086E-2
2.039003938E1,-1.383011341E-1,-5.328562856E-1,7.537732273E-2
2.040003437E1,-1.151188463E-1,-5.497375727E-1,4.762106389E-2
2.041002937E1,-9.606546909E-2,-5.493676066E-1,1.733655855E-2
2.042002438E1,-8.210198581E-2,-5.364403725E-1,-7.090753876E-3
2.043001938E1,-6.513983756E-2,-5.130466223E-1,-3.051554039E-2
2.044001338E1,-5.629654974E-2,-4.902912974E-1,-5.474684387E-2
2.045000838E1,-4.190027341E-2,-4.745670557E-1,-7.100229710E-2
2.046000337E1,-3.057704493E-2,-4.672204554E-1,-8.384645730E-2
2.046999837E1,-1.888582110E-2,-4.781953990E-1,-9.775310755E-2
2.047999338E1,-1.312952721E-3,-4.860410690E-1,-1.061409935E-1
2.048998838E1,1.455048658E-2,-4.984867573E-1,-1.173511520E-1
2.049998338E1,2.806602977E-2,-5.139320493E-1,-1.259267926E-1
2.050997738E1,4.607884958E-2,-5.222767591E-1,-1.321894675E-1
2.051997237E1,5.853711441E-2,-5.220051408E-1,-1.448978037E-1
2.052996737E1,7.308938354E-2,-5.249535441E-1,-1.490954012E-1
2.053996237E1,8.867313713E-2,-5.294303298E-1,-1.397532970E-1
2.054995738E1,1.049107388E-1,-5.250070691E-1,-1.155979857E-1
2.055995238E1,1.144073084E-1,-4.914706945E-1,-7.497066259E-2
2.056994738E1,1.259351075E-1,-4.353999794E-1,-3.238440305E-2
2.057994237E1,1.323719621E-1,-3.478536010E-1,-4.294978920E-3
2.058993637E1,1.381493509E-1,-2.302081436E-1,9.368790314E-3
2.059993137E1,1.459785104E-1,-9.823334217E-2,7.202575449E-3
2.060992638E1,1.574095935E-1,3.925072402E-2,6.191382650E-3
2.061992138E1,1.730439514E-1,1.636709422E-1,1.742353104E-2
2.062991638E1,1.909281313E-1,2.756126225E-1,4.708983377E-2
2.063991137E1,2.091002017E-1,3.788116872E-1,8.073328435E-2
2.064990637E1,2.367397845E-1,4.785408676E-1,1.019089893E-1
2.065990037E1,2.625468671E-1,5.723171234E-1,1.026799753E-1
2.066989538E1,2.828532457E-1,6.552197337E-1,9.096333385E-2
2.067989038E1,2.926762998E-1,7.436425090E-1,7.239045203E-2
2.068988538E1,2.851403356E-1,8.409649134E-1,6.141667068E-2
2.069988037E1,2.783689797E-1,9.300870299E-1,4.401690513E-2
2.070987537E1,2.714588642E-1,1.015273094E0,2.552684583E-2
2.071987038E1,2.617316842E-1,1.084292769E0,1.147603896E-2
2.072986438E1,2.665808201E-1,1.150851727E0,1.317977440E-2
2.073985938E1,2.667118609E-1,1.223997355E0,3.254601359E-2
2.074985438E1,2.694117427E-1,1.288053393E0,5.321857706E-2
2.075984937E1,2.736679912E-1,1.323523760E0,5.357730761E-2
2.076984437E1,2.847411335E-1,1.318658113E0,2.926195972E-2
2.077983937E1,3.111367822E-1,1.264651060E0,-1.085669734E-2
2.078983438E1,3.472442627E-1,1.165520430E0,-4.967619479E-2
2.079982838E1,3.948030174E-1,1.033151984E0,-8.258514106E-2
2.080982338E1,4.458584189E-1,8.962941766E-1,-1.105602235E-1
2.081981838E1,4.991128445E-1,7.708241343E-1,-1.406044066E-1
2.082981337E1,5.520013571E-1,6.598278880E-1,-1.764418632E-1
2.083980837E1,6.076646447E-1,5.817580819E-1,-2.104288489E-1
2.084980338E1,6.688478589E-1,5.352153778E-1,-2.264341116E-1
2.085979838E1,7.251912951E-1,5.396684408E-1,-2.293486893E-1
2.086979338E1,7.772147059E-1,5.967308283E-1,-2.326708436E-1
2.087978738E1,8.190923929E-1,6.979210973E-1,-2.407546043E-1
2.088978237E1,8.498402238E-1,8.307978511E-1,-2.581272721E-1
2.089977737E1,8.792366982E-1,9.957442284E-1,-2.764079869E-1
2.090977238E1,9.109049439E-1,1.165558338E0,-2.794348001E-1
2.091976738E1,9.339852333E-1,1.324969888E0,-2.718117833E-1
2.092976238E1,9.582237005E-1,1.465935230E0,-2.563776374E-1
2.093975737E1,9.716306329E-1,1.577889204E0,-2.536079288E-1
2.094975137E1,9.821612835E-1,1.654536009E0,-2.681565881E-1
2.095974637E1,1.000283837E0,1.687549591E0,-2.897447050E-1
2.096974138E1,1.023538828E0,1.684435368E0,-3.047659993E-1
2.097973713E1,1.051335096E0,1.654016972E0,-3.037478626E-1
2.098973213E1,1.092860579E0,1.587108850E0,-3.078962266E-1
2.099972712E1,1.153307676E0,1.491927743E0,-3.112975955E-1
2.100972212E1,1.209069729E0,1.376194596E0,-3.262020051E-1
2.101971612E1,1.268001556E0,1.249760509E0,-3.426283896E-1
2.102971113E1,1.331871510E0,1.118968606E0,-3.568772674E-1
2.103970613E1,1.399045587E0,1.000230074E0,-3.672819734E-1
2.104970113E1,1.461878061E0,8.956512809E-1,-3.753713667E-1
2.105969612E1,1.520355225E0,7.984791994E-1,-3.805195093E-1
2.106969112E1,1.576748490E0,7.015965581E-1,-3.766884804E-1
2.107968613E1,1.631193995E0,6.188484430E-1,-3.594381213E-1
2.108968013E1,1.706678748E0,5.730276704E-1,-3.292539716E-1
2.109967513E1,1.781694889E0,5.708020926E-1,-2.718780339E-1
2.110967013E1,1.847592473E0,6.129435897E-1,-1.988919079E-1
2.111966512E1,1.910272598E0,7.032119632E-1,-1.207827255E-1
2.112966012E1,1.966570497E0,8.394353986E-1,-4.979620874E-2
2.113965512E1,2.012998104E0,1.017991304E0,5.036677700E-3
2.114965013E1,2.050597906E0,1.218063474E0,5.252318457E-2
2.115964413E1,2.088305473E0,1.427792311E0,9.504880756E-2
2.116963913E1,2.115509033E0,1.642435670E0,1.508922726E-1
2.117963412E1,2.131144285E0,1.837707996E0,2.206412554E-1
2.118962912E1,2.129256248E0,1.987112164E0,2.907259762E-1
2.119962412E1,2.130394459E0,2.052005053E0,3.528700173E-1
2.120961913E1,2.142050743E0,2.023509741E0,4.055886269E-1
2.121961413E1,2.153577089E0,1.916178823E0,4.732739329E-1
2.122960913E1,2.173536777E0,1.754336357E0,5.507506728E-1
2.123960313E1,2.196697235E0,1.573483825E0,6.257897615E-1
2.124959812E1,2.208487988E0,1.386629105E0,6.734399796E-1
2.125959312E1,2.206947565E0,1.206854224E0,6.903502345E-1
2.126958813E1,2.193786621E0,1.036734343E0,6.848774552E-1
2.127958313E1,2.169305801E0,8.671754599E-1,6.762953997E-1
2.128957813E1,2.173881531E0,7.011615038E-1,6.843505502E-1
2.129957312E1,2.190337420E0,5.336081982E-1,7.149534225E-1
2.130956712E1,2.201405764E0,3.587034047E-1,7.738033533E-1
2.131956212E1,2.199278116E0,1.914084405E-1,8.426154852E-1
2.132955713E1,2.197288513E0,4.461539909E-2,8.952558637E-1
2.133955213E1,2.194603920E0,-6.517527997E-2,9.246563315E-1
2.134954713E1,2.192133665E0,-9.691024572E-2,9.266397357E-1
2.135954212E1,2.183965445E0,-2.978047915E-2,9.156153202E-1
2.136953712E1,2.184513092E0,1.298146844E-1,9.079645276E-1
2.137953112E1,2.195490360E0,3.603573442E-1,9.147579670E-1
2.138952612E1,2.198412418E0,6.218602657E-1,9.375520945E-1
2.139952113E1,2.195786476E0,8.697190881E-1,9.742786884E-1
2.140951613E1,2.169145823E0,1.089332461E0,1.010639310E0
2.141951112E1,2.149606228E0,1.282276869E0,1.032641888E0
2.142950612E1,2.130133629E0,1.447423458E0,1.030508518E0
2.143950112E1,2.110979080E0,1.574259400E0,9.968264699E-1
2.144949512E1,2.087804556E0,1.656393647E0,9.695640206E-1
2.145949013E1,2.081166744E0,1.699747801E0,9.632288814E-1
2.146948513E1,2.070706844E0,1.702583671E0,9.741349816E-1
2.147948013E1,2.067281961E0,1.678929210E0,9.808557630E-1
2.148947512E1,2.056932926E0,1.629047513E0,9.647291303E-1
2.149947012E1,2.056444407E0,1.554819107E0,9.376122952E-1
2.150946513E1,2.067551136E0,1.462034464E0,9.158920050E-1
2.151945913E1,2.079454899E0,1.363726854E0,9.224857092E-1
2.152945413E1,2.107497692E0,1.263934851E0,9.520352483E-1
2.153944913E1,2.114534616E0,1.170685649E0,9.734483957E-1
2.154944412E1,2.104848862E0,1.078998089E0,9.732366204E-1
2.155943912E1,2.084665060E0,1.002502203E0,9.565148950E-1
2.156943413E1,2.065994978E0,9.603964686E-1,9.385918379E-1
2.157942913E1,2.037166834E0,9.469184875E-1,9.367598891E-1
2.158942413E1,2.012719393E0,9.626414180E-1,9.604905844E-1
2.159941813E1,1.983073831E0,9.873108268E-1,1.005783558E0
2.160941312E1,1.937182784E0,9.991492033E-1,1.061903954E0
2.161940812E1,1.867690206E0,9.964207411E-1,1.105530858E0
2.162940312E1,1.798775673E0,9.878143072E-1,1.124579668E0
2.163939813E1,1.734039783E0,9.712781906E-1,1.127255559E0
2.164939313E1,1.672398210E0,9.460512400E-1,1.133635044E0
2.165938813E1,1.609164953E0,9.312466979E-1,1.157253027E0
2.166938213E1,1.542306542E0,9.118101001E-1,1.192466140E0
2.167937712E1,1.473219633E0,8.715095520E-1,1.213472128E0
2.168937212E1,1.393618107E0,8.174499869E-1,1.201472521E0
2.169936713E1,1.303580403E0,7.601563334E-1,1.160971761E0
2.170936213E1,1.219231606E0,6.892815232E-1,1.103331566E0
2.171935713E1,1.140516996E0,6.316778660E-1,1.044822693E0
2.172935212E1,1.056006908E0,5.747714639E-1,1.003016949E0
2.173934612E1,9.719099402E-1,5.156751275E-1,9.693271518E-1
2.174934112E1,8.828570843E-1,4.418474138E-1,9.384170771E-1
2.175933613E1,7.890946269E-1,3.710925579E-1,9.037275314E-1
2.176933113E1,6.923835278E-1,3.149552345E-1,8.496552706E-1
2.177932613E1,5.997329354E-1,2.684705555E-1,7.667769194E-1
2.178932112E1,5.002042055E-1,2.187379897E-1,6.791496277E-1
2.179931612E1,4.056702256E-1,1.661269814E-1,5.997328162E-1
2.180931012E1,3.178066611E-1,1.425328255E-1,5.240724087E-1
2.181930513E1,2.497309446E-1,1.555013508E-1,4.507332742E-1
2.182930013E1,1.840501875E-1,1.801213771E-1,3.796207607E-1
2.183929513E1,1.102079302E-1,2.165355682E-1,3.076994419E-1
2.184929012E1,3.202395514E-2,2.455100268E-1,2.281371355E-1
2.185928512E1,-5.180569738E-2,2.393725067E-1,1.459690332E-1
2.186928012E1,-1.351120770E-1,1.965182424E-1,5.259895325E-2
2.187927412E1,-2.193550467E-1,1.445879340E-1,-4.476381838E-2
2.188926913E1,-2.991435528E-1,1.022171080E-1,-1.500096619E-1
2.189926413E1,-3.762165010E-1,8.892047405E-2,-2.493852377E-1
2.190925913E1,-4.490883052E-1,1.032555103E-1,-3.336271644E-1
2.191925412E1,-5.032926798E-1,1.338253915E-1,-4.089975655E-1
2.192924912E1,-5.402455330E-1,1.606739461E-1,-4.810662270E-1
2.193924413E1,-5.827649832E-1,1.502953470E-1,-5.431245565E-1
2.194923813E1,-6.173031926E-1,1.296608001E-1,-6.018592715E-1
2.195923313E1,-6.433532238E-1,1.146552116E-1,-6.665117741E-1
2.196922813E1,-6.536473036E-1,1.104320586E-1,-7.335181236E-1
2.197922254E1,-6.544182897E-1,1.115729511E-1,-7.739244103E-1
2.198921754E1,-6.445513368E-1,1.196766347E-1,-7.936428785E-1
2.199921254E1,-6.380231380E-1,1.036438644E-1,-7.912055850E-1
2.200920754E1,-6.415488720E-1,5.965569615E-2,-7.670560479E-1
2.201920154E1,-6.633310914E-1,-1.016998477E-2,-7.564079762E-1
2.202919654E1,-6.798707843E-1,-7.809139788E-2,-7.621743083E-1
2.203919154E1,-6.991770864E-1,-1.191541478E-1,-7.909489870E-1
2.204918654E1,-7.192985415E-1,-1.193432361E-1,-8.179743290E-1
2.205918154E1,-7.218503952E-1,-8.181983232E-2,-8.323612213E-1
2.206917654E1,-7.248780727E-1,-4.284351692E-2,-8.159877062E-1
2.207917154E1,-7.375475168E-1,-2.703206241E-2,-7.850434184E-1
2.208916554E1,-7.569814920E-1,-4.642629251E-2,-7.596542835E-1
2.209916054E1,-7.720629573E-1,-9.755658358E-2,-7.478615642E-1
2.210915554E1,-7.881727815E-1,-1.584821492E-1,-7.440578938E-1
2.211915054E1,-7.983888984E-1,-1.940406710E-1,-7.570658326E-1
2.212914554E1,-8.170267940E-1,-2.124097496E-1,-7.790187597E-1
2.213914054E1,-8.435776830E-1,-2.307163179E-1,-8.034657836E-1
2.214913554E1,-8.605739474E-1,-2.322467566E-1,-8.212438226E-1
2.215912954E1,-8.590966463E-1,-2.230947912E-1,-8.346821070E-1
2.216912454E1,-8.615862131E-1,-2.269366086E-1,-8.473781943E-1
2.217911954E1,-8.707514405E-1,-2.451422513E-1,-8.520699143E-1
2.218911454E1,-8.929517865E-1,-2.628173828E-1,-8.692948222E-1
2.219910954E1,-9.146328568E-1,-2.666257024E-1,-9.052466750E-1
2.220910454E1,-9.308752418E-1,-2.256489247E-1,-9.611570239E-1
2.221909954E1,-9.415587783E-1,-1.556024700E-1,-1.034971595E0
2.222909354E1,-9.432480931E-1,-1.272152662E-1,-1.085037112E0
2.223908854E1,-9.486812353E-1,-1.549222767E-1,-1.075134397E0
2.224908354E1,-9.628946185E-1,-2.189121842E-1,-1.031192422E0
2.225907854E1,-9.764088392E-1,-3.286312222E-1,-9.907069802E-1
2.226907354E1,-9.974297881E-1,-4.876541495E-1,-9.691947103E-1
2.227906854E1,-1.028435349E0,-6.510702372E-1,-9.640982151E-1
2.228906354E1,-1.065508485E0,-7.706351280E-1,-9.705824852E-1
2.229905754E1,-1.104326129E0,-8.026585579E-1,-9.875599146E-1
2.230905254E1,-1.138169289E0,-7.434852123E-1,-1.018647432E0
2.231904754E1,-1.148731470E0,-6.063209176E-1,-1.069354296E0
2.232904254E1,-1.144057512E0,-4.355010986E-1,-1.125558972E0
2.233903754E1,-1.135678411E0,-2.773471773E-1,-1.162791014E0
2.234903254E1,-1.136936545E0,-1.717649698E-1,-1.165347099E0
2.235902754E1,-1.141756296E0,-1.270917803E-1,-1.148001432E0
2.236902154E1,-1.156205535E0,-1.329561323E-1,-1.137063980E0
2.237901654E1,-1.170712113E0,-1.737714708E-1,-1.144366026E0
2.238901154E1,-1.192148447E0,-2.059787959E-1,-1.171338677E0
2.239900654E1,-1.194668770E0,-1.942760646E-1,-1.210477114E0
2.240900154E1,-1.180425644E0,-1.319496334E-1,-1.258874536E0
2.241899654E1,-1.144608259E0,-2.002603374E-2,-1.308873057E0
2.242899154E1,-1.099149704E0,1.238343194E-1,-1.342254639E0
2.243898554E1,-1.059517860E0,2.538948655E-1,-1.359583020E0
2.244898054E1,-1.031281471E0,3.368464112E-1,-1.373978853E0
2.245897554E1,-1.006825089E0,3.731423616E-1,-1.399822712E0
2.246897054E1,-9.864024520E-1,3.599863350E-1,-1.427820325E0
2.247896554E1,-9.678364396E-1,3.253276944E-1,-1.435505867E0
2.248896054E1,-9.442334175E-1,2.991088629E-1,-1.424260736E0
2.249895554E1,-9.241033792E-1,2.807940543E-1,-1.402644157E0
2.250894954E1,-8.981020451E-1,2.596798539E-1,-1.381604671E0
2.251894454E1,-8.808757067E-1,2.308074832E-1,-1.356994510E0
2.252893954E1,-8.592844009E-1,1.931324005E-1,-1.323620439E0
2.253893454E1,-8.379746079E-1,1.579626948E-1,-1.294649243E0
2.254892954E1,-8.293789625E-1,1.217255071E-1,-1.271475434E0
2.255892454E1,-8.117682934E-1,8.575179428E-2,-1.262803674E0
2.256891954E1,-8.061267138E-1,2.496561408E-2,-1.250817418E0
2.257891354E1,-8.073368669E-1,-6.379701197E-2,-1.209547997E0
2.258890854E1,-8.105105162E-1,-1.602677703E-1,-1.148934364E0
2.259890354E1,-8.205122352E-1,-2.546733618E-1,-1.095995545E0
2.260889854E1,-8.366016746E-1,-3.275646269E-1,-1.057907104E0
2.261889354E1,-8.523047566E-1,-3.631979823E-1,-1.043593407E0
2.262888854E1,-8.580929041E-1,-3.334315717E-1,-1.037631273E0
2.263888354E1,-8.600277305E-1,-2.595032752E-1,-1.032457829E0
2.264887754E1,-8.737328053E-1,-1.774706990E-1,-1.024320602E0
2.265887254E1,-8.828970194E-1,-9.968774766E-2,-1.012670040E0
2.266886754E1,-8.801953197E-1,-4.355389625E-2,-9.854127765E-1
2.267886254E1,-8.813513517E-1,-2.482654899E-2,-9.465799332E-1
2.268885754E1,-8.804754615E-1,-3.012125194E-2,-9.064168334E-1
2.269885254E1,-8.784895539E-1,-3.306723759E-2,-8.857006431E-1
2.270884754E1,-8.741661906E-1,-5.670804903E-2,-8.760964274E-1
2.271884154E1,-8.811857104E-1,-1.170542166E-1,-8.645329475E-1
2.272883654E1,-8.973247409E-1,-1.914424896E-1,-8.669876456E-1
2.273883154E1,-9.280613661E-1,-2.920785546E-1,-8.633276820E-1
2.274882654E1,-9.611231089E-1,-4.114260674E-1,-8.564628959E-1
2.275882154E1,-9.982023239E-1,-5.400726795E-1,-8.477458358E-1
2.276881654E1,-1.023330569E0,-6.549080014E-1,-8.235225081E-1
2.277881154E1,-1.041324854E0,-7.088263631E-1,-8.032518625E-1
2.278880554E1,-1.051551819E0,-6.973901391E-1,-7.987750769E-1
2.279880054E1,-1.058022499E0,-6.817579269E-1,-7.903863788E-1
2.280879554E1,-1.074121356E0,-6.818346977E-1,-7.806103826E-1
2.281879054E1,-1.089944243E0,-7.078985572E-1,-7.729668617E-1
2.282878554E1,-1.105929255E0,-7.854503393E-1,-7.760001421E-1
2.283878054E1,-1.131330967E0,-9.088258147E-1,-7.981888056E-1
2.284877554E1,-1.152176738E0,-1.087133408E0,-8.078954220E-1
2.285876954E1,-1.166335702E0,-1.266539693E0,-8.051360846E-1
2.286876454E1,-1.169490218E0,-1.390294075E0,-7.720425725E-1
2.287875954E1,-1.176162720E0,-1.410391927E0,-7.195346355E-1
2.288875454E1,-1.175540447E0,-1.318567157E0,-6.849452257E-1
2.289874954E1,-1.180128813E0,-1.140157223E0,-6.798759103E-1
2.290874454E1,-1.174254894E0,-9.272407293E-1,-7.219122052E-1
2.291873854E1,-1.172610879E0,-7.323421240E-1,-7.809485793E-1
2.292873354E1,-1.167076349E0,-5.952033997E-1,-8.359921575E-1
2.293872854E1,-1.168710470E0,-5.289253592E-1,-8.592622876E-1
2.294872354E1,-1.176112413E0,-5.630666614E-1,-8.527932763E-1
2.295871854E1,-1.192330837E0,-7.038504481E-1,-8.340854049E-1
2.296871354E1,-1.211439013E0,-9.488263726E-1,-8.067297339E-1
2.297870850E1,-1.240533829E0,-1.281864524E0,-7.785636187E-1
2.298870250E1,-1.276482224E0,-1.687364697E0,-7.442316413E-1
2.299869750E1,-1.314710498E0,-2.162471533E0,-7.069066763E-1
2.300869250E1,-1.341729879E0,-2.682529211E0,-6.665287614E-1
2.301868750E1,-1.364724398E0,-3.221589088E0,-6.068145633E-1
2.302868250E1,-1.380603909E0,-3.731983423E0,-5.250155330E-1
2.303867750E1,-1.379601717E0,-4.160811424E0,-4.236398637E-1
2.304867250E1,-1.367788434E0,-4.468708992E0,-3.143971860E-1
2.305866650E1,-1.345884681E0,-4.617228031E0,-2.078603655E-1
2.306866150E1,-1.318069339E0,-4.622710228E0,-1.198019981E-1
2.307865650E1,-1.296797276E0,-4.494993687E0,-6.613663584E-2
2.308865150E1,-1.282977343E0,-4.256859303E0,-3.641801327E-2
2.309864650E1,-1.254176378E0,-3.962857723E0,-7.524315733E-3
2.310864150E1,-1.226953268E0,-3.653464794E0,4.046587646E-2
2.311863650E1,-1.189260244E0,-3.376705885E0,1.191668212E-1
2.312863050E1,-1.150158286E0,-3.178724766E0,2.224503756E-1
2.313862550E1,-1.117910385E0,-3.065252542E0,3.278228641E-1
2.314862050E1,-1.085630774E0,-3.012894392E0,4.136740863E-1
2.315861550E1,-1.041424394E0,-2.979649782E0,4.675881863E-1
2.316861050E1,-9.974119663E-1,-2.956189156E0,5.051369071E-1
2.317860550E1,-9.551502466E-1,-2.913513660E0,5.406796932E-1
2.318860050E1,-9.089944959E-1,-2.831849575E0,5.846048594E-1
2.319859450E1,-8.665003181E-1,-2.710470200E0,6.416982412E-1
2.320858950E1,-8.207256198E-1,-2.546699047E0,6.961167455E-1
2.321858450E1,-7.579890490E-1,-2.353823900E0,7.410533428E-1
2.322857950E1,-6.820796132E-1,-2.132846117E0,7.573727369E-1
2.323857450E1,-5.970568657E-1,-1.875629544E0,7.677731514E-1
2.324856950E1,-5.122234821E-1,-1.579898953E0,7.730978727E-1
2.325856450E1,-4.326439500E-1,-1.259863734E0,7.705822587E-1
2.326855850E1,-3.597050309E-1,-9.261541963E-1,7.729191780E-1
2.327855350E1,-2.932189107E-1,-5.715684891E-1,7.802382708E-1
2.328854850E1,-2.398768365E-1,-2.444714010E-1,7.949537635E-1
2.329854350E1,-1.917487234E-1,3.796163201E-2,8.069792986E-1
2.330853850E1,-1.548109949E-1,2.740513682E-1,8.151195645E-1
2.331853350E1,-1.234168485E-1,4.613957107E-1,8.092723489E-1
2.332852750E1,-1.066037863E-1,5.935590267E-1,7.919673920E-1
2.333852250E1,-9.064426273E-2,6.754051447E-1,7.545534372E-1
2.334851750E1,-7.021541148E-2,7.118862271E-1,7.149466276E-1
2.335851250E1,-5.222389475E-2,7.029827833E-1,6.661998630E-1
2.336850750E1,-3.067894839E-2,6.553460956E-1,6.232162714E-1
2.337850250E1,-1.035849750E-2,5.738160610E-1,5.862126946E-1
2.338849750E1,3.361355979E-3,4.790981114E-1,5.555265546E-1
2.339849150E1,1.585584134E-2,3.845455050E-1,5.247449279E-1
2.340848650E1,2.231773175E-2,3.021161258E-1,4.952203631E-1
2.341848150E1,2.848987468E-2,2.358737141E-1,4.594152272E-1
2.342847650E1,3.454003856E-2,1.754633337E-1,4.254607558E-1
2.343847150E1,3.345480189E-2,1.228038520E-1,3.948847353E-1
2.344846650E1,3.101138771E-2,8.360292017E-2,3.668830991E-1
2.345846150E1,2.832053043E-2,5.592601374E-2,3.380503953E-1
2.346845550E1,1.486646384E-2,2.613720112E-2,3.044451177E-1
2.347845050E1,4.503039178E-3,-2.235583961E-3,2.722642720E-1
2.348844550E1,-1.253668452E-3,-2.890221030E-2,2.394616455E-1
2.349844050E1,-1.154066063E-2,-5.033133551E-2,2.066541612E-1
2.350843550E1,-1.721369848E-2,-7.033440471E-2,1.754604876E-1
2.351843050E1,-1.784220524E-2,-8.343289793E-2,1.480086297E-1
2.352842550E1,-1.981402747E-2,-9.161186963E-2,1.211357713E-1
2.353841950E1,-1.226423215E-2,-9.874434769E-2,8.312021941E-2
2.354841450E1,-3.394023050E-3,-1.068103909E-1,3.926589713E-2
2.355840950E1,6.373386364E-3,-1.114456281E-1,-1.306681335E-2
2.356840450E1,1.832194999E-2,-1.319006830E-1,-7.068356127E-2
2.357839950E1,3.767513856E-2,-1.486873776E-1,-1.193309873E-1
2.358839450E1,6.264164299E-2,-1.417332441E-1,-1.655184925E-1
2.359838850E1,9.543687850E-2,-1.082266867E-1,-2.231117338E-1
2.360838350E1,1.398427486E-1,-5.902489647E-2,-2.984441817E-1
2.361837850E1,1.989247054E-1,-3.599186894E-3,-3.842749298E-1
2.362837350E1,2.665168643E-1,5.373463035E-2,-4.621376693E-1
2.363836850E1,3.320575356E-1,1.047882289E-1,-5.252811909E-1
2.364836350E1,3.924928904E-1,1.504141092E-1,-5.747230053E-1
2.365835850E1,4.550907612E-1,1.862261593E-1,-6.044492126E-1
2.366835250E1,5.045940876E-1,2.064924985E-1,-6.232006550E-1
2.367834750E1,5.427675247E-1,2.227516174E-1,-6.354820728E-1
2.368834250E1,5.851781964E-1,2.425231934E-1,-6.426791549E-1
2.369833750E1,6.132708192E-1,2.655334175E-1,-6.495612860E-1
2.370833250E1,6.448694468E-1,2.975618839E-1,-6.494181752E-1
2.371832750E1,6.792590618E-1,3.336650133E-1,-6.420246959E-1
2.372832250E1,7.239101529E-1,3.788078725E-1,-6.299776435E-1
2.373831650E1,7.659979463E-1,4.446593225E-1,-6.134690046E-1
2.374831150E1,8.169338703E-1,5.172218084E-1,-5.958441496E-1
2.375830650E1,8.647946119E-1,5.869766474E-1,-5.720837116E-1
2.376830150E1,9.152183533E-1,6.479179263E-1,-5.501638055E-1
2.377829650E1,9.608891606E-1,6.961085796E-1,-5.355861783E-1
2.378829150E1,9.974828959E-1,7.246288657E-1,-5.215511322E-1
2.379828550E1,1.030429363E0,7.437809706E-1,-5.145241022E-1
2.380828050E1,1.064823031E0,7.638106346E-1,-5.232996345E-1
2.381827550E1,1.110469103E0,7.829355597E-1,-5.558170676E-1
2.382827050E1,1.173550367E0,8.147766590E-1,-5.868116021E-1
2.383826550E1,1.251720786E0,8.554939628E-1,-6.069307327E-1
2.384826050E1,1.324893475E0,9.073225856E-1,-6.184710264E-1
2.385825550E1,1.405249238E0,9.732930660E-1,-6.318483353E-1
2.386824950E1,1.483256578E0,1.044223070E0,-6.607730985E-1
2.387824450E1,1.557868719E0,1.121130109E0,-6.852909327E-1
2.388823950E1,1.641722083E0,1.187085986E0,-7.027732730E-1
2.389823450E1,1.734598994E0,1.254794955E0,-6.946852207E-1
2.390822950E1,1.825122237E0,1.321884990E0,-6.557202935E-1
2.391822450E1,1.899734735E0,1.387458563E0,-5.985547900E-1
2.392821950E1,1.965954542E0,1.457986116E0,-5.427600145E-1
2.393821350E1,1.997842431E0,1.544941068E0,-4.878336489E-1
2.394820850E1,2.018844128E0,1.632153153E0,-4.397397935E-1
2.395820350E1,2.035241127E0,1.722443461E0,-3.840594888E-1
2.396819850E1,2.036484718E0,1.811807156E0,-3.370841146E-1
2.397819388E1,2.041424990E0,1.875330567E0,-2.882752717E-1
2.398818888E1,2.059602499E0,1.901399255E0,-2.152740210E-1
2.399818388E1,2.088158607E0,1.905369520E0,-1.191946268E-1
2.400817788E1,2.113484383E0,1.904457927E0,-8.558583446E-3
2.401817287E1,2.134704590E0,1.883885026E0,9.008622915E-2
2.402816787E1,2.153296947E0,1.838651657E0,1.597228050E-1
2.403816288E1,2.168366671E0,1.776456118E0,1.922384053E-1
2.404815788E1,2.178776741E0,1.695624232E0,2.137903869E-1
2.405815288E1,2.188918591E0,1.608401179E0,2.554083765E-1
2.406814688E1,2.196464777E0,1.531792283E0,3.100074232E-1
2.407814187E1,2.197004795E0,1.463404894E0,3.712976873E-1
2.408813687E1,2.196987391E0,1.395158172E0,4.346913099E-1
2.409813188E1,2.199082613E0,1.317091346E0,5.042623878E-1
2.410812688E1,2.200586557E0,1.234153271E0,5.862292647E-1
2.411812188E1,2.202371359E0,1.158142447E0,6.642338037E-1
2.412811687E1,2.204356670E0,1.112344503E0,7.303637266E-1
2.413811087E1,2.197541714E0,1.106661916E0,7.802620530E-1
2.414810587E1,2.190034866E0,1.118797541E0,8.258498907E-1
2.415810087E1,2.177657127E0,1.142526627E0,8.647812605E-1
2.416809588E1,2.163456917E0,1.163168192E0,9.013553858E-1
2.417809088E1,2.159160614E0,1.163792372E0,9.365389347E-1
2.418808588E1,2.154344320E0,1.143102884E0,9.744744897E-1
2.419808087E1,2.146893501E0,1.101342201E0,1.010652304E0
2.420807487E1,2.129099846E0,1.037043691E0,1.051555753E0
2.421806987E1,2.103886604E0,9.720622897E-1,1.103542209E0
2.422806488E1,2.070172548E0,9.290912151E-1,1.138245463E0
2.423805988E1,2.041311264E0,9.096086025E-1,1.148901820E0
2.424805488E1,2.014437437E0,9.191342592E-1,1.135988116E0
2.425804987E1,1.988063812E0,9.669614434E-1,1.118515372E0
2.426804387E1,1.971682191E0,1.042618513E0,1.108715534E0
2.427803887E1,1.946371436E0,1.114184380E0,1.112907648E0
2.428803388E1,1.911461711E0,1.156421900E0,1.116176009E0
2.429802888E1,1.862003326E0,1.171529531E0,1.130347490E0
2.430802388E1,1.811577439E0,1.155631185E0,1.145254374E0
2.431801887E1,1.766554832E0,1.120081663E0,1.156435966E0
2.432801387E1,1.709653258E0,1.072829247E0,1.160181403E0
2.433800787E1,1.672156215E0,1.026337266E0,1.159462333E0
2.434800288E1,1.634161115E0,9.833076000E-1,1.161330104E0
2.435799788E1,1.607329726E0,9.549785256E-1,1.162608624E0
2.436799288E1,1.579591870E0,9.266682863E-1,1.139017820E0
2.437798787E1,1.548095465E0,8.839858174E-1,1.100890398E0
2.438798287E1,1.512799025E0,8.133991361E-1,1.078546047E0
2.439797787E1,1.473986626E0,7.435638309E-1,1.084258556E0
2.440797187E1,1.437474012E0,6.724219322E-1,1.106818557E0
2.441796688E1,1.384725332E0,5.997413397E-1,1.124795675E0
2.442796188E1,1.344515920E0,5.417041779E-1,1.141080141E0
2.443795688E1,1.308149338E0,5.148600936E-1,1.145370841E0
2.444795187E1,1.271576047E0,5.231224895E-1,1.129544258E0
2.445794687E1,1.241752028E0,5.711776614E-1,1.095958114E0
2.446794087E1,1.212370396E0,6.377657056E-1,1.064549685E0
2.447793588E1,1.187300086E0,7.041356564E-1,1.037265658E0
2.448793088E1,1.162205338E0,7.601087093E-1,1.014508486E0
2.449792588E1,1.132113695E0,7.975809574E-1,9.934450984E-1
2.450792087E1,1.100690246E0,8.107348680E-1,9.671831131E-1
2.451791587E1,1.073095441E0,7.983620763E-1,9.488262534E-1
2.452791088E1,1.053820491E0,7.935935259E-1,9.342424870E-1
2.453790488E1,1.046002746E0,8.228273392E-1,9.112538099E-1
2.454789988E1,1.025327563E0,8.654448390E-1,8.738379478E-1
2.455789488E1,9.936032295E-1,9.066897035E-1,8.330529928E-1
2.456788987E1,9.648812413E-1,9.331052899E-1,7.883561254E-1
2.457788487E1,9.367747903E-1,9.350637794E-1,7.642270923E-1
2.458787988E1,9.065942168E-1,9.152986407E-1,7.514154911E-1
2.459787488E1,8.661258817E-1,8.861830831E-1,7.393329740E-1
2.460786888E1,8.175738454E-1,8.486964703E-1,7.194175720E-1
2.461786388E1,7.770293355E-1,8.068531752E-1,7.002526522E-1
2.462785887E1,7.403815389E-1,7.707165480E-1,6.890788674E-1
2.463785387E1,7.013169527E-1,7.378278375E-1,6.858114600E-1
2.464784887E1,6.572330594E-1,6.999562383E-1,6.793714762E-1
2.465784388E1,6.081651449E-1,6.668888330E-1,6.606299877E-1
2.466783888E1,5.492292047E-1,6.179977059E-1,6.256610155E-1
2.467783288E1,4.981854260E-1,5.617288351E-1,5.725266933E-1
2.468782788E1,4.502314627E-1,5.109896660E-1,5.084561706E-1
2.469782287E1,4.007661641E-1,4.627996981E-1,4.618934393E-1
2.470781787E1,3.506423235E-1,4.206451774E-1,4.377041757E-1
2.471781288E1,3.002915382E-1,3.907514811E-1,4.261455238E-1
2.472780788E1,2.494576573E-1,3.651290834E-1,4.109643698E-1
2.473780188E1,2.107004076E-1,3.288232684E-1,3.770343661E-1
2.474779688E1,1.703311503E-1,2.751986384E-1,3.280223906E-1
2.475779187E1,1.329345107E-1,2.224661708E-1,2.703060806E-1
2.476778687E1,9.675888717E-2,1.757809967E-1,2.073543519E-1
2.477778188E1,5.683783814E-2,1.278656572E-1,1.313000619E-1
2.478777688E1,1.252869144E-2,7.890099287E-2,7.122902572E-2
2.479777188E1,-3.152904660E-2,3.019709885E-2,2.301702462E-2
2.480776588E1,-7.863901556E-2,-1.346286666E-2,-1.736640558E-2
2.481776087E1,-1.316519082E-1,-5.842208862E-2,-5.791196600E-2
2.482775587E1,-1.966817826E-1,-9.762747586E-2,-9.434687346E-2
2.483775087E1,-2.615297437E-1,-9.746316075E-2,-1.496311724E-1
2.484774588E1,-3.230338395E-1,-7.559142262E-2,-2.174992412E-1
2.485774088E1,-3.813136518E-1,-5.332472920E-2,-2.808662653E-1
2.486773587E1,-4.275261760E-1,-2.723653615E-2,-3.497294188E-1
2.487772987E1,-4.639126956E-1,2.166893333E-3,-4.222952127E-1
2.488772487E1,-4.897601902E-1,2.014089376E-2,-4.947312176E-1
2.489771987E1,-5.094295144E-1,3.224682435E-2,-5.645688176E-1
2.490771488E1,-5.270879269E-1,3.138393164E-2,-6.185244322E-1
2.491770988E1,-5.477290154E-1,1.095109619E-2,-6.543396711E-1
2.492770488E1,-5.667796731E-1,-3.243143111E-2,-6.795529127E-1
2.493769888E1,-5.886098742E-1,-8.055449277E-2,-7.020310163E-1
2.494769387E1,-6.114547253E-1,-1.251009107E-1,-7.131279111E-1
2.495768887E1,-6.374658346E-1,-1.522947252E-1,-7.268426418E-1
2.496768388E1,-6.563255191E-1,-1.548064202E-1,-7.431122065E-1
2.497767825E1,-6.832386255E-1,-1.524242312E-1,-7.653772831E-1
2.498767325E1,-7.049589157E-1,-1.436863542E-1,-7.773180008E-1
2.499766825E1,-7.260455489E-1,-1.240434051E-1,-7.822358012E-1
2.500766225E1,-7.545974851E-1,-1.139740273E-1,-7.818241715E-1
2.501765725E1,-7.805001736E-1,-1.057256907E-1,-7.890613079E-1
2.502765225E1,-7.962908745E-1,-1.048146859E-1,-8.271299005E-1
2.503764725E1,-8.007647395E-1,-1.285525113E-1,-8.869026899E-1
2.504764225E1,-8.016321063E-1,-1.836192310E-1,-9.374752641E-1
2.505763725E1,-8.098700643E-1,-2.452889830E-1,-9.524741769E-1
2.506763225E1,-8.252495527E-1,-3.048186600E-1,-9.389951825E-1
2.507762625E1,-8.413744569E-1,-3.608630002E-1,-9.277182817E-1
2.508762125E1,-8.582367301E-1,-4.127001166E-1,-9.146081209E-1
2.509761625E1,-8.710382581E-1,-4.450151622E-1,-9.151127934E-1
2.510761125E1,-8.728674054E-1,-4.620150924E-1,-9.175686836E-1
2.511760625E1,-8.673024774E-1,-4.537979066E-1,-9.311153889E-1
2.512760125E1,-8.553254008E-1,-4.495605528E-1,-9.472258687E-1
2.513759625E1,-8.429766297E-1,-4.508583248E-1,-9.493753314E-1
2.514759025E1,-8.442780375E-1,-4.476720095E-1,-9.289751649E-1
2.515758525E1,-8.442884088E-1,-4.398708344E-1,-9.059462547E-1
2.516758025E1,-8.493561745E-1,-4.459407032E-1,-8.841212988E-1
2.517757525E1,-8.555381298E-1,-4.589593112E-1,-8.719831705E-1
2.518757025E1,-8.556628227E-1,-4.576008618E-1,-8.735376596E-1
2.519756525E1,-8.613449335E-1,-4.266922176E-1,-8.886979818E-1
2.520755925E1,-8.653764725E-1,-3.773162663E-1,-9.109048843E-1
2.521755425E1,-8.709315658E-1,-3.310196102E-1,-9.261176586E-1
2.522754925E1,-8.846950531E-1,-2.833870649E-1,-9.288594127E-1
2.523754425E1,-8.939799070E-1,-2.488445342E-1,-9.288309216E-1
2.524753925E1,-9.080155492E-1,-2.333111763E-1,-9.272093177E-1
2.525753425E1,-9.145999551E-1,-2.346845716E-1,-9.170014262E-1
2.526752925E1,-9.207568765E-1,-2.319228947E-1,-9.175100923E-1
2.527752325E1,-9.250150323E-1,-2.308861315E-1,-9.315545559E-1
2.528751825E1,-9.273314476E-1,-2.531005740E-1,-9.605015516E-1
2.529751325E1,-9.305224419E-1,-2.837364972E-1,-9.755675793E-1
2.530750825E1,-9.323227406E-1,-3.057713509E-1,-9.771086574E-1
2.531750325E1,-9.352503419E-1,-3.295483291E-1,-9.686318040E-1
2.532749825E1,-9.417253137E-1,-3.710831404E-1,-9.604899883E-1
2.533749225E1,-9.540700912E-1,-4.369779825E-1,-9.384244084E-1
2.534748725E1,-9.720360637E-1,-5.058935881E-1,-9.125472307E-1
2.535748225E1,-9.991976619E-1,-5.633726120E-1,-8.991861939E-1
2.536747725E1,-1.026570082E0,-6.190943718E-1,-9.079325795E-1
2.537747225E1,-1.063143492E0,-6.605690718E-1,-9.341101050E-1
2.538746725E1,-1.095860362E0,-6.709036231E-1,-9.701604843E-1
2.539746225E1,-1.118609905E0,-6.432967186E-1,-9.962363243E-1
2.540745625E1,-1.140433788E0,-5.700748563E-1,-1.013218164E0
2.541745125E1,-1.155037761E0,-4.628114998E-1,-1.016907454E0
2.542744625E1,-1.163456917E0,-3.534972072E-1,-1.009002447E0
2.543744125E1,-1.178245187E0,-2.484834343E-1,-9.968088865E-1
2.544743625E1,-1.194656014E0,-1.658314914E-1,-1.000412107E0
2.545743125E1,-1.215532064E0,-1.223498061E-1,-1.019955158E0
2.546742625E1,-1.218721271E0,-1.117961928E-1,-1.049304247E0
2.547742025E1,-1.210144877E0,-1.185731441E-1,-1.080216169E0
2.548741525E1,-1.194651246E0,-1.404990107E-1,-1.098176599E0
2.549741025E1,-1.180704832E0,-1.713860929E-1,-1.111251712E0
2.550740525E1,-1.162387967E0,-2.096396387E-1,-1.114930749E0
2.551740025E1,-1.154214501E0,-2.560801208E-1,-1.114543200E0
2.552739525E1,-1.153706789E0,-3.167843223E-1,-1.099042773E0
2.553738925E1,-1.163857698E0,-3.854219615E-1,-1.073045850E0
2.554738425E1,-1.166541457E0,-4.524028003E-1,-1.048911691E0
2.555737925E1,-1.159602523E0,-5.181975365E-1,-1.033486843E0
2.556737425E1,-1.149402380E0,-5.622517467E-1,-1.017997622E0
2.557736925E1,-1.125838518E0,-5.694784522E-1,-9.912840128E-1
2.558736425E1,-1.093235970E0,-5.496876836E-1,-9.630377293E-1
2.559735925E1,-1.067970514E0,-5.420675874E-1,-9.324159026E-1
2.560735325E1,-1.052854180E0,-5.519900918E-1,-9.186068773E-1
2.561734825E1,-1.056221724E0,-5.827744007E-1,-9.172350764E-1
2.562734325E1,-1.080540776E0,-6.249611378E-1,-9.179515243E-1
2.563733825E1,-1.129003406E0,-6.857219338E-1,-9.118992686E-1
2.564733325E1,-1.146550655E0,-7.610358596E-1,-8.959450722E-1
2.565732825E1,-1.133148551E0,-8.094244599E-1,-8.618363738E-1
2.566732325E1,-1.136527896E0,-8.215671778E-1,-8.069128394E-1
2.567731725E1,-1.128622770E0,-7.942143679E-1,-7.723290324E-1
2.568731225E1,-1.121825576E0,-7.556736469E-1,-7.647886872E-1
2.569730725E1,-1.108576894E0,-7.085220814E-1,-7.787838578E-1
2.570730225E1,-1.099634290E0,-6.549486518E-1,-8.030233383E-1
2.571729725E1,-1.092460513E0,-6.078575850E-1,-8.232255578E-1
2.572729225E1,-1.111298561E0,-5.811017156E-1,-8.367023468E-1
2.573728625E1,-1.120452642E0,-5.810923576E-1,-8.389058709E-1
2.574728125E1,-1.131881952E0,-5.952397585E-1,-8.253862262E-1
2.575727625E1,-1.140498877E0,-6.269856691E-1,-8.050509095E-1
2.576727125E1,-1.136799097E0,-6.768451333E-1,-7.746704221E-1
2.577726625E1,-1.134334087E0,-7.317872047E-1,-7.496151328E-1
2.578726125E1,-1.133034348E0,-7.847124338E-1,-7.317665815E-1
2.579725625E1,-1.136743903E0,-8.308362961E-1,-7.217176557E-1
2.580725025E1,-1.136487961E0,-8.748044968E-1,-7.205545902E-1
2.581724525E1,-1.143982530E0,-9.179652929E-1,-7.082837820E-1
2.582724025E1,-1.152709246E0,-9.697491527E-1,-6.911825538E-1
2.583723525E1,-1.169651747E0,-1.031543493E0,-6.624217629E-1
2.584723025E1,-1.190071225E0,-1.102437019E0,-6.293092966E-1
2.585722525E1,-1.210896611E0,-1.186269045E0,-6.028438807E-1
2.586721925E1,-1.232222438E0,-1.289606810E0,-5.812699795E-1
2.587721425E1,-1.241713643E0,-1.413303733E0,-5.662998557E-1
2.588720925E1,-1.240509629E0,-1.534425974E0,-5.459012985E-1
2.589720425E1,-1.233767867E0,-1.626407027E0,-5.177823305E-1
2.590719925E1,-1.231783509E0,-1.682251334E0,-4.950793386E-1
2.591719425E1,-1.231821418E0,-1.708845973E0,-4.766529202E-1
2.592718925E1,-1.232682347E0,-1.708666086E0,-4.541654885E-1
2.593718325E1,-1.231396317E0,-1.691506505E0,-4.288715720E-1
2.594717825E1,-1.232614398E0,-1.663094401E0,-4.015236497E-1
2.595717325E1,-1.236779690E0,-1.643243194E0,-3.663643301E-1
2.596716825E1,-1.241989017E0,-1.645070314E0,-3.334183097E-1
2.597716363E1,-1.240407705E0,-1.672539473E0,-3.015264273E-1
2.598715862E1,-1.245895386E0,-1.729345798E0,-2.639905810E-1
2.599715262E1,-1.246511936E0,-1.811361313E0,-2.203924954E-1
2.600714762E1,-1.245068669E0,-1.922766447E0,-1.702243835E-1
2.601714262E1,-1.245453835E0,-2.055390835E0,-1.158306450E-1
2.602713763E1,-1.244520426E0,-2.203675032E0,-5.345265195E-2
2.603713263E1,-1.238502145E0,-2.355559111E0,1.251411252E-2
2.604712763E1,-1.224960089E0,-2.498155355E0,6.566240638E-2
2.605712262E1,-1.210234404E0,-2.631933689E0,1.094961688E-1
2.606711662E1,-1.196039677E0,-2.729197741E0,1.539716125E-1
2.607711162E1,-1.180567980E0,-2.772952557E0,2.053399980E-1
2.608710663E1,-1.168980122E0,-2.766017675E0,2.979473770E-1
2.609710163E1,-1.156499505E0,-2.723808527E0,4.140691757E-1
2.610709663E1,-1.136325717E0,-2.641456604E0,5.425006151E-1
2.611709162E1,-1.117439389E0,-2.521831751E0,6.638963223E-1
2.612708562E1,-1.097058535E0,-2.379057884E0,7.614446878E-1
2.613708062E1,-1.073558450E0,-2.229870081E0,8.439044356E-1
2.614707563E1,-1.045855522E0,-2.076841116E0,9.138990641E-1
2.615707063E1,-1.000285864E0,-1.909862638E0,9.793046713E-1
2.616706563E1,-9.482644796E-1,-1.731102109E0,1.043019772E0
2.617706062E1,-8.880512118E-1,-1.544949889E0,1.104695320E0
2.618705562E1,-8.142923117E-1,-1.354114771E0,1.149060488E0
2.619704962E1,-7.416687012E-1,-1.159920573E0,1.185590744E0
2.620704462E1,-6.732499599E-1,-9.654261470E-1,1.204142928E0
2.621703963E1,-6.097596884E-1,-7.597515583E-1,1.205594301E0
2.622703463E1,-5.509035587E-1,-5.585168004E-1,1.199997067E0
2.623702962E1,-4.910505712E-1,-3.699510992E-1,1.187511563E0
2.624702462E1,-4.270271361E-1,-1.903913617E-1,1.165244699E0
2.625701862E1,-3.604806066E-1,-1.768270694E-2,1.136721253E0
2.626701362E1,-2.911670208E-1,1.369989812E-1,1.105637431E0
2.627700863E1,-2.309641093E-1,2.662371099E-1,1.069529057E0
2.628700363E1,-1.764200926E-1,3.638474643E-1,1.026886225E0
2.629699863E1,-1.363850534E-1,4.515131116E-1,9.731075168E-1
2.630699362E1,-1.065798923E-1,5.095298886E-1,9.180821180E-1
2.631698762E1,-8.792604506E-2,5.371508598E-1,8.601887822E-1
2.632698262E1,-7.310371846E-2,5.319034457E-1,8.008708358E-1
2.633697763E1,-6.337092817E-2,4.893687665E-1,7.466999888E-1
2.634697263E1,-5.399788916E-2,4.220225513E-1,6.940066218E-1
2.635696763E1,-4.741801694E-2,3.261391521E-1,6.446457505E-1
2.636696262E1,-4.368188605E-2,2.031039298E-1,5.910805464E-1
2.637695662E1,-3.390568495E-2,7.476806641E-2,5.377060175E-1
2.638695162E1,-2.764347754E-2,-4.219228402E-2,4.834213257E-1
2.639694663E1,-2.809807844E-2,-1.426895857E-1,4.251660109E-1
2.640694163E1,-3.195621818E-2,-2.177429348E-1,3.694692552E-1
2.641693663E1,-3.326569498E-2,-2.653400004E-1,3.147418201E-1
2.642693162E1,-3.326622024E-2,-2.860465646E-1,2.688139677E-1
2.643692662E1,-3.657280281E-2,-2.854681313E-1,2.215250283E-1
2.644692062E1,-4.110390320E-2,-2.672545016E-1,1.764654070E-1
2.645691562E1,-4.309967533E-2,-2.443646193E-1,1.338377893E-1
2.646691063E1,-4.751442000E-2,-2.104403824E-1,8.380477130E-2
2.647690563E1,-5.279253796E-2,-1.783460975E-1,3.869934380E-2
2.648690062E1,-5.345197767E-2,-1.412940919E-1,-4.829660989E-3
2.649689562E1,-4.935150966E-2,-8.234475553E-2,-4.836914688E-2
2.650689062E1,-4.124106839E-2,-1.031520776E-2,-8.680666983E-2
2.651688462E1,-2.225912176E-2,5.874748528E-2,-1.223063394E-1
2.652687963E1,6.277168170E-3,1.183920726E-1,-1.533385217E-1
2.653687463E1,4.124154523E-2,1.746151298E-1,-1.881481707E-1
2.654686963E1,8.109892905E-2,2.289453447E-1,-2.391527295E-1
2.655686462E1,1.218673959E-1,2.635944188E-1,-3.083821237E-1
2.656685962E1,1.585423052E-1,2.757833898E-1,-3.964283466E-1
2.657685362E1,2.053747922E-1,2.595186830E-1,-4.761213064E-1
2.658684863E1,2.626208663E-1,2.115770727E-1,-5.319831967E-1
2.659684363E1,3.216961920E-1,1.467312276E-1,-5.681933761E-1
2.660683863E1,3.891353607E-1,7.639645040E-2,-5.961040258E-1
2.661683362E1,4.656972289E-1,1.319458149E-2,-6.179131866E-1
2.662682862E1,5.415038466E-1,-1.796613261E-2,-6.474832296E-1
2.663682262E1,5.950482488E-1,-8.973702788E-3,-6.930243373E-1
2.664681763E1,6.372631192E-1,2.471348643E-2,-7.483752370E-1
2.665681263E1,6.673054099E-1,5.301037058E-2,-7.864714861E-1
2.666680763E1,6.951993704E-1,8.913302422E-2,-8.022164106E-1
2.667680262E1,7.147778869E-1,1.237154901E-1,-8.012387753E-1
2.668679762E1,7.396014333E-1,1.456797570E-1,-7.909840345E-1
2.669679262E1,7.609536052E-1,1.568666250E-1,-7.782689929E-1
2.670678662E1,7.866824269E-1,1.565170586E-1,-7.578406334E-1
2.671678163E1,8.220814466E-1,1.525223106E-1,-7.297165990E-1
2.672677663E1,8.760836720E-1,1.474133134E-1,-7.022362351E-1
2.673677163E1,9.347597957E-1,1.447096616E-1,-6.849927902E-1
2.674676662E1,9.999097586E-1,1.389766484E-1,-6.732069850E-1
2.675676162E1,1.073484063E0,1.506988257E-1,-6.691653728E-1
2.676675562E1,1.145375013E0,1.955226809E-1,-6.570115089E-1
2.677675063E1,1.218138695E0,2.851143479E-1,-6.450555325E-1
2.678674563E1,1.285048008E0,3.969203234E-1,-6.358662248E-1
2.679674063E1,1.349938035E0,5.162919760E-1,-6.280612946E-1
2.680673562E1,1.410587549E0,6.225079894E-1,-6.173945069E-1
2.681673062E1,1.471534848E0,7.201647758E-1,-6.027718782E-1
2.682672462E1,1.533188820E0,8.104529977E-1,-5.883525610E-1
2.683671963E1,1.589457989E0,8.945447206E-1,-5.661151409E-1
2.684671463E1,1.639559269E0,9.726090431E-1,-5.383002162E-1
2.685670963E1,1.693593740E0,1.046757817E0,-4.976236522E-1
2.686670462E1,1.747990608E0,1.122153521E0,-4.497802556E-1
2.687669962E1,1.794405580E0,1.205024481E0,-4.067774117E-1
2.688669362E1,1.817882061E0,1.295266271E0,-3.680441380E-1
2.689668863E1,1.835148215E0,1.390192032E0,-3.341732621E-1
2.690668363E1,1.832946301E0,1.477158546E0,-2.937754393E-1
2.691667863E1,1.826739550E0,1.551416993E0,-2.295269668E-1
2.692667362E1,1.822873116E0,1.607268453E0,-1.552663743E-1
2.693666862E1,1.832110882E0,1.632574797E0,-7.484610379E-2
2.694666362E1,1.860909939E0,1.626852751E0,-1.308942307E-2
2.695665762E1,1.912138820E0,1.587352276E0,2.197828144E-2
2.696665263E1,1.964322448E0,1.518197417E0,2.548537776E-2
2.697664763E1,2.018843889E0,1.418515086E0,1.455416717E-2
2.698664275E1,2.078088045E0,1.301331401E0,8.632526733E-4
2.699663775E1,2.144915104E0,1.176037073E0,-1.007195190E-2
2.700663275E1,2.198492050E0,1.051235318E0,-1.111255866E-2
2.701662675E1,2.250099897E0,9.388815165E-1,-5.962271243E-3
2.702662175E1,2.297329903E0,8.408085108E-1,-1.589627005E-3
2.703661675E1,2.330571651E0,7.746989727E-1,3.375037573E-3
2.704661175E1,2.350157499E0,7.363573909E-1,3.705483396E-3
2.705660675E1,2.374770403E0,7.251966000E-1,2.017979696E-2
2.706660175E1,2.364110231E0,7.370951772E-1,4.324086756E-2
2.707659575E1,2.353878736E0,7.419490814E-1,6.350938231E-2
2.708659075E1,2.321077347E0,7.071024179E-1,1.021645367E-1
2.709658575E1,2.303766251E0,6.166841388E-1,1.747553945E-1
2.710658075E1,2.307368755E0,5.080462694E-1,2.932499051E-1
2.711657575E1,2.307100296E0,4.167792201E-1,4.306943119E-1
2.712657075E1,2.300683737E0,3.797063828E-1,5.518180728E-1
2.713656575E1,2.294830322E0,3.797340989E-1,6.276776791E-1
2.714655975E1,2.292391300E0,4.315494299E-1,6.726801991E-1
2.715655475E1,2.281855345E0,5.198937058E-1,7.164838910E-1
2.716654975E1,2.267241001E0,6.208733916E-1,7.820440531E-1
2.717654475E1,2.236597538E0,7.149594426E-1,8.630613685E-1
2.718653975E1,2.195253372E0,7.846316695E-1,9.372569919E-1
2.719653475E1,2.173498869E0,8.446417451E-1,1.006785154E0
2.720652875E1,2.166373730E0,9.063028693E-1,1.066944361E0
2.721652375E1,2.153680801E0,9.865859747E-1,1.121820927E0
2.722651875E1,2.131527424E0,1.086644053E0,1.171646953E0
2.723651375E1,2.113798380E0,1.201031566E0,1.194608450E0
2.724650875E1,2.089793205E0,1.319260359E0,1.181136250E0
2.725650375E1,2.057597160E0,1.403968692E0,1.153172016E0
2.726649875E1,2.033642292E0,1.450259566E0,1.127892613E0
2.727649275E1,1.998174906E0,1.470533252E0,1.112361789E0
2.728648775E1,1.985005736E0,1.471053004E0,1.103449225E0
2.729648275E1,1.969470978E0,1.458875418E0,1.094422460E0
2.730647775E1,1.948277354E0,1.441497564E0,1.089842796E0
2.731647275E1,1.921034336E0,1.432463288E0,1.068487644E0
2.732646775E1,1.882144928E0,1.430482507E0,1.026069760E0
2.733646175E1,1.839799047E0,1.434622049E0,9.690328836E-1
2.734645675E1,1.811971188E0,1.447023034E0,9.248449206E-1
2.735645175E1,1.778510451E0,1.479784727E0,8.971325755E-1
2.736644675E1,1.739314079E0,1.505812526E0,8.964477777E-1
2.737644175E1,1.698575974E0,1.523956180E0,9.131324291E-1
2.738643675E1,1.649143934E0,1.545258999E0,9.281583428E-1
2.739643075E1,1.580901504E0,1.559359074E0,9.388877153E-1
2.740642575E1,1.523538828E0,1.560279965E0,9.415070415E-1
2.741642075E1,1.460835814E0,1.542235494E0,9.387067556E-1
2.742641575E1,1.402411699E0,1.496841311E0,9.613553286E-1
2.743641075E1,1.339585304E0,1.433978200E0,1.021864772E0
2.744640575E1,1.277605057E0,1.368701100E0,1.095912337E0
2.745639975E1,1.219023466E0,1.284956932E0,1.160322785E0
2.746639475E1,1.170922518E0,1.171999812E0,1.187351942E0
2.747638975E1,1.132633209E0,1.047418118E0,1.171705008E0
2.748638475E1,1.119341612E0,9.148317575E-1,1.128968477E0
2.749637975E1,1.107033491E0,8.109301329E-1,1.083506942E0
2.750637475E1,1.100465059E0,7.245181799E-1,1.050115585E0
2.751636975E1,1.082444310E0,6.393920779E-1,1.027729869E0
2.752636375E1,1.072056413E0,5.614861846E-1,1.014140606E0
2.753635875E1,1.055397272E0,5.080857873E-1,9.938616753E-1
2.754635375E1,1.034497023E0,4.658718109E-1,9.690057635E-1
2.755634875E1,1.008243084E0,4.152957201E-1,9.404870272E-1
2.756634375E1,9.648824930E-1,3.414757848E-1,9.131964445E-1
2.757633875E1,9.198458195E-1,2.731108665E-1,8.861906528E-1
2.758633275E1,8.854119182E-1,2.145419866E-1,8.591569662E-1
2.759632775E1,8.501340747E-1,1.779088676E-1,8.383467793E-1
2.760632275E1,7.999259830E-1,1.741113365E-1,8.241855502E-1
2.761631775E1,7.558975220E-1,2.077340037E-1,8.020959496E-1
2.762631275E1,7.080435157E-1,2.684708834E-1,7.642694116E-1
2.763630775E1,6.656116843E-1,3.068299890E-1,7.246050835E-1
2.764630175E1,6.160907149E-1,3.105027974E-1,6.920201778E-1
2.765629675E1,5.526584983E-1,2.940289974E-1,6.607863903E-1
2.766629175E1,4.912222624E-1,2.697977126E-1,6.151245832E-1
2.767628675E1,4.185888171E-1,2.277250886E-1,5.506926179E-1
2.768628175E1,3.487074673E-1,1.588446349E-1,4.732300639E-1
2.769627675E1,2.898865044E-1,8.849696070E-2,3.918012381E-1
2.770627075E1,2.332647145E-1,2.158843726E-2,3.140716553E-1
2.771626575E1,1.830244511E-1,-2.888245881E-2,2.442081720E-1
2.772626075E1,1.301679015E-1,-5.629407614E-2,1.847743839E-1
2.773625575E1,6.533324718E-2,-6.656801701E-2,1.258250475E-1
2.774625075E1,-1.634824439E-4,-7.101107389E-2,6.451006234E-2
2.775624575E1,-7.704308629E-2,-7.267448306E-2,-3.119314555E-3
2.776624075E1,-1.538752615E-1,-8.097349107E-2,-8.180833608E-2
2.777623475E1,-2.284120768E-1,-1.017661244E-1,-1.686335057E-1
2.778622975E1,-2.935314476E-1,-1.181448624E-1,-2.598959506E-1
2.779622475E1,-3.635496795E-1,-1.172678843E-1,-3.466750681E-1
2.780621975E1,-4.332437813E-1,-9.752177447E-2,-4.142534137E-1
2.781621475E1,-5.014222860E-1,-4.783145338E-2,-4.644785225E-1
2.782620975E1,-5.631101131E-1,1.261534728E-2,-5.147088766E-1
2.783620375E1,-6.056346893E-1,4.874724895E-2,-5.606691837E-1
2.784619875E1,-6.451624036E-1,4.606065899E-2,-6.064015031E-1
2.785619375E1,-6.882992387E-1,1.208005100E-2,-6.415616274E-1
2.786618875E1,-7.336513400E-1,-3.620997816E-2,-6.702000499E-1
2.787618375E1,-7.790648937E-1,-9.277817607E-2,-6.941130757E-1
2.788617875E1,-8.186655045E-1,-1.527402252E-1,-7.235127687E-1
2.789617275E1,-8.539880514E-1,-1.904023886E-1,-7.484205365E-1
2.790616775E1,-8.861130476E-1,-1.981026381E-1,-7.712754011E-1
2.791616275E1,-9.141510725E-1,-1.845735162E-1,-7.999850512E-1
2.792615775E1,-9.370158911E-1,-1.591746211E-1,-8.279625773E-1
2.793615275E1,-9.634879827E-1,-1.283181757E-1,-8.497056961E-1
2.794614775E1,-9.918221235E-1,-9.546940774E-2,-8.604278564E-1
2.795614175E1,-1.018362164E0,-5.863709003E-2,-8.626102805E-1
2.796613675E1,-1.043205380E0,-2.028238401E-2,-8.678099513E-1
2.797613175E1,-1.070246339E0,1.422286313E-2,-8.893226981E-1
2.798612712E1,-1.100674510E0,2.970115468E-2,-9.171437025E-1
2.799612212E1,-1.111065865E0,5.377107114E-2,-9.449196458E-1
2.800611712E1,-1.131190181E0,8.351612091E-2,-9.687435627E-1
2.801611112E1,-1.145550489E0,9.274983406E-2,-9.967480898E-1
2.802610613E1,-1.159092307E0,7.676077634E-2,-1.014116645E0
2.803610113E1,-1.166328669E0,5.242853612E-2,-1.020134807E0
2.804609613E1,-1.179202914E0,3.663380072E-2,-1.018030286E0
2.805609112E1,-1.189236403E0,3.947113082E-2,-1.024080992E0
2.806608612E1,-1.202292204E0,5.530591682E-2,-1.048207521E0
2.807608113E1,-1.219120741E0,8.082832396E-2,-1.077975750E0
2.808607513E1,-1.234259725E0,1.001160964E-1,-1.102126241E0
2.809607013E1,-1.252585173E0,1.320593804E-1,-1.122594833E0
2.810606513E1,-1.259301424E0,1.768796146E-1,-1.135280728E0
2.811606012E1,-1.260588884E0,2.298490852E-1,-1.160156846E0
2.812605512E1,-1.261247158E0,2.703465223E-1,-1.177833676E0
2.813605013E1,-1.259371519E0,2.947970033E-1,-1.186494827E0
2.814604413E1,-1.257473230E0,3.125338852E-1,-1.182612538E0
2.815603913E1,-1.262043715E0,3.189454675E-1,-1.187689662E0
2.816603413E1,-1.255299807E0,3.091943562E-1,-1.218410134E0
2.817602912E1,-1.233351827E0,2.534219027E-1,-1.266985893E0
2.818602412E1,-1.213434458E0,1.694488525E-1,-1.291407228E0
2.819601913E1,-1.189340591E0,7.906194776E-2,-1.283511281E0
2.820601313E1,-1.177331924E0,-3.983399831E-3,-1.262156129E0
2.821600813E1,-1.181961775E0,-9.724037349E-2,-1.248241425E0
2.822600313E1,-1.190321088E0,-1.899284720E-1,-1.249803305E0
2.823599812E1,-1.191633224E0,-2.486719489E-1,-1.259409070E0
2.824599312E1,-1.173770547E0,-2.378256917E-1,-1.266702175E0
2.825598812E1,-1.148552537E0,-1.754347533E-1,-1.257247090E0
2.826598212E1,-1.127463698E0,-1.146990284E-1,-1.220219612E0
2.827597713E1,-1.105259299E0,-6.602336466E-2,-1.174444914E0
2.828597213E1,-1.093455076E0,-3.369861841E-2,-1.148062229E0
2.829596713E1,-1.102562070E0,-3.020348400E-2,-1.153921127E0
2.830596212E1,-1.118981242E0,-6.030925736E-2,-1.170030236E0
2.831595712E1,-1.129141927E0,-9.054732323E-2,-1.166150570E0
2.832595112E1,-1.124407768E0,-9.789615124E-2,-1.136647224E0
2.833594613E1,-1.108718038E0,-9.106674045E-2,-1.089649916E0
2.834594113E1,-1.086904645E0,-9.159790725E-2,-1.048341632E0
2.835593613E1,-1.066354871E0,-1.086469293E-1,-1.017787457E0
2.836593112E1,-1.054067612E0,-1.221007258E-1,-1.018195152E0
2.837592612E1,-1.049484849E0,-1.241404414E-1,-1.046111465E0
2.838592012E1,-1.057705998E0,-1.277410239E-1,-1.089650631E0
2.839591513E1,-1.056777716E0,-1.157308966E-1,-1.127107382E0
2.840591013E1,-1.040022969E0,-7.410186529E-2,-1.149343252E0
2.841590513E1,-1.021652222E0,-1.820504665E-2,-1.142835498E0
2.842590012E1,-1.001670957E0,3.056425415E-2,-1.114309072E0
2.843589512E1,-9.913728237E-1,5.654045939E-2,-1.084232330E0
2.844589013E1,-9.826004505E-1,5.218802765E-2,-1.071107030E0
2.845588413E1,-9.843879938E-1,3.644847870E-2,-1.079951882E0
2.846587913E1,-9.868268371E-1,2.260989510E-2,-1.107537508E0
2.847587413E1,-9.773681164E-1,1.738210954E-2,-1.132370710E0
2.848586912E1,-9.616370201E-1,3.602446616E-2,-1.149836779E0
2.849586412E1,-9.412662387E-1,6.834671646E-2,-1.144542933E0
2.850585912E1,-9.282855988E-1,9.600235522E-2,-1.129131079E0
2.851585312E1,-9.214023352E-1,9.375837445E-2,-1.113975883E0
2.852584813E1,-9.158839583E-1,6.751681864E-2,-1.104836345E0
2.853584313E1,-9.174496531E-1,2.081402391E-2,-1.101499915E0
2.854583813E1,-9.190592766E-1,-4.945717379E-2,-1.103761435E0
2.855583312E1,-9.079786539E-1,-1.279019117E-1,-1.100090265E0
2.856582812E1,-9.042618871E-1,-2.193499058E-1,-1.079394221E0
2.857582212E1,-9.072837830E-1,-3.120830357E-1,-1.048277497E0
2.858581713E1,-9.023684263E-1,-3.898966014E-1,-1.010822654E0
2.859581213E1,-9.133670330E-1,-4.571227729E-1,-9.884763360E-1
2.860580713E1,-9.164546132E-1,-5.163294673E-1,-9.682121873E-1
2.861580212E1,-9.168194532E-1,-5.675814748E-1,-9.480081201E-1
2.862579712E1,-9.132077694E-1,-5.981178880E-1,-9.254990816E-1
2.863579112E1,-9.174749255E-1,-6.274622083E-1,-8.972312212E-1
2.864578613E1,-9.232369065E-1,-6.526744962E-1,-8.662573695E-1
2.865578113E1,-9.258624911E-1,-6.664853692E-1,-8.411141634E-1
2.866577613E1,-9.272740483E-1,-6.630599499E-1,-8.079867363E-1
2.867577112E1,-9.351474047E-1,-6.240156293E-1,-7.736763954E-1
2.868576612E1,-9.302322865E-1,-5.518985391E-1,-7.472624183E-1
2.869576012E1,-9.327702522E-1,-4.821804464E-1,-7.288463712E-1
2.870575512E1,-9.300445318E-1,-4.206817746E-1,-7.175027132E-1
2.871575013E1,-9.213940501E-1,-3.798046708E-1,-7.138642669E-1
2.872574513E1,-9.168040752E-1,-3.729492128E-1,-7.062431574E-1
2.873574012E1,-9.201093316E-1,-4.134889245E-1,-7.022060752E-1
2.874573512E1,-9.261450768E-1,-4.967841208E-1,-6.944462061E-1
2.875572912E1,-9.414840937E-1,-6.165999770E-1,-6.695107818E-1
2.876572412E1,-9.530854225E-1,-7.588785887E-1,-6.331281066E-1
2.877571913E1,-9.752655625E-1,-9.209880829E-1,-5.888797045E-1
2.878571413E1,-1.000749946E0,-1.091273546E0,-5.460495949E-1
2.879570913E1,-1.031513453E0,-1.264319181E0,-5.034723282E-1
2.880570412E1,-1.062018752E0,-1.445748568E0,-4.571776688E-1
2.881569912E1,-1.096848369E0,-1.631796956E0,-4.079584479E-1
2.882569312E1,-1.131736159E0,-1.830212474E0,-3.559914529E-1
2.883568813E1,-1.167568445E0,-2.042131901E0,-3.033237159E-1
2.884568313E1,-1.205363989E0,-2.261509180E0,-2.539745569E-1
2.885567813E1,-1.233264089E0,-2.484082222E0,-1.927519590E-1
2.886567312E1,-1.264318585E0,-2.703920364E0,-1.275319010E-1
2.887566812E1,-1.290931344E0,-2.910562515E0,-4.973535985E-2
2.888566212E1,-1.320437193E0,-3.086538076E0,3.229719028E-2
2.889565713E1,-1.341841102E0,-3.242255926E0,1.150743589E-1
2.890565213E1,-1.374095917E0,-3.371947050E0,1.965759695E-1
2.891564713E1,-1.401914477E0,-3.480254889E0,2.810892761E-1
2.892564212E1,-1.422957540E0,-3.570022583E0,3.662070632E-1
2.893563712E1,-1.443207622E0,-3.639505625E0,4.494161904E-1
2.894563112E1,-1.457715750E0,-3.684251070E0,5.249176025E-1
2.895562612E1,-1.466626644E0,-3.696910620E0,5.946908593E-1
2.896562113E1,-1.475066662E0,-3.675686121E0,6.572107077E-1
2.897561613E1,-1.466595650E0,-3.620809555E0,7.280002236E-1
2.898561050E1,-1.458045006E0,-3.522868156E0,8.110775948E-1
2.899560550E1,-1.444488764E0,-3.391111612E0,9.074328542E-1
2.900559950E1,-1.419764161E0,-3.223936319E0,9.977365732E-1
2.901559450E1,-1.397371769E0,-3.041408300E0,1.068926573E0
2.902558950E1,-1.373133063E0,-2.838008165E0,1.120032787E0
2.903558450E1,-1.351416826E0,-2.629101753E0,1.163899779E0
2.904557950E1,-1.321782231E0,-2.407152891E0,1.193116665E0
2.905557450E1,-1.290705085E0,-2.178914547E0,1.214450002E0
2.906556850E1,-1.242266655E0,-1.955569029E0,1.214807749E0
2.907556350E1,-1.189713955E0,-1.747452497E0,1.192978621E0
2.908555850E1,-1.123459458E0,-1.603377819E0,1.148260236E0
2.909555350E1,-1.041921973E0,-1.568183303E0,1.087675452E0
2.910554850E1,-9.549227357E-1,-1.581044078E0,1.009195566E0
2.911554350E1,-8.628966212E-1,-1.615796208E0,9.178484678E-1
2.912553750E1,-7.617095709E-1,-1.649993062E0,8.178526163E-1
2.913553250E1,-6.614727378E-1,-1.648171782E0,7.111205459E-1
2.914552750E1,-5.625658631E-1,-1.598526359E0,6.060332656E-1
2.915552250E1,-4.553682804E-1,-1.514036417E0,4.940151274E-1
2.916551750E1,-3.393787742E-1,-1.387758732E0,3.825616837E-1
2.917551250E1,-2.249051929E-1,-1.236176968E0,2.699629664E-1
2.918550650E1,-1.206744835E-1,-1.040410757E0,1.687001884E-1
2.919550150E1,-3.153954446E-2,-7.973373532E-1,7.440617681E-2
2.920549650E1,4.647673666E-2,-4.934269488E-1,-1.738909632E-2
2.921549150E1,1.134650931E-1,-1.427650452E-1,-1.120804474E-1
2.922548650E1,1.692340076E-1,2.476870865E-1,-1.992293000E-1
2.923548150E1,2.206199765E-1,6.344590187E-1,-2.650999129E-1
2.924547550E1,2.709670365E-1,9.759443998E-1,-3.130747080E-1
2.925547050E1,3.198850453E-1,1.240840197E0,-3.558546603E-1
2.926546550E1,3.844752908E-1,1.430236220E0,-4.047272801E-1
2.927546050E1,4.639738500E-1,1.514201164E0,-4.772464633E-1
2.928545550E1,5.555021763E-1,1.505357504E0,-5.836571455E-1
2.929545050E1,6.561747193E-1,1.427559137E0,-7.120462656E-1
2.930544450E1,7.418451309E-1,1.322428226E0,-8.283482194E-1
2.931543950E1,8.182024956E-1,1.238431334E0,-8.901191950E-1
2.932543450E1,8.827214837E-1,1.185196280E0,-8.980190754E-1
2.933542950E1,9.438127875E-1,1.189738512E0,-8.721712232E-1
2.934542450E1,9.951247573E-1,1.190564990E0,-8.674385548E-1
2.935541950E1,1.048485398E0,1.251016617E0,-8.915449381E-1
2.936541350E1,1.111315489E0,1.340808630E0,-9.300076365E-1
2.937540850E1,1.178200245E0,1.471854448E0,-9.409497976E-1
2.938540350E1,1.230983377E0,1.633792758E0,-9.127221107E-1
2.939539850E1,1.257163048E0,1.816670179E0,-8.579670191E-1
2.940539350E1,1.269466400E0,1.998076677E0,-7.986894250E-1
2.941538850E1,1.260919809E0,2.164385319E0,-7.596685290E-1
2.942538250E1,1.248929143E0,2.303060770E0,-7.504851222E-1
2.943537750E1,1.252506256E0,2.403940201E0,-7.553232908E-1
2.944537250E1,1.260170460E0,2.458050251E0,-7.415452600E-1
2.945536750E1,1.277317286E0,2.468263388E0,-6.989395022E-1
2.946536250E1,1.307080746E0,2.423136711E0,-6.292903423E-1
2.947535750E1,1.343959451E0,2.331483126E0,-5.489917994E-1
2.948535150E1,1.379781723E0,2.199215889E0,-4.803197682E-1
2.949534650E1,1.425684690E0,2.038689375E0,-4.300906658E-1
2.950534150E1,1.480084538E0,1.862295985E0,-4.083914161E-1
2.951533650E1,1.538459420E0,1.696953058E0,-4.090979695E-1
2.952533150E1,1.599090815E0,1.548772693E0,-4.064405859E-1
2.953532650E1,1.650094867E0,1.438698411E0,-3.806452155E-1
2.954532050E1,1.693044543E0,1.368907452E0,-3.304441869E-1
2.955531550E1,1.753786683E0,1.329573035E0,-2.594387233E-1
2.956531050E1,1.810418725E0,1.324568987E0,-1.823859364E-1
2.957530550E1,1.869123578E0,1.367732763E0,-1.144271195E-1
2.958530050E1,1.916478038E0,1.458338141E0,-7.780335844E-2
2.959529550E1,1.939242959E0,1.571792722E0,-6.862983853E-2
2.960528950E1,1.966285825E0,1.666433096E0,-6.396396458E-2
2.961528450E1,1.993127584E0,1.738291383E0,-3.765405715E-2
2.962527950E1,2.022236824E0,1.775763750E0,3.076338023E-2
2.963527450E1,2.053908110E0,1.772407413E0,1.241125017E-1
2.964526950E1,2.090777874E0,1.724884033E0,2.356643379E-1
2.965526450E1,2.130804062E0,1.662493348E0,3.428304493E-1
2.966525850E1,2.164899588E0,1.595957756E0,4.361207485E-1
2.967525350E1,2.178802013E0,1.528448224E0,4.931225181E-1
2.968524850E1,2.187035561E0,1.440142155E0,5.268798470E-1
2.969524350E1,2.196544409E0,1.323590279E0,5.663790107E-1
2.970523850E1,2.226791382E0,1.176054120E0,6.261125803E-1
2.971523350E1,2.268493652E0,1.013860703E0,7.052859664E-1
2.972522750E1,2.305696011E0,8.367599845E-1,7.918721437E-1
2.973522250E1,2.338159800E0,6.764877439E-1,8.873459101E-1
2.974521750E1,2.371561766E0,5.608907938E-1,9.827832580E-1
2.975521250E1,2.398420334E0,5.454964042E-1,1.043143034E0
2.976520750E1,2.427908897E0,6.267502904E-1,1.053953290E0
2.977520250E1,2.445704699E0,8.101264834E-1,1.023278832E0
2.978519650E1,2.454443932E0,1.070493340E0,9.968299270E-1
2.979519150E1,2.452220678E0,1.368072271E0,1.000825763E0
2.980518650E1,2.428156853E0,1.644796014E0,1.037689924E0
2.981518150E1,2.401721478E0,1.856702447E0,1.099451065E0
2.982517650E1,2.368546486E0,1.976226568E0,1.173606753E0
2.983517150E1,2.332272530E0,2.021699905E0,1.268713832E0
2.984516550E1,2.281932354E0,2.005832911E0,1.357697248E0
2.985516050E1,2.226347446E0,1.945532918E0,1.410105586E0
2.986515550E1,2.168382883E0,1.878271937E0,1.429880857E0
2.987515050E1,2.126504183E0,1.846111536E0,1.435661554E0
2.988514550E1,2.077867031E0,1.845577598E0,1.442024946E0
2.989514050E1,2.029073238E0,1.878776789E0,1.456736088E0
2.990513450E1,1.977450848E0,1.956578255E0,1.481528640E0
2.991512950E1,1.913736582E0,2.042047977E0,1.505746603E0
2.992512450E1,1.855414987E0,2.073778391E0,1.538402796E0
2.993511950E1,1.797320724E0,2.057127476E0,1.587574124E0
2.994511450E1,1.731739402E0,1.978429556E0,1.630483627E0
2.995510950E1,1.663616538E0,1.860037088E0,1.637595415E0
2.996510350E1,1.618831515E0,1.725687265E0,1.612156034E0
2.997509850E1,1.582510591E0,1.609245062E0,1.577144742E0
2.998509379E1,1.560252786E0,1.517019629E0,1.543177366E0
2.999508879E1,1.542682886E0,1.451070189E0,1.526892185E0
3.000508379E1,1.518280029E0,1.406772971E0,1.527065277E0
3.001507879E1,1.474695325E0,1.354116440E0,1.529950500E0
3.002507279E1,1.419992089E0,1.279298544E0,1.533027887E0
3.003506779E1,1.370895386E0,1.191493869E0,1.528089881E0
3.004506279E1,1.325441599E0,1.096520901E0,1.521664023E0
3.005505779E1,1.277243495E0,1.007587314E0,1.519148946E0
3.006505279E1,1.231054425E0,9.653245211E-1,1.514324665E0
3.007504779E1,1.200407267E0,9.798097014E-1,1.501228809E0
3.008504179E1,1.178632736E0,1.046696782E0,1.472195983E0
3.009503679E1,1.148351312E0,1.148190856E0,1.442023158E0
3.010503179E1,1.106022000E0,1.285385251E0,1.420393705E0
3.011502679E1,1.064345121E0,1.450998783E0,1.415907860E0
3.012502179E1,1.017821312E0,1.604880571E0,1.434684277E0
3.013501679E1,9.685261846E-1,1.723087311E0,1.457984328E0
3.014501079E1,9.318034053E-1,1.763975501E0,1.469623446E0
3.015500579E1,8.943894506E-1,1.722115636E0,1.482099771E0
3.016500079E1,8.529030085E-1,1.585557938E0,1.499058962E0
3.017499579E1,8.128085732E-1,1.410239100E0,1.505660415E0
3.018499079E1,7.762174606E-1,1.198534131E0,1.495847106E0
3.019498579E1,7.468622327E-1,9.760804772E-1,1.462445736E0
3.020497979E1,7.014379501E-1,7.481980920E-1,1.411684632E0
3.021497479E1,6.540248990E-1,5.485613942E-1,1.360768437E0
3.022496979E1,5.999681354E-1,3.746937513E-1,1.295604587E0
3.023496479E1,5.536456704E-1,2.166189104E-1,1.213509679E0
3.024495979E1,4.956472516E-1,5.370563269E-2,1.122930050E0
3.025495479E1,4.211101830E-1,-7.668273896E-2,1.025465727E0
3.026494879E1,3.589416444E-1,-1.654464602E-1,9.211336970E-1
3.027494379E1,2.961032987E-1,-2.054207623E-1,7.943222523E-1
3.028493879E1,2.363773882E-1,-2.187581509E-1,6.577028632E-1
3.029493379E1,1.720820218E-1,-2.187815756E-1,5.289880633E-1
3.030492879E1,9.759099036E-2,-2.083672285E-1,4.169454873E-1
3.031492379E1,3.205352277E-2,-1.747416258E-1,3.075779676E-1
3.032491779E1,-2.599352412E-2,-1.386114806E-1,1.938439310E-1
3.033491279E1,-8.103467524E-2,-9.585096687E-2,7.139257342E-2
3.034490779E1,-1.489974558E-1,-4.915420339E-2,-4.853838682E-2
3.035490279E1,-2.237193733E-1,-3.245836589E-3,-1.599887609E-1
3.036489779E1,-2.950508595E-1,3.732559085E-2,-2.808986008E-1
3.037489179E1,-3.533908427E-1,7.483941317E-2,-4.097207487E-1
3.038488679E1,-4.046561420E-1,1.155047789E-1,-5.442054272E-1
3.039488179E1,-4.445481598E-1,1.844212711E-1,-6.934545636E-1
3.040487679E1,-4.705787003E-1,2.666957378E-1,-8.365767598E-1
3.041487179E1,-4.911260605E-1,3.189096749E-1,-9.597932100E-1
3.042486679E1,-5.064355135E-1,3.328410387E-1,-1.048053741E0
3.043486079E1,-5.238563418E-1,2.919481993E-1,-1.102100253E0
3.044485579E1,-5.453192592E-1,2.107639909E-1,-1.138781309E0
3.045485079E1,-5.632665753E-1,1.090331078E-1,-1.182383418E0
3.046484579E1,-5.859121680E-1,-6.892405916E-3,-1.236775637E0
3.047484079E1,-6.036240458E-1,-1.096558049E-1,-1.295209408E0
3.048483579E1,-6.182232499E-1,-1.767123640E-1,-1.360815763E0
3.049482979E1,-6.339686513E-1,-2.095243782E-1,-1.411975622E0
3.050482479E1,-6.615491509E-1,-2.126273811E-1,-1.431008577E0
3.051481979E1,-6.786738038E-1,-1.925577968E-1,-1.431465507E0
3.052481479E1,-6.969002485E-1,-1.599557847E-1,-1.428407907E0
3.053480979E1,-7.157716751E-1,-1.116154194E-1,-1.431646466E0
3.054480479E1,-7.324713469E-1,-4.603983834E-2,-1.454676867E0
3.055479879E1,-7.568440437E-1,4.254492931E-3,-1.489580512E0
3.056479379E1,-7.924589515E-1,9.485004470E-3,-1.516359091E0
3.057478879E1,-8.220935464E-1,-1.513565332E-2,-1.539134741E0
3.058478379E1,-8.542634845E-1,-7.267664373E-2,-1.559560061E0
3.059477879E1,-8.726712465E-1,-1.291449815E-1,-1.587031841E0
3.060477379E1,-8.801792264E-1,-1.688722521E-1,-1.631719232E0
3.061476779E1,-8.770025969E-1,-1.964165270E-1,-1.691779375E0
3.062476279E1,-8.665308356E-1,-2.240337431E-1,-1.736349344E0
3.063475779E1,-8.620538116E-1,-2.687253058E-1,-1.748745322E0
3.064475279E1,-8.824214339E-1,-3.683251739E-1,-1.715757728E0
3.065474779E1,-9.250447750E-1,-5.403265357E-1,-1.665569186E0
3.066474279E1,-9.623631239E-1,-7.543940544E-1,-1.617898703E0
3.067473679E1,-9.842370152E-1,-9.594369531E-1,-1.600476265E0
3.068473179E1,-1.006484270E0,-1.148057461E0,-1.627198100E0
3.069472679E1,-1.026593208E0,-1.273855567E0,-1.664917707E0
3.070472179E1,-1.033617854E0,-1.295392275E0,-1.701666832E0
3.071471679E1,-1.039093614E0,-1.234071374E0,-1.717253447E0
3.072471179E1,-1.055464268E0,-1.129486203E0,-1.704596519E0
3.073470579E1,-1.088323116E0,-1.012425661E0,-1.677964687E0
3.074470079E1,-1.115435719E0,-9.014227986E-1,-1.652609110E0
3.075469579E1,-1.149026155E0,-8.348112702E-1,-1.644149661E0
3.076469079E1,-1.171520114E0,-7.956124544E-1,-1.648660064E0
3.077468579E1,-1.171326399E0,-7.676988244E-1,-1.657326579E0
3.078468079E1,-1.155702233E0,-7.435171008E-1,-1.662468553E0
3.079467479E1,-1.137752771E0,-7.265562415E-1,-1.656355262E0
3.080466979E1,-1.137967944E0,-7.231058478E-1,-1.645187020E0
3.081466479E1,-1.150245905E0,-7.328380942E-1,-1.625137448E0
3.082465979E1,-1.171355486E0,-7.618392110E-1,-1.598641396E0
3.083465479E1,-1.188196778E0,-7.943026423E-1,-1.575430870E0
3.084464979E1,-1.194347024E0,-8.345236778E-1,-1.549636960E0
3.085464379E1,-1.187491894E0,-8.918559551E-1,-1.507542253E0
3.086463879E1,-1.176808834E0,-9.473115802E-1,-1.453914046E0
3.087463379E1,-1.164963603E0,-9.967459440E-1,-1.411853433E0
3.088462879E1,-1.163859725E0,-1.056380749E0,-1.392339587E0
3.089462379E1,-1.173395991E0,-1.123119235E0,-1.380051255E0
3.090461879E1,-1.215931416E0,-1.161345363E0,-1.370728731E0
3.091461279E1,-1.250682831E0,-1.177865386E0,-1.379887819E0
3.092460779E1,-1.271658421E0,-1.189370871E0,-1.377328992E0
3.093460279E1,-1.283122778E0,-1.205828428E0,-1.353166938E0
3.094459779E1,-1.281597614E0,-1.231319070E0,-1.303748488E0
3.095459279E1,-1.293010235E0,-1.300242782E0,-1.241899252E0
3.096458779E1,-1.311806083E0,-1.427079439E0,-1.181225657E0
3.097458179E1,-1.335974813E0,-1.601582289E0,-1.134800315E0
3.098457692E1,-1.352037907E0,-1.745678544E0,-1.102831364E0
3.099457192E1,-1.365982175E0,-1.809013367E0,-1.092451692E0
3.100456692E1,-1.375941157E0,-1.793890595E0,-1.109060049E0
3.101456192E1,-1.389423609E0,-1.734299421E0,-1.120758891E0
3.102455592E1,-1.391036153E0,-1.655562878E0,-1.113027215E0
3.103455092E1,-1.398405910E0,-1.572208285E0,-1.086391926E0
3.104454592E1,-1.385796189E0,-1.478768468E0,-1.045366883E0
3.105454092E1,-1.372800469E0,-1.374084949E0,-1.007302761E0
3.106453592E1,-1.342974901E0,-1.267640352E0,-9.775026441E-1
3.107453092E1,-1.319380641E0,-1.148211122E0,-9.571681023E-1
3.108452492E1,-1.295124292E0,-1.012755871E0,-9.665265679E-1
3.109451992E1,-1.265532017E0,-8.808785677E-1,-9.917302132E-1
3.110451492E1,-1.247220397E0,-7.730339170E-1,-1.020418406E0
3.111450992E1,-1.241938829E0,-7.005016804E-1,-1.033574700E0
3.112450492E1,-1.235694528E0,-6.596477628E-1,-1.011273623E0
3.113449992E1,-1.213099718E0,-6.440940499E-1,-9.568522573E-1
3.114449392E1,-1.183185458E0,-6.222732067E-1,-8.785654306E-1
3.115448892E1,-1.163545012E0,-5.933091640E-1,-8.086726069E-1
3.116448392E1,-1.146942258E0,-5.796750188E-1,-7.709228396E-1
3.117447892E1,-1.134060264E0,-5.982982516E-1,-7.688423991E-1
3.118447392E1,-1.123755693E0,-6.587669253E-1,-7.800396085E-1
3.119446892E1,-1.116707683E0,-7.584573030E-1,-7.837563157E-1
3.120446292E1,-1.123658538E0,-9.008803368E-1,-7.673670053E-1
3.121445792E1,-1.135338902E0,-1.088501096E0,-7.225598693E-1
3.122445292E1,-1.137951493E0,-1.300717235E0,-6.517783403E-1
3.123444792E1,-1.140179753E0,-1.499367714E0,-5.663111210E-1
3.124444292E1,-1.151548743E0,-1.660547972E0,-5.029574633E-1
3.125443792E1,-1.157064676E0,-1.799209714E0,-4.662575126E-1
3.126443192E1,-1.169137359E0,-1.918657780E0,-4.498984814E-1
3.127442692E1,-1.172434330E0,-2.036390781E0,-4.259004593E-1
3.128442192E1,-1.176008582E0,-2.159456730E0,-3.814164996E-1
3.129441692E1,-1.178534508E0,-2.296119213E0,-2.995629013E-1
3.130441192E1,-1.181092024E0,-2.465493679E0,-2.028801888E-1
3.131440692E1,-1.187839150E0,-2.660341740E0,-1.049480364E-1
3.132440092E1,-1.197859764E0,-2.863797665E0,-2.495453134E-2
3.133439592E1,-1.194632530E0,-3.056604385E0,3.614477813E-2
3.134439092E1,-1.180506349E0,-3.215768576E0,9.220404178E-2
3.135438592E1,-1.162996292E0,-3.331985950E0,1.564986110E-1
3.136438092E1,-1.145099640E0,-3.390951395E0,2.294964194E-1
3.137437492E1,-1.130525470E0,-3.389494181E0,3.149644434E-1
3.138436992E1,-1.127722263E0,-3.325008869E0,4.105874896E-1
3.139436492E1,-1.121461391E0,-3.203078032E0,5.127719045E-1
3.140435992E1,-1.123697400E0,-3.022006989E0,6.162834167E-1
3.141435492E1,-1.125584006E0,-2.785867214E0,7.093923092E-1
3.142434992E1,-1.120753527E0,-2.493519306E0,7.833895683E-1
3.143434392E1,-1.110502481E0,-2.152997494E0,8.273814917E-1
3.144433892E1,-1.096470356E0,-1.775837779E0,8.528192043E-1
3.145433392E1,-1.078814626E0,-1.381535292E0,8.653041124E-1
3.146432892E1,-1.055350900E0,-9.856550097E-1,8.676525354E-1
3.147432392E1,-1.025439262E0,-6.114696860E-1,8.653507829E-1
3.148431892E1,-9.985453486E-1,-2.745044529E-1,8.481743932E-1
3.149431292E1,-9.628014565E-1,7.551718503E-3,8.282856345E-1
3.150430792E1,-9.251813889E-1,2.226360291E-1,7.906951904E-1
3.151430292E1,-8.738220334E-1,3.717794418E-1,7.381513119E-1
3.152429792E1,-8.150655627E-1,4.497912228E-1,6.697787642E-1
3.153429292E1,-7.521707416E-1,4.633283317E-1,5.921052694E-1
3.154428792E1,-6.818278432E-1,4.141410887E-1,5.068458915E-1
3.155428192E1,-6.181969643E-1,3.124112785E-1,4.294430017E-1
3.156427692E1,-5.566928387E-1,1.780547947E-1,3.648384213E-1
3.157427192E1,-4.998402297E-1,3.155801818E-2,3.139414191E-1
3.158426692E1,-4.531486332E-1,-1.213392168E-1,2.745114863E-1
3.159426192E1,-4.166763723E-1,-2.751727402E-1,2.425253242E-1
3.160425592E1,-3.842174411E-1,-4.238748848E-1,2.135896534E-1
3.161425092E1,-3.478410542E-1,-5.622721314E-1,1.900667548E-1
3.162424592E1,-3.038893640E-1,-6.789061427E-1,1.660694629E-1
3.163424092E1,-2.580521107E-1,-7.769834399E-1,1.494489461E-1
3.164423592E1,-2.151831836E-1,-8.555279374E-1,1.424183547E-1
3.165423092E1,-1.711369008E-1,-9.091272950E-1,1.417738646E-1
3.166422492E1,-1.323921680E-1,-9.311420321E-1,1.410148591E-1
3.167421992E1,-9.364876151E-2,-9.058797956E-1,1.376374364E-1
3.168421492E1,-5.757411569E-2,-8.529865742E-1,1.477577388E-1
3.169420992E1,-3.056007624E-2,-7.748113275E-1,1.750255674E-1
3.170420492E1,-1.810096763E-2,-6.777384877E-1,2.113893181E-1
3.171419992E1,-3.606180893E-3,-5.698155165E-1,2.489209920E-1
3.172419392E1,5.218415521E-3,-4.547553957E-1,2.786579728E-1
3.173418892E1,1.746922173E-2,-3.327155113E-1,2.955493331E-1
3.174418392E1,2.683508210E-2,-2.268746644E-1,3.091699481E-1
3.175417892E1,3.744298220E-2,-1.240990236E-1,3.282571137E-1
3.176417392E1,4.949663952E-2,-3.429492936E-2,3.500717878E-1
3.177416892E1,6.767218560E-2,4.750779271E-2,3.743984401E-1
3.178416292E1,8.611623198E-2,1.178026944E-1,3.917237222E-1
3.179415792E1,1.019868106E-1,1.835699826E-1,4.013843238E-1
3.180415292E1,1.135842800E-1,2.428916693E-1,4.007261693E-1
3.181414792E1,1.211937293E-1,3.034876287E-1,3.928528130E-1
3.182414292E1,1.243192554E-1,3.746052384E-1,3.760944903E-1
3.183413692E1,1.291907132E-1,4.412750900E-1,3.586390615E-1
3.184413192E1,1.315297633E-1,5.014830232E-1,3.282792866E-1
3.185412692E1,1.347236931E-1,5.544967055E-1,2.903132737E-1
3.186412192E1,1.377309710E-1,5.926071405E-1,2.428212911E-1
3.187411692E1,1.341615319E-1,6.107179523E-1,1.900313199E-1
3.188411192E1,1.323502362E-1,6.097250581E-1,1.324901879E-1
3.189410592E1,1.319635510E-1,5.797807574E-1,8.115243167E-2
3.190410092E1,1.265997142E-1,5.272129774E-1,2.906274796E-2
3.191409592E1,1.160666570E-1,4.589159191E-1,-2.885514498E-2
3.192409092E1,1.061256006E-1,3.759770393E-1,-8.724918962E-2
3.193408592E1,9.756007791E-2,2.848175764E-1,-1.455319375E-1
3.194408092E1,8.671277761E-2,1.879863441E-1,-2.049910724E-1
3.195407492E1,7.940080762E-2,1.003835201E-1,-2.536795139E-1
3.196406992E1,7.666493207E-2,2.459255233E-2,-3.011567593E-1
3.197406492E1,7.439512014E-2,-2.899956703E-2,-3.512686491E-1
3.198406029E1,7.932802290E-2,-6.672274321E-2,-4.001542330E-1
3.199405529E1,9.801595658E-2,-9.023819119E-2,-4.541841745E-1
3.200405029E1,1.330280155E-1,-1.011326164E-1,-5.011013746E-1
3.201404429E1,1.830413789E-1,-1.019568667E-1,-5.521699190E-1
3.202403929E1,2.429483831E-1,-9.058430046E-2,-5.969371200E-1
3.203403429E1,3.050365448E-1,-5.574482679E-2,-6.415290833E-1
3.204402929E1,3.692863584E-1,3.356209025E-3,-6.957566738E-1
3.205402429E1,4.304996431E-1,7.407352328E-2,-7.497155070E-1
3.206401929E1,5.022476315E-1,1.420388520E-1,-7.704336643E-1
3.207401329E1,6.052866578E-1,2.184824944E-1,-7.565263510E-1
3.208400829E1,7.128924727E-1,3.140581548E-1,-7.223990560E-1
3.209400329E1,8.149656057E-1,4.413878918E-1,-6.826886535E-1
3.210399829E1,8.896598220E-1,5.704377890E-1,-6.681030393E-1
3.211399329E1,9.491758943E-1,6.875129938E-1,-6.743761301E-1
3.212398729E1,1.003418088E0,7.837460041E-1,-6.832294464E-1
3.213398229E1,1.066491008E0,8.488898873E-1,-6.816893220E-1
3.214397729E1,1.145982385E0,8.987597823E-1,-6.563117504E-1
3.215397229E1,1.230155826E0,9.515148997E-1,-6.098076105E-1
3.216396729E1,1.319734454E0,1.005082965E0,-5.433616638E-1
3.217396229E1,1.409912825E0,1.070653439E0,-4.658133090E-1
3.218395629E1,1.493041039E0,1.160342336E0,-3.893011510E-1
3.219395129E1,1.580151200E0,1.265298605E0,-3.263080716E-1
3.220394629E1,1.656569481E0,1.387380004E0,-2.834244370E-1
3.221394129E1,1.739147782E0,1.512326241E0,-2.633056045E-1
3.222393629E1,1.824351072E0,1.623189807E0,-2.516247630E-1
3.223393129E1,1.916558981E0,1.731112361E0,-2.381092310E-1
3.224392529E1,2.002367735E0,1.842090845E0,-2.099470198E-1
3.225392029E1,2.083845854E0,1.961529016E0,-1.611507237E-1
3.226391529E1,2.148563623E0,2.076199770E0,-9.647409618E-2
3.227391029E1,2.207505703E0,2.174631834E0,-3.199790046E-2
3.228390529E1,2.254823923E0,2.251801252E0,2.873816341E-2
3.229390029E1,2.290163755E0,2.284983635E0,7.550619543E-2
3.230389429E1,2.333257437E0,2.258271694E0,1.158138812E-1
3.231388929E1,2.377234221E0,2.184188843E0,1.554795206E-1
3.232388429E1,2.410516500E0,2.073343754E0,2.070119530E-1
3.233387929E1,2.436268806E0,1.935166597E0,2.804757953E-1
3.234387429E1,2.455807924E0,1.810442209E0,3.574914038E-1
3.235386829E1,2.469589949E0,1.718561530E0,4.190660715E-1
3.236386329E1,2.476696491E0,1.655716300E0,4.667464495E-1
3.237385829E1,2.491441250E0,1.615402699E0,5.206072927E-1
3.238385329E1,2.504471779E0,1.598905683E0,6.009780765E-1
3.239384829E1,2.500065804E0,1.585407734E0,7.152287364E-1
3.240384229E1,2.491199493E0,1.581379533E0,8.452382088E-1
3.241383729E1,2.465761185E0,1.590983152E0,9.630428553E-1
3.242383229E1,2.434895277E0,1.596877933E0,1.050477862E0
3.243382729E1,2.397320509E0,1.586821795E0,1.138037801E0
3.244382229E1,2.363918304E0,1.563619256E0,1.256517887E0
3.245381729E1,2.342652082E0,1.538577795E0,1.405174136E0
3.246381129E1,2.314607143E0,1.508565903E0,1.565159440E0
3.247380629E1,2.286109447E0,1.473592997E0,1.713336945E0
3.248380129E1,2.248058081E0,1.416023970E0,1.830024481E0
3.249379629E1,2.223642349E0,1.345870256E0,1.925461173E0
3.250379129E1,2.204279900E0,1.287934899E0,1.975468636E0
3.251378629E1,2.190319538E0,1.258231044E0,1.991783857E0
3.252378029E1,2.185215235E0,1.255897999E0,1.979812503E0
3.253377529E1,2.175458193E0,1.254721761E0,1.965854287E0
3.254377029E1,2.188614607E0,1.248254776E0,1.961892366E0
3.255376529E1,2.196018219E0,1.213302374E0,1.976829410E0
3.256376029E1,2.198199272E0,1.149769902E0,1.991475224E0
3.257375529E1,2.190490723E0,1.054979682E0,1.988481879E0
3.258374929E1,2.174104452E0,9.559415579E-1,1.955575705E0
3.259374429E1,2.157722950E0,8.899077177E-1,1.894484878E0
3.260373929E1,2.135353565E0,8.756958842E-1,1.805991054E0
3.261373429E1,2.130863667E0,9.160534143E-1,1.727344155E0
3.262372929E1,2.115382195E0,9.754694700E-1,1.699063540E0
3.263372329E1,2.093585491E0,1.060456514E0,1.714527965E0
3.264371829E1,2.042160749E0,1.144477010E0,1.730967641E0
3.265371329E1,1.996235967E0,1.179422021E0,1.731644869E0
3.266370829E1,1.952145457E0,1.190719008E0,1.708832622E0
3.267370329E1,1.906439304E0,1.191387773E0,1.684282541E0
3.268369829E1,1.871362209E0,1.187427044E0,1.640009999E0
3.269369229E1,1.812265635E0,1.191386938E0,1.585591793E0
3.270368729E1,1.762006164E0,1.185999990E0,1.528304458E0
3.271368229E1,1.700574279E0,1.144361138E0,1.488821149E0
3.272367729E1,1.632560015E0,1.077864170E0,1.478712201E0
3.273367229E1,1.560353994E0,1.006131172E0,1.478073597E0
3.274366729E1,1.493814945E0,9.390392900E-1,1.481757045E0
3.275366129E1,1.433499694E0,8.936231136E-1,1.474065542E0
3.276365629E1,1.370968103E0,8.618357778E-1,1.450605512E0
3.277365129E1,1.316746950E0,8.501634002E-1,1.415068746E0
3.278364629E1,1.264918923E0,8.635469079E-1,1.367010832E0
3.279364129E1,1.226297498E0,8.884519935E-1,1.309955001E0
3.280363529E1,1.193087578E0,9.257628918E-1,1.253528595E0
3.281363029E1,1.148804545E0,9.663817286E-1,1.205210924E0
3.282362529E1,1.098315954E0,9.990624189E-1,1.154697537E0
3.283362029E1,1.042364597E0,1.029681802E0,1.086017489E0
3.284361529E1,9.986451268E-1,1.047953844E0,1.009171844E0
3.285361029E1,9.556135535E-1,1.053015113E0,9.546036720E-1
3.286360429E1,9.173012972E-1,1.059462309E0,9.132040739E-1
3.287359929E1,8.809888363E-1,1.051023245E0,8.810474873E-1
3.288359429E1,8.286978602E-1,9.824925065E-1,8.571608067E-1
3.289358929E1,7.624469399E-1,8.764963150E-1,8.431931138E-1
3.290358429E1,6.830328703E-1,7.471765280E-1,8.273099065E-1
3.291357929E1,6.025710702E-1,6.036017537E-1,7.885148525E-1
3.292357329E1,5.219262838E-1,4.651771188E-1,7.162268162E-1
3.293356829E1,4.492541850E-1,3.480137289E-1,6.314941049E-1
3.294356329E1,3.780739605E-1,2.753168941E-1,5.564526916E-1
3.295355829E1,3.130345047E-1,2.479230762E-1,4.852232635E-1
3.296355329E1,2.486651540E-1,2.359522581E-1,4.098823071E-1
3.297354729E1,1.825431287E-1,2.441603988E-1,3.169987202E-1
3.298354229E1,1.275376976E-1,2.740798295E-1,2.132123262E-1
3.299353662E1,7.117854804E-2,3.095941544E-1,1.142442152E-1
3.300353162E1,7.508487906E-3,3.345095515E-1,2.442325652E-2
3.301352662E1,-4.938462377E-2,3.334765136E-1,-5.349737406E-2
3.302352163E1,-1.108804569E-1,3.048719466E-1,-1.319078058E-1
3.303351563E1,-1.746154875E-1,2.413206697E-1,-2.024863660E-1
3.304351063E1,-2.373763919E-1,1.712718755E-1,-2.830409706E-1
3.305350563E1,-2.962871194E-1,1.100495309E-1,-3.762809038E-1
3.306350062E1,-3.391379416E-1,7.366383076E-2,-4.731048346E-1
3.307349562E1,-3.796744347E-1,7.332587242E-2,-5.577534437E-1
3.308349063E1,-4.124416709E-1,1.085302606E-1,-6.237262487E-1
3.309348463E1,-4.341890216E-1,1.738552004E-1,-6.763864756E-1
3.310347963E1,-4.461626112E-1,2.513408661E-1,-7.293080688E-1
3.311347463E1,-4.626156092E-1,2.887292504E-1,-7.785221934E-1
3.312346962E1,-4.639333785E-1,3.005199730E-1,-8.160213232E-1
3.313346462E1,-4.703952670E-1,2.840147913E-1,-8.472609520E-1
3.314345862E1,-4.720246196E-1,2.451991290E-1,-8.648654222E-1
3.315345363E1,-4.788524210E-1,1.943372786E-1,-8.561198711E-1
3.316344863E1,-4.847395718E-1,1.516864598E-1,-8.462306261E-1
3.317344363E1,-4.964686930E-1,1.043077558E-1,-8.454502821E-1
3.318343862E1,-4.971743226E-1,5.979287997E-2,-8.614236116E-1
3.319343362E1,-4.969876409E-1,-5.793583114E-3,-8.831046224E-1
3.320342762E1,-5.031819344E-1,-9.465284646E-2,-8.889887333E-1
3.321342263E1,-5.216240883E-1,-1.766529083E-1,-8.823715448E-1
3.322341763E1,-5.214469433E-1,-2.432578951E-1,-8.843247294E-1
3.323341263E1,-5.200821161E-1,-3.119112551E-1,-9.046129584E-1
3.324340762E1,-5.205468535E-1,-3.704439402E-1,-9.185665250E-1
3.325340262E1,-5.165561438E-1,-4.037523568E-1,-9.191718698E-1
3.326339662E1,-5.235416293E-1,-4.141830802E-1,-9.139554501E-1
3.327339162E1,-5.303694010E-1,-4.257366657E-1,-9.193140268E-1
3.328338663E1,-5.485804081E-1,-4.582467973E-1,-9.347618818E-1
3.329338163E1,-5.706247091E-1,-4.866030812E-1,-9.499717355E-1
3.330337663E1,-5.975146294E-1,-4.802747667E-1,-1.002918005E0
3.331337063E1,-6.020726562E-1,-4.334092438E-1,-1.079645991E0
3.332336562E1,-5.937305689E-1,-3.395899832E-1,-1.142960191E0
3.333336062E1,-5.822115541E-1,-2.199219167E-1,-1.153760910E0
3.334335563E1,-5.885360241E-1,-1.051940024E-1,-1.129765034E0
3.335335063E1,-6.002318859E-1,-6.081641838E-2,-1.103097439E0
3.336334563E1,-6.139071584E-1,-1.039318293E-1,-1.091058969E0
3.337333963E1,-6.274147034E-1,-1.982745826E-1,-1.095303535E0
3.338333462E1,-6.455622315E-1,-3.137676418E-1,-1.105623603E0
3.339332962E1,-6.583318710E-1,-4.006809890E-1,-1.112287283E0
3.340332463E1,-6.678332686E-1,-4.267740250E-1,-1.120309949E0
3.341331963E1,-6.712203026E-1,-3.883621991E-1,-1.130227566E0
3.342331363E1,-6.705479026E-1,-3.027924299E-1,-1.139597535E0
3.343330863E1,-6.746014953E-1,-2.160048187E-1,-1.144217849E0
3.344330362E1,-6.813298464E-1,-1.557456255E-1,-1.143103004E0
3.345329862E1,-6.879813671E-1,-1.248518974E-1,-1.145316362E0
3.346329363E1,-6.889744997E-1,-1.327155083E-1,-1.145772099E0
3.347328863E1,-6.916363239E-1,-1.616307795E-1,-1.149798989E0
3.348328263E1,-6.930603385E-1,-1.962006092E-1,-1.162330627E0
3.349327763E1,-6.928717494E-1,-2.245145440E-1,-1.171162724E0
3.350327262E1,-7.043175101E-1,-2.545486093E-1,-1.183753133E0
3.351326762E1,-7.159048915E-1,-2.856281996E-1,-1.193439484E0
3.352326262E1,-7.423127890E-1,-3.338191807E-1,-1.216382265E0
3.353325763E1,-7.648588419E-1,-3.922958076E-1,-1.242430925E0
3.354325163E1,-7.786085010E-1,-4.396728277E-1,-1.265656948E0
3.355324663E1,-7.834626436E-1,-4.549721479E-1,-1.281896353E0
3.356324163E1,-7.977233529E-1,-4.424508810E-1,-1.300349474E0
3.357323662E1,-8.014685512E-1,-4.079512358E-1,-1.312637568E0
3.358323162E1,-8.086798787E-1,-3.457128108E-1,-1.335437179E0
3.359322562E1,-8.158956766E-1,-2.800150216E-1,-1.371205807E0
3.360322063E1,-8.242090344E-1,-2.347958386E-1,-1.430136919E0
3.361321563E1,-8.251768351E-1,-2.324051261E-1,-1.495101571E0
3.362321063E1,-8.226305842E-1,-2.782559693E-1,-1.528205395E0
3.363320562E1,-8.428934813E-1,-3.679174185E-1,-1.526086926E0
3.364320062E1,-8.612192273E-1,-4.834344089E-1,-1.504651070E0
3.365319462E1,-8.879054785E-1,-6.000267863E-1,-1.487575412E0
3.366318963E1,-9.125671387E-1,-6.996076107E-1,-1.478659630E0
3.367318463E1,-9.354415536E-1,-7.486699224E-1,-1.473834753E0
3.368317963E1,-9.515288472E-1,-7.477311492E-1,-1.479869008E0
3.369317462E1,-9.613229036E-1,-6.918436885E-1,-1.496181965E0
3.370316862E1,-9.801046252E-1,-6.189699173E-1,-1.505698085E0
3.371316362E1,-9.809645414E-1,-5.484757423E-1,-1.514842391E0
3.372315862E1,-9.834840894E-1,-5.012353659E-1,-1.518183947E0
3.373315363E1,-9.914589524E-1,-5.066783428E-1,-1.498061657E0
3.374314863E1,-1.002047300E0,-5.612701774E-1,-1.468381405E0
3.375314362E1,-1.019015908E0,-6.373329759E-1,-1.439376593E0
3.376313762E1,-1.048329592E0,-7.383837700E-1,-1.414811134E0
3.377313262E1,-1.069888949E0,-8.354088664E-1,-1.395107985E0
3.378312762E1,-1.078454256E0,-8.988491893E-1,-1.374677181E0
3.379312263E1,-1.076618075E0,-9.112414122E-1,-1.360027313E0
3.380311763E1,-1.059675336E0,-8.573025465E-1,-1.364515066E0
3.381311263E1,-1.036350250E0,-7.589096427E-1,-1.390232682E0
3.382310663E1,-1.019107580E0,-6.669539213E-1,-1.416915298E0
3.383310162E1,-9.995742440E-1,-6.083580256E-1,-1.431915522E0
3.384309662E1,-9.923546314E-1,-6.027188897E-1,-1.414838672E0
3.385309163E1,-9.988746047E-1,-6.469055414E-1,-1.378989577E0
3.386308663E1,-1.014890194E0,-6.904233098E-1,-1.331705809E0
3.387308063E1,-1.026581764E0,-7.095828652E-1,-1.295288682E0
3.388307563E1,-1.036466956E0,-7.153142691E-1,-1.249254227E0
3.389307062E1,-1.054599524E0,-6.744182110E-1,-1.195999265E0
3.390306562E1,-1.045358539E0,-5.851793885E-1,-1.154998422E0
3.391306063E1,-1.027697206E0,-4.645744264E-1,-1.134919524E0
3.392305563E1,-1.008933306E0,-3.542561829E-1,-1.116203189E0
3.393304963E1,-9.884176850E-1,-2.590335310E-1,-1.106394053E0
3.394304463E1,-9.767570496E-1,-1.963367909E-1,-1.099499464E0
3.395303962E1,-9.789719582E-1,-1.940992028E-1,-1.095025182E0
3.396303462E1,-1.003132463E0,-2.708106935E-1,-1.084820151E0
3.397302962E1,-1.037541032E0,-4.305513501E-1,-1.064547420E0
3.398302362E1,-1.077998042E0,-6.797065139E-1,-1.030473948E0
3.399301817E1,-1.108212233E0,-9.776644111E-1,-9.835581183E-1
3.400301317E1,-1.139528394E0,-1.263415694E0,-9.234738350E-1
3.401300817E1,-1.162522435E0,-1.456094623E0,-8.700035810E-1
3.402300317E1,-1.185108066E0,-1.537214875E0,-8.435096741E-1
3.403299817E1,-1.203757405E0,-1.547854424E0,-8.491076231E-1
3.404299217E1,-1.224531293E0,-1.540008664E0,-8.661928177E-1
3.405298717E1,-1.243408084E0,-1.549760699E0,-8.802518845E-1
3.406298217E1,-1.272552252E0,-1.598047972E0,-8.838957548E-1
3.407297717E1,-1.301762819E0,-1.711995602E0,-8.767942190E-1
3.408297217E1,-1.335887790E0,-1.902991772E0,-8.549816608E-1
3.409296617E1,-1.373769403E0,-2.155846119E0,-8.205027580E-1
3.410296117E1,-1.400210977E0,-2.441026449E0,-7.767873406E-1
3.411295617E1,-1.428005934E0,-2.729454517E0,-7.238698006E-1
3.412295117E1,-1.451376796E0,-2.995087862E0,-6.686267257E-1
3.413294617E1,-1.474708438E0,-3.233509541E0,-6.088491678E-1
3.414294117E1,-1.493890643E0,-3.443870783E0,-5.440826416E-1
3.415293517E1,-1.511771321E0,-3.641338587E0,-4.536902308E-1
3.416293017E1,-1.525924206E0,-3.816699743E0,-3.420408964E-1
3.417292517E1,-1.539002419E0,-3.971750259E0,-2.192049921E-1
3.418292017E1,-1.544817209E0,-4.102841854E0,-9.162944555E-2
3.419291517E1,-1.545591950E0,-4.188360691E0,3.390956670E-2
3.420290917E1,-1.546851397E0,-4.243771076E0,1.515732110E-1
3.421290417E1,-1.540088654E0,-4.264870644E0,2.566532791E-1
3.422289917E1,-1.525597930E0,-4.217281342E0,3.342464566E-1
3.423289417E1,-1.500749111E0,-4.106780052E0,4.180239141E-1
3.424288917E1,-1.469376802E0,-3.939763069E0,5.271106958E-1
3.425288417E1,-1.422110438E0,-3.730160475E0,6.556550264E-1
3.426287817E1,-1.377893686E0,-3.477824211E0,7.919354439E-1
3.427287317E1,-1.336128712E0,-3.225705624E0,9.255174398E-1
3.428286817E1,-1.294787884E0,-2.986314058E0,1.049115181E0
3.429286317E1,-1.255582690E0,-2.759947062E0,1.151399970E0
3.430285817E1,-1.204693794E0,-2.568974972E0,1.213024735E0
3.431285317E1,-1.123542309E0,-2.423766613E0,1.216364861E0
3.432284717E1,-9.990921021E-1,-2.285917044E0,1.131366730E0
3.433284217E1,-8.232589960E-1,-2.128430128E0,9.782541990E-1
3.434283717E1,-6.224244833E-1,-1.932634473E0,8.037718534E-1
3.435283217E1,-4.190926552E-1,-1.694284678E0,6.691892743E-1
3.436282717E1,-2.376965433E-1,-1.387911439E0,6.009021401E-1
3.437282117E1,-1.053576767E-1,-1.014669895E0,6.023647785E-1
3.438281617E1,-2.045393363E-2,-5.998218656E-1,6.369261146E-1
3.439281117E1,2.658814378E-2,-1.634253561E-1,6.777942181E-1
3.440280617E1,3.848605230E-2,2.368453592E-1,6.951676607E-1
3.441280117E1,3.820988163E-2,5.357713699E-1,6.721909642E-1
3.442279617E1,3.117835149E-2,7.210001945E-1,6.214020848E-1
3.443279017E1,1.956803538E-2,8.095127344E-1,5.659676194E-1
3.444278517E1,1.437223237E-2,8.116953969E-1,5.235686898E-1
3.445278017E1,1.533975918E-2,7.410611510E-1,4.926198125E-1
3.446277517E1,1.879118383E-2,6.269215345E-1,4.688511789E-1
3.447277017E1,2.965501696E-2,4.864571095E-1,4.453392029E-1
3.448276417E1,4.027385637E-2,3.519306481E-1,4.116581380E-1
3.449275917E1,5.201387033E-2,2.420060039E-1,3.626067042E-1
3.450275417E1,5.885071307E-2,1.598965526E-1,3.054180741E-1
3.451274917E1,5.860410631E-2,1.105212718E-1,2.424830347E-1
3.452274417E1,5.846134201E-2,7.949608564E-2,1.845707893E-1
3.453273917E1,4.282059520E-2,6.110322475E-2,1.400840133E-1
3.454273317E1,2.657877840E-2,4.228456691E-2,1.012090370E-1
3.455272817E1,3.971204627E-3,2.012253925E-2,6.717890501E-2
3.456272317E1,-2.085715905E-2,-9.358220734E-3,3.442090377E-2
3.457271817E1,-4.259814322E-2,-4.843611270E-2,6.208439358E-3
3.458271317E1,-6.300321966E-2,-8.688553423E-2,-2.441727370E-2
3.459270817E1,-7.475361973E-2,-1.278004795E-1,-4.681845382E-2
3.460270217E1,-8.202537894E-2,-1.542707086E-1,-7.373848557E-2
3.461269717E1,-8.440677822E-2,-1.626586020E-1,-1.024060845E-1
3.462269217E1,-8.083046973E-2,-1.508961171E-1,-1.168743670E-1
3.463268717E1,-7.391424477E-2,-1.222088039E-1,-1.262753308E-1
3.464268217E1,-5.827912688E-2,-7.985286415E-2,-1.280816495E-1
3.465267617E1,-3.900849447E-2,-2.156292275E-2,-1.254256666E-1
3.466267117E1,-1.585837454E-2,5.399198830E-2,-1.325500607E-1
3.467266617E1,1.135140937E-2,1.348010898E-1,-1.541717350E-1
3.468266117E1,4.035027698E-2,2.090854943E-1,-1.876063198E-1
3.469265617E1,7.677220553E-2,2.803207934E-1,-2.236740440E-1
3.470265117E1,1.111427397E-1,3.370524049E-1,-2.491278648E-1
3.471264517E1,1.578034610E-1,3.689070046E-1,-2.688145041E-1
3.472264017E1,2.064226121E-1,3.929427862E-1,-2.774393260E-1
3.473263517E1,2.567254603E-1,4.142739177E-1,-2.833451331E-1
3.474263017E1,3.106044233E-1,4.289907217E-1,-2.953501046E-1
3.475262517E1,3.630716205E-1,4.395940900E-1,-3.112161756E-1
3.476261917E1,4.195710719E-1,4.558214545E-1,-3.284566402E-1
3.477261417E1,4.677878916E-1,4.621714950E-1,-3.523508012E-1
3.478260917E1,5.209372044E-1,4.713218212E-1,-3.815762103E-1
3.479260417E1,5.769410729E-1,4.881087840E-1,-4.079284370E-1
3.480259917E1,6.287637353E-1,5.089359879E-1,-4.184893072E-1
3.481259417E1,6.769261956E-1,5.476484895E-1,-4.120995700E-1
3.482258817E1,7.241882086E-1,6.076489091E-1,-4.024346769E-1
3.483258317E1,7.663090825E-1,6.870515347E-1,-4.008450210E-1
3.484257817E1,8.065081239E-1,7.890841365E-1,-4.191162288E-1
3.485257317E1,8.514074683E-1,8.950966001E-1,-4.340227544E-1
3.486256817E1,8.909000158E-1,9.968935251E-1,-4.390168786E-1
3.487256217E1,9.287768006E-1,1.085170627E0,-4.261950850E-1
3.488255717E1,9.786517024E-1,1.151832104E0,-4.012735486E-1
3.489255217E1,1.034270644E0,1.195228577E0,-3.775410652E-1
3.490254717E1,1.088183522E0,1.223764181E0,-3.590700030E-1
3.491254217E1,1.142103791E0,1.237323165E0,-3.512850404E-1
3.492253717E1,1.195152760E0,1.228479147E0,-3.383126855E-1
3.493253117E1,1.249372363E0,1.199212909E0,-3.205517828E-1
3.494252617E1,1.308388352E0,1.176436305E0,-2.933476567E-1
3.495252117E1,1.372845173E0,1.169670105E0,-2.596839666E-1
3.496251617E1,1.429156184E0,1.190335274E0,-2.219083160E-1
3.497251117E1,1.486805081E0,1.233330369E0,-1.899668872E-1
3.498250517E1,1.542977691E0,1.297874928E0,-1.649060398E-1
3.499250025E1,1.609153509E0,1.394270658E0,-1.360126138E-1
3.500249525E1,1.671860099E0,1.517635107E0,-8.872716129E-2
3.501249025E1,1.743507624E0,1.672472358E0,-1.602419466E-2
3.502248525E1,1.818577886E0,1.859561920E0,6.090977788E-2
3.503248025E1,1.865134478E0,2.082163572E0,1.325464100E-1
3.504247425E1,1.896911263E0,2.302596092E0,1.825275272E-1
3.505246925E1,1.915785909E0,2.482605696E0,1.960846037E-1
3.506246425E1,1.932430267E0,2.597998857E0,2.043751180E-1
3.507245925E1,1.947789192E0,2.649914742E0,2.292152196E-1
3.508245425E1,1.968707204E0,2.655877829E0,2.844128311E-1
3.509244925E1,2.010063648E0,2.622698784E0,3.832922578E-1
3.510244325E1,2.029721975E0,2.579298735E0,5.019466877E-1
3.511243825E1,2.035641670E0,2.484971285E0,6.114500761E-1
3.512243325E1,2.032998800E0,2.315419436E0,6.838125587E-1
3.513242825E1,2.028040409E0,2.074148655E0,7.370075583E-1
3.514242325E1,2.018307686E0,1.799128652E0,7.886558175E-1
3.515241725E1,2.003927708E0,1.549271703E0,8.463675976E-1
3.516241225E1,1.993725061E0,1.352927804E0,8.977570534E-1
3.517240725E1,1.985263109E0,1.222553849E0,9.256406426E-1
3.518240225E1,1.972045541E0,1.124845743E0,9.543870687E-1
3.519239725E1,1.962508321E0,1.059598088E0,1.000099182E0
3.520239125E1,1.947737575E0,1.025950313E0,1.064383626E0
3.521238625E1,1.943037152E0,1.031993270E0,1.136838317E0
3.522238125E1,1.926171184E0,1.069697261E0,1.190844178E0
3.523237625E1,1.903306842E0,1.119814515E0,1.211260557E0
3.524237125E1,1.891153574E0,1.164894223E0,1.214171886E0
3.525236625E1,1.886397958E0,1.212527752E0,1.217351198E0
3.526236025E1,1.886862397E0,1.275067210E0,1.220582962E0
3.527235525E1,1.888140678E0,1.341895223E0,1.227911949E0
3.528235025E1,1.885529876E0,1.398961067E0,1.234366775E0
3.529234525E1,1.880126357E0,1.415007353E0,1.237314582E0
3.530234025E1,1.868769765E0,1.372113705E0,1.256497145E0
3.531233425E1,1.876667976E0,1.281535864E0,1.296014428E0
3.532232925E1,1.873975754E0,1.173335195E0,1.336712360E0
3.533232425E1,1.871561289E0,1.064614892E0,1.355946183E0
3.534231925E1,1.853055835E0,9.478551745E-1,1.339910507E0
3.535231425E1,1.840495825E0,8.457797170E-1,1.311413646E0
3.536230925E1,1.832043529E0,7.747697830E-1,1.284172297E0
3.537230325E1,1.836778283E0,7.313149571E-1,1.280799389E0
3.538229825E1,1.846461535E0,7.005476952E-1,1.303603053E0
3.539229325E1,1.841756821E0,7.012683749E-1,1.335083008E0
3.540228825E1,1.832647085E0,7.025026679E-1,1.350878835E0
3.541228325E1,1.814363956E0,6.768764257E-1,1.358236432E0
3.542227725E1,1.802285671E0,6.419487000E-1,1.350086093E0
3.543227225E1,1.785636187E0,6.156760454E-1,1.335143805E0
3.544226725E1,1.751610637E0,6.130613089E-1,1.316477895E0
3.545226225E1,1.732634544E0,6.380947232E-1,1.301104546E0
3.546225725E1,1.716422200E0,6.784352660E-1,1.294949651E0
3.547225225E1,1.704903483E0,6.936209202E-1,1.290899038E0
3.548224625E1,1.685331583E0,6.653380394E-1,1.283729196E0
3.549224125E1,1.659290075E0,5.935155153E-1,1.273821473E0
3.550223625E1,1.610062599E0,4.935826063E-1,1.269085288E0
3.551223125E1,1.573471785E0,4.080109894E-1,1.272424459E0
3.552222625E1,1.527726173E0,3.486852646E-1,1.271593094E0
3.553222025E1,1.486549973E0,3.198517561E-1,1.260181427E0
3.554221525E1,1.453934789E0,3.430586159E-1,1.219124198E0
3.555221025E1,1.440425873E0,4.145477116E-1,1.158425689E0
3.556220525E1,1.429434419E0,4.789912105E-1,1.092056513E0
3.557220025E1,1.413252711E0,5.177519321E-1,1.044973373E0
3.558219525E1,1.394039273E0,5.258635879E-1,1.028360128E0
3.559218925E1,1.366948485E0,5.133400559E-1,1.026585579E0
3.560218425E1,1.332922935E0,4.936433434E-1,1.027614951E0
3.561217925E1,1.298166990E0,4.743282199E-1,1.009506702E0
3.562217425E1,1.256837606E0,4.788599610E-1,9.784265161E-1
3.563216925E1,1.232473135E0,5.339642763E-1,9.269875884E-1
3.564216325E1,1.213166356E0,6.300258040E-1,8.639032245E-1
3.565215825E1,1.195199847E0,7.256133556E-1,8.123494983E-1
3.566215325E1,1.178678751E0,8.058778644E-1,7.881819010E-1
3.567214825E1,1.148709059E0,8.565444946E-1,7.893075943E-1
3.568214325E1,1.111164927E0,8.431465626E-1,7.925639153E-1
3.569213825E1,1.073333621E0,7.882164717E-1,7.849414349E-1
3.570213225E1,1.036979318E0,7.437743545E-1,7.459068894E-1
3.571212725E1,1.004217982E0,7.191275954E-1,6.976099014E-1
3.572212225E1,9.789211750E-1,7.299934626E-1,6.516287923E-1
3.573211725E1,9.429088831E-1,7.565174699E-1,6.120004058E-1
3.574211225E1,9.101740718E-1,7.707376480E-1,5.892132521E-1
3.575210625E1,8.695832491E-1,7.755960226E-1,5.691586137E-1
3.576210125E1,8.255971074E-1,7.477276325E-1,5.404976010E-1
3.577209625E1,7.803955078E-1,6.825145483E-1,5.152587891E-1
3.578209125E1,7.165310979E-1,5.771778822E-1,5.021532774E-1
3.579208625E1,6.406592727E-1,4.475985169E-1,4.977734387E-1
3.580208125E1,5.647498369E-1,3.031995296E-1,4.912556112E-1
3.581207525E1,4.806906283E-1,1.454213709E-1,4.691388607E-1
3.582207025E1,4.036906064E-1,1.325807348E-2,4.169420302E-1
3.583206525E1,3.402535915E-1,-5.990535393E-2,3.288734257E-1
3.584206025E1,2.833053768E-1,-7.175199687E-2,2.163444161E-1
3.585205525E1,2.216728926E-1,-3.379742056E-2,1.223494783E-1
3.586204925E1,1.498522311E-1,4.640420899E-2,6.346832216E-2
3.587204425E1,6.364358962E-2,1.258473694E-1,2.989730984E-2
3.588203925E1,-2.770628780E-2,1.692455113E-1,1.033950131E-3
3.589203425E1,-1.115354076E-1,1.736413240E-1,-4.349596798E-2
3.590202925E1,-1.849931329E-1,1.460242867E-1,-1.180468798E-1
3.591202325E1,-2.616013288E-1,1.058917716E-1,-1.980548948E-1
3.592201825E1,-3.305759132E-1,8.027845621E-2,-2.796181738E-1
3.593201325E1,-4.002245069E-1,8.679680526E-2,-3.511693180E-1
3.594200825E1,-4.595109522E-1,1.008178815E-1,-4.128159285E-1
3.595200325E1,-5.194627047E-1,1.142500713E-1,-4.605946541E-1
3.596199825E1,-5.637359619E-1,1.271553785E-1,-5.091847181E-1
3.597199225E1,-6.022644639E-1,1.326316446E-1,-5.685436130E-1
3.598198725E1,-6.282435060E-1,1.351017505E-1,-6.275955439E-1
3.599198242E1,-6.426951885E-1,1.454244405E-1,-6.748472452E-1
3.600197742E1,-6.564967036E-1,1.666859686E-1,-7.109231949E-1
3.601197242E1,-6.732544303E-1,1.702551544E-1,-7.352429032E-1
3.602196742E1,-6.942385435E-1,1.543297768E-1,-7.372833490E-1
3.603196142E1,-7.121464610E-1,1.273660660E-1,-7.404648066E-1
3.604195642E1,-7.334221601E-1,6.953988969E-2,-7.439872622E-1
3.605195142E1,-7.552866936E-1,-6.077905651E-3,-7.456253767E-1
3.606194642E1,-7.710462213E-1,-7.543807477E-2,-7.483553886E-1
3.607194142E1,-7.841426134E-1,-1.137171164E-1,-7.437993288E-1
3.608193542E1,-7.936272025E-1,-1.034147814E-1,-7.458645701E-1
3.609193042E1,-7.925659418E-1,-5.500543863E-2,-7.559406161E-1
3.610192542E1,-7.954583764E-1,2.930674702E-2,-7.829683423E-1
3.611192042E1,-7.996656895E-1,1.261608601E-1,-8.254886866E-1
3.612191542E1,-7.984139323E-1,2.082491219E-1,-8.719271421E-1
3.613190942E1,-8.013604283E-1,2.474295646E-1,-9.094044566E-1
3.614190442E1,-7.982847095E-1,2.415225059E-1,-9.325457811E-1
3.615189942E1,-7.995694280E-1,1.894569099E-1,-9.564338923E-1
3.616189442E1,-8.005107045E-1,8.452642709E-2,-9.813242555E-1
3.617188942E1,-8.121140599E-1,-6.817496568E-2,-9.979754686E-1
3.618188442E1,-8.228907585E-1,-2.202508152E-1,-1.006030560E0
3.619187842E1,-8.378412127E-1,-3.362647593E-1,-1.022313952E0
3.620187342E1,-8.537962437E-1,-4.034607112E-1,-1.061879039E0
3.621186842E1,-8.597412109E-1,-4.191606045E-1,-1.114938021E0
3.622186342E1,-8.573709726E-1,-3.867303431E-1,-1.165209532E0
3.623185842E1,-8.588240147E-1,-3.213678300E-1,-1.192026734E0
3.624185242E1,-8.725099564E-1,-2.586320341E-1,-1.192318678E0
3.625184742E1,-8.803660274E-1,-2.363464385E-1,-1.175410748E0
3.626184242E1,-8.929340839E-1,-2.589753568E-1,-1.151198506E0
3.627183742E1,-9.158210158E-1,-3.254734278E-1,-1.131156683E0
3.628183242E1,-9.406235814E-1,-4.323753715E-1,-1.125022054E0
3.629182742E1,-9.690240622E-1,-5.447059274E-1,-1.124604702E0
3.630182142E1,-9.976639152E-1,-6.345694661E-1,-1.138943315E0
3.631181642E1,-1.014049649E0,-6.658706665E-1,-1.169318795E0
3.632181142E1,-1.040384293E0,-6.406925917E-1,-1.220060110E0
3.633180642E1,-1.058213115E0,-5.792526603E-1,-1.256486893E0
3.634180142E1,-1.065541506E0,-4.850949049E-1,-1.261543036E0
3.635179542E1,-1.075426102E0,-3.800316155E-1,-1.243383169E0
3.636179042E1,-1.085588813E0,-2.881546617E-1,-1.222780943E0
3.637178542E1,-1.105752826E0,-2.309486419E-1,-1.223414540E0
3.638178042E1,-1.129411817E0,-2.097424567E-1,-1.229294181E0
3.639177542E1,-1.142425656E0,-2.079754472E-1,-1.239286900E0
3.640176942E1,-1.142379284E0,-2.200188190E-1,-1.254803777E0
3.641176442E1,-1.140794992E0,-2.455518842E-1,-1.271514535E0
3.642175942E1,-1.130467296E0,-2.676033676E-1,-1.279532075E0
3.643175442E1,-1.118824244E0,-2.706215084E-1,-1.286092758E0
3.644174942E1,-1.116915464E0,-2.526544631E-1,-1.289735317E0
3.645174442E1,-1.132923484E0,-2.253307104E-1,-1.305330038E0
3.646173842E1,-1.141867518E0,-1.878458112E-1,-1.320606232E0
3.647173342E1,-1.141683221E0,-1.418551505E-1,-1.322013736E0
3.648172842E1,-1.122162700E0,-1.085400954E-1,-1.310660362E0
3.649172342E1,-1.109243512E0,-1.084775105E-1,-1.291231513E0
3.650171842E1,-1.085722446E0,-1.388862282E-1,-1.266190171E0
3.651171242E1,-1.060545206E0,-1.877637506E-1,-1.249601364E0
3.652170742E1,-1.055487871E0,-2.473731786E-1,-1.237620831E0
3.653170242E1,-1.049467802E0,-3.101220429E-1,-1.252369165E0
3.654169742E1,-1.048196673E0,-3.732397258E-1,-1.267148733E0
3.655169242E1,-1.051792145E0,-4.257341027E-1,-1.272280097E0
3.656168642E1,-1.047150850E0,-4.442204535E-1,-1.269106746E0
3.657168142E1,-1.031755090E0,-4.241665602E-1,-1.255968928E0
3.658167642E1,-1.009012938E0,-3.926353753E-1,-1.221951604E0
3.659167142E1,-9.930171967E-1,-3.537729084E-1,-1.175873399E0
3.660166642E1,-9.811694026E-1,-3.322547078E-1,-1.136001945E0
3.661166142E1,-9.892390370E-1,-3.495295644E-1,-1.112793922E0
3.662165542E1,-9.987587929E-1,-3.893464804E-1,-1.110445738E0
3.663165042E1,-1.000097275E0,-4.427766800E-1,-1.134489894E0
3.664164542E1,-9.880611300E-1,-4.930014908E-1,-1.169625163E0
3.665164042E1,-9.705132842E-1,-5.232608318E-1,-1.205178618E0
3.666163542E1,-9.567030072E-1,-5.176462531E-1,-1.223798752E0
3.667162942E1,-9.464617968E-1,-5.044599175E-1,-1.225341797E0
3.668162442E1,-9.463310242E-1,-4.818175733E-1,-1.207374215E0
3.669161942E1,-9.493609071E-1,-4.785504341E-1,-1.179984331E0
3.670161442E1,-9.623057246E-1,-4.889506400E-1,-1.155181527E0
3.671160942E1,-9.884060025E-1,-5.347692370E-1,-1.134914398E0
3.672160342E1,-1.024361849E0,-6.086132526E-1,-1.110332131E0
3.673159842E1,-1.050153255E0,-6.736697555E-1,-1.082551956E0
3.674159342E1,-1.068397760E0,-6.862998605E-1,-1.065805793E0
3.675158842E1,-1.077340722E0,-6.541805267E-1,-1.079894900E0
3.676158342E1,-1.072634935E0,-6.038730145E-1,-1.116455674E0
3.677157842E1,-1.077879667E0,-5.657789111E-1,-1.146487355E0
3.678157242E1,-1.081831813E0,-5.456917882E-1,-1.148305655E0
3.679156742E1,-1.096162558E0,-5.498061180E-1,-1.128090143E0
3.680156242E1,-1.115281105E0,-5.905714631E-1,-1.092312813E0
3.681155742E1,-1.144473076E0,-6.877392530E-1,-1.051073313E0
3.682155242E1,-1.169692993E0,-8.389561176E-1,-1.009027243E0
3.683154642E1,-1.181865454E0,-1.007834315E0,-9.664007425E-1
3.684154142E1,-1.180226564E0,-1.142600775E0,-9.271020889E-1
3.685153642E1,-1.166602135E0,-1.214884281E0,-9.057869911E-1
3.686153142E1,-1.158391595E0,-1.229862928E0,-9.073246121E-1
3.687152642E1,-1.152907133E0,-1.224510193E0,-9.293708205E-1
3.688152142E1,-1.153567553E0,-1.223975420E0,-9.491273761E-1
3.689151542E1,-1.157425165E0,-1.250209451E0,-9.556673169E-1
3.690151042E1,-1.160087466E0,-1.311137676E0,-9.318587184E-1
3.691150542E1,-1.169243217E0,-1.417118192E0,-8.902396560E-1
3.692150042E1,-1.173934579E0,-1.558539748E0,-8.206642270E-1
3.693149542E1,-1.180400252E0,-1.716336250E0,-7.564098835E-1
3.694148942E1,-1.183547497E0,-1.881334424E0,-7.085478902E-1
3.695148442E1,-1.184208512E0,-2.055456877E0,-6.834518313E-1
3.696147942E1,-1.185582519E0,-2.236125946E0,-6.682912707E-1
3.697147442E1,-1.186582446E0,-2.422431946E0,-6.408500671E-1
3.698146942E1,-1.194717646E0,-2.610977650E0,-5.874934196E-1
3.699146342E1,-1.219233155E0,-2.810951471E0,-5.172895193E-1
3.700145842E1,-1.242476702E0,-3.029075623E0,-4.433977306E-1
3.701145342E1,-1.266214490E0,-3.255465984E0,-3.714705408E-1
3.702144842E1,-1.283727407E0,-3.478185654E0,-3.170548081E-1
3.703144342E1,-1.291309714E0,-3.683392048E0,-2.719973326E-1
3.704143742E1,-1.288595080E0,-3.849217176E0,-2.267748266E-1
3.705143242E1,-1.276377320E0,-3.959371090E0,-1.675242782E-1
3.706142742E1,-1.264663696E0,-3.991147757E0,-9.724641591E-2
3.707142242E1,-1.254720807E0,-3.914795399E0,-2.490057983E-2
3.708141742E1,-1.245484114E0,-3.742738485E0,3.825529665E-2
3.709141242E1,-1.236902118E0,-3.526657104E0,8.490642160E-2
3.710140642E1,-1.225244880E0,-3.275248051E0,1.299369931E-1
3.711140142E1,-1.217172623E0,-3.017415524E0,1.907619983E-1
3.712139642E1,-1.215481281E0,-2.752429962E0,2.541057467E-1
3.713139142E1,-1.225685120E0,-2.498431921E0,3.266638219E-1
3.714138642E1,-1.233690858E0,-2.254968405E0,4.048243463E-1
3.715138042E1,-1.245300889E0,-2.021624088E0,4.898396432E-1
3.716137542E1,-1.253679276E0,-1.804264188E0,5.751257539E-1
3.717137042E1,-1.260516882E0,-1.603098273E0,6.472481489E-1
3.718136542E1,-1.250863433E0,-1.403356314E0,6.970952749E-1
3.719136042E1,-1.221964121E0,-1.212250352E0,7.215625644E-1
3.720135442E1,-1.189652324E0,-1.027760267E0,7.209914327E-1
3.721134942E1,-1.151584864E0,-8.725409508E-1,7.058668137E-1
3.722134442E1,-1.103915095E0,-7.897303104E-1,6.779901385E-1
3.723133942E1,-1.045180917E0,-7.860239744E-1,6.462721229E-1
3.724133442E1,-9.824910760E-1,-8.503371477E-1,6.163608432E-1
3.725132942E1,-9.103295207E-1,-9.828097224E-1,5.876969695E-1
3.726132342E1,-8.154419065E-1,-1.161542058E0,5.580753684E-1
3.727131842E1,-6.518862844E-1,-1.380830169E0,5.253994465E-1
3.728131342E1,-4.650810063E-1,-1.596935272E0,4.836596549E-1
3.729130842E1,-2.801633775E-1,-1.764080048E0,4.296459556E-1
3.730130342E1,-1.044562683E-1,-1.857249379E0,3.678675294E-1
3.731129742E1,2.695528418E-2,-1.874218345E0,3.257864118E-1
3.732129242E1,1.116882935E-1,-1.782732487E0,3.014280200E-1
3.733128742E1,1.379968673E-1,-1.588954806E0,3.122596443E-1
3.734128242E1,1.164455190E-1,-1.289266467E0,3.510264158E-1
3.735127742E1,6.809023768E-2,-9.331402183E-1,4.214468002E-1
3.736127142E1,1.625444740E-2,-5.814876556E-1,5.139307380E-1
3.737126642E1,-4.098434001E-2,-3.070784211E-1,6.026451588E-1
3.738126142E1,-8.991354704E-2,-1.270267367E-1,6.879917383E-1
3.739125642E1,-1.176498383E-1,-4.316219315E-2,7.623229623E-1
3.740125142E1,-1.306734830E-1,-4.655595869E-2,8.251039982E-1
3.741124642E1,-1.339470297E-1,-1.104401276E-1,8.731367588E-1
3.742124042E1,-1.314058304E-1,-2.537301183E-1,9.133020639E-1
3.743123542E1,-1.274989694E-1,-4.458010197E-1,9.474927783E-1
3.744123042E1,-1.237556338E-1,-6.582008600E-1,9.837567806E-1
3.745122542E1,-1.168077141E-1,-8.619585037E-1,1.023054123E0
3.746122042E1,-1.171568558E-1,-1.023048878E0,1.067943811E0
3.747121442E1,-1.222884953E-1,-1.129381180E0,1.115455151E0
3.748120942E1,-1.346383691E-1,-1.184863925E0,1.163453817E0
3.749120442E1,-1.532304287E-1,-1.189270377E0,1.204727769E0
3.750119942E1,-1.751295775E-1,-1.163820148E0,1.251317263E0
3.751119442E1,-1.948039532E-1,-1.111579061E0,1.296459198E0
3.752118842E1,-2.041985542E-1,-1.053270459E0,1.340694427E0
3.753118342E1,-2.117619365E-1,-9.937667847E-1,1.383004785E0
3.754117842E1,-2.214137465E-1,-9.403470755E-1,1.429712892E0
3.755117342E1,-2.321835756E-1,-9.036068916E-1,1.478981733E0
3.756116842E1,-2.481316775E-1,-8.859860897E-1,1.523549557E0
3.757116342E1,-2.724063694E-1,-8.927190900E-1,1.566152453E0
3.758115742E1,-2.972059548E-1,-9.261674881E-1,1.608258128E0
3.759115242E1,-3.189309835E-1,-9.763712883E-1,1.661263347E0
3.760114742E1,-3.388809860E-1,-1.037171960E0,1.727981567E0
3.761114242E1,-3.468776643E-1,-1.107004762E0,1.797786951E0
3.762113742E1,-3.474230468E-1,-1.179739118E0,1.863321781E0
3.763113142E1,-3.510262966E-1,-1.262191653E0,1.923657060E0
3.764112642E1,-3.684588671E-1,-1.352718353E0,1.972600937E0
3.765112142E1,-3.887308538E-1,-1.451282263E0,2.020011187E0
3.766111642E1,-4.214629233E-1,-1.558376312E0,2.067020178E0
3.767111142E1,-4.496884346E-1,-1.662772417E0,2.115522385E0
3.768110542E1,-4.697487056E-1,-1.758758187E0,2.155795336E0
3.769110042E1,-4.847982228E-1,-1.842386723E0,2.192229033E0
3.770109542E1,-4.913584292E-1,-1.899347067E0,2.223437786E0
3.771109042E1,-4.917083681E-1,-1.929277897E0,2.233758450E0
3.772108542E1,-4.895373285E-1,-1.924133658E0,2.227377653E0
3.773108042E1,-4.931022227E-1,-1.895583034E0,2.206842422E0
3.774107442E1,-4.955824316E-1,-1.844750285E0,2.182897329E0
3.775106942E1,-5.029891729E-1,-1.785089135E0,2.169829369E0
3.776106442E1,-5.172536373E-1,-1.720412970E0,2.166674137E0
3.777105942E1,-5.375388861E-1,-1.656785488E0,2.182213545E0
3.778105442E1,-5.471974611E-1,-1.604008436E0,2.206490517E0
3.779104842E1,-5.519711971E-1,-1.562847376E0,2.223626852E0
3.780104342E1,-5.578128099E-1,-1.535880923E0,2.227832794E0
3.781103842E1,-5.628206134E-1,-1.518277407E0,2.211058855E0
3.782103342E1,-5.687873960E-1,-1.505481362E0,2.179968834E0
3.783102842E1,-5.752096176E-1,-1.496840119E0,2.145863771E0
3.784102242E1,-5.905089974E-1,-1.490911603E0,2.103816271E0
3.785101742E1,-6.032647491E-1,-1.499147177E0,2.073491812E0
3.786101242E1,-6.164209247E-1,-1.510485291E0,2.061702728E0
3.787100742E1,-6.229675412E-1,-1.524821639E0,2.074152946E0
3.788100242E1,-6.224855781E-1,-1.538502097E0,2.093424797E0
3.789099742E1,-6.181464791E-1,-1.548107386E0,2.115048170E0
3.790099142E1,-6.125119925E-1,-1.556572676E0,2.114089727E0
3.791098642E1,-6.191121340E-1,-1.562391996E0,2.094281673E0
3.792098142E1,-6.152673364E-1,-1.560254574E0,2.055441618E0
3.793097642E1,-6.134220362E-1,-1.558427930E0,2.018206835E0
3.794097142E1,-6.052133441E-1,-1.541686535E0,1.995087147E0
3.795096542E1,-5.886535645E-1,-1.512972593E0,1.971680284E0
3.796096042E1,-5.660858750E-1,-1.477247715E0,1.958047986E0
3.797095542E1,-5.513950586E-1,-1.430742979E0,1.946080089E0
3.798095042E1,-5.506877899E-1,-1.374005198E0,1.938035607E0
3.799094600E1,-5.649753809E-1,-1.317030549E0,1.933065534E0
3.800094000E1,-5.885671973E-1,-1.277108788E0,1.913960457E0
3.801093500E1,-6.045429707E-1,-1.274926066E0,1.872959018E0
3.802093000E1,-6.178263426E-1,-1.305460334E0,1.818460107E0
3.803092500E1,-6.070834398E-1,-1.342503548E0,1.771089196E0
3.804092000E1,-5.850241780E-1,-1.363301277E0,1.730973721E0
3.805091400E1,-5.557621717E-1,-1.356864929E0,1.697161913E0
3.806090900E1,-5.196083784E-1,-1.333054781E0,1.666436911E0
3.807090400E1,-4.986357391E-1,-1.293378472E0,1.635897994E0
3.808089900E1,-4.952727258E-1,-1.253987074E0,1.597168803E0
3.809089400E1,-4.970594347E-1,-1.213504076E0,1.552551746E0
3.810088900E1,-5.015532970E-1,-1.173384547E0,1.503562927E0
3.811088300E1,-5.026051998E-1,-1.143875480E0,1.456491828E0
3.812087800E1,-4.980842471E-1,-1.112458229E0,1.419546843E0
3.813087300E1,-4.916892052E-1,-1.088029623E0,1.407662988E0
3.814086800E1,-4.825806320E-1,-1.060659647E0,1.396124721E0
3.815086300E1,-4.797294438E-1,-1.040349841E0,1.378312230E0
3.816085700E1,-4.833870530E-1,-1.022600532E0,1.348111510E0
3.817085200E1,-4.931331575E-1,-1.029905558E0,1.304449081E0
3.818084700E1,-4.906473756E-1,-1.048146009E0,1.255271077E0
3.819084200E1,-4.865490198E-1,-1.066863775E0,1.197941780E0
3.820083700E1,-4.763645232E-1,-1.076616168E0,1.150561094E0
3.821083100E1,-4.607738554E-1,-1.067937136E0,1.117480874E0
3.822082600E1,-4.586930871E-1,-1.037017584E0,1.102884889E0
3.823082100E1,-4.546842575E-1,-9.905753136E-1,1.094937205E0
3.824081600E1,-4.561842084E-1,-9.459511042E-1,1.091134071E0
3.825081100E1,-4.594404399E-1,-9.034414291E-1,1.093000650E0
3.826080600E1,-4.428137839E-1,-8.709446788E-1,1.090324283E0
3.827080000E1,-4.182274938E-1,-8.522604704E-1,1.077508330E0
3.828079500E1,-3.867820203E-1,-8.470492363E-1,1.053719044E0
3.829079000E1,-3.624263406E-1,-8.439482450E-1,1.028435826E0
3.830078500E1,-3.452105522E-1,-8.410217762E-1,1.012652040E0
3.831078000E1,-3.285125196E-1,-8.303191066E-1,1.003454089E0
3.832077400E1,-3.226658404E-1,-8.157142401E-1,9.922553301E-1
3.833076900E1,-3.174846768E-1,-8.102794886E-1,9.799355268E-1
3.834076400E1,-3.230589032E-1,-8.321512938E-1,9.680545926E-1
3.835075900E1,-3.274858594E-1,-8.724324107E-1,9.387336969E-1
3.836075400E1,-3.196164668E-1,-9.095606208E-1,9.064054489E-1
3.837074800E1,-3.034806550E-1,-9.317737818E-1,8.775567412E-1
3.838074300E1,-2.812235951E-1,-9.336296916E-1,8.639149070E-1
3.839073800E1,-2.527285814E-1,-9.096814394E-1,8.563451171E-1
3.840073300E1,-2.246391177E-1,-8.557447195E-1,8.536331058E-1
3.841072800E1,-2.001944929E-1,-7.822768688E-1,8.419929743E-1
3.842072200E1,-1.844909191E-1,-7.126560807E-1,8.226209283E-1
3.843071700E1,-1.796825826E-1,-6.562010646E-1,7.990788817E-1
3.844071200E1,-1.872376502E-1,-6.050506830E-1,7.796145082E-1
3.845070700E1,-2.042685747E-1,-5.687027574E-1,7.622773051E-1
3.846070200E1,-2.121534050E-1,-5.455790162E-1,7.440208793E-1
3.847069600E1,-2.180938572E-1,-5.453385115E-1,7.160739303E-1
3.848069100E1,-2.113936543E-1,-5.594971180E-1,6.722282767E-1
3.849068600E1,-1.922809482E-1,-5.814855099E-1,6.223587394E-1
3.850068100E1,-1.863689870E-1,-5.868011713E-1,5.740655065E-1
3.851067600E1,-1.829431057E-1,-5.862743855E-1,5.360667109E-1
3.852067100E1,-1.962881833E-1,-5.715684891E-1,5.022525191E-1
3.853066500E1,-2.022147924E-1,-5.519763827E-1,4.849907160E-1
3.854066000E1,-2.057453692E-1,-5.316607356E-1,4.750526845E-1
3.855065500E1,-1.908995807E-1,-5.227484703E-1,4.632855058E-1
3.856065000E1,-1.726414263E-1,-5.225685835E-1,4.446595013E-1
3.857064500E1,-1.394523233E-1,-5.193104744E-1,4.288805425E-1
3.858063900E1,-1.017219871E-1,-5.066003203E-1,4.038907588E-1
3.859063400E1,-7.244798541E-2,-4.764157832E-1,3.791017830E-1
3.860062900E1,-5.500289798E-2,-4.229446352E-1,3.552138805E-1
3.861062400E1,-4.239575937E-2,-3.729885519E-1,3.417406976E-1
3.862061900E1,-4.038747028E-2,-3.148735762E-1,3.237057626E-1
3.863061300E1,-4.541829228E-2,-2.546420693E-1,3.001000881E-1
3.864060800E1,-4.986811429E-2,-2.007658333E-1,2.796814740E-1
3.865060300E1,-4.953628406E-2,-1.602359861E-1,2.623666525E-1
3.866059800E1,-4.595834017E-2,-1.271000057E-1,2.670951486E-1
3.867059300E1,-3.974358737E-2,-1.229838207E-1,2.786998749E-1
3.868058800E1,-2.186175436E-2,-1.313039958E-1,2.718314528E-1
3.869058200E1,-6.601842120E-3,-1.264863461E-1,2.445958555E-1
3.870057700E1,9.004768915E-3,-1.090624779E-1,2.160591483E-1
3.871057200E1,1.787469350E-2,-8.881419897E-2,1.992290318E-1
3.872056700E1,1.477212925E-2,-6.210918725E-2,1.944379508E-1
3.873056200E1,1.205171086E-2,-2.740180679E-2,1.989639848E-1
3.874055600E1,3.053410444E-3,1.136945747E-2,2.034663558E-1
3.875055100E1,-1.027704217E-2,1.653252728E-2,2.096867114E-1
3.876054600E1,-9.308952838E-3,-1.114650257E-2,2.122358084E-1
3.877054100E1,-6.892933510E-3,-4.225968197E-2,2.023405731E-1
3.878053600E1,6.352275610E-3,-8.167599142E-2,1.956837922E-1
3.879053000E1,2.680402063E-2,-6.776790321E-2,1.696122438E-1
3.880052500E1,3.978904337E-2,-4.448991641E-2,1.455668956E-1
3.881052000E1,5.291230232E-2,-2.661051601E-2,1.357113272E-1
3.882051500E1,5.031971633E-2,1.370524801E-2,1.126105189E-1
3.883051000E1,4.713457823E-2,7.679766417E-2,9.721478820E-2
3.884050400E1,3.917707503E-2,1.200774312E-1,9.316325188E-2
3.885049900E1,2.807195857E-2,1.324494034E-1,9.378057718E-2
3.886049400E1,2.070189640E-2,1.252287775E-1,8.935368806E-2
3.887048900E1,2.090536430E-2,1.154427230E-1,8.323267847E-2
3.888048400E1,1.001729909E-2,8.106374741E-2,7.555504143E-2
3.889047800E1,9.322746657E-3,4.306070507E-2,6.334444880E-2
3.890047300E1,9.752089158E-3,1.358174719E-2,4.239110649E-2
3.891046800E1,1.182402857E-2,-2.165054344E-2,2.733146586E-2
3.892046300E1,1.572049595E-2,-3.578237444E-2,1.426094677E-2
3.893045800E1,1.597509533E-2,-3.469127789E-2,-5.795851350E-3
3.894045200E1,1.460535731E-2,-1.971007138E-2,-1.980252564E-2
3.895044700E1,7.938133553E-3,8.575895801E-3,-2.332722023E-2
3.896044200E1,-4.654820543E-3,3.908650577E-2,-1.811056212E-2
3.897043700E1,-1.547657605E-2,5.505322292E-2,-8.041950874E-3
3.898043200E1,-2.600886486E-2,5.930985510E-2,3.207030473E-3
3.899042650E1,-3.118977696E-2,4.701110721E-2,2.964150161E-3
3.900042050E1,-3.174852580E-2,2.861492336E-2,-9.122828953E-3
3.901041550E1,-2.771703154E-2,2.842956409E-2,-1.121154521E-2
3.902041050E1,-2.393591031E-2,4.418156296E-2,-1.434970461E-2
3.903040550E1,-2.011214383E-2,7.539247721E-2,-1.781234704E-2
3.904040050E1,-1.882817596E-2,1.125379875E-1,-1.263853349E-2
3.905039450E1,-2.148654312E-2,1.493473947E-1,-1.096047647E-2
3.906038950E1,-2.354677580E-2,1.587700993E-1,-5.160225555E-5
3.907038450E1,-3.181322664E-2,1.490080059E-1,9.099286050E-3
3.908037950E1,-3.079059534E-2,1.264870614E-1,8.415185846E-3
3.909037450E1,-3.328278288E-2,9.852518886E-2,9.270326234E-3
3.910036850E1,-2.918176167E-2,7.525040209E-2,1.113794558E-2
3.911036350E1,-2.512017451E-2,6.173486263E-2,9.291842580E-3
3.912035850E1,-2.032699063E-2,5.957340822E-2,6.911432371E-3
3.913035350E1,-1.595674455E-2,7.269880176E-2,8.430499583E-3
3.914034850E1,-1.803345606E-2,8.382245153E-2,8.745497093E-3
3.915034250E1,-1.352073159E-2,9.758700430E-2,9.703169577E-3
3.916033750E1,-1.425132435E-2,1.061754227E-1,9.074129164E-3
3.917033250E1,-1.225714944E-2,1.020627022E-1,8.200346492E-3
3.918032750E1,-9.723396972E-3,9.904341400E-2,5.375730805E-3
3.919032250E1,-4.840491340E-3,9.669131041E-2,1.687252894E-3
3.920031750E1,-5.709469318E-3,8.952324092E-2,3.980200738E-3
3.921031150E1,-3.784663230E-2,-1.362124830E-2,-4.250565078E-3
3.922030650E1,-1.083180122E-2,-1.613487154E-1,-6.928252988E-4
3.923030150E1,-4.003256559E-2,-1.333826035E-1,-2.653773874E-2
3.924029650E1,-3.594140336E-2,-1.327268183E-1,-4.279610515E-2
3.925029150E1,-2.978124656E-2,-5.784353614E-2,-1.794321835E-2
3.926028550E1,-1.473330241E-2,1.248382926E-1,3.652130067E-2
3.927028050E1,-1.006571110E-3,3.060240448E-1,8.542306721E-2
3.928027550E1,4.952222109E-3,3.955299556E-1,8.971883357E-2
3.929027050E1,1.461763307E-2,4.029082358E-1,6.432452798E-2
3.930026550E1,1.662515290E-2,3.463389874E-1,3.870189935E-2
3.931025950E1,1.824248955E-2,2.267100662E-1,9.709926322E-3