"Time (s)","X (rad/s)","Y (rad/s)","Z (rad/s)"
9.782499983E-3,-3.674005717E-2,-4.354446530E-1,-5.063688755E-2
1.972250000E-2,-4.580439255E-2,-3.468657732E-1,-3.938157111E-2
2.966249999E-2,-4.830631986E-2,-2.705965340E-1,-3.556349874E-2
3.960250001E-2,-4.671427980E-2,-1.944604963E-1,-2.947418019E-2
4.954250000E-2,-4.191005975E-2,-1.121689379E-1,-1.682393625E-2
5.948150001E-2,-2.864379250E-2,-4.734760150E-2,-1.078814734E-2
6.942150000E-2,-1.923177205E-2,5.351965316E-3,-5.874948576E-3
7.936149999E-2,-1.389932446E-2,4.778730497E-2,-1.569150016E-3
8.930150000E-2,-1.048547402E-2,7.086986303E-2,8.607631549E-3
9.924149999E-2,-3.049662802E-3,6.663836539E-2,1.301409770E-2
1.091815000E-1,-1.694541425E-4,5.909622088E-2,1.436248142E-2
1.191215000E-1,7.007231936E-3,5.998837575E-2,1.338084042E-2
1.290615000E-1,6.722395308E-3,5.770823732E-2,1.017297897E-2
1.390015000E-1,9.099000134E-3,4.664600268E-2,3.624798730E-3
1.489415000E-1,1.020334754E-2,3.748155758E-2,2.027575858E-3
1.588815000E-1,1.140842773E-2,3.090221807E-2,-4.334449768E-3
1.688215000E-1,1.770898700E-2,3.464838862E-2,-7.033352740E-3
1.787615000E-1,1.803628914E-2,4.702197015E-2,-1.421110425E-2
1.887005000E-1,2.154941112E-2,6.663777679E-2,-1.345041580E-2
1.986405000E-1,2.235102281E-2,9.169518948E-2,-1.577722095E-2
2.085805000E-1,2.247325517E-2,1.130834669E-1,-2.295857295E-2
2.185205000E-1,2.946538478E-2,1.338758320E-1,-3.006015718E-2
2.284605000E-1,3.405971080E-2,1.551293582E-1,-4.513415694E-2
2.384005000E-1,4.128593206E-2,1.907765716E-1,-4.946365580E-2
2.483405000E-1,4.992844164E-2,1.963440776E-1,-3.866850957E-2
2.582805000E-1,6.124314666E-2,1.950748116E-1,-1.499380637E-2
2.682205000E-1,6.316882372E-2,2.402163446E-1,-5.548062734E-3
2.781605000E-1,6.709884852E-2,2.852221429E-1,-2.747216262E-3
2.881005000E-1,7.458332181E-2,3.172869384E-1,-3.071150742E-3
2.980405000E-1,8.714625239E-2,3.342805803E-1,3.481024411E-3
3.079795000E-1,9.714755416E-2,3.388299942E-1,1.051319577E-2
3.179195000E-1,9.894652665E-2,3.510653377E-1,1.939936541E-2
3.278595000E-1,1.018562987E-1,3.753737211E-1,2.430957183E-2
3.377995000E-1,1.117310300E-1,4.179302454E-1,2.322699875E-2
3.477395000E-1,1.123465449E-1,4.746807218E-1,1.150558330E-2
3.576795000E-1,1.239273027E-1,5.500527620E-1,-7.653729990E-3
3.676195000E-1,1.297862530E-1,6.350825429E-1,-3.249716759E-2
3.775595000E-1,1.375637501E-1,6.905612946E-1,-5.436784402E-2
3.874995000E-1,1.376928687E-1,6.909704208E-1,-6.517223269E-2
3.974395000E-1,1.267832220E-1,6.314902902E-1,-7.146448642E-2
4.073795000E-1,1.146742553E-1,5.444942117E-1,-7.690109313E-2
4.173195000E-1,1.098973453E-1,4.487549365E-1,-7.976239175E-2
4.272595000E-1,9.193325043E-2,3.571787179E-1,-8.767998219E-2
4.371995000E-1,8.368730545E-2,2.877527773E-1,-9.301295877E-2
4.471385000E-1,6.988742203E-2,2.460367978E-1,-9.514747560E-2
4.570785833E-1,6.358691305E-2,2.134258598E-1,-9.561246634E-2
4.670185833E-1,5.256784707E-2,1.905104816E-1,-9.076812118E-2
4.769585833E-1,4.315011203E-2,1.721722335E-1,-7.936819643E-2
4.868985833E-1,3.415634483E-2,1.570484936E-1,-7.549039274E-2
4.968385833E-1,2.297692746E-2,1.491418332E-1,-7.699694484E-2
5.067785833E-1,2.119783312E-2,1.380238533E-1,-8.393703401E-2
5.167185833E-1,2.033576742E-2,1.199313998E-1,-9.592924267E-2
5.266585833E-1,2.320622280E-2,9.218933433E-2,-1.027980074E-1
5.365985833E-1,2.758286148E-2,6.079491973E-2,-1.138400063E-1
5.465385833E-1,2.913059294E-2,3.864875436E-2,-1.235331595E-1
5.564785833E-1,3.422362357E-2,2.572496608E-2,-1.371344626E-1
5.664185833E-1,4.299671203E-2,2.570756897E-2,-1.482936144E-1
5.763585833E-1,5.371407419E-2,3.735863417E-2,-1.531482935E-1
5.862975833E-1,5.855809897E-2,6.078192964E-2,-1.512337476E-1
5.962375833E-1,5.879218876E-2,9.968938679E-2,-1.478243619E-1
6.061775833E-1,5.944593251E-2,1.457966119E-1,-1.433520913E-1
6.161175833E-1,5.659181997E-2,1.812014878E-1,-1.455484033E-1
6.260575833E-1,5.450939760E-2,2.024752200E-1,-1.448430717E-1
6.359975833E-1,4.781181738E-2,2.070028633E-1,-1.424100101E-1
6.459375833E-1,3.798986599E-2,1.961494237E-1,-1.522495002E-1
6.558775833E-1,3.925699741E-2,1.739184260E-1,-1.609465778E-1
6.658175833E-1,3.966297209E-2,1.341861188E-1,-1.694580168E-1
6.757575833E-1,3.702856973E-2,8.186804503E-2,-1.713438034E-1
6.856975833E-1,3.209351376E-2,2.732953802E-2,-1.736593693E-1
6.956375833E-1,3.750878200E-2,-1.611700654E-2,-1.743171662E-1
7.055775833E-1,4.528836161E-2,-3.634419665E-2,-1.723213196E-1
7.155175833E-1,5.499079078E-2,-5.494504422E-2,-1.737210751E-1
7.254565833E-1,5.860842764E-2,-7.670204341E-2,-1.739383787E-1
7.353965833E-1,6.297867745E-2,-9.586508572E-2,-1.751610488E-1
7.453365833E-1,5.157566071E-2,-1.117550731E-1,-1.798746586E-1
7.552765833E-1,3.894215822E-2,-1.208542883E-1,-1.918628812E-1
7.652165833E-1,3.364113718E-2,-1.300977021E-1,-2.110228688E-1
7.751565833E-1,2.615712024E-2,-1.395727098E-1,-2.224214673E-1
7.850965833E-1,1.672074199E-2,-1.378751993E-1,-2.226726115E-1
7.950365833E-1,1.035232469E-2,-1.123706475E-1,-2.146628797E-1
8.049765833E-1,4.334540106E-3,-6.515495479E-2,-2.009501606E-1
8.149165833E-1,-3.002203070E-3,-8.897811174E-3,-1.781108975E-1
8.248565833E-1,-8.367095143E-3,3.645805269E-2,-1.610808074E-1
8.347965833E-1,-1.156714745E-2,6.680930406E-2,-1.490449160E-1
8.447365833E-1,-1.456053834E-2,6.747283787E-2,-1.452679038E-1
8.546765833E-1,-1.719493791E-2,4.779501259E-2,-1.385474205E-1
8.646165833E-1,-1.134199928E-2,4.796893336E-3,-1.350823641E-1
8.745565833E-1,-8.686028421E-3,-4.394774511E-2,-1.331153512E-1
8.844955833E-1,-7.498382125E-3,-8.735658228E-2,-1.296296716E-1
8.944355833E-1,-6.125255954E-3,-1.222330779E-1,-1.282126009E-1
9.043755833E-1,-4.438607022E-3,-1.439241916E-1,-1.203692630E-1
9.143155833E-1,-1.681703143E-3,-1.479855180E-1,-1.160954162E-1
9.242555833E-1,-7.387897931E-3,-1.403381526E-1,-1.120410562E-1
9.341955833E-1,-4.495971836E-3,-1.261547059E-1,-1.078281999E-1
9.441355833E-1,-5.200855434E-3,-1.081802920E-1,-1.057416797E-1
9.540755833E-1,-9.962567128E-4,-1.007226408E-1,-1.028055474E-1
9.640155833E-1,-4.611710086E-3,-1.071046218E-1,-1.043072194E-1
9.739555833E-1,-1.531763934E-3,-1.092127860E-1,-1.093909293E-1
9.838955833E-1,3.209556686E-3,-1.161938682E-1,-1.113885120E-1
9.938355833E-1,5.213585217E-3,-1.171390191E-1,-1.092563868E-1
1.003775583E0,6.813622080E-3,-1.145140380E-1,-1.027347222E-1
1.013715583E0,9.078107774E-3,-1.032738984E-1,-1.009192467E-1
1.023655583E0,1.731369272E-2,-9.382624179E-2,-9.781214595E-2
1.033595583E0,1.967085712E-2,-8.802587539E-2,-9.983588755E-2
1.043535583E0,3.058973700E-2,-8.318572491E-2,-9.306938201E-2
1.053474583E0,3.518155590E-2,-7.655951381E-2,-8.500213176E-2
1.063414583E0,3.797095269E-2,-7.314134389E-2,-8.315576613E-2
1.073354583E0,3.919760510E-2,-6.166685000E-2,-6.848361343E-2
1.083294583E0,4.622067511E-2,-4.274921492E-2,-6.406626850E-2
1.093234583E0,5.117548630E-2,-2.388790622E-2,-5.634682998E-2
1.103174583E0,5.470982194E-2,-9.960208088E-3,-4.920907691E-2
1.113114583E0,5.858418718E-2,1.093601808E-2,-4.312269017E-2
1.123054583E0,6.038539484E-2,2.696618065E-2,-3.103365190E-2
1.132994583E0,6.734183431E-2,4.781287163E-2,-2.520638891E-2
1.142934583E0,7.379257679E-2,6.567561626E-2,-1.461182721E-2
1.152874583E0,7.656598836E-2,7.582651824E-2,-1.069085486E-2
1.162814583E0,7.469183952E-2,7.374230772E-2,-4.468295723E-3
1.172754583E0,6.994448602E-2,6.645190716E-2,1.379206777E-3
1.182694583E0,6.083524600E-2,3.781071305E-2,7.696925197E-3
1.192634583E0,4.194357991E-2,-3.226584196E-2,1.917514950E-2
1.202574583E0,1.944403723E-2,-1.433220655E-1,2.534338087E-2
1.212514583E0,4.908503033E-3,-2.885634303E-1,3.918116540E-2
1.222453583E0,-1.483092830E-2,-4.506591856E-1,5.007824674E-2
1.232393583E0,-3.052760102E-2,-6.072881818E-1,6.050798669E-2
1.242333583E0,-3.953771293E-2,-7.374919653E-1,6.838025898E-2
1.252273583E0,-4.732133448E-2,-8.390102983E-1,7.307701558E-2
1.262213583E0,-5.348690227E-2,-9.003801942E-1,7.987481356E-2
1.272153583E0,-5.292151496E-2,-9.285734892E-1,8.667945117E-2
1.282093583E0,-5.355939269E-2,-9.193712473E-1,9.403662384E-2
1.292033583E0,-5.297536030E-2,-8.956899047E-1,1.034495607E-1
1.301973583E0,-4.425319284E-2,-8.498762846E-1,1.104684100E-1
1.311913583E0,-3.249560297E-2,-7.927805185E-1,1.201141104E-1
1.321853583E0,-2.163848095E-2,-7.307849526E-1,1.241398007E-1
1.331793583E0,-1.109928638E-2,-6.691319942E-1,1.304885149E-1
1.341733583E0,5.673649721E-4,-6.098695397E-1,1.325576454E-1
1.351673583E0,9.950480424E-3,-5.588745475E-1,1.294891536E-1
1.361613583E0,2.060360834E-2,-5.128594041E-1,1.274219304E-1
1.371553583E0,3.167383745E-2,-4.692171216E-1,1.194129959E-1
1.381493583E0,3.848054633E-2,-4.312977195E-1,1.137039140E-1
1.391433583E0,4.477812350E-2,-3.874514401E-1,1.013242081E-1
1.401373583E0,5.569869652E-2,-3.357935548E-1,9.382579476E-2
1.411312583E0,6.610473245E-2,-2.786898017E-1,8.448023349E-2
1.421252583E0,7.943591475E-2,-2.155726552E-1,7.555031776E-2
1.431192583E0,9.246063977E-2,-1.359065771E-1,6.858775020E-2
1.441132583E0,1.056280732E-1,-5.349654332E-2,6.349609047E-2
1.451072833E0,1.138628274E-1,3.034056723E-2,5.598437786E-2
1.461012833E0,1.210723370E-1,1.125573292E-1,4.904944077E-2
1.470952833E0,1.228721067E-1,1.722981632E-1,3.617678583E-2
1.480892833E0,1.259642243E-1,2.144183815E-1,2.210884728E-2
1.490832833E0,1.182860658E-1,2.200959772E-1,5.762365181E-3
1.500772833E0,1.110799983E-1,1.885521263E-1,-9.565772489E-4
1.510712833E0,1.006422713E-1,1.413145661E-1,-1.506840158E-2
1.520652833E0,9.756964445E-2,8.594685048E-2,-2.840043977E-2
1.530592833E0,9.119696915E-2,2.774905413E-2,-4.192663357E-2
1.540532833E0,8.472548425E-2,-2.349162474E-2,-4.560353607E-2
1.550472833E0,7.429495454E-2,-6.205099821E-2,-4.872556031E-2
1.560412833E0,7.261134684E-2,-8.856408298E-2,-4.670360312E-2
1.570352833E0,6.909890473E-2,-9.714637697E-2,-4.432673007E-2
1.580292833E0,6.817109883E-2,-8.833808452E-2,-3.836128861E-2
1.590232833E0,6.082370132E-2,-7.365687937E-2,-3.730960935E-2
1.600172833E0,5.674783885E-2,-5.262464657E-2,-3.846246377E-2
1.610111833E0,5.461810902E-2,-4.129555821E-2,-3.446479142E-2
1.620051833E0,4.878330603E-2,-2.566031739E-2,-3.137797117E-2
1.629991833E0,4.886559770E-2,-1.636268944E-2,-2.223666571E-2
1.639931833E0,4.854296520E-2,-1.436258387E-2,-1.851491258E-2
1.649871833E0,5.121038482E-2,-1.393328235E-2,-1.668558642E-2
1.659811833E0,4.792141914E-2,-2.622441202E-2,-1.467600465E-2
1.669751833E0,4.360869527E-2,-3.234568611E-2,-1.857780293E-2
1.679691833E0,4.523698613E-2,-3.072501346E-2,-2.378417179E-2
1.689631833E0,4.508278891E-2,-2.495980263E-2,-2.919305116E-2
1.699571833E0,4.135378450E-2,-1.395883970E-2,-3.887266293E-2
1.709511833E0,4.785668850E-2,1.224374399E-3,-5.134584382E-2
1.719451833E0,4.548767209E-2,1.961849630E-2,-6.045958772E-2
1.729391833E0,4.541976005E-2,3.513620421E-2,-6.690656394E-2
1.739331833E0,4.339128733E-2,4.695281014E-2,-6.865312159E-2
1.749271833E0,4.796313494E-2,7.551174611E-2,-7.078977674E-2
1.759211833E0,4.824928939E-2,1.171111241E-1,-7.617605478E-2
1.769151833E0,5.023041740E-2,1.615382284E-1,-8.200331777E-2
1.779091833E0,5.016008019E-2,2.070611864E-1,-7.924474776E-2
1.789031833E0,5.300540477E-2,2.368030995E-1,-7.712913305E-2
1.798971833E0,5.842553079E-2,2.701102495E-1,-8.199321479E-2
1.808911833E0,6.391510367E-2,3.051933944E-1,-8.827906847E-2
1.818851833E0,7.432053238E-2,3.366754651E-1,-1.027283669E-1
1.828790833E0,8.319471776E-2,3.466996253E-1,-1.105687097E-1
1.838730833E0,9.135619551E-2,3.365327418E-1,-1.160832122E-1
1.848670833E0,9.990414232E-2,2.984082699E-1,-1.146714762E-1
1.858610833E0,9.592124075E-2,2.574973404E-1,-1.114035472E-1
1.868550833E0,9.620326757E-2,2.137248218E-1,-1.217142418E-1
1.878490833E0,9.916289896E-2,1.671758592E-1,-1.294403821E-1
1.888430833E0,1.037339494E-1,1.539178491E-1,-1.323528290E-1
1.898370833E0,1.025397852E-1,1.523721516E-1,-1.318329722E-1
1.908310833E0,1.082991362E-1,1.758806705E-1,-1.283490211E-1
1.918250833E0,1.088960841E-1,1.998127252E-1,-1.246874630E-1
1.928190833E0,1.114066467E-1,2.431591302E-1,-1.208775342E-1
1.938130833E0,1.116421446E-1,2.558854818E-1,-1.244618446E-1
1.948070833E0,1.147607043E-1,2.706873417E-1,-1.228045523E-1
1.958010833E0,1.188063473E-1,2.807160020E-1,-1.253899634E-1
1.967950833E0,1.246993840E-1,2.778246105E-1,-1.313474625E-1
1.977890833E0,1.268398315E-1,2.708092034E-1,-1.294870377E-1
1.987830833E0,1.314654797E-1,2.702523470E-1,-1.266244054E-1
1.997770833E0,1.360151768E-1,2.820003033E-1,-1.271297038E-1
2.007710833E0,1.359896064E-1,2.918396294E-1,-1.150000617E-1
2.017650833E0,1.432100087E-1,3.082501888E-1,-1.070151404E-1
2.027590833E0,1.436651349E-1,3.257884383E-1,-9.214511514E-2
2.037530833E0,1.369407922E-1,3.255438805E-1,-7.998777181E-2
2.047470833E0,1.413411349E-1,3.243390620E-1,-7.508329302E-2
2.057410833E0,1.332981288E-1,3.181147575E-1,-7.494604588E-2
2.067350833E0,1.250963956E-1,3.047307730E-1,-7.532954216E-2
2.077289833E0,1.093257740E-1,2.814671397E-1,-7.423931360E-2
2.087229833E0,9.116514772E-2,2.563173175E-1,-7.030902058E-2
2.097169833E0,8.266896009E-2,2.289008051E-1,-7.091112435E-2
2.107109833E0,6.219404936E-2,2.195664197E-1,-7.382409275E-2
2.117049833E0,4.074200615E-2,2.278733999E-1,-7.897026837E-2
2.126989833E0,2.571911365E-2,2.495323569E-1,-8.347634226E-2
2.136929833E0,1.899046265E-2,2.605659664E-1,-8.176373690E-2
2.146869833E0,9.713607840E-3,2.741560936E-1,-8.141619712E-2
2.156809833E0,3.963361494E-3,2.932355106E-1,-7.986599952E-2
2.166749833E0,-3.271914553E-3,2.967964113E-1,-7.659990340E-2
2.176689833E0,-5.541393068E-3,2.773359716E-1,-7.829295099E-2
2.186629833E0,-1.159928553E-2,2.369403243E-1,-7.493044436E-2
2.196569833E0,-1.342804916E-2,1.693611741E-1,-7.164120674E-2
2.206509833E0,-1.335321367E-2,9.829845279E-2,-7.425669581E-2
2.216449833E0,-1.841090992E-2,3.521956131E-2,-7.994112372E-2
2.226389833E0,-2.525204048E-2,-1.424652338E-2,-7.828490436E-2
2.236329833E0,-3.160387278E-2,-3.410968557E-2,-7.763609290E-2
2.246269833E0,-2.775320783E-2,-2.378274500E-2,-8.033999801E-2
2.256209833E0,-3.238805756E-2,6.891330704E-3,-6.656970084E-2
2.266149833E0,-2.478020638E-2,5.110459775E-2,-5.799938738E-2
2.276089833E0,-1.654060557E-2,1.011794060E-1,-4.604439065E-2
2.286029833E0,-3.414416686E-3,1.462355703E-1,-2.971335500E-2
2.295969833E0,1.051806845E-3,1.873352528E-1,-1.679965854E-2
2.305909833E0,3.431873629E-3,2.236695588E-1,-1.276363805E-2
2.315849833E0,3.706033574E-3,2.390866578E-1,-1.232512854E-2
2.325789833E0,6.364134606E-3,2.317176908E-1,-1.485300064E-2
2.335729833E0,1.168349665E-2,2.066799849E-1,-1.307159290E-2
2.345669833E0,1.165686548E-2,1.675634831E-1,-1.421568729E-2
2.355609833E0,5.228769034E-3,1.186399758E-1,-1.568544842E-2
2.365548833E0,6.373928394E-3,8.355256170E-2,-2.302405611E-2
2.375488833E0,9.621772915E-3,6.329101324E-2,-2.853877656E-2
2.385428833E0,4.462697078E-3,6.544551253E-2,-3.464966267E-2
2.395368833E0,-2.625219524E-3,8.270232379E-2,-3.503166139E-2
2.405308833E0,2.513882238E-3,1.078026146E-1,-3.149977326E-2
2.415248833E0,1.665754244E-4,1.329940408E-1,-2.453577146E-2
2.425188833E0,8.711061440E-3,1.592874229E-1,-2.060760558E-2
2.435128833E0,8.378326893E-3,1.719792932E-1,-1.547156926E-2
2.445068833E0,1.035545766E-2,1.735393703E-1,-1.402147766E-2
2.455008333E0,1.260851510E-2,1.581323594E-1,-1.056712773E-2
2.464948333E0,1.465435512E-2,1.486443132E-1,-2.176572569E-3
2.474888333E0,1.089153253E-2,1.307241172E-1,6.178210489E-3
2.484828333E0,9.397765622E-3,1.124508530E-1,1.201852225E-2
2.494768333E0,8.056864142E-3,1.006394625E-1,1.584202237E-2
2.504708333E0,4.583037458E-3,9.270750731E-2,1.686121523E-2
2.514648333E0,3.286142135E-3,8.895429224E-2,1.631789282E-2
2.524588333E0,1.269596629E-3,9.266807139E-2,1.685984619E-2
2.534528333E0,-3.406858072E-3,9.246786684E-2,1.752023213E-2
2.544468333E0,-5.798376165E-3,9.169156104E-2,1.282721013E-2
2.554408333E0,-7.492164616E-3,8.601143956E-2,1.218872610E-2
2.564348333E0,-1.075773314E-2,7.921291888E-2,1.018389873E-2
2.574288333E0,-1.113893371E-2,7.059634477E-2,9.465616196E-3
2.584228333E0,-1.095490996E-2,5.608850718E-2,6.016290281E-3
2.594168333E0,-1.211340353E-2,4.494465515E-2,4.040899687E-3
2.604108333E0,-1.793107949E-2,3.241021931E-2,3.773518372E-3
2.614048333E0,-2.522230335E-2,1.661116071E-2,1.999730244E-3
2.623988333E0,-2.717972733E-2,-1.592877787E-3,8.991593495E-3
2.633928333E0,-3.222199157E-2,-2.353969403E-2,1.219071448E-2
2.643868333E0,-3.453787789E-2,-4.545644298E-2,8.429531939E-3
2.653808333E0,-3.505465388E-2,-6.056034565E-2,8.106871508E-3
2.663748333E0,-3.934713826E-2,-6.533938646E-2,6.399252918E-3
2.673688333E0,-4.006912187E-2,-6.479397416E-2,1.053940319E-2
2.683628333E0,-4.155942425E-2,-5.706334859E-2,8.263198659E-3
2.693568333E0,-4.285749421E-2,-4.667587206E-2,4.663264845E-3
2.703507333E0,-4.059753567E-2,-3.356033564E-2,4.059355706E-4
2.713447333E0,-4.054312035E-2,-1.743302494E-2,-3.834816627E-3
2.723387333E0,-3.470813483E-2,-1.260631252E-2,-4.367449321E-3
2.733327333E0,-3.185207769E-2,-1.616188884E-2,-8.626577444E-3
2.743267333E0,-2.921581641E-2,-1.512778364E-2,-9.630323388E-3
2.753207333E0,-2.933903597E-2,-1.961679570E-2,-8.132494986E-3
2.763147333E0,-2.617147379E-2,-3.228572011E-2,-5.637645721E-3
2.773087333E0,-2.588092349E-2,-3.950123489E-2,-3.987179138E-3
2.783027333E0,-2.234398015E-2,-4.608456790E-2,-3.426583484E-3
2.792967333E0,-1.912342571E-2,-5.063201115E-2,-2.185494639E-3
2.802907333E0,-1.601498388E-2,-4.902372882E-2,-6.997294724E-3
2.812847333E0,-1.653528214E-2,-5.027045310E-2,-7.650450803E-3
2.822787333E0,-1.591156796E-2,-4.780542850E-2,-6.465877406E-3
2.832727333E0,-1.554225106E-2,-3.928267211E-2,-8.701010607E-3
2.842667333E0,-1.624612510E-2,-3.445302695E-2,-6.024799310E-3
2.852607333E0,-1.546630077E-2,-3.209323809E-2,-2.861446701E-3
2.862547333E0,-1.331526600E-2,-2.803724445E-2,2.653710544E-4
2.872487333E0,-1.133263111E-2,-2.498392761E-2,4.136138596E-3
2.882427333E0,-1.367621124E-2,-1.920033991E-2,9.703210555E-3
2.892367333E0,-1.369782165E-2,-2.139514498E-2,1.493692771E-2
2.902307333E0,-9.080965072E-3,-2.727513760E-2,1.603814587E-2
2.912247333E0,-4.581369925E-3,-3.312584758E-2,1.638908498E-2
2.922187333E0,-6.377937738E-3,-3.698716313E-2,2.044561133E-2
2.932127333E0,-5.380114540E-3,-3.638390079E-2,2.371805534E-2
2.942067333E0,1.557153650E-3,-3.556018323E-2,2.509517595E-2
2.952007333E0,3.324202960E-3,-3.142932430E-2,2.260467410E-2
2.961947333E0,2.918337239E-3,-2.054338716E-2,1.816172153E-2
2.971887333E0,4.114076961E-3,-1.350664068E-2,1.941008866E-2
2.981827333E0,5.751122255E-3,-7.179768756E-3,2.247352339E-2
2.991767333E0,7.344587706E-3,-2.188487444E-3,2.039213106E-2
3.001707333E0,1.020402368E-2,-3.425259143E-3,2.144008502E-2
3.011647333E0,1.090769470E-2,-1.151765324E-2,1.926182956E-2
3.021587333E0,8.482087404E-3,-1.580614224E-2,1.988287643E-2
3.031527333E0,1.156435069E-2,-2.470282279E-2,1.812331378E-2
3.041467333E0,8.071081713E-3,-3.012555093E-2,1.888471097E-2
3.051407333E0,1.062921248E-2,-3.692372516E-2,2.388423681E-2
3.061347333E0,1.814811490E-2,-4.118797928E-2,3.298532218E-2
3.071287333E0,2.482347004E-2,-4.138424248E-2,4.301261157E-2
3.081227333E0,3.079986945E-2,-4.459228739E-2,5.902034044E-2
3.091167333E0,3.684354573E-2,-3.700465336E-2,8.167811483E-2
3.101107333E0,6.007429957E-2,-2.525744960E-2,1.134307161E-1
3.111047333E0,7.795908302E-2,-1.713672653E-2,1.579646766E-1
3.120987333E0,1.016178057E-1,-9.326208383E-3,2.152189165E-1
3.130927333E0,1.281149834E-1,3.748267889E-3,2.728620172E-1
3.140867333E0,1.646791250E-1,2.196988091E-2,3.410360217E-1
3.150807333E0,2.206689715E-1,5.527234077E-2,4.048931599E-1
3.160747333E0,2.917945683E-1,1.083725765E-1,4.632714987E-1
3.170687333E0,3.741909862E-1,1.980838478E-1,5.318568945E-1
3.180626333E0,4.694029689E-1,3.114700615E-1,6.045625210E-1
3.190566333E0,5.694639087E-1,4.544137120E-1,6.883249879E-1
3.200506333E0,6.573420763E-1,6.069555879E-1,7.784532905E-1
3.210446333E0,7.326028943E-1,7.628022432E-1,8.803114891E-1
3.220386333E0,8.195213079E-1,9.173310995E-1,9.923429489E-1
3.230326333E0,9.039637446E-1,1.065584302E0,1.109414935E0
3.240266333E0,9.978838563E-1,1.209833860E0,1.215662599E0
3.250206333E0,1.102361202E0,1.357592702E0,1.308790207E0
3.260146333E0,1.191436291E0,1.494916201E0,1.389566064E0
3.270086333E0,1.253983140E0,1.610852122E0,1.460844517E0
3.280026333E0,1.301568747E0,1.744855642E0,1.561609745E0
3.289966333E0,1.356519103E0,1.898995280E0,1.680577993E0
3.299906333E0,1.410754681E0,2.049224138E0,1.802576423E0
3.309846333E0,1.458302855E0,2.142304659E0,1.917790532E0
3.319786333E0,1.502445579E0,2.184330940E0,2.010566711E0
3.329726333E0,1.549325466E0,2.177369595E0,2.080104351E0
3.339666333E0,1.601271510E0,2.128658056E0,2.115912199E0
3.349606333E0,1.635995150E0,2.078024387E0,2.132125616E0
3.359546333E0,1.652892590E0,1.993818521E0,2.137810469E0
3.369486333E0,1.668231845E0,1.835817814E0,2.107072353E0
3.379426333E0,1.650584102E0,1.699972630E0,2.056523800E0
3.389366333E0,1.621693969E0,1.602046013E0,2.020997047E0
3.399306333E0,1.610929489E0,1.513773918E0,2.044466257E0
3.409246333E0,1.590649009E0,1.461346388E0,2.162319899E0
3.419186333E0,1.560970783E0,1.411490679E0,2.326171160E0
3.429126333E0,1.532984018E0,1.386831045E0,2.498813152E0
3.439066333E0,1.496298432E0,1.373399973E0,2.669367313E0
3.449006333E0,1.452110171E0,1.342962146E0,2.826645374E0
3.458946458E0,1.419542909E0,1.301574230E0,2.937346697E0
3.468886458E0,1.356952667E0,1.319261074E0,3.041509867E0
3.478826458E0,1.232704520E0,1.841847539E0,3.269218206E0
3.488766458E0,1.184899569E0,2.121047735E0,3.418614864E0
3.498706458E0,1.144497275E0,1.939033628E0,3.498077154E0
3.508646458E0,1.115949631E0,1.674195409E0,3.487023115E0
3.518586458E0,1.072370648E0,1.418096781E0,3.410568237E0
3.528526458E0,1.015989780E0,1.177786946E0,3.303581953E0
3.538466458E0,9.684928060E-1,9.465759397E-1,3.234045506E0
3.548406458E0,9.278383851E-1,6.696631908E-1,3.226627111E0
3.558346458E0,9.007705450E-1,4.029060900E-1,3.276418447E0
3.568286458E0,8.869600892E-1,1.561667323E-1,3.359351635E0
3.578226458E0,8.593001962E-1,-1.693686843E-2,3.461809397E0
3.588166458E0,8.126324415E-1,-7.019063085E-2,3.559720755E0
3.598106458E0,7.637298703E-1,-5.850148201E-2,3.607186079E0
3.608046458E0,7.140755057E-1,2.242703363E-2,3.611133099E0
3.617986458E0,6.635242105E-1,5.119929090E-2,3.577223301E0
3.627926458E0,6.023308039E-1,1.315475404E-1,3.532561779E0
3.637866458E0,5.320348144E-1,2.139497399E-1,3.501887798E0
3.647806458E0,4.670056999E-1,4.036028385E-1,3.459842205E0
3.657746458E0,3.359675407E-1,6.599805951E-1,3.513664246E0
3.667686458E0,2.300558984E-1,1.120034814E0,3.578400135E0
3.677626458E0,2.395014465E-2,1.721385479E0,3.679226398E0
3.687566458E0,-1.485862285E-1,1.508296609E0,3.724661350E0
3.697506458E0,-1.378142685E-1,1.169793725E0,3.756374359E0
3.707446458E0,-1.103504673E-1,1.248031378E0,3.689261675E0
3.717386458E0,-1.422788352E-1,1.070776939E0,3.562041759E0
3.727326458E0,-1.155257598E-1,8.054270744E-1,3.408282042E0
3.737266458E0,-5.915809423E-2,5.412961245E-1,3.238131285E0
3.747206458E0,-3.716401011E-2,2.168463171E-1,3.094306469E0
3.757146458E0,-5.145346746E-2,3.156034276E-2,2.977563143E0
3.767086458E0,-1.122542471E-1,-8.206441253E-2,2.889908075E0
3.777026458E0,-2.031865567E-1,-1.383788139E-1,2.851025105E0
3.786966458E0,-2.897014320E-1,-1.767434627E-1,2.845645666E0
3.796906458E0,-3.517712057E-1,-1.580035985E-1,2.837069035E0
3.806846458E0,-3.813107610E-1,-9.693055600E-2,2.787735701E0
3.816786458E0,-3.784105778E-1,-3.485600278E-2,2.690344810E0
3.826726458E0,-3.571570218E-1,3.162045777E-2,2.552366018E0
3.836666458E0,-3.264025748E-1,8.147908747E-2,2.399742842E0
3.846606458E0,-3.086182773E-1,9.983509779E-2,2.258618832E0
3.856546458E0,-3.005656898E-1,1.205403805E-1,2.140221834E0
3.866486458E0,-3.123952746E-1,1.292482466E-1,2.054820299E0
3.876426458E0,-3.381405771E-1,1.186470091E-1,1.997821212E0
3.886366458E0,-3.575513661E-1,9.538733959E-2,1.946530938E0
3.896306458E0,-3.661299348E-1,7.207775861E-2,1.872170448E0
3.906246458E0,-3.732065260E-1,5.374372005E-2,1.781169057E0
3.916186458E0,-3.717063665E-1,4.826932400E-2,1.685801268E0
3.926126458E0,-3.780269325E-1,5.597086251E-2,1.607416272E0
3.936066458E0,-3.754924238E-1,8.587177098E-2,1.543324947E0
3.946006458E0,-3.849930763E-1,1.219558120E-1,1.491672635E0
3.955946458E0,-3.926714957E-1,1.631045789E-1,1.444943666E0
3.965886458E0,-3.983113766E-1,2.035489529E-1,1.399788976E0
3.975826458E0,-3.972930014E-1,2.133057117E-1,1.361443520E0
3.985766458E0,-3.886703551E-1,2.063910663E-1,1.316720486E0
3.995706458E0,-3.692740202E-1,1.907923967E-1,1.260672927E0
4.005646458E0,-3.500671983E-1,1.711787879E-1,1.195484281E0
4.015586458E0,-3.279797435E-1,1.454222947E-1,1.129548907E0
4.025526458E0,-3.077528477E-1,1.247715428E-1,1.064393640E0
4.035466458E0,-2.884907424E-1,1.197592095E-1,1.005578876E0
4.045406458E0,-2.716890872E-1,1.274326891E-1,9.531858563E-1
4.055346458E0,-2.571397126E-1,1.411421150E-1,9.069813490E-1
4.065286458E0,-2.390642762E-1,1.606737822E-1,8.667838573E-1
4.075226458E0,-2.123652846E-1,1.784080416E-1,8.207367063E-1
4.085166458E0,-1.907526851E-1,1.871285141E-1,7.659597993E-1
4.095106458E0,-1.633655429E-1,1.819593161E-1,7.082829475E-1
4.105046458E0,-1.270749867E-1,1.563788950E-1,6.482275128E-1
4.114986458E0,-9.274630249E-2,1.244302914E-1,5.965573788E-1
4.124926458E0,-6.129742414E-2,9.827182442E-2,5.571234822E-1
4.134866458E0,-4.041185230E-2,8.324547112E-2,5.214672089E-1
4.144806458E0,-1.537284441E-2,7.640769333E-2,4.910974801E-1
4.154746458E0,3.997392021E-3,6.851488352E-2,4.603321254E-1
4.164686458E0,2.246461250E-2,6.138554960E-2,4.328269660E-1
4.174626458E0,3.850935772E-2,5.631302297E-2,4.052217007E-1
4.184566458E0,5.144383758E-2,5.215980113E-2,3.710424900E-1
4.194506458E0,5.914037302E-2,3.888447583E-2,3.460889459E-1
4.204446458E0,7.263231277E-2,1.951163635E-2,3.200899065E-1
4.214386458E0,8.000287414E-2,-2.335872035E-3,2.992938161E-1
4.224326458E0,8.921544999E-2,-1.856076345E-2,2.746440172E-1
4.234266458E0,8.962238580E-2,-3.756827489E-2,2.517253757E-1
4.244206458E0,9.771139920E-2,-4.791734740E-2,2.318767011E-1
4.254146458E0,9.220211953E-2,-5.397311226E-2,2.102342546E-1
4.264086458E0,7.583356649E-2,-5.843858793E-2,1.890598387E-1
4.274026458E0,6.165515631E-2,-5.813525617E-2,1.711809784E-1
4.283966458E0,4.273443297E-2,-5.523944274E-2,1.607639045E-1
4.293906458E0,2.854537591E-2,-5.075920746E-2,1.419598609E-1
4.303846458E0,1.907431148E-2,-5.224466324E-2,1.231728792E-1
4.313786458E0,1.324864663E-2,-5.728655681E-2,1.070919037E-1
4.323726458E0,1.027768385E-2,-6.282749027E-2,9.620185196E-2
4.333666458E0,5.345776211E-3,-6.714900583E-2,8.813407272E-2
4.343606458E0,2.658287995E-3,-7.080187649E-2,7.786895335E-2
4.353546458E0,-2.073350362E-3,-6.515384465E-2,6.539604068E-2
4.363486458E0,-7.308725268E-3,-6.322834641E-2,5.866318941E-2
4.373426458E0,-9.319145232E-3,-6.158385053E-2,4.923799634E-2
4.383366458E0,-1.083851419E-2,-5.531971902E-2,4.151014239E-2
4.393306458E0,-1.403297670E-2,-5.305629969E-2,3.489644825E-2
4.403246458E0,-9.583931416E-3,-4.199724644E-2,2.998233028E-2
4.413186458E0,-7.709864061E-3,-3.280214965E-2,2.977114171E-2
4.423126458E0,-5.001828540E-3,-2.885883674E-2,3.275746107E-2
4.433066458E0,-6.674826611E-3,-2.852487937E-2,3.290579841E-2
4.443006458E0,-4.722962622E-3,-2.937139198E-2,3.522367030E-2
4.452945958E0,-5.440684501E-3,-2.923370525E-2,3.273760900E-2
4.462885958E0,-3.228863236E-3,-3.580763191E-2,3.216600418E-2
4.472825958E0,1.281466801E-3,-3.785720095E-2,2.923466079E-2
4.482765958E0,2.712181769E-3,-3.834339976E-2,3.029264323E-2
4.492705958E0,1.285260078E-3,-3.303758800E-2,3.689701855E-2
4.502645958E0,3.292585257E-3,-2.970859036E-2,4.414064437E-2
4.512585958E0,4.547732882E-3,-2.575832605E-2,5.567878857E-2
4.522525958E0,7.777981460E-3,-2.184301987E-2,6.162379310E-2
4.532465958E0,1.012955233E-2,-2.015590668E-2,5.804131180E-2
4.542405958E0,1.718363352E-2,-2.174467407E-2,5.972919241E-2
4.552345958E0,2.182179503E-2,-2.935678884E-2,6.247251481E-2
4.562285958E0,2.202018350E-2,-3.238502145E-2,6.573022902E-2
4.572225958E0,2.368545718E-2,-3.722078726E-2,6.541810185E-2
4.582165958E0,2.966543660E-2,-4.335343093E-2,6.297345459E-2
4.592105958E0,3.417789936E-2,-4.685735330E-2,6.239501014E-2
4.602045958E0,4.195354879E-2,-5.061406642E-2,5.784875154E-2
4.611985958E0,4.572271928E-2,-4.973575473E-2,5.574804917E-2
4.621925958E0,4.885402694E-2,-4.824208468E-2,5.093666539E-2
4.631865958E0,5.201972649E-2,-4.810839146E-2,4.043368995E-2
4.641805958E0,5.142589286E-2,-4.943412542E-2,3.078181110E-2
4.651745958E0,5.196651444E-2,-5.283790827E-2,2.885741182E-2
4.661685958E0,5.289088562E-2,-5.399281904E-2,2.472515404E-2
4.671625958E0,5.286931247E-2,-6.115352735E-2,2.282099426E-2
4.681565958E0,5.883140862E-2,-6.712999940E-2,1.724803448E-2
4.691505958E0,6.261575967E-2,-7.356659323E-2,1.413719729E-2
4.701445958E0,6.376934052E-2,-7.785500586E-2,1.491108257E-2
4.711385958E0,6.683224440E-2,-8.363380283E-2,1.023430564E-2
4.721325958E0,7.079369575E-2,-7.912927121E-2,1.297126897E-2
4.731265958E0,6.810656935E-2,-8.080679923E-2,1.466903370E-2
4.741205958E0,7.195543498E-2,-8.028285950E-2,1.430408936E-2
4.751145958E0,7.409794629E-2,-7.832676917E-2,1.341512613E-2
4.761085958E0,7.844306529E-2,-8.094191551E-2,1.058122795E-2
4.771025958E0,7.597005367E-2,-8.015654981E-2,1.130187884E-2
4.780965958E0,7.633177191E-2,-7.631777972E-2,1.383258961E-2
4.790905958E0,7.074419409E-2,-7.401254773E-2,1.948488317E-2
4.800845958E0,6.789520383E-2,-7.419035584E-2,2.471710555E-2
4.810785958E0,6.816418469E-2,-7.246915251E-2,2.895233035E-2
4.820725958E0,6.517502666E-2,-7.108297199E-2,3.270759806E-2
4.830665958E0,7.067312300E-2,-7.598292083E-2,3.221704438E-2
4.840605958E0,7.212197781E-2,-8.400884271E-2,3.273618966E-2
4.850545958E0,7.694523036E-2,-8.820439130E-2,3.187971562E-2
4.860485958E0,7.313113660E-2,-8.392764628E-2,3.459444270E-2
4.870425958E0,7.667047530E-2,-7.598769665E-2,3.401067853E-2
4.880365958E0,7.376019657E-2,-6.488668919E-2,3.065838665E-2
4.890305958E0,7.298760861E-2,-5.623674020E-2,3.278918192E-2
4.900245958E0,7.006394863E-2,-5.275161564E-2,3.171657398E-2
4.910185958E0,6.997074187E-2,-4.311310500E-2,3.165159374E-2
4.920125958E0,6.776780635E-2,-3.964162618E-2,3.149455413E-2
4.930065958E0,6.287877262E-2,-4.118679091E-2,3.200774640E-2
4.940005958E0,6.261056662E-2,-4.278142750E-2,3.848026693E-2
4.949945958E0,5.724829808E-2,-4.503899068E-2,4.592433572E-2
4.959885958E0,5.581308529E-2,-4.941593856E-2,4.731335491E-2
4.969825958E0,5.099089816E-2,-5.147562921E-2,4.890006408E-2
4.979765958E0,4.591682926E-2,-4.977260157E-2,4.939948767E-2
4.989705958E0,3.999848664E-2,-4.449314997E-2,4.849374667E-2
4.999645958E0,3.165701032E-2,-4.176295549E-2,4.475570843E-2
5.009585958E0,3.116698749E-2,-2.992520481E-2,4.353198409E-2
5.019525958E0,3.104511276E-2,-2.913591638E-2,3.558167815E-2
5.029465958E0,3.313356638E-2,-2.918518335E-2,2.587898262E-2
5.039405958E0,3.512896225E-2,-3.637622669E-2,2.032250352E-2
5.049345958E0,3.504453972E-2,-4.160667211E-2,1.386700012E-2
5.059285958E0,3.634744138E-2,-3.869479150E-2,3.247384913E-3
5.069225958E0,3.872617707E-2,-4.472631961E-2,-8.491295390E-3
5.079165958E0,3.677117825E-2,-4.664539918E-2,-1.700057276E-2
5.089105958E0,3.611630574E-2,-4.768669605E-2,-2.028105594E-2
5.099045958E0,3.300973400E-2,-5.339086801E-2,-2.323260158E-2
5.108985958E0,3.696506098E-2,-5.898883194E-2,-3.028758243E-2
5.118925958E0,3.850268573E-2,-6.972161680E-2,-4.194691032E-2
5.128865958E0,4.071603715E-2,-8.590085059E-2,-5.598282814E-2
5.138805958E0,5.430063978E-2,-9.777878225E-2,-7.668194175E-2
5.148745958E0,6.108557805E-2,-1.089392900E-1,-9.863650799E-2
5.158685958E0,7.946976274E-2,-1.195342839E-1,-1.228579059E-1
5.168625958E0,9.321806580E-2,-1.373529583E-1,-1.459669471E-1
5.178565958E0,1.140792817E-1,-1.573759466E-1,-1.795290112E-1
5.188505958E0,1.347097307E-1,-1.774902791E-1,-2.165019363E-1
5.198445958E0,1.566220820E-1,-2.002818435E-1,-2.577896416E-1
5.208385958E0,1.856167167E-1,-2.209639549E-1,-3.029834926E-1
5.218325958E0,2.193943262E-1,-2.403971851E-1,-3.513274491E-1
5.228265958E0,2.529754639E-1,-2.564707100E-1,-3.951361775E-1
5.238205958E0,2.900483608E-1,-2.715117335E-1,-4.322691858E-1
5.248145958E0,3.282218277E-1,-2.966189384E-1,-4.699161649E-1
5.258085958E0,3.590696454E-1,-3.179471195E-1,-5.041737556E-1
5.268025958E0,3.915935159E-1,-3.416638970E-1,-5.277667046E-1
5.277966958E0,4.235575199E-1,-3.763911426E-1,-5.565711260E-1
5.287906958E0,4.583501220E-1,-4.194858670E-1,-5.825273395E-1
5.297846958E0,4.897747338E-1,-4.672658741E-1,-6.170324683E-1
5.307786958E0,5.253149271E-1,-5.054548383E-1,-6.527444124E-1
5.317726958E0,5.588667989E-1,-5.348894000E-1,-6.937168837E-1
5.327666958E0,5.943899155E-1,-5.629740357E-1,-7.289313078E-1
5.337606958E0,6.329007745E-1,-6.034849882E-1,-7.579174042E-1
5.347546958E0,6.717756987E-1,-6.467486024E-1,-7.828595042E-1
5.357486958E0,7.033957243E-1,-6.911884546E-1,-8.018326163E-1
5.367426958E0,7.311884761E-1,-7.414489388E-1,-8.183269501E-1
5.377366958E0,7.568707466E-1,-7.782760262E-1,-8.279170394E-1
5.387306958E0,7.792682052E-1,-7.983648181E-1,-8.448339701E-1
5.397246958E0,8.006618619E-1,-8.329233527E-1,-8.695816994E-1
5.407186958E0,8.211322427E-1,-8.466895223E-1,-8.990522027E-1
5.417126958E0,8.378964067E-1,-8.542899489E-1,-9.289062619E-1
5.427066958E0,8.618403077E-1,-8.626437783E-1,-9.509822726E-1
5.437006958E0,8.812918663E-1,-8.777459264E-1,-9.631532431E-1
5.446946958E0,8.901516795E-1,-8.925544620E-1,-9.704197049E-1
5.456887625E0,8.979009986E-1,-9.236264825E-1,-9.662846923E-1
5.466827625E0,9.038976431E-1,-9.610574841E-1,-9.646806717E-1
5.476767625E0,9.062740803E-1,-9.941358566E-1,-9.647623301E-1
5.486707625E0,9.053544998E-1,-1.021610856E0,-9.714338183E-1
5.496647625E0,9.079928994E-1,-1.050051928E0,-9.847182631E-1
5.506587625E0,9.142934084E-1,-1.073605657E0,-1.003887773E0
5.516527625E0,9.164310098E-1,-1.090841055E0,-1.022363305E0
5.526467625E0,9.092494845E-1,-1.102923036E0,-1.035540819E0
5.536407625E0,8.960621357E-1,-1.109222889E0,-1.047651291E0
5.546347625E0,8.777617216E-1,-1.119941354E0,-1.052260399E0
5.556287625E0,8.614981771E-1,-1.135907888E0,-1.054951787E0
5.566227625E0,8.463184237E-1,-1.151889563E0,-1.058386564E0
5.576167625E0,8.351376653E-1,-1.170932889E0,-1.060511112E0
5.586107625E0,8.344713449E-1,-1.179386020E0,-1.064718723E0
5.596047625E0,8.301577568E-1,-1.192606091E0,-1.081869841E0
5.605987625E0,8.281460404E-1,-1.201990485E0,-1.097027659E0
5.615927625E0,8.233161569E-1,-1.204943180E0,-1.112397313E0
5.625867625E0,8.181552291E-1,-1.208633304E0,-1.120314598E0
5.635807625E0,8.183154464E-1,-1.208731771E0,-1.116950154E0
5.645747625E0,8.210888505E-1,-1.205015540E0,-1.108955383E0
5.655687625E0,8.236225247E-1,-1.196240664E0,-1.097186446E0
5.665627625E0,8.283456564E-1,-1.186324120E0,-1.091673732E0
5.675567625E0,8.397361636E-1,-1.183815598E0,-1.089480758E0
5.685507625E0,8.518080115E-1,-1.179711938E0,-1.082385659E0
5.695447625E0,8.772264719E-1,-1.171368003E0,-1.072044969E0
5.705387625E0,8.955482244E-1,-1.161756873E0,-1.057972312E0
5.715327625E0,9.128016829E-1,-1.149291992E0,-1.042011499E0
5.725267625E0,9.279415011E-1,-1.128363609E0,-1.020953178E0
5.735207625E0,9.411496520E-1,-1.094278693E0,-9.997323751E-1
5.745147625E0,9.572282434E-1,-1.060748935E0,-9.749870896E-1
5.755087625E0,9.829288721E-1,-1.029207110E0,-9.429608583E-1
5.765028625E0,1.019207716E0,-9.981688261E-1,-9.174919724E-1
5.774968625E0,1.052139401E0,-9.758141041E-1,-8.937044144E-1
5.784908625E0,1.081853628E0,-9.519058466E-1,-8.791148067E-1
5.794848625E0,1.114807725E0,-9.326184392E-1,-8.740438223E-1
5.804788625E0,1.147150159E0,-9.082537293E-1,-8.665899038E-1
5.814728625E0,1.173048496E0,-8.710191250E-1,-8.562961221E-1
5.824668625E0,1.199369311E0,-8.223850131E-1,-8.430194855E-1
5.834608625E0,1.231228352E0,-7.637994885E-1,-8.254619241E-1
5.844548625E0,1.266439438E0,-7.100619078E-1,-8.089474440E-1
5.854488625E0,1.300644636E0,-6.579678655E-1,-7.944008112E-1
5.864428625E0,1.328526855E0,-6.066197157E-1,-7.774628401E-1
5.874368625E0,1.359742165E0,-5.575237870E-1,-7.670987248E-1
5.884308625E0,1.382698536E0,-5.139738917E-1,-7.528292537E-1
5.894248625E0,1.402171731E0,-4.840888083E-1,-7.450256944E-1
5.904188625E0,1.419407487E0,-4.574976861E-1,-7.411345243E-1
5.914128625E0,1.430906415E0,-4.403732121E-1,-7.392293215E-1
5.924068625E0,1.429776073E0,-4.277346432E-1,-7.370817065E-1
5.934008625E0,1.429312587E0,-4.125228524E-1,-7.295989990E-1
5.943948625E0,1.416884661E0,-3.952274919E-1,-7.181298137E-1
5.953888625E0,1.406967998E0,-3.713748157E-1,-7.088951468E-1
5.963828625E0,1.392960072E0,-3.508407772E-1,-6.993170977E-1
5.973768625E0,1.374747872E0,-3.344604373E-1,-6.958019733E-1
5.983708625E0,1.349190831E0,-3.184673488E-1,-6.935398579E-1
5.993648625E0,1.328202963E0,-3.000521064E-1,-6.832420826E-1
6.003588625E0,1.301337242E0,-2.937625051E-1,-6.711817384E-1
6.013528625E0,1.278759837E0,-2.912830710E-1,-6.552857757E-1
6.023468625E0,1.255876899E0,-2.879796922E-1,-6.422091722E-1
6.033408625E0,1.227727532E0,-2.943319976E-1,-6.274970174E-1
6.043348625E0,1.202271342E0,-2.983597517E-1,-6.131063104E-1
6.053288625E0,1.164988518E0,-3.064577878E-1,-6.048647165E-1
6.063228625E0,1.129986525E0,-3.137460351E-1,-5.902221203E-1
6.073168625E0,1.090405703E0,-3.157731891E-1,-5.727606416E-1
6.083108625E0,1.051284194E0,-3.268836141E-1,-5.504436493E-1
6.093048625E0,1.016369462E0,-3.419568241E-1,-5.332436562E-1
6.102988625E0,9.771389961E-1,-3.528944254E-1,-5.125442743E-1
6.112928625E0,9.300310016E-1,-3.677365482E-1,-4.926621318E-1
6.122868625E0,8.707551956E-1,-3.871411383E-1,-4.719872177E-1
6.132808625E0,8.122801781E-1,-4.097332060E-1,-4.442201853E-1
6.142748625E0,7.708786726E-1,-4.262250960E-1,-4.140827954E-1
6.152689625E0,7.355643511E-1,-4.421035945E-1,-3.915627897E-1
6.162629625E0,7.093638778E-1,-4.558457732E-1,-3.798235655E-1
6.172569625E0,6.881999969E-1,-4.732019603E-1,-3.698658347E-1
6.182509625E0,6.677040458E-1,-4.860029817E-1,-3.670652509E-1
6.192449625E0,6.475933790E-1,-4.811455905E-1,-3.629219532E-1
6.202389625E0,6.217114329E-1,-4.631122649E-1,-3.539398909E-1
6.212329625E0,5.948652029E-1,-4.447302222E-1,-3.409398496E-1
6.222269625E0,5.785205960E-1,-4.225900173E-1,-3.257393241E-1
6.232209625E0,5.698530078E-1,-3.990749419E-1,-3.063060641E-1
6.242149625E0,5.548993945E-1,-3.734582663E-1,-2.883813977E-1
6.252089625E0,5.445674658E-1,-3.431348205E-1,-2.632100880E-1
6.262029625E0,5.306913257E-1,-3.154925406E-1,-2.362900525E-1
6.271969625E0,5.207719207E-1,-2.941426933E-1,-2.094404399E-1
6.281909625E0,5.247464180E-1,-2.774385512E-1,-1.882360876E-1
6.291849625E0,5.293568373E-1,-2.677372694E-1,-1.687822938E-1
6.301789625E0,5.390195847E-1,-2.544091940E-1,-1.577903628E-1
6.311729625E0,5.463344455E-1,-2.518497109E-1,-1.492814422E-1
6.321669625E0,5.484157205E-1,-2.401243597E-1,-1.381286532E-1
6.331609625E0,5.400843024E-1,-2.241661996E-1,-1.258450001E-1
6.341549625E0,5.333877802E-1,-2.021626234E-1,-1.153444201E-1
6.351489625E0,5.185133219E-1,-1.748419404E-1,-1.069782227E-1
6.361429625E0,5.043628812E-1,-1.522527486E-1,-1.040876284E-1
6.371369625E0,4.896093905E-1,-1.233060658E-1,-9.517231584E-2
6.381309625E0,4.741630554E-1,-1.039440855E-1,-9.112803638E-2
6.391249625E0,4.615815282E-1,-8.436521143E-2,-8.446599543E-2
6.401189625E0,4.480412304E-1,-7.840425521E-2,-8.262681216E-2
6.411129625E0,4.338684082E-1,-7.798214257E-2,-7.990879565E-2
6.421069625E0,4.224519730E-1,-7.600128651E-2,-8.080255240E-2
6.431009625E0,4.123878181E-1,-7.279341668E-2,-7.998252660E-2
6.440949625E0,3.989998400E-1,-7.394389808E-2,-8.316980302E-2
6.450890625E0,3.766224980E-1,-7.092465460E-2,-8.260396123E-2
6.460830833E0,3.547033370E-1,-5.911806598E-2,-8.276960999E-2
6.470770833E0,3.330894411E-1,-4.333955050E-2,-8.859758824E-2
6.480710833E0,3.084884882E-1,-2.920242585E-2,-9.312709421E-2
6.490650833E0,2.877977490E-1,-1.957159862E-2,-1.013118476E-1
6.500590833E0,2.730062902E-1,-1.303060912E-2,-1.041555703E-1
6.510530833E0,2.635445595E-1,-2.616223320E-2,-1.083374470E-1
6.520470833E0,2.586363554E-1,-4.482886195E-2,-1.141420677E-1
6.530410833E0,2.478565574E-1,-5.679597333E-2,-1.224940121E-1
6.540350833E0,2.334187627E-1,-7.140554488E-2,-1.285678744E-1
6.550290833E0,2.260678858E-1,-8.835311979E-2,-1.300334483E-1
6.560230833E0,2.132138759E-1,-1.026468351E-1,-1.195064932E-1
6.570170833E0,2.012389898E-1,-1.101396233E-1,-1.098519787E-1
6.580110833E0,1.939944029E-1,-1.093116477E-1,-1.040793136E-1
6.590050833E0,1.859815568E-1,-1.069439575E-1,-9.888380766E-2
6.599990833E0,1.735341996E-1,-1.082260013E-1,-9.287305921E-2
6.609930833E0,1.653116494E-1,-1.106165722E-1,-8.866890520E-2
6.619870833E0,1.604178250E-1,-1.237882972E-1,-8.426456898E-2
6.629810833E0,1.620456874E-1,-1.337277442E-1,-7.789500058E-2
6.639750833E0,1.649362743E-1,-1.521903723E-1,-6.692810357E-2
6.649690833E0,1.691573411E-1,-1.710464209E-1,-5.497536063E-2
6.659630833E0,1.696643978E-1,-1.875486970E-1,-4.475920647E-2
6.669570833E0,1.670583189E-1,-1.945236176E-1,-3.658277169E-2
6.679510833E0,1.561798304E-1,-1.903813332E-1,-3.131636977E-2
6.689450833E0,1.484259963E-1,-1.722666323E-1,-2.807201631E-2
6.699390833E0,1.452967823E-1,-1.465735137E-1,-2.745203488E-2
6.709330833E0,1.443125755E-1,-1.061735600E-1,-3.352885693E-2
6.719270833E0,1.449296325E-1,-7.602071762E-2,-4.516340792E-2
6.729210833E0,1.455747336E-1,-4.293754697E-2,-6.322408468E-2
6.739151833E0,1.475694478E-1,-2.224265225E-2,-8.887964487E-2
6.749091833E0,1.488457769E-1,-1.736002415E-2,-1.136903688E-1
6.759031833E0,1.561915725E-1,-2.038777247E-2,-1.354555786E-1
6.768971833E0,1.627102494E-1,-3.409572318E-2,-1.519549638E-1
6.778911833E0,1.679987460E-1,-4.404502735E-2,-1.625639200E-1
6.788851833E0,1.667558402E-1,-4.320289567E-2,-1.684923321E-1
6.798791833E0,1.608444303E-1,-4.015197977E-2,-1.643396616E-1
6.808731833E0,1.516285986E-1,-2.179822698E-2,-1.616711169E-1
6.818671833E0,1.374755055E-1,1.148036774E-2,-1.596969217E-1
6.828611833E0,1.222874001E-1,5.251312628E-2,-1.660581082E-1
6.838551833E0,1.050780490E-1,9.170340002E-2,-1.750926226E-1
6.848491833E0,9.276019037E-2,1.219870895E-1,-1.808957905E-1
6.858431833E0,8.631853014E-2,1.379607320E-1,-1.852655113E-1
6.868371833E0,8.355908096E-2,1.397468895E-1,-1.861120164E-1
6.878311833E0,8.777006716E-2,1.215899959E-1,-1.850395501E-1
6.888251833E0,9.238269180E-2,8.976581693E-2,-1.835832447E-1
6.898191833E0,9.359069914E-2,5.374443159E-2,-1.722903848E-1
6.908131833E0,9.618727863E-2,2.457157336E-2,-1.566247195E-1
6.918071833E0,8.553916216E-2,1.015881076E-2,-1.408721358E-1
6.928011833E0,7.059435546E-2,1.064486522E-2,-1.191429496E-1
6.937951833E0,5.305904150E-2,2.485335991E-2,-9.994341433E-2
6.947891833E0,3.401232883E-2,4.658635333E-2,-8.139569312E-2
6.957831833E0,1.803788915E-2,6.550225616E-2,-5.938360095E-2
6.967771833E0,3.467659000E-3,8.499409258E-2,-3.868565708E-2
6.977712833E0,-2.022542059E-2,1.043456942E-1,-1.795348153E-2
6.987652833E0,-3.386857361E-2,1.174006462E-1,-2.859930508E-3
6.997592833E0,-5.156235024E-2,1.200608760E-1,8.875821717E-3
7.007532833E0,-5.869901925E-2,1.189774200E-1,2.190454118E-2
7.017472833E0,-6.160718948E-2,1.133482978E-1,3.247409314E-2
7.027412833E0,-6.691194326E-2,1.033718288E-1,4.871245474E-2
7.037352833E0,-6.754364073E-2,8.852524310E-2,7.121962309E-2
7.047292833E0,-7.537310570E-2,8.084759116E-2,9.641097486E-2
7.057232833E0,-9.272732586E-2,8.225853741E-2,1.241744310E-1
7.067172833E0,-1.124934927E-1,9.116211534E-2,1.562028080E-1
7.077112833E0,-1.397658587E-1,1.085189953E-1,1.825409383E-1
7.087052833E0,-1.685306877E-1,1.313837469E-1,2.054511756E-1
7.096992833E0,-1.990686208E-1,1.612787992E-1,2.260781527E-1
7.106932833E0,-2.351521850E-1,1.876255274E-1,2.503983974E-1
7.116872833E0,-2.675378025E-1,2.167477310E-1,2.744067907E-1
7.126812833E0,-2.957287133E-1,2.439904362E-1,2.937518656E-1
7.136752833E0,-3.305703104E-1,2.713094354E-1,3.125883937E-1
7.146692833E0,-3.627051115E-1,2.973958552E-1,3.252575696E-1
7.156632833E0,-3.996474147E-1,3.189645112E-1,3.333674073E-1
7.166572833E0,-4.311392009E-1,3.421861529E-1,3.476449251E-1
7.176512833E0,-4.599000216E-1,3.629849255E-1,3.651261628E-1
7.186452833E0,-4.884125888E-1,3.804363608E-1,3.872461617E-1
7.196392833E0,-5.088099837E-1,4.029014409E-1,4.169132411E-1
7.206332833E0,-5.274307728E-1,4.376282990E-1,4.483906031E-1
7.216273833E0,-5.493030548E-1,4.778513312E-1,4.846849740E-1
7.226213833E0,-5.663143992E-1,5.294366479E-1,5.206227303E-1
7.236153833E0,-5.920469165E-1,5.921277404E-1,5.602510571E-1
7.246093833E0,-6.167296171E-1,6.642818451E-1,6.035269499E-1
7.256033833E0,-6.531432867E-1,7.333418727E-1,6.468107700E-1
7.265973833E0,-6.880050302E-1,7.902154922E-1,6.871066093E-1
7.275913833E0,-7.305408120E-1,8.436467648E-1,7.164527774E-1
7.285853833E0,-7.741271257E-1,8.793022037E-1,7.414917946E-1
7.295793833E0,-8.104161620E-1,8.989979029E-1,7.595709562E-1
7.305733833E0,-8.397883773E-1,9.049979448E-1,7.866100073E-1
7.315673833E0,-8.614398837E-1,8.932421803E-1,8.097368479E-1
7.325613833E0,-8.819196224E-1,8.779459596E-1,8.322218060E-1
7.335553833E0,-9.140237570E-1,8.599659204E-1,8.502881527E-1
7.345493833E0,-9.579753280E-1,8.678181171E-1,8.639731407E-1
7.355433833E0,-1.013327003E0,8.892440200E-1,8.836283088E-1
7.365373833E0,-1.076935053E0,9.285877347E-1,9.074625969E-1
7.375313833E0,-1.142318010E0,9.832552671E-1,9.232101440E-1
7.385253833E0,-1.202420115E0,1.043575883E0,9.311669469E-1
7.395193833E0,-1.260446429E0,1.100376129E0,9.324620962E-1
7.405133833E0,-1.309806824E0,1.143244743E0,9.252535105E-1
7.415073833E0,-1.336940408E0,1.171155453E0,9.175108671E-1
7.425013833E0,-1.345626593E0,1.177324891E0,9.172416329E-1
7.434954833E0,-1.352420807E0,1.165210009E0,9.179790616E-1
7.444894833E0,-1.345239282E0,1.148457050E0,9.208439589E-1
7.454834333E0,-1.334301353E0,1.138565063E0,9.268568158E-1
7.464774333E0,-1.323993564E0,1.133979678E0,9.401049614E-1
7.474714333E0,-1.318322659E0,1.136863589E0,9.635405540E-1
7.484654333E0,-1.315103650E0,1.147373796E0,9.976996779E-1
7.494594333E0,-1.308593035E0,1.162517548E0,1.036740184E0
7.504534333E0,-1.307053089E0,1.187579036E0,1.074239850E0
7.514474333E0,-1.311742663E0,1.211038828E0,1.110052466E0
7.524414333E0,-1.309891105E0,1.228583574E0,1.137385607E0
7.534354333E0,-1.301545262E0,1.232548952E0,1.163738370E0
7.544294333E0,-1.291763425E0,1.224484563E0,1.185908318E0
7.554234333E0,-1.281745195E0,1.204348683E0,1.199407339E0
7.564174333E0,-1.268427253E0,1.185165167E0,1.200999618E0
7.574114333E0,-1.251969934E0,1.158767343E0,1.191150188E0
7.584054333E0,-1.237829924E0,1.132054806E0,1.177949667E0
7.593994333E0,-1.218671679E0,1.098165512E0,1.163561702E0
7.603934333E0,-1.203584790E0,1.062000513E0,1.155289531E0
7.613874333E0,-1.176118016E0,1.024340272E0,1.150254011E0
7.623814333E0,-1.150641322E0,9.934141636E-1,1.142101645E0
7.633755333E0,-1.124284863E0,9.585062265E-1,1.134467721E0
7.643695333E0,-1.093380809E0,9.255973101E-1,1.117325306E0
7.653635333E0,-1.063380599E0,8.934465647E-1,1.094627738E0
7.663575333E0,-1.031943083E0,8.606841564E-1,1.071354151E0
7.673515333E0,-9.960936904E-1,8.234992027E-1,1.055229306E0
7.683455333E0,-9.697766900E-1,7.807799578E-1,1.039854527E0
7.693395333E0,-9.553713799E-1,7.470073700E-1,1.029586077E0
7.703335333E0,-9.453264475E-1,7.201436162E-1,1.016090393E0
7.713275333E0,-9.370269775E-1,6.980052590E-1,1.010447383E0
7.723215333E0,-9.268622398E-1,6.886183023E-1,9.968965650E-1
7.733155333E0,-9.056437612E-1,6.818733215E-1,9.772592187E-1
7.743095333E0,-8.701857328E-1,6.782281399E-1,9.462124109E-1
7.753035333E0,-8.303514719E-1,6.786186099E-1,9.127711058E-1
7.762975333E0,-7.988007069E-1,6.687148213E-1,8.725246191E-1
7.772915333E0,-7.696484327E-1,6.441850066E-1,8.346135020E-1
7.782855333E0,-7.535168529E-1,6.144759655E-1,8.068588972E-1
7.792795333E0,-7.512816787E-1,5.765740871E-1,7.901099920E-1
7.802735333E0,-7.539020181E-1,5.477163196E-1,7.761568427E-1
7.812675333E0,-7.486494780E-1,5.269465446E-1,7.665817142E-1
7.822615333E0,-7.383394241E-1,5.089352131E-1,7.619345188E-1
7.832556333E0,-7.197012901E-1,4.966300726E-1,7.623451948E-1
7.842496333E0,-6.952604651E-1,4.916356206E-1,7.569543719E-1
7.852436333E0,-6.714342237E-1,4.886824489E-1,7.485723495E-1
7.862376333E0,-6.517847776E-1,4.920011163E-1,7.372964621E-1
7.872316333E0,-6.299378276E-1,4.907344878E-1,7.236895561E-1
7.882256333E0,-6.062927842E-1,4.811477363E-1,7.101309299E-1
7.892196333E0,-5.804539919E-1,4.664249718E-1,6.968199015E-1
7.902136333E0,-5.489257574E-1,4.508906901E-1,6.825581193E-1
7.912076333E0,-5.234731436E-1,4.374041557E-1,6.697344780E-1
7.922016333E0,-4.937665462E-1,4.279311299E-1,6.545711160E-1
7.931956333E0,-4.612230062E-1,4.190556109E-1,6.491281390E-1
7.941896333E0,-4.274133444E-1,4.144173563E-1,6.329371929E-1
7.951836333E0,-3.940071762E-1,3.975044191E-1,6.209588051E-1
7.961776333E0,-3.602389693E-1,3.775609434E-1,6.050519943E-1
7.971716333E0,-3.248926997E-1,3.485737741E-1,5.895675421E-1
7.981656333E0,-2.938632369E-1,3.138382733E-1,5.745583177E-1
7.991596333E0,-2.548218369E-1,2.759313881E-1,5.534285307E-1
8.001536333E0,-2.168454677E-1,2.419468611E-1,5.258803368E-1
8.011476333E0,-1.755962968E-1,2.209377140E-1,4.986404181E-1
8.021417333E0,-1.460792571E-1,2.069379389E-1,4.758475721E-1
8.031357333E0,-1.183855683E-1,1.935723424E-1,4.579282403E-1
8.041297333E0,-9.175185114E-2,1.851307303E-1,4.363113642E-1
8.051237333E0,-6.458867341E-2,1.809357256E-1,4.126324058E-1
8.061177333E0,-3.605164587E-2,1.784850657E-1,3.862958252E-1
8.071117333E0,-8.141181432E-3,1.736426353E-1,3.642818630E-1
8.081057333E0,1.547593810E-2,1.644497514E-1,3.473646641E-1
8.090997333E0,3.865502402E-2,1.506116986E-1,3.337330222E-1
8.100937333E0,5.498392507E-2,1.402378678E-1,3.210335076E-1
8.110877333E0,7.238315791E-2,1.334468126E-1,3.048513234E-1
8.120817333E0,8.665931225E-2,1.262384057E-1,2.807027400E-1
8.130757333E0,9.415957332E-2,1.209855750E-1,2.618414462E-1
8.140697333E0,1.011707783E-1,1.142103449E-1,2.469251156E-1
8.150637333E0,1.008266956E-1,1.122875437E-1,2.330015749E-1
8.160577333E0,1.029087007E-1,1.088131145E-1,2.124224156E-1
8.170517333E0,1.081657782E-1,1.163900718E-1,1.889932603E-1
8.180457333E0,1.202498525E-1,1.153996959E-1,1.663724184E-1
8.190397333E0,1.303640008E-1,1.122643575E-1,1.420519054E-1
8.200337333E0,1.378167272E-1,1.093554422E-1,1.158766076E-1
8.210278333E0,1.481415480E-1,1.032730490E-1,9.023223072E-2
8.220218333E0,1.521734893E-1,9.710054100E-2,6.199671328E-2
8.230158333E0,1.491111219E-1,9.831707180E-2,3.396295011E-2
8.240098333E0,1.417960972E-1,9.352916479E-2,2.036209032E-2
8.250038333E0,1.281271577E-1,9.082152694E-2,1.383974217E-2
8.259978333E0,1.145761833E-1,8.105404675E-2,8.007861674E-3
8.269918333E0,1.030604094E-1,7.331010699E-2,3.220563289E-3
8.279858333E0,9.170654416E-2,7.050627470E-2,-4.279565997E-3
8.289798333E0,7.833427936E-2,6.683617085E-2,-9.072191082E-3
8.299738333E0,6.285376102E-2,5.984437466E-2,-2.150931396E-3
8.309678333E0,5.063384771E-2,5.449488014E-2,6.141087040E-3
8.319618333E0,3.782233596E-2,5.290536582E-2,1.470824331E-2
8.329558333E0,3.191011772E-2,4.645838588E-2,2.329480648E-2
8.339498333E0,1.936255395E-2,3.848249465E-2,3.131322563E-2
8.349438333E0,1.327137277E-2,2.733716555E-2,4.061484709E-2
8.359378333E0,6.871570833E-3,2.606429905E-2,4.222570732E-2
8.369318333E0,1.838407479E-4,1.739198342E-2,4.729690030E-2
8.379258333E0,-5.659229588E-3,9.808700532E-3,5.420670658E-2
8.389199333E0,-9.646248072E-3,4.729253240E-3,5.707013980E-2
8.399139333E0,-1.433758065E-2,-4.436126910E-4,5.646551773E-2
8.409079333E0,-2.581687085E-2,-5.982721224E-3,5.991111696E-2
8.419019333E0,-2.970467508E-2,-1.481575705E-2,6.507235765E-2
8.428959333E0,-3.956396133E-2,-2.207659930E-2,7.076033950E-2
8.438899333E0,-4.796461016E-2,-3.274449334E-2,7.045959681E-2
8.448839333E0,-5.391784012E-2,-4.090815037E-2,7.011658698E-2
8.458779583E0,-5.735516548E-2,-5.016682670E-2,6.916459650E-2
8.468719583E0,-6.214991957E-2,-5.016682670E-2,6.785298884E-2
8.478659583E0,-6.748410314E-2,-5.158143118E-2,5.713291094E-2
8.488599583E0,-7.256967574E-2,-5.052388832E-2,5.188275501E-2
8.498539583E0,-7.942952961E-2,-5.503108725E-2,4.847532511E-2
8.508479583E0,-8.413346857E-2,-5.999628827E-2,3.754650801E-2
8.518419583E0,-8.932540566E-2,-6.390692294E-2,2.778663673E-2
8.528359583E0,-8.723508567E-2,-7.295528054E-2,1.569322310E-2
8.538299583E0,-8.714219928E-2,-7.693757862E-2,1.088849735E-2
8.548239583E0,-8.803781867E-2,-7.575380057E-2,5.940876901E-3
8.558179583E0,-8.349464089E-2,-7.425384969E-2,8.951231837E-3
8.568120583E0,-7.661010325E-2,-7.448661327E-2,1.885066740E-3
8.578060583E0,-6.864745915E-2,-7.650016248E-2,-8.309930563E-3
8.588000583E0,-6.027634814E-2,-7.520320266E-2,-1.479579322E-2
8.597940583E0,-5.223980173E-2,-7.247626036E-2,-2.026586607E-2
8.607880583E0,-4.248410836E-2,-6.586389989E-2,-2.673441544E-2
8.617820583E0,-4.046151415E-2,-5.646905303E-2,-2.378186584E-2
8.627760583E0,-3.133672476E-2,-5.454652011E-2,-2.181085944E-2
8.637700583E0,-2.299987152E-2,-4.862172902E-2,-1.905350387E-2
8.647640583E0,-1.430065650E-2,-4.551195353E-2,-1.793337986E-2
8.657580583E0,-3.003963735E-3,-3.730261698E-2,-2.125352994E-2
8.667520583E0,7.088085171E-3,-2.950781211E-2,-2.440884337E-2
8.677460583E0,1.137201488E-2,-2.180768549E-2,-2.853292972E-2
8.687400583E0,1.487673447E-2,-1.195558719E-2,-2.814038098E-2
8.697340583E0,1.662581600E-2,-1.195657998E-2,-2.771621197E-2
8.707280583E0,1.412350964E-2,-9.680642746E-3,-3.091520071E-2
8.717220583E0,1.196609996E-2,-6.378400140E-3,-3.600052744E-2
8.727160583E0,1.473126095E-2,-7.262037136E-3,-4.143683985E-2
8.737101583E0,1.570801437E-2,-9.678115137E-3,-4.729784280E-2
8.747041583E0,1.318360399E-2,-8.961458690E-3,-5.063584819E-2
8.756981583E0,1.320133358E-2,-1.055470202E-2,-5.632246286E-2
8.766921583E0,1.404795237E-2,-1.298936456E-2,-6.342591345E-2
8.776861583E0,7.719552144E-3,-1.395156328E-2,-6.314085424E-2
8.786801583E0,8.667060174E-4,-2.057484537E-2,-6.627965719E-2
8.796741583E0,-8.415888064E-3,-3.354111314E-2,-6.375022978E-2
8.806681583E0,-1.561734080E-2,-4.983140156E-2,-6.071421877E-2
8.816621583E0,-2.016655356E-2,-5.810637400E-2,-5.416390672E-2
8.826561583E0,-2.296713367E-2,-6.790600717E-2,-5.367202684E-2
8.836501583E0,-2.612867765E-2,-7.524121553E-2,-5.387935787E-2
8.846441583E0,-2.694307081E-2,-8.539238572E-2,-5.404394120E-2
8.856381583E0,-2.896383405E-2,-9.688606113E-2,-5.573262647E-2
8.866321583E0,-2.949460223E-2,-1.151034161E-1,-5.506576970E-2
8.876261583E0,-3.125084564E-2,-1.253480613E-1,-5.320010707E-2
8.886202583E0,-3.020848148E-2,-1.317918450E-1,-5.264270678E-2
8.896142583E0,-3.079257533E-2,-1.319351941E-1,-4.239817709E-2
8.906082583E0,-3.286531195E-2,-1.345690638E-1,-3.558154777E-2
8.916022583E0,-3.809217736E-2,-1.345255077E-1,-2.958254889E-2
8.925962583E0,-4.003308713E-2,-1.382025331E-1,-2.398112044E-2
8.935902583E0,-3.400954977E-2,-1.463619918E-1,-1.847585291E-2
8.945842583E0,-3.014770150E-2,-1.511740535E-1,-1.522413362E-2
8.955782583E0,-2.837478556E-2,-1.523671597E-1,-1.446537580E-2
8.965722583E0,-2.070141956E-2,-1.546998173E-1,-1.198277716E-2
8.975662583E0,-2.145669237E-2,-1.469588131E-1,-1.102350559E-2
8.985602583E0,-1.472075842E-2,-1.407834738E-1,-9.990732186E-3
8.995542583E0,-9.200232103E-3,-1.302548647E-1,-1.005666237E-2
9.005482583E0,-1.082662307E-2,-1.204688177E-1,-7.973271422E-3
9.015422583E0,-9.253306314E-3,-1.170819476E-1,-2.483371645E-3
9.025362583E0,-1.073642075E-2,-1.108131334E-1,4.963625222E-3
9.035302583E0,-6.638038903E-3,-1.117974371E-1,1.063325442E-2
9.045242583E0,-5.520576611E-3,-1.024662554E-1,1.384156384E-2
9.055183583E0,-3.129933495E-3,-9.429899603E-2,1.342350896E-2
9.065123583E0,-6.969505921E-5,-8.632336557E-2,1.015048474E-2
9.075063583E0,3.888626816E-3,-7.526991516E-2,7.683960721E-3
9.085003583E0,7.046070416E-3,-6.292669475E-2,1.748306677E-3
9.094943583E0,7.742142305E-3,-5.452135578E-2,1.765412278E-3
9.104883583E0,1.016242336E-2,-4.846692458E-2,3.033609129E-3
9.114823583E0,6.320049055E-3,-4.774700850E-2,8.056641556E-3
9.124763583E0,1.454453915E-3,-4.269845411E-2,1.116188802E-2
9.134703583E0,5.071097985E-4,-4.082482681E-2,1.756796986E-2
9.144643583E0,6.762207486E-4,-3.392031789E-2,2.051821910E-2
9.154583583E0,-1.891892403E-3,-2.675123140E-2,2.645422332E-2
9.164523583E0,-2.632517368E-3,-2.496664785E-2,2.915946208E-2
9.174463583E0,-6.091569085E-3,-2.199630439E-2,2.953653038E-2
9.184403583E0,-6.716346834E-3,-1.455436647E-2,3.185667470E-2
9.194343583E0,-9.128564969E-3,-1.432950702E-2,3.284090012E-2
9.204284583E0,-9.700879455E-3,-1.398302987E-2,3.033806384E-2
9.214224583E0,-1.191308815E-2,-9.582825936E-3,3.196386248E-2
9.224164583E0,-1.936088502E-2,-1.086673513E-2,2.948712185E-2
9.234104583E0,-1.972178370E-2,-1.090556476E-2,3.291273862E-2
9.244044583E0,-2.224672772E-2,-1.078705397E-2,3.662891313E-2
9.253984583E0,-2.877729945E-2,-6.933269091E-3,4.017697647E-2
9.263924583E0,-3.608075529E-2,-5.505548324E-3,4.213759303E-2
9.273864583E0,-3.782494739E-2,-6.680598948E-3,4.955964163E-2
9.283804583E0,-4.117813334E-2,-4.829169251E-3,5.491232872E-2
9.293744583E0,-4.569877684E-2,-9.346189909E-4,6.070584431E-2
9.303684583E0,-4.195863381E-2,-5.441717803E-6,5.694838986E-2
9.313624583E0,-4.178961739E-2,5.083456635E-4,5.630441010E-2
9.323564583E0,-3.291090205E-2,4.418132827E-3,4.966967553E-2
9.333504583E0,-2.153944224E-2,1.539476030E-2,4.088835046E-2
9.343444583E0,-1.341893245E-2,2.167768963E-2,3.557427973E-2
9.353385583E0,-8.785624057E-3,3.685316443E-2,3.492144123E-2
9.363325583E0,-2.753297333E-3,5.576027930E-2,3.356669098E-2
9.373265583E0,4.528269172E-3,6.930512190E-2,3.328436986E-2
9.383205583E0,1.107937936E-2,8.066031337E-2,2.912717685E-2
9.393145583E0,1.312631182E-2,8.324771374E-2,2.186625078E-2
9.403085583E0,6.066272501E-3,7.731232792E-2,1.369620580E-2
9.413025583E0,-2.355959266E-3,6.792538613E-2,2.621843480E-3
9.422965583E0,-1.323683746E-2,5.093842000E-2,-4.308766685E-3
9.432905583E0,-2.052028105E-2,3.120531142E-2,-8.297944441E-3
9.442845583E0,-2.305294760E-2,1.219274011E-2,-1.410869509E-2
9.452785583E0,-2.451069281E-2,5.543148145E-3,-1.719598472E-2
9.462725208E0,-2.943008393E-2,7.288849913E-3,-1.920667104E-2
9.472665208E0,-3.112316690E-2,2.041606605E-2,-1.453621592E-2
9.482605208E0,-4.267835990E-2,4.085449502E-2,-2.887016162E-3
9.492545208E0,-5.662288889E-2,5.904814601E-2,8.559808135E-3
9.502486208E0,-6.233244017E-2,7.448010147E-2,1.873494685E-2
9.512426208E0,-6.830198318E-2,8.457096666E-2,3.032995015E-2
9.522366208E0,-6.978163123E-2,8.944508433E-2,3.899960592E-2
9.532306208E0,-6.960460544E-2,8.522950858E-2,4.434765130E-2
9.542246208E0,-7.126694918E-2,7.991144061E-2,4.398865998E-2
9.552186208E0,-6.696954370E-2,7.620982081E-2,3.955980390E-2
9.562126208E0,-6.384831667E-2,7.228725404E-2,3.497650102E-2
9.572066208E0,-5.668136850E-2,7.406432927E-2,2.852429822E-2
9.582006208E0,-5.346720293E-2,7.503078878E-2,2.521318942E-2
9.591946208E0,-4.896647483E-2,7.006871700E-2,2.527488396E-2
9.601886208E0,-4.825194925E-2,6.076309830E-2,2.547914907E-2
9.611826208E0,-4.453461617E-2,4.669834673E-2,2.081331983E-2
9.621766208E0,-4.205920547E-2,3.691815585E-2,2.076165378E-2
9.631706208E0,-3.537791967E-2,2.320288867E-2,1.841592044E-2
9.641647208E0,-3.160235658E-2,1.183332223E-2,1.473596320E-2
9.651587208E0,-2.268429846E-2,6.637042388E-4,1.232062932E-2
9.661527208E0,-1.238478813E-2,-1.389100403E-2,7.599110715E-3
9.671467208E0,2.355862875E-3,-3.113312647E-2,-4.542656243E-4
9.681407208E0,1.283273846E-2,-4.527530819E-2,-1.061289385E-2
9.691347208E0,2.210908756E-2,-5.668520927E-2,-1.646367647E-2
9.701287208E0,3.505258262E-2,-6.841883063E-2,-1.969968341E-2
9.711227208E0,4.677613080E-2,-8.421453834E-2,-1.818184927E-2
9.721167208E0,6.300836802E-2,-1.086178869E-1,-2.571433410E-2
9.731107208E0,7.995963842E-2,-1.250608861E-1,-3.365604579E-2
9.741047208E0,1.022878513E-1,-1.494554579E-1,-4.547994956E-2
9.750987208E0,1.265064925E-1,-1.843893826E-1,-6.193540990E-2
9.760927208E0,1.537777930E-1,-2.211439312E-1,-7.509515435E-2
9.770867208E0,1.776371449E-1,-2.484727800E-1,-9.448265284E-2
9.780808208E0,2.031164020E-1,-2.721256614E-1,-1.127274334E-1
9.790748208E0,2.268982381E-1,-2.909429967E-1,-1.342539340E-1
9.800688208E0,2.561857998E-1,-3.132914603E-1,-1.578391492E-1
9.810628208E0,2.796606719E-1,-3.347490132E-1,-1.847538948E-1
9.820568208E0,3.026461303E-1,-3.577328920E-1,-2.145679891E-1
9.830508208E0,3.240292966E-1,-3.770620525E-1,-2.440919429E-1
9.840448208E0,3.422804773E-1,-4.015223980E-1,-2.807679474E-1
9.850388208E0,3.567693830E-1,-4.229105413E-1,-3.153456151E-1
9.860328208E0,3.720335662E-1,-4.477849901E-1,-3.536447883E-1
9.870268208E0,3.879827559E-1,-4.701710045E-1,-3.900467157E-1
9.880208208E0,4.049569368E-1,-4.946350455E-1,-4.308085442E-1
9.890148208E0,4.235490859E-1,-5.248897076E-1,-4.697068930E-1
9.900088208E0,4.327782691E-1,-5.546596050E-1,-5.113792419E-1
9.910028208E0,4.483004212E-1,-5.929221511E-1,-5.490815639E-1
9.919969208E0,4.537591040E-1,-6.278039813E-1,-5.837423205E-1
9.929909208E0,4.606439173E-1,-6.615294218E-1,-6.141178012E-1
9.939849208E0,4.635976255E-1,-6.950434446E-1,-6.402487755E-1
9.949789208E0,4.742801487E-1,-7.157996297E-1,-6.725720167E-1
9.959729208E0,4.904697537E-1,-7.314829826E-1,-7.000753284E-1
9.969669208E0,5.041807890E-1,-7.475769520E-1,-7.338609099E-1
9.979609208E0,5.162388086E-1,-7.794075012E-1,-7.617897391E-1
9.989549208E0,5.284899473E-1,-8.186351657E-1,-7.758994102E-1
9.999489208E0,5.334657431E-1,-8.618680835E-1,-7.919446826E-1
1.000942921E1,5.392838717E-1,-8.943439722E-1,-8.088135123E-1
1.001936921E1,5.516904593E-1,-9.214416742E-1,-8.348331451E-1
1.002930921E1,5.729214549E-1,-9.351793528E-1,-8.600589037E-1
1.003924921E1,6.095926762E-1,-9.445075989E-1,-8.898865581E-1
1.004918921E1,6.502078176E-1,-9.581593275E-1,-9.217236042E-1
1.005913021E1,6.767914891E-1,-9.840199351E-1,-9.426296949E-1
1.006907021E1,6.880174279E-1,-1.018207073E0,-9.594058990E-1
1.007901021E1,7.015070915E-1,-1.058199763E0,-9.681085944E-1
1.008895021E1,7.226694226E-1,-1.102087379E0,-9.764659405E-1
1.009889021E1,7.440503240E-1,-1.141228914E0,-1.000774145E0
1.010883021E1,7.664713264E-1,-1.172415733E0,-1.038553357E0
1.011877021E1,7.988676429E-1,-1.182347775E0,-1.080064535E0
1.012871021E1,8.396643996E-1,-1.173523545E0,-1.117018461E0
1.013865021E1,8.839455843E-1,-1.160421848E0,-1.142720580E0
1.014859021E1,9.307036996E-1,-1.151768565E0,-1.153299212E0
1.015853021E1,9.750708938E-1,-1.153381824E0,-1.153100848E0
1.016847021E1,1.018407226E0,-1.168490529E0,-1.136017323E0
1.017841021E1,1.053062081E0,-1.201419473E0,-1.113523483E0
1.018835121E1,1.084401965E0,-1.246417403E0,-1.092930555E0
1.019829121E1,1.121079564E0,-1.285836935E0,-1.080393195E0
1.020823121E1,1.168934345E0,-1.307752967E0,-1.074262142E0
1.021817121E1,1.226489067E0,-1.302032709E0,-1.073668242E0
1.022811121E1,1.292037010E0,-1.278107285E0,-1.068050265E0
1.023805121E1,1.346296191E0,-1.235689878E0,-1.053914547E0
1.024799121E1,1.396797061E0,-1.188146234E0,-1.019536495E0
1.025793121E1,1.429697752E0,-1.138227701E0,-9.607921839E-1
1.026787121E1,1.453306317E0,-1.100914240E0,-8.889158964E-1
1.027781121E1,1.472291231E0,-1.067620516E0,-8.192502856E-1
1.028775121E1,1.483877182E0,-1.041342854E0,-7.619981766E-1
1.029769121E1,1.490430355E0,-1.022106886E0,-7.143558264E-1
1.030763121E1,1.484729886E0,-9.953791499E-1,-6.742384434E-1
1.031757221E1,1.473843336E0,-9.637762308E-1,-6.405382752E-1
1.032751221E1,1.454127550E0,-9.184486866E-1,-6.096105576E-1
1.033745221E1,1.426694870E0,-8.660605550E-1,-5.808199048E-1
1.034739221E1,1.387547374E0,-8.119493723E-1,-5.564873219E-1
1.035733221E1,1.345648050E0,-7.594227791E-1,-5.386111140E-1
1.036727221E1,1.314788580E0,-7.076965570E-1,-5.265015960E-1
1.037721221E1,1.280894756E0,-6.701001525E-1,-5.193779469E-1
1.038715221E1,1.251157403E0,-6.436077356E-1,-5.148318410E-1
1.039709221E1,1.214940548E0,-6.311641335E-1,-5.178031325E-1
1.040703221E1,1.174693227E0,-6.304345131E-1,-5.277554393E-1
1.041697221E1,1.129387617E0,-6.400011182E-1,-5.499328971E-1
1.042691221E1,1.083706617E0,-6.539391279E-1,-5.765870214E-1
1.043685221E1,1.043314219E0,-6.656215787E-1,-6.084240079E-1
1.044679321E1,9.958483577E-1,-6.762263179E-1,-6.428725719E-1
1.045673321E1,9.463242292E-1,-6.716831923E-1,-6.741409898E-1
1.046667346E1,8.874008656E-1,-6.655472517E-1,-7.002743483E-1
1.047661346E1,8.361347318E-1,-6.614621878E-1,-7.196312547E-1
1.048655346E1,7.919569016E-1,-6.739332080E-1,-7.451168895E-1
1.049649346E1,7.494235635E-1,-6.787905097E-1,-7.762073874E-1
1.050643346E1,7.210984230E-1,-7.025523186E-1,-8.117196560E-1
1.051637346E1,7.003188133E-1,-7.212450504E-1,-8.473343849E-1
1.052631346E1,6.821193695E-1,-7.358831763E-1,-8.732059002E-1
1.053625346E1,6.546624303E-1,-7.513545752E-1,-8.854665756E-1
1.054619346E1,6.272498965E-1,-7.574755549E-1,-8.896446824E-1
1.055613346E1,6.055229902E-1,-7.666514516E-1,-8.927262425E-1
1.056607346E1,5.931025743E-1,-7.759218216E-1,-8.971996307E-1
1.057601446E1,5.830025673E-1,-7.891137600E-1,-9.167240858E-1
1.058595446E1,5.812592506E-1,-7.911003828E-1,-9.456541538E-1
1.059589446E1,5.810163617E-1,-7.940315008E-1,-9.676604271E-1
1.060583446E1,5.802138448E-1,-7.880513072E-1,-9.907432795E-1
1.061577446E1,5.784772038E-1,-7.711743116E-1,-1.003289461E0
1.062571446E1,5.750852227E-1,-7.529104352E-1,-1.006469250E0
1.063565446E1,5.722966194E-1,-7.292540669E-1,-1.003410935E0
1.064559446E1,5.750920773E-1,-7.154558301E-1,-1.001632929E0
1.065553446E1,5.864658952E-1,-7.088919282E-1,-1.005074739E0
1.066547446E1,5.991788507E-1,-7.013553977E-1,-1.015079141E0
1.067541446E1,6.099036336E-1,-6.880071163E-1,-1.026791453E0
1.068535446E1,6.193747520E-1,-6.728298068E-1,-1.034760118E0
1.069529546E1,6.328434348E-1,-6.500616670E-1,-1.029383779E0
1.070523546E1,6.353480220E-1,-6.180483103E-1,-1.009461403E0
1.071517546E1,6.335365176E-1,-5.815784335E-1,-9.762949944E-1
1.072511546E1,6.234974861E-1,-5.428417921E-1,-9.408955574E-1
1.073505546E1,6.115436554E-1,-5.019971728E-1,-9.185742736E-1
1.074499546E1,5.988276005E-1,-4.639107883E-1,-9.012686014E-1
1.075493546E1,5.822848082E-1,-4.314846694E-1,-8.900548220E-1
1.076487546E1,5.644378662E-1,-3.978997767E-1,-8.787038922E-1
1.077481546E1,5.485422611E-1,-3.586594462E-1,-8.564392924E-1
1.078475546E1,5.380150080E-1,-3.210275173E-1,-8.259962797E-1
1.079469546E1,5.303121209E-1,-2.878147066E-1,-7.872059941E-1
1.080463546E1,5.253176093E-1,-2.521362901E-1,-7.500738502E-1
1.081457546E1,5.193265676E-1,-2.211533189E-1,-7.252656817E-1
1.082451646E1,5.064620376E-1,-1.932307184E-1,-7.098744512E-1
1.083445646E1,4.875170887E-1,-1.638981253E-1,-6.953077912E-1
1.084439646E1,4.719707668E-1,-1.279280633E-1,-6.792979240E-1
1.085433646E1,4.571462572E-1,-9.188030660E-2,-6.514266133E-1
1.086427646E1,4.388350546E-1,-5.585695803E-2,-6.111828089E-1
1.087421646E1,4.114329815E-1,-2.106595412E-2,-5.726202726E-1
1.088415646E1,3.911619186E-1,1.032389514E-2,-5.317524076E-1
1.089409646E1,3.727674484E-1,4.176703840E-2,-4.980860651E-1
1.090403646E1,3.559525609E-1,6.102624163E-2,-4.775141180E-1
1.091397646E1,3.361551464E-1,7.634900510E-2,-4.590099156E-1
1.092391646E1,3.110416830E-1,9.547466040E-2,-4.443207085E-1
1.093385646E1,2.805088162E-1,1.096900776E-1,-4.250111878E-1
1.094379746E1,2.490502745E-1,1.244775206E-1,-4.030765593E-1
1.095373746E1,2.203677595E-1,1.343692988E-1,-3.806149364E-1
1.096367746E1,1.897426993E-1,1.404129863E-1,-3.613571823E-1
1.097361746E1,1.645007282E-1,1.456737965E-1,-3.466615975E-1
1.098355746E1,1.431826204E-1,1.453978717E-1,-3.344772160E-1
1.099349746E1,1.230051816E-1,1.375085115E-1,-3.247910142E-1
1.100343746E1,1.041527092E-1,1.210752502E-1,-3.140301704E-1
1.101337746E1,8.761634678E-2,1.010240391E-1,-2.989601195E-1
1.102331746E1,6.831784546E-2,7.788264751E-2,-2.808123231E-1
1.103325746E1,5.525930598E-2,5.602795258E-2,-2.567991316E-1
1.104319746E1,4.018236324E-2,3.648867458E-2,-2.277905643E-1
1.105313746E1,2.315757424E-2,1.652135700E-2,-2.014572322E-1
1.106307846E1,8.366042748E-3,4.335211590E-3,-1.768486798E-1
1.107301846E1,-9.750643745E-3,-1.810831483E-3,-1.534389555E-1
1.108295846E1,-2.820603922E-2,8.176592179E-3,-1.375589520E-1
1.109289846E1,-4.142783582E-2,1.832456887E-2,-1.145439148E-1
1.110283846E1,-5.045878887E-2,2.469958179E-2,-9.438721836E-2
1.111277846E1,-5.441118404E-2,2.847008221E-2,-7.547025383E-2
1.112271846E1,-4.993104190E-2,3.355878592E-2,-5.641233921E-2
1.113265846E1,-4.982691258E-2,3.325412050E-2,-3.621332720E-2
1.114259846E1,-4.917955399E-2,3.290069103E-2,-1.996913552E-2
1.115253846E1,-5.088610947E-2,2.138198540E-2,-4.195232876E-3
1.116247846E1,-4.858571663E-2,7.490814663E-3,6.167464424E-3
1.117241846E1,-4.271770641E-2,-1.379183680E-2,1.942814142E-2
1.118235946E1,-3.513468057E-2,-2.914826199E-2,3.525032476E-2
1.119229946E1,-2.299252898E-2,-4.562124610E-2,4.753735289E-2
1.120223946E1,-1.074338891E-2,-5.179291219E-2,6.289967895E-2
1.121217946E1,-1.063766144E-2,-5.327895656E-2,7.071179897E-2
1.122211946E1,-5.155475810E-3,-4.620581120E-2,7.621452957E-2
1.123205946E1,-2.930404618E-3,-3.469802439E-2,7.021070272E-2
1.124199946E1,-5.299673416E-3,-2.190561034E-2,6.584344059E-2
1.125193946E1,-9.402005933E-3,-5.912528839E-3,6.109582633E-2
1.126187946E1,-1.515081711E-2,3.456772305E-3,5.667226762E-2
1.127181946E1,-1.317767985E-2,1.359462831E-2,4.709500819E-2
1.128175946E1,-8.321035653E-3,1.143961027E-2,3.725900874E-2
1.129169946E1,3.650406376E-3,5.767343566E-3,2.837710083E-2
1.130164046E1,1.225794852E-2,-4.961305298E-3,2.052990720E-2
1.131158046E1,1.626201160E-2,-1.644112729E-2,1.709842309E-2
1.132152046E1,1.735880971E-2,-2.269746549E-2,1.306997798E-2
1.133146046E1,1.551164128E-2,-2.081620879E-2,4.865311086E-3
1.134140046E1,8.483400568E-3,-2.112157643E-2,-1.527923159E-3
1.135134046E1,7.863149978E-3,-1.497926190E-2,-4.784436896E-3
1.136128046E1,7.876882330E-3,-1.643352397E-2,-1.374521665E-2
1.137122046E1,3.319414798E-3,-2.163973823E-2,-1.593060605E-2
1.138116046E1,4.913912620E-3,-2.336869016E-2,-1.693220064E-2
1.139110046E1,-4.592241254E-3,-2.946546674E-2,-1.230415888E-2
1.140104046E1,-5.407004151E-3,-3.297312558E-2,-1.143822167E-2
1.141098146E1,-6.637651008E-3,-3.886564076E-2,-1.302679721E-2
1.142092146E1,-1.139153726E-2,-4.017467797E-2,-1.138039120E-2
1.143086146E1,-1.506856456E-2,-4.489459842E-2,-1.142113656E-2
1.144080146E1,-1.866983995E-2,-4.633279890E-2,-7.479084656E-3
1.145074146E1,-2.201982960E-2,-4.949423671E-2,-7.569994777E-4
1.146068108E1,-2.684788965E-2,-4.649274796E-2,3.468186129E-3
1.147062108E1,-3.006685339E-2,-4.193181917E-2,8.490641601E-3
1.148056108E1,-3.103603795E-2,-3.748293594E-2,1.083393954E-2
1.149050108E1,-2.433952130E-2,-3.829067573E-2,1.056176424E-2
1.150044108E1,-1.975936443E-2,-3.958724812E-2,1.472128183E-2
1.151038108E1,-1.663334668E-2,-4.096969590E-2,2.012670040E-2
1.152032108E1,-6.778209470E-3,-4.504556954E-2,2.337863483E-2
1.153026208E1,-3.010102548E-3,-4.579950869E-2,2.968952805E-2
1.154020208E1,-4.694752861E-3,-4.616812617E-2,3.344913200E-2
1.155014208E1,-3.392466810E-3,-4.061197490E-2,4.217045009E-2
1.156008208E1,-4.783620127E-3,-3.774628416E-2,4.466683790E-2
1.157002208E1,-5.296545103E-3,-3.452226147E-2,4.778566584E-2
1.157996208E1,-2.192722168E-3,-3.202655166E-2,4.857952520E-2
1.158990208E1,4.939489067E-3,-2.718092874E-2,4.836407304E-2
1.159984208E1,9.707031772E-3,-2.291728370E-2,4.555140436E-2
1.160978208E1,2.069789730E-2,-2.652773075E-2,4.566752166E-2
1.161972208E1,2.542869188E-2,-3.435036168E-2,4.326994717E-2
1.162966208E1,2.420816571E-2,-4.054274410E-2,4.730304331E-2
1.163960308E1,2.003801428E-2,-3.812119365E-2,5.358093977E-2
1.164954308E1,1.404110901E-2,-3.194505721E-2,5.313619226E-2
1.165948308E1,9.003607556E-3,-2.306574583E-2,5.523392558E-2
1.166942308E1,3.548920853E-3,-1.445361599E-2,4.889480025E-2
1.167936308E1,-7.090754807E-4,-8.433871903E-3,4.448677972E-2
1.168930308E1,-5.446039606E-3,-5.830632057E-3,3.830025345E-2
1.169924308E1,-6.731713191E-3,-7.232069038E-4,2.894256264E-2
1.170918308E1,-1.409908198E-2,6.539132446E-4,2.192406729E-2
1.171912308E1,-1.780635118E-2,-4.698332399E-3,1.679619029E-2
1.172906308E1,-1.787612587E-2,-4.024552647E-3,1.300464850E-2
1.173900308E1,-2.148874849E-2,-5.539752543E-3,1.003529597E-2
1.174894408E1,-2.115052752E-2,-5.952809006E-3,1.511316746E-3
1.175888408E1,-1.957313716E-2,-3.546908963E-3,-3.338832408E-3
1.176882408E1,-2.372447215E-2,1.050839201E-4,-3.909814171E-3
1.177876408E1,-2.361181192E-2,4.484995268E-3,-6.813366897E-3
1.178870408E1,-2.471942082E-2,4.786465317E-3,-1.093428582E-3
1.179864408E1,-3.078211471E-2,7.869529538E-3,2.725451719E-3
1.180858408E1,-3.133871779E-2,1.243365463E-2,4.569690675E-3
1.181852408E1,-3.157347068E-2,1.333546732E-2,1.107362192E-2
1.182846408E1,-2.831402794E-2,1.448302250E-2,1.200972311E-2
1.183840408E1,-2.675841935E-2,9.534757584E-3,1.710081659E-2
1.184834408E1,-2.429898828E-2,9.621042758E-3,2.176374570E-2
1.185828508E1,-1.616866142E-2,8.151069283E-3,2.670212835E-2
1.186822508E1,-1.039599255E-2,9.528988972E-3,2.827871963E-2
1.187816508E1,-9.039241821E-3,7.494525053E-3,2.884547785E-2
1.188810508E1,-1.632191241E-3,1.217210013E-2,3.179386258E-2
1.189804508E1,-2.042274456E-3,1.318471506E-2,3.358467668E-2
1.190798508E1,-1.786610577E-3,1.940346323E-2,3.600442410E-2
1.191792508E1,-4.591268022E-3,2.004808746E-2,3.478476033E-2
1.192786508E1,-2.583244350E-3,2.271391265E-2,3.382362425E-2
1.193780508E1,-8.445293643E-4,2.177118324E-2,3.047787398E-2
1.194774508E1,-8.338764310E-4,2.101670951E-2,2.976761013E-2
1.195768508E1,5.699577741E-4,1.529929414E-2,2.724872902E-2
1.196762608E1,5.403062794E-3,9.832356125E-3,2.888204530E-2
1.197756608E1,5.794923753E-3,7.214031182E-3,2.232156321E-2
1.198750608E1,4.814081360E-3,4.943420179E-3,1.877796277E-2
1.199744608E1,1.568228938E-3,1.081044320E-2,1.298621204E-2
1.200738608E1,1.595926005E-3,1.049192902E-2,7.035112008E-3
1.201732608E1,-3.176725004E-3,1.252498571E-2,4.556774627E-3
1.202726608E1,-9.528096765E-3,1.043120865E-2,2.590563148E-3
1.203720608E1,-1.128774043E-2,1.457914524E-2,2.331406809E-3
1.204714608E1,-1.502655167E-2,1.459645480E-2,2.483473159E-3
1.205708608E1,-1.242905110E-2,7.424026728E-3,-1.110328361E-3
1.206702608E1,-1.171745360E-2,3.237803467E-3,-4.872576334E-3
1.207696708E1,-1.331085153E-2,1.565812156E-3,-1.062590722E-2
1.208690708E1,-1.683234982E-2,-7.948838174E-5,-7.184303366E-3
1.209684708E1,-2.076415904E-2,-3.465839196E-3,-6.498600356E-3
1.210678708E1,-2.189999633E-2,-5.294099450E-3,-6.149993278E-3
1.211672708E1,-2.722835168E-2,-7.255766075E-3,-2.473643981E-3
1.212666708E1,-2.580995113E-2,-5.783038214E-3,-5.429752171E-3
1.213660708E1,-2.254047059E-2,-3.281122074E-3,-8.854248561E-3
1.214654708E1,-1.862508990E-2,-2.374049276E-3,-1.753056049E-2
1.215648708E1,-1.132195629E-2,-4.386274144E-3,-2.435200289E-2
1.216642708E1,-1.061115786E-2,-1.618450973E-3,-3.216012567E-2
1.217636708E1,-4.167489707E-3,4.166427068E-3,-3.792039678E-2
1.218630708E1,-4.584541544E-3,8.643733338E-3,-4.251621291E-2
1.219624808E1,-6.560279522E-3,1.120398007E-2,-4.548278078E-2
1.220618808E1,-6.725129206E-3,1.487221755E-2,-4.718214646E-2
1.221612808E1,-9.970771149E-3,1.786202565E-2,-5.453613028E-2
1.222606808E1,-1.163045317E-2,2.251962759E-2,-6.307954341E-2
1.223600808E1,-1.524617895E-2,2.633446455E-2,-7.680102438E-2
1.224594808E1,-1.882626675E-2,2.670490742E-2,-9.476404637E-2
1.225588808E1,-2.311190218E-2,2.779436298E-2,-1.101207435E-1
1.226582808E1,-2.747735754E-2,2.468645386E-2,-1.146704853E-1
1.227576808E1,-3.348913789E-2,1.677203178E-2,-1.180018112E-1
1.228570808E1,-3.899762034E-2,1.859869435E-2,-1.198178157E-1
1.229564908E1,-4.965997487E-2,1.774879545E-2,-1.235627234E-1
1.230558908E1,-5.172711983E-2,1.829101518E-2,-1.270677149E-1
1.231552908E1,-6.084030494E-2,1.920243725E-2,-1.318489313E-1
1.232546908E1,-6.576156616E-2,1.300792489E-2,-1.366963983E-1
1.233540908E1,-7.397715002E-2,1.729215309E-2,-1.386309266E-1
1.234534908E1,-8.330167085E-2,1.318449248E-2,-1.366468668E-1
1.235528908E1,-9.197071940E-2,1.431851368E-2,-1.287664771E-1
1.236522908E1,-9.934581071E-2,1.399706956E-2,-1.236329675E-1
1.237516908E1,-1.086513102E-1,1.542123593E-2,-1.215346158E-1
1.238510908E1,-1.265155375E-1,2.233879827E-2,-1.115882322E-1
1.239504908E1,-1.470518559E-1,3.104149550E-2,-1.011264175E-1
1.240499008E1,-1.652902514E-1,4.212956503E-2,-8.961118013E-2
1.241493008E1,-1.943133920E-1,5.631747842E-2,-7.666431367E-2
1.242487008E1,-2.213282287E-1,6.700394303E-2,-6.187844276E-2
1.243481008E1,-2.618278265E-1,8.065731078E-2,-4.679450393E-2
1.244475008E1,-2.984918356E-1,9.690365940E-2,-2.836196497E-2
1.245469008E1,-3.456910849E-1,1.141827404E-1,-1.271414198E-2
1.246463008E1,-3.936404884E-1,1.306887418E-1,7.123477757E-3
1.247457008E1,-4.436985552E-1,1.524262279E-1,3.293938190E-2
1.248451008E1,-4.914767146E-1,1.711064428E-1,5.917178839E-2
1.249445008E1,-5.393996239E-1,1.849599928E-1,8.706544340E-2
1.250439008E1,-5.886821747E-1,1.995493323E-1,1.132826656E-1
1.251433108E1,-6.388027668E-1,2.141876519E-1,1.414039135E-1
1.252427108E1,-6.984405518E-1,2.231020480E-1,1.724643707E-1
1.253421108E1,-7.584926486E-1,2.367569655E-1,2.084243149E-1
1.254415108E1,-8.184902072E-1,2.618671060E-1,2.441287786E-1
1.255409108E1,-8.824051023E-1,2.949687541E-1,2.845793366E-1
1.256403108E1,-9.510459304E-1,3.394952118E-1,3.253715038E-1
1.257397108E1,-1.031820178E0,3.866969943E-1,3.729969859E-1
1.258391108E1,-1.120091677E0,4.402981699E-1,4.180595279E-1
1.259385108E1,-1.201028466E0,5.027044415E-1,4.799165726E-1
1.260379108E1,-1.280805588E0,5.691311359E-1,5.466673374E-1
1.261373208E1,-1.353888869E0,6.242362261E-1,6.200093627E-1
1.262367208E1,-1.423512340E0,6.749494672E-1,6.904827356E-1
1.263361208E1,-1.497263551E0,7.309101224E-1,7.459095120E-1
1.264355208E1,-1.571754575E0,7.858231664E-1,7.917369008E-1
1.265349208E1,-1.648681641E0,8.391550779E-1,8.236805201E-1
1.266343208E1,-1.727710128E0,8.938308358E-1,8.481696248E-1
1.267337208E1,-1.815372705E0,9.463834167E-1,8.765783906E-1
1.268331208E1,-1.905199289E0,9.938039780E-1,9.041551948E-1
1.269325208E1,-1.988237143E0,1.029292941E0,9.314412475E-1
1.270319208E1,-2.054422379E0,1.063481808E0,9.544523358E-1
1.271313308E1,-2.097388983E0,1.095424294E0,9.752296209E-1
1.272307308E1,-2.118846178E0,1.120006084E0,9.898924232E-1
1.273301308E1,-2.126112461E0,1.130805850E0,1.005433202E0
1.274295308E1,-2.137162447E0,1.141626000E0,1.009411931E0
1.275289308E1,-2.139769793E0,1.153677106E0,1.009477735E0
1.276283308E1,-2.151872635E0,1.179217100E0,1.012641788E0
1.277277308E1,-2.157183647E0,1.200034857E0,1.010972023E0
1.278271308E1,-2.151914120E0,1.215995789E0,1.010169148E0
1.279265308E1,-2.133814096E0,1.233139634E0,1.004675984E0
1.280259308E1,-2.089912891E0,1.244652748E0,9.939490557E-1
1.281253308E1,-2.014967680E0,1.241671681E0,9.886621237E-1
1.282247408E1,-1.914210916E0,1.223172784E0,9.924818873E-1
1.283241408E1,-1.814067721E0,1.206470609E0,1.012613416E0
1.284235408E1,-1.740283489E0,1.191823006E0,1.036775470E0
1.285229408E1,-1.712144017E0,1.195059299E0,1.061268926E0
1.286223408E1,-1.722320795E0,1.228219390E0,1.075834274E0
1.287217408E1,-1.752305984E0,1.287089944E0,1.077865601E0
1.288211408E1,-1.786104441E0,1.359669089E0,1.081080317E0
1.289205408E1,-1.796525598E0,1.412644506E0,1.082373977E0
1.290199408E1,-1.780494094E0,1.426132321E0,1.086097360E0
1.291193408E1,-1.750094771E0,1.394194841E0,1.085502028E0
1.292187508E1,-1.706057310E0,1.328987598E0,1.090373755E0
1.293181508E1,-1.658734202E0,1.242887378E0,1.097812772E0
1.294175508E1,-1.617526412E0,1.157306910E0,1.110763192E0
1.295169508E1,-1.597101688E0,1.106251240E0,1.134099007E0
1.296163508E1,-1.583267331E0,1.097903013E0,1.162257671E0
1.297157508E1,-1.581200719E0,1.119030595E0,1.182856202E0
1.298151508E1,-1.581739187E0,1.161745310E0,1.200933576E0
1.299145508E1,-1.599245071E0,1.208717108E0,1.209032655E0
1.300139508E1,-1.623017192E0,1.249445915E0,1.205096006E0
1.301133508E1,-1.639566422E0,1.273257494E0,1.190586567E0
1.302127608E1,-1.634298086E0,1.260768056E0,1.168852806E0
1.303121608E1,-1.611095309E0,1.206091404E0,1.143077493E0
1.304115608E1,-1.565220833E0,1.115760088E0,1.116099715E0
1.305109608E1,-1.504053354E0,1.014913201E0,1.092278838E0
1.306103608E1,-1.444917083E0,9.272377491E-1,1.072590590E0
1.307097608E1,-1.402426600E0,8.682488799E-1,1.049644470E0
1.308091608E1,-1.371665835E0,8.444716334E-1,1.027789712E0
1.309085608E1,-1.354711294E0,8.518792987E-1,1.001946211E0
1.310079608E1,-1.346561313E0,8.703659177E-1,9.852156639E-1
1.311073608E1,-1.328048348E0,8.761477470E-1,9.623215795E-1
1.312067708E1,-1.292433023E0,8.702341914E-1,9.413998127E-1
1.313061708E1,-1.243127584E0,8.454455137E-1,9.205934405E-1
1.314055708E1,-1.186371326E0,7.955045700E-1,8.959211111E-1
1.315049708E1,-1.128031015E0,7.293056250E-1,8.734987378E-1
1.316043708E1,-1.066648602E0,6.607175469E-1,8.585975766E-1
1.317037708E1,-1.017228246E0,5.998280048E-1,8.455029726E-1
1.318031708E1,-9.713654518E-1,5.624619722E-1,8.338630795E-1
1.319025708E1,-9.356107116E-1,5.346811414E-1,8.228713274E-1
1.320019708E1,-9.034080505E-1,5.149812102E-1,8.106447458E-1
1.321013708E1,-8.700724244E-1,4.986444712E-1,8.105344176E-1
1.322007708E1,-8.389403224E-1,4.848162532E-1,8.057186007E-1
1.323001808E1,-8.038588762E-1,4.699911177E-1,7.883053422E-1
1.323995808E1,-7.740157247E-1,4.471244216E-1,7.667276263E-1
1.324989808E1,-7.486717701E-1,4.184044600E-1,7.386342883E-1
1.325983808E1,-7.233440280E-1,3.961577415E-1,7.098652124E-1
1.326977808E1,-7.016468048E-1,3.775235713E-1,6.811413169E-1
1.327971808E1,-6.784429550E-1,3.615994751E-1,6.553962827E-1
1.328965808E1,-6.476604342E-1,3.409931660E-1,6.292086244E-1
1.329959808E1,-6.141173840E-1,3.209960163E-1,5.991745591E-1
1.330953808E1,-5.758286119E-1,3.100285530E-1,5.648514032E-1
1.331947808E1,-5.380508900E-1,3.087606132E-1,5.180847049E-1
1.332941908E1,-5.094667673E-1,3.071858883E-1,4.758073986E-1
1.333935908E1,-4.770211875E-1,3.077754974E-1,4.331238568E-1
1.334929908E1,-4.537048042E-1,3.036048710E-1,3.934665322E-1
1.335923908E1,-4.273272753E-1,2.946742177E-1,3.479182124E-1
1.336917908E1,-3.973680735E-1,2.912418842E-1,2.999793291E-1
1.337911908E1,-3.636825383E-1,2.806731462E-1,2.579621077E-1
1.338905908E1,-3.357546329E-1,2.659820616E-1,2.219693661E-1
1.339899908E1,-3.149787784E-1,2.515237629E-1,1.954661161E-1
1.340893908E1,-2.914732993E-1,2.419584543E-1,1.725859791E-1
1.341887908E1,-2.645457983E-1,2.337375432E-1,1.491301954E-1
1.342882008E1,-2.392096519E-1,2.306915820E-1,1.204666421E-1
1.343876008E1,-2.141799331E-1,2.354402691E-1,9.706410766E-2
1.344870008E1,-1.955386549E-1,2.352951765E-1,8.184279501E-2
1.345864008E1,-1.770597845E-1,2.310429066E-1,7.102476805E-2
1.346858000E1,-1.571035236E-1,2.238610685E-1,6.195727736E-2
1.347852000E1,-1.386627257E-1,2.103551179E-1,5.290359631E-2
1.348846000E1,-1.220805421E-1,1.925400645E-1,4.597237334E-2
1.349840000E1,-1.129773259E-1,1.777414083E-1,4.360322282E-2
1.350834000E1,-1.084338650E-1,1.690627038E-1,4.317911714E-2
1.351828000E1,-1.095984653E-1,1.679753363E-1,4.317459092E-2
1.352822100E1,-1.191394478E-1,1.705367416E-1,4.715922102E-2
1.353816100E1,-1.225453615E-1,1.758638620E-1,4.636373371E-2
1.354810100E1,-1.253595054E-1,1.770475358E-1,5.145774409E-2
1.355804100E1,-1.252966523E-1,1.752903759E-1,5.488895997E-2
1.356798100E1,-1.186604798E-1,1.647796929E-1,5.333301052E-2
1.357792100E1,-1.118915230E-1,1.485922039E-1,5.330691487E-2
1.358786100E1,-1.008757353E-1,1.325603127E-1,5.501342192E-2
1.359780100E1,-8.684780449E-2,1.202325299E-1,5.191430449E-2
1.360774100E1,-8.547092229E-2,1.136162579E-1,5.241987854E-2
1.361768200E1,-8.579423279E-2,1.095149815E-1,5.755844712E-2
1.362762200E1,-8.575351536E-2,1.106048599E-1,6.120517850E-2
1.363756200E1,-9.013786912E-2,1.091057658E-1,6.161424145E-2
1.364750200E1,-9.145285189E-2,1.026817113E-1,5.271647871E-2
1.365744200E1,-8.650256693E-2,9.515774995E-2,4.496188462E-2
1.366738200E1,-7.343736291E-2,8.487608284E-2,3.585627303E-2
1.367732200E1,-7.003863901E-2,7.097332180E-2,2.590297535E-2
1.368726200E1,-5.974621698E-2,5.925311893E-2,1.349712163E-2
1.369720200E1,-6.012758240E-2,5.663283914E-2,8.126324974E-3
1.370714200E1,-5.771813914E-2,5.382776260E-2,4.813198000E-3
1.371708300E1,-6.384181231E-2,5.997327343E-2,1.542836428E-3
1.372702300E1,-7.005390525E-2,6.929744780E-2,3.024259582E-3
1.373696300E1,-7.389738411E-2,7.164848596E-2,1.532622613E-3
1.374690300E1,-7.738890499E-2,6.331413239E-2,-8.217450231E-4
1.375684300E1,-8.118257672E-2,6.033138931E-2,-1.690735109E-3
1.376678300E1,-7.921399921E-2,5.272363126E-2,-4.684030078E-3
1.377672300E1,-7.636122406E-2,4.640767723E-2,-7.632415742E-3
1.378666300E1,-7.646578550E-2,4.948297143E-2,-1.306853723E-2
1.379660300E1,-7.078153640E-2,4.847123846E-2,-6.876421161E-3
1.380654300E1,-7.536458224E-2,4.935636371E-2,-3.126236610E-3
1.381648400E1,-7.465272397E-2,4.993879795E-2,3.776676953E-3
1.382642400E1,-6.806611270E-2,5.000106990E-2,1.023486163E-2
1.383636400E1,-6.893377006E-2,4.703936726E-2,1.664402522E-2
1.384630400E1,-6.484635174E-2,4.442138225E-2,2.008954063E-2
1.385624400E1,-5.850962177E-2,4.159577191E-2,2.423395216E-2
1.386618400E1,-5.849675834E-2,4.110099003E-2,2.964321151E-2
1.387612400E1,-5.449775606E-2,3.833636269E-2,3.797943890E-2
1.388606400E1,-5.645351484E-2,3.382058069E-2,4.041375965E-2
1.389600400E1,-5.806126818E-2,2.876750007E-2,4.384364560E-2
1.390594400E1,-5.639756471E-2,2.668603882E-2,4.075261950E-2
1.391588500E1,-5.701488256E-2,1.578119397E-2,4.161175340E-2
1.392582500E1,-5.364160985E-2,1.163324155E-2,4.245124012E-2
1.393576500E1,-4.709875584E-2,1.130034588E-2,3.741174191E-2
1.394570500E1,-4.584308714E-2,1.004964672E-2,3.561107069E-2
1.395564500E1,-3.951648623E-2,1.003419980E-2,3.273565695E-2
1.396558500E1,-3.564132378E-2,1.038511842E-2,3.124232776E-2
1.397552500E1,-2.584115416E-2,9.357670322E-3,2.570295334E-2
1.398546500E1,-2.671797574E-2,1.256659068E-2,2.326478437E-2
1.399540500E1,-2.752012014E-2,1.071116701E-2,1.796349697E-2
1.400534600E1,-2.981928550E-2,1.033995580E-2,1.575306803E-2
1.401528600E1,-3.265289217E-2,1.167127024E-2,1.730302721E-2
1.402522600E1,-3.184458241E-2,8.269867860E-3,1.327499095E-2
1.403516600E1,-2.829165757E-2,5.639996380E-3,9.293299168E-3
1.404510600E1,-2.130369097E-2,2.377643250E-3,4.293336999E-3
1.405504600E1,-1.940245926E-2,5.831230432E-3,2.226457931E-3
1.406498600E1,-1.543451846E-2,2.328395844E-3,-1.289058477E-3
1.407492600E1,-1.906334236E-2,-8.625985123E-3,-2.414244227E-3
1.408486600E1,-1.283632219E-2,-1.318320259E-2,1.136827283E-3
1.409480600E1,-8.739048615E-3,-1.600881666E-2,-1.657627523E-3
1.410474700E1,-4.164701793E-3,-1.552419178E-2,-2.552672289E-3
1.411468700E1,-4.107095301E-4,-1.831411943E-2,-6.024636328E-3
1.412462700E1,3.211342497E-3,-1.608781330E-2,-7.574558258E-3
1.413456700E1,5.334680900E-3,-1.062593609E-2,-6.826475263E-3
1.414450700E1,4.118340090E-3,-8.559809998E-3,-6.315167993E-3
1.415444700E1,9.354913607E-3,-8.667135611E-3,-6.762312725E-3
1.416438700E1,1.140103489E-2,-7.759452332E-3,-1.105149277E-2
1.417432700E1,1.096001547E-2,-1.306313742E-2,-1.341824420E-2
1.418426700E1,1.344625000E-2,-1.708666794E-2,-1.178105734E-2
1.419420800E1,1.235009357E-2,-1.668772660E-2,-9.168229997E-3
1.420414800E1,1.205642428E-2,-1.184801571E-2,-5.948184058E-3
1.421408800E1,7.191361859E-3,-9.605100378E-3,-4.572661594E-3
1.422402800E1,3.555876436E-3,-7.036299445E-3,-3.215608187E-3
1.423396800E1,1.544657163E-3,-7.958551869E-3,-3.121598624E-3
1.424390800E1,1.504198182E-3,-6.614205427E-3,-2.972435206E-3
1.425384800E1,-1.967232209E-3,-1.480662171E-2,-3.929574974E-3
1.426378800E1,-4.644491710E-4,-1.889214292E-2,2.752514556E-4
1.427372800E1,-3.076477908E-3,-2.195238136E-2,-1.577509567E-3
1.428366800E1,-8.661323227E-4,-2.041364834E-2,-3.175250255E-3
1.429360900E1,-8.706594817E-4,-2.528350428E-2,-1.695065759E-3
1.430354900E1,-2.967511769E-3,-3.391702473E-2,-2.266776748E-3
1.431348900E1,-4.737182055E-3,-4.275152832E-2,-1.052641310E-3
1.432342900E1,-6.036100909E-3,-4.168779776E-2,-3.807193600E-3
1.433336900E1,-5.186819471E-3,-4.359062761E-2,-9.845094755E-4
1.434330900E1,-5.395356566E-3,-4.334134609E-2,2.123120241E-3
1.435324900E1,-8.347470313E-3,-4.033730179E-2,4.624094814E-3
1.436318900E1,-8.369311690E-3,-3.859940916E-2,5.736670457E-3
1.437312900E1,-1.037014648E-2,-4.442533851E-2,7.580377162E-3
1.438307000E1,-5.885719322E-3,-4.947153851E-2,8.744346909E-3
1.439301000E1,-1.624927856E-3,-4.945422709E-2,6.379726343E-3
1.440295000E1,-6.443675607E-3,-5.056368187E-2,3.326385748E-3
1.441289000E1,-7.075377740E-3,-5.102121457E-2,1.312503591E-3
1.442283000E1,-6.336607505E-3,-5.183916539E-2,4.487709608E-3
1.443277000E1,-1.319904067E-2,-4.609180242E-2,2.792607527E-3
1.444271000E1,-1.331144199E-2,-4.586781561E-2,5.699968431E-3
1.445265000E1,-1.136680134E-2,-4.060434178E-2,6.540461909E-3
1.446259096E1,-1.011144184E-2,-3.964796662E-2,5.891990848E-3
1.447253096E1,-8.990518749E-3,-3.983811662E-2,1.023747027E-2
1.448247196E1,-6.531455554E-3,-4.186081141E-2,1.310449094E-2
1.449241196E1,-1.450144686E-3,-4.456258565E-2,1.798206940E-2
1.450235196E1,-1.923160627E-3,-4.988683015E-2,1.855266839E-2
1.451229196E1,2.626583911E-3,-5.436467007E-2,1.455393247E-2
1.452223196E1,4.671478644E-3,-5.487857014E-2,1.585378498E-2
1.453217196E1,6.908001378E-3,-5.033388734E-2,7.878681645E-3
1.454211196E1,9.308137000E-3,-4.046125710E-2,1.039416157E-2
1.455205196E1,1.001760364E-2,-2.992020175E-2,1.055288594E-2
1.456199196E1,8.115898818E-3,-2.589140087E-2,7.638063282E-3
1.457193296E1,6.728657987E-3,-2.667197399E-2,7.612762973E-3
1.458187296E1,8.181078359E-3,-2.898133919E-2,2.942183986E-3
1.459181296E1,1.364561822E-2,-2.891609073E-2,6.726384163E-4
1.460175296E1,1.748615876E-2,-3.342970461E-2,-3.434048034E-3
1.461169296E1,2.397281863E-2,-2.949781157E-2,-5.544602871E-3
1.462163296E1,2.789859474E-2,-2.098378167E-2,-1.238341536E-2
1.463157296E1,3.134046495E-2,-1.039825007E-2,-1.680479571E-2
1.464151296E1,3.324117884E-2,-1.679960173E-3,-2.211840264E-2
1.465145296E1,3.505825251E-2,4.631998017E-3,-2.464494295E-2
1.466139396E1,3.287790716E-2,8.106458932E-3,-2.550427988E-2
1.467133396E1,2.700510435E-2,8.883569390E-3,-2.243471891E-2
1.468127396E1,2.919964306E-2,6.004449911E-3,-2.029314637E-2
1.469121396E1,2.956396341E-2,3.240887076E-3,-2.215496264E-2
1.470115396E1,3.286096454E-2,3.855539486E-3,-3.348989412E-2
1.471109396E1,3.152086213E-2,-9.783641435E-4,-3.978161141E-2
1.472103396E1,3.000498749E-2,-1.253110357E-3,-3.526934236E-2
1.473097396E1,2.991816774E-2,-3.265394829E-3,-3.811732680E-2
1.474091396E1,3.411087021E-2,-7.166294381E-4,-4.008892551E-2
1.475085396E1,3.603633493E-2,-2.043948974E-3,-4.237631336E-2
1.476079496E1,3.432055190E-2,-5.027516745E-4,-4.544708133E-2
1.477073496E1,3.770303354E-2,-3.728904761E-3,-4.711315408E-2
1.478067496E1,3.476848081E-2,-9.318955243E-3,-4.884005338E-2
1.479061496E1,3.896242380E-2,-1.469907351E-2,-4.909438640E-2
1.480055496E1,3.393201903E-2,-1.660314947E-2,-5.331460759E-2
1.481049496E1,3.526732698E-2,-2.080268785E-2,-6.083271280E-2
1.482043496E1,3.977692872E-2,-1.982883736E-2,-7.090606540E-2
1.483037496E1,4.369736835E-2,-2.792111970E-2,-8.276166022E-2
1.484031496E1,4.915444180E-2,-3.955637664E-2,-9.326828271E-2
1.485025596E1,5.891439691E-2,-5.001541227E-2,-1.079620123E-1
1.486019596E1,6.941897422E-2,-6.227909401E-2,-1.250364184E-1
1.487013596E1,7.916720957E-2,-6.707571447E-2,-1.442005336E-1
1.488007596E1,9.136278182E-2,-7.416833937E-2,-1.653095037E-1
1.489001596E1,1.037368923E-1,-8.329100907E-2,-1.831646711E-1
1.489995596E1,1.251932681E-1,-9.003286064E-2,-2.129022926E-1
1.490989596E1,1.421642601E-1,-9.883487225E-2,-2.409853339E-1
1.491983596E1,1.617684215E-1,-1.078503579E-1,-2.756203115E-1
1.492977596E1,1.782600582E-1,-1.188239157E-1,-3.122454584E-1
1.493971696E1,2.006345987E-1,-1.298603266E-1,-3.532094061E-1
1.494965696E1,2.153797299E-1,-1.364902556E-1,-3.905072212E-1
1.495959696E1,2.325126380E-1,-1.437565088E-1,-4.351549447E-1
1.496953696E1,2.487539202E-1,-1.535963565E-1,-4.800537229E-1
1.497947696E1,2.673707306E-1,-1.570894420E-1,-5.269526243E-1
1.498941696E1,2.911423743E-1,-1.614359915E-1,-5.713586807E-1
1.499935696E1,3.144685626E-1,-1.686065942E-1,-6.192481518E-1
1.500929696E1,3.307116926E-1,-1.778711975E-1,-6.659405231E-1
1.501923696E1,3.489232957E-1,-1.899690479E-1,-7.162727118E-1
1.502917796E1,3.639262021E-1,-2.031841725E-1,-7.704288960E-1
1.503911796E1,3.799788058E-1,-2.172147632E-1,-8.310692310E-1
1.504905796E1,3.965953290E-1,-2.222467959E-1,-9.004080892E-1
1.505899796E1,4.227754474E-1,-2.141148746E-1,-9.773511887E-1
1.506893796E1,4.511900544E-1,-2.021910995E-1,-1.055832863E0
1.507887796E1,4.810329974E-1,-1.974636018E-1,-1.132154465E0
1.508881796E1,5.019923449E-1,-2.082328945E-1,-1.196264505E0
1.509875796E1,5.144314766E-1,-2.169296890E-1,-1.251215696E0
1.510869796E1,5.209115148E-1,-2.296643853E-1,-1.296896696E0
1.511863896E1,5.252258778E-1,-2.356723547E-1,-1.327756166E0
1.512857896E1,5.359629393E-1,-2.466445714E-1,-1.363279700E0
1.513851896E1,5.584842563E-1,-2.407989353E-1,-1.397642493E0
1.514845896E1,5.988737941E-1,-2.257028073E-1,-1.445171714E0
1.515839896E1,6.428167820E-1,-2.088875771E-1,-1.493748426E0
1.516833896E1,6.830739379E-1,-2.041926980E-1,-1.542781711E0
1.517827896E1,7.132529020E-1,-2.109913230E-1,-1.587334633E0
1.518821896E1,7.324939370E-1,-2.258847654E-1,-1.618794203E0
1.519815896E1,7.354519963E-1,-2.422398329E-1,-1.637497663E0
1.520809996E1,7.389213443E-1,-2.566976249E-1,-1.653572202E0
1.521803996E1,7.490221262E-1,-2.699746192E-1,-1.672241569E0
1.522797996E1,7.634812593E-1,-2.691122890E-1,-1.704572916E0
1.523791996E1,7.811194658E-1,-2.668209374E-1,-1.748727798E0
1.524785996E1,7.928916812E-1,-2.522742450E-1,-1.797605634E0
1.525779996E1,8.061800599E-1,-2.326195687E-1,-1.846213937E0
1.526773996E1,8.143146634E-1,-2.043189555E-1,-1.889676213E0
1.527767996E1,8.306483626E-1,-1.743214130E-1,-1.929244757E0
1.528761996E1,8.418812752E-1,-1.608807147E-1,-1.969156146E0
1.529755996E1,8.501946926E-1,-1.588013768E-1,-2.008472204E0
1.530750096E1,8.534392118E-1,-1.693773270E-1,-2.039670944E0
1.531744096E1,8.491641283E-1,-1.829652786E-1,-2.062403440E0
1.532738096E1,8.552669883E-1,-2.057882845E-1,-2.081008434E0
1.533732096E1,8.668435812E-1,-2.184646279E-1,-2.105412722E0
1.534726096E1,8.852140903E-1,-2.253315896E-1,-2.140840054E0
1.535720096E1,8.920163512E-1,-2.266526073E-1,-2.173774719E0
1.536714096E1,8.998622894E-1,-2.129160315E-1,-2.205743551E0
1.537708096E1,9.043425918E-1,-2.012902349E-1,-2.223551512E0
1.538702196E1,8.962497711E-1,-1.915358752E-1,-2.234393597E0
1.539696196E1,8.911550045E-1,-1.822649390E-1,-2.238766670E0
1.540690196E1,8.847751617E-1,-1.727518737E-1,-2.243360996E0
1.541684196E1,8.772745728E-1,-1.719982773E-1,-2.249561548E0
1.542678196E1,8.731914163E-1,-1.751445383E-1,-2.248761654E0
1.543672196E1,8.755575418E-1,-1.814518273E-1,-2.241506577E0
1.544666196E1,8.764848709E-1,-1.995208263E-1,-2.236996412E0
1.545660196E1,8.771988153E-1,-2.249919623E-1,-2.239035368E0
1.546654113E1,8.823539019E-1,-2.556763887E-1,-2.241690159E0
1.547648212E1,8.844269514E-1,-2.939109802E-1,-2.247192621E0
1.548642212E1,8.797667027E-1,-3.373314440E-1,-2.253003836E0
1.549636213E1,8.671054840E-1,-3.822347224E-1,-2.256829262E0
1.550630212E1,8.440643549E-1,-4.150038362E-1,-2.248464823E0
1.551624212E1,8.189494014E-1,-4.281368852E-1,-2.237139940E0
1.552618213E1,7.902554274E-1,-4.234994948E-1,-2.221070290E0
1.553612212E1,7.688594460E-1,-3.936445415E-1,-2.199716568E0
1.554606213E1,7.493832111E-1,-3.437851071E-1,-2.178042889E0
1.555600212E1,7.315725684E-1,-2.778914869E-1,-2.159148455E0
1.556594212E1,7.197116613E-1,-2.037410885E-1,-2.142509699E0
1.557588312E1,7.067974806E-1,-1.203770489E-1,-2.127732515E0
1.558582313E1,6.980034709E-1,-5.035215989E-2,-2.113895416E0
1.559576312E1,6.796219349E-1,9.374614805E-3,-2.090007067E0
1.560570313E1,6.481024027E-1,4.974281043E-2,-2.049546719E0
1.561564312E1,6.039462090E-1,6.239880621E-2,-1.995985031E0
1.562558312E1,5.629734397E-1,4.615511745E-2,-1.936121225E0
1.563552313E1,5.346877575E-1,7.367155515E-3,-1.881893992E0
1.564546312E1,5.145907998E-1,-5.045672879E-2,-1.854577184E0
1.565540412E1,5.161604285E-1,-1.129222438E-1,-1.859392047E0
1.566534413E1,5.247845054E-1,-1.717437357E-1,-1.884043336E0
1.567528412E1,5.329492688E-1,-2.209683508E-1,-1.903864384E0
1.568522412E1,5.281361341E-1,-2.586004138E-1,-1.898404360E0
1.569516413E1,5.029406548E-1,-2.918400764E-1,-1.868276238E0
1.570510412E1,4.674854875E-1,-3.098278642E-1,-1.818999529E0
1.571504412E1,4.440294802E-1,-3.056026399E-1,-1.775557637E0
1.572498413E1,4.277615547E-1,-2.844099998E-1,-1.750905752E0
1.573492412E1,4.136172831E-1,-2.458021641E-1,-1.744725347E0
1.574486512E1,3.984266222E-1,-2.007292211E-1,-1.733099580E0
1.575480513E1,3.737203777E-1,-1.770921052E-1,-1.711771250E0
1.576474512E1,3.588967025E-1,-1.597131193E-1,-1.695879459E0
1.577468512E1,3.529189527E-1,-1.448188722E-1,-1.682313800E0
1.578462513E1,3.524896502E-1,-1.341025531E-1,-1.679336905E0
1.579456512E1,3.534421921E-1,-1.322652847E-1,-1.673242092E0
1.580450513E1,3.531324565E-1,-1.299323589E-1,-1.660786748E0
1.581444512E1,3.581155539E-1,-1.290126294E-1,-1.627054691E0
1.582438512E1,3.660456538E-1,-1.306395680E-1,-1.598123670E0
1.583432612E1,3.794027567E-1,-1.278696954E-1,-1.582912087E0
1.584426613E1,3.974249065E-1,-1.099184006E-1,-1.591643810E0
1.585420612E1,4.198072255E-1,-8.189906180E-2,-1.614669442E0
1.586414613E1,4.423708618E-1,-6.258049607E-2,-1.634242415E0
1.587408612E1,4.655126631E-1,-4.316010699E-2,-1.626769662E0
1.588402612E1,4.768801033E-1,-2.280636504E-2,-1.576992512E0
1.589396613E1,4.665375948E-1,-1.582708582E-2,-1.499359608E0
1.590390612E1,4.516214728E-1,-6.846107077E-3,-1.418636203E0
1.591384612E1,4.576111138E-1,2.363365144E-2,-1.356916308E0
1.592378713E1,4.711900353E-1,7.807825506E-2,-1.328285217E0
1.593372712E1,4.765149355E-1,1.331753880E-1,-1.310134768E0
1.594366712E1,4.748275280E-1,1.774304658E-1,-1.300639272E0
1.595360713E1,4.743314683E-1,2.307492048E-1,-1.288840175E0
1.596354712E1,4.723050594E-1,2.784701288E-1,-1.271665931E0
1.597348712E1,4.528904855E-1,3.263573349E-1,-1.244218349E0
1.598342713E1,4.236140847E-1,3.772719204E-1,-1.193964839E0
1.599336712E1,4.020670652E-1,4.124919772E-1,-1.120252967E0
1.600330812E1,3.855032623E-1,4.309367836E-1,-1.042046070E0
1.601324813E1,3.716998398E-1,4.382973909E-1,-9.760822058E-1
1.602318812E1,3.736087978E-1,4.482634664E-1,-9.247846603E-1
1.603312812E1,3.844530880E-1,4.562857747E-1,-8.918302655E-1
1.604306812E1,3.918385804E-1,4.440192580E-1,-8.771810532E-1
1.605300812E1,3.932751715E-1,4.165636897E-1,-8.743081689E-1
1.606294813E1,3.893707097E-1,3.816773593E-1,-8.758354783E-1
1.607288812E1,3.807086945E-1,3.549683094E-1,-8.629215360E-1
1.608282812E1,3.703322113E-1,3.338238597E-1,-8.192001581E-1
1.609276912E1,3.570562899E-1,3.191979229E-1,-7.513227463E-1
1.610270912E1,3.542077541E-1,2.989813387E-1,-6.762056351E-1
1.611264912E1,3.549210429E-1,2.960675359E-1,-6.189482212E-1
1.612258913E1,3.570153415E-1,3.213403821E-1,-5.816008449E-1
1.613252912E1,3.501696885E-1,3.523118794E-1,-5.640165210E-1
1.614246912E1,3.356783688E-1,3.834437132E-1,-5.466386080E-1
1.615240913E1,3.304419219E-1,4.009551108E-1,-5.206014514E-1
1.616234912E1,3.169804513E-1,4.091086686E-1,-4.792420268E-1
1.617229012E1,3.110436797E-1,4.184691906E-1,-4.196567237E-1
1.618223013E1,3.029897511E-1,4.229012132E-1,-3.591883481E-1
1.619217012E1,3.037533760E-1,4.165879488E-1,-3.063052893E-1
1.620211012E1,3.074586391E-1,4.017701447E-1,-2.598869205E-1
1.621205013E1,3.081902862E-1,3.867757618E-1,-2.279209048E-1
1.622199012E1,3.011251688E-1,3.739697039E-1,-2.035378069E-1
1.623193013E1,2.963408232E-1,3.541492820E-1,-1.743576229E-1
1.624187012E1,2.950326800E-1,3.420446813E-1,-1.429805160E-1
1.625181012E1,2.913159728E-1,3.323818445E-1,-1.134168580E-1
1.626175112E1,2.861696780E-1,3.228967488E-1,-8.364191651E-2
1.627169113E1,2.812619805E-1,3.130252063E-1,-5.801773444E-2
1.628163112E1,2.782041430E-1,3.100597858E-1,-3.448151425E-2
1.629157113E1,2.763052285E-1,2.981446683E-1,-1.337010320E-2
1.630151112E1,2.714604139E-1,2.863207757E-1,5.069623236E-3
1.631145112E1,2.648351490E-1,2.701118588E-1,2.233951539E-2
1.632139113E1,2.555599213E-1,2.579840720E-1,3.734589368E-2
1.633133112E1,2.455110103E-1,2.431499958E-1,5.344415456E-2
1.634127112E1,2.316748202E-1,2.301585674E-1,7.003404945E-2
1.635121213E1,2.192260474E-1,2.136158794E-1,8.236391842E-2
1.636115212E1,2.050367296E-1,2.015672028E-1,9.261842072E-2
1.637109212E1,1.968990862E-1,1.860381961E-1,9.392157197E-2
1.638103213E1,1.892156005E-1,1.755772978E-1,9.695145488E-2
1.639097212E1,1.857258826E-1,1.686387211E-1,9.990074486E-2
1.640091212E1,1.759155840E-1,1.613605767E-1,1.037732512E-1
1.641085213E1,1.634760499E-1,1.574766487E-1,1.076775715E-1
1.642079212E1,1.517954320E-1,1.564811617E-1,1.088584140E-1
1.643073213E1,1.382127851E-1,1.536525190E-1,1.125047356E-1
1.644067313E1,1.209754720E-1,1.459093839E-1,1.081512645E-1
1.645061312E1,1.075160950E-1,1.383571178E-1,1.100305170E-1
1.646055312E1,9.893406183E-2,1.244511455E-1,1.109975129E-1
1.647049338E1,8.798671514E-2,1.110274196E-1,1.118852198E-1
1.648043337E1,7.830213010E-2,9.559599310E-2,1.038161069E-1
1.649037338E1,6.581421196E-2,8.109815419E-2,9.845281392E-2
1.650031337E1,5.215273052E-2,6.375166029E-2,9.220850468E-2
1.651025337E1,3.931620345E-2,5.277754366E-2,9.030660987E-2
1.652019437E1,3.093869798E-2,4.713936523E-2,8.985680342E-2
1.653013438E1,1.419389434E-2,4.457787424E-2,9.009039402E-2
1.654007437E1,4.368161783E-3,4.350781813E-2,8.977907896E-2
1.655001438E1,1.026685350E-4,4.228715971E-2,8.604849875E-2
1.655995437E1,-3.929357044E-3,3.850546852E-2,8.139222860E-2
1.656989437E1,-1.313226484E-2,3.525460511E-2,7.756896317E-2
1.657983438E1,-2.007485926E-2,2.967048995E-2,7.753594220E-2
1.658977437E1,-2.316244133E-2,1.476958767E-2,8.042235672E-2
1.659971437E1,-2.358908020E-2,4.791521467E-3,7.901673764E-2
1.660965538E1,-2.278356440E-2,-6.778256036E-3,7.512316108E-2
1.661959537E1,-2.642170712E-2,-8.646463975E-3,7.273910195E-2
1.662953537E1,-2.566954121E-2,-1.056826022E-2,6.939047575E-2
1.663947538E1,-2.633293718E-2,-4.323413596E-3,6.447295099E-2
1.664941537E1,-2.506695315E-2,1.077543758E-2,7.159449160E-2
1.665935537E1,-2.380727977E-2,2.285234071E-2,6.730227172E-2
1.666929538E1,-2.069279924E-2,4.058017582E-2,6.893575191E-2
1.667923537E1,-1.990929805E-2,5.641692877E-2,6.597883999E-2
1.668917637E1,-2.014580183E-2,6.567816436E-2,6.654321402E-2
1.669911638E1,-1.491961442E-2,7.081353664E-2,6.356739998E-2
1.670905637E1,-1.531783119E-2,6.814476103E-2,6.178088486E-2
1.671899637E1,-1.677804254E-2,6.783903390E-2,5.931426585E-2
1.672893638E1,-1.811681688E-2,6.069766730E-2,5.509249866E-2
1.673887637E1,-1.591118798E-2,5.724194646E-2,5.400699377E-2
1.674881638E1,-1.193083264E-2,5.013938621E-2,5.053191260E-2
1.675875637E1,-1.038087346E-2,4.801950976E-2,4.307399690E-2
1.676869637E1,-8.527390659E-3,4.422323406E-2,3.798789158E-2
1.677863737E1,-7.029895205E-3,4.023994505E-2,3.175449371E-2
1.678857738E1,-1.025961153E-2,3.517200798E-2,2.894400060E-2
1.679851737E1,-9.482234716E-3,2.672366053E-2,2.696260996E-2
1.680845738E1,-9.897414595E-3,2.022075281E-2,2.481638268E-2
1.681839737E1,-8.007900789E-3,1.915388927E-2,2.403794043E-2
1.682833737E1,-8.708219975E-3,1.284143236E-2,2.541653067E-2
1.683827738E1,-5.818956066E-3,1.577650383E-2,2.425193042E-2
1.684821737E1,-8.347897790E-3,1.179951150E-2,2.600524947E-2
1.685815837E1,-4.617340863E-3,1.268980559E-2,2.855948731E-2
1.686809838E1,-7.686542347E-3,9.108246304E-3,3.329481930E-2
1.687803837E1,-6.226597354E-3,9.099458344E-3,3.688689321E-2
1.688797837E1,-3.819382284E-3,4.822599702E-3,4.292919859E-2
1.689791838E1,-1.798309851E-3,3.578370437E-3,4.507011548E-2
1.690785837E1,2.551880665E-3,8.043870330E-4,4.606416449E-2
1.691779837E1,2.717529424E-3,8.080620319E-5,4.512752965E-2
1.692773838E1,6.136500742E-3,5.619488657E-4,4.681935534E-2
1.693767837E1,9.005257860E-3,-1.490549650E-3,4.733734205E-2
1.694761937E1,1.170330402E-2,-3.817707300E-3,5.282682180E-2
1.695755938E1,1.958945766E-2,-3.271493129E-3,5.347982794E-2
1.696749937E1,1.861660369E-2,-2.936201170E-3,5.563059822E-2
1.697743937E1,2.563749626E-2,-1.951896586E-3,5.324733630E-2
1.698737938E1,3.047734872E-2,5.974676460E-3,5.480105430E-2
1.699731937E1,3.560340032E-2,9.539583698E-3,5.378372967E-2
1.700725938E1,3.832399845E-2,1.230036281E-2,5.685414746E-2
1.701719937E1,4.267560318E-2,1.467164233E-2,5.789118260E-2
1.702714037E1,4.649822041E-2,1.577461325E-2,5.681988597E-2
1.703708037E1,5.008656532E-2,1.417724974E-2,5.596740916E-2
1.704702038E1,4.946639761E-2,1.246974058E-2,5.443120375E-2
1.705696037E1,4.911885411E-2,1.131925546E-2,5.487009138E-2
1.706690038E1,4.847997054E-2,9.558638558E-3,5.182131752E-2
1.707684037E1,4.622853175E-2,9.203372523E-3,5.048308149E-2
1.708678037E1,4.079284146E-2,1.008810382E-2,5.177482590E-2
1.709672038E1,3.577837348E-2,9.765596129E-3,5.508220568E-2
1.710666138E1,3.384074196E-2,1.120905951E-2,5.351211503E-2
1.711660137E1,3.015759215E-2,1.247273013E-2,5.876759812E-2
1.712654138E1,3.296358883E-2,9.599740617E-3,6.002580002E-2
1.713648137E1,3.235985339E-2,8.519829251E-3,5.744599551E-2
1.714642137E1,3.254920244E-2,3.363681957E-3,5.628405884E-2
1.715636138E1,3.612715751E-2,3.056886606E-3,5.468296632E-2
1.716630137E1,3.306682780E-2,-2.469468396E-3,5.415393785E-2
1.717624137E1,3.326363489E-2,-3.216485027E-3,5.493744090E-2
1.718618138E1,3.130230680E-2,-6.162799429E-3,5.559447035E-2
1.719612237E1,2.788121067E-2,-2.516665962E-3,5.796495080E-2
1.720606237E1,2.836972848E-2,-2.073840704E-3,5.990670994E-2
1.721600238E1,2.403543331E-2,-1.430154778E-3,6.170860305E-2
1.722594237E1,2.153561264E-2,2.643534914E-3,6.517384946E-2
1.723588237E1,1.598824933E-2,6.069957279E-3,6.697148085E-2
1.724582237E1,1.323675923E-2,1.189006865E-2,6.836844981E-2
1.725576237E1,1.216750033E-2,1.652130671E-2,7.049418241E-2
1.726570238E1,1.267180871E-2,1.951093227E-2,7.452498376E-2
1.727564338E1,1.333999634E-2,2.175091580E-2,7.667762041E-2
1.728558337E1,1.222652756E-2,2.362658083E-2,7.911787182E-2
1.729552337E1,1.508969255E-2,2.482926473E-2,7.902865857E-2
1.730546337E1,1.403206401E-2,2.228103206E-2,7.983699441E-2
1.731540337E1,1.459718682E-2,2.117368951E-2,8.149055392E-2
1.732534338E1,1.170686260E-2,2.480233833E-2,8.184964955E-2
1.733528337E1,6.766965147E-3,2.160228416E-2,8.473704755E-2
1.734522337E1,4.061455373E-3,2.598176152E-2,8.743339777E-2
1.735516338E1,-3.363171592E-3,2.798712254E-2,8.852822334E-2
1.736510437E1,-4.183692858E-3,2.625651285E-2,8.866874129E-2
1.737504437E1,-6.568820216E-3,2.458990738E-2,8.913665265E-2
1.738498438E1,-8.107772097E-3,2.078871615E-2,9.627555311E-2
1.739492437E1,-1.236589998E-2,1.474520564E-2,9.813896567E-2
1.740486437E1,-1.590292528E-2,1.277639437E-2,1.086422130E-1
1.741480438E1,-2.308493853E-2,1.499241125E-2,1.141046211E-1
1.742474437E1,-2.610061690E-2,1.729420573E-2,1.196353063E-1
1.743468438E1,-3.159525245E-2,1.795067266E-2,1.216449216E-1
1.744462538E1,-3.525425866E-2,1.976834051E-2,1.230776757E-1
1.745456537E1,-3.811023384E-2,1.784207486E-2,1.322330832E-1
1.746450562E1,-4.176950082E-2,1.351895183E-2,1.438363940E-1
1.747444563E1,-4.231039062E-2,5.955307744E-3,1.529769003E-1
1.748438562E1,-4.373251647E-2,2.181343734E-4,1.629289389E-1
1.749432562E1,-4.842820019E-2,-3.162215929E-3,1.768671274E-1
1.750426563E1,-5.149563774E-2,-5.189768039E-3,1.933818161E-1
1.751420562E1,-5.726298317E-2,-8.530170657E-3,2.088009715E-1
1.752414662E1,-6.016946957E-2,-6.452786271E-3,2.228671908E-1
1.753408663E1,-6.110636517E-2,-5.023467354E-3,2.332426012E-1
1.754402662E1,-5.850240961E-2,-2.066503279E-3,2.416121066E-1
1.755396662E1,-6.135279313E-2,-1.221895218E-6,2.524812818E-1
1.756390663E1,-6.076512113E-2,3.106036223E-3,2.635049522E-1
1.757384662E1,-5.816853419E-2,5.747359246E-3,2.800927162E-1
1.758378663E1,-5.176061764E-2,8.138730191E-3,2.971262336E-1
1.759372662E1,-5.288260803E-2,1.006845664E-2,3.128386140E-1
1.760366662E1,-4.974354059E-2,1.063642092E-2,3.270038664E-1
1.761360762E1,-5.187220871E-2,2.079078741E-2,3.407521844E-1
1.762354763E1,-4.733435810E-2,2.180051059E-2,3.614915013E-1
1.763348762E1,-3.968096524E-2,2.509111166E-2,3.777610064E-1
1.764342763E1,-3.923017904E-2,2.962548472E-2,4.015608728E-1
1.765336762E1,-3.464714438E-2,3.780165315E-2,4.218813479E-1
1.766330762E1,-4.035580531E-2,4.417354986E-2,4.387086034E-1
1.767324763E1,-3.532562405E-2,4.868920520E-2,4.569552541E-1
1.768318762E1,-3.477151692E-2,5.414616689E-2,4.721957743E-1
1.769312862E1,-3.219597042E-2,6.335297972E-2,4.859728515E-1
1.770306863E1,-3.346620873E-2,7.677712291E-2,4.955240786E-1
1.771300862E1,-3.341560811E-2,8.146481961E-2,5.111831427E-1
1.772294862E1,-4.110043496E-2,8.367843926E-2,5.238726139E-1
1.773288863E1,-4.257236421E-2,9.017788619E-2,5.409423709E-1
1.774282862E1,-4.792913049E-2,9.581789374E-2,5.570980310E-1
1.775276863E1,-5.723315105E-2,1.136546806E-1,5.724639297E-1
1.776270862E1,-6.455159932E-2,1.187543571E-1,5.845642686E-1
1.777264962E1,-7.239061594E-2,1.148139387E-1,6.020796299E-1
1.778258962E1,-7.753541321E-2,9.732288122E-2,6.237978339E-1
1.779252963E1,-7.771836966E-2,7.801176608E-2,6.389581561E-1
1.780246962E1,-8.642245829E-2,4.892326891E-2,6.453301311E-1
1.781240963E1,-8.989122510E-2,2.442271821E-2,6.378442645E-1
1.782234962E1,-9.581134468E-2,4.222330637E-3,6.209428310E-1
1.783228962E1,-1.041520983E-1,-2.999875695E-2,6.130934358E-1
1.784222963E1,-1.147394031E-1,-4.575806856E-2,6.099115014E-1
1.785216962E1,-1.324334592E-1,-6.676907837E-2,6.202320457E-1
1.786211062E1,-1.462304741E-1,-7.414489239E-2,6.230025887E-1
1.787205063E1,-1.603534967E-1,-8.581432700E-2,6.346504688E-1
1.788199062E1,-1.717793494E-1,-7.307983935E-2,6.420870423E-1
1.789193062E1,-1.856687963E-1,-5.441161618E-2,6.499643922E-1
1.790187063E1,-2.009329796E-1,-3.454132378E-2,6.550424099E-1
1.791181062E1,-2.102926522E-1,-1.378118526E-2,6.657605171E-1
1.792175062E1,-2.220959514E-1,2.055791765E-2,6.808297038E-1
1.793169063E1,-2.365190983E-1,4.266108572E-2,7.051355839E-1
1.794163162E1,-2.478290051E-1,6.570203602E-2,7.339848280E-1
1.795157162E1,-2.534107268E-1,9.322766960E-2,7.574129105E-1
1.796151163E1,-2.568376064E-1,1.074303463E-1,7.846422791E-1
1.797145162E1,-2.601833344E-1,1.169458255E-1,8.048751354E-1
1.798139162E1,-2.650405765E-1,1.239391342E-1,8.279659748E-1
1.799133163E1,-2.707405388E-1,1.224623993E-1,8.582181334E-1
1.800127162E1,-2.747850120E-1,1.134949848E-1,8.974969387E-1
1.801121163E1,-2.864967883E-1,1.059973910E-1,9.403733015E-1
1.802115263E1,-2.975525260E-1,1.006395519E-1,9.873583913E-1
1.803109262E1,-3.115021884E-1,9.986696392E-2,1.029780865E0
1.804103262E1,-3.259929717E-1,1.072438285E-1,1.071779966E0
1.805097263E1,-3.496386707E-1,1.210837513E-1,1.108497500E0
1.806091262E1,-3.670456707E-1,1.310035437E-1,1.149812341E0
1.807085263E1,-3.816818595E-1,1.330962628E-1,1.186482787E0
1.808079262E1,-3.929877281E-1,1.315860152E-1,1.224469185E0
1.809073262E1,-4.031745791E-1,1.269419938E-1,1.254508495E0
1.810067263E1,-4.148776531E-1,1.301164478E-1,1.279607892E0
1.811061363E1,-4.250613153E-1,1.262809634E-1,1.306583047E0
1.812055362E1,-4.373926222E-1,1.230788305E-1,1.330175757E0
1.813049363E1,-4.509214759E-1,1.281982362E-1,1.360368609E0
1.814043362E1,-4.701907933E-1,1.390453875E-1,1.396307945E0
1.815037362E1,-4.978338778E-1,1.538690627E-1,1.439525247E0
1.816031363E1,-5.180434585E-1,1.668416262E-1,1.482292056E0
1.817025362E1,-5.388278365E-1,1.683553755E-1,1.524754047E0
1.818019362E1,-5.602180362E-1,1.667362452E-1,1.561708927E0
1.819013463E1,-5.758010149E-1,1.618669331E-1,1.590248346E0
1.820007462E1,-5.849645734E-1,1.512900442E-1,1.608148813E0
1.821001462E1,-5.927609801E-1,1.381760985E-1,1.614004016E0
1.821995463E1,-5.923643708E-1,1.266680807E-1,1.616956472E0
1.822989462E1,-5.895832181E-1,1.241953373E-1,1.626409888E0
1.823983462E1,-5.907886028E-1,1.201066673E-1,1.648253202E0
1.824977463E1,-5.999373794E-1,1.294924468E-1,1.671651006E0
1.825971462E1,-6.080397367E-1,1.514529586E-1,1.699609637E0
1.826965562E1,-6.182902455E-1,1.881401241E-1,1.724422336E0
1.827959563E1,-6.324481368E-1,2.369540036E-1,1.744759917E0
1.828953562E1,-6.518841386E-1,2.875205278E-1,1.768519044E0
1.829947562E1,-6.735067368E-1,3.242312670E-1,1.783741236E0
1.830941563E1,-6.801949739E-1,3.438878059E-1,1.794451118E0
1.831935562E1,-6.833066344E-1,3.488892019E-1,1.801005960E0
1.832929563E1,-6.778721809E-1,3.236877322E-1,1.808116674E0
1.833923562E1,-6.787716746E-1,2.505024970E-1,1.823651791E0
1.834917662E1,-6.646431088E-1,1.722875834E-1,1.838230729E0
1.835911662E1,-6.540834904E-1,1.343577504E-1,1.834495187E0
1.836905663E1,-6.425818205E-1,1.139483526E-1,1.811925411E0
1.837899662E1,-6.389765739E-1,1.180168316E-1,1.788986444E0
1.838893663E1,-6.397038698E-1,1.525308639E-1,1.776579618E0
1.839887662E1,-6.559157372E-1,1.879767627E-1,1.772971630E0
1.840881662E1,-6.764811873E-1,2.330089509E-1,1.783960104E0
1.841875663E1,-7.034053802E-1,2.723055482E-1,1.805442214E0
1.842869763E1,-7.354290485E-1,2.922294736E-1,1.828805089E0
1.843863762E1,-7.732208967E-1,2.929912210E-1,1.846946120E0
1.844857763E1,-8.033500314E-1,2.688206434E-1,1.852750540E0
1.845851762E1,-8.215215206E-1,2.269610912E-1,1.840558052E0
1.846845746E1,-8.295046091E-1,1.816985309E-1,1.822496533E0
1.847839746E1,-8.301895857E-1,1.355171800E-1,1.802511811E0
1.848833746E1,-8.241841197E-1,1.066554561E-1,1.786863089E0
1.849827746E1,-8.203547597E-1,8.351606876E-2,1.782165647E0
1.850821846E1,-8.200735450E-1,6.098172814E-2,1.779422045E0
1.851815846E1,-8.202003241E-1,6.036608666E-2,1.780372858E0
1.852809846E1,-8.234072924E-1,8.574467897E-2,1.778288126E0
1.853803846E1,-8.417648673E-1,1.236357912E-1,1.781594753E0
1.854797846E1,-8.699003458E-1,1.644050628E-1,1.796619296E0
1.855791846E1,-8.921644688E-1,1.977840364E-1,1.805879951E0
1.856785846E1,-9.133022428E-1,2.245725095E-1,1.812630534E0
1.857779846E1,-9.295864105E-1,2.318121195E-1,1.806828141E0
1.858773846E1,-9.393367767E-1,2.176512927E-1,1.794591188E0
1.859767946E1,-9.464512467E-1,1.877888143E-1,1.775797248E0
1.860761946E1,-9.533312321E-1,1.505974978E-1,1.758503199E0
1.861755946E1,-9.545212984E-1,1.310445368E-1,1.737884283E0
1.862749946E1,-9.605743885E-1,1.258518994E-1,1.720322847E0
1.863743946E1,-9.701325297E-1,1.363039911E-1,1.706425428E0
1.864737946E1,-9.900050759E-1,1.655713320E-1,1.700911045E0
1.865731946E1,-1.000805259E0,1.961988211E-1,1.690374255E0
1.866725946E1,-1.003468394E0,2.231691927E-1,1.676851273E0
1.867720046E1,-1.005472541E0,2.524866462E-1,1.657500625E0
1.868714046E1,-1.003648281E0,2.762918472E-1,1.637045979E0
1.869708046E1,-1.007664680E0,2.921947837E-1,1.620175958E0
1.870702046E1,-1.012352705E0,2.996154130E-1,1.602308869E0
1.871696046E1,-1.010166645E0,3.105059266E-1,1.576381087E0
1.872690046E1,-1.009557605E0,3.291877508E-1,1.544396996E0
1.873684046E1,-9.993463159E-1,3.430099189E-1,1.511435032E0
1.874678046E1,-9.898551106E-1,3.515075445E-1,1.482974887E0
1.875672146E1,-9.779940844E-1,3.567637801E-1,1.449860573E0
1.876666146E1,-9.540829062E-1,3.509444892E-1,1.414286137E0
1.877660146E1,-9.285095334E-1,3.473984301E-1,1.373455286E0
1.878654146E1,-9.010646343E-1,3.467294574E-1,1.332121253E0
1.879648146E1,-8.718618155E-1,3.580740392E-1,1.288166523E0
1.880642146E1,-8.490366936E-1,3.600913882E-1,1.240877867E0
1.881636146E1,-8.270582557E-1,3.724741340E-1,1.190293550E0
1.882630146E1,-8.018354177E-1,3.809565604E-1,1.143464208E0
1.883624246E1,-7.776839733E-1,3.855718970E-1,1.096044898E0
1.884618246E1,-7.492968440E-1,3.980581164E-1,1.050098419E0
1.885612246E1,-7.148334980E-1,4.042681158E-1,1.002614975E0
1.886606246E1,-6.836696863E-1,4.005761743E-1,9.582110047E-1
1.887600246E1,-6.501144171E-1,3.809849918E-1,9.187481403E-1
1.888594246E1,-6.131089926E-1,3.651394248E-1,8.813333511E-1
1.889588246E1,-5.799818635E-1,3.533158302E-1,8.464215994E-1
1.890582246E1,-5.438725948E-1,3.442624211E-1,8.065117598E-1
1.891576346E1,-5.113973618E-1,3.376344740E-1,7.588741183E-1
1.892570346E1,-4.894118905E-1,3.337467909E-1,7.229853868E-1
1.893564346E1,-4.762072563E-1,3.193393052E-1,6.922129393E-1
1.894558346E1,-4.635716081E-1,3.094682992E-1,6.602435112E-1
1.895552346E1,-4.528011680E-1,2.898060083E-1,6.286306977E-1
1.896546346E1,-4.428068399E-1,2.665179968E-1,5.970743299E-1
1.897540346E1,-4.300048351E-1,2.422779202E-1,5.621628761E-1
1.898534346E1,-4.121880233E-1,2.194708586E-1,5.239771605E-1
1.899528446E1,-3.901572227E-1,2.012147605E-1,4.871993959E-1
1.900522446E1,-3.747447133E-1,1.899029762E-1,4.496916831E-1
1.901516446E1,-3.525999784E-1,1.740037203E-1,4.173138440E-1
1.902510446E1,-3.326856494E-1,1.682763100E-1,3.886100054E-1
1.903504446E1,-3.184916377E-1,1.682590693E-1,3.580177128E-1
1.904498446E1,-3.108427525E-1,1.588128358E-1,3.356740773E-1
1.905492446E1,-2.944599688E-1,1.461627781E-1,3.115884662E-1
1.906486446E1,-2.857080400E-1,1.300136149E-1,2.886341512E-1
1.907480546E1,-2.675350606E-1,9.997364134E-2,2.697603703E-1
1.908474546E1,-2.466367036E-1,6.627613306E-2,2.524681985E-1
1.909468546E1,-2.307022214E-1,4.289100319E-2,2.393892407E-1
1.910462546E1,-2.269556969E-1,2.427603863E-2,2.311171889E-1
1.911456546E1,-2.154453248E-1,1.516702212E-2,2.272883356E-1
1.912450546E1,-2.089203149E-1,1.185777783E-2,2.252883017E-1
1.913444546E1,-2.090864033E-1,1.815389842E-4,2.199848443E-1
1.914438546E1,-2.039747387E-1,-1.380857825E-2,2.105732262E-1
1.915432546E1,-1.933814734E-1,-2.037140727E-2,1.993637234E-1
1.916426646E1,-1.762680113E-1,-2.688336745E-2,1.864423305E-1
1.917420646E1,-1.564731002E-1,-3.893305361E-2,1.648810655E-1
1.918414646E1,-1.299208403E-1,-4.062922299E-2,1.479129940E-1
1.919408646E1,-1.048331559E-1,-3.850981966E-2,1.261426955E-1
1.920402646E1,-8.564960957E-2,-3.060768917E-2,1.094507948E-1
1.921396646E1,-7.239409536E-2,-3.215283528E-2,1.024740487E-1
1.922390646E1,-5.700475350E-2,-3.417817131E-2,9.518204629E-2
1.923384646E1,-4.110379517E-2,-3.554610536E-2,7.982878387E-2
1.924378746E1,-2.104406990E-2,-3.149516881E-2,6.280958652E-2
1.925372746E1,-5.934717134E-3,-1.857832260E-2,4.864626750E-2
1.926366746E1,4.425245337E-3,-1.562567614E-2,4.364538565E-2
1.927360746E1,1.646264642E-2,-4.557706416E-3,3.123962693E-2
1.928354746E1,2.757548541E-2,-4.506040830E-3,2.155051380E-2
1.929348746E1,4.052021727E-2,-4.638502374E-3,6.750077009E-3
1.930342746E1,4.536557198E-2,8.883560076E-4,-4.250110127E-3
1.931336746E1,3.779731691E-2,-7.261501625E-3,-7.005573250E-3
1.932330846E1,3.330349922E-2,-6.656964310E-3,-9.313202463E-3
1.933324846E1,3.237112612E-2,2.184214070E-3,-1.396278478E-2
1.934318846E1,2.313102223E-2,1.437403448E-2,-1.829734631E-2
1.935312846E1,9.773230180E-3,2.376613021E-2,-2.092348784E-2
1.936306846E1,4.990458954E-3,2.957288548E-2,-2.726314217E-2
1.937300846E1,-1.942725386E-3,3.925333545E-2,-3.365850449E-2
1.938294846E1,-1.105659455E-2,4.706624895E-2,-4.261418432E-2
1.939288846E1,-1.753979549E-2,4.466655850E-2,-4.396512732E-2
1.940282946E1,-2.808324993E-2,4.829138890E-2,-4.416912794E-2
1.941276946E1,-4.335541278E-2,5.054842308E-2,-3.649627790E-2
1.942270946E1,-6.140312180E-2,5.997122079E-2,-2.064647339E-2
1.943264946E1,-7.267877460E-2,5.809516460E-2,1.145954244E-3
1.944258946E1,-9.063353390E-2,5.440056324E-2,2.092631720E-2
1.945252946E1,-9.777169675E-2,5.790197849E-2,3.894001618E-2
1.946246946E1,-1.048858017E-1,5.048054457E-2,5.194849521E-2
1.947240921E1,-1.037758887E-1,4.736435786E-2,5.974665284E-2
1.948235021E1,-1.083581150E-1,4.248704761E-2,6.493129581E-2
1.949229021E1,-1.138890609E-1,3.951651976E-2,7.572842389E-2
1.950223021E1,-1.133156791E-1,3.528502584E-2,7.985632122E-2
1.951217021E1,-1.080389768E-1,4.195506126E-2,7.637350261E-2
1.952211021E1,-1.037603468E-1,4.677565023E-2,6.859334558E-2
1.953205021E1,-9.720595181E-2,4.235181212E-2,6.699042022E-2
1.954199021E1,-9.055230767E-2,3.315804899E-2,6.444869936E-2
1.955193021E1,-8.694363385E-2,2.799864113E-2,5.798868462E-2
1.956187121E1,-7.888011634E-2,3.130202368E-2,4.440416396E-2
1.957181121E1,-7.131984830E-2,3.870920092E-2,2.607597783E-2
1.958175121E1,-5.948209763E-2,3.846285865E-2,3.065200988E-3
1.959169121E1,-4.857511818E-2,3.939389065E-2,-1.415481418E-2
1.960163121E1,-4.231828824E-2,4.173267633E-2,-1.946968399E-2
1.961157121E1,-4.335089773E-2,4.966224730E-2,-2.153983712E-2
1.962151121E1,-4.212824255E-2,5.050646886E-2,-2.126393467E-2
1.963145121E1,-4.155147821E-2,4.860198498E-2,-2.071866021E-2
1.964139221E1,-3.862972558E-2,5.017245561E-2,-2.566095814E-2
1.965133221E1,-3.819536418E-2,4.890734702E-2,-2.396118268E-2
1.966127221E1,-3.658947721E-2,4.520608485E-2,-2.093343437E-2
1.967121221E1,-3.803503886E-2,4.145627469E-2,-1.624207385E-2
1.968115221E1,-3.997594863E-2,4.433808476E-2,-1.040069759E-2
1.969109221E1,-4.011141881E-2,4.720171168E-2,-4.600049928E-3
1.970103221E1,-3.614144400E-2,4.454308003E-2,-3.744908608E-3
1.971097221E1,-3.199543804E-2,4.410474375E-2,-1.572004519E-3
1.972091321E1,-2.784010768E-2,3.972464427E-2,-6.413896568E-3
1.973085321E1,-2.550921962E-2,3.327598050E-2,-2.964053303E-3
1.974079321E1,-1.878766529E-2,3.131243214E-2,-2.328889444E-3
1.975073321E1,-1.674733311E-2,3.130873665E-2,1.191918738E-3
1.976067321E1,-1.535982452E-2,3.019180521E-2,8.697342128E-5
1.977061321E1,-1.084798202E-2,3.162509948E-2,3.473635763E-3
1.978055321E1,-1.120351255E-2,3.369171172E-2,4.165525082E-3
1.979049321E1,-1.167320646E-2,2.565262653E-2,3.351412248E-3
1.980043421E1,-1.062924601E-2,2.499322779E-2,9.051642381E-3
1.981037421E1,-1.397046912E-2,2.326950803E-2,1.076526474E-2
1.982031421E1,-1.521922555E-2,2.548552305E-2,7.262142375E-3
1.983025421E1,-1.509217545E-2,2.485917881E-2,6.256014109E-3
1.984019421E1,-1.563732512E-2,2.467329055E-2,4.038133658E-3
1.985013421E1,-1.707649417E-2,2.526328340E-2,2.250211313E-3
1.986007421E1,-2.054579556E-2,2.752936631E-2,-6.750049070E-4
1.987001421E1,-1.643360592E-2,3.109941445E-2,-2.544465475E-3
1.987995521E1,-2.025311254E-2,3.441052139E-2,-9.867828339E-4
1.988989521E1,-1.845121942E-2,3.319231421E-2,-4.766685888E-3
1.989983521E1,-1.790660247E-2,2.833097801E-2,-1.569294371E-3
1.990977521E1,-1.349720545E-2,2.249607444E-2,-5.850247107E-3
1.991971521E1,-1.212461106E-2,2.187023126E-2,-6.774631329E-3
1.992965521E1,-1.454170141E-2,2.002369985E-2,-8.417956531E-3
1.993959521E1,-1.789622009E-2,2.442191169E-2,-2.610667609E-3
1.994953621E1,-2.317007445E-2,1.820910163E-2,-7.362579927E-4
1.995947621E1,-2.520605922E-2,1.628603414E-2,-5.864174105E-3
1.996941621E1,-2.307996713E-2,1.614490896E-2,-5.914133042E-3
1.997935621E1,-2.451008558E-2,9.764508344E-3,-1.227269694E-2
1.998929621E1,-2.814698964E-2,2.448781393E-3,-1.402489934E-2
1.999923621E1,-2.701328322E-2,-3.183538094E-3,-1.120035071E-2
2.000917621E1,-2.669929154E-2,4.609751515E-3,-1.218723971E-2
2.001911621E1,-3.022078983E-2,9.857244790E-3,-1.358806249E-2
2.002905721E1,-3.318249062E-2,8.459176868E-3,-1.731239818E-2
2.003899721E1,-3.509144485E-2,3.956037574E-3,-1.453046128E-2
2.004893721E1,-3.358303756E-2,-8.586638607E-3,-1.310272329E-2
2.005887721E1,-3.399476036E-2,-1.501444355E-2,-9.640613571E-3
2.006881721E1,-3.458810970E-2,-1.754712313E-2,-5.131632090E-3
2.007875721E1,-3.716365248E-2,-2.061748132E-2,-7.233399898E-3
2.008869721E1,-3.814591840E-2,-1.932623237E-2,-5.682312883E-3
2.009863721E1,-3.604201972E-2,-1.648064330E-2,-4.667115398E-3
2.010857821E1,-3.601023555E-2,-1.971272379E-2,-7.489783689E-3
2.011851821E1,-2.940160409E-2,-2.281210944E-2,-6.687372923E-3
2.012845821E1,-2.325769514E-2,-2.740693092E-2,-5.318835378E-3
2.013839821E1,-2.120519802E-2,-2.342763543E-2,-6.875986233E-3
2.014833821E1,-1.607515104E-2,-1.822905242E-2,-4.291560501E-3
2.015827821E1,-1.159624755E-2,-1.829190180E-2,-7.734228857E-3
2.016821821E1,-6.936067250E-3,-1.960248128E-2,-5.135376938E-3
2.017815821E1,-5.827392917E-3,-1.527537592E-2,-3.974238411E-3
2.018809921E1,-4.411661997E-3,-8.028194308E-3,-6.418565288E-3
2.019803921E1,-6.974155083E-3,-5.186068825E-3,-7.500607520E-3
2.020797921E1,-9.306277148E-3,-1.557180192E-3,7.987581193E-5
2.021791921E1,-1.099631842E-2,-5.337274633E-4,4.825628363E-3
2.022785921E1,-1.296208706E-2,-6.498525850E-3,8.472624235E-3
2.023779921E1,-1.163956057E-2,-1.026104018E-2,7.962629199E-3
2.024773921E1,-1.334371883E-2,-1.347201318E-2,1.329587586E-2
2.025767921E1,-9.608368389E-3,-1.132923365E-2,1.682030223E-2
2.026762021E1,-9.238553233E-3,-5.383731332E-3,1.638904400E-2
2.027756021E1,-1.471587736E-2,-3.934705164E-3,1.778853498E-2
2.028750021E1,-1.769443601E-2,-3.798230086E-3,1.913106441E-2
2.029744021E1,-1.522222254E-2,-1.147106383E-2,1.651903614E-2
2.030738021E1,-1.583581977E-2,-1.498615742E-2,1.152828801E-2
2.031732021E1,-1.278943010E-2,-2.127521113E-2,1.542765647E-3
2.032726021E1,-9.604919702E-3,-2.918249741E-2,-1.335807238E-2
2.033720021E1,-9.731685743E-3,-3.511708602E-2,-3.123907000E-2
2.034714121E1,-8.344077505E-4,-4.440234601E-2,-5.577687174E-2
2.035708121E1,2.299067564E-3,-4.894303530E-2,-8.520240337E-2
2.036702121E1,1.603050344E-2,-4.755307734E-2,-1.173329353E-1
2.037696121E1,2.517579868E-2,-4.815521836E-2,-1.547753960E-1
2.038690121E1,3.822670132E-2,-5.276998505E-2,-1.899200082E-1
2.039684121E1,4.992330447E-2,-5.661665276E-2,-2.239347100E-1
2.040678121E1,7.054132223E-2,-6.201912090E-2,-2.603725195E-1
2.041672121E1,9.043540061E-2,-6.829459965E-2,-2.917208374E-1
2.042666221E1,1.115825996E-1,-7.525909692E-2,-3.228281438E-1
2.043660221E1,1.350570321E-1,-9.162209183E-2,-3.525641859E-1
2.044654221E1,1.598785818E-1,-1.103557125E-1,-3.801910877E-1
2.045648221E1,1.813439280E-1,-1.272462904E-1,-4.061156213E-1
2.046642221E1,2.071982473E-1,-1.514433622E-1,-4.349065423E-1
2.047636271E1,2.335707247E-1,-1.803104281E-1,-4.668674171E-1
2.048630271E1,2.617353201E-1,-2.164489180E-1,-4.950211942E-1
2.049624271E1,2.887533605E-1,-2.453828305E-1,-5.232863426E-1
2.050618371E1,3.161301315E-1,-2.806982696E-1,-5.552225113E-1
2.051612371E1,3.419934213E-1,-3.126178682E-1,-5.893687606E-1
2.052606371E1,3.701542318E-1,-3.451883793E-1,-6.183397174E-1
2.053600371E1,3.977573514E-1,-3.785298169E-1,-6.474344730E-1
2.054594371E1,4.327521026E-1,-4.155019522E-1,-6.739031672E-1
2.055588371E1,4.633773863E-1,-4.474050403E-1,-7.040455937E-1
2.056582371E1,4.981877208E-1,-4.745719433E-1,-7.278714180E-1
2.057576371E1,5.294287205E-1,-5.009529591E-1,-7.469500303E-1
2.058570471E1,5.596739054E-1,-5.249559283E-1,-7.605707049E-1
2.059564471E1,5.846930146E-1,-5.424368978E-1,-7.738342881E-1
2.060558471E1,6.044895649E-1,-5.575600266E-1,-7.783772349E-1
2.061552471E1,6.237538457E-1,-5.707730055E-1,-7.802034020E-1
2.062546471E1,6.436582208E-1,-5.885068774E-1,-7.834523916E-1
2.063540471E1,6.707894206E-1,-6.119589210E-1,-7.820867300E-1
2.064534471E1,6.888629198E-1,-6.380878091E-1,-7.854142785E-1
2.065528571E1,7.035976052E-1,-6.652017236E-1,-7.886819839E-1
2.066522571E1,7.144529819E-1,-6.851606965E-1,-7.802693248E-1
2.067516571E1,7.292263508E-1,-6.995034218E-1,-7.671229243E-1
2.068510571E1,7.495495081E-1,-7.188872695E-1,-7.498073578E-1
2.069504571E1,7.709493041E-1,-7.430298924E-1,-7.329785824E-1
2.070498571E1,8.016872406E-1,-7.728162408E-1,-7.122713923E-1
2.071492571E1,8.303140998E-1,-8.015610576E-1,-6.962469220E-1
2.072486571E1,8.583812118E-1,-8.274056315E-1,-6.757659912E-1
2.073480671E1,8.817933202E-1,-8.485561609E-1,-6.508308053E-1
2.074474671E1,9.097134471E-1,-8.668823838E-1,-6.271905899E-1
2.075468671E1,9.384614229E-1,-8.761656284E-1,-6.071612239E-1
2.076462671E1,9.699635506E-1,-8.804273009E-1,-5.922438502E-1
2.077456671E1,9.990971684E-1,-8.813604712E-1,-5.798369646E-1
2.078450671E1,1.029479384E0,-8.882133365E-1,-5.596772432E-1
2.079444671E1,1.052663565E0,-9.014558792E-1,-5.385218859E-1
2.080438671E1,1.075533748E0,-9.180151224E-1,-5.141599774E-1
2.081432771E1,1.102309465E0,-9.357563257E-1,-4.913076460E-1
2.082426771E1,1.126403093E0,-9.587434530E-1,-4.712789059E-1
2.083420771E1,1.151866913E0,-9.873471260E-1,-4.538037777E-1
2.084414771E1,1.173520803E0,-1.004405856E0,-4.414795637E-1
2.085408771E1,1.196365714E0,-1.009131670E0,-4.395501018E-1
2.086402771E1,1.219166160E0,-1.007382870E0,-4.329681993E-1
2.087396771E1,1.250016928E0,-1.000916958E0,-4.330329001E-1
2.088390771E1,1.281934857E0,-9.980087876E-1,-4.306919873E-1
2.089384871E1,1.314837694E0,-9.957669377E-1,-4.313255548E-1
2.090378871E1,1.349143386E0,-9.966033697E-1,-4.262198806E-1
2.091372871E1,1.382030010E0,-1.000265002E0,-4.238360822E-1
2.092366871E1,1.408356667E0,-1.008610606E0,-4.176596999E-1
2.093360871E1,1.426331401E0,-1.015131950E0,-4.101011157E-1
2.094354871E1,1.434598327E0,-1.018047452E0,-4.065826535E-1
2.095348871E1,1.439876080E0,-1.016640186E0,-4.037439823E-1
2.096342871E1,1.447073579E0,-1.017789364E0,-4.088408649E-1
2.097336971E1,1.458454609E0,-1.023526669E0,-4.201805890E-1
2.098330971E1,1.464333892E0,-1.030309677E0,-4.281352460E-1
2.099324971E1,1.466530204E0,-1.039138436E0,-4.370317757E-1
2.100318971E1,1.467514753E0,-1.045252919E0,-4.474040568E-1
2.101312971E1,1.458684206E0,-1.043741226E0,-4.562186003E-1
2.102306971E1,1.458201766E0,-1.039063811E0,-4.645101726E-1
2.103300971E1,1.450352907E0,-1.027767777E0,-4.701744318E-1
2.104294971E1,1.436699867E0,-1.022026062E0,-4.768292308E-1
2.105289071E1,1.430353284E0,-1.002350330E0,-4.894227982E-1
2.106283071E1,1.418161631E0,-9.876316190E-1,-5.037610531E-1
2.107277071E1,1.405103683E0,-9.797499776E-1,-5.234450102E-1
2.108271071E1,1.397633433E0,-9.818528295E-1,-5.391593575E-1
2.109265071E1,1.393419981E0,-9.841652513E-1,-5.580060482E-1
2.110259071E1,1.375168681E0,-9.868922830E-1,-5.697950721E-1
2.111253071E1,1.353565454E0,-9.877396822E-1,-5.757762790E-1
2.112247071E1,1.332857370E0,-9.923518300E-1,-5.802624822E-1
2.113241171E1,1.321729422E0,-9.966427684E-1,-5.871542096E-1
2.114235171E1,1.311739206E0,-1.003448009E0,-5.947271585E-1
2.115229171E1,1.300289512E0,-1.003293037E0,-6.058927178E-1
2.116223171E1,1.281920671E0,-1.003131032E0,-6.190377474E-1
2.117217171E1,1.257612705E0,-1.005697846E0,-6.253542900E-1
2.118211171E1,1.231544971E0,-1.004796386E0,-6.336731315E-1
2.119205171E1,1.206415415E0,-1.010175467E0,-6.427611709E-1
2.120199171E1,1.177645206E0,-1.016734481E0,-6.448913217E-1
2.121193271E1,1.155507922E0,-1.027441144E0,-6.528475285E-1
2.122187271E1,1.136804938E0,-1.031762958E0,-6.572383046E-1
2.123181271E1,1.116520166E0,-1.024302125E0,-6.587978601E-1
2.124175271E1,1.095349193E0,-1.010760307E0,-6.579546928E-1
2.125169271E1,1.077168226E0,-9.867681265E-1,-6.564755440E-1
2.126163271E1,1.060458541E0,-9.582030773E-1,-6.577947140E-1
2.127157271E1,1.048804879E0,-9.381862283E-1,-6.695174575E-1
2.128151271E1,1.044896841E0,-9.154137373E-1,-6.796230674E-1
2.129145371E1,1.033433795E0,-9.118037820E-1,-6.934922934E-1
2.130139371E1,1.027354479E0,-9.079363942E-1,-7.166979909E-1
2.131133371E1,1.025574923E0,-8.891049623E-1,-7.410523295E-1
2.132127371E1,1.018549800E0,-8.633513451E-1,-7.667803764E-1
2.133121371E1,1.016158223E0,-8.399570584E-1,-7.907581925E-1
2.134115371E1,1.016993284E0,-8.140213490E-1,-8.059846163E-1
2.135109371E1,1.018697977E0,-7.785461545E-1,-8.123386502E-1
2.136103471E1,1.011140466E0,-7.454789281E-1,-8.173540831E-1
2.137097471E1,9.981452823E-1,-7.214980125E-1,-8.262767196E-1
2.138091471E1,9.963663816E-1,-7.091616392E-1,-8.442924023E-1
2.139085471E1,1.009398818E0,-6.909949183E-1,-8.682776093E-1
2.140079471E1,1.021140933E0,-6.711376905E-1,-9.017627239E-1
2.141073471E1,1.025506735E0,-6.450890303E-1,-9.333401322E-1
2.142067471E1,1.022782683E0,-6.179406047E-1,-9.539491534E-1
2.143061471E1,1.017528296E0,-5.754411221E-1,-9.605404735E-1
2.144055571E1,9.965580702E-1,-5.252508521E-1,-9.522483349E-1
2.145049571E1,9.762040973E-1,-4.870967865E-1,-9.448465705E-1
2.146043571E1,9.567076564E-1,-4.561047554E-1,-9.432353377E-1
2.147037538E1,9.489064813E-1,-4.272589982E-1,-9.498059154E-1
2.148031537E1,9.414064288E-1,-4.080764651E-1,-9.702591896E-1
2.149025537E1,9.389733672E-1,-3.877903819E-1,-1.000965953E0
2.150019538E1,9.245067239E-1,-3.510595858E-1,-1.020713687E0
2.151013537E1,9.047445059E-1,-3.157633841E-1,-1.022168040E0
2.152007637E1,8.828288317E-1,-2.875905335E-1,-1.009733200E0
2.153001638E1,8.615816236E-1,-2.761501372E-1,-9.920862317E-1
2.153995637E1,8.364135623E-1,-2.712143064E-1,-9.880874157E-1
2.154989637E1,8.165362477E-1,-2.635720968E-1,-9.985949397E-1
2.155983638E1,7.986591458E-1,-2.452100962E-1,-1.018434167E0
2.156977637E1,7.654634118E-1,-2.312490046E-1,-1.046251178E0
2.157971638E1,7.321875095E-1,-2.134906352E-1,-1.053013802E0
2.158965738E1,6.926296949E-1,-1.895687878E-1,-1.044165373E0
2.159959737E1,6.467651725E-1,-1.509964764E-1,-1.009138227E0
2.160953737E1,6.050574183E-1,-1.132264584E-1,-9.617485404E-1
2.161947738E1,5.589955449E-1,-9.885237366E-2,-9.104746580E-1
2.162941737E1,5.200158954E-1,-8.863755316E-2,-8.673037887E-1
2.163935738E1,4.916997552E-1,-8.273103833E-2,-8.369676471E-1
2.164929737E1,4.733468294E-1,-8.131610602E-2,-8.192744255E-1
2.165923737E1,4.690939486E-1,-8.910127729E-2,-8.096615076E-1
2.166917837E1,4.475923777E-1,-9.855630249E-2,-8.030123711E-1
2.167911838E1,4.234581888E-1,-1.056924388E-1,-7.845370173E-1
2.168905837E1,3.895494938E-1,-1.116597801E-1,-7.598606944E-1
2.169899838E1,3.588368595E-1,-1.049474850E-1,-7.254075408E-1
2.170893837E1,3.211805522E-1,-9.703390300E-2,-6.866639256E-1
2.171887837E1,2.866483033E-1,-9.116920829E-2,-6.452873945E-1
2.172881838E1,2.538941205E-1,-8.927409351E-2,-6.050126553E-1
2.173875837E1,2.321152985E-1,-8.172021806E-2,-5.681304336E-1
2.174869937E1,2.079473883E-1,-7.460984588E-2,-5.388439298E-1
2.175863938E1,1.923232377E-1,-7.080626488E-2,-5.109788179E-1
2.176857937E1,1.730113178E-1,-6.473451853E-2,-4.839147329E-1
2.177851937E1,1.555578709E-1,-5.694220215E-2,-4.557438195E-1
2.178845938E1,1.311539859E-1,-5.781891197E-2,-4.231967926E-1
2.179839937E1,1.122243106E-1,-5.126266927E-2,-3.890447915E-1
2.180833937E1,9.213741124E-2,-3.944223002E-2,-3.576189578E-1
2.181828038E1,7.327994704E-2,-3.554639593E-2,-3.256479800E-1
2.182822037E1,5.715903267E-2,-2.662320808E-2,-2.927608788E-1
2.183816037E1,4.410481825E-2,-1.832400821E-2,-2.648127973E-1
2.184810038E1,3.107849881E-2,-7.038064767E-3,-2.413114607E-1
2.185804037E1,2.267287113E-2,2.609844320E-3,-2.194635123E-1
2.186798037E1,1.197015867E-2,1.469660178E-2,-1.973145306E-1
2.187792038E1,2.615980338E-3,2.708134428E-2,-1.752082705E-1
2.188786037E1,-1.019781921E-2,3.527855128E-2,-1.538545042E-1
2.189780137E1,-1.746398397E-2,3.954519331E-2,-1.357804537E-1
2.190774138E1,-2.591685578E-2,4.246454686E-2,-1.176078469E-1
2.191768137E1,-3.019202873E-2,5.067560822E-2,-1.055767536E-1
2.192762137E1,-3.904517367E-2,5.743896961E-2,-9.140101075E-2
2.193756138E1,-4.394336790E-2,6.196386740E-2,-8.595287800E-2
2.194750137E1,-5.313180387E-2,6.440678239E-2,-8.080605417E-2
2.195744138E1,-6.255263835E-2,6.619732082E-2,-7.712139189E-2
2.196738137E1,-6.779240817E-2,7.038647681E-2,-7.330933213E-2
2.197732237E1,-7.889087498E-2,6.991610676E-2,-6.979189813E-2
2.198726237E1,-8.835069090E-2,6.920956820E-2,-6.991759688E-2
2.199720238E1,-1.016279608E-1,6.639623642E-2,-6.347039342E-2
2.200714237E1,-1.066512167E-1,6.233412027E-2,-5.868736282E-2
2.201708238E1,-1.123342216E-1,5.920450389E-2,-5.378523469E-2
2.202702237E1,-1.137456894E-1,5.032419786E-2,-5.400387943E-2
2.203696237E1,-1.124121621E-1,4.732675478E-2,-5.754505843E-2
2.204690238E1,-1.178772375E-1,3.713670000E-2,-5.956080556E-2
2.205684338E1,-1.289506555E-1,3.338217363E-2,-6.833485514E-2
2.206678337E1,-1.428345144E-1,2.862603590E-2,-7.719625533E-2
2.207672338E1,-1.654726118E-1,1.203447022E-2,-9.418268502E-2
2.208666337E1,-1.811005771E-1,-4.059811588E-3,-1.159327179E-1
2.209660337E1,-1.977594644E-1,-2.426813170E-2,-1.411219388E-1
2.210654338E1,-2.168260962E-1,-6.212789565E-2,-1.714279056E-1
2.211648337E1,-2.292176783E-1,-1.115160286E-1,-2.114331126E-1
2.212642337E1,-2.354191244E-1,-1.629682928E-1,-2.431665361E-1
2.213636438E1,-2.567442954E-1,-2.205216736E-1,-2.598719895E-1
2.214630437E1,-2.900135517E-1,-2.738176584E-1,-2.657983005E-1
2.215624437E1,-3.394739926E-1,-3.281175196E-1,-2.806995511E-1
2.216618438E1,-3.915680945E-1,-3.807205558E-1,-3.286484480E-1
2.217612437E1,-4.453878999E-1,-4.411650300E-1,-4.236778319E-1
2.218606437E1,-4.900195599E-1,-4.674882591E-1,-5.326890349E-1
2.219600438E1,-5.261876583E-1,-4.719461501E-1,-6.235438585E-1
2.220594537E1,-5.293040872E-1,-4.145960212E-1,-6.691550016E-1
2.221588537E1,-4.986363947E-1,-3.189771473E-1,-6.830235720E-1
2.222582538E1,-4.708095491E-1,-2.260900736E-1,-7.132241130E-1
2.223576537E1,-4.850658178E-1,-1.411105990E-1,-7.714357376E-1
2.224570537E1,-5.156311989E-1,-5.197540671E-2,-8.486261368E-1
2.225564538E1,-5.618917346E-1,2.088934183E-2,-9.422844648E-1
2.226558537E1,-6.308212876E-1,6.641794741E-2,-1.036719084E0
2.227552538E1,-7.168454528E-1,8.885793388E-2,-1.112527132E0
2.228546638E1,-7.993400693E-1,8.023248613E-2,-1.171236038E0
2.229540637E1,-8.589323163E-1,5.748876929E-2,-1.215157986E0
2.230534637E1,-8.948935270E-1,3.526788950E-2,-1.246107221E0
2.231528638E1,-9.031606913E-1,2.871725336E-2,-1.274641037E0
2.232522637E1,-9.088731408E-1,2.134242654E-2,-1.308767915E0
2.233516638E1,-9.096091390E-1,1.752988063E-2,-1.340248466E0
2.234510637E1,-9.225121737E-1,8.730530739E-3,-1.378031254E0
2.235504637E1,-9.457020760E-1,7.658910938E-3,-1.420432329E0
2.236498737E1,-9.798067808E-1,8.478897624E-3,-1.467562675E0
2.237492737E1,-1.005813122E0,2.640183084E-3,-1.513827085E0
2.238486737E1,-1.040423870E0,4.774706438E-3,-1.546502948E0
2.239480738E1,-1.065093875E0,1.937682927E-2,-1.555405259E0
2.240474737E1,-1.079014301E0,4.435621575E-2,-1.540207863E0
2.241468737E1,-1.073909283E0,7.396330684E-2,-1.516865373E0
2.242462738E1,-1.048002362E0,1.179241091E-1,-1.500865102E0
2.243456837E1,-1.019944549E0,1.480688751E-1,-1.497475266E0
2.244450837E1,-9.806698561E-1,1.749747694E-1,-1.506728172E0
2.245444838E1,-9.420546889E-1,2.022059411E-1,-1.519054055E0
2.246438837E1,-9.003275037E-1,2.231282741E-1,-1.524905562E0
2.247432788E1,-8.625844717E-1,2.348092943E-1,-1.522498131E0
2.248426787E1,-8.369438648E-1,2.258709222E-1,-1.505547285E0
2.249420787E1,-8.071710467E-1,2.052057385E-1,-1.468776464E0
2.250414788E1,-7.853267193E-1,1.670271903E-1,-1.433730006E0
2.251408888E1,-7.695630789E-1,9.977137297E-2,-1.408200502E0
2.252402887E1,-7.417138815E-1,2.601406351E-2,-1.390908957E0
2.253396888E1,-6.843219995E-1,-1.201576181E-2,-1.371703029E0
2.254390887E1,-6.331376433E-1,-5.949885771E-2,-1.353030324E0
2.255384887E1,-6.044967771E-1,-1.008123085E-1,-1.331865788E0
2.256378888E1,-5.604792237E-1,-1.151603535E-1,-1.296638608E0
2.257372887E1,-5.086192489E-1,-1.245863736E-1,-1.260689974E0
2.258366887E1,-4.630222023E-1,-1.491042376E-1,-1.227434278E0
2.259360988E1,-4.456076920E-1,-2.046625167E-1,-1.195823073E0
2.260354987E1,-4.481094778E-1,-2.295992970E-1,-1.148610830E0
2.261348987E1,-4.465119541E-1,-2.025976479E-1,-1.067519665E0
2.262342988E1,-4.383189976E-1,-1.680692285E-1,-9.610313773E-1
2.263336987E1,-4.245641232E-1,-1.174752116E-1,-8.483604789E-1
2.264330987E1,-3.961015642E-1,-3.140637279E-2,-7.643880844E-1
2.265324988E1,-3.559094369E-1,8.001953363E-2,-7.118079066E-1
2.266319087E1,-3.238556385E-1,2.084637880E-1,-6.704034805E-1
2.267313087E1,-2.953497469E-1,3.444774747E-1,-6.300876737E-1
2.268307088E1,-2.732923925E-1,4.435305595E-1,-5.815696716E-1
2.269301087E1,-2.649333477E-1,4.849868715E-1,-5.342673063E-1
2.270295087E1,-2.739316523E-1,4.777387977E-1,-4.935885370E-1
2.271289088E1,-3.028324246E-1,4.368223548E-1,-4.530479014E-1
2.272283087E1,-3.166369200E-1,3.709453344E-1,-4.244261086E-1
2.273277088E1,-3.106289208E-1,2.451096922E-1,-4.027868807E-1
2.274271188E1,-2.867616713E-1,7.674916089E-2,-3.857415915E-1
2.275265187E1,-2.348834872E-1,-4.977384955E-2,-3.645384312E-1
2.276259187E1,-1.503297240E-1,-1.245303750E-1,-3.329235315E-1
2.277253188E1,-7.785294205E-2,-2.037964016E-1,-3.167976141E-1
2.278247187E1,-4.431894794E-2,-2.635164559E-1,-3.098060191E-1
2.279241188E1,-3.053460456E-2,-2.621149719E-1,-3.213860393E-1
2.280235187E1,-3.506437317E-2,-2.247854471E-1,-3.289904296E-1
2.281229187E1,-7.985634357E-2,-1.974513084E-1,-3.080137670E-1
2.282223287E1,-1.308177859E-1,-1.415411681E-1,-2.397218049E-1
2.283217288E1,-1.612403393E-1,-5.466980487E-2,-1.421476305E-1
2.284211287E1,-1.599529684E-1,5.297303200E-2,-6.123786047E-2
2.285205288E1,-1.350839138E-1,1.544092447E-1,-1.064948365E-2
2.286199287E1,-1.110717878E-1,2.281060964E-1,1.810786314E-2
2.287193287E1,-9.634459019E-2,2.716240883E-1,1.491125394E-2
2.288187288E1,-6.992443651E-2,3.014637232E-1,-1.680962741E-4
2.289181287E1,-4.700607806E-2,3.143766820E-1,-1.815555617E-2
2.290175387E1,-1.863116026E-2,2.873003483E-1,-2.542811632E-2
2.291169388E1,1.167969219E-2,2.356203198E-1,-2.445438504E-2
2.292163387E1,3.310455754E-2,1.636686325E-1,-1.278814208E-2
2.293157387E1,4.335098714E-2,9.851320088E-2,-1.087807585E-2
2.294151388E1,5.247071385E-2,4.661671817E-2,-8.372041397E-3
2.295145387E1,3.852408379E-2,-2.175536007E-2,-1.528972574E-2
2.296139387E1,1.893120818E-2,-8.818844706E-2,-2.887637354E-2
2.297133488E1,2.748369426E-2,-8.343011141E-2,-3.615846112E-2
2.298127487E1,4.966169968E-2,-6.747271866E-2,-2.888749912E-2
2.299121487E1,7.656344026E-2,-3.541373834E-2,-6.652031094E-3
2.300115488E1,8.251800388E-2,-2.247024328E-2,7.150599733E-3
2.301109487E1,1.689265296E-2,-2.748193964E-2,-4.491563886E-3
2.302103487E1,-7.874704897E-2,-3.857506812E-2,-5.060686171E-2
2.303097488E1,-1.266551912E-1,-5.444716662E-2,-9.479688108E-2
2.304091487E1,-1.237398162E-1,-1.031981930E-1,-1.080303937E-1
2.305085587E1,-9.569168091E-2,-1.616821885E-1,-7.400657237E-2
2.306079588E1,-4.569428787E-2,-1.783210933E-1,-7.160162553E-3
2.307073587E1,6.512363441E-3,-1.458546817E-1,3.721847013E-2
2.308067587E1,3.900745884E-2,-7.364547998E-2,4.251949117E-2
2.309061588E1,6.777571887E-2,3.950158507E-2,1.241725124E-2
2.310055587E1,1.064187214E-1,1.991152167E-1,-1.344337407E-2
2.311049588E1,1.335634142E-1,3.496075869E-1,-1.689617708E-2
2.312043587E1,9.832022339E-2,4.318971336E-1,1.206927001E-3
2.313037687E1,3.344526514E-2,4.782842100E-1,2.902875096E-2
2.314031687E1,9.445124306E-3,5.297442079E-1,3.511993214E-2
2.315025688E1,-1.641699113E-3,4.782037437E-1,7.962739095E-3
2.316019687E1,-4.156115279E-2,3.294286430E-1,-3.931050003E-2
2.317013688E1,-8.150874823E-2,1.932275146E-1,-6.322413683E-2
2.318007687E1,-1.308011860E-1,-7.411306724E-3,-6.629928946E-2
2.319001687E1,-1.759320945E-1,-2.932870388E-1,-8.856726438E-2
2.319995787E1,-1.855498403E-1,-5.841761231E-1,-1.314348429E-1
2.320989788E1,-1.199260950E-1,-7.943732142E-1,-1.716237068E-1
2.321983787E1,-5.051540211E-4,-8.960481882E-1,-1.781716347E-1
2.322977788E1,1.220345050E-1,-8.885475397E-1,-1.580581218E-1
2.323971787E1,1.944322586E-1,-7.581727505E-1,-1.199999377E-1
2.324965787E1,2.114237845E-1,-4.976702929E-1,-8.233477920E-2
2.325959788E1,1.894239336E-1,-1.154566109E-1,-5.086952820E-2
2.326953787E1,1.568547338E-1,3.010330498E-1,-2.145925537E-2
2.327947887E1,9.357775748E-2,6.529910564E-1,6.835501175E-3
2.328941888E1,-2.776074409E-2,8.614603281E-1,2.418608963E-2
2.329935887E1,-1.586979926E-1,9.652857780E-1,3.075104952E-2
2.330929887E1,-2.392298430E-1,9.553529620E-1,2.572965808E-2
2.331923888E1,-2.328694165E-1,8.077602983E-1,2.583938092E-2
2.332917887E1,-1.450350881E-1,5.420547128E-1,2.028635889E-2
2.333911888E1,-1.084906533E-1,6.640909612E-2,-1.395576727E-2
2.334905887E1,-1.804206967E-1,-3.740958869E-1,-8.325596899E-2
2.335899987E1,-1.842676252E-1,-6.053541899E-1,-1.685516834E-1
2.336893987E1,-9.243436903E-2,-7.784526348E-1,-2.463076711E-1
2.337887988E1,5.032038689E-2,-9.542254806E-1,-2.649532557E-1
2.338881987E1,1.613285691E-1,-1.011649609E0,-2.099678665E-1
2.339875988E1,1.837366670E-1,-8.696251512E-1,-1.247395203E-1
2.340869987E1,1.567728817E-1,-5.359385610E-1,-5.847435817E-2
2.341863987E1,1.133843958E-1,-1.056969240E-1,-2.483037487E-2
2.342858087E1,8.201856911E-2,3.027971685E-1,-6.022192538E-3
2.343852088E1,1.832959987E-2,5.730563402E-1,3.054540604E-2
2.344846087E1,-8.917447925E-2,7.167971730E-1,6.559301168E-2
2.345840088E1,-1.776236445E-1,7.807468772E-1,8.139993995E-2
2.346834087E1,-1.963425726E-1,7.743869424E-1,7.173949480E-2
2.347828187E1,-1.281190366E-1,6.348455548E-1,5.633949861E-2
2.348822187E1,1.553195529E-3,3.872380555E-1,2.635702118E-2
2.349816188E1,-2.538547851E-2,-3.463009000E-2,-2.283475921E-2
2.350810287E1,-1.466882974E-1,-3.534053564E-1,-8.264246583E-2
2.351804287E1,-1.428317726E-1,-4.882308245E-1,-1.523555070E-1
2.352798288E1,-3.341632336E-2,-6.261756420E-1,-2.121312320E-1
2.353792287E1,9.597389400E-2,-7.632344365E-1,-2.000537962E-1
2.354786287E1,1.846978962E-1,-7.679029703E-1,-1.344036907E-1
2.355780288E1,2.021525204E-1,-5.869885683E-1,-6.773597002E-2
2.356774287E1,1.773695052E-1,-2.709319293E-1,-4.015951604E-2
2.357768288E1,1.342321485E-1,1.015425697E-1,-3.813551366E-2
2.358762388E1,1.076280624E-1,4.521487355E-1,-3.564864025E-2
2.359756387E1,7.555348426E-2,7.158296108E-1,-2.317013219E-2
2.360750387E1,-1.593161002E-2,8.440653086E-1,-4.085072316E-3
2.361744388E1,-1.067233011E-1,8.846332431E-1,1.059054304E-2
2.362738387E1,-1.555100083E-1,8.228959441E-1,1.614863798E-2
2.363732388E1,-1.334553063E-1,6.382107735E-1,-1.749405637E-4
2.364726387E1,-4.021439329E-2,3.623073995E-1,-3.023747355E-2
2.365720487E1,-1.435163617E-2,3.710314631E-4,-7.192819566E-2
2.366714487E1,-7.750894874E-2,-2.808959484E-1,-1.161795855E-1
2.367708488E1,-1.191317514E-1,-4.384602606E-1,-1.583571285E-1
2.368702487E1,-8.273886144E-2,-5.494357347E-1,-1.915379912E-1
2.369696488E1,-1.161435060E-2,-6.338161826E-1,-1.915829927E-1
2.370690487E1,3.763779253E-2,-6.058759093E-1,-1.402592063E-1
2.371684487E1,4.733090103E-2,-4.374051392E-1,-6.445738673E-2
2.372678488E1,2.980703488E-2,-1.913884580E-1,-6.974916905E-3
2.373672588E1,9.348630905E-3,8.095359802E-2,1.715172455E-2
2.374666587E1,3.588214051E-3,3.451240063E-1,3.071147576E-2
2.375660588E1,-1.901163720E-2,5.089968443E-1,3.330352902E-2
2.376654587E1,-7.042495161E-2,5.601945519E-1,4.640802369E-2
2.377648587E1,-1.254770160E-1,4.904184043E-1,4.911379516E-2
2.378642588E1,-1.327064484E-1,3.488183022E-1,2.799991146E-2
2.379636587E1,-5.957470462E-2,1.731988192E-1,-9.819390252E-4
2.380630587E1,7.511077821E-2,-3.509172797E-2,-4.571648315E-2
2.381624688E1,5.021927878E-2,-3.316773176E-1,-9.271062911E-2
2.382618687E1,-6.639486551E-2,-4.638915956E-1,-1.021903753E-1
2.383612687E1,-1.155568138E-1,-4.581133425E-1,-1.061856598E-1
2.384606688E1,-7.074061781E-2,-4.610263109E-1,-1.100440323E-1
2.385600687E1,4.977312405E-3,-4.875662923E-1,-9.821373224E-2
2.386594687E1,6.486700475E-2,-4.016993940E-1,-5.827385187E-2
2.387588688E1,8.358903229E-2,-1.939368844E-1,-9.427214973E-3
2.388582787E1,6.765604019E-2,5.914745852E-2,2.597398125E-2
2.389576787E1,6.482297182E-2,3.237705827E-1,4.739432037E-2
2.390570788E1,6.969416142E-2,5.304280519E-1,5.911452696E-2
2.391564787E1,1.335658785E-2,6.054045558E-1,6.732026488E-2
2.392558787E1,-6.805720925E-2,5.445154309E-1,6.547111273E-2
2.393552788E1,-1.129855365E-1,3.894649148E-1,4.803220555E-2
2.394546787E1,-6.505087018E-2,2.041511685E-1,1.739824191E-2
2.395540788E1,8.648246527E-2,-4.690471105E-3,-2.483256906E-2
2.396534888E1,8.186259121E-2,-3.495663106E-1,-7.496634126E-2
2.397528887E1,-5.137163028E-2,-5.317164063E-1,-9.785728157E-2
2.398522887E1,-1.096604913E-1,-5.140736699E-1,-1.073186100E-1
2.399516888E1,-7.179726660E-2,-4.957492948E-1,-1.228115559E-1
2.400510887E1,-1.017189398E-2,-5.404195786E-1,-1.060980707E-1
2.401504888E1,3.211643919E-2,-4.716679752E-1,-5.588896200E-2
2.402498887E1,4.614090919E-2,-2.605041564E-1,1.323357318E-2
2.403492987E1,3.026500717E-2,1.057261787E-2,5.198123306E-2
2.404486987E1,3.013255447E-2,2.739187479E-1,6.759604067E-2
2.405480988E1,2.480277047E-2,4.592470527E-1,7.387816906E-2
2.406474987E1,-2.224596217E-2,5.359979272E-1,7.723152637E-2
2.407468988E1,-7.072720677E-2,5.327267647E-1,7.343066484E-2
2.408462987E1,-9.528146684E-2,4.324961603E-1,5.633230880E-2
2.409456987E1,-7.370959222E-2,2.341378033E-1,2.536533773E-2
2.410450988E1,3.560853377E-2,2.914923429E-2,-1.635104045E-2
2.411445088E1,5.569462851E-2,-2.777249515E-1,-7.909138501E-2
2.412439087E1,-3.333802521E-2,-4.719730318E-1,-1.229795143E-1
2.413433088E1,-7.075276971E-2,-5.045126081E-1,-1.330944747E-1
2.414427087E1,-5.434175581E-2,-5.605635047E-1,-1.455210894E-1
2.415421087E1,-8.694911376E-3,-6.198585033E-1,-1.501672417E-1
2.416415088E1,3.504698351E-2,-5.576936603E-1,-1.237785369E-1
2.417409087E1,4.900008440E-2,-3.832901716E-1,-7.474067807E-2
2.418403088E1,4.011186212E-2,-1.356220096E-1,-2.457590215E-2
2.419397188E1,1.764330268E-2,9.668872505E-2,1.048061810E-2
2.420391187E1,-1.793820225E-2,2.816577256E-1,3.724682704E-2
2.421385187E1,-2.597535774E-2,4.510816336E-1,7.562137395E-2
2.422379188E1,-3.788999468E-2,5.182034373E-1,9.720698744E-2
2.423373187E1,-7.682061195E-2,4.802971184E-1,1.014328897E-1
2.424367188E1,-9.718953073E-2,3.663991094E-1,8.991719782E-2
2.425361187E1,-9.337215871E-2,1.799472123E-1,6.738019735E-2
2.426355187E1,-6.364576519E-2,-2.991046757E-2,4.484971240E-2
2.427349287E1,-4.168454558E-2,-2.341485620E-1,4.824151471E-2
2.428343288E1,-6.724361330E-2,-4.064091444E-1,8.518403769E-2
2.429337287E1,-1.004617512E-1,-4.811899066E-1,1.501835436E-1
2.430331288E1,-1.325797439E-1,-4.559108317E-1,2.250860929E-1
2.431325287E1,-1.719625592E-1,-3.706310987E-1,3.110598624E-1
2.432319287E1,-2.031014413E-1,-2.454470396E-1,3.977057636E-1
2.433313288E1,-2.317040563E-1,-1.152621359E-1,4.889355302E-1
2.434307388E1,-2.825858593E-1,1.901900396E-2,5.730419159E-1
2.435301387E1,-3.396291733E-1,1.420546472E-1,6.483425498E-1
2.436295388E1,-3.987349868E-1,2.316179574E-1,7.200525999E-1
2.437289387E1,-4.610926509E-1,2.770168483E-1,7.865160704E-1
2.438283387E1,-5.201362371E-1,2.668414414E-1,8.569955826E-1
2.439277388E1,-5.732457638E-1,2.242425680E-1,9.174791574E-1
2.440271387E1,-6.121170521E-1,1.637393832E-1,9.725294113E-1
2.441265387E1,-6.463282704E-1,9.719657153E-2,1.012938142E0
2.442259488E1,-6.748238802E-1,1.257757936E-2,1.038254857E0
2.443253487E1,-7.074624896E-1,-7.831770927E-2,1.064791203E0
2.444247487E1,-7.363328338E-1,-1.646559387E-1,1.088976741E0
2.445241488E1,-7.615202069E-1,-2.259459198E-1,1.124214292E0
2.446235487E1,-7.852378488E-1,-2.618236840E-1,1.162684202E0
2.447229496E1,-8.092718124E-1,-2.759760022E-1,1.202955127E0
2.448223496E1,-8.489531279E-1,-2.869446576E-1,1.240240216E0
2.449217596E1,-8.977193236E-1,-2.878008485E-1,1.270370126E0
2.450211596E1,-9.516985416E-1,-2.671043575E-1,1.288066506E0
2.451205596E1,-1.003073573E0,-2.290456593E-1,1.307626963E0
2.452199596E1,-1.046124339E0,-1.820690185E-1,1.331073642E0
2.453193596E1,-1.083513975E0,-1.448878348E-1,1.357416034E0
2.454187596E1,-1.125172377E0,-1.132272258E-1,1.379387379E0
2.455181596E1,-1.160917044E0,-8.489012718E-2,1.389718890E0
2.456175596E1,-1.195791960E0,-4.571888223E-2,1.392780423E0
2.457169696E1,-1.217520595E0,-1.844598167E-2,1.394984484E0
2.458163696E1,-1.232492924E0,-1.331034116E-2,1.399254084E0
2.459157696E1,-1.247574091E0,-2.282741293E-2,1.417793393E0
2.460151696E1,-1.261275887E0,-2.952360921E-2,1.443354964E0
2.461145696E1,-1.283088684E0,-2.888152190E-2,1.467171550E0
2.462139696E1,-1.302765489E0,-3.041479923E-2,1.491561890E0
2.463133696E1,-1.327317119E0,-2.235713974E-2,1.508613944E0
2.464127696E1,-1.349099755E0,-8.012385108E-3,1.522942424E0
2.465121796E1,-1.374234915E0,1.536936965E-2,1.537577033E0
2.466115796E1,-1.385459304E0,3.638800606E-2,1.558041573E0
2.467109796E1,-1.382622242E0,5.993700773E-2,1.573855758E0
2.468103796E1,-1.369516492E0,8.344563097E-2,1.584623098E0
2.469097796E1,-1.367930889E0,1.101645902E-1,1.589384198E0
2.470091796E1,-1.367621183E0,1.334477961E-1,1.597316027E0
2.471085796E1,-1.371767759E0,1.469263136E-1,1.611189246E0
2.472079896E1,-1.386432648E0,1.510864645E-1,1.626278639E0
2.473073896E1,-1.401929379E0,1.616650820E-1,1.635976791E0
2.474067896E1,-1.415832520E0,1.760734469E-1,1.644055486E0
2.475061896E1,-1.427176237E0,1.992349625E-1,1.647415876E0
2.476055896E1,-1.437830567E0,2.104435563E-1,1.655629873E0
2.477049896E1,-1.444268227E0,2.141227126E-1,1.657001972E0
2.478043896E1,-1.444530368E0,2.195460796E-1,1.651764035E0
2.479037896E1,-1.439376593E0,2.215442508E-1,1.646169543E0
2.480031996E1,-1.432651997E0,2.185803950E-1,1.645113230E0
2.481025996E1,-1.426204443E0,2.098548263E-1,1.647271395E0
2.482019996E1,-1.412353635E0,1.997734308E-1,1.642946482E0
2.483013996E1,-1.402229667E0,2.058696747E-1,1.630135894E0
2.484007996E1,-1.379499912E0,2.243865132E-1,1.613101006E0
2.485001996E1,-1.367466450E0,2.315930277E-1,1.594340324E0
2.485995996E1,-1.359812379E0,2.324845791E-1,1.571539283E0
2.486989996E1,-1.350655079E0,2.351392061E-1,1.558401108E0
2.487984096E1,-1.343933225E0,2.417534441E-1,1.543834567E0
2.488978096E1,-1.342266679E0,2.550293207E-1,1.528052211E0
2.489972096E1,-1.344369411E0,2.858476639E-1,1.513455033E0
2.490966096E1,-1.342754722E0,3.069361746E-1,1.495970249E0
2.491960096E1,-1.333434582E0,3.376501501E-1,1.479974627E0
2.492954096E1,-1.323819518E0,3.705484569E-1,1.467554688E0
2.493948096E1,-1.323622704E0,3.986884058E-1,1.459284306E0
2.494942196E1,-1.324920177E0,4.339784682E-1,1.447399616E0
2.495936196E1,-1.336552024E0,4.670689702E-1,1.439140320E0
2.496930196E1,-1.344532490E0,4.847925603E-1,1.430254102E0
2.497924196E1,-1.340218782E0,4.900497794E-1,1.419888854E0
2.498918196E1,-1.335713267E0,4.733221829E-1,1.412352681E0
2.499912196E1,-1.336692572E0,4.433680177E-1,1.409540534E0
2.500906196E1,-1.341835976E0,4.163028300E-1,1.410809040E0
2.501900196E1,-1.356438160E0,3.964481652E-1,1.408025622E0
2.502894296E1,-1.367887855E0,4.011611640E-1,1.408513308E0
2.503888296E1,-1.380644917E0,4.147968292E-1,1.411656857E0
2.504882296E1,-1.396277428E0,4.312157333E-1,1.422000885E0
2.505876296E1,-1.406876087E0,4.521780610E-1,1.424676418E0
2.506870296E1,-1.415804625E0,4.867578745E-1,1.424637079E0
2.507864296E1,-1.430269957E0,5.107761025E-1,1.414835691E0
2.508858296E1,-1.437486053E0,5.214332342E-1,1.393715024E0
2.509852396E1,-1.433322549E0,5.264855623E-1,1.368960500E0
2.510846396E1,-1.419922590E0,5.193253756E-1,1.340382934E0
2.511840396E1,-1.410155535E0,5.008249879E-1,1.320470452E0
2.512834396E1,-1.398829579E0,4.925050139E-1,1.303563356E0
2.513828396E1,-1.385232091E0,4.952897727E-1,1.293877602E0
2.514822396E1,-1.374579906E0,4.955880344E-1,1.285478354E0
2.515816396E1,-1.364906907E0,5.044443011E-1,1.282639980E0
2.516810396E1,-1.360746741E0,5.187625289E-1,1.275058508E0
2.517804496E1,-1.344884038E0,5.385091901E-1,1.258193851E0
2.518798496E1,-1.328956723E0,5.622131824E-1,1.231938720E0
2.519792496E1,-1.304389715E0,5.705471635E-1,1.202608347E0
2.520786496E1,-1.278521061E0,5.611909032E-1,1.168515086E0
2.521780496E1,-1.245556831E0,5.550422668E-1,1.138735175E0
2.522774496E1,-1.215017915E0,5.578595996E-1,1.112045884E0
2.523768496E1,-1.178340316E0,5.639304519E-1,1.086181641E0
2.524762496E1,-1.140454173E0,5.658399463E-1,1.067540050E0
2.525756596E1,-1.113182783E0,5.683839917E-1,1.052441835E0
2.526750596E1,-1.086899519E0,5.592895746E-1,1.038092971E0
2.527744596E1,-1.058488488E0,5.459702611E-1,1.029380322E0
2.528738596E1,-1.017708778E0,5.255310535E-1,1.024483800E0
2.529732596E1,-9.730529189E-1,5.027970672E-1,1.013703346E0
2.530726596E1,-9.303813577E-1,4.826390147E-1,1.002346635E0
2.531720596E1,-8.879901767E-1,4.719110727E-1,9.814938903E-1
2.532714596E1,-8.530990481E-1,4.639247656E-1,9.585446119E-1
2.533708696E1,-8.132660389E-1,4.517717063E-1,9.377472997E-1
2.534702696E1,-7.754228115E-1,4.296919703E-1,9.149844646E-1
2.535696696E1,-7.356135845E-1,4.190126359E-1,8.863890767E-1
2.536690696E1,-6.934235096E-1,4.129536748E-1,8.500962853E-1
2.537684696E1,-6.587875485E-1,3.881308734E-1,8.082278371E-1
2.538678696E1,-6.132022142E-1,3.543635905E-1,7.611780763E-1
2.539672696E1,-5.710629821E-1,3.080613911E-1,7.065763474E-1
2.540666796E1,-5.307672620E-1,2.611287534E-1,6.587195992E-1
2.541660796E1,-4.889933169E-1,2.356682122E-1,6.165984273E-1
2.542654796E1,-4.512070715E-1,2.145181745E-1,5.789405107E-1
2.543648796E1,-4.157226086E-1,2.125715464E-1,5.420915484E-1
2.544642796E1,-3.852411509E-1,2.246942520E-1,5.088095069E-1
2.545636796E1,-3.661125302E-1,2.305465788E-1,4.853246212E-1
2.546630796E1,-3.486089110E-1,2.275657058E-1,4.598650932E-1
2.547624708E1,-3.286703229E-1,2.203973532E-1,4.376357198E-1
2.548618808E1,-3.075879514E-1,2.032612264E-1,4.093191326E-1
2.549612808E1,-2.847566605E-1,1.765712500E-1,3.835213482E-1
2.550606808E1,-2.617477477E-1,1.519724280E-1,3.663015962E-1
2.551600808E1,-2.380949855E-1,1.273874044E-1,3.450238705E-1
2.552594808E1,-2.126101404E-1,1.117575765E-1,3.239358962E-1
2.553588808E1,-1.991583258E-1,1.095821932E-1,3.089956045E-1
2.554582808E1,-1.831399500E-1,1.149769574E-1,2.923601866E-1
2.555576808E1,-1.688329875E-1,1.146871746E-1,2.806552052E-1
2.556570908E1,-1.573774070E-1,1.121973842E-1,2.657188773E-1
2.557564908E1,-1.394906491E-1,1.080353558E-1,2.477948517E-1
2.558558908E1,-1.203028411E-1,1.086862311E-1,2.281143665E-1
2.559552908E1,-1.086797416E-1,1.096659452E-1,2.095973492E-1
2.560546908E1,-9.673466533E-2,1.075042561E-1,1.975076646E-1
2.561540908E1,-9.138064086E-2,9.696896374E-2,1.884858459E-1
2.562534908E1,-8.279887587E-2,9.624698013E-2,1.783527881E-1
2.563529008E1,-6.883724779E-2,9.621421248E-2,1.618981659E-1
2.564523008E1,-6.024003029E-2,9.665416926E-2,1.452954859E-1
2.565517008E1,-5.509418622E-2,1.044097692E-1,1.310140491E-1
2.566511008E1,-4.803121462E-2,1.099526063E-1,1.180910617E-1
2.567505008E1,-4.549029097E-2,1.083253175E-1,1.048960686E-1
2.568499008E1,-4.569775239E-2,1.007454321E-1,8.928382397E-2
2.569493008E1,-5.625283718E-2,9.211541712E-2,7.674837112E-2
2.570487008E1,-6.362873316E-2,8.524259180E-2,7.110513002E-2
2.571481108E1,-6.599734724E-2,8.632347733E-2,6.997904927E-2
2.572475108E1,-7.409068942E-2,8.396897465E-2,7.233515382E-2
2.573469108E1,-7.502181828E-2,7.885888219E-2,7.421310246E-2
2.574463108E1,-7.349476218E-2,7.299886644E-2,7.672605664E-2
2.575457108E1,-7.282809168E-2,7.218734175E-2,7.528691739E-2
2.576451108E1,-7.138332725E-2,7.448271662E-2,7.659639418E-2
2.577445108E1,-6.998817623E-2,8.163902164E-2,7.449146360E-2
2.578439108E1,-7.553367317E-2,9.459637105E-2,7.524061203E-2
2.579433208E1,-7.786776125E-2,1.004844978E-1,8.447171748E-2
2.580427208E1,-7.955566794E-2,1.002120599E-1,8.473883569E-2
2.581421208E1,-7.611133903E-2,9.998985380E-2,8.639371395E-2
2.582415208E1,-7.176612318E-2,1.018982753E-1,8.566986769E-2
2.583409208E1,-6.507705897E-2,1.050685719E-1,8.306030929E-2
2.584403208E1,-6.198885292E-2,1.030147448E-1,8.449788392E-2
2.585397208E1,-5.696213245E-2,9.559987485E-2,8.379685134E-2
2.586391308E1,-4.629857093E-2,9.111351520E-2,7.503505051E-2
2.587385308E1,-3.715407103E-2,8.429776132E-2,6.799931824E-2
2.588379308E1,-3.179419041E-2,7.775145024E-2,6.223570555E-2
2.589373308E1,-2.593665384E-2,7.913652062E-2,5.637023225E-2
2.590367308E1,-2.080580965E-2,7.587175071E-2,5.111448467E-2
2.591361308E1,-2.221260965E-2,6.563708186E-2,4.784627631E-2
2.592355308E1,-1.976223476E-2,5.103576556E-2,4.162832722E-2
2.593349308E1,-1.291104686E-2,4.498710483E-2,3.182533383E-2
2.594343408E1,-1.452625450E-2,3.597603366E-2,1.975828782E-2
2.595337408E1,-1.283745281E-2,2.498812042E-2,1.176651660E-2
2.596331408E1,-8.966282010E-3,1.355064288E-2,4.406870808E-3
2.597325408E1,-1.053415705E-3,6.777649745E-3,-1.096591353E-2
2.598319408E1,-1.986054704E-3,5.503593013E-3,-2.051654086E-2
2.599313408E1,-1.983213238E-3,-3.111408558E-3,-2.491371892E-2
2.600307408E1,9.778095409E-5,-6.007596385E-3,-2.552251704E-2
2.601301408E1,-6.144288927E-4,-6.976596545E-3,-2.181270346E-2
2.602295508E1,-6.419054698E-3,-8.450656198E-3,-1.664829999E-2
2.603289508E1,-6.090519018E-3,-1.020506211E-2,-1.058987528E-2
2.604283508E1,-4.531238228E-3,-5.150382407E-3,-1.184369065E-2
2.605277508E1,-1.646425575E-3,6.467532367E-4,-1.027077902E-2
2.606271508E1,9.075459093E-4,3.683289513E-3,-3.968407400E-3
2.607265508E1,2.848468954E-3,3.510960378E-3,4.046091344E-3
2.608259508E1,4.905760754E-3,3.726676106E-3,8.732189424E-3
2.609253508E1,3.580218181E-3,9.413911961E-3,8.669041097E-3
2.610247608E1,-5.708509125E-4,1.388669107E-2,1.194792520E-2
2.611241608E1,-8.491622284E-3,1.925020479E-2,1.526213437E-2
2.612235608E1,-1.109086722E-2,2.516455390E-2,1.620436087E-2
2.613229608E1,-1.462674327E-2,3.053569421E-2,2.152623236E-2
2.614223608E1,-1.224987209E-2,3.192320094E-2,1.592320949E-2
2.615217608E1,-1.232958585E-2,2.672271803E-2,1.532937028E-2
2.616211608E1,-1.336235926E-2,2.218309417E-2,1.638877578E-2
2.617205708E1,-1.247890480E-2,1.097380463E-2,1.436322276E-2
2.618199708E1,-1.836742088E-2,3.992593847E-3,1.524579525E-2
2.619193708E1,-2.207474597E-2,-9.360336699E-4,1.236122102E-2
2.620187708E1,-1.985952817E-2,-3.288403619E-3,1.275936328E-2
2.621181708E1,-1.997224800E-2,-6.408096757E-3,1.274244115E-2
2.622175708E1,-1.659189910E-2,-9.538110346E-3,1.076317951E-2
2.623169708E1,-7.671361789E-3,-1.189823449E-2,4.034403246E-3
2.624163708E1,-4.358198494E-4,-1.183751412E-2,-2.288740128E-3
2.625157808E1,-1.793508418E-3,-1.071452536E-2,-7.519248873E-3
2.626151808E1,-7.823437452E-3,-1.824461296E-2,-8.181843907E-3
2.627145808E1,-6.902698893E-3,-1.928427070E-2,-7.136818022E-4
2.628139808E1,-1.275233179E-2,-1.622642949E-2,-1.850319095E-3
2.629133808E1,-1.513257436E-2,-1.789798215E-2,-2.350789495E-3
2.630127808E1,-1.768068597E-2,-2.334867418E-2,5.223506596E-3
2.631121808E1,-1.846799999E-2,-2.363855764E-2,1.222447120E-2
2.632115808E1,-1.643840596E-2,-2.617362142E-2,1.375791896E-2
2.633109908E1,-1.143991202E-2,-2.728772722E-2,1.741139963E-2
2.634103908E1,-9.065704420E-3,-2.958710119E-2,1.314927638E-2
2.635097908E1,-6.343246438E-3,-2.911458723E-2,1.323368214E-2
2.636091908E1,3.343638964E-4,-2.380051464E-2,1.163019333E-2
2.637085908E1,2.855925821E-3,-1.471305080E-2,7.596351206E-3
2.638079908E1,4.526526667E-3,-6.790679414E-3,5.567288958E-3
2.639073908E1,1.151750796E-2,-1.538258977E-3,1.936647110E-3
2.640068008E1,1.694289967E-2,1.152865589E-3,-6.950854324E-3
2.641062008E1,2.034978196E-2,2.525895834E-3,-1.001021359E-2
2.642056008E1,2.813473530E-2,-1.791620627E-3,-1.026507746E-2
2.643050008E1,2.812729403E-2,-7.253981661E-3,-5.697178654E-3
2.644044008E1,2.853076160E-2,-9.637776762E-3,-8.401353844E-3
2.645038008E1,2.982195094E-2,-7.584620733E-3,-1.074045431E-2
2.646032008E1,3.015165031E-2,-1.048586797E-2,-7.861576043E-3
2.647026008E1,3.430999815E-2,-1.432114467E-2,-6.423705257E-3
2.648020125E1,3.467245400E-2,-8.757534437E-3,-8.767551742E-3
2.649014125E1,3.692815080E-2,-8.793846704E-3,-1.124678366E-2
2.650008125E1,4.111623764E-2,-1.115527190E-2,-1.410275698E-2
2.651002125E1,4.097312689E-2,-9.344497696E-3,-1.264281012E-2
2.651996125E1,4.166821390E-2,-8.018776774E-3,-1.277277246E-2
2.652990125E1,4.179987311E-2,-7.443889976E-3,-1.366892830E-2
2.653984125E1,3.926188126E-2,-7.234033197E-3,-1.495044120E-2
2.654978125E1,3.610114381E-2,-9.183207527E-3,-1.823208109E-2
2.655972225E1,3.893261403E-2,-1.029214729E-2,-2.294694260E-2
2.656966225E1,3.561654314E-2,-1.404674537E-2,-2.798056975E-2
2.657960225E1,3.061113320E-2,-1.843137294E-2,-3.559481353E-2
2.658954225E1,3.336856887E-2,-2.305374295E-2,-4.144117236E-2
2.659948225E1,3.189211339E-2,-2.688230202E-2,-5.566324666E-2
2.660942225E1,3.772611544E-2,-3.175903112E-2,-6.914110482E-2
2.661936225E1,4.433634877E-2,-3.786113486E-2,-8.964052051E-2
2.662930225E1,5.190904066E-2,-4.373623803E-2,-1.182949618E-1
2.663924325E1,6.143197417E-2,-5.149376020E-2,-1.432181597E-1
2.664918325E1,7.642273605E-2,-5.532905087E-2,-1.790216714E-1
2.665912325E1,8.572196215E-2,-5.720471591E-2,-2.142672837E-1
2.666906325E1,9.861273319E-2,-5.592641979E-2,-2.493382245E-1
2.667900325E1,1.096832231E-1,-5.547741055E-2,-2.854584157E-1
2.668894325E1,1.241071746E-1,-6.075330824E-2,-3.248552382E-1
2.669888325E1,1.416640580E-1,-6.309902668E-2,-3.673478365E-1
2.670882425E1,1.642217487E-1,-7.156629860E-2,-4.123764336E-1
2.671876425E1,1.910248697E-1,-7.409204543E-2,-4.603577852E-1
2.672870425E1,2.216080725E-1,-8.487677574E-2,-5.146178603E-1
2.673864425E1,2.576001585E-1,-9.502555430E-2,-5.622417927E-1
2.674858425E1,2.944858968E-1,-1.196535602E-1,-6.120681763E-1
2.675852425E1,3.302811682E-1,-1.419042647E-1,-6.604090929E-1
2.676846425E1,3.636502624E-1,-1.691916138E-1,-7.084582448E-1
2.677840425E1,3.994191587E-1,-1.863162667E-1,-7.540784478E-1
2.678834525E1,4.363866150E-1,-2.022907883E-1,-8.001431823E-1
2.679828525E1,4.733571410E-1,-2.180138230E-1,-8.422363400E-1
2.680822525E1,5.157790184E-1,-2.216455489E-1,-8.885560632E-1
2.681816525E1,5.621033311E-1,-2.299474180E-1,-9.331994057E-1
2.682810525E1,6.044659615E-1,-2.304285467E-1,-9.837937355E-1
2.683804525E1,6.487351656E-1,-2.416367233E-1,-1.029492736E0
2.684798525E1,6.880804300E-1,-2.442487329E-1,-1.075907350E0
2.685792525E1,7.227566242E-1,-2.541405261E-1,-1.118023753E0
2.686786625E1,7.551692724E-1,-2.548229396E-1,-1.159607887E0
2.687780625E1,7.835325003E-1,-2.392884642E-1,-1.208811164E0
2.688774625E1,8.047156334E-1,-2.171868235E-1,-1.262430549E0
2.689768625E1,8.411777616E-1,-2.097912133E-1,-1.319370985E0
2.690762625E1,8.843802214E-1,-2.203980684E-1,-1.380670190E0
2.691756625E1,9.215808511E-1,-2.257515639E-1,-1.445837736E0
2.692750625E1,9.558247328E-1,-2.270574570E-1,-1.516410828E0
2.693744725E1,9.875885248E-1,-2.415687591E-1,-1.584282875E0
2.694738725E1,1.023726583E0,-2.717893422E-1,-1.651539683E0
2.695732725E1,1.054572940E0,-3.055537045E-1,-1.718842864E0
2.696726725E1,1.086189270E0,-3.321217597E-1,-1.779128909E0
2.697720725E1,1.111392736E0,-3.439429998E-1,-1.828727126E0
2.698714725E1,1.130890489E0,-3.339926898E-1,-1.865797877E0
2.699708725E1,1.146301627E0,-3.214566708E-1,-1.905767441E0
2.700702725E1,1.169784188E0,-3.071449995E-1,-1.955423474E0
2.701696825E1,1.188047886E0,-2.981041074E-1,-2.001043797E0
2.702690825E1,1.207811475E0,-3.020046353E-1,-2.053828478E0
2.703684825E1,1.220743537E0,-2.935922444E-1,-2.103091717E0
2.704678825E1,1.217688799E0,-2.679393291E-1,-2.150065899E0
2.705672825E1,1.207116008E0,-2.395952940E-1,-2.186106443E0
2.706666825E1,1.208737493E0,-2.191677690E-1,-2.212047100E0
2.707660825E1,1.213979959E0,-2.196505964E-1,-2.220724583E0
2.708654825E1,1.211525440E0,-2.445042729E-1,-2.229425430E0
2.709648925E1,1.211267352E0,-2.942457199E-1,-2.252633810E0
2.710642925E1,1.226358891E0,-3.516666293E-1,-2.294396400E0
2.711636925E1,1.247651458E0,-4.059205353E-1,-2.350879908E0
2.712630925E1,1.262227178E0,-4.540858567E-1,-2.411783695E0
2.713624925E1,1.265832901E0,-4.961089492E-1,-2.468132973E0
2.714618925E1,1.258184195E0,-5.103814602E-1,-2.501074314E0
2.715612925E1,1.240399837E0,-5.066833496E-1,-2.517277002E0
2.716606925E1,1.217098713E0,-4.909122288E-1,-2.518929005E0
2.717601025E1,1.187377334E0,-4.464339912E-1,-2.521694183E0
2.718595025E1,1.151451111E0,-3.827649057E-1,-2.514936209E0
2.719589025E1,1.114539623E0,-3.122505248E-1,-2.491447449E0
2.720583025E1,1.078054190E0,-2.706676126E-1,-2.464248180E0
2.721577025E1,1.055685520E0,-2.435265183E-1,-2.449315548E0
2.722571025E1,1.032859325E0,-2.115830779E-1,-2.436880589E0
2.723565025E1,1.007873297E0,-1.826819330E-1,-2.432438135E0
2.724559125E1,9.829328656E-1,-1.869683564E-1,-2.414197445E0
2.725553125E1,9.549385309E-1,-2.097887099E-1,-2.398665190E0
2.726547125E1,9.366919994E-1,-2.481168211E-1,-2.379816771E0
2.727541125E1,9.154629111E-1,-2.941580713E-1,-2.375988007E0
2.728535125E1,8.962109089E-1,-3.401917517E-1,-2.383305788E0
2.729529125E1,8.850359917E-1,-3.732935190E-1,-2.387298346E0
2.730523125E1,8.737177849E-1,-3.814008236E-1,-2.373820782E0
2.731517125E1,8.385424614E-1,-3.765813112E-1,-2.334040403E0
2.732511225E1,7.957013845E-1,-3.486502767E-1,-2.261552811E0
2.733505225E1,7.551690936E-1,-3.113183379E-1,-2.171736240E0
2.734499225E1,7.220538259E-1,-2.812450826E-1,-2.096850395E0
2.735493225E1,7.017381787E-1,-2.439302206E-1,-2.054286957E0
2.736487225E1,6.892573833E-1,-2.003462762E-1,-2.049242735E0
2.737481225E1,6.871103048E-1,-1.508290470E-1,-2.063184023E0
2.738475225E1,6.883779764E-1,-9.941652417E-2,-2.074410677E0
2.739469225E1,6.806252599E-1,-6.950309873E-2,-2.059817791E0
2.740463325E1,6.540774703E-1,-5.353720114E-2,-2.014665604E0
2.741457325E1,6.153178215E-1,-5.523150414E-2,-1.952225447E0
2.742451325E1,5.772727728E-1,-4.653873667E-2,-1.884419560E0
2.743445325E1,5.473950505E-1,-3.411642462E-2,-1.829446077E0
2.744439325E1,5.236923099E-1,-2.867937833E-2,-1.783774972E0
2.745433325E1,5.082614422E-1,-2.617307752E-2,-1.753188014E0
2.746427325E1,4.991953075E-1,-3.680519015E-2,-1.732540607E0
2.747421433E1,4.946498275E-1,-5.044110864E-2,-1.720241308E0
2.748415433E1,4.918269515E-1,-6.022240222E-2,-1.713598490E0
2.749409433E1,4.851562679E-1,-5.913796276E-2,-1.704416394E0
2.750403433E1,4.737768471E-1,-5.540583283E-2,-1.687058687E0
2.751397433E1,4.536180496E-1,-5.985650420E-2,-1.650757670E0
2.752391433E1,4.244928360E-1,-7.106754929E-2,-1.593047261E0
2.753385433E1,3.967139125E-1,-8.436737210E-2,-1.528522611E0
2.754379433E1,3.713557720E-1,-1.072035730E-1,-1.469102383E0
2.755373533E1,3.550494909E-1,-1.161730960E-1,-1.431897759E0
2.756367533E1,3.464346826E-1,-1.310852021E-1,-1.417645574E0
2.757361533E1,3.432178497E-1,-1.333440840E-1,-1.412588835E0
2.758355533E1,3.494179547E-1,-1.570420265E-1,-1.419897079E0
2.759349533E1,3.540835679E-1,-1.932623386E-1,-1.426667690E0
2.760343533E1,3.579590917E-1,-2.199232578E-1,-1.423946381E0
2.761337533E1,3.508900106E-1,-2.308616638E-1,-1.395566106E0
2.762331533E1,3.454483449E-1,-2.390096784E-1,-1.327049375E0
2.763325633E1,3.485844731E-1,-2.450705022E-1,-1.234956264E0
2.764319633E1,3.622438312E-1,-2.364300489E-1,-1.136257887E0
2.765313633E1,3.736485541E-1,-2.064215541E-1,-1.057127953E0
2.766307633E1,3.827972114E-1,-1.438864321E-1,-1.003728271E0
2.767301633E1,3.809918463E-1,-5.554646254E-2,-9.748702645E-1
2.768295633E1,3.714796603E-1,5.565497279E-2,-9.544039965E-1
2.769289633E1,3.437511027E-1,1.862473488E-1,-9.264363050E-1
2.770283733E1,3.189003766E-1,3.192959428E-1,-8.715349436E-1
2.771277733E1,2.851658463E-1,4.378140569E-1,-7.960888743E-1
2.772271733E1,2.593891919E-1,5.359942913E-1,-7.062032819E-1
2.773265733E1,2.454999983E-1,6.073547602E-1,-6.181548834E-1
2.774259733E1,2.398921847E-1,6.550540328E-1,-5.469852090E-1
2.775253733E1,2.503634691E-1,6.459659934E-1,-4.963233471E-1
2.776247733E1,2.674121261E-1,6.187958717E-1,-4.763966203E-1
2.777241733E1,2.836241424E-1,5.897844434E-1,-4.686412215E-1
2.778235833E1,2.973950505E-1,5.392725468E-1,-4.807375968E-1
2.779229833E1,3.013037741E-1,4.740967155E-1,-4.960377216E-1
2.780223833E1,3.058797121E-1,4.080914557E-1,-5.121831894E-1
2.781217833E1,3.086821735E-1,3.535627127E-1,-5.256643891E-1
2.782211833E1,2.990468442E-1,3.176236749E-1,-5.324864984E-1
2.783205833E1,2.917966545E-1,2.918085754E-1,-5.314100981E-1
2.784199833E1,2.851454020E-1,2.593387961E-1,-5.230597258E-1
2.785193833E1,2.695307732E-1,2.337128073E-1,-5.090184808E-1
2.786187933E1,2.465704978E-1,2.414740473E-1,-4.911463559E-1
2.787181933E1,2.282170653E-1,2.598794103E-1,-4.748145342E-1
2.788175933E1,2.143320292E-1,2.765083313E-1,-4.552370310E-1
2.789169933E1,2.071654648E-1,2.940516472E-1,-4.362084866E-1
2.790163933E1,1.965628266E-1,3.130702972E-1,-4.223820269E-1
2.791157933E1,1.895563155E-1,3.254774213E-1,-4.114833176E-1
2.792151933E1,1.815039665E-1,3.194542527E-1,-4.031755030E-1
2.793145933E1,1.745342165E-1,3.075414002E-1,-4.070730209E-1
2.794140033E1,1.686473787E-1,2.831656933E-1,-4.058353901E-1
2.795134033E1,1.661296189E-1,2.509691417E-1,-3.950152397E-1
2.796128033E1,1.625074744E-1,2.163447738E-1,-3.791436851E-1
2.797122033E1,1.498997957E-1,1.874758452E-1,-3.572914004E-1
2.798116033E1,1.429086328E-1,1.746491343E-1,-3.343351781E-1
2.799110033E1,1.340139508E-1,1.717777103E-1,-3.170704246E-1
2.800104033E1,1.231577545E-1,1.681343764E-1,-3.008600175E-1
2.801098133E1,1.169957295E-1,1.735067666E-1,-2.843058109E-1
2.802092133E1,1.083058342E-1,1.761107296E-1,-2.639364302E-1
2.803086133E1,1.014053226E-1,1.750928611E-1,-2.434061468E-1
2.804080133E1,1.004769206E-1,1.781985164E-1,-2.210540473E-1
2.805074133E1,9.254442900E-2,1.826137751E-1,-1.979050487E-1
2.806068133E1,8.913303167E-2,1.802179068E-1,-1.835913658E-1
2.807062133E1,9.048911184E-2,1.585735977E-1,-1.695402563E-1
2.808056133E1,8.633697778E-2,1.458772421E-1,-1.574324667E-1
2.809050233E1,8.539874107E-2,1.423365623E-1,-1.429422051E-1
2.810044233E1,8.863475174E-2,1.360782236E-1,-1.292963475E-1
2.811038233E1,9.052772820E-2,1.324294209E-1,-1.106251925E-1
2.812032233E1,9.121118486E-2,1.361706555E-1,-1.033192351E-1
2.813026233E1,8.929769695E-2,1.337112188E-1,-9.347645193E-2
2.814020233E1,9.572533518E-2,1.325768381E-1,-9.048286080E-2
2.815014233E1,9.439801425E-2,1.361883432E-1,-8.614669740E-2
2.816008233E1,9.858448803E-2,1.259210110E-1,-8.386416733E-2
2.817002333E1,1.006148830E-1,1.177594960E-1,-7.956235856E-2
2.817996333E1,9.304761142E-2,1.171089709E-1,-7.490563393E-2
2.818990333E1,8.523948491E-2,1.105685160E-1,-6.956173480E-2
2.819984333E1,8.391633630E-2,9.337069094E-2,-6.304313242E-2
2.820978333E1,7.349085808E-2,8.143760264E-2,-5.211938173E-2
2.821972333E1,6.438770890E-2,6.921642274E-2,-4.857616499E-2
2.822966333E1,5.577691272E-2,5.634856224E-2,-4.226633534E-2
2.823960333E1,5.810108036E-2,4.396523535E-2,-3.388977796E-2
2.824954433E1,5.671544001E-2,2.628185041E-2,-2.823295817E-2
2.825948433E1,5.314422771E-2,1.777201891E-2,-2.393182367E-2
2.826942433E1,4.937585443E-2,4.468197934E-3,-1.518573891E-2
2.827936433E1,4.259944335E-2,1.807690598E-3,-7.909732871E-3
2.828930433E1,3.571437299E-2,-2.474672627E-3,-4.495294765E-3
2.829924433E1,3.126272187E-2,9.197988547E-3,3.594966605E-3
2.830918433E1,2.671936713E-2,1.156234276E-2,7.133242674E-3
2.831912533E1,2.331709117E-2,1.294414885E-2,6.967405789E-3
2.832906533E1,2.075113542E-2,1.341552660E-2,9.187150747E-3
2.833900533E1,1.649123244E-2,1.275571343E-2,8.590538986E-3
2.834894533E1,8.136629127E-3,1.088723820E-2,8.116496727E-3
2.835888533E1,9.935772046E-3,2.461763099E-3,1.201843470E-2
2.836882533E1,3.821154358E-3,-8.626574650E-3,9.268986993E-3
2.837876533E1,1.686806325E-3,-1.207531337E-2,1.261227392E-2
2.838870533E1,3.618840128E-4,-2.015507780E-2,1.370949578E-2
2.839864633E1,3.738150001E-3,-2.853694744E-2,1.762709953E-2
2.840858633E1,2.703245729E-3,-3.344515339E-2,2.410337329E-2
2.841852633E1,3.816802055E-4,-3.973042220E-2,2.920169756E-2
2.842846633E1,-2.385078464E-3,-4.241595417E-2,3.450378776E-2
2.843840633E1,-4.995726049E-4,-4.422376677E-2,3.649497032E-2
2.844834633E1,2.775373869E-4,-4.241548106E-2,3.888782114E-2
2.845828633E1,1.187548973E-3,-3.706121445E-2,3.985506296E-2
2.846822633E1,-5.807243753E-3,-2.359653637E-2,4.205190390E-2
2.847816725E1,-6.671435665E-3,-1.401814912E-2,4.666321352E-2
2.848810725E1,-1.163290441E-2,-3.970308695E-3,4.900439829E-2
2.849804725E1,-1.224285737E-2,7.715225220E-4,5.266810954E-2
2.850798725E1,-1.417764463E-2,6.301576272E-3,5.327983946E-2
2.851792725E1,-7.603099104E-3,8.769087493E-3,5.482536554E-2
2.852786725E1,-1.138771698E-2,1.055527106E-2,5.592897907E-2
2.853780725E1,-9.473346174E-3,1.058662590E-2,5.881319940E-2
2.854774725E1,-8.620601147E-3,7.763675414E-3,5.837137997E-2
2.855768825E1,-3.092056140E-3,8.988580666E-3,5.589511245E-2
2.856762825E1,-4.248933867E-3,5.664155819E-3,5.911833793E-2
2.857756825E1,-3.165569156E-3,3.115003929E-3,5.439951271E-2
2.858750825E1,2.097103745E-3,-2.766586840E-3,4.644438252E-2
2.859744825E1,8.136539720E-3,-1.338279713E-2,4.371423274E-2
2.860738825E1,1.425382122E-2,-2.608873881E-2,3.733276576E-2
2.861732825E1,1.604630612E-2,-3.646844625E-2,3.262202814E-2
2.862726925E1,1.688333787E-2,-5.301173776E-2,3.023264185E-2
2.863720925E1,1.318268292E-2,-6.570535153E-2,2.688415349E-2
2.864714925E1,1.276430115E-2,-8.793609589E-2,2.646976709E-2
2.865708925E1,7.664442062E-3,-1.065097600E-1,2.313506603E-2
2.866702925E1,1.268849522E-2,-1.179514974E-1,2.089028805E-2
2.867696925E1,9.683743119E-3,-1.273550987E-1,1.357575879E-2
2.868690925E1,9.683477692E-3,-1.335152537E-1,1.224098261E-2
2.869684925E1,8.662160486E-3,-1.389540732E-1,1.107707061E-2
2.870679025E1,9.801194072E-3,-1.370973140E-1,9.236292914E-3
2.871673025E1,7.195290178E-3,-1.304478347E-1,1.075625326E-2
2.872667025E1,5.640003830E-3,-1.239827573E-1,7.320242934E-3
2.873661025E1,3.970379941E-3,-1.133973449E-1,8.726705797E-3
2.874655025E1,1.601953991E-4,-1.048770919E-1,1.031821128E-2
2.875649025E1,-4.932944663E-3,-9.412641078E-2,1.387986355E-2
2.876643025E1,-5.947609432E-3,-8.190010488E-2,1.786741428E-2
2.877637025E1,-5.676399916E-3,-7.611021399E-2,2.117320895E-2
2.878631125E1,-4.863336682E-3,-6.260958314E-2,2.079983428E-2
2.879625125E1,-6.259443238E-3,-5.500587448E-2,2.838215046E-2
2.880619125E1,-6.896737963E-3,-4.744489491E-2,3.082080744E-2
2.881613125E1,-6.051543169E-3,-4.107613862E-2,3.365093470E-2
2.882607125E1,-9.415115230E-3,-3.436683491E-2,3.848589957E-2
2.883601125E1,-6.807166617E-3,-2.702260017E-2,4.152264073E-2
2.884595125E1,-5.715004634E-3,-2.169947326E-2,4.698851332E-2
2.885589125E1,-3.805257380E-3,-1.857201010E-2,4.980626330E-2
2.886583225E1,-5.230048671E-3,-1.455463096E-2,5.444708839E-2
2.887577225E1,-3.360325936E-3,-1.227333210E-2,5.777943879E-2
2.888571225E1,-8.955094963E-3,-6.961657666E-3,5.597621202E-2
2.889565225E1,-1.561211050E-2,-8.697921410E-3,5.597668141E-2
2.890559225E1,-1.280593686E-2,-1.107266173E-2,5.618147925E-2
2.891553225E1,-1.604070142E-2,-1.481105853E-2,5.552134290E-2
2.892547225E1,-1.528569497E-2,-2.250732854E-2,5.413969606E-2
2.893541225E1,-1.452243701E-2,-3.101903386E-2,5.407687649E-2
2.894535325E1,-1.473229565E-2,-3.496637195E-2,5.480471626E-2
2.895529325E1,-1.591952704E-2,-3.782067820E-2,5.724663287E-2
2.896523325E1,-1.513655670E-2,-3.865052015E-2,6.486300379E-2
2.897517325E1,-1.701941341E-2,-3.515164927E-2,6.796827167E-2
2.898511325E1,-2.104558051E-2,-3.173028678E-2,7.322667539E-2
2.899505325E1,-2.277468890E-2,-2.326227352E-2,7.602757215E-2
2.900499325E1,-2.326551080E-2,-1.336543541E-2,7.513462007E-2
2.901493425E1,-2.130009048E-2,-3.822115716E-3,7.771722227E-2
2.902487425E1,-2.261435986E-2,-5.621402524E-4,8.066187799E-2
2.903481425E1,-2.418722212E-2,1.443396322E-3,8.562113345E-2
2.904475425E1,-2.508204617E-2,1.063895412E-3,8.890719712E-2
2.905469425E1,-2.452669293E-2,-9.715957567E-4,9.482879937E-2
2.906463425E1,-2.754165605E-2,-2.482939977E-3,9.370627999E-2
2.907457425E1,-2.269381098E-2,-4.224891774E-3,9.555888176E-2
2.908451425E1,-2.268981561E-2,-8.113373071E-3,9.201261401E-2
2.909445525E1,-2.697680146E-2,-6.060630549E-3,9.552069008E-2
2.910439525E1,-2.564095706E-2,-3.596013412E-4,9.876841307E-2
2.911433525E1,-2.697235718E-2,-2.642601728E-3,1.050204858E-1
2.912427525E1,-3.012846783E-2,8.802274242E-4,1.114128679E-1
2.913421525E1,-3.216152638E-2,8.624270558E-3,1.151190400E-1
2.914415525E1,-2.778915130E-2,8.021064103E-3,1.160364896E-1
2.915409525E1,-2.493343875E-2,6.769725122E-3,1.169031635E-1
2.916403525E1,-2.560322359E-2,5.542008206E-3,1.224776879E-1
2.917397625E1,-2.607682347E-2,6.588247605E-3,1.320616752E-1
2.918391625E1,-2.169592306E-2,7.197313011E-3,1.415169686E-1
2.919385625E1,-2.622348256E-2,1.456597075E-2,1.491014212E-1
2.920379625E1,-2.633107267E-2,2.297889628E-2,1.562187225E-1
2.921373625E1,-2.674811706E-2,2.713988721E-2,1.648695320E-1
2.922367625E1,-2.286949009E-2,3.390804306E-2,1.783632338E-1
2.923361625E1,-1.641434431E-2,4.318363965E-2,1.959430128E-1
2.924355625E1,-1.399193332E-2,4.978933930E-2,2.064574361E-1
2.925349725E1,-1.305085979E-2,5.484354496E-2,2.141613960E-1
2.926343725E1,-5.387347657E-3,5.367148668E-2,2.225604802E-1
2.927337725E1,-6.211620755E-3,4.896351695E-2,2.275000662E-1
2.928331725E1,-7.989280857E-3,4.383080453E-2,2.400962859E-1
2.929325725E1,-7.849261165E-3,3.929091617E-2,2.482619882E-1
2.930319725E1,-3.541065380E-3,2.559587732E-2,2.609397173E-1
2.931313725E1,-5.695745349E-3,1.934193075E-2,2.754856646E-1
2.932307725E1,-1.296963636E-2,1.511975657E-2,2.953704000E-1
2.933301825E1,-1.524903718E-2,8.429362439E-3,3.115121126E-1
2.934295825E1,-2.346888185E-2,1.535358187E-2,3.342304528E-1
2.935289825E1,-2.886896953E-2,9.151598439E-3,3.638570607E-1
2.936283825E1,-3.476574272E-2,1.109623909E-2,3.960019350E-1
2.937277825E1,-3.774306923E-2,1.228590682E-2,4.374826550E-1
2.938271825E1,-4.276365787E-2,1.595973782E-2,4.891929924E-1
2.939265825E1,-5.888874456E-2,2.034970745E-2,5.505118370E-1
2.940259825E1,-7.081970572E-2,3.259518743E-2,6.153259873E-1
2.941253925E1,-8.184066415E-2,5.054428801E-2,6.842951775E-1
2.942247925E1,-9.054973722E-2,7.218965888E-2,7.433742285E-1
2.943241925E1,-9.825958312E-2,8.594177663E-2,7.955564857E-1
2.944235925E1,-1.081974357E-1,9.456615895E-2,8.491650820E-1
2.945229925E1,-1.206564158E-1,9.878499061E-2,9.004820585E-1
2.946223925E1,-1.302129030E-1,9.332231432E-2,9.565982819E-1
2.947217925E1,-1.381821483E-1,7.460607588E-2,1.007895589E0
2.948212013E1,-1.445050240E-1,5.348268524E-2,1.053138852E0
2.949206012E1,-1.510449350E-1,3.578010574E-2,1.092749715E0
2.950200013E1,-1.601894349E-1,1.725835353E-2,1.130390048E0
2.951194012E1,-1.655562371E-1,3.086275421E-2,1.162041903E0
2.952188012E1,-1.788291633E-1,6.549103558E-2,1.198028922E0
2.953182013E1,-1.946187913E-1,8.317407966E-2,1.239697695E0
2.954176012E1,-2.045593113E-1,1.179725453E-1,1.288936973E0
2.955170012E1,-2.237305194E-1,1.404785067E-1,1.347885370E0
2.956164113E1,-2.407113612E-1,1.509026587E-1,1.408631444E0
2.957158112E1,-2.479878366E-1,1.287591904E-1,1.471402526E0
2.958152112E1,-2.492943704E-1,1.035888642E-1,1.525191188E0
2.959146113E1,-2.481310219E-1,8.821898699E-2,1.555650711E0
2.960140112E1,-2.527167201E-1,8.479575813E-2,1.581509113E0
2.961134112E1,-2.631506324E-1,6.640018523E-2,1.614683628E0
2.962128113E1,-2.674700022E-1,3.695760667E-2,1.662612557E0
2.963122112E1,-2.733415663E-1,3.431840613E-2,1.714906573E0
2.964116212E1,-2.738465071E-1,9.915596806E-3,1.769270539E0
2.965110213E1,-2.770254314E-1,-1.141596958E-2,1.806999207E0
2.966104212E1,-2.856255770E-1,-4.853940569E-3,1.827593923E0
2.967098212E1,-3.061876595E-1,3.905533999E-2,1.837730408E0
2.968092213E1,-3.382958174E-1,1.307567656E-1,1.837753654E0
2.969086212E1,-3.781825006E-1,2.778288424E-1,1.846289992E0
2.970080213E1,-4.118126333E-1,4.101336300E-1,1.872253895E0
2.971074212E1,-4.507800043E-1,5.190128088E-1,1.915902138E0
2.972068312E1,-4.955565035E-1,6.101619005E-1,1.964337349E0
2.973062312E1,-5.428867340E-1,6.547318697E-1,2.014883757E0
2.974056313E1,-5.756385326E-1,6.595212817E-1,2.048422337E0
2.975050312E1,-5.903319120E-1,6.205872297E-1,2.059542418E0
2.976044313E1,-5.948885679E-1,5.504558086E-1,2.055468559E0
2.977038312E1,-5.961155295E-1,4.631071389E-1,2.030277491E0
2.978032312E1,-5.854570270E-1,3.755083084E-1,2.013150930E0
2.979026313E1,-5.738550425E-1,2.874905467E-1,2.005765676E0
2.980020413E1,-5.781525970E-1,2.015010715E-1,2.015332460E0
2.981014412E1,-5.951938033E-1,1.401254386E-1,2.036823511E0
2.982008413E1,-6.170101762E-1,1.108684838E-1,2.062973022E0
2.983002412E1,-6.420208216E-1,1.111268103E-1,2.075544834E0
2.983996412E1,-6.762554646E-1,1.421747357E-1,2.076382399E0
2.984990413E1,-7.181153297E-1,1.872563660E-1,2.077369690E0
2.985984412E1,-7.611091137E-1,2.309748083E-1,2.082243204E0
2.986978413E1,-8.012872338E-1,2.669506371E-1,2.091135025E0
2.987972513E1,-8.366614580E-1,2.866747975E-1,2.100698471E0
2.988966512E1,-8.721994162E-1,2.859221101E-1,2.113737583E0
2.989960512E1,-9.044140577E-1,2.777062654E-1,2.126141310E0
2.990954513E1,-9.322419763E-1,2.477350682E-1,2.141999006E0
2.991948512E1,-9.527616501E-1,2.088313401E-1,2.144379854E0
2.992942513E1,-9.748625755E-1,1.825741380E-1,2.142144203E0
2.993936512E1,-9.958676696E-1,1.715944558E-1,2.139363289E0
2.994930512E1,-1.030111670E0,1.582492441E-1,2.138832808E0
2.995924612E1,-1.058244824E0,1.421573460E-1,2.143964291E0
2.996918613E1,-1.074227810E0,1.270074397E-1,2.146391630E0
2.997912612E1,-1.080790877E0,1.074614450E-1,2.142089605E0
2.998906613E1,-1.090645194E0,8.591543138E-2,2.131175280E0
2.999900612E1,-1.104904652E0,5.574687570E-2,2.117222548E0
3.000894612E1,-1.115794778E0,1.639083773E-2,2.103119373E0
3.001888613E1,-1.122134447E0,-9.944630787E-3,2.090226173E0
3.002882612E1,-1.123923898E0,-2.588230744E-2,2.080471992E0
3.003876712E1,-1.123084188E0,-3.366699442E-2,2.071176291E0
3.004870713E1,-1.120773315E0,-2.452363260E-2,2.049990892E0
3.005864712E1,-1.117363095E0,-3.891058266E-3,2.021105528E0
3.006858712E1,-1.117157578E0,3.175809979E-2,1.993337631E0
3.007852713E1,-1.121095896E0,6.528782845E-2,1.971279502E0
3.008846712E1,-1.127323151E0,9.320751578E-2,1.946123958E0
3.009840712E1,-1.121054053E0,1.056183800E-1,1.913054943E0
3.010834713E1,-1.116742015E0,1.016427204E-1,1.869784594E0
3.011828812E1,-1.109513998E0,8.500728011E-2,1.820546508E0
3.012822812E1,-1.101182342E0,5.752293393E-2,1.770001769E0
3.013816813E1,-1.092420697E0,4.421618208E-2,1.731865644E0
3.014810812E1,-1.085744977E0,2.712561190E-2,1.700109243E0
3.015804812E1,-1.075163722E0,1.159671787E-2,1.669388413E0
3.016798813E1,-1.064954042E0,1.319111697E-2,1.633856893E0
3.017792812E1,-1.044406414E0,2.779322676E-2,1.594078898E0
3.018786813E1,-1.027434587E0,5.101291090E-2,1.553473592E0
3.019780913E1,-1.008507013E0,7.542877644E-2,1.520031214E0
3.020774912E1,-9.972176552E-1,1.013159305E-1,1.489841461E0
3.021768912E1,-9.821835160E-1,1.194278300E-1,1.456651807E0
3.022762913E1,-9.606429935E-1,1.300272495E-1,1.416939735E0
3.023756912E1,-9.493178725E-1,1.302493662E-1,1.382432103E0
3.024750913E1,-9.314497709E-1,1.283762753E-1,1.345456839E0
3.025744912E1,-9.074046612E-1,1.237202659E-1,1.303534746E0
3.026738912E1,-8.724675775E-1,1.300495416E-1,1.254111528E0
3.027733012E1,-8.428164721E-1,1.467920393E-1,1.201178074E0
3.028727013E1,-8.158254027E-1,1.725802720E-1,1.150961995E0
3.029721012E1,-7.982810140E-1,1.888162345E-1,1.110530138E0
3.030715013E1,-7.817081213E-1,2.079158276E-1,1.079812527E0
3.031709012E1,-7.648971677E-1,2.252617925E-1,1.058588386E0
3.032703012E1,-7.489511371E-1,2.442609966E-1,1.032307029E0
3.033697013E1,-7.324408889E-1,2.632908821E-1,1.011635303E0
3.034691012E1,-7.114622593E-1,2.723942101E-1,9.973532557E-1
3.035685112E1,-6.987783909E-1,2.792419791E-1,9.885885119E-1
3.036679113E1,-6.844870448E-1,2.771205604E-1,9.886274934E-1
3.037673112E1,-6.648706794E-1,2.773788869E-1,9.888554811E-1
3.038667112E1,-6.419063807E-1,2.814297080E-1,9.800524712E-1
3.039661113E1,-6.150707603E-1,2.860132754E-1,9.595323205E-1
3.040655112E1,-5.880802870E-1,2.976297438E-1,9.307727218E-1
3.041649112E1,-5.546765327E-1,3.108043969E-1,9.047275186E-1
3.042643113E1,-5.195985436E-1,3.254086077E-1,8.819767833E-1
3.043637212E1,-4.875346422E-1,3.398756981E-1,8.540285230E-1
3.044631212E1,-4.644717276E-1,3.489897847E-1,8.254646659E-1
3.045625213E1,-4.492648244E-1,3.448959887E-1,7.998210788E-1
3.046619212E1,-4.312361181E-1,3.398131430E-1,7.663674355E-1
3.047613208E1,-4.121417701E-1,3.379193544E-1,7.322630286E-1
3.048607208E1,-3.925006092E-1,3.241461515E-1,7.055711746E-1
3.049601208E1,-3.722289205E-1,3.017015755E-1,6.779986620E-1
3.050595208E1,-3.472667336E-1,2.757080793E-1,6.484441161E-1
3.051589308E1,-3.182270825E-1,2.505076528E-1,6.091776490E-1
3.052583308E1,-2.960573733E-1,2.231554687E-1,5.682998300E-1
3.053577308E1,-2.698225677E-1,1.916422844E-1,5.354316831E-1
3.054571308E1,-2.488182932E-1,1.591481268E-1,4.973950982E-1
3.055565308E1,-2.296555042E-1,1.348462552E-1,4.619915485E-1
3.056559308E1,-2.191302627E-1,1.238708049E-1,4.248829484E-1
3.057553308E1,-2.059777081E-1,1.195823103E-1,3.854809403E-1
3.058547308E1,-1.907387525E-1,1.128926575E-1,3.500278890E-1
3.059541408E1,-1.870041937E-1,1.058363467E-1,3.277936876E-1
3.060535408E1,-1.756365746E-1,9.852479398E-2,3.057337403E-1
3.061529408E1,-1.597643942E-1,7.914949954E-2,2.846375108E-1
3.062523408E1,-1.419550478E-1,5.381848663E-2,2.565596998E-1
3.063517408E1,-1.225440651E-1,2.152286470E-2,2.317291945E-1
3.064511408E1,-1.028502584E-1,-5.928818136E-3,2.102200985E-1
3.065505408E1,-8.523690701E-2,-2.883013897E-2,1.952858865E-1
3.066499408E1,-6.860715151E-2,-3.645026311E-2,1.817345470E-1
3.067493508E1,-5.362074822E-2,-3.003524244E-2,1.717857718E-1
3.068487508E1,-3.601805121E-2,-2.230958268E-2,1.593843400E-1
3.069481508E1,-2.473024465E-2,-1.454993151E-2,1.452243030E-1
3.070475508E1,-1.006243564E-2,-8.990895003E-3,1.253268868E-1
3.071469508E1,5.011321045E-3,-4.871251062E-3,1.073433533E-1
3.072463508E1,1.554287132E-2,-2.496276051E-3,8.478404582E-2
3.073457508E1,2.202154323E-2,1.066500321E-3,6.809854507E-2
3.074451508E1,2.397462539E-2,5.003042519E-3,5.248313025E-2
3.075445608E1,2.486678585E-2,1.097012032E-2,3.451531380E-2
3.076439608E1,2.714067884E-2,1.992875338E-2,3.054412082E-2
3.077433608E1,2.369614691E-2,2.825166285E-2,2.774114162E-2
3.078427608E1,1.712089218E-2,3.688522428E-2,3.200534731E-2
3.079421608E1,1.116153598E-2,4.180381447E-2,3.527757525E-2
3.080415608E1,6.872247439E-3,4.955050349E-2,4.042473063E-2
3.081409608E1,-7.880688645E-4,5.748991668E-2,4.086761177E-2
3.082403608E1,-1.204303280E-2,5.516315997E-2,3.873724118E-2
3.083397708E1,-1.403188147E-2,5.175111815E-2,4.351655021E-2
3.084391708E1,-2.181194909E-2,4.277868569E-2,4.647250101E-2
3.085385708E1,-3.271919489E-2,2.829188667E-2,5.323480070E-2
3.086379708E1,-3.850331157E-2,2.426625229E-2,6.491702050E-2
3.087373708E1,-4.068204388E-2,1.603868417E-2,6.983055174E-2
3.088367708E1,-4.194500297E-2,7.604510523E-3,7.147715986E-2
3.089361708E1,-3.825785592E-2,3.754111938E-3,6.168684363E-2
3.090355708E1,-3.650895879E-2,-4.511990584E-3,5.598749220E-2
3.091349708E1,-3.086997941E-2,-4.195873626E-3,4.965023324E-2
3.092343808E1,-2.807987854E-2,3.982229158E-3,4.637293145E-2
3.093337808E1,-2.378100343E-2,4.581173882E-3,4.773060977E-2
3.094331808E1,-2.037854679E-2,3.499304876E-3,4.620692134E-2
3.095325808E1,-1.102259569E-2,-5.583405495E-3,4.447400197E-2
3.096319808E1,-6.427400280E-3,-4.400644451E-3,4.023659974E-2
3.097313808E1,-5.235901568E-3,-1.119703148E-2,3.765786439E-2
3.098307808E1,1.570248511E-3,-1.128175110E-2,3.327337280E-2
3.099301908E1,1.175567973E-3,-3.782289568E-3,3.344701231E-2
3.100295908E1,3.366546938E-3,6.223562174E-3,2.438355610E-2
3.101289908E1,3.569746157E-3,2.003151923E-2,2.016324550E-2
3.102283908E1,9.147534147E-4,2.962705866E-2,1.838409528E-2
3.103277908E1,-3.660025075E-3,3.373232111E-2,1.518697105E-2
3.104271908E1,-8.403467946E-3,2.642617002E-2,1.661057025E-2
3.105265908E1,-8.000264876E-3,3.115434572E-2,1.081579830E-2
3.106259908E1,-1.046759449E-2,2.648727223E-2,1.335302368E-4
3.107253908E1,-9.295271710E-3,3.103302047E-2,-8.120137267E-3
3.108248008E1,-1.220495719E-2,3.467432037E-2,-1.860096119E-2
3.109242008E1,-1.126779150E-2,4.230134934E-2,-2.278239094E-2
3.110236008E1,-8.890736848E-3,5.107197538E-2,-2.478806674E-2
3.111230008E1,-1.299120672E-2,5.491411686E-2,-2.508314326E-2
3.112224008E1,-1.551135723E-2,5.855910853E-2,-2.196066454E-2
3.113218008E1,-2.306355163E-2,5.824805424E-2,-1.661250368E-2
3.114212008E1,-2.459513023E-2,4.976568371E-2,-8.197134361E-3
3.115206008E1,-2.452855185E-2,3.674469143E-2,-6.785392761E-3
3.116200108E1,-2.791804634E-2,2.293387428E-2,-3.241258673E-3
3.117194108E1,-2.700724266E-2,1.425596327E-2,-2.566680312E-3
3.118188108E1,-2.873066813E-2,1.202048361E-2,1.301985234E-3
3.119182108E1,-3.590362519E-2,1.397231407E-2,7.156282663E-6
3.120176108E1,-4.149741307E-2,2.010384761E-2,2.754786052E-3
3.121170108E1,-5.139558390E-2,2.917537279E-2,5.661892705E-3
3.122164108E1,-5.890445784E-2,2.511827648E-2,5.315541290E-3
3.123158108E1,-6.208000705E-2,1.598922536E-2,9.104420431E-3
3.124152208E1,-6.320767850E-2,1.126847882E-2,9.913911112E-3
3.125146208E1,-6.058100611E-2,3.692850471E-3,4.848312587E-3
3.126140208E1,-5.685320124E-2,4.548138008E-3,6.481410470E-3
3.127134208E1,-5.729049072E-2,1.165185310E-2,4.055537283E-3
3.128128208E1,-5.708143488E-2,1.570829377E-2,7.812911645E-3
3.129122208E1,-5.387445167E-2,1.453064382E-2,1.413602382E-3
3.130116208E1,-5.453820527E-2,1.734674722E-2,-6.195048802E-3
3.131110208E1,-5.125745758E-2,2.091431990E-2,-8.219317533E-3
3.132104308E1,-4.990421236E-2,2.016562596E-2,-1.778539270E-2
3.133098308E1,-4.511637986E-2,2.425331064E-2,-1.811189577E-2
3.134092308E1,-5.005894601E-2,2.876756527E-2,-1.581338421E-2
3.135086308E1,-4.831431061E-2,2.200925909E-2,-8.278769441E-3
3.136080308E1,-4.351795465E-2,1.890044846E-2,-5.571508780E-3
3.137074308E1,-4.095439613E-2,1.251978241E-2,-2.571191639E-3
3.138068308E1,-3.423932195E-2,1.348080020E-2,-2.168724313E-3
3.139062308E1,-3.171704337E-2,1.577617973E-2,1.670754515E-3
3.140056308E1,-2.501164749E-2,1.092756353E-2,5.204518791E-3
3.141050408E1,-2.585453913E-2,9.918225929E-3,8.563564159E-3
3.142044408E1,-2.398128808E-2,7.153291255E-3,5.709957331E-3
3.143038408E1,-1.814017631E-2,5.217173137E-3,3.623104189E-3
3.144032408E1,-1.060998254E-2,9.619806893E-3,-9.040217847E-4
3.145026408E1,-3.623179626E-3,1.701647043E-2,-5.933667533E-3
3.146020408E1,-2.385787200E-3,2.186593786E-2,-8.891169913E-3
3.147014408E1,3.793733194E-4,3.026927635E-2,-7.545740344E-3
3.148008475E1,-2.851399593E-3,3.060116246E-2,-5.438161083E-3
3.149002575E1,-5.388060585E-3,2.794146165E-2,-3.793126903E-3
3.149996575E1,-3.354378510E-3,2.940924838E-2,-3.677593544E-3
3.150990575E1,-5.564801861E-3,1.575602219E-2,-4.212888889E-3
3.151984575E1,-9.774179198E-4,1.000265405E-2,-2.246458083E-3
3.152978575E1,2.833565697E-3,4.741578363E-3,-7.096339948E-3
3.153972575E1,7.554016542E-3,-3.101792186E-3,-1.399856433E-2
3.154966575E1,1.677760854E-2,-4.212063737E-3,-2.658173442E-2
3.155960575E1,2.253873646E-2,-4.044489935E-3,-4.297510535E-2
3.156954675E1,3.289630264E-2,-7.253598887E-3,-5.988537520E-2
3.157948675E1,4.683475196E-2,-7.087153848E-3,-8.128762245E-2
3.158942675E1,6.005388498E-2,-1.319058612E-2,-1.040994599E-1
3.159936675E1,7.346370816E-2,-2.561689541E-2,-1.338672042E-1
3.160930675E1,9.653680027E-2,-3.838089481E-2,-1.674611270E-1
3.161924675E1,1.169416755E-1,-4.543736577E-2,-2.091338784E-1
3.162918675E1,1.331371516E-1,-4.664724320E-2,-2.533972263E-1
3.163912675E1,1.564911306E-1,-5.365583301E-2,-2.987929583E-1
3.164906775E1,1.767489910E-1,-5.879573524E-2,-3.475093544E-1
3.165900775E1,1.936519742E-1,-6.341830641E-2,-3.992865086E-1
3.166894775E1,2.091925889E-1,-7.149833441E-2,-4.554552436E-1
3.167888775E1,2.318647057E-1,-7.979147136E-2,-5.094118714E-1
3.168882775E1,2.545212805E-1,-9.451582283E-2,-5.706997514E-1
3.169876775E1,2.807283103E-1,-1.068434566E-1,-6.369892359E-1
3.170870775E1,3.091098964E-1,-1.202782989E-1,-6.995927095E-1
3.171864775E1,3.332252502E-1,-1.431997120E-1,-7.569710016E-1
3.172858775E1,3.595175743E-1,-1.748314053E-1,-8.137802482E-1
3.173852875E1,3.882664740E-1,-2.080574185E-1,-8.639960289E-1
3.174846875E1,4.244023561E-1,-2.441999763E-1,-9.136927128E-1
3.175840875E1,4.664966464E-1,-2.872594297E-1,-9.676032066E-1
3.176834875E1,5.168074965E-1,-3.331899047E-1,-1.021636248E0
3.177828875E1,5.680000186E-1,-3.745003641E-1,-1.081481695E0
3.178822875E1,6.271722913E-1,-4.173277318E-1,-1.135504723E0
3.179816875E1,6.817096472E-1,-4.516251385E-1,-1.187072873E0
3.180810875E1,7.174572349E-1,-4.806871414E-1,-1.227629304E0
3.181804975E1,7.508851290E-1,-4.933655858E-1,-1.254212260E0
3.182798975E1,7.639697790E-1,-4.749072194E-1,-1.271470785E0
3.183792975E1,7.636553645E-1,-4.308201671E-1,-1.276124358E0
3.184786975E1,7.639688253E-1,-3.803716302E-1,-1.262302876E0
3.185780975E1,7.631999850E-1,-3.258438408E-1,-1.250391960E0
3.186774975E1,7.683888674E-1,-2.845786810E-1,-1.240057230E0
3.187768975E1,7.730546594E-1,-2.628708780E-1,-1.232909799E0
3.188762975E1,7.771852016E-1,-2.574388385E-1,-1.235277176E0
3.189757075E1,7.772809863E-1,-2.637121081E-1,-1.239719152E0
3.190751075E1,7.766588926E-1,-2.911320031E-1,-1.242731452E0
3.191745075E1,7.733591795E-1,-3.312983513E-1,-1.235540628E0
3.192739075E1,7.699298263E-1,-3.675815165E-1,-1.229429722E0
3.193733075E1,7.620730400E-1,-3.869490027E-1,-1.221358895E0
3.194727075E1,7.509082556E-1,-3.867077231E-1,-1.212146997E0
3.195721075E1,7.333634496E-1,-3.792023361E-1,-1.200863242E0
3.196715075E1,7.168239355E-1,-3.626947105E-1,-1.186400771E0
3.197709175E1,7.004012465E-1,-3.440083861E-1,-1.183046699E0
3.198703175E1,6.939737201E-1,-3.215488791E-1,-1.187438250E0
3.199697175E1,6.926483512E-1,-2.986267805E-1,-1.206041336E0
3.200691175E1,6.930214763E-1,-2.759302557E-1,-1.229716063E0
3.201685175E1,6.857810616E-1,-2.625672221E-1,-1.246808529E0
3.202679175E1,6.713600159E-1,-2.635773420E-1,-1.256480813E0
3.203673175E1,6.626799107E-1,-2.601134181E-1,-1.261363626E0
3.204667175E1,6.591845155E-1,-2.473054975E-1,-1.272589922E0
3.205661175E1,6.609151363E-1,-2.401927859E-1,-1.287270546E0
3.206655275E1,6.671336293E-1,-2.441672832E-1,-1.312378049E0
3.207649275E1,6.770851016E-1,-2.442161590E-1,-1.348028302E0
3.208643275E1,6.856951118E-1,-2.469570935E-1,-1.389772296E0
3.209637275E1,6.893445849E-1,-2.437168807E-1,-1.429291129E0
3.210631275E1,6.892606616E-1,-2.444327474E-1,-1.454125047E0
3.211625275E1,6.871582866E-1,-2.446823120E-1,-1.466101408E0
3.212619275E1,6.898259521E-1,-2.620863318E-1,-1.471727014E0
3.213613275E1,7.126365304E-1,-2.790932357E-1,-1.490873337E0
3.214607375E1,7.430775166E-1,-3.071120977E-1,-1.527140498E0
3.215601375E1,7.836455703E-1,-3.398752511E-1,-1.583948970E0
3.216595375E1,8.172434568E-1,-3.748369813E-1,-1.654321432E0
3.217589375E1,8.427404165E-1,-3.969750702E-1,-1.718546629E0
3.218583375E1,8.404165506E-1,-4.131527245E-1,-1.761681676E0
3.219577375E1,8.319121599E-1,-4.263951182E-1,-1.775467396E0
3.220571375E1,8.131102324E-1,-4.217140973E-1,-1.767392159E0
3.221565375E1,8.041657805E-1,-4.061971009E-1,-1.747669816E0
3.222559475E1,8.029625416E-1,-4.088040590E-1,-1.741118431E0
3.223553475E1,8.086711764E-1,-4.170397520E-1,-1.750157356E0
3.224547475E1,8.208474517E-1,-4.181148708E-1,-1.771182537E0
3.225541475E1,8.306241035E-1,-4.197558463E-1,-1.793989778E0
3.226535475E1,8.261356354E-1,-4.158340693E-1,-1.814728618E0
3.227529475E1,8.189869523E-1,-4.074956775E-1,-1.832862020E0
3.228523475E1,8.035342097E-1,-3.915396333E-1,-1.835634470E0
3.229517475E1,7.827230692E-1,-3.629787862E-1,-1.832342267E0
3.230511475E1,7.566123605E-1,-3.274170756E-1,-1.821300268E0
3.231505575E1,7.318434119E-1,-2.814479768E-1,-1.813668489E0
3.232499575E1,7.119229436E-1,-2.384211570E-1,-1.793109417E0
3.233493575E1,6.951971054E-1,-1.931550801E-1,-1.766477585E0
3.234487575E1,6.908942461E-1,-1.536204517E-1,-1.732041001E0
3.235481575E1,6.934337020E-1,-1.245141849E-1,-1.699494600E0
3.236475575E1,6.905000210E-1,-1.109222099E-1,-1.679623961E0
3.237469575E1,6.929403543E-1,-1.008967906E-1,-1.672146559E0
3.238463575E1,6.919373870E-1,-9.592813253E-2,-1.674598455E0
3.239457675E1,6.817581058E-1,-1.020531058E-1,-1.681885719E0
3.240451675E1,6.723576784E-1,-1.105813459E-1,-1.682385564E0
3.241445675E1,6.579824686E-1,-1.150766760E-1,-1.661723733E0
3.242439675E1,6.361836791E-1,-1.119477302E-1,-1.622140646E0
3.243433675E1,6.130677462E-1,-1.054792628E-1,-1.574040771E0
3.244427675E1,5.902811885E-1,-9.821868688E-2,-1.528699875E0
3.245421675E1,5.729157329E-1,-9.786706418E-2,-1.508207560E0
3.246415675E1,5.696251392E-1,-8.970527351E-2,-1.505329728E0
3.247409675E1,5.670955181E-1,-7.958789170E-2,-1.514054894E0
3.248403746E1,5.623569489E-1,-6.069995835E-2,-1.510903835E0
3.249397746E1,5.508387685E-1,-4.618546367E-2,-1.501763105E0
3.250391746E1,5.317236781E-1,-3.551524132E-2,-1.484573722E0
3.251385746E1,5.145283341E-1,-2.068155445E-2,-1.466008663E0
3.252379746E1,4.931961894E-1,-2.339032944E-3,-1.450725317E0
3.253373746E1,4.694603980E-1,2.981425822E-2,-1.433387399E0
3.254367746E1,4.460378885E-1,4.823454469E-2,-1.411716461E0
3.255361746E1,4.284834862E-1,5.224814266E-2,-1.385455728E0
3.256355846E1,4.202742875E-1,5.214587972E-2,-1.358645439E0
3.257349846E1,4.144545794E-1,4.968117177E-2,-1.331155777E0
3.258343846E1,4.116044641E-1,3.615098447E-2,-1.306467175E0
3.259337846E1,4.095631540E-1,1.599624008E-2,-1.285679221E0
3.260331846E1,4.131033123E-1,-5.470504984E-4,-1.282319903E0
3.261325846E1,4.092994332E-1,-6.062754430E-3,-1.294963360E0
3.262319846E1,4.093428254E-1,5.389104597E-3,-1.319505453E0
3.263313846E1,4.053999782E-1,2.690017782E-2,-1.342769265E0
3.264307946E1,3.899661601E-1,6.290718168E-2,-1.336366773E0
3.265301946E1,3.633840382E-1,9.144637734E-2,-1.295577407E0
3.266295946E1,3.262909949E-1,1.036625579E-1,-1.237773538E0
3.267289946E1,2.986083329E-1,1.090380847E-1,-1.188332081E0
3.268283946E1,2.812157571E-1,1.189807355E-1,-1.164594769E0
3.269277946E1,2.789650857E-1,1.205159575E-1,-1.173149228E0
3.270271946E1,2.787813246E-1,1.091679633E-1,-1.195033193E0
3.271265946E1,2.882871926E-1,7.616955042E-2,-1.206740499E0
3.272259946E1,2.972029448E-1,2.975357696E-2,-1.203096151E0
3.273254046E1,3.076647520E-1,-2.284862846E-2,-1.179600954E0
3.274248046E1,3.203060031E-1,-6.300403923E-2,-1.140930295E0
3.275242046E1,3.189126849E-1,-8.093070984E-2,-1.086385846E0
3.276236046E1,3.176998794E-1,-8.229637891E-2,-1.027151227E0
3.277230046E1,3.089873791E-1,-7.212454081E-2,-9.747677445E-1
3.278224046E1,2.984545827E-1,-4.255838692E-2,-9.333415031E-1
3.279218046E1,2.806804478E-1,2.168507688E-2,-9.026361704E-1
3.280212046E1,2.641952336E-1,9.846374393E-2,-8.852073550E-1
3.281206146E1,2.462129295E-1,1.729569435E-1,-8.659053445E-1
3.282200146E1,2.339866310E-1,2.259085774E-1,-8.441667557E-1
3.283194146E1,2.231457829E-1,2.537373900E-1,-8.205147386E-1
3.284188146E1,2.076195627E-1,2.570469081E-1,-7.901867032E-1
3.285182146E1,2.007561326E-1,2.445177436E-1,-7.674395442E-1
3.286176146E1,2.011191249E-1,2.169830501E-1,-7.487612367E-1
3.287170146E1,2.076285183E-1,1.789030880E-1,-7.399518490E-1
3.288164146E1,2.148099989E-1,1.416886151E-1,-7.340518832E-1
3.289158146E1,2.186437100E-1,1.047307849E-1,-7.397449017E-1
3.290152246E1,2.206205726E-1,7.871489972E-2,-7.530058026E-1
3.291146246E1,2.183409035E-1,6.151550263E-2,-7.709407806E-1
3.292140246E1,2.121908665E-1,5.221681297E-2,-7.923973203E-1
3.293134246E1,1.978814304E-1,5.709588528E-2,-8.027044535E-1
3.294128246E1,1.819333583E-1,5.599014461E-2,-7.891460061E-1
3.295122246E1,1.601203978E-1,5.478201807E-2,-7.547320127E-1
3.296116246E1,1.446066797E-1,5.231433362E-2,-7.104297876E-1
3.297110246E1,1.368605196E-1,4.576700553E-2,-6.738271117E-1
3.298104346E1,1.361787468E-1,3.633781523E-2,-6.537092924E-1
3.299098346E1,1.386730522E-1,2.631998435E-2,-6.462141871E-1
3.300092346E1,1.399542987E-1,8.608896285E-3,-6.387696266E-1
3.301086346E1,1.425725520E-1,-2.774755936E-3,-6.328258514E-1
3.302080346E1,1.470410675E-1,-2.091754042E-2,-6.206040978E-1
3.303074346E1,1.457672864E-1,-3.407985345E-2,-5.999623537E-1
3.304068346E1,1.443419605E-1,-3.889751062E-2,-5.739802718E-1
3.305062346E1,1.390617937E-1,-3.385923058E-2,-5.462695956E-1
3.306056346E1,1.325833946E-1,-1.644055918E-2,-5.104625821E-1
3.307050446E1,1.318970919E-1,2.345111221E-3,-4.780133367E-1
3.308044446E1,1.290376633E-1,1.817387529E-2,-4.509529769E-1
3.309038446E1,1.298379302E-1,4.662957415E-2,-4.278273284E-1
3.310032446E1,1.325674057E-1,7.680425793E-2,-4.129181504E-1
3.311026446E1,1.290389895E-1,9.690695256E-2,-4.002723098E-1
3.312020446E1,1.258517057E-1,1.074591950E-1,-3.822339177E-1
3.313014446E1,1.253196150E-1,1.113557518E-1,-3.574927747E-1
3.314008446E1,1.207949072E-1,1.176219061E-1,-3.284204006E-1
3.315002546E1,1.153270826E-1,1.255256236E-1,-2.963056862E-1
3.315996546E1,1.148538366E-1,1.415479928E-1,-2.682556808E-1
3.316990546E1,1.166251898E-1,1.531296670E-1,-2.445818484E-1
3.317984546E1,1.196137890E-1,1.540050209E-1,-2.210693508E-1
3.318978546E1,1.170213893E-1,1.646411419E-1,-2.042337507E-1
3.319972546E1,1.129438281E-1,1.678643674E-1,-1.867588907E-1
3.320966546E1,1.085065454E-1,1.641306281E-1,-1.713790148E-1
3.321960546E1,1.024856716E-1,1.606128812E-1,-1.567827612E-1
3.322954546E1,9.401796758E-2,1.468724161E-1,-1.402765661E-1
3.323948646E1,8.695445955E-2,1.360924691E-1,-1.289586723E-1
3.324942646E1,8.049009740E-2,1.277024150E-1,-1.154064685E-1
3.325936646E1,7.868820429E-2,1.178854629E-1,-1.005383134E-1
3.326930646E1,7.270576060E-2,1.074135005E-1,-8.647581935E-2
3.327924646E1,6.177002564E-2,1.027851924E-1,-7.417547703E-2
3.328918646E1,5.251022056E-2,1.024102271E-1,-6.027322635E-2
3.329912646E1,4.633115232E-2,1.000637189E-1,-4.967464507E-2
3.330906646E1,3.752700612E-2,1.049005613E-1,-4.002998024E-2
3.331900746E1,3.340389952E-2,9.846103936E-2,-2.501188219E-2
3.332894746E1,2.903435379E-2,9.324270487E-2,-7.907725871E-3
3.333888746E1,2.259163558E-2,8.493790776E-2,1.226199139E-2
3.334882746E1,1.993025281E-2,7.646469772E-2,3.190985322E-2
3.335876746E1,1.591127738E-2,7.281243801E-2,4.935249314E-2
3.336870746E1,1.325877383E-2,6.208600104E-2,6.091562286E-2
3.337864746E1,9.343927726E-3,5.626459420E-2,6.837566942E-2
3.338858746E1,2.863215283E-3,4.873338714E-2,7.298138738E-2
3.339852746E1,-9.506978095E-4,4.018996656E-2,7.943342626E-2
3.340846846E1,-1.122961380E-2,2.593497559E-2,8.658073843E-2
3.341840846E1,-1.205332950E-2,1.412518974E-2,8.877651393E-2
3.342834846E1,-1.600776799E-2,5.752685480E-3,8.542363346E-2
3.343828846E1,-2.219509147E-2,-1.258884557E-3,8.133460581E-2
3.344822846E1,-2.585400641E-2,-8.532506414E-3,7.444050163E-2
3.345816846E1,-2.559887618E-2,-1.264575869E-2,7.655052096E-2
3.346810846E1,-2.854681946E-2,-1.485495735E-2,7.772265375E-2
3.347804846E1,-2.411958016E-2,-1.634765789E-2,8.295656741E-2
3.348798925E1,-2.147195302E-2,-8.705142885E-3,8.804447949E-2
3.349792925E1,-1.994756050E-2,-5.027051084E-3,9.375376254E-2
3.350786925E1,-1.414497569E-2,1.367496327E-3,9.440210462E-2
3.351780925E1,-1.092388108E-2,6.772647612E-3,9.768977761E-2
3.352774925E1,-1.001361385E-2,1.081053261E-2,1.024704129E-1
3.353768925E1,-9.839974344E-3,1.759200543E-2,1.052670032E-1
3.354762925E1,-1.103511453E-2,1.930631138E-2,1.023818403E-1
3.355756925E1,-1.180183887E-2,2.115534432E-2,1.011922061E-1
3.356750925E1,-1.277700532E-2,2.204851061E-2,9.845183045E-2
3.357745025E1,-1.273865532E-2,2.185410075E-2,9.027965367E-2
3.358739025E1,-1.706264727E-2,1.713423803E-2,8.631178737E-2
3.359733025E1,-1.801898703E-2,1.060097106E-2,8.272612095E-2
3.360727025E1,-1.917454600E-2,1.359364018E-3,7.970429212E-2
3.361721025E1,-2.468436211E-2,-6.634646561E-3,7.822490484E-2
3.362715025E1,-2.787135914E-2,-1.135492604E-2,7.699364424E-2
3.363709025E1,-3.291565180E-2,-1.931271702E-2,7.776995748E-2
3.364703025E1,-3.768581524E-2,-2.168716490E-2,7.417827845E-2
3.365697125E1,-3.570096195E-2,-2.100379765E-2,6.864342839E-2
3.366691125E1,-3.528257459E-2,-2.607933991E-2,5.995212123E-2
3.367685125E1,-3.464767709E-2,-2.961069159E-2,5.285399780E-2
3.368679125E1,-3.281826153E-2,-2.866861038E-2,5.048267543E-2
3.369673125E1,-3.148055449E-2,-3.031950258E-2,4.506473988E-2
3.370667125E1,-2.791175619E-2,-3.003164195E-2,3.686631098E-2
3.371661125E1,-2.736447752E-2,-3.158399835E-2,3.301857784E-2
3.372655125E1,-2.382114157E-2,-2.936212346E-2,2.972424775E-2
3.373649125E1,-2.193029597E-2,-2.614049613E-2,2.518089488E-2
3.374643225E1,-1.615637355E-2,-1.959501579E-2,2.630811185E-2
3.375637225E1,-1.541095413E-2,-1.310675591E-2,2.395520918E-2
3.376631225E1,-1.439753827E-2,-4.470181651E-3,2.331446856E-2
3.377625225E1,-1.082437579E-2,-8.402932435E-4,2.178661525E-2
3.378619225E1,-8.710984141E-3,2.440693788E-3,2.121097967E-2
3.379613225E1,-6.451557856E-3,1.049835514E-2,2.133534849E-2
3.380607225E1,-3.927228972E-3,1.216474921E-2,2.142481506E-2
3.381601225E1,-3.702191636E-3,1.668919250E-2,2.077766694E-2
3.382595325E1,-1.556754578E-3,1.268016174E-2,2.056309581E-2
3.383589325E1,1.943438314E-3,7.892597467E-3,2.104778960E-2
3.384583325E1,1.176980324E-3,4.412910901E-3,2.294076607E-2
3.385577325E1,1.387636643E-3,2.470933832E-3,1.858969405E-2
3.386571325E1,-1.001758035E-3,1.471277326E-3,2.292140573E-2
3.387565325E1,2.994315000E-3,-2.134381793E-4,2.178396843E-2
3.388559325E1,4.471143708E-3,-3.193933982E-3,2.208248898E-2
3.389553325E1,7.320992183E-3,4.645879380E-3,1.643951796E-2
3.390547325E1,1.018823776E-2,1.136257499E-2,1.730319671E-2
3.391541425E1,7.549577858E-3,1.695920713E-2,1.904277317E-2
3.392535425E1,9.281611070E-3,2.264378779E-2,2.241059020E-2
3.393529425E1,1.220895723E-2,2.274392359E-2,2.617816441E-2
3.394523425E1,1.460819039E-2,2.961461246E-2,2.265157923E-2
3.395517425E1,1.784446463E-2,3.399391472E-2,1.598195732E-2
3.396511425E1,2.055964991E-2,3.269413859E-2,1.597099006E-2
3.397505425E1,2.072982676E-2,3.006133810E-2,1.583090797E-2
3.398499425E1,2.519745380E-2,2.948926389E-2,1.368347649E-2
3.399493425E1,3.144229949E-2,2.906369045E-2,1.270662900E-2
3.400487525E1,3.048311919E-2,3.129376099E-2,1.073671877E-2
3.401481525E1,3.003384359E-2,2.975871414E-2,1.524172258E-2
3.402475525E1,3.143538162E-2,2.920608036E-2,1.334916987E-2
3.403469525E1,2.933494560E-2,3.263889253E-2,1.387487818E-2
3.404463525E1,2.682251856E-2,3.558195382E-2,2.082040161E-2
3.405457525E1,2.792160586E-2,3.676865995E-2,2.588653378E-2
3.406451525E1,2.529333159E-2,3.733538091E-2,2.816114016E-2
3.407445525E1,2.702838182E-2,3.434891254E-2,3.146985173E-2
3.408439625E1,2.521050535E-2,3.618879989E-2,3.091528825E-2
3.409433625E1,1.982372999E-2,3.353362903E-2,3.118586540E-2
3.410427625E1,2.020003833E-2,2.966458909E-2,3.388099745E-2
3.411421625E1,2.251592278E-2,2.307406440E-2,3.544107825E-2
3.412415625E1,2.411567420E-2,1.604766957E-2,3.771787882E-2
3.413409625E1,2.634873614E-2,1.335734501E-2,4.352969676E-2
3.414403625E1,2.244321816E-2,8.833343163E-3,4.356611520E-2
3.415397625E1,2.570319362E-2,7.571004331E-3,4.498797655E-2
3.416391625E1,2.791432664E-2,9.595152922E-3,5.042992905E-2
3.417385725E1,2.686770260E-2,1.163353678E-2,5.519991741E-2
3.418379725E1,2.612796612E-2,1.707910933E-2,5.973025039E-2
3.419373725E1,2.681532875E-2,2.293353714E-2,6.004610285E-2
3.420367725E1,2.544681355E-2,2.743342146E-2,6.268025190E-2
3.421361725E1,2.272266522E-2,2.498251572E-2,6.391968578E-2
3.422355725E1,1.910262369E-2,2.311067283E-2,6.184383109E-2
3.423349725E1,1.622161642E-2,1.764773019E-2,6.327235699E-2
3.424343725E1,9.305747226E-3,6.872872822E-3,6.887417287E-2
3.425337725E1,5.719267763E-3,1.692225225E-3,7.350168377E-2
3.426331825E1,7.429193705E-3,-5.182931200E-3,7.637785375E-2
3.427325825E1,3.886657069E-3,-3.007661551E-3,7.771077752E-2
3.428319825E1,1.485629473E-3,-2.361095976E-3,7.591289282E-2
3.429313825E1,-3.456931096E-3,5.542663857E-4,7.578532398E-2
3.430307825E1,-5.344204139E-3,-2.260212786E-4,7.863639295E-2
3.431301825E1,-9.209781885E-3,-5.698817316E-3,8.474275470E-2
3.432295825E1,-1.410786994E-2,-9.427332319E-3,9.384295344E-2
3.433289825E1,-1.698887721E-2,-1.454140060E-2,1.006278843E-1
3.434283825E1,-2.303037047E-2,-2.160891145E-2,1.079793870E-1
3.435277925E1,-2.467806824E-2,-2.141263708E-2,1.152476892E-1
3.436271925E1,-3.380114958E-2,-2.344532311E-2,1.236927956E-1
3.437265925E1,-3.436094522E-2,-2.566826344E-2,1.300444454E-1
3.438259925E1,-3.819660470E-2,-2.292064950E-2,1.408495605E-1
3.439253925E1,-3.822669759E-2,-2.191450819E-2,1.519781053E-1
3.440247925E1,-3.794077784E-2,-1.885216311E-2,1.620311290E-1
3.441241925E1,-3.989820182E-2,-1.894537359E-2,1.683358848E-1
3.442235925E1,-4.311262444E-2,-1.852682233E-2,1.858056188E-1
3.443230025E1,-4.702587053E-2,-1.402900834E-2,2.009358406E-1
3.444224025E1,-4.572270066E-2,-1.561142877E-2,2.202105820E-1
3.445218025E1,-5.087804794E-2,-1.178766228E-2,2.374902368E-1
3.446212025E1,-5.574231222E-2,-1.078471541E-2,2.531866431E-1
3.447206025E1,-6.088727340E-2,-9.746349417E-3,2.679392397E-1
3.448200012E1,-6.630707532E-2,-8.319427259E-3,2.871336937E-1
3.449194013E1,-7.284114510E-2,-3.482594155E-3,3.117929697E-1
3.450188012E1,-8.016137034E-2,-1.274301205E-3,3.410824239E-1
3.451182012E1,-8.490072936E-2,7.919197902E-3,3.725945354E-1
3.452176112E1,-9.121970087E-2,1.449762098E-2,4.152949154E-1
3.453170113E1,-9.924220294E-2,1.293008402E-2,4.661913812E-1
3.454164112E1,-1.016661376E-1,1.359377243E-2,5.174943805E-1
3.455158113E1,-1.064720750E-1,1.858294010E-2,5.664118528E-1
3.456152112E1,-1.107847989E-1,2.341267094E-2,6.020692587E-1
3.457146112E1,-1.178504303E-1,3.340192139E-2,6.295466423E-1
3.458140113E1,-1.207938492E-1,3.802265599E-2,6.519649625E-1
3.459134112E1,-1.243779361E-1,3.371126577E-2,6.737432480E-1
3.460128112E1,-1.322254539E-1,2.372555993E-2,6.930653453E-1
3.461122213E1,-1.387198418E-1,1.613342203E-2,7.104651332E-1
3.462116212E1,-1.433376819E-1,2.025446855E-3,7.267036438E-1
3.463110212E1,-1.465236247E-1,-1.271674782E-2,7.371863723E-1
3.464104213E1,-1.484735906E-1,-2.523387037E-2,7.487823367E-1
3.465098212E1,-1.500424594E-1,-3.748521209E-2,7.636036277E-1
3.466092212E1,-1.490499824E-1,-4.966023564E-2,7.857028842E-1
3.467086212E1,-1.500499994E-1,-5.897251144E-2,8.023627996E-1
3.468080212E1,-1.448772550E-1,-6.657677144E-2,8.155209422E-1
3.469074213E1,-1.454711407E-1,-7.336197048E-2,8.265365362E-1
3.470068313E1,-1.411342621E-1,-7.725298405E-2,8.346504569E-1
3.471062312E1,-1.365008950E-1,-9.018183500E-2,8.449579477E-1
3.472056312E1,-1.323593259E-1,-1.003540158E-1,8.542471528E-1
3.473050312E1,-1.393866092E-1,-9.993562847E-2,8.599700332E-1
3.474044312E1,-1.386394203E-1,-9.810730815E-2,8.697851300E-1
3.475038313E1,-1.470134556E-1,-9.693685174E-2,8.818814754E-1
3.476032312E1,-1.514440775E-1,-9.041100740E-2,8.984184265E-1
3.477026312E1,-1.596793681E-1,-7.041439414E-2,9.122748375E-1
3.478020313E1,-1.724310219E-1,-3.646599129E-2,9.197299480E-1
3.479014412E1,-1.880547255E-1,1.558895409E-2,9.246845245E-1
3.480008412E1,-2.079352140E-1,6.096797809E-2,9.311167002E-1
3.481002413E1,-2.359932214E-1,1.804653406E-1,9.273694158E-1
3.481996412E1,-2.685887814E-1,2.910374701E-1,9.255189300E-1
3.482990412E1,-2.996047735E-1,3.595020175E-1,9.438372254E-1
3.483984413E1,-3.172434568E-1,3.924422860E-1,9.828556180E-1
3.484978412E1,-3.328639567E-1,4.039604664E-1,1.021906734E0
3.485972413E1,-3.471447825E-1,3.920798600E-1,1.055959582E0
3.486966412E1,-3.542186618E-1,3.673028946E-1,1.068496943E0
3.487960512E1,-3.562409580E-1,3.191771805E-1,1.070539474E0
3.488954512E1,-3.569978476E-1,2.542386651E-1,1.076069474E0
3.489948513E1,-3.577311933E-1,1.952616721E-1,1.087707758E0
3.490942512E1,-3.549649715E-1,1.393765658E-1,1.106286049E0
3.491936513E1,-3.527546525E-1,8.612245321E-2,1.124963880E0
3.492930512E1,-3.595017791E-1,4.081356525E-2,1.142740130E0
3.493924512E1,-3.717114627E-1,9.781636298E-3,1.160944104E0
3.494918513E1,-3.914657235E-1,7.730204612E-3,1.181478381E0
3.495912512E1,-4.100802243E-1,3.147048131E-2,1.210264683E0
3.496906612E1,-4.425553679E-1,6.903330237E-2,1.242719054E0
3.497900613E1,-4.784111679E-1,1.098730266E-1,1.284551263E0
3.498894612E1,-5.178283453E-1,1.507379115E-1,1.336483717E0
3.499888612E1,-5.509824753E-1,1.915926039E-1,1.389023900E0
3.500882613E1,-5.845327377E-1,2.336527109E-1,1.428048730E0
3.501876612E1,-6.017677188E-1,2.757179439E-1,1.442902565E0
3.502870612E1,-5.981820822E-1,3.121574223E-1,1.447335124E0
3.503864613E1,-5.990248322E-1,3.146703243E-1,1.465156794E0
3.504858712E1,-5.997263193E-1,3.059194386E-1,1.488875151E0
3.505852712E1,-6.107442975E-1,2.985704243E-1,1.516643643E0
3.506846713E1,-6.312136650E-1,2.876370847E-1,1.543870807E0
3.507840712E1,-6.510889530E-1,2.825585306E-1,1.575853109E0
3.508834712E1,-6.700879335E-1,2.722915113E-1,1.610754371E0
3.509828713E1,-6.887758970E-1,2.634614408E-1,1.651365161E0
3.510822712E1,-7.051591277E-1,2.657983601E-1,1.679810047E0
3.511816713E1,-7.187343836E-1,2.863129079E-1,1.689916730E0
3.512810712E1,-7.336131930E-1,2.956041694E-1,1.695972800E0
3.513804712E1,-7.539873719E-1,2.837271988E-1,1.711000443E0
3.514798812E1,-7.812781334E-1,2.610823512E-1,1.734816074E0
3.515792813E1,-8.057239652E-1,2.357287109E-1,1.762257695E0
3.516786812E1,-8.321960568E-1,2.288939953E-1,1.787341237E0
3.517780813E1,-8.613214493E-1,2.244028300E-1,1.811689496E0
3.518774812E1,-8.860385418E-1,2.161289155E-1,1.826995015E0
3.519768812E1,-9.120675325E-1,2.257970572E-1,1.826361656E0
3.520762813E1,-9.421471357E-1,2.506310344E-1,1.823978186E0
3.521756812E1,-9.796208143E-1,2.851615846E-1,1.823769331E0
3.522750912E1,-1.016028762E0,3.191832006E-1,1.841331005E0
3.523744913E1,-1.054460406E0,3.410021663E-1,1.863606215E0
3.524738912E1,-1.094336152E0,3.610989153E-1,1.877802491E0
3.525732912E1,-1.134203315E0,3.857826889E-1,1.887287140E0
3.526726913E1,-1.167857647E0,3.890879452E-1,1.898594141E0
3.527720912E1,-1.199350476E0,3.684266508E-1,1.906372547E0
3.528714912E1,-1.212531805E0,3.424744010E-1,1.918067575E0
3.529708913E1,-1.223428726E0,3.146867752E-1,1.928622484E0
3.530702912E1,-1.231736779E0,2.806918025E-1,1.938681245E0
3.531697012E1,-1.235088110E0,2.499210238E-1,1.934930921E0
3.532691013E1,-1.236762404E0,2.373032272E-1,1.915247440E0
3.533685012E1,-1.233071446E0,2.360431105E-1,1.900850415E0
3.534679012E1,-1.229343653E0,2.402373105E-1,1.896384597E0
3.535673013E1,-1.222940922E0,2.368419319E-1,1.893079638E0
3.536667012E1,-1.223216295E0,2.357122153E-1,1.888208747E0
3.537661013E1,-1.216871500E0,2.528280318E-1,1.868670821E0
3.538655012E1,-1.214148402E0,2.658972144E-1,1.839078546E0
3.539649012E1,-1.215508580E0,2.715057135E-1,1.821217775E0
3.540643013E1,-1.210469604E0,2.563534081E-1,1.809811473E0
3.541637113E1,-1.202422023E0,2.464720011E-1,1.804684401E0
3.542631112E1,-1.187790990E0,2.403696328E-1,1.790984869E0
3.543625113E1,-1.173447728E0,2.289295793E-1,1.771375299E0
3.544619112E1,-1.156103134E0,2.168457508E-1,1.743503213E0
3.545613112E1,-1.134971023E0,2.061121762E-1,1.710860610E0
3.546607113E1,-1.112721205E0,2.064306885E-1,1.682365417E0
3.547601112E1,-1.093391657E0,2.087372690E-1,1.651193500E0
3.548595125E1,-1.072842956E0,2.148161978E-1,1.620743752E0
3.549589125E1,-1.054165006E0,2.158846855E-1,1.586470127E0
3.550583225E1,-1.038053989E0,2.176410407E-1,1.554887414E0
3.551577225E1,-1.027185202E0,2.272475660E-1,1.524255037E0
3.552571225E1,-1.016483784E0,2.346359789E-1,1.497384787E0
3.553565225E1,-9.967809916E-1,2.367066443E-1,1.469006658E0
3.554559225E1,-9.807552099E-1,2.368206233E-1,1.436845779E0
3.555553225E1,-9.556181431E-1,2.266912907E-1,1.399009824E0
3.556547225E1,-9.384202361E-1,2.065143734E-1,1.351782441E0
3.557541225E1,-9.129726887E-1,1.937573999E-1,1.296206236E0
3.558535325E1,-8.938637376E-1,1.831252575E-1,1.246050715E0
3.559529325E1,-8.702266216E-1,1.789141297E-1,1.201837420E0
3.560523325E1,-8.428645134E-1,1.802031100E-1,1.155251026E0
3.561517325E1,-8.183068633E-1,1.959265471E-1,1.108623624E0
3.562511325E1,-7.993467450E-1,2.111742049E-1,1.070453286E0
3.563505325E1,-7.790740132E-1,2.277137637E-1,1.031672835E0
3.564499325E1,-7.509704828E-1,2.423896492E-1,9.919332266E-1
3.565493325E1,-7.254303098E-1,2.460339069E-1,9.518250227E-1
3.566487325E1,-6.935493350E-1,2.427986860E-1,9.147770405E-1
3.567481325E1,-6.614441276E-1,2.455378175E-1,8.739852309E-1
3.568475425E1,-6.245385408E-1,2.410645187E-1,8.309421539E-1
3.569469425E1,-5.894722939E-1,2.363544106E-1,7.895741463E-1
3.570463425E1,-5.597513914E-1,2.386604548E-1,7.542499304E-1
3.571457425E1,-5.349929929E-1,2.476058602E-1,7.213012576E-1
3.572451425E1,-5.168810487E-1,2.521910369E-1,6.993796825E-1
3.573445425E1,-4.995740056E-1,2.562372684E-1,6.814659834E-1
3.574439425E1,-4.740550816E-1,2.603957951E-1,6.563529372E-1
3.575433425E1,-4.474954307E-1,2.504947484E-1,6.282318234E-1
3.576427425E1,-4.227658510E-1,2.358249724E-1,5.923047066E-1
3.577421525E1,-3.952856660E-1,2.310898155E-1,5.634331107E-1
3.578415525E1,-3.715134859E-1,2.218126953E-1,5.370801091E-1
3.579409525E1,-3.518206179E-1,2.144775391E-1,5.092611313E-1
3.580403525E1,-3.324705958E-1,2.102622837E-1,4.849925041E-1
3.581397525E1,-3.255511820E-1,2.021407038E-1,4.659578204E-1
3.582391525E1,-3.171316087E-1,1.896922886E-1,4.444216490E-1
3.583385525E1,-2.996430397E-1,1.815300882E-1,4.151601195E-1
3.584379525E1,-2.855405211E-1,1.797239333E-1,3.768281937E-1
3.585373525E1,-2.659654915E-1,1.767276824E-1,3.368350565E-1
3.586367625E1,-2.467984706E-1,1.759140790E-1,3.027900159E-1
3.587361625E1,-2.274743915E-1,1.771799624E-1,2.744222581E-1
3.588355625E1,-2.092695683E-1,1.789440215E-1,2.456526309E-1
3.589349625E1,-1.947089881E-1,1.770834625E-1,2.199272215E-1
3.590343625E1,-1.815553755E-1,1.656044424E-1,2.079046518E-1
3.591337625E1,-1.637812555E-1,1.518859267E-1,1.994082481E-1
3.592331625E1,-1.498318762E-1,1.337159872E-1,1.837371439E-1
3.593325625E1,-1.397723258E-1,1.314604729E-1,1.635755748E-1
3.594319625E1,-1.271785051E-1,1.295872033E-1,1.479667872E-1
3.595313725E1,-1.230054423E-1,1.244422197E-1,1.410376430E-1
3.596307725E1,-1.169230491E-1,1.160790920E-1,1.374354511E-1
3.597301725E1,-1.127045974E-1,1.090520769E-1,1.426254213E-1
3.598295725E1,-1.079186350E-1,9.217509627E-2,1.389545202E-1
3.599289725E1,-9.596022964E-2,7.715636492E-2,1.315889359E-1
3.600283725E1,-8.632331342E-2,6.225518137E-2,1.249206439E-1
3.601277725E1,-8.019059896E-2,5.289080366E-2,1.192647070E-1
3.602271725E1,-7.356305420E-2,4.575699568E-2,1.136046872E-1
3.603265725E1,-6.441872567E-2,3.803100809E-2,1.056750789E-1
3.604259825E1,-5.621273443E-2,3.510738909E-2,1.036872938E-1
3.605253825E1,-5.304497853E-2,2.776750177E-2,1.086793765E-1
3.606247825E1,-5.428148434E-2,1.027319767E-2,1.083845645E-1
3.607241825E1,-4.470378906E-2,2.895330079E-3,9.730187058E-2
3.608235825E1,-3.923126310E-2,-1.166736707E-2,8.206272870E-2
3.609229825E1,-3.293192387E-2,-2.183657512E-2,7.046754658E-2
3.610223825E1,-2.660078928E-2,-1.792785153E-2,6.577691436E-2
3.611217825E1,-2.782646380E-2,-8.946996182E-3,6.136518717E-2
3.612211825E1,-2.446981519E-2,-7.676300593E-4,5.637709051E-2
3.613205825E1,-2.069636062E-2,-8.494951762E-4,5.122193694E-2
3.614199925E1,-1.454179548E-2,-8.025116287E-3,4.251712933E-2
3.615193925E1,-4.717049189E-3,-1.564793289E-2,3.166077286E-2
3.616187925E1,7.181688212E-3,-2.095082030E-2,2.080519497E-2
3.617181925E1,1.358074788E-2,-3.173219413E-2,1.312963292E-2
3.618175925E1,1.540155150E-2,-4.021969065E-2,6.480784621E-3
3.619169925E1,1.594658569E-2,-4.073927924E-2,2.229696140E-3
3.620163925E1,8.991472423E-3,-4.020158947E-2,1.756718382E-3
3.621157925E1,2.099824138E-3,-3.613170609E-2,3.156587947E-3
3.622151925E1,-7.493947167E-3,-3.537350520E-2,3.562986385E-3
3.623146025E1,-1.097412594E-2,-3.600550070E-2,5.499394611E-4
3.624140025E1,-1.874203421E-2,-3.564757109E-2,5.378782749E-3
3.625134025E1,-2.317753993E-2,-3.437004983E-2,5.012302659E-3
3.626128025E1,-2.994143777E-2,-3.653280437E-2,3.813614137E-3
3.627122025E1,-2.606295049E-2,-3.483839333E-2,1.872102730E-3
3.628116025E1,-2.432603762E-2,-3.345301747E-2,-3.327289596E-4
3.629110025E1,-1.803129166E-2,-3.124363720E-2,-3.837857395E-3
3.630104025E1,-1.214330737E-2,-2.829365432E-2,-4.894066602E-3
3.631098025E1,-9.737286717E-3,-1.859087311E-2,-1.211446710E-2
3.632092025E1,-7.197963540E-3,-1.385896839E-2,-1.592518389E-2
3.633086125E1,-3.365040291E-3,-1.376902219E-2,-1.358448807E-2
3.634080125E1,-2.444119658E-3,-7.141745649E-3,-1.645857096E-2
3.635074125E1,-4.508335609E-3,-1.736860722E-3,-1.029335428E-2
3.636068125E1,-7.903866470E-3,-1.174667384E-3,-5.123359151E-3
3.637062125E1,-1.093714684E-2,2.941126935E-3,7.243230939E-4
3.638056125E1,-1.719238050E-2,8.266117424E-3,3.443144262E-3
3.639050125E1,-2.353663370E-2,7.049982436E-3,4.526857752E-3
3.640044125E1,-3.065579385E-2,5.441466346E-4,7.980711758E-3
3.641038125E1,-3.451700881E-2,-5.717193242E-3,1.159955282E-2
3.642032225E1,-3.760547563E-2,-5.707073025E-3,1.268638857E-2
3.643026225E1,-4.115325212E-2,-4.118732177E-3,1.719682850E-2
3.644020225E1,-4.377540201E-2,-1.012655720E-2,1.532196347E-2
3.645014225E1,-3.933146968E-2,-1.863636449E-2,1.388730202E-2
3.646008225E1,-3.474470600E-2,-1.899589226E-2,1.227715518E-2
3.647002225E1,-3.562799841E-2,-1.980590075E-2,7.200561464E-3
3.647996225E1,-2.940871939E-2,-2.137530223E-2,7.757429034E-3
3.648990246E1,-2.845701948E-2,-2.044701949E-2,5.830667913E-3
3.649984246E1,-2.912227809E-2,-2.311843634E-2,6.431743503E-3
3.650978346E1,-3.362610936E-2,-2.870049886E-2,5.854679272E-3
3.651972346E1,-3.264207020E-2,-3.698159754E-2,7.974555716E-3
3.652966346E1,-2.916887775E-2,-4.565854743E-2,8.717628196E-3
3.653960346E1,-2.564018965E-2,-4.295650497E-2,9.308583103E-3
3.654954346E1,-2.253323980E-2,-4.414488375E-2,1.145460177E-2
3.655948346E1,-1.970336586E-2,-4.685757682E-2,8.685979992E-3
3.656942346E1,-1.376666036E-2,-4.771963134E-2,1.042234804E-2
3.657936346E1,-1.147927064E-2,-4.800192639E-2,3.565507010E-3
3.658930346E1,-6.563147530E-3,-5.549512804E-2,1.982597634E-3
3.659924346E1,7.890411653E-4,-5.373717844E-2,2.542926930E-3
3.660918446E1,9.231846780E-4,-5.499280244E-2,2.762620803E-3
3.661912446E1,2.692056354E-3,-5.806582421E-2,4.065223038E-4
3.662906446E1,8.260814473E-3,-6.303267926E-2,7.265790366E-3
3.663900446E1,1.321509294E-2,-6.280551106E-2,4.522468429E-3
3.664894446E1,1.354273409E-2,-6.042087823E-2,7.905846462E-3
3.665888446E1,1.655929722E-2,-5.956733227E-2,1.110643335E-2
3.666882446E1,1.836049184E-2,-5.412239209E-2,1.392028108E-2
3.667876446E1,2.025453188E-2,-5.153007060E-2,1.574774086E-2
3.668870446E1,2.087550424E-2,-5.186237767E-2,1.548541524E-2
3.669864546E1,2.200841345E-2,-4.468249530E-2,1.432294585E-2
3.670858546E1,1.952373609E-2,-4.339666665E-2,1.413286757E-2
3.671852546E1,2.072428912E-2,-3.400502726E-2,1.554674003E-2
3.672846546E1,1.676925644E-2,-2.805341966E-2,1.188438572E-2
3.673840546E1,2.157732658E-2,-1.546252612E-2,7.822799496E-3
3.674834546E1,2.092082426E-2,-1.406815462E-2,9.100465104E-3
3.675828546E1,1.976448111E-2,-1.587537676E-2,5.618648604E-3
3.676822546E1,1.796605811E-2,-9.009048343E-3,3.815342207E-3
3.677816546E1,1.204132475E-2,-6.406607106E-3,-2.371901646E-4
3.678810646E1,9.830102324E-3,-2.244885545E-3,-8.012475446E-4
3.679804646E1,4.226278514E-3,-3.626000602E-3,-2.574114129E-3
3.680798646E1,1.611695159E-3,-4.941588268E-3,-2.914329991E-3
3.681792646E1,-7.194580045E-3,-1.085726824E-2,-4.754066467E-4
3.682786646E1,-7.865913212E-3,-1.623359136E-2,-2.175481059E-3
3.683780646E1,-6.862966344E-3,-1.707941107E-2,-5.396308377E-3
3.684774646E1,-2.282596193E-3,-1.418695226E-2,-9.003560990E-3
3.685768646E1,-1.009871252E-3,-1.677900553E-2,-1.045871153E-2
3.686762646E1,2.421177924E-4,-1.380500104E-2,-1.659211889E-2
3.687756646E1,-1.964311581E-3,-1.397491060E-2,-1.312095579E-2
3.688750746E1,-1.043227501E-3,-1.603452861E-2,-1.377720293E-2
3.689744746E1,-2.130862325E-3,-2.131610736E-2,-1.447495166E-2
3.690738746E1,-1.490710769E-3,-2.320575342E-2,-1.167003438E-2
3.691732746E1,-3.480092157E-3,-2.904073894E-2,-8.430831134E-3
3.692726746E1,-1.844292507E-3,-3.469371051E-2,-8.539551869E-3
3.693720746E1,2.591734752E-3,-3.503299877E-2,-8.403463289E-3
3.694714746E1,1.253094524E-6,-3.711681068E-2,-1.008118689E-2
3.695708746E1,4.454591312E-3,-3.622092307E-2,-1.237576641E-2
3.696702746E1,6.613978650E-3,-3.897327930E-2,-1.608409360E-2
3.697696846E1,3.495150711E-3,-4.813881591E-2,-1.849345490E-2
3.698690846E1,7.538005244E-3,-5.292658135E-2,-1.781198382E-2
3.699684846E1,8.630966768E-3,-5.456788838E-2,-2.300594747E-2
3.700678846E1,9.016618133E-3,-5.258385465E-2,-2.537506819E-2
3.701672846E1,1.491285581E-2,-5.195987597E-2,-2.658148110E-2
3.702666846E1,1.684353687E-2,-5.205638334E-2,-2.896604128E-2
3.703660846E1,2.170673572E-2,-5.190058798E-2,-3.964211792E-2
3.704654846E1,3.421206772E-2,-5.091562122E-2,-4.023779556E-2
3.705648846E1,3.476307914E-2,-5.263601989E-2,-4.259975255E-2
3.706642846E1,4.439569265E-2,-5.234232545E-2,-4.653602093E-2
3.707636946E1,4.694274068E-2,-5.405607074E-2,-4.915737361E-2
3.708630946E1,5.476573855E-2,-5.039331689E-2,-5.243401229E-2
3.709624946E1,5.886860564E-2,-4.721004143E-2,-5.534590781E-2
3.710618946E1,6.316640228E-2,-4.747413471E-2,-5.839996040E-2
3.711612946E1,7.504756004E-2,-5.216316506E-2,-6.181067228E-2
3.712606946E1,8.690926433E-2,-5.280434340E-2,-7.169359177E-2
3.713600946E1,1.019550562E-1,-5.888274312E-2,-8.574682474E-2
3.714594946E1,1.172007695E-1,-6.637291610E-2,-9.926514328E-2
3.715588946E1,1.340247691E-1,-8.209516108E-2,-1.219515428E-1
3.716582946E1,1.520886272E-1,-9.013029933E-2,-1.469391286E-1
3.717577046E1,1.644483656E-1,-9.225310385E-2,-1.779729426E-1
3.718571046E1,1.821192354E-1,-9.825108945E-2,-2.071723640E-1
3.719565046E1,2.000473738E-1,-1.141674742E-1,-2.339075655E-1
3.720559046E1,2.178495377E-1,-1.201809794E-1,-2.664871514E-1
3.721553046E1,2.401292771E-1,-1.327265948E-1,-3.008371592E-1
3.722547046E1,2.640830576E-1,-1.498513371E-1,-3.397649527E-1
3.723541046E1,2.915586233E-1,-1.733516008E-1,-3.767091334E-1
3.724535046E1,3.181825280E-1,-1.977000833E-1,-4.173060954E-1
3.725529046E1,3.439962566E-1,-2.192109674E-1,-4.599685967E-1
3.726523146E1,3.705312908E-1,-2.364030629E-1,-4.987718761E-1
3.727517146E1,4.003003836E-1,-2.549959421E-1,-5.415286422E-1
3.728511146E1,4.307552278E-1,-2.779923975E-1,-5.855263472E-1
3.729505146E1,4.602790177E-1,-2.995142043E-1,-6.322749257E-1
3.730499146E1,4.975038469E-1,-3.261445165E-1,-6.804286838E-1
3.731493146E1,5.243421197E-1,-3.591647744E-1,-7.303384542E-1
3.732487146E1,5.505275726E-1,-3.883113265E-1,-7.785786390E-1
3.733481146E1,5.717574954E-1,-4.103580415E-1,-8.251037598E-1
3.734475146E1,5.868532658E-1,-4.144373238E-1,-8.733258843E-1
3.735469146E1,5.983554125E-1,-4.121273160E-1,-9.126653075E-1
3.736463246E1,6.066291928E-1,-4.007713795E-1,-9.479888678E-1
3.737457246E1,6.137315631E-1,-3.873676956E-1,-9.735866189E-1
3.738451246E1,6.258940101E-1,-3.749570549E-1,-9.929396510E-1
3.739445246E1,6.457468271E-1,-3.707018793E-1,-1.016345263E0
3.740439246E1,6.618830562E-1,-3.804745376E-1,-1.042818069E0
3.741433246E1,6.888443828E-1,-3.903540671E-1,-1.073480964E0
3.742427246E1,7.123016119E-1,-4.012266695E-1,-1.103568435E0
3.743421246E1,7.260144949E-1,-4.015020430E-1,-1.132700443E0
3.744415246E1,7.350618243E-1,-4.019507468E-1,-1.151568294E0
3.745409346E1,7.293145061E-1,-4.008330107E-1,-1.157798171E0
3.746403346E1,7.245300412E-1,-3.972429931E-1,-1.164369345E0
3.747397346E1,7.200532556E-1,-3.916178644E-1,-1.174186587E0
3.748391396E1,7.159640789E-1,-3.834588230E-1,-1.191142559E0
3.749385396E1,7.245780826E-1,-3.806912601E-1,-1.218562484E0
3.750379396E1,7.352192402E-1,-3.888854384E-1,-1.262448907E0
3.751373396E1,7.444319129E-1,-3.996954858E-1,-1.310583711E0
3.752367396E1,7.613163590E-1,-4.087930024E-1,-1.362930298E0
3.753361396E1,7.712193131E-1,-4.180924892E-1,-1.420711040E0
3.754355396E1,7.857073545E-1,-4.278092682E-1,-1.480594277E0
3.755349496E1,8.001728654E-1,-4.279280305E-1,-1.537606716E0
3.756343496E1,8.148031235E-1,-4.153257310E-1,-1.585496545E0
3.757337496E1,8.228484988E-1,-4.012458622E-1,-1.636102200E0
3.758331496E1,8.278868794E-1,-3.848002553E-1,-1.674464226E0
3.759325496E1,8.328520656E-1,-3.681355119E-1,-1.712107539E0
3.760319496E1,8.474138975E-1,-3.511320651E-1,-1.749855280E0
3.761313496E1,8.668871522E-1,-3.321602345E-1,-1.787618876E0
3.762307496E1,8.830971718E-1,-3.167893589E-1,-1.824100971E0
3.763301496E1,8.999142647E-1,-3.235021234E-1,-1.847512245E0
3.764295596E1,9.200533628E-1,-3.402499855E-1,-1.865977049E0
3.765289596E1,9.428303242E-1,-3.616239727E-1,-1.889031768E0
3.766283596E1,9.736592174E-1,-3.672590256E-1,-1.937495351E0
3.767277596E1,1.004636526E0,-3.750045598E-1,-1.995801449E0
3.768271596E1,1.016172886E0,-3.999050260E-1,-2.032963753E0
3.769265596E1,1.031852722E0,-4.052292109E-1,-2.058279276E0
3.770259596E1,1.054591060E0,-4.039594829E-1,-2.080220222E0
3.771253596E1,1.064924836E0,-3.942842185E-1,-2.101020575E0
3.772247596E1,1.080142021E0,-3.698149025E-1,-2.118907452E0
3.773241596E1,1.089732170E0,-3.536625803E-1,-2.140096664E0
3.774235696E1,1.099517226E0,-3.465423882E-1,-2.167216778E0
3.775229696E1,1.115243435E0,-3.465729952E-1,-2.202989578E0
3.776223696E1,1.122779965E0,-3.675343096E-1,-2.254745722E0
3.777217696E1,1.131716728E0,-4.065983593E-1,-2.313692093E0
3.778211696E1,1.148368239E0,-4.327487946E-1,-2.365998507E0
3.779205696E1,1.157202721E0,-4.394026995E-1,-2.402155876E0
3.780199696E1,1.150336504E0,-4.433498681E-1,-2.413273573E0
3.781193696E1,1.121352792E0,-4.265868664E-1,-2.400003910E0
3.782187696E1,1.081119180E0,-3.931194246E-1,-2.378007174E0
3.783181696E1,1.041644692E0,-3.535717726E-1,-2.368542910E0
3.784175796E1,1.014133811E0,-2.932038903E-1,-2.383272171E0
3.785169796E1,1.002705455E0,-2.243007421E-1,-2.426699638E0
3.786163796E1,1.007808566E0,-1.806905866E-1,-2.491147041E0
3.787157796E1,1.009321690E0,-1.457216889E-1,-2.552635670E0
3.788151796E1,9.835043550E-1,-1.034118384E-1,-2.573992968E0
3.789145796E1,9.337383509E-1,-4.484945536E-2,-2.532520533E0
3.790139796E1,8.576939106E-1,5.307468586E-3,-2.442585468E0
3.791133796E1,7.885598540E-1,3.884651884E-2,-2.343411922E0
3.792127796E1,7.526256442E-1,7.604975253E-2,-2.285574675E0
3.793121896E1,7.442742586E-1,1.086686850E-1,-2.281142712E0
3.794115896E1,7.436958551E-1,1.452354193E-1,-2.311450720E0
3.795109896E1,7.284860611E-1,1.915448606E-1,-2.329435587E0
3.796103896E1,6.950191855E-1,2.326972783E-1,-2.313297510E0
3.797097896E1,6.590731740E-1,2.670992017E-1,-2.264541626E0
3.798091896E1,6.168561578E-1,2.994822264E-1,-2.188022375E0
3.799085896E1,5.722844601E-1,3.270291686E-1,-2.121256113E0
3.800079896E1,5.378124714E-1,3.410628438E-1,-2.062621593E0
3.801073896E1,5.087272525E-1,3.346012235E-1,-2.023755789E0
3.802067896E1,5.015889406E-1,3.063166738E-1,-1.986848831E0
3.803061996E1,5.063429475E-1,2.627521455E-1,-1.962829471E0
3.804055996E1,5.148617029E-1,2.008740753E-1,-1.955965400E0
3.805049996E1,5.144582391E-1,1.436019987E-1,-1.955057859E0
3.806043996E1,4.942175448E-1,1.045239270E-1,-1.936402202E0
3.807037996E1,4.607765079E-1,6.010266021E-2,-1.887709498E0
3.808031996E1,4.265596867E-1,2.592581324E-3,-1.828450799E0
3.809025996E1,4.092464745E-1,-2.556848340E-2,-1.771833420E0
3.810019996E1,4.017352760E-1,-2.101787180E-2,-1.738998413E0
3.811013996E1,3.945316970E-1,-2.498249058E-3,-1.730548739E0
3.812007996E1,3.856078088E-1,2.129997686E-2,-1.730145693E0
3.813002096E1,3.715782762E-1,4.178767651E-2,-1.718683958E0
3.813996096E1,3.495745957E-1,5.874276906E-2,-1.696596861E0
3.814990096E1,3.218284547E-1,7.403011620E-2,-1.667110085E0
3.815984096E1,2.988593876E-1,9.722223878E-2,-1.630914927E0
3.816978096E1,2.831531167E-1,1.242362708E-1,-1.593267441E0
3.817972096E1,2.704385221E-1,1.453956962E-1,-1.548533440E0
3.818966096E1,2.627920508E-1,1.464239508E-1,-1.499240160E0
3.819960096E1,2.620710433E-1,1.407809407E-1,-1.464584112E0
3.820954096E1,2.739380896E-1,1.267151982E-1,-1.456340313E0
3.821948196E1,2.955779731E-1,1.052115262E-1,-1.478416204E0
3.822942196E1,3.165173233E-1,7.450048625E-2,-1.510675073E0
3.823936196E1,3.205014467E-1,2.679296210E-2,-1.531590104E0
3.824930196E1,3.103470802E-1,-2.145871893E-2,-1.508324146E0
3.825924196E1,2.833994925E-1,-6.434068829E-2,-1.431036472E0
3.826918196E1,2.577399313E-1,-8.873364329E-2,-1.313757062E0
3.827912196E1,2.426294386E-1,-8.318574727E-2,-1.185639024E0
3.828906196E1,2.338013202E-1,-3.680120409E-2,-1.075056791E0
3.829900196E1,2.203626633E-1,3.699513525E-2,-9.893114567E-1
3.830894196E1,2.061283290E-1,1.280733794E-1,-9.181408882E-1
3.831888296E1,1.828795522E-1,2.226915359E-1,-8.383489847E-1
3.832882296E1,1.626829356E-1,2.894417942E-1,-7.454068065E-1
3.833876296E1,1.525413692E-1,3.405741155E-1,-6.523001194E-1
3.834870296E1,1.345855445E-1,3.686142862E-1,-5.746362209E-1
3.835864296E1,1.287856847E-1,3.687909544E-1,-5.154410005E-1
3.836858296E1,1.275824755E-1,3.417052627E-1,-4.688330293E-1
3.837852296E1,1.316203624E-1,2.940953970E-1,-4.298304915E-1
3.838846296E1,1.383653432E-1,2.389243096E-1,-3.962126076E-1
3.839840296E1,1.471435875E-1,1.861995310E-1,-3.596906662E-1
3.840834296E1,1.423911750E-1,1.420493722E-1,-3.214021325E-1
3.841828396E1,1.433250308E-1,1.222879067E-1,-2.813552320E-1
3.842822396E1,1.384956688E-1,1.244000569E-1,-2.458331883E-1
3.843816396E1,1.397119313E-1,1.385329962E-1,-2.191487700E-1
3.844810396E1,1.311946064E-1,1.596204489E-1,-2.021641880E-1
3.845804396E1,1.208071336E-1,1.738222539E-1,-1.976217330E-1
3.846798396E1,1.104029641E-1,1.799392700E-1,-1.932155490E-1
3.847792396E1,1.052515954E-1,1.812388152E-1,-1.939685196E-1
3.848786396E1,9.770525992E-2,1.710788608E-1,-1.982729882E-1
3.849780396E1,8.834788203E-2,1.519883126E-1,-1.974506378E-1
3.850774396E1,8.579044789E-2,1.270986795E-1,-1.898755431E-1
3.851768496E1,8.421016484E-2,1.084595397E-1,-1.857414097E-1
3.852762496E1,8.630155027E-2,9.674801677E-2,-1.833480150E-1
3.853756496E1,8.927263319E-2,8.875051141E-2,-1.873920262E-1
3.854750496E1,8.974587917E-2,8.581916988E-2,-1.926054209E-1
3.855744496E1,8.845812827E-2,8.825951070E-2,-1.907527149E-1
3.856738496E1,8.586474508E-2,8.981186897E-2,-1.839206368E-1
3.857732496E1,8.246470988E-2,9.575663507E-2,-1.598748565E-1
3.858726496E1,8.155284822E-2,1.041067094E-1,-1.285424978E-1
3.859720496E1,8.417800814E-2,1.120747402E-1,-9.363410622E-2
3.860714496E1,8.987823874E-2,1.270771325E-1,-6.178190187E-2
3.861708596E1,8.271633089E-2,1.456877589E-1,-3.866322711E-2
3.862702596E1,7.424534857E-2,1.578802317E-1,-2.405978367E-2
3.863696596E1,6.263568252E-2,1.688880622E-1,-4.002942704E-3
3.864690596E1,5.616952851E-2,1.803007722E-1,1.460056938E-2
3.865684596E1,5.189457536E-2,1.820446253E-1,2.893317491E-2
3.866678596E1,5.116220936E-2,1.788507104E-1,4.565037042E-2
3.867672596E1,4.818475991E-2,1.759501994E-1,6.007526442E-2
3.868666596E1,4.603559151E-2,1.693548709E-1,6.421408057E-2
3.869660596E1,3.593157604E-2,1.559041142E-1,6.892877817E-2
3.870654696E1,2.628640831E-2,1.362121701E-1,7.585885376E-2
3.871648696E1,1.669262722E-2,1.133666039E-1,7.513295859E-2
3.872642696E1,8.915929124E-3,9.449703991E-2,7.319045067E-2
3.873636696E1,-7.816320285E-4,7.376029342E-2,7.024954259E-2
3.874630696E1,-2.328662202E-3,5.830650777E-2,6.727080047E-2
3.875624696E1,-1.314198598E-2,4.589117318E-2,6.647741050E-2
3.876618696E1,-1.841238141E-2,3.248642385E-2,7.131664455E-2
3.877612696E1,-2.430400252E-2,2.774912864E-2,7.429621369E-2
3.878606696E1,-2.702974901E-2,2.194130607E-2,7.822171599E-2
3.879600696E1,-3.285986185E-2,2.628895827E-2,7.518023252E-2
3.880594796E1,-3.692757338E-2,3.394314647E-2,7.197111845E-2
3.881588796E1,-4.418492690E-2,3.813564405E-2,7.187251747E-2
3.882582796E1,-4.804011807E-2,3.960091621E-2,6.614565849E-2
3.883576796E1,-5.016326904E-2,4.431147873E-2,6.574474275E-2
3.884570796E1,-4.693605006E-2,3.664343804E-2,6.449305266E-2
3.885564796E1,-4.544617981E-2,3.037482500E-2,5.852548778E-2
3.886558796E1,-3.924633935E-2,1.926571503E-2,5.324417353E-2
3.887552796E1,-3.342301399E-2,1.308750547E-2,5.208444968E-2
3.888546796E1,-2.938965708E-2,3.758451901E-3,4.871049151E-2
3.889540796E1,-2.194080502E-2,5.331764929E-3,4.695377499E-2
3.890534896E1,-1.682620309E-2,9.454337880E-3,4.758547992E-2
3.891528896E1,-1.626921073E-2,1.983027719E-2,4.725939035E-2
3.892522896E1,-1.546200737E-2,2.821763605E-2,5.361369252E-2
3.893516896E1,-1.616419852E-2,3.463029861E-2,5.519358814E-2
3.894510896E1,-1.178969070E-2,3.652806580E-2,5.753796920E-2
3.895504896E1,-7.973758504E-3,3.688918054E-2,5.742704496E-2
3.896498896E1,-4.183014855E-3,3.021476604E-2,5.520224199E-2
3.897492896E1,-1.044157427E-3,2.067272365E-2,5.969083309E-2
3.898486896E1,5.392969586E-3,8.976653218E-3,6.033771485E-2
3.899480896E1,1.013635378E-2,4.556396045E-3,5.862727016E-2
3.900474996E1,3.373522777E-3,3.429612145E-3,5.752818286E-2
3.901468996E1,4.025549628E-3,-5.871620961E-3,5.460770056E-2
3.902462996E1,-6.479956210E-5,-1.053588092E-2,5.831508711E-2
3.903456996E1,-3.558765166E-4,-1.027001627E-2,6.074957550E-2
3.904450996E1,7.085888647E-4,-5.583651364E-3,6.060763076E-2
3.905444996E1,3.509029746E-3,-6.539992522E-3,6.140620634E-2
3.906438996E1,4.552989267E-3,-5.517072510E-3,6.013907492E-2
3.907432996E1,6.884010974E-3,-6.442397833E-3,6.037773564E-2
3.908426996E1,6.811573170E-3,-4.426384810E-3,5.953564495E-2
3.909420996E1,5.296331365E-3,-7.929751649E-3,5.940074474E-2
3.910415096E1,9.113440290E-3,-7.832280360E-3,5.604916066E-2
3.911409096E1,1.080302149E-2,-7.428053301E-3,5.590110645E-2
3.912403096E1,1.090102550E-2,-1.246728655E-2,6.191931665E-2
3.913397096E1,1.366460696E-2,-8.788682520E-3,5.849849805E-2
3.914391096E1,1.607636549E-2,-3.594187088E-3,5.384249613E-2
3.915385096E1,1.656354964E-2,3.334498033E-3,5.393520370E-2
3.916379096E1,1.336029824E-2,6.756393239E-3,5.325263366E-2
3.917373096E1,1.570006460E-2,1.191934291E-2,5.117303506E-2
3.918367096E1,1.431176066E-2,1.980283111E-2,4.929710552E-2
3.919361096E1,1.267487369E-2,2.046790347E-2,4.440217093E-2
3.920355196E1,1.467916835E-2,2.178803086E-2,4.160638526E-2
3.921349196E1,1.324702799E-2,2.289369702E-2,3.878800571E-2
3.922343196E1,1.174500585E-2,1.949230582E-2,3.509792686E-2
3.923337196E1,1.617934927E-2,2.273431793E-2,3.203295916E-2
3.924331196E1,1.275212783E-2,2.066850290E-2,3.085796908E-2
3.925325196E1,1.543719508E-2,1.998607442E-2,2.952498570E-2
3.926319196E1,1.573546790E-2,1.647336595E-2,2.900353819E-2
3.927313196E1,9.524072520E-3,1.488122717E-2,3.004381992E-2
3.928307196E1,9.718483314E-3,1.307320781E-2,2.760276571E-2
3.929301196E1,9.757190011E-3,1.371762995E-2,2.723128721E-2
3.930295296E1,7.606154773E-3,1.291335467E-2,2.830746956E-2
3.931289296E1,6.061276421E-3,1.455197670E-2,2.784568816E-2
3.932283296E1,3.238325473E-3,1.768918149E-2,2.838870697E-2
3.933277296E1,1.369872130E-3,1.736567542E-2,2.786630020E-2
3.934271296E1,-4.375898279E-3,1.306919847E-2,2.391363680E-2
3.935265296E1,-6.223922130E-3,7.726956159E-3,2.110396698E-2
3.936259296E1,-1.042878814E-2,2.323136665E-3,2.027945220E-2
3.937253296E1,-1.243231632E-2,-2.496650908E-3,2.078465745E-2
3.938247296E1,-1.762947626E-2,-1.823137514E-3,2.396580204E-2
3.939241296E1,-1.796114445E-2,2.720458433E-4,2.502143756E-2
3.940235396E1,-1.426627580E-2,8.184030652E-3,2.628457546E-2
3.941229396E1,-1.187967695E-2,2.064222284E-2,2.478924766E-2
3.942223396E1,-1.055102609E-2,2.314852364E-2,2.526835166E-2
3.943217396E1,-5.196474958E-3,2.644098923E-2,3.131159768E-2
3.944211396E1,-3.433963284E-4,2.796298638E-2,3.441417962E-2
3.945205396E1,-2.411340829E-3,2.123317868E-2,4.030748829E-2
3.946199396E1,-2.503485885E-3,1.953461394E-2,4.040149972E-2
3.947193396E1,7.539400831E-4,1.998060569E-2,3.867874295E-2
3.948187396E1,-2.725745551E-3,1.638746820E-2,3.806967661E-2
3.949181321E1,-5.099801812E-3,1.017386839E-2,3.813994303E-2
3.950175421E1,-7.483064663E-3,6.896582432E-3,3.592978418E-2
3.951169421E1,-1.086665876E-2,7.138946094E-3,3.862915561E-2
3.952163421E1,-8.160355501E-3,2.919433638E-3,3.723419458E-2
3.953157421E1,-7.696185727E-3,1.167892478E-3,3.952369839E-2
3.954151421E1,-2.119038254E-4,-4.523750395E-4,3.781634569E-2
3.955145421E1,1.760530751E-3,-7.844506763E-4,4.019893706E-2
3.956139421E1,4.917175509E-3,1.259791665E-3,3.842873126E-2
3.957133421E1,3.761931323E-3,7.000518963E-4,3.940197080E-2
3.958127421E1,-4.503908567E-4,5.559753627E-4,3.931807727E-2
3.959121421E1,-2.900501713E-4,-4.207876045E-3,3.767915443E-2
3.960115521E1,2.507600468E-3,-6.725096144E-3,3.486046195E-2
3.961109521E1,5.076983012E-3,-9.591808543E-3,3.352799639E-2
3.962103521E1,4.610929638E-3,-1.602893509E-2,3.681913018E-2
3.963097521E1,4.973696079E-3,-1.138448250E-2,3.719827905E-2
3.964091521E1,1.549936365E-3,-6.968162488E-3,4.066970944E-2
3.965085521E1,-1.017139293E-3,2.181594260E-3,4.108719155E-2
3.966079521E1,-4.917871673E-3,7.623763755E-3,4.503266513E-2
3.967073521E1,-6.884622853E-3,1.066261530E-2,4.618332535E-2
3.968067521E1,-9.108096361E-3,1.156409457E-2,4.774367064E-2
3.969061521E1,-8.740305901E-3,1.151197776E-2,4.884524643E-2
3.970055521E1,-9.502768517E-3,5.237038247E-3,5.254783854E-2
3.971049621E1,-1.454299688E-2,-8.927993476E-4,5.198193714E-2
3.972043621E1,-1.436563022E-2,-5.304858088E-3,5.405787379E-2
3.973037621E1,-1.742329076E-2,-9.896803647E-3,5.117426068E-2
3.974031621E1,-1.986327767E-2,-1.346117817E-2,4.632784054E-2
3.975025621E1,-2.275271714E-2,-1.462450996E-2,4.043269902E-2
3.976019621E1,-1.812707260E-2,-1.278293319E-2,3.843852133E-2
3.977013621E1,-1.363264676E-2,-1.304734312E-2,3.842931241E-2
3.978007621E1,-1.201131288E-2,-7.314355578E-3,3.479862958E-2
3.979001621E1,-7.451524958E-3,5.429917946E-4,3.000775538E-2
3.979995621E1,-5.329252221E-3,1.447079144E-2,3.041255474E-2
3.980989721E1,-8.316753432E-3,2.616171539E-2,3.002871200E-2
3.981983721E1,-6.012586411E-3,2.982968837E-2,3.816413879E-2
3.982977721E1,-1.171064563E-3,3.724352643E-2,4.295016825E-2
3.983971721E1,-1.408351585E-3,3.817003965E-2,4.475658759E-2
3.984965721E1,1.894457731E-3,3.964786977E-2,4.518107325E-2
3.985959721E1,-8.517936803E-4,3.711413965E-2,4.202389717E-2
3.986953721E1,2.542696893E-4,3.199832886E-2,4.580312967E-2
3.987947721E1,1.020460855E-3,2.613138780E-2,4.304995388E-2
3.988941721E1,-2.621616237E-3,2.114414051E-2,4.441358894E-2
3.989935721E1,-4.356399179E-3,1.811346412E-2,4.318480939E-2
3.990929821E1,-4.242649302E-3,1.403480023E-2,4.081409052E-2
3.991923821E1,-2.446081489E-3,1.126617752E-2,4.165405035E-2
3.992917821E1,2.269194927E-3,1.388956606E-2,3.956669942E-2
3.993911821E1,7.866127416E-4,1.127274521E-2,3.902554512E-2
3.994905821E1,3.896569833E-4,1.038289256E-2,3.823757172E-2
3.995899821E1,3.992381506E-3,1.061165892E-2,3.634326532E-2
3.996893821E1,6.386011839E-3,8.999573998E-3,3.552317247E-2
3.997887821E1,7.426509168E-3,3.730243072E-3,3.293511271E-2
3.998881821E1,1.113045681E-2,1.313969493E-3,3.101230785E-2
3.999875821E1,6.905085407E-3,6.172871217E-4,3.172337264E-2
4.000869921E1,8.450453170E-3,3.784350120E-3,3.352045268E-2
4.001863921E1,1.065421849E-2,3.218428232E-3,3.308396041E-2
4.002857921E1,9.564775042E-3,1.740050502E-3,3.177771717E-2
4.003851921E1,6.143944804E-3,9.784661233E-3,3.383953497E-2
4.004845921E1,7.728439756E-3,1.362242177E-2,3.430458531E-2
4.005839921E1,5.999782123E-3,1.854660735E-2,2.950689942E-2
4.006833921E1,6.956708618E-3,1.839655824E-2,3.036861308E-2
4.007827921E1,4.854409490E-3,1.591475680E-2,2.395305783E-2
4.008821921E1,9.220030159E-3,1.441431325E-2,1.883647032E-2
4.009815921E1,1.036119461E-2,6.358250976E-3,2.155688964E-2
4.010809921E1,1.092910860E-2,7.635138929E-3,1.748124138E-2
4.011804021E1,1.116719469E-2,7.980018854E-3,1.980271935E-2
4.012798021E1,4.906025250E-3,1.617008820E-2,1.747935824E-2
4.013792021E1,5.248241592E-3,2.589355409E-2,1.221109368E-2
4.014786021E1,1.800164115E-3,3.136049211E-2,1.071878616E-2
4.015780021E1,1.812947448E-3,3.399088979E-2,7.530183531E-3
4.016774021E1,3.533832030E-3,3.526221216E-2,1.873793080E-3
4.017768021E1,-8.540367708E-5,2.811854891E-2,-4.029432312E-4
4.018762021E1,9.891395457E-4,2.254442312E-2,7.755775005E-4
4.019756021E1,2.759875264E-3,1.394720748E-2,-6.335014477E-4
4.020750021E1,5.280645564E-5,8.072590455E-3,-3.296826966E-3
4.021744121E1,-1.699287444E-3,8.999636397E-3,-1.451788470E-3
4.022738121E1,-3.541816492E-3,7.992876694E-3,2.581611276E-3
4.023732121E1,-7.822580636E-3,9.752960876E-3,2.133933827E-3
4.024726121E1,-9.271529503E-3,9.748740122E-3,6.726400927E-3
4.025720121E1,-1.317066420E-2,1.091893390E-2,9.271583520E-3
4.026714121E1,-1.290792413E-2,6.953308359E-3,1.027582027E-2
4.027708121E1,-1.513113081E-2,5.733313970E-3,1.057063136E-2
4.028702121E1,-1.657214388E-2,-3.517733887E-3,1.269984059E-2
4.029696121E1,-1.637906581E-2,-7.725528441E-3,1.255576313E-2
4.030690121E1,-1.809234172E-2,-3.860624973E-3,1.603605598E-2
4.031684221E1,-1.521666162E-2,-1.390276942E-3,1.529915910E-2
4.032678221E1,-1.749742404E-2,4.058407620E-3,2.151318267E-2
4.033672221E1,-1.551017445E-2,1.234163716E-2,2.409032360E-2
4.034666221E1,-1.591735706E-2,1.706811041E-2,2.736726031E-2
4.035660221E1,-1.685559005E-2,2.047749050E-2,3.130820766E-2
4.036654221E1,-1.495615207E-2,2.541335672E-2,3.072872385E-2
4.037648221E1,-1.482059807E-2,2.642535791E-2,3.017212451E-2
4.038642221E1,-9.324338287E-3,2.342110127E-2,2.332923375E-2
4.039636221E1,-9.903308004E-3,1.639861241E-2,2.147327736E-2
4.040630221E1,-6.376915611E-3,8.469955996E-3,1.844521239E-2
4.041624221E1,-9.231290780E-3,4.680277780E-3,1.951207593E-2
4.042618321E1,-1.061605662E-2,-2.291840035E-3,1.841203496E-2
4.043612321E1,-1.182033680E-2,-3.481097519E-5,1.772227511E-2
4.044606321E1,-1.211355813E-2,-7.697194815E-5,1.319693960E-2
4.045600321E1,-1.256709360E-2,5.786510184E-3,1.178306714E-2
4.046594321E1,-1.062237564E-2,1.118131820E-2,1.141379960E-2
4.047588321E1,-9.038061835E-3,1.154483948E-2,1.263086498E-2
4.048582275E1,-6.074845791E-3,1.076094620E-2,9.191719815E-3
4.049576275E1,-7.506295107E-3,1.222408749E-2,8.598900400E-3
4.050570275E1,-5.569775589E-3,9.433556348E-3,5.791436415E-3
4.051564275E1,-5.658458918E-3,5.256654695E-3,5.129108205E-3
4.052558375E1,-2.097962424E-3,3.092745319E-3,3.708884586E-3
4.053552375E1,-6.018668413E-3,7.232362404E-3,5.961824208E-4
4.054546375E1,-6.136955693E-3,9.229125455E-3,2.920235973E-3
4.055540375E1,-4.389123060E-3,1.177457534E-2,4.282442853E-3
4.056534375E1,-2.689475659E-3,1.342264190E-2,-3.206729889E-5
4.057528375E1,-6.056776736E-3,1.315126568E-2,5.927104503E-4
4.058522375E1,-3.481398802E-3,1.598115824E-2,1.786194742E-3
4.059516375E1,-5.300870631E-3,1.675214246E-2,2.271689475E-3
4.060510375E1,-2.855066210E-3,1.491945423E-2,4.165281542E-3
4.061504375E1,-7.330598310E-4,1.178917475E-2,3.965278156E-3
4.062498475E1,1.045541838E-3,1.487036981E-2,2.879280131E-3
4.063492475E1,-3.859734628E-3,1.652579196E-2,-1.562073827E-3
4.064486475E1,-4.835937638E-3,1.344123483E-2,8.502583951E-4
4.065480475E1,-9.098326787E-3,1.202656329E-2,3.338450100E-3
4.066474475E1,-8.572457358E-3,1.207546424E-2,2.390416339E-3
4.067468475E1,-9.704831988E-3,1.181873400E-2,4.043706227E-3
4.068462475E1,-7.230763789E-3,1.076697186E-2,9.010942653E-3
4.069456475E1,-8.879261091E-3,1.577983983E-2,7.739815395E-3
4.070450475E1,-1.112243347E-2,1.405339409E-2,7.181709167E-3
4.071444475E1,-1.353658922E-2,1.285390463E-2,8.629935794E-3
4.072438475E1,-1.352064312E-2,9.034881368E-3,1.318357326E-2
4.073432575E1,-8.709643036E-3,4.166356288E-3,1.262910292E-2
4.074426575E1,-7.974563166E-3,-2.719298471E-3,1.581213251E-2
4.075420575E1,-6.472541019E-3,-4.734246060E-3,1.430185512E-2
4.076414575E1,-7.807521150E-3,-5.084611475E-4,1.712899469E-2
4.077408575E1,-7.385943085E-3,6.239722483E-3,1.749091782E-2
4.078402575E1,-1.300255768E-2,8.560321294E-3,2.179449424E-2
4.079396575E1,-1.373279653E-2,1.764649525E-2,1.908019930E-2
4.080390575E1,-1.136682834E-2,2.099424787E-2,1.747795939E-2
4.081384575E1,-1.215379220E-2,2.208001912E-2,1.912778802E-2
4.082378575E1,-1.016812492E-2,1.719807275E-2,1.572551951E-2
4.083372575E1,-1.214365754E-2,9.687958285E-3,1.626960188E-2
4.084366675E1,-1.406583749E-2,8.601328358E-3,1.390661206E-2
4.085360675E1,-1.002395712E-2,8.092397824E-3,1.154731773E-2
4.086354675E1,-8.285284974E-3,1.344391890E-2,1.581827737E-2
4.087348675E1,-8.861060254E-3,1.096158661E-2,8.598981425E-3
4.088342675E1,-8.646300063E-3,1.416355465E-2,8.330925368E-3
4.089336675E1,-4.753557499E-3,1.518620830E-2,7.781249005E-3
4.090330675E1,-6.423968822E-3,1.788941212E-2,5.956523586E-3
4.091324675E1,-6.883097813E-3,1.703187265E-2,7.198621985E-3
4.092318675E1,-8.169155568E-3,1.885748841E-2,8.776798844E-3
4.093312675E1,-1.123605203E-2,1.727317460E-2,6.257981528E-3
4.094306775E1,-9.695562534E-3,1.946664602E-2,5.295477808E-3
4.095300775E1,-9.600221179E-3,2.208666131E-2,2.479451708E-3
4.096294775E1,-9.119274095E-3,2.147486433E-2,3.086030483E-4
4.097288775E1,-1.249909215E-2,1.938614622E-2,6.279163063E-4
4.098282775E1,-1.268342696E-2,1.805408299E-2,-9.319195524E-4
4.099276775E1,-1.601610705E-2,1.382738072E-2,-8.807862177E-4
4.100270775E1,-2.224981412E-2,1.255892962E-2,-1.657905988E-3
4.101264775E1,-2.182663791E-2,1.103400253E-2,-6.666779518E-4
4.102258775E1,-2.154177055E-2,7.013223134E-3,3.046004567E-3
4.103252775E1,-2.358920872E-2,2.306086011E-3,1.366082579E-3
4.104246775E1,-2.200589702E-2,9.086066857E-4,-1.255339012E-3
4.105240875E1,-2.519742772E-2,-2.850178629E-3,1.339645125E-3
4.106234875E1,-2.567403764E-2,2.886401489E-4,4.525441676E-3
4.107228875E1,-2.424072474E-2,-2.071985509E-3,8.174771443E-3
4.108222875E1,-2.320987731E-2,-2.391314134E-3,1.532364823E-2
4.109216875E1,-1.759247109E-2,6.047422066E-4,2.067953162E-2
4.110210875E1,-2.038216218E-2,7.561529055E-3,2.177310735E-2
4.111204875E1,-2.298247069E-2,1.381090283E-2,2.559633926E-2
4.112198875E1,-2.753210627E-2,2.209311724E-2,2.981571108E-2
4.113192875E1,-2.623781003E-2,2.411844954E-2,3.477744758E-2
4.114186875E1,-2.861613035E-2,2.380673029E-2,3.746276349E-2
4.115180875E1,-2.811119333E-2,1.967297308E-2,3.906678408E-2
4.116174975E1,-2.637816407E-2,1.587974653E-2,4.107271880E-2
4.117168975E1,-2.223881148E-2,1.165038161E-2,4.095713794E-2
4.118162975E1,-2.243891172E-2,9.737944230E-3,4.260737449E-2
4.119156975E1,-2.714924514E-2,9.458312765E-3,4.578372836E-2
4.120150975E1,-2.384816483E-2,8.554642089E-3,5.173752084E-2
4.121144975E1,-2.510491386E-2,1.471959334E-2,5.459962040E-2
4.122138975E1,-2.849371731E-2,1.691053808E-2,5.422439799E-2
4.123132975E1,-2.860104293E-2,2.287894860E-2,5.465529859E-2
4.124126975E1,-2.929210663E-2,2.416256629E-2,5.838320404E-2
4.125120975E1,-3.019838035E-2,2.848247997E-2,6.334520876E-2
4.126115075E1,-3.423957527E-2,3.200033680E-2,6.180053204E-2
4.127109075E1,-3.215858340E-2,3.437081724E-2,6.407699734E-2
4.128103075E1,-3.389982134E-2,3.842666373E-2,6.160406023E-2
4.129097075E1,-3.310459852E-2,3.877047822E-2,6.238996238E-2
4.130091075E1,-3.544773906E-2,3.992688656E-2,6.219365448E-2
4.131085075E1,-3.985766694E-2,4.066670686E-2,5.305155367E-2
4.132079075E1,-4.094501957E-2,4.021208733E-2,4.922593385E-2
4.133073075E1,-4.213678464E-2,4.039371386E-2,3.821376339E-2
4.134067075E1,-4.499323294E-2,3.826777637E-2,2.870504744E-2
4.135061075E1,-3.930099308E-2,2.969852276E-2,2.039998025E-2
4.136055075E1,-3.339737281E-2,1.929643936E-2,1.163593866E-2
4.137049175E1,-3.070171922E-2,2.142752521E-3,7.020946592E-3
4.138043175E1,-2.647097036E-2,-5.954783875E-3,2.076091245E-3
4.139037175E1,-2.045062929E-2,-1.038601808E-2,-1.363647170E-3
4.140031175E1,-1.937087439E-2,-1.002213359E-2,-6.231158040E-3
4.141025175E1,-1.952187531E-2,-8.496142924E-3,-1.339266542E-2
4.142019175E1,-1.708961092E-2,4.603341222E-4,-1.765451953E-2
4.143013175E1,-1.849815622E-2,6.244453602E-3,-2.151024342E-2
4.144007175E1,-1.546779275E-2,1.288944855E-2,-2.622982860E-2
4.145001175E1,-7.731575053E-3,1.446177810E-2,-3.635090590E-2
4.145995175E1,1.807743683E-5,8.575296961E-3,-4.149609432E-2
4.146989175E1,7.629125379E-3,2.335777506E-3,-4.420532659E-2
4.147983275E1,1.763026044E-2,-8.198904805E-3,-4.415325075E-2
4.148977371E1,2.480641380E-2,-1.808828861E-2,-4.534954578E-2
4.149971371E1,3.183055669E-2,-2.374907210E-2,-4.175522551E-2
4.150965371E1,3.634408116E-2,-2.185476571E-2,-3.821908310E-2
4.151959371E1,4.295935854E-2,-2.092308924E-2,-3.413770720E-2
4.152953371E1,3.821333870E-2,-1.625004038E-2,-3.272623196E-2
4.153947371E1,3.797869384E-2,-5.775802769E-3,-2.830992267E-2
4.154941371E1,3.689851612E-2,7.558660582E-4,-2.465686202E-2
4.155935371E1,3.871721029E-2,3.571867011E-3,-2.287013829E-2
4.156929371E1,4.152471200E-2,6.401210092E-3,-2.537803724E-2
4.157923371E1,4.240870848E-2,7.628330961E-3,-2.777032368E-2
4.158917471E1,4.745992646E-2,7.756963372E-3,-3.244657069E-2
4.159911471E1,4.594436288E-2,1.299855299E-3,-3.584847972E-2
4.160905471E1,5.125550553E-2,-1.013149787E-2,-2.731065452E-2
4.161899471E1,5.097406358E-2,-1.742427051E-2,-1.862330735E-2
4.162893471E1,4.898148775E-2,-1.685328782E-2,-1.430366002E-2
4.163887471E1,4.569104686E-2,-7.594910450E-3,-6.586567499E-3
4.164881471E1,4.011864960E-2,-1.563116908E-3,-5.791080184E-3
4.165875471E1,3.829542547E-2,1.119078789E-2,-5.524509586E-3
4.166869471E1,3.358509019E-2,2.215049416E-2,-1.099517476E-2
4.167863471E1,3.574699908E-2,2.630077675E-2,-1.483652741E-2
4.168857571E1,4.070580751E-2,2.686563507E-2,-1.769543067E-2
4.169851571E1,4.421708733E-2,2.097843029E-2,-2.504215017E-2
4.170845571E1,5.491979793E-2,1.513146050E-2,-2.670928836E-2
4.171839571E1,5.657292157E-2,9.200088680E-3,-2.908949926E-2
4.172833571E1,5.564108118E-2,6.341451779E-3,-2.866632119E-2
4.173827571E1,5.678548664E-2,6.498031318E-3,-2.987112850E-2
4.174821571E1,5.786592886E-2,1.372877974E-2,-3.045542538E-2
4.175815571E1,5.425632745E-2,1.737566479E-2,-2.981038764E-2
4.176809571E1,5.208132043E-2,2.142926306E-2,-3.686776385E-2
4.177803571E1,5.137236789E-2,1.706169918E-2,-4.043161497E-2
4.178797571E1,4.946687445E-2,1.036704611E-2,-4.228038341E-2
4.179791571E1,4.672948271E-2,-1.942120027E-3,-4.151417315E-2
4.180785671E1,4.308148474E-2,-1.834559441E-2,-3.930374980E-2
4.181779671E1,3.715269268E-2,-3.441845626E-2,-4.023844749E-2
4.182773671E1,3.565093875E-2,-4.638376832E-2,-3.701841831E-2
4.183767671E1,3.174507618E-2,-5.784757063E-2,-4.077961668E-2
4.184761671E1,2.981987409E-2,-6.369800121E-2,-3.598885611E-2
4.185755671E1,2.826429531E-2,-7.165079564E-2,-3.869765997E-2
4.186749671E1,3.284306824E-2,-8.122033626E-2,-3.476364166E-2
4.187743671E1,3.096152842E-2,-8.723497391E-2,-2.877943590E-2
4.188737671E1,3.011650778E-2,-9.278207272E-2,-2.453355864E-2
4.189731671E1,3.321692348E-2,-9.891112149E-2,-2.277890593E-2
4.190725771E1,3.524385393E-2,-9.910260141E-2,-2.026168443E-2
4.191719771E1,3.736414015E-2,-9.818632901E-2,-1.913618296E-2
4.192713771E1,4.161055014E-2,-9.664329141E-2,-2.167630196E-2
4.193707771E1,4.770572111E-2,-9.536080062E-2,-2.108703926E-2
4.194701771E1,5.079392344E-2,-8.722963929E-2,-2.110488340E-2
4.195695771E1,5.935128406E-2,-8.170843124E-2,-2.117889002E-2
4.196689771E1,6.013398618E-2,-7.940453291E-2,-1.768828370E-2
4.197683771E1,6.242133677E-2,-7.283281535E-2,-1.607963443E-2
4.198677771E1,6.104075909E-2,-6.777679920E-2,-1.529613324E-2
4.199671771E1,6.249609590E-2,-5.893191695E-2,-1.219129283E-2
4.200665771E1,6.042468548E-2,-5.186362192E-2,-1.170686353E-2
4.201659871E1,5.853410810E-2,-4.222511128E-2,-1.199049037E-2
4.202653871E1,5.926141888E-2,-3.221082687E-2,-1.075132098E-2
4.203647871E1,5.988910422E-2,-3.070283309E-2,-1.672284678E-2
4.204641871E1,6.108832732E-2,-3.797592595E-2,-1.480909716E-2
4.205635871E1,5.894479528E-2,-4.309253022E-2,-1.623768918E-2
4.206629871E1,5.874266103E-2,-5.167909712E-2,-1.588615216E-2
4.207623871E1,5.860961974E-2,-5.750649795E-2,-1.834403351E-2
4.208617871E1,6.258172542E-2,-6.233081222E-2,-2.023541182E-2
4.209611871E1,6.052891538E-2,-6.405236572E-2,-2.090237103E-2
4.210605871E1,5.891584232E-2,-6.191544235E-2,-1.468894817E-2
4.211599871E1,4.925879836E-2,-5.313801765E-2,-7.390781306E-3
4.212593971E1,4.473595321E-2,-4.447981343E-2,2.192337997E-3
4.213587971E1,3.147893399E-2,-4.076720029E-2,6.100322120E-3
4.214581971E1,1.729227416E-2,-3.544407338E-2,1.383014768E-2
4.215575971E1,1.001628302E-2,-3.074629232E-2,2.156664059E-2
4.216569971E1,2.064882312E-3,-3.385819495E-2,2.113627270E-2
4.217563971E1,-1.903785393E-3,-4.361123219E-2,2.678510733E-2
4.218557971E1,-1.641481742E-2,-5.478905141E-2,3.209278733E-2
4.219551971E1,-2.129488066E-2,-6.328888237E-2,3.579702973E-2
4.220545971E1,-3.286471590E-2,-7.530878484E-2,3.622606397E-2
4.221539971E1,-3.055225685E-2,-9.199611843E-2,3.358883411E-2
4.222533971E1,-2.291297913E-2,-1.106102765E-1,2.734718472E-2
4.223527971E1,-2.061062679E-2,-1.299919337E-1,2.681067213E-2
4.224522071E1,-6.617047824E-3,-1.524759382E-1,3.108717687E-2
4.225516071E1,1.150195953E-3,-1.732950509E-1,3.440515697E-2
4.226510071E1,1.117966045E-2,-1.870606542E-1,3.555191681E-2
4.227504071E1,1.541530900E-2,-1.953307092E-1,4.263517261E-2
4.228498071E1,1.651519537E-2,-1.949853003E-1,4.431696236E-2
4.229492071E1,1.405947376E-2,-1.896024048E-1,4.285603017E-2
4.230486071E1,8.597064763E-3,-1.805180907E-1,3.779948875E-2
4.231480071E1,1.033822820E-2,-1.687400788E-1,2.842080593E-2
4.232474071E1,9.112908505E-3,-1.589862555E-1,2.128673159E-2
4.233468071E1,1.020074729E-2,-1.480688602E-1,1.188681833E-2
4.234462171E1,9.074762464E-3,-1.316965520E-1,-5.645249039E-4
4.235456171E1,1.282541826E-2,-1.203823835E-1,-8.335495368E-3
4.236450171E1,1.429734752E-2,-1.121348366E-1,-1.723205112E-2
4.237444171E1,9.586814791E-3,-1.085121781E-1,-1.686717942E-2
4.238438171E1,9.297063574E-3,-1.082330719E-1,-1.864403859E-2
4.239432171E1,4.427546635E-3,-1.097177416E-1,-1.972996444E-2
4.240426171E1,1.673838124E-3,-1.185834035E-1,-1.930465549E-2
4.241420171E1,-5.327135790E-3,-1.199612170E-1,-1.994321123E-2
4.242414171E1,-9.704839438E-3,-1.264329553E-1,-2.137119696E-2
4.243408171E1,-7.554171141E-3,-1.204837412E-1,-2.482650802E-2
4.244402171E1,-3.404433373E-3,-1.147337109E-1,-2.922844514E-2
4.245396171E1,-2.388005611E-3,-1.088010073E-1,-3.128399700E-2
4.246390271E1,-5.301847123E-4,-1.087184399E-1,-2.684370801E-2
4.247384271E1,-1.643928234E-3,-1.053056791E-1,-1.762766391E-2
4.248378271E1,-9.805345908E-4,-1.019628793E-1,-6.809637882E-3
4.249372225E1,-2.619242761E-3,-9.792309999E-2,3.731530160E-4
4.250366225E1,1.600802410E-3,-8.297504485E-2,7.970619015E-3
4.251360225E1,2.343715634E-3,-6.881351769E-2,5.510975141E-3
4.252354225E1,5.936053582E-3,-5.152161419E-2,2.385488711E-3
4.253348225E1,1.182098500E-2,-3.571378812E-2,-2.677486278E-3
4.254342225E1,2.096414939E-2,-1.526443847E-2,-3.299068660E-3
4.255336225E1,2.442815155E-2,9.709550068E-4,-1.693438739E-3
4.256330225E1,2.762660943E-2,7.329517975E-3,9.408746846E-3
4.257324325E1,2.831104025E-2,1.331976615E-2,2.903091908E-2
4.258318325E1,2.043474279E-2,2.839565463E-2,4.475901276E-2
4.259312325E1,8.831368759E-3,4.766937718E-2,5.960605294E-2
4.260306325E1,-4.115855321E-3,7.471457124E-2,6.081512570E-2
4.261300325E1,-1.685071737E-2,1.000511870E-1,5.235927552E-2
4.262294325E1,-2.830097824E-2,1.162717044E-1,3.463940322E-2
4.263288325E1,-3.406896070E-2,1.120467633E-1,1.201936044E-2
4.264282325E1,-4.148666188E-2,7.991332561E-2,7.517924532E-4
4.265276325E1,-4.647745565E-2,2.957455814E-2,-2.181954682E-3
4.266270325E1,-4.641593620E-2,-2.678911388E-2,1.288115047E-2
4.267264325E1,-4.605346173E-2,-7.307709754E-2,2.601551265E-2
4.268258425E1,-5.001864210E-2,-1.101677418E-1,3.960669041E-2
4.269252425E1,-5.507490039E-2,-1.427835822E-1,4.075309634E-2
4.270246425E1,-6.445056200E-2,-1.651852876E-1,3.610961139E-2
4.271240425E1,-8.101467788E-2,-1.905017793E-1,2.709718794E-2
4.272234425E1,-8.941642195E-2,-2.169421613E-1,2.023661882E-2
4.273228425E1,-1.054254100E-1,-2.443852276E-1,9.551061317E-3
4.274222425E1,-1.089237407E-1,-2.795714438E-1,1.241199672E-3
4.275216425E1,-1.116664782E-1,-3.225352764E-1,-4.463895224E-3
4.276210425E1,-1.103314385E-1,-3.579100370E-1,-1.417504624E-3
4.277204425E1,-1.106607094E-1,-3.881974518E-1,5.670816638E-3
4.278198425E1,-1.102737561E-1,-4.054875076E-1,2.400002256E-2
4.279192525E1,-1.139663309E-1,-4.101121128E-1,3.760359436E-2
4.280186525E1,-1.229427904E-1,-4.011204839E-1,5.431412905E-2
4.281180525E1,-1.299800575E-1,-3.911521435E-1,6.575075537E-2
4.282174525E1,-1.338094175E-1,-3.775244951E-1,6.915561110E-2
4.283168525E1,-1.342673004E-1,-3.695704937E-1,6.567261368E-2
4.284162525E1,-1.302810907E-1,-3.703281581E-1,5.523462221E-2
4.285156525E1,-1.183777004E-1,-3.818244934E-1,4.950336367E-2
4.286150525E1,-1.025239006E-1,-4.057681859E-1,4.091573507E-2
4.287144525E1,-8.300197870E-2,-4.339015484E-1,4.633433744E-2
4.288138525E1,-6.520806998E-2,-4.603246152E-1,6.110049784E-2
4.289132525E1,-6.171384081E-2,-4.677016139E-1,7.008135319E-2
4.290126625E1,-5.886052921E-2,-4.580423236E-1,7.758107781E-2
4.291120625E1,-5.802831054E-2,-4.282270372E-1,8.307446539E-2
4.292114625E1,-6.052476168E-2,-3.731611371E-1,8.748625964E-2
4.293108625E1,-6.067667902E-2,-3.106203377E-1,8.861442655E-2
4.294102625E1,-6.151024252E-2,-2.464251071E-1,8.456775546E-2
4.295096625E1,-5.174390227E-2,-1.936697960E-1,7.751224190E-2
4.296090625E1,-4.030323029E-2,-1.590638757E-1,6.819277257E-2
4.297084625E1,-2.510618232E-2,-1.404144615E-1,6.321620196E-2
4.298078625E1,-1.454541832E-2,-1.316537112E-1,6.353658438E-2
4.299072625E1,-4.778109957E-3,-1.237737089E-1,6.935226917E-2
4.300066625E1,-2.456759103E-4,-1.186628342E-1,7.899664342E-2
4.301060625E1,2.204349265E-3,-1.057777852E-1,7.745100558E-2
4.302054725E1,1.796619501E-3,-9.206809103E-2,8.371449262E-2
4.303048725E1,9.469208308E-4,-7.630014420E-2,8.749116212E-2
4.304042725E1,6.267117336E-3,-5.664335191E-2,8.740887046E-2
4.305036725E1,7.665039971E-3,-3.379883617E-2,8.786312491E-2
4.306030725E1,9.037367068E-3,-1.389570069E-2,8.589319140E-2
4.307024725E1,8.517488837E-3,-2.989444416E-3,7.765504718E-2
4.308018725E1,1.303048152E-2,-7.321489975E-4,7.095666230E-2
4.309012725E1,1.134105586E-2,5.282457918E-3,6.734509021E-2
4.310006725E1,1.229713112E-2,-1.925920602E-3,6.369309127E-2
4.311000725E1,7.135100197E-3,-1.738047972E-2,4.544936866E-2
4.311994725E1,1.013461873E-2,-2.452867106E-2,2.483730018E-2
4.312988825E1,2.326105535E-2,-2.127950266E-2,7.230157964E-3
4.313982825E1,2.282083407E-2,-1.678328961E-2,-3.474418074E-3
4.314976825E1,1.538889296E-2,-7.437846158E-3,-1.214082539E-2
4.315970825E1,9.882275015E-3,1.494495757E-2,-1.144920290E-2
4.316964825E1,9.674373083E-3,4.536405578E-2,-1.247182582E-2
4.317958825E1,-3.475517035E-3,7.183481008E-2,-9.552468546E-3
4.318952825E1,-1.078217849E-2,9.530007094E-2,-1.502038632E-2
4.319946825E1,-1.159976795E-2,1.149810925E-1,-1.497937459E-2
4.320940825E1,-1.286647096E-2,1.336378157E-1,-1.306575164E-2
4.321934825E1,-1.699090749E-2,1.439737976E-1,-4.343367182E-3
4.322928825E1,-1.641128957E-2,1.527722776E-1,4.781463649E-3
4.323922825E1,-1.487251464E-2,1.436320394E-1,1.766184159E-2
4.324916925E1,-7.362873759E-3,1.247921810E-1,2.751999348E-2
4.325910925E1,-4.717289004E-3,1.080076173E-1,3.086652234E-2
4.326904925E1,-1.081091817E-3,8.498738706E-2,3.158164024E-2
4.327898925E1,5.036189221E-3,6.187354773E-2,2.288455516E-2
4.328892925E1,3.025994636E-3,3.099642135E-2,1.012295019E-2
4.329886925E1,8.050047792E-3,2.791681327E-3,-3.506308421E-3
4.330880925E1,9.209444746E-3,-2.047153562E-2,-1.471747551E-2
4.331874925E1,6.065583788E-3,-4.688130319E-2,-2.390671521E-2
4.332868925E1,4.512460437E-3,-6.508852541E-2,-3.158059716E-2
4.333862925E1,-1.198954415E-3,-8.227470517E-2,-3.590717167E-2
4.334856925E1,-1.371610165E-2,-8.392712474E-2,-4.794937372E-2
4.335851025E1,-2.472587675E-2,-8.792106807E-2,-5.545708910E-2
4.336845025E1,-3.850697353E-2,-8.833683282E-2,-7.186998427E-2
4.337839025E1,-5.219695345E-2,-1.057935879E-1,-8.339268714E-2
4.338833025E1,-6.283177435E-2,-1.224512756E-1,-9.128114581E-2
4.339827025E1,-7.075255364E-2,-1.460775137E-1,-1.039127856E-1
4.340821025E1,-7.865083963E-2,-1.658351570E-1,-1.087901592E-1
4.341815025E1,-8.457024395E-2,-1.754488945E-1,-1.132107377E-1
4.342809025E1,-9.011999518E-2,-1.718138754E-1,-1.133725643E-1
4.343803025E1,-1.170016825E-1,-1.206881031E-1,-1.171819493E-1
4.344797025E1,-1.368968189E-1,-4.521632567E-2,-1.222260743E-1
4.345791025E1,-1.611611545E-1,4.911603406E-2,-1.186936498E-1
4.346785025E1,-1.765167564E-1,1.295617521E-1,-8.679211140E-2
4.347779125E1,-1.893103272E-1,1.880178750E-1,-4.137323797E-2
4.348773146E1,-1.904688627E-1,2.277152836E-1,-8.047523908E-3
4.349767146E1,-1.824194640E-1,2.384883016E-1,1.569269225E-2
4.350761146E1,-1.440839618E-1,1.918923855E-1,1.888043061E-2
4.351755146E1,-8.884201944E-2,7.237398624E-2,1.035778411E-2
4.352749146E1,-1.119574532E-2,-1.137765646E-1,-4.897528328E-3
4.353743146E1,6.199697778E-2,-3.321866691E-1,-3.094990179E-2
4.354737146E1,9.515734017E-2,-5.167447329E-1,-7.233826071E-2
4.355731146E1,5.898548663E-2,-5.897488594E-1,-1.064112782E-1
4.356725146E1,1.000854000E-2,-5.693971515E-1,-1.123106480E-1
4.357719146E1,-5.831942428E-3,-5.044663548E-1,-9.705632925E-2
4.358713246E1,-1.204910129E-2,-4.023973048E-1,-6.513204426E-2
4.359707246E1,-3.304173797E-2,-2.622263432E-1,-4.438841715E-2
4.360701246E1,-4.815539345E-2,-9.664791822E-2,-2.816584334E-2
4.361695246E1,-6.605529785E-2,5.162144452E-2,-1.848525554E-2
4.362689246E1,-8.183568716E-2,1.546120644E-1,-1.355870441E-2
4.363683246E1,-8.481522650E-2,2.010831684E-1,-1.214153133E-3
4.364677246E1,-8.655335754E-2,1.923092604E-1,8.975584991E-3
4.365671246E1,-7.841101289E-2,1.377826333E-1,1.739090867E-2
4.366665246E1,-6.470065564E-2,5.402405560E-2,1.339470036E-2
4.367659246E1,-5.375852808E-2,-4.168729484E-2,2.166813239E-3
4.368653246E1,-4.449522868E-2,-1.398043036E-1,-1.635972224E-2
4.369647246E1,-3.851722926E-2,-2.163512707E-1,-3.313950449E-2
4.370641346E1,-3.295026720E-2,-2.601963282E-1,-3.783540055E-2
4.371635346E1,-3.510343283E-2,-2.789143622E-1,-3.352454305E-2
4.372629346E1,-3.980160877E-2,-2.733661234E-1,-2.320083044E-2
4.373623346E1,-4.684167355E-2,-2.384938896E-1,-1.063470542E-2
4.374617346E1,-6.126877666E-2,-1.978861839E-1,-1.759083942E-3
4.375611346E1,-7.092193514E-2,-1.502275914E-1,4.089749884E-3
4.376605346E1,-8.038133383E-2,-1.141005680E-1,6.420600694E-3
4.377599346E1,-8.144287020E-2,-8.969775587E-2,6.311677396E-3
4.378593346E1,-7.897518575E-2,-8.006168902E-2,1.013703831E-2
4.379587346E1,-7.567232847E-2,-8.203509450E-2,1.203214377E-2
4.380581346E1,-7.268142700E-2,-8.742552996E-2,8.180117235E-3
4.381575346E1,-6.723658741E-2,-9.437131882E-2,6.417104509E-3
4.382569446E1,-6.050906703E-2,-1.017385572E-1,1.765845343E-3
4.383563446E1,-5.687065795E-2,-1.021345705E-1,-1.435274258E-3
4.384557446E1,-4.935435578E-2,-9.847199917E-2,-2.570739016E-4
4.385551446E1,-4.905501753E-2,-9.305646271E-2,2.608487383E-3
4.386545446E1,-4.954706132E-2,-7.668401301E-2,9.763553739E-3
4.387539446E1,-5.110234022E-2,-6.531870365E-2,1.558309235E-2
4.388533446E1,-5.421100929E-2,-5.420156568E-2,1.888977364E-2
4.389527446E1,-5.385760590E-2,-4.815512523E-2,1.789987832E-2
4.390521446E1,-5.210201442E-2,-5.737596005E-2,1.139121689E-2
4.391515446E1,-4.722389951E-2,-7.235224545E-2,2.777488437E-3
4.392509446E1,-4.034936801E-2,-9.578318149E-2,1.911375672E-3
4.393503546E1,-2.902800404E-2,-1.136109158E-1,-5.872016773E-4
4.394497546E1,-2.461436018E-2,-1.282695681E-1,4.620784428E-3
4.395491546E1,-1.943930425E-2,-1.230788007E-1,9.691443294E-3
4.396485546E1,-1.545810141E-2,-1.112260967E-1,1.959530637E-2
4.397479546E1,-1.765920408E-2,-9.217916429E-2,2.593283169E-2
4.398473546E1,-1.720595546E-2,-6.687529385E-2,2.810658514E-2
4.399467546E1,-2.198712900E-2,-4.540835321E-2,2.799366787E-2
4.400461546E1,-2.027928829E-2,-3.523196280E-2,3.085459769E-2
4.401455546E1,-2.058190554E-1,2.150401920E-1,-3.287324682E-2
4.402449546E1,-1.489129663E-1,3.631180823E-1,3.805727512E-2
4.403443546E1,-1.263647825E-1,3.417933285E-1,1.325864494E-1
4.404437546E1,-1.120235696E-1,2.529478371E-1,1.951995194E-1
4.405431646E1,-4.493774101E-2,1.732098609E-1,1.854558140E-1
4.406425646E1,4.798189923E-2,2.067836933E-3,1.198805571E-1
4.407419646E1,1.195018888E-1,-2.452772409E-1,3.542233258E-3
4.408413646E1,1.137621552E-1,-3.906332552E-1,-1.407579780E-1
4.409407646E1,7.033905387E-2,-3.969444335E-1,-1.925372779E-1