"Time (s)","X (rad/s)","Y (rad/s)","Z (rad/s)"
8.405208333E-3,4.109554365E-2,-6.078005582E-2,-9.099172056E-2
1.839920833E-2,4.182604700E-2,-7.829407603E-2,-9.738837183E-2
2.839420833E-2,4.589855671E-2,-5.761272460E-2,-9.294171631E-2
3.838820833E-2,4.703013599E-2,-2.417940274E-2,-8.471015096E-2
4.838320833E-2,4.507379606E-2,1.970919780E-3,-8.098396659E-2
5.837820833E-2,4.531827196E-2,1.477460004E-2,-7.914345711E-2
6.837220833E-2,4.923764616E-2,5.689491518E-3,-7.900923491E-2
7.836720833E-2,4.467139021E-2,-1.360804029E-2,-8.266974986E-2
8.836120833E-2,4.434354976E-2,-3.405386582E-2,-8.998368680E-2
9.835620833E-2,3.986650705E-2,-4.576138780E-2,-1.025847048E-1
1.083512083E-1,2.855687588E-2,-3.193281218E-2,-1.075059921E-1
1.183452083E-1,2.448410355E-2,-7.191779092E-3,-1.076343507E-1
1.283402083E-1,1.443919819E-2,2.316896245E-2,-1.142841280E-1
1.383342083E-1,1.046735980E-2,4.928551987E-2,-1.181513071E-1
1.483292083E-1,9.683053009E-3,7.525995374E-2,-1.240175813E-1
1.583242083E-1,4.864862189E-3,9.436919540E-2,-1.270330846E-1
1.683182083E-1,8.184490725E-3,1.041405722E-1,-1.317473799E-1
1.783132083E-1,7.751461118E-3,1.033834368E-1,-1.396979839E-1
1.883072083E-1,8.197010495E-3,9.748247266E-2,-1.490412056E-1
1.983022083E-1,1.529886201E-2,9.264963120E-2,-1.581550837E-1
2.082972083E-1,2.060467191E-2,8.182580769E-2,-1.682653427E-1
2.182912083E-1,2.421884611E-2,8.153285831E-2,-1.786023974E-1
2.282862083E-1,3.217823058E-2,8.559799939E-2,-1.887989789E-1
2.382802083E-1,3.949739411E-2,9.018050134E-2,-1.993147433E-1
2.482752083E-1,5.061848462E-2,9.942286462E-2,-2.117454708E-1
2.582702083E-1,5.637437478E-2,1.139299050E-1,-2.195506692E-1
2.682644583E-1,6.161495671E-2,1.287162453E-1,-2.276366651E-1
2.782594583E-1,6.776259840E-2,1.427780092E-1,-2.388360500E-1
2.882534583E-1,7.915640622E-2,1.527439654E-1,-2.459915429E-1
2.982484583E-1,7.992126793E-2,1.646056771E-1,-2.522392869E-1
3.082434583E-1,8.889026195E-2,1.653404087E-1,-2.593667209E-1
3.182374583E-1,1.007746160E-1,1.670741290E-1,-2.719706595E-1
3.282324583E-1,1.059635058E-1,1.746702194E-1,-2.776996791E-1
3.382264583E-1,1.203328595E-1,1.822487712E-1,-2.855799794E-1
3.482214583E-1,1.351839900E-1,1.927353442E-1,-2.927689552E-1
3.582164583E-1,1.542716622E-1,2.057472765E-1,-3.035955131E-1
3.682104583E-1,1.683464497E-1,2.268559784E-1,-3.112044632E-1
3.782054583E-1,1.820832938E-1,2.443497628E-1,-3.206533492E-1
3.881994583E-1,1.947466284E-1,2.571286559E-1,-3.376485705E-1
3.981944583E-1,2.103578150E-1,2.688985169E-1,-3.585804999E-1
4.081894583E-1,2.251586169E-1,2.769151926E-1,-3.836335242E-1
4.181834583E-1,2.454689443E-1,2.868013680E-1,-4.122753143E-1
4.281784583E-1,2.708102465E-1,3.110982478E-1,-4.447776973E-1
4.381724583E-1,2.968705893E-1,3.443126678E-1,-4.830103219E-1
4.481674583E-1,3.262799084E-1,3.976864815E-1,-5.221093297E-1
4.581624583E-1,3.473830819E-1,4.654106796E-1,-5.632119775E-1
4.681564583E-1,3.762325346E-1,5.535352826E-1,-6.151264906E-1
4.781514583E-1,4.022406936E-1,6.497198939E-1,-6.720930934E-1
4.881454583E-1,4.276493788E-1,7.542464137E-1,-7.366139293E-1
4.981404583E-1,4.513563216E-1,8.706834912E-1,-8.084025979E-1
5.081354583E-1,4.680956304E-1,9.981476068E-1,-8.849026561E-1
5.181294583E-1,4.791008830E-1,1.140419722E0,-9.766006470E-1
5.281244583E-1,4.795402884E-1,1.291932940E0,-1.063410878E0
5.381184583E-1,4.589844048E-1,1.457221031E0,-1.145911336E0
5.481134583E-1,4.177342057E-1,1.615350842E0,-1.215208650E0
5.581084583E-1,3.817913830E-1,1.764758945E0,-1.274283409E0
5.681024583E-1,3.513772488E-1,1.879465580E0,-1.317644954E0
5.780974583E-1,3.334232867E-1,1.962097406E0,-1.356554985E0
5.880914583E-1,3.258175552E-1,2.010857344E0,-1.396124244E0
5.980864583E-1,3.288010955E-1,2.032131433E0,-1.437524438E0
6.080814583E-1,3.265486062E-1,2.036092997E0,-1.486035943E0
6.180754583E-1,3.253435194E-1,2.025455236E0,-1.545451045E0
6.280704583E-1,3.346880078E-1,2.005500317E0,-1.622375011E0
6.380644583E-1,3.448061645E-1,1.995986104E0,-1.688958883E0
6.480594583E-1,3.620637059E-1,2.003833532E0,-1.735258818E0
6.580544583E-1,3.763182759E-1,2.019806385E0,-1.769985080E0
6.680484583E-1,3.972544968E-1,2.039764643E0,-1.813204646E0
6.780434583E-1,4.242988825E-1,2.075623035E0,-1.867664456E0
6.880374583E-1,4.513957500E-1,2.118568182E0,-1.930293441E0
6.980324583E-1,4.726555049E-1,2.153733015E0,-1.993367672E0
7.080274583E-1,4.868480265E-1,2.191015482E0,-2.032908916E0
7.180214583E-1,4.983387589E-1,2.225911856E0,-2.052358627E0
7.280164583E-1,4.980324805E-1,2.261459589E0,-2.083000660E0
7.380104583E-1,4.946760833E-1,2.286851406E0,-2.120358467E0
7.480054583E-1,5.015553236E-1,2.277989864E0,-2.169980764E0
7.580004583E-1,5.062488914E-1,2.244740725E0,-2.223359823E0
7.679944583E-1,5.146340728E-1,2.215377331E0,-2.282754898E0
7.779894583E-1,5.372853279E-1,2.197813034E0,-2.354744673E0
7.879834583E-1,5.619531870E-1,2.174841404E0,-2.434922457E0
7.979784583E-1,5.877096653E-1,2.178886890E0,-2.506347895E0
8.079734583E-1,5.975220203E-1,2.203072548E0,-2.547263145E0
8.179674583E-1,5.885530114E-1,2.235401869E0,-2.564989090E0
8.279624583E-1,5.713266730E-1,2.241072416E0,-2.580870867E0
8.379564583E-1,5.615978837E-1,2.215671778E0,-2.571905851E0
8.479514583E-1,5.543330312E-1,2.149401426E0,-2.551290512E0
8.579464583E-1,5.549104214E-1,2.060939789E0,-2.540046215E0
8.679404583E-1,5.760160089E-1,1.969380140E0,-2.548898935E0
8.779354583E-1,6.003772616E-1,1.890633106E0,-2.581349134E0
8.879294583E-1,6.268429160E-1,1.848555923E0,-2.624850273E0
8.979244583E-1,6.436359882E-1,1.868818045E0,-2.670562267E0
9.079194583E-1,6.554812789E-1,1.962682128E0,-2.718790531E0
9.179134583E-1,6.657815576E-1,2.108583450E0,-2.751447201E0
9.279084583E-1,6.746529937E-1,2.259996414E0,-2.774140120E0
9.379024583E-1,6.838632822E-1,2.365391493E0,-2.779679060E0
9.478974583E-1,7.071306109E-1,2.404768467E0,-2.781279087E0
9.578924583E-1,7.349377275E-1,2.381078959E0,-2.784461260E0
9.678864583E-1,7.744395733E-1,2.314205885E0,-2.791767120E0
9.778814583E-1,8.072372079E-1,2.221915483E0,-2.803004503E0
9.878754583E-1,8.315278292E-1,2.136053324E0,-2.815450191E0
9.978704583E-1,8.408108354E-1,2.085565090E0,-2.825447321E0
1.007865458E0,8.420295715E-1,2.091474295E0,-2.830784798E0
1.017859458E0,8.366627693E-1,2.165125132E0,-2.837058067E0
1.027854458E0,8.240423203E-1,2.293613911E0,-2.837576389E0
1.037848458E0,8.121312857E-1,2.452190161E0,-2.830950499E0
1.047843458E0,8.034174442E-1,2.624742031E0,-2.817399740E0
1.057838458E0,7.933504581E-1,2.799938917E0,-2.794216871E0
1.067832458E0,7.849484086E-1,2.949611664E0,-2.758658648E0
1.077827458E0,7.807089686E-1,3.074005365E0,-2.718634367E0
1.087821458E0,7.786164880E-1,3.156116009E0,-2.655513763E0
1.097816458E0,7.806348801E-1,3.186018229E0,-2.582121611E0
1.107811458E0,7.853037119E-1,3.173571110E0,-2.494374037E0
1.117805458E0,7.904542685E-1,3.115473747E0,-2.388039351E0
1.127800458E0,7.951072454E-1,3.020074844E0,-2.265239000E0
1.137794458E0,7.969067693E-1,2.893102884E0,-2.130804300E0
1.147789458E0,7.892475724E-1,2.744289637E0,-1.991370916E0
1.157784458E0,7.764492035E-1,2.574471712E0,-1.849508762E0
1.167778458E0,7.541279197E-1,2.399132013E0,-1.705921173E0
1.177773458E0,7.221146226E-1,2.220757246E0,-1.571424365E0
1.187767458E0,6.865829229E-1,2.057926893E0,-1.445804834E0
1.197762458E0,6.504898667E-1,1.901934981E0,-1.339567542E0
1.207757458E0,6.146331429E-1,1.767664909E0,-1.236087799E0
1.217751458E0,5.862792730E-1,1.655703425E0,-1.143046260E0
1.227746458E0,5.545136333E-1,1.571144104E0,-1.062222838E0
1.237740458E0,5.276351571E-1,1.516780257E0,-9.856449962E-1
1.247735458E0,5.052512288E-1,1.483340621E0,-9.282021523E-1
1.257730458E0,4.929918945E-1,1.467514157E0,-8.784143329E-1
1.267724833E0,4.885694683E-1,1.471679688E0,-8.272405267E-1
1.277719833E0,4.966023564E-1,1.507183313E0,-7.693836093E-1
1.287713833E0,5.242694020E-1,1.556782484E0,-7.177823782E-1
1.297708833E0,5.570155978E-1,1.631746411E0,-6.631985307E-1
1.307703833E0,5.846866369E-1,1.729103565E0,-6.132234931E-1
1.317697833E0,6.031652689E-1,1.834344268E0,-5.815776587E-1
1.327692833E0,6.216832995E-1,1.926876783E0,-5.657891035E-1
1.337686833E0,6.365423799E-1,2.000812531E0,-5.536913872E-1
1.347681833E0,6.489527225E-1,2.053268671E0,-5.311226845E-1
1.357676833E0,6.613894105E-1,2.086067915E0,-5.026095510E-1
1.367670833E0,6.818680763E-1,2.093793869E0,-4.699238539E-1
1.377665833E0,7.017991543E-1,2.100744486E0,-4.346446991E-1
1.387659833E0,7.099021673E-1,2.092918873E0,-3.961872458E-1
1.397654833E0,7.179734111E-1,2.085447311E0,-3.546480536E-1
1.407648833E0,7.175534368E-1,2.068117380E0,-3.079131544E-1
1.417643833E0,7.015196085E-1,2.050491333E0,-2.616628408E-1
1.427638833E0,6.830113530E-1,2.017613649E0,-2.165307105E-1
1.437632833E0,6.593491435E-1,1.964747787E0,-1.708076894E-1
1.447627833E0,6.514883041E-1,1.896313310E0,-1.186172292E-1
1.457621833E0,6.456927657E-1,1.823657274E0,-4.864586145E-2
1.467616833E0,6.297370195E-1,1.757038951E0,3.810234368E-2
1.477611833E0,6.113529205E-1,1.693693757E0,1.123763099E-1
1.487605833E0,5.850371718E-1,1.626321077E0,1.709101647E-1
1.497600833E0,5.401040316E-1,1.554410934E0,2.109859437E-1
1.507594833E0,4.933892488E-1,1.462406397E0,2.389846593E-1
1.517589833E0,4.556972682E-1,1.343097329E0,2.766202092E-1
1.527584833E0,4.238253832E-1,1.218560815E0,3.226113319E-1
1.537578833E0,3.969415724E-1,1.095669150E0,3.702425063E-1
1.547573833E0,3.690401316E-1,9.814848900E-1,4.012064338E-1
1.557567833E0,3.444178700E-1,8.720569611E-1,4.192948937E-1
1.567562833E0,3.281478286E-1,7.631017566E-1,4.372249842E-1
1.577557833E0,3.094061017E-1,6.767096519E-1,4.480219781E-1
1.587551833E0,2.916742563E-1,6.106834412E-1,4.553263187E-1
1.597546833E0,2.832173705E-1,5.545365810E-1,4.542687833E-1
1.607540833E0,2.816857994E-1,5.182346106E-1,4.559731483E-1
1.617535833E0,2.818469107E-1,4.983442128E-1,4.537472725E-1
1.627530833E0,2.814343870E-1,4.900535047E-1,4.567385614E-1
1.637524833E0,2.800466120E-1,5.046377778E-1,4.582142234E-1
1.647519833E0,2.737573087E-1,5.311762094E-1,4.502204061E-1
1.657513833E0,2.602667809E-1,5.575833321E-1,4.286477268E-1
1.667508833E0,2.433301508E-1,5.718950033E-1,3.998833299E-1
1.677503833E0,2.278902084E-1,5.733221769E-1,3.729422688E-1
1.687497833E0,2.109852433E-1,5.544205308E-1,3.448190391E-1
1.697492833E0,1.992508173E-1,5.174217820E-1,3.191339374E-1
1.707486833E0,1.925633550E-1,4.656832516E-1,2.893616557E-1
1.717481833E0,1.920419037E-1,4.027868509E-1,2.601409256E-1
1.727476833E0,1.971650273E-1,3.466108739E-1,2.283697575E-1
1.737470833E0,1.999373883E-1,2.913947701E-1,1.891893297E-1
1.747465833E0,2.063774467E-1,2.423771471E-1,1.437427551E-1
1.757459833E0,2.086848021E-1,1.976767927E-1,9.542582184E-2
1.767454833E0,2.046227008E-1,1.612869650E-1,4.922679812E-2
1.777449833E0,2.014588565E-1,1.286959946E-1,-2.024407033E-3
1.787443833E0,1.948797852E-1,1.003288105E-1,-5.732543021E-2
1.797438833E0,1.848167628E-1,7.474835217E-2,-1.156007200E-1
1.807432833E0,1.751777232E-1,5.294081569E-2,-1.702254266E-1
1.817427833E0,1.666249782E-1,4.895060137E-2,-2.189311832E-1
1.827422833E0,1.602517515E-1,5.158533156E-2,-2.595793903E-1
1.837416833E0,1.484254599E-1,6.580554694E-2,-2.874664068E-1
1.847411833E0,1.361725330E-1,8.294083178E-2,-3.128470480E-1
1.857405833E0,1.180049852E-1,1.010351479E-1,-3.314998150E-1
1.867400833E0,9.758893400E-2,1.161986515E-1,-3.449588716E-1
1.877395833E0,6.826672703E-2,1.197140291E-1,-3.493674695E-1
1.887389833E0,3.851360083E-2,1.160216480E-1,-3.433777094E-1
1.897384833E0,-2.699350473E-3,9.843599051E-2,-3.249917924E-1
1.907378833E0,-5.983664095E-2,7.422061265E-2,-2.830592990E-1
1.917373833E0,-1.210467368E-1,4.323526844E-2,-2.322238237E-1
1.927368833E0,-1.965723783E-1,4.252090119E-3,-1.805626154E-1
1.937362833E0,-2.751071155E-1,-4.446378350E-2,-1.257627606E-1
1.947357833E0,-3.580941856E-1,-1.121634096E-1,-7.386663556E-2
1.957351833E0,-4.423848391E-1,-1.887410134E-1,-1.623796672E-2
1.967346833E0,-5.249207616E-1,-2.741939425E-1,5.505355448E-2
1.977340833E0,-6.113648415E-1,-3.642820716E-1,1.395849586E-1
1.987335833E0,-7.013263702E-1,-4.583995342E-1,2.301210463E-1
1.997330833E0,-8.075484037E-1,-5.570070148E-1,3.231423497E-1
2.007324833E0,-8.895170093E-1,-6.552699208E-1,4.244888425E-1
2.017319833E0,-9.486258626E-1,-7.364934087E-1,5.419302583E-1
2.027313833E0,-1.009846926E0,-7.856134176E-1,6.827384233E-1
2.037308833E0,-1.080424666E0,-7.922899723E-1,8.428604603E-1
2.047303833E0,-1.157453179E0,-7.670851946E-1,9.901992679E-1
2.057297833E0,-1.254499555E0,-7.263846397E-1,1.120699167E0
2.067292833E0,-1.364457726E0,-6.824653745E-1,1.224314213E0
2.077286833E0,-1.461115837E0,-6.445363760E-1,1.317724586E0
2.087281833E0,-1.545622468E0,-6.261620522E-1,1.428374290E0
2.097276833E0,-1.625776768E0,-6.147202849E-1,1.573167086E0
2.107270833E0,-1.693158984E0,-6.081979275E-1,1.749070764E0
2.117265833E0,-1.754870772E0,-5.847607851E-1,1.950801253E0
2.127259833E0,-1.828244328E0,-5.515804887E-1,2.148262024E0
2.137254833E0,-1.926361084E0,-4.948702753E-1,2.340061903E0
2.147249833E0,-2.039982080E0,-4.185373187E-1,2.509933949E0
2.157243833E0,-2.155809879E0,-3.305265307E-1,2.670938969E0
2.167238833E0,-2.273473024E0,-2.213348448E-1,2.821670532E0
2.177232833E0,-2.388003111E0,-9.780012816E-2,2.969689369E0
2.187227833E0,-2.504852533E0,3.592868149E-2,3.101337671E0
2.197222833E0,-2.622011662E0,1.671447605E-1,3.219590664E0
2.207216833E0,-2.727601528E0,2.711707056E-1,3.317623138E0
2.217211833E0,-2.822615623E0,3.512144089E-1,3.404350996E0
2.227205833E0,-2.916006565E0,4.008388519E-1,3.472806454E0
2.237200833E0,-3.003630877E0,3.991495967E-1,3.537443161E0
2.247195833E0,-3.099623442E0,3.535395265E-1,3.601724148E0
2.257189833E0,-3.182789087E0,2.660456300E-1,3.670174122E0
2.267184208E0,-3.260282040E0,1.312938780E-1,3.731207609E0
2.277178208E0,-3.313057423E0,-5.141361803E-2,3.774515867E0
2.287173208E0,-3.347287893E0,-2.610877156E-1,3.792962551E0
2.297168208E0,-3.362434149E0,-4.665108919E-1,3.793065548E0
2.307162208E0,-3.368608236E0,-6.497002244E-1,3.783862591E0
2.317157208E0,-3.366215944E0,-7.932932973E-1,3.774613619E0
2.327151208E0,-3.368539333E0,-8.812608719E-1,3.773187399E0
2.337146208E0,-3.364066601E0,-9.316428304E-1,3.776274681E0
2.347141208E0,-3.360417128E0,-9.442813993E-1,3.780744791E0
2.357135208E0,-3.352853060E0,-9.243710637E-1,3.776958466E0
2.367130208E0,-3.338033676E0,-9.081767797E-1,3.754324913E0
2.377124208E0,-3.323119640E0,-9.104990363E-1,3.716073990E0
2.387119208E0,-3.324339151E0,-9.238915443E-1,3.671521664E0
2.397114208E0,-3.279961109E0,-9.562593699E-1,3.620066166E0
2.407108208E0,-3.203863859E0,-1.008201241E0,3.544504166E0
2.417103208E0,-3.095966339E0,-1.083087444E0,3.449436903E0
2.427097208E0,-3.000002146E0,-1.168968558E0,3.344865561E0
2.437092208E0,-2.910066128E0,-1.250034332E0,3.266383648E0
2.447087208E0,-2.818859100E0,-1.332296729E0,3.215047121E0
2.457081208E0,-2.733043909E0,-1.438328624E0,3.172449827E0
2.467076208E0,-2.651431799E0,-1.559837937E0,3.115187883E0
2.477070208E0,-2.555266142E0,-1.685332537E0,3.029592752E0
2.487065208E0,-2.429162025E0,-1.802807927E0,2.930182695E0
2.497059208E0,-2.287369013E0,-1.911999106E0,2.819906235E0
2.507054208E0,-2.163937807E0,-1.974515200E0,2.721559763E0
2.517049208E0,-2.030995846E0,-1.981333733E0,2.645313501E0
2.527043208E0,-1.892289639E0,-1.968248010E0,2.573257685E0
2.537038208E0,-1.780695438E0,-1.945962667E0,2.507765532E0
2.547032208E0,-1.671438217E0,-1.907300234E0,2.427121878E0
2.557027208E0,-1.569448948E0,-1.853431106E0,2.332648516E0
2.567022208E0,-1.470879316E0,-1.818072677E0,2.232957840E0
2.577016208E0,-1.389389277E0,-1.794496417E0,2.133760452E0
2.587011208E0,-1.309021950E0,-1.747608066E0,2.031316757E0
2.597005208E0,-1.226328969E0,-1.705086350E0,1.933744431E0
2.607000208E0,-1.150255203E0,-1.664002180E0,1.829031467E0
2.616995208E0,-1.069483638E0,-1.611382961E0,1.729427457E0
2.626989208E0,-9.745653272E-1,-1.555035472E0,1.611089587E0
2.636984208E0,-8.831190467E-1,-1.483940482E0,1.480013609E0
2.646978208E0,-7.777103186E-1,-1.393577933E0,1.341107845E0
2.656973208E0,-6.907014251E-1,-1.278236747E0,1.199710965E0
2.666968208E0,-6.252905130E-1,-1.120559573E0,1.072643399E0
2.676962208E0,-5.775775909E-1,-9.379037619E-1,9.651267529E-1
2.686957208E0,-5.336734056E-1,-7.485501170E-1,8.646730185E-1
2.696951208E0,-4.855322838E-1,-5.809707046E-1,7.645799518E-1
2.706946208E0,-4.349862933E-1,-4.492955208E-1,6.571264863E-1
2.716941208E0,-3.742004335E-1,-3.430479169E-1,5.382528305E-1
2.726935208E0,-3.000788093E-1,-2.471096516E-1,4.135476053E-1
2.736930208E0,-2.338273525E-1,-1.370425373E-1,2.871489227E-1
2.746924208E0,-1.868577003E-1,3.238249104E-3,1.663646400E-1
2.756919208E0,-1.573237777E-1,1.561305970E-1,7.022611052E-2
2.766914208E0,-1.429211497E-1,2.967700660E-1,-6.359154359E-4
2.776908208E0,-1.438790858E-1,4.245722294E-1,-5.006311834E-2
2.786903208E0,-1.384648830E-1,5.122519135E-1,-7.508288324E-2
2.796897208E0,-1.369783133E-1,5.535263419E-1,-8.148831874E-2
2.806892208E0,-1.254516244E-1,5.540710688E-1,-8.172386140E-2
2.816887208E0,-1.036603153E-1,5.282093883E-1,-7.001607865E-2
2.826881208E0,-7.106080651E-2,4.868523180E-1,-4.807816073E-2
2.836876208E0,-3.291847929E-2,4.207611978E-1,-2.135520428E-2
2.846870208E0,9.381554089E-3,3.336090147E-1,6.265111268E-3
2.856865208E0,4.550626874E-2,2.445070893E-1,2.913021296E-2
2.866860208E0,6.888937950E-2,1.633255184E-1,4.816331342E-2
2.876854208E0,8.779995888E-2,9.757580608E-2,6.980016828E-2
2.886849208E0,9.579313546E-2,4.312057421E-2,9.190342575E-2
2.896843208E0,8.561427146E-2,7.781757507E-3,1.086863950E-1
2.906838208E0,7.446495444E-2,3.684984986E-3,1.208576560E-1
2.916832208E0,5.762125924E-2,1.005819626E-2,1.340703964E-1
2.926827208E0,4.947545007E-2,1.646895707E-2,1.486767679E-1
2.936822208E0,4.125400260E-2,1.765779220E-2,1.511886567E-1
2.946816208E0,4.049579054E-2,4.134525545E-3,1.501920521E-1
2.956811208E0,4.727486894E-2,-2.627238259E-2,1.432721019E-1
2.966805208E0,5.154366791E-2,-7.255315781E-2,1.356673539E-1
2.976800208E0,5.383185670E-2,-1.111756489E-1,1.319580972E-1
2.986795208E0,5.127920955E-2,-1.417659223E-1,1.292921305E-1
2.996789208E0,5.263661966E-2,-1.616331041E-1,1.217939928E-1
3.006784208E0,5.357219279E-2,-1.631366611E-1,1.061683744E-1
3.016778208E0,5.075829849E-2,-1.536379606E-1,9.204137325E-2
3.026773208E0,4.581148550E-2,-1.277844459E-1,8.283828199E-2
3.036768208E0,4.695105180E-2,-1.047521010E-1,8.289820701E-2
3.046762208E0,4.425937682E-2,-8.716772497E-2,8.189190179E-2
3.056757208E0,4.865359515E-2,-9.198351949E-2,7.819570601E-2
3.066751208E0,5.442707986E-2,-1.091127917E-1,6.758878380E-2
3.076746208E0,5.698264763E-2,-1.251602024E-1,5.814894289E-2
3.086741208E0,6.423707306E-2,-1.359538734E-1,5.346684903E-2
3.096735208E0,6.815324724E-2,-1.428818107E-1,4.521983862E-2
3.106730208E0,6.886167079E-2,-1.519473195E-1,3.984176368E-2
3.116724208E0,6.272521615E-2,-1.458305568E-1,3.737940267E-2
3.126719208E0,5.101476610E-2,-1.298549324E-1,3.238240629E-2
3.136714208E0,4.195975140E-2,-1.151952893E-1,3.292249516E-2
3.146708208E0,3.895277530E-2,-1.052540392E-1,3.448023275E-2
3.156703208E0,4.647087678E-2,-9.539661556E-2,3.427144140E-2
3.166697208E0,5.683857948E-2,-8.825793862E-2,3.171560541E-2
3.176692208E0,6.921109557E-2,-8.881693333E-2,2.207709290E-2
3.186687208E0,7.463167608E-2,-8.583404124E-2,1.706851274E-2
3.196681208E0,7.924799621E-2,-8.591926098E-2,1.103885006E-2
3.206676208E0,8.304566890E-2,-9.228954464E-2,3.065079451E-3
3.216670208E0,7.564847171E-2,-9.918287396E-2,-4.504156765E-3
3.226665208E0,7.635498792E-2,-9.601744264E-2,-1.052779332E-2
3.236659208E0,6.864327192E-2,-9.317824244E-2,-1.726079732E-2
3.246654208E0,6.646190584E-2,-8.440082520E-2,-2.227023989E-2
3.256649208E0,7.093282044E-2,-6.967354566E-2,-2.829777263E-2
3.266644833E0,7.068514079E-2,-5.723088980E-2,-3.115387633E-2
3.276639833E0,7.653317600E-2,-5.678481609E-2,-3.380691633E-2
3.286633833E0,7.976785302E-2,-6.453450769E-2,-3.522513434E-2
3.296628833E0,7.863388211E-2,-7.180413604E-2,-3.608666733E-2
3.306623833E0,8.267548680E-2,-8.418668061E-2,-2.904220298E-2
3.316617833E0,8.075828105E-2,-9.209652990E-2,-3.102998808E-2
3.326612833E0,8.474796265E-2,-9.497641027E-2,-3.148650378E-2
3.336606833E0,7.700242102E-2,-9.272657335E-2,-2.869684249E-2
3.346601833E0,7.360929251E-2,-7.866919786E-2,-3.047620878E-2
3.356596833E0,6.810587645E-2,-6.093174964E-2,-2.716936171E-2
3.366590833E0,5.991318077E-2,-3.342606127E-2,-2.622588165E-2
3.376585833E0,5.626997724E-2,-1.300973631E-2,-2.449109964E-2
3.386579833E0,5.561456457E-2,-1.740972511E-3,-2.142995223E-2
3.396574833E0,5.505423620E-2,2.818093169E-3,-2.017027885E-2
3.406569833E0,5.566091463E-2,-8.027360309E-4,-1.997395419E-2
3.416563833E0,5.130717903E-2,-9.501951747E-3,-1.940190792E-2
3.426558833E0,4.411343485E-2,-9.075650945E-3,-2.241021022E-2
3.436552833E0,3.252735361E-2,-7.579487748E-3,-2.102669701E-2
3.446547833E0,2.493682317E-2,-3.911744338E-3,-1.512910426E-2
3.456542833E0,1.846614107E-2,-1.277345465E-3,-7.483435329E-3
3.466536833E0,1.591375470E-2,-3.712345380E-3,-5.672215484E-3
3.476531833E0,1.767783239E-2,-1.228932198E-2,-7.078098133E-3
3.486525833E0,2.100626752E-2,-2.124189585E-2,-1.009048522E-2
3.496520833E0,2.075726353E-2,-2.145121992E-2,-1.408682391E-2
3.506515833E0,2.281616442E-2,-2.088685334E-2,-1.534061413E-2
3.516509833E0,2.730252407E-2,-2.012545615E-2,-1.599575207E-2
3.526504833E0,2.404121310E-2,-1.884012111E-2,-1.725076698E-2
3.536498833E0,2.411205135E-2,-1.695193909E-2,-1.861297339E-2
3.546493833E0,2.208537422E-2,-1.421401836E-2,-2.331344970E-2
3.556488833E0,2.518555894E-2,-1.322891563E-2,-2.825308032E-2
3.566482833E0,3.061760031E-2,-1.437401026E-2,-3.238907456E-2
3.576477833E0,3.409462422E-2,-1.973841526E-2,-3.330733255E-2
3.586471833E0,4.006064311E-2,-2.972863056E-2,-3.273270652E-2
3.596466833E0,4.269663990E-2,-3.784647956E-2,-3.572316840E-2
3.606461833E0,3.825156763E-2,-4.480178282E-2,-3.893707320E-2
3.616455833E0,4.052910209E-2,-4.305448383E-2,-4.065135121E-2
3.626450833E0,3.766780347E-2,-3.855514154E-2,-4.105290398E-2
3.636444833E0,4.044974223E-2,-3.429541364E-2,-3.743526340E-2
3.646439833E0,4.333820194E-2,-3.187783062E-2,-3.392625600E-2
3.656433833E0,4.983072355E-2,-3.595805913E-2,-3.211849928E-2
3.666428833E0,5.221744999E-2,-4.011974856E-2,-3.313931823E-2
3.676423833E0,5.268803239E-2,-4.345349222E-2,-3.717746958E-2
3.686417833E0,5.317830294E-2,-4.675371945E-2,-3.748774901E-2
3.696412833E0,5.282756686E-2,-4.274539649E-2,-3.529916331E-2
3.706406833E0,4.907143861E-2,-4.028420523E-2,-3.281941265E-2
3.716401833E0,4.792281985E-2,-3.978858888E-2,-3.081005998E-2
3.726396833E0,4.940300807E-2,-4.163758829E-2,-2.761669084E-2
3.736390833E0,5.165577680E-2,-4.791386053E-2,-2.624170110E-2
3.746385833E0,4.806451499E-2,-5.180573091E-2,-2.677034028E-2
3.756379833E0,4.886692390E-2,-5.621033162E-2,-2.191433311E-2
3.766374833E0,4.944349453E-2,-6.059403345E-2,-1.729337499E-2
3.776369833E0,4.954069853E-2,-6.627269089E-2,-1.767926663E-2
3.786363833E0,4.869248345E-2,-6.364545226E-2,-1.376471389E-2
3.796358833E0,4.581040889E-2,-6.228058040E-2,-1.520708110E-2
3.806352833E0,4.706528410E-2,-6.161339208E-2,-1.336188056E-2
3.816347833E0,4.721948132E-2,-5.887726322E-2,-1.664662361E-2
3.826342833E0,4.695715755E-2,-5.090409145E-2,-1.531179249E-2
3.836336833E0,4.220048338E-2,-4.973682761E-2,-2.352364920E-2
3.846331833E0,3.940415755E-2,-4.367461056E-2,-2.309471741E-2
3.856325833E0,3.828323260E-2,-4.509460554E-2,-2.231867239E-2
3.866320833E0,3.738150746E-2,-4.536594078E-2,-2.409999073E-2
3.876315833E0,3.335161507E-2,-3.954959661E-2,-1.849403605E-2
3.886309833E0,2.821730450E-2,-3.462791443E-2,-1.029354986E-2
3.896304833E0,2.413414605E-2,-3.628440201E-2,-2.699545585E-3
3.906298833E0,1.905630715E-2,-3.264115378E-2,5.046815611E-3
3.916293833E0,1.403172128E-2,-3.618342429E-2,1.256119087E-2
3.926288833E0,1.391531527E-2,-4.127230495E-2,1.447625086E-2
3.936282833E0,1.347482856E-2,-4.822954535E-2,1.619984768E-2
3.946277833E0,1.141407900E-2,-4.966515675E-2,1.522185467E-2
3.956271833E0,1.331664156E-2,-5.357148126E-2,2.037134394E-2
3.966266833E0,9.776500985E-3,-5.476750433E-2,2.006747574E-2
3.976260833E0,7.167135831E-3,-5.010857061E-2,2.122062445E-2
3.986255833E0,3.323674202E-3,-3.787477314E-2,2.079773694E-2
3.996250833E0,-1.357896719E-3,-3.335512057E-2,2.107390761E-2
4.006244833E0,8.892850601E-4,-2.229404263E-2,2.156192996E-2
4.016239833E0,5.302909412E-4,-1.876695268E-2,1.914537698E-2
4.026233833E0,-6.998283789E-4,-1.862460934E-2,1.652493328E-2
4.036228833E0,5.068499013E-4,-1.926616579E-2,1.293845475E-2
4.046223833E0,2.124982653E-3,-1.415725891E-2,1.012650505E-2
4.056217833E0,5.719717592E-3,-9.121487848E-3,1.161148306E-2
4.066212833E0,1.043202588E-3,-7.847533561E-3,1.304594334E-2
4.076206833E0,5.845947191E-3,-4.728971515E-3,1.716904901E-2
4.086201833E0,3.138588276E-3,-9.345289320E-3,1.952386647E-2
4.096196833E0,6.465941668E-3,-1.694888063E-2,1.838989183E-2
4.106190833E0,8.615094237E-3,-1.552110165E-2,1.502909511E-2
4.116185833E0,1.408416126E-2,-1.728358120E-2,1.578596607E-2
4.126179833E0,1.456726994E-2,-1.614640839E-2,1.645473577E-2
4.136174833E0,1.414276194E-2,-1.220865920E-2,1.570292562E-2
4.146169833E0,1.746319607E-2,-4.975376651E-3,1.760964096E-2
4.156163833E0,1.345673762E-2,-7.358908188E-4,1.347987540E-2
4.166158833E0,1.822566055E-2,-1.350015635E-3,1.169555821E-2
4.176152833E0,1.566476375E-2,-2.199830487E-3,8.078984916E-3
4.186147833E0,1.518325042E-2,-5.774663296E-3,4.963357933E-3
4.196142833E0,1.274645794E-2,-7.203981746E-3,1.421886496E-3
4.206136833E0,1.567966118E-2,-6.472212728E-3,-1.246546395E-3
4.216131833E0,1.625517011E-2,-6.159025244E-3,-1.484367065E-3
4.226125833E0,2.096043713E-2,-4.942626227E-3,-5.867287517E-3
4.236120833E0,2.742765844E-2,-7.010570727E-3,-7.239880972E-3
4.246115833E0,3.485630080E-2,-1.304795034E-2,-1.006965898E-2
4.256109833E0,4.235336557E-2,-2.756324410E-2,-1.795661077E-2
4.266103708E0,4.769513384E-2,-3.124323301E-2,-2.600332350E-2
4.276097708E0,5.454904586E-2,-3.761670738E-2,-3.549349681E-2
4.286092708E0,5.704789236E-2,-3.317125887E-2,-4.383033887E-2
4.296087708E0,6.258540601E-2,-2.211647853E-2,-4.770497233E-2
4.306081708E0,6.273985654E-2,-1.476459578E-2,-5.227151886E-2
4.316076708E0,6.194703281E-2,-8.467551321E-3,-5.496903509E-2
4.326070708E0,5.967615172E-2,-5.153081380E-3,-5.589120463E-2
4.336065708E0,5.730274320E-2,-3.264900297E-3,-5.469118431E-2
4.346059708E0,5.542894825E-2,-4.786995240E-3,-5.066648498E-2
4.356054708E0,5.272157863E-2,-9.169226512E-3,-4.575454816E-2
4.366049708E0,4.978676513E-2,-1.156307757E-2,-3.764239699E-2
4.376043708E0,4.871990159E-2,-1.433596108E-2,-3.091738559E-2
4.386038708E0,4.546393454E-2,-1.902741566E-2,-2.981103025E-2
4.396032708E0,4.822216928E-2,-2.270497568E-2,-2.639206313E-2
4.406027708E0,4.930393398E-2,-3.030457348E-2,-1.922421530E-2
4.416022708E0,5.296684429E-2,-3.248357400E-2,-1.806467399E-2
4.426016708E0,5.078493431E-2,-3.961857408E-2,-1.641730219E-2
4.436011708E0,5.266752094E-2,-4.216242582E-2,-1.986849308E-2
4.446005708E0,5.361480638E-2,-4.467196018E-2,-2.231564373E-2
4.456000708E0,5.708224326E-2,-3.488883376E-2,-2.243468724E-2
4.465995708E0,6.212680787E-2,-3.064871393E-2,-2.619701624E-2
4.475989708E0,7.060737908E-2,-2.679565176E-2,-3.046073765E-2
4.485984708E0,7.835639268E-2,-2.841231041E-2,-4.232384264E-2
4.495978708E0,8.891316503E-2,-2.496724576E-2,-5.744686723E-2
4.505973708E0,9.996952116E-2,-2.021701634E-2,-6.891771406E-2
4.515968708E0,1.106080487E-1,-1.240729634E-2,-8.268012851E-2
4.525962708E0,1.200233996E-1,-1.235663658E-3,-1.015293449E-1
4.535957708E0,1.322840601E-1,1.576968469E-2,-1.207118332E-1
4.545951708E0,1.442091465E-1,3.109956533E-2,-1.371057183E-1
4.555946708E0,1.558050811E-1,5.108712241E-2,-1.586381793E-1
4.565941708E0,1.753055602E-1,6.916016340E-2,-1.896533668E-1
4.575935708E0,1.897449493E-1,8.588482440E-2,-2.198027372E-1
4.585930708E0,2.190732807E-1,1.076961085E-1,-2.570094466E-1
4.595924708E0,2.506543696E-1,1.237139553E-1,-3.038376868E-1
4.605919708E0,2.812117338E-1,1.481726170E-1,-3.624623716E-1
4.615914708E0,3.246212602E-1,1.694464833E-1,-4.402889907E-1
4.625908708E0,3.545450866E-1,2.065740377E-1,-5.317605138E-1
4.635903708E0,3.861661255E-1,2.530587316E-1,-6.403956413E-1
4.645897708E0,4.086290896E-1,3.131679296E-1,-7.522500157E-1
4.655892708E0,4.180289805E-1,3.780635893E-1,-8.638143539E-1
4.665887708E0,4.298571050E-1,4.522880614E-1,-9.611687660E-1
4.675881708E0,4.413894117E-1,5.207150578E-1,-1.052354574E0
4.685876708E0,4.695475698E-1,5.805738568E-1,-1.135800600E0
4.695870708E0,4.947831631E-1,6.225452423E-1,-1.222284436E0
4.705865708E0,5.169195533E-1,6.486510634E-1,-1.306442618E0
4.715860708E0,5.446305871E-1,6.665051579E-1,-1.386568069E0
4.725854708E0,5.697268844E-1,6.773295999E-1,-1.468559384E0
4.735849708E0,5.947304964E-1,6.884304881E-1,-1.547739148E0
4.745843708E0,6.292624474E-1,7.046511173E-1,-1.613800049E0
4.755838708E0,6.662343144E-1,7.247870564E-1,-1.672528386E0
4.765833708E0,7.139167786E-1,7.370847464E-1,-1.724045515E0
4.775827708E0,7.659248710E-1,7.464942336E-1,-1.773174167E0
4.785822708E0,8.172423840E-1,7.561511993E-1,-1.828135729E0
4.795816708E0,8.636469245E-1,7.500405908E-1,-1.879040718E0
4.805811708E0,8.994725943E-1,7.385537624E-1,-1.929220080E0
4.815805708E0,9.429076910E-1,7.195832729E-1,-1.976757169E0
4.825800708E0,9.856292605E-1,6.963956356E-1,-2.031406164E0
4.835795708E0,1.008690357E0,6.761801243E-1,-2.073734045E0
4.845789708E0,1.010038257E0,6.749982238E-1,-2.094172239E0
4.855784708E0,1.010945320E0,6.814454794E-1,-2.101624489E0
4.865778708E0,1.026866198E0,6.777800322E-1,-2.111183167E0
4.875773708E0,1.045086741E0,6.507622600E-1,-2.135428667E0
4.885768708E0,1.071491480E0,6.102229953E-1,-2.166810751E0
4.895762708E0,1.114073277E0,5.450666547E-1,-2.198698759E0
4.905757708E0,1.170621276E0,4.407269061E-1,-2.232258558E0
4.915751708E0,1.232396722E0,3.026984632E-1,-2.259989262E0
4.925746708E0,1.261062145E0,1.635583043E-1,-2.288665056E0
4.935741708E0,1.275655508E0,4.934171960E-2,-2.307167053E0
4.945735708E0,1.285361171E0,-3.156634793E-2,-2.327847481E0
4.955730708E0,1.283557653E0,-8.193737268E-2,-2.361778021E0
4.965724708E0,1.289939880E0,-9.112754464E-2,-2.414134264E0
4.975719708E0,1.302665591E0,-6.906565279E-2,-2.481898785E0
4.985714708E0,1.314929366E0,-3.921454400E-2,-2.563814402E0
4.995708708E0,1.325990796E0,-2.176898299E-3,-2.640546560E0
5.005703708E0,1.336198211E0,1.792054623E-2,-2.721527576E0
5.015697708E0,1.320962310E0,2.277495712E-2,-2.787942886E0
5.025692708E0,1.298867345E0,1.571059041E-2,-2.842967987E0
5.035687708E0,1.251776576E0,1.882393379E-3,-2.871582031E0
5.045681708E0,1.177311897E0,2.027058601E-2,-2.868681192E0
5.055676708E0,1.131865025E0,7.213005424E-2,-2.852102280E0
5.065670708E0,1.122684360E0,1.226241142E-1,-2.855636597E0
5.075665708E0,1.105395675E0,1.650876850E-1,-2.888129473E0
5.085660708E0,1.083324671E0,2.242538333E-1,-2.924578190E0
5.095654708E0,1.056971073E0,3.123781085E-1,-2.942864180E0
5.105649708E0,1.023213625E0,4.066301584E-1,-2.922743797E0
5.115643708E0,9.528105855E-1,4.815110564E-1,-2.862338066E0
5.125638708E0,8.468535542E-1,5.564790964E-1,-2.725687742E0
5.135633708E0,7.613703609E-1,5.906708837E-1,-2.535232306E0
5.145627708E0,7.059649229E-1,5.820508599E-1,-2.354716301E0
5.155622708E0,6.949412823E-1,5.190497637E-1,-2.255132675E0
5.165616708E0,6.990201473E-1,4.202204943E-1,-2.229834795E0
5.175611708E0,7.189030647E-1,3.180347085E-1,-2.256689072E0
5.185606708E0,7.441114783E-1,2.420750111E-1,-2.291446447E0
5.195600708E0,7.753207684E-1,2.017198652E-1,-2.313360453E0
5.205595708E0,7.960742712E-1,1.938817501E-1,-2.330961466E0
5.215589708E0,8.222491145E-1,2.015436739E-1,-2.349775076E0
5.225584708E0,8.245517612E-1,2.304877788E-1,-2.370770931E0
5.235579708E0,8.046800494E-1,2.969543934E-1,-2.382314920E0
5.245573708E0,7.657775879E-1,3.777404428E-1,-2.369285345E0
5.255568708E0,7.419186234E-1,4.689814150E-1,-2.339079142E0
5.265562458E0,7.393742204E-1,5.406674743E-1,-2.319377422E0
5.275557458E0,7.641581297E-1,5.812620521E-1,-2.326303005E0
5.285551458E0,7.969454527E-1,5.922027826E-1,-2.367254496E0
5.295546458E0,8.336797357E-1,5.784616470E-1,-2.429542065E0
5.305541458E0,8.799912333E-1,5.611850023E-1,-2.500463247E0
5.315535458E0,9.208827615E-1,5.482897162E-1,-2.564670563E0
5.325530458E0,9.618963003E-1,5.465041995E-1,-2.619764328E0
5.335524458E0,1.000377059E0,5.467915535E-1,-2.663748264E0
5.345519458E0,1.033329725E0,5.445641875E-1,-2.712695599E0
5.355514458E0,1.070929766E0,5.290611386E-1,-2.763816357E0
5.365508458E0,1.100856543E0,5.076508522E-1,-2.826480865E0
5.375503458E0,1.133794785E0,4.752710462E-1,-2.896753311E0
5.385497458E0,1.165601730E0,4.217597842E-1,-2.966024876E0
5.395492458E0,1.199005961E0,3.529368043E-1,-3.026641846E0
5.405487458E0,1.229043841E0,2.660362720E-1,-3.077316046E0
5.415481458E0,1.247547746E0,1.785746068E-1,-3.104511261E0
5.425476458E0,1.259945273E0,8.035898954E-2,-3.110887527E0
5.435470458E0,1.271497488E0,-2.931690589E-2,-3.088683605E0
5.445465458E0,1.265478253E0,-1.396176219E-1,-3.039372683E0
5.455460458E0,1.244702935E0,-2.602503002E-1,-2.964964628E0
5.465454458E0,1.214357257E0,-3.783750236E-1,-2.861228704E0
5.475449458E0,1.173915505E0,-4.859811068E-1,-2.722150326E0
5.485443458E0,1.128789067E0,-5.763482451E-1,-2.552304506E0
5.495438458E0,1.081491590E0,-6.284505725E-1,-2.348639965E0
5.505433458E0,1.022983789E0,-6.318045259E-1,-2.122053623E0
5.515427458E0,9.599034190E-1,-5.876882076E-1,-1.885213494E0
5.525422458E0,8.870238662E-1,-4.819653630E-1,-1.646456718E0
5.535416458E0,8.067343831E-1,-3.139180541E-1,-1.413151503E0
5.545411458E0,7.246613503E-1,-8.812666684E-2,-1.200470090E0
5.555406458E0,6.380268335E-1,1.687629223E-1,-1.018488288E0
5.565400458E0,5.568898916E-1,4.353904426E-1,-8.625900745E-1
5.575395458E0,4.924802780E-1,7.039563656E-1,-7.155212760E-1
5.585389458E0,4.342540205E-1,9.611865282E-1,-5.708644390E-1
5.595384458E0,3.900205195E-1,1.198196173E0,-4.183233678E-1
5.605378458E0,3.565906584E-1,1.403285742E0,-2.667235434E-1
5.615373458E0,3.267528713E-1,1.568695903E0,-1.260934621E-1
5.625368458E0,3.006648123E-1,1.689815879E0,-5.233683623E-4
5.635362458E0,2.760491967E-1,1.774319530E0,9.764527529E-2
5.645357458E0,2.612423003E-1,1.822046995E0,1.896107793E-1
5.655351458E0,2.376277894E-1,1.835328102E0,2.565189898E-1
5.665346458E0,2.212757170E-1,1.816807747E0,3.057097197E-1
5.675341458E0,2.040740848E-1,1.768571258E0,3.311490417E-1
5.685335458E0,1.931995898E-1,1.691319346E0,3.448267579E-1
5.695330458E0,1.871291697E-1,1.594037533E0,3.505274951E-1
5.705324458E0,1.868647188E-1,1.485080719E0,3.564111590E-1
5.715319458E0,1.826476157E-1,1.376705766E0,3.618325591E-1
5.725314458E0,1.804065555E-1,1.271967649E0,3.533600271E-1
5.735308458E0,1.738272160E-1,1.155742168E0,3.348864615E-1
5.745303458E0,1.668952852E-1,1.045562506E0,3.073220551E-1
5.755297458E0,1.477945596E-1,9.333527088E-1,2.816228271E-1
5.765292458E0,1.384543180E-1,8.234714270E-1,2.625048161E-1
5.775287458E0,1.238873675E-1,7.241597772E-1,2.479612976E-1
5.785281458E0,1.084242761E-1,6.338285804E-1,2.377614528E-1
5.795276458E0,9.600222856E-2,5.552962422E-1,2.306159288E-1
5.805270458E0,7.757712156E-2,4.822965264E-1,2.185123265E-1
5.815265458E0,5.153300241E-2,4.154733121E-1,2.060303688E-1
5.825260458E0,2.756908350E-2,3.478447199E-1,1.939183027E-1
5.835254458E0,3.744800051E-4,2.765484452E-1,1.804032922E-1
5.845249458E0,-3.051524796E-2,2.003878951E-1,1.698772162E-1
5.855243458E0,-5.372283235E-2,1.180914268E-1,1.686660051E-1
5.865238458E0,-7.774695009E-2,2.996049821E-2,1.720116735E-1
5.875233458E0,-9.678243101E-2,-5.153010041E-2,1.779798269E-1
5.885227458E0,-1.179457605E-1,-1.285913885E-1,1.835560501E-1
5.895222458E0,-1.342091560E-1,-2.021803856E-1,1.865566373E-1
5.905216458E0,-1.408015341E-1,-2.653112710E-1,1.906490624E-1
5.915211458E0,-1.468988359E-1,-3.080683351E-1,2.032274455E-1
5.925206458E0,-1.504464298E-1,-3.357707858E-1,2.152734548E-1
5.935200458E0,-1.529002637E-1,-3.473680615E-1,2.223412097E-1
5.945195458E0,-1.546904743E-1,-3.507044911E-1,2.257496417E-1
5.955189458E0,-1.562343091E-1,-3.458026946E-1,2.221192122E-1
5.965184458E0,-1.531234533E-1,-3.339009881E-1,2.215994000E-1
5.975178458E0,-1.472575814E-1,-3.148279190E-1,2.177793533E-1
5.985173458E0,-1.408715993E-1,-2.870404422E-1,2.160940021E-1
5.995168458E0,-1.328626722E-1,-2.604764700E-1,2.140204757E-1
6.005162458E0,-1.192682907E-1,-2.311508209E-1,2.070283890E-1
6.015157458E0,-1.141238585E-1,-1.982003301E-1,2.002005726E-1
6.025151458E0,-1.107778847E-1,-1.718177199E-1,1.901712716E-1
6.035146458E0,-1.083658636E-1,-1.507039219E-1,1.764344275E-1
6.045141458E0,-1.042712107E-1,-1.437573433E-1,1.635436267E-1
6.055135458E0,-1.034253910E-1,-1.448218077E-1,1.494608223E-1
6.065130458E0,-9.589638561E-2,-1.593583822E-1,1.342609674E-1
6.075124458E0,-9.208194166E-2,-1.828402728E-1,1.229071170E-1
6.085119458E0,-9.044756740E-2,-2.124593109E-1,1.052320898E-1
6.095114458E0,-8.497770131E-2,-2.406009287E-1,9.218180180E-2
6.105108458E0,-7.867851853E-2,-2.602708936E-1,8.120281249E-2
6.115103458E0,-7.542333752E-2,-2.783731818E-1,7.155923545E-2
6.125097458E0,-6.386655569E-2,-2.834951580E-1,5.965238437E-2
6.135092458E0,-5.587867275E-2,-2.804096341E-1,5.249327421E-2
6.145087458E0,-5.044687912E-2,-2.703045309E-1,3.670024127E-2
6.155081458E0,-4.026374966E-2,-2.504759431E-1,3.041598201E-2
6.165076458E0,-3.911089152E-2,-2.280167192E-1,2.253532410E-2
6.175070458E0,-3.017917834E-2,-2.046123296E-1,1.113779470E-2
6.185065458E0,-1.868256368E-2,-1.819362044E-1,5.282268859E-3
6.195060458E0,-1.298659574E-2,-1.536566317E-1,-5.958135240E-3
6.205054458E0,-6.689564325E-3,-1.290195286E-1,-1.666004211E-2
6.215049458E0,-3.443703987E-3,-1.079989374E-1,-2.578163520E-2
6.225043458E0,-2.564133320E-4,-9.317797422E-2,-3.514675424E-2
6.235038458E0,3.065880155E-3,-7.504184544E-2,-4.321240261E-2
6.245033458E0,5.921330769E-3,-7.179468125E-2,-5.226494372E-2
6.255027458E0,9.082769044E-3,-7.229988277E-2,-5.972765759E-2
6.265022250E0,1.153580006E-2,-8.683985472E-2,-6.778065115E-2
6.275016250E0,1.150543988E-2,-9.983208030E-2,-7.703486830E-2
6.285011250E0,1.148253772E-2,-1.131001785E-1,-8.531732857E-2
6.295005250E0,5.278971046E-3,-1.310967505E-1,-9.097202122E-2
6.305000250E0,6.763954647E-3,-1.446196288E-1,-9.722469002E-2
6.314995250E0,2.860825974E-3,-1.514319927E-1,-1.022865623E-1
6.324989250E0,2.014987171E-3,-1.596150249E-1,-1.032553166E-1
6.334984250E0,-2.233101986E-5,-1.601513922E-1,-1.024236083E-1
6.344978250E0,-6.260789931E-3,-1.552960128E-1,-1.044376791E-1
6.354973250E0,-8.893058635E-3,-1.484149396E-1,-1.028650776E-1
6.364968250E0,-1.631740108E-2,-1.409959942E-1,-1.010717899E-1
6.374962250E0,-2.085729130E-2,-1.368361413E-1,-9.844031930E-2
6.384957250E0,-2.987050638E-2,-1.384148598E-1,-9.599345922E-2
6.394951250E0,-3.784986958E-2,-1.444897950E-1,-9.263335168E-2
6.404946250E0,-4.425396398E-2,-1.622100472E-1,-8.659663051E-2
6.414941250E0,-5.236062780E-2,-1.757618040E-1,-7.824975252E-2
6.424935250E0,-6.642265618E-2,-2.002258152E-1,-7.253897190E-2
6.434930250E0,-7.543745637E-2,-2.237196863E-1,-6.597960740E-2
6.444924250E0,-8.942278475E-2,-2.473257333E-1,-6.033924222E-2
6.454919250E0,-1.047034711E-1,-2.677154243E-1,-5.481424928E-2
6.464914250E0,-1.185689494E-1,-2.970269918E-1,-5.003334209E-2
6.474908250E0,-1.308256239E-1,-3.244247735E-1,-4.161722213E-2
6.484903250E0,-1.382244080E-1,-3.479696512E-1,-3.143553063E-2
6.494897250E0,-1.369918883E-1,-3.492186666E-1,-1.675565541E-2
6.504892250E0,-1.255009025E-1,-3.215861320E-1,6.333793048E-3
6.514887250E0,-1.163247004E-1,-2.700901628E-1,3.102955222E-2
6.524881250E0,-1.113927811E-1,-1.912138909E-1,5.058990791E-2
6.534876250E0,-1.117179543E-1,-1.024241000E-1,5.754555017E-2
6.544870250E0,-1.138698012E-1,-2.273403667E-2,6.078227982E-2
6.554865250E0,-1.156732962E-1,4.162790626E-2,6.785323471E-2
6.564860250E0,-1.092928946E-1,7.601094991E-2,7.514521480E-2
6.574854250E0,-1.005486697E-1,9.125781804E-2,8.262017369E-2
6.584849250E0,-9.605431557E-2,8.746428043E-2,8.449172974E-2
6.594843250E0,-9.276664257E-2,6.593581289E-2,7.612940669E-2
6.604838250E0,-9.306995571E-2,3.492105007E-2,6.895320117E-2
6.614832250E0,-8.776467294E-2,1.182531007E-3,6.549029052E-2
6.624827250E0,-8.760862797E-2,-3.523564711E-2,5.871747434E-2
6.634822250E0,-8.610340953E-2,-7.153905928E-2,5.775048211E-2
6.644816250E0,-7.828623056E-2,-1.002779603E-1,4.861978069E-2
6.654811250E0,-7.363102585E-2,-1.189230233E-1,3.913280368E-2
6.664805250E0,-7.300730795E-2,-1.293497235E-1,2.828247100E-2
6.674800250E0,-6.881442666E-2,-1.286170781E-1,2.213376388E-2
6.684795250E0,-6.412622333E-2,-1.247449964E-1,1.504475437E-2
6.694789250E0,-5.926275253E-2,-1.191323847E-1,9.543462656E-3
6.704784250E0,-5.503152311E-2,-1.116480380E-1,5.816048011E-3
6.714778250E0,-4.549926892E-2,-1.050641686E-1,8.700252511E-4
6.724773250E0,-4.446676746E-2,-9.993798286E-2,-6.478593219E-3
6.734768250E0,-4.081663862E-2,-9.625216573E-2,-1.097880118E-2
6.744762250E0,-3.750551119E-2,-9.936466068E-2,-1.549483836E-2
6.754757250E0,-3.342661262E-2,-1.010709479E-1,-1.817131415E-2
6.764751250E0,-2.894479595E-2,-1.042256057E-1,-1.476933341E-2
6.774746250E0,-2.332605980E-2,-1.088813469E-1,-1.964158565E-2
6.784741250E0,-2.302538231E-2,-1.067536026E-1,-1.581819542E-2
6.794735250E0,-1.757921837E-2,-1.029623300E-1,-1.528023742E-2
6.804730250E0,-1.264435798E-2,-9.447824955E-2,-1.402021851E-2
6.814724250E0,-6.590460427E-3,-7.543424517E-2,-1.230700780E-2
6.824719250E0,-7.171593606E-3,-5.372764170E-2,-1.407576539E-2
6.834714250E0,-5.894874223E-3,-3.372650221E-2,-1.536553539E-2
6.844708250E0,-3.571538720E-3,-2.448626608E-2,-1.243435033E-2
6.854703250E0,-5.122830160E-3,-1.485521067E-2,-1.261917315E-2
6.864697250E0,-3.457006998E-3,-1.138820592E-2,-9.901184589E-3
6.874692250E0,-3.500949126E-3,-1.668043993E-2,-1.222106442E-2
6.884687250E0,-5.569422618E-3,-2.686186880E-2,-1.119636092E-2
6.894681250E0,-7.680510171E-3,-3.763408959E-2,-1.381211821E-2
6.904676250E0,-1.364707388E-2,-4.734973609E-2,-1.292519737E-2
6.914670250E0,-1.458583865E-2,-5.494214222E-2,-1.207458321E-2
6.924665250E0,-1.897897571E-2,-6.064020842E-2,-1.272171084E-2
6.934659250E0,-2.351327427E-2,-6.235475093E-2,-1.580405235E-2
6.944654250E0,-2.816474624E-2,-6.308136135E-2,-1.527714916E-2
6.954649250E0,-3.219357505E-2,-6.200198084E-2,-1.764150336E-2
6.964643250E0,-4.065389931E-2,-6.934227794E-2,-1.853379793E-2
6.974638250E0,-4.491256177E-2,-7.202168554E-2,-2.152266353E-2
6.984632250E0,-5.291083455E-2,-8.518742770E-2,-2.217476256E-2
6.994627250E0,-5.899562687E-2,-9.896688908E-2,-2.849977091E-2
7.004622250E0,-6.784052402E-2,-1.204602942E-1,-3.129068017E-2
7.014616250E0,-7.300865650E-2,-1.453081220E-1,-3.683831170E-2
7.024611250E0,-7.809980959E-2,-1.682993621E-1,-4.153993726E-2
7.034605250E0,-7.343688607E-2,-1.861220300E-1,-3.850446641E-2
7.044600250E0,-7.145070285E-2,-1.871665269E-1,-3.378086910E-2
7.054595250E0,-6.713665277E-2,-1.617575735E-1,-2.372557111E-2
7.064589250E0,-6.328835338E-2,-1.266564131E-1,-1.914142258E-2
7.074584250E0,-6.148858741E-2,-7.587233186E-2,-1.715736650E-2
7.084578250E0,-6.033307314E-2,-2.302438952E-2,-1.439577434E-2
7.094573250E0,-5.305385590E-2,2.094040625E-2,-1.312757749E-2
7.104568250E0,-4.587637261E-2,5.101964250E-2,-7.290911861E-3
7.114562250E0,-4.667691886E-2,6.654480100E-2,-1.230355818E-3
7.124557250E0,-4.046536237E-2,6.904578209E-2,4.021930508E-3
7.134551250E0,-3.502878547E-2,5.809779465E-2,7.547643036E-4
7.144546250E0,-3.090861253E-2,4.050228745E-2,-3.682062030E-3
7.154541250E0,-3.052911162E-2,1.388718933E-2,-7.756964304E-3
7.164535250E0,-2.732424997E-2,-4.163412843E-3,-5.976618733E-3
7.174530250E0,-2.241204865E-2,-1.225462928E-2,-2.990415785E-3
7.184524250E0,-1.769425906E-2,-1.303040795E-2,-3.145412076E-3
7.194519250E0,-1.326355804E-2,-8.328330703E-3,-8.114071563E-3
7.204514250E0,-1.315410063E-2,3.201592714E-3,-1.150004193E-2
7.214508250E0,-4.814412445E-3,1.152636670E-2,-1.510036923E-2
7.224503250E0,-1.854047645E-3,1.794311777E-2,-2.070461772E-2
7.234497250E0,7.687259465E-3,2.413976192E-2,-2.007930726E-2
7.244492250E0,1.015255693E-2,2.540819719E-2,-2.506040595E-2
7.254486250E0,1.422080211E-2,2.513602190E-2,-3.151724115E-2
7.264481250E0,1.863312908E-2,2.564818412E-2,-3.560229018E-2
7.274476708E0,2.290004492E-2,2.267902531E-2,-3.887824342E-2
7.284470708E0,2.731234953E-2,2.033942938E-2,-3.902668133E-2
7.294465708E0,2.929960005E-2,1.525891479E-2,-4.125840962E-2
7.304459708E0,3.163971752E-2,1.652358472E-2,-3.967963159E-2
7.314454708E0,3.180057183E-2,1.196292043E-2,-4.085036367E-2
7.324449708E0,3.384508565E-2,1.139506884E-2,-3.930029646E-2
7.334443708E0,3.088711575E-2,1.109652966E-2,-3.865367919E-2
7.344438708E0,3.042081557E-2,1.456021518E-2,-3.323668614E-2
7.354432708E0,3.138275072E-2,1.776373200E-2,-2.878148109E-2
7.364427708E0,2.766391635E-2,1.934308931E-2,-2.511305548E-2
7.374422708E0,2.647241764E-2,2.069890499E-2,-2.265096456E-2
7.384416708E0,2.353547513E-2,2.275549062E-2,-2.239543386E-2
7.394411708E0,2.127418667E-2,2.037888579E-2,-2.197039500E-2
7.404405708E0,1.794363186E-2,1.442285534E-2,-2.158679068E-2
7.414400708E0,1.852846146E-2,6.117788143E-3,-2.121581323E-2
7.424395708E0,1.733029075E-2,-3.295980860E-4,-2.108872123E-2
7.434389708E0,1.428176928E-2,-7.821336389E-3,-2.164159343E-2
7.444384708E0,1.654067822E-2,-1.032486837E-2,-2.022375911E-2
7.454378708E0,9.753878228E-3,-1.240879297E-2,-1.922534034E-2
7.464373708E0,1.333421096E-2,-1.314113382E-2,-2.192297950E-2
7.474368708E0,1.080500614E-2,-1.088197436E-2,-2.258078195E-2
7.484362708E0,1.122848690E-2,-1.287409663E-2,-2.137488313E-2
7.494357708E0,1.062714588E-2,-1.255611517E-2,-1.861345209E-2
7.504351708E0,6.153019145E-3,-9.390864521E-3,-1.641706191E-2
7.514346708E0,3.435263177E-3,-8.853437379E-3,-1.412115060E-2
7.524341708E0,2.171042841E-3,-5.963549018E-3,-1.165897399E-2
7.534335708E0,-4.946787842E-3,-6.151834503E-3,-8.892482147E-3
7.544330708E0,-1.076763123E-2,-1.256401092E-2,-5.619224161E-3
7.554324708E0,-9.415277280E-3,-1.763600111E-2,-3.336362541E-3
7.564319708E0,-1.208377630E-2,-2.322948165E-2,-2.687908709E-3
7.574314708E0,-1.247339696E-2,-2.987113968E-2,4.432052374E-3
7.584308708E0,-1.826950908E-2,-3.118404746E-2,1.183582935E-2
7.594303708E0,-2.186051570E-2,-2.938295156E-2,1.290402375E-2
7.604297708E0,-2.608429454E-2,-2.720804885E-2,1.417576429E-2
7.614292708E0,-2.921990119E-2,-2.144976333E-2,2.122302167E-2
7.624286708E0,-3.016532026E-2,-2.087658271E-2,2.907982469E-2
7.634281708E0,-2.871602774E-2,-1.827866957E-2,3.368576244E-2
7.644276708E0,-3.338320553E-2,-1.667777076E-2,3.736251965E-2
7.654270708E0,-3.346522897E-2,-1.569639519E-2,3.996123001E-2
7.664265708E0,-3.759633377E-2,-1.545075700E-2,4.671567306E-2
7.674259708E0,-3.878969327E-2,-9.679419920E-3,4.861930013E-2
7.684254708E0,-4.106136039E-2,-1.188557595E-2,5.360639095E-2
7.694249708E0,-4.149438813E-2,-1.234683581E-2,5.725065991E-2
7.704243708E0,-4.125391692E-2,-1.182463020E-2,6.177987531E-2
7.714238708E0,-4.255407304E-2,-1.051941514E-2,6.417804956E-2
7.724232708E0,-4.890676960E-2,-8.962859400E-3,6.270196289E-2
7.734227708E0,-4.807453230E-2,-6.823276170E-3,5.926355720E-2
7.744222708E0,-5.050493404E-2,-3.138259985E-3,5.721744895E-2
7.754216708E0,-5.352948606E-2,-4.020298831E-3,5.414389446E-2
7.764211708E0,-5.429303274E-2,-3.116895910E-3,5.059321597E-2
7.774205708E0,-5.592847988E-2,-5.138767883E-3,4.352145642E-2
7.784200708E0,-5.469781905E-2,-1.008148957E-2,3.529172391E-2
7.794195708E0,-5.578066036E-2,-1.637959853E-2,2.752355114E-2
7.804189708E0,-5.313189328E-2,-2.153208852E-2,1.650765538E-2
7.814184708E0,-5.318569019E-2,-2.612764016E-2,8.469436318E-3
7.824178708E0,-5.187995359E-2,-3.012108244E-2,2.651741495E-3
7.834173708E0,-5.033079162E-2,-3.018712811E-2,-7.498097606E-3
7.844168708E0,-5.012117326E-2,-2.623436041E-2,-1.037456281E-2
7.854162708E0,-4.962662607E-2,-1.945288666E-2,-1.622765698E-2
7.864157708E0,-4.393227026E-2,-1.113597304E-2,-2.167802490E-2
7.874151708E0,-4.532217234E-2,-3.562209196E-3,-3.070268035E-2
7.884146708E0,-4.084459692E-2,1.704291906E-3,-3.448391706E-2
7.894141708E0,-3.663280979E-2,4.605273250E-3,-3.946509212E-2
7.904135708E0,-3.505725786E-2,3.120142967E-3,-4.126590118E-2
7.914130708E0,-3.137623891E-2,-2.186471829E-3,-4.502761737E-2
7.924124708E0,-2.566083893E-2,-8.415682241E-3,-4.860131070E-2
7.934119708E0,-2.482487261E-2,-1.165648364E-2,-4.853100330E-2
7.944113708E0,-2.053904720E-2,-9.440965950E-3,-5.049724132E-2
7.954108708E0,-1.719997451E-2,-5.708278622E-3,-4.843568802E-2
7.964103708E0,-8.502894081E-3,-1.061963616E-3,-4.335243255E-2
7.974097708E0,-4.943046719E-3,6.626049988E-3,-4.040325060E-2
7.984092708E0,2.506241144E-4,1.672841609E-2,-3.986613080E-2
7.994086708E0,6.960724480E-3,2.737813070E-2,-3.400824219E-2
8.004081708E0,1.080955286E-2,3.644762561E-2,-2.874928340E-2
8.014076708E0,1.423837245E-2,3.980853781E-2,-2.479182556E-2
8.024070708E0,1.770925522E-2,4.276933521E-2,-1.926892996E-2
8.034065708E0,2.227897197E-2,4.417468607E-2,-1.561241038E-2
8.044059708E0,2.295328677E-2,4.242528975E-2,-7.483403664E-3
8.054054708E0,1.985896006E-2,3.716581315E-2,-2.213806380E-3
8.064049708E0,1.922859065E-2,3.216682747E-2,3.128466895E-3
8.074043708E0,1.913644560E-2,2.613050491E-2,5.081629381E-3
8.084038708E0,1.907652803E-2,2.076859772E-2,4.258365370E-3
8.094032708E0,2.140226774E-2,1.369444281E-2,6.133230403E-3
8.104027708E0,1.769329235E-2,1.163472421E-2,7.365551777E-3
8.114022708E0,1.478405483E-2,9.858662263E-3,6.774063688E-3
8.124016708E0,1.192754880E-2,1.318468526E-2,6.836115383E-3
8.134011708E0,1.240185741E-2,1.239266060E-2,3.611826338E-3
8.144005708E0,1.098344382E-2,1.375506166E-2,2.619004110E-3
8.154000708E0,1.226256043E-2,1.740758866E-2,-1.180261374E-3
8.163995708E0,9.442552924E-3,1.478897221E-2,-5.256765988E-3
8.173989708E0,8.838814683E-3,1.479855925E-2,-1.073142514E-2
8.183984708E0,9.476627223E-3,1.086872816E-2,-1.274423860E-2
8.193978708E0,7.403889671E-3,4.272344522E-3,-1.633231714E-2
8.203973708E0,7.170596626E-3,-1.790341921E-3,-1.854007691E-2
8.213967708E0,6.021176465E-3,-3.487840760E-3,-2.111695148E-2
8.223962708E0,4.547928926E-3,-4.309620708E-3,-2.362272330E-2
8.233957708E0,2.095157979E-3,-4.623607267E-3,-2.375854552E-2
8.243951708E0,1.455995254E-3,-3.136067651E-3,-2.272728831E-2
8.253946708E0,6.661016378E-4,3.089337610E-3,-2.078930661E-2
8.263940708E0,-5.413901992E-3,1.103897113E-2,-1.855957136E-2
8.273935208E0,-4.186450969E-3,1.732749492E-2,-1.651586220E-2
8.283930208E0,-2.596813021E-3,2.174934000E-2,-1.611926407E-2
8.293924208E0,-4.571280442E-3,2.636219934E-2,-1.281534508E-2
8.303919208E0,-7.263461594E-3,2.871610224E-2,-1.137660351E-2
8.313913208E0,-1.197432820E-2,2.952117845E-2,-1.247382443E-2
8.323908208E0,-1.400554739E-2,2.460062131E-2,-8.941154927E-3
8.333903208E0,-1.512620598E-2,1.759677380E-2,-7.381873671E-3
8.343897208E0,-1.925113797E-2,7.939459756E-3,-6.979140453E-3
8.353892208E0,-2.090123296E-2,-4.621340428E-3,-1.004976407E-2
8.363886208E0,-2.067062072E-2,-1.273563318E-2,-5.104988813E-3
8.373881208E0,-2.068340406E-2,-1.678230613E-2,-5.844015628E-3
8.383876208E0,-1.907484047E-2,-1.876842044E-2,-4.868504591E-3
8.393870208E0,-2.226690575E-2,-1.824857108E-2,-1.326766796E-3
8.403865208E0,-2.293056622E-2,-9.030340239E-3,1.060517970E-3
8.413859208E0,-2.575564757E-2,-3.663005074E-3,3.029126907E-3
8.423854208E0,-2.199632861E-2,6.595791783E-3,3.065318335E-3
8.433849208E0,-2.487547137E-2,1.101930253E-2,2.806991572E-3
8.443843208E0,-2.027300186E-2,1.159121282E-2,2.833998064E-3
8.453838208E0,-1.705164276E-2,9.733391926E-3,1.788441092E-3
8.463832208E0,-1.368063036E-2,3.776296973E-3,2.847373951E-3
8.473827208E0,-1.362177450E-2,1.293698326E-3,6.532656495E-3
8.483821208E0,-1.084062271E-2,-6.192154251E-4,7.909530774E-3
8.493816208E0,-7.941239513E-3,-1.809382113E-3,1.034925319E-2
8.503811208E0,-7.583586499E-3,1.038101502E-3,6.749116350E-3
8.513805208E0,-4.829611164E-3,5.018728320E-3,5.703559145E-3
8.523800208E0,1.464990492E-4,9.682056494E-3,7.947381586E-3
8.533794208E0,-1.086317934E-4,1.522782352E-2,1.288168691E-2
8.543789208E0,1.439741580E-3,1.749231108E-2,1.418961305E-2
8.553784208E0,1.841612626E-3,2.147533372E-2,1.512757875E-2
8.563778208E0,5.601990502E-3,2.181528509E-2,1.620094106E-2
8.573773208E0,4.301568959E-3,2.444915101E-2,1.680254936E-2
8.583767208E0,8.365849033E-3,2.026074380E-2,1.226206496E-2
8.593762208E0,7.897132076E-3,1.752088591E-2,1.287112944E-2
8.603757208E0,8.335468359E-3,1.176474988E-2,1.263051666E-2
8.613751208E0,5.554329604E-3,4.325209651E-3,1.205261052E-2
8.623746208E0,6.543437019E-3,-4.289878998E-3,9.396184236E-3
8.633740208E0,6.458482239E-3,-1.518247463E-2,6.764182821E-3
8.643735208E0,7.123454474E-3,-2.363821678E-2,9.495634586E-3
8.653730208E0,3.511941526E-3,-2.482758462E-2,1.172949374E-2
8.663724208E0,2.082632855E-3,-2.464066073E-2,1.232904661E-2
8.673719208E0,-1.839404344E-3,-2.104166523E-2,1.641540229E-2
8.683713208E0,-3.831188194E-3,-1.587473601E-2,1.579286344E-2
8.693708208E0,-4.205362406E-3,-1.237161364E-2,1.961503178E-2
8.703703208E0,-4.604826681E-3,-5.544097628E-3,2.010060288E-2
8.713697208E0,-4.119332414E-3,-3.192792879E-3,2.256083116E-2
8.723692208E0,-4.207496997E-3,2.830674872E-3,2.251503058E-2
8.733686208E0,-2.911869204E-3,1.778726466E-3,2.161834389E-2
8.743681208E0,-2.790682949E-3,1.515375450E-3,1.906412840E-2
8.753676208E0,-2.768578473E-3,-1.785878791E-3,2.182848752E-2
8.763670208E0,-6.064515095E-3,-4.065746907E-3,1.891808212E-2
8.773665208E0,-6.717255805E-3,-8.952114731E-3,1.476754621E-2
8.783659208E0,-6.040003151E-3,-1.264564879E-2,1.135235745E-2
8.793654208E0,-5.367821082E-3,-1.694638655E-2,8.316620253E-3
8.803649208E0,-4.735047463E-3,-2.170635201E-2,4.490056075E-3
8.813643208E0,-4.529717378E-3,-2.421637997E-2,1.078013796E-3
8.823638208E0,-2.406111686E-3,-2.747445926E-2,-2.746321261E-4
8.833632208E0,-6.135379663E-4,-2.234254777E-2,-2.364414744E-3
8.843627208E0,-2.741146600E-3,-1.943115145E-2,-6.343521643E-3
8.853621208E0,-2.936888952E-3,-1.736267470E-2,-1.110445522E-2
8.863616208E0,-2.803732175E-3,-1.655283943E-2,-1.674659923E-2
8.873611208E0,1.963326009E-3,-1.609211415E-2,-1.729361340E-2
8.883605208E0,2.112996997E-3,-2.365146205E-2,-1.988729276E-2
8.893600208E0,4.434741102E-3,-3.104173578E-2,-2.191529050E-2
8.903594208E0,5.899484735E-3,-3.658496588E-2,-2.400065400E-2
8.913589208E0,8.379154839E-3,-3.966517746E-2,-2.196386829E-2
8.923584208E0,7.177785970E-3,-4.254659265E-2,-2.301629074E-2
8.933578208E0,8.228668943E-3,-4.100142792E-2,-1.833525114E-2
8.943573208E0,5.827283487E-3,-3.544876724E-2,-1.872995310E-2
8.953567208E0,2.003516769E-3,-3.666183725E-2,-2.198566683E-2
8.963562208E0,5.378012545E-3,-4.677243158E-2,-2.684974670E-2
8.973557208E0,9.604182094E-3,-5.249742791E-2,-3.285810351E-2
8.983551208E0,1.312463544E-2,-6.051866710E-2,-4.193613306E-2
8.993546208E0,1.616436802E-2,-6.290805340E-2,-4.174891487E-2
9.003540208E0,1.612096280E-2,-7.232166082E-2,-3.197708726E-2
9.013535208E0,1.574598998E-2,-9.145992994E-2,-3.497580439E-2
9.023530208E0,1.678034663E-2,-1.166830733E-1,-5.826168135E-2
9.033524208E0,2.108747698E-2,-1.358194798E-1,-7.652670145E-2
9.043519208E0,2.245500498E-2,-1.105440930E-1,-7.568717003E-2
9.053513208E0,1.459388714E-2,-4.595870152E-2,-4.481740296E-2
9.063508208E0,8.811380714E-3,4.264610261E-2,8.210626431E-3
9.073503208E0,9.681168944E-3,1.230927333E-1,5.552008376E-2
9.083497208E0,1.171182841E-2,1.569558680E-1,7.300429791E-2
9.093492208E0,1.569112390E-2,1.321618259E-1,6.217402220E-2
9.103486208E0,1.619205996E-2,5.580997095E-2,3.528016806E-2
9.113481208E0,2.722367272E-2,-3.839269280E-2,1.528036222E-2
9.123475208E0,4.831882939E-2,-1.208802462E-1,1.982755214E-2
9.133470208E0,6.807815284E-2,-1.519004852E-1,3.086955100E-2
9.143465208E0,8.389227837E-2,-1.618160307E-1,2.978175133E-2
9.153459208E0,7.687059045E-2,-1.785755605E-1,1.170421578E-2
9.163454208E0,4.233869538E-2,-1.895559132E-1,5.624812096E-3
9.173448208E0,1.998729073E-3,-1.813379377E-1,2.634713426E-2
9.183443208E0,-2.055550867E-4,-1.639386415E-1,6.447187811E-2
9.193438208E0,1.501627453E-2,-1.898631752E-1,8.038479835E-2
9.203432208E0,4.794654250E-2,-2.566537857E-1,5.005373433E-2
9.213427208E0,5.859945342E-2,-3.176686764E-1,-4.763709847E-3
9.223421208E0,6.542272866E-2,-3.225734234E-1,-3.892679140E-2
9.233416208E0,4.963444173E-2,-2.668022811E-1,-3.731398284E-2
9.243411208E0,2.636054531E-2,-1.778090745E-1,-3.457986284E-3
9.253405208E0,4.484808538E-3,-7.809232920E-2,3.669582680E-2
9.263400208E0,-1.363480650E-2,9.362148121E-3,6.668008864E-2
9.273394208E0,-2.209353819E-2,6.745474786E-2,8.306305856E-2
9.283389208E0,-2.974134684E-2,9.004164487E-2,8.473113179E-2
9.293384208E0,-4.379697889E-2,7.676178962E-2,9.053735435E-2
9.303378208E0,-5.802090839E-2,4.554844648E-2,1.044204906E-1
9.313373208E0,-6.724370271E-2,4.775186535E-3,1.202106401E-1
9.323367208E0,-7.660179585E-2,-3.656087071E-2,1.329647750E-1
9.333362208E0,-8.626880497E-2,-7.167838514E-2,1.401590407E-1
9.343357208E0,-9.846741706E-2,-9.540814906E-2,1.455337852E-1
9.353351208E0,-1.118572578E-1,-1.125453189E-1,1.571358442E-1
9.363346208E0,-1.240649074E-1,-1.201866195E-1,1.745403707E-1
9.373340208E0,-1.332898289E-1,-1.196422726E-1,1.901305169E-1
9.383335208E0,-1.403924823E-1,-1.202194095E-1,2.026018649E-1
9.393329208E0,-1.500214040E-1,-1.160896495E-1,2.170489877E-1
9.403324208E0,-1.574396491E-1,-1.086370572E-1,2.383769155E-1
9.413319208E0,-1.646091342E-1,-1.005905792E-1,2.644391358E-1
9.423313208E0,-1.644709557E-1,-9.486119449E-2,2.905969620E-1
9.433308208E0,-1.725317985E-1,-8.948267251E-2,3.082819581E-1
9.443302208E0,-1.824195683E-1,-9.475703537E-2,3.333641589E-1
9.453297208E0,-1.937449276E-1,-1.023321301E-1,3.619523942E-1
9.463292208E0,-2.101398855E-1,-1.170680970E-1,4.032539427E-1
9.473286208E0,-2.321189493E-1,-1.355219483E-1,4.503721893E-1
9.483281208E0,-2.495812923E-1,-1.607039124E-1,4.915497303E-1
9.493275208E0,-2.758269906E-1,-1.894394308E-1,5.335776210E-1
9.503270208E0,-2.993014455E-1,-2.241493464E-1,5.699774623E-1
9.513265208E0,-3.154833317E-1,-2.516182661E-1,6.066060662E-1
9.523259208E0,-3.475467265E-1,-2.788424790E-1,6.395097971E-1
9.533254208E0,-3.702304661E-1,-3.025501966E-1,6.807062030E-1
9.543248208E0,-3.938833773E-1,-3.146967292E-1,7.310850024E-1
9.553243208E0,-4.167868197E-1,-3.169596195E-1,7.917265296E-1
9.563238208E0,-4.493476748E-1,-3.051946759E-1,8.514065146E-1
9.573232208E0,-4.892519414E-1,-2.904053628E-1,9.081616402E-1
9.583227208E0,-5.305514932E-1,-2.680344582E-1,9.572625756E-1
9.593221208E0,-5.727884173E-1,-2.444449663E-1,1.009194851E0
9.603216208E0,-6.057718992E-1,-2.198691815E-1,1.062004209E0
9.613211208E0,-6.399520040E-1,-2.051951587E-1,1.116881013E0
9.623205208E0,-6.631268263E-1,-1.899201572E-1,1.170702815E0
9.633200208E0,-6.802815795E-1,-1.823163033E-1,1.227114201E0
9.643194208E0,-6.891743541E-1,-1.736097932E-1,1.289879084E0
9.653189208E0,-7.038931251E-1,-1.512802541E-1,1.358884811E0
9.663184208E0,-7.187941074E-1,-1.193431318E-1,1.430205345E0
9.673178208E0,-7.277425528E-1,-8.004153520E-2,1.509870291E0
9.683173208E0,-7.261976600E-1,-3.265567869E-2,1.592374444E0
9.693167208E0,-7.348039150E-1,2.609871328E-2,1.680786848E0
9.703162208E0,-7.457636595E-1,8.301046491E-2,1.761683822E0
9.713156208E0,-7.594783902E-1,1.280868649E-1,1.831328988E0
9.723151208E0,-7.729023099E-1,1.597832292E-1,1.884561896E0
9.733146208E0,-7.800254822E-1,1.727134138E-1,1.924325585E0
9.743140208E0,-7.757331729E-1,1.664312333E-1,1.957002640E0
9.753135208E0,-7.608876824E-1,1.483590156E-1,1.989604235E0
9.763129208E0,-7.424559593E-1,1.175964475E-1,2.023952007E0
9.773124208E0,-7.295827270E-1,6.513909996E-2,2.055270672E0
9.783119208E0,-7.143127918E-1,-2.630869159E-3,2.085602522E0
9.793113208E0,-7.039552331E-1,-9.336450696E-2,2.114750147E0
9.803108208E0,-6.911456585E-1,-2.116239816E-1,2.137132406E0
9.813102208E0,-6.738945246E-1,-3.469367921E-1,2.157625437E0
9.823097208E0,-6.620194912E-1,-4.798991382E-1,2.167923689E0
9.833092208E0,-6.498650908E-1,-6.058094501E-1,2.173547268E0
9.843086208E0,-6.447510123E-1,-7.081424594E-1,2.165512085E0
9.853081208E0,-6.395730376E-1,-7.819889784E-1,2.164699554E0
9.863075208E0,-6.393789053E-1,-8.090708256E-1,2.173407555E0
9.873070208E0,-6.517609954E-1,-7.912222743E-1,2.196188688E0
9.883065208E0,-6.625826955E-1,-7.249199748E-1,2.226712227E0
9.893059208E0,-6.756401658E-1,-6.319895387E-1,2.260687351E0
9.903054208E0,-6.855399013E-1,-5.290569663E-1,2.286093712E0
9.913048208E0,-6.980357170E-1,-4.217542410E-1,2.313797712E0
9.923043208E0,-7.146531343E-1,-3.242246807E-1,2.353229284E0
9.933038208E0,-7.298451066E-1,-2.423377931E-1,2.387904882E0
9.943032208E0,-7.475100756E-1,-1.716145426E-1,2.414552450E0
9.953027208E0,-7.699480057E-1,-1.230872348E-1,2.427243233E0
9.963021208E0,-7.910576463E-1,-9.651205689E-2,2.435100317E0
9.973016208E0,-8.106217384E-1,-8.776543289E-2,2.441416025E0
9.983011208E0,-8.219127655E-1,-6.994136423E-2,2.448313475E0
9.993005208E0,-8.355585337E-1,-5.236583203E-2,2.451671124E0
1.000300021E1,-8.538525105E-1,-2.781488001E-2,2.460405588E0
1.001299421E1,-8.621514440E-1,-1.722615026E-2,2.474323273E0
1.002298921E1,-8.697053194E-1,-1.982749812E-2,2.480590820E0
1.003298321E1,-8.691058159E-1,-3.748052940E-2,2.465416670E0
1.004297821E1,-8.629717827E-1,-8.921638876E-2,2.421583891E0
1.005297321E1,-8.541641235E-1,-1.744932085E-1,2.374912500E0
1.006296721E1,-8.430377245E-1,-2.793002427E-1,2.336339235E0
1.007296221E1,-8.329992294E-1,-3.927863240E-1,2.312911749E0
1.008295621E1,-8.183201551E-1,-5.294338465E-1,2.291116953E0
1.009295121E1,-8.005294204E-1,-6.744951606E-1,2.267878056E0
1.010294621E1,-7.795695066E-1,-8.097290397E-1,2.231112480E0
1.011294021E1,-7.665119767E-1,-9.103760123E-1,2.190752268E0
1.012293521E1,-7.569603920E-1,-9.631413817E-1,2.154535770E0
1.013292921E1,-7.414168119E-1,-9.680570364E-1,2.115906239E0
1.014292421E1,-7.286887765E-1,-9.299881458E-1,2.080348492E0
1.015291921E1,-7.067059875E-1,-8.714337945E-1,2.043411493E0
1.016291321E1,-6.935139894E-1,-7.980571985E-1,2.013414383E0
1.017290821E1,-6.973773837E-1,-7.254825830E-1,2.004171371E0
1.018290221E1,-7.001673579E-1,-6.550724506E-1,2.002477169E0
1.019289721E1,-7.302700877E-1,-5.670872331E-1,2.005879879E0
1.020289221E1,-7.572814822E-1,-4.698791802E-1,2.010136366E0
1.021288621E1,-7.762469053E-1,-3.754208386E-1,1.985697985E0
1.022288121E1,-7.883497477E-1,-2.560896873E-1,1.952840090E0
1.023287521E1,-8.052517176E-1,-1.318468451E-1,1.922951221E0
1.024287021E1,-8.219608665E-1,2.271985635E-3,1.914647937E0
1.025286521E1,-8.329994082E-1,1.280924976E-1,1.923501611E0
1.026285921E1,-8.622601628E-1,2.314221263E-1,1.941770196E0
1.027285387E1,-8.949214220E-1,2.909848094E-1,1.968072295E0
1.028284787E1,-9.320781231E-1,3.141885400E-1,1.993569255E0
1.029284288E1,-9.474594593E-1,3.082097471E-1,2.005937815E0
1.030283788E1,-9.377623200E-1,2.561969161E-1,1.999815464E0
1.031283188E1,-9.351537228E-1,1.733819097E-1,1.959197521E0
1.032282688E1,-9.218838215E-1,6.994765997E-2,1.912162066E0
1.033282087E1,-9.224968553E-1,-1.255680248E-2,1.873223186E0
1.034281587E1,-9.256287217E-1,-7.148502767E-2,1.850896835E0
1.035280987E1,-9.337213039E-1,-1.135129035E-1,1.850764513E0
1.036280487E1,-9.436061382E-1,-1.570514739E-1,1.862941623E0
1.037279988E1,-9.445201755E-1,-2.022091001E-1,1.867593169E0
1.038279388E1,-9.211237431E-1,-2.655883431E-1,1.856550217E0
1.039278888E1,-8.957318068E-1,-3.371858299E-1,1.824700594E0
1.040278388E1,-8.688017130E-1,-4.013190567E-1,1.782693624E0
1.041277788E1,-8.403410316E-1,-4.616559148E-1,1.735028148E0
1.042277287E1,-8.240848184E-1,-5.154137611E-1,1.687129855E0
1.043276687E1,-8.210381866E-1,-5.389693975E-1,1.649118781E0
1.044276187E1,-8.140135407E-1,-5.424051881E-1,1.627401114E0
1.045275587E1,-8.107615709E-1,-5.375129580E-1,1.605810881E0
1.046275087E1,-7.992132902E-1,-5.470961928E-1,1.573220849E0
1.047274588E1,-7.862074971E-1,-5.672895908E-1,1.524719715E0
1.048273988E1,-7.834934592E-1,-5.812951326E-1,1.472910047E0
1.049273488E1,-7.641761899E-1,-5.882148743E-1,1.427823186E0
1.050272888E1,-7.343501449E-1,-6.084446311E-1,1.388826847E0
1.051272387E1,-7.076311707E-1,-6.361311078E-1,1.352826953E0
1.052271887E1,-6.658911705E-1,-6.569327712E-1,1.319110036E0
1.053271287E1,-6.276425719E-1,-6.816972494E-1,1.281039119E0
1.054270787E1,-5.967898965E-1,-6.948961616E-1,1.233691692E0
1.055270187E1,-5.786619782E-1,-6.871953607E-1,1.197026491E0
1.056269688E1,-5.687524080E-1,-6.598588228E-1,1.159027934E0
1.057269188E1,-5.549209714E-1,-6.307709813E-1,1.127480984E0
1.058268588E1,-5.132420063E-1,-6.033344865E-1,1.089060307E0
1.059268087E1,-4.715155363E-1,-5.784709454E-1,1.039940476E0
1.060267487E1,-4.257397950E-1,-5.617759228E-1,9.798524976E-1
1.061266987E1,-3.873737752E-1,-5.456680655E-1,9.187095165E-1
1.062266487E1,-3.692445755E-1,-5.229330063E-1,8.673052192E-1
1.063265887E1,-3.443149924E-1,-4.833568335E-1,8.220775723E-1
1.064265388E1,-3.192181587E-1,-4.527636170E-1,7.741809487E-1
1.065264788E1,-2.976473570E-1,-4.306260943E-1,7.122017145E-1
1.066264288E1,-2.664630711E-1,-4.112785161E-1,6.482166052E-1
1.067263787E1,-2.300339639E-1,-3.906451464E-1,5.789765716E-1
1.068263187E1,-1.888492256E-1,-3.600234389E-1,5.151541233E-1
1.069262687E1,-1.501015723E-1,-3.090134859E-1,4.551360607E-1
1.070262087E1,-1.181534901E-1,-2.585169375E-1,4.016868174E-1
1.071261587E1,-1.025170013E-1,-2.052675486E-1,3.456424773E-1
1.072260987E1,-7.962766290E-2,-1.552130133E-1,2.984348536E-1
1.073260488E1,-6.021881104E-2,-1.233413666E-1,2.586528361E-1
1.074259988E1,-4.338205233E-2,-1.093094796E-1,2.160281092E-1
1.075259388E1,-2.672264911E-2,-9.742911160E-2,1.701551527E-1
1.076258888E1,-1.251655258E-2,-7.137227803E-2,1.288226843E-1
1.077258288E1,3.129252465E-3,-4.072995111E-2,9.354619682E-2
1.078257787E1,9.203393012E-3,6.330303382E-3,6.038818508E-2
1.079257287E1,9.068902582E-3,5.693648756E-2,3.419919312E-2
1.080256687E1,-1.469212933E-3,1.034150794E-1,1.647507958E-2
1.081256188E1,-7.202199660E-3,1.376103312E-1,9.670969099E-3
1.082255588E1,-1.190323103E-2,1.465074867E-1,-3.612232860E-3
1.083255088E1,-8.402239531E-3,1.444379389E-1,-1.588354632E-2
1.084254588E1,-6.258925889E-3,1.264403313E-1,-2.809975855E-2
1.085253988E1,5.873370916E-3,1.034466028E-1,-3.505939990E-2
1.086253487E1,1.709168777E-2,7.811611891E-2,-4.509827122E-2
1.087252887E1,2.533656731E-2,6.364955753E-2,-5.100622773E-2
1.088252387E1,2.581672370E-2,4.155856371E-2,-4.368652403E-2
1.089251887E1,3.445708007E-2,2.324507199E-2,-3.666669503E-2
1.090251287E1,2.881145291E-2,1.817854121E-2,-2.925123461E-2
1.091250788E1,2.193117701E-2,1.769597642E-2,-1.548988186E-2
1.092250188E1,7.166610099E-3,2.003100328E-2,-2.767135389E-3
1.093249688E1,-8.838987909E-3,3.345253691E-2,1.547791436E-2
1.094249187E1,-1.821677946E-2,3.617395461E-2,3.508096561E-2
1.095248587E1,-2.957942151E-2,3.588340059E-2,5.560674518E-2
1.096248087E1,-3.335738555E-2,2.365859412E-2,7.334614545E-2
1.097247487E1,-3.562826291E-2,-1.188433496E-3,8.299078792E-2
1.098246987E1,-3.488735855E-2,-3.424744308E-2,9.345534444E-2
1.099246488E1,-2.703848854E-2,-6.251796335E-2,1.010371000E-1
1.100245888E1,-1.938563772E-2,-9.271681309E-2,1.053699628E-1
1.101245388E1,-1.141346432E-2,-1.120652109E-1,1.036213338E-1
1.102244788E1,-2.886527218E-4,-1.200326011E-1,9.991762042E-2
1.103244287E1,2.045341767E-3,-1.106785089E-1,9.297981858E-2
1.104243787E1,1.576630864E-3,-8.823885024E-2,8.589729667E-2
1.105243187E1,7.888056338E-3,-7.020126283E-2,7.763084769E-2
1.106242687E1,3.391572507E-3,-5.358825624E-2,7.169418782E-2
1.107242087E1,2.687497181E-4,-4.496574029E-2,6.973090768E-2
1.108241588E1,-3.245837288E-4,-4.891633242E-2,7.398732007E-2
1.109241088E1,8.531492203E-3,-5.226232857E-2,6.625775993E-2
1.110240488E1,1.590018906E-2,-5.869606137E-2,5.905849114E-2
1.111239987E1,2.128989436E-2,-6.805361062E-2,5.333988741E-2
1.112239387E1,2.899015136E-2,-6.418929994E-2,4.662941769E-2
1.113238887E1,2.930413745E-2,-5.878228694E-2,3.583376110E-2
1.114238287E1,2.837948874E-2,-4.713255540E-2,2.910208702E-2
1.115237787E1,2.299165167E-2,-3.257720917E-2,2.262040600E-2
1.116237288E1,2.083342150E-2,-1.089678518E-2,1.813891903E-2
1.117236688E1,1.666637324E-2,1.013979129E-2,9.040229023E-3
1.118236188E1,1.167213079E-2,2.903478220E-2,6.427993998E-3
1.119235588E1,6.015576422E-3,4.821486771E-2,5.216788501E-3
1.120235088E1,3.496240359E-3,5.330370367E-2,4.377087578E-3
1.121234587E1,8.226812817E-3,4.936888441E-2,-7.540291641E-3
1.122233987E1,1.148864720E-2,4.331618547E-2,-1.744900644E-2
1.123233487E1,7.966350764E-3,4.067219794E-2,-2.618044615E-2
1.124232887E1,5.959396716E-3,4.777255282E-2,-2.560315654E-2
1.125232388E1,6.799357478E-3,5.214466527E-2,-2.693926543E-2
1.126231888E1,3.872551722E-3,5.914071947E-2,-3.227053955E-2
1.127231296E1,-5.208028946E-3,6.314291805E-2,-2.956237271E-2
1.128230796E1,-8.219826035E-3,6.085220352E-2,-2.271324210E-2
1.129230196E1,-8.666704409E-3,4.954468831E-2,-1.574854366E-2
1.130229696E1,-5.466633942E-3,3.217245266E-2,-8.902656846E-3
1.131229196E1,1.719906111E-3,1.320595294E-2,-2.289760858E-3
1.132228596E1,-9.256644407E-4,-3.606512211E-3,3.766262205E-3
1.133228096E1,5.063252058E-3,-1.874365285E-2,7.953817025E-3
1.134227496E1,8.204995655E-3,-2.873229608E-2,1.056664344E-2
1.135226996E1,9.359742515E-3,-3.523813188E-2,1.038874499E-2
1.136226496E1,9.082486853E-3,-4.066939652E-2,1.478392258E-2
1.137225896E1,1.127719786E-2,-4.818989709E-2,1.576103643E-2
1.138225396E1,1.287429873E-2,-4.680152237E-2,1.408292353E-2
1.139224796E1,1.663361676E-2,-4.656769708E-2,1.432926580E-2
1.140224296E1,1.992447674E-2,-4.280428588E-2,1.573608257E-2
1.141223796E1,1.891354099E-2,-4.170573130E-2,1.189687010E-2
1.142223196E1,2.120093815E-2,-3.952789679E-2,3.882484511E-3
1.143222696E1,2.417036332E-2,-4.277029634E-2,-1.125589944E-3
1.144222096E1,2.401988953E-2,-3.923691437E-2,-3.432871774E-3
1.145221596E1,2.304117754E-2,-3.517905623E-2,-2.783859149E-3
1.146220996E1,1.952154562E-2,-3.172200918E-2,-1.622721553E-3
1.147220496E1,1.766478829E-2,-2.924952842E-2,-4.446204752E-3
1.148219996E1,1.648659818E-2,-2.142106742E-2,-7.349713240E-3
1.149219396E1,1.717902161E-2,-1.424118597E-2,-1.175591163E-2
1.150218896E1,1.312277839E-2,-1.151975989E-2,-1.936574280E-2
1.151218296E1,9.932844900E-3,-2.284983173E-3,-2.176205441E-2
1.152217796E1,1.251289714E-2,4.742925055E-3,-2.586856298E-2
1.153217296E1,1.277521905E-2,1.189937163E-2,-2.384882234E-2
1.154216696E1,1.190916728E-2,1.162473485E-2,-2.702586725E-2
1.155216196E1,1.199944783E-2,1.184178330E-2,-2.772201970E-2
1.156215596E1,7.947442122E-3,2.009821311E-2,-3.006919473E-2
1.157215096E1,3.002218204E-3,2.488205023E-2,-2.779166028E-2
1.158214596E1,3.990518861E-3,2.526824176E-2,-2.415327542E-2
1.159213996E1,2.624050947E-3,2.676520497E-2,-2.191701904E-2
1.160213496E1,6.865683943E-3,2.428008243E-2,-2.130721323E-2
1.161212896E1,2.927933587E-3,2.418926917E-2,-2.504975349E-2
1.162212396E1,1.712471945E-3,2.253931202E-2,-2.150492743E-2
1.163211896E1,-2.153638983E-3,1.842659153E-2,-1.841326430E-2
1.164211296E1,-9.176156484E-3,1.691986248E-2,-2.156854235E-2
1.165210796E1,-3.205882385E-3,1.407960057E-2,-2.172167413E-2
1.166210196E1,-2.847405383E-3,1.125755347E-2,-2.522802353E-2
1.167209696E1,-2.628075890E-4,7.660155185E-3,-2.482242510E-2
1.168209196E1,-7.341752294E-3,5.910826381E-3,-2.699005045E-2
1.169208596E1,-1.116818190E-2,7.328959648E-3,-2.618657611E-2
1.170208096E1,-1.826820150E-2,6.068781018E-3,-2.344635502E-2
1.171207496E1,-1.659360714E-2,5.311644636E-3,-1.888356172E-2
1.172206996E1,-1.331469696E-2,4.983610474E-3,-1.708269119E-2
1.173206496E1,-9.423818439E-3,2.566525247E-3,-1.511514839E-2
1.174205896E1,-8.584124036E-3,-2.158721443E-3,-1.580251008E-2
1.175205396E1,-7.473584730E-3,-9.067228064E-3,-1.591915637E-2
1.176204796E1,-9.301561862E-3,-1.500829589E-2,-1.348351315E-2
1.177204296E1,-1.152183861E-2,-1.690979302E-2,-7.872764952E-3
1.178203696E1,-1.292534266E-2,-1.243985444E-2,-5.585558712E-3
1.179203196E1,-1.349019911E-2,-5.312436726E-3,-8.722762577E-3
1.180202696E1,-1.154583134E-2,1.681388821E-3,-8.937011473E-3
1.181202096E1,-1.183877978E-2,4.334696103E-3,-9.117040783E-3
1.182201596E1,-1.258018892E-2,6.837374531E-3,-8.593494073E-3
1.183200996E1,-1.513229590E-2,1.153332647E-2,-1.374910772E-2
1.184200496E1,-1.790304668E-2,1.026386581E-2,-1.386873797E-2
1.185199996E1,-1.644097082E-2,9.402332827E-3,-1.465703361E-2
1.186199396E1,-1.920372806E-2,1.503159478E-2,-1.428562868E-2
1.187198896E1,-2.020134777E-2,1.933286525E-2,-1.537912432E-2
1.188198296E1,-2.375907265E-2,1.722959615E-2,-1.321117766E-2
1.189197796E1,-2.156010084E-2,1.480425522E-2,-1.528844237E-2
1.190197296E1,-1.969003864E-2,1.712656021E-2,-1.823237911E-2
1.191196696E1,-1.649664156E-2,1.499123685E-2,-1.489037741E-2
1.192196196E1,-1.392509975E-2,1.481716521E-2,-1.415068191E-2
1.193195596E1,-1.609957218E-2,2.029954828E-2,-1.526042167E-2
1.194195096E1,-1.827162132E-2,2.556679212E-2,-1.226242539E-2
1.195194596E1,-1.699729823E-2,2.564509027E-2,-9.241336025E-3
1.196193996E1,-1.862823591E-2,2.375436760E-2,-5.673975684E-3
1.197193496E1,-1.715390943E-2,2.179721184E-2,-2.926392481E-3
1.198192896E1,-1.442896295E-2,1.635557413E-2,-2.797495574E-3
1.199192396E1,-1.477251109E-2,1.706637256E-2,-6.364800036E-3
1.200191896E1,-1.034793258E-2,1.317822468E-2,-1.189011429E-2
1.201191296E1,-6.511382759E-3,9.992019273E-3,-1.292901393E-2
1.202190796E1,-5.182993598E-3,1.436396502E-2,-1.783010922E-2
1.203190196E1,-4.691374023E-3,2.449250035E-2,-2.799859084E-2
1.204189696E1,-1.301615406E-2,3.695036471E-2,-3.082835861E-2
1.205189196E1,-1.825219579E-2,4.847146571E-2,-2.899050899E-2
1.206188596E1,-2.086077072E-2,5.368866399E-2,-2.904174849E-2
1.207188096E1,-2.029271796E-2,5.328945443E-2,-3.085482866E-2
1.208187496E1,-1.638265140E-2,4.813631251E-2,-3.047692962E-2
1.209186996E1,-9.904777631E-3,3.942671046E-2,-3.228654712E-2
1.210186496E1,-7.879983634E-3,2.741914615E-2,-3.189705685E-2
1.211185896E1,-6.553729065E-3,2.422814444E-2,-3.518472984E-2
1.212185396E1,-7.864005864E-3,2.039928548E-2,-3.519349173E-2
1.213184796E1,-8.066291921E-4,1.835877076E-2,-3.710963577E-2
1.214184296E1,4.854994360E-3,1.973745972E-2,-4.616430774E-2
1.215183696E1,1.184872165E-2,2.484327182E-2,-5.173644051E-2
1.216183196E1,1.751219109E-2,3.212282062E-2,-6.043336168E-2
1.217182696E1,2.044539712E-2,4.579176009E-2,-6.953365356E-2
1.218182096E1,2.416238002E-2,5.760045350E-2,-7.104890794E-2
1.219181596E1,2.560634725E-2,6.603495032E-2,-7.273815572E-2
1.220180996E1,2.478608489E-2,6.994107366E-2,-7.492577285E-2
1.221180496E1,2.634882741E-2,7.223752141E-2,-7.828162611E-2
1.222179996E1,3.105623275E-2,7.707571238E-2,-7.598041743E-2
1.223179396E1,3.934239224E-2,7.446288317E-2,-8.068409562E-2
1.224178896E1,4.608070478E-2,8.049111068E-2,-8.651425689E-2
1.225178296E1,5.480682105E-2,7.940240949E-2,-9.297162294E-2
1.226177796E1,5.749979243E-2,8.310467750E-2,-1.021099836E-1
1.227177321E1,6.181091815E-2,8.966803551E-2,-1.130252108E-1
1.228176721E1,7.008458674E-2,9.422767162E-2,-1.228719130E-1
1.229176221E1,7.016368210E-2,1.039428785E-1,-1.317985654E-1
1.230175621E1,7.198715955E-2,1.135674119E-1,-1.396435499E-1
1.231175121E1,6.975596398E-2,1.233284250E-1,-1.514144540E-1
1.232174621E1,7.164067030E-2,1.337454766E-1,-1.624097079E-1
1.233174021E1,7.158980519E-2,1.462807059E-1,-1.810483783E-1
1.234173521E1,7.571716607E-2,1.670907289E-1,-2.020602971E-1
1.235172921E1,8.430399746E-2,1.915238947E-1,-2.301033735E-1
1.236172421E1,1.035309508E-1,2.165658623E-1,-2.619776726E-1
1.237171921E1,1.255763322E-1,2.381723523E-1,-3.040204644E-1
1.238171321E1,1.498060375E-1,2.606753707E-1,-3.463339210E-1
1.239170821E1,1.701214314E-1,2.790197730E-1,-3.927120566E-1
1.240170221E1,1.930664331E-1,2.942221761E-1,-4.436916709E-1
1.241169721E1,2.115359902E-1,3.145503402E-1,-4.905276000E-1
1.242169221E1,2.148681283E-1,3.311198056E-1,-5.293136835E-1
1.243168621E1,2.243825346E-1,3.488575220E-1,-5.640535355E-1
1.244168121E1,2.217425406E-1,3.625786006E-1,-5.996692777E-1
1.245167521E1,2.196855247E-1,3.720325530E-1,-6.311406493E-1
1.246167021E1,2.265578210E-1,3.722585440E-1,-6.575959921E-1
1.247166421E1,2.390701473E-1,3.723224401E-1,-6.860404015E-1
1.248165921E1,2.531143427E-1,3.640140891E-1,-7.283132672E-1
1.249165421E1,2.747818232E-1,3.582419455E-1,-7.785489559E-1
1.250164821E1,3.074827790E-1,3.659853339E-1,-8.320209980E-1
1.251164321E1,3.344129324E-1,3.804947734E-1,-8.905910850E-1
1.252163721E1,3.509620726E-1,4.081048667E-1,-9.426418543E-1
1.253163221E1,3.514670134E-1,4.510867000E-1,-9.965216517E-1
1.254162721E1,3.351426125E-1,4.983433485E-1,-1.044473648E0
1.255162121E1,3.076686561E-1,5.526837707E-1,-1.098094702E0
1.256161621E1,2.840570807E-1,6.143843532E-1,-1.167499542E0
1.257161021E1,2.774527073E-1,6.743222475E-1,-1.248655438E0
1.258160521E1,2.999004722E-1,7.185337543E-1,-1.339454412E0
1.259160021E1,3.411323428E-1,7.477906942E-1,-1.439131737E0
1.260159421E1,4.006614387E-1,7.615570426E-1,-1.545486808E0
1.261158921E1,4.759167731E-1,7.669107914E-1,-1.655286551E0
1.262158321E1,5.637235641E-1,7.688115239E-1,-1.770229816E0
1.263157821E1,6.577914953E-1,7.686794400E-1,-1.893552780E0
1.264157321E1,7.374253273E-1,7.911549211E-1,-2.012572289E0
1.265156721E1,8.014911413E-1,8.394798636E-1,-2.131684542E0
1.266156221E1,8.455158472E-1,9.127445817E-1,-2.238814354E0
1.267155621E1,8.619741797E-1,1.010408878E0,-2.329126120E0
1.268155121E1,8.748193979E-1,1.119628668E0,-2.401060581E0
1.269154621E1,8.829212785E-1,1.231109619E0,-2.456574678E0
1.270154021E1,8.946429491E-1,1.323868871E0,-2.507558823E0
1.271153521E1,9.145687222E-1,1.392241478E0,-2.559196234E0
1.272152921E1,9.486760497E-1,1.428117752E0,-2.614558220E0
1.273152421E1,9.886658192E-1,1.431598544E0,-2.663687468E0
1.274151921E1,1.027035356E0,1.413567066E0,-2.706707239E0
1.275151321E1,1.051139832E0,1.385153532E0,-2.733741522E0
1.276150821E1,1.061952233E0,1.348996162E0,-2.740611076E0
1.277150221E1,1.065845251E0,1.314100504E0,-2.737462282E0
1.278149721E1,1.070790529E0,1.266888142E0,-2.738636494E0
1.279149221E1,1.071757793E0,1.214134097E0,-2.747898340E0
1.280148621E1,1.090890408E0,1.146288991E0,-2.758189917E0
1.281148121E1,1.089650512E0,1.081804752E0,-2.753857374E0
1.282147521E1,1.080242634E0,1.030874014E0,-2.738930702E0
1.283147021E1,1.098831415E0,9.767953753E-1,-2.726221085E0
1.284146521E1,1.137145281E0,9.004341960E-1,-2.735403299E0
1.285145921E1,1.152581453E0,8.232510090E-1,-2.758388281E0
1.286145421E1,1.129584551E0,7.815160155E-1,-2.776789427E0
1.287144821E1,1.109700084E0,7.762783766E-1,-2.771056175E0
1.288144321E1,1.100261092E0,7.733977437E-1,-2.758136749E0
1.289143721E1,1.105958939E0,7.614089847E-1,-2.738855839E0
1.290143221E1,1.133165240E0,7.257263660E-1,-2.718733311E0
1.291142721E1,1.174650908E0,6.580248475E-1,-2.707556725E0
1.292142121E1,1.226889014E0,5.822614431E-1,-2.709865808E0
1.293141621E1,1.281085968E0,5.123949647E-1,-2.733664513E0
1.294141021E1,1.319110274E0,4.473068714E-1,-2.768762112E0
1.295140521E1,1.342177749E0,3.939504325E-1,-2.812005997E0
1.296140021E1,1.359617472E0,3.575226367E-1,-2.841687918E0
1.297139421E1,1.355248094E0,3.496205211E-1,-2.842984438E0
1.298138921E1,1.361072421E0,3.486182690E-1,-2.822024107E0
1.299138321E1,1.383948445E0,3.378535211E-1,-2.784994841E0
1.300137821E1,1.427460194E0,3.218313754E-1,-2.745389223E0
1.301137321E1,1.466853142E0,3.173490167E-1,-2.717703104E0
1.302136721E1,1.501805305E0,3.452768028E-1,-2.708454847E0
1.303136221E1,1.540622473E0,4.086491168E-1,-2.713577032E0
1.304135621E1,1.573491931E0,5.027357936E-1,-2.726197004E0
1.305135121E1,1.609488845E0,6.177350283E-1,-2.736645699E0
1.306134621E1,1.642697692E0,7.193825245E-1,-2.738862753E0
1.307134021E1,1.682960153E0,7.858861685E-1,-2.723115206E0
1.308133521E1,1.719149351E0,8.126652837E-1,-2.695186615E0
1.309132921E1,1.736634612E0,8.112322092E-1,-2.667150974E0
1.310132421E1,1.744316936E0,7.774683833E-1,-2.644207001E0
1.311131921E1,1.742202401E0,7.344604731E-1,-2.626783133E0
1.312131321E1,1.729226470E0,6.793243885E-1,-2.605142117E0
1.313130821E1,1.715525866E0,6.154381037E-1,-2.573008060E0
1.314130221E1,1.712333441E0,5.315081477E-1,-2.525801897E0
1.315129721E1,1.717737794E0,4.308012724E-1,-2.470250607E0
1.316129221E1,1.723376870E0,3.163097501E-1,-2.413624525E0
1.317128621E1,1.728114605E0,1.849855781E-1,-2.354535103E0
1.318128121E1,1.728418469E0,4.225564748E-2,-2.299239397E0
1.319127521E1,1.719459891E0,-1.045583040E-1,-2.243921518E0
1.320127021E1,1.706122518E0,-2.484761477E-1,-2.191895485E0
1.321126521E1,1.687255025E0,-3.744396865E-1,-2.136328220E0
1.322125921E1,1.656211376E0,-4.923113286E-1,-2.077224970E0
1.323125421E1,1.614874363E0,-5.763317347E-1,-2.011933327E0
1.324124821E1,1.559640050E0,-6.155647039E-1,-1.948242426E0
1.325124321E1,1.486726522E0,-6.098522544E-1,-1.886192560E0
1.326123721E1,1.403008938E0,-5.741721988E-1,-1.824781537E0
1.327123221E1,1.310768962E0,-4.991158247E-1,-1.757301569E0
1.328122688E1,1.214586020E0,-3.956761360E-1,-1.675843954E0
1.329122088E1,1.123303294E0,-2.712031901E-1,-1.582849860E0
1.330121588E1,1.033542752E0,-1.285337359E-1,-1.490324736E0
1.331120988E1,9.489567280E-1,3.349830955E-2,-1.390062809E0
1.332120487E1,8.844798207E-1,2.045376003E-1,-1.287733078E0
1.333119987E1,8.236015439E-1,3.782409430E-1,-1.175594926E0
1.334119387E1,7.620531917E-1,5.632650256E-1,-1.059445024E0
1.335118887E1,7.020923495E-1,7.536644936E-1,-9.524013400E-1
1.336118287E1,6.422719359E-1,9.394629598E-1,-8.585956097E-1
1.337117788E1,5.812764764E-1,1.114179373E0,-7.791947722E-1
1.338117288E1,5.259178877E-1,1.267279506E0,-7.096105814E-1
1.339116688E1,4.771087766E-1,1.403119922E0,-6.389153600E-1
1.340116187E1,4.287231565E-1,1.514017701E0,-5.696543455E-1
1.341115587E1,3.992025256E-1,1.591474414E0,-5.052825809E-1
1.342115087E1,3.791657388E-1,1.632181644E0,-4.500719309E-1
1.343114587E1,3.591222465E-1,1.661013365E0,-3.918459117E-1
1.344113987E1,3.490773141E-1,1.675948858E0,-3.405707777E-1
1.345113488E1,3.339098096E-1,1.679009914E0,-3.046481907E-1
1.346112888E1,3.134916425E-1,1.663626432E0,-2.821722031E-1
1.347112388E1,2.934121788E-1,1.634746313E0,-2.721528709E-1
1.348111887E1,2.808841467E-1,1.590068936E0,-2.693229914E-1
1.349111287E1,2.716528475E-1,1.531267881E0,-2.631253004E-1
1.350110787E1,2.778090239E-1,1.473755598E0,-2.544644475E-1
1.351110187E1,3.001739979E-1,1.426581383E0,-2.401118726E-1
1.352109687E1,3.191852272E-1,1.415809035E0,-2.143743783E-1
1.353109087E1,3.211535811E-1,1.434826732E0,-1.978454739E-1
1.354108588E1,3.188829720E-1,1.460941672E0,-2.007653564E-1
1.355108088E1,3.009404540E-1,1.479207516E0,-2.309024930E-1
1.356107488E1,2.844890356E-1,1.481143236E0,-2.675453126E-1
1.357106988E1,2.627328634E-1,1.447089314E0,-2.979085445E-1
1.358106387E1,2.517465353E-1,1.368400931E0,-3.160941899E-1
1.359105887E1,2.435019165E-1,1.249756575E0,-3.238133788E-1
1.360105387E1,2.362871468E-1,1.106676102E0,-3.245902061E-1
1.361104787E1,2.265184075E-1,9.413170218E-1,-3.279719055E-1
1.362104288E1,2.149512321E-1,7.653383017E-1,-3.252547085E-1
1.363103688E1,1.941359639E-1,5.849817991E-1,-3.197110593E-1
1.364103188E1,1.738067269E-1,4.116756916E-1,-3.034891188E-1
1.365102688E1,1.448339373E-1,2.458001822E-1,-2.863362432E-1
1.366102088E1,1.178055108E-1,9.246798605E-2,-2.575603127E-1
1.367101587E1,8.422891051E-2,-4.377267510E-2,-2.223456204E-1
1.368100987E1,5.015588924E-2,-1.665122211E-1,-1.795198321E-1
1.369100487E1,1.871034876E-2,-2.720556557E-1,-1.302481592E-1
1.370099987E1,-8.549497463E-3,-3.619140983E-1,-7.740978897E-2
1.371099387E1,-4.113566875E-2,-4.304361641E-1,-2.196650393E-2
1.372098888E1,-6.816996634E-2,-4.878998995E-1,3.373412788E-2
1.373098288E1,-9.140525013E-2,-5.230591893E-1,9.111486375E-2
1.374097788E1,-1.066116393E-1,-5.394881368E-1,1.453260034E-1
1.375097287E1,-1.244654655E-1,-5.342611670E-1,2.023224533E-1
1.376096687E1,-1.418460310E-1,-5.123351812E-1,2.584642470E-1
1.377096187E1,-1.559195071E-1,-4.734492600E-1,2.997981012E-1
1.378095587E1,-1.739344597E-1,-4.298643470E-1,3.390630484E-1
1.379095087E1,-1.891480386E-1,-3.843008578E-1,3.741967976E-1
1.380094487E1,-1.955774426E-1,-3.440491557E-1,4.102454185E-1
1.381093988E1,-2.032574713E-1,-3.026719093E-1,4.415823221E-1
1.382093488E1,-2.106804997E-1,-2.727907002E-1,4.661654234E-1
1.383092888E1,-2.166009694E-1,-2.466912121E-1,4.879474044E-1
1.384092387E1,-2.234876305E-1,-2.266914546E-1,5.044891834E-1
1.385091787E1,-2.250210792E-1,-2.123876214E-1,5.163980126E-1
1.386091287E1,-2.235334367E-1,-1.986208856E-1,5.251246095E-1
1.387090787E1,-2.181836814E-1,-1.859548837E-1,5.362169147E-1
1.388090187E1,-2.131982297E-1,-1.707438529E-1,5.471513271E-1
1.389089688E1,-2.056508362E-1,-1.554160416E-1,5.538297296E-1
1.390089088E1,-2.031349540E-1,-1.407588124E-1,5.502306819E-1
1.391088588E1,-2.020638287E-1,-1.228868663E-1,5.438865423E-1
1.392088087E1,-2.009671330E-1,-1.121273562E-1,5.270428061E-1
1.393087487E1,-2.029653043E-1,-1.087344885E-1,5.160833597E-1
1.394086987E1,-2.048830539E-1,-1.127703190E-1,4.984159768E-1
1.395086387E1,-2.070522010E-1,-1.244868934E-1,4.799166024E-1
1.396085887E1,-2.027650476E-1,-1.378401220E-1,4.585594535E-1
1.397085388E1,-2.011088282E-1,-1.557874233E-1,4.386914968E-1
1.398084788E1,-1.981702894E-1,-1.759214848E-1,4.155963659E-1
1.399084288E1,-1.980009228E-1,-1.963551193E-1,3.954900503E-1
1.400083688E1,-1.914753765E-1,-2.155137062E-1,3.702854216E-1
1.401083188E1,-1.911233068E-1,-2.351119071E-1,3.445390463E-1
1.402082687E1,-1.817292720E-1,-2.543996871E-1,3.220292926E-1
1.403082087E1,-1.780975163E-1,-2.669407725E-1,3.008877933E-1
1.404081587E1,-1.697895229E-1,-2.763595581E-1,2.760425806E-1
1.405080987E1,-1.667966545E-1,-2.823556662E-1,2.478980273E-1
1.406080488E1,-1.630706340E-1,-2.849587202E-1,2.161514163E-1
1.407079988E1,-1.536044180E-1,-2.855305076E-1,1.859668791E-1
1.408079388E1,-1.484764963E-1,-2.807976902E-1,1.577492803E-1
1.409078888E1,-1.414851546E-1,-2.770482302E-1,1.283999085E-1
1.410078288E1,-1.299041659E-1,-2.706275582E-1,9.699362516E-2
1.411077787E1,-1.244670525E-1,-2.624394000E-1,7.157588005E-2
1.412077287E1,-1.130423620E-1,-2.553874254E-1,4.578508809E-2
1.413076687E1,-1.088209897E-1,-2.445970923E-1,1.774493232E-2
1.414076187E1,-1.025276706E-1,-2.356636524E-1,-8.381100371E-3
1.415075587E1,-9.800429642E-2,-2.253138125E-1,-3.522283584E-2
1.416075088E1,-9.176927805E-2,-2.181362957E-1,-5.852302536E-2
1.417074488E1,-8.229481429E-2,-2.155061513E-1,-8.635412157E-2
1.418073988E1,-7.729847729E-2,-2.111476213E-1,-1.047654077E-1
1.419073487E1,-6.945413351E-2,-2.040881217E-1,-1.206365153E-1
1.420072887E1,-6.862723082E-2,-1.984251142E-1,-1.402494609E-1
1.421072387E1,-5.866487697E-2,-1.952663362E-1,-1.614034772E-1
1.422071787E1,-5.057869852E-2,-1.889938116E-1,-1.798899621E-1
1.423071287E1,-4.244540632E-2,-1.857591271E-1,-1.948207170E-1
1.424070788E1,-4.188137129E-2,-1.801516265E-1,-2.116176039E-1
1.425070188E1,-3.175123781E-2,-1.788938195E-1,-2.249925286E-1
1.426069688E1,-2.570985630E-2,-1.750790775E-1,-2.415710092E-1
1.427069088E1,-1.964157820E-2,-1.745664179E-1,-2.549485862E-1
1.428068658E1,-1.357994508E-2,-1.735493094E-1,-2.688944638E-1
1.429068158E1,-4.899637774E-3,-1.767693311E-1,-2.785729170E-1
1.430067558E1,2.007007366E-3,-1.830444783E-1,-2.868879139E-1
1.431067058E1,8.762913756E-3,-1.856064498E-1,-2.929458022E-1
1.432066458E1,1.812925749E-2,-1.868864894E-1,-2.954216003E-1
1.433065958E1,2.148111165E-2,-1.885160804E-1,-2.954247892E-1
1.434065458E1,2.469847910E-2,-1.855119616E-1,-2.944400012E-1
1.435064858E1,2.859867737E-2,-1.798495501E-1,-2.885222137E-1
1.436064358E1,3.495669737E-2,-1.817553490E-1,-2.865911722E-1
1.437063758E1,4.126279801E-2,-1.721187085E-1,-2.763324082E-1
1.438063258E1,4.736702517E-2,-1.589675844E-1,-2.616260648E-1
1.439062758E1,5.529392138E-2,-1.395534128E-1,-2.455629408E-1
1.440062158E1,5.117401108E-2,-1.180497408E-1,-2.310074121E-1
1.441061658E1,5.476954207E-2,-9.583205730E-2,-2.193571478E-1
1.442061058E1,5.297431722E-2,-7.266254723E-2,-2.067406327E-1
1.443060558E1,5.284142494E-2,-5.391495302E-2,-1.912644804E-1
1.444060058E1,5.354370177E-2,-4.235896468E-2,-1.722990423E-1
1.445059458E1,5.061076209E-2,-3.255001083E-2,-1.552390903E-1
1.446058958E1,5.137589201E-2,-3.189184144E-2,-1.371328831E-1
1.447058358E1,4.977187142E-2,-2.901003696E-2,-1.182361543E-1
1.448057858E1,4.668099806E-2,-2.760229632E-2,-1.034804359E-1
1.449057358E1,4.525673762E-2,-3.011259064E-2,-8.858084679E-2
1.450056758E1,3.898978233E-2,-3.330235928E-2,-6.981506944E-2
1.451056258E1,3.939032182E-2,-3.959301114E-2,-5.293861032E-2
1.452055658E1,3.878791258E-2,-3.904207051E-2,-3.106494993E-2
1.453055158E1,3.435215354E-2,-3.816536069E-2,-1.583673060E-2
1.454054558E1,3.412284330E-2,-3.298893943E-2,-2.179314848E-3
1.455054058E1,3.168658167E-2,-2.404844388E-2,1.490033604E-2
1.456053558E1,3.028391115E-2,-1.352995448E-2,3.067822754E-2
1.457052958E1,2.903861739E-2,5.141468253E-3,4.455835372E-2
1.458052458E1,2.494958788E-2,1.796755008E-2,5.369931459E-2
1.459051858E1,2.396395244E-2,2.990463749E-2,6.450988352E-2
1.460051358E1,1.751725748E-2,3.517706692E-2,7.851882279E-2
1.461050858E1,1.116268896E-2,3.014582582E-2,8.696184307E-2
1.462050258E1,7.468353026E-3,2.138832025E-2,9.455928206E-2
1.463049758E1,-4.359091108E-4,5.092170555E-3,1.012177169E-1
1.464049158E1,-8.906901814E-3,-1.247400977E-2,1.045527160E-1
1.465048658E1,-1.316769328E-2,-3.251376376E-2,1.081344038E-1
1.466048158E1,-1.504976489E-2,-4.724035040E-2,1.126876399E-1
1.467047558E1,-2.002161928E-2,-5.941712111E-2,1.166134104E-1
1.468047058E1,-2.427306771E-2,-6.566785276E-2,1.215936393E-1
1.469046458E1,-3.273473307E-2,-6.926365197E-2,1.224991158E-1
1.470045958E1,-3.599338979E-2,-6.433504820E-2,1.235159412E-1
1.471045458E1,-3.844030201E-2,-5.770750344E-2,1.208069772E-1
1.472044858E1,-4.125897586E-2,-5.154884234E-2,1.167978197E-1
1.473044358E1,-4.300814122E-2,-4.214255512E-2,1.166327074E-1
1.474043758E1,-4.325769469E-2,-3.441686183E-2,1.164348945E-1
1.475043258E1,-4.181612656E-2,-2.561218478E-2,1.136486977E-1
1.476042658E1,-3.901925683E-2,-2.197566628E-2,1.110897884E-1
1.477042158E1,-3.707381710E-2,-1.659315079E-2,1.082292870E-1
1.478041658E1,-3.490867838E-2,-1.116703171E-2,1.029280052E-1
1.479041058E1,-3.885654733E-2,-8.737429976E-3,1.012129337E-1
1.480040558E1,-3.935028613E-2,-1.081092935E-2,9.553881735E-2
1.481039958E1,-4.098759964E-2,-8.697977290E-3,9.000876546E-2
1.482039458E1,-4.043499380E-2,-1.450826414E-2,8.632513136E-2
1.483038958E1,-3.844215348E-2,-1.920181885E-2,8.386117965E-2
1.484038358E1,-4.199747741E-2,-2.386381663E-2,7.727449387E-2
1.485037858E1,-3.970023245E-2,-2.584600821E-2,6.881416589E-2
1.486037258E1,-3.474407643E-2,-2.894418873E-2,5.907306075E-2
1.487036758E1,-3.339758143E-2,-3.005019948E-2,5.063776672E-2
1.488036258E1,-2.782733366E-2,-2.917189896E-2,4.139249772E-2
1.489035658E1,-2.570426278E-2,-2.412094921E-2,3.493193537E-2
1.490035158E1,-2.561611123E-2,-2.286020666E-2,2.612273209E-2
1.491034558E1,-2.024425007E-2,-2.542483062E-2,1.344661787E-2
1.492034058E1,-1.658931188E-2,-2.797599882E-2,7.491405122E-4
1.493033558E1,-8.723398671E-3,-3.214171529E-2,-7.124761585E-3
1.494032958E1,-5.998725072E-3,-3.541544452E-2,-1.680175588E-2
1.495032458E1,-1.024866360E-4,-3.605167195E-2,-2.652788721E-2
1.496031858E1,5.989245139E-3,-3.545174748E-2,-3.505993634E-2
1.497031358E1,7.836679928E-3,-3.572818637E-2,-4.055723548E-2
1.498030858E1,9.571710601E-3,-3.253926337E-2,-4.671488330E-2
1.499030258E1,1.458085049E-2,-3.177120909E-2,-5.151922628E-2
1.500029758E1,1.924403757E-2,-2.558032610E-2,-5.580971390E-2
1.501029158E1,2.035963535E-2,-2.050806955E-2,-5.860843137E-2
1.502028658E1,2.101931907E-2,-1.494934596E-2,-6.346479058E-2
1.503028158E1,2.185421996E-2,-1.093036868E-2,-6.536841393E-2
1.504027558E1,2.542178333E-2,-9.415999055E-3,-6.814515591E-2
1.505027058E1,2.793500945E-2,-4.134418443E-3,-6.850761175E-2
1.506026458E1,2.984820679E-2,-4.840293899E-3,-7.126446068E-2
1.507025958E1,2.688544057E-2,-2.410958521E-3,-7.310204208E-2
1.508025358E1,2.888095006E-2,-3.735548351E-3,-7.331328094E-2
1.509024858E1,3.101547435E-2,-9.876987897E-4,-7.457801700E-2
1.510024358E1,2.822104841E-2,-1.221041894E-3,-7.372746617E-2
1.511023758E1,3.233350068E-2,-1.154462807E-3,-7.256925851E-2
1.512023258E1,3.136274964E-2,-4.254032392E-3,-7.073084265E-2
1.513022658E1,3.296091408E-2,-5.476423074E-3,-7.140595466E-2
1.514022158E1,3.073638305E-2,-8.765558712E-3,-6.578999013E-2
1.515021658E1,2.856244333E-2,-1.383967884E-2,-6.513511389E-2
1.516021058E1,2.681301907E-2,-2.034990862E-2,-6.138363481E-2
1.517020558E1,2.626786940E-2,-2.278083935E-2,-5.631004274E-2
1.518019958E1,2.493973076E-2,-2.284815535E-2,-5.602789670E-2
1.519019458E1,2.536583692E-2,-2.021588758E-2,-5.221771449E-2
1.520018958E1,2.480047382E-2,-1.963467896E-2,-4.738725722E-2
1.521018358E1,2.071678266E-2,-1.429264341E-2,-4.163775966E-2
1.522017858E1,1.400827896E-2,-1.110327616E-2,-3.568716347E-2
1.523017258E1,1.277017500E-2,-9.656913579E-3,-3.432495892E-2
1.524016758E1,1.171928924E-2,-7.642566692E-3,-2.497134730E-2
1.525016258E1,6.422261707E-3,-4.830002319E-3,-1.826364361E-2
1.526015658E1,2.433364280E-3,-4.324373323E-3,-1.202382706E-2
1.527015158E1,-1.894538873E-3,-2.287587617E-3,-6.256484892E-3
1.528014537E1,-5.471693818E-3,-1.659813104E-3,-6.854729727E-4
1.529014038E1,-1.077697705E-2,-2.643584739E-3,4.813688342E-3
1.530013538E1,-1.490512025E-2,-2.379354089E-3,8.549112827E-3
1.531012938E1,-2.065408602E-2,-4.968479276E-3,1.384693850E-2
1.532012437E1,-2.259394899E-2,-7.748163771E-3,1.249863580E-2
1.533011837E1,-2.296545915E-2,-1.018096134E-2,1.398201659E-2
1.534011337E1,-2.851416543E-2,-1.718850620E-2,1.916631684E-2
1.535010837E1,-3.213313594E-2,-1.955845393E-2,2.138632722E-2
1.536010237E1,-3.309612721E-2,-2.470481023E-2,1.948759705E-2
1.537009738E1,-3.105428070E-2,-2.747263387E-2,2.023514733E-2
1.538009138E1,-2.938021347E-2,-2.295637876E-2,2.036532201E-2
1.539008638E1,-3.277494386E-2,-1.634348184E-2,2.175282687E-2
1.540008038E1,-3.132511675E-2,-9.301948361E-3,2.373251319E-2
1.541007538E1,-3.153257817E-2,-2.790785860E-3,2.307364717E-2
1.542007037E1,-3.053709865E-2,4.484931938E-3,2.495514788E-2
1.543006437E1,-3.039914742E-2,6.813333370E-3,2.558258921E-2
1.544005937E1,-2.920205705E-2,7.041266654E-3,2.798825130E-2
1.545005337E1,-2.958422154E-2,3.190602176E-3,2.878373489E-2
1.546004838E1,-2.756953053E-2,4.759780131E-4,2.932099812E-2
1.547004338E1,-2.645020373E-2,-3.411171958E-3,2.716330625E-2
1.548003738E1,-2.574419975E-2,-9.201416746E-3,2.808529139E-2
1.549003238E1,-2.414523810E-2,-1.386248134E-2,2.786105312E-2
1.550002638E1,-2.257690765E-2,-1.674282551E-2,3.010833636E-2
1.551002137E1,-1.935421675E-2,-1.729010418E-2,3.079010546E-2
1.552001637E1,-1.730411313E-2,-1.363408379E-2,2.738975361E-2
1.553001037E1,-1.645935886E-2,-6.498676259E-3,2.522593737E-2
1.554000537E1,-1.197193936E-2,-3.430316690E-3,2.350351401E-2
1.554999937E1,-6.536693312E-3,-2.134422306E-3,2.489448152E-2
1.555999438E1,-3.806943772E-3,1.071993262E-3,2.575236373E-2
1.556998938E1,2.147085499E-3,3.912521061E-3,2.181754261E-2
1.557998338E1,3.369194688E-3,4.572083242E-3,2.079918236E-2
1.558997837E1,4.526871257E-3,2.405867912E-3,1.638020016E-2
1.559997237E1,1.064015366E-2,5.114768632E-3,9.069344960E-3
1.560996737E1,1.730205119E-2,2.888100222E-3,1.054739952E-2
1.561996237E1,2.028905973E-2,5.141832866E-3,5.731734447E-3
1.562995637E1,2.558715269E-2,6.551976316E-3,7.032155991E-3
1.563995138E1,2.386675589E-2,9.875468910E-3,2.254336374E-3
1.564994538E1,2.789452113E-2,1.371361874E-2,3.940117545E-3
1.565994038E1,3.005860560E-2,1.641592756E-2,1.693208236E-3
1.566993438E1,2.513761632E-2,2.174704336E-2,1.353389118E-3
1.567992937E1,2.810010687E-2,2.358462289E-2,-2.193723805E-3
1.568992437E1,2.479272708E-2,2.099310048E-2,-2.835545689E-3
1.569991837E1,2.488381416E-2,2.000310272E-2,-5.046175793E-4
1.570991337E1,2.401668951E-2,1.611169428E-2,-3.907072358E-3
1.571990737E1,2.606759965E-2,1.328341942E-2,-5.982424133E-3
1.572990238E1,2.052422985E-2,8.300645277E-3,-8.827744983E-3
1.573989738E1,2.218522877E-2,1.813381445E-3,-9.801924229E-3
1.574989138E1,1.751351170E-2,2.421913669E-3,-1.315058395E-2
1.575988637E1,1.701045223E-2,3.498978913E-6,-1.687895879E-2
1.576988037E1,1.163645927E-2,4.786269739E-3,-1.859403402E-2
1.577987537E1,8.459580131E-3,8.308436722E-3,-1.621354371E-2
1.578987037E1,6.277651992E-3,1.331970654E-2,-1.683166251E-2
1.579986437E1,3.566409869E-4,1.572866552E-2,-1.958872750E-2
1.580985938E1,-4.451962654E-3,2.148162760E-2,-1.580517367E-2
1.581985338E1,-6.459440105E-3,2.749432065E-2,-1.704221405E-2
1.582984838E1,-1.028374024E-2,3.474397957E-2,-1.623687521E-2
1.583984338E1,-1.339113805E-2,3.113858029E-2,-1.759705134E-2
1.584983738E1,-1.444761362E-2,2.697606012E-2,-1.826816797E-2
1.585983237E1,-2.069083788E-2,2.399982512E-2,-2.054275386E-2
1.586982637E1,-2.006739192E-2,1.029892545E-2,-1.948973909E-2
1.587982137E1,-2.194814943E-2,2.627110109E-3,-1.871195249E-2
1.588981638E1,-2.020697482E-2,-8.224821649E-4,-1.832020283E-2
1.589981038E1,-2.285626717E-2,-3.444161266E-3,-1.704279706E-2
1.590980538E1,-2.371646836E-2,9.194281884E-4,-1.758155599E-2
1.591979938E1,-2.272656560E-2,2.046382055E-3,-1.689060032E-2
1.592979438E1,-2.578493953E-2,7.117040455E-3,-1.412117854E-2
1.593978937E1,-2.472713031E-2,1.099810004E-2,-1.331852935E-2
1.594978337E1,-2.118778788E-2,1.327749901E-2,-9.640702978E-3
1.595977837E1,-2.234759927E-2,1.478314772E-2,-9.877644479E-3
1.596977237E1,-2.143440023E-2,1.034419052E-2,-5.006190389E-3
1.597976737E1,-2.318756655E-2,5.798004568E-3,-4.971700720E-3
1.598976137E1,-1.940428093E-2,4.539128393E-3,-3.747179173E-3
1.599975638E1,-1.720504463E-2,3.165935166E-3,-1.286097802E-3
1.600975138E1,-1.840692945E-2,1.207713038E-3,6.851740181E-4
1.601974538E1,-1.526625454E-2,-2.034181729E-3,2.509783022E-3
1.602974037E1,-1.450831816E-2,-4.351398442E-3,3.576378804E-3
1.603973437E1,-1.132504921E-2,-3.266862594E-3,3.619657131E-3
1.604972937E1,-1.213038899E-2,-2.313983627E-3,5.197579972E-3
1.605972437E1,-1.180201955E-2,-4.045004491E-3,7.559244521E-3
1.606971837E1,-8.736987598E-3,-6.800310686E-3,6.597843487E-3
1.607971338E1,-6.491415668E-3,-5.889378488E-3,6.330837030E-3
1.608970738E1,-7.000079378E-3,-2.576406114E-3,9.875237942E-3
1.609970238E1,-1.097705914E-3,2.253473736E-3,1.015468035E-2
1.610969737E1,-4.855692852E-3,3.238044214E-3,1.380880363E-2
1.611969137E1,-4.100425169E-3,9.312045760E-3,1.342142187E-2
1.612968637E1,-3.321184311E-3,1.019381825E-2,1.327068638E-2
1.613968037E1,-9.802592685E-4,1.349311136E-2,1.717074960E-2
1.614967537E1,-5.136121996E-3,1.259988733E-2,1.417549327E-2
1.615967038E1,1.761454274E-3,1.202597283E-2,1.649692282E-2
1.616966438E1,-1.650587772E-3,9.464809671E-3,1.454615593E-2
1.617965938E1,-8.223502664E-4,8.746953681E-3,1.650182344E-2
1.618965338E1,9.435918764E-4,5.943977274E-3,1.542963460E-2
1.619964837E1,1.500998507E-3,1.565375365E-3,1.341881230E-2
1.620964337E1,2.441360848E-3,3.394168336E-3,1.562098041E-2
1.621963737E1,3.869060893E-3,2.422713675E-3,1.383651234E-2
1.622963237E1,1.493436866E-5,3.144430462E-3,1.102208346E-2
1.623962637E1,1.828305190E-3,7.730162237E-3,1.306319982E-2
1.624962138E1,5.061116535E-3,8.529642597E-3,9.115596302E-3
1.625961538E1,3.289858345E-3,1.120266505E-2,1.228773780E-2
1.626961038E1,5.134896375E-3,1.264902763E-2,1.095482521E-2
1.627960575E1,5.488807801E-3,1.404048689E-2,4.818296991E-3
1.628959975E1,6.685099564E-3,1.767037436E-2,2.828915836E-3
1.629959475E1,7.628389634E-3,1.671400107E-2,2.316018334E-3
1.630958875E1,6.986301858E-3,1.739150845E-2,1.233443618E-3
1.631958375E1,2.216103603E-4,1.522219647E-2,-3.560062498E-3
1.632957875E1,1.795272226E-3,1.185409818E-2,-8.004945703E-4
1.633957275E1,5.823836196E-3,7.771737874E-3,-4.772333428E-3
1.634956775E1,2.243482275E-3,7.439907640E-3,-6.406448781E-3
1.635956175E1,2.965480089E-3,9.479196742E-3,-6.472527049E-3
1.636955675E1,-1.655370463E-3,1.168669015E-2,-6.512740627E-3
1.637955175E1,-6.532203406E-4,1.263564266E-2,-7.170861121E-3
1.638954575E1,-5.453301594E-3,1.537816599E-2,-7.969010621E-3
1.639954075E1,-5.513774697E-3,1.561151724E-2,-7.566760760E-3
1.640953475E1,-6.114317570E-3,1.338857692E-2,-1.025815122E-2
1.641952975E1,-6.789950188E-3,1.174913906E-2,-1.395030878E-2
1.642952475E1,-8.621139452E-3,9.654296562E-3,-1.544833742E-2
1.643951875E1,-1.052556280E-2,8.376613259E-3,-1.611953415E-2
1.644951375E1,-7.389423903E-3,7.595508359E-3,-1.652646437E-2
1.645950775E1,-6.630682852E-3,9.056955576E-3,-1.929122768E-2
1.646950275E1,-8.807551116E-3,4.009199794E-3,-1.812662743E-2
1.647949775E1,-1.089736819E-2,8.817229420E-3,-1.942423917E-2
1.648949175E1,-1.134477928E-2,4.142849706E-3,-2.164797857E-2
1.649948675E1,-1.332881115E-2,5.724235438E-3,-1.954638213E-2
1.650948075E1,-1.266381983E-2,1.640011556E-3,-1.964038983E-2
1.651947575E1,-1.402149722E-2,9.894692339E-4,-1.995736361E-2
1.652946975E1,-1.748573594E-2,-1.444659894E-3,-1.851525903E-2
1.653946475E1,-1.632115990E-2,-4.609330557E-3,-1.882052794E-2
1.654945975E1,-1.580610499E-2,-4.837031011E-3,-1.854542270E-2
1.655945375E1,-1.689958759E-2,-6.674346514E-3,-1.630352624E-2
1.656944875E1,-1.846126467E-2,-7.886351086E-3,-1.758450642E-2
1.657944275E1,-1.704632491E-2,-1.052178163E-2,-1.501564868E-2
1.658943775E1,-1.534909476E-2,-9.136404842E-3,-1.386862621E-2
1.659943275E1,-1.570088044E-2,-7.485870272E-3,-1.537526213E-2
1.660942675E1,-1.562977396E-2,-3.353443462E-3,-1.341171376E-2
1.661942175E1,-1.747961715E-2,8.380329236E-4,-1.446179207E-2
1.662941575E1,-1.319885254E-2,1.173591241E-3,-1.380265970E-2
1.663941075E1,-1.163770817E-2,-2.516484819E-3,-1.439494733E-2
1.664940575E1,-1.336050685E-2,-2.555367071E-3,-1.406125445E-2
1.665939975E1,-1.075433660E-2,-5.087733269E-3,-1.447140891E-2
1.666939475E1,-1.111146621E-2,-6.898949388E-3,-1.570205390E-2
1.667938875E1,-8.821153082E-3,-1.065147761E-2,-1.515999250E-2
1.668938375E1,-1.488969848E-2,-1.037450880E-2,-1.567424834E-2
1.669937875E1,-1.152904145E-2,-1.122771390E-2,-1.323879138E-2
1.670937275E1,-1.374772098E-2,-7.043887861E-3,-1.855366305E-2
1.671936775E1,-1.175435912E-2,-7.808819413E-3,-1.811903156E-2
1.672936175E1,-1.055220794E-2,-2.495813183E-3,-2.057499811E-2
1.673935675E1,-1.206755545E-2,-6.289685611E-3,-2.324385382E-2
1.674935175E1,-1.311044861E-2,-7.516071200E-3,-2.731742524E-2
1.675934575E1,-1.028348971E-2,-1.526660100E-2,-2.650010958E-2
1.676934075E1,-8.458425291E-3,-1.711057499E-2,-3.288343921E-2
1.677933475E1,-1.022623572E-2,-1.989740506E-2,-3.737824038E-2
1.678932975E1,-8.555368520E-3,-1.857514679E-2,-3.489058092E-2
1.679932375E1,-1.262947172E-2,-1.566404477E-2,-3.302317485E-2
1.680931875E1,-1.295783930E-2,-1.344829611E-2,-3.529964387E-2
1.681931375E1,-1.327954978E-2,-1.261552423E-2,-3.465409204E-2
1.682930775E1,-1.657121815E-2,-1.691120304E-2,-3.690792620E-2
1.683930275E1,-1.723992638E-2,-2.310091816E-2,-3.572756425E-2
1.684929675E1,-2.067407221E-2,-2.959104255E-2,-3.411848098E-2
1.685929175E1,-2.101017348E-2,-3.965513036E-2,-3.929997608E-2
1.686928675E1,-2.120618336E-2,-4.778736085E-2,-3.806347400E-2
1.687928075E1,-2.381794155E-2,-5.772274733E-2,-3.394920751E-2
1.688927575E1,-2.698257565E-2,-6.462646276E-2,-3.297235817E-2
1.689926975E1,-2.510157973E-2,-7.175693661E-2,-3.269656375E-2
1.690926475E1,-3.009607084E-2,-7.899993658E-2,-3.082755767E-2
1.691925975E1,-3.084922954E-2,-7.759945840E-2,-3.165313601E-2
1.692925375E1,-3.002764285E-2,-7.769985497E-2,-2.957666852E-2
1.693924875E1,-3.483356908E-2,-7.693575323E-2,-2.957371622E-2
1.694924275E1,-3.676329553E-2,-8.160214871E-2,-2.729990706E-2
1.695923775E1,-4.232584313E-2,-8.252926171E-2,-2.588411793E-2
1.696923275E1,-4.239748418E-2,-8.793760836E-2,-2.412829548E-2
1.697922675E1,-4.084379226E-2,-9.223558009E-2,-2.075202204E-2
1.698922175E1,-3.902325407E-2,-9.449953586E-2,-1.864333078E-2
1.699921575E1,-3.953538463E-2,-8.778713644E-2,-1.914738491E-2
1.700921075E1,-4.179880396E-2,-7.784982026E-2,-1.410602313E-2
1.701920575E1,-4.141370580E-2,-6.786929071E-2,-1.237582136E-2
1.702919975E1,-4.003072903E-2,-5.471753702E-2,-5.591417663E-3
1.703919475E1,-3.685144335E-2,-4.318827391E-2,2.959857229E-3
1.704918875E1,-3.626634553E-2,-3.322459012E-2,9.540794417E-3
1.705918375E1,-3.389345482E-2,-2.332075313E-2,1.178743690E-2
1.706917875E1,-3.259010240E-2,-1.572861150E-2,1.656514779E-2
1.707917275E1,-3.110194393E-2,-9.525988251E-3,2.031786367E-2
1.708916775E1,-3.007183596E-2,-1.049404778E-2,2.298555151E-2
1.709916175E1,-2.834584191E-2,-1.185738668E-2,2.593159303E-2
1.710915675E1,-2.755009010E-2,-2.005060203E-2,2.287002280E-2
1.711915075E1,-2.493591607E-2,-3.130767494E-2,2.037834004E-2
1.712914575E1,-2.469729632E-2,-3.770219162E-2,2.339037508E-2
1.713914075E1,-1.896751113E-2,-4.654775187E-2,2.677030116E-2
1.714913475E1,-1.811476797E-2,-5.106660351E-2,3.589482605E-2
1.715912975E1,-1.739438809E-2,-5.408516526E-2,4.514169320E-2
1.716912375E1,-2.228927799E-2,-5.668520927E-2,5.379803106E-2
1.717911875E1,-2.539264783E-2,-5.571953952E-2,6.584089994E-2
1.718911375E1,-2.992321737E-2,-4.848186672E-2,8.063209057E-2
1.719910775E1,-3.364368156E-2,-4.051886126E-2,1.017442867E-1
1.720910275E1,-3.830634058E-2,-3.352699801E-2,1.204316840E-1
1.721909675E1,-4.743750021E-2,-2.279148810E-2,1.300018281E-1
1.722909175E1,-5.299072340E-2,-1.645822451E-2,1.408454329E-1
1.723908675E1,-6.155172735E-2,-1.092887297E-2,1.591047198E-1
1.724908075E1,-6.773159653E-2,-1.318803243E-2,1.841709316E-1
1.725907575E1,-7.473517209E-2,-2.572732791E-2,2.127895653E-1
1.726906975E1,-8.695802093E-2,-4.091294110E-2,2.404440939E-1
1.727906475E1,-1.011209786E-1,-6.096630916E-2,2.699207962E-1
1.728905975E1,-1.109384522E-1,-7.852772623E-2,3.064833581E-1
1.729905375E1,-1.304261386E-1,-9.746499360E-2,3.465333879E-1
1.730904875E1,-1.500725448E-1,-1.069666147E-1,3.953800201E-1
1.731904275E1,-1.723828912E-1,-1.141191646E-1,4.465839565E-1
1.732903775E1,-1.963894218E-1,-1.170076281E-1,4.963448644E-1
1.733903275E1,-2.207930535E-1,-1.161172763E-1,5.435911417E-1
1.734902675E1,-2.430562824E-1,-1.058390737E-1,5.877726674E-1
1.735902175E1,-2.681046426E-1,-9.502121806E-2,6.410874128E-1
1.736901575E1,-2.868024111E-1,-8.537951112E-2,7.058925033E-1
1.737901075E1,-3.146127760E-1,-6.698875129E-2,7.858341336E-1
1.738900575E1,-3.386462033E-1,-4.730239883E-2,8.701777458E-1
1.739899975E1,-3.710414171E-1,-3.469878808E-2,9.507454038E-1
1.740899475E1,-3.968642056E-1,-2.277341858E-2,1.019351959E0
1.741898875E1,-4.288634360E-1,-2.196232043E-2,1.073747277E0
1.742898375E1,-4.554731846E-1,-3.284799308E-2,1.117417336E0
1.743897875E1,-4.694351256E-1,-3.969151899E-2,1.151137948E0
1.744897275E1,-4.828851521E-1,-3.609891236E-2,1.181620002E0
1.745896775E1,-4.939073920E-1,-2.279096097E-2,1.221562505E0
1.746896175E1,-4.988121390E-1,6.664278917E-4,1.275973201E0
1.747895675E1,-5.073004961E-1,3.848940507E-2,1.340980649E0
1.748895075E1,-5.244059563E-1,8.993582428E-2,1.408199072E0
1.749894575E1,-5.443639755E-1,1.438264698E-1,1.471032023E0
1.750894075E1,-5.637277961E-1,1.889657229E-1,1.521153092E0
1.751893475E1,-5.885081887E-1,2.279614061E-1,1.562663317E0
1.752892975E1,-6.155506968E-1,2.520664632E-1,1.604245663E0
1.753892375E1,-6.416355968E-1,2.640830278E-1,1.648230076E0
1.754891875E1,-6.627994776E-1,2.699356079E-1,1.697651625E0
1.755891375E1,-6.874958277E-1,2.676040828E-1,1.743092656E0
1.756890775E1,-7.085717916E-1,2.696163654E-1,1.794088483E0
1.757890275E1,-7.376015782E-1,2.795518041E-1,1.846252799E0
1.758889675E1,-7.657330632E-1,2.950673699E-1,1.894696832E0
1.759889175E1,-8.014351726E-1,3.089257181E-1,1.938610315E0
1.760888675E1,-8.384046555E-1,3.098791540E-1,1.983933091E0
1.761888075E1,-8.724963069E-1,2.997844815E-1,2.025207043E0
1.762887575E1,-9.097344875E-1,2.849631906E-1,2.060942411E0
1.763886975E1,-9.509958625E-1,2.642690539E-1,2.097705364E0
1.764886475E1,-9.980310202E-1,2.443848252E-1,2.132408619E0
1.765885975E1,-1.041944742E0,2.254108936E-1,2.172540903E0
1.766885375E1,-1.080574870E0,2.075189799E-1,2.214085817E0
1.767884875E1,-1.113951564E0,1.897267997E-1,2.249403715E0
1.768884275E1,-1.148841023E0,1.643058509E-1,2.273458958E0
1.769883775E1,-1.173168182E0,1.249353141E-1,2.290382147E0
1.770883275E1,-1.198200583E0,8.415272832E-2,2.307506084E0
1.771882675E1,-1.219280839E0,5.038771033E-2,2.323874712E0
1.772882175E1,-1.245381474E0,1.813363284E-2,2.348130703E0
1.773881575E1,-1.264793992E0,-3.860775381E-3,2.375977755E0
1.774881075E1,-1.283807397E0,-1.687484607E-2,2.408467770E0
1.775880575E1,-1.301077247E0,-1.836368814E-2,2.429379702E0
1.776879975E1,-1.307678938E0,-1.511889324E-2,2.430189848E0
1.777879475E1,-1.313198328E0,-6.188112311E-3,2.421850204E0
1.778878875E1,-1.330003381E0,1.569188759E-2,2.411249399E0
1.779878375E1,-1.362937331E0,3.869850188E-2,2.411930084E0
1.780877775E1,-1.382213354E0,8.000893146E-2,2.416705608E0
1.781877275E1,-1.400842905E0,1.153554842E-1,2.407979012E0
1.782876775E1,-1.423214793E0,1.440342814E-1,2.388017893E0
1.783876175E1,-1.451737761E0,1.634374857E-1,2.358531713E0
1.784875675E1,-1.481491208E0,1.866589189E-1,2.335333109E0
1.785875075E1,-1.500369787E0,2.141515464E-1,2.314053297E0
1.786874575E1,-1.513268590E0,2.466301322E-1,2.290417671E0
1.787874075E1,-1.529571056E0,2.663868070E-1,2.263576269E0
1.788873475E1,-1.540545940E0,2.664712071E-1,2.230910778E0
1.789872975E1,-1.542552948E0,2.590302825E-1,2.199314833E0
1.790872375E1,-1.556039929E0,2.589836717E-1,2.167994738E0
1.791871875E1,-1.548008442E0,2.495448738E-1,2.131423473E0
1.792871375E1,-1.547094107E0,2.253250331E-1,2.090939760E0
1.793870775E1,-1.546468854E0,1.862159818E-1,2.051955462E0
1.794870275E1,-1.549482465E0,1.441223323E-1,2.010420561E0
1.795869675E1,-1.541255474E0,1.033626795E-1,1.978426337E0
1.796869175E1,-1.547190785E0,5.002116039E-2,1.942085385E0
1.797868675E1,-1.546531916E0,-1.074561849E-2,1.910364985E0
1.798868075E1,-1.546755195E0,-7.416986674E-2,1.882432699E0
1.799867575E1,-1.526845574E0,-1.364352256E-1,1.853951335E0
1.800866975E1,-1.501602530E0,-2.012722790E-1,1.823090076E0
1.801866475E1,-1.482342601E0,-2.694537342E-1,1.782127261E0
1.802865975E1,-1.455521584E0,-3.231992424E-1,1.740295649E0
1.803865375E1,-1.428580284E0,-3.715439439E-1,1.711344838E0
1.804864875E1,-1.421290994E0,-4.203509092E-1,1.689776182E0
1.805864275E1,-1.402743697E0,-4.564282000E-1,1.677490473E0
1.806863775E1,-1.395597577E0,-4.851014018E-1,1.662604451E0
1.807863275E1,-1.371419311E0,-5.022130013E-1,1.638281941E0
1.808862675E1,-1.360507250E0,-5.143793821E-1,1.607320309E0
1.809862175E1,-1.360514998E0,-5.297756195E-1,1.575150132E0
1.810861575E1,-1.342333794E0,-5.440237522E-1,1.545822859E0
1.811861075E1,-1.308559060E0,-5.798599720E-1,1.518892765E0
1.812860575E1,-1.267211914E0,-6.217738986E-1,1.492487192E0
1.813859975E1,-1.225809932E0,-6.677840352E-1,1.463207364E0
1.814859475E1,-1.196187496E0,-7.131922841E-1,1.433628678E0
1.815858875E1,-1.173732877E0,-7.402813435E-1,1.407678723E0
1.816858375E1,-1.154535651E0,-7.499914765E-1,1.383757710E0
1.817857875E1,-1.134959817E0,-7.485522628E-1,1.357608080E0
1.818857275E1,-1.120285869E0,-7.425550818E-1,1.327504754E0
1.819856775E1,-1.102420330E0,-7.254421115E-1,1.297137022E0
1.820856175E1,-1.091520548E0,-7.074308991E-1,1.270194650E0
1.821855675E1,-1.071629643E0,-6.791642308E-1,1.239957929E0
1.822855175E1,-1.057050109E0,-6.544138789E-1,1.219382405E0
1.823854575E1,-1.046586275E0,-6.368021369E-1,1.200405240E0
1.824854075E1,-1.039983273E0,-6.209432483E-1,1.195989728E0
1.825853475E1,-1.038267136E0,-6.080640554E-1,1.197612286E0
1.826852975E1,-1.028763413E0,-6.098470688E-1,1.187131405E0
1.827852396E1,-1.000841498E0,-6.315224767E-1,1.162820816E0
1.828851796E1,-9.683871269E-1,-6.640031934E-1,1.128922820E0
1.829851296E1,-9.492070079E-1,-6.937699914E-1,1.104494452E0
1.830850696E1,-9.158445001E-1,-7.152614594E-1,1.085212588E0
1.831850196E1,-8.988780379E-1,-7.350999117E-1,1.083580971E0
1.832849596E1,-8.914605975E-1,-7.375676036E-1,1.075765133E0
1.833849096E1,-8.684218526E-1,-7.358409166E-1,1.065684915E0
1.834848596E1,-8.522090912E-1,-7.272266746E-1,1.043350220E0
1.835847996E1,-8.365097046E-1,-7.004278898E-1,1.018799782E0
1.836847496E1,-8.168526888E-1,-6.836406589E-1,9.977008104E-1
1.837846896E1,-8.048577905E-1,-6.620865464E-1,9.829561710E-1
1.838846396E1,-7.939777374E-1,-6.410270333E-1,9.704603553E-1
1.839845896E1,-7.850918770E-1,-6.218747497E-1,9.580922723E-1
1.840845296E1,-7.667629123E-1,-6.064296961E-1,9.494920969E-1
1.841844796E1,-7.500321865E-1,-5.869552493E-1,9.341661930E-1
1.842844196E1,-7.258911133E-1,-5.772861242E-1,9.153535962E-1
1.843843696E1,-7.054409385E-1,-5.691145658E-1,8.952708840E-1
1.844843196E1,-6.806700826E-1,-5.546501875E-1,8.711823225E-1
1.845842596E1,-6.534949541E-1,-5.378107429E-1,8.466154337E-1
1.846842096E1,-6.162943244E-1,-5.142950416E-1,8.164969087E-1
1.847841496E1,-5.860027671E-1,-4.971876144E-1,7.824741602E-1
1.848840996E1,-5.570437908E-1,-4.846816659E-1,7.459007502E-1
1.849840496E1,-5.300003886E-1,-4.724041224E-1,7.073361874E-1
1.850839896E1,-5.086495876E-1,-4.480196834E-1,6.651889682E-1
1.851839396E1,-4.823136330E-1,-4.202615619E-1,6.243019104E-1
1.852838796E1,-4.680734277E-1,-3.855632246E-1,5.922584534E-1
1.853838296E1,-4.577395618E-1,-3.419154584E-1,5.570276976E-1
1.854837796E1,-4.400119483E-1,-2.955474257E-1,5.243038535E-1
1.855837196E1,-4.205287993E-1,-2.543027103E-1,4.871385396E-1
1.856836696E1,-4.031189084E-1,-2.230659723E-1,4.475141466E-1
1.857836096E1,-3.784540892E-1,-1.948072314E-1,4.098959863E-1
1.858835596E1,-3.452407420E-1,-1.677953303E-1,3.715102673E-1
1.859835096E1,-3.160152137E-1,-1.515067667E-1,3.316771686E-1
1.860834496E1,-2.877361476E-1,-1.322318763E-1,2.945255637E-1
1.861833996E1,-2.764453888E-1,-1.053621396E-1,2.621479332E-1
1.862833396E1,-2.660401464E-1,-7.708363235E-2,2.355160564E-1
1.863832896E1,-2.434738576E-1,-5.598733202E-2,2.121784687E-1
1.864832396E1,-2.198047489E-1,-4.341854155E-2,1.911861002E-1
1.865831796E1,-1.939454824E-1,-3.688308224E-2,1.757984608E-1
1.866831296E1,-1.652872115E-1,-2.328045294E-2,1.514832675E-1
1.867830696E1,-1.286719441E-1,-1.760309376E-2,1.264260858E-1
1.868830196E1,-8.891227096E-2,-1.570692286E-2,9.670387954E-2
1.869829596E1,-6.163644046E-2,-1.081626024E-2,7.313088328E-2
1.870829096E1,-3.997668251E-2,-2.037948929E-3,4.539859295E-2
1.871828596E1,-3.053894639E-2,2.637105063E-3,2.673994191E-2
1.872827996E1,-2.653754689E-2,1.683441550E-2,1.330109779E-2
1.873827496E1,-2.694209106E-2,3.544351459E-2,4.253223073E-3
1.874826896E1,-3.108437173E-2,4.851084575E-2,2.906995360E-3
1.875826396E1,-3.334273025E-2,5.812332779E-2,2.447279636E-3
1.876825896E1,-3.515341505E-2,6.380038708E-2,2.363123698E-3
1.877825296E1,-2.457773685E-2,5.804656073E-2,-4.325085320E-3
1.878824796E1,-1.190668344E-2,4.885333031E-2,-1.508425642E-2
1.879824196E1,2.935371595E-3,4.253344610E-2,-1.731129363E-2
1.880823696E1,9.291005321E-3,3.406832367E-2,-1.767960936E-2
1.881823196E1,7.739203051E-3,4.187858850E-2,-1.205278188E-2
1.882822596E1,1.908211736E-3,3.567767888E-2,-5.660355091E-4
1.883822096E1,2.637100406E-3,2.466396987E-2,8.095207624E-3
1.884821496E1,8.927297313E-4,9.932694025E-3,1.647111587E-2
1.885820996E1,6.912547164E-3,-7.453137077E-4,2.205959707E-2
1.886820496E1,1.117253955E-2,-1.575808600E-2,2.527296543E-2
1.887819896E1,1.352063660E-2,-2.371964231E-2,3.594343364E-2
1.888819396E1,1.526420843E-2,-3.633183986E-2,4.754842445E-2
1.889818796E1,1.766133681E-2,-5.094766244E-2,5.410373211E-2
1.890818296E1,1.911808550E-2,-6.576576084E-2,5.050873011E-2
1.891817796E1,2.500474453E-2,-7.918629050E-2,4.217394441E-2
1.892817196E1,2.459754609E-2,-8.952281624E-2,3.284569085E-2
1.893816696E1,2.341349237E-2,-9.504947811E-2,3.180839121E-2
1.894816096E1,1.805867441E-2,-9.349019825E-2,3.022114746E-2
1.895815596E1,9.205788374E-3,-8.808385581E-2,3.021220118E-2
1.896815096E1,5.428893492E-3,-8.177296072E-2,2.751361951E-2
1.897814496E1,-5.523000145E-4,-7.698167115E-2,2.639056370E-2
1.898813996E1,-5.880486220E-3,-6.810135394E-2,2.408692986E-2
1.899813396E1,-1.431311946E-2,-5.937390774E-2,3.048411012E-2
1.900812896E1,-2.009777166E-2,-5.654456466E-2,3.714174777E-2
1.901812296E1,-1.855952293E-2,-4.846433550E-2,3.287067264E-2
1.902811796E1,-1.598717459E-2,-4.613486677E-2,3.250528872E-2
1.903811296E1,-9.546060115E-3,-4.485085979E-2,3.067503124E-2
1.904810696E1,-7.355609909E-3,-4.100232571E-2,2.800334617E-2
1.905810196E1,-3.347815946E-3,-3.720512241E-2,2.992689610E-2
1.906809596E1,-6.958796177E-3,-3.172566742E-2,2.185485512E-2
1.907809096E1,-2.694709401E-4,-2.276579663E-2,1.721781120E-2
1.908808596E1,5.377331981E-4,-1.942006685E-2,1.278604567E-2
1.909807996E1,2.642966108E-3,-1.003072504E-2,1.043812186E-2
1.910807496E1,6.820400711E-3,1.022991259E-3,5.617800169E-3
1.911806896E1,1.029344089E-2,4.905387759E-3,1.242779382E-2
1.912806396E1,1.552814990E-2,7.958435453E-3,1.226161234E-2
1.913805896E1,2.163902670E-2,4.830212332E-3,1.417562831E-2
1.914805296E1,2.619596012E-2,-1.705983886E-3,1.108582877E-2
1.915804796E1,3.348156437E-2,-1.047141477E-2,1.146972738E-2
1.916804196E1,3.428504243E-2,-1.953787915E-2,8.386584930E-3
1.917803696E1,2.922903933E-2,-2.336776815E-2,7.805000525E-3
1.918803196E1,2.773340791E-2,-2.201781049E-2,1.004045829E-2
1.919802596E1,2.906816639E-2,-1.883254200E-2,1.094758976E-2
1.920802096E1,2.125258744E-2,-1.049232110E-2,7.259111851E-3
1.921801496E1,1.961980760E-2,-6.802710705E-3,5.372207612E-3
1.922800996E1,2.217590995E-2,-8.296744898E-3,2.336470410E-3
1.923800496E1,2.179241180E-2,-4.677308723E-3,3.331748070E-3
1.924799896E1,1.930874772E-2,-5.842708051E-3,1.868341118E-3
1.925799396E1,2.011489309E-2,-1.417104434E-2,6.114615127E-3
1.926798796E1,1.468550693E-2,-2.038126811E-2,8.494948037E-3
1.927798333E1,1.481867023E-2,-1.943225041E-2,9.769162163E-3
1.928797833E1,1.187880710E-2,-2.583688684E-2,1.651308499E-2
1.929797233E1,1.827545650E-2,-2.962063625E-2,2.008353174E-2
1.930796733E1,1.611749828E-2,-3.167313710E-2,1.418489590E-2
1.931796133E1,1.518937573E-2,-3.008293174E-2,1.184496656E-2
1.932795633E1,1.680751145E-2,-2.797450684E-2,5.388664547E-3
1.933795133E1,1.333315577E-2,-2.380845696E-2,4.260229412E-3
1.934794533E1,1.486553811E-2,-1.802673563E-2,6.577712484E-4
1.935794033E1,1.155069936E-2,-1.631012931E-2,8.567636833E-4
1.936793433E1,1.282635331E-2,-7.765908726E-3,-1.584290061E-3
1.937792933E1,1.674227417E-2,-9.987847880E-3,-1.126122195E-3
1.938792333E1,2.069919743E-2,-1.233888604E-2,-6.930925883E-4
1.939791833E1,2.230853960E-2,-1.286902465E-2,-4.524980206E-3
1.940791333E1,2.458128147E-2,-1.269618608E-2,-3.379820380E-3
1.941790733E1,2.444013581E-2,-1.432014816E-2,-2.356660552E-3
1.942790233E1,2.545533143E-2,-1.373318583E-2,-2.922049724E-3
1.943789633E1,1.707808115E-2,-6.718155928E-3,-2.213865519E-4
1.944789133E1,1.088889502E-2,-4.397210665E-3,9.249879047E-3
1.945788633E1,6.007864606E-3,-4.826510791E-3,1.572220773E-2
1.946788033E1,5.349797662E-3,-5.534645170E-3,1.918778010E-2
1.947787533E1,3.691707738E-3,-1.166617591E-2,2.677097358E-2
1.948786933E1,-2.398408949E-3,-1.393758599E-2,2.780534513E-2
1.949786433E1,-1.534473849E-3,-2.016685158E-2,2.774318308E-2
1.950785933E1,1.952492457E-4,-2.144809812E-2,2.657485753E-2
1.951785333E1,1.516193151E-3,-2.128017694E-2,2.304397896E-2
1.952784833E1,-1.874543610E-3,-2.094914578E-2,2.606080659E-2
1.953784233E1,3.093222040E-5,-2.003555745E-2,2.757140994E-2
1.954783733E1,1.710587880E-3,-2.136367559E-2,2.570879459E-2
1.955783233E1,9.555464610E-3,-2.154230699E-2,1.570937037E-2
1.956782633E1,1.457951777E-2,-1.879099384E-2,1.073698327E-2
1.957782133E1,1.726610400E-2,-1.591235213E-2,2.951953793E-3
1.958781533E1,2.306007780E-2,-6.180895492E-3,-5.508110393E-3
1.959781033E1,2.630061470E-2,-2.535794396E-3,-1.058358885E-2
1.960780533E1,2.504493296E-2,-8.675903082E-4,-1.838132367E-2
1.961779933E1,2.277166024E-2,4.583401605E-3,-1.951852255E-2
1.962779433E1,2.038040943E-2,4.115217365E-3,-2.144398727E-2
1.963778833E1,2.173516527E-2,3.005414270E-3,-2.111924440E-2
1.964778333E1,2.536398917E-2,9.457906708E-5,-2.049073949E-2
1.965777733E1,2.912383713E-2,-4.762328696E-3,-2.538208291E-2
1.966777233E1,2.893688343E-2,-5.750627723E-3,-2.223529294E-2
1.967776733E1,2.445423044E-2,-7.975598797E-3,-1.665215380E-2
1.968776133E1,1.993990690E-2,-5.610179156E-3,-1.044991799E-2
1.969775633E1,2.092101611E-2,-2.145140199E-3,-6.202442572E-3
1.970775033E1,1.722774282E-2,-2.039945452E-3,-1.171998214E-3
1.971774533E1,1.642962545E-2,1.329192892E-3,-5.633417983E-3
1.972774033E1,1.808850840E-2,2.659708261E-3,-3.692506347E-3
1.973773433E1,1.400693320E-2,2.492087893E-3,-4.226462916E-4
1.974772933E1,1.052644849E-2,-1.409975579E-3,7.020062767E-4
1.975772333E1,2.592625562E-3,-2.507464029E-3,8.759107441E-4
1.976771833E1,1.374761923E-3,-7.814079523E-3,4.033887293E-3
1.977771333E1,8.343905210E-4,-9.850164875E-3,6.820654031E-3
1.978770733E1,-1.726238756E-3,-1.081582718E-2,5.569500849E-3
1.979770233E1,-3.892431268E-3,-1.659168862E-2,1.162855513E-2
1.980769633E1,-3.896958428E-3,-2.372043952E-2,1.347705536E-2
1.981769133E1,-8.580662310E-3,-2.109835669E-2,1.303049736E-2
1.982768633E1,-7.988109253E-3,-2.170103043E-2,1.896215603E-2
1.983768033E1,-6.352118682E-3,-2.463982254E-2,1.647268236E-2
1.984767533E1,-1.867355430E-3,-2.033828571E-2,1.906766742E-2
1.985766933E1,3.474410390E-3,-1.934286393E-2,8.849704638E-3
1.986766433E1,7.361293770E-3,-1.664321870E-2,3.249609144E-3
1.987765933E1,3.853111761E-3,-1.355475001E-2,2.197660506E-3
1.988765333E1,4.102383740E-3,-9.967472404E-3,4.864816088E-3
1.989764833E1,2.490585903E-4,-1.384656411E-2,2.292646095E-4
1.990764233E1,3.113554791E-3,-1.613475196E-2,1.001048833E-3
1.991763733E1,8.866515011E-3,-1.738563925E-2,-1.187537331E-3
1.992763233E1,1.142980717E-2,-1.783891022E-2,-7.559149992E-3
1.993762633E1,1.585570164E-2,-1.218988560E-2,-1.136134099E-2
1.994762133E1,1.779634692E-2,-9.381048381E-3,-1.623599231E-2
1.995761533E1,1.341224648E-2,-2.993824426E-3,-2.096888050E-2
1.996761033E1,1.321224310E-2,-1.501122722E-3,-1.967511512E-2
1.997760533E1,1.018608827E-2,-1.604852732E-3,-1.509809680E-2
1.998759933E1,1.054082066E-2,-7.086703554E-3,-7.466277573E-3
1.999759433E1,9.905927815E-3,-1.929799654E-2,-5.301209632E-3
2.000758833E1,1.194963790E-2,-2.979404852E-2,-3.284397069E-3
2.001758333E1,1.208733954E-2,-4.170782492E-2,-4.267695360E-3
2.002757733E1,1.277177222E-2,-4.628206789E-2,1.281178556E-4
2.003757233E1,1.033494994E-2,-4.682072997E-2,3.099179594E-3
2.004756733E1,1.238292083E-2,-4.536131769E-2,5.791369360E-3
2.005756133E1,1.290331315E-2,-4.270938039E-2,1.510678325E-3
2.006755633E1,1.508870255E-2,-4.035088420E-2,-5.388902500E-4
2.007755033E1,1.356137544E-2,-3.958266228E-2,-5.955332890E-4
2.008754533E1,1.417177171E-2,-3.608380258E-2,3.015446942E-3
2.009754033E1,1.448977273E-2,-3.331071511E-2,8.152946830E-4
2.010753433E1,1.345939562E-2,-3.211442009E-2,-3.558148630E-3
2.011752933E1,1.546049397E-2,-3.130645305E-2,-7.369370665E-3
2.012752333E1,2.096658014E-2,-3.055704013E-2,-1.094652899E-2
2.013751833E1,2.108801901E-2,-2.672102302E-2,-1.516018249E-2
2.014751333E1,2.108589001E-2,-2.144956216E-2,-2.161035873E-2
2.015750733E1,2.665055171E-2,-1.583858207E-2,-2.500404790E-2
2.016750233E1,2.473786846E-2,-7.200353779E-3,-3.352057189E-2
2.017749633E1,2.821864188E-2,-1.175510231E-3,-3.882892430E-2
2.018749133E1,3.203921020E-2,5.940455943E-3,-4.219036549E-2
2.019748633E1,3.508133069E-2,9.526130743E-3,-4.746746644E-2
2.020748033E1,3.691384941E-2,1.541651040E-2,-5.278526992E-2
2.021747533E1,4.071446136E-2,2.131125890E-2,-5.609214306E-2
2.022746933E1,4.608499259E-2,2.871564589E-2,-6.018382683E-2
2.023746433E1,4.521760717E-2,3.950231522E-2,-6.804472953E-2
2.024745933E1,4.866639897E-2,4.253006354E-2,-7.759536058E-2
2.025745333E1,5.168933049E-2,5.051051453E-2,-8.356150240E-2
2.026744833E1,5.082167313E-2,5.633671209E-2,-9.132967889E-2
2.027744233E1,5.154180527E-2,5.858798698E-2,-9.339472651E-2
2.028743687E1,4.607939720E-2,6.147352234E-2,-9.163038433E-2
2.029743087E1,5.350800976E-2,6.199153885E-2,-9.194283932E-2
2.030742588E1,5.572642386E-2,6.239234284E-2,-9.030552953E-2
2.031742088E1,6.503122300E-2,5.807169154E-2,-1.016768515E-1
2.032741488E1,6.886910647E-2,5.329238251E-2,-1.104828566E-1
2.033740987E1,7.474698126E-2,5.375294760E-2,-1.246146932E-1
2.034740387E1,7.083426416E-2,5.553779751E-2,-1.316819191E-1
2.035739887E1,5.868865922E-2,5.994969234E-2,-1.290438771E-1
2.036739387E1,4.659204930E-2,6.230019405E-2,-1.287368089E-1
2.037738787E1,3.877141327E-2,6.083422899E-2,-1.241424009E-1
2.038738288E1,4.298746213E-2,3.887566924E-2,-1.307055056E-1
2.039737688E1,5.550911278E-2,1.464120112E-2,-1.439973563E-1
2.040737188E1,7.437574863E-2,-1.816122048E-2,-1.596279889E-1
2.041736687E1,8.937626332E-2,-5.242092535E-2,-1.806939095E-1
2.042736087E1,1.029629111E-1,-8.154366165E-2,-1.983482689E-1
2.043735587E1,1.168795079E-1,-1.048430875E-1,-2.178168595E-1
2.044734987E1,1.252689958E-1,-1.131883711E-1,-2.372587323E-1
2.045734487E1,1.326638162E-1,-1.063998714E-1,-2.588484883E-1
2.046733988E1,1.489868611E-1,-8.594812453E-2,-2.889874876E-1
2.047733388E1,1.670303047E-1,-5.266956612E-2,-3.144161403E-1
2.048732888E1,1.866367608E-1,-8.806239814E-3,-3.401814401E-1
2.049732288E1,2.120465189E-1,3.224848583E-2,-3.622978628E-1
2.050731788E1,2.370173931E-1,6.742538512E-2,-3.908501267E-1
2.051731287E1,2.680461109E-1,9.538221359E-2,-4.208610952E-1
2.052730687E1,2.977664471E-1,1.081233099E-1,-4.544986784E-1
2.053730187E1,3.213815391E-1,1.084105298E-1,-4.937676489E-1
2.054729587E1,3.460072577E-1,9.966044873E-2,-5.300487280E-1
2.055729088E1,3.755267859E-1,1.008232236E-1,-5.710192919E-1
2.056728488E1,4.073273242E-1,1.123272851E-1,-6.177593470E-1
2.057727988E1,4.371978641E-1,1.363093257E-1,-6.768592596E-1
2.058727488E1,4.638321400E-1,1.685402393E-1,-7.379966974E-1
2.059726888E1,4.940419495E-1,2.171712667E-1,-8.014175296E-1
2.060726387E1,5.225527287E-1,2.874353230E-1,-8.576996922E-1
2.061725787E1,5.502573252E-1,3.584024608E-1,-9.147773981E-1
2.062725287E1,5.791033506E-1,4.208447933E-1,-9.714984894E-1
2.063724787E1,6.139052510E-1,4.610692561E-1,-1.035031080E0
2.064724187E1,6.408811808E-1,4.800160527E-1,-1.099427938E0
2.065723688E1,6.691448689E-1,4.798463583E-1,-1.163631797E0
2.066723088E1,7.074408531E-1,4.810982943E-1,-1.233885407E0
2.067722588E1,7.533994913E-1,4.744320214E-1,-1.312173605E0
2.068722087E1,8.141089082E-1,4.730879068E-1,-1.404699802E0
2.069721487E1,8.731551766E-1,4.806818366E-1,-1.506087303E0
2.070720987E1,9.258972406E-1,5.029935241E-1,-1.610708833E0
2.071720387E1,9.846249819E-1,5.354746580E-1,-1.716630340E0
2.072719887E1,1.030238032E0,5.573070049E-1,-1.815402150E0
2.073719388E1,1.057205677E0,5.760176778E-1,-1.897439122E0
2.074718788E1,1.054879427E0,6.014335752E-1,-1.946872473E0
2.075718288E1,1.053578258E0,6.258682609E-1,-1.975094199E0
2.076717688E1,1.038452029E0,6.472864747E-1,-1.990822077E0
2.077717187E1,1.029656887E0,6.937981248E-1,-2.001646280E0
2.078716687E1,1.038294673E0,7.623785138E-1,-2.020863771E0
2.079716087E1,1.080097437E0,8.318209052E-1,-2.055163622E0
2.080715587E1,1.116592407E0,8.838753104E-1,-2.101948977E0
2.081714987E1,1.155588508E0,9.383186102E-1,-2.152947664E0
2.082714488E1,1.181238770E0,9.853305817E-1,-2.202421665E0
2.083713988E1,1.181437373E0,1.002220869E0,-2.236839771E0
2.084713388E1,1.164330840E0,9.868394732E-1,-2.242380381E0
2.085712887E1,1.139076829E0,9.458358288E-1,-2.219097376E0
2.086712287E1,1.111370444E0,9.051136971E-1,-2.177910089E0
2.087711787E1,1.113161922E0,8.719846606E-1,-2.147184610E0
2.088711187E1,1.140747786E0,8.274752498E-1,-2.150706768E0
2.089710687E1,1.179113746E0,7.800951600E-1,-2.194319963E0
2.090710188E1,1.215464115E0,7.633457184E-1,-2.262087345E0
2.091709588E1,1.239781141E0,7.775881886E-1,-2.339196920E0
2.092709088E1,1.253993034E0,8.181419969E-1,-2.408576250E0
2.093708488E1,1.254618645E0,8.760022521E-1,-2.464464664E0
2.094707988E1,1.239473581E0,9.389934540E-1,-2.494981766E0
2.095707487E1,1.210437655E0,1.003815532E0,-2.500267029E0
2.096706887E1,1.171037793E0,1.051539898E0,-2.479595900E0
2.097706387E1,1.143612742E0,1.069559813E0,-2.442900419E0
2.098705787E1,1.154341578E0,1.017347455E0,-2.415443897E0
2.099705288E1,1.205998182E0,8.695136905E-1,-2.411980152E0
2.100704788E1,1.274591565E0,6.456928253E-1,-2.433800697E0
2.101704188E1,1.352758765E0,3.765540719E-1,-2.459068775E0
2.102703688E1,1.434491515E0,8.950632066E-2,-2.480552673E0
2.103703088E1,1.505722523E0,-1.954027414E-1,-2.507062674E0
2.104702587E1,1.532103539E0,-4.157705307E-1,-2.536917210E0
2.105702087E1,1.496020675E0,-5.426599979E-1,-2.561638117E0
2.106701487E1,1.408191204E0,-5.248812437E-1,-2.558399916E0
2.107700987E1,1.322374225E0,-3.824654818E-1,-2.505105019E0
2.108700387E1,1.247470260E0,-1.913176179E-1,-2.433002234E0
2.109699888E1,1.202784538E0,-1.667830907E-2,-2.364496469E0
2.110699388E1,1.189336300E0,1.090580523E-1,-2.314537287E0
2.111698788E1,1.189083576E0,1.637884676E-1,-2.295415163E0
2.112698287E1,1.186985016E0,1.772283763E-1,-2.296821833E0
2.113697687E1,1.163163066E0,1.722898483E-1,-2.308109283E0
2.114697187E1,1.113743544E0,1.794193983E-1,-2.327165604E0
2.115696587E1,1.031320572E0,2.079907507E-1,-2.334432602E0
2.116696087E1,9.439728856E-1,2.829350233E-1,-2.306183815E0
2.117695588E1,8.888987303E-1,3.601917028E-1,-2.243870497E0
2.118694988E1,8.716648817E-1,3.989257812E-1,-2.164986372E0
2.119694488E1,8.864672780E-1,3.782627285E-1,-2.096759319E0
2.120693888E1,9.117683768E-1,2.998501956E-1,-2.048652172E0
2.121693387E1,9.339485765E-1,1.947630048E-1,-2.023342609E0
2.122692887E1,9.358042479E-1,7.767499238E-2,-2.023508787E0
2.123692287E1,9.160427451E-1,-3.329050541E-2,-2.041418791E0
2.124691787E1,8.568001986E-1,-1.101935431E-1,-2.064247608E0
2.125691187E1,7.945764661E-1,-1.266221553E-1,-2.072498083E0
2.126690688E1,7.393236160E-1,-8.192845434E-2,-2.050483704E0
2.127690188E1,7.089425921E-1,1.338943839E-3,-2.014997959E0
2.128689675E1,6.966593266E-1,9.596344829E-2,-1.975394607E0
2.129689175E1,6.883640885E-1,1.827532351E-1,-1.944089651E0
2.130688575E1,6.942150593E-1,2.543944120E-1,-1.917036772E0
2.131688075E1,7.018513680E-1,2.985091507E-1,-1.900468826E0
2.132687575E1,7.022239566E-1,3.137972951E-1,-1.895562768E0
2.133686975E1,7.031960487E-1,3.080859184E-1,-1.900011539E0
2.134686475E1,7.075127363E-1,2.967520356E-1,-1.909687877E0
2.135685875E1,6.983239651E-1,2.994955182E-1,-1.909311533E0
2.136685375E1,6.801084876E-1,3.478387892E-1,-1.896589875E0
2.137684875E1,6.690077186E-1,4.175216854E-1,-1.871029139E0
2.138684275E1,6.774941683E-1,4.919192195E-1,-1.840225458E0
2.139683775E1,6.939321756E-1,5.649322271E-1,-1.810309768E0
2.140683175E1,7.198364735E-1,6.267561316E-1,-1.780352116E0
2.141682675E1,7.434736490E-1,6.726186872E-1,-1.758537292E0
2.142682175E1,7.740229964E-1,6.875187755E-1,-1.738537431E0
2.143681575E1,8.022986650E-1,6.764680147E-1,-1.725932717E0
2.144681075E1,8.320664167E-1,6.338925958E-1,-1.703041196E0
2.145680475E1,8.588635921E-1,5.624745488E-1,-1.678003788E0
2.146679975E1,8.761392832E-1,4.730682075E-1,-1.651897907E0
2.147679375E1,8.950943351E-1,3.761106730E-1,-1.630213261E0
2.148678875E1,9.189476967E-1,2.792933285E-1,-1.601033568E0
2.149678375E1,9.265127182E-1,1.906211078E-1,-1.569711685E0
2.150677775E1,9.226273894E-1,1.192071214E-1,-1.532413363E0
2.151677275E1,9.109121561E-1,6.626438349E-2,-1.486913085E0
2.152676675E1,8.906068802E-1,2.818756737E-2,-1.436644077E0
2.153676175E1,8.633348346E-1,1.622974314E-2,-1.376304030E0
2.154675675E1,8.299987316E-1,7.075658999E-3,-1.310662150E0
2.155675075E1,7.929559350E-1,1.209674589E-2,-1.240158200E0
2.156674575E1,7.594786882E-1,2.477126196E-2,-1.164737463E0
2.157673975E1,7.168289423E-1,4.878918082E-2,-1.088390470E0
2.158673475E1,6.779246926E-1,8.135617524E-2,-1.011283994E0
2.159672975E1,6.435819268E-1,1.136547923E-1,-9.411336780E-1
2.160672375E1,6.061823368E-1,1.441913992E-1,-8.777675033E-1
2.161671875E1,5.731950998E-1,1.774458587E-1,-8.135677576E-1
2.162671275E1,5.374847651E-1,2.131149024E-1,-7.489448190E-1
2.163670775E1,5.055505633E-1,2.502538562E-1,-6.776140332E-1
2.164670275E1,4.685805738E-1,2.851010561E-1,-6.029030681E-1
2.165669675E1,4.314374626E-1,3.175833225E-1,-5.300202966E-1
2.166669175E1,3.937771618E-1,3.561970592E-1,-4.581602216E-1
2.167668575E1,3.586758971E-1,3.868415058E-1,-3.906579614E-1
2.168668075E1,3.283568621E-1,4.106168747E-1,-3.292984664E-1
2.169667575E1,2.959778905E-1,4.224660993E-1,-2.735126913E-1
2.170666975E1,2.717846632E-1,4.196205139E-1,-2.241166532E-1
2.171666475E1,2.518056631E-1,4.069047570E-1,-1.732225865E-1
2.172665875E1,2.347893715E-1,3.765535057E-1,-1.199343428E-1
2.173665375E1,2.175720483E-1,3.420497477E-1,-7.508923858E-2
2.174664775E1,2.031776607E-1,2.948558629E-1,-3.385552019E-2
2.175664275E1,1.913606822E-1,2.486140579E-1,-2.108697314E-3
2.176663775E1,1.810784936E-1,1.993588954E-1,2.601534873E-2
2.177663175E1,1.755609363E-1,1.510167420E-1,4.912874475E-2
2.178662675E1,1.691650897E-1,1.055938676E-1,6.850643456E-2
2.179662075E1,1.669168472E-1,6.523985416E-2,8.306056261E-2
2.180661575E1,1.667884886E-1,3.221799433E-2,9.694148600E-2
2.181661075E1,1.702822894E-1,8.884508163E-3,1.130157337E-1
2.182660475E1,1.750807762E-1,-4.076031968E-3,1.328877062E-1
2.183659975E1,1.753929108E-1,-9.825628251E-3,1.489973068E-1
2.184659375E1,1.703265160E-1,4.589796998E-3,1.685829908E-1
2.185658875E1,1.708261073E-1,2.427481487E-2,1.837331355E-1
2.186658375E1,1.624808162E-1,4.806669801E-2,1.949090958E-1
2.187657775E1,1.597529650E-1,7.428765297E-2,2.039212734E-1
2.188657275E1,1.472590119E-1,9.916131198E-2,2.116447091E-1
2.189656675E1,1.383885294E-1,1.261838675E-1,2.229231447E-1
2.190656175E1,1.279382855E-1,1.524602026E-1,2.276281565E-1
2.191655575E1,1.148568541E-1,1.757408679E-1,2.328132391E-1
2.192655075E1,1.013988331E-1,1.934594065E-1,2.424192578E-1
2.193654575E1,8.613758534E-2,2.091200650E-1,2.498133183E-1
2.194653975E1,7.382951677E-2,2.209218740E-1,2.546810508E-1
2.195653475E1,6.075235456E-2,2.225120217E-1,2.597864568E-1
2.196652875E1,4.164337367E-2,2.203604430E-1,2.665388882E-1
2.197652375E1,2.857576869E-2,2.088578492E-1,2.736043632E-1
2.198651875E1,1.184845529E-2,1.931742281E-1,2.707675695E-1
2.199651275E1,-1.714638784E-4,1.787719131E-1,2.738556564E-1
2.200650775E1,-1.327554788E-2,1.558064073E-1,2.710377574E-1
2.201650175E1,-2.680707723E-2,1.351794899E-1,2.726672590E-1
2.202649675E1,-3.828290477E-2,1.140076295E-1,2.713980079E-1
2.203649175E1,-4.984235764E-2,8.981946856E-2,2.643353045E-1
2.204648575E1,-5.886461586E-2,6.931233406E-2,2.577413321E-1
2.205648075E1,-6.527058035E-2,4.773433506E-2,2.504090965E-1
2.206647475E1,-6.443381310E-2,2.993137017E-2,2.457086295E-1
2.207646975E1,-6.670735776E-2,1.899269968E-2,2.428260148E-1
2.208646475E1,-6.907091290E-2,1.536494214E-2,2.354940623E-1
2.209645875E1,-7.035855204E-2,1.169427391E-2,2.236930877E-1
2.210645375E1,-7.657170296E-2,1.077548414E-2,2.056751996E-1
2.211644775E1,-7.818795741E-2,1.074683387E-2,1.819235533E-1
2.212644275E1,-7.956933975E-2,1.206376776E-2,1.553798318E-1
2.213643675E1,-7.507713884E-2,1.237630937E-2,1.316497177E-1
2.214643175E1,-7.260865718E-2,1.555905398E-2,1.045730934E-1
2.215642675E1,-6.527774036E-2,1.824140921E-2,7.828784734E-2
2.216642075E1,-5.857136846E-2,2.492860705E-2,4.957257956E-2
2.217641575E1,-4.693949968E-2,2.822641656E-2,2.186917886E-2
2.218640975E1,-3.471079841E-2,3.812218830E-2,-4.140581936E-3
2.219640475E1,-2.224029414E-2,4.748842493E-2,-3.235354275E-2
2.220639975E1,-1.057511475E-2,5.553223565E-2,-5.912497640E-2
2.221639375E1,-4.340112675E-3,6.303379685E-2,-8.800900728E-2
2.222638875E1,1.365709933E-3,6.924162805E-2,-1.162712723E-1
2.223638275E1,8.462779224E-3,6.949307024E-2,-1.446882486E-1
2.224637775E1,1.492227707E-2,7.136500627E-2,-1.733968556E-1
2.225637275E1,2.163502388E-2,6.665689498E-2,-1.950695664E-1
2.226636675E1,2.696081251E-2,6.218198687E-2,-2.140965164E-1
2.227636175E1,3.532072529E-2,5.183713511E-2,-2.370870560E-1
2.228635471E1,4.378744587E-2,5.003444105E-2,-2.545001209E-1
2.229634971E1,5.417593569E-2,4.745663702E-2,-2.690601647E-1
2.230634471E1,6.292016059E-2,4.153110087E-2,-2.827743888E-1
2.231633871E1,7.359890640E-2,4.299807549E-2,-2.969576716E-1
2.232633371E1,8.379615098E-2,4.112747312E-2,-3.082992733E-1
2.233632771E1,9.037361294E-2,4.227681831E-2,-3.228769004E-1
2.234632271E1,1.018782035E-1,3.764238581E-2,-3.349535167E-1
2.235631771E1,1.079723164E-1,3.496041894E-2,-3.399260044E-1
2.236631171E1,1.159335673E-1,3.685419261E-2,-3.403664827E-1
2.237630671E1,1.180257499E-1,4.139268398E-2,-3.358915150E-1
2.238630071E1,1.215634942E-1,4.815045372E-2,-3.267480731E-1
2.239629571E1,1.173631474E-1,5.455791950E-2,-3.227750957E-1
2.240629071E1,1.174686104E-1,6.556183100E-2,-3.120990098E-1
2.241628471E1,1.132485718E-1,6.635269523E-2,-3.031677306E-1
2.242627971E1,1.082862988E-1,6.766510010E-2,-2.870028615E-1
2.243627371E1,1.020332053E-1,6.162514910E-2,-2.692063451E-1
2.244626871E1,9.556518495E-2,4.909524694E-2,-2.443508059E-1
2.245626271E1,8.994083852E-2,3.537010774E-2,-2.205055058E-1
2.246625771E1,7.932281494E-2,2.409268916E-2,-1.943008006E-1
2.247625271E1,7.194399834E-2,1.630473882E-2,-1.680935919E-1
2.248624671E1,6.150440872E-2,8.542423137E-3,-1.450340748E-1
2.249624171E1,4.948688298E-2,3.445932642E-3,-1.170272604E-1
2.250623571E1,4.114373028E-2,-3.851128742E-3,-9.583941102E-2
2.251623071E1,3.039789945E-2,-2.550404519E-3,-7.383204252E-2
2.252622571E1,2.333785966E-2,-1.080194488E-4,-4.550693184E-2
2.253621971E1,1.251850091E-2,9.168303572E-3,-2.018799260E-2
2.254621471E1,3.184654284E-3,2.476697043E-2,4.325074609E-3
2.255620871E1,-3.205337096E-3,3.839642927E-2,2.559766173E-2
2.256620371E1,-1.064993814E-2,5.029783025E-2,4.460437596E-2
2.257619871E1,-1.908764429E-2,6.387139112E-2,6.103472412E-2
2.258619271E1,-3.000287525E-2,6.815774739E-2,7.890613377E-2
2.259618771E1,-4.069679230E-2,6.643834710E-2,9.877315164E-2
2.260618171E1,-4.914913327E-2,5.484960228E-2,1.103557721E-1
2.261617671E1,-6.078713760E-2,3.860605136E-2,1.210083067E-1
2.262617171E1,-7.261130959E-2,1.695082523E-2,1.335198432E-1
2.263616571E1,-8.049479872E-2,-9.722698480E-3,1.404736936E-1
2.264616071E1,-8.696708083E-2,-2.968016081E-2,1.469385177E-1
2.265615471E1,-9.401568770E-2,-4.802461714E-2,1.613057554E-1
2.266614971E1,-1.032299548E-1,-6.135666743E-2,1.706438661E-1
2.267614371E1,-1.108670905E-1,-6.673678011E-2,1.825503707E-1
2.268613871E1,-1.165239066E-1,-6.712533534E-2,1.936690658E-1
2.269613371E1,-1.248481646E-1,-6.178120896E-2,2.041568309E-1
2.270612771E1,-1.337415278E-1,-6.136761978E-2,2.114182115E-1
2.271612271E1,-1.363982856E-1,-5.750150606E-2,2.165235430E-1
2.272611671E1,-1.464099139E-1,-5.849033967E-2,2.175371498E-1
2.273611171E1,-1.475856900E-1,-6.264826655E-2,2.191552222E-1
2.274610671E1,-1.514398158E-1,-7.189183682E-2,2.154755294E-1
2.275610071E1,-1.518395543E-1,-7.731716335E-2,2.159462720E-1
2.276609571E1,-1.593605876E-1,-8.585792035E-2,2.130668610E-1
2.277608971E1,-1.552904844E-1,-9.150189161E-2,2.149022520E-1
2.278608471E1,-1.587805599E-1,-9.873050451E-2,2.112659812E-1
2.279607971E1,-1.616410762E-1,-9.667820483E-2,2.084721774E-1
2.280607371E1,-1.596977711E-1,-9.041178226E-2,2.027562261E-1
2.281606871E1,-1.596777737E-1,-8.642410487E-2,1.969968230E-1
2.282606271E1,-1.611422449E-1,-7.684684545E-2,1.901058853E-1
2.283605771E1,-1.619867235E-1,-6.523378938E-2,1.853987575E-1
2.284605271E1,-1.604237109E-1,-5.839799345E-2,1.740923077E-1
2.285604671E1,-1.640166044E-1,-5.175720155E-2,1.627813280E-1
2.286604171E1,-1.651684195E-1,-4.909137636E-2,1.472247392E-1
2.287603571E1,-1.685053557E-1,-5.348799005E-2,1.371095181E-1
2.288603071E1,-1.661812216E-1,-6.190970540E-2,1.201156229E-1
2.289602471E1,-1.651508212E-1,-7.258095592E-2,1.042346805E-1
2.290601971E1,-1.659641564E-1,-8.894128352E-2,8.243111521E-2
2.291601471E1,-1.650962532E-1,-9.937598556E-2,6.243192777E-2
2.292600871E1,-1.590482146E-1,-1.068903580E-1,4.000278562E-2
2.293600371E1,-1.577842534E-1,-1.189736873E-1,1.969790459E-2
2.294599771E1,-1.513985246E-1,-1.261266619E-1,1.023287419E-3
2.295599271E1,-1.502160877E-1,-1.293865442E-1,-1.356745325E-2
2.296598771E1,-1.467033774E-1,-1.296059936E-1,-2.433594503E-2
2.297598171E1,-1.422811896E-1,-1.280721724E-1,-3.335034475E-2
2.298597671E1,-1.365316957E-1,-1.193380728E-1,-4.342108592E-2
2.299597071E1,-1.298801899E-1,-1.105136201E-1,-5.049955845E-2
2.300596571E1,-1.242641136E-1,-1.014761850E-1,-5.594465882E-2
2.301596071E1,-1.182397902E-1,-8.785355836E-2,-7.135964185E-2
2.302595471E1,-1.119193062E-1,-8.113680035E-2,-7.933980227E-2
2.303594971E1,-1.038635001E-1,-7.761226594E-2,-9.098796546E-2
2.304594371E1,-9.764634818E-2,-7.845275849E-2,-1.050649062E-1
2.305593871E1,-9.131763130E-2,-8.815669268E-2,-1.206190065E-1
2.306593371E1,-8.310017735E-2,-1.030312479E-1,-1.355500370E-1
2.307592771E1,-7.980982214E-2,-1.162517294E-1,-1.533957422E-1
2.308592271E1,-7.351810485E-2,-1.339303255E-1,-1.705603451E-1
2.309591671E1,-7.150610536E-2,-1.526022553E-1,-1.844957322E-1
2.310591171E1,-7.073538750E-2,-1.666262001E-1,-2.004262358E-1
2.311590571E1,-6.950153410E-2,-1.761061251E-1,-2.117162198E-1
2.312590071E1,-6.697365642E-2,-1.867678165E-1,-2.189949006E-1
2.313589571E1,-7.032632083E-2,-1.933086812E-1,-2.242915630E-1
2.314588971E1,-7.685852051E-2,-1.957729012E-1,-2.269123793E-1
2.315588471E1,-7.779674232E-2,-1.994916350E-1,-2.292730957E-1
2.316587871E1,-8.293557912E-2,-2.016772926E-1,-2.313868403E-1
2.317587371E1,-8.145672083E-2,-2.053986490E-1,-2.319201082E-1
2.318586871E1,-8.470364660E-2,-2.080889791E-1,-2.264380008E-1
2.319586271E1,-8.750716597E-2,-2.139030546E-1,-2.215664387E-1
2.320585771E1,-8.794978261E-2,-2.207319438E-1,-2.153769881E-1
2.321585171E1,-8.587624878E-2,-2.268421650E-1,-2.117078304E-1
2.322584671E1,-8.979056776E-2,-2.331951410E-1,-2.044547051E-1
2.323584171E1,-9.542741627E-2,-2.402570397E-1,-1.989468187E-1
2.324583571E1,-9.518267214E-2,-2.400708795E-1,-1.915192604E-1
2.325583071E1,-1.053927019E-1,-2.407845110E-1,-1.805811971E-1
2.326582471E1,-1.053226590E-1,-2.429312766E-1,-1.692659557E-1
2.327581971E1,-1.133230627E-1,-2.458510399E-1,-1.548581570E-1
2.328581483E1,-1.184171587E-1,-2.461573035E-1,-1.479374021E-1
2.329580883E1,-1.273464710E-1,-2.465080470E-1,-1.372362822E-1
2.330580383E1,-1.385325491E-1,-2.505725622E-1,-1.319493800E-1
2.331579783E1,-1.424410045E-1,-2.551850677E-1,-1.225764379E-1
2.332579283E1,-1.516680568E-1,-2.641628683E-1,-1.137746871E-1
2.333578783E1,-1.611680835E-1,-2.782392502E-1,-1.045580506E-1
2.334578183E1,-1.684345156E-1,-2.929334939E-1,-9.321165085E-2
2.335577683E1,-1.772583574E-1,-3.092851043E-1,-8.307182789E-2
2.336577083E1,-1.853684783E-1,-3.303355575E-1,-6.954270601E-2
2.337576583E1,-1.938352138E-1,-3.509298563E-1,-6.025164947E-2
2.338575983E1,-1.945028752E-1,-3.681911528E-1,-4.746608064E-2
2.339575483E1,-1.944333613E-1,-3.767223060E-1,-2.661326155E-2
2.340574983E1,-1.978147775E-1,-3.647348881E-1,-7.306678221E-3
2.341574383E1,-1.966238320E-1,-3.330205083E-1,1.471721940E-2
2.342573883E1,-1.946102083E-1,-2.865155935E-1,3.620999306E-2
2.343573283E1,-1.907411367E-1,-2.318696827E-1,5.728022382E-2
2.344572783E1,-1.937955171E-1,-1.702523828E-1,7.548079640E-2
2.345572283E1,-1.896029264E-1,-1.140834615E-1,9.439861774E-2
2.346571683E1,-1.859916747E-1,-6.283305585E-2,1.133326292E-1
2.347571183E1,-1.803433746E-1,-1.777619869E-2,1.345767528E-1
2.348570583E1,-1.739736199E-1,1.765023544E-2,1.512433439E-1
2.349570083E1,-1.708848923E-1,3.990740329E-2,1.645406634E-1
2.350569583E1,-1.708907485E-1,5.985714123E-2,1.740508229E-1
2.351568983E1,-1.693794131E-1,6.794855744E-2,1.776579022E-1
2.352568483E1,-1.728223413E-1,6.742072105E-2,1.797375679E-1
2.353567883E1,-1.714449376E-1,5.672163889E-2,1.794724464E-1
2.354567383E1,-1.723546684E-1,4.112457111E-2,1.812109649E-1
2.355566883E1,-1.765755415E-1,1.835074648E-2,1.802018881E-1
2.356566283E1,-1.777957976E-1,-1.563307596E-3,1.732752770E-1
2.357565783E1,-1.821740270E-1,-1.846289635E-2,1.662141383E-1
2.358565183E1,-1.843229383E-1,-3.903368488E-2,1.591048241E-1
2.359564683E1,-1.819109172E-1,-5.604122952E-2,1.517899930E-1
2.360564083E1,-1.826922894E-1,-7.022975385E-2,1.418377459E-1
2.361563583E1,-1.855572909E-1,-8.438564837E-2,1.390475035E-1
2.362563083E1,-1.866457313E-1,-9.172931314E-2,1.298417449E-1
2.363562483E1,-1.841181368E-1,-1.012557149E-1,1.248663813E-1
2.364561983E1,-1.885062307E-1,-1.048030481E-1,1.152414531E-1
2.365561383E1,-1.887520254E-1,-1.032674611E-1,1.061569229E-1
2.366560883E1,-1.831796318E-1,-9.288219362E-2,9.472078085E-2
2.367560383E1,-1.791364402E-1,-8.606314659E-2,8.912242949E-2
2.368559783E1,-1.745491475E-1,-7.389249653E-2,7.806338370E-2
2.369559283E1,-1.720079482E-1,-5.872323364E-2,6.727877259E-2
2.370558683E1,-1.695778072E-1,-4.386838526E-2,5.502849817E-2
2.371558183E1,-1.642831713E-1,-2.900111862E-2,3.735913709E-2
2.372557683E1,-1.569389701E-1,-1.602433249E-2,2.311948128E-2
2.373557083E1,-1.512688249E-1,-7.502320223E-3,4.659861326E-3
2.374556583E1,-1.430596411E-1,1.118161902E-2,-1.496230997E-2
2.375555983E1,-1.366358399E-1,2.212554403E-2,-3.687772155E-2
2.376555483E1,-1.290452927E-1,3.035977110E-2,-5.608896911E-2
2.377554883E1,-1.202757582E-1,3.583480045E-2,-7.882760465E-2
2.378554383E1,-1.126631126E-1,4.216300324E-2,-1.026895270E-1
2.379553883E1,-1.071748808E-1,4.498668760E-2,-1.300044507E-1
2.380553283E1,-9.653395414E-2,4.209369421E-2,-1.567899883E-1
2.381552783E1,-8.325196803E-2,3.852922097E-2,-1.834292412E-1
2.382552183E1,-7.208267599E-2,3.260928020E-2,-2.136952728E-1
2.383551683E1,-6.096131727E-2,2.348262630E-2,-2.353931069E-1
2.384551183E1,-4.976725206E-2,1.740076393E-2,-2.625829279E-1
2.385550583E1,-3.640430793E-2,1.316710282E-2,-2.850535810E-1
2.386550083E1,-2.568109147E-2,9.783023968E-3,-3.050672412E-1
2.387549483E1,-1.951640658E-2,8.939534426E-3,-3.240121007E-1
2.388548983E1,-1.144143753E-2,1.235557068E-2,-3.401849568E-1
2.389548483E1,-7.578787394E-3,2.086653560E-2,-3.520027399E-1
2.390547883E1,-6.521068281E-5,3.572670743E-2,-3.642010987E-1
2.391547383E1,-2.476445399E-3,5.277686194E-2,-3.673056662E-1
2.392546783E1,-3.654628061E-3,6.971110404E-2,-3.688766658E-1
2.393546283E1,-1.403711271E-3,9.371341020E-2,-3.622472286E-1
2.394545783E1,-3.106269985E-3,1.131931022E-1,-3.567653894E-1
2.395545183E1,-5.907646380E-3,1.369091570E-1,-3.449633718E-1
2.396544683E1,-1.046591345E-2,1.617812067E-1,-3.320331872E-1
2.397544083E1,-2.337691933E-2,1.895512491E-1,-3.131779432E-1
2.398543583E1,-3.254272044E-2,2.183168530E-1,-2.909269631E-1
2.399542983E1,-4.527956620E-2,2.445218712E-1,-2.681684494E-1
2.400542483E1,-6.334804744E-2,2.604014874E-1,-2.452607602E-1
2.401541983E1,-8.414760977E-2,2.689395249E-1,-2.253572941E-1
2.402541383E1,-1.012411043E-1,2.700164914E-1,-1.999861598E-1
2.403540883E1,-1.198001280E-1,2.595871687E-1,-1.753551811E-1
2.404540283E1,-1.378483623E-1,2.378634959E-1,-1.531438828E-1
2.405539783E1,-1.544734091E-1,2.078755051E-1,-1.275796592E-1
2.406539283E1,-1.740439236E-1,1.680889428E-1,-1.039614230E-1
2.407538683E1,-1.901536584E-1,1.238682121E-1,-8.110622317E-2
2.408538183E1,-2.071968317E-1,7.432170212E-2,-5.946271122E-2
2.409537583E1,-2.201640308E-1,1.963958144E-2,-3.930474073E-2
2.410537083E1,-2.263590693E-1,-3.361644968E-2,-2.103066444E-2
2.411536583E1,-2.370106429E-1,-8.357991278E-2,-7.755953819E-3
2.412535983E1,-2.411635816E-1,-1.297966838E-1,8.252840489E-3
2.413535483E1,-2.445932031E-1,-1.692501158E-1,1.825219020E-2
2.414534883E1,-2.437561750E-1,-2.020698488E-1,3.362262622E-2
2.415534383E1,-2.409875542E-1,-2.261702269E-1,4.469271749E-2
2.416533883E1,-2.397534400E-1,-2.411345243E-1,5.505374447E-2
2.417533283E1,-2.346148491E-1,-2.483710498E-1,6.114864722E-2
2.418532783E1,-2.263619900E-1,-2.588806748E-1,6.593142450E-2
2.419532183E1,-2.181307077E-1,-2.601577640E-1,7.166657597E-2
2.420531683E1,-2.053318173E-1,-2.545712590E-1,7.612443715E-2
2.421531083E1,-1.946821064E-1,-2.469606251E-1,8.300136030E-2
2.422530583E1,-1.831455529E-1,-2.322655618E-1,9.223560244E-2
2.423530083E1,-1.753579229E-1,-2.189306319E-1,9.984067827E-2
2.424529483E1,-1.689487547E-1,-1.981326789E-1,1.093923673E-1
2.425528983E1,-1.685136110E-1,-1.753493547E-1,1.173639596E-1
2.426528383E1,-1.655846685E-1,-1.467691064E-1,1.263649166E-1
2.427527883E1,-1.659713537E-1,-1.302342415E-1,1.387091130E-1
2.428527413E1,-1.683282554E-1,-1.146006808E-1,1.472285688E-1
2.429526813E1,-1.687282622E-1,-1.098594218E-1,1.526778489E-1
2.430526312E1,-1.686502397E-1,-1.199014038E-1,1.520128697E-1
2.431525712E1,-1.629273444E-1,-1.424183846E-1,1.522701532E-1
2.432525212E1,-1.566518843E-1,-1.760442555E-1,1.477041692E-1
2.433524713E1,-1.517500728E-1,-2.144576907E-1,1.440188289E-1
2.434524113E1,-1.462906003E-1,-2.604813874E-1,1.388206035E-1
2.435523613E1,-1.340227276E-1,-3.029446602E-1,1.273091137E-1
2.436523013E1,-1.270591021E-1,-3.389210105E-1,1.227074265E-1
2.437522513E1,-1.157638431E-1,-3.650759757E-1,1.208075583E-1
2.438522012E1,-1.040001288E-1,-3.821359277E-1,1.165667400E-1
2.439521412E1,-8.980335295E-2,-3.915633559E-1,1.143987775E-1
2.440520912E1,-7.107867301E-2,-3.925564587E-1,1.106775403E-1
2.441520312E1,-5.377238989E-2,-3.905087113E-1,1.027742401E-1
2.442519812E1,-3.351106122E-2,-3.748229444E-1,1.019944698E-1
2.443519212E1,-2.031749114E-2,-3.560928702E-1,9.793122113E-2
2.444518713E1,-2.218102745E-4,-3.355676234E-1,9.743107855E-2
2.445518213E1,2.096656710E-2,-3.160226345E-1,9.411063045E-2
2.446517613E1,4.156638682E-2,-3.019057512E-1,8.697681874E-2
2.447517112E1,6.331590563E-2,-2.824973464E-1,7.913777232E-2
2.448516512E1,8.355246484E-2,-2.644823790E-1,7.878091186E-2
2.449516012E1,1.014398485E-1,-2.367782593E-1,8.203385025E-2
2.450515512E1,1.146717593E-1,-2.030107081E-1,8.761131018E-2
2.451514912E1,1.222910658E-1,-1.675299406E-1,9.750894457E-2
2.452514413E1,1.353029907E-1,-1.305831075E-1,1.033793539E-1
2.453513813E1,1.479969770E-1,-1.040416732E-1,1.011534035E-1
2.454513313E1,1.654742360E-1,-9.588574618E-2,8.846663684E-2
2.455512812E1,1.778001338E-1,-9.242782742E-2,6.708353013E-2
2.456512212E1,1.819970161E-1,-7.079390436E-2,5.140469968E-2
2.457511712E1,1.786978692E-1,-2.458770014E-2,5.374144763E-2
2.458511112E1,1.673914194E-1,4.492479935E-2,8.037839085E-2
2.459510612E1,1.532431096E-1,1.332247257E-1,1.178238913E-1
2.460510113E1,1.495210826E-1,2.081804574E-1,1.436017007E-1
2.461509513E1,1.673589349E-1,2.497396320E-1,1.357480288E-1
2.462509013E1,1.775010526E-1,2.586404681E-1,9.901984036E-2
2.463508413E1,1.869395822E-1,2.531441450E-1,5.605463684E-2
2.464507912E1,1.671451032E-1,3.004408479E-1,4.066289589E-2
2.465507312E1,1.448712200E-1,4.130285680E-1,7.611811906E-2
2.466506812E1,1.234274358E-1,5.735266209E-1,1.429221928E-1
2.467506312E1,1.067264825E-1,7.515569329E-1,2.005565912E-1
2.468505712E1,1.003641859E-1,8.987644911E-1,2.305259407E-1
2.469505213E1,9.664908051E-2,1.002739072E0,2.308711261E-1
2.470504613E1,1.060194075E-1,1.063004017E0,2.187966257E-1
2.471504113E1,1.038779765E-1,1.085639596E0,2.038567513E-1
2.472503613E1,1.073936149E-1,1.084184170E0,2.002074271E-1
2.473503013E1,1.015743390E-1,1.063155770E0,1.963491589E-1
2.474502512E1,9.321893752E-2,1.040754080E0,1.961172074E-1
2.475501912E1,8.713226765E-2,1.027640224E0,1.936634779E-1
2.476501412E1,8.822229505E-2,1.030270815E0,1.910410672E-1
2.477500912E1,9.497367591E-2,1.039796352E0,1.927736402E-1
2.478500313E1,1.042990014E-1,1.041193962E0,1.938599348E-1
2.479499813E1,1.096857786E-1,1.040590525E0,1.843758672E-1
2.480499213E1,1.071073040E-1,1.039723873E0,1.691135466E-1
2.481498713E1,9.190998971E-2,1.031643510E0,1.406542808E-1
2.482498113E1,7.979340851E-2,1.010970235E0,1.137361228E-1
2.483497612E1,7.308381796E-2,9.789013863E-1,9.624856710E-2
2.484497112E1,7.427717745E-2,9.477908611E-1,8.193034679E-2
2.485496512E1,8.400812745E-2,9.164684415E-1,7.063315809E-2
2.486496012E1,9.263117611E-2,8.937327862E-1,5.581266433E-2
2.487495412E1,1.030148417E-1,8.672203422E-1,3.344650194E-2
2.488494913E1,1.089744642E-1,8.411322832E-1,5.479049869E-3
2.489494413E1,1.223049015E-1,8.023080230E-1,-2.648220584E-2
2.490493813E1,1.263960451E-1,7.648911476E-1,-5.585261062E-2
2.491493312E1,1.356990039E-1,7.183099389E-1,-8.562715352E-2
2.492492712E1,1.424450576E-1,6.710934639E-1,-1.139749065E-1
2.493492212E1,1.496158838E-1,6.243164539E-1,-1.337745786E-1
2.494491712E1,1.534215510E-1,5.898367763E-1,-1.492099911E-1
2.495491112E1,1.557630002E-1,5.645243526E-1,-1.583721340E-1
2.496490613E1,1.535999775E-1,5.474241972E-1,-1.626845896E-1
2.497490013E1,1.491681784E-1,5.363532305E-1,-1.643498093E-1
2.498489513E1,1.480621696E-1,5.319817066E-1,-1.684595942E-1
2.499489012E1,1.571489275E-1,5.339880586E-1,-1.662136167E-1
2.500488412E1,1.736916751E-1,5.380307436E-1,-1.604305506E-1
2.501487912E1,1.886900514E-1,5.337792039E-1,-1.668399274E-1
2.502487312E1,1.915327162E-1,5.173272491E-1,-1.822271347E-1
2.503486812E1,2.082794756E-1,4.751449227E-1,-2.033356428E-1
2.504486212E1,2.177376896E-1,3.962114751E-1,-2.290982753E-1
2.505485713E1,2.237196863E-1,2.734893262E-1,-2.645670474E-1
2.506485213E1,2.332705855E-1,8.551916480E-2,-3.120898008E-1
2.507484613E1,2.369225770E-1,-1.691537350E-1,-3.627618551E-1
2.508484113E1,2.323629856E-1,-4.357707798E-1,-3.943706453E-1
2.509483513E1,2.148060799E-1,-6.536362171E-1,-4.011378586E-1
2.510483012E1,2.044940591E-1,-7.695305943E-1,-3.852331936E-1
2.511482512E1,1.925290078E-1,-7.645266652E-1,-3.630686104E-1
2.512481912E1,1.724780649E-1,-6.674920321E-1,-3.423574567E-1
2.513481413E1,1.490374506E-1,-5.278630257E-1,-3.257659078E-1
2.514480813E1,1.152083874E-1,-3.810770810E-1,-3.186278343E-1
2.515480313E1,7.864504308E-2,-2.588343918E-1,-3.169163764E-1
2.516479813E1,4.143562540E-2,-1.805779338E-1,-3.088640571E-1
2.517479213E1,1.296643261E-2,-1.577512175E-1,-2.957402170E-1
2.518478712E1,-1.378502045E-2,-1.897938401E-1,-2.881044149E-1
2.519478112E1,-3.105240874E-2,-2.389988005E-1,-2.795900702E-1
2.520477612E1,-4.981597513E-2,-2.715538144E-1,-2.547523677E-1
2.521477112E1,-6.670868397E-2,-2.896769047E-1,-2.048679590E-1
2.522476512E1,-8.573590219E-2,-2.792176008E-1,-1.514603943E-1
2.523476013E1,-9.908820689E-2,-2.560792863E-1,-1.041855738E-1
2.524475413E1,-1.159169897E-1,-2.164991200E-1,-6.883131713E-2
2.525474913E1,-1.308098882E-1,-1.768850982E-1,-4.858775437E-2
2.526474313E1,-1.501327306E-1,-1.481919289E-1,-4.277194291E-2
2.527473812E1,-1.584322155E-1,-1.354508996E-1,-3.665652499E-2
2.528473358E1,-1.540156305E-1,-1.192724630E-1,-2.276867256E-2
2.529472758E1,-1.346589774E-1,-9.850090742E-2,-3.048469312E-3
2.530472258E1,-1.100737378E-1,-8.029153943E-2,1.582881622E-2
2.531471658E1,-9.778831154E-2,-7.426800579E-2,3.174120188E-2
2.532471158E1,-1.001345590E-1,-9.932675213E-2,4.720884562E-2
2.533470658E1,-1.101264730E-1,-1.542659402E-1,5.926340446E-2
2.534470058E1,-1.169702634E-1,-2.394540608E-1,7.402956486E-2
2.535469558E1,-1.186576337E-1,-3.355097771E-1,8.553609252E-2
2.536468958E1,-1.074651629E-1,-4.255560637E-1,8.669483662E-2
2.537468458E1,-8.929895610E-2,-4.945028424E-1,8.207014948E-2
2.538467958E1,-6.907943636E-2,-5.344201922E-1,7.703331858E-2
2.539467358E1,-5.028788745E-2,-5.294448137E-1,8.161504567E-2
2.540466858E1,-3.624557331E-2,-4.861947894E-1,9.700545669E-2
2.541466258E1,-2.023785189E-2,-4.183293581E-1,1.240472943E-1
2.542465758E1,-2.688776515E-2,-3.261988759E-1,1.815031320E-1
2.543465258E1,-6.330835819E-2,-2.130391300E-1,2.634140551E-1
2.544464658E1,-9.553393722E-2,-1.070450544E-1,3.430747986E-1
2.545464158E1,-1.395778358E-1,-5.057588965E-2,3.790119886E-1
2.546463558E1,-1.548462659E-1,-5.760423839E-2,3.784697652E-1
2.547463058E1,-1.248444393E-1,-1.290255189E-1,3.496179283E-1
2.548462458E1,-9.880484641E-2,-2.666773796E-1,2.751037478E-1
2.549461958E1,-8.922677487E-2,-4.421134293E-1,1.987427920E-1
2.550461458E1,-9.495656192E-2,-6.067141294E-1,1.650940180E-1
2.551460858E1,-8.470445871E-2,-6.969269514E-1,1.787401587E-1
2.552460358E1,-7.669819891E-2,-6.839336753E-1,1.985199898E-1
2.553459758E1,-8.442111313E-2,-6.317300797E-1,2.031719238E-1
2.554459258E1,-9.659335762E-2,-5.670797229E-1,1.862286180E-1
2.555458758E1,-1.132913604E-1,-4.935975373E-1,1.632567942E-1
2.556458158E1,-1.419610977E-1,-4.132677913E-1,1.622075140E-1
2.557457658E1,-1.708454788E-1,-3.394465744E-1,1.932844818E-1
2.558457058E1,-1.949361712E-1,-2.893152237E-1,2.329738289E-1
2.559456558E1,-2.036092877E-1,-2.685156465E-1,2.624310255E-1
2.560456058E1,-2.026766390E-1,-2.569258511E-1,2.641263902E-1
2.561455458E1,-1.956248581E-1,-2.450772524E-1,2.508772612E-1
2.562454958E1,-1.805162132E-1,-2.225826085E-1,2.372599840E-1
2.563454358E1,-1.690537184E-1,-1.927812994E-1,2.194977105E-1
2.564453858E1,-1.635268629E-1,-1.694184542E-1,2.096914202E-1
2.565453358E1,-1.511021107E-1,-1.389261931E-1,2.017309070E-1
2.566452758E1,-1.389245540E-1,-1.015705615E-1,1.918777525E-1
2.567452258E1,-1.306503862E-1,-6.064580381E-2,1.840157956E-1
2.568451658E1,-1.095626876E-1,-1.474728622E-2,1.789651215E-1
2.569451158E1,-8.343309164E-2,3.432794660E-2,1.826340258E-1
2.570450558E1,-6.040606275E-2,6.228448451E-2,1.747633219E-1
2.571450058E1,-3.737717122E-2,4.589442164E-2,1.518744379E-1
2.572449558E1,-1.423377078E-2,-8.766425774E-3,1.109059602E-1
2.573448958E1,1.975046471E-3,-9.965351969E-2,6.958264112E-2
2.574448458E1,2.027043141E-2,-2.194017470E-1,3.247096017E-2
2.575447858E1,4.616700858E-2,-3.109274209E-1,1.094865054E-2
2.576447358E1,6.112678349E-2,-3.339861631E-1,2.349879593E-2
2.577446858E1,4.825918376E-2,-3.046880364E-1,5.367488787E-2
2.578446258E1,2.790517546E-2,-2.580523491E-1,6.553581357E-2
2.579445758E1,5.090405699E-3,-2.441448271E-1,4.541458935E-2
2.580445158E1,-7.039227523E-3,-3.092593849E-1,-1.684878394E-2
2.581444658E1,-5.588406930E-5,-4.380071759E-1,-1.007181704E-1
2.582444158E1,1.015361026E-2,-5.726957321E-1,-1.752568483E-1
2.583443558E1,2.109972201E-2,-6.690667272E-1,-2.239450812E-1
2.584443058E1,2.295967378E-2,-6.777417064E-1,-2.356778979E-1
2.585442458E1,2.176203951E-2,-6.215309501E-1,-2.307729423E-1
2.586441958E1,9.144515730E-3,-5.068464279E-1,-2.287910134E-1
2.587441358E1,-9.717837907E-3,-3.756565750E-1,-2.259782404E-1
2.588440858E1,-2.365496010E-2,-2.524984181E-1,-2.068764567E-1
2.589440358E1,-3.754494712E-2,-1.557456851E-1,-1.813760251E-1
2.590439758E1,-4.705349728E-2,-9.245113283E-2,-1.584153175E-1
2.591439258E1,-4.782900587E-2,-6.045611948E-2,-1.507814229E-1
2.592438658E1,-4.166378826E-2,-5.332870036E-2,-1.540411264E-1
2.593438158E1,-3.753028810E-2,-4.892549291E-2,-1.593332589E-1
2.594437658E1,-3.416192159E-2,-4.825277999E-2,-1.641450524E-1
2.595437058E1,-2.646114491E-2,-4.518391937E-2,-1.776133776E-1
2.596436558E1,-2.326828241E-2,-4.694213718E-2,-1.876106113E-1
2.597435958E1,-2.135187015E-2,-4.493092000E-2,-1.859671772E-1
2.598435458E1,-2.572105266E-2,-4.781699181E-2,-1.847490519E-1
2.599434958E1,-2.663181536E-2,-6.177762896E-2,-1.808922291E-1
2.600434358E1,-3.631107509E-2,-7.062359154E-2,-1.786749065E-1
2.601433858E1,-3.996014968E-2,-8.857683092E-2,-1.825737655E-1
2.602433258E1,-4.306113347E-2,-1.018838510E-1,-1.819463223E-1
2.603432758E1,-4.529926553E-2,-1.088458598E-1,-1.830742508E-1
2.604432258E1,-4.744764045E-2,-1.102426872E-1,-1.894778162E-1
2.605431658E1,-4.917069525E-2,-1.056638062E-1,-1.912696660E-1
2.606431158E1,-5.049215630E-2,-9.594406933E-2,-1.921823323E-1
2.607430558E1,-5.146102980E-2,-8.072786778E-2,-1.948630959E-1
2.608430058E1,-4.755736887E-2,-6.435821950E-2,-1.890352964E-1
2.609429458E1,-4.818694293E-2,-4.328368977E-2,-1.764951646E-1
2.610428958E1,-4.622286186E-2,-1.225253660E-2,-1.567358524E-1
2.611428458E1,-4.495251924E-2,1.637361757E-2,-1.403268129E-1
2.612427858E1,-4.393812269E-2,3.705226257E-2,-1.211411282E-1
2.613427358E1,-3.978198022E-2,5.184186623E-2,-1.027258486E-1
2.614426758E1,-3.858142719E-2,5.588135123E-2,-8.816900849E-2
2.615426258E1,-3.395820037E-2,5.136978254E-2,-7.637165487E-2
2.616425758E1,-3.637315333E-2,4.409695417E-2,-6.286623329E-2
2.617425158E1,-3.113898262E-2,2.713671327E-2,-5.050450191E-2
2.618424658E1,-2.575087734E-2,1.239824761E-2,-3.926755860E-2
2.619424058E1,-2.009617351E-2,-3.843804356E-3,-3.249751776E-2
2.620423558E1,-1.335544698E-2,-1.822114550E-2,-2.743618190E-2
2.621423058E1,-4.279123154E-3,-3.239944577E-2,-2.084200829E-2
2.622422458E1,1.173698809E-3,-3.922033682E-2,-1.866540685E-2
2.623421958E1,5.579088815E-3,-4.406728968E-2,-1.242034510E-2
2.624421358E1,1.170888636E-2,-4.590886831E-2,-5.671628285E-3
2.625420858E1,1.756837592E-2,-4.537220672E-2,-5.132006481E-5
2.626420258E1,2.319084108E-2,-3.737020493E-2,8.832985535E-3
2.627419758E1,2.357114665E-2,-2.938108891E-2,1.696481183E-2
2.628419258E1,2.623803727E-2,-1.904376224E-2,2.461687103E-2
2.629418646E1,2.474001423E-2,-5.095853470E-3,3.461480141E-2
2.630418146E1,2.525267377E-2,5.850004964E-3,4.433187842E-2
2.631417546E1,2.051518112E-2,1.190540381E-2,5.386532843E-2
2.632417046E1,2.245715819E-2,1.249609329E-2,6.381410360E-2
2.633416546E1,1.845546626E-2,1.101553533E-2,7.425101101E-2
2.634415946E1,1.468336489E-2,7.120662369E-3,8.055976778E-2
2.635415446E1,1.302848011E-2,6.468496285E-4,8.388201147E-2
2.636414846E1,8.408694528E-3,-5.510112271E-3,8.825732023E-2
2.637414346E1,7.095771376E-3,-8.180627599E-3,9.479694813E-2
2.638413846E1,5.928508006E-3,-1.458499767E-2,9.586620331E-2
2.639413246E1,4.510374740E-3,-1.835070737E-2,9.993817657E-2
2.640412746E1,8.631755481E-4,-2.378115803E-2,1.005483121E-1
2.641412146E1,9.891347727E-4,-2.654971555E-2,9.869544208E-2
2.642411646E1,3.476793645E-3,-3.093354590E-2,9.269773960E-2
2.643411146E1,8.053175174E-3,-3.545359522E-2,8.801392466E-2
2.644410546E1,5.591615569E-3,-3.946112096E-2,8.491267264E-2
2.645410046E1,7.438513450E-3,-4.352786765E-2,7.853981107E-2
2.646409446E1,1.052058954E-2,-4.564854130E-2,7.150161266E-2
2.647408946E1,1.235390361E-2,-5.001785979E-2,6.625982374E-2
2.648408446E1,1.495554578E-2,-5.522886664E-2,6.186853349E-2
2.649407846E1,1.610523649E-2,-5.659553409E-2,5.592643470E-2
2.650407346E1,1.221222617E-2,-5.535236746E-2,4.893803596E-2
2.651406746E1,1.333155762E-2,-5.103288591E-2,4.944874719E-2
2.652406246E1,1.170196943E-2,-4.625917226E-2,4.507343844E-2
2.653405646E1,9.324832819E-3,-3.972880170E-2,3.879154474E-2
2.654405146E1,2.998494077E-3,-3.002077900E-2,3.684344515E-2
2.655404646E1,-1.167497365E-3,-2.045890130E-2,3.401746228E-2
2.656404046E1,-7.159343455E-3,-1.079535484E-2,3.334847465E-2
2.657403546E1,-1.257700752E-2,-6.734466180E-3,2.709289640E-2
2.658402946E1,-1.824634522E-2,-8.667655289E-3,2.382572740E-2
2.659402446E1,-2.182324231E-2,-1.004863810E-2,2.052218653E-2
2.660401946E1,-3.038663790E-2,-1.627431065E-2,1.313883811E-2
2.661401346E1,-3.603998199E-2,-2.749470435E-2,8.712686598E-3
2.662400846E1,-3.999876976E-2,-4.152263701E-2,1.333599910E-3
2.663400246E1,-4.617146030E-2,-5.537966639E-2,-3.133580554E-3
2.664399746E1,-4.878535122E-2,-6.611832976E-2,-1.186821610E-2
2.665399246E1,-5.023543537E-2,-7.662906498E-2,-1.643146574E-2
2.666398646E1,-5.592554435E-2,-8.220466226E-2,-2.182889357E-2
2.667398146E1,-5.818603188E-2,-9.012166411E-2,-2.639970928E-2
2.668397546E1,-5.961854756E-2,-8.673013002E-2,-2.998885140E-2
2.669397046E1,-5.855408683E-2,-9.107088298E-2,-3.424372524E-2
2.670396446E1,-5.868990719E-2,-9.131296724E-2,-3.822541982E-2
2.671395946E1,-5.920735002E-2,-8.917427808E-2,-4.008097574E-2
2.672395446E1,-5.847631395E-2,-8.825601637E-2,-4.384402186E-2
2.673394846E1,-6.225750223E-2,-8.788491040E-2,-4.563072696E-2
2.674394346E1,-5.870750546E-2,-8.707557619E-2,-4.537373036E-2
2.675393746E1,-5.629863963E-2,-8.142184466E-2,-4.190676287E-2
2.676393246E1,-5.714659020E-2,-7.651949674E-2,-4.263034463E-2
2.677392746E1,-5.835167691E-2,-6.913132966E-2,-4.326292127E-2
2.678392146E1,-5.762729794E-2,-6.446307153E-2,-4.181576148E-2
2.679391646E1,-5.627550557E-2,-6.446124613E-2,-3.607352450E-2
2.680391046E1,-5.270021036E-2,-6.478428841E-2,-3.477336839E-2
2.681390546E1,-5.134758726E-2,-6.140733510E-2,-3.603895754E-2
2.682390046E1,-4.691315815E-2,-6.250987947E-2,-3.781741485E-2
2.683389446E1,-4.424147680E-2,-6.468182057E-2,-3.962905332E-2
2.684388946E1,-4.196900129E-2,-6.230681390E-2,-3.810359538E-2
2.685388346E1,-4.092367738E-2,-5.709123984E-2,-3.517160192E-2
2.686387846E1,-3.798754141E-2,-4.778988287E-2,-2.977550775E-2
2.687387346E1,-3.724453598E-2,-4.561045766E-2,-2.413809486E-2
2.688386746E1,-3.300584853E-2,-4.177950323E-2,-1.856649667E-2
2.689386246E1,-3.277655318E-2,-3.891776875E-2,-1.379908994E-2
2.690385646E1,-2.775436454E-2,-3.840617463E-2,-1.185604744E-2
2.691385146E1,-2.913281508E-2,-3.295571730E-2,-8.205147460E-3
2.692384546E1,-2.639774978E-2,-3.442951292E-2,-4.712412134E-3
2.693384046E1,-1.698349603E-2,-3.424778208E-2,1.165009104E-3
2.694383546E1,-1.438345015E-2,-3.308744356E-2,7.377631031E-3
2.695382946E1,-1.505455747E-2,-3.169201314E-2,1.275065914E-2
2.696382446E1,-8.788406849E-3,-3.203822672E-2,1.616456546E-2
2.697381846E1,-7.044294849E-3,-2.819911204E-2,2.004625276E-2
2.698381346E1,1.068759011E-3,-2.910085768E-2,2.300608903E-2
2.699380846E1,4.325015936E-3,-2.804175019E-2,2.425705269E-2
2.700380246E1,6.697093602E-3,-2.677595057E-2,2.441471070E-2
2.701379746E1,1.153017208E-2,-2.258979529E-2,2.413024567E-2
2.702379146E1,1.200581249E-2,-1.583042368E-2,2.561415918E-2
2.703378646E1,1.729539782E-2,-1.514406502E-2,2.813429944E-2
2.704378046E1,1.903257705E-2,-8.276037872E-3,2.592307702E-2
2.705377546E1,2.233570069E-2,-7.201851346E-3,2.457354590E-2
2.706377046E1,2.573576011E-2,-4.708333407E-3,2.344835922E-2
2.707376446E1,2.783592418E-2,-1.123818802E-3,2.284736373E-2
2.708375946E1,2.846363187E-2,-3.134771716E-3,2.341408469E-2
2.709375346E1,2.490671352E-2,-2.396543510E-3,2.008619905E-2
2.710374846E1,2.880025469E-2,-6.124969106E-3,1.836313494E-2
2.711374346E1,2.961916476E-2,-6.453102455E-3,1.709651574E-2
2.712373746E1,3.016830795E-2,-6.638458930E-3,1.512204856E-2
2.713373246E1,2.680607885E-2,-4.556966946E-3,1.481585950E-2
2.714372646E1,2.704949118E-2,-8.652376011E-3,1.096412912E-2
2.715372146E1,2.789691277E-2,-3.649794497E-3,8.807152510E-3
2.716371646E1,2.427021973E-2,-2.142445417E-3,5.699510220E-3
2.717371046E1,2.520366572E-2,2.052201424E-3,8.169189095E-3
2.718370546E1,2.407049015E-2,4.172876943E-3,4.217871465E-4
2.719369946E1,2.319511399E-2,5.442807451E-3,-2.040146850E-3
2.720369446E1,2.252799273E-2,1.032997388E-2,-9.177951142E-3
2.721368946E1,2.468354069E-2,1.271902584E-2,-8.603235707E-3
2.722368346E1,2.038093843E-2,1.511001214E-2,-1.209836826E-2
2.723367846E1,2.344490960E-2,1.625290886E-2,-1.550679095E-2
2.724367246E1,1.774308272E-2,2.113847807E-2,-1.848527044E-2
2.725366746E1,1.863151789E-2,2.390537038E-2,-1.825128496E-2
2.726366246E1,1.794309169E-2,2.559780888E-2,-2.087849379E-2
2.727365646E1,1.279093046E-2,3.018673137E-2,-2.091159299E-2
2.728365146E1,1.107878424E-2,3.253484145E-2,-1.888412982E-2
2.729364496E1,6.965543143E-3,3.508402035E-2,-1.924600452E-2
2.730363996E1,2.258811001E-4,3.427708521E-2,-1.792374440E-2
2.731363396E1,-1.013548812E-3,3.243910894E-2,-2.148529887E-2
2.732362896E1,-3.878577612E-3,3.480505943E-2,-1.844956167E-2
2.733362396E1,-8.165730163E-3,3.132600710E-2,-1.495717093E-2
2.734361796E1,-1.041104086E-2,3.197501972E-2,-1.278829388E-2
2.735361296E1,-1.338632498E-2,2.929294854E-2,-1.278323308E-2
2.736360696E1,-1.960374042E-2,3.186396509E-2,-1.068279892E-2
2.737360196E1,-1.778667048E-2,3.529824317E-2,-1.226966828E-2
2.738359696E1,-2.110417187E-2,3.847432882E-2,-1.009546220E-2
2.739359096E1,-2.164106257E-2,4.659220949E-2,-8.705853485E-3
2.740358596E1,-2.067007311E-2,4.785481468E-2,-1.264307089E-2
2.741357996E1,-2.203521319E-2,5.110376701E-2,-1.715198904E-2
2.742357496E1,-2.039870061E-2,5.620771646E-2,-1.751151308E-2
2.743356996E1,-1.876086183E-2,5.260758847E-2,-2.179755270E-2
2.744356396E1,-1.667986624E-2,4.971592873E-2,-2.728606015E-2
2.745355896E1,-1.382018253E-2,4.388716444E-2,-3.464188799E-2
2.746355296E1,-1.334374398E-2,3.970040753E-2,-3.978471830E-2
2.747354796E1,-1.272161957E-2,3.390507028E-2,-4.668995738E-2
2.748354196E1,-1.105714310E-2,2.754038200E-2,-4.910650849E-2
2.749353696E1,-1.507372130E-2,2.500934899E-2,-5.283336341E-2
2.750353196E1,-1.606495120E-2,2.280718088E-2,-5.017606169E-2
2.751352596E1,-1.936593652E-2,2.162050828E-2,-5.205175281E-2
2.752352096E1,-2.423845604E-2,2.107056603E-2,-5.361662433E-2
2.753351496E1,-2.643051185E-2,2.216682211E-2,-5.451237410E-2
2.754350996E1,-2.935918979E-2,2.318681404E-2,-5.507723242E-2
2.755350496E1,-3.356246278E-2,2.425534092E-2,-5.424163491E-2
2.756349896E1,-3.681498393E-2,2.381511964E-2,-5.324294791E-2
2.757349396E1,-3.688287362E-2,1.950309798E-2,-5.127869174E-2
2.758348796E1,-3.536593914E-2,1.341697574E-2,-5.009704828E-2
2.759348296E1,-3.617474437E-2,8.532371372E-3,-4.883702472E-2
2.760347796E1,-3.285964206E-2,-3.278216114E-3,-4.818135500E-2
2.761347196E1,-3.473158926E-2,-3.898699535E-3,-5.047147721E-2
2.762346696E1,-2.705316246E-2,-1.196914352E-2,-4.929569364E-2
2.763346096E1,-2.159899659E-2,-1.412071101E-2,-4.815261811E-2
2.764345596E1,-1.909562573E-2,-9.030876681E-3,-4.599226266E-2
2.765345096E1,-1.816911437E-2,-7.413606625E-3,-4.223874956E-2
2.766344496E1,-1.375971921E-2,-4.957373254E-3,-3.648951650E-2
2.767343996E1,-1.128989551E-2,9.486549534E-4,-3.581297025E-2
2.768343396E1,-3.939836752E-3,4.986539483E-3,-2.912310883E-2
2.769342896E1,-1.468178583E-3,8.973856457E-3,-2.842122316E-2
2.770342296E1,1.403707720E-4,9.430588223E-3,-2.251193300E-2
2.771341796E1,5.564175081E-3,1.273527183E-2,-1.991128363E-2
2.772341296E1,1.059169043E-2,8.624415845E-3,-1.159103587E-2
2.773340696E1,9.292312898E-3,5.354124587E-3,-5.352196284E-3
2.774340196E1,1.117570046E-2,5.083547439E-3,-1.951339655E-3
2.775339596E1,1.476485748E-2,2.792758867E-3,1.866375096E-4
2.776339096E1,1.526766270E-2,2.528040670E-3,3.943026066E-3
2.777338596E1,1.116027776E-2,3.224922810E-3,1.062180288E-2
2.778337996E1,1.092911512E-2,3.656088375E-3,1.784962229E-2
2.779337496E1,9.804986417E-3,5.074821413E-3,2.437506430E-2
2.780336896E1,6.370307878E-3,7.567807101E-3,2.790747955E-2
2.781336396E1,2.098867117E-4,6.031761877E-3,3.382363915E-2
2.782335896E1,1.467698021E-4,5.051185377E-3,3.583698720E-2
2.783335296E1,-1.222113147E-3,2.204670105E-3,3.663333505E-2
2.784334796E1,-2.616544254E-3,-4.656815436E-4,3.899876028E-2
2.785334196E1,-7.803295273E-3,-6.255414337E-4,3.941941634E-2
2.786333696E1,-8.109825663E-3,-7.933521643E-3,3.720819578E-2
2.787333096E1,-1.416614465E-2,-1.334000006E-2,3.763208166E-2
2.788332596E1,-1.757552288E-2,-1.325584389E-2,3.468795493E-2
2.789332096E1,-2.087382041E-2,-1.529469900E-2,3.308743238E-2
2.790331496E1,-2.377986163E-2,-1.684013195E-2,2.645109966E-2
2.791330996E1,-2.503396198E-2,-1.964933239E-2,2.411767282E-2
2.792330396E1,-2.929315530E-2,-2.282834612E-2,2.113333531E-2
2.793329896E1,-2.961351536E-2,-2.988719009E-2,1.437869761E-2
2.794329396E1,-2.789551020E-2,-3.726867214E-2,1.121539436E-2
2.795328796E1,-2.894505672E-2,-4.553529248E-2,6.692732684E-3
2.796328296E1,-2.514126338E-2,-5.657515675E-2,-1.061326824E-3
2.797327696E1,-2.597296424E-2,-6.332983077E-2,-3.648190293E-3
2.798327196E1,-2.397133224E-2,-6.510376185E-2,-6.912426557E-3
2.799326696E1,-2.210313082E-2,-6.918199360E-2,-3.560729790E-3
2.800326096E1,-2.073746175E-2,-6.343463063E-2,-2.790543716E-3
2.801325596E1,-2.042775415E-2,-5.717214197E-2,-2.474843524E-3
2.802324996E1,-2.121125534E-2,-4.778289795E-2,-3.440482542E-4
2.803324496E1,-2.223869599E-2,-3.647308797E-2,3.037496237E-3
2.804323896E1,-2.022401430E-2,-2.199907415E-2,7.800293621E-3
2.805323396E1,-2.460119501E-2,-8.332196623E-3,7.753320038E-3
2.806322896E1,-2.498948388E-2,2.088276669E-4,9.243092500E-3
2.807322296E1,-2.541664429E-2,2.092214301E-3,6.176243071E-3
2.808321796E1,-2.145039849E-2,4.699449055E-3,5.431889556E-3
2.809321196E1,-2.002454363E-2,-6.056018174E-4,2.482199809E-3
2.810320696E1,-1.773662306E-2,-7.494133897E-3,1.531717367E-3
2.811320196E1,-1.602980308E-2,-1.574623771E-2,-2.678712364E-3
2.812319596E1,-1.424175687E-2,-2.587264217E-2,-7.392241154E-3
2.813319096E1,-9.764189832E-3,-3.024781495E-2,-1.070270780E-2
2.814318496E1,-1.142094284E-2,-3.682289645E-2,-1.070989762E-2
2.815317996E1,-9.511996061E-3,-3.737992793E-2,-1.276811585E-2
2.816317496E1,-1.232669130E-2,-3.203123435E-2,-1.145757549E-2
2.817316896E1,-9.729813784E-3,-2.424428239E-2,-1.336414739E-2
2.818316396E1,-1.204916090E-2,-1.782846078E-2,-9.614948183E-3
2.819315796E1,-1.236289740E-2,-1.160079520E-2,-1.025937404E-2
2.820315296E1,-1.250590943E-2,-3.513573902E-3,-6.864375435E-3
2.821314696E1,-1.731370948E-2,-3.618558403E-4,-5.594956223E-3
2.822314196E1,-2.180646174E-2,3.308246378E-3,-5.488962401E-3
2.823313696E1,-1.899148896E-2,2.980947029E-3,-1.937853638E-3
2.824313096E1,-2.066315524E-2,-2.287317999E-3,-1.828930806E-3
2.825312596E1,-1.225076523E-2,-8.050199598E-3,-7.636123337E-4
2.826311996E1,-1.504362188E-2,-1.171018183E-2,-2.900799271E-3
2.827311496E1,-1.295651402E-2,-1.622797176E-2,-3.257711418E-3
2.828310996E1,-1.168671809E-2,-1.405376568E-2,-7.130480371E-3
2.829310446E1,-1.263132412E-2,-1.684112474E-2,-6.912719924E-3
2.830309946E1,-8.291969076E-3,-1.457504090E-2,-7.878381759E-3
2.831309346E1,-7.963615470E-3,-1.559909806E-2,-4.284441471E-3
2.832308846E1,-8.825947531E-3,-2.239441872E-2,2.626727335E-3
2.833308346E1,-1.014339924E-2,-2.571877278E-2,8.823100477E-3
2.834307746E1,-1.401403733E-2,-2.752705850E-2,1.961129904E-2
2.835307246E1,-2.222777158E-2,-2.626612410E-2,3.540597856E-2
2.836306646E1,-3.505142778E-2,-1.789447665E-2,5.303397775E-2
2.837306146E1,-4.766388983E-2,-1.076259837E-2,7.056561857E-2
2.838305546E1,-5.311990902E-2,6.164986640E-3,8.724579960E-2
2.839305046E1,-5.838204920E-2,1.417021547E-2,1.017480120E-1
2.840304546E1,-6.441437453E-2,1.847974211E-2,1.163341478E-1
2.841303946E1,-7.774323225E-2,2.532942593E-2,1.397723407E-1
2.842303446E1,-9.281006455E-2,3.416392952E-2,1.794073582E-1
2.843302846E1,-1.145246699E-1,3.914893791E-2,2.293495387E-1
2.844302346E1,-1.437576711E-1,3.864107281E-2,2.798843384E-1
2.845301846E1,-1.712449491E-1,3.666287288E-2,3.290153444E-1
2.846301246E1,-1.977354139E-1,3.759577870E-2,3.669459522E-1
2.847300746E1,-2.139873505E-1,4.677413031E-2,3.982977271E-1
2.848300146E1,-2.295711040E-1,6.634889543E-2,4.268606603E-1
2.849299646E1,-2.562421560E-1,9.395691752E-2,4.664471447E-1
2.850299146E1,-2.831051946E-1,1.285111755E-1,5.193337798E-1
2.851298546E1,-3.109964430E-1,1.602032632E-1,5.804662108E-1
2.852298046E1,-3.494679332E-1,1.891832501E-1,6.412501931E-1
2.853297446E1,-3.846139312E-1,2.024931908E-1,6.962053180E-1
2.854296946E1,-4.165127575E-1,2.062815428E-1,7.366166711E-1
2.855296446E1,-4.539150000E-1,1.992509514E-1,7.732668519E-1
2.856295846E1,-4.863344729E-1,1.849167496E-1,8.129903078E-1
2.857295346E1,-5.258855820E-1,1.730931997E-1,8.585875630E-1
2.858294746E1,-5.738230348E-1,1.496885270E-1,9.159576297E-1
2.859294246E1,-6.104692221E-1,1.291224360E-1,9.829594493E-1
2.860293646E1,-6.509364843E-1,1.047481149E-1,1.049820304E0
2.861293146E1,-6.920535564E-1,8.757086098E-2,1.112954021E0
2.862292646E1,-7.316702008E-1,7.439114153E-2,1.162186384E0
2.863292046E1,-7.700926661E-1,6.166363135E-2,1.206305861E0
2.864291546E1,-8.098973632E-1,4.898645356E-2,1.243097186E0
2.865290946E1,-8.464801311E-1,4.084923118E-2,1.290375352E0
2.866290446E1,-8.896385431E-1,3.129540384E-2,1.348419428E0
2.867289946E1,-9.431768656E-1,3.039069846E-2,1.413147449E0
2.868289346E1,-9.945212603E-1,3.342350572E-2,1.481689453E0
2.869288846E1,-1.047516823E0,2.316993847E-2,1.545992851E0
2.870288246E1,-1.101447225E0,5.668175872E-3,1.598749995E0
2.871287746E1,-1.152145028E0,-1.846462488E-2,1.645804524E0
2.872287246E1,-1.201261878E0,-4.159684479E-2,1.683800340E0
2.873286646E1,-1.261746287E0,-5.500695854E-2,1.716210008E0
2.874286146E1,-1.316481709E0,-7.447652519E-2,1.748042464E0
2.875285546E1,-1.365832806E0,-1.012969911E-1,1.782602549E0
2.876285046E1,-1.414265275E0,-1.314176172E-1,1.819765687E0
2.877284546E1,-1.454863548E0,-1.691636145E-1,1.856294870E0
2.878283946E1,-1.498535395E0,-2.057791501E-1,1.881970167E0
2.879283446E1,-1.542358041E0,-2.340221107E-1,1.902794361E0
2.880282846E1,-1.582583427E0,-2.556416690E-1,1.915475011E0
2.881282346E1,-1.619797349E0,-2.677689493E-1,1.933583260E0
2.882281746E1,-1.662716627E0,-2.678581774E-1,1.947382689E0
2.883281246E1,-1.683401942E0,-2.575305402E-1,1.965859532E0
2.884280746E1,-1.707623601E0,-2.429393530E-1,1.988729954E0
2.885280146E1,-1.724961042E0,-2.407693267E-1,2.012067795E0
2.886279646E1,-1.738810301E0,-2.398268431E-1,2.028056622E0
2.887279046E1,-1.749707460E0,-2.485662699E-1,2.038506985E0
2.888278546E1,-1.754420400E0,-2.574497759E-1,2.040544033E0
2.889278046E1,-1.761899352E0,-2.826378644E-1,2.038997650E0
2.890277446E1,-1.768942952E0,-3.090670705E-1,2.041137457E0
2.891276946E1,-1.763482094E0,-3.419999480E-1,2.041231871E0
2.892276346E1,-1.758942246E0,-3.705833852E-1,2.046952724E0
2.893275846E1,-1.763429165E0,-4.004333615E-1,2.050371170E0
2.894275346E1,-1.762124181E0,-4.116122425E-1,2.052652359E0
2.895274746E1,-1.759396791E0,-4.093163013E-1,2.054183722E0
2.896274246E1,-1.754108906E0,-4.026879668E-1,2.057221174E0
2.897273646E1,-1.746081591E0,-4.003106952E-1,2.060286760E0
2.898273146E1,-1.758576035E0,-3.855621219E-1,2.070102692E0
2.899272546E1,-1.779743075E0,-3.590666652E-1,2.086668015E0
2.900272046E1,-1.800323725E0,-3.418392241E-1,2.102854490E0
2.901271546E1,-1.800971746E0,-3.533269763E-1,2.102846861E0
2.902270946E1,-1.778777480E0,-3.848236501E-1,2.086924076E0
2.903270446E1,-1.752380252E0,-4.134863019E-1,2.066463232E0
2.904269846E1,-1.728045583E0,-4.215655327E-1,2.050798178E0
2.905269346E1,-1.706290245E0,-4.097039998E-1,2.041128397E0
2.906268846E1,-1.719474673E0,-3.797426224E-1,2.047591209E0
2.907268246E1,-1.740871668E0,-3.541773558E-1,2.063646078E0
2.908267746E1,-1.787189007E0,-3.522239327E-1,2.096381187E0
2.909267146E1,-1.850848198E0,-3.615312278E-1,2.140650749E0
2.910266646E1,-1.885460734E0,-4.119243622E-1,2.188004017E0
2.911266146E1,-1.912463069E0,-5.040759444E-1,2.217145920E0
2.912265546E1,-1.928817511E0,-6.186246276E-1,2.227660418E0
2.913265046E1,-1.950742245E0,-7.410253286E-1,2.242083311E0
2.914264446E1,-1.950313807E0,-8.809531331E-1,2.269092083E0
2.915263946E1,-1.931156635E0,-1.028761864E0,2.291063547E0
2.916263446E1,-1.913998604E0,-1.168976426E0,2.302154541E0
2.917262846E1,-1.904460549E0,-1.266184211E0,2.300285578E0
2.918262346E1,-1.890182257E0,-1.331513047E0,2.297588110E0
2.919261746E1,-1.909080863E0,-1.355658650E0,2.287400961E0
2.920261246E1,-1.912295818E0,-1.341678977E0,2.268193007E0
2.921260646E1,-1.917110324E0,-1.326169133E0,2.236246347E0
2.922260146E1,-1.915808320E0,-1.318291783E0,2.199630976E0
2.923259646E1,-1.902576089E0,-1.317988038E0,2.168573618E0
2.924259046E1,-1.871352911E0,-1.320995331E0,2.128430128E0
2.925258546E1,-1.848458767E0,-1.331499457E0,2.083231688E0
2.926257946E1,-1.830121875E0,-1.333033800E0,2.035942793E0
2.927257446E1,-1.801049471E0,-1.343554616E0,1.991187334E0
2.928256946E1,-1.762541175E0,-1.371565461E0,1.937662363E0
2.929256396E1,-1.715465307E0,-1.396956325E0,1.880287170E0
2.930255896E1,-1.669431210E0,-1.397593617E0,1.823019028E0
2.931255296E1,-1.623661160E0,-1.362817407E0,1.768672228E0
2.932254796E1,-1.604972601E0,-1.303763390E0,1.712472320E0
2.933254296E1,-1.596089125E0,-1.215724707E0,1.663530231E0
2.934253696E1,-1.583567739E0,-1.125034451E0,1.614317417E0
2.935253196E1,-1.564420700E0,-1.056463718E0,1.570899606E0
2.936252596E1,-1.541326523E0,-1.016178370E0,1.519024611E0
2.937252096E1,-1.498446703E0,-1.004719734E0,1.470848441E0
2.938251596E1,-1.461187720E0,-1.023428082E0,1.424096942E0
2.939250996E1,-1.400392890E0,-1.048568606E0,1.372622490E0
2.940250496E1,-1.333002687E0,-1.061659932E0,1.321377993E0
2.941249896E1,-1.275294662E0,-1.054532170E0,1.267460942E0
2.942249396E1,-1.234535933E0,-1.007432342E0,1.226136923E0
2.943248896E1,-1.202029705E0,-9.310565591E-1,1.196969628E0
2.944248296E1,-1.172263861E0,-8.436270952E-1,1.178577304E0
2.945247796E1,-1.137189984E0,-7.598946095E-1,1.165524721E0
2.946247196E1,-1.094128489E0,-6.933360696E-1,1.146916389E0
2.947246696E1,-1.044347405E0,-6.494567394E-1,1.114220738E0
2.948246096E1,-9.778323174E-1,-6.243149042E-1,1.069988370E0
2.949245596E1,-9.100465775E-1,-6.184177995E-1,1.019163013E0
2.950245096E1,-8.503550291E-1,-6.030313969E-1,9.822525978E-1
2.951244496E1,-8.000822663E-1,-5.818939805E-1,9.505936503E-1
2.952243996E1,-7.490203977E-1,-5.564299226E-1,9.257341027E-1
2.953243396E1,-7.040769458E-1,-5.203371048E-1,8.955081701E-1
2.954242896E1,-6.511500478E-1,-4.787028134E-1,8.569415808E-1
2.955242396E1,-6.046190262E-1,-4.447237551E-1,8.137237430E-1
2.956241796E1,-5.604987144E-1,-4.111716747E-1,7.585771084E-1
2.957241296E1,-5.098488331E-1,-3.762800694E-1,7.032650113E-1
2.958240696E1,-4.703903794E-1,-3.471451104E-1,6.437953115E-1
2.959240196E1,-4.275675714E-1,-3.077881038E-1,5.860821605E-1
2.960239696E1,-3.982411027E-1,-2.760895491E-1,5.370714664E-1
2.961239096E1,-3.749389648E-1,-2.444259822E-1,5.009175539E-1
2.962238596E1,-3.517758548E-1,-2.110704184E-1,4.721365273E-1
2.963237996E1,-3.212515116E-1,-1.862009913E-1,4.368434250E-1
2.964237496E1,-2.933256030E-1,-1.723927706E-1,3.941753209E-1
2.965236896E1,-2.642172575E-1,-1.625576913E-1,3.535216153E-1
2.966236396E1,-2.459602207E-1,-1.386720687E-1,3.111459315E-1
2.967235896E1,-2.345885038E-1,-1.056335494E-1,2.741327286E-1
2.968235296E1,-2.232112139E-1,-6.850109994E-2,2.413191050E-1
2.969234796E1,-2.099052668E-1,-2.950073406E-2,2.118032873E-1
2.970234196E1,-1.920647472E-1,5.182147026E-3,1.848049611E-1
2.971233696E1,-1.743177176E-1,2.170536481E-2,1.578506529E-1
2.972233196E1,-1.489210129E-1,3.186239302E-2,1.376772076E-1
2.973232596E1,-1.248628050E-1,2.518291771E-2,1.125215665E-1
2.974232096E1,-1.113928035E-1,1.114832610E-2,8.502602577E-2
2.975231496E1,-9.852626920E-2,1.918487251E-4,5.343131721E-2
2.976230996E1,-8.406051248E-2,2.281364985E-3,2.215861715E-2
2.977230496E1,-8.084794879E-2,1.553651784E-2,8.004959673E-4
2.978229896E1,-7.313144207E-2,3.634539247E-2,1.342715696E-3
2.979229396E1,-6.367028505E-2,5.232312530E-2,-6.179198623E-3
2.980228796E1,-5.376173556E-2,6.899131835E-2,-1.937915757E-2
2.981228296E1,-3.964271769E-2,8.035536110E-2,-3.915637732E-2
2.982227696E1,-2.390902676E-2,8.538633585E-2,-4.867904261E-2
2.983227196E1,-9.319439530E-3,8.194217086E-2,-5.614054948E-2
2.984226696E1,3.472788725E-3,7.891096175E-2,-6.642381847E-2
2.985226096E1,1.452518720E-2,7.407046854E-2,-7.698218524E-2
2.986225596E1,2.374451980E-2,6.408414990E-2,-7.870312035E-2
2.987224996E1,3.270365298E-2,4.956472665E-2,-7.883351296E-2
2.988224496E1,3.394761309E-2,3.654080257E-2,-7.998745888E-2
2.989223996E1,4.484873265E-2,2.422151715E-2,-7.722173631E-2
2.990223396E1,5.327550694E-2,8.711267263E-3,-7.155799121E-2
2.991222896E1,6.205300242E-2,-9.579360485E-4,-6.895660609E-2
2.992222296E1,7.217194885E-2,-8.480567485E-3,-6.984317303E-2
2.993221796E1,7.829031348E-2,-1.684815437E-2,-6.013010442E-2
2.994221296E1,7.802852243E-2,-2.198352665E-2,-5.177896097E-2
2.995220696E1,7.316265255E-2,-2.302505635E-2,-3.816469386E-2
2.996220196E1,5.748089403E-2,-2.068546973E-2,-1.806768030E-2
2.997219596E1,4.438532516E-2,-2.172869444E-2,-6.822426803E-4
2.998219096E1,4.274268821E-2,-2.670081705E-2,1.564186811E-2
2.999218596E1,3.126367554E-2,-3.222747892E-2,2.980546094E-2
3.000217996E1,2.259988151E-2,-4.387135059E-2,4.381954670E-2
3.001217496E1,7.994580083E-3,-5.244709179E-2,5.239372328E-2
3.002216896E1,-4.135585856E-3,-5.119514093E-2,6.155579537E-2
3.003216396E1,-1.943224482E-2,-4.497409612E-2,6.844366342E-2
3.004215796E1,-3.301942348E-2,-4.371868074E-2,7.297688723E-2
3.005215296E1,-4.390831664E-2,-3.865255043E-2,7.336029410E-2
3.006214796E1,-5.118993297E-2,-3.148571774E-2,7.122523338E-2
3.007214196E1,-6.462636590E-2,-3.072954714E-2,6.385357678E-2
3.008213696E1,-6.665223092E-2,-3.142756224E-2,5.851659551E-2
3.009213096E1,-7.199027389E-2,-2.517952025E-2,5.252843350E-2
3.010212596E1,-7.691792399E-2,-1.724410057E-2,4.155967012E-2
3.011212096E1,-8.283175528E-2,-1.263389736E-2,3.389797732E-2
3.012211496E1,-8.267063648E-2,-7.269226480E-3,2.681876346E-2
3.013210996E1,-8.183119446E-2,-3.912680317E-3,1.787359826E-2
3.014210396E1,-6.969916821E-2,2.037677914E-4,9.071052074E-3
3.015209896E1,-5.911600962E-2,1.868176740E-3,-1.320985146E-3
3.016209396E1,-4.724443704E-2,1.803196035E-3,-5.900557153E-3
3.017208796E1,-3.698543459E-2,4.131565802E-3,-1.624434069E-2
3.018208296E1,-2.038648166E-2,9.184913710E-3,-2.399786748E-2
3.019207696E1,-1.680370793E-2,1.973715611E-2,-3.000746295E-2
3.020207196E1,-7.408874109E-3,2.943265811E-2,-3.228845820E-2
3.021206596E1,-4.481799901E-3,4.136987776E-2,-2.894022688E-2
3.022206096E1,5.556453485E-3,5.139721185E-2,-2.849175036E-2
3.023205596E1,8.302172646E-3,5.655788630E-2,-2.781637013E-2
3.024204996E1,1.663174108E-2,5.256447569E-2,-2.783314884E-2
3.025204496E1,1.987359673E-2,4.394329339E-2,-2.215214074E-2
3.026203896E1,2.769290283E-2,2.988446318E-2,-1.911187544E-2
3.027203396E1,3.165195137E-2,1.928758249E-2,-1.971174963E-2
3.028202896E1,3.750611097E-2,1.270557940E-2,-1.816258952E-2
3.029202208E1,3.816126660E-2,1.816632226E-2,-1.864607073E-2
3.030201708E1,3.777724132E-2,2.404285222E-2,-1.506438479E-2
3.031201108E1,3.384588659E-2,2.777430788E-2,-8.251567371E-3
3.032200608E1,2.201239765E-2,3.582637757E-2,-7.249419577E-4
3.033200108E1,1.660243981E-2,4.071697220E-2,4.881790373E-3
3.034199508E1,1.120474376E-2,3.860881180E-2,9.488793090E-3
3.035199008E1,7.682718337E-3,2.927293628E-2,1.260514185E-2
3.036198408E1,-3.809887217E-3,2.283261344E-2,1.543927751E-2
3.037197908E1,-6.422176026E-3,1.290980913E-2,1.729006507E-2
3.038197408E1,-7.856287993E-3,4.268116783E-3,1.796890423E-2
3.039196808E1,-6.622441579E-3,-3.544431645E-3,1.446543448E-2
3.040196308E1,-5.721227732E-3,-8.845187724E-3,1.069573034E-2
3.041195708E1,-8.199848235E-3,-1.557562873E-2,8.082404733E-3
3.042195208E1,-6.918600760E-3,-1.717432588E-2,6.707946770E-3
3.043194608E1,-8.509279229E-3,-1.333470456E-2,4.973952193E-3
3.044194108E1,-9.550575167E-3,-4.352128599E-3,8.646948263E-4
3.045193608E1,-9.345530532E-3,-1.574393129E-3,2.340997569E-3
3.046193008E1,-2.506799530E-3,4.088019952E-3,1.891189720E-3
3.047192508E1,6.384127191E-4,5.342310295E-3,-2.176137641E-4
3.048191908E1,6.167401560E-3,3.908198327E-3,9.970539249E-4
3.049191408E1,5.267236847E-3,-2.358206548E-4,-1.018634532E-3
3.050190908E1,1.083537377E-2,-2.065678826E-3,-3.343840130E-3
3.051190308E1,1.616221853E-2,-9.719571099E-3,-5.012386013E-3
3.052189808E1,1.743361168E-2,-1.189803705E-2,-4.835818429E-3
3.053189208E1,1.784668863E-2,-8.715854958E-3,-9.999424219E-4
3.054188708E1,1.666823961E-2,-1.075583603E-2,2.944465261E-3
3.055188208E1,2.347711846E-2,-9.665075690E-3,5.913314875E-3
3.056187608E1,2.149226516E-2,-8.712729439E-3,3.591038520E-3
3.057187108E1,2.386115119E-2,-1.273826417E-2,2.226352226E-3
3.058186508E1,2.799890377E-2,-1.226475369E-2,3.176301951E-3
3.059186008E1,2.981730364E-2,-1.141217537E-2,-3.104377538E-4
3.060185408E1,3.014913388E-2,-9.776994586E-3,-2.225782722E-3
3.061184908E1,2.948627993E-2,-4.443049897E-3,-5.792159121E-3
3.062184408E1,2.964979783E-2,4.097174853E-3,-9.956810623E-3
3.063183808E1,2.364889905E-2,1.064379048E-2,-1.392920967E-2
3.064183308E1,2.236978337E-2,1.735975035E-2,-1.249935757E-2
3.065182708E1,1.919610612E-2,2.174308151E-2,-1.189932693E-2
3.066182208E1,2.111251652E-2,2.062002756E-2,-1.414943207E-2
3.067181708E1,1.671722531E-2,2.113960870E-2,-1.704380289E-2
3.068181108E1,2.015483379E-2,1.821412519E-2,-2.140419744E-2
3.069180608E1,2.674401924E-2,1.199897379E-2,-2.644305676E-2
3.070180008E1,2.810968831E-2,8.737400174E-3,-3.357500210E-2
3.071179508E1,3.203333169E-2,8.010756224E-3,-4.195448011E-2
3.072179008E1,3.224851564E-2,1.071546320E-2,-4.584402591E-2
3.073178408E1,2.984953858E-2,1.876220480E-2,-4.825445265E-2
3.074177908E1,2.751021832E-2,2.837142348E-2,-4.963636771E-2
3.075177308E1,2.240441181E-2,3.895122930E-2,-4.740820825E-2
3.076176808E1,1.709593274E-2,5.356958881E-2,-4.617543519E-2
3.077176308E1,1.888849586E-2,5.715399981E-2,-4.233765230E-2
3.078175708E1,1.867384650E-2,5.997774750E-2,-4.100154340E-2
3.079175208E1,1.758648828E-2,5.555717275E-2,-3.643550724E-2
3.080174608E1,1.206016261E-2,5.565384403E-2,-3.566745296E-2
3.081174108E1,1.051071659E-2,5.077050626E-2,-3.594193608E-2
3.082173508E1,3.351074643E-3,5.009299889E-2,-3.796646744E-2
3.083173008E1,-6.707943510E-3,5.309294537E-2,-3.703343496E-2
3.084172508E1,-1.164810732E-2,6.130959839E-2,-3.827100620E-2
3.085171908E1,-1.828711666E-2,6.920580566E-2,-3.607442230E-2
3.086171408E1,-2.341583185E-2,7.468552887E-2,-3.636497259E-2
3.087170808E1,-2.463447303E-2,8.091808110E-2,-3.611052036E-2
3.088170308E1,-3.041699342E-2,8.460629731E-2,-3.658589348E-2
3.089169808E1,-3.061700799E-2,8.401294798E-2,-3.955296800E-2
3.090169208E1,-2.911951207E-2,8.300227672E-2,-4.518342391E-2
3.091168708E1,-3.165509552E-2,7.979635894E-2,-5.565679073E-2
3.092168108E1,-3.000766598E-2,8.280307055E-2,-7.032229006E-2
3.093167608E1,-2.582411654E-2,8.277617395E-2,-7.867720723E-2
3.094167108E1,-2.349917777E-2,8.951610327E-2,-9.374483675E-2
3.095166508E1,-1.857311279E-2,9.568517655E-2,-1.004454121E-1
3.096166008E1,-1.229444332E-2,1.021971405E-1,-1.121031344E-1
3.097165408E1,-5.625100806E-3,1.112399101E-1,-1.212199777E-1
3.098164908E1,4.589186981E-3,1.180237830E-1,-1.282597780E-1
3.099164308E1,1.756144688E-2,1.181231737E-1,-1.342362314E-1
3.100163808E1,2.789477818E-2,1.243038401E-1,-1.443157643E-1
3.101163308E1,4.613742605E-2,1.233532280E-1,-1.525592059E-1
3.102162708E1,6.063088402E-2,1.213678420E-1,-1.642153412E-1
3.103162208E1,7.674115151E-2,1.229253933E-1,-1.739727259E-1
3.104161608E1,8.881352842E-2,1.243203506E-1,-1.807446182E-1
3.105161108E1,1.002217084E-1,1.248361990E-1,-1.919786334E-1
3.106160608E1,1.082881615E-1,1.349556893E-1,-1.989353299E-1
3.107160008E1,1.259877980E-1,1.438441575E-1,-2.054637223E-1
3.108159508E1,1.433422863E-1,1.536927968E-1,-2.131501287E-1
3.109158908E1,1.606232673E-1,1.633279026E-1,-2.251631469E-1
3.110158408E1,1.809362620E-1,1.712976843E-1,-2.365572155E-1
3.111157908E1,2.026862949E-1,1.842020452E-1,-2.501037121E-1
3.112157308E1,2.241465896E-1,1.888958514E-1,-2.615411878E-1
3.113156808E1,2.477251589E-1,2.014165819E-1,-2.787854373E-1
3.114156208E1,2.751320302E-1,2.175364345E-1,-2.998569012E-1
3.115155708E1,3.021353781E-1,2.394707501E-1,-3.238646388E-1
3.116155108E1,3.337271214E-1,2.672408521E-1,-3.458583653E-1
3.117154608E1,3.633303046E-1,2.944362164E-1,-3.733218610E-1
3.118154108E1,3.924234509E-1,3.237014115E-1,-4.022531211E-1
3.119153508E1,4.254687726E-1,3.563702106E-1,-4.375909269E-1
3.120153008E1,4.545834959E-1,3.779641688E-1,-4.706553817E-1
3.121152408E1,4.840876162E-1,4.073817730E-1,-5.013909936E-1
3.122151908E1,5.048962235E-1,4.320794046E-1,-5.316737890E-1
3.123151408E1,5.305566192E-1,4.545530677E-1,-5.581330657E-1
3.124150808E1,5.537588596E-1,4.724729359E-1,-5.913213491E-1
3.125150308E1,5.798061490E-1,4.848979712E-1,-6.275330782E-1
3.126149708E1,6.042374372E-1,4.909777045E-1,-6.638453007E-1
3.127149208E1,6.334493756E-1,4.986109734E-1,-7.019149661E-1
3.128148708E1,6.620855927E-1,5.090090036E-1,-7.421401739E-1
3.129148121E1,6.922996640E-1,5.236873627E-1,-7.852136493E-1
3.130147621E1,7.180524468E-1,5.392996073E-1,-8.365820050E-1
3.131147021E1,7.345358133E-1,5.646194816E-1,-8.848503232E-1
3.132146521E1,7.555071115E-1,5.966005921E-1,-9.295757413E-1
3.133146021E1,7.763061523E-1,6.282066703E-1,-9.687670469E-1
3.134145421E1,8.021656871E-1,6.553080678E-1,-1.006317854E0
3.135144921E1,8.329609036E-1,6.640672088E-1,-1.043549895E0
3.136144321E1,8.603872061E-1,6.641018391E-1,-1.090013623E0
3.137143821E1,8.932708502E-1,6.565660238E-1,-1.149036765E0
3.138143221E1,9.297202229E-1,6.393468380E-1,-1.208077788E0
3.139142721E1,9.573334455E-1,6.237670183E-1,-1.272199750E0
3.140142221E1,9.590376019E-1,6.178585291E-1,-1.325177789E0
3.141141621E1,9.582239985E-1,6.275502443E-1,-1.370153666E0
3.142141121E1,9.475764036E-1,6.493194699E-1,-1.403982401E0
3.143140521E1,9.311338067E-1,6.819384694E-1,-1.439065933E0
3.144140021E1,9.220370054E-1,7.170738578E-1,-1.478157640E0
3.145139521E1,9.163072109E-1,7.427804470E-1,-1.530791998E0
3.146138921E1,9.044020772E-1,7.632753253E-1,-1.585566878E0
3.147138421E1,9.057804942E-1,7.845999002E-1,-1.642208099E0
3.148137821E1,9.026196003E-1,8.047104478E-1,-1.686761260E0
3.149137321E1,8.845750690E-1,8.198844790E-1,-1.720947862E0
3.150136821E1,8.653231263E-1,8.363630772E-1,-1.747167230E0
3.151136221E1,8.627387881E-1,8.379227519E-1,-1.771751523E0
3.152135721E1,8.460181355E-1,8.173328042E-1,-1.801426888E0
3.153135121E1,8.396174908E-1,7.909578681E-1,-1.830031872E0
3.154134621E1,8.390212059E-1,7.706238031E-1,-1.850729108E0
3.155134121E1,8.430992961E-1,7.616210580E-1,-1.861987710E0
3.156133521E1,8.470146656E-1,7.637081742E-1,-1.869645119E0
3.157133021E1,8.647292256E-1,7.803913355E-1,-1.884011984E0
3.158132421E1,8.874661922E-1,8.039851189E-1,-1.900985956E0
3.159131921E1,9.105502367E-1,8.301715255E-1,-1.918737411E0
3.160131321E1,9.331663251E-1,8.555690050E-1,-1.926588893E0
3.161130821E1,9.393344522E-1,8.706610799E-1,-1.922679186E0
3.162130321E1,9.315902591E-1,8.812074661E-1,-1.906019330E0
3.163129721E1,9.127356410E-1,8.798435926E-1,-1.884639144E0
3.164129221E1,8.800735474E-1,8.787572980E-1,-1.864959717E0
3.165128621E1,8.609882593E-1,8.784947991E-1,-1.849186301E0
3.166128121E1,8.639878035E-1,8.796558976E-1,-1.841780782E0
3.167127621E1,8.946154714E-1,8.830535412E-1,-1.845478177E0
3.168127021E1,9.372768998E-1,8.888272643E-1,-1.858796358E0
3.169126521E1,9.824675918E-1,8.836566210E-1,-1.871806264E0
3.170125921E1,1.002066851E0,8.756613135E-1,-1.875876904E0
3.171125421E1,1.015063286E0,8.641198277E-1,-1.866323948E0
3.172124921E1,1.028139234E0,8.480101228E-1,-1.856496334E0
3.173124321E1,1.022406220E0,8.244748116E-1,-1.846230626E0
3.174123821E1,1.028985023E0,7.939602733E-1,-1.837678909E0
3.175123221E1,1.048181653E0,7.558650970E-1,-1.845821381E0
3.176122721E1,1.070943117E0,7.113229036E-1,-1.877896786E0
3.177122221E1,1.107914448E0,6.685457826E-1,-1.935239911E0
3.178121621E1,1.144469500E0,6.275757551E-1,-1.988942266E0
3.179121121E1,1.169170380E0,5.885946751E-1,-2.011922359E0
3.180120521E1,1.176070571E0,5.431965590E-1,-2.006756783E0
3.181120021E1,1.176767588E0,5.025134087E-1,-1.987233043E0
3.182119421E1,1.175169349E0,4.569304883E-1,-1.970083117E0
3.183118921E1,1.173476458E0,4.103262424E-1,-1.952327847E0
3.184118421E1,1.169842243E0,3.826698363E-1,-1.935859442E0
3.185117821E1,1.170830607E0,3.679757118E-1,-1.922266245E0
3.186117321E1,1.182149768E0,3.642033339E-1,-1.924066782E0
3.187116721E1,1.197558045E0,3.665783405E-1,-1.946936846E0
3.188116221E1,1.195873022E0,3.807221353E-1,-1.960040450E0
3.189115721E1,1.187197566E0,4.028861225E-1,-1.954668999E0
3.190115121E1,1.174499631E0,4.118942618E-1,-1.929164648E0
3.191114621E1,1.155704618E0,4.119768143E-1,-1.898450851E0
3.192114021E1,1.142121196E0,4.080134928E-1,-1.866906524E0
3.193113521E1,1.115957499E0,3.918611407E-1,-1.837401152E0
3.194113021E1,1.092268348E0,3.780449331E-1,-1.810485840E0
3.195112421E1,1.081475139E0,3.656760752E-1,-1.791784883E0
3.196111921E1,1.083461046E0,3.402511179E-1,-1.784431815E0
3.197111321E1,1.093541622E0,2.988851070E-1,-1.786619425E0
3.198110821E1,1.084906101E0,2.532827258E-1,-1.793913841E0
3.199110321E1,1.058373213E0,2.099696100E-1,-1.775273800E0
3.200109721E1,1.021710038E0,1.713471264E-1,-1.732236624E0
3.201109221E1,9.710265994E-1,1.310549229E-1,-1.675229311E0
3.202108621E1,9.303194284E-1,9.586870670E-2,-1.616050720E0
3.203108121E1,8.993197083E-1,5.948010832E-2,-1.575075865E0
3.204107521E1,8.790924549E-1,1.922882535E-2,-1.551199079E0
3.205107021E1,8.638250828E-1,-1.735635288E-2,-1.541160226E0
3.206106521E1,8.549247980E-1,-5.934747681E-2,-1.535076261E0
3.207105921E1,8.382970691E-1,-8.801637590E-2,-1.522445679E0
3.208105421E1,8.083389401E-1,-1.037426069E-1,-1.501561880E0
3.209104821E1,7.681539655E-1,-1.072917655E-1,-1.473978400E0
3.210104321E1,7.301370502E-1,-1.010461226E-1,-1.449168682E0
3.211103821E1,6.858982444E-1,-8.712814003E-2,-1.416741252E0
3.212103221E1,6.518436074E-1,-7.215771079E-2,-1.382319570E0
3.213102721E1,6.218409538E-1,-5.481570959E-2,-1.351014972E0
3.214102121E1,6.100077033E-1,-5.038714036E-2,-1.323620081E0
3.215101621E1,6.041447520E-1,-5.963579193E-2,-1.305144906E0
3.216101121E1,6.074689031E-1,-7.863052189E-2,-1.289125204E0
3.217100521E1,6.053287983E-1,-1.054470688E-1,-1.278485537E0
3.218100021E1,5.959427357E-1,-1.355093569E-1,-1.263668418E0
3.219099421E1,5.912699699E-1,-1.625021547E-1,-1.244716167E0
3.220098921E1,5.853210092E-1,-1.837813556E-1,-1.231596947E0
3.221098421E1,5.800343752E-1,-2.023750693E-1,-1.217328787E0
3.222097821E1,5.735061765E-1,-2.156264186E-1,-1.213293195E0
3.223097321E1,5.654479861E-1,-2.222346365E-1,-1.217671156E0
3.224096721E1,5.607141852E-1,-2.202894539E-1,-1.224204183E0
3.225096221E1,5.533806682E-1,-1.988800764E-1,-1.231694818E0
3.226095621E1,5.415394306E-1,-1.663034856E-1,-1.236445427E0
3.227095121E1,5.362549424E-1,-1.271533966E-1,-1.242337823E0
3.228094621E1,5.352386832E-1,-7.920024544E-2,-1.247001886E0
3.229094021E1,5.390943885E-1,-3.244688362E-2,-1.259837151E0
3.230093546E1,5.557668209E-1,8.979383856E-3,-1.275053978E0
3.231092946E1,5.802440047E-1,3.206413612E-2,-1.289989352E0
3.232092446E1,6.028734446E-1,3.810631484E-2,-1.295567870E0
3.233091946E1,6.282527447E-1,3.273900971E-2,-1.290534377E0
3.234091346E1,6.476759911E-1,1.716617309E-2,-1.268193722E0
3.235090846E1,6.622413397E-1,-6.875747815E-3,-1.233105421E0
3.236090246E1,6.791130304E-1,-2.455061488E-2,-1.195469975E0
3.237089746E1,6.931869984E-1,-2.850334346E-2,-1.156115413E0
3.238089246E1,7.054018974E-1,-1.789943501E-2,-1.117245793E0
3.239088646E1,7.125335336E-1,1.228879299E-2,-1.073392391E0
3.240088146E1,7.200431228E-1,6.559649110E-2,-1.024482369E0
3.241087546E1,7.208271623E-1,1.372578591E-1,-9.682496786E-1
3.242087046E1,7.189344764E-1,2.165529579E-1,-9.028297067E-1
3.243086446E1,7.169845104E-1,3.037663996E-1,-8.327965140E-1
3.244085946E1,7.074573040E-1,3.902898133E-1,-7.656310797E-1
3.245085446E1,6.978952289E-1,4.753300250E-1,-6.982122660E-1
3.246084846E1,6.866726875E-1,5.571650267E-1,-6.332510710E-1
3.247084346E1,6.745845675E-1,6.325806975E-1,-5.668272972E-1
3.248083746E1,6.615372300E-1,7.098038197E-1,-5.055759549E-1
3.249083246E1,6.411980987E-1,7.758428454E-1,-4.423664808E-1
3.250082746E1,6.263512969E-1,8.330497146E-1,-3.844195604E-1
3.251082146E1,6.105573773E-1,8.787039518E-1,-3.277128935E-1
3.252081646E1,5.927203298E-1,9.142041802E-1,-2.731250226E-1
3.253081046E1,5.733780861E-1,9.417965412E-1,-2.229450345E-1
3.254080546E1,5.552078485E-1,9.645055532E-1,-1.772915274E-1
3.255080046E1,5.357792974E-1,9.824517965E-1,-1.381496489E-1
3.256079446E1,5.129916668E-1,9.951004386E-1,-1.081648543E-1
3.257078946E1,4.958955646E-1,9.987551570E-1,-8.174154907E-2
3.258078346E1,4.811552167E-1,9.991144538E-1,-6.379930675E-2
3.259077846E1,4.587132633E-1,9.896150231E-1,-5.217136443E-2
3.260077346E1,4.417997897E-1,9.729646444E-1,-4.481092095E-2
3.261076746E1,4.263111055E-1,9.518407583E-1,-3.927682713E-2
3.262076246E1,4.089550376E-1,9.171965122E-1,-3.461549804E-2
3.263075646E1,3.908610046E-1,8.778582215E-1,-3.435480595E-2
3.264075146E1,3.789393604E-1,8.241915703E-1,-3.056699410E-2
3.265074546E1,3.632128835E-1,7.612716556E-1,-3.478887677E-2
3.266074046E1,3.462165892E-1,6.963328719E-1,-3.698198870E-2
3.267073546E1,3.248684108E-1,6.245681643E-1,-4.255063087E-2
3.268072946E1,3.115099967E-1,5.548377633E-1,-4.776190594E-2
3.269072446E1,2.924814224E-1,4.812299907E-1,-5.578190833E-2
3.270071846E1,2.740824223E-1,4.134634733E-1,-5.954042822E-2
3.271071346E1,2.518072128E-1,3.455190063E-1,-6.401264668E-2
3.272070846E1,2.279834002E-1,2.809589207E-1,-6.843588501E-2
3.273070246E1,1.994404346E-1,2.189399451E-1,-7.186244428E-2
3.274069746E1,1.771332622E-1,1.589652896E-1,-7.442040741E-2
3.275069146E1,1.515370756E-1,9.968465567E-2,-7.479010522E-2
3.276068646E1,1.241763011E-1,4.002078623E-2,-7.736085355E-2
3.277068146E1,9.836921841E-2,-1.713827066E-2,-7.320209593E-2
3.278067546E1,7.234480977E-2,-7.019563019E-2,-7.005663961E-2
3.279067046E1,4.692918435E-2,-1.214010939E-1,-6.544856727E-2
3.280066446E1,1.706662774E-2,-1.710687876E-1,-6.131187454E-2
3.281065946E1,-5.943061318E-3,-2.145699114E-1,-5.550156161E-2
3.282065346E1,-2.991417423E-2,-2.542885542E-1,-4.658103734E-2
3.283064846E1,-5.296305567E-2,-2.869610488E-1,-3.839880973E-2
3.284064346E1,-7.329256088E-2,-3.086684942E-1,-2.915684134E-2
3.285063746E1,-9.035167843E-2,-3.243415952E-1,-1.743681543E-2
3.286063246E1,-1.088697016E-1,-3.295778632E-1,-8.812433109E-3
3.287062646E1,-1.220758110E-1,-3.295241296E-1,2.779968549E-3
3.288062146E1,-1.376723498E-1,-3.203634024E-1,1.144189946E-2
3.289061646E1,-1.513410211E-1,-3.054495156E-1,1.986747235E-2
3.290061046E1,-1.561331153E-1,-2.841929793E-1,2.411654592E-2
3.291060546E1,-1.647731960E-1,-2.576959133E-1,2.654806711E-2
3.292059946E1,-1.716284454E-1,-2.261355966E-1,2.971802838E-2
3.293059446E1,-1.707261652E-1,-1.947618872E-1,3.893091157E-2
3.294058946E1,-1.734234095E-1,-1.594361216E-1,4.918275028E-2
3.295058346E1,-1.740473956E-1,-1.239792705E-1,5.948273838E-2
3.296057846E1,-1.742947996E-1,-9.511353076E-2,7.339055836E-2
3.297057246E1,-1.711168587E-1,-7.611387968E-2,8.308990300E-2
3.298056746E1,-1.691583693E-1,-6.477732956E-2,9.273187816E-2
3.299056146E1,-1.623665094E-1,-6.005208194E-2,9.696523845E-2
3.300055646E1,-1.584031880E-1,-6.340420246E-2,9.873677790E-2
3.301055146E1,-1.492030472E-1,-6.908532232E-2,1.030646861E-1
3.302054546E1,-1.418314129E-1,-7.160148025E-2,1.041858792E-1
3.303054046E1,-1.364318430E-1,-7.678708434E-2,1.051424444E-1
3.304053446E1,-1.289571524E-1,-8.059008420E-2,1.060119718E-1
3.305052946E1,-1.236435995E-1,-8.006093651E-2,1.056693047E-1
3.306052446E1,-1.150565073E-1,-8.200211823E-2,1.021406129E-1
3.307051846E1,-1.058829948E-1,-8.132161945E-2,1.006536186E-1
3.308051346E1,-9.854225814E-2,-8.168487251E-2,9.539280832E-2
3.309050746E1,-8.916527033E-2,-8.204333484E-2,9.357919544E-2
3.310050246E1,-8.184050769E-2,-7.828640938E-2,8.938311785E-2
3.311049746E1,-7.450935245E-2,-7.392475754E-2,8.653363585E-2
3.312049146E1,-6.773027778E-2,-7.113935798E-2,8.672032505E-2
3.313048646E1,-6.182657555E-2,-6.083328649E-2,8.679556102E-2
3.314048046E1,-5.727736279E-2,-5.255831406E-2,8.678091317E-2
3.315047546E1,-5.215851590E-2,-4.398623109E-2,8.702728897E-2
3.316047046E1,-5.008524284E-2,-3.927456960E-2,8.740918338E-2
3.317046446E1,-4.768892378E-2,-3.261619806E-2,8.282864839E-2
3.318045946E1,-4.480551928E-2,-3.243776783E-2,8.103314787E-2
3.319045346E1,-4.161745310E-2,-3.076510131E-2,7.685256749E-2
3.320044846E1,-3.657608852E-2,-3.414758295E-2,7.440964878E-2
3.321044246E1,-3.519872949E-2,-3.722945228E-2,7.142554224E-2
3.322043746E1,-2.701403573E-2,-4.074295983E-2,6.720043719E-2
3.323043246E1,-2.133215591E-2,-3.905552253E-2,5.936119705E-2
3.324042646E1,-1.635310985E-2,-4.066167399E-2,5.110593140E-2
3.325042146E1,-9.725572541E-3,-3.706733882E-2,4.158363864E-2
3.326041546E1,-4.444564111E-4,-3.187603876E-2,3.218507767E-2
3.327041046E1,4.170279019E-3,-2.794950828E-2,2.702101693E-2
3.328040546E1,1.208040025E-2,-2.430790290E-2,1.779422909E-2
3.329039946E1,1.855428517E-2,-1.746504009E-2,4.876190796E-3
3.330039458E1,3.080802225E-2,-1.371584274E-2,-7.604447193E-3
3.331038858E1,4.049577937E-2,-6.329232827E-3,-1.630913839E-2
3.332038358E1,5.109542608E-2,9.246855043E-4,-2.718202770E-2
3.333037758E1,6.122344732E-2,6.686334033E-3,-3.605310246E-2
3.334037258E1,6.619796902E-2,1.161850989E-2,-4.559920356E-2
3.335036758E1,7.503885031E-2,1.363451965E-2,-5.163264647E-2
3.336036158E1,8.017422259E-2,1.647451520E-2,-6.245919690E-2
3.337035658E1,8.640070260E-2,1.647704467E-2,-6.938085705E-2
3.338035058E1,9.208681434E-2,1.865684241E-2,-6.969910860E-2
3.339034558E1,9.663600475E-2,2.193436772E-2,-7.307472825E-2
3.340034058E1,9.881953150E-2,2.735603042E-2,-7.549713552E-2
3.341033458E1,9.984967858E-2,3.264433518E-2,-7.620838284E-2
3.342032958E1,9.912823141E-2,3.633946925E-2,-7.611517608E-2
3.343032358E1,9.635452926E-2,4.157164693E-2,-8.100999892E-2
3.344031858E1,9.533533454E-2,4.873980954E-2,-7.955484837E-2
3.345031358E1,9.566105157E-2,5.042792484E-2,-7.589396834E-2
3.346030758E1,8.992220461E-2,5.222662166E-2,-7.576347142E-2
3.347030258E1,8.744998276E-2,5.586769432E-2,-7.236292958E-2
3.348029658E1,8.441796899E-2,5.509031564E-2,-6.919989735E-2
3.349029158E1,7.833052427E-2,5.443058535E-2,-6.958036125E-2
3.350028658E1,7.336825877E-2,5.082520097E-2,-6.524500251E-2
3.351028058E1,6.713300198E-2,4.732463881E-2,-6.267204136E-2
3.352027558E1,6.393161416E-2,4.102040455E-2,-6.137081981E-2
3.353026958E1,5.385555327E-2,3.638254479E-2,-5.741706118E-2
3.354026458E1,5.437753350E-2,2.746894583E-2,-5.526230112E-2
3.355025858E1,4.915053770E-2,2.154327556E-2,-5.544701591E-2
3.356025358E1,4.099913687E-2,1.900741458E-2,-5.077689514E-2
3.357024858E1,3.592980281E-2,1.719922759E-2,-4.907260090E-2
3.358024258E1,3.127379715E-2,1.059858315E-2,-4.448238015E-2
3.359023758E1,2.994622290E-2,7.841380313E-3,-3.955359384E-2
3.360023158E1,2.698398754E-2,9.138872847E-3,-3.599960357E-2
3.361022658E1,1.910874434E-2,7.878163829E-3,-3.251226991E-2
3.362022158E1,1.680484228E-2,9.994311258E-3,-2.610816620E-2
3.363021558E1,1.452092826E-2,1.510731690E-2,-2.456161939E-2
3.364021058E1,1.305246074E-2,1.591665111E-2,-2.289501391E-2
3.365020458E1,9.781010449E-3,2.279639617E-2,-1.859783195E-2
3.366019958E1,1.093655638E-2,2.146108635E-2,-1.629952341E-2
3.367019458E1,7.125333883E-3,2.379411831E-2,-1.410186943E-2
3.368018858E1,5.732234567E-3,2.587431297E-2,-1.300304849E-2
3.369018358E1,7.395965513E-4,2.035520785E-2,-1.406492759E-2
3.370017758E1,2.616326325E-3,2.055387944E-2,-1.748709008E-2
3.371017258E1,3.663460491E-3,1.881250739E-2,-1.482514292E-2
3.372016758E1,-2.010137774E-3,1.571365446E-2,-1.106795482E-2
3.373016158E1,-4.224531353E-3,1.142173447E-2,-6.136513315E-3
3.374015658E1,-8.339115418E-3,1.267928071E-2,-8.661456406E-3
3.375015058E1,-8.808374405E-3,6.153501105E-3,-8.913733065E-3
3.376014558E1,-9.723968804E-3,1.466870308E-3,-9.066864848E-3
3.377013958E1,-1.056738105E-2,-2.987530548E-3,-7.645486388E-3
3.378013458E1,-1.312667876E-2,-4.727373831E-3,-8.236974478E-3
3.379012958E1,-1.520048082E-2,-8.777741343E-3,-4.931752570E-3
3.380012358E1,-1.767162792E-2,-1.299352571E-2,-1.397205517E-3
3.381011858E1,-2.017262392E-2,-1.208216045E-2,5.442467984E-3
3.382011258E1,-2.661374398E-2,-1.208562311E-2,7.219329011E-3
3.383010758E1,-2.400862984E-2,-1.224221755E-2,1.082343236E-2
3.384010258E1,-2.831469476E-2,-8.485828526E-3,1.499234512E-2
3.385009658E1,-3.003349155E-2,-6.419812329E-3,1.882340573E-2
3.386009158E1,-3.194430843E-2,-1.492964569E-3,2.305197157E-2
3.387008558E1,-3.487672657E-2,-1.625325996E-3,2.363355830E-2
3.388008058E1,-3.522560000E-2,1.401356421E-3,2.637181990E-2
3.389007558E1,-3.755935282E-2,8.394685574E-4,2.938240394E-2
3.390006958E1,-3.274701908E-2,2.723921090E-3,2.953819931E-2
3.391006458E1,-3.532041609E-2,4.536763765E-3,3.321364522E-2
3.392005858E1,-3.220957890E-2,5.367935635E-3,3.399901092E-2
3.393005358E1,-3.146468103E-2,4.111988470E-3,2.902027965E-2
3.394004758E1,-3.119463846E-2,4.890963435E-3,2.881361730E-2
3.395004258E1,-2.781935781E-2,3.167632502E-3,2.738984302E-2
3.396003758E1,-2.678232267E-2,4.781060852E-4,2.609661222E-2
3.397003158E1,-2.505818568E-2,-1.618934562E-3,2.196402103E-2
3.398002658E1,-2.250874043E-2,-3.192862729E-3,1.533887628E-2
3.399002058E1,-1.687509008E-2,-4.150269087E-3,1.126876660E-2
3.400001558E1,-1.231415942E-2,-4.881040659E-3,5.694238469E-3
3.401001058E1,-1.079802588E-2,-7.730189711E-3,3.182160901E-3
3.402000458E1,-7.326329593E-3,-1.258832775E-2,2.095324919E-3
3.402999958E1,-6.343886256E-3,-1.347056683E-2,-6.133897696E-3
3.403999358E1,-1.034342102E-3,-1.679552346E-2,-7.698771078E-3
3.404998858E1,6.488552317E-3,-1.870454475E-2,-1.075922139E-2
3.405998358E1,8.158354089E-3,-2.044225484E-2,-1.271078549E-2
3.406997758E1,9.719233029E-3,-2.048992738E-2,-1.490416564E-2
3.407997258E1,1.399866678E-2,-1.755672134E-2,-1.498565823E-2
3.408996658E1,1.210329775E-2,-1.297761593E-2,-1.544084586E-2
3.409996158E1,1.140421815E-2,-1.407350693E-2,-1.556841098E-2
3.410995558E1,1.327377558E-2,-1.303683408E-2,-1.779223979E-2
3.411995058E1,1.348070335E-2,-1.324535906E-2,-2.060959674E-2
3.412994558E1,1.440188009E-2,-1.519982331E-2,-2.002724074E-2
3.413993958E1,1.118424907E-2,-1.841079816E-2,-2.327203564E-2
3.414993458E1,8.634792641E-3,-2.041379362E-2,-2.092261426E-2
3.415992858E1,9.646527469E-3,-2.833616361E-2,-2.397459745E-2
3.416992358E1,9.653714485E-3,-3.214668483E-2,-2.442834526E-2
3.417991858E1,4.592376761E-3,-3.888341784E-2,-2.558655292E-2
3.418991258E1,4.154831637E-3,-4.486647248E-2,-2.294092253E-2
3.419990758E1,1.997138374E-3,-4.969611391E-2,-2.537238970E-2
3.420990158E1,3.788111266E-3,-5.176252872E-2,-2.599471621E-2
3.421989658E1,1.476753852E-3,-5.064453185E-2,-2.654465847E-2
3.422989158E1,2.869584132E-3,-5.012608320E-2,-2.741279453E-2
3.423988558E1,1.675156411E-3,-5.247871950E-2,-3.117104620E-2
3.424988058E1,2.514845226E-3,-4.845827818E-2,-3.132433444E-2
3.425987458E1,2.616844140E-3,-5.293665081E-2,-2.881323919E-2
3.426986958E1,2.444012556E-3,-5.390427634E-2,-2.828740329E-2
3.427986358E1,1.861312892E-3,-5.317190662E-2,-3.106987476E-2
3.428985858E1,6.224633195E-3,-5.231310427E-2,-2.862050943E-2
3.429985371E1,5.859780125E-3,-5.003903061E-2,-2.782795392E-2
3.430984771E1,5.232331809E-3,-4.840001836E-2,-2.698679082E-2
3.431984271E1,4.804095253E-3,-4.217461497E-2,-2.076005191E-2
3.432983671E1,7.509094197E-3,-3.803732619E-2,-1.723531820E-2
3.433983171E1,8.874230087E-3,-3.281087056E-2,-1.510958187E-2
3.434982671E1,6.475771777E-3,-3.359074891E-2,-1.207194850E-2
3.435982071E1,4.340449348E-3,-3.107246384E-2,-9.601065889E-3
3.436981571E1,5.144977011E-3,-2.973745018E-2,-1.053958386E-2
3.437980971E1,5.896254443E-3,-2.855527401E-2,-5.643361714E-3
3.438980471E1,8.085137233E-3,-3.290751204E-2,-5.545931868E-3
3.439979971E1,5.839292891E-3,-3.182067350E-2,-8.099636994E-3
3.440979371E1,1.161459927E-2,-3.810873255E-2,-1.586119644E-3
3.441978871E1,9.155702777E-3,-3.998173401E-2,-1.009278931E-3
3.442978271E1,7.382574026E-3,-3.875791281E-2,8.058492094E-4
3.443977771E1,6.210250314E-3,-3.977710754E-2,2.106803469E-3
3.444977171E1,6.886154879E-3,-4.079429805E-2,2.086141147E-3
3.445976671E1,7.316521369E-3,-3.836895525E-2,4.521335475E-3
3.446976171E1,9.448929690E-3,-3.243137524E-2,4.386305343E-3
3.447975571E1,9.803663008E-3,-2.942786366E-2,9.522744454E-3
3.448975071E1,5.619316362E-3,-2.516277134E-2,1.225650124E-2
3.449974471E1,4.317296669E-3,-2.171957120E-2,1.771118864E-2
3.450973971E1,6.436083466E-3,-2.011478692E-2,1.841925271E-2
3.451973471E1,4.624601454E-3,-1.882768050E-2,2.116843313E-2
3.452972871E1,3.166258801E-3,-1.864062808E-2,2.298516035E-2
3.453972371E1,1.318824012E-3,-1.654338837E-2,2.183653787E-2
3.454971771E1,1.012027846E-3,-1.924170181E-2,2.277689986E-2
3.455971271E1,2.200330375E-3,-1.831545681E-2,2.259207703E-2
3.456970771E1,1.909517450E-3,-1.971884258E-2,2.183059789E-2
3.457970171E1,4.865359981E-3,-2.451732568E-2,1.927928999E-2
3.458969671E1,3.293551970E-3,-2.160938457E-2,1.219014637E-2
3.459969071E1,5.668825004E-3,-2.489359677E-2,1.091688871E-2
3.460968571E1,4.130589310E-3,-2.560292929E-2,8.464274928E-3
3.461967971E1,4.276264459E-3,-2.370968834E-2,4.786715377E-3
3.462967471E1,8.439966477E-4,-2.384703979E-2,7.886627689E-3
3.463966971E1,3.789186710E-3,-2.190293185E-2,3.546207910E-3
3.464966371E1,2.900770400E-3,-2.274944261E-2,2.234038198E-3
3.465965871E1,4.486949183E-3,-2.712075599E-2,-2.002518158E-3
3.466965271E1,2.549480880E-3,-2.416805178E-2,-6.271986291E-3
3.467964771E1,2.417388139E-3,-2.478004619E-2,-7.861893624E-3
3.468964271E1,2.780369716E-3,-2.581005730E-2,-1.018429920E-2
3.469963671E1,5.710113328E-4,-2.928894386E-2,-9.941952303E-3
3.470963171E1,2.869054442E-3,-3.196192533E-2,-1.155878417E-2
3.471962571E1,1.479416969E-3,-3.487675637E-2,-1.256572641E-2
3.472962071E1,3.144440707E-3,-3.410992771E-2,-1.228559297E-2
3.473961571E1,-2.295181039E-4,-3.305025771E-2,-9.960387833E-3
3.474960971E1,-1.361378352E-3,-2.578049712E-2,-1.115475409E-2
3.475960471E1,-1.072957995E-3,-2.061822452E-2,-1.033130474E-2
3.476959871E1,2.984117018E-3,-1.635786332E-2,-1.031642593E-2
3.477959371E1,2.077576937E-3,-1.576983742E-2,-8.597886190E-3
3.478958871E1,2.863738220E-3,-1.263965853E-2,-9.647359140E-3
3.479958271E1,2.403810155E-3,-1.289585605E-2,-9.830051102E-3
3.480957771E1,5.074152257E-3,-1.024198346E-2,-1.205732860E-2
3.481957171E1,4.420612473E-3,-1.014477853E-2,-1.126530394E-2
3.482956671E1,3.314323025E-3,-1.200020127E-2,-1.124377921E-2
3.483956071E1,5.473081488E-3,-1.009444334E-2,-9.206194431E-3
3.484955571E1,6.127144676E-3,-1.118120924E-2,-9.766623378E-3
3.485955071E1,6.023547612E-3,-5.126246251E-3,-9.223339148E-3
3.486954471E1,2.441345016E-3,-7.365103811E-3,-7.374848705E-3
3.487953971E1,-1.143536181E-3,-5.117661785E-3,-7.678982336E-3
3.488953371E1,4.065622576E-3,-7.016394753E-3,-1.004576776E-2
3.489952871E1,4.009163473E-3,-9.942675941E-3,-8.204990067E-3
3.490952371E1,2.993459813E-3,-9.567816742E-3,-8.348271251E-3
3.491951771E1,1.617670758E-3,-1.326668169E-2,-8.671578951E-3
3.492951271E1,2.503923140E-3,-1.670174487E-2,-7.333192974E-3
3.493950671E1,-4.472193541E-5,-1.727938466E-2,-8.065562695E-3
3.494950171E1,1.772081945E-3,-2.095278166E-2,-6.004459690E-3
3.495949671E1,2.420561621E-3,-2.089392580E-2,-7.188234944E-3
3.496949071E1,1.287944266E-3,-1.746853627E-2,-3.606482409E-3
3.497948571E1,5.073717330E-4,-1.555612125E-2,-5.965776742E-3
3.498947971E1,2.899425570E-3,-1.306493208E-2,-1.788663212E-3
3.499947471E1,3.169584670E-4,-1.310701016E-2,-6.674719043E-4
3.500946871E1,4.146702995E-4,-1.239681151E-2,1.373268198E-3
3.501946371E1,-1.414921368E-3,-1.178561524E-2,5.231389776E-3
3.502945871E1,-4.140135832E-3,-9.167761542E-3,4.460431635E-3
3.503945271E1,-3.414690727E-3,-1.750238985E-2,5.985890515E-3
3.504944771E1,-3.957450856E-3,-1.664528251E-2,7.297902834E-3
3.505944171E1,-1.806681859E-3,-2.674585395E-2,6.686707027E-3
3.506943671E1,-2.277517691E-3,-3.406186029E-2,1.000933908E-2
3.507943171E1,-1.404267154E-3,-4.637658224E-2,1.195690874E-2
3.508942571E1,-4.662361927E-3,-5.895006657E-2,1.231746562E-2
3.509942071E1,-1.859385171E-3,-6.892254204E-2,1.087989099E-2
3.510941471E1,-2.034100238E-3,-7.578044385E-2,1.032031327E-2
3.511940971E1,-2.071717754E-4,-8.163966238E-2,7.810550742E-3
3.512940471E1,3.356411587E-3,-7.896062732E-2,8.617350832E-3
3.513939871E1,1.197120524E-3,-7.023558021E-2,1.070873160E-2
3.514939371E1,2.692767186E-3,-6.034289673E-2,1.080670394E-2
3.515938771E1,-2.714781323E-3,-4.954830930E-2,1.611917652E-2
3.516938271E1,2.527606557E-4,-4.135313258E-2,1.939548552E-2
3.517937671E1,-2.130502369E-3,-3.190743178E-2,2.253668383E-2
3.518937171E1,-2.607206348E-3,-2.509183623E-2,2.436731383E-2
3.519936671E1,-2.576313913E-3,-1.908108220E-2,2.635642886E-2
3.520936071E1,-2.481508302E-3,-1.554526947E-2,2.791949175E-2
3.521935571E1,2.680230420E-3,-1.987929642E-2,2.338199876E-2
3.522934971E1,8.506690152E-3,-3.338082507E-2,1.928028092E-2
3.523934471E1,7.925773971E-4,-4.483481124E-2,1.717664860E-2
3.524933971E1,-2.055674791E-3,-5.017847940E-2,1.974130049E-2
3.525933371E1,-1.041853335E-2,-4.627508298E-2,2.018125542E-2
3.526932871E1,-1.067871228E-2,-5.090712011E-2,1.934134215E-2
3.527932271E1,-1.307822019E-2,-6.419389695E-2,1.079605613E-2
3.528931771E1,-1.815394312E-2,-9.828405827E-2,2.068426926E-3
3.529931246E1,-2.373246662E-2,-1.422539055E-1,3.187753493E-3
3.530930646E1,-1.952014863E-2,-1.931802630E-1,8.520787582E-3
3.531930146E1,-2.331968024E-2,-2.560268641E-1,2.322996035E-2
3.532929546E1,-3.581921011E-2,-3.213059008E-1,3.210834414E-2
3.533929046E1,-4.630167782E-2,-3.924836516E-1,5.191560462E-2
3.534928446E1,-6.138663739E-2,-4.702390730E-1,9.203168750E-2
3.535927946E1,-8.048550040E-2,-5.293167830E-1,1.511290967E-1
3.536927446E1,-1.055546105E-1,-5.741068721E-1,2.115166634E-1
3.537926846E1,-1.169859692E-1,-5.957341790E-1,2.586863041E-1
3.538926346E1,-1.090641394E-1,-5.997710824E-1,2.955058217E-1
3.539925746E1,-9.995799512E-2,-5.801065564E-1,3.279013336E-1
3.540925246E1,-9.821362048E-2,-5.608208179E-1,3.515575230E-1
3.541924746E1,-9.443832189E-2,-5.386101007E-1,3.717405498E-1
3.542924146E1,-5.889603496E-2,-5.282958746E-1,4.014613926E-1
3.543923646E1,-3.139836341E-2,-5.306910872E-1,4.419036210E-1
3.544923046E1,-1.105968491E-3,-5.306454897E-1,4.916295707E-1
3.545922546E1,2.790331095E-2,-5.076291561E-1,5.285737514E-1
3.546922046E1,5.621883646E-2,-4.679611921E-1,5.496751666E-1
3.547921446E1,7.788950950E-2,-4.017744660E-1,5.664027333E-1
3.548920946E1,9.383890778E-2,-3.078123331E-1,5.934820771E-1
3.549920346E1,1.118613183E-1,-1.885786355E-1,6.312382221E-1
3.550919846E1,1.321721673E-1,-5.489889905E-2,6.761177778E-1
3.551919246E1,1.500148177E-1,8.900607377E-2,7.116025686E-1
3.552918746E1,1.618222147E-1,2.149238586E-1,7.412256598E-1
3.553918246E1,1.724682003E-1,3.085480928E-1,7.616750002E-1
3.554917646E1,1.830817014E-1,3.692775369E-1,7.703120708E-1
3.555917146E1,1.946366280E-1,3.997273147E-1,7.711080909E-1
3.556916546E1,2.034151703E-1,3.906546831E-1,7.654321194E-1
3.557916046E1,2.125404924E-1,3.644265234E-1,7.536923885E-1
3.558915546E1,2.223566622E-1,3.305734694E-1,7.327078581E-1
3.559914946E1,2.388805002E-1,2.922431231E-1,7.193512917E-1
3.560914446E1,2.480655164E-1,2.679272294E-1,7.154055238E-1
3.561913846E1,2.679614425E-1,2.557587028E-1,7.237862349E-1
3.562913346E1,2.856419086E-1,2.739616632E-1,7.408397794E-1
3.563912846E1,2.906683683E-1,3.125551045E-1,7.566578984E-1
3.564912246E1,2.889900506E-1,3.684394658E-1,7.644443512E-1
3.565911746E1,2.647419572E-1,4.268599153E-1,7.474265099E-1
3.566911146E1,2.369457185E-1,4.695364237E-1,6.951543689E-1
3.567910646E1,1.944773495E-1,4.724392593E-1,6.009972095E-1
3.568910046E1,1.166062653E-1,3.635352850E-1,4.826411009E-1
3.569909546E1,2.896643430E-2,1.607110798E-1,3.739883900E-1
3.570909046E1,-1.750119962E-2,-4.623037577E-2,2.961234152E-1
3.571908446E1,-2.261766419E-2,-2.503920197E-1,2.518736720E-1
3.572907946E1,-9.742611088E-3,-4.268780947E-1,2.472594529E-1
3.573907346E1,2.092182450E-2,-5.463591814E-1,2.690553069E-1
3.574906846E1,5.673256144E-2,-5.848038197E-1,3.044823110E-1
3.575906346E1,8.400386572E-2,-5.330948234E-1,3.316145837E-1
3.576905746E1,9.920170903E-2,-4.206380844E-1,3.388059139E-1
3.577905246E1,1.002275571E-1,-2.717865407E-1,3.383627534E-1
3.578904646E1,8.900367469E-2,-1.046824083E-1,3.417808712E-1
3.579904146E1,6.750344485E-2,6.448104978E-2,3.530412316E-1
3.580903646E1,4.845571145E-2,2.173857540E-1,3.649155796E-1
3.581903046E1,3.382030874E-2,3.546786308E-1,3.690560162E-1
3.582902546E1,2.158202976E-2,4.525319934E-1,3.617017269E-1
3.583901946E1,1.546794549E-2,5.073994994E-1,3.521550894E-1
3.584901446E1,1.202927250E-2,5.252318382E-1,3.575098813E-1
3.585900946E1,4.326079972E-3,5.105940104E-1,3.790796101E-1
3.586900346E1,-8.880288340E-3,4.722981155E-1,4.016342759E-1
3.587899846E1,-2.507816628E-2,4.285764694E-1,4.233164191E-1
3.588899246E1,-5.620704219E-2,3.939040899E-1,4.370750189E-1
3.589898746E1,-9.518719465E-2,3.696908951E-1,4.471007586E-1
3.590898146E1,-1.403304487E-1,3.554099798E-1,4.450785518E-1
3.591897646E1,-1.749595255E-1,3.293054104E-1,4.376398027E-1
3.592897146E1,-2.072064131E-1,2.783388793E-1,4.321420491E-1
3.593896546E1,-2.318060398E-1,1.962930113E-1,4.382545352E-1
3.594896046E1,-2.538271844E-1,8.791100979E-2,4.583226442E-1
3.595895446E1,-2.669664323E-1,-3.745729104E-2,4.930015206E-1
3.596894946E1,-2.794475853E-1,-1.703859121E-1,5.413380265E-1
3.597894446E1,-2.866724730E-1,-2.906457484E-1,5.936441422E-1
3.598893846E1,-2.935759425E-1,-3.793918192E-1,6.428202987E-1
3.599893346E1,-2.931562364E-1,-4.304597974E-1,6.859645844E-1
3.600892746E1,-2.932699323E-1,-4.257790446E-1,7.222153544E-1
3.601892246E1,-2.982077003E-1,-3.838108182E-1,7.576694489E-1
3.602891746E1,-3.100052476E-1,-3.145596385E-1,7.958531380E-1
3.603891146E1,-3.250651658E-1,-2.295992076E-1,8.360386491E-1
3.604890646E1,-3.404555619E-1,-1.457047015E-1,8.852347732E-1
3.605890046E1,-3.564273417E-1,-6.216906011E-2,9.437881112E-1
3.606889546E1,-3.741099238E-1,5.490376148E-3,1.015220523E0
3.607889046E1,-3.926138282E-1,4.869537055E-2,1.094290614E0
3.608888446E1,-4.260279834E-1,8.110793680E-2,1.165020466E0
3.609887946E1,-4.688737094E-1,1.035442650E-1,1.236165285E0
3.610887346E1,-5.221321583E-1,1.185563132E-1,1.308276057E0
3.611886846E1,-5.758694410E-1,1.341288835E-1,1.386709929E0
3.612886246E1,-6.284050345E-1,1.529502720E-1,1.465827823E0
3.613885746E1,-6.825351119E-1,1.641784310E-1,1.543645144E0
3.614885246E1,-7.333551645E-1,1.612791717E-1,1.610322833E0
3.615884646E1,-7.857965231E-1,1.510638148E-1,1.677055001E0
3.616884146E1,-8.352019191E-1,1.377815008E-1,1.735556245E0
3.617883546E1,-8.813787103E-1,1.248284131E-1,1.801975012E0
3.618883046E1,-9.261190295E-1,1.035242379E-1,1.872583985E0
3.619882546E1,-9.706454873E-1,8.848056197E-2,1.936564803E0
3.620881946E1,-1.013620377E0,7.424313575E-2,1.994295955E0
3.621881446E1,-1.060386777E0,5.894514546E-2,2.049078465E0
3.622880846E1,-1.109544039E0,4.285003245E-2,2.101623058E0
3.623880346E1,-1.165227532E0,3.222481906E-2,2.161066055E0
3.624879746E1,-1.211620331E0,2.682898566E-2,2.216425180E0
3.625879246E1,-1.256843686E0,1.716730371E-2,2.268120766E0
3.626878746E1,-1.295245409E0,-9.653222747E-3,2.308512211E0
3.627878146E1,-1.342295170E0,-6.092226878E-2,2.341547966E0
3.628877646E1,-1.391672373E0,-1.277878433E-1,2.368357420E0
3.629877046E1,-1.427917123E0,-2.086770982E-1,2.395975828E0
3.630876546E1,-1.461704373E0,-3.057962060E-1,2.425992250E0
3.631876046E1,-1.492577910E0,-4.083614647E-1,2.462380886E0
3.632875446E1,-1.517853141E0,-4.947195053E-1,2.491307974E0
3.633874946E1,-1.536631703E0,-5.793515444E-1,2.516661644E0
3.634874346E1,-1.547389030E0,-6.531053782E-1,2.531957150E0
3.635873846E1,-1.567702293E0,-7.071769238E-1,2.543588400E0
3.636873346E1,-1.584252238E0,-7.115271091E-1,2.558923483E0
3.637872746E1,-1.601681828E0,-6.760716438E-1,2.570880175E0
3.638872246E1,-1.612284660E0,-6.311336756E-1,2.563916922E0
3.639871646E1,-1.632453799E0,-5.993794799E-1,2.548434734E0
3.640871146E1,-1.662410140E0,-5.703014731E-1,2.539526939E0
3.641870546E1,-1.688306928E0,-5.355389714E-1,2.548568249E0
3.642870046E1,-1.693197250E0,-5.088918805E-1,2.561832666E0
3.643869546E1,-1.693779707E0,-5.085627437E-1,2.561918259E0
3.644868946E1,-1.689456344E0,-5.294946432E-1,2.547419071E0
3.645868446E1,-1.690169811E0,-5.579090118E-1,2.526730299E0
3.646867846E1,-1.692384720E0,-5.810604095E-1,2.498395920E0
3.647867346E1,-1.696109176E0,-5.882700682E-1,2.477779388E0
3.648866846E1,-1.711802959E0,-5.618665814E-1,2.472140312E0
3.649866246E1,-1.741259336E0,-4.941368103E-1,2.467969656E0
3.650865746E1,-1.776393175E0,-3.915311098E-1,2.468761921E0
3.651865146E1,-1.811074138E0,-2.796783447E-1,2.468497276E0
3.652864646E1,-1.835464716E0,-1.867195666E-1,2.450159788E0
3.653864146E1,-1.840636611E0,-1.192918047E-1,2.411849737E0
3.654863546E1,-1.835173130E0,-9.731759876E-2,2.357419252E0
3.655863046E1,-1.821666360E0,-1.041805595E-1,2.291468859E0
3.656862446E1,-1.814928293E0,-1.407548785E-1,2.220821619E0
3.657861946E1,-1.856181145E0,-1.805829853E-1,2.166436195E0
3.658861446E1,-1.901923895E0,-2.054893076E-1,2.127754211E0
3.659860846E1,-1.952602744E0,-2.025704831E-1,2.113445282E0
3.660860346E1,-1.985201240E0,-1.831229180E-1,2.109633684E0
3.661859746E1,-1.987752795E0,-1.542931348E-1,2.101408958E0
3.662859246E1,-1.974457979E0,-1.429813206E-1,2.087472439E0
3.663858746E1,-1.953134298E0,-1.537351757E-1,2.073683023E0
3.664858146E1,-1.917887449E0,-1.890860051E-1,2.060311556E0
3.665857646E1,-1.863149047E0,-2.584690452E-1,2.049289942E0
3.666857046E1,-1.801303864E0,-3.814050555E-1,2.024785042E0
3.667856546E1,-1.736501694E0,-5.336433649E-1,1.976650357E0
3.668855946E1,-1.681709290E0,-6.936097741E-1,1.916304946E0
3.669855446E1,-1.641977787E0,-8.216164708E-1,1.857528567E0
3.670854946E1,-1.601659179E0,-9.138014317E-1,1.809033751E0
3.671854346E1,-1.561509371E0,-9.668388367E-1,1.767083168E0
3.672853846E1,-1.498890638E0,-9.904672503E-1,1.726693869E0
3.673853246E1,-1.447069883E0,-9.949450493E-1,1.679867268E0
3.674852746E1,-1.415232778E0,-9.760345817E-1,1.632199287E0
3.675852246E1,-1.389907241E0,-9.240249395E-1,1.590517044E0
3.676851646E1,-1.370755315E0,-8.547032475E-1,1.558757305E0
3.677851146E1,-1.358344197E0,-8.018448353E-1,1.524222732E0
3.678850546E1,-1.332234859E0,-7.788446546E-1,1.484866142E0
3.679850046E1,-1.286980033E0,-7.759662867E-1,1.433418393E0
3.680849546E1,-1.225533485E0,-7.811798453E-1,1.361051559E0
3.681848946E1,-1.160383224E0,-7.862460017E-1,1.284688354E0
3.682848446E1,-1.097546697E0,-7.846310139E-1,1.214154840E0
3.683847846E1,-1.037890315E0,-7.623971105E-1,1.147994995E0
3.684847346E1,-9.967039824E-1,-7.102751732E-1,1.090707660E0
3.685846846E1,-9.447763562E-1,-6.392273307E-1,1.041957378E0
3.686846246E1,-8.900579810E-1,-5.820221305E-1,9.931499958E-1
3.687845746E1,-8.336098790E-1,-5.323797464E-1,9.330254197E-1
3.688845146E1,-7.705784440E-1,-5.014585853E-1,8.670383096E-1
3.689844646E1,-7.031146884E-1,-4.847787023E-1,7.956131101E-1
3.690844046E1,-6.450908184E-1,-4.709322453E-1,7.184082270E-1
3.691843546E1,-5.915903449E-1,-4.458253086E-1,6.440892816E-1
3.692843046E1,-5.391539931E-1,-4.144521356E-1,5.728262067E-1
3.693842446E1,-4.843453169E-1,-3.736573160E-1,5.119407773E-1
3.694841946E1,-4.312352538E-1,-3.210001588E-1,4.603248835E-1
3.695841346E1,-3.740364313E-1,-2.733404934E-1,4.130188823E-1
3.696840846E1,-3.237258494E-1,-2.294791937E-1,3.630139828E-1
3.697840346E1,-2.746690810E-1,-1.790357381E-1,3.102263808E-1
3.698839746E1,-2.293852121E-1,-1.330490410E-1,2.687433660E-1
3.699839246E1,-1.933739483E-1,-9.840875864E-2,2.393471301E-1
3.700838646E1,-1.677037477E-1,-7.660549879E-2,2.131301910E-1
3.701838146E1,-1.441925615E-1,-6.177834421E-2,1.893092841E-1
3.702837646E1,-1.186800078E-1,-5.420617759E-2,1.655384302E-1
3.703837046E1,-9.152695537E-2,-4.579192027E-2,1.365307570E-1
3.704836546E1,-6.120073050E-2,-3.653274104E-2,1.046254262E-1
3.705835946E1,-3.539896011E-2,-1.716250554E-2,7.385126501E-2
3.706835446E1,-7.204906084E-3,1.915684436E-3,4.155861586E-2
3.707834846E1,9.756234474E-3,3.124720603E-2,1.359009743E-2
3.708834346E1,2.183928527E-2,6.024153531E-2,-9.533211589E-3
3.709833846E1,2.922343090E-2,8.467257768E-2,-2.491349913E-2
3.710833246E1,3.130522743E-2,1.120869592E-1,-4.420389235E-2
3.711832746E1,2.591791935E-2,1.380889863E-1,-6.230966002E-2
3.712832146E1,2.144514024E-2,1.557393968E-1,-8.259897679E-2
3.713831646E1,1.928531751E-2,1.682149768E-1,-1.005638614E-1
3.714831146E1,2.114261128E-2,1.817429066E-1,-1.236208305E-1
3.715830546E1,2.713605575E-2,1.927596033E-1,-1.416983604E-1
3.716830046E1,3.557559848E-2,1.923768371E-1,-1.562991291E-1
3.717829446E1,4.258929938E-2,1.844832301E-1,-1.621029675E-1
3.718828946E1,4.334962741E-2,1.730112582E-1,-1.641364396E-1
3.719828446E1,3.617400676E-2,1.655852944E-1,-1.590447426E-1
3.720827846E1,2.910944633E-2,1.545589268E-1,-1.431798935E-1
3.721827346E1,2.186378464E-2,1.379413307E-1,-1.286126822E-1
3.722826746E1,1.216109283E-2,1.149141341E-1,-1.123586893E-1
3.723826246E1,7.386577781E-3,9.480992705E-2,-1.025321558E-1
3.724825646E1,4.719158169E-3,6.748569757E-2,-9.085850418E-2
3.725825146E1,9.965916397E-4,4.131987691E-2,-8.213399351E-2
3.726824646E1,-5.830176175E-3,1.865058765E-2,-7.045751065E-2
3.727824046E1,-1.655339450E-2,-4.903506488E-4,-6.162540615E-2
3.728823546E1,-2.361367457E-2,-1.044681296E-2,-4.930023104E-2
3.729822900E1,-3.173685074E-2,-2.136843465E-2,-3.203122690E-2
3.730822400E1,-4.106936976E-2,-3.406801820E-2,-1.278426778E-2
3.731821900E1,-4.106404260E-2,-5.248111486E-2,-3.119922243E-3
3.732821300E1,-3.526129201E-2,-6.228051707E-2,4.609881435E-3
3.733820800E1,-3.758702800E-2,-7.350574434E-2,8.512743749E-3
3.734820200E1,-3.223806620E-2,-8.274044842E-2,8.384590968E-3
3.735819700E1,-2.880818211E-2,-8.308799565E-2,6.415982265E-3
3.736819200E1,-2.400436066E-2,-8.152228594E-2,5.693488289E-3
3.737818600E1,-2.348371223E-2,-7.466465235E-2,8.428064175E-4
3.738818100E1,-2.392553352E-2,-6.327730417E-2,-3.471992910E-3
3.739817500E1,-2.061842009E-2,-4.549298063E-2,-3.256542608E-3
3.740817000E1,-2.036648989E-2,-2.779081836E-2,-2.307549585E-3
3.741816400E1,-8.313822560E-3,-1.294103079E-2,-4.370434675E-3
3.742815900E1,-2.936635399E-3,-6.950282492E-3,-9.646929801E-3
3.743815400E1,1.005799230E-2,-2.455399372E-3,-1.794746891E-2
3.744814800E1,1.840727217E-2,-4.358428065E-3,-2.567015775E-2
3.745814300E1,3.464775905E-2,-2.891292796E-3,-3.263459355E-2
3.746813700E1,4.234695807E-2,-4.324872512E-3,-3.884721547E-2
3.747813200E1,5.016094074E-2,1.404652372E-3,-4.089838266E-2
3.748812700E1,5.365819857E-2,7.169197313E-3,-4.293825105E-2
3.749812100E1,5.726278573E-2,2.396841720E-2,-4.137710482E-2
3.750811600E1,5.728409439E-2,4.155576602E-2,-3.335468099E-2
3.751811000E1,6.032542512E-2,5.664337426E-2,-1.934086159E-2
3.752810500E1,6.197283790E-2,6.233761460E-2,-1.103439927E-2
3.753810000E1,5.928917229E-2,6.485269964E-2,-3.312830348E-3
3.754809400E1,5.721804872E-2,6.029300392E-2,2.890913049E-3
3.755808900E1,5.207335576E-2,5.035701767E-2,9.753612801E-3
3.756808300E1,4.809140041E-2,3.675708547E-2,1.525727473E-2
3.757807800E1,4.128303006E-2,2.247162163E-2,1.321755908E-2
3.758807200E1,3.622223064E-2,1.349560544E-2,1.325417496E-2
3.759806700E1,3.360674158E-2,5.885357037E-3,1.149675436E-2
3.760806200E1,3.212416917E-2,1.026778482E-4,6.681464147E-3
3.761805600E1,2.819308080E-2,1.679801848E-3,6.394907832E-3
3.762805100E1,2.887267619E-2,2.294217236E-3,3.153352300E-3
3.763804500E1,2.370907366E-2,1.604725141E-3,4.877748899E-3
3.764804000E1,2.193355933E-2,2.958740108E-3,3.186366986E-3
3.765803500E1,1.612813398E-2,1.555520575E-3,5.107571371E-3
3.766802900E1,1.567061245E-2,-4.106392153E-3,3.760087769E-3
3.767802400E1,1.401332673E-2,-5.945038516E-3,1.911853906E-3
3.768801800E1,1.660350338E-2,-1.302295551E-2,-6.794573274E-3
3.769801300E1,1.608951390E-2,-1.450713538E-2,-1.242156699E-2
3.770800800E1,1.673483290E-2,-1.302420534E-2,-9.032864124E-3
3.771800200E1,1.390921976E-2,-1.143616252E-2,-1.075992361E-2
3.772799700E1,1.029341295E-2,-7.539707236E-3,-1.762357354E-2
3.773799100E1,1.005772315E-2,-5.618236493E-3,-1.817378215E-2
3.774798600E1,7.809487637E-3,-4.076622427E-4,-1.616530865E-2
3.775798100E1,9.414575063E-3,-5.505979061E-5,-1.162728108E-2
3.776797500E1,7.546091918E-3,4.851348698E-3,-4.131917376E-3
3.777797000E1,6.708261557E-3,4.596750252E-3,-4.535386804E-3
3.778796400E1,6.504258607E-3,1.467171591E-3,-7.212313823E-3
3.779795900E1,9.575149976E-3,8.962638676E-3,-6.805382669E-3
3.780795300E1,7.719987072E-3,1.231758948E-2,-8.703866974E-3
3.781794800E1,1.420105621E-2,1.459406037E-2,-1.203468256E-2
3.782794300E1,1.468843222E-2,2.051226795E-2,-1.299241744E-2
3.783793700E1,1.901367307E-2,2.419621870E-2,-1.469284669E-2
3.784793200E1,1.785678416E-2,3.231912851E-2,-1.579011604E-2
3.785792600E1,1.823628508E-2,3.796076775E-2,-1.127073262E-2
3.786792100E1,1.735904627E-2,4.715656117E-2,-1.065940782E-2
3.787791600E1,1.667914167E-2,5.442219600E-2,-3.793512005E-3
3.788791000E1,2.311254852E-2,5.272253603E-2,-3.934317268E-3
3.789790500E1,3.191988915E-2,5.490180105E-2,-1.395259518E-3
3.790789900E1,3.903771564E-2,5.650891736E-2,-4.750228487E-3
3.791789400E1,4.279516637E-2,6.124135852E-2,-3.863662481E-3
3.792788900E1,4.713824019E-2,6.512687355E-2,-5.330817774E-3
3.793788300E1,4.570572451E-2,7.791644335E-2,-9.895741008E-3
3.794787800E1,4.864187166E-2,8.900348097E-2,-9.365220554E-3
3.795787200E1,4.707566649E-2,9.612850100E-2,-1.280469261E-2
3.796786700E1,5.063442886E-2,1.024821028E-1,-1.329062879E-2
3.797786200E1,5.104935169E-2,1.087714210E-1,-1.673223265E-2
3.798785600E1,5.375219509E-2,1.147603691E-1,-2.023937739E-2
3.799785100E1,5.470134690E-2,1.168671995E-1,-1.692427322E-2
3.800784500E1,5.532958731E-2,1.183721870E-1,-1.705506258E-2
3.801784000E1,5.204084888E-2,1.218414903E-1,-1.884470694E-2
3.802783400E1,5.523665994E-2,1.262486279E-1,-2.174681425E-2
3.803782900E1,5.551043525E-2,1.247170344E-1,-2.498788387E-2
3.804782400E1,5.462571234E-2,1.248244941E-1,-3.083665483E-2
3.805781800E1,5.535675213E-2,1.265590042E-1,-3.622076660E-2
3.806781300E1,5.614612624E-2,1.206729561E-1,-4.797330499E-2
3.807780700E1,5.931901559E-2,1.194857135E-1,-5.518008396E-2
3.808780200E1,6.728692353E-2,1.209792942E-1,-7.106114924E-2
3.809779700E1,7.422525436E-2,1.221108735E-1,-8.389864862E-2
3.810779100E1,8.129835129E-2,1.308832467E-1,-9.738213569E-2
3.811778600E1,8.759299666E-2,1.437782794E-1,-1.139805540E-1
3.812778000E1,9.470710158E-2,1.541890353E-1,-1.337137222E-1
3.813777500E1,1.035759598E-1,1.700782627E-1,-1.527081877E-1
3.814777000E1,1.113369465E-1,1.842519641E-1,-1.838544607E-1
3.815776400E1,1.178654209E-1,2.016964555E-1,-2.174108177E-1
3.816775900E1,1.314177066E-1,2.244175971E-1,-2.585107386E-1
3.817775300E1,1.413960457E-1,2.511259019E-1,-3.156605661E-1
3.818774800E1,1.542665362E-1,2.805926204E-1,-3.816749454E-1
3.819774200E1,1.697722673E-1,3.153327703E-1,-4.569092393E-1
3.820773700E1,1.953234524E-1,3.564082682E-1,-5.451987982E-1
3.821773200E1,2.242477834E-1,4.044735134E-1,-6.474881172E-1
3.822772600E1,2.539148629E-1,4.528945088E-1,-7.598354816E-1
3.823772100E1,2.812338173E-1,5.082701445E-1,-8.780726194E-1
3.824771500E1,3.094247282E-1,5.771790147E-1,-9.937340617E-1
3.825771000E1,3.274809420E-1,6.449087858E-1,-1.103737831E0
3.826770500E1,3.279603124E-1,7.177469730E-1,-1.202879667E0
3.827769900E1,3.199295402E-1,7.898810506E-1,-1.285763144E0
3.828769400E1,3.081724942E-1,8.601113558E-1,-1.354820848E0
3.829768800E1,2.946084738E-1,9.204186797E-1,-1.410696983E0
3.830768375E1,2.932479084E-1,9.705331326E-1,-1.459439278E0
3.831767875E1,3.101342022E-1,1.000767708E0,-1.504822135E0
3.832767275E1,3.435121179E-1,1.010576248E0,-1.553629041E0
3.833766775E1,3.915456831E-1,1.003098607E0,-1.598892093E0
3.834766175E1,4.522239864E-1,9.804170728E-1,-1.643147945E0
3.835765675E1,5.204096437E-1,9.384784102E-1,-1.691987634E0
3.836765075E1,5.777371526E-1,8.894812465E-1,-1.741671324E0
3.837764575E1,6.150842309E-1,8.555639982E-1,-1.780701280E0
3.838764075E1,6.440682411E-1,8.295243382E-1,-1.817927122E0
3.839763475E1,6.702401638E-1,8.101117611E-1,-1.862357259E0
3.840762975E1,7.012673616E-1,7.887398601E-1,-1.927684903E0
3.841762375E1,7.449181676E-1,7.620070577E-1,-2.000616550E0
3.842761875E1,7.940973639E-1,7.302267551E-1,-2.090059996E0
3.843761375E1,8.487643600E-1,6.863450408E-1,-2.185296059E0
3.844760775E1,9.058660865E-1,6.231423616E-1,-2.275085688E0
3.845760275E1,9.394077659E-1,5.600686073E-1,-2.352351904E0
3.846759675E1,9.459985495E-1,5.191161036E-1,-2.398638487E0
3.847759175E1,9.522708654E-1,5.053507686E-1,-2.423841715E0
3.848758675E1,9.440618753E-1,5.244206786E-1,-2.448884487E0
3.849758075E1,9.356111288E-1,5.806381702E-1,-2.486641884E0
3.850757575E1,9.348382354E-1,6.623952389E-1,-2.541018009E0
3.851756975E1,9.403589964E-1,7.514129877E-1,-2.622082949E0
3.852756475E1,9.401909709E-1,8.221337795E-1,-2.707573891E0
3.853755875E1,9.358364344E-1,8.694975972E-1,-2.790161133E0
3.854755375E1,9.121955633E-1,8.833745718E-1,-2.841481924E0
3.855754875E1,8.818591833E-1,8.909038305E-1,-2.868650913E0
3.856754275E1,8.591262102E-1,8.684126735E-1,-2.870382071E0
3.857753775E1,8.303675056E-1,8.309928775E-1,-2.870126009E0
3.858753175E1,7.865681052E-1,8.037762046E-1,-2.867017746E0
3.859752675E1,7.598022819E-1,8.124871254E-1,-2.862784386E0
3.860752175E1,7.756826878E-1,8.198685646E-1,-2.879819632E0
3.861751575E1,8.351449370E-1,7.946420312E-1,-2.918905973E0
3.862751075E1,9.142475128E-1,7.512053847E-1,-2.970632553E0
3.863750475E1,9.934664369E-1,6.934813857E-1,-3.018607616E0
3.864749975E1,1.052056551E0,6.335229278E-1,-3.042095661E0
3.865749475E1,1.056566834E0,6.001607180E-1,-3.023028612E0
3.866748875E1,1.038182259E0,5.867590904E-1,-2.966398239E0
3.867748375E1,1.017813563E0,5.817549825E-1,-2.903277874E0
3.868747775E1,1.012465119E0,5.586071610E-1,-2.876022100E0
3.869747275E1,1.041472793E0,5.138162374E-1,-2.887931108E0
3.870746775E1,1.099346757E0,4.627416134E-1,-2.933501244E0
3.871746175E1,1.166338325E0,4.266680479E-1,-2.980469942E0
3.872745675E1,1.221011400E0,4.253192246E-1,-3.010807276E0
3.873745075E1,1.231656075E0,4.752777219E-1,-3.006731510E0
3.874744575E1,1.198483706E0,5.849106312E-1,-2.962225199E0
3.875743975E1,1.157198906E0,7.168846726E-1,-2.890198231E0
3.876743475E1,1.135848045E0,8.302912116E-1,-2.812706232E0
3.877742975E1,1.136330605E0,8.895984888E-1,-2.731809616E0
3.878742375E1,1.133717537E0,9.087058306E-1,-2.643663406E0
3.879741875E1,1.134641886E0,8.892525434E-1,-2.558595657E0
3.880741275E1,1.131745458E0,8.528687358E-1,-2.492448330E0
3.881740775E1,1.105570912E0,8.319799304E-1,-2.465463400E0
3.882740275E1,1.060683250E0,8.366827369E-1,-2.470340729E0
3.883739675E1,1.004948139E0,8.819809556E-1,-2.479820967E0
3.884739175E1,9.510267973E-1,9.480311275E-1,-2.459687471E0
3.885738575E1,9.056380391E-1,1.016839266E0,-2.409597158E0
3.886738075E1,8.637877703E-1,1.069322944E0,-2.332740068E0
3.887737575E1,8.282912970E-1,1.087589264E0,-2.255019665E0
3.888736975E1,7.936659455E-1,1.071757436E0,-2.180270433E0
3.889736475E1,7.660058141E-1,1.036460161E0,-2.126963377E0
3.890735875E1,7.561342716E-1,9.870149493E-1,-2.090606451E0
3.891735375E1,7.565721273E-1,9.172358513E-1,-2.061405897E0
3.892734775E1,7.654479146E-1,8.225900531E-1,-2.022135258E0
3.893734275E1,7.752765417E-1,7.073169947E-1,-1.965433240E0
3.894733775E1,7.800531983E-1,5.857190490E-1,-1.891433477E0
3.895733175E1,7.710970044E-1,4.707687497E-1,-1.812580228E0
3.896732675E1,7.568802238E-1,3.595414162E-1,-1.733256221E0
3.897732075E1,7.364516854E-1,2.702384591E-1,-1.655565381E0
3.898731575E1,7.186524272E-1,2.067162991E-1,-1.588426948E0
3.899731075E1,7.037147880E-1,1.690477431E-1,-1.524237633E0
3.900730475E1,6.934264302E-1,1.707569659E-1,-1.467952490E0
3.901729975E1,6.854460239E-1,2.054619491E-1,-1.409649491E0
3.902729375E1,6.770605445E-1,2.533664405E-1,-1.349645734E0
3.903728875E1,6.764687896E-1,3.206195235E-1,-1.289667249E0
3.904728375E1,6.762714386E-1,4.100039005E-1,-1.226922512E0
3.905727775E1,6.724807024E-1,5.120860338E-1,-1.166539073E0
3.906727275E1,6.731140018E-1,6.285297275E-1,-1.098738074E0
3.907726675E1,6.741488576E-1,7.566197515E-1,-1.039591074E0
3.908726175E1,6.682454348E-1,8.957457542E-1,-9.778057933E-1
3.909725575E1,6.618328094E-1,1.027546167E0,-9.212356806E-1
3.910725075E1,6.593060493E-1,1.153213263E0,-8.691987991E-1
3.911724575E1,6.541575789E-1,1.280458570E0,-8.262848854E-1
3.912723975E1,6.519831419E-1,1.396261930E0,-7.822681069E-1
3.913723475E1,6.505937576E-1,1.501410961E0,-7.370420694E-1
3.914722875E1,6.505825520E-1,1.588873625E0,-6.978767514E-1
3.915722375E1,6.512664557E-1,1.655122638E0,-6.649233699E-1
3.916721875E1,6.481937170E-1,1.702892303E0,-6.428773999E-1
3.917721275E1,6.455113888E-1,1.720516801E0,-6.294593215E-1
3.918720775E1,6.435986757E-1,1.724521637E0,-6.205281615E-1
3.919720175E1,6.414809227E-1,1.710140347E0,-6.062238216E-1
3.920719675E1,6.367517114E-1,1.684420347E0,-6.020486951E-1
3.921719175E1,6.309630871E-1,1.646372557E0,-5.924567580E-1
3.922718575E1,6.188488603E-1,1.597651362E0,-5.880591273E-1
3.923718075E1,6.058350801E-1,1.541365385E0,-5.838022828E-1
3.924717475E1,5.968160629E-1,1.475908041E0,-5.840870738E-1
3.925716975E1,5.891083479E-1,1.400932312E0,-5.875236392E-1
3.926716375E1,5.728297234E-1,1.320544124E0,-5.922768712E-1
3.927715875E1,5.622865558E-1,1.236475825E0,-5.970857143E-1
3.928715375E1,5.475168824E-1,1.142531991E0,-6.025325060E-1
3.929714775E1,5.364605188E-1,1.052066326E0,-6.048423052E-1
3.930714238E1,5.224496126E-1,9.628024101E-1,-6.043277383E-1
3.931713638E1,5.062727928E-1,8.746709824E-1,-6.025242209E-1
3.932713137E1,4.814702570E-1,7.963667512E-1,-5.987102985E-1
3.933712637E1,4.611109197E-1,7.194445729E-1,-5.900741816E-1
3.934712037E1,4.361957014E-1,6.448129416E-1,-5.763360262E-1
3.935711537E1,4.109409451E-1,5.756258368E-1,-5.593807101E-1
3.936710937E1,3.812400401E-1,5.155136585E-1,-5.424916148E-1
3.937710438E1,3.576524258E-1,4.550191462E-1,-5.211442709E-1
3.938709938E1,3.325012922E-1,4.007347822E-1,-4.950796664E-1
3.939709338E1,2.984578609E-1,3.515946567E-1,-4.637004733E-1
3.940708837E1,2.654945552E-1,3.031777740E-1,-4.278666079E-1
3.941708237E1,2.271929532E-1,2.745543718E-1,-3.893719316E-1
3.942707737E1,1.930179596E-1,2.398560643E-1,-3.488281965E-1
3.943707137E1,1.515828967E-1,2.098331898E-1,-3.133037686E-1
3.944706637E1,1.149114370E-1,1.778427362E-1,-2.702755928E-1
3.945706138E1,7.963920385E-2,1.442165971E-1,-2.290980667E-1
3.946705538E1,4.330703616E-2,1.106489897E-1,-1.819147319E-1
3.947705038E1,1.149237994E-2,7.639434189E-2,-1.301093251E-1
3.948704438E1,-1.606201567E-2,4.614562541E-2,-7.881017774E-2
3.949703937E1,-4.543108866E-2,2.106370963E-2,-3.100883961E-2
3.950703437E1,-7.578874379E-2,4.996724892E-3,1.408040337E-2
3.951702837E1,-9.758325666E-2,-3.615938593E-3,6.008651108E-2
3.952702337E1,-1.199165359E-1,-5.885681603E-3,9.917522222E-2
3.953701737E1,-1.415613741E-1,-6.652938202E-3,1.446044892E-1
3.954701238E1,-1.579201072E-1,-3.045988968E-3,1.842728704E-1
3.955700738E1,-1.742796451E-1,3.255582880E-3,2.186654657E-1
3.956700138E1,-1.887150258E-1,9.665644728E-3,2.479527146E-1
3.957699638E1,-2.021021992E-1,1.501407102E-2,2.769025862E-1
3.958699038E1,-2.129116952E-1,1.776425540E-2,3.055682182E-1
3.959698537E1,-2.200047523E-1,1.651949435E-2,3.260908127E-1
3.960697937E1,-2.237116247E-1,1.412374526E-2,3.471166492E-1
3.961697437E1,-2.282576412E-1,1.254715398E-2,3.614841402E-1
3.962696938E1,-2.314393222E-1,5.045061465E-3,3.731082678E-1
3.963696338E1,-2.336345613E-1,-1.663174713E-3,3.833097816E-1
3.964695838E1,-2.364700288E-1,-1.659129187E-2,3.878307939E-1
3.965695238E1,-2.343727946E-1,-2.780959010E-2,3.906665146E-1
3.966694738E1,-2.322140336E-1,-4.613696411E-2,3.949379921E-1
3.967694237E1,-2.288688272E-1,-6.513382494E-2,3.943281174E-1
3.968693637E1,-2.306579500E-1,-8.719459176E-2,3.922621906E-1
3.969693137E1,-2.288411409E-1,-1.065214127E-1,3.876363039E-1
3.970692537E1,-2.283798903E-1,-1.295599788E-1,3.806136250E-1
3.971692037E1,-2.237403989E-1,-1.520674229E-1,3.702731133E-1
3.972691538E1,-2.220340967E-1,-1.748720407E-1,3.560340106E-1
3.973690938E1,-2.216593921E-1,-2.016764879E-1,3.423767984E-1
3.974690438E1,-2.154936492E-1,-2.302628905E-1,3.288790584E-1
3.975689838E1,-2.094131261E-1,-2.581288815E-1,3.160239756E-1
3.976689337E1,-2.025940716E-1,-2.888936996E-1,3.009583354E-1
3.977688737E1,-1.947100461E-1,-3.126757443E-1,2.885051072E-1
3.978688237E1,-1.858177483E-1,-3.382597268E-1,2.687010765E-1
3.979687737E1,-1.756886840E-1,-3.591951132E-1,2.539298534E-1
3.980687137E1,-1.642139554E-1,-3.773590624E-1,2.364851236E-1
3.981686638E1,-1.539005935E-1,-3.849813044E-1,2.227954119E-1
3.982686038E1,-1.454415768E-1,-3.937031627E-1,2.073725909E-1
3.983685538E1,-1.320067346E-1,-3.990603685E-1,1.965686828E-1
3.984685037E1,-1.164022163E-1,-3.984837830E-1,1.866251677E-1
3.985684437E1,-1.030581817E-1,-3.903366327E-1,1.768116802E-1
3.986683937E1,-9.411021322E-2,-3.755609393E-1,1.651229113E-1
3.987683337E1,-8.323919028E-2,-3.575518429E-1,1.515200138E-1
3.988682837E1,-7.012819499E-2,-3.317897618E-1,1.411016881E-1
3.989682338E1,-5.832346529E-2,-3.105201423E-1,1.294407696E-1
3.990681738E1,-5.175158009E-2,-2.844834030E-1,1.174157038E-1
3.991681238E1,-4.255355522E-2,-2.586975992E-1,1.076544225E-1
3.992680638E1,-2.860551886E-2,-2.367226332E-1,9.204625338E-2
3.993680137E1,-1.520768832E-2,-2.118974328E-1,7.668593526E-2
3.994679637E1,-2.271917416E-3,-1.956351399E-1,6.174350157E-2
3.995679037E1,1.360052265E-2,-1.730872244E-1,4.502843693E-2
3.996678537E1,2.688329481E-2,-1.537686288E-1,3.132586926E-2
3.997677937E1,3.816284612E-2,-1.432398111E-1,1.957733370E-2
3.998677438E1,4.850818589E-2,-1.342332959E-1,6.736756768E-3
3.999676838E1,5.991610140E-2,-1.327299476E-1,-1.094370242E-2
4.000676338E1,6.877671182E-2,-1.259713471E-1,-3.158642352E-2
4.001675838E1,7.948421687E-2,-1.236243024E-1,-5.271035060E-2
4.002675238E1,9.423758835E-2,-1.242736429E-1,-6.882135570E-2
4.003674737E1,1.024137586E-1,-1.232885420E-1,-8.891730756E-2
4.004674137E1,1.136530787E-1,-1.161137521E-1,-1.047847047E-1
4.005673637E1,1.241363510E-1,-1.091298759E-1,-1.196257025E-1
4.006673138E1,1.301897317E-1,-1.052963883E-1,-1.386612803E-1
4.007672538E1,1.413542330E-1,-9.675323963E-2,-1.526673883E-1
4.008672038E1,1.454666704E-1,-9.297907352E-2,-1.673035324E-1
4.009671438E1,1.475740224E-1,-8.282417059E-2,-1.770919859E-1
4.010670938E1,1.524271369E-1,-6.983406842E-2,-1.824211329E-1
4.011670338E1,1.524764001E-1,-6.335513294E-2,-1.872382611E-1
4.012669837E1,1.553968042E-1,-5.603763461E-2,-1.916759312E-1
4.013669337E1,1.526031494E-1,-4.510509223E-2,-1.956586838E-1
4.014668737E1,1.522958279E-1,-3.921168298E-2,-1.949854642E-1
4.015668237E1,1.463870704E-1,-3.095135465E-2,-1.933007538E-1
4.016667637E1,1.443436295E-1,-2.766335011E-2,-1.880221665E-1
4.017667138E1,1.374351233E-1,-2.349417098E-2,-1.811368316E-1
4.018666638E1,1.256804615E-1,-1.963764802E-2,-1.742803007E-1
4.019666038E1,1.188180223E-1,-1.526926551E-2,-1.622862220E-1
4.020665537E1,1.055541337E-1,-1.090174541E-2,-1.504732370E-1
4.021664937E1,9.611402452E-2,-1.035393402E-2,-1.336223483E-1
4.022664437E1,8.090820163E-2,-9.033707902E-3,-1.237993091E-1
4.023663937E1,7.063665241E-2,-8.940497413E-3,-1.054586470E-1
4.024663337E1,5.781456456E-2,-1.157528535E-2,-9.392234683E-2
4.025662838E1,4.600717500E-2,-1.235186309E-2,-7.730422169E-2
4.026662238E1,3.119496070E-2,-1.113194413E-2,-6.143083796E-2
4.027661738E1,2.277883887E-2,-1.418073103E-2,-4.701887444E-2
4.028661138E1,1.261727978E-2,-1.928494498E-2,-3.149450943E-2
4.029660637E1,8.743379731E-4,-2.139044181E-2,-1.648813114E-2
4.030660175E1,-5.683420692E-3,-2.240543813E-2,-2.093111165E-3
4.031659575E1,-1.465401240E-2,-1.494272985E-2,1.159287430E-2
4.032659075E1,-2.991420217E-2,-8.605170064E-3,2.041878179E-2
4.033658475E1,-3.401094303E-2,2.253070008E-3,3.235507011E-2
4.034657975E1,-3.947096318E-2,9.157117456E-3,3.719020635E-2
4.035657475E1,-4.161507636E-2,1.601955295E-2,4.476689547E-2
4.036656875E1,-4.425585270E-2,2.225430682E-2,4.965168610E-2
4.037656375E1,-4.718319699E-2,2.522186935E-2,5.415775254E-2
4.038655775E1,-4.906473681E-2,2.511717752E-2,5.423310399E-2
4.039655275E1,-5.317505822E-2,2.787834033E-2,5.641769618E-2
4.040654775E1,-5.169858038E-2,2.879280224E-2,5.316399038E-2
4.041654175E1,-5.421473458E-2,2.685694955E-2,5.160124972E-2
4.042653675E1,-5.469118059E-2,3.006143123E-2,5.114646256E-2
4.043653075E1,-5.425655469E-2,2.729840204E-2,5.145778507E-2
4.044652575E1,-5.498651788E-2,2.288700640E-2,4.990611970E-2
4.045651975E1,-5.811573192E-2,2.094982564E-2,4.937508702E-2
4.046651475E1,-6.098582596E-2,1.822694205E-2,4.413856566E-2
4.047650975E1,-5.794316530E-2,1.654648781E-2,3.957284242E-2
4.048650375E1,-6.192219257E-2,8.537796326E-3,3.702129424E-2
4.049649875E1,-6.156666204E-2,2.634100616E-3,3.195942566E-2
4.050649275E1,-6.517126411E-2,-2.310056007E-3,3.348723426E-2
4.051648775E1,-6.485461444E-2,-7.964479737E-3,2.829540148E-2
4.052648275E1,-6.603997201E-2,-1.386507973E-2,2.657783777E-2
4.053647675E1,-6.132031232E-2,-2.073736675E-2,2.285873517E-2
4.054647175E1,-6.189397350E-2,-2.795253508E-2,2.367771976E-2
4.055646575E1,-5.868140236E-2,-3.458460793E-2,1.725337654E-2
4.056646075E1,-5.593515188E-2,-4.205876589E-2,1.289085206E-2
4.057645475E1,-5.577456206E-2,-4.217914119E-2,1.068175957E-2
4.058644975E1,-5.201791972E-2,-4.411418736E-2,8.182604797E-3
4.059644475E1,-4.762077332E-2,-4.573924839E-2,7.416945882E-3
4.060643875E1,-4.575574026E-2,-4.351818189E-2,3.958390094E-3
4.061643375E1,-4.083901271E-2,-4.102519527E-2,3.567310050E-4
4.062642775E1,-3.442478180E-2,-3.979331627E-2,-2.078599762E-3
4.063642275E1,-2.639561705E-2,-3.594291955E-2,-9.188441560E-3
4.064641775E1,-1.609133556E-2,-3.233536705E-2,-9.463932365E-3
4.065641175E1,-1.255652215E-2,-2.393229306E-2,-1.425043121E-2
4.066640675E1,-6.094879005E-3,-2.099849097E-2,-1.334070601E-2
4.067640075E1,3.385319724E-5,-1.996837929E-2,-1.986411773E-2
4.068639575E1,5.014226306E-3,-1.454175636E-2,-2.115353942E-2
4.069639075E1,1.141806319E-2,-9.909721091E-3,-2.699118666E-2
4.070638475E1,2.037080564E-2,-3.959551919E-3,-2.938899025E-2
4.071637975E1,2.121289819E-2,-1.376494765E-4,-3.252273053E-2
4.072637375E1,3.047909774E-2,3.173958044E-3,-3.298848867E-2
4.073636875E1,3.470473737E-2,2.696187235E-3,-3.402845562E-2
4.074636375E1,3.964570910E-2,4.944126122E-3,-3.344780952E-2
4.075635775E1,4.057249054E-2,4.362758249E-3,-3.401559591E-2
4.076635275E1,4.250089079E-2,2.684335224E-3,-3.106788173E-2
4.077634675E1,4.722720385E-2,3.634551074E-3,-2.899087965E-2
4.078634175E1,4.364470765E-2,-1.667793840E-4,-2.579785511E-2
4.079633575E1,4.445963725E-2,-1.902361400E-3,-2.257090062E-2
4.080633075E1,4.717207700E-2,-1.104277791E-3,-2.045438439E-2
4.081632575E1,4.668551683E-2,-8.432879113E-4,-1.811985672E-2
4.082631975E1,4.786876217E-2,-1.820000820E-3,-1.527863927E-2
4.083631475E1,4.578297585E-2,-2.242644317E-3,-1.328792609E-2
4.084630875E1,4.923494905E-2,-2.711229492E-3,-9.603114799E-3
4.085630375E1,4.625673592E-2,3.700479865E-4,-6.438747514E-3
4.086629875E1,4.939712584E-2,6.795427762E-4,-3.444096539E-3
4.087629275E1,4.523460567E-2,2.870525699E-3,1.254252158E-3
4.088628775E1,4.133256152E-2,4.518087953E-3,4.150642548E-3
4.089628175E1,3.933572024E-2,8.260628209E-3,9.172831662E-3
4.090627675E1,3.572127223E-2,1.092262287E-2,1.391467266E-2
4.091627175E1,3.478117660E-2,1.515039243E-2,1.687397808E-2
4.092626575E1,2.735682577E-2,1.408476103E-2,2.288459428E-2
4.093626075E1,2.359883860E-2,1.232734043E-2,2.569715865E-2
4.094625475E1,1.958944090E-2,1.048982702E-2,2.706512250E-2
4.095624975E1,1.404234208E-2,5.234611221E-3,3.146493062E-2
4.096624375E1,1.204735879E-2,-7.816678844E-4,3.524385393E-2
4.097623875E1,6.894941907E-3,-4.237651825E-3,3.393624350E-2
4.098623375E1,3.369983053E-3,-6.914895028E-3,3.738953918E-2
4.099622775E1,7.398453308E-4,-9.998302907E-3,3.661562502E-2
4.100622275E1,-6.064517889E-3,-9.401721880E-3,3.849742934E-2
4.101621675E1,-4.789129831E-3,-1.165289246E-2,3.918639198E-2
4.102621175E1,-7.159621455E-3,-1.189071126E-2,3.696952760E-2
4.103620675E1,-3.531064838E-3,-1.153944060E-2,3.685634583E-2
4.104620075E1,-6.418994628E-3,-1.235886291E-2,3.211722150E-2
4.105619575E1,-4.796330817E-3,-1.375222858E-2,3.204691410E-2
4.106618975E1,-4.115095828E-3,-1.384254266E-2,2.865913510E-2
4.107618475E1,-2.355811652E-3,-1.348807570E-2,2.445746586E-2
4.108617875E1,-8.090477204E-4,-1.426305622E-2,2.169949561E-2
4.109617375E1,-1.521443250E-3,-1.584790275E-2,2.134742588E-2
4.110616875E1,2.928172238E-3,-2.256000042E-2,1.860718988E-2
4.111616275E1,4.016872495E-3,-2.240420505E-2,1.761702634E-2
4.112615775E1,2.392620780E-3,-2.647621185E-2,1.437709946E-2
4.113615175E1,-5.062301643E-4,-3.340629116E-2,1.192166470E-2
4.114614675E1,-2.567253541E-3,-4.385101050E-2,1.481897198E-2
4.115614175E1,-8.052566089E-3,-5.738945305E-2,1.570260897E-2
4.116613575E1,-1.037565339E-2,-7.242698967E-2,2.002620324E-2
4.117613075E1,-1.440368500E-2,-9.229896963E-2,2.338658273E-2
4.118612475E1,-2.760976553E-2,-1.134635732E-1,3.023697622E-2
4.119611975E1,-3.548579663E-2,-1.329198331E-1,3.735160828E-2
4.120611475E1,-4.123982042E-2,-1.638907641E-1,5.169110745E-2
4.121610875E1,-4.335250705E-2,-1.941235065E-1,7.359800488E-2
4.122610375E1,-4.729877785E-2,-2.189955264E-1,9.399220347E-2
4.123609775E1,-4.861810803E-2,-2.402704656E-1,1.151704565E-1
4.124609275E1,-4.422174767E-2,-2.673691511E-1,1.469246745E-1
4.125608675E1,-3.455021232E-2,-3.035846949E-1,2.040247023E-1
4.126608175E1,-1.531075127E-2,-3.333138525E-1,2.918410897E-1
4.127607675E1,1.199437305E-2,-3.493045270E-1,3.968995810E-1
4.128607075E1,2.199799567E-2,-3.444359601E-1,5.004588962E-1
4.129606575E1,2.324888296E-2,-3.312458396E-1,5.936011076E-1
4.130605925E1,1.976519078E-2,-3.208671808E-1,6.750645041E-1
4.131605425E1,4.055469763E-3,-3.169725835E-1,7.509827018E-1
4.132604925E1,-1.958699338E-2,-3.238370717E-1,8.335723281E-1
4.133604325E1,-5.261551589E-2,-3.368200064E-1,9.121105671E-1
4.134603825E1,-7.992967963E-2,-3.636765778E-1,9.873794317E-1
4.135603225E1,-1.079392061E-1,-4.202359915E-1,1.048946738E0
4.136602725E1,-1.286650151E-1,-5.041307211E-1,1.114420772E0
4.137602225E1,-1.434625983E-1,-6.083239317E-1,1.198038220E0
4.138601625E1,-1.587459296E-1,-7.181571722E-1,1.298118234E0
4.139601125E1,-1.607888341E-1,-8.287750483E-1,1.399433374E0
4.140600525E1,-1.556803882E-1,-9.348745942E-1,1.502138138E0
4.141600025E1,-1.584442109E-1,-1.028471470E0,1.588098884E0
4.142599425E1,-1.749334335E-1,-1.112175465E0,1.656569242E0
4.143598925E1,-1.836859137E-1,-1.180235028E0,1.708164334E0
4.144598425E1,-2.048979998E-1,-1.221167326E0,1.745764375E0
4.145597825E1,-2.307924479E-1,-1.244708896E0,1.778862953E0
4.146597325E1,-2.588256896E-1,-1.263012528E0,1.804973960E0
4.147596725E1,-2.777615488E-1,-1.268174767E0,1.829986334E0
4.148596225E1,-3.030059636E-1,-1.278328896E0,1.849172115E0
4.149595725E1,-3.205013275E-1,-1.292686224E0,1.868936777E0
4.150595125E1,-3.312988281E-1,-1.303580284E0,1.881270170E0
4.151594625E1,-3.427799642E-1,-1.310612440E0,1.890938044E0
4.152594025E1,-3.553934991E-1,-1.316730380E0,1.888337374E0
4.153593525E1,-3.639805913E-1,-1.322584510E0,1.884515166E0
4.154592925E1,-3.761959970E-1,-1.337303877E0,1.880416155E0
4.155592425E1,-3.870992362E-1,-1.352472544E0,1.878493428E0
4.156591925E1,-4.002147317E-1,-1.370669842E0,1.876037478E0
4.157591325E1,-4.093326032E-1,-1.392151356E0,1.869185925E0
4.158590825E1,-4.238127768E-1,-1.427388430E0,1.853580117E0
4.159590225E1,-4.434770048E-1,-1.473361850E0,1.831176281E0
4.160589725E1,-4.736796618E-1,-1.534099579E0,1.799950600E0
4.161589225E1,-5.146353245E-1,-1.599419236E0,1.743624687E0
4.162588625E1,-5.652167797E-1,-1.668918014E0,1.676526785E0
4.163588125E1,-6.223239899E-1,-1.751336694E0,1.588194489E0
4.164587525E1,-6.794086099E-1,-1.850356221E0,1.508117199E0
4.165587025E1,-7.205871940E-1,-1.962646484E0,1.442732096E0
4.166586525E1,-7.529491186E-1,-2.088709354E0,1.405842900E0
4.167585925E1,-7.607108951E-1,-2.219767570E0,1.390947342E0
4.168585425E1,-7.462837696E-1,-2.339949131E0,1.382451057E0
4.169584825E1,-7.160320878E-1,-2.449999094E0,1.371922493E0
4.170584325E1,-6.844092011E-1,-2.549172640E0,1.355747581E0
4.171583825E1,-6.469656825E-1,-2.630981684E0,1.334272861E0
4.172583225E1,-6.150748730E-1,-2.683926821E0,1.322172046E0
4.173582725E1,-5.961528420E-1,-2.714543581E0,1.313747883E0
4.174582125E1,-5.814695358E-1,-2.708918810E0,1.308691502E0
4.175581625E1,-5.712147355E-1,-2.683449984E0,1.310306668E0
4.176581025E1,-5.593101382E-1,-2.653372526E0,1.309838891E0
4.177580525E1,-5.358551741E-1,-2.617997169E0,1.297783613E0
4.178580025E1,-4.903161228E-1,-2.587810516E0,1.276770949E0
4.179579425E1,-4.460762441E-1,-2.547396898E0,1.264310002E0
4.180578925E1,-4.053288400E-1,-2.496671677E0,1.263836622E0
4.181578325E1,-3.822080791E-1,-2.453171968E0,1.265017986E0
4.182577825E1,-3.616548181E-1,-2.409021139E0,1.279816389E0
4.183577325E1,-3.421309292E-1,-2.365658522E0,1.315227985E0
4.184576725E1,-3.042868972E-1,-2.318599939E0,1.354564190E0
4.185576225E1,-2.471548915E-1,-2.258238316E0,1.378480077E0
4.186575625E1,-1.963281929E-1,-2.167927980E0,1.382898808E0
4.187575125E1,-1.579054445E-1,-2.062236786E0,1.377283096E0
4.188574625E1,-1.332221925E-1,-1.946693420E0,1.365821004E0
4.189574025E1,-1.090683863E-1,-1.826409340E0,1.366572022E0
4.190573525E1,-1.108143628E-1,-1.711430311E0,1.373957276E0
4.191572925E1,-1.122311652E-1,-1.613182068E0,1.391270757E0
4.192572425E1,-1.221634224E-1,-1.551806569E0,1.424937367E0
4.193571825E1,-1.406026185E-1,-1.540044188E0,1.469014645E0
4.194571325E1,-1.493569762E-1,-1.566859841E0,1.502026081E0
4.195570825E1,-1.536513269E-1,-1.623104453E0,1.507566214E0
4.196570225E1,-1.476032883E-1,-1.681937099E0,1.480685830E0
4.197569725E1,-1.452890038E-1,-1.714804530E0,1.441834331E0
4.198569125E1,-1.397408396E-1,-1.707572341E0,1.408556700E0
4.199568625E1,-1.368734092E-1,-1.665814757E0,1.394238472E0
4.200568125E1,-1.395919472E-1,-1.597481608E0,1.413310051E0
4.201567525E1,-1.532044262E-1,-1.524529099E0,1.425305963E0
4.202567025E1,-1.662840247E-1,-1.445996761E0,1.442164779E0
4.203566425E1,-1.709861010E-1,-1.367604494E0,1.457299590E0
4.204565925E1,-1.687642187E-1,-1.301031709E0,1.451482892E0
4.205565325E1,-1.601787210E-1,-1.247563481E0,1.444425464E0
4.206564825E1,-1.424242258E-1,-1.213163137E0,1.431404591E0
4.207564325E1,-1.214715317E-1,-1.214681625E0,1.412414193E0
4.208563725E1,-1.170155331E-1,-1.238606215E0,1.393658757E0
4.209563225E1,-1.120689809E-1,-1.273968935E0,1.389650583E0
4.210562625E1,-1.035737544E-1,-1.325695395E0,1.401880383E0
4.211562125E1,-8.169987798E-2,-1.386156917E0,1.420935631E0
4.212561625E1,-4.999602586E-2,-1.457644820E0,1.465399742E0
4.213561025E1,-2.596578933E-2,-1.501652122E0,1.507978320E0
4.214560525E1,-6.960419938E-3,-1.495464325E0,1.520848036E0
4.215559925E1,1.448521670E-2,-1.432445049E0,1.495507002E0
4.216559425E1,3.825688362E-2,-1.314841509E0,1.445582628E0
4.217558925E1,5.544599146E-2,-1.153503180E0,1.402996063E0
4.218558325E1,7.500903308E-2,-9.673708677E-1,1.380070210E0
4.219557825E1,8.284991235E-2,-7.783519626E-1,1.383961916E0
4.220557225E1,7.468304038E-2,-6.245336533E-1,1.373644352E0
4.221556725E1,6.641871482E-2,-5.190857649E-1,1.344490170E0
4.222556225E1,5.197001994E-2,-4.676769674E-1,1.308709741E0
4.223555625E1,2.954913490E-2,-4.656990170E-1,1.265539885E0
4.224555125E1,1.523650810E-2,-4.948270619E-1,1.234241128E0
4.225554525E1,-8.069879375E-3,-5.354551673E-1,1.201042056E0
4.226554025E1,-2.524779737E-2,-5.745154023E-1,1.167066932E0
4.227553425E1,-5.289034545E-2,-5.842732191E-1,1.138895035E0
4.228552925E1,-8.327862620E-2,-5.805751681E-1,1.101894617E0
4.229552425E1,-9.812334925E-2,-5.557678342E-1,1.051135778E0
4.230551808E1,-1.062374860E-1,-5.214195251E-1,1.006542087E0
4.231551308E1,-1.195468977E-1,-4.852338135E-1,9.518015981E-1
4.232550708E1,-1.236462668E-1,-4.418696165E-1,9.104127884E-1
4.233550208E1,-1.356142461E-1,-4.093660116E-1,8.660514355E-1
4.234549708E1,-1.488890499E-1,-3.848345578E-1,8.189701438E-1
4.235549108E1,-1.659551114E-1,-3.669301271E-1,7.722895145E-1
4.236548608E1,-1.661189049E-1,-3.582698405E-1,7.267497182E-1
4.237548008E1,-1.560817063E-1,-3.393752277E-1,7.017365098E-1
4.238547508E1,-1.425802857E-1,-3.221600950E-1,6.808494329E-1
4.239547008E1,-1.258726716E-1,-3.059800565E-1,6.561717391E-1
4.240546408E1,-1.128178686E-1,-2.974091172E-1,6.323456764E-1
4.241545908E1,-1.005489528E-1,-2.974948585E-1,5.955043435E-1
4.242545308E1,-8.464907855E-2,-3.092122078E-1,5.546470881E-1
4.243544808E1,-8.401897550E-2,-3.203104138E-1,5.119885802E-1
4.244544208E1,-8.282694221E-2,-3.225280344E-1,4.761549830E-1
4.245543708E1,-8.054275066E-2,-2.996978164E-1,4.490818083E-1
4.246543208E1,-7.552802563E-2,-2.695043683E-1,4.256573319E-1
4.247542608E1,-6.595475972E-2,-2.290930450E-1,4.017756879E-1
4.248542108E1,-5.598657206E-2,-1.935397834E-1,3.790414929E-1
4.249541508E1,-4.356772080E-2,-1.652748585E-1,3.608894050E-1
4.250541008E1,-3.404341638E-2,-1.441812068E-1,3.409522176E-1
4.251540508E1,-2.999540977E-2,-1.346460283E-1,3.195081949E-1
4.252539908E1,-3.516434878E-2,-1.371959746E-1,2.960056961E-1
4.253539408E1,-4.138256237E-2,-1.377871931E-1,2.696854174E-1
4.254538808E1,-5.523471534E-2,-1.248502210E-1,2.482357472E-1
4.255538308E1,-6.115039438E-2,-1.046674550E-1,2.214747071E-1
4.256537708E1,-6.915640086E-2,-7.750214636E-2,2.022876441E-1
4.257537208E1,-7.027412951E-2,-4.443580657E-2,1.873638183E-1
4.258536708E1,-7.358203083E-2,-1.570921950E-2,1.813604087E-1
4.259536108E1,-7.605025172E-2,4.813100677E-3,1.794418693E-1
4.260535608E1,-7.573732734E-2,1.786135882E-2,1.804290265E-1
4.261535008E1,-8.106604964E-2,1.671433635E-2,1.784305871E-1
4.262534508E1,-8.112546057E-2,-2.223138232E-3,1.755177975E-1
4.263534008E1,-8.476493508E-2,-2.759800293E-2,1.712426245E-1
4.264533408E1,-8.901424706E-2,-5.390973389E-2,1.568363160E-1
4.265532908E1,-8.574628085E-2,-6.594348699E-2,1.395420134E-1
4.266532308E1,-8.404081315E-2,-6.757348031E-2,1.260976344E-1
4.267531808E1,-8.213132620E-2,-5.633387715E-2,1.088273078E-1
4.268531308E1,-8.477208763E-2,-3.595692664E-2,9.352059662E-2
4.269530708E1,-9.354773909E-2,-1.146995928E-2,8.700144291E-2
4.270530208E1,-1.012962237E-1,1.822011918E-2,8.625797182E-2
4.271529608E1,-1.156440079E-1,3.743322939E-2,9.210041165E-2
4.272529108E1,-1.312743723E-1,3.917140514E-2,1.036988050E-1
4.273528608E1,-1.475976855E-1,1.843922958E-2,1.143852770E-1
4.274528008E1,-1.621736884E-1,-1.110697910E-2,1.227239221E-1
4.275527508E1,-1.801257879E-1,-3.505438939E-2,1.245290115E-1
4.276526908E1,-1.967609525E-1,-4.616003484E-2,1.204957068E-1
4.277526408E1,-2.134416550E-1,-3.568342701E-2,1.234821752E-1
4.278525808E1,-2.333389521E-1,-9.673599154E-3,1.338127255E-1
4.279525308E1,-2.544823289E-1,1.870877296E-2,1.458571404E-1
4.280524808E1,-2.716040611E-1,3.956126049E-2,1.661068201E-1
4.281524208E1,-2.853752673E-1,3.909999877E-2,1.814234555E-1
4.282523708E1,-2.928683460E-1,2.384431660E-2,1.938119382E-1
4.283523108E1,-2.932172120E-1,-3.869603155E-3,2.039609700E-1
4.284522608E1,-2.879920900E-1,-3.441929072E-2,2.049155235E-1
4.285522108E1,-2.769442201E-1,-5.516904593E-2,2.051181942E-1
4.286521508E1,-2.646902204E-1,-6.627019495E-2,2.034606636E-1
4.287521008E1,-2.429702729E-1,-5.764075741E-2,2.073363662E-1
4.288520408E1,-2.253337651E-1,-4.431176931E-2,2.165994793E-1
4.289519908E1,-2.095942199E-1,-3.209931031E-2,2.228848040E-1
4.290519408E1,-1.976531148E-1,-2.519332990E-2,2.322167605E-1
4.291518808E1,-1.845021546E-1,-3.896266967E-2,2.438566387E-1
4.292518308E1,-1.735198200E-1,-6.793114543E-2,2.447867393E-1
4.293517708E1,-1.644086093E-1,-9.437819570E-2,2.487766892E-1
4.294517208E1,-1.514520794E-1,-1.118202731E-1,2.524488568E-1
4.295516608E1,-1.428937465E-1,-1.219874173E-1,2.586127222E-1
4.296516108E1,-1.351042837E-1,-1.165582314E-1,2.610995173E-1
4.297515608E1,-1.343708485E-1,-1.116556153E-1,2.604390383E-1
4.298515008E1,-1.292988360E-1,-1.080812663E-1,2.564388812E-1
4.299514508E1,-1.212507710E-1,-1.070902944E-1,2.451715916E-1
4.300513908E1,-1.159651950E-1,-1.043793038E-1,2.300771475E-1
4.301513408E1,-1.090798527E-1,-1.038189754E-1,2.174345851E-1
4.302512908E1,-1.042776480E-1,-9.273925424E-2,2.074161321E-1
4.303512308E1,-1.004283205E-1,-7.730890065E-2,1.948984712E-1
4.304511808E1,-9.653634578E-2,-5.721255019E-2,1.858849823E-1
4.305511208E1,-9.245105833E-2,-3.087894619E-2,1.848615259E-1
4.306510708E1,-8.911601454E-2,-1.585369185E-2,1.841029525E-1
4.307510108E1,-8.223414421E-2,-2.094725333E-2,1.760889590E-1
4.308509608E1,-7.915922999E-2,-3.650368005E-2,1.673718095E-1
4.309509108E1,-6.541892141E-2,-6.469351053E-2,1.555260718E-1
4.310508508E1,-5.141601712E-2,-9.066348523E-2,1.414048523E-1
4.311508008E1,-3.870155662E-2,-1.083306298E-1,1.323647499E-1
4.312507408E1,-3.282235563E-2,-1.083731726E-1,1.242412552E-1
4.313506908E1,-1.761224493E-2,-9.396947175E-2,1.199232042E-1
4.314506408E1,-8.056832477E-3,-7.524316013E-2,1.171406657E-1
4.315505808E1,5.429414567E-3,-6.478199363E-2,1.139062569E-1
4.316505308E1,1.751324907E-2,-5.869809911E-2,1.042481586E-1
4.317504708E1,2.650115080E-2,-6.914168596E-2,9.390550852E-2
4.318504208E1,3.695936128E-2,-8.600907773E-2,8.277073503E-2
4.319503608E1,5.108476803E-2,-9.656238556E-2,6.885172427E-2
4.320503108E1,6.595107913E-2,-1.010045037E-1,5.837087333E-2
4.321502608E1,7.469983399E-2,-9.335803986E-2,5.053425580E-2
4.322502008E1,8.264430612E-2,-8.568437397E-2,4.215273261E-2
4.323501508E1,8.196759969E-2,-7.874257863E-2,3.143803403E-2
4.324500908E1,5.001126975E-2,-8.016081899E-2,1.821104065E-2
4.325500408E1,-1.332535874E-2,-6.348969042E-2,-2.272653766E-2
4.326499908E1,-9.282046556E-2,-1.405026950E-2,-8.868213743E-2
4.327499308E1,-1.641622931E-1,6.417742372E-2,-1.223085374E-1
4.328498808E1,-2.048149109E-1,1.578769535E-1,-1.057691947E-1
4.329498208E1,-2.033280730E-1,2.281077057E-1,-8.649882674E-2
4.330497750E1,-1.805095524E-1,2.338819802E-1,-1.031696349E-1
4.331497250E1,-1.315151155E-1,1.996140182E-1,-1.352364868E-1
4.332496650E1,-7.288642228E-2,1.497054100E-1,-1.486682296E-1
4.333496150E1,-1.369846798E-2,9.131559730E-2,-1.394310594E-1
4.334495550E1,3.407463431E-2,4.753220081E-2,-1.249669567E-1
4.335495050E1,6.093527749E-2,2.775130607E-2,-1.096268892E-1
4.336494450E1,6.188576296E-2,3.101427481E-2,-8.948493004E-2
4.337493950E1,5.315565690E-2,4.958742857E-2,-6.352522969E-2
4.338493450E1,3.560754284E-2,6.665989012E-2,-3.962713480E-2
4.339492850E1,1.849726774E-2,8.083935827E-2,-1.755991578E-2
4.340492350E1,1.337521803E-2,7.694920897E-2,-4.220040515E-3
4.341491750E1,1.145321410E-2,6.789206713E-2,4.868795164E-3
4.342491250E1,1.724052988E-2,4.926275462E-2,9.765256196E-3
4.343490750E1,2.357246168E-2,3.498235345E-2,9.169773199E-3
4.344490150E1,3.334226832E-2,2.465351671E-2,1.370010339E-2
4.345489650E1,3.790292889E-2,1.484722458E-2,2.217028663E-2
4.346489050E1,3.842757642E-2,1.288134512E-2,3.526100144E-2
4.347488550E1,3.406025842E-2,1.856666058E-2,4.557196423E-2
4.348488050E1,2.302280255E-2,2.021788992E-2,5.562378839E-2
4.349487450E1,1.263594069E-2,2.477162890E-2,5.441205204E-2
4.350486950E1,-1.047387370E-3,2.540928870E-2,5.933956802E-2
4.351486350E1,-1.301137172E-2,2.337569743E-2,5.808575451E-2
4.352485850E1,-2.447628416E-2,2.484090254E-2,5.797981471E-2
4.353485250E1,-3.146415204E-2,2.409015782E-2,5.347001553E-2
4.354484750E1,-3.771005943E-2,2.428679913E-2,4.712735116E-2
4.355484250E1,-4.379218817E-2,2.162124217E-2,4.165322334E-2
4.356483650E1,-4.583323374E-2,2.158202603E-2,4.080399498E-2
4.357483150E1,-4.984422028E-2,2.996405959E-2,4.266687483E-2
4.358482550E1,-5.381419137E-2,3.143375739E-2,4.363719746E-2
4.359482050E1,-5.211855844E-2,2.806752175E-2,4.023500904E-2
4.360481550E1,-4.828120396E-2,2.541851066E-2,3.810764477E-2
4.361480950E1,-4.523801059E-2,1.900322177E-2,3.548976034E-2
4.362480450E1,-4.482738301E-2,8.735207841E-3,3.299418464E-2
4.363479850E1,-4.221615568E-2,-4.023729824E-3,3.016404249E-2
4.364479350E1,-3.906774148E-2,-1.361031551E-2,2.574488334E-2
4.365478850E1,-3.411079943E-2,-1.602633670E-2,1.972054690E-2
4.366478250E1,-2.627712488E-2,-1.335202157E-2,1.573217846E-2
4.367477750E1,-1.739654876E-2,-5.625392310E-3,1.242053788E-2
4.368477150E1,-7.515677251E-3,5.208844319E-3,8.648776449E-3
4.369476650E1,4.023000598E-3,1.560848951E-2,1.935480163E-3
4.370476050E1,1.417099778E-2,2.533782274E-2,-5.974009167E-3
4.371475550E1,1.979026757E-2,3.205218539E-2,-6.901056040E-3
4.372475050E1,2.126562968E-2,4.068571329E-2,-8.073606528E-3
4.373474450E1,1.531133428E-2,4.710233212E-2,-9.768708609E-3
4.374473950E1,8.903236128E-3,4.985391349E-2,-4.718290642E-3
4.375473350E1,5.036592484E-3,5.552351475E-2,3.404883435E-3
4.376472850E1,-2.793901600E-3,5.240438879E-2,4.679765552E-3
4.377472350E1,-1.174718235E-2,5.245685205E-2,3.629947547E-3
4.378471750E1,-2.055611648E-2,4.972987249E-2,5.051726941E-3
4.379471250E1,-4.325450212E-2,8.492688648E-3,5.363849457E-3
4.380470650E1,-3.991543129E-2,-2.955252528E-1,3.960224614E-2
4.381470150E1,-6.913377345E-2,-3.559217453E-1,2.055372111E-2
4.382469650E1,-7.033485919E-2,-3.579137623E-1,-4.123670235E-2
4.383469050E1,-6.209157407E-2,-2.017164379E-1,-5.374716595E-2
4.384468550E1,-4.582896829E-2,1.163489148E-1,-2.713231370E-2
4.385467950E1,-2.234334871E-2,4.438577890E-1,2.446989343E-2
4.386467450E1,-6.007271819E-3,6.353000402E-1,7.963869721E-2
4.387466850E1,2.031746320E-3,6.458123326E-1,7.879633456E-2
4.388466350E1,8.856118657E-3,5.519318581E-1,3.553207964E-2
4.389465850E1,3.785459325E-3,3.685236871E-1,-1.387089305E-2