"Time (s)","X (m/s^2)","Y (m/s^2)","Z (m/s^2)"
8.591500000E-3,-4.129514194E-1,-4.256334454E-3,-4.982172722E-1
1.858650000E-2,-2.720197812E-1,-1.059091553E-2,-2.269666922E-1
2.858050000E-2,1.720835567E-2,-2.462847233E-2,1.088049889E-2
3.857550000E-2,2.878335759E-1,-1.251011789E-3,1.805421388E-1
4.857050000E-2,5.075207770E-1,9.848611504E-3,2.309246725E-1
5.856550000E-2,6.083954796E-1,-1.366538152E-2,2.083807325E-1
6.855950000E-2,6.298860437E-1,2.035854310E-3,1.194732338E-1
7.855450000E-2,6.173306099E-1,3.720612556E-2,-2.640719533E-2
8.854950000E-2,5.955909544E-1,8.273941711E-2,-1.492256212E-1
9.854450000E-2,5.796260092E-1,1.027678849E-1,-2.346604586E-1
1.085385000E-1,5.913321349E-1,1.112277827E-1,-3.410318363E-1
1.185335000E-1,6.700964686E-1,1.091355027E-1,-4.048886937E-1
1.285285000E-1,7.783889490E-1,1.147369891E-1,-4.832086390E-1
1.385235000E-1,9.830762878E-1,1.460828890E-1,-5.212418532E-1
1.485175000E-1,1.206390517E0,2.004511772E-1,-5.889415008E-1
1.585123750E-1,1.369057717E0,2.283250004E-1,-6.893954962E-1
1.685073750E-1,1.439619869E0,2.148497996E-1,-8.160134429E-1
1.785023750E-1,1.536400352E0,2.013658279E-1,-8.895234686E-1
1.884973750E-1,1.673272560E0,2.213437173E-1,-9.188332218E-1
1.984913750E-1,1.740954666E0,2.340617037E-1,-9.167849422E-1
2.084863750E-1,1.806177141E0,1.643751723E-1,-9.382214195E-1
2.184813750E-1,1.842927476E0,3.992069542E-2,-9.739935154E-1
2.284763750E-1,1.724135443E0,-4.123471096E-2,-1.045291539E0
2.384703750E-1,1.389705698E0,-6.955555379E-2,-1.230548873E0
2.484653750E-1,1.021897414E0,-7.791765690E-2,-1.405627373E0
2.584603750E-1,8.197106373E-1,-1.100247180E-1,-1.481238889E0
2.684553750E-1,8.050791496E-1,-9.524266452E-2,-1.586037950E0
2.784493750E-1,8.409494787E-1,-1.070528707E-1,-1.628053118E0
2.884443750E-1,9.940781164E-1,-1.458128938E-1,-1.596674620E0
2.984393750E-1,1.229889307E0,-9.360675976E-2,-1.431772614E0
3.084343750E-1,1.466485194E0,-2.687716529E-2,-1.315939856E0
3.184283750E-1,1.727741128E0,-4.826613396E-2,-1.298612802E0
3.284233750E-1,1.930171734E0,-1.671927993E-1,-1.336891015E0
3.384183750E-1,2.118967803E0,-3.134360482E-1,-1.411893250E0
3.484133750E-1,2.304273083E0,-4.278087558E-1,-1.589671994E0
3.584083750E-1,2.410376658E0,-5.538375954E-1,-1.817906948E0
3.684023750E-1,2.534204898E0,-6.163915470E-1,-1.989715101E0
3.783973750E-1,2.580023680E0,-4.609382026E-1,-1.940321331E0
3.883923750E-1,2.405877226E0,-2.399634446E-1,-1.896911602E0
3.983873750E-1,2.360290579E0,-8.541934222E-2,-1.954966267E0
4.083813750E-1,2.348977386E0,-1.209404464E-1,-1.952725614E0
4.183763750E-1,2.176140123E0,-3.450998904E-1,-1.959797237E0
4.283713750E-1,2.142442034E0,-6.257995708E-1,-1.897112162E0
4.383663750E-1,2.304047965E0,-8.460809952E-1,-1.815938775E0
4.483603750E-1,2.587428010E0,-1.015300878E0,-1.696777198E0
4.583553750E-1,2.912212188E0,-1.132204553E0,-1.617879547E0
4.683503750E-1,3.177655898E0,-1.190417385E0,-1.425191572E0
4.783453750E-1,3.093996275E0,-1.224713936E0,-1.252681754E0
4.883393750E-1,2.544553885E0,-1.338975547E0,-1.171810083E0
4.983343750E-1,1.982646986E0,-1.575512085E0,-1.089600863E0
5.083293750E-1,1.538167965E0,-1.907563767E0,-1.098526345E0
5.183243750E-1,1.101214895E0,-2.365309536E0,-1.160388132E0
5.283193750E-1,7.097093081E-1,-2.800889680E0,-1.180566581E0
5.383133750E-1,4.218087816E-1,-3.131853780E0,-1.202751210E0
5.483083750E-1,1.503085256E-1,-3.403532377E0,-1.370785277E0
5.583033750E-1,-2.548000234E-1,-3.636032581E0,-1.697045877E0
5.682983750E-1,-9.638333935E-1,-4.013774407E0,-2.150343377E0
5.782923750E-1,-1.807217653E0,-4.444168655E0,-2.410336897E0
5.882873750E-1,-2.403926010E0,-4.726969825E0,-2.480735035E0
5.982823750E-1,-2.535651500E0,-4.663963737E0,-2.414477603E0
6.082773750E-1,-2.242153434E0,-4.282008408E0,-2.276420602E0
6.182713750E-1,-1.793074408E0,-3.768642170E0,-2.151834709E0
6.282663750E-1,-1.365385081E0,-3.280423052E0,-2.021478492E0
6.382613750E-1,-1.000442226E0,-2.889325601E0,-1.875562979E0
6.482563750E-1,-6.947129542E-1,-2.651301824E0,-1.712637039E0
6.582503750E-1,-5.997746372E-1,-2.606253705E0,-1.705798867E0
6.682453750E-1,-7.782983172E-1,-2.736017454E0,-1.770676063E0
6.782403750E-1,-1.005683670E0,-2.869075524E0,-1.720988179E0
6.882353750E-1,-1.049836580E0,-2.812368057E0,-1.669598755E0
6.982293750E-1,-9.895342451E-1,-2.525179721E0,-1.648883824E0
7.082243750E-1,-9.602660072E-1,-2.174869523E0,-1.670828424E0
7.182193750E-1,-9.951838249E-1,-1.842782173E0,-1.719508833E0
7.282143750E-1,-1.069351662E0,-1.646908634E0,-1.701273122E0
7.382093750E-1,-1.146657701E0,-1.546913645E0,-1.581694638E0
7.482033750E-1,-1.226190943E0,-1.427718154E0,-1.501578428E0
7.581983750E-1,-1.272228411E0,-1.336893938E0,-1.394511232E0
7.681933750E-1,-1.315787244E0,-1.236906551E0,-1.245201411E0
7.781883750E-1,-1.342503757E0,-1.137705613E0,-1.133322541E0
7.881823750E-1,-1.338258094E0,-1.035785721E0,-1.072089329E0
7.981773750E-1,-1.343314766E0,-9.702273238E-1,-1.019909946E0
8.081723750E-1,-1.346985355E0,-8.963664651E-1,-9.890916109E-1
8.181673750E-1,-1.314165811E0,-7.870083296E-1,-9.715113723E-1
8.281613750E-1,-1.322119194E0,-7.525974655E-1,-9.237700260E-1
8.381563750E-1,-1.379137440E0,-9.278010964E-1,-8.853315997E-1
8.481513750E-1,-1.459894212E0,-1.239610888E0,-8.041956353E-1
8.581463750E-1,-1.554063328E0,-1.723237603E0,-6.687823069E-1
8.681403750E-1,-1.517701248E0,-2.090715226E0,-4.319630563E-1
8.781353750E-1,-1.264650127E0,-2.086914536E0,-2.013336682E-1
8.881303750E-1,-9.471135727E-1,-1.862531143E0,2.500854135E-2
8.981253750E-1,-6.759240961E-1,-1.743567787E0,3.224663419E-1
9.081193750E-1,-4.432370728E-1,-1.673590064E0,5.712413943E-1
9.181143750E-1,-3.079029742E-1,-1.758071221E0,6.902415884E-1
9.281093750E-1,-3.058988410E-1,-1.961781782E0,7.775101856E-1
9.381043750E-1,-4.169485760E-1,-2.190285707E0,9.857645452E-1
9.480983750E-1,-5.452955443E-1,-2.312339317E0,1.161899638E0
9.580933750E-1,-5.156595165E-1,-2.211733879E0,1.338242891E0
9.680883750E-1,-4.452917844E-1,-2.050020944E0,1.603086092E0
9.780833750E-1,-4.287536658E-1,-1.951999975E0,1.731595028E0
9.880773750E-1,-5.438053814E-1,-1.965214097E0,1.906007531E0
9.980723750E-1,-8.369624086E-1,-2.156058446E0,1.954860579E0
1.008067375E0,-1.167517350E0,-2.348014349E0,2.070926348E0
1.018062375E0,-1.432733311E0,-2.442971962E0,2.250803658E0
1.028057375E0,-1.603647132E0,-2.407041991E0,2.317233291E0
1.038051375E0,-1.733910087E0,-2.413226007E0,2.345247301E0
1.048046375E0,-1.849921915E0,-2.429027522E0,2.389737595E0
1.058041375E0,-1.937369657E0,-2.453907425E0,2.404827066E0
1.068036375E0,-2.030505423E0,-2.483577366E0,2.471694947E0
1.078030375E0,-2.031181215E0,-2.517987646E0,2.559009080E0
1.088025375E0,-1.927466812E0,-2.623532812E0,2.583056046E0
1.098020375E0,-1.751969797E0,-2.764132036E0,2.610942880E0
1.108015375E0,-1.547713106E0,-2.894702116E0,2.555596645E0
1.118009375E0,-1.314147392E0,-3.013966604E0,2.497242309E0
1.128004375E0,-1.076218925E0,-3.100342258E0,2.471757220E0
1.137999375E0,-8.556455782E-1,-3.068324075E0,2.439606012E0
1.147994375E0,-6.831901386E-1,-3.060563650E0,2.497630857E0
1.157988375E0,-5.909998669E-1,-3.041325141E0,2.470046325E0
1.167983125E0,-5.282905255E-1,-3.037905105E0,2.412156551E0
1.177978125E0,-5.358740719E-1,-3.177797400E0,2.272746358E0
1.187973125E0,-6.370246169E-1,-3.525721934E0,2.063275120E0
1.197967125E0,-6.999963520E-1,-3.990845135E0,1.824993188E0
1.207962125E0,-6.659098622E-1,-4.259613572E0,1.544463662E0
1.217957125E0,-6.578006512E-1,-4.289031499E0,1.237263815E0
1.227952125E0,-7.380697659E-1,-4.032146358E0,7.495282620E-1
1.237946125E0,-9.622964528E-1,-3.676152667E0,3.182896757E-1
1.247941125E0,-1.369941816E0,-3.620249192E0,7.395558357E-3
1.257936125E0,-1.748796075E0,-3.702551091E0,-1.964325321E-1
1.267931125E0,-1.927236432E0,-3.852958435E0,-3.315909219E-1
1.277925125E0,-1.851720226E0,-4.061398224E0,-5.411101073E-1
1.287920125E0,-1.524694226E0,-4.147765692E0,-7.088076675E-1
1.297915125E0,-1.147073730E0,-4.050582629E0,-7.766143191E-1
1.307910125E0,-7.709279019E-1,-3.943273358E0,-8.181506002E-1
1.317905125E0,-5.167123076E-1,-4.021811990E0,-8.619246107E-1
1.327899125E0,-3.268119925E-1,-4.249120744E0,-9.330121350E-1
1.337894125E0,-1.187733221E-1,-4.450692394E0,-1.020687625E0
1.347889125E0,1.448285151E-1,-4.397948754E0,-9.917579412E-1
1.357884125E0,3.937795687E-1,-4.214574224E0,-1.041262808E0
1.367878125E0,6.401087308E-1,-4.064461288E0,-1.100657655E0
1.377873125E0,8.010205972E-1,-4.087657485E0,-1.091492729E0
1.387868125E0,9.090859133E-1,-4.075842601E0,-1.081049017E0
1.397862125E0,1.038726286E0,-3.992781441E0,-1.141199909E0
1.407857125E0,1.210092389E0,-3.872872590E0,-1.256242708E0
1.417852125E0,1.394270326E0,-3.716245563E0,-1.290179363E0
1.427847125E0,1.521438496E0,-3.612200500E0,-1.428419235E0
1.437842125E0,1.615314959E0,-3.615772856E0,-1.524702997E0
1.447836125E0,1.617954392E0,-3.608052485E0,-1.551839340E0
1.457831125E0,1.663251602E0,-3.496954218E0,-1.570446934E0
1.467826125E0,1.760315967E0,-3.375621570E0,-1.577458915E0
1.477821125E0,1.906829649E0,-3.257356663E0,-1.535163665E0
1.487815125E0,2.060694451E0,-3.046766268E0,-1.430757537E0
1.497810125E0,2.092902669E0,-2.885972223E0,-1.332359422E0
1.507805125E0,2.052003150E0,-2.840446386E0,-1.395457311E0
1.517800125E0,1.987172731E0,-2.776666420E0,-1.452364168E0
1.527794125E0,1.964626452E0,-2.647463127E0,-1.478944441E0
1.537789125E0,1.945648144E0,-2.495452769E0,-1.493073068E0
1.547784125E0,1.914216437E0,-2.368814503E0,-1.589109492E0
1.557779125E0,1.894331810E0,-2.206130638E0,-1.635721741E0
1.567773125E0,1.892477074E0,-2.143413842E0,-1.581048521E0
1.577768125E0,1.943139689E0,-2.110228408E0,-1.497392991E0
1.587763125E0,2.076598878E0,-1.961709569E0,-1.545290458E0
1.597758125E0,2.155455598E0,-1.746881989E0,-1.548003566E0
1.607752125E0,2.159925794E0,-1.621474416E0,-1.511770417E0
1.617747125E0,2.135687916E0,-1.582506232E0,-1.430906056E0
1.627742125E0,2.200279183E0,-1.493305349E0,-1.425714313E0
1.637737125E0,2.383813342E0,-1.382578965E0,-1.390034603E0
1.647731125E0,2.672323149E0,-1.358372808E0,-1.369087538E0
1.657726125E0,2.964076406E0,-1.377484432E0,-1.323533050E0
1.667721125E0,3.226584814E0,-1.306273824E0,-1.341057740E0
1.677716125E0,3.392090837E0,-1.038815310E0,-1.415753874E0
1.687710125E0,3.476722267E0,-7.789757171E-1,-1.439923632E0
1.697705125E0,3.455372329E0,-6.468958864E-1,-1.472819483E0
1.707700125E0,3.349182799E0,-5.919921394E-1,-1.480869929E0
1.717695125E0,3.269434964E0,-6.029879746E-1,-1.484161327E0
1.727689125E0,3.211641085E0,-5.307693064E-1,-1.535798088E0
1.737684125E0,3.226409397E0,-3.867135009E-1,-1.590095333E0
1.747679125E0,3.210625423E0,-2.153807268E-1,-1.633354204E0
1.757674125E0,3.173951687E0,-1.300403219E-1,-1.742122647E0
1.767668125E0,3.126074100E0,-8.419785887E-2,-1.783000240E0
1.777663125E0,3.050086609E0,-3.869716555E-2,-1.913089094E0
1.787658125E0,3.060676501E0,3.146006674E-2,-1.997151297E0
1.797653125E0,3.102848960E0,2.128734407E-1,-2.039581910E0
1.807647125E0,3.169100252E0,3.476079074E-1,-2.133480884E0
1.817642125E0,3.208390033E0,3.771796158E-1,-2.198338785E0
1.827637125E0,3.212437475E0,3.331117827E-1,-2.234909610E0
1.837632125E0,3.197834639E0,3.591482645E-1,-2.163609248E0
1.847626125E0,3.127624782E0,4.403310066E-1,-2.197320785E0
1.857621125E0,2.976926832E0,4.619604421E-1,-2.322758763E0
1.867616125E0,2.790542740E0,4.009108329E-1,-2.403330471E0
1.877611125E0,2.682883220E0,2.994867843E-1,-2.484285172E0
1.887605125E0,2.724616553E0,1.620880339E-1,-2.496656418E0
1.897600125E0,2.845945108E0,4.628246605E-2,-2.360078032E0
1.907595125E0,2.917696876E0,-1.247211099E-2,-2.219521785E0
1.917590125E0,2.886427721E0,-8.709427714E-4,-2.055072353E0
1.927584125E0,2.835136530E0,7.124422967E-2,-1.888933661E0
1.937579125E0,2.776707058E0,4.708558112E-2,-1.731250919E0
1.947574125E0,2.608271579E0,-4.979839683E-2,-1.441017939E0
1.957569125E0,2.378401160E0,-7.184239984E-2,-1.069725884E0
1.967563125E0,2.163862724E0,7.388834059E-3,-7.305446917E-1
1.977558125E0,1.946637493E0,-7.454322875E-3,-5.521747935E-1
1.987553125E0,1.710035759E0,-1.134470934E-1,-4.607260948E-1
1.997548125E0,1.417393141E0,-2.150082591E-1,-4.497768912E-1
2.007542125E0,1.165360020E0,-3.387578541E-1,-4.684634230E-1
2.017537125E0,9.917754829E-1,-4.229196064E-1,-4.356584966E-1
2.027532125E0,8.462341923E-1,-4.025316811E-1,-4.847084498E-1
2.037527125E0,6.935891193E-1,-3.791660611E-1,-6.270527753E-1
2.047521125E0,6.062551063E-1,-4.354800104E-1,-7.428811473E-1
2.057516125E0,5.898238456E-1,-3.988219151E-1,-7.959136391E-1
2.067511125E0,6.837494248E-1,-2.243094251E-1,-8.468516582E-1
2.077506125E0,8.768420273E-1,-1.643748799E-1,-8.072899818E-1
2.087500125E0,1.066278366E0,-2.125641230E-1,-7.433644196E-1
2.097495125E0,1.223732774E0,-3.820978551E-1,-5.680903298E-1
2.107490125E0,1.323821318E0,-5.725991178E-1,-3.342324015E-1
2.117485125E0,1.379921844E0,-7.504326801E-1,-2.838758880E-1
2.127480125E0,1.464583095E0,-8.192979701E-1,-3.084125590E-1
2.137474125E0,1.468320635E0,-6.645870759E-1,-2.099217662E-1
2.147469125E0,1.463340561E0,-3.827873149E-1,-1.474518684E-1
2.157464125E0,1.406248932E0,-2.095702024E-1,-1.342678589E-1
2.167459125E0,1.318847092E0,-2.002680863E-1,-1.140405858E-1
2.177454125E0,1.223218219E0,-2.865163444E-1,-2.258364254E-1
2.187449125E0,1.164971180E0,-5.192291320E-1,-4.900896424E-1
2.197444125E0,1.115826502E0,-9.322739241E-1,-6.828992397E-1
2.207439125E0,1.024550881E0,-1.283523331E0,-6.223907903E-1
2.217433125E0,8.944982797E-1,-1.434767411E0,-4.897043109E-1
2.227428125E0,7.889197844E-1,-1.317054043E0,-3.330264133E-1
2.237423125E0,8.490817863E-1,-9.815829089E-1,-1.671233636E-1
2.247418125E0,1.009498394E0,-6.492726333E-1,-1.237858477E-1
2.257412125E0,1.174890397E0,-5.060235974E-1,-1.955823469E-1
2.267407125E0,1.240984399E0,-6.339882309E-1,-2.589378056E-1
2.277402125E0,1.117379522E0,-8.994726522E-1,-3.042087033E-1
2.287397125E0,7.993026853E-1,-1.219353794E0,-3.143118149E-1
2.297391125E0,3.834767747E-1,-1.494494234E0,-3.787288356E-1
2.307386125E0,5.891654491E-2,-1.583802559E0,-3.750573689E-1
2.317381125E0,-8.106112003E-2,-1.487157148E0,-3.744884348E-1
2.327376125E0,-2.852447212E-2,-1.319132728E0,-4.114475155E-1
2.337370125E0,2.060722518E-1,-1.141930958E0,-4.285225546E-1
2.347365125E0,4.766539103E-1,-9.879281612E-1,-3.937485784E-1
2.357360125E0,6.846259224E-1,-9.114442416E-1,-2.125597376E-1
2.367355125E0,6.793786311E-1,-1.017862105E0,-5.257874787E-2
2.377349125E0,4.801072758E-1,-1.240039635E0,1.215653676E-1
2.387344125E0,1.971441382E-1,-1.456105801E0,2.089432347E-1
2.397339125E0,-2.922613800E-2,-1.559261795E0,2.811926007E-1
2.407334125E0,-1.259589654E-1,-1.412492882E0,3.712239343E-1
2.417328125E0,-5.428555012E-3,-1.121799140E0,2.640918338E-1
2.427323125E0,1.034121019E-1,-9.857566515E-1,1.588735271E-1
2.437318125E0,9.924713016E-2,-9.953764907E-1,1.435988456E-1
2.447313125E0,-1.072086990E-2,-1.055140297E0,5.180340707E-2
2.457307125E0,-1.544045001E-1,-1.205449700E0,-5.587014556E-3
2.467302125E0,-2.499667150E-1,-1.370611615E0,-7.115008950E-2
2.477297125E0,-7.001222134E-2,-1.385314731E0,-6.909830153E-2
2.487292125E0,2.605150920E-1,-1.262393394E0,-8.194989681E-2
2.497286125E0,6.247586203E-1,-1.129158154E0,-2.863235325E-1
2.507281125E0,8.454372168E-1,-1.135640962E0,-3.374404764E-1
2.517276125E0,8.310676843E-1,-1.286155309E0,-2.670598805E-1
2.527271125E0,4.973857981E-1,-1.395681260E0,5.508135617E-2
2.537265125E0,-6.285990715E-2,-1.423197087E0,3.259167838E-1
2.547260125E0,-5.670033324E-1,-1.335727126E0,4.722515416E-1
2.557255125E0,-8.323733675E-1,-1.247492934E0,4.123041326E-1
2.567250125E0,-8.179810309E-1,-1.080905761E0,4.430552244E-2
2.577244125E0,-6.203895807E-1,-9.681275886E-1,-4.727310133E-1
2.587239125E0,-2.497603083E-1,-9.259732568E-1,-9.482032013E-1
2.597234125E0,7.182427347E-2,-1.068238937E0,-1.113770036E0
2.607229125E0,1.904198402E-1,-1.383267036E0,-1.039503381E0
2.617223125E0,1.143598437E-1,-1.639092076E0,-6.049798286E-1
2.627218125E0,-4.623744249E-2,-1.639735270E0,-8.511207104E-2
2.637213125E0,-1.566966087E-1,-1.303792850E0,6.894101143E-2
2.647208125E0,-1.796814287E-1,-9.699834949E-1,-8.149673760E-2
2.657202125E0,-1.522685122E-1,-7.610981476E-1,-4.483156720E-1
2.667197125E0,-2.408117294E-2,-7.605169344E-1,-7.226576748E-1
2.677192125E0,1.490689158E-2,-1.074526448E0,-7.906745338E-1
2.687187125E0,-1.158421129E-1,-1.421017830E0,-9.938296098E-1
2.697181125E0,-3.131862259E-1,-1.694813118E0,-6.755975291E-1
2.707176125E0,-5.349974281E-1,-1.768172286E0,-1.753480572E-1
2.717171125E0,-5.487717140E-1,-1.464959655E0,-8.836897016E-3
2.727166125E0,-3.917511696E-1,-1.169172989E0,-4.859825581E-2
2.737160125E0,-1.851906753E-1,-1.058651258E0,-3.526599017E-1
2.747155125E0,9.509911537E-3,-1.098036933E0,-6.438687828E-1
2.757150125E0,1.315632293E-1,-1.254858672E0,-7.521355355E-1
2.767145125E0,1.906376490E-1,-1.541285115E0,-8.190107256E-1
2.777139125E0,1.918752122E-1,-1.830732815E0,-8.058158988E-1
2.787134125E0,1.783538184E-1,-2.078881631E0,-6.918732539E-1
2.797129125E0,1.678156739E-1,-2.111845309E0,-5.739407614E-1
2.807124125E0,2.725235188E-1,-1.898278681E0,-4.301287848E-1
2.817118125E0,3.915821850E-1,-1.517375851E0,-3.753546998E-1
2.827113125E0,4.082426566E-1,-1.229721492E0,-3.381783950E-1
2.837108125E0,3.083213425E-1,-1.194211936E0,-1.713093853E-1
2.847103125E0,3.453774869E-2,-1.392305662E0,-6.683367491E-2
2.857097125E0,-2.174412856E-1,-1.573650039E0,4.324366808E-2
2.867092125E0,-4.492029870E-1,-1.647919618E0,1.789011177E-1
2.877087125E0,-6.010083997E-1,-1.606112026E0,2.711307120E-1
2.887082125E0,-7.907552254E-1,-1.480394551E0,3.393452069E-1
2.897076125E0,-1.018277988E0,-1.292028837E0,4.010672459E-1
2.907071125E0,-1.286148000E0,-1.028398349E0,4.408230498E-1
2.917066125E0,-1.608062949E0,-7.996628737E-1,4.815787277E-1
2.927061125E0,-1.910645104E0,-7.170294374E-1,4.650957191E-1
2.937055125E0,-2.138040251E0,-8.334264511E-1,4.722217208E-1
2.947050125E0,-2.228532345E0,-1.021142539E0,5.024269751E-1
2.957045125E0,-2.132672945E0,-1.116785445E0,6.993848795E-1
2.967040125E0,-1.923864781E0,-1.127473571E0,8.665813333E-1
2.977034125E0,-1.666577206E0,-1.127273596E0,1.010846761E0
2.987029125E0,-1.403916917E0,-1.190942173E0,1.141853628E0
2.997024125E0,-1.165571835E0,-1.356330083E0,1.243834332E0
3.007018125E0,-9.275463040E-1,-1.536277560E0,1.375654546E0
3.017013125E0,-6.886706608E-1,-1.714632255E0,1.494074842E0
3.027008125E0,-3.677891336E-1,-1.789157358E0,1.667233117E0
3.037003125E0,5.937306628E-2,-1.717196844E0,2.018424783E0
3.046997125E0,5.420991638E-1,-1.583269293E0,2.541443751E0
3.056992125E0,9.524794163E-1,-1.483400019E0,3.390136113E0
3.066987125E0,1.129240745E0,-2.034082019E0,4.865523693E0
3.076982125E0,1.287734203E0,-2.876238363E0,6.351552621E0
3.086977125E0,2.016433075E0,-2.666366590E0,6.898028718E0
3.096971125E0,3.041910447E0,-2.008489341E0,6.606739730E0
3.106966125E0,3.628263386E0,-1.649766169E0,7.331878670E0
3.116961125E0,3.389836736E0,-1.425131931E0,7.196578193E0
3.126955125E0,2.471252021E0,-9.948242211E-1,6.012197181E0
3.136950125E0,1.507225523E0,-5.482530659E-1,4.715196456E0
3.146945125E0,8.838943541E-1,-2.255060577E-1,3.265190470E0
3.156940125E0,3.822146532E-1,-9.887758613E-2,1.970671889E0
3.166933542E0,-1.382387030E-1,-1.241188467E-1,1.066815213E0
3.176928542E0,-6.911424981E-1,-2.898400480E-1,5.243384656E-1
3.186923542E0,-1.105220822E0,-4.892301017E-1,-3.238831222E-2
3.196918542E0,-1.210831331E0,-6.079391044E-1,-5.431011573E-1
3.206912542E0,-9.738122517E-1,-5.204969180E-1,-9.968485272E-1
3.216907542E0,-5.493549737E-1,-1.698259467E-1,-1.324518891E0
3.226902542E0,-1.333283575E-1,2.722182941E-1,-1.425135439E0
3.236897542E0,7.476454586E-2,6.428089750E-1,-1.424848925E0
3.246891542E0,9.886296809E-2,8.463756949E-1,-1.391281815E0
3.256886542E0,5.864187196E-2,9.424472022E-1,-1.468149896E0
3.266881542E0,-5.400342196E-3,9.589778656E-1,-1.527585674E0
3.276876542E0,-1.518901974E-2,8.657668161E-1,-1.498957706E0
3.286870542E0,-1.447010458E-2,6.898340374E-1,-1.422855610E0
3.296865542E0,6.266577959E-2,5.669787741E-1,-1.238853673E0
3.306860542E0,1.439553796E-1,4.826677716E-1,-1.101465229E0
3.316855542E0,1.266351959E-1,4.257065356E-1,-1.001334511E0
3.326849542E0,8.828082338E-2,3.372206211E-1,-8.247211164E-1
3.336844542E0,6.295404732E-3,2.260668057E-1,-6.113923969E-1
3.346839542E0,-1.119066444E-1,8.624292254E-2,-4.697443286E-1
3.356834542E0,-1.866907784E-1,-3.703567922E-2,-3.199111817E-1
3.366828542E0,-2.098092073E-1,-1.700826395E-1,-1.318523010E-1
3.376823542E0,-2.178057133E-1,-2.940634918E-1,-5.312780142E-3
3.386818542E0,-2.049775068E-1,-4.116720486E-1,2.729731697E-1
3.396813542E0,-1.358784744E-1,-4.620879114E-1,5.217229329E-1
3.406807542E0,1.829710722E-2,-4.853545672E-1,7.366070849E-1
3.416802542E0,2.090281655E-1,-5.091650140E-1,1.005004224E0
3.426797542E0,4.162852094E-1,-5.339110154E-1,1.350424395E0
3.436792542E0,6.374400616E-1,-5.120897913E-1,1.593625882E0
3.446786542E0,8.111329181E-1,-4.605652964E-1,1.745576890E0
3.456781542E0,8.921522306E-1,-4.021726620E-1,1.840481878E0
3.466776542E0,8.647330284E-1,-4.418115216E-1,1.896133922E0
3.476771542E0,8.473125650E-1,-4.878396338E-1,1.905442105E0
3.486765542E0,9.104158625E-1,-3.645277029E-1,1.971825544E0
3.496760542E0,1.036981038E0,-1.937702948E-1,2.061073351E0
3.506755542E0,1.140765315E0,-1.959782034E-1,2.075722965E0
3.516750542E0,1.176204412E0,-3.200882792E-1,1.957737994E0
3.526744542E0,1.148011477E0,-4.304831260E-1,1.895479034E0
3.536739542E0,1.112517124E0,-4.782911307E-1,1.838258036E0
3.546734542E0,1.053728341E0,-5.828446090E-1,1.941772025E0
3.556729542E0,1.024000658E0,-6.589209777E-1,2.005834705E0
3.566723542E0,1.019971488E0,-7.406095040E-1,2.153951109E0
3.576718542E0,1.056713052E0,-8.590413487E-1,2.235255327E0
3.586713542E0,1.089737834E0,-9.887021863E-1,2.290348962E0
3.596708542E0,1.097006215E0,-1.047338065E0,2.314826723E0
3.606702542E0,1.049781763E0,-1.083198454E0,2.308691239E0
3.616697542E0,8.835033216E-1,-1.170551763E0,2.311266353E0
3.626692542E0,5.722618796E-1,-1.323692095E0,2.407136132E0
3.636687542E0,2.545329519E-1,-1.540630227E0,2.480106459E0
3.646681542E0,8.505739957E-2,-1.711049082E0,2.574871699E0
3.656676542E0,1.017082232E-1,-1.627523360E0,2.634969381E0
3.666671542E0,1.904726113E-1,-1.365541787E0,2.684154405E0
3.676666542E0,1.980601045E-1,-1.174226153E0,2.709072899E0
3.686660542E0,9.657042101E-2,-1.175372207E0,2.655927264E0
3.696655542E0,-5.831062719E-2,-1.347109024E0,2.597605965E0
3.706650542E0,-1.704131533E-1,-1.551352851E0,2.567225587E0
3.716645542E0,-3.037783483E-1,-1.738552045E0,2.528822829E0
3.726639542E0,-4.403687212E-1,-1.888724331E0,2.451266822E0
3.736634542E0,-6.059501740E-1,-2.020897132E0,2.401570752E0
3.746629542E0,-7.216402593E-1,-2.092735439E0,2.277749236E0
3.756624542E0,-7.608965649E-1,-2.114048540E0,2.115240203E0
3.766618542E0,-7.716602656E-1,-2.113421134E0,1.957555414E0
3.776613542E0,-7.321094066E-1,-2.122650964E0,1.858361494E0
3.786608542E0,-7.212622368E-1,-2.126669170E0,1.784669620E0
3.796603542E0,-7.558897403E-1,-2.217733122E0,1.699074276E0
3.806597542E0,-7.713418847E-1,-2.441265745E0,1.517492795E0
3.816592542E0,-8.109050229E-1,-2.661599355E0,1.472670671E0
3.826587542E0,-8.684109271E-1,-2.767987690E0,1.359048161E0
3.836582542E0,-9.920929867E-1,-2.823487122E0,1.145162860E0
3.846576542E0,-1.134046426E0,-2.764422058E0,8.658135939E-1
3.856571542E0,-1.227150179E0,-2.651671953E0,6.418924239E-1
3.866566542E0,-1.292618529E0,-2.542203305E0,3.129394734E-1
3.876561542E0,-1.435500798E0,-2.537160666E0,5.501118958E-2
3.886555542E0,-1.615074638E0,-2.681136657E0,-4.056067318E-2
3.896550542E0,-1.707567065E0,-2.820152455E0,-3.396589100E-2
3.906545542E0,-1.688682020E0,-2.911992332E0,-5.990530908E-2
3.916540542E0,-1.557681585E0,-3.067798410E0,3.128552735E-2
3.926534542E0,-1.272336584E0,-3.188800106E0,4.698003888E-2
3.936529542E0,-8.679109901E-1,-3.164518374E0,5.031704485E-2
3.946524542E0,-5.155092430E-1,-3.100164503E0,-1.978230000E-2
3.956519542E0,-3.161004782E-1,-3.089620804E0,-6.721198976E-2
3.966513542E0,-2.623405927E-1,-3.198552092E0,-1.177594149E-1
3.976508542E0,-1.908133578E-1,-3.440933799E0,-2.076398903E-1
3.986503542E0,3.933012664E-2,-3.569853210E0,-3.575016886E-1
3.996498542E0,3.968218750E-1,-3.672040320E0,-3.123179144E-1
4.006492542E0,7.774498862E-1,-3.752900296E0,-3.494605976E-1
4.016487542E0,1.167486652E0,-3.828223251E0,-2.810060745E-1
4.026482542E0,1.421007890E0,-4.051566423E0,-9.429863155E-2
4.036477542E0,1.673291271E0,-4.057728804E0,7.862575471E-2
4.046471542E0,1.927919971E0,-3.537081320E0,9.605922818E-2
4.056466542E0,2.038199043E0,-2.948803186E0,-1.134336448E-1
4.066461542E0,1.992933408E0,-2.627717372E0,-3.253244609E-1
4.076455542E0,1.827047900E0,-2.653204800E0,-3.876177728E-1
4.086450542E0,1.613589445E0,-2.732571982E0,-4.310497212E-1
4.096445542E0,1.409756092E0,-2.613525595E0,-5.669103616E-1
4.106440542E0,1.111101367E0,-2.409476480E0,-7.170007861E-1
4.116435542E0,8.115566951E-1,-2.249788728E0,-8.255005503E-1
4.126429542E0,6.250761241E-1,-2.208288115E0,-8.158368570E-1
4.136424542E0,6.262192547E-1,-2.334153086E0,-7.440295404E-1
4.146419542E0,8.481678665E-1,-2.497849835E0,-5.489494693E-1
4.156414542E0,1.260744479E0,-2.472940696E0,-3.914745963E-1
4.166408375E0,1.700760321E0,-2.325292946E0,-4.539392316E-1
4.176403375E0,2.018761144E0,-2.247945247E0,-4.924560106E-1
4.186398375E0,2.118880679E0,-2.281939643E0,-5.517689967E-1
4.196392375E0,2.094173269E0,-2.241695743E0,-5.118655506E-1
4.206387375E0,2.013429653E0,-2.139240976E0,-4.355248877E-1
4.216382375E0,1.906934314E0,-2.051767653E0,-2.759149039E-1
4.226377375E0,1.804337899E0,-2.047143821E0,-2.066271526E-1
4.236371375E0,1.757123387E0,-2.003863316E0,-9.549584895E-2
4.246366375E0,1.689400935E0,-1.950867954E0,-8.922763377E-2
4.256361375E0,1.585299447E0,-1.961098389E0,-2.637567884E-1
4.266356375E0,1.509899601E0,-1.920362591E0,-3.053518340E-1
4.276350375E0,1.440082676E0,-1.885022312E0,-2.949341422E-1
4.286345375E0,1.383310305E0,-1.861723935E0,-3.234820032E-1
4.296340375E0,1.346078160E0,-1.815010237E0,-4.358687040E-1
4.306335375E0,1.301996001E0,-1.825611531E0,-6.030002537E-1
4.316329375E0,1.275773578E0,-1.876857114E0,-7.111260885E-1
4.326324375E0,1.249342409E0,-1.749001458E0,-8.293114731E-1
4.336319375E0,1.216713191E0,-1.526277798E0,-1.028489858E0
4.346314375E0,1.217406671E0,-1.360829223E0,-1.245846359E0
4.356308375E0,1.261735582E0,-1.410946293E0,-1.398914185E0
4.366303375E0,1.382931991E0,-1.464237232E0,-1.325248623E0
4.376298375E0,1.553156133E0,-1.383829831E0,-1.211633423E0
4.386293375E0,1.633744798E0,-1.211999166E0,-1.094085969E0
4.396287375E0,1.719124671E0,-1.052621463E0,-1.124754615E0
4.406282375E0,1.897183498E0,-8.696008354E-1,-1.112143341E0
4.416277375E0,2.194862908E0,-6.716775557E-1,-1.153966135E0
4.426272375E0,2.561400298E0,-6.159810725E-1,-1.365437706E0
4.436266375E0,2.873383167E0,-7.448238847E-1,-1.435405196E0
4.446261375E0,3.106575975E0,-7.055984232E-1,-1.590654327E0
4.456256375E0,3.294988466E0,-4.971516171E-1,-1.707015672E0
4.466251375E0,3.535714826E0,-2.990789410E-1,-1.983777838E0
4.476245375E0,3.807368279E0,-1.495995507E-1,-2.221530012E0
4.486240375E0,4.067789816E0,-8.453378141E-2,-2.439066607E0
4.496235375E0,4.226245267E0,-9.936612099E-2,-2.523132026E0
4.506230375E0,4.288000635E0,-2.952288419E-2,-2.590153104E0
4.516224375E0,4.270586457E0,1.560914218E-1,-2.593987124E0
4.526219375E0,4.184003811E0,3.460964021E-1,-2.557099379E0
4.536214375E0,4.100307351E0,4.369960472E-1,-2.573936729E0
4.546209375E0,3.984060611E0,3.793196967E-1,-2.529996365E0
4.556203375E0,3.815278392E0,2.038541105E-1,-2.381652504E0
4.566198375E0,3.566603912E0,7.760658503E-2,-2.161145231E0
4.576193375E0,3.200774619E0,1.452106306E-1,-1.902328755E0
4.586188375E0,2.807848744E0,2.743083814E-1,-1.788693674E0
4.596182375E0,2.430537273E0,2.254929015E-1,-1.816296625E0
4.606177375E0,2.070646997E0,3.506458282E-2,-1.819830974E0
4.616172375E0,1.828641266E0,-1.139096081E-1,-1.718035627E0
4.626167375E0,1.670926073E0,-1.505678496E-1,-1.578431599E0
4.636161375E0,1.529881876E0,-8.922558725E-2,-1.329716189E0
4.646156375E0,1.276448346E0,-1.283393669E-1,-1.100093106E0
4.656151375E0,9.102307981E-1,-2.567328206E-1,-8.964395553E-1
4.666146375E0,5.030230987E-1,-4.395559582E-1,-5.789135259E-1
4.676140375E0,1.316401201E-1,-5.575241187E-1,-2.898192903E-1
4.686135375E0,-8.195983708E-2,-5.609809926E-1,-6.666381329E-2
4.696130375E0,-1.536338371E-1,-5.138957039E-1,7.395733774E-2
4.706125375E0,-1.871284425E-1,-4.384148741E-1,1.558335596E-1
4.716119375E0,-2.490867090E-1,-3.887585646E-1,1.678405246E-1
4.726114375E0,-3.810174358E-1,-4.151034871E-1,2.218705514E-1
4.736109375E0,-5.709063488E-1,-4.305720037E-1,3.025244129E-1
4.746104375E0,-7.119259876E-1,-5.325790197E-1,2.995136815E-1
4.756098375E0,-8.009252876E-1,-6.152452004E-1,3.189737999E-1
4.766093375E0,-7.227521074E-1,-4.346102370E-1,3.008980098E-1
4.776088375E0,-5.091164821E-1,-2.741032903E-1,1.011705717E-1
4.786083375E0,-2.397586459E-1,-2.073716493E-1,-1.304850027E-1
4.796077375E0,4.726655245E-2,-2.418231516E-1,-3.642771497E-1
4.806072375E0,3.966055280E-1,-2.876913424E-1,-4.944744694E-1
4.816067375E0,7.696584713E-1,-2.186512206E-1,-3.707026550E-1
4.826062375E0,1.166061686E0,-2.937816560E-2,-2.286378264E-1
4.836056375E0,1.492518167E0,7.220785081E-2,-1.409380701E-1
4.846051375E0,1.721420873E0,4.667963818E-2,-9.087947220E-2
4.856046375E0,1.924709850E0,-1.366158083E-2,-1.487560898E-1
4.866041375E0,2.107775647E0,-2.409608334E-2,-2.761727661E-1
4.876035375E0,2.292674546E0,-5.781960726E-2,-3.309591302E-1
4.886030375E0,2.417210884E0,-7.580798149E-2,-4.462773326E-1
4.896025375E0,2.482825415E0,-1.791529866E-1,-5.683400059E-1
4.906020375E0,2.544757369E0,-3.434413277E-1,-5.021495247E-1
4.916014375E0,2.605026959E0,-4.010641761E-1,-4.691434541E-1
4.926009375E0,2.665705855E0,-2.770638818E-1,-5.466266629E-1
4.936004375E0,2.632525830E0,-2.043731971E-1,-5.268820775E-1
4.945999375E0,2.448636745E0,-1.644563755E-1,-4.795687473E-1
4.955993375E0,2.138090537E0,-1.655781638E-1,-5.746716633E-1
4.965988375E0,1.883896869E0,-3.589879777E-1,-7.608695215E-1
4.975983375E0,1.716347244E0,-6.362025715E-1,-8.450828755E-1
4.985978375E0,1.698699762E0,-7.588475543E-1,-7.481094351E-1
4.995972375E0,1.797966188E0,-6.824196218E-1,-7.119704264E-1
5.005967375E0,1.865563509E0,-4.930256025E-1,-7.516326749E-1
5.015962375E0,1.860630798E0,-4.163587015E-1,-7.516046083E-1
5.025957375E0,1.754774560E0,-4.682399497E-1,-6.673555863E-1
5.035951375E0,1.646687610E0,-5.869314473E-1,-6.321495008E-1
5.045946375E0,1.398601944E0,-7.764720125E-1,-4.929635489E-1
5.055941375E0,1.079942724E0,-9.088469084E-1,-4.370077416E-1
5.065936375E0,8.083956903E-1,-9.707172474E-1,-4.383107936E-1
5.075930375E0,6.899246693E-1,-1.031550656E0,-5.343466330E-1
5.085925375E0,7.515385348E-1,-1.092976753E0,-6.309718716E-1
5.095920375E0,8.782886285E-1,-1.057843246E0,-5.812679073E-1
5.105915375E0,9.290623409E-1,-9.094778229E-1,-4.656973976E-1
5.115909375E0,9.159698403E-1,-8.119489702E-1,-4.050149935E-1
5.125904375E0,7.997377181E-1,-8.943200858E-1,-3.478882813E-1
5.135899375E0,6.202609420E-1,-1.097007384E0,-3.552084106E-1
5.145894375E0,4.777385688E-1,-1.356699189E0,-4.641195264E-1
5.155888375E0,3.868248904E-1,-1.622422980E0,-3.652182591E-1
5.165883125E0,3.550236386E-1,-1.735187850E0,-3.014257210E-1
5.175878125E0,3.607591724E-1,-1.667719752E0,-1.716379988E-1
5.185873125E0,3.251642472E-1,-1.480633994E0,-6.070082277E-2
5.195867125E0,2.472571152E-1,-1.323452066E0,6.616329163E-2
5.205862125E0,7.226573825E-2,-1.367559953E0,2.570456466E-1
5.215857125E0,-8.828126192E-2,-1.491865326E0,1.743414590E-1
5.225852125E0,-1.828032571E-1,-1.683184468E0,7.657805979E-2
5.235846125E0,-2.884396398E-1,-1.868677737E0,-9.648256660E-2
5.245841125E0,-2.229981869E-1,-1.927613285E0,-3.354728884E-1
5.255836125E0,-2.297546446E-2,-1.868628035E0,-3.955641389E-1
5.265831125E0,1.356653434E-1,-1.647775484E0,-3.288778138E-1
5.275825125E0,2.142449051E-1,-1.282046178E0,-1.286340666E-1
5.285820125E0,3.023010492E-2,-1.135985070E0,2.492340589E-1
5.295815125E0,-2.259288114E-1,-1.011779392E0,3.669607294E-1
5.305810125E0,-3.803409129E-1,-1.017536561E0,3.164577430E-1
5.315804125E0,-3.115010583E-1,-1.117281289E0,-5.740562439E-2
5.325799125E0,-1.153866148E-1,-1.262894500E0,-5.022103357E-1
5.335794125E0,3.514176607E-2,-1.495172803E0,-6.377335918E-1
5.345789125E0,3.399278820E-2,-1.623311611E0,-7.803027427E-1
5.355783125E0,-8.868881285E-2,-1.661312665E0,-4.529416966E-1
5.365778125E0,-2.863907754E-1,-1.542159859E0,1.774635798E-1
5.375773125E0,-3.454441452E-1,-1.127430301E0,4.295335382E-1
5.385768125E0,-3.309401268E-1,-8.831447411E-1,4.158481300E-1
5.395762125E0,-2.849137688E-1,-9.618658054E-1,2.314117455E-1
5.405757125E0,-1.503968185E-1,-1.127848377E0,-8.610785186E-2
5.415752125E0,8.903379858E-2,-1.284495869E0,-4.769839856E-1
5.425747125E0,2.882612997E-1,-1.507800450E0,-4.882460153E-1
5.435741125E0,2.300119221E-1,-1.779581957E0,-2.409368598E-1
5.445736125E0,-1.599956077E-1,-1.812730408E0,-9.291167200E-2
5.455731125E0,-7.634370339E-1,-1.657220199E0,3.213085932E-1
5.465726125E0,-1.279394174E0,-1.336439025E0,4.257655925E-1
5.475720125E0,-1.389901872E0,-1.053907412E0,2.864574337E-1
5.485715125E0,-1.131731513E0,-1.007453622E0,3.902139366E-2
5.495710125E0,-7.046134597E-1,-1.077604423E0,-1.902847695E-1
5.505705125E0,-3.175143349E-1,-1.259552232E0,-3.837945709E-1
5.515699125E0,-4.331792772E-2,-1.492459111E0,-4.883170590E-1
5.525694125E0,4.457098603E-2,-1.627505819E0,-6.478478131E-1
5.535689125E0,-6.195709705E-2,-1.667244666E0,-6.156504124E-1
5.545684125E0,-3.525716087E-1,-1.676102028E0,-3.665140021E-1
5.555678125E0,-7.259403017E-1,-1.627411678E0,7.416199028E-2
5.565673125E0,-9.726384231E-1,-1.419839031E0,3.730234149E-1
5.575668125E0,-1.043614558E0,-1.166276278E0,5.006169695E-1
5.585663125E0,-9.588664761E-1,-9.787332684E-1,3.028378236E-1
5.595657125E0,-7.947032654E-1,-9.103430647E-1,3.206116050E-2
5.605652125E0,-7.030855823E-1,-9.684743285E-1,-2.185908481E-1
5.615647125E0,-6.854878020E-1,-1.085572423E0,-3.624718219E-1
5.625642125E0,-7.855257681E-1,-1.209929252E0,-5.876024884E-1
5.635636125E0,-9.374642050E-1,-1.388932988E0,-7.977657446E-1
5.645631125E0,-1.121505902E0,-1.520122873E0,-6.951278141E-1
5.655626125E0,-1.245871794E0,-1.508416747E0,-5.528021997E-1
5.665621125E0,-1.221051533E0,-1.456129190E0,-1.580207106E-1
5.675615125E0,-1.126714017E0,-1.401869953E0,2.915105975E-1
5.685610125E0,-9.450886819E-1,-1.322668832E0,6.077110630E-1
5.695605125E0,-7.149554300E-1,-1.235417849E0,8.402597997E-1
5.705600125E0,-5.635227773E-1,-1.233987620E0,9.636489138E-1
5.715594125E0,-4.920393965E-1,-1.273945738E0,1.060404253E0
5.725589125E0,-4.862417360E-1,-1.275446718E0,1.101046787E0
5.735584125E0,-5.361673097E-1,-1.241641041E0,1.113868854E0
5.745579125E0,-5.788550538E-1,-1.155165984E0,1.120653086E0
5.755573125E0,-6.170199765E-1,-9.951522499E-1,1.111258072E0
5.765568125E0,-6.522669925E-1,-7.961820263E-1,1.149737429E0
5.775563125E0,-6.362024984E-1,-6.624176127E-1,1.208595209E0
5.785558125E0,-6.716190836E-1,-6.173882049E-1,1.316733323E0
5.795552125E0,-6.753488763E-1,-5.811354679E-1,1.414772419E0
5.805547125E0,-6.312108766E-1,-5.733785516E-1,1.469385413E0
5.815542125E0,-6.057971232E-1,-6.186482799E-1,1.493682056E0
5.825537125E0,-5.942792778E-1,-6.530866259E-1,1.461685068E0
5.835531125E0,-5.660642695E-1,-6.500478280E-1,1.377563662E0
5.845526125E0,-5.484718980E-1,-6.423961616E-1,1.264548093E0
5.855521125E0,-4.497700207E-1,-6.831740588E-1,1.133744709E0
5.865516125E0,-3.593192956E-1,-7.831889284E-1,1.040329008E0
5.875510125E0,-2.564119546E-1,-1.005029951E0,1.009256465E0
5.885505125E0,-1.134653659E-1,-1.277965699E0,1.074739141E0
5.895500125E0,1.256014082E-1,-1.383657630E0,1.245749149E0
5.905495125E0,4.155642477E-1,-1.244413791E0,1.436027486E0
5.915489125E0,6.185480002E-1,-9.903984636E-1,1.556815905E0
5.925484125E0,6.591921423E-1,-8.025812191E-1,1.647712042E0
5.935479125E0,5.910343654E-1,-7.466590333E-1,1.750393826E0
5.945474125E0,4.858433944E-1,-7.837496763E-1,1.690503135E0
5.955468125E0,4.254429723E-1,-9.343675196E-1,1.595587038E0
5.965463125E0,5.042865358E-1,-1.200980673E0,1.582148382E0
5.975458125E0,7.505651195E-1,-1.134544024E0,1.899317147E0
5.985452125E0,9.540663506E-1,-9.540381378E-1,1.947489433E0
5.995447125E0,1.140557008E0,-7.889770871E-1,2.287758792E0
6.005442125E0,1.467441506E0,-5.660496515E-1,2.704497453E0
6.015437125E0,1.878565378E0,-3.105292511E-1,2.773410982E0
6.025431125E0,2.173756067E0,-1.931510746E-1,2.931788081E0
6.035426125E0,2.252746688E0,-2.353609550E-1,3.143015823E0
6.045421125E0,2.078775212E0,-4.186477768E-1,2.958347889E0
6.055416125E0,1.863453834E0,-5.931789780E-1,2.504277095E0
6.065410125E0,1.715323543E0,-5.844023073E-1,1.981914330E0
6.075405125E0,1.587342610E0,-3.672858346E-1,1.425305008E0
6.085400125E0,1.429965824E0,-8.793686092E-2,9.196874269E-1
6.095395125E0,1.213432538E0,1.293538588E-1,4.390001804E-1
6.105389125E0,9.546079490E-1,2.052852166E-1,-2.821164608E-2
6.115384125E0,6.884604534E-1,1.250918233E-1,-3.582232350E-1
6.125379125E0,4.188923366E-1,5.872592568E-2,-6.007645708E-1
6.135374125E0,1.978686813E-1,-8.460336328E-3,-7.661618364E-1
6.145368125E0,3.599626355E-2,-4.384534657E-2,-8.613053906E-1
6.155363125E0,-7.200772986E-2,-1.980685830E-2,-9.243500698E-1
6.165358250E0,-1.092170714E-1,7.448124826E-2,-9.556969929E-1
6.175353250E0,-7.708610974E-2,1.683208734E-1,-9.235910281E-1
6.185347250E0,-7.832330748E-2,2.261007196E-1,-8.333008090E-1
6.195342250E0,-1.300732125E-1,2.395744586E-1,-6.939615870E-1
6.205337250E0,-2.136647151E-1,1.814952350E-1,-5.224381936E-1
6.215332250E0,-3.180038930E-1,6.773999333E-2,-3.633570904E-1
6.225326250E0,-3.937402461E-1,-4.058727801E-2,-1.977855778E-1
6.235321250E0,-4.236467077E-1,-7.984840751E-2,-3.319632433E-2
6.245316250E0,-4.208822903E-1,-7.254348099E-2,1.011539072E-1
6.255311250E0,-4.510408399E-1,-6.640565872E-2,2.301961094E-1
6.265305250E0,-4.754218289E-1,-1.268752241E-1,3.839568311E-1
6.275300250E0,-4.860735554E-1,-1.451892883E-1,5.348138255E-1
6.285295250E0,-4.856489745E-1,-1.418464351E-1,6.851521719E-1
6.295290250E0,-4.764924540E-1,-1.985328519E-1,7.845097413E-1
6.305284250E0,-4.374647746E-1,-2.658705568E-1,9.510138848E-1
6.315279250E0,-3.660033940E-1,-3.366271287E-1,1.121424553E0
6.325274250E0,-2.583871441E-1,-4.418039203E-1,1.384282113E0
6.335269250E0,-1.204226755E-2,-4.855674058E-1,1.592866328E0
6.345263250E0,2.316077004E-1,-4.344604021E-1,1.700921850E0
6.355258250E0,4.148541033E-1,-4.283974242E-1,1.801397334E0
6.365253250E0,5.027618743E-1,-5.117828125E-1,1.938027468E0
6.375248250E0,5.036399069E-1,-5.958669430E-1,2.044218752E0
6.385242250E0,4.825727543E-1,-7.202746421E-1,2.421188160E0
6.395237250E0,4.470316234E-1,-8.636700046E-1,2.749177782E0
6.405232250E0,4.863808997E-1,-9.201587856E-1,2.893423914E0
6.415227250E0,5.971515763E-1,-9.070592684E-1,3.030341731E0
6.425221250E0,6.918685761E-1,-8.810637170E-1,2.983591488E0
6.435216250E0,6.970642658E-1,-9.092051965E-1,2.923897263E0
6.445211250E0,5.287163490E-1,-1.050268105E0,2.953070192E0
6.455206250E0,3.066048923E-1,-1.213955644E0,3.080005642E0
6.465200250E0,7.144449681E-2,-1.290040199E0,3.231042731E0
6.475195250E0,-1.210024269E-1,-1.307064368E0,3.238427179E0
6.485190250E0,-2.126396982E-1,-1.384258724E0,3.291526622E0
6.495185250E0,-2.217778730E-1,-1.508539538E0,3.332845971E0
6.505179250E0,-1.562623067E-1,-1.559465863E0,3.314007120E0
6.515174250E0,-6.643211737E-2,-1.658821167E0,3.369795112E0
6.525169250E0,-1.809640154E-2,-1.795847157E0,3.427565602E0
6.535163250E0,5.048339814E-2,-1.892593433E0,3.371345501E0
6.545158250E0,1.635359506E-1,-1.968066369E0,3.505501678E0
6.555153250E0,2.280015032E-1,-2.033417775E0,3.558003827E0
6.565148250E0,3.097996648E-1,-2.087006337E0,3.521668645E0
6.575143250E0,3.528569528E-1,-2.231020335E0,3.430639776E0
6.585137250E0,4.486898938E-1,-2.393380557E0,3.156852966E0
6.595132250E0,5.373234504E-1,-2.503499415E0,2.891616248E0
6.605127250E0,5.580442286E-1,-2.647521599E0,2.749252042E0
6.615121250E0,4.640859050E-1,-2.701566244E0,2.559530359E0
6.625116250E0,3.391323683E-1,-2.677379821E0,2.380550011E0
6.635111250E0,1.526216841E-1,-2.679591823E0,2.020132316E0
6.645106250E0,-1.607349882E-1,-2.645679726E0,1.316346238E0
6.655100250E0,-6.410697207E-1,-2.629681159E0,6.990995353E-1
6.665095250E0,-1.152029538E0,-2.681652966E0,3.869584993E-1
6.675090250E0,-1.594893850E0,-2.824863557E0,2.511370352E-1
6.685085250E0,-1.867034669E0,-3.063874928E0,3.765957713E-2
6.695079250E0,-1.925153654E0,-3.336052877E0,-9.110400528E-2
6.705074250E0,-1.783893110E0,-3.487678780E0,-2.497223014E-1
6.715069250E0,-1.508098658E0,-3.436150777E0,-1.925792170E-1
6.725064250E0,-1.278793665E0,-3.341444594E0,-1.902952945E-1
6.735058250E0,-1.107839205E0,-3.262582612E0,-1.452135542E-1
6.745053250E0,-1.004466864E0,-3.318122390E0,-1.891632736E-1
6.755048250E0,-9.957755631E-1,-3.563783800E0,-2.454702061E-1
6.765043250E0,-8.907718492E-1,-3.781439386E0,-2.960380965E-1
6.775037250E0,-6.115287101E-1,-3.879314759E0,-3.135499227E-1
6.785032250E0,-2.294020575E-1,-3.955876447E0,-4.030298638E-1
6.795027250E0,2.395007837E-1,-3.918832582E0,-4.785460693E-1
6.805022250E0,6.653616858E-1,-3.800201932E0,-5.475262570E-1
6.815016250E0,9.721580744E-1,-3.608995641E0,-6.109118289E-1
6.825011250E0,1.120366280E0,-3.342861667E0,-6.862344915E-1
6.835006250E0,1.096115538E0,-3.248698398E0,-8.536700964E-1
6.845001250E0,9.603683335E-1,-3.312022575E0,-9.897359741E-1
6.854995250E0,8.683056772E-1,-3.373798408E0,-1.055285600E0
6.864990250E0,9.360772455E-1,-3.380149946E0,-1.110282172E0
6.874985250E0,1.101222496E0,-3.378451622E0,-1.194053476E0
6.884980250E0,1.299990991E0,-3.354389453E0,-1.242440355E0
6.894974250E0,1.507360740E0,-3.208048848E0,-1.151865816E0
6.904969250E0,1.725057841E0,-2.990100608E0,-9.642508847E-1
6.914964250E0,1.952361333E0,-2.751219922E0,-8.987755179E-1
6.924959250E0,2.120900892E0,-2.609919032E0,-8.422165704E-1
6.934953250E0,2.249758322E0,-2.527228585E0,-8.435178682E-1
6.944948250E0,2.270159258E0,-2.540059716E0,-7.850723165E-1
6.954943250E0,2.183561994E0,-2.535439830E0,-8.438128603E-1
6.964938250E0,2.044688283E0,-2.425188094E0,-9.658509752E-1
6.974932250E0,1.878733778E0,-2.346201274E0,-9.532031554E-1
6.984927250E0,1.704430034E0,-2.231840407E0,-8.336226252E-1
6.994922250E0,1.630490237E0,-2.027256564E0,-7.236780140E-1
7.004917250E0,1.589929272E0,-1.994703068E0,-6.029771572E-1
7.014911250E0,1.606671605E0,-2.155067635E0,-4.877446166E-1
7.024906250E0,1.601907878E0,-2.280190156E0,-3.456262860E-1
7.034901250E0,1.656715000E0,-2.166088613E0,-2.058880645E-1
7.044896250E0,1.605578175E0,-1.929941061E0,-2.236124370E-1
7.054890250E0,1.504534780E0,-1.613265510E0,-3.784177637E-1
7.064885250E0,1.426039419E0,-1.346924837E0,-5.341431499E-1
7.074880250E0,1.330420486E0,-1.346277404E0,-6.114029950E-1
7.084875250E0,1.287555717E0,-1.472227891E0,-6.477937263E-1
7.094869250E0,1.262140794E0,-1.585472963E0,-6.603722566E-1
7.104864250E0,1.360663455E0,-1.566863322E0,-6.914741814E-1
7.114859250E0,1.536633071E0,-1.429898873E0,-7.168353099E-1
7.124853250E0,1.747459109E0,-1.300495021E0,-7.501226315E-1
7.134848250E0,1.951731003E0,-1.177996657E0,-7.600988585E-1
7.144843250E0,2.162559380E0,-1.050390604E0,-7.873854750E-1
7.154838250E0,2.388885217E0,-8.975872175E-1,-9.051323184E-1
7.164833625E0,2.601890513E0,-7.688226119E-1,-1.088610052E0
7.174827625E0,2.773846015E0,-6.879760846E-1,-1.245082712E0
7.184822625E0,2.860056193E0,-6.269505952E-1,-1.369568179E0
7.194817625E0,2.922537786E0,-4.835147408E-1,-1.502154671E0
7.204811625E0,3.012749798E0,-3.671925715E-1,-1.630828207E0
7.214806625E0,3.088333247E0,-3.995060393E-1,-1.637148170E0
7.224801625E0,3.134174833E0,-5.002599970E-1,-1.575700657E0
7.234796625E0,3.240837986E0,-4.776710334E-1,-1.605865566E0
7.244790625E0,3.311154848E0,-3.005351901E-1,-1.664846722E0
7.254785625E0,3.406330562E0,-8.443262458E-2,-1.812493303E0
7.264780625E0,3.437732449E0,1.526240230E-2,-1.915803371E0
7.274775625E0,3.465474563E0,4.629942298E-2,-1.929728808E0
7.284769625E0,3.490593032E0,4.213620543E-2,-1.952322741E0
7.294764625E0,3.529671729E0,8.043312907E-2,-1.952411034E0
7.304759625E0,3.529208044E0,1.879993853E-1,-2.013651847E0
7.314754625E0,3.530470458E0,2.322151530E-1,-2.136699484E0
7.324748625E0,3.500754324E0,2.600461453E-1,-2.182865006E0
7.334743625E0,3.512370402E0,2.127521110E-1,-2.149746669E0
7.344738625E0,3.586010236E0,1.444969779E-1,-1.977058802E0
7.354733625E0,3.672807475E0,1.215703377E-1,-1.746995717E0
7.364727625E0,3.613033728E0,9.287805051E-2,-1.618650503E0
7.374722625E0,3.410904838E0,9.909656435E-2,-1.554167993E0
7.384717625E0,3.141162255E0,6.467108220E-2,-1.569151191E0
7.394712625E0,2.878031704E0,-6.527568430E-2,-1.553492932E0
7.404706625E0,2.664092608E0,-1.891182500E-1,-1.389882868E0
7.414701625E0,2.481081775E0,-1.656630215E-1,-1.121772243E0
7.424696625E0,2.237649908E0,-1.793063298E-2,-8.725244433E-1
7.434691625E0,1.962426730E0,6.426119238E-2,-6.749797708E-1
7.444685625E0,1.600447243E0,-1.020230958E-1,-5.184653029E-1
7.454680625E0,1.182024000E0,-3.495985919E-1,-2.925186574E-1
7.464675625E0,7.744391549E-1,-5.290661587E-1,-1.362605900E-1
7.474670625E0,5.029160947E-1,-6.265034294E-1,1.633858234E-2
7.484664625E0,3.460481626E-1,-5.779197916E-1,2.284214795E-1
7.494659625E0,2.659284443E-1,-4.220628431E-1,3.496406919E-1
7.504654625E0,1.338603079E-1,-3.680529892E-1,3.666139895E-1
7.514649625E0,-2.271058559E-2,-4.058388662E-1,3.432853532E-1
7.524643625E0,-1.661802077E-1,-4.378469633E-1,2.544176155E-1
7.534638625E0,-3.055982941E-1,-5.055935347E-1,1.187674749E-1
7.544633625E0,-3.839474756E-1,-5.929676011E-1,-2.979477972E-2
7.554628625E0,-3.867827904E-1,-5.163936344E-1,-2.946838814E-1
7.564622625E0,-2.529113728E-1,-3.563435014E-1,-5.973337170E-1
7.574617625E0,3.590365827E-2,-1.945408116E-1,-7.565194854E-1
7.584612625E0,4.176987737E-1,-7.248033106E-2,-8.214031139E-1
7.594607625E0,8.416219085E-1,-1.079739533E-2,-6.548986781E-1
7.604601625E0,1.229713891E0,8.000927903E-2,-4.596388051E-1
7.614596625E0,1.547697172E0,5.233893894E-2,-4.191749033E-1
7.624591625E0,1.681697813E0,-1.511413153E-1,-5.092337188E-1
7.634586625E0,1.708002098E0,-4.066299945E-1,-7.191315114E-1
7.644580625E0,1.670480515E0,-5.870969966E-1,-9.246751750E-1
7.654575625E0,1.710914596E0,-5.625572558E-1,-1.093880732E0
7.664570625E0,1.752714002E0,-3.898272894E-1,-1.122069574E0
7.674565625E0,1.840299445E0,-1.378646639E-1,-1.171075088E0
7.684559625E0,1.976680487E0,-4.769650552E-2,-1.076615951E0
7.694554625E0,2.000452343E0,-1.786518071E-1,-9.096384752E-1
7.704549625E0,1.947169005E0,-3.568900698E-1,-7.346345267E-1
7.714543625E0,1.790758325E0,-6.248351457E-1,-6.926003551E-1
7.724538625E0,1.576419865E0,-8.712442685E-1,-7.005268407E-1
7.734533625E0,1.395543850E0,-9.311743551E-1,-7.981057602E-1
7.744528625E0,1.331228571E0,-8.628293212E-1,-9.180151963E-1
7.754522625E0,1.258440676E0,-8.065672660E-1,-8.767367774E-1
7.764517625E0,1.134331770E0,-8.781662755E-1,-8.118724447E-1
7.774512625E0,9.923759919E-1,-1.054167101E0,-6.942574561E-1
7.784507625E0,8.315997809E-1,-1.230698708E0,-5.088249984E-1
7.794501625E0,7.100081009E-1,-1.238960093E0,-3.623735887E-1
7.804496625E0,6.765298676E-1,-1.018002145E0,-1.826167309E-1
7.814491625E0,5.581196576E-1,-7.272478853E-1,5.354763150E-2
7.824486625E0,2.770609581E-1,-5.504399246E-1,1.363944912E-1
7.834480625E0,-5.697760820E-2,-6.917639109E-1,-1.288726330E-3
7.844475625E0,-2.725439841E-1,-9.433887501E-1,-2.369385338E-1
7.854470625E0,-3.416867244E-1,-1.297839362E0,-3.677012792E-1
7.864465625E0,-3.318546313E-1,-1.641885438E0,-6.899539053E-2
7.874459625E0,-4.195476633E-1,-1.784929529E0,2.915550363E-1
7.884454625E0,-4.677591258E-1,-1.492593889E0,5.284649187E-1
7.894449625E0,-3.964382976E-1,-1.052649091E0,6.684390754E-1
7.904444625E0,-1.409939110E-1,-6.873592034E-1,5.310031950E-1
7.914438625E0,2.147126824E-1,-5.481636035E-1,3.341461551E-1
7.924433625E0,4.314210194E-1,-7.366217029E-1,2.388359553E-1
7.934428625E0,3.338058472E-1,-1.155154290E0,4.219520384E-1
7.944423625E0,-1.480924308E-2,-1.537435309E0,6.797499293E-1
7.954417625E0,-3.690756673E-1,-1.651811232E0,7.484710854E-1
7.964412625E0,-5.284725201E-1,-1.454392860E0,5.955757517E-1
7.974407625E0,-4.232518744E-1,-1.117079268E0,2.970040566E-1
7.984402625E0,-4.244376898E-2,-7.765260261E-1,-7.517472804E-2
7.994396625E0,3.537343276E-1,-6.839599246E-1,-3.098989213E-1
8.004391625E0,5.316779637E-1,-8.369646013E-1,-1.245287365E-1
8.014386625E0,4.171204841E-1,-1.169034702E0,2.736520314E-1
8.024381625E0,1.231066936E-1,-1.376088994E0,3.518643880E-1
8.034375625E0,-1.515101284E-1,-1.500274499E0,4.788249815E-1
8.044370625E0,-2.020224702E-1,-1.416453493E0,3.803005672E-1
8.054365625E0,4.441545010E-2,-1.095458018E0,1.287477949E-1
8.064360625E0,3.918178278E-1,-8.195159250E-1,-2.893728554E-2
8.074354625E0,5.909494346E-1,-6.608990908E-1,-1.014398360E-1
8.084349625E0,6.167567056E-1,-5.961400080E-1,-3.050270212E-1
8.094344625E0,4.887395203E-1,-7.909879446E-1,-1.180333570E-1
8.104339625E0,1.276055413E-1,-1.187513366E0,1.146867031E-1
8.114333625E0,-2.220994699E-1,-1.377678852E0,1.635545155E-1
8.124328625E0,-4.598905277E-1,-1.400415165E0,2.663535368E-1
8.134323625E0,-4.715416896E-1,-1.279848502E0,1.779483140E-1
8.144317625E0,-1.680320209E-1,-1.021513252E0,8.441712946E-2
8.154312625E0,2.084286797E-1,-8.158543986E-1,2.424454415E-1
8.164307000E0,4.010219300E-1,-6.513470793E-1,3.237123835E-1
8.174302000E0,4.225893849E-1,-5.807793725E-1,3.479534778E-1
8.184296000E0,1.842159444E-1,-7.692532593E-1,4.872449720E-1
8.194291000E0,-2.814183033E-1,-1.050770965E0,5.213471031E-1
8.204286000E0,-6.827694315E-1,-1.183444288E0,4.485796738E-1
8.214281000E0,-9.067166215E-1,-1.143269824E0,2.908045462E-1
8.224275000E0,-8.942205369E-1,-9.762324142E-1,-7.365328252E-2
8.234270000E0,-7.636329156E-1,-8.321529275E-1,-3.935965508E-1
8.244265000E0,-5.599814111E-1,-8.351350075E-1,-5.388349557E-1
8.254260000E0,-2.253896981E-1,-8.291240698E-1,-6.233465177E-1
8.264254000E0,1.738640338E-1,-8.556762761E-1,-4.433127943E-1
8.274249000E0,3.754853851E-1,-9.983185172E-1,1.094891131E-3
8.284244000E0,3.443121243E-1,-1.103751417E0,2.443647900E-1
8.294239000E0,1.387368858E-1,-1.124279237E0,4.067516166E-1
8.304233000E0,-1.073057628E-1,-1.111234099E0,4.597747529E-1
8.314228000E0,-2.661167246E-1,-9.867907315E-1,2.566451123E-1
8.324223000E0,-3.244409466E-1,-8.516270792E-1,-9.101308107E-2
8.334218000E0,-3.084268847E-1,-7.988740844E-1,-4.362642682E-1
8.344212000E0,-2.982232010E-1,-8.172746873E-1,-6.170052123E-1
8.354207000E0,-3.704778296E-1,-9.711558616E-1,-5.444096911E-1
8.364202000E0,-4.390656692E-1,-1.118926696E0,-3.249400064E-1
8.374197000E0,-4.681786636E-1,-1.213004302E0,-9.028305620E-2
8.384191000E0,-4.404625690E-1,-1.233224559E0,1.040702060E-1
8.394186000E0,-3.123600143E-1,-1.123265330E0,1.529894739E-1
8.404181000E0,-2.277379400E-1,-9.241857630E-1,1.055501363E-1
8.414176000E0,-2.206014132E-1,-7.524249727E-1,5.153735876E-3
8.424170000E0,-3.614979681E-1,-6.587707043E-1,-9.847500533E-2
8.434165000E0,-5.381546322E-1,-6.229594320E-1,-2.118960786E-1
8.444160000E0,-7.215727240E-1,-6.336171520E-1,-3.103108576E-1
8.454154000E0,-8.781506342E-1,-7.232245624E-1,-3.043370497E-1
8.464149000E0,-9.799360406E-1,-8.987059361E-1,-2.770890248E-1
8.474144000E0,-9.690078869E-1,-1.007344279E0,-2.397457820E-1
8.484139000E0,-9.198520991E-1,-9.796109354E-1,-1.675598583E-1
8.494134000E0,-9.447457427E-1,-8.945924199E-1,-7.219791055E-2
8.504128000E0,-1.097409234E0,-8.682460356E-1,-4.020545483E-2
8.514123000E0,-1.373045226E0,-9.079000980E-1,9.664278030E-3
8.524118000E0,-1.750831490E0,-9.704875249E-1,8.639582723E-2
8.534112000E0,-2.106372023E0,-1.066006470E0,1.816373223E-1
8.544107000E0,-2.428066825E0,-1.128960518E0,3.085803741E-1
8.554102000E0,-2.607761702E0,-1.161515476E0,4.486685514E-1
8.564097000E0,-2.737375470E0,-1.133483339E0,5.504397784E-1
8.574091000E0,-2.800163456E0,-1.087191517E0,6.167828719E-1
8.584086000E0,-2.764904161E0,-1.051821125E0,6.903490309E-1
8.594081000E0,-2.629851313E0,-9.796220452E-1,7.907246737E-1
8.604076000E0,-2.425358833E0,-9.081094283E-1,8.352297324E-1
8.614070000E0,-2.146548095E0,-8.576099503E-1,8.382081579E-1
8.624065000E0,-1.770709392E0,-7.728908122E-1,8.567919248E-1
8.634060000E0,-1.366179133E0,-7.678534359E-1,8.487825550E-1
8.644055000E0,-9.020734937E-1,-8.903110886E-1,7.297826533E-1
8.654049000E0,-4.222661801E-1,-1.062725598E0,6.743108493E-1
8.664044000E0,6.136068106E-2,-1.172488945E0,6.666432492E-1
8.674039000E0,4.827857392E-1,-1.163324604E0,6.369914339E-1
8.684034000E0,8.927593178E-1,-1.047419926E0,5.292180401E-1
8.694028000E0,1.291061708E0,-8.837300473E-1,5.054214804E-1
8.704023000E0,1.624408548E0,-7.909090072E-1,6.537046766E-1
8.714018000E0,1.879684389E0,-6.854006785E-1,8.605914456E-1
8.724013000E0,2.022722487E0,-6.094318986E-1,9.852102292E-1
8.734007000E0,2.072502172E0,-6.010651177E-1,1.042522298E0
8.744002000E0,2.087713265E0,-6.954005867E-1,1.070305928E0
8.753997000E0,2.055028792E0,-6.821893877E-1,1.030109975E0
8.763992000E0,2.043099741E0,-4.655775297E-1,9.288552032E-1
8.773986000E0,1.993473398E0,-1.847527188E-1,8.267611369E-1
8.783981000E0,1.831754909E0,2.575113773E-2,7.094368279E-1
8.793976000E0,1.655319562E0,1.740336031E-1,6.031091581E-1
8.803970000E0,1.420530172E0,1.825114810E-1,5.615688571E-1
8.813965000E0,1.182981920E0,-6.360776603E-2,8.068829425E-1
8.823960000E0,9.945086177E-1,-3.442782104E-1,1.317321553E0
8.833955000E0,1.032836532E0,-4.904299504E-1,1.828015614E0
8.843949000E0,1.246453300E0,-5.159419370E-1,2.413892004E0
8.853944000E0,1.516490436E0,-4.790857673E-1,2.799388992E0
8.863939000E0,1.787518091E0,-3.936088300E-1,2.914292627E0
8.873934000E0,1.877188944E0,-3.446202725E-1,2.863599606E0
8.883928000E0,1.870091886E0,-3.699112344E-1,2.615199945E0
8.893923000E0,1.784473007E0,-3.975831825E-1,2.196753312E0
8.903918000E0,1.667722529E0,-3.543477005E-1,1.683380642E0
8.913913000E0,1.557539936E0,-2.950013852E-1,1.254956321E0
8.923907000E0,1.427439096E0,-2.547275180E-1,7.425038557E-1
8.933902000E0,1.251946466E0,-2.364514607E-1,3.301028055E-1
8.943897000E0,9.421396387E-1,-2.582469571E-1,-2.527049661E-2
8.953892000E0,6.323295951E-1,-2.795834470E-1,-3.749842787E-1
8.963886000E0,3.698684035E-1,-1.906163067E-1,-7.307891053E-1
8.973881000E0,1.495874177E-1,-5.248928547E-2,-9.637772602E-1
8.983876000E0,1.919100031E-2,8.617158651E-2,-1.056269029E0
8.993871000E0,-5.561549932E-2,1.862069213E-1,-1.038827369E0
9.003865000E0,-5.758864224E-2,1.710474300E-1,-9.834239779E-1
9.013860000E0,-9.041695744E-3,1.207783324E-1,-7.709537758E-1
9.023855000E0,5.953576505E-2,7.495428801E-2,-4.723376419E-1
9.033850000E0,1.770291317E-1,9.291985810E-2,-1.638307965E-1
9.043844000E0,2.734361230E-1,8.065064549E-2,1.129219403E-1
9.053839000E0,3.632312290E-1,2.344031811E-2,3.449890856E-1
9.063834000E0,3.564171763E-1,-5.454107344E-2,5.229952870E-1
9.073829000E0,3.242674305E-1,-8.850404084E-2,6.401092424E-1
9.083823000E0,3.263481621E-1,-8.788599014E-2,7.145478791E-1
9.093818000E0,3.065319483E-1,-1.184914863E-1,7.951361056E-1
9.103813000E0,2.472540455E-1,-2.195471603E-1,9.048115987E-1
9.113808000E0,2.536833514E-1,-3.796287221E-1,1.029481253E0
9.123802000E0,2.837086576E-1,-5.001638103E-1,1.164393183E0
9.133797000E0,3.490081693E-1,-5.571560365E-1,1.257853031E0
9.143792000E0,4.362635373E-1,-6.316337764E-1,1.351489027E0
9.153786000E0,5.052978118E-1,-7.129568517E-1,1.518384934E0
9.163781000E0,5.835879363E-1,-8.444244790E-1,1.662848144E0
9.173776125E0,6.463706602E-1,-9.064646065E-1,1.806128317E0
9.183771125E0,6.867420298E-1,-8.577783501E-1,1.955815283E0
9.193765125E0,7.361460319E-1,-7.212487882E-1,1.991101914E0
9.203760125E0,7.390982911E-1,-6.327587807E-1,2.085248079E0
9.213755125E0,7.177454290E-1,-6.522253311E-1,2.145879613E0
9.223750125E0,6.190567079E-1,-7.754419523E-1,2.199023786E0
9.233744125E0,5.135382928E-1,-1.030685195E0,2.352866223E0
9.243739125E0,4.201613286E-1,-1.258244210E0,2.413242964E0
9.253734125E0,3.579773596E-1,-1.329522938E0,2.445937378E0
9.263729125E0,2.807597606E-1,-1.268954555E0,2.456185208E0
9.273723125E0,1.531958807E-1,-1.147091564E0,2.459742361E0
9.283718125E0,-1.986825407E-2,-1.116976064E0,2.433688923E0
9.293713125E0,-2.008311000E-1,-1.176269755E0,2.404202876E0
9.303708125E0,-3.103978349E-1,-1.228547956E0,2.390586465E0
9.313702125E0,-3.825757188E-1,-1.298083629E0,2.364766915E0
9.323697125E0,-3.933933601E-1,-1.469367871E0,2.372672350E0
9.333692125E0,-3.556185928E-1,-1.590491189E0,2.453900408E0
9.343687125E0,-3.602598202E-1,-1.560668051E0,2.565914934E0
9.353681125E0,-4.415217921E-1,-1.455923953E0,2.623916974E0
9.363676125E0,-6.146765587E-1,-1.502913932E0,2.593806152E0
9.373671125E0,-8.247386581E-1,-1.688923218E0,2.469758349E0
9.383666125E0,-9.473267037E-1,-1.889587964E0,2.257899985E0
9.393660125E0,-1.025005502E0,-1.998655493E0,2.007155298E0
9.403655125E0,-1.011299044E0,-2.019776806E0,1.784954964E0
9.413650125E0,-9.452983046E-1,-2.048833959E0,1.554361829E0
9.423644125E0,-9.313448015E-1,-2.097441278E0,1.432728633E0
9.433639125E0,-9.299824002E-1,-2.125572233E0,1.391962430E0
9.443634125E0,-9.822635248E-1,-2.099141064E0,1.368769157E0
9.453629125E0,-1.104125639E0,-2.107964512E0,1.355897097E0
9.463623125E0,-1.282179202E0,-2.265296713E0,1.292747168E0
9.473618125E0,-1.413196302E0,-2.520689059E0,1.176433477E0
9.483613125E0,-1.481457282E0,-2.809515785E0,9.399802619E-1
9.493608125E0,-1.383736275E0,-3.074477684E0,6.825007519E-1
9.503602125E0,-1.142953489E0,-3.206000860E0,4.406280452E-1
9.513597125E0,-7.849126875E-1,-3.127658111E0,2.978068793E-1
9.523592125E0,-4.709818187E-1,-2.939050907E0,2.479289603E-1
9.533587125E0,-2.859028253E-1,-2.772018176E0,2.612997884E-1
9.543581125E0,-2.847816217E-1,-2.708985191E0,2.981173664E-1
9.553576125E0,-3.703486061E-1,-2.791716276E0,3.126307404E-1
9.563571125E0,-4.209387159E-1,-2.927399746E0,2.561618400E-1
9.573566125E0,-4.237044489E-1,-3.038909072E0,2.114791721E-1
9.583560125E0,-3.284708476E-1,-3.223086424E0,1.439023161E-1
9.593555125E0,-1.270944947E-1,-3.413873470E0,1.814332545E-2
9.603550125E0,2.240805066E-1,-3.428952854E0,-1.608124638E-1
9.613545125E0,5.428654414E-1,-3.138883011E0,-3.353407413E-1
9.623539125E0,6.611054975E-1,-2.740054956E0,-5.396687686E-1
9.633534125E0,4.164240807E-1,-2.679890615E0,-7.924181736E-1
9.643529125E0,-4.852078021E-2,-3.027728026E0,-8.932662714E-1
9.653524125E0,-4.008839357E-1,-3.480056057E0,-9.431570542E-1
9.663518125E0,-4.312075961E-1,-3.638981917E0,-9.159476209E-1
9.673513125E0,-1.313290483E-1,-3.569754100E0,-8.010778999E-1
9.683508125E0,4.463273263E-1,-3.195589893E0,-6.637548709E-1
9.693503125E0,9.996604532E-1,-2.755512655E0,-5.412282211E-1
9.703497125E0,1.286704363E0,-2.568047998E0,-5.514982706E-1
9.713492125E0,1.315741636E0,-2.602400975E0,-4.711967039E-1
9.723487125E0,1.261056721E0,-2.682516892E0,-4.030006278E-1
9.733482125E0,1.299834285E0,-2.735065235E0,-4.536509639E-1
9.743476125E0,1.412700750E0,-2.728325734E0,-6.026853812E-1
9.753471125E0,1.526526158E0,-2.759508058E0,-6.511582142E-1
9.763466125E0,1.679503353E0,-2.722717377E0,-7.233333206E-1
9.773460125E0,1.844141650E0,-2.642784770E0,-8.723911268E-1
9.783455125E0,1.980289974E0,-2.502431129E0,-9.560232675E-1
9.793450125E0,2.095164957E0,-2.324963748E0,-8.955256355E-1
9.803445125E0,2.150788935E0,-2.140483510E0,-8.170747125E-1
9.813439125E0,2.156175975E0,-1.986163502E0,-7.417801166E-1
9.823434125E0,2.037009135E0,-1.941821142E0,-5.512930334E-1
9.833429125E0,1.857501369E0,-1.971024037E0,-5.521449727E-1
9.843424125E0,1.714602435E0,-1.944648709E0,-4.553618592E-1
9.853418125E0,1.562620436E0,-1.990353178E0,-4.120497787E-1
9.863413125E0,1.536003326E0,-1.931172777E0,-5.373588261E-1
9.873408125E0,1.607829938E0,-1.722795553E0,-6.908049676E-1
9.883403125E0,1.684635454E0,-1.470603096E0,-9.732439023E-1
9.893397125E0,1.681162793E0,-1.294383803E0,-1.044992454E0
9.903392125E0,1.620426010E0,-1.301398416E0,-1.034211943E0
9.913387125E0,1.540171221E0,-1.360841795E0,-8.768084058E-1
9.923382125E0,1.529663190E0,-1.467739714E0,-4.183975160E-1
9.933376125E0,1.626657972E0,-1.497784755E0,-1.262109804E-1
9.943371125E0,1.829341178E0,-1.380461834E0,1.735892147E-2
9.953366125E0,2.026103493E0,-1.288278872E0,4.647074640E-3
9.963361125E0,2.166025609E0,-1.254155398E0,-2.100539133E-1
9.973355125E0,2.224079690E0,-1.223149514E0,-3.510030931E-1
9.983350125E0,2.153175768E0,-1.158351547E0,-3.959266663E-1
9.993345125E0,1.946190766E0,-9.935841729E-1,-5.564540783E-1
1.000334013E1,1.685701987E0,-9.044020012E-1,-5.853495562E-1
1.001333413E1,1.446400008E0,-9.281754644E-1,-6.352339071E-1
1.002332913E1,1.222703664E0,-9.794790807E-1,-6.307186872E-1
1.003332412E1,1.107743311E0,-9.167406495E-1,-8.005908269E-1
1.004331912E1,1.142213817E0,-8.417960094E-1,-8.871255255E-1
1.005331312E1,1.338099634E0,-6.697086520E-1,-1.099168369E0
1.006330812E1,1.674015741E0,-5.262972097E-1,-1.088682557E0
1.007330313E1,2.069759974E0,-3.793486404E-1,-1.060111600E0
1.008329813E1,2.448513953E0,-2.797211489E-1,-1.001101353E0
1.009329213E1,2.701536423E0,-2.392560777E-1,-9.782532120E-1
1.010328713E1,2.852003408E0,-1.247971237E-1,-9.003680071E-1
1.011328212E1,2.974272196E0,1.587986827E-2,-8.768519676E-1
1.012327612E1,3.006495616E0,3.460382223E-2,-8.408676177E-1
1.013327112E1,2.908966983E0,-5.244046122E-2,-9.563939810E-1
1.014326613E1,2.754990499E0,-6.036402315E-2,-1.087062294E0
1.015326113E1,2.616910256E0,-6.368494928E-3,-1.262127931E0
1.016325513E1,2.577793552E0,3.943099111E-2,-1.407922406E0
1.017325013E1,2.578113395E0,2.333682239E-2,-1.486241766E0
1.018324512E1,2.647060838E0,1.190390781E-1,-1.535697516E0
1.019324012E1,2.728170490E0,2.859057489E-1,-1.475772327E0
1.020323412E1,2.680328572E0,2.468671060E-1,-1.488700520E0
1.021322912E1,2.441791994E0,1.320619968E-1,-1.408118872E0
1.022322413E1,2.176401494E0,6.041957170E-2,-1.330707730E0
1.023321913E1,2.016110601E0,7.040603131E-2,-1.336771000E0
1.024321313E1,2.005184494E0,1.039275339E-1,-1.315350018E0
1.025320812E1,2.078968754E0,9.073007584E-2,-1.222239395E0
1.026320312E1,2.098427703E0,5.164787114E-2,-1.070578554E0
1.027319812E1,2.060756432E0,5.397477061E-2,-9.519771405E-1
1.028319212E1,1.923838030E0,4.323138893E-3,-8.057739450E-1
1.029318713E1,1.727811295E0,-9.905768037E-2,-6.067534353E-1
1.030318213E1,1.480119147E0,-1.930630741E-1,-4.331038481E-1
1.031317712E1,1.230816675E0,-2.373645034E-1,-2.959576973E-1
1.032317112E1,1.039709203E0,-1.927537563E-1,-1.503599811E-1
1.033316612E1,8.354466641E-1,-1.503553033E-1,-8.494250178E-2
1.034316112E1,6.554003692E-1,-1.388664016E-1,-2.525120080E-2
1.035315613E1,4.315905887E-1,-2.214887282E-1,5.402827263E-2
1.036315013E1,2.316532356E-1,-2.956448713E-1,4.587140679E-2
1.037314513E1,8.403442919E-2,-3.422720307E-1,2.103082672E-2
1.038314013E1,8.607510746E-2,-3.764779499E-1,-9.787069559E-2
1.039313512E1,2.176368749E-1,-3.664528987E-1,-8.841297045E-2
1.040312912E1,4.604214549E-1,-3.729545639E-1,1.045164947E-1
1.041312412E1,6.183839858E-1,-4.099360102E-1,2.490984035E-1
1.042311913E1,6.671164352E-1,-3.681032753E-1,3.508170055E-1
1.043311413E1,6.221244496E-1,-2.698424242E-1,4.366595399E-1
1.044310813E1,5.685545987E-1,-1.882875068E-1,3.354423366E-1
1.045310313E1,6.281043971E-1,-2.179042388E-1,1.182871261E-1
1.046309812E1,7.086199719E-1,-2.390334450E-1,1.652317894E-1
1.047309212E1,7.836765862E-1,-1.671479219E-1,2.493531959E-1
1.048308712E1,8.019450420E-1,-9.975569174E-2,1.457155377E-1
1.049308212E1,7.831491673E-1,-7.662659168E-2,-2.659913018E-2
1.050307713E1,8.065690202E-1,-8.432167366E-2,-2.253285947E-1
1.051307113E1,9.114885342E-1,-1.488265488E-1,-4.438279340E-1
1.052306613E1,1.073600249E0,-1.905986188E-1,-4.822657755E-1
1.053306112E1,1.168797013E0,-1.935735360E-1,-4.665177619E-1
1.054305612E1,1.267394518E0,-1.653922954E-1,-3.929207589E-1
1.055305012E1,1.409989396E0,-1.830174114E-1,-3.043560532E-1
1.056304512E1,1.607168618E0,-1.664883560E-1,-3.344562037E-1
1.057304013E1,1.897281146E0,-1.934741333E-1,-4.051494795E-1
1.058303513E1,2.085115932E0,-2.128639390E-1,-3.851381148E-1
1.059302913E1,2.031505151E0,-1.428590266E-1,-5.768607147E-1
1.060302412E1,1.835540396E0,-5.519851975E-2,-8.163660300E-1
1.061301912E1,1.623066028E0,-6.971891038E-2,-8.261969537E-1
1.062301412E1,1.480181712E0,-1.371739250E-1,-9.459976315E-1
1.063300812E1,1.451970651E0,-2.580386500E-1,-1.153982215E0
1.064300313E1,1.553951939E0,-3.844523095E-1,-1.233507272E0
1.065299813E1,1.800048382E0,-5.718269929E-1,-1.197121218E0
1.066299313E1,1.972169361E0,-8.103077298E-1,-1.086443074E0
1.067298713E1,2.093787353E0,-9.483754018E-1,-9.115072453E-1
1.068298212E1,2.087071241E0,-8.485654771E-1,-7.539771160E-1
1.069297712E1,1.865238989E0,-6.074938024E-1,-7.985957569E-1
1.070297213E1,1.550865194E0,-4.549777337E-1,-1.045827144E0
1.071296613E1,1.247937323E0,-5.392101642E-1,-1.102489003E0
1.072296113E1,9.551771754E-1,-7.725720658E-1,-9.731822142E-1
1.073295613E1,7.214160186E-1,-9.499935456E-1,-8.651797557E-1
1.074295112E1,6.060475302E-1,-9.593238746E-1,-7.377569398E-1
1.075294512E1,6.838985288E-1,-9.179010294E-1,-6.643553799E-1
1.076294012E1,8.223354524E-1,-8.893017861E-1,-7.872714543E-1
1.077293513E1,9.019593269E-1,-8.760085798E-1,-8.480570617E-1
1.078292913E1,8.665363097E-1,-9.121511699E-1,-6.753341120E-1
1.079292413E1,7.248477495E-1,-1.033909934E0,-5.652222705E-1
1.080291913E1,5.520251048E-1,-1.119127694E0,-3.351080221E-1
1.081291412E1,4.922209525E-1,-1.066062750E0,-3.145217299E-3
1.082290812E1,5.448868239E-1,-8.678949103E-1,1.226918337E-1
1.083290312E1,6.975418371E-1,-7.171153915E-1,4.242535025E-2
1.084289812E1,8.420996261E-1,-7.692132059E-1,-1.075586548E-1
1.085289313E1,8.770151049E-1,-9.911825752E-1,9.290670186E-2
1.086288713E1,7.373075813E-1,-1.220739438E0,3.321926004E-1
1.087288213E1,5.199279839E-1,-1.345789015E0,5.577047977E-1
1.088287712E1,4.081537789E-1,-1.267273188E0,7.455170721E-1
1.089287212E1,4.868198794E-1,-1.138509313E0,8.268559349E-1
1.090286612E1,6.971489042E-1,-1.155084415E0,7.414702141E-1
1.091286112E1,8.815583915E-1,-1.178298446E0,6.297404480E-1
1.092285613E1,8.461359590E-1,-1.218036709E0,5.562079105E-1
1.093285113E1,5.017343724E-1,-1.315332623E0,6.565151408E-1
1.094284513E1,-5.994390070E-2,-1.459118872E0,8.036088672E-1
1.095284013E1,-5.806647670E-1,-1.484835803E0,7.042617497E-1
1.096283512E1,-8.991608495E-1,-1.433626766E0,5.679488271E-1
1.097283012E1,-8.765134138E-1,-1.357887197E0,3.094054163E-1
1.098282412E1,-5.360037339E-1,-1.330277229E0,1.230797964E-1
1.099281913E1,-8.847305059E-2,-1.297404767E0,7.369333595E-2
1.100281413E1,1.998268408E-1,-1.324260444E0,1.109298670E-1
1.101280813E1,3.231949049E-1,-1.380698062E0,1.575137571E-1
1.102280313E1,2.850324672E-1,-1.556721765E0,4.291388512E-2
1.103279812E1,1.848983145E-1,-1.825736077E0,-7.035603762E-2
1.104279312E1,2.731877625E-2,-1.928523404E0,-1.897900951E-1
1.105278712E1,-1.217706048E-1,-1.780938511E0,-2.729860336E-1
1.106278213E1,-4.186442685E-1,-1.591313308E0,-1.418864885E-1
1.107277713E1,-7.762465292E-1,-1.355543633E0,-9.023130834E-2
1.108277213E1,-1.074451019E0,-1.134501339E0,1.619292819E-1
1.109276613E1,-1.082899076E0,-9.442791349E-1,3.376065373E-1
1.110276112E1,-7.877801621E-1,-9.302148271E-1,3.045878953E-1
1.111275612E1,-3.961307341E-1,-9.683357495E-1,7.311796993E-2
1.112275112E1,6.016434073E-2,-1.015309356E0,-4.260252088E-2
1.113274512E1,4.814714313E-1,-1.012454161E0,8.412301451E-2
1.114274013E1,6.687349445E-1,-9.719177538E-1,3.681585315E-1
1.115273513E1,5.195520079E-1,-8.730226260E-1,5.242689568E-1
1.116273012E1,5.679049730E-2,-7.725499195E-1,4.999214432E-1
1.117272412E1,-3.740001923E-1,-6.003336310E-1,3.095802480E-1
1.118271912E1,-5.859272611E-1,-3.776991409E-1,1.023262739E-5
1.119271412E1,-5.372287256E-1,-2.424372554E-1,-4.541970938E-1
1.120270913E1,-3.848298204E-1,-3.195579368E-1,-8.851091132E-1
1.121270313E1,-1.760918230E-1,-5.884199291E-1,-1.205597634E0
1.122269813E1,1.222693723E-1,-8.650499475E-1,-1.129843447E0
1.123269313E1,4.781741863E-1,-1.024219344E0,-8.088076267E-1
1.124268812E1,8.682056898E-1,-9.987061876E-1,-4.694451705E-1
1.125268212E1,1.129413092E0,-9.378799421E-1,-1.468738711E-1
1.126267712E1,1.236704237E0,-8.899392056E-1,-1.994485259E-3
1.127267213E1,1.200981258E0,-9.220795959E-1,-1.387018025E-2
1.128266613E1,1.028549792E0,-1.106525921E0,-1.518024892E-1
1.129266113E1,7.857330519E-1,-1.443861732E0,-4.058523148E-1
1.130265613E1,6.058256283E-1,-1.848749256E0,-6.089509651E-1
1.131265112E1,5.578284663E-1,-2.191117766E0,-8.045099232E-1
1.132264512E1,6.792008758E-1,-2.286805111E0,-9.721785396E-1
1.133264012E1,8.827629179E-1,-2.148937706E0,-1.003293913E0
1.134263513E1,1.016448686E0,-1.909425228E0,-8.618146831E-1
1.135263013E1,1.033001862E0,-1.726124958E0,-4.050664490E-1
1.136262413E1,8.226997340E-1,-1.677857947E0,5.846475980E-1
1.137261913E1,3.370706400E-1,-1.684145458E0,1.322732567E0
1.138261412E1,-2.356480533E-1,-1.859038017E0,1.855859470E0
1.139260912E1,-8.172024742E-1,-2.017560126E0,2.110451041E0
1.140260312E1,-1.226812795E0,-1.809379953E0,2.055177603E0
1.141259812E1,-1.506780111E0,-1.426642267E0,1.851419972E0
1.142259313E1,-1.750107898E0,-1.051481402E0,1.428980276E0
1.143258813E1,-2.012356981E0,-8.548103034E-1,1.050978834E0
1.144258213E1,-2.295693464E0,-8.109807444E-1,8.103650326E-1
1.145257712E1,-2.499835550E0,-8.022660542E-1,6.583304089E-1
1.146257212E1,-2.595966699E0,-7.728019345E-1,5.868499517E-1
1.147256712E1,-2.609664386E0,-7.906920755E-1,6.465048538E-1
1.148256112E1,-2.599937835E0,-8.869103479E-1,7.061967395E-1
1.149255613E1,-2.536390295E0,-9.515606725E-1,7.623035511E-1
1.150255113E1,-2.413203202E0,-1.015083069E0,8.161518757E-1
1.151254513E1,-2.211638131E0,-1.052442684E0,8.539816068E-1
1.152254013E1,-1.963539893E0,-1.059441217E0,1.037460364E0
1.153253512E1,-1.752212895E0,-1.225781638E0,1.297739228E0
1.154253012E1,-1.569315059E0,-1.481476870E0,1.591373388E0
1.155252412E1,-1.383682919E0,-1.684400396E0,1.832257769E0
1.156251913E1,-1.204696140E0,-1.752059698E0,1.997961867E0
1.157251413E1,-1.010603298E0,-1.735374084E0,1.994993382E0
1.158250913E1,-8.505188126E-1,-1.645613476E0,2.008109125E0
1.159250313E1,-6.899656729E-1,-1.485037240E0,2.085465157E0
1.160249812E1,-5.725885197E-1,-1.257202236E0,2.086056749E0
1.161249312E1,-4.538293040E-1,-1.037329386E0,1.961926062E0
1.162248813E1,-2.334041112E-1,-8.094826877E-1,1.871395522E0
1.163248213E1,-1.356882937E-2,-5.933070320E-1,1.742508856E0
1.164247713E1,1.376472571E-1,-3.413768220E-1,1.646207699E0
1.165247213E1,1.886007714E-1,-9.676908016E-2,1.612125449E0
1.166246712E1,2.004685727E-1,8.574357033E-3,1.457124386E0
1.167246112E1,2.513919738E-1,-5.520941019E-3,1.451805759E0
1.168245612E1,3.986818012E-1,1.245223045E-2,1.534618705E0
1.169245112E1,6.660146736E-1,-1.852631807E-2,1.534373707E0
1.170244512E1,9.064964738E-1,-7.046245694E-2,1.507698124E0
1.171244013E1,1.037022042E0,-1.312278914E-1,1.506275496E0
1.172243513E1,1.074295776E0,-1.572602803E-1,1.502293543E0
1.173243012E1,1.043021212E0,-1.017216718E-1,1.425667536E0
1.174242412E1,9.884873743E-1,-5.268692136E-2,1.278586527E0
1.175241912E1,9.071545780E-1,1.153480232E-2,1.018176831E0
1.176241412E1,8.210418291E-1,4.899908245E-2,7.291553932E-1
1.177240913E1,7.540887248E-1,1.098586571E-1,4.940054496E-1
1.178240313E1,7.024691395E-1,1.970827425E-1,2.131742799E-1
1.179239813E1,6.196579479E-1,2.807856345E-1,-1.413220860E-2
1.180239313E1,5.213288306E-1,3.042160124E-1,-2.089840921E-1
1.181238812E1,4.111204369E-1,2.836390758E-1,-3.162413961E-1
1.182238212E1,3.196195518E-1,1.943450761E-1,-4.783368120E-1
1.183237712E1,2.266249225E-1,7.686106503E-2,-6.033355185E-1
1.184237213E1,1.684802100E-1,-5.422415435E-2,-6.885570055E-1
1.185236713E1,1.987565810E-1,-9.232344210E-2,-6.707037751E-1
1.186236113E1,3.218931685E-1,-5.876977980E-2,-5.917066491E-1
1.187235613E1,3.919086058E-1,-1.136464834E-2,-4.394702965E-1
1.188235112E1,4.883486339E-1,1.266799271E-2,-2.904165834E-1
1.189234512E1,5.731131611E-1,6.648284197E-3,-1.644090861E-1
1.190234012E1,6.829873864E-1,-4.926688492E-2,-1.109491628E-1
1.191233513E1,7.842213274E-1,-2.161622071E-1,4.351432107E-2
1.192233013E1,9.021466570E-1,-4.235734713E-1,2.370969933E-1
1.193232413E1,1.142632989E0,-5.937777328E-1,4.209247557E-1
1.194231913E1,1.564255902E0,-5.108191913E-1,6.816800221E-1
1.195231412E1,1.952308562E0,-2.469378573E-1,9.452971351E-1
1.196230912E1,2.138998317E0,-4.856931210E-2,1.129230586E0
1.197230312E1,1.992449259E0,-1.269933379E-1,1.288987116E0
1.198229812E1,1.633562657E0,-3.769933820E-1,1.314158210E0
1.199229313E1,1.428388830E0,-5.435817254E-1,1.364661196E0
1.200228813E1,1.433991924E0,-6.007487833E-1,1.506909919E0
1.201228213E1,1.608396825E0,-5.587792236E-1,1.643433634E0
1.202227712E1,1.855628505E0,-4.589654982E-1,1.722055150E0
1.203227212E1,1.939817155E0,-4.133157009E-1,1.729329232E0
1.204226712E1,1.860791304E0,-3.803970462E-1,1.682487772E0
1.205226112E1,1.668983920E0,-3.404956466E-1,1.722165223E0
1.206225613E1,1.426268483E0,-3.431023353E-1,1.895415446E0
1.207225113E1,1.215893850E0,-4.520301157E-1,2.192537470E0
1.208224513E1,1.100349434E0,-6.771087420E-1,2.459071101E0
1.209224013E1,1.064302007E0,-9.463239062E-1,2.763189465E0
1.210223512E1,1.048475787E0,-1.182867168E0,2.882204277E0
1.211223012E1,9.426424261E-1,-1.323693264E0,2.844426001E0
1.212222412E1,7.887768200E-1,-1.422158622E0,2.752566828E0
1.213221913E1,5.979658742E-1,-1.550560554E0,2.570398286E0
1.214221413E1,4.335644625E-1,-1.692416929E0,2.388864167E0
1.215220913E1,4.207888079E-1,-1.727980279E0,2.314790470E0
1.216220313E1,4.360007049E-1,-1.692238589E0,2.233802879E0
1.217219762E1,4.379560869E-1,-1.653763910E0,2.191363934E0
1.218219262E1,3.809974091E-1,-1.699738228E0,2.301669610E0
1.219218762E1,2.959371590E-1,-1.778759839E0,2.407229102E0
1.220218162E1,2.189188769E-1,-1.837204514E0,2.559607542E0
1.221217663E1,1.557142764E-1,-1.936142911E0,2.571509842E0
1.222217163E1,1.315497807E-1,-2.008370642E0,2.566244717E0
1.223216663E1,4.569906011E-2,-2.064755343E0,2.681797977E0
1.224216062E1,-1.998714258E-1,-2.083640680E0,2.791393217E0
1.225215562E1,-5.985771275E-1,-2.165476556E0,2.855022910E0
1.226215062E1,-9.569684699E-1,-2.305958835E0,2.708367725E0
1.227214462E1,-1.159595688E0,-2.389815509E0,2.399762793E0
1.228213963E1,-1.117461968E0,-2.386124747E0,2.133052576E0
1.229213463E1,-1.022990697E0,-2.345048057E0,1.858187247E0
1.230212963E1,-9.599064034E-1,-2.344232955E0,1.602278299E0
1.231212363E1,-1.061170238E0,-2.450079253E0,1.352526762E0
1.232211862E1,-1.308579381E0,-2.648498084E0,1.116510334E0
1.233211362E1,-1.579992221E0,-2.791540859E0,9.327598277E-1
1.234210863E1,-1.723829341E0,-2.800114047E0,7.603833255E-1
1.235210263E1,-1.774404833E0,-2.786549676E0,5.833509779E-1
1.236209763E1,-1.715389178E0,-2.821989065E0,4.040320766E-1
1.237209263E1,-1.557189250E0,-2.934881258E0,4.122746041E-1
1.238208762E1,-1.313917889E0,-3.019233191E0,3.616950193E-1
1.239208162E1,-1.002330000E0,-3.112909679E0,4.707441294E-1
1.240207662E1,-6.670027068E-1,-3.201424829E0,6.307216108E-1
1.241207162E1,-3.301890519E-1,-3.297387578E0,6.659943545E-1
1.242206663E1,-6.530492038E-2,-3.496915042E0,5.872259277E-1
1.243206063E1,1.489575264E-1,-3.736464942E0,4.906731945E-1
1.244205563E1,3.026235232E-1,-3.816074198E0,3.529823756E-1
1.245205062E1,3.807513875E-1,-3.773448581E0,1.700060409E-1
1.246204562E1,3.560311139E-1,-3.866497078E0,-3.342970133E-2
1.247203962E1,3.395361185E-1,-4.007690964E0,-2.227602053E-1
1.248203462E1,4.685970318E-1,-3.782374356E0,-4.889763325E-1
1.249202963E1,7.541703665E-1,-3.249506484E0,-6.750990540E-1
1.250202363E1,1.023321211E0,-2.832820448E0,-7.018032879E-1
1.251201863E1,1.125046976E0,-2.782059599E0,-7.204494739E-1
1.252201362E1,1.154510511E0,-2.925458470E0,-7.538119322E-1
1.253200862E1,1.171674428E0,-3.139295532E0,-7.668079537E-1
1.254200262E1,1.203830021E0,-3.230038179E0,-7.946652585E-1
1.255199762E1,1.168515177E0,-3.239944824E0,-8.775051016E-1
1.256199263E1,1.089671322E0,-3.139125378E0,-1.023656257E0
1.257198763E1,1.090602198E0,-2.827633967E0,-1.197414456E0
1.258198163E1,1.233641465E0,-2.552171346E0,-1.300387432E0
1.259197663E1,1.448910803E0,-2.480530090E0,-1.292677878E0
1.260197162E1,1.674539652E0,-2.451277640E0,-1.172422872E0
1.261196662E1,1.968461056E0,-2.439728219E0,-8.774659252E-1
1.262196062E1,2.239462545E0,-2.404300817E0,-7.467941040E-1
1.263195563E1,2.387246827E0,-2.472959992E0,-6.706209639E-1
1.264195063E1,2.433458542E0,-2.543084188E0,-6.030327058E-1
1.265194563E1,2.418965634E0,-2.203154259E0,-5.726821482E-1
1.266193963E1,2.237392631E0,-1.730970545E0,-6.605979592E-1
1.267193462E1,1.836491153E0,-1.570531719E0,-1.041360456E0
1.268192962E1,1.380600121E0,-1.888128207E0,-1.217018708E0
1.269192362E1,1.175935879E0,-2.192773551E0,-1.011016038E0
1.270191862E1,1.299149576E0,-2.145252206E0,-9.089026031E-1
1.271191363E1,1.503554787E0,-2.098092512E0,-1.095021816E0
1.272190863E1,1.626160959E0,-1.958024361E0,-1.366374430E0
1.273190263E1,1.683822691E0,-1.812952456E0,-1.374599708E0
1.274189762E1,1.769905400E0,-1.631279904E0,-1.449496694E0
1.275189262E1,1.919254398E0,-1.438399409E0,-1.507372434E0
1.276188762E1,2.081342724E0,-1.313250137E0,-1.534887384E0
1.277188162E1,2.183081353E0,-1.240679905E0,-1.564311743E0
1.278187663E1,2.249690495E0,-1.287060750E0,-1.542156351E0
1.279187163E1,2.378031616E0,-1.386811033E0,-1.373249002E0
1.280186662E1,2.525018338E0,-1.446232632E0,-1.259057265E0
1.281186062E1,2.677178677E0,-1.339734516E0,-1.180077462E0
1.282185562E1,2.837859578E0,-1.138518669E0,-1.077282826E0
1.283185062E1,2.961263310E0,-8.996318427E-1,-9.678171015E-1
1.284184462E1,3.007052856E0,-7.440731022E-1,-8.161878361E-1
1.285183963E1,2.987645947E0,-6.575328487E-1,-6.265560544E-1
1.286183463E1,2.870742565E0,-6.016701584E-1,-3.962283826E-1
1.287182963E1,2.729579085E0,-5.846584153E-1,-3.607194114E-1
1.288182363E1,2.653130248E0,-5.961392771E-1,-3.713299151E-1
1.289181862E1,2.712181279E0,-4.524628097E-1,-4.179765165E-1
1.290181362E1,2.786674806E0,-2.559475395E-1,-5.498090100E-1
1.291180863E1,2.815323824E0,-1.707153082E-1,-6.456708947E-1
1.292180263E1,2.730336299E0,-2.578763898E-1,-6.482037623E-1
1.293179763E1,2.620502200E0,-3.544235681E-1,-4.980339620E-1
1.294179263E1,2.501136555E0,-3.922530068E-1,-2.592674424E-1
1.295178762E1,2.428847428E0,-4.052579454E-1,-1.520330156E-1
1.296178162E1,2.431380442E0,-4.172412291E-1,-1.168906648E-1
1.297177662E1,2.498782466E0,-3.551550548E-1,-1.812831272E-1
1.298177162E1,2.699235544E0,-2.500585163E-1,-2.207949561E-1
1.299176663E1,2.782311614E0,-1.426726466E-1,-2.426436621E-1
1.300176063E1,2.779942322E0,-4.605822533E-2,-2.773610665E-1
1.301175563E1,2.650499001E0,-5.237292588E-2,-3.198796798E-1
1.302175062E1,2.435371751E0,-1.567790544E-1,-3.148462504E-1
1.303174462E1,2.171384583E0,-2.614866069E-1,-3.099753736E-1
1.304173962E1,1.981611444E0,-2.213937110E-1,-3.741884726E-1
1.305173462E1,1.939313271E0,-8.221565276E-2,-3.654221807E-1
1.306172963E1,2.073848932E0,4.172660798E-2,-4.391336431E-1
1.307172363E1,2.247711212E0,9.440680504E-2,-4.587069051E-1
1.308171863E1,2.328986340E0,3.671349764E-2,-3.195794253E-1
1.309171362E1,2.247250451E0,1.898620158E-2,-1.495502879E-1
1.310170862E1,1.983235216E0,3.139077723E-3,-1.280097301E-1
1.311170262E1,1.701985313E0,-8.254075795E-3,-2.295827365E-1
1.312169762E1,1.485873392E0,-6.835234299E-2,-4.301701538E-1
1.313169263E1,1.413148062E0,-1.829946072E-1,-5.996888293E-1
1.314168763E1,1.383472273E0,-2.463088430E-1,-6.515340440E-1
1.315168163E1,1.384034775E0,-2.352785093E-1,-7.077458131E-1
1.316167663E1,1.450238705E0,-1.906654233E-1,-6.111977577E-1
1.317167175E1,1.537295560E0,-1.342739984E-1,-4.451128596E-1
1.318166675E1,1.570148141E0,-1.029710756E-1,-3.907284915E-1
1.319166075E1,1.534111751E0,-1.146082042E-1,-3.549949872E-1
1.320165575E1,1.456337351E0,-1.279272844E-1,-3.479642951E-1
1.321165075E1,1.419258403E0,-1.238720942E-1,-3.683927125E-1
1.322164575E1,1.378295733E0,-1.086611474E-1,-4.089292659E-1
1.323163975E1,1.368313951E0,-1.776984917E-1,-4.365852803E-1
1.324163475E1,1.381618706E0,-2.784680906E-1,-4.603711689E-1
1.325162975E1,1.403464488E0,-2.747780590E-1,-4.933102888E-1
1.326162375E1,1.454386720E0,-2.744317576E-1,-5.303488916E-1
1.327161875E1,1.561354514E0,-3.056482878E-1,-5.437846237E-1
1.328161375E1,1.724904059E0,-3.108619577E-1,-5.062684496E-1
1.329160875E1,1.858638652E0,-3.482076855E-1,-4.330944926E-1
1.330160275E1,1.956489467E0,-3.718522176E-1,-3.377613424E-1
1.331159775E1,2.001577932E0,-2.854350480E-1,-2.284425294E-1
1.332159275E1,2.042296187E0,-3.153231639E-1,-2.247248697E-1
1.333158775E1,2.005427154E0,-5.332147582E-1,-2.229028773E-1
1.334158175E1,1.903318396E0,-6.229432791E-1,-1.555616641E-1
1.335157675E1,1.733535134E0,-4.534413412E-1,-1.460950220E-1
1.336157175E1,1.568910871E0,-3.055601411E-1,-1.940148546E-1
1.337156675E1,1.428661895E0,-2.637102299E-1,-1.915436751E-1
1.338156075E1,1.329451017E0,-3.863419469E-1,-2.943961984E-1
1.339155575E1,1.223808203E0,-5.637314498E-1,-4.180519456E-1
1.340155075E1,1.259062820E0,-8.093338761E-1,-5.055789167E-1
1.341154475E1,1.338509524E0,-1.064346373E0,-4.721638334E-1
1.342153975E1,1.377111087E0,-1.108653942E0,-2.905358666E-1
1.343153475E1,1.224692886E0,-8.728672363E-1,-5.135799542E-2
1.344152975E1,9.708734411E-1,-5.966107454E-1,1.000707105E-2
1.345152375E1,6.370868897E-1,-5.400477048E-1,-1.769998956E-1
1.346151875E1,3.778985310E-1,-5.681316257E-1,-3.657632196E-1
1.347151375E1,3.632699668E-1,-5.525532545E-1,-5.955599642E-1
1.348150875E1,5.397915602E-1,-7.386424275E-1,-7.563792984E-1
1.349150275E1,7.280853528E-1,-1.087882512E0,-7.222849149E-1
1.350149775E1,6.810100043E-1,-1.265803929E0,-4.869572890E-1
1.351149275E1,4.867748559E-1,-1.231297317E0,-2.115850067E-1
1.352148775E1,2.947505397E-1,-1.096300895E0,-1.026582496E-1
1.353148175E1,1.825097269E-1,-8.345407842E-1,-2.502058661E-1
1.354147675E1,3.060502839E-1,-6.468685506E-1,-4.622159654E-1
1.355147175E1,5.480045593E-1,-6.334863205E-1,-4.436878932E-1
1.356146675E1,7.044532460E-1,-7.033250257E-1,-2.230392636E-1
1.357146075E1,7.283034539E-1,-8.889979501E-1,-6.883985460E-2
1.358145575E1,6.049453300E-1,-1.251338210E0,-5.786463082E-2
1.359145075E1,5.635388571E-1,-1.566103330E0,-9.902610540E-2
1.360144475E1,6.474849933E-1,-1.647545688E0,-1.037199578E-1
1.361143975E1,8.049674678E-1,-1.615958737E0,-1.741140023E-1
1.362143475E1,9.546930259E-1,-1.437739697E0,-2.677937061E-1
1.363142975E1,1.001383628E0,-1.222000828E0,-2.944994017E-1
1.364142375E1,9.900008529E-1,-1.101883231E0,-2.393575269E-1
1.365141875E1,9.700460601E-1,-1.140250906E0,-1.679960606E-1
1.366141375E1,1.008072258E0,-1.289339995E0,-6.920004308E-2
1.367140875E1,1.124491491E0,-1.489737816E0,1.091660544E-1
1.368140275E1,1.275596992E0,-1.605369722E0,3.287772417E-1
1.369139775E1,1.403197271E0,-1.534998482E0,5.044050881E-1
1.370139275E1,1.409018759E0,-1.308953895E0,5.542967480E-1
1.371138775E1,1.264884893E0,-1.075412886E0,5.335315311E-1
1.372138175E1,8.695944035E-1,-9.970011395E-1,4.013248158E-1
1.373137675E1,3.275528347E-1,-1.094725070E0,2.415353224E-1
1.374137175E1,-1.897602743E-1,-1.264289354E0,7.317644209E-2
1.375136575E1,-5.490073568E-1,-1.490728335E0,6.967542171E-3
1.376136075E1,-6.938703704E-1,-1.556052259E0,-8.092254102E-2
1.377135575E1,-6.356508136E-1,-1.522257106E0,-8.171542346E-2
1.378135075E1,-5.474742168E-1,-1.526775835E0,4.606231838E-2
1.379134475E1,-4.460671252E-1,-1.414636179E0,7.381437331E-2
1.380133975E1,-4.065417016E-1,-1.271834309E0,4.197891533E-2
1.381133475E1,-4.415004498E-1,-1.226725963E0,8.683816910E-2
1.382132975E1,-5.769096851E-1,-1.299163025E0,2.924131152E-1
1.383132375E1,-7.674517322E-1,-1.418728060E0,4.756101823E-1
1.384131875E1,-9.506473374E-1,-1.421811297E0,4.977588505E-1
1.385131375E1,-1.028204221E0,-1.365996700E0,5.996249485E-1
1.386130875E1,-9.769796884E-1,-1.304663501E0,5.248870075E-1
1.387130275E1,-7.975777566E-1,-1.301177391E0,3.741422796E-1
1.388129775E1,-5.208284551E-1,-1.310027736E0,2.133371249E-1
1.389129275E1,-2.991271806E-1,-1.256800532E0,1.734699315E-1
1.390128775E1,-2.533101529E-1,-1.235823061E0,2.332720372E-1
1.391128175E1,-4.717042422E-1,-1.252487041E0,3.182695028E-1
1.392127675E1,-8.065491396E-1,-1.353090141E0,4.112454942E-1
1.393127175E1,-1.077600914E0,-1.389942802E0,3.980591458E-1
1.394126575E1,-1.181172645E0,-1.402162898E0,2.667353600E-1
1.395126075E1,-1.133507897E0,-1.348093110E0,2.662705064E-2
1.396125575E1,-1.001730952E0,-1.301234694E0,-1.665503365E-1
1.397125075E1,-8.161069983E-1,-1.252637900E0,-3.058280897E-1
1.398124475E1,-6.340679723E-1,-1.199804798E0,-3.798593947E-1
1.399123975E1,-4.915175325E-1,-1.172308266E0,-3.212887126E-1
1.400123475E1,-4.069246942E-1,-1.148112488E0,-2.697823441E-1
1.401122975E1,-3.822178692E-1,-1.168055586E0,-1.290767008E-1
1.402122375E1,-4.083455676E-1,-1.192803342E0,-1.653475642E-2
1.403121875E1,-4.106201345E-1,-1.151147193E0,6.432580411E-2
1.404121375E1,-3.674896100E-1,-1.063662322E0,4.678152591E-2
1.405120875E1,-2.603060541E-1,-9.584504467E-1,-7.247653037E-2
1.406120275E1,-1.477123618E-1,-8.480263638E-1,-2.260627127E-1
1.407119775E1,-3.812443078E-2,-7.975760025E-1,-3.539994988E-1
1.408119275E1,-1.913501322E-2,-8.055773324E-1,-4.441463149E-1
1.409118675E1,-1.120098478E-1,-9.002899468E-1,-2.927607322E-1
1.410118175E1,-2.499658379E-1,-9.973975807E-1,-1.273967957E-1
1.411117675E1,-3.279922530E-1,-1.026098639E0,1.095768213E-1
1.412117175E1,-3.261635363E-1,-1.024961355E0,2.847810370E-1
1.413116575E1,-3.076278627E-1,-9.608799648E-1,4.533129948E-1
1.414116075E1,-3.448825201E-1,-8.755410218E-1,5.666536689E-1
1.415115575E1,-4.409356087E-1,-7.216931766E-1,6.859757522E-1
1.416115075E1,-6.333642599E-1,-4.879285115E-1,8.954870439E-1
1.417114500E1,-9.599885568E-1,-2.308784795E-1,9.697506295E-1
1.418114000E1,-1.393969195E0,-5.896683097E-2,9.851967806E-1
1.419113500E1,-1.950790186E0,-8.318482876E-2,1.010001839E0
1.420113000E1,-2.623148942E0,-2.745238513E-1,1.008922881E0
1.421112400E1,-3.319438598E0,-5.058280081E-1,8.767037407E-1
1.422111900E1,-3.844549846E0,-7.188888520E-1,7.078368835E-1
1.423111400E1,-4.100554981E0,-8.330674320E-1,4.600127345E-1
1.424110800E1,-4.055676431E0,-9.059588224E-1,2.693220221E-1
1.425110300E1,-3.786904778E0,-9.271473777E-1,1.707068297E-1
1.426109800E1,-3.318759444E0,-8.702381819E-1,1.517245750E-1
1.427109300E1,-2.766440809E0,-7.462368643E-1,2.218439466E-1
1.428108700E1,-2.207177144E0,-6.699552584E-1,2.094289921E-1
1.429108200E1,-1.685996394E0,-7.424952310E-1,9.886530697E-2
1.430107700E1,-1.271218304E0,-9.178982520E-1,2.936881006E-2
1.431107200E1,-9.502310157E-1,-1.109212132E0,-2.704147205E-2
1.432106600E1,-6.870954940E-1,-1.244089855E0,-3.313909471E-2
1.433106100E1,-3.669861647E-1,-1.226400273E0,-1.316502066E-1
1.434105600E1,4.690183237E-2,-1.093594218E0,-1.893774278E-1
1.435105100E1,5.317085154E-1,-9.334366429E-1,-1.442018397E-1
1.436104500E1,9.424828702E-1,-7.667477274E-1,-3.661526442E-2
1.437104000E1,1.293371650E0,-6.445192856E-1,6.551848993E-2
1.438103500E1,1.511443704E0,-5.427163374E-1,1.651686394E-1
1.439102900E1,1.637400331E0,-4.506402326E-1,2.572904988E-1
1.440102400E1,1.672867202E0,-4.235898435E-1,2.622568314E-1
1.441101900E1,1.627992599E0,-4.456332618E-1,3.047369993E-1
1.442101400E1,1.578120674E0,-4.308427298E-1,2.869205332E-1
1.443100800E1,1.521798246E0,-3.513626969E-1,1.623520356E-1
1.444100300E1,1.403998778E0,-2.576441091E-1,3.430429861E-2
1.445099800E1,1.168953719E0,-1.985474700E-1,-1.602429450E-2
1.446099300E1,8.838848524E-1,-2.209855753E-1,-4.885217115E-2
1.447098700E1,6.097963263E-1,-2.098238254E-1,-1.558838457E-1
1.448098200E1,4.934175852E-1,-1.646505761E-1,-2.698478329E-1
1.449097700E1,4.562589683E-1,-9.649659991E-2,-3.509300029E-1
1.450097200E1,4.064949238E-1,-5.481706202E-2,-4.233622406E-1
1.451096600E1,3.770745121E-1,-8.129617810E-2,-4.355571936E-1
1.452096100E1,3.201963066E-1,-1.287159276E-1,-4.620119707E-1
1.453095600E1,1.980624434E-1,-1.964015418E-1,-4.741418733E-1
1.454095000E1,1.806162523E-1,-3.147486019E-1,-2.519858316E-1
1.455094500E1,2.840782017E-1,-4.764428258E-1,5.336680636E-3
1.456094000E1,4.333239958E-1,-6.303158140E-1,2.620756408E-1
1.457093500E1,5.847309208E-1,-7.721119630E-1,7.634493130E-1
1.458092900E1,7.128368376E-1,-9.225117052E-1,1.285862948E0
1.459092400E1,8.470184501E-1,-1.071456660E0,1.618561333E0
1.460091900E1,1.003890768E0,-1.147931809E0,1.882968332E0
1.461091400E1,1.249790013E0,-1.090847197E0,2.099984232E0
1.462090800E1,1.605450706E0,-8.305811960E-1,2.363573059E0
1.463090300E1,1.952865070E0,-5.308535063E-1,2.697680184E0
1.464089800E1,2.292201068E0,-2.783900303E-1,2.763359619E0
1.465089300E1,2.433529294E0,-1.314430690E-1,2.519172292E0
1.466088700E1,2.379267132E0,-5.473578572E-2,2.217591035E0
1.467088200E1,2.209339590E0,3.552768230E-3,1.814123799E0
1.468087700E1,2.053780557E0,1.063275236E-1,1.338414214E0
1.469087100E1,1.854678918E0,1.600768840E-1,8.754223964E-1
1.470086600E1,1.599447808E0,1.307080740E-1,4.132180524E-1
1.471086100E1,1.325660852E0,1.853508890E-2,-3.567313179E-3
1.472085600E1,1.041996633E0,-4.830735683E-2,-3.425141054E-1
1.473085000E1,7.904355289E-1,-3.627495646E-2,-6.299282167E-1
1.474084500E1,5.539846529E-1,4.937564313E-2,-8.698289499E-1
1.475084000E1,3.590245959E-1,1.426860952E-1,-1.034267711E0
1.476083500E1,2.208621991E-1,1.857227719E-1,-1.087365180E0
1.477082900E1,1.614036173E-1,2.081638008E-1,-1.080190134E0
1.478082400E1,2.162466994E-1,1.601265854E-1,-9.597836119E-1
1.479081900E1,4.043222447E-1,1.065877247E-1,-6.199435113E-1
1.480081400E1,6.888566753E-1,-7.904266119E-3,-2.415695286E-1
1.481080800E1,9.825083770E-1,-1.070338672E-1,1.776793420E-2
1.482080300E1,1.178985202E0,-2.102951109E-1,2.400007937E-1
1.483079800E1,1.222078450E0,-4.349357808E-1,5.032504823E-1
1.484079200E1,1.222670481E0,-5.255968595E-1,7.261991141E-1
1.485078700E1,1.112892369E0,-5.241087431E-1,9.201254565E-1
1.486078200E1,1.004858920E0,-4.858679527E-1,1.055995379E0
1.487077700E1,9.551773216E-1,-5.089071518E-1,1.363287100E0
1.488077100E1,9.653150779E-1,-6.250726157E-1,1.722266380E0
1.489076600E1,1.027564243E0,-6.999362719E-1,1.786660451E0
1.490076100E1,1.159382557E0,-7.210265940E-1,1.909078781E0
1.491075600E1,1.174807220E0,-8.291696781E-1,1.923781751E0
1.492075000E1,1.123593212E0,-9.737537795E-1,1.813643743E0
1.493074500E1,1.152541169E0,-1.010534520E0,1.698216344E0
1.494074000E1,1.179565392E0,-9.438756770E-1,1.766566055E0
1.495073400E1,1.155225187E0,-8.035249597E-1,1.901753827E0
1.496072900E1,1.072644083E0,-7.628435415E-1,2.071967152E0
1.497072400E1,8.921129081E-1,-8.280633849E-1,2.204621764E0
1.498071900E1,6.539398809E-1,-9.853751206E-1,2.348675816E0
1.499071300E1,4.168987285E-1,-1.208868567E0,2.541339086E0
1.500070800E1,2.535647991E-1,-1.355718464E0,2.499588797E0
1.501070300E1,1.714992736E-1,-1.495316645E0,2.372576748E0
1.502069800E1,1.884490362E-1,-1.570909449E0,2.180990973E0
1.503069200E1,2.545526862E-1,-1.588508399E0,1.968526984E0
1.504068700E1,2.396149506E-1,-1.552625790E0,1.850665389E0
1.505068200E1,1.339803220E-1,-1.538128204E0,1.823075009E0
1.506067700E1,-3.514527440E-2,-1.574863921E0,1.864111646E0
1.507067100E1,-2.178253014E-1,-1.623599294E0,1.907844433E0
1.508066600E1,-3.462713800E-1,-1.693626133E0,1.913643410E0
1.509066100E1,-4.343972522E-1,-1.780295318E0,1.836524190E0
1.510065600E1,-4.739557126E-1,-1.957292290E0,1.828269676E0
1.511065000E1,-4.753735162E-1,-2.091336200E0,1.799209306E0
1.512064500E1,-4.100406754E-1,-2.027302172E0,1.749772852E0
1.513064000E1,-4.102058592E-1,-1.876383782E0,1.612890411E0
1.514063400E1,-4.813348988E-1,-1.833828916E0,1.548019646E0
1.515062900E1,-6.792856604E-1,-1.933843201E0,1.555198857E0
1.516062400E1,-8.957925609E-1,-2.128594658E0,1.613372806E0
1.517061892E1,-1.066553770E0,-2.310973408E0,1.672792504E0
1.518061292E1,-1.092572418E0,-2.373531598E0,1.603973114E0
1.519060792E1,-9.840454638E-1,-2.379056633E0,1.414945204E0
1.520060292E1,-8.278373900E-1,-2.420200565E0,1.175946404E0
1.521059792E1,-7.058448833E-1,-2.427522449E0,8.281510931E-1
1.522059192E1,-5.769327816E-1,-2.384813801E0,6.206687853E-1
1.523058692E1,-6.019571105E-1,-2.511232358E0,5.366141832E-1
1.524058192E1,-7.396163544E-1,-2.824147273E0,4.896402839E-1
1.525057592E1,-7.719672444E-1,-3.046139154E0,4.740057063E-1
1.526057092E1,-6.501258883E-1,-3.031957902E0,4.113916746E-1
1.527056592E1,-5.403426602E-1,-2.815453632E0,2.327566051E-1
1.528056092E1,-5.701380247E-1,-2.439288801E0,1.166227162E-2
1.529055492E1,-8.075484288E-1,-2.277853024E0,-7.832374603E-2
1.530054992E1,-1.179781592E0,-2.484569639E0,-2.870789927E-1
1.531054492E1,-1.385574932E0,-2.907482960E0,-4.755113643E-1
1.532053992E1,-1.203295586E0,-3.273067254E0,-6.051277632E-1
1.533053392E1,-6.409904909E-1,-3.327784329E0,-5.574407959E-1
1.534052892E1,2.586281955E-2,-3.114046378E0,-4.808796930E-1
1.535052392E1,5.531121022E-1,-2.856167210E0,-4.440030581E-1
1.536051892E1,8.829745871E-1,-2.715573834E0,-3.355535799E-1
1.537051292E1,1.118932543E0,-2.641244613E0,-2.468174046E-1
1.538050792E1,1.237522847E0,-2.586188400E0,-1.932732815E-1
1.539050292E1,1.243066592E0,-2.591838564E0,-2.173965544E-1
1.540049692E1,1.139888964E0,-2.605088940E0,-3.788463646E-1
1.541049192E1,9.068604630E-1,-2.777868900E0,-5.019138819E-1
1.542048692E1,7.449978393E-1,-2.927568438E0,-5.547861600E-1
1.543048192E1,7.433775759E-1,-2.917312714E0,-5.470947325E-1
1.544047592E1,8.097095597E-1,-2.792100730E0,-5.232801926E-1
1.545047092E1,8.175547689E-1,-2.732351834E0,-3.822395039E-1
1.546046592E1,7.820767879E-1,-2.661233320E0,-1.559043109E-1
1.547046092E1,6.595437062E-1,-2.474389637E0,4.910959482E-2
1.548045492E1,5.188035643E-1,-2.343513747E0,2.332705754E-1
1.549044992E1,4.792962670E-1,-2.388999238E0,2.078340179E-1
1.550044492E1,6.596162117E-1,-2.540138945E0,1.395543265E-1
1.551043992E1,9.689976543E-1,-2.662295466E0,1.658969101E-1
1.552043392E1,1.313079398E0,-2.646070028E0,3.505551964E-2
1.553042892E1,1.559855872E0,-2.561801710E0,-1.888571718E-1
1.554042392E1,1.654528141E0,-2.550859523E0,-4.316391206E-1
1.555041792E1,1.660119249E0,-2.633051494E0,-5.928263909E-1
1.556041292E1,1.524774333E0,-2.687572980E0,-5.933064473E-1
1.557040792E1,1.242164367E0,-2.573371011E0,-7.275547180E-1
1.558040292E1,9.369344473E-1,-2.399679324E0,-1.076395218E0
1.559039692E1,7.083170861E-1,-2.396506917E0,-1.159775344E0
1.560039192E1,6.533953589E-1,-2.495123863E0,-9.911112392E-1
1.561038692E1,8.027636522E-1,-2.412053932E0,-8.124910802E-1
1.562038192E1,1.117718661E0,-2.135440871E0,-8.909174448E-1
1.563037592E1,1.485190437E0,-1.906459959E0,-9.022002321E-1
1.564037092E1,1.706094736E0,-1.883331590E0,-9.013690504E-1
1.565036592E1,1.686050481E0,-2.016246549E0,-1.014694229E0
1.566035992E1,1.617266759E0,-2.029699823E0,-1.216555901E0
1.567035492E1,1.668966671E0,-1.876649246E0,-1.371966707E0
1.568034992E1,1.850183578E0,-1.706464572E0,-1.501901194E0
1.569034492E1,2.103399591E0,-1.663299257E0,-1.456908332E0
1.570033892E1,2.402927306E0,-1.659105926E0,-1.065451862E0
1.571033392E1,2.586328148E0,-1.536345680E0,-5.269051740E-1
1.572032892E1,2.669414159E0,-1.268652254E0,-2.941424292E-1
1.573032392E1,2.704382848E0,-1.033780199E0,-4.039528468E-1
1.574031792E1,2.805277723E0,-1.003608347E0,-7.562703940E-1
1.575031292E1,2.958725619E0,-1.149725881E0,-1.031072280E0
1.576030792E1,3.132203152E0,-1.031644723E0,-1.221639470E0
1.577030292E1,3.265072356E0,-6.998077793E-1,-1.264576160E0
1.578029692E1,3.357411001E0,-3.534954688E-1,-1.322243739E0
1.579029192E1,3.392646323E0,-2.288044721E-1,-1.229294060E0
1.580028692E1,3.266556380E0,-3.232611246E-1,-1.004798109E0
1.581028092E1,3.070108060E0,-3.878613093E-1,-8.379823092E-1
1.582027592E1,2.848579863E0,-3.319676287E-1,-8.492779604E-1
1.583027092E1,2.615082416E0,-2.052159271E-1,-1.043341493E0
1.584026592E1,2.456013007E0,-2.727901518E-2,-1.305154082E0
1.585025992E1,2.481365950E0,1.768889447E-1,-1.668041349E0
1.586025492E1,2.558371441E0,3.251471440E-1,-1.874096497E0
1.587024992E1,2.580334167E0,3.153976429E-1,-1.928448267E0
1.588024492E1,2.550758951E0,2.351134716E-1,-1.989585292E0
1.589023892E1,2.457781790E0,2.093768057E-1,-1.925116524E0
1.590023392E1,2.364783579E0,1.944292760E-1,-1.840684192E0
1.591022892E1,2.330727056E0,1.044833118E-1,-1.877713439E0
1.592022392E1,2.452726872E0,4.719755530E-2,-1.985691047E0
1.593021792E1,2.664195519E0,1.257782865E-1,-2.024282816E0
1.594021292E1,2.884815059E0,2.594678557E-1,-2.134622992E0
1.595020792E1,2.967252029E0,2.797544780E-1,-2.238060967E0
1.596020192E1,2.924298967E0,1.601979214E-1,-2.134692135E0
1.597019692E1,2.878839204E0,5.466854274E-2,-1.977939539E0
1.598019192E1,2.905003155E0,-1.633653581E-2,-2.035313735E0
1.599018692E1,3.051757159E0,-4.501975983E-2,-2.032157700E0
1.600018092E1,3.139374177E0,4.800914884E-2,-1.834062512E0
1.601017592E1,3.131175211E0,1.282917121E-1,-1.604123388E0
1.602017092E1,3.025376860E0,1.242464621E-1,-1.272592108E0
1.603016592E1,2.845260984E0,8.153766811E-2,-1.029646145E0
1.604015992E1,2.583458335E0,-3.617131457E-2,-8.657510287E-1
1.605015492E1,2.313311709E0,-1.946061543E-1,-6.971050501E-1
1.606014992E1,1.974582506E0,-2.629976736E-1,-5.944717973E-1
1.607014392E1,1.607560966E0,-2.530480514E-1,-4.786583358E-1
1.608013892E1,1.262723177E0,-3.323966682E-1,-4.190231681E-1
1.609013392E1,1.008980915E0,-3.918999812E-1,-3.090437660E-1
1.610012892E1,7.807032770E-1,-4.236300431E-1,-1.545736308E-1
1.611012292E1,4.728011799E-1,-4.542038181E-1,5.383151382E-2
1.612011792E1,2.263527346E-1,-4.510306804E-1,1.398523884E-1
1.613011292E1,1.014187860E-1,-5.125887050E-1,2.408478360E-1
1.614010792E1,1.943532622E-1,-5.546636608E-1,3.448003668E-1
1.615010192E1,3.341742218E-1,-5.092133997E-1,4.040890869E-1
1.616009692E1,3.832884943E-1,-5.016440329E-1,3.970848535E-1
1.617009192E1,2.982249552E-1,-5.473679437E-1,4.236434917E-1
1.618008875E1,1.014760888E-1,-5.432466068E-1,3.945066699E-1
1.619008275E1,-9.503538072E-2,-5.434129601E-1,3.652572893E-1
1.620007775E1,-2.080790162E-1,-4.982606877E-1,2.403185168E-1
1.621007275E1,-1.633308595E-1,-4.115293034E-1,2.464016676E-2
1.622006675E1,7.351294935E-2,-4.308194871E-1,-8.388079360E-2
1.623006175E1,3.220693159E-1,-5.514009145E-1,8.361693799E-2
1.624005675E1,4.215819097E-1,-6.655767171E-1,2.664546937E-1
1.625005175E1,4.147833520E-1,-6.983173972E-1,3.124412906E-1
1.626004575E1,3.607065475E-1,-6.803806977E-1,3.249011225E-1
1.627004075E1,3.250525653E-1,-5.271412553E-1,1.960907623E-1
1.628003575E1,3.069168413E-1,-2.585798464E-1,-5.275124073E-2
1.629003075E1,2.438511121E-1,-1.277758506E-1,-3.163948855E-1
1.630002475E1,1.268904269E-1,-3.690295108E-1,-3.818924716E-1
1.631001975E1,2.997808993E-2,-7.411085638E-1,-3.246602172E-1
1.632001475E1,9.461964369E-2,-1.052630234E0,-1.739225060E-1
1.633000975E1,2.199757612E-1,-1.064405649E0,-4.735776901E-2
1.634000375E1,3.962769145E-1,-7.807841147E-1,-2.106722564E-2
1.634999875E1,5.938069689E-1,-4.264415671E-1,-1.650236285E-1
1.635999375E1,6.617159468E-1,-2.637331071E-1,-2.633980617E-1
1.636998775E1,5.712437332E-1,-2.519025819E-1,-2.794127083E-1
1.637998275E1,5.035598731E-1,-3.234687739E-1,-4.903021887E-1
1.638997775E1,3.887913090E-1,-5.496707234E-1,-5.122175530E-1
1.639997275E1,2.855248028E-1,-8.047019311E-1,-4.636312839E-1
1.640996675E1,2.081778342E-1,-8.789193238E-1,-4.496777809E-1
1.641996175E1,1.890200168E-1,-7.534950131E-1,-4.124766254E-1
1.642995675E1,2.193898702E-1,-5.038047253E-1,-3.779555413E-1
1.643995175E1,3.459195238E-1,-4.488347585E-1,-4.953386879E-1
1.644994575E1,5.097058815E-1,-6.209886280E-1,-5.263014489E-1
1.645994075E1,6.930143380E-1,-7.318924749E-1,-3.835586357E-1
1.646993575E1,8.914360929E-1,-7.754749891E-1,-1.299429658E-1
1.647993075E1,9.890629596E-1,-8.131749120E-1,9.982337326E-2
1.648992475E1,8.494858289E-1,-8.048375134E-1,2.663064668E-1
1.649991975E1,5.643504506E-1,-7.332811886E-1,2.879139751E-1
1.650991475E1,3.244906479E-1,-5.753822462E-1,8.775793612E-3
1.651990875E1,2.409941626E-1,-4.857599254E-1,-3.189431021E-1
1.652990375E1,2.829742473E-1,-5.994606417E-1,-4.721942389E-1
1.653989875E1,3.406663853E-1,-7.593366739E-1,-4.644481400E-1
1.654989375E1,2.373297125E-1,-9.013672963E-1,-4.359695685E-1
1.655988775E1,1.095265353E-1,-9.252385542E-1,-4.203089708E-1
1.656988275E1,-7.635878921E-3,-1.032120101E0,-2.483824119E-1
1.657987775E1,2.001618862E-2,-9.550666630E-1,-9.250909120E-2
1.658987275E1,1.934241396E-1,-6.335987332E-1,1.688433221E-1
1.659986675E1,3.640417993E-1,-3.149962315E-1,3.085985005E-1
1.660986175E1,2.788776881E-1,-3.800564459E-1,1.595371860E-1
1.661985675E1,3.314201832E-2,-7.766420934E-1,-3.408458948E-2
1.662985175E1,-5.732844114E-2,-1.071565711E0,-2.495275891E-1
1.663984575E1,-1.522860539E-1,-1.214109134E0,-1.030215079E-1
1.664984075E1,-4.075819212E-1,-1.236502216E0,-1.595205215E-1
1.665983575E1,-4.825332856E-1,-9.962199515E-1,-3.291573107E-1
1.666982975E1,-2.828204656E-1,-6.706727117E-1,-2.689146173E-1
1.667982475E1,3.722045124E-2,-3.304407746E-1,-5.639434844E-2
1.668981975E1,2.437224734E-1,-3.709669492E-1,1.951859057E-2
1.669981475E1,3.707736987E-1,-8.435020807E-1,1.145943171E-1
1.670980875E1,4.428125650E-1,-1.222707464E0,1.638167632E-1
1.671980375E1,5.320451689E-1,-1.341729001E0,2.375951761E-1
1.672979875E1,5.066167974E-1,-1.204574664E0,2.406813365E-1
1.673979375E1,3.152304125E-1,-9.142475429E-1,6.026754409E-2
1.674978775E1,1.320856780E-1,-7.105574468E-1,2.400691330E-2
1.675978275E1,5.899255872E-2,-6.181249541E-1,1.517329073E-1
1.676977775E1,1.088605374E-1,-7.119324195E-1,2.457251447E-1
1.677977275E1,2.186104363E-1,-8.826775485E-1,2.795790616E-1
1.678976675E1,3.083868313E-1,-1.041052893E0,2.838349575E-1
1.679976175E1,3.773950857E-1,-1.058337847E0,2.770100874E-1
1.680975675E1,3.921365011E-1,-1.092451088E0,4.709657389E-1
1.681975075E1,3.623028374E-1,-1.108251434E0,6.860175598E-1
1.682974575E1,2.618915266E-1,-8.937422347E-1,7.823738265E-1
1.683974075E1,1.548611677E-1,-6.234581995E-1,7.511847782E-1
1.684973575E1,4.057558358E-2,-5.775341678E-1,6.372079271E-1
1.685972975E1,-7.944202602E-2,-7.832859921E-1,4.811472031E-1
1.686972475E1,-1.928002417E-1,-1.054196264E0,2.134917837E-1
1.687971975E1,-2.280314702E-1,-1.239396295E0,-8.310062885E-3
1.688971475E1,-2.364111149E-1,-1.182273676E0,-8.496852189E-2
1.689970875E1,-2.638632077E-1,-1.027151722E0,-1.064851061E-1
1.690970375E1,-3.505014020E-1,-9.470647484E-1,4.600472331E-2
1.691969875E1,-3.876663047E-1,-8.107854474E-1,1.191302946E-1
1.692969375E1,-2.232466936E-1,-6.442304331E-1,2.140700734E-1
1.693968775E1,4.419617951E-2,-5.507983589E-1,2.100302321E-1
1.694968275E1,2.218930632E-1,-6.193926305E-1,1.219226325E-1
1.695967775E1,3.321002144E-1,-7.651666403E-1,-9.743215442E-3
1.696967175E1,5.078107989E-1,-8.109000528E-1,-5.650369138E-2
1.697966675E1,6.606915146E-1,-7.283209956E-1,1.188417345E-2
1.698966175E1,5.148713118E-1,-8.148574483E-1,8.712205142E-2
1.699965675E1,-1.468001962E-2,-9.824456656E-1,1.752045080E-1
1.700965075E1,-7.313966310E-1,-9.338208050E-1,-2.481646031E-2
1.701964575E1,-1.211648333E0,-7.686901724E-1,-4.443053591E-1
1.702964075E1,-1.412186780E0,-6.348240173E-1,-8.806202057E-1
1.703963575E1,-1.320011272E0,-6.174946243E-1,-1.103616054E0
1.704962975E1,-8.810830128E-1,-6.460009700E-1,-9.917582336E-1
1.705962475E1,-3.268347967E-1,-5.789556259E-1,-7.672049797E-1
1.706961975E1,1.285621458E-1,-5.849835205E-1,-5.600650263E-1
1.707961475E1,2.158809561E-1,-6.789085150E-1,-2.228254017E-1
1.708960875E1,-2.314824969E-2,-6.807246602E-1,-1.509695533E-1
1.709960375E1,-4.286260504E-1,-6.501296890E-1,-1.484350777E-1
1.710959875E1,-7.997622764E-1,-5.870347238E-1,-3.887825382E-1
1.711959275E1,-9.972712809E-1,-4.926413673E-1,-7.268010119E-1
1.712958775E1,-1.039566823E0,-4.844114113E-1,-9.813341099E-1
1.713958275E1,-1.026048060E0,-5.720161504E-1,-1.115436493E0
1.714957775E1,-9.847278339E-1,-6.883792502E-1,-1.183135848E0
1.715957175E1,-8.699238941E-1,-7.763792610E-1,-1.234523225E0
1.716956675E1,-6.494642758E-1,-7.711857641E-1,-1.285889553E0
1.717956025E1,-4.061297652E-1,-7.755729300E-1,-1.320160376E0
1.718955525E1,-1.217188570E-1,-8.376674366E-1,-1.226804316E0
1.719954925E1,1.188312095E-1,-8.275926840E-1,-1.026052446E0
1.720954425E1,3.292701620E-1,-7.868440229E-1,-8.059802055E-1
1.721953925E1,4.633760530E-1,-8.548997658E-1,-4.586170042E-1
1.722953325E1,4.502850142E-1,-8.983305448E-1,-1.333919460E-1
1.723952825E1,3.511840644E-1,-8.910045683E-1,4.859123915E-2
1.724952325E1,2.548090866E-1,-9.061909568E-1,1.880075714E-1
1.725951825E1,2.403383973E-1,-8.823290545E-1,2.520872077E-1
1.726951225E1,2.966615559E-1,-8.168449169E-1,4.010649070E-1
1.727950725E1,4.292907326E-1,-7.727493095E-1,5.717261285E-1
1.728950225E1,6.335829458E-1,-7.098794621E-1,9.331445745E-1
1.729949725E1,8.296197675E-1,-7.467911804E-1,1.325497423E0
1.730949125E1,9.967086326E-1,-8.578561181E-1,1.674540529E0
1.731948625E1,1.136209165E0,-8.678630430E-1,2.078259195E0
1.732948125E1,1.267023512E0,-7.767400342E-1,2.418076564E0
1.733947625E1,1.332451808E0,-6.479100859E-1,2.615229181E0
1.734947025E1,1.275514692E0,-6.044781375E-1,2.782794887E0
1.735946525E1,1.094305094E0,-5.700468081E-1,2.876458510E0
1.736946025E1,8.188094352E-1,-6.036893481E-1,2.902100305E0
1.737945425E1,5.547595552E-1,-6.521189117E-1,2.785912914E0
1.738944925E1,3.309652698E-1,-6.975295579E-1,2.617563390E0
1.739944425E1,1.651480280E-1,-7.230146474E-1,2.433572271E0
1.740943925E1,7.269901693E-2,-6.803913689E-1,2.277364051E0
1.741943325E1,1.242767215E-2,-6.453852582E-1,2.158707819E0
1.742942825E1,-8.319067597E-2,-5.975632203E-1,2.013824194E0
1.743942325E1,-2.022451030E-1,-5.889549494E-1,1.880976039E0
1.744941825E1,-3.582358065E-1,-5.827990007E-1,1.783611274E0
1.745941225E1,-4.454635464E-1,-5.574250084E-1,1.702463030E0
1.746940725E1,-4.321986991E-1,-4.975834340E-1,1.627776399E0
1.747940225E1,-3.542922981E-1,-4.597940487E-1,1.547804176E0
1.748939625E1,-2.416405722E-1,-3.936275411E-1,1.428260191E0
1.749939125E1,-1.988700901E-1,-3.040657389E-1,1.288425783E0
1.750938625E1,-1.460545300E-1,-2.971367884E-1,1.129503724E0
1.751938125E1,-1.152262549E-1,-3.239334083E-1,9.902819578E-1
1.752937525E1,-5.200995997E-2,-2.828637350E-1,8.422345506E-1
1.753937025E1,5.082589880E-2,-2.054243803E-1,7.291495460E-1
1.754936525E1,1.740393041E-1,-1.493735558E-1,6.854467253E-1
1.755936025E1,3.507050313E-1,-9.852675319E-2,6.825896296E-1
1.756935425E1,5.489250572E-1,-2.171071172E-2,6.548174018E-1
1.757934925E1,7.504186468E-1,6.603669941E-2,6.548846447E-1
1.758934425E1,9.133878560E-1,1.477784353E-1,6.878471535E-1
1.759933925E1,9.862881634E-1,1.657364041E-1,6.948152804E-1
1.760933325E1,9.101319802E-1,1.336468846E-1,7.292049484E-1
1.761932825E1,8.214544232E-1,4.737355649E-2,7.404070441E-1
1.762932325E1,7.019722724E-1,-2.555233240E-2,7.016302103E-1
1.763931725E1,6.293058537E-1,-2.074358225E-2,7.073879635E-1
1.764931225E1,6.009116283E-1,5.554094732E-2,6.864335892E-1
1.765930725E1,5.238758777E-1,6.006435335E-2,6.102861768E-1
1.766930225E1,3.571173804E-1,-1.107930422E-2,5.660625154E-1
1.767929625E1,1.411207956E-1,-1.041073358E-1,5.418999200E-1
1.768929125E1,-1.143846944E-2,-1.914793557E-1,5.929880664E-1
1.769928625E1,-1.573471114E-2,-2.889144337E-1,7.356574970E-1
1.770928125E1,1.800810859E-2,-3.373083293E-1,8.312096255E-1
1.771927525E1,8.112280816E-2,-3.653164923E-1,9.378656164E-1
1.772927025E1,9.283288077E-2,-3.666373783E-1,1.070041634E0
1.773926525E1,8.067622706E-2,-3.137007809E-1,1.163242451E0
1.774925925E1,9.957472041E-2,-3.023986977E-1,1.271746600E0
1.775925425E1,1.009672348E-1,-4.090630209E-1,1.477446384E0
1.776924925E1,1.110090968E-1,-5.199250603E-1,1.659219801E0
1.777924425E1,1.533987790E-1,-5.725558484E-1,1.707982217E0
1.778923825E1,1.948787807E-1,-5.449534822E-1,1.635085564E0
1.779923325E1,1.837547453E-1,-5.158717704E-1,1.551751924E0
1.780922825E1,1.668434282E-1,-4.551554525E-1,1.415716744E0
1.781922325E1,9.960878044E-2,-4.886599982E-1,1.339621957E0
1.782921725E1,9.272105277E-2,-5.804683006E-1,1.348662921E0
1.783921225E1,1.220395768E-1,-6.587958473E-1,1.343591631E0
1.784920725E1,1.536224350E-1,-7.109676290E-1,1.303286920E0
1.785920125E1,1.940557851E-1,-7.773089683E-1,1.249332176E0
1.786919625E1,2.594216627E-1,-7.186409301E-1,1.253764658E0
1.787919125E1,3.084569979E-1,-5.677459288E-1,1.262178217E0
1.788918625E1,3.227668887E-1,-5.198519701E-1,1.251470795E0
1.789918025E1,3.746483561E-1,-5.692439854E-1,1.269597164E0
1.790917525E1,3.976328838E-1,-6.820654267E-1,1.330323422E0
1.791917025E1,4.411355835E-1,-7.249436438E-1,1.407864518E0
1.792916525E1,5.157147726E-1,-7.211739439E-1,1.410425014E0
1.793915925E1,5.343738225E-1,-7.450370157E-1,1.473281705E0
1.794915425E1,5.475098848E-1,-7.836075890E-1,1.540871425E0
1.795914925E1,5.440698217E-1,-8.416447127E-1,1.631342469E0
1.796914325E1,5.219547750E-1,-9.250125593E-1,1.750191513E0
1.797913825E1,4.480668730E-1,-1.060214803E0,1.843393499E0
1.798913325E1,3.935567898E-1,-1.170150059E0,1.881581372E0
1.799912825E1,3.276838124E-1,-1.196298223E0,1.898413752E0
1.800912225E1,2.478218101E-1,-1.158114150E0,1.853089644E0
1.801911725E1,1.857037684E-1,-1.124781513E0,1.806907166E0
1.802911225E1,8.194141835E-2,-1.162272690E0,1.788878446E0
1.803910725E1,-5.840491354E-2,-1.280087069E0,1.840422529E0
1.804910125E1,-2.170851901E-1,-1.395079581E0,1.834102858E0
1.805909625E1,-3.561138520E-1,-1.525008806E0,1.724448269E0
1.806909125E1,-4.783224133E-1,-1.605256578E0,1.544975001E0
1.807908625E1,-6.335192111E-1,-1.606651139E0,1.346647971E0
1.808908025E1,-8.875766382E-1,-1.568292820E0,1.142567866E0
1.809907525E1,-1.128407079E0,-1.552876051E0,9.018406284E-1
1.810907025E1,-1.380991300E0,-1.607655691E0,6.288832462E-1
1.811906425E1,-1.565842544E0,-1.752585363E0,4.101564503E-1
1.812905925E1,-1.656537244E0,-1.918368545E0,3.069829148E-1
1.813905425E1,-1.641435640E0,-1.970373681E0,2.724615383E-1
1.814904925E1,-1.512024479E0,-1.909704140E0,2.206189549E-1
1.815904325E1,-1.347054937E0,-1.805236031E0,2.065716040E-1
1.816903825E1,-1.227888097E0,-1.715715160E0,1.685992008E-1
1.817903337E1,-1.125735778E0,-1.739544318E0,2.000005031E-1
1.818902837E1,-1.064338552E0,-1.913325321E0,2.032948244E-1
1.819902237E1,-9.353071672E-1,-2.127459714E0,1.744598651E-1
1.820901738E1,-6.263552025E-1,-2.240994515E0,8.829471052E-2
1.821901238E1,-2.455956289E-1,-2.191504852E0,1.006469536E-1
1.822900638E1,2.445364058E-2,-2.062107723E0,1.546097374E-1
1.823900137E1,1.005668467E-1,-1.871483815E0,1.669561332E-1
1.824899637E1,-5.080382556E-2,-1.840017024E0,1.998437977E-1
1.825899137E1,-2.842881167E-1,-1.968744646E0,1.278996563E-1
1.826898537E1,-4.262070572E-1,-2.076900594E0,-5.336169004E-3
1.827898038E1,-4.317209816E-1,-2.105521545E0,-1.227313024E-1
1.828897538E1,-3.398506987E-1,-2.139491529E0,-2.139765179E-1
1.829897038E1,-2.427752244E-1,-2.243280192E0,-2.545462543E-1
1.830896438E1,-1.404694158E-1,-2.354702979E0,-2.861948937E-1
1.831895937E1,-1.075653791E-2,-2.303884243E0,-2.902803433E-1
1.832895437E1,1.468200767E-1,-2.101545439E0,-2.149190891E-1
1.833894837E1,2.566570991E-1,-1.926372213E0,-1.822015786E-1
1.834894338E1,1.922114271E-1,-1.839301617E0,-1.344052684E-1
1.835893838E1,-2.665219367E-2,-1.958754678E0,-4.126964808E-2
1.836893338E1,-1.892620915E-1,-2.337480883E0,-5.806811392E-2
1.837892738E1,-1.523807788E-1,-2.707343293E0,-9.988506138E-2
1.838892237E1,2.201470846E-1,-2.711138136E0,-2.842688209E-1
1.839891737E1,7.518975538E-1,-2.418717127E0,-3.804911864E-1
1.840891238E1,1.138078666E0,-2.179322762E0,-3.977697086E-1
1.841890638E1,1.284083056E0,-2.020365328E0,-3.503774410E-1
1.842890138E1,1.209746819E0,-1.998088606E0,-2.995902801E-1
1.843889638E1,1.107802368E0,-2.069169698E0,-3.407388908E-1
1.844889038E1,1.079783095E0,-2.200043248E0,-3.958798885E-1
1.845888537E1,1.130350401E0,-2.235708340E0,-5.545078325E-1
1.846888037E1,1.257612711E0,-2.181407587E0,-6.688776165E-1
1.847887537E1,1.389491397E0,-2.087848921E0,-7.641071248E-1
1.848886937E1,1.505736968E0,-1.938977933E0,-8.638992155E-1
1.849886438E1,1.578113803E0,-1.791447420E0,-9.327162659E-1
1.850885938E1,1.607916477E0,-1.609529431E0,-1.006201733E0
1.851885437E1,1.574677395E0,-1.479874587E0,-1.027981442E0
1.852884837E1,1.437412838E0,-1.464787163E0,-9.857797480E-1
1.853884337E1,1.244747082E0,-1.496168000E0,-9.343833071E-1
1.854883837E1,1.037919370E0,-1.598726116E0,-1.109052503E0
1.855883237E1,9.917298746E-1,-1.792070002E0,-1.246711746E0
1.856882738E1,1.099751337E0,-1.866273361E0,-1.249752299E0
1.857882238E1,1.251642119E0,-1.720541452E0,-1.248608583E0
1.858881738E1,1.356458137E0,-1.425677184E0,-1.084547406E0
1.859881138E1,1.264124755E0,-1.182074578E0,-1.020930285E0
1.860880637E1,1.079938631E0,-1.080467000E0,-9.680644387E-1
1.861880137E1,8.955139410E-1,-1.136144261E0,-9.157885766E-1
1.862879638E1,8.501699531E-1,-1.167956110E0,-8.542688513E-1
1.863879038E1,9.789677417E-1,-1.201080076E0,-8.211566538E-1
1.864878538E1,1.135268494E0,-1.295423146E0,-5.572595322E-1
1.865878038E1,1.267000415E0,-1.206114236E0,-4.732970238E-1
1.866877438E1,1.382060755E0,-1.030443412E0,-3.974925506E-1
1.867876937E1,1.361055803E0,-9.937746459E-1,-3.094843537E-1
1.868876437E1,1.235409079E0,-9.344083039E-1,-1.942257929E-1
1.869875938E1,1.047673695E0,-9.073224661E-1,-5.545148492E-2
1.870875338E1,9.137110609E-1,-8.539622379E-1,-8.324680924E-2
1.871874838E1,8.526959503E-1,-8.651409448E-1,-2.051975083E-1
1.872874338E1,8.926271707E-1,-9.301223680E-1,-2.194664687E-1
1.873873837E1,9.545100081E-1,-8.843337724E-1,-1.963629502E-1
1.874873237E1,9.971286088E-1,-7.209092112E-1,-1.409196514E-1
1.875872737E1,9.631557012E-1,-6.323516683E-1,-2.750790444E-1
1.876872237E1,9.316924185E-1,-6.714503914E-1,-2.816402051E-1
1.877871637E1,9.607027942E-1,-8.549323641E-1,-2.666505754E-1
1.878871138E1,1.062489955E0,-8.917299154E-1,-2.893477124E-1
1.879870638E1,1.248387558E0,-7.719903409E-1,-5.336303490E-1
1.880870137E1,1.500376241E0,-6.055092940E-1,-8.113181287E-1
1.881869537E1,1.774151648E0,-4.605296284E-1,-1.088333479E0
1.882869037E1,2.128701662E0,-4.116859357E-1,-1.406599181E0
1.883868537E1,2.465386094E0,-4.966563579E-1,-1.533306590E0
1.884868038E1,2.673048204E0,-4.079774854E-1,-1.547809439E0
1.885867438E1,2.684610488E0,-1.967593914E-1,-1.580434563E0
1.886866938E1,2.573781193E0,-6.982891113E-2,-1.768092179E0
1.887866438E1,2.495656545E0,9.929595441E-3,-1.967571695E0
1.888865937E1,2.552128369E0,8.025449663E-2,-2.175489328E0
1.889865337E1,2.752035316E0,2.251300818E-1,-2.529145887E0
1.890864837E1,3.056810907E0,3.658977056E-1,-2.780433488E0
1.891864338E1,3.386259409E0,3.137785488E-1,-2.878787749E0
1.892863738E1,3.602567212E0,2.057316515E-1,-2.850624050E0
1.893863238E1,3.706685073E0,1.920842502E-1,-2.689865965E0
1.894862738E1,3.737885816E0,3.246116853E-1,-2.547157943E0
1.895862237E1,3.726584317E0,4.774228191E-1,-2.563198025E0
1.896861637E1,3.738466444E0,4.696474841E-1,-2.597639587E0
1.897861137E1,3.786464483E0,3.358418477E-1,-2.517598221E0
1.898860638E1,3.798090502E0,1.386214033E-1,-2.365613591E0
1.899860138E1,3.764128704E0,-1.377297029E-2,-2.066976115E0
1.900859538E1,3.629198940E0,-3.143726259E-2,-1.761359695E0
1.901859038E1,3.324118710E0,4.404663697E-2,-1.468441965E0
1.902858537E1,2.865382422E0,7.390135065E-2,-1.244089563E0
1.903857937E1,2.378346781E0,-3.098702699E-2,-1.073327184E0
1.904857437E1,1.886404740E0,-2.380549134E-1,-8.513616157E-1
1.905856937E1,1.446415211E0,-3.724733381E-1,-7.297573641E-1
1.906856438E1,1.124344726E0,-4.264779295E-1,-7.401657003E-1
1.907855838E1,8.679057276E-1,-4.316970080E-1,-7.602172646E-1
1.908855338E1,6.726976025E-1,-4.262319079E-1,-7.277310115E-1
1.909854837E1,5.229235125E-1,-4.736787008E-1,-7.804907307E-1
1.910854337E1,4.754306728E-1,-5.617532636E-1,-6.475940439E-1
1.911853737E1,4.460694641E-1,-7.275195616E-1,-4.655237353E-1
1.912853237E1,4.242347914E-1,-8.374199532E-1,-3.852528664E-1
1.913852738E1,4.976705575E-1,-8.456580953E-1,-3.022364375E-1
1.914852138E1,6.276892447E-1,-6.633186686E-1,-2.642076087E-1
1.915851638E1,7.597585505E-1,-3.840147916E-1,-2.745396388E-1
1.916851138E1,7.936589527E-1,-3.176694323E-1,-4.437095279E-1
1.917850625E1,7.303499794E-1,-5.839076694E-1,-5.581465548E-1
1.918850025E1,6.307490927E-1,-8.971242642E-1,-5.901109439E-1
1.919849525E1,5.848583901E-1,-9.725530538E-1,-6.197519419E-1
1.920849025E1,4.366419983E-1,-8.872683437E-1,-6.119915172E-1
1.921848525E1,2.388324469E-1,-7.250828075E-1,-6.940837938E-1
1.922847925E1,1.617930418E-1,-6.691037576E-1,-8.352174532E-1
1.923847425E1,2.533867514E-1,-6.981622267E-1,-9.692192638E-1
1.924846925E1,5.021296442E-1,-7.144156589E-1,-8.718040663E-1
1.925846325E1,8.058679390E-1,-6.674193209E-1,-5.079873848E-1
1.926845825E1,9.646636981E-1,-6.737634037E-1,-2.490644896E-1
1.927845325E1,9.167375797E-1,-9.026276636E-1,-5.296174049E-2
1.928844825E1,8.309788066E-1,-1.200895815E0,1.726372880E-1
1.929844225E1,7.303008628E-1,-1.246311212E0,2.282621428E-1
1.930843725E1,5.817652130E-1,-1.164449974E0,7.071359485E-2
1.931843225E1,4.044904983E-1,-1.011865931E0,-5.334064007E-2
1.932842725E1,2.371741766E-1,-7.992535686E-1,-1.613077229E-1
1.933842125E1,7.001806855E-2,-8.324333015E-1,-2.170691103E-2
1.934841625E1,-7.093842030E-2,-9.897845060E-1,1.223547417E-1
1.935841125E1,-1.620058805E-1,-1.057524938E0,2.102951109E-1
1.936840525E1,-9.714797974E-2,-1.147334808E0,2.317087841E-1
1.937840025E1,6.840131342E-2,-1.117760468E0,1.960811144E-1
1.938839525E1,1.147375739E-1,-1.042806473E0,1.142379293E-1
1.939839025E1,5.345232189E-2,-9.913768490E-1,2.418212512E-1
1.940838425E1,-3.099316657E-2,-9.038495855E-1,3.322148198E-1
1.941837925E1,-9.482429624E-2,-8.165841311E-1,3.463528025E-1
1.942837425E1,-5.994507015E-2,-8.284870157E-1,3.109093201E-1
1.943836925E1,1.983784854E-2,-8.984515822E-1,2.280127591E-1
1.944836325E1,1.134049934E-1,-1.055186490E0,2.310065335E-1
1.945835825E1,1.306379074E-1,-1.279763133E0,3.407143325E-1
1.946835325E1,3.129546762E-2,-1.480126456E0,4.985645968E-1
1.947834725E1,-1.569807833E-1,-1.446983853E0,5.491196233E-1
1.948834225E1,-3.056082344E-1,-1.261193545E0,3.956647110E-1
1.949833725E1,-3.424550486E-1,-1.080009675E0,2.053483665E-1
1.950833225E1,-2.400013053E-1,-8.725989953E-1,9.806365371E-2
1.951832625E1,-4.501946747E-2,-7.748189315E-1,3.701813757E-2
1.952832125E1,1.683273053E-1,-8.615185216E-1,1.837610310E-1
1.953831625E1,2.370244879E-1,-1.110008522E0,4.553355467E-1
1.954831125E1,1.372423375E-1,-1.390700601E0,6.662826222E-1
1.955830525E1,2.130608439E-2,-1.414554902E0,8.036100367E-1
1.956830025E1,-3.241287053E-2,-1.157342025E0,7.893524784E-1
1.957829525E1,3.237778723E-2,-7.775364250E-1,5.858348751E-1
1.958829025E1,1.429123825E-1,-5.316607144E-1,3.858820269E-1
1.959828425E1,2.356655949E-1,-5.399672690E-1,2.601256675E-1
1.960827925E1,2.247219461E-1,-7.330192333E-1,2.827155080E-1
1.961827425E1,5.305237234E-2,-1.012512341E0,3.247432476E-1
1.962826825E1,-1.473188442E-1,-1.234589007E0,2.789911240E-1
1.963826325E1,-3.004088902E-1,-1.225413263E0,1.812151533E-1
1.964825825E1,-3.741352630E-1,-9.882496119E-1,-3.564053357E-2
1.965825325E1,-3.161238670E-1,-6.722222239E-1,-3.216842768E-1
1.966824725E1,-1.952379459E-1,-5.062805825E-1,-5.011671925E-1
1.967824225E1,-1.170425463E-1,-5.316995984E-1,-4.613537934E-1
1.968823725E1,-1.149106514E-1,-6.630333245E-1,-5.027541268E-1
1.969823225E1,-1.321207613E-1,-8.132968265E-1,-3.947794425E-1
1.970822625E1,-1.585314649E-1,-8.647096395E-1,-2.660366178E-1
1.971822125E1,-2.017382956E-1,-8.020549697E-1,-2.575467530E-1
1.972821625E1,-2.996622008E-1,-8.512581199E-1,-1.988959640E-1
1.973821025E1,-3.895479387E-1,-8.743856120E-1,-2.165937316E-1
1.974820525E1,-3.905039585E-1,-7.933706850E-1,-3.473094070E-1
1.975820025E1,-3.060812742E-1,-6.715328372E-1,-5.082364762E-1
1.976819525E1,-2.317274952E-1,-5.834521347E-1,-5.512161425E-1
1.977818925E1,-2.518179435E-1,-5.912774634E-1,-5.754236153E-1
1.978818425E1,-3.170103049E-1,-6.458471882E-1,-5.312256816E-1
1.979817925E1,-4.021100968E-1,-7.420216066E-1,-3.997402203E-1
1.980817425E1,-4.659985292E-1,-8.230084670E-1,-1.471837735E-1
1.981816825E1,-4.904802364E-1,-7.754565704E-1,-4.428447247E-2
1.982816325E1,-5.267692262E-1,-7.529728568E-1,-6.192025959E-2
1.983815825E1,-5.411761808E-1,-7.980379325E-1,-1.565188533E-1
1.984815225E1,-4.191085374E-1,-8.202246076E-1,-2.958416301E-1
1.985814725E1,-2.290325135E-1,-8.312559646E-1,-4.419267118E-1
1.986814225E1,-2.149378002E-2,-9.408877498E-1,-2.690125582E-1
1.987813725E1,1.270278364E-1,-1.127188811E0,-9.947575629E-3
1.988813125E1,2.414145774E-1,-1.203638232E0,4.210088825E-1
1.989812625E1,3.599095720E-1,-1.120436447E0,9.302256444E-1
1.990812125E1,3.818629432E-1,-8.767449635E-1,1.056922236E0
1.991811625E1,2.604765004E-1,-7.636077726E-1,9.718648365E-1
1.992811025E1,8.592132568E-2,-7.066979921E-1,7.902161121E-1
1.993810525E1,-4.787934065E-2,-5.481378758E-1,4.714259148E-1
1.994810025E1,-1.086295724E-1,-3.810437483E-1,1.006384751E-1
1.995809425E1,-1.956150913E-1,-3.216383761E-1,-1.707234943E-1
1.996808925E1,-2.729936349E-1,-4.795979834E-1,-2.756558722E-1
1.997808425E1,-4.005488902E-1,-7.570822799E-1,-1.073794377E-1
1.998807925E1,-5.813670176E-1,-9.972870684E-1,2.082398146E-2
1.999807325E1,-6.858915523E-1,-1.047942667E0,1.143943423E-1
2.000806825E1,-6.115319261E-1,-8.698610365E-1,1.033626929E-1
2.001806325E1,-4.530767673E-1,-5.973673385E-1,4.991124809E-2
2.002805825E1,-3.471187878E-1,-3.770179403E-1,4.998930842E-2
2.003805225E1,-2.820626664E-1,-1.695014262E-1,9.926262528E-2
2.004804725E1,-2.610042116E-1,-1.115555191E-1,1.456515107E-1
2.005804225E1,-3.182183397E-1,-2.299815166E-1,1.025581160E-1
2.006803625E1,-4.366823441E-1,-3.880288321E-1,5.225832045E-2
2.007803125E1,-5.754598680E-1,-4.656389254E-1,-1.045569867E-2
2.008802625E1,-7.087869099E-1,-4.266046679E-1,5.526261985E-2
2.009802125E1,-8.142671719E-1,-2.781637430E-1,2.126316583E-1
2.010801525E1,-9.052708974E-1,-1.393204379E-1,3.716037109E-1
2.011801025E1,-1.003542712E0,-1.036424822E-1,4.691361451E-1
2.012800525E1,-1.121273476E0,-1.840054446E-1,5.388232613E-1
2.013800025E1,-1.247753720E0,-2.958123940E-1,6.064270145E-1
2.014799425E1,-1.399796238E0,-3.426187706E-1,6.557681590E-1
2.015798925E1,-1.504544428E0,-3.096147466E-1,6.727549052E-1
2.016798425E1,-1.566336634E0,-3.065923208E-1,6.898933867E-1
2.017797800E1,-1.627549965E0,-4.291318345E-1,6.611733252E-1
2.018797300E1,-1.700548359E0,-6.804387313E-1,6.765526718E-1
2.019796800E1,-1.760798654E0,-8.520030552E-1,7.147066310E-1
2.020796300E1,-1.795352775E0,-1.026605008E0,8.116581443E-1
2.021795700E1,-1.819264964E0,-1.098179605E0,8.860508072E-1
2.022795200E1,-1.768763439E0,-9.081462657E-1,9.091455549E-1
2.023794700E1,-1.724221981E0,-6.460945255E-1,7.785396610E-1
2.024794200E1,-1.744128535E0,-4.944434792E-1,5.487904251E-1
2.025793600E1,-1.831063183E0,-4.567663604E-1,2.847582328E-1
2.026793100E1,-1.903577720E0,-5.726090580E-1,3.170360327E-2
2.027792600E1,-1.948917323E0,-7.281052333E-1,-2.686206485E-1
2.028792000E1,-1.899905961E0,-8.621432966E-1,-5.917980118E-1
2.029791500E1,-1.735348940E0,-8.988386679E-1,-8.825309296E-1
2.030791000E1,-1.376935671E0,-8.016263688E-1,-9.945609502E-1
2.031790500E1,-8.220042077E-1,-5.882334030E-1,-9.412134397E-1
2.032789900E1,-1.104261294E-1,-3.384935600E-1,-7.446920300E-1
2.033789400E1,6.640453313E-1,-9.573646188E-2,-5.430657086E-1
2.034788900E1,1.359901562E0,1.334761459E-1,-3.438867393E-1
2.035788400E1,1.803325746E0,2.299581277E-1,-2.234609941E-1
2.036787800E1,1.901827356E0,2.115160096E-1,-1.644079167E-1
2.037787300E1,1.738334967E0,8.839235902E-2,-1.566135782E-1
2.038786800E1,1.437939672E0,-9.576979101E-2,-1.254818326E-1
2.039786200E1,1.281181229E0,-2.876181060E-1,1.133836511E-1
2.040785700E1,1.471871649E0,-4.335885823E-1,4.301390174E-1
2.041785200E1,2.007184681E0,-3.978299350E-1,6.582701826E-1
2.042784700E1,2.639748310E0,-2.212182945E-1,9.122916493E-1
2.043784100E1,3.004718940E0,-2.131368577E-2,1.074998319E0
2.044783600E1,2.933783736E0,9.977396429E-2,1.115067533E0
2.045783100E1,2.381066467E0,1.169232631E-1,1.079845660E0
2.046782600E1,1.560413697E0,3.520316184E-2,9.242424810E-1
2.047782000E1,7.670956367E-1,-1.351408482E-1,6.916431659E-1
2.048781500E1,1.719699745E-1,-2.909445870E-1,4.557932375E-1
2.049781000E1,-2.143203342E-1,-3.871412247E-1,2.840920888E-1
2.050780400E1,-4.478381006E-1,-4.000384283E-1,2.215162101E-1
2.051779900E1,-5.949936613E-1,-3.560679513E-1,2.482841787E-1
2.052779400E1,-6.320999457E-1,-3.198076129E-1,3.703374964E-1
2.053778900E1,-6.509016676E-1,-2.999843824E-1,6.097901867E-1
2.054778300E1,-5.860835280E-1,-3.480157506E-1,8.889744151E-1
2.055777800E1,-4.392274909E-1,-3.966102058E-1,1.194053476E0
2.056777300E1,-1.908232981E-1,-4.013142908E-1,1.491313056E0
2.057776800E1,7.341690883E-2,-3.490284884E-1,1.696904082E0
2.058776200E1,2.396424325E-1,-2.419431657E-1,1.817919812E0
2.059775700E1,2.584897627E-1,-1.821933925E-1,1.901420098E0
2.060775200E1,1.803287154E-1,-2.378413439E-1,1.882484182E0
2.061774700E1,1.278755365E-1,-3.431672394E-1,1.847397088E0
2.062774100E1,1.832841906E-1,-3.541822243E-1,1.833258228E0
2.063773600E1,3.242003337E-1,-2.922993869E-1,1.796876267E0
2.064773100E1,4.507102530E-1,-2.257013547E-1,1.741887736E0
2.065772500E1,4.683900404E-1,-1.760894841E-1,1.676847986E0
2.066772000E1,4.663116476E-1,-1.960220575E-1,1.611700502E0
2.067771500E1,4.303264207E-1,-2.578312200E-1,1.543556759E0
2.068771000E1,4.130207089E-1,-3.420802420E-1,1.535018070E0
2.069770400E1,4.343490127E-1,-3.784639567E-1,1.443223070E0
2.070769900E1,4.905274527E-1,-4.035900271E-1,1.365129412E0
2.071769400E1,5.502604151E-1,-5.018045390E-1,1.327530792E0
2.072768900E1,6.594105358E-1,-5.559474170E-1,1.264410099E0
2.073768300E1,8.033298089E-1,-5.283351105E-1,1.264040993E0
2.074767800E1,8.367432842E-1,-4.866123033E-1,1.227862516E0
2.075767300E1,7.878079364E-1,-4.806738710E-1,1.269305680E0
2.076766700E1,7.049648774E-1,-4.604986382E-1,1.333148797E0
2.077766200E1,5.985996392E-1,-3.746597582E-1,1.364385792E0
2.078765700E1,5.142744572E-1,-3.514849037E-1,1.345534661E0
2.079765200E1,4.336689815E-1,-4.093033415E-1,1.382043506E0
2.080764600E1,3.767349350E-1,-4.249516600E-1,1.481603462E0
2.081764100E1,3.142394556E-1,-4.755411851E-1,1.677271763E0
2.082763600E1,1.706039187E-1,-5.952804673E-1,1.863761398E0
2.083763100E1,7.906107992E-2,-6.575650084E-1,1.983404785E0
2.084762500E1,-3.111244977E-2,-6.496139646E-1,2.034797426E0
2.085762000E1,-1.944449173E-1,-6.872577542E-1,2.089925267E0
2.086761500E1,-4.206929867E-1,-8.398659897E-1,2.130257022E0
2.087760900E1,-6.181674926E-1,-1.038527480E0,2.265118958E0
2.088760400E1,-7.471962462E-1,-1.221496214E0,2.483545499E0
2.089759900E1,-7.048575810E-1,-1.311543335E0,2.675548473E0
2.090759400E1,-6.111325613E-1,-1.314242409E0,2.641129715E0
2.091758800E1,-5.561579168E-1,-1.274425794E0,2.523577584E0
2.092758300E1,-6.428993145E-1,-1.283605338E0,2.437237305E0
2.093757800E1,-8.126644501E-1,-1.420174661E0,2.300982270E0
2.094757300E1,-9.881180495E-1,-1.611702549E0,2.186189733E0
2.095756700E1,-1.094123976E0,-1.789105318E0,2.047148792E0
2.096756200E1,-1.131429504E0,-1.961086548E0,1.904910593E0
2.097755700E1,-1.086624337E0,-2.034495417E0,1.745582153E0
2.098755100E1,-9.801316300E-1,-1.995089276E0,1.681934333E0
2.099754600E1,-8.901388881E-1,-1.908568026E0,1.627173112E0
2.100754100E1,-8.411129084E-1,-1.921390386E0,1.438346638E0
2.101753600E1,-7.451855350E-1,-1.928281329E0,1.188336654E0
2.102753000E1,-6.589391041E-1,-2.003795196E0,9.884437394E-1
2.103752500E1,-7.087316537E-1,-2.155236912E0,7.638977945E-1
2.104752000E1,-8.596041432E-1,-2.282679901E0,6.795739281E-1
2.105751500E1,-8.675803301E-1,-2.312572036E0,7.216852829E-1
2.106750900E1,-7.184371546E-1,-2.316223623E0,6.733861122E-1
2.107750400E1,-4.469085395E-1,-2.322998791E0,5.595031089E-1
2.108749900E1,-1.793712339E-1,-2.444227359E0,4.354193455E-1
2.109749400E1,1.669204652E-2,-2.533589771E0,3.512556928E-1
2.110748800E1,1.360945290E-1,-2.522815107E0,3.984573412E-1
2.111748300E1,2.138502181E-1,-2.453413335E0,3.665695506E-1
2.112747800E1,2.069534272E-1,-2.379848346E0,2.570897931E-1
2.113747200E1,6.366039097E-2,-2.283242403E0,1.586057246E-2
2.114746700E1,-2.149389696E-1,-2.303648016E0,-2.405643922E-1
2.115746200E1,-5.220207024E-1,-2.469770921E0,-3.818015474E-1
2.116745700E1,-6.379078388E-1,-2.705499666E0,-4.053488696E-1
2.117745075E1,-4.804382282E-1,-2.798473318E0,-3.980913055E-1
2.118744575E1,-1.581215751E-1,-2.748334029E0,-4.092688429E-1
2.119744075E1,2.391195452E-1,-2.683440460E0,-3.289280999E-1
2.120743575E1,4.988967186E-1,-2.702552669E0,-1.877997029E-1
2.121742975E1,5.580857438E-1,-2.675740262E0,-1.575251591E-1
2.122742475E1,4.512688082E-1,-2.605324582E0,-1.772943029E-1
2.123741975E1,1.843691415E-1,-2.509729916E0,-3.609345889E-1
2.124741375E1,-1.238878816E-1,-2.544050148E0,-4.397948170E-1
2.125740875E1,-3.198602378E-1,-2.615320105E0,-4.948296878E-1
2.126740375E1,-2.999282491E-1,-2.653499500E0,-5.460387254E-1
2.127739875E1,-7.329017043E-2,-2.773370052E0,-3.833785415E-1
2.128739275E1,3.063841599E-1,-2.881550851E0,-1.293339783E-1
2.129738775E1,5.970048112E-1,-2.773083831E0,9.776369154E-2
2.130738275E1,6.985814720E-1,-2.618591038E0,9.040438592E-2
2.131737775E1,5.547528309E-1,-2.562542260E0,3.054790109E-2
2.132737175E1,2.443797004E-1,-2.628104458E0,-1.376463801E-1
2.133736675E1,4.616376758E-2,-2.592446382E0,-3.717446288E-1
2.134736175E1,1.311857915E-1,-2.413649053E0,-4.911596829E-1
2.135735675E1,3.825622702E-1,-2.227229877E0,-6.513394779E-1
2.136735075E1,6.808813655E-1,-2.107676098E0,-7.093181294E-1
2.137734575E1,1.027593772E0,-2.101072253E0,-8.016094118E-1
2.138734075E1,1.406481067E0,-2.156031695E0,-8.520322913E-1
2.139733475E1,1.851780453E0,-2.103554981E0,-8.182678369E-1
2.140732975E1,2.219974945E0,-1.997193836E0,-8.594103080E-1
2.141732475E1,2.447928062E0,-1.967849584E0,-9.189168370E-1
2.142731975E1,2.555496365E0,-2.021128243E0,-9.143577629E-1
2.143731375E1,2.598709627E0,-1.981714355E0,-9.090075606E-1
2.144730875E1,2.683381403E0,-1.869009566E0,-8.419253790E-1
2.145730375E1,2.832036921E0,-1.680259983E0,-8.066070271E-1
2.146729875E1,2.944149680E0,-1.535039120E0,-8.117192477E-1
2.147729275E1,2.982698618E0,-1.484386152E0,-7.956408665E-1
2.148728775E1,3.000199335E0,-1.351280574E0,-6.799203756E-1
2.149728275E1,3.005168883E0,-1.136542017E0,-6.744160992E-1
2.150727775E1,2.922430197E0,-1.009844403E0,-3.600212538E-1
2.151727175E1,2.719464571E0,-1.028961728E0,-1.071894032E-1
2.152726675E1,2.480561957E0,-1.023816324E0,-5.902296424E-2
2.153726175E1,2.237408418E0,-1.010387901E0,-5.732142448E-2
2.154725575E1,2.034471443E0,-9.146236651E-1,-4.983698845E-2
2.155725075E1,1.788522935E0,-8.810347002E-1,-5.333157688E-2
2.156724575E1,1.520815768E0,-9.092969978E-1,-9.295084834E-2
2.157724075E1,1.247053224E0,-7.637179195E-1,1.296561599E-2
2.158723475E1,9.647432202E-1,-6.652081963E-1,2.089350486E-1
2.159722975E1,6.930353880E-1,-7.683156583E-1,4.519953248E-1
2.160722475E1,4.207977980E-1,-8.099431559E-1,3.756724960E-1
2.161721975E1,2.380167603E-1,-8.413887508E-1,5.129996181E-2
2.162721375E1,2.516811186E-1,-8.595152655E-1,-3.168764037E-1
2.163720875E1,4.004021251E-1,-8.080913427E-1,-5.069937967E-1
2.164720375E1,6.131799638E-1,-6.721592201E-1,-6.487731349E-1
2.165719875E1,8.102059883E-1,-6.313811767E-1,-7.963878483E-1
2.166719275E1,1.097655694E0,-8.167409827E-1,-7.497102566E-1
2.167718775E1,1.411633049E0,-9.201672640E-1,-4.798402043E-1
2.168718275E1,1.575369705E0,-7.704523771E-1,-2.534136486E-1
2.169717675E1,1.544494652E0,-5.053090677E-1,-3.263465542E-1
2.170717175E1,1.603356233E0,-3.872263017E-1,-5.204064323E-1
2.171716675E1,1.862397242E0,-3.386504115E-1,-9.673557562E-1
2.172716175E1,2.322915761E0,-3.970215574E-1,-1.128428421E0
2.173715575E1,2.764737808E0,-4.161495540E-1,-1.107729278E0
2.174715075E1,2.897248578E0,-3.016961548E-1,-1.158288397E0
2.175714575E1,2.899722535E0,-6.846475571E-2,-1.154191253E0
2.176714075E1,2.984170947E0,2.780117154E-2,-1.091642272E0
2.177713475E1,3.186492795E0,6.627058804E-2,-1.133248281E0
2.178712975E1,3.441584010E0,1.174460042E-1,-1.177550734E0
2.179712475E1,3.611069648E0,1.302759647E-1,-1.198281160E0
2.180711875E1,3.666532243E0,2.138133806E-1,-1.303713474E0
2.181711375E1,3.681732080E0,2.977092308E-1,-1.451143270E0
2.182710875E1,3.651835851E0,2.631872696E-1,-1.573489971E0
2.183710375E1,3.591749863E0,1.117964244E-1,-1.754397415E0
2.184709775E1,3.526203160E0,-1.810210258E-2,-1.847436556E0
2.185709275E1,3.521276881E0,1.023584336E-2,-1.824379815E0
2.186708775E1,3.528400544E0,1.010808170E-1,-1.828238978E0
2.187708275E1,3.455496874E0,6.317624152E-2,-1.740696804E0
2.188707675E1,3.286797101E0,4.304252386E-2,-1.585045677E0
2.189707175E1,3.114850370E0,-1.439321369E-2,-1.489521908E0
2.190706675E1,2.942243487E0,-4.625878483E-2,-1.353585985E0
2.191706175E1,2.820488085E0,-4.538082540E-2,-1.306849336E0
2.192705575E1,2.720619981E0,-1.314424843E-1,-1.261436205E0
2.193705075E1,2.606733761E0,-2.363612674E-1,-1.146079996E0
2.194704575E1,2.450550538E0,-2.580436201E-1,-1.053955213E0
2.195703975E1,2.223304934E0,-2.596261691E-1,-1.087499666E0
2.196703475E1,2.042126033E0,-3.128253065E-1,-1.114139726E0
2.197702975E1,1.959984348E0,-3.436791632E-1,-1.114528859E0
2.198702475E1,2.007748498E0,-4.306518182E-1,-9.690828775E-1
2.199701875E1,2.089554554E0,-4.974616657E-1,-6.548798208E-1
2.200701375E1,2.134121447E0,-5.394404349E-1,-3.437092763E-1
2.201700875E1,2.122919351E0,-5.116920345E-1,-1.360438044E-1
2.202700375E1,2.012860134E0,-4.098392388E-1,-4.949901938E-2
2.203699775E1,1.848681428E0,-4.042780982E-1,-8.451331615E-2
2.204699275E1,1.576456118E0,-4.912859096E-1,-1.096186289E-1
2.205698775E1,1.225661185E0,-6.517257596E-1,-1.725446096E-1
2.206698275E1,9.516477960E-1,-8.029571950E-1,-6.570457757E-2
2.207697675E1,8.446677232E-1,-9.159381922E-1,-7.094894528E-2
2.208697175E1,9.426658881E-1,-1.104498983E0,-1.256239200E-1
2.209696675E1,1.137614397E0,-1.269661337E0,-5.196025863E-2
2.210696075E1,1.277028975E0,-1.315230589E0,1.421712479E-1
2.211695575E1,1.206388763E0,-1.179003913E0,4.208960313E-1
2.212695075E1,9.111096346E-1,-8.588202509E-1,4.753077351E-1
2.213694575E1,6.630274773E-1,-6.045782711E-1,1.992377338E-1
2.214693975E1,6.544911271E-1,-6.215509839E-1,-4.056681275E-2
2.215693475E1,9.233396709E-1,-8.580789701E-1,-1.834465970E-1
2.216692975E1,1.196150288E0,-1.168628906E0,-1.698528439E-1
2.217692529E1,1.242318149E0,-1.455179018E0,8.652066529E-2
2.218691929E1,9.609963244E-1,-1.571587434E0,2.736146092E-1
2.219691429E1,6.365372515E-1,-1.518439752E0,2.916211098E-1
2.220690929E1,5.352266389E-1,-1.331614633E0,2.620312750E-1
2.221690429E1,6.608429575E-1,-1.023701573E0,5.163296074E-2
2.222689829E1,9.346516943E-1,-8.754518518E-1,-7.227129310E-2
2.223689329E1,1.100288111E0,-9.709235810E-1,2.540553805E-1
2.224688829E1,8.923722321E-1,-1.218729165E0,4.940297887E-1
2.225688229E1,4.699927622E-1,-1.398722104E0,4.471359962E-1
2.226687729E1,1.475691050E-1,-1.485443914E0,2.585887268E-1
2.227687229E1,9.377764463E-2,-1.608324905E0,8.487438172E-2
2.228686729E1,1.883206898E-1,-1.680023463E0,-5.587686986E-2
2.229686129E1,3.188030612E-1,-1.581124242E0,-3.926405311E-2
2.230685629E1,3.182645327E-1,-1.463886399E0,1.393596143E-1
2.231685129E1,1.153211260E-1,-1.379201759E0,3.329246718E-1
2.232684629E1,-1.898193312E-1,-1.328463130E0,4.587468123E-1
2.233684029E1,-3.773781288E-1,-1.248262428E0,3.669338322E-1
2.234683529E1,-2.966994166E-1,-1.124154983E0,1.499746495E-1
2.235683029E1,-6.149399757E-2,-1.110994363E0,-7.616641581E-2
2.236682529E1,1.627899921E-1,-1.207288649E0,-2.124392849E-1
2.237681929E1,4.053260654E-1,-1.345806264E0,4.182396412E-2
2.238681429E1,4.676614773E-1,-1.478681316E0,3.438841081E-1
2.239680929E1,2.666160768E-1,-1.584072116E0,5.793701935E-1
2.240680429E1,-1.789107656E-1,-1.602380625E0,5.909000257E-1
2.241679829E1,-6.146686649E-1,-1.661692150E0,2.316894883E-1
2.242679329E1,-6.670766741E-1,-1.703644753E0,-8.683495313E-2
2.243678829E1,-2.130906647E-1,-1.512128852E0,-2.643233836E-1
2.244678229E1,3.866804641E-1,-1.238929395E0,-2.032381064E-1
2.245677729E1,5.527682859E-1,-1.161358770E0,2.665944421E-1
2.246677229E1,2.579522574E-1,-1.087029549E0,5.607587984E-1
2.247676729E1,-2.881601429E-1,-1.101833530E0,7.459407029E-1
2.248676129E1,-7.839461428E-1,-1.218082609E0,7.513894308E-1
2.249675629E1,-1.012409137E0,-1.304744192E0,4.146202147E-1
2.250675129E1,-9.058506489E-1,-1.353891209E0,3.628489673E-2
2.251674629E1,-6.802200454E-1,-1.408095483E0,-1.621877289E-1
2.252674029E1,-4.160100979E-1,-1.468950965E0,-1.835762590E-1
2.253673529E1,-1.944608510E-1,-1.511832690E0,1.811107805E-1
2.254673029E1,-6.161912799E-2,-1.333325382E0,5.691133001E-1
2.255672429E1,-2.323858917E-2,-1.074018910E0,7.189575568E-1
2.256671929E1,-3.519439101E-3,-9.707553273E-1,6.281839192E-1
2.257671429E1,1.848129451E-2,-9.269813168E-1,4.354284087E-1
2.258670929E1,9.771691382E-2,-9.190910840E-1,9.907609910E-2
2.259670329E1,1.359506875E-1,-1.034960094E0,-1.899488470E-1
2.260669829E1,1.538227022E-2,-1.300839422E0,-3.197944567E-1
2.261669329E1,-2.622020137E-1,-1.533582578E0,-1.773673931E-1
2.262668829E1,-5.118067861E-1,-1.559869321E0,1.050127771E-1
2.263668229E1,-4.721714348E-1,-1.276247202E0,3.286833939E-1
2.264667729E1,-2.717136794E-1,-9.553718877E-1,3.571134335E-1
2.265667229E1,-6.300316393E-2,-8.405442667E-1,1.862697789E-1
2.266666729E1,6.846914113E-2,-8.137915009E-1,-5.369088829E-2
2.267666129E1,1.811005479E-1,-8.299619758E-1,-3.147059172E-1
2.268665629E1,2.481634337E-1,-8.709889644E-1,-5.382429251E-1
2.269665129E1,2.342312729E-1,-9.703021681E-1,-6.368772671E-1
2.270664629E1,7.135298789E-2,-1.187173058E0,-4.181086636E-1
2.271664029E1,-1.667292613E-1,-1.423870686E0,-5.920305848E-2
2.272663529E1,-4.353275442E-1,-1.532409042E0,1.792463958E-1
2.273663029E1,-6.414524209E-1,-1.469406463E0,2.130573356E-1
2.274662429E1,-8.078694409E-1,-1.225322632E0,4.325945556E-2
2.275661929E1,-9.666149139E-1,-9.475167382E-1,-2.378088918E-1
2.276661429E1,-1.129328308E0,-7.674786294E-1,-4.619741830E-1
2.277660929E1,-1.248603321E0,-6.809527016E-1,-6.489424118E-1
2.278660329E1,-1.331462460E0,-7.177246714E-1,-7.540635087E-1
2.279659829E1,-1.416321639E0,-8.264513075E-1,-7.027537528E-1
2.280659329E1,-1.597597018E0,-9.692654568E-1,-5.168046936E-1
2.281658829E1,-1.849751469E0,-1.054313793E0,-3.346718198E-1
2.282658229E1,-2.168135577E0,-1.030229697E0,-2.992996734E-1
2.283657729E1,-2.493524650E0,-9.238840467E-1,-4.161811289E-1
2.284657229E1,-2.760414961E0,-7.916673911E-1,-6.482505400E-1
2.285656729E1,-2.965626795E0,-6.637998945E-1,-8.948248467E-1
2.286656129E1,-3.090062561E0,-5.713337803E-1,-1.115399655E0
2.287655629E1,-3.074061947E0,-5.131463832E-1,-1.210755463E0
2.288655129E1,-2.916309332E0,-4.204457957E-1,-1.196322781E0
2.289654529E1,-2.650108115E0,-3.269336146E-1,-1.104504684E0
2.290654029E1,-2.321818531E0,-2.567407143E-1,-1.017413769E0
2.291653529E1,-2.088188059E0,-2.118966633E-1,-9.367216086E-1
2.292653029E1,-1.891276348E0,-1.751907670E-1,-8.405319875E-1
2.293652429E1,-1.689346556E0,-1.908338231E-1,-7.219747201E-1
2.294651929E1,-1.470181511E0,-3.231036884E-1,-6.246160944E-1
2.295651429E1,-1.201622551E0,-6.668562341E-1,-4.989627922E-1
2.296650929E1,-8.707637005E-1,-1.146419719E0,-2.695841235E-1
2.297650329E1,-4.366612941E-1,-1.520485985E0,-8.016021028E-2
2.298649829E1,6.374122873E-2,-1.608606448E0,9.887817085E-2
2.299649329E1,5.303357354E-1,-1.497864861E0,3.041265500E-1
2.300648829E1,9.095468201E-1,-1.312860128E0,5.493511730E-1
2.301648229E1,1.181603585E0,-1.197377619E0,7.679521076E-1
2.302647729E1,1.386386672E0,-1.163526333E0,9.711586390E-1
2.303647229E1,1.583222223E0,-1.188595685E0,1.168909280E0
2.304646729E1,1.762125534E0,-1.237173184E0,1.379619835E0
2.305646129E1,1.921952011E0,-1.230935374E0,1.567242660E0
2.306645629E1,2.034699192E0,-1.150401673E0,1.721585180E0
2.307645129E1,2.090987414E0,-9.834619117E-1,1.852133917E0
2.308644529E1,2.007042886E0,-7.548381186E-1,1.895894479E0
2.309644029E1,1.888508861E0,-5.701742774E-1,1.867042563E0
2.310643529E1,1.663212572E0,-4.269134009E-1,1.743757090E0
2.311643029E1,1.438007792E0,-3.384532142E-1,1.575048985E0
2.312642429E1,1.244810086E0,-2.855850291E-1,1.393323078E0
2.313641929E1,1.035440443E0,-2.820948261E-1,1.219679484E0
2.314641429E1,8.380023359E-1,-3.564339870E-1,9.719374882E-1
2.315640929E1,6.242614608E-1,-4.297036922E-1,7.429616927E-1
2.316640329E1,4.308113010E-1,-4.181396538E-1,5.464224489E-1
2.317639829E1,3.212306790E-1,-3.206004953E-1,3.744948667E-1
2.318639304E1,2.732697697E-1,-2.517664880E-1,2.635341556E-1
2.319638704E1,3.394617127E-1,-1.367418158E-1,1.976845671E-1
2.320638204E1,4.681804177E-1,-5.820903182E-2,2.558273792E-1
2.321637704E1,6.244063255E-1,-7.156582654E-2,3.723618025E-1
2.322637204E1,7.206992961E-1,-1.136698723E-1,5.214149308E-1
2.323636604E1,8.046034786E-1,-1.809450120E-1,6.271830221E-1
2.324636104E1,8.905525786E-1,-2.065949929E-1,6.917014919E-1
2.325635604E1,9.580075201E-1,-1.600909173E-1,6.433568591E-1
2.326635104E1,1.036324688E0,-9.895067632E-2,5.458153617E-1
2.327634504E1,1.035401267E0,-5.550294042E-2,4.955257257E-1
2.328634004E1,1.052843657E0,-3.431087673E-2,4.814439493E-1
2.329633504E1,1.044057923E0,-2.684749067E-2,5.240666431E-1
2.330633004E1,1.017874968E0,-4.056739748E-2,5.546374945E-1
2.331632404E1,9.741633770E-1,-8.498460174E-2,6.441696221E-1
2.332631904E1,9.588771473E-1,-9.755670011E-2,7.542620947E-1
2.333631404E1,9.169596277E-1,-6.710147738E-2,8.157805775E-1
2.334630904E1,8.506552720E-1,-2.879695237E-2,8.290620162E-1
2.335630304E1,8.209992175E-1,-5.416626692E-2,7.779773051E-1
2.336629804E1,7.942625315E-1,-6.490467846E-2,7.284439333E-1
2.337629304E1,8.072141142E-1,-8.769127786E-2,7.172211530E-1
2.338628804E1,8.014978762E-1,-1.275266039E-1,7.065518117E-1
2.339628204E1,7.646108624E-1,-1.685927689E-1,7.033305806E-1
2.340627704E1,7.307158689E-1,-1.667356932E-1,6.677988052E-1
2.341627204E1,7.293042049E-1,-1.061298877E-1,6.306671586E-1
2.342626604E1,7.264896476E-1,-1.554131448E-2,6.209586610E-1
2.343626104E1,7.068390562E-1,-9.991137385E-3,6.251172008E-1
2.344625604E1,6.543107405E-1,-1.162151653E-1,6.451325123E-1
2.345625104E1,5.703184113E-1,-2.967894638E-1,7.556460576E-1
2.346624504E1,5.386934531E-1,-4.414489943E-1,8.610713558E-1
2.347624004E1,5.397788425E-1,-4.654658478E-1,9.682381010E-1
2.348623504E1,5.882158613E-1,-4.536129570E-1,1.090977443E0
2.349623004E1,6.604495861E-1,-4.430657494E-1,1.228927586E0
2.350622404E1,7.476878509E-1,-4.172391826E-1,1.289032578E0
2.351621904E1,7.917083216E-1,-4.427207637E-1,1.409620876E0
2.352621404E1,7.823021981E-1,-5.961739218E-1,1.513370508E0
2.353620804E1,7.309806016E-1,-7.844776547E-1,1.637692838E0
2.354620304E1,7.040516885E-1,-9.248605317E-1,1.727679294E0
2.355619804E1,7.127533686E-1,-9.196512473E-1,1.800808374E0
2.356619304E1,7.285959609E-1,-9.217404574E-1,1.807770215E0
2.357618704E1,7.109420474E-1,-9.159815347E-1,1.852387978E0
2.358618204E1,6.186671372E-1,-8.934872961E-1,1.860007778E0
2.359617704E1,4.166436437E-1,-8.664211196E-1,1.818592826E0
2.360617204E1,1.660115156E-1,-9.293014920E-1,1.846765881E0
2.361616604E1,-1.141996300E-1,-1.045554664E0,1.880599478E0
2.362616104E1,-3.580479647E-1,-1.188369398E0,1.873661903E0
2.363615604E1,-4.779088689E-1,-1.292384933E0,1.850483248E0
2.364615104E1,-5.149606280E-1,-1.266779975E0,1.903010833E0
2.365614504E1,-4.689705227E-1,-1.174476414E0,1.968886880E0
2.366614004E1,-4.633453551E-1,-1.121203017E0,2.057304090E0
2.367613504E1,-5.695882402E-1,-1.143479739E0,2.238876946E0
2.368612904E1,-7.144587091E-1,-1.238753101E0,2.309054644E0
2.369612404E1,-8.471761787E-1,-1.364313287E0,2.352127866E0
2.370611904E1,-9.333243763E-1,-1.558991069E0,2.410826309E0
2.371611404E1,-9.597090599E-1,-1.679430263E0,2.420681499E0
2.372610804E1,-9.269187516E-1,-1.763182856E0,2.344940760E0
2.373610304E1,-8.520144573E-1,-1.825407756E0,2.315578967E0
2.374609804E1,-7.923155549E-1,-1.831442667E0,2.254049009E0
2.375609304E1,-6.925845677E-1,-1.799564817E0,2.134718447E0
2.376608704E1,-5.507135743E-1,-1.779605346E0,2.033844914E0
2.377608204E1,-4.245619431E-1,-1.786417353E0,1.930743299E0
2.378607704E1,-3.304723495E-1,-1.886920465E0,1.860401587E0
2.379607204E1,-3.135221484E-1,-2.028134231E0,1.723009854E0
2.380606604E1,-3.804660434E-1,-2.199634236E0,1.536894441E0
2.381606104E1,-5.039349720E-1,-2.372548681E0,1.220779345E0
2.382605604E1,-5.678710592E-1,-2.413802542E0,9.402334464E-1
2.383605104E1,-6.054028746E-1,-2.258592880E0,6.671462560E-1
2.384604504E1,-6.830047819E-1,-2.114237405E0,4.258474535E-1
2.385604004E1,-7.451276475E-1,-2.125744725E0,2.749354953E-1
2.386603504E1,-7.497285292E-1,-2.259121469E0,2.246038324E-1
2.387602904E1,-6.429747435E-1,-2.491208568E0,2.474091429E-1
2.388602404E1,-4.254074505E-1,-2.688617000E0,2.910761493E-1
2.389601904E1,-1.769785532E-1,-2.790880124E0,2.967909256E-1
2.390601404E1,-4.818398058E-2,-2.794849799E0,2.170626783E-1
2.391600804E1,-1.545261222E-1,-2.741809705E0,1.524310648E-1
2.392600304E1,-3.367586911E-1,-2.668247055E0,5.189053059E-2
2.393599804E1,-4.881676626E-1,-2.550720359E0,-3.507130712E-2
2.394599304E1,-5.537699139E-1,-2.532315078E0,-1.036778578E-1
2.395598704E1,-4.886670148E-1,-2.623673730E0,-2.903776994E-1
2.396598204E1,-3.158923173E-1,-2.854937541E0,-3.946543121E-1
2.397597704E1,-1.728799474E-1,-3.060246731E0,-3.608679307E-1
2.398597204E1,-8.024134040E-3,-3.212514659E0,-2.760376954E-1
2.399596604E1,1.178249037E-1,-3.247320210E0,-1.148948640E-1
2.400596104E1,2.627633464E-1,-3.135592782E0,-5.793011963E-2
2.401595604E1,4.273800087E-1,-2.852833713E0,-6.773297668E-2
2.402595104E1,5.291145444E-1,-2.451856222E0,-1.594541556E-1
2.403594504E1,3.600475663E-1,-2.271016459E0,-2.891161627E-1
2.404594004E1,-1.340240300E-2,-2.424306188E0,-5.174800470E-1
2.405593504E1,-3.200736612E-1,-2.744499132E0,-5.926430807E-1
2.406592904E1,-4.605272895E-1,-3.049327348E0,-5.226726669E-1
2.407592404E1,-4.130245095E-1,-2.973740684E0,-3.087432191E-1
2.408591904E1,-3.263319361E-1,-2.524751413E0,-1.737295479E-1
2.409591404E1,-3.490442759E-1,-2.120816400E0,-3.064654362E-1
2.410590804E1,-4.379932898E-1,-2.107892591E0,-5.567467314E-1
2.411590304E1,-3.631664711E-1,-2.523631378E0,-7.164704436E-1
2.412589804E1,9.587504089E-2,-2.980604730E0,-8.037489080E-1
2.413589304E1,7.993880546E-1,-3.217692076E0,-6.271051079E-1
2.414588704E1,1.500349343E0,-3.176190293E0,-5.970200139E-1
2.415588204E1,1.894052314E0,-3.062845234E0,-4.448424259E-1
2.416587704E1,2.029374425E0,-2.982399533E0,-2.983328363E-1
2.417587204E1,2.079717783E0,-2.828364869E0,-3.055015227E-1
2.418586600E1,2.176439500E0,-2.767141013E0,-3.308372158E-1
2.419586100E1,2.360964763E0,-2.652310469E0,-5.884170055E-1
2.420585600E1,2.474230008E0,-2.466732415E0,-7.587165767E-1
2.421585100E1,2.443901085E0,-2.252826356E0,-1.082523977E0
2.422584500E1,2.375623147E0,-1.991682981E0,-1.129900165E0
2.423584000E1,2.225444430E0,-1.790368901E0,-1.296573293E0
2.424583500E1,2.052365677E0,-1.773737373E0,-1.433703656E0
2.425582900E1,2.016223453E0,-1.787851382E0,-1.469362609E0
2.426582400E1,2.128547881E0,-1.809464738E0,-1.416350290E0
2.427581900E1,2.250560560E0,-1.770389696E0,-1.389282652E0
2.428581400E1,2.397289420E0,-1.556743253E0,-1.468708890E0
2.429580800E1,2.444299865E0,-1.296523153E0,-1.565054047E0
2.430580300E1,2.435140786E0,-1.204248243E0,-1.519311279E0
2.431579800E1,2.304304658E0,-1.219901239E0,-1.250575879E0
2.432579300E1,2.217082327E0,-1.129793965E0,-1.155196097E0
2.433578700E1,2.221291738E0,-9.926598012E-1,-1.118181760E0
2.434578200E1,2.316850444E0,-8.093357764E-1,-1.208237067E0
2.435577700E1,2.441123657E0,-7.307201082E-1,-1.061887107E0
2.436577200E1,2.520549311E0,-8.179373961E-1,-9.938056362E-1
2.437576600E1,2.605602325E0,-7.959206557E-1,-8.773524892E-1
2.438576100E1,2.741896829E0,-4.579116838E-1,-7.854526779E-1
2.439575600E1,2.740361350E0,-2.156127150E-1,-7.870916525E-1
2.440575000E1,2.480764271E0,-3.081030951E-1,-7.271440972E-1
2.441574500E1,2.103044665E0,-3.482454000E-1,-5.171559651E-1
2.442574000E1,1.854942042E0,-2.123430982E-1,-3.678954068E-1
2.443573500E1,1.771806330E0,-8.201231584E-2,-6.182652873E-1
2.444572900E1,1.855402803E0,-6.340457529E-2,-8.225595470E-1
2.445572400E1,1.948971702E0,-1.287287915E-1,-8.310761628E-1
2.446571900E1,2.049827986E0,-1.331025088E-1,-7.591806994E-1
2.447571400E1,2.125068787E0,-1.277097680E-1,-6.892418607E-1
2.448570800E1,2.136536347E0,-2.628120245E-1,-6.873016083E-1
2.449570300E1,2.054696962E0,-3.583333088E-1,-5.901856421E-1
2.450569800E1,1.998267823E0,-1.771228333E-1,-5.194258542E-1
2.451569300E1,1.988226984E0,2.623777226E-2,-4.801898678E-1
2.452568700E1,2.039394799E0,4.927594811E-3,-5.429211362E-1
2.453568200E1,2.089545783E0,-1.122254638E-1,-5.842420936E-1
2.454567700E1,2.124068329E0,-1.800799164E-1,-6.625465438E-1
2.455567200E1,2.230529169E0,-1.060377941E-1,-7.494465472E-1
2.456566600E1,2.337030355E0,-8.328759357E-2,-8.394515683E-1
2.457566100E1,2.334999617E0,-1.323113805E-1,-7.990740591E-1
2.458565600E1,2.278422543E0,-2.065955776E-1,-6.003767543E-1
2.459565100E1,2.202133920E0,-2.190225188E-1,-4.958930039E-1
2.460564500E1,2.115686930E0,-1.976465602E-1,-4.738371603E-1
2.461564000E1,2.077220437E0,-2.032087241E-1,-5.321632826E-1
2.462563500E1,2.043494282E0,-1.848689322E-1,-6.316356768E-1
2.463562900E1,2.052341704E0,-1.327836893E-1,-6.883981074E-1
2.464562400E1,2.061237658E0,-1.120791373E-1,-5.339421518E-1
2.465561900E1,2.009402091E0,-1.767239070E-1,-4.217171265E-1
2.466561400E1,1.835792411E0,-2.115724352E-1,-2.942060177E-1
2.467560800E1,1.624112095E0,-1.855369766E-1,-1.841810073E-1
2.468560300E1,1.385664394E0,-2.216350548E-1,-1.554097827E-1
2.469559800E1,1.100421427E0,-3.070925501E-1,-2.036727007E-1
2.470559300E1,8.209905928E-1,-3.970268199E-1,-2.498850001E-1
2.471558700E1,6.090062213E-1,-4.650085956E-1,-2.391974594E-1
2.472558200E1,4.633205044E-1,-4.911294235E-1,-2.233326477E-1
2.473557700E1,3.079132068E-1,-3.548568468E-1,-2.398915239E-1
2.474557200E1,1.957495773E-1,-2.046212652E-1,-3.137547214E-1
2.475556600E1,7.837958694E-2,-1.341500375E-1,-2.977963543E-1
2.476556100E1,-4.426985443E-2,-2.992235135E-1,-2.392819516E-1
2.477555600E1,-1.433456612E-1,-5.289783043E-1,-1.215909491E-1
2.478555100E1,-1.851614392E-1,-5.773760006E-1,-5.425909147E-2
2.479554500E1,-1.645312929E-1,-4.477215949E-1,-5.539432839E-2
2.480554000E1,-4.265660763E-2,-2.453418598E-1,-7.926792517E-2
2.481553500E1,2.629609823E-2,-1.911586359E-1,-1.153201027E-1
2.482552900E1,3.020320773E-2,-2.090166172E-1,-1.262234057E-1
2.483552400E1,1.859531522E-2,-2.530533139E-1,-1.685921842E-1
2.484551900E1,1.296392030E-1,-3.084134361E-1,-2.366644455E-1
2.485551400E1,3.011690283E-1,-3.534776348E-1,-2.076562625E-1
2.486550800E1,4.749260581E-1,-3.325732541E-1,-1.497055314E-1
2.487550300E1,6.049944466E-1,-2.845170352E-1,-1.775799394E-3
2.488549800E1,6.283716148E-1,-2.101965854E-1,4.531694457E-2
2.489549300E1,6.571890324E-1,-1.781628337E-1,-5.890251160E-2
2.490548700E1,7.327490920E-1,-2.523235814E-1,-1.323642978E-1
2.491548200E1,8.275061452E-1,-3.182238945E-1,-2.498719901E-1
2.492547700E1,1.009697199E0,-3.550761174E-1,-3.896084574E-1
2.493547200E1,1.156939445E0,-3.431293787E-1,-3.344443631E-1
2.494546600E1,1.187109908E0,-2.499461766E-1,-2.519198312E-1
2.495546100E1,1.206626744E0,-1.257764592E-1,-2.259488381E-1
2.496545600E1,1.309078149E0,-6.668150112E-2,-1.972973353E-1
2.497545000E1,1.432773657E0,-4.489682212E-2,-2.177564505E-1
2.498544500E1,1.561690729E0,-1.273011938E-1,-3.380637896E-1
2.499544000E1,1.659807007E0,-2.132715264E-1,-4.525645512E-1
2.500543500E1,1.687941470E0,-2.743041421E-1,-5.469365653E-1
2.501542900E1,1.668188991E0,-3.094663369E-1,-6.198478362E-1
2.502542400E1,1.541802594E0,-2.726524316E-1,-6.528195544E-1
2.503541900E1,1.414427433E0,-1.942776138E-1,-6.751990414E-1
2.504541400E1,1.319898421E0,-3.056496400E-1,-6.805704398E-1
2.505540800E1,1.258651176E0,-4.558850754E-1,-8.159140402E-1
2.506540300E1,1.162037632E0,-5.961476094E-1,-9.328022200E-1
2.507539800E1,9.877286249E-1,-7.491762596E-1,-9.961556321E-1
2.508539300E1,7.581967592E-1,-7.666471553E-1,-1.132023874E0
2.509538700E1,6.143230945E-1,-6.230262364E-1,-1.189433007E0
2.510538200E1,6.321214342E-1,-4.480940991E-1,-1.131338142E0
2.511537700E1,8.405261403E-1,-4.005316409E-1,-9.004767653E-1
2.512537200E1,1.044244888E0,-5.184035417E-1,-6.400093281E-1
2.513536600E1,1.080535047E0,-7.180242681E-1,-4.554071751E-1
2.514536100E1,9.782350856E-1,-8.772680701E-1,-4.516471231E-1
2.515535600E1,8.769104397E-1,-9.896355481E-1,-5.081750804E-1
2.516535000E1,7.879228342E-1,-1.022408607E0,-6.310592875E-1
2.517534500E1,7.079071963E-1,-8.933487171E-1,-5.980052698E-1
2.518534054E1,6.243820596E-1,-6.013199101E-1,-4.779955539E-1
2.519533554E1,5.169979441E-1,-4.385932142E-1,-4.012695596E-1
2.520532954E1,3.881995708E-1,-5.156896296E-1,-3.681196475E-1
2.521532454E1,3.461352861E-1,-6.786163004E-1,-3.483271149E-1
2.522531954E1,4.348773086E-1,-8.419198242E-1,-4.083601856E-1
2.523531454E1,6.065901518E-1,-1.027768165E0,-4.320563194E-1
2.524530854E1,7.572255367E-1,-1.187210480E0,-2.020119452E-1
2.525530354E1,7.779018760E-1,-1.279515503E0,1.282545823E-1
2.526529854E1,6.826039553E-1,-1.259098196E0,2.412134331E-1
2.527529354E1,6.728589857E-1,-1.120308685E0,2.332097644E-1
2.528528754E1,7.808892184E-1,-1.005895339E0,1.079840398E-1
2.529528254E1,9.923929489E-1,-8.905666119E-1,-4.065042794E-2
2.530527754E1,1.172241023E0,-8.273511940E-1,-1.025426209E-2
2.531527254E1,1.159656061E0,-9.444527972E-1,2.414639863E-1
2.532526654E1,9.319865334E-1,-1.165838030E0,4.761799935E-1
2.533526154E1,5.626044720E-1,-1.409275451E0,6.173083904E-1
2.534525654E1,2.491732478E-1,-1.517391053E0,6.723134404E-1
2.535525054E1,1.699832368E-1,-1.463257823E0,6.407226884E-1
2.536524554E1,3.957951039E-1,-1.262477302E0,5.323620880E-1
2.537524054E1,6.652517581E-1,-1.048834075E0,5.357704300E-1
2.538523554E1,6.346579564E-1,-1.017764895E0,7.366263807E-1
2.539522954E1,2.195547616E-1,-1.021886597E0,8.539197725E-1
2.540522454E1,-2.854844570E-1,-1.088874931E0,8.607648155E-1
2.541521954E1,-5.996986234E-1,-1.168024304E0,7.627964714E-1
2.542521454E1,-6.393942010E-1,-1.177094797E0,6.282818601E-1
2.543520854E1,-4.545069963E-1,-1.179846204E0,5.641808814E-1
2.544520354E1,-1.671695566E-1,-1.154077817E0,5.817137575E-1
2.545519854E1,1.010474879E-1,-1.053589323E0,7.396055371E-1
2.546519354E1,2.085976642E-1,-1.018403703E0,1.011180637E0
2.547518754E1,1.643968070E-1,-9.523020995E-1,1.148614764E0
2.548518254E1,4.475224972E-2,-8.507780635E-1,1.109519695E0
2.549517754E1,-1.935603797E-2,-8.382720387E-1,9.003852564E-1
2.550517254E1,-1.391228020E-2,-9.461169147E-1,5.388793945E-1
2.551516654E1,1.668678403E-2,-1.107074389E0,2.640906644E-1
2.552516154E1,4.047033370E-2,-1.321930329E0,1.724569014E-1
2.553515654E1,3.843491793E-2,-1.390871340E0,1.324107832E-1
2.554515054E1,8.018286824E-2,-1.301975536E0,1.677478462E-1
2.555514554E1,1.993497080E-1,-1.131158486E0,1.001628041E-1
2.556514054E1,2.929729861E-1,-9.459292191E-1,-7.822989821E-2
2.557513554E1,2.919590789E-1,-8.770145202E-1,-1.116560912E-1
2.558512954E1,1.805468166E-1,-8.943322188E-1,-4.854241490E-2
2.559512454E1,1.244170547E-2,-9.277753687E-1,-6.028830171E-2
2.560511954E1,-1.935416687E-1,-9.882911271E-1,-5.969305515E-2
2.561511454E1,-3.426158470E-1,-1.076184719E0,-1.191902286E-1
2.562510854E1,-4.230355275E-1,-1.109558871E0,-2.495854765E-1
2.563510354E1,-4.341820747E-1,-1.055394943E0,-4.196882889E-1
2.564509854E1,-3.944859123E-1,-1.006653138E0,-4.805522490E-1
2.565509354E1,-3.586155832E-1,-9.874198920E-1,-5.660379571E-1
2.566508754E1,-3.305910480E-1,-9.466197753E-1,-6.825106922E-1
2.567508254E1,-3.218570620E-1,-8.819068855E-1,-6.392307714E-1
2.568507754E1,-3.721998346E-1,-8.333960456E-1,-4.416010219E-1
2.569507154E1,-4.664856023E-1,-8.364588171E-1,-2.529599047E-1
2.570506654E1,-5.368866634E-1,-9.057190865E-1,-1.021157742E-1
2.571506154E1,-5.603474468E-1,-9.428682017E-1,-3.055491775E-2
2.572505654E1,-5.255114901E-1,-8.987942290E-1,-5.926883966E-2
2.573505054E1,-4.944370472E-1,-8.228798282E-1,-1.164829677E-1
2.574504554E1,-5.540555504E-1,-8.149895954E-1,-2.056152919E-1
2.575504054E1,-6.675590694E-1,-8.569252414E-1,-2.826196137E-1
2.576503554E1,-8.380214855E-1,-8.944228506E-1,-2.413897267E-1
2.577502954E1,-1.029268414E0,-8.941807759E-1,-2.147810948E-1
2.578502454E1,-1.128515837E0,-8.390976655E-1,-2.028869811E-1
2.579501954E1,-1.176315655E0,-8.216793948E-1,-9.908399284E-2
2.580501454E1,-1.092401386E0,-7.722213060E-1,1.363132149E-2
2.581500854E1,-9.737783378E-1,-7.362550825E-1,1.470109883E-1
2.582500354E1,-9.447580218E-1,-7.644222897E-1,2.660734552E-1
2.583499854E1,-1.013717452E0,-7.959259182E-1,3.173877427E-1
2.584499254E1,-1.167695398E0,-7.824749833E-1,2.666979378E-1
2.585498754E1,-1.367122581E0,-7.379519445E-1,7.507766426E-2
2.586498254E1,-1.560565432E0,-6.678420746E-1,-1.322172403E-1
2.587497754E1,-1.670347783E0,-5.945957583E-1,-3.255858314E-1
2.588497154E1,-1.783439366E0,-5.739311135E-1,-4.021831870E-1
2.589496654E1,-1.920056636E0,-6.620457298E-1,-4.120146954E-1
2.590496154E1,-2.001043496E0,-6.870636266E-1,-4.110694930E-1
2.591495654E1,-1.997476110E0,-6.901895481E-1,-3.697969213E-1
2.592495054E1,-1.825812968E0,-6.742225564E-1,-2.729448107E-1
2.593494554E1,-1.559051880E0,-6.553442359E-1,-9.058740377E-2
2.594494054E1,-1.253722558E0,-6.635771155E-1,1.305162853E-1
2.595493554E1,-9.274742371E-1,-7.137152356E-1,3.440077767E-1
2.596492954E1,-6.120473582E-1,-7.536423630E-1,5.574902049E-1
2.597492454E1,-3.627770466E-1,-8.677537000E-1,8.100981072E-1
2.598491954E1,-1.199987523E-1,-9.322689539E-1,1.074633745E0
2.599491454E1,1.610331962E-1,-9.056693852E-1,1.340153030E0
2.600490854E1,4.042453538E-1,-7.694473869E-1,1.516113437E0
2.601490354E1,4.848270021E-1,-6.243990165E-1,1.618932631E0
2.602489854E1,3.702902801E-1,-5.260780853E-1,1.676580330E0
2.603489354E1,1.420487487E-1,-4.402093846E-1,1.669261224E0
2.604488754E1,-1.241625546E-1,-4.361245197E-1,1.642004575E0
2.605488254E1,-2.751784471E-1,-4.290680999E-1,1.529599747E0
2.606487754E1,-3.456188308E-1,-4.383464617E-1,1.381752023E0
2.607487154E1,-3.210546778E-1,-5.024687827E-1,1.260126721E0
2.608486654E1,-2.876501195E-1,-5.362627655E-1,1.197633434E0
2.609486154E1,-2.221412775E-1,-4.746711195E-1,1.186559685E0
2.610485654E1,-1.661645664E-1,-3.844064820E-1,1.156416119E0
2.611485054E1,-9.606814519E-2,-3.309067976E-1,1.132747759E0
2.612484554E1,-2.357875094E-2,-3.010567617E-1,1.116777551E0
2.613484054E1,5.819558322E-2,-3.129967761E-1,1.108826508E0
2.614483554E1,1.337313768E-1,-3.641452950E-1,1.107417621E0
2.615482954E1,3.202175027E-1,-4.235062283E-1,1.111153407E0
2.616482454E1,4.550002089E-1,-4.932956707E-1,1.091795323E0
2.617481954E1,5.956115659E-1,-5.044065499E-1,1.107258869E0
2.618481425E1,7.184330615E-1,-4.410812044E-1,1.096266981E0
2.619480825E1,8.037975861E-1,-3.242976898E-1,1.072971674E0
2.620480325E1,8.000569761E-1,-2.005735302E-1,1.062751179E0
2.621479825E1,8.203279571E-1,-1.135856724E-1,9.825244568E-1
2.622479225E1,7.909500839E-1,-9.143817365E-2,8.989784163E-1
2.623478725E1,7.389313531E-1,-1.088821721E-1,8.135061568E-1
2.624478225E1,7.117283517E-1,-7.775627375E-2,7.517249148E-1
2.625477725E1,7.354643928E-1,-4.502356052E-3,6.507779990E-1
2.626477125E1,7.024865350E-1,1.711187661E-2,5.450847521E-1
2.627476625E1,5.978278068E-1,-1.190785468E-2,4.402238564E-1
2.628476125E1,4.326290542E-1,-5.563216388E-2,3.897929370E-1
2.629475625E1,3.015220539E-1,-1.059994948E-1,3.201737948E-1
2.630475025E1,2.001300189E-1,-1.766929168E-1,2.807796411E-1
2.631474525E1,2.066131192E-1,-2.058705229E-1,2.597520304E-1
2.632474025E1,2.438974513E-1,-2.119241452E-1,2.402598985E-1
2.633473525E1,3.200124116E-1,-2.202172512E-1,2.759007244E-1
2.634472925E1,4.319151092E-1,-2.087175322E-1,3.297929031E-1
2.635472425E1,4.898138000E-1,-2.154593718E-1,3.507585333E-1
2.636471925E1,4.887455137E-1,-2.577335715E-1,3.769530362E-1
2.637471325E1,5.145391899E-1,-3.072027701E-1,3.896207365E-1
2.638470825E1,5.325152850E-1,-2.379775840E-1,4.009574644E-1
2.639470325E1,5.558716956E-1,-1.179617286E-1,3.697010270E-1
2.640469825E1,5.603991947E-1,-3.937105715E-2,3.405605507E-1
2.641469225E1,4.716334909E-1,-1.566235185E-2,3.144913244E-1
2.642468725E1,4.082154670E-1,-4.645203531E-2,2.796606302E-1
2.643468225E1,3.617523220E-1,-4.432130992E-2,2.587015781E-1
2.644467725E1,3.679426230E-1,4.422833920E-3,2.716955531E-1
2.645467125E1,3.715461159E-1,5.148590326E-2,2.686506155E-1
2.646466625E1,3.687647416E-1,4.625322998E-2,2.658021444E-1
2.647466125E1,3.573620863E-1,-2.061903656E-2,2.864159185E-1
2.648465625E1,3.119017388E-1,-1.002569443E-1,3.246986626E-1
2.649465025E1,2.821977371E-1,-1.962056601E-1,3.808809033E-1
2.650464525E1,2.871305944E-1,-2.753699434E-1,4.339628041E-1
2.651464025E1,3.281324400E-1,-2.909030718E-1,5.540964809E-1
2.652463425E1,3.361182748E-1,-3.079699248E-1,7.145886634E-1
2.653462925E1,3.350369784E-1,-2.824374729E-1,7.880149278E-1
2.654462425E1,3.596233508E-1,-2.496293306E-1,8.479070807E-1
2.655461925E1,2.960243556E-1,-2.552555215E-1,9.068399978E-1
2.656461325E1,2.080781391E-1,-2.988938767E-1,9.569488817E-1
2.657460825E1,1.195796531E-1,-3.371639031E-1,1.083563174E0
2.658460325E1,-3.595423669E-2,-3.485379070E-1,1.213544000E0
2.659459825E1,-1.829551385E-1,-3.694832182E-1,1.268047359E0
2.660459225E1,-3.359655163E-1,-3.841316628E-1,1.272097872E0
2.661458725E1,-4.445617595E-1,-4.217660969E-1,1.374401342E0
2.662458225E1,-5.449825720E-1,-4.170485634E-1,1.520581294E0
2.663457725E1,-6.427984500E-1,-4.476961595E-1,1.618134486E0
2.664457125E1,-6.934414771E-1,-5.027254754E-1,1.761453542E0
2.665456625E1,-7.037514339E-1,-5.341098207E-1,1.854892049E0
2.666456125E1,-6.867132322E-1,-5.346851867E-1,1.908086801E0
2.667455625E1,-6.193565239E-1,-5.723704916E-1,1.918518818E0
2.668455025E1,-5.856693989E-1,-6.162900978E-1,1.946838053E0
2.669454525E1,-6.530486190E-1,-7.772803169E-1,1.964020096E0
2.670454025E1,-7.891713609E-1,-9.958012909E-1,1.947897568E0
2.671453425E1,-9.666093591E-1,-1.159316338E0,2.024676188E0
2.672452925E1,-1.125352201E0,-1.246374362E0,2.063704013E0
2.673452425E1,-1.202817868E0,-1.220046104E0,2.026903684E0
2.674451925E1,-1.189947854E0,-1.108995785E0,1.984189189E0
2.675451325E1,-1.124475119E0,-9.611951298E-1,1.803368138E0
2.676450825E1,-1.069406626E0,-8.872132337E-1,1.611375105E0
2.677450325E1,-1.073207609E0,-9.444060194E-1,1.446645007E0
2.678449825E1,-1.146939244E0,-1.048081246E0,1.308681415E0
2.679449225E1,-1.240140061E0,-1.164614500E0,1.176420905E0
2.680448725E1,-1.382545197E0,-1.266029778E0,1.081521180E0
2.681448225E1,-1.497892343E0,-1.373806241E0,1.009351921E0
2.682447725E1,-1.593187340E0,-1.556300765E0,1.007422047E0
2.683447125E1,-1.563536695E0,-1.699957498E0,1.000840421E0
2.684446625E1,-1.375911239E0,-1.646198782E0,9.459952927E-1
2.685446125E1,-1.177694721E0,-1.508171749E0,8.335580134E-1
2.686445525E1,-1.040525182E0,-1.450960252E0,5.947360915E-1
2.687445025E1,-1.097401341E0,-1.517806206E0,4.206419697E-1
2.688444525E1,-1.299709155E0,-1.739470058E0,3.993426096E-1
2.689444025E1,-1.473472617E0,-1.976310943E0,5.058671844E-1
2.690443425E1,-1.430947864E0,-2.169195385E0,6.286440951E-1
2.691442925E1,-1.114345402E0,-2.333202767E0,6.814584857E-1
2.692442425E1,-5.807399037E-1,-2.332282416E0,6.777051580E-1
2.693441925E1,-6.331715941E-2,-2.244163122E0,7.003625339E-1
2.694441325E1,2.918082207E-1,-2.138540187E0,6.643676591E-1
2.695440825E1,3.907255679E-1,-2.088685657E0,5.364095306E-1
2.696440325E1,2.802307338E-1,-2.160942625E0,4.250194877E-1
2.697439825E1,1.590606380E-1,-2.259585738E0,2.756783840E-1
2.698439225E1,1.369166476E-1,-2.335686665E0,2.546772319E-1
2.699438725E1,1.722279829E-1,-2.288700778E0,2.401808149E-1
2.700438225E1,2.659091485E-1,-2.173488411E0,1.709717086E-1
2.701437625E1,3.512428290E-1,-2.070327154E0,3.838141590E-2
2.702437125E1,4.202990305E-1,-2.043249283E0,-6.700178236E-2
2.703436625E1,5.453013915E-1,-1.988526946E0,-1.602786130E-1
2.704436125E1,7.048988038E-1,-1.871871486E0,-2.740736157E-1
2.705435525E1,7.481582594E-1,-1.911429069E0,-3.499248666E-1
2.706435025E1,6.967109478E-1,-2.087201634E0,-3.812179953E-1
2.707434525E1,7.096286166E-1,-2.198854802E0,-3.060005826E-1
2.708434025E1,8.515808862E-1,-2.149232406E0,-3.035172701E-1
2.709433425E1,1.032583786E0,-1.968917139E0,-4.001752532E-1
2.710432925E1,1.194794903E0,-1.787701109E0,-6.108527720E-1
2.711432425E1,1.238197031E0,-1.712616135E0,-7.408714592E-1
2.712431925E1,1.209378444E0,-1.670156579E0,-8.185657525E-1
2.713431325E1,1.118329110E0,-1.597097081E0,-9.665236974E-1
2.714430825E1,1.011909201E0,-1.604354645E0,-1.137383432E0
2.715430325E1,9.842425150E-1,-1.688215997E0,-1.250804797E0
2.716429725E1,1.079957342E0,-1.700723191E0,-1.256041564E0
2.717429225E1,1.240828278E0,-1.634388284E0,-1.121461464E0
2.718428675E1,1.419988135E0,-1.526874945E0,-9.410061559E-1
2.719428175E1,1.535195825E0,-1.447276213E0,-7.542270845E-1
2.720427575E1,1.552160937E0,-1.353587447E0,-6.328634459E-1
2.721427075E1,1.481578612E0,-1.278747179E0,-5.647837293E-1
2.722426575E1,1.323099772E0,-1.251617560E0,-4.827271208E-1
2.723426075E1,1.135408242E0,-1.225987460E0,-4.688458309E-1
2.724425475E1,9.623698354E-1,-1.194420097E0,-5.806019095E-1
2.725424975E1,7.664278847E-1,-1.275753697E0,-5.200209546E-1
2.726424475E1,6.607891631E-1,-1.368277406E0,-4.242254359E-1
2.727423975E1,6.053727615E-1,-1.335662222E0,-4.029895180E-1
2.728423375E1,6.303643459E-1,-1.295242759E0,-3.933533067E-1
2.729422875E1,7.130182475E-1,-1.223365422E0,-3.581697330E-1
2.730422375E1,8.893433744E-1,-1.121648428E0,-3.091387832E-1
2.731421875E1,9.960661697E-1,-1.033070859E0,-2.208964053E-1
2.732421275E1,9.951078111E-1,-9.833781503E-1,-1.177538601E-1
2.733420775E1,8.655873066E-1,-9.716642770E-1,-7.077235937E-2
2.734420275E1,6.747014433E-1,-9.690128571E-1,-6.265642405E-2
2.735419675E1,5.519666326E-1,-9.779351234E-1,-1.837040207E-1
2.736419175E1,5.501107264E-1,-9.173633049E-1,-3.305328682E-1
2.737418675E1,6.577012485E-1,-9.047472793E-1,-4.357921055E-1
2.738418175E1,7.421473217E-1,-9.648483239E-1,-4.336245427E-1
2.739417575E1,7.817949522E-1,-1.108939505E0,-2.222006267E-1
2.740417075E1,8.317985862E-1,-1.181514488E0,-1.146101046E-1
2.741416575E1,9.099407762E-1,-1.107927498E0,-7.681545675E-2
2.742416075E1,1.059373389E0,-9.325060585E-1,-1.842916659E-1
2.743415475E1,1.172686581E0,-7.649834763E-1,-2.875336137E-1
2.744414975E1,1.235258805E0,-6.080410287E-1,-5.599790722E-1
2.745414475E1,1.235638874E0,-5.380164917E-1,-8.607499051E-1
2.746413975E1,1.259048787E0,-5.500156726E-1,-1.115352293E0
2.747413375E1,1.320076177E0,-5.949721728E-1,-1.360546072E0
2.748412875E1,1.428974721E0,-6.288514519E-1,-1.547631391E0
2.749412375E1,1.566003635E0,-6.405808204E-1,-1.631261485E0
2.750411875E1,1.709791346E0,-5.762216140E-1,-1.706658407E0
2.751411275E1,1.816484320E0,-5.116022797E-1,-1.731404994E0
2.752410775E1,1.963643535E0,-4.217163956E-1,-1.648367222E0
2.753410275E1,2.150108904E0,-3.178968890E-1,-1.541689450E0
2.754409675E1,2.400106024E0,-1.832913534E-1,-1.422546877E0
2.755409175E1,2.652527400E0,-3.377804920E-2,-1.252490696E0
2.756408675E1,2.867154129E0,3.553886510E-2,-1.109302179E0
2.757408175E1,2.954988663E0,6.018626779E-2,-1.045486252E0
2.758407575E1,3.015906710E0,1.143068533E-1,-1.060174750E0
2.759407075E1,3.116109860E0,1.891162766E-1,-1.042627694E0
2.760406575E1,3.210185713E0,1.793084494E-1,-1.035905735E0
2.761406075E1,3.254774240E0,1.278246658E-1,-1.044323241E0
2.762405475E1,3.282284805E0,6.160852991E-2,-1.008017879E0
2.763404975E1,3.289050618E0,-2.416888118E-2,-9.151035753E-1
2.764404475E1,3.231452036E0,-8.740790717E-2,-8.531187040E-1
2.765403975E1,3.176357231E0,-6.409900524E-2,-7.632927538E-1
2.766403375E1,3.139609235E0,-4.347660653E-2,-6.536234003E-1
2.767402875E1,3.112027334E0,-4.746674649E-2,-5.569942148E-1
2.768402375E1,3.038581043E0,-5.905410066E-2,-4.832752973E-1
2.769401775E1,2.920702929E0,-6.265262336E-2,-3.477926794E-1
2.770401275E1,2.795806403E0,-1.332247156E-1,-2.371230134E-1
2.771400775E1,2.527559538E0,-2.164243817E-1,-1.202085212E-1
2.772400275E1,2.230101737E0,-2.252250259E-1,-2.452731550E-2
2.773399675E1,1.933386533E0,-1.896943469E-1,4.738685891E-2
2.774399175E1,1.643185127E0,-1.767141129E-1,1.103571323E-1
2.775398675E1,1.435327721E0,-1.894317339E-1,1.668926910E-1
2.776398175E1,1.279718109E0,-2.129187201E-1,2.547924221E-1
2.777397575E1,1.218065068E0,-2.716768420E-1,2.818738014E-1
2.778397075E1,1.162942781E0,-3.589792434E-1,3.579599641E-1
2.779396575E1,1.142506177E0,-3.817748695E-1,3.897759801E-1
2.780396075E1,1.088769681E0,-3.304553195E-1,3.935559127E-1
2.781395475E1,9.906709439E-1,-3.345348488E-1,3.119825765E-1
2.782394975E1,8.889422554E-1,-3.997920413E-1,2.688593611E-1
2.783394475E1,8.639793223E-1,-3.808187401E-1,2.262629798E-1
2.784393875E1,8.511242187E-1,-3.769677273E-1,1.188616151E-1
2.785393375E1,8.256964320E-1,-4.509369788E-1,6.872583389E-2
2.786392875E1,8.432176137E-1,-4.869781928E-1,7.642179295E-2
2.787392375E1,8.930148411E-1,-5.168604980E-1,8.715918124E-2
2.788391775E1,1.058794515E0,-4.483617553E-1,1.029845242E-1
2.789391275E1,1.178404573E0,-2.740794994E-1,1.365061730E-1
2.790390775E1,1.179842404E0,-1.864922289E-1,1.331235588E-2
2.791390275E1,1.057668926E0,-3.724138427E-1,-1.475778759E-2
2.792389675E1,9.073691708E-1,-6.250582901E-1,1.437888801E-2
2.793389175E1,8.454641140E-1,-6.144830158E-1,-6.898369610E-2
2.794388675E1,9.036655444E-1,-5.034256064E-1,-1.190516496E-1
2.795388175E1,1.049721390E0,-4.049449731E-1,-1.602031839E-1
2.796387575E1,1.167599503E0,-3.353448343E-1,-2.832753789E-1
2.797387075E1,1.130436940E0,-3.807968496E-1,-3.320198151E-1
2.798386575E1,9.756897926E-1,-5.059990391E-1,-4.263187391E-1
2.799386075E1,7.817399883E-1,-6.319135657E-1,-5.470136024E-1
2.800385475E1,6.353333098E-1,-7.787479681E-1,-6.567931759E-1
2.801384975E1,6.075754076E-1,-8.379994123E-1,-7.052689326E-1
2.802384475E1,6.658236158E-1,-7.643078305E-1,-6.698277891E-1
2.803383875E1,7.726610166E-1,-6.176529376E-1,-6.403204000E-1
2.804383375E1,8.166121978E-1,-5.161879586E-1,-5.940607381E-1
2.805382875E1,8.231441224E-1,-5.535379256E-1,-5.689165413E-1
2.806382375E1,7.354382265E-1,-7.858815712E-1,-5.063411012E-1
2.807381775E1,6.115725642E-1,-1.010541098E0,-4.613827372E-1
2.808381275E1,5.144041193E-1,-9.898929718E-1,-5.003879048E-1
2.809380775E1,5.726932579E-1,-8.150828585E-1,-5.400476682E-1
2.810380275E1,7.482693565E-1,-6.465424222E-1,-4.538886532E-1
2.811379675E1,9.202921021E-1,-6.438527030E-1,-3.036932713E-1
2.812379175E1,9.834893936E-1,-7.785471162E-1,-6.989761591E-2
2.813378675E1,8.932896602E-1,-8.273532405E-1,8.522755355E-2
2.814378175E1,7.383670968E-1,-8.338591450E-1,8.387421548E-2
2.815377575E1,5.071471399E-1,-8.710605928E-1,-5.183702856E-2
2.816377075E1,3.550458580E-1,-8.969438776E-1,-3.015926591E-1
2.817376575E1,3.541161507E-1,-9.016891855E-1,-4.984365427E-1
2.818375988E1,4.823602080E-1,-9.311705545E-1,-4.931141147E-1
2.819375487E1,6.212257326E-1,-9.707635134E-1,-2.956317151E-1
2.820374987E1,7.150390452E-1,-9.805339184E-1,3.629863769E-2
2.821374487E1,7.389559114E-1,-9.703305271E-1,3.629319978E-1
2.822373887E1,6.873653430E-1,-9.542407438E-1,5.610225078E-1
2.823373388E1,6.510792768E-1,-8.987214312E-1,5.335332853E-1
2.824372888E1,6.012551522E-1,-8.137052545E-1,3.295034659E-1
2.825372387E1,4.528387856E-1,-7.982911170E-1,2.057366216E-1
2.826371787E1,2.217655939E-1,-9.239752632E-1,1.104521495E-1
2.827371287E1,5.071874857E-3,-1.029981190E0,2.527634382E-2
2.828370787E1,-1.867238152E-1,-1.173995188E0,1.300830066E-2
2.829370288E1,-2.929753250E-1,-1.244459984E0,5.624027431E-2
2.830369688E1,-3.104918289E-1,-1.155483488E0,6.100897104E-2
2.831369188E1,-2.745881706E-1,-1.026713766E0,-2.196623504E-2
2.832368687E1,-2.149307835E-1,-9.487043077E-1,-2.006624079E-1
2.833368087E1,-1.357571447E-1,-9.207803446E-1,-2.338602671E-1
2.834367587E1,-1.402846438E-1,-9.192577296E-1,-7.754401982E-2
2.835367087E1,-2.640503186E-1,-9.695139635E-1,7.576237321E-3
2.836366588E1,-4.322068852E-1,-1.140000646E0,6.739208400E-3
2.837365988E1,-5.054953015E-1,-1.284861320E0,3.337736875E-2
2.838365488E1,-4.436709362E-1,-1.286200333E0,2.721352637E-2
2.839364988E1,-2.624721551E-1,-1.186143363E0,-5.807279170E-2
2.840364487E1,-9.280993044E-2,-1.080927395E0,-1.973259866E-2
2.841363887E1,-4.651927829E-2,-9.769598079E-1,3.271666262E-1
2.842363387E1,-2.129023844E-1,-8.358583081E-1,4.408192492E-1
2.843362888E1,-5.326889473E-1,-8.863156861E-1,3.623925921E-1
2.844362388E1,-7.412427574E-1,-9.369484806E-1,2.065704346E-1
2.845361788E1,-7.819048798E-1,-9.418940556E-1,-3.836445898E-2
2.846361288E1,-6.626368833E-1,-8.850866014E-1,-2.265033004E-1
2.847360787E1,-5.274650449E-1,-8.546974522E-1,-1.300455844E-1
2.848360187E1,-5.496505505E-1,-9.149705511E-1,8.825436473E-2
2.849359687E1,-6.783156073E-1,-9.336670232E-1,2.321636975E-1
2.850359187E1,-7.437541366E-1,-8.890574455E-1,3.620920452E-1
2.851358688E1,-6.089968657E-1,-7.465602154E-1,4.716136104E-1
2.852358088E1,-3.917576015E-1,-6.460927713E-1,5.005356932E-1
2.853357588E1,-1.666017920E-1,-6.019059473E-1,4.034140259E-1
2.854357087E1,1.827956557E-2,-5.972006929E-1,3.249218801E-1
2.855356587E1,6.034911275E-3,-6.515178180E-1,2.220243332E-1
2.856355987E1,-1.453120798E-1,-7.127703255E-1,8.759743005E-2
2.857355487E1,-3.890187657E-1,-7.468385428E-1,-8.437152117E-2
2.858354988E1,-7.325947255E-1,-8.241936976E-1,-1.748709244E-1
2.859354488E1,-1.044453633E0,-9.787344378E-1,-1.755231813E-1
2.860353888E1,-1.283400101E0,-1.061124045E0,-2.071314749E-1
2.861353387E1,-1.373495169E0,-1.045012043E0,-2.855454142E-1
2.862352887E1,-1.316002421E0,-9.317280865E-1,-3.267302777E-1
2.863352287E1,-1.249887954E0,-8.027016717E-1,-3.671566111E-1
2.864351787E1,-1.131558728E0,-6.834494627E-1,-3.619449878E-1
2.865351288E1,-1.009047866E0,-6.103820711E-1,-3.252531248E-1
2.866350788E1,-8.733278507E-1,-5.447184241E-1,-2.531068160E-1
2.867350188E1,-7.148036948E-1,-4.994691610E-1,-1.261671263E-1
2.868349688E1,-5.772070161E-1,-4.804277033E-1,-9.816656470E-2
2.869349187E1,-5.056762728E-1,-4.426348096E-1,-1.157231221E-1
2.870348687E1,-5.342837754E-1,-3.800532299E-1,-1.401777859E-1
2.871348087E1,-6.487146628E-1,-3.876318061E-1,-1.318026727E-1
2.872347588E1,-7.188631243E-1,-4.321571839E-1,-5.798289075E-2
2.873347088E1,-7.231728145E-1,-4.486662126E-1,8.150960147E-2
2.874346588E1,-6.892618874E-1,-4.271104521E-1,2.761125398E-1
2.875345988E1,-6.318127012E-1,-4.149236852E-1,4.207438575E-1
2.876345487E1,-5.627746260E-1,-4.088840961E-1,5.908968097E-1
2.877344987E1,-4.989192304E-1,-4.009301287E-1,7.713703899E-1
2.878344487E1,-3.956366444E-1,-3.239679068E-1,9.029093532E-1
2.879343887E1,-3.848339134E-1,-2.480751407E-1,9.006782019E-1
2.880343388E1,-4.277717721E-1,-2.118171412E-1,8.611913699E-1
2.881342888E1,-6.406832197E-1,-2.560571748E-1,7.641863546E-1
2.882342288E1,-9.462958395E-1,-3.498669791E-1,7.294155943E-1
2.883341787E1,-1.233209064E0,-4.451385874E-1,9.087608081E-1
2.884341287E1,-1.198224295E0,-3.292602217E-1,1.133825840E0
2.885340787E1,-8.517358375E-1,-4.079193056E-2,1.240991123E0
2.886340187E1,-5.348927629E-1,1.148317140E-1,1.124279237E0
2.887339688E1,-4.286441767E-1,1.393227768E-1,9.118688956E-1
2.888339188E1,-5.742173347E-1,-2.569851279E-3,6.174542785E-1
2.889338687E1,-8.226479861E-1,-1.880926484E-1,3.671533951E-1
2.890338087E1,-1.065452154E0,-2.829830182E-1,1.307875961E-1
2.891337587E1,-1.229074498E0,-3.983953607E-1,-8.309244275E-2
2.892337087E1,-1.284862782E0,-5.189234322E-1,-1.833067024E-1
2.893336588E1,-1.164655430E0,-5.189327878E-1,-1.413634551E-1
2.894335988E1,-8.836914557E-1,-4.928799337E-1,-3.367762327E-2
2.895335488E1,-5.469562997E-1,-4.597648126E-1,8.725916862E-2
2.896334988E1,-2.092478746E-1,-4.456777006E-1,2.292114383E-1
2.897334388E1,-1.051402465E-2,-4.833618361E-1,3.342750862E-1
2.898333887E1,-1.160672307E-2,-6.250439644E-1,3.854373461E-1
2.899333387E1,-2.958439690E-1,-8.874921459E-1,5.193249898E-1
2.900332888E1,-7.209475105E-1,-1.134541100E0,7.760193649E-1
2.901332288E1,-9.312189402E-1,-1.181114758E0,9.839143400E-1
2.902331788E1,-8.071044789E-1,-9.517179626E-1,1.182605067E0
2.903331288E1,-5.414287806E-1,-6.709592253E-1,1.321700387E0
2.904330787E1,-3.279913759E-1,-4.604810965E-1,1.253710864E0
2.905330187E1,-3.446163256E-1,-3.854812002E-1,1.228352366E0
2.906329687E1,-5.241179524E-1,-3.894356722E-1,1.191624835E0
2.907329187E1,-7.519320524E-1,-3.726968479E-1,1.219093447E0
2.908328688E1,-8.840498900E-1,-3.361979431E-1,1.360255173E0
2.909328088E1,-7.352995013E-1,-2.624499357E-1,1.550621803E0
2.910327588E1,-4.380346589E-1,-1.505348128E-1,1.704745783E0
2.911327087E1,-1.339678967E-1,-7.212482035E-2,1.702779365E0
2.912326487E1,2.091841400E-2,-1.818308651E-2,1.545918157E0
2.913325987E1,-2.031936675E-2,-5.937730551E-2,1.299735467E0
2.914325487E1,-2.159873754E-1,-1.698809105E-1,1.032685527E0
2.915324988E1,-4.069881365E-1,-2.400480831E-1,9.055037628E-1
2.916324388E1,-5.200591077E-1,-2.599631149E-1,8.252611068E-1
2.917323888E1,-5.366428345E-1,-2.284396058E-1,6.596844779E-1
2.918323400E1,-4.306598581E-1,-2.245289880E-1,5.909813020E-1
2.919322900E1,-2.428930458E-1,-2.167217857E-1,5.608488455E-1
2.920322300E1,-4.521564156E-2,-2.407444865E-1,4.830124649E-1
2.921321800E1,1.653960961E-1,-2.655325878E-1,4.298870024E-1
2.922321300E1,3.373494060E-1,-2.986219811E-1,4.522824231E-1
2.923320800E1,4.572715598E-1,-3.101550293E-1,4.452397442E-1
2.924320200E1,5.516709097E-1,-2.842313987E-1,4.668795584E-1
2.925319700E1,5.766427597E-1,-2.210001934E-1,4.517053029E-1
2.926319200E1,5.582569210E-1,-1.880096179E-1,4.076384930E-1
2.927318700E1,5.237408070E-1,-1.578596199E-1,3.526758353E-1
2.928318100E1,4.689711075E-1,-1.641769516E-1,3.351565540E-1
2.929317600E1,3.454312813E-1,-2.173965544E-1,3.182996160E-1
2.930317100E1,2.537220892E-1,-2.274327153E-1,2.772888534E-1
2.931316500E1,9.955016211E-2,-1.996900159E-1,1.932612947E-1
2.932316000E1,-2.862738311E-2,-1.948374116E-1,1.438871133E-1
2.933315500E1,-1.389538175E-1,-1.780705208E-1,1.885452229E-1
2.934315000E1,-2.490194660E-1,-1.462026107E-1,2.875175339E-1
2.935314400E1,-3.909587257E-1,-1.012889779E-1,3.921078497E-1
2.936313900E1,-5.280386567E-1,-1.165215594E-1,5.368882714E-1
2.937313400E1,-6.451395290E-1,-1.908870327E-1,6.118362737E-1
2.938312900E1,-7.490306640E-1,-3.023893422E-1,6.806755435E-1
2.939312300E1,-8.289001215E-1,-3.871640289E-1,7.614235452E-1
2.940311800E1,-8.638813815E-1,-4.088332254E-1,8.651598752E-1
2.941311300E1,-8.878067261E-1,-3.877937740E-1,1.048250669E0
2.942310700E1,-9.768606976E-1,-4.633789766E-1,1.147800100E0
2.943310200E1,-1.099727655E0,-5.866365284E-1,1.259196429E0
2.944309700E1,-1.132021827E0,-6.735115349E-1,1.300235404E0
2.945309200E1,-1.120079474E0,-6.956701434E-1,1.391600195E0
2.946308600E1,-1.158657941E0,-8.273155260E-1,1.555096239E0
2.947308100E1,-1.264175918E0,-9.694186538E-1,1.739869715E0
2.948307600E1,-1.318821949E0,-9.870567799E-1,1.960728114E0
2.949307100E1,-1.368484983E0,-9.723212117E-1,2.011929258E0
2.950306500E1,-1.433687577E0,-9.681819677E-1,1.975660733E0
2.951306000E1,-1.567394395E0,-1.008204989E0,1.910313420E0
2.952305500E1,-1.821710562E0,-1.035101012E0,1.745461992E0
2.953305000E1,-2.202881194E0,-1.101159346E0,1.585513747E0
2.954304400E1,-2.463143394E0,-1.157822959E0,1.505113947E0
2.955303900E1,-2.606983438E0,-1.187723866E0,1.455688603E0
2.956303400E1,-2.623953519E0,-1.174884549E0,1.330629816E0
2.957302900E1,-2.526881553E0,-1.183629060E0,1.273833764E0
2.958302300E1,-2.385221937E0,-1.237082552E0,1.240440023E0
2.959301800E1,-2.234619589E0,-1.322691636E0,1.194034181E0
2.960301300E1,-2.117835489E0,-1.489957087E0,1.176753320E0
2.961300700E1,-1.953803841E0,-1.719141628E0,1.162026815E0
2.962300200E1,-1.675798557E0,-1.861348836E0,1.184262314E0
2.963299700E1,-1.316585681E0,-1.941223556E0,1.193915775E0
2.964299200E1,-9.732754773E-1,-1.993054445E0,1.147689442E0
2.965298600E1,-7.166230559E-1,-2.095491816E0,1.187170427E0
2.966298100E1,-5.312686586E-1,-2.213276374E0,1.121232837E0
2.967297600E1,-3.547915041E-1,-2.249268910E0,1.083586709E0
2.968297100E1,-1.849643880E-1,-2.177779098E0,1.007416200E0
2.969296500E1,-5.994565487E-2,-2.088521935E0,9.841998303E-1
2.970296000E1,7.140093505E-2,-2.080819983E0,9.191220742E-1
2.971295500E1,1.849193645E-1,-2.160224587E0,8.182751459E-1
2.972294900E1,3.922025746E-1,-2.183154443E0,6.899302241E-1
2.973294400E1,6.049225259E-1,-2.158392654E0,5.771464974E-1
2.974293900E1,7.728440344E-1,-2.134377555E0,4.639707148E-1
2.975293400E1,9.180596352E-1,-2.017485282E0,3.673329046E-1
2.976292800E1,9.110774750E-1,-1.904051637E0,2.006004274E-1
2.977292300E1,8.639302057E-1,-1.904397792E0,-5.959482193E-3
2.978291800E1,8.980025160E-1,-1.925134358E0,-1.155026820E-1
2.979291300E1,9.569401109E-1,-2.012855456E0,-2.304791147E-1
2.980290700E1,1.106629416E0,-2.097326673E0,-2.366268772E-1
2.981290200E1,1.333715392E0,-2.117182063E0,-1.272190404E-1
2.982289700E1,1.517673474E0,-1.997411206E0,-4.481364548E-2
2.983289200E1,1.472426550E0,-1.910083625E0,-5.650866151E-2
2.984288600E1,1.237643300E0,-1.853731084E0,-1.459605360E-1
2.985288100E1,9.011945111E-1,-1.961103213E0,-1.759286857E-1
2.986287600E1,6.570831978E-1,-2.073947750E0,-3.181566516E-1
2.987287000E1,5.754092896E-1,-2.102663426E0,-3.921318233E-1
2.988286500E1,6.936984622E-1,-2.007832406E0,-3.926428699E-1
2.989286000E1,9.248856747E-1,-1.856763158E0,-3.858919671E-1
2.990285500E1,1.125197250E0,-1.797437600E0,-3.161507642E-1
2.991284900E1,1.250895429E0,-1.839732850E0,-1.418961364E-1
2.992284400E1,1.358810472E0,-1.838593812E0,4.765188396E-3
2.993283900E1,1.437232159E0,-1.789709335E0,6.640185803E-2
2.994283400E1,1.445308918E0,-1.671713400E0,-6.803732425E-2
2.995282800E1,1.406611460E0,-1.567109343E0,-1.956370184E-1
2.996282300E1,1.319027186E0,-1.480933664E0,-3.653702867E-1
2.997281800E1,1.182352613E0,-1.377775331E0,-5.093237659E-1
2.998281300E1,1.027020160E0,-1.298920950E0,-6.310180646E-1
2.999280700E1,9.156915128E-1,-1.416440629E0,-7.307484671E-1
3.000280200E1,9.929928732E-1,-1.528315699E0,-7.731577376E-1
3.001279700E1,1.177865460E0,-1.509240620E0,-7.150934243E-1
3.002279200E1,1.364480517E0,-1.437971247E0,-6.911514151E-1
3.003278600E1,1.526551301E0,-1.349011708E0,-6.937385157E-1
3.004278100E1,1.635818220E0,-1.240050745E0,-7.114924166E-1
3.005277600E1,1.712875752E0,-1.087961449E0,-6.531211245E-1
3.006277000E1,1.741708957E0,-9.127183498E-1,-6.163275200E-1
3.007276500E1,1.665885188E0,-8.343340851E-1,-6.462097156E-1
3.008276000E1,1.447884616E0,-8.777932231E-1,-6.441728380E-1
3.009275500E1,1.299155424E0,-9.180799542E-1,-6.557167035E-1
3.010274900E1,1.144153338E0,-9.694515444E-1,-7.395169517E-1
3.011274400E1,1.083655706E0,-9.802779566E-1,-7.319883692E-1
3.012273900E1,1.122302878E0,-8.318975504E-1,-6.228942356E-1
3.013273400E1,1.210361946E0,-6.347561165E-1,-6.182933539E-1
3.014272800E1,1.244893262E0,-5.984623028E-1,-5.915660235E-1
3.015272300E1,1.244018519E0,-6.703656598E-1,-5.278024292E-1
3.016271800E1,1.173467769E0,-6.454188066E-1,-5.459827383E-1
3.017271200E1,1.093972533E0,-5.347191006E-1,-5.413539362E-1
3.018270650E1,9.646596050E-1,-4.117456504E-1,-4.623440194E-1
3.019270150E1,6.911549234E-1,-4.671058091E-1,-5.633988163E-1
3.020269650E1,5.017875820E-1,-5.774894731E-1,-6.164826174E-1
3.021269050E1,4.424266487E-1,-7.071100746E-1,-6.078638215E-1
3.022268550E1,5.886029470E-1,-7.545244154E-1,-6.236195827E-1
3.023268050E1,7.437032658E-1,-6.225760008E-1,-4.274256170E-1
3.024267550E1,6.893873101E-1,-4.697952725E-1,-2.666869743E-1
3.025266950E1,5.041206211E-1,-4.058198993E-1,-2.941332199E-1
3.026266450E1,3.009930271E-1,-3.831127124E-1,-4.880795158E-1
3.027265950E1,1.166466898E-1,-3.681426344E-1,-7.405387527E-1
3.028265450E1,7.406375706E-2,-4.580545751E-1,-9.437236494E-1
3.029264850E1,2.036099893E-1,-6.520274028E-1,-1.007549517E0
3.030264350E1,4.992036974E-1,-8.967048727E-1,-8.455946530E-1
3.031263850E1,8.101592106E-1,-9.530151674E-1,-7.033454910E-1
3.032263350E1,1.030577021E0,-8.560385842E-1,-6.500813033E-1
3.033262750E1,1.209885982E0,-6.021468526E-1,-6.071112849E-1
3.034262250E1,1.333579152E0,-3.168115727E-1,-4.983114123E-1
3.035261750E1,1.447793984E0,-1.380222829E-1,-3.281948590E-1
3.036261150E1,1.540133214E0,-1.449328148E-1,-3.094880082E-1
3.037260650E1,1.645486591E0,-2.976941742E-1,-4.335260171E-1
3.038260150E1,1.901829695E0,-4.068956043E-1,-6.148873508E-1
3.039259650E1,2.244743165E0,-4.285400232E-1,-7.597487564E-1
3.040259050E1,2.570016755E0,-3.311954308E-1,-8.935130239E-1
3.041258550E1,2.786943778E0,-9.436762869E-2,-8.282610208E-1
3.042258050E1,2.896205435E0,6.002810061E-2,-7.758224599E-1
3.043257550E1,2.882335839E0,3.442840576E-3,-7.129632837E-1
3.044256950E1,2.835145301E0,-5.007833228E-2,-6.753405440E-1
3.045256450E1,2.800873016E0,-4.134332299E-2,-7.007683307E-1
3.046255950E1,2.805979974E0,-5.057826921E-2,-7.287520815E-1
3.047255350E1,2.767469627E0,-3.884027615E-2,-7.085948288E-1
3.048254850E1,2.823284808E0,1.998841435E-2,-7.402920002E-1
3.049254350E1,2.888792920E0,1.649607709E-1,-6.985819106E-1
3.050253850E1,2.871888034E0,2.180609442E-1,-6.458935274E-1
3.051253250E1,2.800598781E0,1.090213358E-1,-6.243621790E-1
3.052252750E1,2.678441091E0,-1.251618437E-1,-5.732491820E-1
3.053252250E1,2.616513814E0,-2.222300090E-1,-4.643431824E-1
3.054251750E1,2.603986740E0,-1.152800493E-1,-4.650724764E-1
3.055251150E1,2.518391688E0,-2.335231751E-3,-4.146892118E-1
3.056250650E1,2.433715235E0,3.103512034E-2,-2.668726234E-1
3.057250150E1,2.357949938E0,1.068030484E-2,-1.274174072E-1
3.058249650E1,2.212568861E0,-9.861680031E-2,-1.583016694E-2
3.059249050E1,1.942671912E0,-2.155928345E-1,3.938494429E-2
3.060248550E1,1.697688194E0,-2.657012799E-1,-2.156350806E-2
3.061248050E1,1.520966626E0,-2.712298954E-1,-1.090782000E-1
3.062247450E1,1.414069583E0,-2.212389790E-1,-1.897943343E-1
3.063246950E1,1.337644136E0,-1.518221504E-1,-2.735438579E-1
3.064246450E1,1.253056560E0,-1.474837357E-1,-2.637724297E-1
3.065245950E1,1.151486331E0,-1.672227663E-1,-1.933685911E-1
3.066245350E1,1.124276313E0,-2.008647215E-1,-1.934405118E-1
3.067244850E1,1.107166191E0,-2.892844528E-1,-2.063687056E-1
3.068244350E1,1.077527824E0,-4.157926911E-1,-1.915898681E-1
3.069243850E1,1.042694791E0,-4.581843102E-1,-1.656656528E-1
3.070243250E1,9.899622613E-1,-3.500880039E-1,-2.468536574E-1
3.071242750E1,8.783599645E-1,-3.260794095E-1,-3.488571650E-1
3.072242250E1,8.422335273E-1,-3.523334078E-1,-4.164897157E-1
3.073241750E1,9.231923211E-1,-3.495762994E-1,-4.638502622E-1
3.074241150E1,1.057937897E0,-4.322869921E-1,-4.822479415E-1
3.075240650E1,1.157172748E0,-4.826714992E-1,-4.540627541E-1
3.076240150E1,1.137285783E0,-5.003039242E-1,-4.941534573E-1
3.077239650E1,1.072259483E0,-5.910683889E-1,-5.913458759E-1
3.078239050E1,1.095957078E0,-7.646227030E-1,-6.252477399E-1
3.079238550E1,1.145976500E0,-9.318774097E-1,-6.358928883E-1
3.080238050E1,1.312022806E0,-9.043170704E-1,-5.780254801E-1
3.081237450E1,1.466165936E0,-7.155026563E-1,-3.800286716E-1
3.082236950E1,1.548160272E0,-6.165741994E-1,-2.784122497E-1
3.083236450E1,1.594655576E0,-7.470296737E-1,-3.144585800E-1
3.084235950E1,1.655046789E0,-8.536288004E-1,-3.050661975E-1
3.085235350E1,1.710132823E0,-8.273092403E-1,-2.626043022E-1
3.086234850E1,1.601855253E0,-7.332181849E-1,-3.664583074E-1
3.087234350E1,1.371671423E0,-7.087759463E-1,-3.807516798E-1
3.088233850E1,1.038289499E0,-7.336684205E-1,-2.657827024E-1
3.089233250E1,6.939025301E-1,-8.107778460E-1,-2.496715768E-1
3.090232750E1,4.362876570E-1,-8.567183961E-1,-3.447839946E-1
3.091232250E1,3.507867461E-1,-8.868743876E-1,-4.257404494E-1
3.092231750E1,3.794211459E-1,-8.683369598E-1,-4.900756091E-1
3.093231150E1,3.207659715E-1,-8.457412720E-1,-4.695330249E-1
3.094230650E1,1.336316818E-1,-8.204339379E-1,-3.710052484E-1
3.095230150E1,-8.189259410E-2,-8.353460920E-1,-2.913967229E-1
3.096229550E1,-2.047507811E-1,-8.473042327E-1,-2.964161190E-1
3.097229050E1,-1.597424233E-1,-8.114543688E-1,-4.774660885E-1
3.098228550E1,-2.626627743E-2,-7.494841155E-1,-5.663456668E-1
3.099228050E1,1.532718945E-1,-7.393842199E-1,-5.842153426E-1
3.100227450E1,3.453880119E-1,-9.244643828E-1,-4.253212041E-1
3.101226950E1,3.214319694E-1,-1.195559134E0,-1.236329430E-1
3.102226450E1,1.769852775E-1,-1.273942522E0,-7.751142159E-2
3.103225950E1,-1.632542610E-2,-1.181561777E0,-1.634653455E-1
3.104225350E1,-8.361576855E-2,-9.873207816E-1,-3.139981118E-1
3.105224850E1,8.979802966E-2,-8.474638617E-1,-5.223154020E-1
3.106224350E1,3.546710515E-1,-7.614311466E-1,-7.155781585E-1
3.107223850E1,5.824522609E-1,-8.293734536E-1,-7.762132001E-1
3.108223250E1,6.683490282E-1,-1.102470877E0,-6.386299700E-1
3.109222750E1,6.654090482E-1,-1.367150940E0,-4.445025565E-1
3.110222250E1,7.032294238E-1,-1.368671216E0,-2.294624300E-1
3.111221750E1,8.742107803E-1,-1.113891951E0,1.649783126E-1
3.112221150E1,1.154068462E0,-8.613483676E-1,5.100301096E-1
3.113220650E1,1.373797470E0,-7.313691491E-1,6.896220759E-1
3.114220150E1,1.431691922E0,-9.312386745E-1,8.736415538E-1
3.115219550E1,1.265573695E0,-1.334818761E0,8.782275251E-1
3.116219050E1,9.690227973E-1,-1.711452540E0,8.265048096E-1
3.117218550E1,5.553030539E-1,-1.883842490E0,7.077083910E-1
3.118218050E1,1.346613765E-1,-1.722462847E0,4.953816649E-1
3.119217487E1,-2.583013362E-1,-1.384893731E0,3.928092232E-1
3.120216987E1,-5.649784416E-1,-9.354007226E-1,1.988874856E-1
3.121216487E1,-8.122238624E-1,-6.841850424E-1,6.985463887E-2
3.122215988E1,-9.713552517E-1,-6.327014780E-1,1.289144406E-1
3.123215388E1,-1.012840662E0,-7.896348989E-1,2.025124669E-1
3.124214888E1,-9.706997788E-1,-1.222085613E0,3.622490430E-1
3.125214387E1,-8.567398846E-1,-1.558298174E0,5.524434730E-1
3.126213887E1,-6.905193311E-1,-1.650638573E0,6.451724195E-1
3.127213287E1,-5.615771163E-1,-1.500485584E0,6.263499400E-1
3.128212787E1,-5.253822666E-1,-1.287756277E0,5.891113624E-1
3.129212288E1,-6.279734194E-1,-1.130482548E0,4.758154196E-1
3.130211688E1,-8.276511562E-1,-1.001563137E0,3.055670115E-1
3.131211188E1,-9.932057118E-1,-8.648523116E-1,2.820296296E-1
3.132210688E1,-1.038995842E0,-7.173633134E-1,3.436660069E-1
3.133210187E1,-1.034351399E0,-6.833067906E-1,4.211696810E-1
3.134209587E1,-9.983085769E-1,-8.362453938E-1,7.166496608E-1
3.135209087E1,-9.754956651E-1,-1.004098490E0,9.083766460E-1
3.136208588E1,-9.663295698E-1,-1.063768741E0,7.414740148E-1
3.137208088E1,-9.949271321E-1,-1.092186209E0,4.781136677E-1
3.138207488E1,-9.841401887E-1,-1.080143868E0,2.406614560E-1
3.139206988E1,-8.944228506E-1,-1.022173403E0,-2.050267696E-2
3.140206487E1,-8.055445880E-1,-9.750401670E-1,-2.342719111E-1
3.141205987E1,-8.129325449E-1,-9.952446359E-1,2.862212062E-4
3.142205387E1,-9.374753147E-1,-9.592298806E-1,5.465149811E-1
3.143204887E1,-1.126209695E0,-8.208701402E-1,7.941419327E-1
3.144204388E1,-1.320341932E0,-8.502255017E-1,9.924844578E-1
3.145203788E1,-1.408510343E0,-8.760456365E-1,9.784259972E-1
3.146203288E1,-1.429095758E0,-8.630952233E-1,8.447633252E-1
3.147202787E1,-1.397607625E0,-8.165145493E-1,6.019109175E-1
3.148202287E1,-1.295671653E0,-7.211137176E-1,3.300358549E-1
3.149201687E1,-1.178013394E0,-5.721646696E-1,-1.484958887E-2
3.150201187E1,-1.011915632E0,-4.989703935E-1,-2.714479235E-1
3.151200688E1,-8.386439216E-1,-4.462390333E-1,-4.186819831E-1
3.152200188E1,-6.193329889E-1,-4.640139842E-1,-3.994010818E-1
3.153199588E1,-3.530189207E-1,-5.822897083E-1,-2.115069464E-1
3.154199087E1,-4.710604638E-2,-7.393833429E-1,6.566423178E-3
3.155198587E1,2.109190089E-1,-8.920979977E-1,2.117420045E-1
3.156198087E1,3.479406139E-1,-9.040824509E-1,4.058751190E-1
3.157197487E1,3.609895527E-1,-7.866335231E-1,4.432592922E-1
3.158196988E1,2.215542170E-1,-5.638779956E-1,3.445886976E-1
3.159196488E1,-5.515210748E-2,-3.759005374E-1,1.218969047E-1
3.160195988E1,-4.283763742E-1,-2.772895843E-1,-1.604511058E-1
3.161195388E1,-7.955025798E-1,-3.062198532E-1,-4.886254996E-1
3.162194887E1,-1.102714705E0,-3.493880922E-1,-7.373157674E-1
3.163194387E1,-1.331850422E0,-3.688289148E-1,-9.404395607E-1
3.164193787E1,-1.501127315E0,-3.556720948E-1,-1.049919026E0
3.165193288E1,-1.630163378E0,-3.096860826E-1,-1.021860577E0
3.166192788E1,-1.680872771E0,-2.280349785E-1,-9.429161489E-1
3.167192288E1,-1.602630886E0,-1.565580297E-1,-8.747009231E-1
3.168191688E1,-1.424260403E0,-8.730302274E-2,-7.981162852E-1
3.169191187E1,-1.257866772E0,-1.403969103E-1,-6.693853010E-1
3.170190687E1,-1.066671883E0,-2.555677629E-1,-5.498576881E-1
3.171190187E1,-8.412437399E-1,-3.807285833E-1,-3.299501932E-1
3.172189587E1,-6.364052506E-1,-4.378640664E-1,-1.074861494E-1
3.173189088E1,-4.625743997E-1,-4.263257557E-1,5.705566853E-2
3.174188588E1,-3.456906053E-1,-4.355023760E-1,2.033693764E-1
3.175187988E1,-2.539378515E-1,-4.205516303E-1,4.134037015E-1
3.176187487E1,-2.006350721E-1,-4.223607588E-1,5.437090485E-1
3.177186987E1,-1.706594673E-1,-5.153022516E-1,6.422733700E-1
3.178186487E1,-1.614213051E-1,-6.741278315E-1,8.201146799E-1
3.179185887E1,-1.143143816E-1,-7.629996622E-1,1.013270432E0
3.180185388E1,-3.937968180E-2,-7.884420669E-1,1.169074171E0
3.181184888E1,-1.915606320E-2,-7.622418630E-1,1.305917436E0
3.182184387E1,6.836564541E-3,-6.669258159E-1,1.411298442E0
3.183183787E1,3.051793411E-2,-5.026091158E-1,1.460388741E0
3.184183287E1,-3.039982036E-2,-3.689341646E-1,1.436955585E0
3.185182787E1,-1.245120719E-1,-3.259933823E-1,1.414280668E0
3.186182288E1,-2.129462385E-1,-3.427596885E-1,1.362787602E0
3.187181688E1,-2.739823991E-1,-4.363888139E-1,1.331469330E0
3.188181188E1,-2.240712972E-1,-5.462463015E-1,1.325578845E0
3.189180688E1,-9.211206526E-2,-5.779808950E-1,1.284263735E0
3.190180187E1,3.330179349E-2,-5.163851559E-1,1.244362774E0
3.191179587E1,1.518112600E-1,-3.845362902E-1,1.268794780E0
3.192179087E1,2.843085819E-1,-1.872389549E-1,1.271441229E0
3.193178588E1,3.602699067E-1,-3.835890412E-2,1.235624841E0
3.194177988E1,3.318885452E-1,-7.675873876E-2,1.184263629E0
3.195177488E1,3.552468561E-1,-2.037403822E-1,1.142934194E0
3.196176988E1,4.459031108E-1,-3.006369317E-1,1.111666646E0
3.197176487E1,5.408127764E-1,-2.815258920E-1,1.094977085E0
3.198175887E1,6.412534694E-1,-1.651218617E-1,1.085659985E0
3.199175387E1,7.294505315E-1,-4.345943034E-2,1.046045830E0
3.200174887E1,7.050900078E-1,3.389221609E-2,9.155722296E-1
3.201174388E1,6.499935950E-1,1.283639252E-2,7.943300669E-1
3.202173788E1,6.116776679E-1,-1.690897822E-2,6.713889956E-1
3.203173288E1,6.233130424E-1,-1.474609315E-2,5.363254769E-1
3.204172787E1,6.997832210E-1,-2.068160176E-3,4.341716959E-1
3.205172287E1,7.876303272E-1,2.019628286E-3,3.745603555E-1
3.206171687E1,8.436611250E-1,1.537817717E-3,3.386699997E-1
3.207171187E1,8.503019540E-1,-2.586457372E-2,3.230440468E-1
3.208170688E1,8.730951315E-1,-2.737490952E-2,3.093438743E-1
3.209170088E1,8.939683758E-1,-1.751825809E-2,3.026752710E-1
3.210169588E1,8.839003475E-1,-2.289009511E-2,2.769380204E-1
3.211169087E1,8.615074119E-1,-6.619515896E-2,2.556828068E-1
3.212168587E1,8.514792909E-1,-1.006995785E-1,2.141501802E-1
3.213167987E1,7.692013653E-1,-1.047364962E-1,1.544018689E-1
3.214167487E1,6.939295734E-1,-1.049084044E-1,1.312125425E-1
3.215166988E1,6.386128668E-1,-9.656852067E-2,1.034846073E-1
3.216166488E1,6.075607896E-1,-8.692646205E-2,8.971251413E-2
3.217165888E1,5.565450025E-1,-1.074718237E-1,8.141955435E-2
3.218165388E1,5.068194035E-1,-1.648119593E-1,1.539392079E-1
3.219164912E1,4.214917164E-1,-1.990596861E-1,1.839976971E-1
3.220164412E1,3.511932738E-1,-2.108973742E-1,2.823420171E-1
3.221163812E1,3.152429840E-1,-1.731863415E-1,3.993389551E-1
3.222163313E1,3.044235885E-1,-1.340684688E-1,4.863648199E-1
3.223162813E1,2.610749629E-1,-1.723238772E-1,6.022024012E-1
3.224162213E1,2.265724437E-1,-2.579850018E-1,8.258806193E-1
3.225161713E1,1.652909924E-1,-3.618800837E-1,9.614391048E-1
3.226161212E1,1.201322150E-1,-3.967704195E-1,1.080501864E0
3.227160712E1,7.414137885E-2,-3.648118776E-1,1.135420521E0
3.228160112E1,-8.154526949E-3,-2.792600960E-1,1.101854580E0
3.229159613E1,-9.272324547E-2,-2.857604456E-1,1.184722490E0
3.230159113E1,-2.278385121E-1,-3.764332187E-1,1.205926833E0
3.231158613E1,-3.916150756E-1,-5.138474643E-1,1.220007220E0
3.232158013E1,-5.448632888E-1,-6.004704559E-1,1.201963005E0
3.233157512E1,-6.790007548E-1,-6.609300810E-1,1.213564758E0
3.234157012E1,-7.747486188E-1,-6.769964755E-1,1.259458530E0
3.235156512E1,-7.930626829E-1,-6.185465384E-1,1.305855163E0
3.236155912E1,-8.166475734E-1,-5.998494816E-1,1.366113937E0
3.237155413E1,-8.515229988E-1,-6.481919217E-1,1.486476240E0
3.238154913E1,-8.697509627E-1,-7.348488271E-1,1.660357230E0
3.239154313E1,-8.618428959E-1,-7.716108567E-1,1.702598393E0
3.240153812E1,-8.511875148E-1,-8.405793500E-1,1.766432739E0
3.241153312E1,-8.340173122E-1,-8.925458944E-1,1.825779054E0
3.242152812E1,-8.514730051E-1,-9.788975751E-1,1.907873377E0
3.243152212E1,-8.933637737E-1,-1.025858318E0,1.961432411E0
3.244151713E1,-9.296441388E-1,-1.040147159E0,1.969346325E0
3.245151213E1,-9.848335223E-1,-1.063605019E0,1.999367976E0
3.246150712E1,-1.006367210E0,-1.071374799E0,1.984261402E0
3.247150112E1,-9.460730606E-1,-1.051788965E0,2.011616724E0
3.248149612E1,-8.468607214E-1,-1.045362291E0,1.993430129E0
3.249149112E1,-7.776171166E-1,-1.089373114E0,1.920589902E0
3.250148613E1,-7.571647257E-1,-1.172898250E0,1.831344142E0
3.251148013E1,-7.790727809E-1,-1.285047262E0,1.726952339E0
3.252147513E1,-8.483426982E-1,-1.412838160E0,1.639285619E0
3.253147013E1,-8.789987728E-1,-1.489886336E0,1.554360074E0
3.254146413E1,-7.532666793E-1,-1.476410843E0,1.479600791E0
3.255145912E1,-5.286359498E-1,-1.431844534E0,1.428196749E0
3.256145412E1,-3.271400213E-1,-1.364690432E0,1.316409388E0
3.257144913E1,-2.593333697E-1,-1.378606805E0,1.325726926E0
3.258144313E1,-4.040244752E-1,-1.599619278E0,1.269386664E0
3.259143813E1,-5.748084882E-1,-1.824595578E0,1.156316131E0
3.260143313E1,-6.555637988E-1,-1.900673116E0,1.002384086E0
3.261142812E1,-7.190177831E-1,-1.895214740E0,8.110304457E-1
3.262142212E1,-7.326461810E-1,-1.883827288E0,6.452934569E-1
3.263141712E1,-7.335951841E-1,-1.848777323E0,5.569344270E-1
3.264141212E1,-6.813693157E-1,-1.744019777E0,4.320788312E-1
3.265140713E1,-6.005961710E-1,-1.678422203E0,2.804342169E-1
3.266140113E1,-5.516538066E-1,-1.868207620E0,2.070884979E-1
3.267139613E1,-4.547654432E-1,-2.186553429E0,1.639725915E-1
3.268139112E1,-2.753377837E-1,-2.380703208E0,1.761757305E-1
3.269138612E1,-1.978113055E-3,-2.311233024E0,1.951917529E-1
3.270138012E1,2.607039571E-1,-2.097073488E0,1.608607033E-1
3.271137512E1,3.600738788E-1,-2.021134529E0,1.504359949E-1
3.272137013E1,3.071372813E-1,-2.130258191E0,1.174892735E-1
3.273136513E1,2.864545101E-1,-2.109935609E0,6.367910206E-2
3.274135913E1,2.821386802E-1,-2.030330445E0,7.965077162E-2
3.275135412E1,2.318573034E-1,-2.036249582E0,-3.338760138E-4
3.276134912E1,2.141016483E-1,-2.078550678E0,-6.275728852E-2
3.277134312E1,2.134087533E-1,-2.154818251E0,-5.721792877E-3
3.278133812E1,2.266959661E-1,-2.129434319E0,-3.809519470E-2
3.279133313E1,2.640947574E-1,-2.117193173E0,4.218181372E-2
3.280132813E1,1.961781782E-1,-2.213726610E0,7.376145601E-2
3.281132213E1,4.123164117E-2,-2.185534260E0,8.659287840E-2
3.282131713E1,-2.344324172E-1,-2.214687892E0,4.641519785E-3
3.283131212E1,-4.732976085E-1,-2.206885368E0,-1.041266316E-1
3.284130712E1,-5.634148961E-1,-2.165021935E0,-2.147343171E-1
3.285130112E1,-4.956860125E-1,-2.168258369E0,-3.852271387E-1
3.286129613E1,-2.981723303E-1,-2.169177843E0,-4.331871709E-1
3.287129113E1,-9.126918912E-2,-2.304397044E0,-3.017040485E-1
3.288128613E1,1.566738045E-1,-2.378238315E0,-1.040178734E-1
3.289128013E1,3.912500632E-1,-2.250087813E0,1.218881339E-1
3.290127512E1,5.091322696E-1,-2.145120059E0,1.385877818E-1
3.291127012E1,5.074371618E-1,-2.159915561E0,-7.810125947E-3
3.292126412E1,4.249072212E-1,-2.312862643E0,-1.073876238E-1
3.293125912E1,3.744820029E-1,-2.487565460E0,-1.191832119E-1
3.294125413E1,4.481996047E-1,-2.490969709E0,-1.525214043E-1
3.295124913E1,6.510494560E-1,-2.384754159E0,-2.694727340E-1
3.296124313E1,8.682928133E-1,-2.409363921E0,-1.634176907E-1
3.297123812E1,1.030984572E0,-2.409355150E0,-1.377855438E-1
3.298123312E1,1.101734712E0,-2.323325358E0,-9.694888204E-2
3.299122812E1,1.083487891E0,-2.346311055E0,-1.575046939E-1
3.300122212E1,1.084858478E0,-2.291965571E0,-2.213969269E-1
3.301121713E1,1.144764957E0,-2.084503583E0,-2.690511498E-1
3.302121213E1,1.250890167E0,-1.883666781E0,-3.355872014E-1
3.303120712E1,1.329955047E0,-1.917841418E0,-1.399048671E-1
3.304120112E1,1.328310226E0,-1.985605824E0,1.051381999E-1
3.305119612E1,1.286076372E0,-1.979512002E0,1.797849244E-1
3.306119112E1,1.227895991E0,-1.974476818E0,3.312740028E-3
3.307118613E1,1.250936944E0,-1.908029206E0,-2.126892534E-1
3.308118013E1,1.363943743E0,-1.682102733E0,-3.376465908E-1
3.309117513E1,1.537310763E0,-1.473550823E0,-4.359300998E-1
3.310117013E1,1.701641496E0,-1.363898719E0,-3.905793875E-1
3.311116413E1,1.810561675E0,-1.449939620E0,-2.652571839E-1
3.312115912E1,1.846127365E0,-1.464608092E0,-2.406635025E-1
3.313115412E1,1.761507044E0,-1.429958807E0,-2.457511649E-1
3.314114913E1,1.725289391E0,-1.282770648E0,-4.240494347E-1
3.315114313E1,1.763320851E0,-1.088113477E0,-5.205830182E-1
3.316113813E1,1.867708268E0,-9.576767870E-1,-5.799170543E-1
3.317113313E1,2.003199949E0,-8.966963942E-1,-6.604529482E-1
3.318112812E1,2.097411457E0,-9.044405928E-1,-6.921302390E-1
3.319112250E1,2.115553613E0,-9.021372284E-1,-8.208311100E-1
3.320111750E1,2.129999744E0,-9.077772333E-1,-8.754213001E-1
3.321111250E1,2.164941536E0,-8.511288965E-1,-8.735588157E-1
3.322110750E1,2.289288424E0,-6.261037722E-1,-9.689421058E-1
3.323110150E1,2.401701729E0,-4.749650882E-1,-1.004176258E0
3.324109650E1,2.562936362E0,-5.646113826E-1,-9.422138983E-1
3.325109150E1,2.752676756E0,-6.160002221E-1,-7.238151312E-1
3.326108650E1,2.875829058E0,-4.539785542E-1,-6.617872828E-1
3.327108050E1,2.928285014E0,-2.084775040E-1,-6.897798045E-1
3.328107550E1,2.990653755E0,-9.011363313E-2,-8.516400893E-1
3.329107050E1,3.107779917E0,-9.421487018E-2,-9.585897566E-1
3.330106550E1,3.280896676E0,-1.028294268E-1,-9.353288019E-1
3.331105950E1,3.375971233E0,-5.509041935E-2,-1.085923256E0
3.332105450E1,3.306226814E0,8.250757501E-2,-1.092314263E0
3.333104950E1,3.126252440E0,1.713162558E-1,-1.023401172E0
3.334104350E1,2.972664796E0,6.990887180E-2,-1.079818178E0
3.335103850E1,2.911533911E0,-7.009495944E-2,-1.043573481E0
3.336103350E1,2.941847631E0,5.124338999E-2,-1.049159473E0
3.337102850E1,2.981747861E0,2.425242327E-1,-1.127660682E0
3.338102250E1,2.890591523E0,2.719064914E-1,-1.185156938E0
3.339101750E1,2.710227140E0,2.301065008E-1,-1.185489791E0
3.340101250E1,2.538445884E0,1.809489588E-1,-1.136430189E0
3.341100750E1,2.405078496E0,1.419332662E-1,-1.147507301E0
3.342100150E1,2.330220103E0,1.085193524E-1,-1.121984058E0
3.343099650E1,2.262169037E0,1.124713393E-1,-1.103696453E0
3.344099150E1,2.166521453E0,4.895201236E-2,-1.012784383E0
3.345098650E1,1.995852923E0,-6.881339595E-2,-8.525437765E-1
3.346098050E1,1.795325586E0,-2.052051097E-1,-7.336187191E-1
3.347097550E1,1.564512010E0,-2.179765981E-1,-6.680129595E-1
3.348097050E1,1.411888572E0,-1.754973073E-1,-6.410934019E-1
3.349096550E1,1.285926683E0,-9.924493745E-2,-5.837667149E-1
3.350095950E1,1.168375429E0,-3.283313915E-2,-4.734022737E-1
3.351095450E1,9.916439205E-1,-1.033846200E-1,-4.251820403E-1
3.352094950E1,7.495276773E-1,-2.203929600E-1,-4.133041526E-1
3.353094350E1,5.220247954E-1,-3.225033255E-1,-4.257036120E-1
3.354093850E1,3.704123408E-1,-3.697258776E-1,-3.889158547E-1
3.355093350E1,3.593833226E-1,-3.605277689E-1,-3.651533550E-1
3.356092850E1,5.319937134E-1,-3.379082537E-1,-2.521798861E-1
3.357092250E1,6.910175139E-1,-2.950113255E-1,-1.455654104E-1
3.358091750E1,8.315524185E-1,-1.839713846E-1,-1.417529527E-1
3.359091250E1,8.689728445E-1,-8.814779922E-2,-1.875944656E-1
3.360090750E1,8.914021790E-1,-7.435757965E-2,-3.272025865E-1
3.361090150E1,9.409503150E-1,-1.055969140E-1,-4.095910245E-1
3.362089650E1,1.028290760E0,-2.236248623E-1,-4.618347269E-1
3.363089150E1,1.131465465E0,-3.198405035E-1,-4.496972229E-1
3.364088650E1,1.232308885E0,-3.033610763E-1,-3.841493507E-1
3.365088050E1,1.312742014E0,-3.017478295E-1,-3.420890129E-1
3.366087550E1,1.340007581E0,-3.538919100E-1,-3.616644676E-1
3.367087050E1,1.408066832E0,-3.912097905E-1,-3.959227194E-1
3.368086550E1,1.473333453E0,-2.740429178E-1,-4.582429285E-1
3.369085950E1,1.531436065E0,-2.088486560E-1,-5.892310841E-1
3.370085450E1,1.595226849E0,-3.450634915E-1,-4.556249839E-1
3.371084950E1,1.624548882E0,-4.618624647E-1,-2.918380415E-1
3.372084450E1,1.612209502E0,-4.905400973E-1,-1.925802402E-1
3.373083850E1,1.614675858E0,-4.400664567E-1,-1.277720408E-1
3.374083350E1,1.699133041E0,-4.553738825E-1,-7.099806190E-2
3.375082850E1,1.800561182E0,-5.535514839E-1,-1.821992397E-2
3.376082250E1,1.901320403E0,-7.254954748E-1,7.168335557E-2
3.377081750E1,1.939801514E0,-8.076750941E-1,2.171690977E-1
3.378081250E1,1.762406931E0,-7.755876942E-1,3.576607329E-1
3.379080750E1,1.457099243E0,-7.267296027E-1,4.049335711E-1
3.380080150E1,1.079607679E0,-7.272411610E-1,2.281985544E-1
3.381079650E1,7.446920300E-1,-7.452758744E-1,1.609314546E-2
3.382079150E1,6.015358186E-1,-8.179243860E-1,-9.969444215E-2
3.383078650E1,5.478221262E-1,-8.596928016E-1,-9.927358881E-2
3.384078050E1,5.271270758E-1,-8.193561499E-1,-9.054501146E-2
3.385077550E1,5.137521547E-1,-7.805943726E-1,-5.399231225E-2
3.386077050E1,5.588569915E-1,-8.352102173E-1,4.240693152E-2
3.387076550E1,7.141923684E-1,-8.098305970E-1,1.394898610E-1
3.388075950E1,8.411933076E-1,-7.693664029E-1,7.411521256E-2
3.389075450E1,7.921223044E-1,-8.289429523E-1,4.617897034E-2
3.390074950E1,5.537324917E-1,-8.514966863E-1,1.055510134E-1
3.391074450E1,2.886214882E-1,-8.236630628E-1,-5.739159107E-2
3.392073850E1,1.127617997E-1,-8.058433807E-1,-3.143965995E-1
3.393073350E1,2.880806208E-2,-7.865136552E-1,-5.754145521E-1
3.394072850E1,1.379866880E-1,-8.221685144E-1,-7.375555032E-1
3.395072350E1,3.509890598E-1,-9.595500156E-1,-7.539642522E-1
3.396071750E1,4.555401993E-1,-1.196491765E0,-5.507583055E-1
3.397071250E1,4.864117438E-1,-1.221201514E0,-1.644403687E-1
3.398070750E1,5.306055844E-1,-9.814650875E-1,1.260683084E-1
3.399070250E1,5.182632816E-1,-7.398917583E-1,6.400654614E-3
3.400069650E1,3.510101098E-1,-8.412038326E-1,-2.045189390E-1
3.401069150E1,1.160607988E-1,-1.034492317E0,-2.801807401E-1
3.402068650E1,-7.674353600E-2,-1.146079411E0,-3.297803316E-1
3.403068050E1,-2.021505243E-1,-1.172462925E0,-4.138989606E-1
3.404067550E1,-3.978047919E-1,-1.214290105E0,-3.740653887E-1
3.405067050E1,-5.832451433E-1,-1.313954434E0,-3.273733252E-1
3.406066550E1,-6.328488278E-1,-1.382288212E0,-3.312582153E-1
3.407065950E1,-4.317882246E-1,-1.403315969E0,-3.883612463E-1
3.408065450E1,-1.305203784E-1,-1.328184510E0,-4.915140241E-1
3.409064950E1,3.747071207E-2,-1.250109271E0,-4.957520860E-1
3.410064450E1,8.888177097E-2,-1.182885002E0,-4.480072314E-1
3.411063850E1,8.275038064E-2,-1.159940820E0,-2.823836786E-1
3.412063350E1,3.796070874E-2,-1.120266293E0,-1.115031865E-1
3.413062850E1,5.480185926E-2,-1.080015814E0,1.050469834E-1
3.414062350E1,6.117590904E-2,-9.332124022E-1,2.986249048E-1
3.415061750E1,4.490369260E-2,-8.846772963E-1,1.966667131E-1
3.416061250E1,1.521971762E-2,-1.036755189E0,1.324920595E-2
3.417060750E1,1.194884366E-1,-1.190808272E0,-1.544343209E-1
3.418060250E1,3.850724798E-1,-1.159380072E0,-4.617066729E-1
3.419059637E1,7.076779854E-1,-1.064995487E0,-5.666755959E-1
3.420059137E1,7.637580460E-1,-1.063516141E0,-4.476707241E-1
3.421058638E1,5.925790536E-1,-1.075694137E0,-3.618572795E-1
3.422058138E1,2.436873901E-1,-1.055751039E0,-3.185530928E-1
3.423057538E1,-4.391492844E-2,-1.074642808E0,-3.956556478E-1
3.424057037E1,-5.630108535E-2,-1.167345150E0,-4.845584688E-1
3.425056537E1,1.965488917E-1,-1.136679427E0,-5.045255408E-1
3.426056037E1,6.471704131E-1,-1.027939927E0,-4.068472186E-1
3.427055437E1,1.065607105E0,-9.228841728E-1,-3.711584455E-1
3.428054938E1,1.336617950E0,-9.565448391E-1,-2.888331574E-1
3.429054438E1,1.421534139E0,-1.090089982E0,-2.134029061E-2
3.430053938E1,1.235856391E0,-1.278284372E0,1.579318330E-1
3.431053338E1,9.225731009E-1,-1.410307485E0,2.337526783E-1
3.432052837E1,5.929018199E-1,-1.487850335E0,3.930325869E-1
3.433052337E1,4.280623788E-1,-1.393907799E0,3.972235787E-1
3.434051737E1,3.735411859E-1,-1.230416726E0,3.315634400E-1
3.435051238E1,3.125208127E-1,-1.066071374E0,2.407018018E-1
3.436050738E1,2.199833626E-1,-9.879607594E-1,2.063336223E-1
3.437050238E1,1.086997390E-3,-1.024543279E0,4.517234293E-1
3.438049638E1,-3.976439935E-1,-1.078215457E0,4.584018266E-1
3.439049137E1,-8.757626313E-1,-1.209278457E0,4.420114964E-1
3.440048637E1,-1.325903512E0,-1.318929538E0,4.863519560E-1
3.441048138E1,-1.561978412E0,-1.234767639E0,4.393018967E-1
3.442047538E1,-1.676026599E0,-1.099091771E0,3.040271473E-1
3.443047038E1,-1.623639640E0,-9.769498676E-1,8.112763211E-2
3.444046538E1,-1.474468982E0,-8.767297608E-1,-1.127829958E-1
3.445046037E1,-1.308433785E0,-7.720605075E-1,-1.775571352E-1
3.446045437E1,-1.114478134E0,-6.916361493E-1,-8.900046945E-2
3.447044937E1,-1.034485593E0,-6.557605577E-1,3.572648764E-3
3.448044437E1,-1.047940913E0,-7.134708220E-1,-9.791162610E-3
3.449043938E1,-1.184724536E0,-8.085471332E-1,4.516535550E-3
3.450043338E1,-1.366038215E0,-9.099548095E-1,-8.515767932E-2
3.451042838E1,-1.544997220E0,-9.647771341E-1,-1.750757231E-1
3.452042337E1,-1.654300684E0,-9.604735833E-1,-2.324228753E-1
3.453041837E1,-1.680548251E0,-9.339722478E-1,-2.921602231E-1
3.454041237E1,-1.620212294E0,-9.149828303E-1,-3.886978997E-1
3.455040737E1,-1.492787432E0,-8.569731885E-1,-4.159744298E-1
3.456040238E1,-1.393353775E0,-8.452822655E-1,-3.425510891E-1
3.457039738E1,-1.365889111E0,-8.455430514E-1,-2.898191442E-1
3.458039138E1,-1.391867413E0,-8.123478234E-1,-3.259110828E-1
3.459038638E1,-1.468010440E0,-7.271930677E-1,-3.009064883E-1
3.460038137E1,-1.599871000E0,-7.185567302E-1,-2.013623196E-1
3.461037637E1,-1.792751934E0,-8.596003425E-1,-9.019651741E-2
3.462037037E1,-1.967469369E0,-1.184354700E0,4.015984654E-2
3.463036538E1,-2.088382187E0,-1.578597368E0,2.290483010E-1
3.464036038E1,-2.062878679E0,-1.830484309E0,4.181044243E-1
3.465035438E1,-1.935503518E0,-1.957360702E0,6.214683920E-1
3.466034938E1,-1.728763806E0,-1.874630787E0,7.858909267E-1
3.467034437E1,-1.417354842E0,-1.525735615E0,9.438786006E-1
3.468033937E1,-1.114524765E0,-1.077565831E0,1.085005390E0
3.469033337E1,-8.710456824E-1,-7.153197116E-1,1.247121052E0
3.470032838E1,-6.920119791E-1,-5.254296291E-1,1.435679723E0
3.471032338E1,-5.485296392E-1,-5.228083223E-1,1.540820847E0
3.472031838E1,-3.873923627E-1,-5.362662739E-1,1.564185882E0
3.473031238E1,-1.621598084E-1,-4.758370543E-1,1.485399913E0
3.474030737E1,3.198894739E-2,-3.916032350E-1,1.359333067E0
3.475030237E1,1.225323509E-1,-3.329404593E-1,1.243943528E0
3.476029737E1,1.274200384E-1,-3.263073778E-1,9.649155669E-1
3.477029137E1,-1.561206579E-4,-3.158782840E-1,6.164232682E-1
3.478028638E1,-1.954538544E-1,-4.008880287E-1,3.624143730E-1
3.479028138E1,-4.034805380E-1,-5.590628135E-1,1.649077074E-1
3.480027637E1,-5.210328153E-1,-7.196437275E-1,2.305162445E-2
3.481027037E1,-4.984697257E-1,-8.355209237E-1,-7.849945486E-2
3.482026537E1,-3.655155900E-1,-8.443385249E-1,-1.135365558E-1
3.483026037E1,-2.676042563E-1,-8.325464451E-1,-9.874375798E-2
3.484025538E1,-2.054544935E-1,-8.478182030E-1,-7.042561948E-2
3.485024938E1,-2.080439329E-1,-8.470194733E-1,-4.070129871E-2
3.486024438E1,-2.308170837E-1,-8.065368605E-1,-3.913672999E-2
3.487023938E1,-2.618570280E-1,-7.178527254E-1,-5.155139208E-2
3.488023437E1,-3.418042535E-1,-6.416845554E-1,-1.658452354E-1
3.489022837E1,-4.594680664E-1,-5.799280179E-1,-2.701420210E-1
3.490022337E1,-5.680640173E-1,-5.086691701E-1,-3.514942592E-1
3.491021838E1,-7.151904881E-1,-4.804101616E-1,-4.936405834E-1
3.492021338E1,-8.854242781E-1,-4.732560933E-1,-6.050692910E-1
3.493020738E1,-1.040847948E0,-4.416308427E-1,-6.105814977E-1
3.494020238E1,-1.171839027E0,-4.295230132E-1,-5.868020411E-1
3.495019737E1,-1.275909233E0,-5.222686243E-1,-5.784714764E-1
3.496019137E1,-1.391750177E0,-7.207184458E-1,-6.088343132E-1
3.497018637E1,-1.371353627E0,-9.115698105E-1,-5.943425739E-1
3.498018138E1,-1.270323388E0,-1.068262911E0,-5.657719453E-1
3.499017638E1,-1.129513957E0,-1.177830377E0,-5.484255223E-1
3.500017038E1,-1.045642080E0,-1.191404103E0,-4.815076474E-1
3.501016538E1,-1.014840410E0,-1.199431161E0,-4.771719370E-1
3.502016037E1,-1.072169143E0,-1.212767490E0,-5.133803083E-1
3.503015537E1,-1.186661134E0,-1.310475048E0,-6.320617926E-1
3.504014937E1,-1.241043163E0,-1.430434186E0,-6.906017768E-1
3.505014437E1,-1.228942058E0,-1.527703788E0,-6.627275151E-1
3.506013938E1,-1.150678246E0,-1.533051651E0,-6.306561220E-1
3.507013438E1,-1.043043285E0,-1.489610932E0,-5.502756178E-1
3.508012838E1,-9.690163654E-1,-1.451166658E0,-5.042188543E-1
3.509012337E1,-9.582066178E-1,-1.478821650E0,-4.893037766E-1
3.510011837E1,-9.205920643E-1,-1.559850610E0,-4.845622694E-1
3.511011337E1,-8.515919960E-1,-1.609015169E0,-5.888778027E-1
3.512010737E1,-7.633651131E-1,-1.676104952E0,-6.692939383E-1
3.513010238E1,-6.446414924E-1,-1.700632852E0,-7.872789826E-1
3.514009738E1,-5.267417443E-1,-1.655264305E0,-8.479579514E-1
3.515009238E1,-4.190693611E-1,-1.546126025E0,-8.013748654E-1
3.516008638E1,-3.562784511E-1,-1.457109768E0,-7.308429728E-1
3.517008137E1,-3.124640948E-1,-1.496186126E0,-5.916295389E-1
3.518007637E1,-2.579604435E-1,-1.566235769E0,-4.923888407E-1
3.519007175E1,-1.279435104E-1,-1.608825134E0,-3.535373495E-1
3.520006575E1,5.664957941E-2,-1.623401658E0,-2.779837950E-1
3.521006075E1,1.675981575E-1,-1.672328820E0,-2.212042612E-1
3.522005575E1,2.581001920E-1,-1.674171277E0,-3.046317494E-1
3.523005075E1,3.355027092E-1,-1.524763223E0,-4.027867658E-1
3.524004475E1,4.254814178E-1,-1.330301203E0,-4.687196772E-1
3.525003975E1,5.057935095E-1,-1.166983792E0,-4.792839879E-1
3.526003475E1,4.434504962E-1,-1.147766333E0,-5.552751334E-1
3.527002975E1,3.364084429E-1,-1.233305835E0,-5.657350713E-1
3.528002375E1,2.990716320E-1,-1.352689607E0,-5.076125783E-1
3.529001875E1,4.014470226E-1,-1.352275039E0,-4.261617413E-1
3.530001375E1,6.049605328E-1,-1.207788001E0,-4.460789658E-1
3.531000775E1,7.670821881E-1,-1.038259970E0,-4.987284650E-1
3.532000275E1,7.555871469E-1,-9.344093272E-1,-5.268101567E-1
3.532999775E1,6.777051580E-1,-9.435362461E-1,-5.984958512E-1
3.533999275E1,5.801888037E-1,-9.930183086E-1,-7.002906132E-1
3.534998675E1,4.984119844E-1,-1.102586067E0,-7.007282773E-1
3.535998175E1,3.758344638E-1,-1.189047675E0,-7.907777372E-1
3.536997675E1,3.024899143E-1,-1.268155240E0,-8.772332060E-1
3.537997175E1,1.781406873E-1,-1.308327658E0,-8.987334180E-1
3.538996575E1,2.206242174E-1,-1.214606732E0,-9.086839172E-1
3.539996075E1,5.134521925E-1,-9.273020366E-1,-9.865258527E-1
3.540995575E1,7.699414766E-1,-6.620045069E-1,-1.079379930E0
3.541995075E1,8.649511296E-1,-5.025433347E-1,-1.186865494E0
3.542994475E1,8.053206396E-1,-4.395696992E-1,-1.267181679E0
3.543993975E1,5.307868481E-1,-6.052680963E-1,-1.207850274E0
3.544993475E1,1.704884362E-1,-8.842370009E-1,-1.175786482E0
3.545992975E1,6.898018777E-2,-1.055078901E0,-1.086035230E0
3.546992375E1,1.751036435E-1,-1.074413012E0,-9.946502665E-1
3.547991875E1,4.351404333E-1,-9.149992025E-1,-9.438467333E-1
3.548991375E1,6.986492997E-1,-7.032190450E-1,-9.049031076E-1
3.549990875E1,8.849527001E-1,-4.818210948E-1,-8.916085857E-1
3.550990275E1,9.374285370E-1,-3.075085795E-1,-8.777211562E-1
3.551989775E1,8.655025220E-1,-2.451585495E-1,-8.727834749E-1
3.552989275E1,7.642182219E-1,-2.999740036E-1,-8.407290387E-1
3.553988775E1,5.756361616E-1,-4.248686296E-1,-8.434146649E-1
3.554988175E1,4.400099945E-1,-5.689822494E-1,-6.845984405E-1
3.555987675E1,4.301089042E-1,-6.249433923E-1,-6.127268046E-1
3.556987175E1,4.578229523E-1,-6.432228848E-1,-5.509369379E-1
3.557986675E1,3.531975532E-1,-5.693072815E-1,-6.093816125E-1
3.558986075E1,1.199012500E-1,-4.920321605E-1,-5.881193823E-1
3.559985575E1,-1.600382924E-3,-4.260491824E-1,-6.402660209E-1
3.560985075E1,5.053631544E-2,-3.830565792E-1,-6.244937414E-1
3.561984575E1,3.149450684E-1,-3.825837587E-1,-5.852712035E-1
3.562983975E1,6.093757653E-1,-3.846684372E-1,-5.397769421E-1
3.563983475E1,7.898377973E-1,-3.679991949E-1,-5.467807370E-1
3.564982975E1,9.260299748E-1,-3.508950293E-1,-5.182439858E-1
3.565982475E1,9.234168541E-1,-3.337098432E-1,-4.715919757E-1
3.566981875E1,8.824296266E-1,-3.218126597E-1,-4.682701725E-1
3.567981375E1,8.389011991E-1,-3.401346541E-1,-4.971115637E-1
3.568980875E1,6.345106065E-1,-3.939929555E-1,-5.275971919E-1
3.569980275E1,4.966759461E-1,-4.686899295E-1,-5.091275918E-1
3.570979775E1,3.398343265E-1,-4.546080069E-1,-5.089416504E-1
3.571979275E1,2.500965232E-1,-3.345035662E-1,-5.262575948E-1
3.572978775E1,2.768288237E-1,-2.299351226E-1,-5.516216469E-1
3.573978175E1,3.552639592E-1,-1.545820179E-1,-6.389433807E-1
3.574977675E1,3.874710077E-1,-2.017970418E-1,-7.173288149E-1
3.575977175E1,2.996961147E-1,-3.396692523E-1,-7.323807174E-1
3.576976675E1,2.170006979E-1,-4.200409491E-1,-8.211531454E-1
3.577976075E1,3.173634768E-2,-4.599805748E-1,-9.373490149E-1
3.578975575E1,6.178168058E-2,-3.979187395E-1,-7.639907652E-1
3.579975075E1,1.329013646E-1,-2.500155758E-1,-5.628377759E-1
3.580974575E1,1.626303631E-1,-1.411086444E-1,-4.521821433E-1
3.581973975E1,1.597704899E-1,-1.892401645E-1,-5.021846080E-1
3.582973475E1,2.780356890E-1,-2.478407039E-1,-4.463764429E-1
3.583972975E1,4.705079019E-1,-2.840603494E-1,-3.324060237E-1
3.584972475E1,5.811366373E-1,-3.139175664E-1,-1.646394664E-1
3.585971875E1,6.260070008E-1,-3.273685744E-1,-2.370461226E-2
3.586971375E1,6.311712617E-1,-3.303660033E-1,6.149341285E-2
3.587970875E1,6.364752710E-1,-2.383400383E-1,1.081138480E-1
3.588970375E1,5.001907074E-1,-2.330498430E-1,5.101695657E-2
3.589969775E1,4.204335165E-1,-2.184184284E-1,3.101597071E-2
3.590969275E1,2.904510820E-1,-1.699896139E-1,-3.591710687E-2
3.591968775E1,1.552926922E-1,-1.717582322E-1,-1.052399415E-1
3.592968275E1,1.123033780E-1,-1.933874666E-1,-1.559803247E-1
3.593967675E1,8.379118502E-2,-1.712417769E-1,-2.038380307E-1
3.594967175E1,1.686681980E-1,-1.520449111E-1,-2.216416329E-1
3.595966675E1,2.319906199E-1,-1.584460590E-1,-2.505824268E-1
3.596966175E1,2.254610342E-1,-1.361269994E-1,-2.061289698E-1
3.597965575E1,2.521097195E-1,-1.039403430E-1,-1.840481293E-1
3.598965075E1,2.337950706E-1,-5.674430430E-2,-1.285557139E-1
3.599964575E1,1.751954448E-1,-4.236156078E-2,-7.915083468E-2
3.600964075E1,1.230698562E-1,-7.379737984E-2,-8.319418430E-3
3.601963475E1,1.097697794E-1,-8.097242508E-2,2.434078932E-2
3.602962975E1,5.437676668E-2,-1.166887532E-1,7.047064304E-3
3.603962475E1,1.296386182E-2,-1.313408158E-1,-4.656839490E-2
3.604961875E1,3.151473820E-2,-7.469847232E-2,-2.031749564E-1
3.605961375E1,2.028551137E-1,-3.520718180E-3,-4.039104545E-1
3.606960875E1,5.024857396E-1,4.724159215E-2,-5.570303214E-1
3.607960375E1,7.854634953E-1,5.343584005E-2,-5.961452705E-1
3.608959775E1,9.155628741E-1,3.756134391E-2,-4.884027207E-1
3.609959275E1,8.606072330E-1,-1.286307044E-2,-3.256606758E-1
3.610958775E1,6.919460517E-1,-7.169084731E-2,-2.064359486E-1
3.611958275E1,4.881214696E-1,-9.082688380E-2,-1.803386557E-1
3.612957675E1,3.249052155E-1,-6.943787858E-2,-1.501313549E-1
3.613957175E1,1.864466572E-1,5.370521396E-3,-1.579625309E-1
3.614956675E1,-1.278903008E-2,3.543887772E-3,-1.313705635E-1
3.615956175E1,-2.284203100E-1,2.322239969E-2,-8.336726189E-2
3.616955575E1,-2.670797610E-1,8.976407927E-2,-4.556267381E-2
3.617955075E1,-1.701095366E-1,1.583840786E-1,-4.123807311E-2
3.618954463E1,-3.323323488E-2,1.845193784E-1,-5.747637570E-2
3.619953963E1,8.234224498E-2,1.934491365E-1,-5.794356823E-2
3.620953363E1,2.753781295E-1,2.097829679E-1,-6.819841504E-2
3.621952863E1,4.443106216E-1,1.847753037E-1,-8.747551560E-2
3.622952362E1,5.244683468E-1,1.444966856E-1,-9.093238950E-2
3.623951862E1,5.148812521E-1,9.072642133E-2,-8.412272215E-2
3.624951262E1,4.768147087E-1,2.634759028E-2,-6.964267731E-2
3.625950762E1,3.737253731E-1,-2.291410524E-2,-5.407505035E-2
3.626950263E1,1.945140606E-1,-5.612504762E-2,-6.020936430E-2
3.627949763E1,1.554365337E-2,-4.470777433E-2,-8.854263246E-2
3.628949163E1,-1.110140669E-1,-5.061857846E-2,-1.152953982E-1
3.629948662E1,-1.842492735E-1,-4.794877633E-2,-1.741470391E-1
3.630948162E1,-2.148284572E-1,-5.340978339E-2,-1.607849818E-1
3.631947662E1,-1.686594272E-1,-4.507980343E-2,-1.143013716E-1
3.632947062E1,-1.683957177E-1,-7.947659768E-2,-6.152147949E-2
3.633946563E1,-1.688687575E-1,-8.874019526E-2,2.809704065E-2
3.634946063E1,-1.301192594E-1,-6.959918864E-2,9.593175888E-2
3.635945562E1,-1.387023872E-1,-9.855237130E-2,1.819285136E-1
3.636944962E1,-1.436912316E-1,-1.005039161E-1,1.942328095E-1
3.637944462E1,-1.308934307E-1,-4.865976121E-2,2.153769261E-1
3.638943962E1,-1.404974824E-1,-1.848498557E-2,1.770045733E-1
3.639943463E1,-1.058194005E-1,-1.445300147E-2,1.389216578E-1
3.640942863E1,-1.538104230E-1,-9.700384587E-3,8.521849036E-2
3.641942363E1,-1.727583253E-1,2.225413732E-3,8.138622522E-2
3.642941863E1,-1.668146306E-1,6.368421838E-2,7.465257168E-2
3.643941362E1,-1.410670012E-1,7.198408518E-2,7.868481159E-2
3.644940762E1,-1.234084100E-1,8.934402991E-2,5.367217720E-2
3.645940262E1,-6.834401071E-2,1.059950363E-1,7.616583109E-2
3.646939763E1,9.261989594E-4,1.250318528E-1,4.326998055E-2
3.647939263E1,-8.078922451E-2,3.885255530E-3,-7.096350485E-1
3.648938663E1,-2.995247912E-1,1.034422150E-1,-1.162718832E-1
3.649938163E1,-1.168659604E-1,3.485499669E-1,-2.990207613E-1
3.650937662E1,1.135207683E-1,2.891022024E-1,-1.463768578E-1
3.651937062E1,1.258203864E-1,1.943591825E-1,8.733050466E-2
3.652936562E1,1.858420551E-1,2.257174346E-1,3.524853623E-1
3.653936062E1,4.374781501E-1,2.789922204E-1,5.144561595E-1
3.654935563E1,5.454791468E-1,2.087117580E-1,5.094807637E-1
3.655934963E1,2.645648736E-1,2.606133252E-2,1.856128442E-1
3.656934463E1,-6.863812566E-2,2.219098739E-2,-1.770262080E-1
3.657933962E1,-2.071265048E-1,6.909866698E-2,-3.708807027E-1