"Time (s)","X (m/s^2)","Y (m/s^2)","Z (m/s^2)"
3.454041667E-3,-1.085556051E-1,1.052890581E-1,2.109219325E-1
1.339304168E-2,-1.298973575E-1,1.352934605E-1,1.890527612E-1
2.333204166E-2,-1.463318342E-1,1.256514019E-1,1.881119442E-1
3.327104167E-2,-1.575748605E-1,1.075127542E-1,1.860051924E-1
4.321004168E-2,-1.573497427E-1,1.092294967E-1,1.481643516E-1
5.314904166E-2,-8.260420024E-2,1.116695398E-1,1.230230784E-1
6.308804167E-2,1.332814336E-2,7.970924377E-2,9.360749066E-2
7.302804166E-2,6.492338955E-2,6.189687073E-2,5.362013698E-2
8.296704167E-2,5.290970027E-2,7.891168356E-2,1.944959342E-2
9.290604168E-2,1.938849002E-2,9.952721179E-2,-9.121656418E-5
1.028450417E-1,-1.899409533E-2,1.071046185E-1,-7.651666403E-3
1.127840417E-1,-4.557524532E-2,1.141493440E-1,-1.986182213E-2
1.227230417E-1,-4.475692749E-2,1.142212647E-1,-2.187267959E-2
1.326620417E-1,-4.219994009E-2,1.206496936E-1,2.302048802E-3
1.426010417E-1,2.404082716E-3,9.157616794E-2,-2.295616865E-3
1.525400417E-1,2.363181442E-2,7.587522447E-2,-7.162839174E-3
1.624790417E-1,2.198114544E-2,7.021628916E-2,-1.427539229E-2
1.724180417E-1,2.375431359E-3,6.026608229E-2,1.883388162E-3
1.823570417E-1,3.064233363E-3,4.818748891E-2,2.268719673E-2
1.922960417E-1,7.911282778E-3,3.235147476E-2,2.536054373E-2
2.022350417E-1,-2.143296897E-3,4.339394152E-2,1.858069718E-2
2.121740417E-1,-7.351411879E-3,4.308579326E-2,1.625876784E-2
2.221130417E-1,-2.204371065E-2,5.482992589E-2,-1.403331757E-3
2.320530417E-1,-5.161191076E-2,5.443699300E-2,4.500601888E-3
2.419920417E-1,-7.691924483E-2,5.629465342E-2,3.781569779E-2
2.519310417E-1,-8.082723141E-2,5.750970483E-2,4.797581971E-2
2.618700417E-1,-8.181687266E-2,4.370092034E-2,6.026666701E-2
2.718090417E-1,-6.037337869E-2,3.716665685E-2,6.679800689E-2
2.817480417E-1,-5.412796766E-2,2.628615797E-2,5.992402017E-2
2.916870417E-1,-4.952650130E-2,2.743279696E-2,4.192804456E-2
3.016260417E-1,-5.010742217E-2,3.424421847E-2,3.070372939E-2
3.115650417E-1,-2.758891761E-2,3.053299069E-2,1.322932541E-2
3.215040417E-1,-5.465977192E-3,4.342434704E-2,-1.180669785E-2
3.314430417E-1,-2.349557430E-2,5.453814983E-2,-1.002212763E-3
3.413820417E-1,-2.981232136E-2,6.303298473E-2,-1.471393347E-2
3.513210417E-1,-1.798486590E-2,5.607362866E-2,-3.125570655E-2
3.612600417E-1,-1.338252246E-2,4.600881636E-2,-4.310684323E-2
3.711990417E-1,-1.431310683E-2,4.644267976E-2,-4.431195438E-2
3.811390417E-1,4.014698267E-3,2.835314870E-2,-4.167661428E-2
3.910780417E-1,5.841953158E-3,9.530961514E-3,-4.616610646E-2
4.010170417E-1,-1.306151032E-2,-1.869354844E-3,-6.948714137E-2
4.109560417E-1,-3.101246238E-2,-3.349869847E-3,-7.940752745E-2
4.208950417E-1,-3.503710091E-2,-1.173887014E-2,-6.285289049E-2
4.308340417E-1,-1.576526284E-2,-2.541375339E-2,-5.435396254E-2
4.407730417E-1,-2.481850684E-3,-4.481481493E-2,-5.845578432E-2
4.507120417E-1,-3.448103070E-3,-3.317300856E-2,-9.207435071E-2
4.606510417E-1,-2.730211169E-2,-5.390548110E-3,-1.073314905E-1
4.705900417E-1,-6.131214917E-2,9.773620963E-3,-1.093610591E-1
4.805290417E-1,-7.452773362E-2,-3.196088076E-3,-1.099978209E-1
4.904680417E-1,-7.981186241E-2,-3.169190884E-2,-1.012837154E-1
5.004070417E-1,-7.163482368E-2,-3.744907737E-2,-1.167607105E-1
5.103460417E-1,-6.147382468E-2,-3.603463590E-2,-1.031027842E-1
5.202850417E-1,-6.710907876E-2,-2.321344614E-2,-8.768952370E-2
5.302240417E-1,-5.710420042E-2,-6.561745405E-3,-8.244632542E-2
5.401640417E-1,-4.622837931E-2,-8.829295635E-4,-6.417026818E-2
5.501030417E-1,-2.419227004E-2,2.372215390E-3,-5.040709198E-2
5.600420417E-1,3.227370679E-3,1.361231804E-3,-2.389815509E-2
5.699810417E-1,8.855608106E-3,-1.139037609E-2,-2.104880691E-2
5.799200417E-1,-8.852684498E-4,4.759633541E-3,-2.475828052E-2
5.898590417E-1,1.512382329E-3,7.944611907E-3,-2.434897542E-2
5.997980417E-1,-3.674975038E-3,6.721959114E-3,-1.011919141E-2
6.097370417E-1,-1.514370382E-2,1.833394468E-2,-5.846630931E-3
6.196760417E-1,-3.762449384E-2,3.318821132E-2,2.766902447E-3
6.296150417E-1,-5.298746824E-2,3.962658048E-2,1.369300961E-2
6.395540417E-1,-6.171970010E-2,2.476178885E-2,1.771413982E-2
6.494930417E-1,-4.911047190E-2,1.588220716E-2,3.728652477E-2
6.594320417E-1,-5.199139506E-2,-4.517558813E-3,2.639900923E-2
6.693710417E-1,-5.098918229E-2,-2.014775097E-2,1.274459124E-2
6.793100417E-1,-4.406929493E-2,-6.313180268E-2,-4.302965999E-3
6.892490417E-1,-2.178847969E-2,-8.763455987E-2,-3.449038625E-2
6.991890417E-1,-5.499013960E-3,-8.586285353E-2,-6.135717273E-2
7.091280417E-1,1.153655648E-3,-7.343985915E-2,-1.001043320E-1
7.190670417E-1,-7.713354528E-3,-6.836389124E-2,-1.249935901E-1
7.290060417E-1,-1.840264946E-2,-8.768016815E-2,-1.213344026E-1
7.389450417E-1,-3.609047681E-2,-9.489680171E-2,-1.183394587E-1
7.488840417E-1,-4.574598402E-2,-8.732933521E-2,-1.384176278E-1
7.588230417E-1,-5.124733686E-2,-5.056789041E-2,-1.642009252E-1
7.687620417E-1,-5.014601380E-2,-3.488624275E-2,-1.765783113E-1
7.787010417E-1,-3.979819626E-2,-3.889100075E-2,-1.685494995E-1
7.886400417E-1,-2.635515511E-2,-4.325302362E-2,-1.440116590E-1
7.985790417E-1,-3.621999264E-2,-4.528083801E-2,-1.376048648E-1
8.085180417E-1,-4.886050344E-2,-2.112423599E-2,-1.235370487E-1
8.184570417E-1,-1.587255925E-2,-4.228121638E-3,-1.179354161E-1
8.283960417E-1,7.605473399E-3,1.683237970E-2,-1.027776790E-1
8.383350417E-1,2.130082190E-2,2.618324697E-2,-8.545822620E-2
8.482750417E-1,2.216153204E-2,2.745969415E-2,-5.371310771E-2
8.582140417E-1,3.311190516E-2,3.865828156E-2,-2.946879745E-2
8.681530417E-1,3.325340778E-2,4.292324066E-2,-2.717142642E-2
8.780920417E-1,4.036099076E-2,3.583933890E-2,-2.333039045E-2
8.880310417E-1,3.028916180E-2,6.988592148E-3,1.115882635E-2
8.979700417E-1,4.935605496E-2,-2.878584266E-3,5.319738328E-2
9.079090417E-1,7.701338500E-2,2.315789759E-2,7.491569638E-2
9.178480417E-1,6.151446283E-2,2.904312015E-3,4.999369383E-2
9.277870417E-1,1.874646574E-2,-5.580582619E-3,3.475468040E-2
9.377260417E-1,1.902040780E-2,8.247497678E-3,1.321821570E-2
9.476650417E-1,3.943888485E-2,2.625516772E-2,4.740922451E-3
9.576040417E-1,4.123544186E-2,4.806762099E-2,4.269636869E-3
9.675425000E-1,3.136534184E-2,6.273243785E-2,-4.237477183E-3
9.774815000E-1,1.013585597E-2,7.925257623E-2,-1.105123758E-4
9.874205000E-1,-1.222652793E-3,7.728791177E-2,1.252005816E-2
9.973595000E-1,-3.488682747E-2,5.404347539E-2,3.403898120E-2
1.007299500E0,-6.751136720E-2,3.002428293E-2,3.443834603E-2
1.017238500E0,-8.567311138E-2,9.618085027E-3,8.253929615E-3
1.027177500E0,-9.139227301E-2,5.592277050E-3,-2.493720531E-2
1.037116500E0,-7.499434143E-2,-3.574402928E-3,-4.433651268E-2
1.047055500E0,-5.531261355E-2,-6.244241595E-3,-6.201732337E-2
1.056994500E0,-3.202490777E-2,-8.466768265E-4,-4.360619545E-2
1.066933500E0,9.892027080E-3,-2.223111391E-2,-2.161306322E-2
1.076872500E0,6.034677386E-2,-6.075081646E-2,-3.174687266E-2
1.086811500E0,7.676137000E-2,-5.447324574E-2,-7.558461785E-2
1.096750500E0,6.428516597E-2,-4.229466498E-2,-1.127974677E-1
1.106689500E0,3.141738206E-2,-3.006930649E-2,-1.157368630E-1
1.116628500E0,2.976525128E-2,-1.769776762E-2,-1.129635286E-1
1.126567500E0,4.755452782E-2,-1.539747298E-2,-7.743584633E-2
1.136506500E0,6.247369856E-2,-1.684933662E-2,-7.441868305E-2
1.146445500E0,6.377704293E-2,-1.571731567E-3,-7.807611644E-2
1.156385500E0,5.977257729E-2,4.156785607E-3,-9.560197592E-2
1.166324500E0,5.863237023E-2,8.178500533E-3,-9.278888047E-2
1.176263500E0,5.506352216E-2,-1.958817244E-3,-7.380998790E-2
1.186202500E0,7.138105452E-2,-2.480739713E-2,-7.459293008E-2
1.196141500E0,6.571422547E-2,-1.237446249E-2,-8.254338920E-2
1.206080500E0,5.146543801E-2,-1.109041393E-2,-5.479776621E-2
1.216019500E0,1.746855676E-2,-2.889693975E-3,-5.231094539E-2
1.225958500E0,-5.411598086E-3,1.785154939E-2,-5.266353250E-2
1.235897500E0,-3.197462171E-2,1.749545395E-2,-6.142383099E-2
1.245836500E0,-4.473675460E-2,2.531142712E-2,-5.641452134E-2
1.255775500E0,-5.495681047E-2,2.429108799E-2,-4.558723211E-2
1.265714500E0,-4.888798535E-2,2.379232049E-3,-3.624864399E-2
1.275653500E0,-3.585366458E-2,-2.001443446E-2,-2.132245660E-2
1.285592500E0,-4.539865941E-2,-1.499167621E-2,-2.493252754E-2
1.295531500E0,-5.054508626E-2,-8.741002679E-3,-3.271400213E-2
1.305470500E0,-6.841827035E-2,6.995608807E-3,-4.867807031E-2
1.315410500E0,-7.113196313E-2,3.066396832E-2,-6.179395974E-2
1.325349500E0,-5.497727573E-2,5.413469195E-2,-5.524917126E-2
1.335288500E0,-5.022085816E-2,6.444157898E-2,-5.987724245E-2
1.345227500E0,-3.943596125E-2,7.029288769E-2,-5.494043827E-2
1.355166500E0,-2.678580254E-2,6.143143237E-2,-3.936579466E-2
1.365105500E0,-4.064604253E-2,5.433583617E-2,-3.889158547E-2
1.375044500E0,-5.801373482E-2,4.689993203E-2,-4.924057245E-2
1.384983500E0,-5.730885297E-2,2.755266488E-2,-4.814889729E-2
1.394922500E0,-4.117930859E-2,1.387018025E-2,-2.610723317E-2
1.404861500E0,-1.828716695E-2,1.219553769E-2,-1.540799797E-2
1.414800500E0,3.851560950E-3,1.985772908E-2,-1.483380139E-2
1.424739500E0,1.554803878E-2,2.735327482E-2,-1.642599821E-2
1.434678500E0,1.851228476E-2,3.549961567E-2,-1.151784539E-2
1.444617500E0,1.545097500E-2,3.040552139E-2,3.668543100E-3
1.454556500E0,1.498933733E-2,3.685909331E-2,-5.163091421E-3
1.464496500E0,1.091061205E-2,2.892442167E-2,-7.441166639E-3
1.474435500E0,-1.650961339E-3,2.221649587E-2,-2.206739187E-3
1.484374500E0,2.938810587E-3,1.528520644E-2,7.547001243E-3
1.494313500E0,1.978843957E-2,1.337258220E-2,1.638389826E-2
1.504252500E0,3.483595669E-2,1.286036611E-2,4.486685514E-2
1.514191500E0,3.175242752E-2,1.284223974E-2,3.696141958E-2
1.524130500E0,2.216387093E-2,1.798311174E-2,1.404442728E-2
1.534069500E0,1.160146058E-2,8.862624764E-3,1.813747823E-2
1.544008500E0,-1.199263930E-3,8.151018620E-4,1.910811603E-2
1.553947500E0,-1.183476448E-3,8.794212341E-4,-1.140908718E-2
1.563886500E0,-4.906398654E-3,1.408126473E-2,-3.409277558E-2
1.573825500E0,-1.633273512E-2,2.513893425E-2,-6.261140049E-2
1.583764500E0,-2.555730253E-2,3.672928512E-2,-6.453162611E-2
1.593703500E0,-4.740396202E-2,3.359927058E-2,-4.564336538E-2
1.603642500E0,-5.663262248E-2,2.169843256E-2,-5.079885542E-2
1.613582500E0,-6.527977735E-2,2.230595827E-2,-4.846873999E-2
1.623521500E0,-6.884979486E-2,1.770536900E-3,-3.602001786E-2
1.633460500E0,-7.835707515E-2,-2.131368577E-2,-4.138893127E-2
1.643399500E0,-7.462859809E-2,-3.564579606E-2,-4.201458335E-2
1.653338500E0,-7.760044545E-2,-2.816662252E-2,-5.356575787E-2
1.663277500E0,-6.498624712E-2,-1.715748489E-2,-5.142976999E-2
1.673216500E0,-4.382225007E-2,-1.009463310E-2,-4.210053742E-2
1.683155500E0,-6.210035384E-3,-1.164765358E-2,-3.694329321E-2
1.693094500E0,7.742590606E-3,-1.442391157E-2,-3.737364829E-2
1.703033500E0,1.471042514E-2,2.105582356E-3,-3.852145672E-2
1.712972500E0,1.892012805E-2,1.457360029E-2,-4.102581918E-2
1.722911500E0,1.337901413E-2,3.694797099E-2,-4.507150769E-2
1.732850500E0,3.177961707E-4,3.646031320E-2,-5.912002802E-2
1.742789500E0,-8.954718411E-3,2.781228125E-2,-4.963350534E-2
1.752728500E0,-1.094861895E-2,1.441455603E-2,-2.337365985E-2
1.762667500E0,-3.598961234E-4,-1.997993588E-3,1.231072783E-2
1.772606500E0,2.805201709E-3,-1.748317480E-2,1.459991276E-2
1.782546500E0,4.286301434E-3,-1.534777164E-2,-1.817899346E-3
1.792485500E0,-1.365997285E-2,-1.294047296E-2,-2.944073081E-3
1.802424500E0,-1.696715802E-2,-8.552722335E-3,-4.784191847E-3
1.812363500E0,1.141668856E-3,6.605014801E-3,-2.947113633E-2
1.822302500E0,1.602984935E-2,-2.239483595E-4,-1.680314362E-2
1.832241500E0,2.312690735E-2,4.885933399E-3,-2.435072958E-2
1.842180500E0,9.425711632E-4,6.965203285E-3,-3.996805787E-2
1.852119500E0,-1.139826983E-2,1.176050484E-2,-4.050483227E-2
1.862058500E0,-4.415495664E-2,2.181596160E-3,-6.592150927E-2
1.871997500E0,-6.711580306E-2,5.470654964E-3,-5.453113317E-2
1.881936500E0,-7.152928144E-2,-3.736370802E-4,-5.437735140E-2
1.891875500E0,-5.189111531E-2,-1.217273355E-2,-5.313189447E-2
1.901814500E0,-3.888398409E-2,-8.991263509E-3,-3.393314660E-2
1.911753500E0,-3.218161315E-2,-8.164467216E-3,-2.561314344E-2
1.921693500E0,-3.165302485E-2,-1.603774309E-2,-3.701287508E-2
1.931632500E0,-2.055120885E-2,-1.223822236E-3,-4.286359906E-2
1.941571500E0,-2.620955944E-2,8.090207577E-3,-5.617127717E-2
1.951510500E0,-2.974712491E-2,1.178506315E-2,-6.629280746E-2
1.961449500E0,-4.238705099E-2,2.422267556E-2,-7.950400651E-2
1.971389000E0,-3.235469073E-2,3.168723106E-2,-5.698345542E-2
1.981328000E0,-1.904642791E-2,3.669771016E-2,-5.033751011E-2
1.991267000E0,-1.489665896E-2,3.703275561E-2,-6.218864679E-2
2.001206000E0,-1.937913448E-2,3.165156305E-2,-5.113156199E-2
2.011145000E0,-2.531230420E-2,2.295382977E-2,-4.283319354E-2
2.021084000E0,-2.470711738E-2,2.776374936E-2,-3.044879079E-2
2.031023000E0,-3.187843502E-2,2.142887592E-2,-2.493369699E-2
2.040962000E0,-1.763549477E-2,1.785213411E-2,2.204985023E-3
2.050901000E0,-4.923647940E-3,2.412795067E-2,6.196879148E-3
2.060840000E0,-5.807162225E-3,2.404608965E-2,7.881461978E-3
2.070779000E0,-6.643606424E-3,3.278475344E-2,1.119157076E-2
2.080719000E0,-7.518642247E-3,2.274508417E-2,-4.443883896E-3
2.090658000E0,-2.729977280E-2,1.095358908E-2,-7.368076444E-3
2.100597000E0,-3.558147669E-2,2.187794209E-2,-8.210075498E-3
2.110536000E0,-2.582071960E-2,-2.647619247E-3,9.647905827E-4
2.120475000E0,-3.095779091E-2,-7.516595721E-3,1.299251318E-3
2.130414000E0,-3.358523726E-2,4.952591658E-4,5.886391997E-3
2.140353000E0,-2.712055564E-2,2.535820484E-2,7.630616426E-3
2.150292000E0,-2.808739275E-2,2.274333000E-2,1.974136949E-2
2.160231000E0,-2.689543784E-2,3.571070015E-2,-1.556528807E-2
2.170170000E0,-4.355093926E-2,3.666788936E-2,-2.127918720E-2
2.180109000E0,-3.635857165E-2,3.466463327E-2,-3.149895072E-2
2.190048000E0,-2.422530681E-2,3.096919298E-2,-3.654275894E-2
2.199987000E0,-1.012299210E-2,3.323265016E-2,-3.146386743E-2
2.209926000E0,6.324640810E-3,1.926716030E-2,-3.360453308E-2
2.219865000E0,-8.887767792E-5,1.454670310E-2,-3.829458475E-2
2.229805000E0,-6.367325485E-3,1.398653984E-2,-3.377176344E-2
2.239744000E0,-1.442800462E-2,2.486002207E-2,-2.774679244E-2
2.249683000E0,-3.602264911E-2,3.643750906E-2,-3.860097885E-2
2.259622000E0,-4.768053532E-2,5.029073238E-2,-3.795895457E-2
2.269561000E0,-4.651898593E-2,5.274948657E-2,-3.137966752E-2
2.279500000E0,-3.852028728E-2,4.302907526E-2,-2.356837213E-2
2.289439000E0,-2.350843817E-2,3.757947028E-2,-1.554189920E-2
2.299378000E0,-1.280481756E-2,1.763578713E-2,5.506907701E-3
2.309317000E0,-3.543412685E-3,2.283337712E-3,1.192539632E-2
2.319256000E0,-1.895374954E-3,-2.102074027E-3,4.481306076E-3
2.329195000E0,5.294946134E-3,1.737792492E-2,-1.011568308E-3
2.339134000E0,-2.066055179E-2,4.523873806E-2,-1.321178377E-2
2.349073000E0,-3.220354021E-2,7.127346575E-2,-9.319292307E-3
2.359012000E0,-3.711900204E-2,6.516838789E-2,-1.454611838E-2
2.368951000E0,-1.084600031E-2,5.771669626E-2,-8.969628811E-4
2.378890000E0,-6.077888310E-3,4.171696007E-2,2.010506630E-2
2.388830000E0,-2.128474206E-2,2.931676984E-2,2.289184928E-3
2.398769000E0,-2.670832694E-2,1.874617338E-2,-2.461093068E-3
2.408708000E0,-3.735698372E-2,1.633887470E-2,4.514050484E-4
2.418647000E0,-5.774856359E-2,1.604242086E-2,-7.340594530E-3
2.428586000E0,-5.918171614E-2,3.328352094E-2,-4.498263001E-3
2.438525000E0,-6.199802756E-2,3.379456758E-2,-9.338003397E-4
2.448464000E0,-5.148911923E-2,4.109013855E-2,5.097602606E-3
2.458403000E0,-4.317233205E-2,2.074767530E-2,-1.086295724E-2
2.468342000E0,-4.218532205E-2,-1.016363025E-2,3.262161613E-3
2.478281000E0,-3.177873999E-2,-3.668133795E-2,-8.272640705E-3
2.488220000E0,-1.094569534E-2,-5.009192705E-2,-3.125278294E-2
2.498159000E0,2.272608072E-2,-5.497610629E-2,-4.692858338E-2
2.508098000E0,4.136291116E-2,-4.317700982E-2,-5.717290521E-2
2.518037000E0,5.786258429E-2,-1.969225287E-2,-8.038401246E-2
2.527976000E0,6.881821990E-2,1.729021668E-2,-1.123326141E-1
2.537916000E0,6.134606302E-2,4.101763308E-2,-1.166718328E-1
2.547855000E0,4.476745248E-2,4.638069928E-2,-1.120063394E-1
2.557794000E0,1.983346313E-2,4.832606792E-2,-1.111789584E-1
2.567733000E0,6.981867850E-3,2.660833955E-2,-1.100212097E-1
2.577672000E0,1.206865311E-2,1.382106364E-2,-1.007744229E-1
2.587611000E0,1.301941037E-2,-9.871269464E-3,-9.276022911E-2
2.597550000E0,6.631619632E-3,-3.112531364E-2,-6.664188623E-2
2.607489000E0,-6.934797764E-4,-3.049089074E-2,-5.002877712E-2
2.617428000E0,-3.721460402E-3,-2.510443568E-2,-5.409493089E-2
2.627367000E0,-2.623645663E-3,-4.214088321E-3,-3.686669469E-2
2.637306000E0,1.719666123E-3,6.488655210E-3,-4.474698722E-2
2.647245000E0,-4.280161858E-3,2.009103298E-2,-3.199537933E-2
2.657184000E0,-2.484569639E-2,2.984009564E-2,-3.150421321E-2
2.667123000E0,-3.973621577E-2,2.774913132E-2,-1.634764552E-2
2.677062000E0,-4.641490549E-2,4.410379350E-2,-1.578163505E-3
2.687001000E0,-2.870456636E-2,2.496468723E-2,-9.858405590E-4
2.696941000E0,-2.471647292E-2,2.008050799E-2,-2.953311682E-2
2.706880000E0,-3.003977805E-2,3.336655140E-2,-2.850108325E-2
2.716819000E0,-3.396413684E-2,3.099199712E-2,-2.900335908E-2
2.726758000E0,-5.684663057E-3,2.266614676E-2,-1.611784995E-2
2.736697000E0,-9.200301468E-3,3.234387338E-2,-2.645689666E-2
2.746636000E0,-5.369790494E-3,2.506525934E-2,-1.838013768E-2
2.756575000E0,1.790417433E-3,2.377653301E-2,-6.262367964E-4
2.766514000E0,-5.865926743E-3,3.554873228E-2,-1.891574264E-2
2.776453000E0,2.105874717E-3,2.892325222E-2,-4.734315097E-2
2.786392000E0,1.599096537E-2,2.512431622E-2,-6.402525723E-2
2.796331000E0,1.677800059E-2,2.749419272E-2,-4.892833114E-2
2.806270000E0,1.356115490E-2,2.923198521E-2,-4.320273757E-2
2.816209000E0,1.436163872E-2,4.960309982E-2,-4.242038012E-2
2.826148000E0,2.152886331E-2,4.288464904E-2,-4.667656839E-2
2.836087000E0,8.962904513E-3,5.167827666E-2,-5.261558533E-2
2.846027000E0,6.388083100E-4,3.930147529E-2,-4.144798815E-2
2.855966000E0,-1.154240370E-2,2.921093524E-2,-2.591018200E-2
2.865905000E0,-1.060392559E-2,1.622076094E-2,-2.924075603E-2
2.875844000E0,-5.965037048E-3,6.630742550E-4,-4.124450505E-2
2.885783000E0,-3.181177676E-3,-2.027229667E-3,-2.972607493E-2
2.895722000E0,1.316120535E-2,-1.621491373E-2,-2.872035384E-2
2.905661000E0,2.332512796E-2,-1.281358838E-2,-2.560729623E-2
2.915600000E0,1.847866327E-2,-7.454615235E-3,-2.969391525E-2
2.925539000E0,2.257317603E-3,1.052323401E-2,-3.349519014E-2
2.935478000E0,-2.064096361E-2,3.250701070E-2,-5.618121743E-2
2.945417000E0,-3.236521572E-2,3.572356403E-2,-4.420495033E-2
2.955356000E0,-4.010020494E-2,3.095515966E-2,-5.209986091E-2
2.965295125E0,-3.320107520E-2,2.058746159E-2,-4.739577591E-2
2.975234125E0,-2.308890045E-2,3.177376986E-3,-3.313032389E-2
2.985173125E0,-1.083781421E-2,-3.762683272E-3,-4.022358119E-2
2.995112125E0,-6.467605233E-3,-9.257896543E-3,-6.027076006E-2
3.005052125E0,-8.868471980E-3,-1.333165169E-3,-6.063387215E-2
3.014991125E0,3.686669469E-4,6.011522412E-3,-7.025897384E-2
3.024930125E0,2.603765130E-3,8.780179024E-3,-6.667696953E-2
3.034869125E0,1.541647643E-2,1.507704556E-2,-5.105847180E-2
3.044808125E0,2.246237129E-2,9.770112634E-3,-4.435230017E-2
3.054747125E0,3.846561581E-2,1.322347820E-2,-5.058426261E-2
3.064686125E0,2.461005360E-2,1.363336802E-2,-6.728858829E-2
3.074625125E0,3.379690647E-3,2.505473435E-2,-6.488655210E-2
3.084564125E0,2.387125790E-3,2.656565487E-2,-6.729209661E-2
3.094503125E0,1.206719130E-2,2.572190166E-2,-5.079710126E-2
3.104442125E0,2.494100600E-2,1.848597229E-2,-3.382965088E-2
3.114381125E0,1.487736315E-2,5.361312032E-3,-3.369633436E-2
3.124320125E0,4.720749557E-3,6.234886050E-3,-2.276321054E-2
3.134259125E0,-6.081981361E-3,1.236101389E-3,-2.616979837E-2
3.144198125E0,-1.910285354E-2,5.076552629E-3,-2.603472769E-2
3.154137125E0,-6.768444479E-3,1.548693538E-2,-3.013421059E-2
3.164077125E0,4.549133778E-4,1.489110410E-2,-2.351750135E-2
3.174016125E0,-1.320184350E-2,2.257200658E-2,-1.330416977E-2
3.183955125E0,-8.215922713E-3,2.460508347E-2,-1.629560530E-2
3.193894125E0,-2.745063096E-2,2.553829908E-2,-2.552543521E-2
3.203833125E0,-3.441641897E-2,3.295373797E-2,-2.243635118E-2
3.213772125E0,-3.190240860E-2,2.566576838E-2,-1.318781018E-2
3.223711125E0,-2.851745546E-2,1.632016361E-2,-2.197032809E-2
3.233650125E0,-2.321958572E-2,3.064467251E-2,-3.388753831E-2
3.243589125E0,-2.600549161E-2,3.408458948E-2,-3.222868323E-2
3.253528125E0,-3.664771646E-2,3.445062518E-2,-2.955065846E-2
3.263467125E0,-4.036859214E-2,3.065812111E-2,-1.417423546E-2
3.273406125E0,-2.770323068E-2,3.394659519E-2,-1.158333421E-2
3.283345125E0,-1.980393469E-2,2.692701280E-2,-1.371581376E-2
3.293284125E0,-3.114256293E-2,2.188612819E-2,-4.632573545E-2
3.303223125E0,-5.085118800E-2,3.563585579E-2,-4.779280186E-2
3.313162125E0,-5.977725506E-2,3.594809711E-2,-4.369448841E-2
3.323102125E0,-5.253664792E-2,2.874549687E-2,-2.508923292E-2
3.333041125E0,-2.752576768E-2,1.063491583E-2,-1.451454341E-2
3.342980125E0,-2.669897139E-2,8.665573597E-4,-4.600004554E-3
3.352919125E0,-2.713926673E-2,7.316036224E-3,-1.195053935E-2
3.362858125E0,-6.799434721E-3,-1.513259411E-3,-2.125112057E-2
3.372797125E0,1.714783698E-2,-1.715923905E-2,-4.013528824E-2
3.382736125E0,2.481558323E-2,-1.337492108E-2,-6.981809378E-2
3.392675125E0,5.711560249E-3,2.012436211E-2,-7.788257360E-2
3.402614125E0,-1.644383222E-2,5.136311173E-2,-7.413100004E-2
3.412553125E0,-6.661440432E-3,3.786539912E-2,-4.631637990E-2
3.422492125E0,1.650785923E-2,1.438473523E-2,-2.636509538E-2
3.432431125E0,1.469317585E-2,1.023262739E-4,-3.180709898E-2
3.442370125E0,2.227496803E-3,-4.880086184E-3,-3.253858566E-2
3.452309125E0,-1.646575928E-3,-6.713188291E-3,-3.681406975E-2
3.462248125E0,-1.399326414E-2,-7.279198766E-3,-6.122444093E-2
3.472188125E0,-1.489578187E-3,5.471824408E-3,-6.611446738E-2
3.482127125E0,1.111877292E-2,-7.386202812E-3,-5.518485188E-2
3.492066125E0,9.792039692E-3,-4.806411266E-3,-4.462828875E-2
3.502005125E0,4.733028710E-3,1.315798938E-2,-3.969499290E-2
3.511944125E0,-6.267922819E-3,2.498515248E-3,-4.110475659E-2
3.521883125E0,-8.530210555E-3,-7.322468162E-3,-4.508203268E-2
3.531822125E0,-9.797302186E-3,-4.499432445E-3,-4.746652722E-2
3.541761125E0,-2.931238443E-2,1.344684184E-2,-4.689700842E-2
3.551700125E0,-2.640339464E-2,1.481333613E-2,-3.627788007E-2
3.561639125E0,1.085857183E-2,1.035424948E-2,-2.162007987E-2
3.571578125E0,1.370294988E-2,1.058112144E-2,-1.290012717E-2
3.581517125E0,4.936219454E-3,8.843913674E-3,-2.549152136E-2
3.591456125E0,1.008059978E-2,1.500220120E-2,-2.823620439E-2
3.601395125E0,1.003119081E-2,1.660901606E-2,-2.482435405E-2
3.611334125E0,3.588436246E-3,1.746037066E-2,-3.013187170E-2
3.621273125E0,3.194626272E-3,2.032199800E-2,-2.705974460E-2
3.631213125E0,1.006071925E-2,3.293795049E-2,1.298081875E-3
3.641152125E0,4.909322262E-3,2.507987738E-2,-5.572981238E-3
3.651091125E0,-6.907023489E-3,2.677440047E-2,1.280540228E-4
3.661030125E0,-2.465741605E-2,3.140597999E-2,-4.218181372E-3
3.670969125E0,-4.751184314E-2,2.789238811E-2,-1.571146846E-2
3.680908125E0,-4.350269973E-2,1.117987633E-2,-1.819127262E-2
3.690847125E0,-3.326276332E-2,5.952465534E-3,-3.475818872E-2
3.700786125E0,-2.969099164E-2,1.148042321E-2,-4.809744179E-2
3.710725125E0,-3.356623381E-2,1.323868096E-2,-3.152994096E-2
3.720664125E0,-3.438776761E-2,8.065649271E-3,-2.798828244E-2
3.730603125E0,-4.291388512E-2,1.269313574E-2,-3.407114089E-2
3.740542125E0,-5.090205878E-2,1.379825950E-2,-3.356535673E-2
3.750481125E0,-5.368913412E-2,2.373384833E-2,-3.480028868E-2
3.760420125E0,-5.693755478E-2,3.165331721E-2,-3.444770157E-2
3.770359125E0,-4.972530663E-2,3.349752903E-2,-2.060324907E-2
3.780298125E0,-4.671018988E-2,2.651770771E-2,-2.477816105E-2
3.790237125E0,-3.160303116E-2,2.196681976E-2,-2.427763939E-2
3.800177125E0,-2.439516842E-2,1.373335540E-2,-2.778889239E-2
3.810116125E0,-1.857894301E-2,8.459166884E-3,-2.917409778E-2
3.820055125E0,-7.881754339E-3,2.133590519E-2,-4.119772732E-2
3.829994125E0,1.785447299E-3,2.371630669E-2,-3.856297195E-2
3.839933125E0,5.679108202E-3,2.050735474E-2,-2.447235167E-2
3.849872125E0,7.918884158E-3,1.869296372E-2,-5.359557867E-3
3.859811125E0,-7.025429606E-3,2.558975458E-2,-1.478468478E-2
3.869750125E0,-2.407474101E-2,4.009377301E-2,-3.375889957E-2
3.879689125E0,-4.439732373E-2,4.336470544E-2,-4.573399723E-2
3.889628125E0,-6.086162120E-2,3.134516895E-2,-4.599887609E-2
3.899567125E0,-5.772575945E-2,2.120434284E-2,-3.437753499E-2
3.909506125E0,-4.163977683E-2,8.886598349E-3,-1.103720427E-2
3.919445125E0,-1.744516790E-2,-1.912039518E-4,-1.814215600E-2
3.929384125E0,-1.960571408E-3,-3.432900310E-3,-3.098322630E-2
3.939323125E0,-2.547631860E-3,-2.449983358E-3,-3.214857638E-2
3.949263125E0,-4.460840821E-3,-2.742344141E-4,-2.513601065E-2
3.959202125E0,-5.141749084E-3,1.729080141E-2,-3.943186820E-2
3.969140625E0,-6.982452571E-3,3.429801285E-2,-3.923247814E-2
3.979079625E0,-1.511476010E-2,4.127724946E-2,-4.182396412E-2
3.989018625E0,-1.852310210E-2,5.172563910E-2,-1.975130975E-2
3.998957625E0,-1.630876154E-2,5.552048206E-2,3.456873894E-3
4.008896625E0,-7.942273021E-3,3.564053357E-2,1.575941563E-2
4.018835625E0,-1.204701841E-2,1.800299227E-2,2.267199397E-2
4.028774625E0,-1.717181057E-2,2.919982553E-2,2.946762800E-2
4.038713625E0,-1.113865346E-2,3.484121919E-2,2.701472104E-2
4.048652625E0,-2.965707779E-3,2.335085571E-2,2.490679979E-2
4.058591625E0,-1.794130415E-2,3.386765778E-2,2.862387478E-2
4.068530625E0,-3.646148264E-2,4.346820116E-2,4.736186206E-2
4.078469625E0,-3.561509818E-2,5.531349063E-2,6.371593952E-2
4.088408625E0,-3.625858426E-2,6.494619370E-2,7.893214881E-2
4.098348625E0,-3.779844850E-2,6.244533956E-2,9.273157775E-2
4.108287625E0,-4.575036943E-2,7.558520257E-2,9.663985670E-2
4.118226625E0,-5.239543766E-2,8.970038116E-2,1.130067980E-1
4.128165625E0,-6.040115297E-2,1.038763708E-1,1.483181334E-1
4.138104625E0,-6.282306969E-2,9.780871511E-2,1.807994163E-1
4.148043625E0,-5.466678858E-2,9.255791545E-2,2.271105337E-1
4.157982625E0,-4.669411004E-2,9.762218893E-2,2.880899763E-1
4.167921625E0,-6.404279888E-2,1.112111181E-1,4.030123222E-1
4.177860625E0,-8.683524549E-2,1.370026016E-1,5.134317273E-1
4.187799625E0,-3.596651584E-2,1.670385790E-1,5.481747133E-1
4.197738625E0,-1.324131221E-2,2.236326098E-1,4.659400570E-1
4.207677625E0,-3.783440888E-2,3.159010881E-1,4.654874825E-1
4.217616625E0,-8.448232591E-2,3.838819867E-1,5.609304142E-1
4.227555625E0,-7.443330109E-2,3.792708725E-1,7.000590634E-1
4.237494625E0,-2.671797484E-2,3.087815183E-1,8.187581259E-1
4.247433625E0,3.728155464E-2,2.543053490E-1,8.334165108E-1
4.257373625E0,1.820939898E-2,2.750617951E-1,8.452658933E-1
4.267312625E0,-7.884327114E-2,2.984816480E-1,8.861502099E-1
4.277251625E0,-1.508075854E-1,3.408523268E-1,9.386552829E-1
4.287190625E0,-1.868974775E-1,3.654018617E-1,9.644871122E-1
4.297129625E0,-1.983644521E-1,3.425515276E-1,9.599935269E-1
4.307068625E0,-1.340120432E-1,4.024141520E-1,9.691982138E-1
4.317007625E0,-2.417572242E-1,4.160925436E-1,7.939975065E-1
4.326946625E0,-4.266210401E-1,3.496599877E-1,7.303909099E-1
4.336885625E0,-4.977313685E-1,2.140572095E-1,7.897688001E-1
4.346824625E0,-4.686034638E-1,1.508809680E-1,7.941676605E-1
4.356763625E0,-4.300247043E-1,1.219097686E-1,7.754483843E-1
4.366702625E0,-4.343569064E-1,1.064514846E-1,7.461778075E-1
4.376641625E0,-4.036800742E-1,1.346964598E-1,7.240864420E-1
4.386580625E0,-3.403757787E-1,2.754751933E-1,5.962101746E-1
4.396519625E0,-4.880834627E-1,8.010510027E-2,4.443685091E-1
4.406458625E0,-4.367846704E-1,4.351790249E-2,4.453806621E-1
4.416398625E0,-3.859863997E-1,1.198202661E-1,3.483969891E-1
4.426337625E0,-3.083306980E-1,2.100571293E-1,3.686195844E-1
4.436276625E0,-3.726506549E-1,2.257899401E-1,3.742253101E-1
4.446215625E0,-5.462767071E-1,2.293579111E-1,3.092071956E-1
4.456154625E0,-6.606681257E-1,2.392391208E-1,2.353960383E-1
4.466093625E0,-7.522407854E-1,2.639769360E-1,1.491718268E-1
4.476032625E0,-8.675285822E-1,3.375015798E-1,1.536525482E-1
4.485971625E0,-9.563302463E-1,4.188895592E-1,1.802234656E-1
4.495910625E0,-9.132567322E-1,4.266505685E-1,2.497111917E-1
4.505849625E0,-7.882081783E-1,4.386005232E-1,2.216521579E-1
4.515788625E0,-6.778805745E-1,4.545391560E-1,2.571389097E-1
4.525727625E0,-7.577722514E-1,4.511156112E-1,4.098503485E-1
4.535666625E0,-1.016598668E0,4.080458978E-1,5.131238714E-1
4.545605625E0,-1.210867730E0,4.107306468E-1,2.969052386E-1
4.555544625E0,-1.346224340E0,4.391340816E-1,2.159221789E-1
4.565483625E0,-1.474552013E0,4.335496983E-1,4.008508989E-1
4.575423625E0,-1.516175417E0,3.956521395E-1,4.588310122E-1
4.585362625E0,-1.507341444E0,3.740227041E-1,2.699960598E-1
4.595301625E0,-1.520960779E0,4.300024849E-1,5.410165519E-2
4.605240625E0,-1.589122941E0,5.740141439E-1,-6.003599435E-2
4.615179625E0,-1.665524415E0,7.160047129E-1,-6.715717211E-2
4.625118625E0,-1.598062749E0,7.856889054E-1,-5.881611899E-2
4.635057625E0,-1.323476332E0,7.391807368E-1,-2.921853662E-2
4.644996625E0,-9.075551122E-1,5.712051415E-1,-2.288366318E-2
4.654935625E0,-4.793816364E-1,3.025416622E-1,4.117839497E-2
4.664874625E0,-9.997627795E-2,3.439215302E-2,1.369254184E-1
4.674813625E0,1.535432053E-1,-1.799413374E-1,2.406000602E-1
4.684752625E0,2.613161606E-1,-2.979273319E-1,3.495523989E-1
4.694691625E0,3.261489183E-1,-3.223672315E-1,5.573378849E-1
4.704630625E0,3.496418613E-1,-3.548359430E-1,7.106952218E-1
4.714569625E0,2.842787611E-1,-4.542459181E-1,8.141663074E-1
4.724509625E0,1.447372985E-1,-5.932649320E-1,7.654437983E-1
4.734448625E0,-7.843864381E-2,-7.464842016E-1,5.469322530E-1
4.744387625E0,-2.707985902E-1,-8.890814191E-1,3.456815422E-1
4.754326625E0,-3.611848497E-1,-1.013016663E0,9.252634048E-2
4.764265625E0,-3.657965487E-1,-1.131452601E0,-1.420498451E-1
4.774204625E0,-3.459885210E-1,-1.186583658E0,-3.292121284E-1
4.784143625E0,-3.114110112E-1,-1.253869323E0,-3.629518783E-1
4.794082625E0,-2.950499171E-1,-1.331201089E0,-2.826615675E-1
4.804021625E0,-3.706187475E-1,-1.387043753E0,-2.738613617E-1
4.813960625E0,-5.078113836E-1,-1.394907088E0,-3.911695178E-1
4.823899625E0,-6.490298277E-1,-1.366144050E0,-5.017986917E-1
4.833838625E0,-7.483594036E-1,-1.374918382E0,-4.711535807E-1
4.843777625E0,-8.336369509E-1,-1.463465692E0,-2.396621668E-1
4.853716625E0,-8.489180642E-1,-1.638569335E0,-1.090694292E-1
4.863655625E0,-7.810166878E-1,-1.699066967E0,-1.014740422E-2
4.873594625E0,-6.823262125E-1,-1.579534092E0,1.013499351E-1
4.883534625E0,-6.007844514E-1,-1.366268595E0,1.231504016E-1
4.893473625E0,-5.237912393E-1,-1.149813443E0,-2.839861080E-2
4.903412625E0,-3.746837318E-1,-9.970151728E-1,-2.037111461E-1
4.913351625E0,-2.913679254E-1,-9.411473662E-1,-1.202759103E-1
4.923290625E0,-2.244734395E-1,-9.248950303E-1,-5.970990975E-1
4.933229625E0,1.073549963E0,-1.239350102E0,-2.061250083E0
4.943168625E0,2.396359128E0,-1.599935027E0,-6.129599623E-1
4.953107625E0,1.284315190E0,-1.223283123E0,6.966254322E-1
4.963046625E0,-3.197965032E-1,-7.478197056E-1,4.483586490E-1
4.972985667E0,-7.280420834E-1,-5.782042587E-1,1.445536959E-1
4.982924667E0,-4.663733357E-1,-6.397146285E-1,1.293882112E-1
4.992863667E0,-3.619619447E-1,-6.967776060E-1,1.865833358E-1
5.002802667E0,-5.813658482E-1,-6.616527969E-1,-1.602394366E-1
5.012741667E0,-5.662373471E-1,-5.508170700E-1,-5.630073452E-1
5.022680667E0,-3.263325208E-1,-5.299080116E-1,-6.564575458E-1
5.032619667E0,-1.892784637E-1,-5.468830633E-1,-8.853022175E-1
5.042558667E0,-1.436555636E-1,-5.759624362E-1,-1.024553512E0
5.052498667E0,-6.730145216E-2,-6.246165329E-1,-9.851681292E-1
5.062437667E0,7.189502478E-2,-6.948339915E-1,-9.020569754E-1
5.072376667E0,2.212802750E-1,-8.299298161E-1,-6.353911972E-1
5.082315667E0,3.014146113E-1,-1.013259907E0,-3.029721634E-1
5.092254667E0,3.488255900E-1,-1.170173448E0,-7.450405240E-2
5.102193667E0,3.922978842E-1,-1.225681066E0,8.893147230E-2
5.112132667E0,4.657231253E-1,-1.228338625E0,1.966102874E-1
5.122071667E0,4.701722717E-1,-1.180471564E0,2.024528253E-1
5.132010667E0,4.218426955E-1,-1.139193145E0,8.951517060E-2
5.141949667E0,4.977775615E-1,-1.114784528E0,-1.666934471E-1
5.151888667E0,6.871624446E-1,-9.560554272E-1,-3.987882936E-1
5.161827667E0,7.975450122E-1,-6.836593777E-1,-4.314227736E-1
5.171766667E0,9.037216777E-1,-4.300749904E-1,-3.070245762E-1
5.181705667E0,9.020189685E-1,-2.509736055E-1,-9.556338429E-2
5.191644667E0,6.932564127E-1,-1.460225165E-1,1.543023200E-1
5.201584667E0,4.934418511E-1,-1.096814865E-1,3.093900673E-1
5.211523667E0,4.748436123E-1,-2.509449542E-2,3.804631197E-1
5.221462667E0,3.929603738E-1,1.707807970E-1,5.314639556E-1
5.231401667E0,1.877119946E-1,3.622174680E-1,7.104109740E-1
5.241340667E0,-5.908611417E-3,4.950267389E-1,7.193491741E-1
5.251279667E0,-9.795431077E-2,5.421681610E-1,7.113082293E-1
5.261218667E0,-3.395308560E-1,5.765626529E-1,6.906754518E-1
5.271157667E0,-7.006981641E-1,6.743532416E-1,6.606254411E-1
5.281096667E0,-1.061728647E0,7.600207981E-1,7.505591261E-1
5.291035667E0,-1.345809188E0,7.829635182E-1,9.597328873E-1
5.300974667E0,-1.561895381E0,6.772198391E-1,1.181192526E0
5.310913667E0,-1.746187339E0,4.930775696E-1,1.188871089E0
5.320852667E0,-2.023145387E0,3.809577942E-1,9.739006908E-1
5.330791667E0,-2.386365652E0,3.751374757E-1,8.474381340E-1
5.340730667E0,-2.568970689E0,4.025957081E-1,8.014636700E-1
5.350669667E0,-2.576317715E0,4.064192024E-1,8.604611988E-1
5.360608667E0,-2.336844998E0,3.821775234E-1,8.881768548E-1
5.370548667E0,-2.210163317E0,3.714721486E-1,8.079599266E-1
5.380487667E0,-2.371187450E0,3.301595235E-1,7.056348221E-1
5.390426667E0,-2.735228080E0,1.925233760E-1,8.380216317E-1
5.400365667E0,-3.195134395E0,-3.458101809E-2,1.108539263E0
5.410304667E0,-3.597736827E0,-2.667622572E-1,1.148525155E0
5.420243667E0,-3.627610252E0,-5.820467564E-1,1.108931611E0
5.430182667E0,-3.704773033E0,-9.955981001E-1,1.239753560E0
5.440121667E0,-3.713933866E0,-1.112799398E0,1.372608293E0
5.450060667E0,-3.261472226E0,-8.674902830E-1,1.116243847E0
5.459999667E0,-2.792162418E0,-4.628568202E-1,6.835745931E-1
5.469938667E0,-2.607117339E0,-5.494745493E-2,2.050736935E-1
5.479877667E0,-2.615886993E0,2.536387664E-1,-1.449209011E-1
5.489816667E0,-2.532687546E0,4.866456324E-1,-5.588302405E-1
5.499755667E0,-2.106851787E0,6.255421472E-1,-7.920671944E-1
5.509694667E0,-1.179307383E0,6.098645926E-1,-9.245931678E-1
5.519634667E0,5.132393539E-2,6.157141471E-1,-1.686066853E0
5.529573667E0,1.139182035E0,4.330085385E-1,-2.011305360E0
5.539512667E0,2.006146946E0,1.681460416E-1,-2.150552123E0
5.549451667E0,3.480755677E0,-2.900487936E-1,-2.973397745E0
5.559390667E0,5.677642890E0,-1.193493898E0,-3.363147120E0
5.569329667E0,7.720580517E0,-2.257556754E0,-3.370699384E0
5.579268667E0,9.491365339E0,-3.322328292E0,-3.053160783E0
5.589207667E0,1.070914038E1,-3.788365413E0,-3.059821054E0
5.599146667E0,1.136360169E1,-3.434568520E0,-2.666095864E0
5.609085667E0,1.048089783E1,-2.958519212E0,-1.894431213E0
5.619024667E0,7.611864406E0,-2.610400550E0,-1.425955803E0
5.628963667E0,5.070705999E0,-2.254276466E0,-1.006754003E0
5.638902667E0,3.744468026E0,-1.865696241E0,-5.634353614E-1
5.648841667E0,2.617782075E0,-1.198371060E0,-4.102254474E-1
5.658780667E0,1.171707757E0,-3.369966727E-1,-3.398321338E-1
5.668719667E0,-4.398491961E-1,2.320420754E-1,-3.782376695E-1
5.678659667E0,-2.122742765E0,4.325986487E-1,-3.559282760E-1
5.688598667E0,-3.829746743E0,5.037060535E-1,-4.302463869E-1
5.698537667E0,-5.324863413E0,7.326824337E-1,-5.912236691E-1
5.708476667E0,-6.697458696E0,1.134115131E0,-6.696126115E-1
5.718415667E0,-7.803283535E0,1.615972186E0,-7.959615862E-1
5.728354667E0,-8.772089401E0,1.963963670E0,-8.720449716E-1
5.738293667E0,-9.646389059E0,2.018301553E0,-9.613290310E-1
5.748232667E0,-1.027566992E1,1.820519191E0,-1.085691707E0
5.758171667E0,-1.047872267E1,1.379137148E0,-1.235448840E0
5.768110667E0,-9.786364970E0,7.909300572E-1,-1.522360602E0
5.778049667E0,-8.088419498E0,2.099641585E-1,-1.730461253E0
5.787988667E0,-6.043950486E0,-2.532405710E-1,-1.559508548E0
5.797927667E0,-3.906607808E0,-5.248805755E-1,-1.729701115E0
5.807866667E0,-1.690180954E0,-8.775524640E-1,-1.662347038E0
5.817805667E0,4.853265005E-1,-1.417485527E0,-1.698873425E0
5.827744667E0,2.629654262E0,-2.107924751E0,-1.564498708E0
5.837683667E0,4.833275129E0,-2.682676814E0,-1.467235099E0
5.847623667E0,7.041160371E0,-2.850092538E0,-1.445926676E0
5.857562667E0,8.637688226E0,-2.618387262E0,-1.137472748E0
5.867501667E0,9.803171037E0,-2.156562476E0,-9.690552494E-1
5.877440667E0,1.072056350E1,-1.696025831E0,-1.188200706E0
5.887379667E0,1.090917012E1,-1.625710139E0,-1.284210818E0
5.897318667E0,9.832793616E0,-1.907098621E0,-1.166853983E0
5.907257667E0,8.009178616E0,-2.148495072E0,-1.407298362E0
5.917196667E0,5.877440495E0,-2.120039012E0,-1.555989693E0
5.927135667E0,3.928023235E0,-1.867031745E0,-1.324173321E0
5.937074667E0,2.326517061E0,-1.388564613E0,-9.684602952E-1
5.947013667E0,8.181944543E-1,-8.036530137E-1,-7.461434551E-1
5.956952667E0,-7.021430111E-1,-3.403950745E-1,-4.159134726E-1
5.966892000E0,-2.235477083E0,-3.991981834E-2,-1.842117783E-1
5.976831000E0,-3.729589786E0,1.099294084E-1,4.681405105E-2
5.986770000E0,-5.025104733E0,1.394405982E-1,1.507541199E-1
5.996710000E0,-6.237442453E0,2.341660765E-1,2.149206240E-2
6.006649000E0,-7.318385051E0,5.287909010E-1,-1.310793722E-1
6.016588000E0,-8.225776441E0,9.644087595E-1,-1.307203531E-1
6.026527000E0,-9.027576472E0,1.282352865E0,-2.451621036E-2
6.036466000E0,-9.507198429E0,1.433897199E0,-2.662354231E-2
6.046405000E0,-9.351517482E0,1.430209360E0,-1.848760951E-1
6.056344000E0,-8.799122833E0,1.033105357E0,-5.791854215E-1
6.066283000E0,-8.368983523E0,-5.378649026E-2,-8.858227658E-1
6.076222000E0,-6.789453524E0,-1.092217492E0,-7.501506250E-2
6.086161000E0,-4.406915460E0,-1.262996827E0,-1.752520166E-2
6.096100000E0,-2.423575578E0,-1.102866148E0,1.890954459E-1
6.106039000E0,-1.079491904E0,-1.206624405E0,6.178449456E-1
6.115978000E0,7.567700386E-2,-1.403504834E0,8.165414464E-1
6.125917000E0,1.419528544E0,-1.392758821E0,9.747334805E-1
6.135856000E0,3.041060262E0,-1.154259666E0,8.222082755E-1
6.145795000E0,4.446211088E0,-8.613504142E-1,5.528095087E-1
6.155735000E0,5.277381098E0,-8.079863852E-1,3.661970830E-1
6.165674000E0,5.691290292E0,-9.433997136E-1,-6.574404627E-2
6.175613000E0,5.599762071E0,-9.741227388E-1,-7.194288424E-1
6.185552000E0,5.103964376E0,-8.533420676E-1,-1.108191500E0
6.195491000E0,4.538685388E0,-6.476954931E-1,-1.553731499E0
6.205430000E0,4.407652209E0,-5.187486005E-1,-1.765196345E0
6.215369000E0,4.865585089E0,-6.109703010E-1,-2.264686264E0
6.225308000E0,6.568517066E0,-6.188576102E-1,-2.558756772E0
6.235247000E0,6.657502917E0,-5.849525303E-1,-1.999994506E0
6.245186000E0,4.682365510E0,-1.107979538E0,-1.014577285E0
6.255125000E0,3.531316550E0,-1.727755746E0,-1.500709824E-1
6.265064000E0,3.406393127E0,-1.501562056E0,-7.376334174E-1
6.275003000E0,3.229092100E0,-8.146428555E-1,-1.149871184E0
6.284942000E0,2.491968706E0,-2.069253606E-1,-9.161182865E-1
6.294881000E0,1.375109001E0,7.212423563E-2,-7.141425940E-1
6.304820000E0,1.226365775E-1,8.192884684E-2,-3.772810650E-1
6.314760000E0,-1.297428741E0,6.788032651E-2,-2.034760515E-1
6.324699000E0,-2.708569454E0,-2.734274983E-2,4.297118783E-2
6.334638000E0,-3.876652522E0,-1.198515487E-1,2.010132043E-1
6.344577000E0,-4.612391880E0,-2.507987738E-2,4.404939612E-2
6.354516000E0,-5.142798074E0,1.749481076E-1,3.520924294E-1
6.364455000E0,-5.649881480E0,7.313665178E-1,-1.587098050E-1
6.374394000E0,-5.911786455E0,1.072197795E0,1.009182644E-1
6.384333000E0,-6.181581663E0,8.332308617E-1,3.107935452E-1
6.394272000E0,-6.142869587E0,4.242833233E-1,-3.683837224E-4
6.404211000E0,-5.703937819E0,-1.284183043E-1,-1.532917567E-1
6.414150000E0,-4.872841483E0,-4.028009453E-1,-6.607599270E-1
6.424089000E0,-3.561692251E0,-4.106166261E-1,-8.678437471E-1
6.434028000E0,-2.086482427E0,-4.047354966E-1,-2.980477846E-1
6.443967000E0,-7.243489820E-1,-2.803985488E-1,-7.475957572E-1
6.453906000E0,3.864746422E-1,-4.961929661E-1,6.069621078E-1
6.463845000E0,1.002226211E0,-8.057539183E-1,1.159382557E0
6.473785000E0,2.020956189E0,-7.530243123E-1,1.156201672E0
6.483724000E0,2.689774749E0,-6.650681555E-2,7.846729517E-2
6.493663000E0,2.474820576E0,3.362178236E-1,3.884318514E-1
6.503602000E0,2.195854011E0,5.108074969E-1,-2.871614385E-1
6.513541000E0,2.470981295E0,1.331288213E-1,-2.866479068E-1
6.523480000E0,2.828537947E0,-5.728002620E-1,-1.400269277E-1
6.533419000E0,3.212524599E0,-1.212255274E0,3.434841585E-1
6.543358000E0,3.866875393E0,-1.677719952E0,6.624122040E-1
6.553297000E0,4.805103829E0,-1.771195296E0,6.161597049E-1
6.563236000E0,5.796262431E0,-1.539762501E0,3.864718647E-1
6.573175000E0,6.160167405E0,-1.025705121E0,1.057619517E-1
6.583114000E0,5.448239079E0,-4.464278984E-1,-1.434906721E-3
6.593053000E0,3.852217008E0,-1.491718268E-1,-5.256873451E-2
6.602992000E0,2.195766302E0,-1.345765918E-1,3.923515324E-1
6.612931000E0,8.236230093E-1,-3.252338290E-1,8.963899270E-1
6.622870000E0,-5.512702292E-1,-8.265074408E-1,1.340343211E0
6.632809000E0,-2.190562865E0,-1.075439199E0,4.834864183E-1
6.642749000E0,-4.075495276E0,-8.706448558E-1,4.100816059E-1
6.652688000E0,-6.060551900E0,-8.129003853E-2,-1.188481665E-1
6.662627000E0,-7.710557805E0,8.833920783E-1,-1.037687820E-1
6.672566000E0,-8.915443248E0,1.382694886E0,-8.621134758E-2
6.682505000E0,-9.812617214E0,1.342846111E0,-3.375486499E-1
6.692444000E0,-1.037376982E1,1.063482227E0,-8.419856054E-1
6.702383000E0,-1.018895103E1,7.552266660E-1,-1.492399469E0
6.712322000E0,-9.072056826E0,4.790109229E-1,-2.102120805E0
6.722261000E0,-7.195380099E0,2.035012311E-1,-2.294305919E0
6.732200000E0,-5.423143414E0,1.267500937E-2,-2.397272463E0
6.742139000E0,-3.757407914E0,-9.418870389E-2,-2.397154934E0
6.752078000E0,-1.888776371E0,-2.079725969E-1,-2.311890836E0
6.762017000E0,6.464535445E-1,-8.320693123E-1,-2.083939472E0
6.771956000E0,3.790143551E0,-1.889150008E0,-2.726438545E0
6.781895000E0,7.150890389E0,-3.161879525E0,-2.535105954E0
6.791834000E0,1.047186271E1,-4.092761520E0,-1.537285912E0
6.801774000E0,1.590092877E1,-4.596385127E0,-3.886044612E0
6.811713000E0,2.257577219E1,-2.750727879E0,-4.051421413E0
6.821652000E0,1.690886245E1,5.186725867E-1,-2.209323657E-1
6.831591000E0,7.429388008E0,1.421351121E0,3.398691759E0
6.841530000E0,1.483012934E0,3.743188655E-1,3.175883607E0
6.851469000E0,2.216340315E-1,-8.603031778E-1,-3.960987206E-1
6.861408000E0,1.886645645E0,-1.837966406E0,-2.506736434E0
6.871347000E0,2.678389635E0,-1.999298102E0,-3.735339353E0
6.881286000E0,2.063931470E0,-1.252467746E0,-3.394926152E0
6.891225000E0,3.012877268E-1,-3.196830672E-1,-2.621270524E0
6.901164000E0,-1.519213046E0,-3.689768493E-2,-1.569441798E0
6.911103000E0,-2.666416292E0,-2.945078802E-1,-8.260770857E-1
6.921042000E0,-3.258056282E0,-6.119380152E-1,-3.995989004E-2
6.930981000E0,-3.591627071E0,-7.258590254E-1,6.950772357E-1
6.940920000E0,-4.217394921E0,-4.578524807E-1,1.289239715E0
6.950859000E0,-5.367119486E0,2.429252055E-1,1.747592425E0
6.960799000E0,-6.699998726E0,1.017186897E0,2.088486267E0
6.970737625E0,-7.939811928E0,1.375669749E0,2.072405255E0
6.980676625E0,-9.144963419E0,1.127833174E0,1.494875765E0
6.990615625E0,-1.016368638E1,5.802811897E-1,4.816252130E-1
7.000554625E0,-1.032202196E1,3.192872107E-2,-4.245926410E-1
7.010493625E0,-9.173352236E0,-2.173421752E-1,-1.444192100E0
7.020432625E0,-6.994733478E0,-5.810144305E-2,-2.323429146E0
7.030371625E0,-4.825253919E0,2.827678406E-1,-2.516590161E0
7.040310625E0,-3.100767936E0,4.854136240E-1,-2.298118304E0
7.050249625E0,-9.516548127E-1,3.199438530E-1,-2.077150709E0
7.060188625E0,1.671792045E0,-4.707511461E-1,-2.102098585E0
7.070127625E0,4.538864313E0,-1.864899850E0,-1.997839222E0
7.080066625E0,7.513345839E0,-3.391448813E0,-1.640541601E0
7.090005625E0,1.010847112E1,-4.000931582E0,-6.584108081E-1
7.099944625E0,1.169081539E1,-3.310453767E0,6.063065618E-1
7.109883625E0,1.221538080E1,-2.108841594E0,1.642110994E0
7.119823625E0,1.200023834E1,-1.410630836E0,2.214128606E0
7.129762625E0,1.108116597E1,-1.512089968E0,1.482729051E0
7.139701625E0,9.444721515E0,-1.935662854E0,3.716433258E-1
7.149640625E0,7.063052931E0,-2.021047406E0,-5.110301296E-1
7.159579625E0,4.038275410E0,-1.990538388E0,-7.444767062E-1
7.169518625E0,8.901052666E-1,-2.042133635E0,-4.924945657E-1
7.179457625E0,-1.923600048E0,-2.020109512E0,-8.822173727E-1
7.189396625E0,-4.306025847E0,-1.394315350E0,-1.872480766E0
7.199335625E0,-6.369581341E0,5.233141065E-2,-2.420318679E0
7.209274625E0,-7.982115363E0,1.919708142E0,-2.261839254E0
7.219213625E0,-8.978480326E0,3.410514244E0,-1.886856145E0
7.229152625E0,-9.505861171E0,4.015104064E0,-1.461162474E0
7.239091625E0,-9.722916248E0,3.743362902E0,-1.548517537E0
7.249030625E0,-9.185122097E0,2.941249461E0,-1.741715535E0
7.258969625E0,-7.976935900E0,2.009904951E0,-1.875281582E0
7.268908625E0,-6.389465382E0,1.097990155E0,-2.020398949E0
7.278848625E0,-4.681141103E0,3.577835244E-1,-2.061328290E0
7.288787625E0,-2.627001380E0,-8.084418833E-2,-2.081680108E0
7.298726625E0,-3.705193448E-1,-2.592789906E-1,-2.101199284E0
7.308665625E0,1.949493273E0,-5.073406827E-1,-1.948905044E0
7.318604625E0,4.299804994E0,-1.262640147E0,-1.440337615E0
7.328543625E0,6.698545693E0,-2.541629693E0,-5.283754563E-1
7.338482625E0,8.900576702E0,-3.868271123E0,4.696284807E-1
7.348421625E0,1.046880111E1,-4.338532273E0,1.787724059E0
7.358360625E0,1.078610728E1,-3.686791091E0,2.457603450E0
7.368299625E0,9.929232913E0,-2.693068485E0,2.659219246E0
7.378238625E0,7.631000004E0,-1.929213960E0,2.228646365E0
7.388177625E0,4.418457863E0,-1.550939453E0,1.341823726E0
7.398116625E0,1.114536606E0,-1.286868669E0,6.171361899E-1
7.408055625E0,-1.652529563E0,-7.233128554E-1,-1.360180219E-2
7.417994625E0,-3.875687732E0,2.406322199E-1,-8.891498315E-1
7.427933625E0,-5.880990924E0,1.459803581E0,-1.583053531E0
7.437873625E0,-7.552880618E0,2.600732764E0,-1.828313237E0
7.447812625E0,-8.586970646E0,3.468940208E0,-2.276777136E0
7.457751625E0,-8.790799906E0,3.753591437E0,-2.489070241E0
7.467690625E0,-7.969115834E0,3.487893373E0,-2.636701911E0
7.477629625E0,-6.538331400E0,2.777002927E0,-2.538509034E0
7.487568625E0,-4.948617890E0,1.735250123E0,-2.429453784E0
7.497507625E0,-3.342953761E0,6.028362393E-1,-2.170746067E0
7.507446625E0,-1.758510931E0,-4.091612542E-1,-1.808568360E0
7.517385625E0,1.589156270E-2,-1.141537294E0,-1.305984972E0
7.527324625E0,2.322243331E0,-1.934549544E0,-7.612747335E-1
7.537263625E0,4.968518888E0,-3.112928390E0,1.077079781E-1
7.547202625E0,7.207912436E0,-3.921705319E0,1.042537647E0
7.557141625E0,8.416248906E0,-3.722545061E0,1.837044300E0
7.567080625E0,8.125402552E0,-2.707811655E0,2.550141485E0
7.577019625E0,6.329037917E0,-1.545979260E0,2.195891433E0
7.586958625E0,3.625881230E0,-1.049172336E0,1.581491740E0
7.596898625E0,7.711746544E-1,-8.094826877E-1,7.851817326E-1
7.606837625E0,-1.535953040E0,-3.183656895E-1,2.732054869E-2
7.616776625E0,-3.140409719E0,3.522614139E-1,-6.151762033E-1
7.626715625E0,-3.990069795E0,1.000891292E0,-1.578686246E0
7.636654625E0,-4.061685907E0,1.412804831E0,-2.111619607E0
7.646593625E0,-3.645358890E0,1.663348081E0,-2.512280179E0
7.656532625E0,-2.952851506E0,1.625027184E0,-2.352849412E0
7.666471625E0,-2.060559381E0,1.091277552E0,-1.792079211E0
7.676410625E0,-9.176503301E-1,5.043644500E-1,-1.651130909E0
7.686349625E0,6.485000700E-1,5.689340830E-2,-1.475790453E0
7.696288625E0,2.126096728E0,-3.778038061E-1,-1.229513916E0
7.706227625E0,3.373142935E0,-8.553938556E-1,-1.074698356E0
7.716166625E0,4.268687282E0,-1.370986129E0,-7.966001022E-1
7.726105625E0,4.361301330E0,-1.495218412E0,-5.529010542E-1
7.736044625E0,3.783689395E0,-1.233459032E0,9.657966692E-2
7.745983625E0,2.671833152E0,-9.017020494E-1,6.964805675E-1
7.755923625E0,1.185846909E0,-7.403592432E-1,9.161978817E-1
7.765862625E0,-3.167805094E-1,-6.349280977E-1,6.454226804E-1
7.775801625E0,-1.702071851E0,-9.759938478E-2,7.451340795E-2
7.785740625E0,-2.828758387E0,8.225436133E-1,-5.894168794E-1
7.795679625E0,-3.607972963E0,1.408893628E0,-5.568490577E-1
7.805618625E0,-4.126162570E0,1.588434139E0,-1.159494093E0
7.815557625E0,-4.195517564E0,1.334728130E0,-1.402339484E0
7.825496625E0,-3.680355645E0,1.003706142E0,-1.655975327E0
7.835435625E0,-2.740340300E0,8.074478567E-1,-1.581072494E0
7.845374625E0,-1.774842789E0,6.835020876E-1,-1.147027245E0
7.855313625E0,-8.647534937E-1,4.700594205E-1,-6.194668901E-1
7.865252625E0,1.769016623E-2,8.848240614E-2,-1.940527153E-1
7.875191625E0,7.628189832E-1,-3.008100092E-1,2.103033336E-1
7.885130625E0,1.272078722E0,-4.908626443E-1,6.365664145E-1
7.895069625E0,1.583792619E0,-3.450418568E-1,9.182057425E-1
7.905008625E0,1.701003565E0,-2.892851472E-2,1.014309556E0
7.914948625E0,1.731572224E0,2.041689831E-1,8.864520724E-1
7.924887625E0,1.544188843E0,2.955972165E-1,6.823909704E-1
7.934826625E0,1.167073839E0,2.574049580E-1,4.904644489E-1
7.944765625E0,7.493774039E-1,9.198430359E-2,3.246758585E-1
7.954704625E0,4.497485322E-1,-1.875435948E-1,2.762119424E-1
7.964643625E0,2.218679202E-1,-4.847908956E-1,2.568543696E-1
7.974582875E0,2.043941009E-1,-6.904637825E-1,3.666931462E-1
7.984521875E0,2.183806407E-1,-1.001064954E0,3.749971426E-1
7.994460875E0,1.011714488E-1,-1.444147661E0,3.928475225E-1
8.004399875E0,-1.917652845E-2,-1.770196592E0,3.872961760E-1
8.014338875E0,-1.061737418E-1,-1.594833332E0,4.778448419E-1
8.024277875E0,7.155530155E-2,-1.072239602E0,6.649103538E-1
8.034216875E0,3.567193311E-1,-8.458155316E-1,3.968236291E-1
8.044155875E0,3.030693734E-1,-8.955437618E-1,2.634381882E-1
8.054094875E0,-2.883028150E-2,-8.275915146E-1,3.145311586E-1
8.064033875E0,-2.774293327E-1,-5.204822999E-1,1.440486427E-1
8.073973875E0,-3.221190172E-1,-7.090801477E-2,-1.816598341E-2
8.083912875E0,-2.178883052E-1,3.404365897E-1,-8.702637635E-2
8.093851875E0,-1.496401888E-1,6.647097212E-1,-2.184940767E-1
8.103790875E0,-6.645536005E-2,9.900125474E-1,-3.872963221E-1
8.113729875E0,6.350660920E-2,1.197844811E0,-5.799595928E-1
8.123668875E0,1.903987902E-1,1.236669738E0,-5.589283276E-1
8.133607875E0,4.610313195E-1,9.753541625E-1,-2.430757713E-1
8.143546875E0,6.756071770E-1,6.261233604E-1,-4.113445314E-1
8.153485875E0,8.356203264E-1,1.635612398E-1,-3.091934547E-3
8.163424875E0,7.858874184E-1,-1.794849622E-1,2.550204635E-1
8.173363875E0,4.175005531E-1,-1.980954802E-1,3.183843275E-1
8.183302875E0,-3.168033135E-1,-2.406070769E-2,5.215353835E-1
8.193241875E0,-9.569184762E-1,1.997250992E-1,5.463895583E-1
8.203180875E0,-1.360472835E0,3.670396668E-1,6.123558719E-2
8.213119875E0,-1.587490398E0,4.848435205E-1,-6.175852561E-1
8.223058875E0,-1.786972253E0,4.607342809E-1,-1.069647532E0
8.232997875E0,-2.053262056E0,3.507692045E-1,-1.170253555E0
8.242937875E0,-1.884351198E0,2.120814353E-1,-9.873257518E-1
8.252876875E0,-1.226433018E0,1.236434680E-1,-9.197564971E-1
8.262815875E0,-6.330569887E-1,3.166325748E-2,-8.146352541E-1
8.272754875E0,-6.038226646E-1,-3.998478091E-1,-2.843886523E-1
8.282693875E0,-1.250141138E0,-1.300595593E0,-1.282037846E-1
8.292632875E0,-4.462507278E-1,-2.002688903E0,-8.222939372E-2
8.302571875E0,8.982533616E-1,-2.180562372E0,-1.876768383E-1
8.312510875E0,1.437576560E0,-1.912375149E0,-4.617907997E-1
8.322449875E0,1.527143624E0,-1.536115592E0,-5.760348686E-1
8.332388875E0,1.685711342E0,-1.345385265E0,-5.863728189E-1
8.342327875E0,1.647543642E0,-1.274597118E0,-7.672681296E-1
8.352266875E0,1.303099371E0,-1.249290369E0,-3.602726841E-1
8.362205875E0,1.031685653E0,-9.434564316E-1,-4.078036038E-1
8.372144875E0,1.131446169E0,-5.818827420E-1,-2.521086232E-1
8.382083875E0,1.216825458E0,-2.775056389E-1,-4.122368896E-1
8.392022875E0,1.107448611E0,-2.162505001E-2,-4.255347005E-1
8.401962875E0,8.942257994E-1,2.901689538E-1,-4.903965481E-1
8.411901875E0,8.041757548E-1,6.608713165E-1,-6.496678320E-1
8.421840875E0,6.515640110E-1,9.881189266E-1,-6.718545071E-1
8.431779875E0,3.919324332E-1,1.201083584E0,-7.130596896E-1
8.441718875E0,1.782681566E-1,1.287455730E0,-7.353106841E-1
8.451657875E0,-6.488889098E-2,1.333859818E0,-7.248663875E-1
8.461596875E0,-3.172763532E-1,1.390775153E0,-6.530240607E-1
8.471535875E0,-4.512220305E-1,1.388579232E0,-4.992471130E-1
8.481474875E0,-5.338566363E-1,1.233351443E0,-2.782654115E-1
8.491413875E0,-8.020157933E-1,9.203108132E-1,8.031976618E-2
8.501352875E0,-1.266037379E0,4.872826865E-1,4.211151557E-1
8.511291875E0,-1.732901296E0,-3.952483892E-2,7.316865067E-1
8.521230875E0,-2.151857806E0,-5.475087154E-1,8.724128345E-1
8.531169875E0,-2.464954569E0,-1.023906518E0,9.058553267E-1
8.541108875E0,-2.762272621E0,-1.325352412E0,7.505358835E-1
8.551047875E0,-3.053960974E0,-1.294632310E0,5.985641174E-1
8.560986875E0,-3.217310545E0,-9.797062451E-1,5.169536515E-1
8.570926875E0,-3.274120338E0,-5.884409791E-1,4.905780311E-1
8.580865875E0,-3.365673702E0,-3.283635512E-1,4.908949502E-1
8.590804875E0,-3.528870660E0,-3.093133226E-1,5.171653207E-1
8.600743875E0,-3.666719354E0,-5.254460013E-1,5.593225761E-1
8.610682875E0,-3.787213511E0,-7.045777917E-1,4.468034358E-1
8.620621875E0,-3.839298754E0,-6.523560163E-1,3.556172772E-1
8.630560875E0,-3.744377979E0,-4.534895808E-1,2.305065966E-1
8.640499875E0,-3.513139896E0,-2.220433366E-1,6.244373158E-2
8.650438875E0,-3.049006044E0,-1.625525951E-4,-1.413975151E-1
8.660377875E0,-2.335153983E0,1.355723727E-1,-2.916066380E-1
8.670316875E0,-1.384715976E0,8.978048801E-2,-8.223899777E-1
8.680255875E0,-3.015935361E-2,-1.660463065E-1,-1.297662191E0
8.690194875E0,1.752861351E0,-5.694784588E-1,-1.716376772E0
8.700133875E0,3.976103720E0,-1.146684013E0,-1.993747194E0
8.710072875E0,6.528917382E0,-2.030580706E0,-2.203311403E0
8.720011875E0,8.656042635E0,-2.782855990E0,-2.401499416E0
8.729951875E0,9.838284152E0,-2.660301858E0,-2.208355650E0
8.739890875E0,1.038810252E1,-1.932541026E0,-1.767546926E0
8.749829875E0,1.008073544E1,-1.040166455E0,-1.325345980E0
8.759768875E0,8.791917894E0,-3.045124662E-1,-6.716462731E-1
8.769707875E0,6.871125094E0,2.171410310E-1,-1.615917514E-1
8.779646875E0,4.819436524E0,4.566114092E-1,5.554123968E-2
8.789585875E0,2.594078048E0,3.759671956E-1,5.306443222E-1
8.799524875E0,1.419592863E-1,1.838627726E-1,8.807965723E-1
8.809463875E0,-2.131337003E0,7.502445459E-2,4.844510993E-1
8.819402875E0,-4.080117500E0,2.775901312E-1,-4.810562424E-1
8.829341875E0,-5.808256239E0,8.456693512E-1,-1.558061947E0
8.839280875E0,-6.999917620E0,1.544497576E0,-2.127719915E0
8.849219875E0,-7.822054267E0,1.845116381E0,-2.052135297E0
8.859158875E0,-8.222534745E0,1.732189105E0,-1.880578575E0
8.869097875E0,-7.583968509E0,1.549073607E0,-1.728155111E0
8.879036875E0,-6.162946587E0,1.517865847E0,-1.695673828E0
8.888976875E0,-4.840328041E0,1.465485320E0,-1.457464110E0
8.898915875E0,-3.817052438E0,1.191216407E0,-9.994891298E-1
8.908854875E0,-3.071552323E0,3.194117564E-1,3.541190743E-1
8.918793875E0,-3.345908359E0,-1.258826593E0,6.154007363E-1
8.928732875E0,-2.065745276E0,-2.379569433E0,1.016983999E0
8.938671875E0,8.807222396E-1,-2.512567277E0,1.822259907E-1
8.948610875E0,3.483858209E0,-2.271607028E0,-1.234632568E0
8.958549875E0,5.011838570E0,-2.174081903E0,-1.671956206E0
8.968488500E0,6.173724174E0,-2.069521993E0,-2.025394810E0
8.978427500E0,7.118559380E0,-1.834765055E0,-2.401552041E0
8.988366500E0,7.264312924E0,-1.506626914E0,-2.051741049E0
8.998305500E0,6.679518269E0,-1.169298704E0,-1.216426970E0
9.008244500E0,5.719449897E0,-9.279238880E-1,-4.609570599E-1
9.018183500E0,4.381733256E0,-8.552950376E-1,1.108257866E-1
9.028122500E0,2.778099865E0,-9.658676398E-1,6.226043598E-1
9.038061500E0,1.134165709E0,-8.683787674E-1,5.746934442E-1
9.048001500E0,-4.168111664E-1,-5.928638130E-1,4.056141870E-1
9.057940500E0,-1.949186295E0,-2.961386687E-1,-9.481515996E-2
9.067879500E0,-3.272156258E0,5.018752903E-2,-7.567209220E-1
9.077818500E0,-4.414343178E0,4.311713433E-1,-1.081720789E0
9.087757500E0,-5.477517841E0,8.230578759E-1,-1.072764097E0
9.097696500E0,-6.357876384E0,1.063010649E0,-8.219115293E-1
9.107635500E0,-6.842022917E0,1.053954189E0,-6.248206007E-1
9.117574500E0,-6.917670100E0,8.542872700E-1,-5.224229177E-1
9.127513500E0,-6.312065789E0,7.751554388E-1,-5.633511615E-1
9.137452500E0,-5.224784224E0,8.752767277E-1,-4.603817669E-1
9.147391500E0,-4.217289671E0,7.825118208E-1,-1.063666268E-1
9.157330500E0,-3.543745392E0,3.159051812E-1,1.175349549E-1
9.167269500E0,-2.343797922E0,-6.115018129E-2,2.890864880E-1
9.177208500E0,-6.537362516E-1,-1.975534433E-1,1.517915256E-1
9.187147500E0,1.080484176E0,-4.198563963E-1,1.897668524E-1
9.197086500E0,2.575571026E0,-8.897532642E-1,4.696321352E-1
9.207025500E0,3.985436461E0,-1.505838125E0,8.490753543E-1
9.216964500E0,5.437144572E0,-1.914377820E0,9.900110856E-1
9.226904500E0,6.357177642E0,-1.859815696E0,9.175383559E-1
9.236843500E0,6.725323017E0,-1.513806710E0,7.648652163E-1
9.246782500E0,6.419831727E0,-9.093712574E-1,6.414673313E-1
9.256721500E0,5.273283954E0,-2.218293285E-1,6.897071528E-1
9.266660500E0,3.578745655E0,1.680934167E-1,9.127920248E-1
9.276599500E0,1.658134119E0,2.139578068E-1,1.163657749E0
9.286538500E0,-3.169915938E-1,1.309255904E-1,1.235294619E0
9.296477500E0,-2.058899356E0,1.905139804E-1,7.208365595E-1
9.306416500E0,-3.412922713E0,4.130139846E-1,-1.578748226E-4
9.316355500E0,-4.343850315E0,7.529108763E-1,-7.084977651E-1
9.326294500E0,-4.890749751E0,1.036468091E0,-1.277711345E0
9.336233500E0,-4.915340216E0,1.154500571E0,-1.523399652E0
9.346172500E0,-4.124346424E0,1.222029480E0,-1.606246512E0
9.356111500E0,-2.947724667E0,1.264545169E0,-1.424690466E0
9.366050500E0,-2.422210253E0,8.495407927E-1,-5.489693499E-1
9.375989500E0,-2.588263577E0,-6.358437717E-2,-1.563101077E-1
9.385929500E0,-8.476813781E-1,-7.616308290E-1,-1.384084184E-1
9.395868500E0,1.511630961E0,-1.211322643E0,-6.079817891E-2
9.405807500E0,3.244146341E0,-1.495111992E0,2.777499063E-1
9.415746500E0,4.595330290E0,-1.489167128E0,4.424506223E-1
9.425685500E0,5.670095889E0,-1.126460248E0,4.158108540E-1
9.435624500E0,5.796674659E0,-7.415327793E-1,6.683252008E-1
9.445563500E0,4.888790933E0,-2.843559444E-1,4.588017762E-1
9.455502500E0,3.739804872E0,1.442040324E-2,1.674066612E-1
9.465441500E0,2.469142345E0,1.540688699E-1,-4.554115605E-1
9.475380500E0,1.202612631E0,2.621488041E-1,-7.852681983E-1
9.485319500E0,5.855986476E-2,3.031541580E-1,-8.263471540E-1
9.495258500E0,-8.649148768E-1,2.898149049E-1,-8.417277431E-1
9.505197500E0,-1.586408079E0,3.172909713E-1,-9.345242250E-1
9.515136500E0,-2.229992979E0,4.369618410E-1,-1.043240336E0
9.525075500E0,-2.741375257E0,5.989671367E-1,-1.036228355E0
9.535014500E0,-2.990129260E0,7.451112753E-1,-9.184139764E-1
9.544954500E0,-2.948564327E0,8.370628345E-1,-6.619480813E-1
9.554893500E0,-2.750776995E0,8.593682081E-1,-3.577735841E-1
9.564832500E0,-2.547688578E0,8.446273774E-1,-8.813858986E-2
9.574771500E0,-2.491976307E0,7.589922729E-1,1.806134748E-1
9.584710500E0,-2.384814386E0,6.962443399E-1,3.700351588E-1
9.594649500E0,-2.102647639E0,7.718728119E-1,4.112650093E-1
9.604588500E0,-1.692761330E0,9.149378067E-1,3.778412282E-1
9.614527500E0,-1.279852595E0,1.038712252E0,2.407368120E-1
9.624466500E0,-9.306843585E-1,9.398475301E-1,2.330454576E-1
9.634405500E0,-1.001535655E0,2.491171145E-1,4.249382845E-1
9.644344500E0,-6.702885497E-1,-5.048942077E-1,7.811166751E-1
9.654283500E0,5.452616304E-1,-6.931973559E-1,6.516208021E-1
9.664222500E0,1.721020339E0,-7.161242884E-1,5.564724970E-1
9.674161500E0,2.267342069E0,-8.848340017E-1,5.162506700E-1
9.684100500E0,2.444198123E0,-1.230280486E0,5.014034931E-1
9.694039500E0,2.750691626E0,-1.674060180E0,5.434203422E-1
9.703978500E0,3.094326643E0,-2.082396392E0,4.996515942E-1
9.713918500E0,3.136320176E0,-2.416203994E0,6.405061953E-1
9.723857500E0,2.774444770E0,-2.441927649E0,5.653511285E-1
9.733796500E0,2.255188047E0,-2.230068993E0,3.069461504E-1
9.743735500E0,1.702282936E0,-2.154821467E0,1.045541362E-1
9.753674500E0,1.102653310E0,-2.251613936E0,-1.762701631E-1
9.763613500E0,4.883921957E-1,-2.340152476E0,-6.375453115E-2
9.773552500E0,-1.110994363E-1,-2.084260485E0,-3.656907872E-1
9.783491500E0,-6.040834504E-1,-1.682797675E0,-4.403035247E-1
9.793430500E0,-1.059181600E0,-1.481925059E0,-2.023640207E-1
9.803369500E0,-1.565303723E0,-1.371413561E0,-3.877768171E-1
9.813308500E0,-1.999211563E0,-1.117755498E0,-5.490757326E-1
9.823247500E0,-2.103161609E0,-6.565657192E-1,-4.418506980E-1
9.833186500E0,-2.095357915E0,-6.615130484E-2,-4.909649706E-1
9.843125500E0,-1.996667440E0,3.894707555E-1,-3.016765666E-1
9.853064500E0,-1.737339333E0,6.751896858E-1,6.456261635E-2
9.863003500E0,-1.497274877E0,9.269640675E-1,1.958805184E-1
9.872943500E0,-1.451226885E0,1.124028391E0,4.256071329E-1
9.882882500E0,-1.550590959E0,1.283530786E0,5.796520293E-1
9.892821500E0,-1.640651529E0,1.497871586E0,5.294372742E-1
9.902760500E0,-1.629320210E0,1.773804908E0,4.368887508E-1
9.912699500E0,-1.544885831E0,2.077301421E0,2.568284225E-1
9.922638500E0,-1.440003154E0,2.323069250E0,1.117075467E-1
9.932577500E0,-1.353291285E0,2.493884546E0,-4.709815264E-2
9.942516500E0,-1.200539208E0,2.507772268E0,-6.220969677E-2
9.952455500E0,-9.762827003E-1,2.353038569E0,1.064193249E-2
9.962394500E0,-6.281611151E-1,2.057090228E0,9.222345471E-2
9.972333375E0,-1.944819009E-1,1.666493006E0,1.200293040E-1
9.982272375E0,2.107354063E-1,1.297215610E0,1.420487487E-1
9.992211375E0,4.773333567E-1,1.033154182E0,4.271745522E-2
1.000215038E1,6.676537943E-1,7.662334648E-1,-9.071370363E-3
1.001208937E1,9.313760841E-1,4.142951095E-1,6.271686964E-3
1.002202838E1,1.260546259E0,3.087534517E-2,6.628330573E-3
1.003196738E1,1.557861972E0,-3.228721386E-1,5.129765946E-2
1.004190738E1,1.721764689E0,-6.097032094E-1,1.157221719E-1
1.005184638E1,1.738953164E0,-8.902151942E-1,1.002739378E-1
1.006178538E1,1.623082985E0,-1.245818877E0,6.460475285E-2
1.007172438E1,1.345226805E0,-1.633093418E0,-4.697532456E-2
1.008166337E1,9.934951490E-1,-1.965842673E0,-2.237869763E-1
1.009160238E1,7.119663334E-1,-2.238147798E0,-4.305550468E-1
1.010154138E1,4.993890542E-1,-2.458080875E0,-5.890017271E-1
1.011148037E1,3.491764230E-1,-2.606445201E0,-6.510032630E-1
1.012141938E1,1.142417300E-1,-2.560689862E0,-7.950330484E-1
1.013135838E1,-1.353478396E-1,-2.433630743E0,-8.158912361E-1
1.014129737E1,-4.402713650E-1,-2.278520191E0,-7.714266694E-1
1.015123638E1,-6.726280206E-1,-1.987476786E0,-9.000724304E-1
1.016117538E1,-7.121674776E-1,-1.713580049E0,-1.014636927E0
1.017111437E1,-6.334113300E-1,-1.676707799E0,-6.553056443E-1
1.018105338E1,-8.107766765E-1,-1.470975856E0,-8.100966454E-1
1.019099237E1,-8.416201544E-1,-1.208883185E0,-7.233800983E-1
1.020093238E1,-7.172463691E-1,-9.567892528E-1,-6.914905536E-1
1.021087137E1,-4.703593826E-1,-7.663118175E-1,-6.285324132E-1
1.022081038E1,-3.472450876E-1,-5.315075174E-1,-5.427315037E-1
1.023074938E1,-8.632302940E-2,-1.892886963E-1,-5.359592950E-1
1.024068837E1,3.890146726E-1,1.973622394E-1,-5.375146544E-1
1.025062738E1,8.592348915E-1,5.576974887E-1,-5.682581449E-1
1.026056638E1,1.150654857E0,8.157406703E-1,-4.864216840E-1
1.027050537E1,1.298505798E0,1.035929855E0,-3.877908869E-1
1.028044438E1,1.529963152E0,1.200919277E0,-1.926224864E-1
1.029038338E1,1.599961925E0,1.392695087E0,-2.810869854E-2
1.030032237E1,1.340394666E0,1.752062914E0,6.015504001E-2
1.031026138E1,8.670935494E-1,2.134072330E0,1.075595319E-1
1.032020038E1,4.539608663E-1,2.433462051E0,1.174039042E-1
1.033013938E1,4.303667665E-2,2.570168491E0,1.861215337E-1
1.034007838E1,-4.044103914E-1,2.548021869E0,2.070627701E-1
1.035001737E1,-9.904113275E-1,2.334097391E0,2.572119999E-1
1.035995638E1,-1.636248575E0,2.018142801E0,2.366034883E-1
1.036989538E1,-1.891673666E0,1.929590813E0,1.315372092E-1
1.037983538E1,-1.607066876E0,2.114868027E0,2.859990120E-2
1.038977438E1,-1.103655522E0,2.372890744E0,-1.016421406E-1
1.039971337E1,-7.185655010E-1,2.389824280E0,-8.175693870E-2
1.040965238E1,-5.664846843E-1,2.048083761E0,5.957260251E-2
1.041959138E1,-5.311359268E-1,1.456507798E0,2.833923415E-1
1.042953037E1,-5.035335606E-1,8.181506002E-1,5.249934268E-1
1.043946938E1,-5.138030255E-1,3.272291914E-1,7.336676896E-1
1.044940838E1,-6.532988799E-1,5.705859214E-2,7.853092019E-1
1.045934737E1,-9.377097881E-1,-3.242485732E-2,7.457853862E-1
1.046928638E1,-1.249470463E0,-9.125398636E-2,6.487918460E-1
1.047922537E1,-1.444046504E0,-2.339313108E-1,5.084025371E-1
1.048916438E1,-1.474603468E0,-5.323588720E-1,3.720045010E-1
1.049910338E1,-1.400412242E0,-9.601005310E-1,2.611459700E-1
1.050904237E1,-1.356256993E0,-1.415618511E0,1.687026966E-1
1.051898138E1,-1.388942344E0,-1.733648570E0,2.483542722E-2
1.052892038E1,-1.426469774E0,-1.934313902E0,-1.464611308E-1
1.053886038E1,-1.429690420E0,-2.311761612E0,-1.549875406E-1
1.054879938E1,-1.619181138E0,-2.862437472E0,-3.036470783E-1
1.055873837E1,-7.326222074E-1,-2.918499114E0,-3.037780559E-1
1.056867738E1,5.131066221E-1,-2.551791277E0,-3.825341304E-1
1.057861638E1,8.145802903E-1,-2.372773799E0,-3.626827602E-1
1.058855537E1,5.189210933E-1,-2.511334392E0,-1.620274421E-1
1.059849438E1,4.333693117E-1,-2.656874513E0,3.361564279E-2
1.060843338E1,4.780414546E-1,-2.573255821E0,2.421893334E-1
1.061837238E1,3.512188554E-1,-2.476313663E0,5.279147688E-1
1.062831138E1,-1.145557255E-1,-2.457813950E0,6.290517922E-1
1.063825037E1,-5.887649149E-1,-2.387666658E0,3.964937731E-1
1.064818938E1,-7.887829596E-1,-2.283346483E0,-7.710957170E-2
1.065812838E1,-8.053001744E-1,-2.064944208E0,-7.315533364E-1
1.066806737E1,-6.290797126E-1,-1.679794545E0,-1.159031651E0
1.067800638E1,-2.817211890E-1,-1.257519155E0,-1.276090497E0
1.068794538E1,1.301847482E-1,-1.188039615E0,-1.171645192E0
1.069788437E1,1.201924413E-1,-1.134368023E0,-7.455654578E-1
1.070782438E1,2.224245751E-1,-9.560220981E-1,-3.509896445E-1
1.071776337E1,2.888992310E-1,-5.773768777E-1,-8.086801574E-2
1.072770238E1,2.923642910E-1,6.210795522E-2,1.663990398E-1
1.073764138E1,4.509097892E-1,7.370427024E-1,1.317857158E-1
1.074758037E1,5.992513114E-1,1.083812996E0,-7.500121191E-2
1.075751938E1,6.077935088E-1,1.070829839E0,-2.532557738E-1
1.076745838E1,8.175296259E-1,1.238077748E0,-6.077164717E-1
1.077739738E1,1.196324535E0,1.801419554E0,-6.419527964E-1
1.078733638E1,1.760797777E0,2.358135295E0,-7.470950894E-1
1.079727537E1,2.207073063E0,2.610450836E0,-6.685203516E-1
1.080721438E1,2.763232734E0,2.594858651E0,-8.226972489E-1
1.081715338E1,3.197752778E0,2.477412062E0,-6.513495643E-1
1.082709237E1,3.741604645E0,2.452427495E0,-5.722412682E-1
1.083703138E1,4.189370971E0,2.224197804E0,-2.900300094E-1
1.084697038E1,3.869997221E0,1.862253985E0,-6.155590497E-2
1.085690937E1,3.136150022E0,1.547126484E0,1.657311416E-1
1.086684938E1,2.099462661E0,1.349729161E0,2.457736766E-1
1.087678837E1,1.046763284E0,1.397442441E0,2.633516494E-1
1.088672738E1,3.440215176E-1,1.591644845E0,2.246313874E-1
1.089666638E1,-3.712215954E-1,1.741792572E0,2.739140963E-1
1.090660537E1,-1.207530724E0,1.766243874E0,2.188132616E-1
1.091654438E1,-1.901325665E0,1.653527098E0,2.307731565E-1
1.092648337E1,-2.527288812E0,1.385693631E0,2.998346571E-1
1.093642238E1,-2.878890660E0,1.148899815E0,3.839223691E-1
1.094636138E1,-2.561905498E0,1.199442563E0,2.931033790E-1
1.095630037E1,-2.008114534E0,1.363631794E0,1.616930544E-1
1.096623938E1,-1.720042684E0,1.276475244E0,1.508241769E-1
1.097617879E1,-1.552022358E0,8.560075209E-1,2.005583274E-1
1.098611779E1,-1.276629025E0,2.999264950E-1,2.443481255E-1
1.099605679E1,-9.640912557E-1,-1.533826992E-1,2.626254252E-1
1.100599579E1,-8.316500670E-1,-4.567909187E-1,2.647946692E-1
1.101593479E1,-8.792300302E-1,-6.742933077E-1,2.437889855E-1
1.102587379E1,-9.409777969E-1,-9.425717479E-1,1.878769592E-1
1.103581279E1,-8.912384570E-1,-1.319470405E0,1.403448701E-1
1.104575279E1,-7.578851026E-1,-1.697066050E0,5.638586998E-2
1.105569179E1,-6.635911489E-1,-1.948550410E0,-6.891294479E-2
1.106563079E1,-7.321573538E-1,-2.029621178E0,-2.043848915E-1
1.107556979E1,-9.218977475E-1,-2.021007060E0,-3.089867556E-1
1.108550879E1,-1.111398990E0,-1.998105855E0,-3.351156235E-1
1.109544779E1,-1.245086221E0,-1.967299799E0,-2.642321670E-1
1.110538679E1,-1.526336124E0,-2.233989259E0,2.353084031E-1
1.111532579E1,-2.349603623E0,-2.893046769E0,2.105687606E-1
1.112526479E1,-1.793768472E0,-2.906144240E0,4.256868012E-1
1.113520379E1,-7.004882491E-1,-2.402659211E0,1.621094493E-1
1.114514279E1,-7.927912259E-1,-2.169246548E0,-6.456254326E-2
1.115508179E1,-1.415015078E0,-2.220720465E0,2.269070506E-2
1.116502079E1,-1.316970136E0,-2.297295601E0,-1.330592394E-1
1.117495979E1,-8.549032742E-1,-2.334326602E0,-2.113582809E-1
1.118489879E1,-6.469224912E-1,-2.261161562E0,1.203064620E-3
1.119483779E1,-6.145850497E-1,-2.030154444E0,3.132097609E-1
1.120477779E1,-4.875285619E-1,-1.807788926E0,3.596353376E-1
1.121471679E1,-4.837459981E-1,-1.680483931E0,4.804550390E-1
1.122465579E1,-4.462963361E-1,-1.468196674E0,3.291165264E-1
1.123459479E1,-2.679106504E-1,-1.282052903E0,1.897515035E-1
1.124453379E1,-1.622549719E-1,-1.037199578E0,-5.520824075E-2
1.125447279E1,1.623187065E-2,-6.968109351E-1,-1.733640969E-1
1.126441179E1,2.803166878E-1,-2.184823823E-1,-1.106877923E-1
1.127435079E1,5.291736013E-1,2.326788372E-1,-5.149204284E-3
1.128428979E1,7.428823167E-1,6.819443893E-1,1.121978357E-2
1.129422879E1,9.343143100E-1,1.156964588E0,-1.012351835E-1
1.130416779E1,1.261179512E0,1.905985311E0,-1.974509709E-1
1.131410679E1,2.195406114E0,2.300779957E0,-5.894927470E-1
1.132404579E1,2.644155357E0,2.281398191E0,-7.537376726E-1
1.133398479E1,3.266486213E0,2.261493099E0,-1.116854296E0
1.134392379E1,3.912711716E0,2.504381175E0,-1.505928172E0
1.135386279E1,4.508065274E0,2.695393338E0,-1.567693480E0
1.136380179E1,5.113022298E0,2.555156642E0,-1.276205102E0
1.137374179E1,5.467281706E0,2.228156369E0,-9.963656934E-1
1.138368079E1,5.132255545E0,1.729204102E0,-5.529103732E-1
1.139361979E1,3.607978225E0,1.076620921E0,-3.124344201E-1
1.140355879E1,1.508995036E0,7.088070828E-1,2.183958435E-1
1.141349779E1,-1.861876255E-1,6.859199113E-1,-4.732736349E-3
1.142343679E1,-1.694285699E0,1.042070893E0,-1.957847337E-1
1.143337579E1,-2.510814866E0,1.631602378E0,-7.003104937E-1
1.144331479E1,-2.813076739E0,1.969752706E0,-1.058538991E0
1.145325379E1,-3.313613017E0,1.832588722E0,-1.053513894E0
1.146319279E1,-3.831347710E0,1.396926717E0,-5.276188266E-1
1.147313179E1,-3.983436128E0,8.927113706E-1,3.857642055E-2
1.148307079E1,-3.121433165E0,7.245094880E-1,2.291114509E-1
1.149300979E1,-1.884425458E0,7.884756884E-1,2.250173036E-1
1.150294879E1,-1.120590813E0,5.764889780E-1,3.529636645E-1
1.151288779E1,-7.614337778E-1,-7.266159475E-2,6.266344070E-1
1.152282679E1,-5.695357615E-1,-8.074648136E-1,8.384204849E-1
1.153276579E1,-5.397927296E-1,-1.333334153E0,8.968318304E-1
1.154270579E1,-6.378107750E-1,-1.531446590E0,8.681536496E-1
1.155264479E1,-9.380097502E-1,-1.751160396E0,1.047024727E0
1.156258379E1,-1.847000939E0,-2.459971280E0,8.694950008E-1
1.157252279E1,-1.220926110E0,-2.684755499E0,3.776576257E-1
1.158246179E1,-5.744947851E-2,-2.440382523E0,-2.151998285E-1
1.159240079E1,-3.191533095E-1,-2.433901469E0,-3.428854036E-1
1.160233979E1,-8.077174133E-1,-2.730066742E0,-1.110548513E-1
1.161227879E1,-9.848447782E-1,-2.805954246E0,-1.154183359E-1
1.162221779E1,-1.174059507E0,-2.437239352E0,1.023800683E-1
1.163215679E1,-1.030348395E0,-2.088652328E0,2.072240071E-1
1.164209579E1,-1.107392478E0,-2.326095477E0,5.252366710E-1
1.165203479E1,-1.469497095E0,-2.639800351E0,4.383118169E-1
1.166197379E1,-1.603539251E0,-2.446135890E0,1.442508832E-1
1.167191279E1,-1.524159206E0,-1.828774583E0,-2.380074048E-1
1.168185179E1,-1.303975284E0,-1.090141438E0,-5.992448064E-1
1.169179079E1,-8.817343926E-1,-6.462430447E-1,-7.176558204E-1
1.170172979E1,-4.168135053E-1,-4.277782041E-1,-9.481235330E-1
1.171166979E1,9.583586454E-4,-2.013237280E-1,-8.165882242E-1
1.172160879E1,5.381917620E-1,2.561671025E-1,-7.278239822E-1
1.173154779E1,1.270027519E0,7.434968591E-1,-3.798735742E-1
1.174148679E1,1.971012197E0,1.020458415E0,-3.048059964E-1
1.175142579E1,2.406559596E0,1.152648758E0,-1.277768648E-1
1.176136479E1,2.697482548E0,1.284945520E0,-9.213428468E-2
1.177130379E1,2.794244027E0,1.670441338E0,-5.397038519E-1
1.178124279E1,2.886317793E0,2.292028429E0,-2.213485412E-1
1.179118179E1,3.111142066E0,2.381416569E0,-1.060455709E0
1.180112079E1,2.819858340E0,1.918532267E0,-6.512630256E-1
1.181105979E1,2.812530025E0,1.666251808E0,-8.209268582E-1
1.182099879E1,3.018027495E0,1.711482360E0,-8.244222506E-1
1.183093779E1,2.872976201E0,1.360519028E0,-5.571168602E-1
1.184087679E1,2.078947120E0,7.626043904E-1,-3.641154742E-1
1.185081579E1,7.552088320E-1,5.910470831E-1,9.756664038E-2
1.186075479E1,-3.779260129E-1,9.763452655E-1,2.024328717E-1
1.187069479E1,-1.194926466E0,1.380830501E0,2.702933908E-2
1.188063379E1,-1.854709323E0,1.606759020E0,-3.493863380E-1
1.189057279E1,-2.212288195E0,1.641928853E0,-5.513164588E-1
1.190051179E1,-2.563739185E0,1.501414121E0,-4.241582294E-1
1.191045079E1,-2.989442212E0,1.104215393E0,-2.980207046E-2
1.192038979E1,-2.916029250E0,6.724450028E-1,2.091315150E-1
1.193032879E1,-2.026363109E0,5.567353293E-1,1.153760898E-1
1.194026779E1,-1.152586192E0,5.419135147E-1,4.470083077E-2
1.195020679E1,-8.368114042E-1,2.037973925E-1,2.770376058E-1
1.196014579E1,-7.875831109E-1,-3.951454782E-1,5.471602944E-1
1.197008479E1,-7.217884862E-1,-9.588898650E-1,6.763252151E-1
1.198002392E1,-6.162181771E-1,-1.277969792E0,6.661873126E-1
1.198996292E1,-6.936587012E-1,-1.506864896E0,7.736732427E-1
1.199990192E1,-1.356744066E0,-2.029966456E0,7.183737123E-1
1.200984092E1,-8.879523218E-1,-2.199662887E0,3.538898635E-1
1.201977992E1,-1.779149848E-1,-2.094752728E0,3.422886953E-3
1.202971892E1,-5.743205380E-1,-2.191709796E0,-9.315674342E-2
1.203965892E1,-1.191497074E0,-2.577506746E0,1.986170518E-1
1.204959792E1,-1.467101490E0,-2.830040097E0,1.449173196E-1
1.205953692E1,-1.575949749E0,-2.754853089E0,2.000087623E-1
1.206947592E1,-1.540558307E0,-2.552151757E0,2.568157049E-1
1.207941492E1,-1.514824710E0,-2.510323116E0,1.831593525E-1
1.208935392E1,-1.530491740E0,-2.533097436E0,2.203779034E-1
1.209929292E1,-1.336198120E0,-1.955762073E0,-4.101460715E-1
1.210923192E1,-9.524558812E-1,-1.344586535E0,-3.343566549E-1
1.211917092E1,-6.494695383E-1,-8.796095145E-1,-7.514840826E-1
1.212910992E1,-2.533902597E-1,-5.600884151E-1,-7.109547651E-1
1.213904892E1,3.215693790E-1,-1.996613646E-1,-7.797846794E-1
1.214898792E1,9.632475024E-1,2.272970599E-1,-7.720523214E-1
1.215892692E1,1.391478281E0,6.439924514E-1,-6.253493352E-1
1.216886592E1,1.932820523E0,1.127113382E0,-5.250684173E-1
1.217880492E1,2.642029309E0,1.601095700E0,-5.232718603E-1
1.218874392E1,3.209301029E0,2.002932147E0,-6.052556710E-1
1.219868392E1,3.579508717E0,2.301585118E0,-5.370796216E-1
1.220862292E1,3.810947945E0,2.428028818E0,-6.851043709E-1
1.221856192E1,3.909391083E0,2.313367842E0,-6.375852187E-1
1.222850092E1,3.888629374E0,2.031557191E0,-5.641485755E-1
1.223843992E1,3.573732253E0,1.727641141E0,-3.240246248E-1
1.224837892E1,2.814433878E0,1.359653056E0,-2.354018855E-1
1.225831792E1,1.156004475E0,1.199313632E0,-3.728645168E-2
1.226825692E1,-4.914801103E-1,1.354354309E0,2.537037436E-1
1.227819592E1,-1.484675297E0,1.670230254E0,1.420089877E-1
1.228813492E1,-2.202341496E0,1.805947930E0,-1.566586018E-2
1.229807392E1,-2.765174595E0,1.705599477E0,-1.459148912E-1
1.230801292E1,-3.076270441E0,1.535353992E0,-2.804183563E-1
1.231795192E1,-3.229278041E0,1.309753794E0,-3.611017827E-1
1.232789092E1,-3.244738079E0,9.414055207E-1,-1.564620622E-1
1.233782992E1,-3.047709131E0,3.863965818E-1,1.752235115E-1
1.234776892E1,-2.440697980E0,-2.187943313E-1,3.699686102E-1
1.235770792E1,-1.520190116E0,-7.935373306E-1,4.177812195E-1
1.236764792E1,-9.280390781E-1,-1.435590261E0,4.881863737E-1
1.237758692E1,-1.005105965E0,-2.266315006E0,5.702287296E-1
1.238752592E1,-5.860646707E-1,-2.674450074E0,4.658698905E-1
1.239746492E1,1.523170441E-1,-2.646604463E0,4.547157419E-1
1.240740392E1,1.742259765E-1,-2.668423641E0,3.858600998E-1
1.241734292E1,-8.756790161E-2,-2.974368967E0,5.280795872E-1
1.242728192E1,-2.790484267E-1,-3.263395667E0,4.826481103E-1
1.243722092E1,-6.754791230E-1,-3.229571279E0,4.072481183E-1
1.244715992E1,-9.180578810E-1,-3.078101204E0,3.836100912E-1
1.245709892E1,-1.097192595E0,-2.992962821E0,2.287771364E-1
1.246703792E1,-1.226639425E0,-2.849106113E0,2.198202252E-1
1.247697692E1,-1.200139259E0,-2.529204944E0,1.404711699E-1
1.248691592E1,-1.093955576E0,-2.009191006E0,-7.012777694E-2
1.249685492E1,-9.986026919E-1,-1.470811549E0,-5.272448972E-2
1.250679392E1,-8.080588907E-1,-1.003835950E0,-7.714129284E-2
1.251673292E1,-4.746734583E-1,-5.644223714E-1,-1.419129471E-1
1.252667192E1,-7.087760925E-2,-8.423498869E-2,-2.540169351E-1
1.253661192E1,2.738292021E-1,4.464255595E-1,-4.334577508E-1
1.254655092E1,7.412532824E-1,1.026479877E0,-5.557100201E-1
1.255648992E1,1.477289679E0,1.560181562E0,-7.301735397E-1
1.256642892E1,2.409918237E0,1.894566869E0,-9.404265507E-1
1.257636792E1,3.284965754E0,2.048243975E0,-9.778320663E-1
1.258630692E1,3.993070001E0,2.164547433E0,-1.021670981E0
1.259624592E1,4.615489150E0,2.243162078E0,-9.647541837E-1
1.260618492E1,5.074300867E0,2.227402663E0,-8.967943351E-1
1.261612392E1,4.850998040E0,2.189252504E0,-6.510126185E-1
1.262606292E1,4.030765246E0,2.228900135E0,-5.313820946E-1
1.263600192E1,2.794536973E0,2.129468525E0,-3.572450689E-1
1.264594092E1,1.220522652E0,1.918034961E0,-5.560000420E-2
1.265587992E1,-2.876947045E-1,1.654058902E0,1.878183409E-1
1.266581892E1,-1.651934316E0,1.663005142E0,7.861811679E-2
1.267575792E1,-2.457812780E0,1.821501816E0,-2.411192747E-1
1.268569692E1,-3.110193647E0,1.905261718E0,-7.760787141E-1
1.269563592E1,-3.338133901E0,1.791504723E0,-1.072592189E0
1.270557492E1,-3.341730523E0,1.501747413E0,-8.609826243E-1
1.271551492E1,-2.933825251E0,1.266944867E0,-5.217856443E-1
1.272545392E1,-1.390265568E0,1.351899355E0,-2.248967413E-1
1.273539292E1,-4.082654607E-1,1.291669526E0,-8.327246390E-2
1.274533192E1,-3.672864193E-1,8.131737426E-1,2.180053226E-1
1.275527092E1,-5.304500484E-1,1.216504446E-1,6.144815540E-1
1.276520992E1,-3.754520559E-1,-4.236901233E-1,8.728747646E-1
1.277514892E1,-1.593214238E-1,-6.132305422E-1,9.407189114E-1
1.278508792E1,-1.065649205E-1,-5.469429973E-1,8.781512920E-1
1.279502692E1,-2.171959949E-1,-5.153016669E-1,7.086837065E-1
1.280496592E1,-4.304451191E-1,-7.202111998E-1,4.988598812E-1
1.281490492E1,-6.541508192E-1,-1.024954631E0,3.569093657E-1
1.282484392E1,-7.398101896E-1,-1.227594275E0,2.539491805E-1
1.283478292E1,-6.789307344E-1,-1.343561226E0,1.395696024E-1
1.284472192E1,-5.448751295E-1,-1.486910980E0,1.766747904E-1
1.285466092E1,-6.883693099E-1,-1.969204822E0,3.108379110E-1
1.286459992E1,-6.424353379E-1,-2.425513346E0,3.999847070E-1
1.287453992E1,1.578514338E-2,-2.107875634E0,2.640789700E-1
1.288447892E1,4.198669213E-1,-1.604948722E0,-3.320122138E-3
1.289441792E1,3.778815740E-1,-1.443329051E0,-1.979976855E-2
1.290435692E1,3.608550668E-1,-1.513823082E0,3.898923397E-2
1.291429592E1,4.475049555E-1,-1.730757414E0,1.459068147E-1
1.292423492E1,1.619427305E-1,-1.766979161E0,1.745605834E-1
1.293417392E1,2.277081192E-2,-1.589807065E0,2.097163828E-1
1.294411292E1,-7.088930368E-2,-1.551598727E0,7.933743395E-2
1.295405192E1,-5.016618669E-1,-1.594679842E0,-1.330650135E-1
1.296399092E1,-7.530278206E-1,-1.464652969E0,-2.987575635E-1
1.297393013E1,-5.792129034E-1,-1.496379084E0,-3.781536157E-1
1.298386913E1,-5.530571383E-1,-1.782475160E0,-2.491836266E-1
1.299380813E1,-8.195486695E-1,-2.031487902E0,-4.952957109E-2
1.300374713E1,-1.189724198E0,-2.110912094E0,1.998765421E-1
1.301368612E1,-1.344191263E0,-2.082383528E0,2.105512921E-1
1.302362513E1,-1.360664039E0,-1.974364698E0,1.489567224E-1
1.303356413E1,-1.284183628E0,-1.805203579E0,6.385510325E-2
1.304350312E1,-1.225042550E0,-1.567097357E0,8.272998847E-2
1.305344313E1,-1.171524155E0,-1.225267960E0,1.285091554E-1
1.306338212E1,-1.156676905E0,-8.386421674E-1,2.463280658E-1
1.307332113E1,-8.960986626E-1,-5.703572953E-1,1.568995801E-1
1.308326013E1,-6.912420470E-1,-4.302138618E-1,4.681755938E-2
1.309319912E1,-6.058762068E-1,-1.782339504E-1,-1.181418228E-1
1.310313813E1,-4.049419034E-1,2.713225007E-1,-2.060873815E-1
1.311307713E1,-1.420563501E-1,8.240413776E-1,-3.949442609E-1
1.312301612E1,3.127441764E-1,1.333171016E0,-4.449777158E-1
1.313295513E1,9.748156339E-1,1.685245027E0,-4.811897416E-1
1.314289413E1,1.646001146E0,2.069830141E0,-7.358453389E-1
1.315283313E1,2.268421465E0,2.521188704E0,-9.494417877E-1
1.316277213E1,2.820507966E0,2.931107757E0,-1.268514844E0
1.317271112E1,3.361800506E0,3.079285265E0,-1.365495447E0
1.318265013E1,3.616308753E0,3.101052987E0,-1.326824448E0
1.319258913E1,3.615651526E0,3.102544904E0,-1.232080843E0
1.320252812E1,3.009554880E0,3.050200922E0,-1.067972743E0
1.321246713E1,2.011663794E0,2.840699278E0,-8.889733918E-1
1.322240712E1,9.155628741E-1,2.572604441E0,-9.719580265E-1
1.323234613E1,-2.548777914E-1,2.433344229E0,-7.037322843E-1
1.324228513E1,-9.326080924E-1,2.517218737E0,-7.148594626E-1
1.325222412E1,-1.356537074E0,2.561972449E0,-8.597780979E-1
1.326216313E1,-1.944748843E0,2.411003772E0,-6.006692247E-1
1.327210213E1,-2.216754883E0,2.187814966E0,-5.694509768E-1
1.328204112E1,-2.002073191E0,1.742784845E0,-2.014014594E-1
1.329198013E1,-1.633637209E0,1.150703389E0,-1.449022631E-1
1.330191912E1,-1.173876489E0,4.742276081E-1,2.074755836E-1
1.331185813E1,-7.071090513E-1,-6.271635801E-2,2.284999052E-1
1.332179713E1,-2.448042083E-1,-4.512933666E-1,4.905030406E-1
1.333173612E1,3.732628584E-2,-7.306467256E-1,7.805951766E-1
1.334167513E1,3.908337414E-2,-1.024602921E0,9.022980268E-1
1.335161413E1,-2.434897542E-2,-1.380412718E0,8.984996755E-1
1.336155312E1,-9.409924150E-2,-1.728034366E0,6.682759380E-1
1.337149213E1,-1.800182283E-1,-2.145407450E0,6.786138153E-1
1.338143113E1,-2.791647863E-1,-2.625764987E0,7.846005924E-1
1.339137012E1,-4.402766275E-1,-3.167874675E0,6.744763255E-1
1.340131013E1,-7.162248605E-1,-3.659162120E0,2.781041745E-1
1.341124912E1,-1.019421703E0,-3.976807725E0,-3.384111142E-1
1.342118813E1,-1.200360283E0,-3.993251557E0,-5.966884768E-1
1.343112713E1,-1.293579519E0,-3.729019390E0,-7.152909140E-1
1.344106613E1,-1.254072806E0,-3.217825100E0,-6.979436870E-1
1.345100513E1,-1.041903663E0,-2.864391027E0,-6.350592215E-1
1.346094412E1,-1.005052755E0,-2.671877883E0,-3.249999404E-1
1.347088313E1,-9.011874944E-1,-2.591439492E0,-2.404914482E-1
1.348082213E1,-9.928256428E-1,-2.369092685E0,4.558964409E-2
1.349076112E1,-1.046010162E0,-1.751363002E0,1.571298873E-1
1.350070013E1,-8.146802777E-1,-9.576604879E-1,6.201790810E-2
1.351063913E1,-6.243270957E-1,-2.518556580E-1,2.390093252E-2
1.352057812E1,-4.448491502E-1,3.398202932E-1,-2.829641609E-1
1.353051713E1,-2.378542078E-1,7.213806430E-1,-2.105615247E-1
1.354045613E1,-1.483438611E-1,1.093232568E0,-2.872235651E-1
1.355039512E1,1.727969170E-2,1.467665454E0,-2.385759003E-1
1.356033513E1,2.878408849E-1,1.862352511E0,-3.572353479E-1
1.357027412E1,5.991741282E-1,2.263111024E0,-5.969913626E-1
1.358021313E1,1.070069700E0,2.465556833E0,-4.746502157E-1
1.359015213E1,1.676171610E0,2.510197985E0,-4.981124608E-1
1.360009113E1,2.276935011E0,2.440493327E0,-4.665304796E-1
1.361003013E1,2.662795111E0,2.350699391E0,-4.950613837E-1
1.361996912E1,2.828726227E0,2.392750227E0,-3.844579375E-1
1.362990813E1,2.910016558E0,2.377183769E0,-1.810460226E-1
1.363984713E1,2.591226946E0,2.079825956E0,-3.193486065E-2
1.364978612E1,1.679019204E0,1.884441538E0,2.642802604E-1
1.365972513E1,7.219685805E-1,1.862616220E0,3.219558799E-1
1.366966413E1,-2.975764990E-2,1.653529729E0,2.007454383E-1
1.367960312E1,-9.605601221E-1,1.604663086E0,5.477445044E-2
1.368954213E1,-1.257885776E0,1.750528605E0,-7.997938514E-2
1.369948113E1,-1.174258313E0,1.595194397E0,-2.605354842E-1
1.370942013E1,-1.187370109E0,9.566565210E-1,-2.118854805E-1
1.371935913E1,-1.226385071E0,1.651668853E-1,-3.571004234E-2
1.372929912E1,-1.015577159E0,-4.848259789E-1,1.171501350E-1
1.373923813E1,-7.375736296E-1,-8.788014293E-1,1.677026765E-1
1.374917712E1,-4.902136034E-1,-1.026743879E0,2.567489735E-1
1.375911613E1,-3.418726659E-1,-1.151967557E0,4.225373447E-1
1.376905513E1,-2.997364604E-1,-1.424578199E0,5.630832128E-1
1.377899412E1,-3.156163287E-1,-1.763771671E0,5.905557708E-1
1.378893313E1,-3.799889106E-1,-2.132836229E0,4.433676119E-1
1.379887213E1,-5.530279022E-1,-2.477988890E0,1.144403891E-1
1.380881112E1,-7.468525761E-1,-2.816476603E0,4.491714120E-2
1.381875013E1,-8.976470053E-1,-3.054464712E0,-1.830890398E-1
1.382868913E1,-1.132757699E0,-3.233225496E0,-2.140642262E-1
1.383862812E1,-1.478815218E0,-3.228935394E0,-4.120078249E-1
1.384856713E1,-1.685255844E0,-3.068836876E0,-4.301713964E-1
1.385850613E1,-1.714877254E0,-2.736147262E0,-6.127951439E-1
1.386844513E1,-1.628400443E0,-2.437864127E0,-4.934336650E-1
1.387838413E1,-1.624704418E0,-2.126416863E0,-4.538750584E-1
1.388832312E1,-1.497768967E0,-1.813907745E0,-2.112141471E-1
1.389826213E1,-1.326161374E0,-1.541458193E0,-2.149056405E-2
1.390820212E1,-1.050841132E0,-1.233636495E0,1.151423474E-1
1.391814113E1,-7.331174666E-1,-8.916758287E-1,2.202659293E-1
1.392808013E1,-3.755988210E-1,-5.260272145E-1,1.547382300E-1
1.393801912E1,-3.637903690E-2,-1.591892767E-1,2.337227114E-1
1.394795813E1,3.822149456E-1,2.281180090E-1,1.728508575E-1
1.395789713E1,7.866294301E-1,6.326868600E-1,1.498033261E-1
1.396783612E1,1.167446306E0,1.084128161E0,3.075518489E-2
1.397777479E1,1.500486168E0,1.563534356E0,-1.724216719E-1
1.398771379E1,1.804457767E0,2.142538514E0,-4.455249421E-1
1.399765279E1,2.383909237E0,2.558213566E0,-4.016649775E-1
1.400759179E1,2.805915654E0,2.857599778E0,-5.808109474E-1
1.401753079E1,3.051260145E0,3.083955436E0,-3.795192330E-1
1.402746979E1,2.961012465E0,3.254933869E0,-4.017271042E-2
1.403740879E1,2.540048021E0,3.437924237E0,-8.085032791E-2
1.404734779E1,1.907061784E0,3.460809655E0,-2.457479489E-1
1.405728679E1,1.085913316E0,3.267498366E0,-7.361132875E-1
1.406722579E1,7.184298456E-2,3.110295389E0,-9.910726476E-1
1.407716579E1,-4.424529612E-1,2.925370762E0,-4.641194534E-1
1.408710479E1,-6.458688229E-1,2.736206319E0,-8.520271019E-1
1.409704379E1,-9.143595171E-1,2.051982100E0,-5.125856352E-1
1.410698279E1,-1.528236469E0,1.163645616E0,-4.482066214E-1
1.411692179E1,-1.717554694E0,4.836270073E-1,-5.993570729E-1
1.412686079E1,-1.333448174E0,1.699347049E-2,-4.533989489E-1
1.413679979E1,-7.925497359E-1,-2.637886557E-1,-4.195916636E-1
1.414673879E1,-4.256182426E-1,-6.644752479E-1,7.989284635E-2
1.415667779E1,-3.864845824E-1,-1.125455112E0,5.806260292E-1
1.416661679E1,-6.556149620E-1,-1.456622988E0,8.138469033E-1
1.417655579E1,-4.304609066E-1,-1.609396407E0,8.736721055E-1
1.418649479E1,-1.201766539E-1,-2.102248859E0,8.065508938E-1
1.419643379E1,-1.326867718E-1,-2.819018680E0,6.140510528E-1
1.420637279E1,2.009103298E-3,-3.345024552E0,3.633377945E-1
1.421631179E1,1.196188295E-1,-3.526789928E0,6.262251019E-2
1.422625079E1,-4.755365074E-2,-3.340625107E0,-4.541791137E-1
1.423618979E1,-3.868973958E-1,-3.132909203E0,-1.936993973E-1
1.424612979E1,-9.022008169E-1,-2.861825853E0,-7.628979206E-2
1.425606879E1,-1.114797392E0,-2.582508455E0,8.530627169E-2
1.426600779E1,-1.492112955E0,-2.393399268E0,6.303751633E-2
1.427594679E1,-1.919991732E0,-2.295412505E0,1.425011770E-1
1.428588579E1,-2.179589396E0,-2.115161557E0,-1.562995827E-1
1.429582479E1,-2.182954468E0,-1.828330487E0,-2.483710098E-1
1.430576379E1,-1.909206542E0,-1.448650017E0,-4.061837789E-1
1.431570279E1,-1.560598469E0,-1.179018238E0,-5.466971219E-1
1.432564179E1,-1.450610003E0,-1.051062741E0,-2.968982220E-1
1.433558079E1,-1.358732704E0,-7.530982795E-1,-3.072746909E-1
1.434551979E1,-1.022349989E0,-3.029603228E-1,-3.638758846E-1
1.435545879E1,-4.959643400E-1,1.075805819E-1,-4.838489091E-1
1.436539779E1,-2.413964510E-2,4.564395010E-1,-4.344972396E-1
1.437533679E1,4.578521883E-1,8.888767666E-1,-4.800037801E-1
1.438527579E1,9.023160070E-1,1.380425874E0,-3.852942355E-1
1.439521479E1,1.455805255E0,1.750413122E0,-6.851999728E-1
1.440515379E1,1.725361311E0,1.882780051E0,-8.661502473E-1
1.441509279E1,1.844330515E0,1.925310359E0,-8.051905391E-1
1.442503279E1,2.027096350E0,2.147547823E0,-1.102151180E0
1.443497179E1,2.299898196E0,2.283401447E0,-8.690121670E-1
1.444491079E1,2.460354565E0,2.228744014E0,-9.245979917E-1
1.445484979E1,2.633225741E0,1.953416755E0,-7.793942316E-1
1.446478879E1,2.743585505E0,1.618640270E0,-6.653944302E-1
1.447472779E1,2.820699754E0,1.371832806E0,-5.220758124E-1
1.448466679E1,2.696551087E0,1.239769347E0,-3.893627281E-1
1.449460579E1,2.101752430E0,1.027404907E0,-2.003688776E-1
1.450454479E1,1.000221201E0,9.541930890E-1,-2.969208799E-2
1.451448379E1,4.051652670E-2,1.162623231E0,-4.461352453E-3
1.452442279E1,-5.131428748E-1,1.459917017E0,-1.315658605E-1
1.453436179E1,-8.240884477E-1,1.552237827E0,-3.520677980E-1
1.454430079E1,-1.231348187E0,1.513613460E0,-2.396691835E-1
1.455423979E1,-1.683707501E0,1.511333338E0,-4.212063722E-1
1.456417879E1,-2.072654931E0,1.277825658E0,-1.828576362E-1
1.457411779E1,-2.315374607E0,1.033938586E0,-1.067234532E-1
1.458405679E1,-1.882792330E0,9.508286011E-1,9.985056281E-2
1.459399679E1,-1.048479441E0,9.142022270E-1,2.096975255E-1
1.460393579E1,-5.492669731E-1,7.186067238E-1,2.840122012E-1
1.461387479E1,-6.092050266E-1,3.458940884E-1,4.385342304E-1
1.462381379E1,-8.422323579E-1,-9.482020319E-2,5.914306605E-1
1.463375279E1,-9.153909659E-1,-4.810466310E-1,7.226201065E-1
1.464369179E1,-8.902947164E-1,-6.928868687E-1,7.996572458E-1
1.465363079E1,-8.954075217E-1,-7.364641204E-1,7.789052582E-1
1.466356979E1,-9.113598955E-1,-7.508780918E-1,6.525177649E-1
1.467350879E1,-8.639243585E-1,-8.620161197E-1,5.001355974E-1
1.468344779E1,-7.179860419E-1,-1.118983706E0,3.930827267E-1
1.469338679E1,-6.245007581E-1,-1.602449915E0,5.526250291E-1
1.470332579E1,-9.348078150E-1,-2.190424578E0,4.171076202E-1
1.471326479E1,-5.339402515E-1,-2.301839764E0,1.972710228E-1
1.472320379E1,1.977867472E-1,-2.048524934E0,1.293404102E-3
1.473314279E1,2.852944225E-1,-1.957688146E0,-6.947179243E-2
1.474308179E1,-8.812046349E-2,-2.091941387E0,2.446372703E-2
1.475302079E1,-2.910147536E-1,-2.216206414E0,1.612849188E-1
1.476296079E1,-2.144355243E-1,-2.253021069E0,1.862630546E-1
1.477289979E1,-2.169755548E-1,-2.261200739E0,1.876057215E-1
1.478283879E1,-4.562190610E-1,-2.323332667E0,1.348039024E-1
1.479277779E1,-8.859783018E-1,-2.381390841E0,-1.876736954E-2
1.480271679E1,-1.216110343E0,-2.319781069E0,-3.438465397E-1
1.481265579E1,-1.406548310E0,-2.050750092E0,-7.806709711E-1
1.482259479E1,-1.342000896E0,-1.769706010E0,-8.090241198E-1
1.483253379E1,-1.144790100E0,-1.489399263E0,-8.653164344E-1
1.484247279E1,-7.993599880E-1,-1.164535562E0,-8.202612989E-1
1.485241179E1,-5.284333438E-1,-9.456263334E-1,-7.315707318E-1
1.486235079E1,-4.015955418E-1,-7.733223367E-1,-6.094878857E-1
1.487228979E1,-2.413929427E-1,-5.328456527E-1,-4.295154119E-1
1.488222879E1,-4.375471473E-2,-2.097799712E-1,-1.825256605E-1
1.489216779E1,5.000597298E-2,2.601221591E-1,-3.486109972E-1
1.490210679E1,1.264986634E-1,7.305394292E-1,-2.163246135E-1
1.491204579E1,3.205127871E-1,1.224671836E0,-4.974251206E-1
1.492198479E1,6.284096217E-1,1.627889981E0,-5.621561368E-1
1.493192479E1,9.082567781E-1,1.988778961E0,-8.337837160E-1
1.494186379E1,1.103934435E0,2.542172315E0,-6.114689223E-1
1.495180279E1,1.959142933E0,2.697507107E0,-8.810631323E-1
1.496174179E1,2.240067732E0,2.423232347E0,-9.296393149E-1
1.497168079E1,2.405108902E0,2.165954858E0,-8.020625710E-1
1.498161975E1,3.039068701E0,2.117473839E0,-9.610846174E-1
1.499155875E1,3.492044311E0,2.008736678E0,-8.655120237E-1
1.500149775E1,3.930367384E0,1.727438242E0,-4.713569176E-1
1.501143675E1,3.793571189E0,1.151595089E0,-3.847305639E-1
1.502137575E1,2.481054878E0,8.375265187E-1,-2.136701238E-1
1.503131475E1,1.160511509E0,1.196293545E0,-1.518324561E-1
1.504125375E1,3.615298355E-1,1.698539549E0,-2.009500909E-1
1.505119275E1,-3.024068838E-1,1.905710492E0,-2.127812009E-1
1.506113175E1,-9.993452883E-1,1.874663531E0,-1.934481132E-1
1.507107075E1,-1.617160340E0,1.663069169E0,1.035050726E-1
1.508100975E1,-2.237155234E0,1.464177298E0,-1.733184886E-1
1.509094875E1,-2.660061538E0,1.217003213E0,-4.460770655E-1
1.510088875E1,-2.855002445E0,7.495501891E-1,-1.147567235E-2
1.511082775E1,-2.821472756E0,4.872636831E-1,-5.670271598E-2
1.512076675E1,-2.247710627E0,1.443955287E-1,1.102610186E-1
1.513070575E1,-1.763526088E0,-4.635105389E-1,8.655048609E-2
1.514064475E1,-1.407729447E0,-1.185822351E0,2.050405837E-1
1.515058375E1,-9.695554787E-1,-1.771830888E0,3.990058100E-1
1.516052275E1,-5.865798104E-1,-2.165552862E0,5.105203986E-1
1.517046175E1,-4.479335564E-1,-2.420709858E0,5.336532994E-1
1.518040075E1,-4.938429701E-1,-2.658642126E0,8.122916901E-1
1.519033975E1,-4.667914116E-1,-2.699643972E0,5.412545335E-1
1.520027875E1,-3.565883535E-1,-2.821065790E0,6.106808639E-1
1.521021775E1,-5.572852600E-1,-2.902448507E0,3.787614338E-1
1.522015675E1,-8.362465632E-1,-2.767148615E0,3.096241021E-1
1.523009575E1,-1.115841705E0,-2.268954731E0,2.310166200E-1
1.524003475E1,-9.891085678E-1,-1.751520000E0,-1.565182686E-2
1.524997375E1,-7.028060853E-1,-1.671622476E0,-3.617917907E-1
1.525991275E1,-7.982016546E-1,-1.723417697E0,-5.241078660E-1
1.526985275E1,-8.571164453E-1,-1.596455934E0,-4.255812590E-1
1.527979175E1,-7.215762323E-1,-1.279307050E0,-2.569393735E-1
1.528973075E1,-3.914699185E-1,-9.760704464E-1,-1.579177997E-1
1.529966975E1,-1.496109527E-1,-9.434669566E-1,-2.133298159E-2
1.530960875E1,-2.250031972E-1,-9.332267278E-1,9.424308300E-2
1.531954775E1,-2.250844735E-1,-7.566261971E-1,1.642158356E-1
1.532948675E1,-1.000359195E-1,-5.495166492E-1,1.965857291E-1
1.533942575E1,-1.253865230E-1,-2.889074171E-1,1.234874935E-1
1.534936475E1,-5.392594635E-2,4.105563998E-2,2.290133639E-1
1.535930375E1,1.631612903E-1,3.112203920E-1,1.288178153E-1
1.536924275E1,2.237396139E-1,5.665279537E-1,1.385322332E-2
1.537918175E1,3.690078396E-1,8.522427911E-1,8.177915812E-3
1.538912075E1,7.244021916E-1,1.259279167E0,-1.253700046E-1
1.539905975E1,1.184448255E0,1.718024810E0,-3.309662931E-1
1.540899875E1,1.767240824E0,2.144503178E0,-5.393410322E-1
1.541893775E1,2.535907023E0,2.143286957E0,-9.120102520E-1
1.542887675E1,2.968695121E0,1.717546508E0,-1.091674139E0
1.543881575E1,3.201637668E0,1.407423638E0,-1.113514951E0
1.544875575E1,3.506607971E0,1.451199403E0,-9.739343123E-1
1.545869475E1,3.626077112E0,1.689528404E0,-7.215357403E-1
1.546863375E1,3.545117733E0,1.821120577E0,-2.409978171E-1
1.547857275E1,3.101952581E0,1.779121197E0,4.950398952E-3
1.548851175E1,2.101700390E0,1.675276986E0,2.413509158E-1
1.549845075E1,9.322432262E-1,1.548140099E0,3.779301059E-1
1.550838975E1,-3.961664021E-2,1.543767259E0,-1.268285195E-1
1.551832875E1,-7.982010698E-1,1.550523131E0,-1.992333484E-1
1.552826775E1,-1.472445261E0,1.629438616E0,-5.320661823E-1
1.553820675E1,-1.998547320E0,1.753723816E0,-5.456492643E-1
1.554814575E1,-2.406405814E0,1.777352122E0,-3.586330883E-1
1.555808475E1,-2.820922533E0,1.458591160E0,-1.747978342E-1
1.556802375E1,-3.060975879E0,9.233417174E-1,6.616636142E-3
1.557796275E1,-2.649951117E0,5.819248420E-1,4.674154557E-2
1.558790175E1,-1.755645795E0,4.510662022E-1,3.580615595E-2
1.559784075E1,-1.133487432E0,2.499383560E-1,7.798409589E-2
1.560777975E1,-9.467870057E-1,-1.506517571E-1,2.774774261E-1
1.561771875E1,-9.305697531E-1,-6.577874950E-1,4.479797494E-1
1.562765875E1,-9.187765038E-1,-1.102015671E0,5.644937074E-1
1.563759775E1,-9.527944350E-1,-1.410080028E0,7.088920136E-1
1.564753675E1,-9.989546943E-1,-1.624327565E0,8.065811531E-1
1.565747575E1,-1.053862973E0,-1.806247600E0,8.136073136E-1
1.566741475E1,-1.171881419E0,-2.124566804E0,1.005251049E0
1.567735375E1,-1.741161073E0,-2.668751962E0,7.446336309E-1
1.568729275E1,-1.393165787E0,-2.547136308E0,4.375951675E-1
1.569723175E1,-4.374261099E-1,-1.945454309E0,-1.146163903E-2
1.570717075E1,-2.836840993E-1,-1.841476782E0,-2.638099980E-1
1.571710975E1,-7.552591181E-1,-2.324732198E0,-8.776217535E-2
1.572704875E1,-1.063103912E0,-2.787246079E0,2.646976054E-1
1.573698775E1,-1.096434211E0,-2.773291115E0,4.061335659E-1
1.574692675E1,-1.109182895E0,-2.449243978E0,6.834845459E-1
1.575686575E1,-9.868427718E-1,-2.149460447E0,6.887562494E-1
1.576680475E1,-9.174462622E-1,-2.141781007E0,5.428989168E-1
1.577674375E1,-1.071040338E0,-2.145462121E0,1.299684743E-1
1.578668275E1,-1.164304013E0,-2.042019322E0,-1.789236295E-1
1.579662275E1,-1.111572652E0,-1.821957899E0,-4.262209444E-1
1.580656175E1,-8.438596380E-1,-1.613103542E0,-6.844119143E-1
1.581650075E1,-7.056460780E-1,-1.538934535E0,-2.974138733E-1
1.582643975E1,-6.035741580E-1,-1.395585950E0,-3.158081174E-1
1.583637875E1,-4.418530369E-1,-1.099294084E0,-5.070135310E-2
1.584631775E1,-2.325209624E-1,-6.314718086E-1,1.819068789E-2
1.585625675E1,2.055296302E-2,-9.662933171E-2,2.255610947E-1
1.586619575E1,5.302261001E-1,1.284463710E-1,1.281513789E-1
1.587613475E1,8.375031298E-1,1.963857543E-1,2.435586052E-1
1.588607375E1,1.076139110E0,3.639657855E-1,3.141849303E-1
1.589601275E1,1.266558366E0,6.726666123E-1,2.359655571E-1
1.590595175E1,1.375716527E0,1.049941830E0,7.705109954E-2
1.591589075E1,1.562399411E0,1.436512367E0,-3.552287297E-1
1.592582975E1,1.796832413E0,1.661224957E0,-6.095522051E-1
1.593576875E1,1.946708245E0,1.976308020E0,-1.203743921E0
1.594570775E1,2.390523022E0,2.344858022E0,-1.219648347E0
1.595564675E1,3.013215237E0,2.346874727E0,-1.629509952E0
1.596558675E1,3.242735408E0,2.263529100E0,-1.670040658E0
1.597552538E1,3.539918974E0,2.185512625E0,-1.791486304E0
1.598546438E1,3.709167801E0,2.127001292E0,-1.852958082E0
1.599540338E1,3.805940389E0,1.981630155E0,-1.577603195E0
1.600534237E1,3.735257492E0,1.551145275E0,-1.162776135E0
1.601528138E1,2.825958740E0,1.062633212E0,-7.531669112E-1
1.602522038E1,1.545346591E0,1.072644814E0,-3.496330174E-1
1.603515937E1,4.565313023E-1,1.400073103E0,-2.520407224E-1
1.604509838E1,-4.385867822E-1,1.562753752E0,-2.656811801E-1
1.605503738E1,-1.157358105E0,1.628361851E0,-6.081022418E-1
1.606497637E1,-1.714078524E0,1.674790497E0,-5.957821218E-1
1.607491538E1,-2.121312536E0,1.709655105E0,-5.827440735E-1
1.608485438E1,-2.381379147E0,1.568895375E0,-3.204601622E-1
1.609479337E1,-2.568095945E0,1.262378191E0,-3.808755677E-2
1.610473238E1,-2.602809110E0,9.200067580E-1,1.647886069E-1
1.611467137E1,-2.361951188E0,5.715165058E-1,3.397116081E-1
1.612461038E1,-1.891599991E0,2.143790987E-1,4.661096263E-1
1.613454938E1,-1.377130968E0,-2.082287049E-1,5.612227750E-1
1.614448938E1,-9.014962274E-1,-6.478820193E-1,5.618379752E-1
1.615442838E1,-4.551431733E-1,-1.021676390E0,5.344576570E-1
1.616436737E1,-1.621830511E-1,-1.337387443E0,5.539652109E-1
1.617430638E1,-8.974189639E-2,-1.660778522E0,7.494561951E-1
1.618424538E1,-1.838732976E-1,-1.970514306E0,8.788167051E-1
1.619418437E1,-3.069460773E-1,-2.253177189E0,8.774236791E-1
1.620412338E1,-4.700237525E-1,-2.472982212E0,7.521342199E-1
1.621406238E1,-6.428101444E-1,-2.631183309E0,6.206948054E-1
1.622400137E1,-9.248669636E-1,-2.754809235E0,5.666596623E-1
1.623394038E1,-1.164505157E0,-2.796883460E0,3.455495413E-1
1.624387938E1,-1.367077850E0,-2.844577152E0,7.837498225E-2
1.625381838E1,-1.581161372E0,-2.709188089E0,-1.051760606E-1
1.626375738E1,-1.503047249E0,-2.517835618E0,-1.026537180E-1
1.627369637E1,-1.397960504E0,-2.433637467E0,-8.888696037E-2
1.628363538E1,-1.379632407E0,-2.264641825E0,-8.656101108E-2
1.629357438E1,-1.256329831E0,-1.973171573E0,3.518854380E-2
1.630351337E1,-9.634913313E-1,-1.613142718E0,8.151603341E-2
1.631345338E1,-6.362209171E-1,-1.344686522E0,1.476620758E-1
1.632339237E1,-3.926978338E-1,-1.173246744E0,1.815959533E-1
1.633333138E1,-2.487779760E-1,-1.038146242E0,2.509111865E-1
1.634327038E1,-1.398121887E-1,-8.173887080E-1,2.194473191E-1
1.635320937E1,-1.485894442E-2,-3.240205318E-1,2.459868076E-1
1.636314838E1,3.971978509E-1,2.002840930E-1,7.337802485E-2
1.637308738E1,6.738980359E-1,5.224031103E-1,1.017893533E-1
1.638302637E1,8.210186595E-1,9.461923438E-1,4.438855290E-2
1.639296538E1,1.105562299E0,1.528110754E0,1.570667374E-1
1.640290438E1,1.490251202E0,2.082833764E0,-1.276900336E-2
1.641284338E1,1.971337886E0,2.497853343E0,-2.132665198E-1
1.642278238E1,2.453479993E0,2.682442925E0,-4.600143425E-1
1.643272137E1,2.834387501E0,2.759032679E0,-6.990932496E-1
1.644266038E1,3.180827428E0,2.890091001E0,-7.612371652E-1
1.645259938E1,3.495539192E0,3.131929502E0,-7.212503962E-1
1.646253837E1,3.895449566E0,3.160873219E0,-3.959325135E-1
1.647247738E1,4.079467875E0,2.358254578E0,-2.880831058E-1
1.648241737E1,2.884447854E0,1.414338555E0,-4.648583221E-1
1.649235638E1,1.277292684E0,1.537423614E0,-9.438473180E-2
1.650229538E1,4.101517725E-1,2.159007196E0,-1.053446797E-1
1.651223437E1,-3.848309898E-1,2.376114314E0,-1.410421506E-3
1.652217338E1,-1.246080247E0,2.157606788E0,8.228896223E-2
1.653211238E1,-1.850847822E0,1.701270783E0,-3.955520790E-2
1.654205137E1,-2.371289776E0,1.146895682E0,-2.975144454E-1
1.655199038E1,-2.749922132E0,5.584242976E-1,-2.853348048E-1
1.656192937E1,-2.783350080E0,6.362472296E-2,-4.621522307E-2
1.657186838E1,-2.381878499E0,-4.003816599E-1,2.590269756E-1
1.658180738E1,-1.805606160E0,-9.184806347E-1,4.181531024E-1
1.659174637E1,-1.338210146E0,-1.476208529E0,5.157163075E-1
1.660168538E1,-9.922543699E-1,-2.066848061E0,6.404082544E-1
1.661162438E1,-7.863645512E-1,-2.692897162E0,7.359470073E-1
1.662156337E1,-8.901830345E-1,-3.214986277E0,8.024566734E-1
1.663150238E1,-1.055249932E0,-3.534233142E0,8.622819487E-1
1.664144138E1,-1.226471609E0,-3.652344559E0,4.765364543E-1
1.665138138E1,-1.501085508E0,-3.721816497E0,2.383055397E-1
1.666132038E1,-1.848400762E0,-3.588046237E0,-1.504418421E-1
1.667125937E1,-2.166526131E0,-3.053185049E0,-3.600597724E-1
1.668119838E1,-1.998765421E0,-2.492945191E0,-5.997149225E-1
1.669113738E1,-1.695458651E0,-2.417106219E0,-9.766102175E-1
1.670107638E1,-1.711970603E0,-2.455467462E0,-1.140812751E0
1.671101538E1,-1.583904301E0,-2.175189950E0,-9.844887558E-1
1.672095437E1,-1.165022635E0,-1.861136582E0,-6.935462885E-1
1.673089338E1,-8.751896042E-1,-1.581161957E0,-4.081732209E-1
1.674083238E1,-5.475730348E-1,-1.216782188E0,-1.052734168E-1
1.675077137E1,-1.484204596E-1,-7.689579749E-1,6.162270941E-2
1.676071038E1,2.311462820E-1,-2.154102552E-1,1.505193177E-1
1.677064938E1,6.611914515E-1,3.308828241E-1,1.628730226E-1
1.678058837E1,1.119488613E0,7.937969470E-1,6.752481580E-2
1.679052738E1,1.650602320E0,1.221809040E0,-1.076868550E-1
1.680046638E1,2.341256722E0,1.636349732E0,-3.698783438E-1
1.681040537E1,3.046552552E0,2.106620822E0,-7.632111852E-1
1.682034538E1,3.749517097E0,2.457250278E0,-1.010147434E0
1.683028437E1,4.542871994E0,2.252201289E0,-1.123962025E0
1.684022338E1,4.971508570E0,1.845973583E0,-1.316527501E0
1.685016238E1,4.794472421E0,2.269967469E0,-9.559918387E-1
1.686010138E1,5.065497299E0,2.699030306E0,-6.426429141E-1
1.687004038E1,4.714940348E0,2.030573105E0,-9.014605594E-1
1.687997937E1,3.060085348E0,1.255300137E0,-6.214373287E-1
1.688991838E1,1.769578541E0,1.263366956E0,-5.713629433E-1
1.689985738E1,1.082591513E0,1.569268720E0,-8.454546853E-1
1.690979637E1,3.363926554E-1,1.627867469E0,-9.976858485E-1
1.691973538E1,-3.249683654E-1,1.538643051E0,-1.072835433E0
1.692967438E1,-8.262793994E-1,1.450643625E0,-1.041273333E0
1.693961337E1,-1.272951711E0,1.309787708E0,-9.907031035E-1
1.694955238E1,-1.740137810E0,1.078805148E0,-7.202062297E-1
1.695949138E1,-2.158083921E0,7.778220615E-1,-2.890407153E-1
1.696943038E1,-2.490176534E0,3.954568425E-1,1.147538730E-1
1.697936963E1,-2.656542099E0,1.140063795E-1,2.125405148E-1
1.698930862E1,-2.570573995E0,4.884296179E-2,1.467019629E-1
1.699924863E1,-2.310017388E0,8.980066091E-2,3.831336893E-2
1.700918762E1,-2.094044631E0,8.546495050E-2,-4.253191575E-3
1.701912663E1,-1.960873125E0,-2.564881146E-2,2.142185926E-2
1.702906563E1,-1.834299032E0,-2.575607863E-1,8.999690808E-2
1.703900462E1,-1.625807202E0,-5.652772343E-1,3.278476806E-1
1.704894363E1,-1.425887391E0,-9.235615727E-1,6.525188613E-1
1.705888263E1,-1.302886532E0,-1.279930656E0,9.792846608E-1
1.706882162E1,-1.353733335E0,-1.558266892E0,1.165376977E0
1.707876063E1,-1.535364225E0,-1.751775231E0,1.340633086E0
1.708869963E1,-1.909401839E0,-2.418965926E0,1.596181115E0
1.709863863E1,-2.098283862E0,-2.901960264E0,1.374440664E0
1.710857763E1,-1.209404756E0,-1.920926117E0,1.154391082E0
1.711851662E1,-3.423790348E-1,-7.366632181E-1,1.354351824E0
1.712845563E1,-3.708304167E-1,-4.420117888E-1,1.118020085E0
1.713839463E1,-8.027139509E-1,-9.156026351E-1,1.225375257E0
1.714833362E1,-9.613547587E-1,-1.511059396E0,1.266565382E0
1.715827263E1,-8.454799014E-1,-1.889215789E0,1.441148331E0
1.716821262E1,-8.895679075E-1,-2.064004852E0,1.654682508E0
1.717815163E1,-1.011282964E0,-1.970443847E0,1.529091332E0
1.718809063E1,-1.059500273E0,-1.683691421E0,1.239522010E0
1.719802962E1,-1.203290908E0,-1.343657705E0,9.853143827E-1
1.720796863E1,-1.405397578E0,-9.938468590E-1,6.489977411E-1
1.721790763E1,-1.239384016E0,-8.839586735E-1,1.715807692E-1
1.722784662E1,-8.481924248E-1,-1.164943698E0,-3.826135795E-1
1.723778563E1,-3.967353362E-1,-1.690652532E0,-6.456963301E-1
1.724772463E1,-7.286566257E-2,-2.199232824E0,-4.853446269E-1
1.725766363E1,-8.110672832E-3,-2.364274579E0,-3.128283763E-1
1.726760263E1,2.155710536E-1,-2.086203807E0,-3.764973919E-1
1.727754162E1,6.446865159E-1,-1.687900832E0,-4.722550499E-1
1.728748063E1,9.342119837E-1,-1.351886784E0,-5.224627519E-1
1.729741963E1,9.525348186E-1,-9.904896802E-1,-4.442131193E-1
1.730735862E1,7.062343079E-1,-4.082180983E-1,-5.401495560E-1
1.731729763E1,5.373462546E-1,2.656556717E-1,-6.930049825E-1
1.732723663E1,6.531790119E-1,6.423031908E-1,-9.470617517E-1
1.733717663E1,6.406244552E-1,7.593355045E-1,-1.051289686E0
1.734711563E1,5.211886436E-1,1.121255349E0,-1.302643872E0
1.735705462E1,4.490187997E-1,1.658369177E0,-1.421603136E0
1.736699363E1,5.741714340E-1,2.088653790E0,-1.730322089E0
1.737693263E1,8.367383140E-1,2.402716806E0,-1.476950541E0
1.738687162E1,1.169219767E0,2.929297459E0,-1.605774057E0
1.739681063E1,1.512602184E0,3.365814035E0,-1.447410407E0
1.740674962E1,1.555144186E0,3.603670582E0,-1.388479829E0
1.741668863E1,1.577020959E0,3.711062883E0,-1.328338877E0
1.742662763E1,1.764683252E0,3.443868224E0,-8.815180457E-1
1.743656662E1,1.610276413E0,2.908471431E0,-9.212334307E-1
1.744650563E1,1.043578890E0,2.693996438E0,-7.742472931E-1
1.745644463E1,6.238043547E-1,2.891483223E0,-5.538986257E-1
1.746638362E1,3.781446987E-1,2.785567344E0,-2.752530722E-1
1.747632263E1,1.477135313E-1,2.276897881E0,-2.159693221E-1
1.748626163E1,1.670186985E-1,1.821056258E0,-2.633819818E-1
1.749620062E1,4.323963350E-1,1.354923535E0,-1.658154146E-1
1.750614063E1,5.260289687E-1,5.896025285E-1,1.255957802E-1
1.751607962E1,4.860000998E-1,-2.553405985E-1,3.808723518E-1
1.752601863E1,3.655381018E-1,-8.410822105E-1,4.484006759E-1
1.753595763E1,4.129929346E-1,-1.348165031E0,6.411741666E-1
1.754589663E1,1.958150661E-1,-1.941063050E0,8.665128478E-1
1.755583563E1,1.052083665E-1,-2.383453739E0,9.395504916E-1
1.756577462E1,-1.551295549E-1,-2.715504544E0,8.856087577E-1
1.757571363E1,-5.663770956E-1,-2.927369925E0,4.734456161E-1
1.758565263E1,-9.718756539E-1,-3.018267816E0,3.060198784E-2
1.759559162E1,-1.186615818E0,-3.151567376E0,-3.201000468E-1
1.760553063E1,-1.401365923E0,-3.405536802E0,-4.972448802E-1
1.761546963E1,-1.799592884E0,-3.449026053E0,-6.289534128E-1
1.762540862E1,-2.235276523E0,-2.782272438E0,-7.790526080E-1
1.763534763E1,-2.116870991E0,-1.928376639E0,-8.156620252E-1
1.764528663E1,-1.749543056E0,-1.707858548E0,-8.086114526E-1
1.765522562E1,-1.588240011E0,-1.882070199E0,-8.514329517E-1
1.766516463E1,-1.306290781E0,-1.876012191E0,-7.043485808E-1
1.767510362E1,-1.031119643E0,-1.673382780E0,-4.476476276E-1
1.768504363E1,-7.318766874E-1,-1.417434948E0,-2.098004365E-1
1.769498262E1,-2.821737635E-1,-1.201618604E0,1.088404376E-2
1.770492163E1,6.066603184E-2,-1.004158131E0,2.915316474E-1
1.771486063E1,1.459032333E-1,-6.936104617E-1,3.973194730E-1
1.772479962E1,2.954533750E-1,-3.009023952E-1,4.083589431E-1
1.773473863E1,4.022194397E-1,3.426731497E-2,3.559631400E-1
1.774467763E1,4.855545419E-1,4.959584928E-1,2.394375607E-1
1.775461662E1,6.661656779E-1,9.993353480E-1,8.058705702E-3
1.776455563E1,1.033101264E0,1.380113925E0,-2.615949997E-1
1.777449463E1,1.375687290E0,1.611630043E0,-4.400942675E-1
1.778443362E1,1.633983364E0,1.919077227E0,-7.465818501E-1
1.779437263E1,1.806297301E0,2.267569818E0,-8.833972677E-1
1.780431163E1,1.898354110E0,2.504356909E0,-9.392978919E-1
1.781425063E1,1.918139334E0,2.482854651E0,-8.047511208E-1
1.782418963E1,1.923529882E0,2.275098108E0,-5.277836450E-1
1.783412862E1,1.893412628E0,2.136960562E0,-3.263939166E-1
1.784406863E1,1.854088349E0,2.032699152E0,-2.578060770E-1
1.785400762E1,1.883185263E0,1.789087191E0,-2.945523190E-1
1.786394663E1,1.705304192E0,1.442813034E0,-3.870132438E-1
1.787388563E1,1.165822535E0,1.340877354E0,-5.487751858E-1
1.788382462E1,6.370775342E-1,1.516378316E0,-7.353352424E-1
1.789376363E1,3.249765515E-1,1.653761571E0,-9.123422277E-1
1.790370263E1,8.485011578E-2,1.613604940E0,-9.480921042E-1
1.791364162E1,-1.282434726E-1,1.447065714E0,-8.173577178E-1
1.792358063E1,-4.358561325E-1,1.359568563E0,-7.389956725E-1
1.793351963E1,-7.778363872E-1,1.271845418E0,-1.881844314E-1
1.794345862E1,-1.122025135E0,1.162881385E0,3.660310221E-1
1.795339763E1,-1.445950942E0,1.033896486E0,7.016518450E-1
1.796333663E1,-1.640245732E0,8.765213075E-1,9.564618087E-1
1.797327563E1,-1.635986620E0,6.613484493E-1,1.076472402E0
1.798321450E1,-1.569408469E0,3.354524231E-1,9.401843297E-1
1.799315350E1,-1.606768668E0,6.567387968E-2,6.179933918E-1
1.800309250E1,-1.624130806E0,-6.841213077E-2,3.333649306E-1
1.801303150E1,-1.564476927E0,-1.153643954E-1,1.742119797E-1
1.802297150E1,-1.436782508E0,-2.499556053E-1,1.623328129E-1
1.803291050E1,-1.273514214E0,-5.503864226E-1,2.319040811E-1
1.804284950E1,-1.086123231E0,-9.892369142E-1,2.762155239E-1
1.805278850E1,-9.001291484E-1,-1.508020013E0,3.419768925E-1
1.806272750E1,-8.315664518E-1,-2.168923489E0,6.438241978E-1
1.807266650E1,-1.073065229E0,-2.832706427E0,4.467647711E-1
1.808260550E1,-7.780696911E-1,-3.002339123E0,2.346066642E-1
1.809254450E1,-2.252230525E-1,-2.871847104E0,2.484400801E-1
1.810248350E1,-6.209275246E-2,-2.896477330E0,1.993900537E-1
1.811242250E1,-2.408029586E-1,-3.108200331E0,2.443775077E-1
1.812236150E1,-4.486463320E-1,-3.376577882E0,3.556555764E-1
1.813230050E1,-7.241829211E-1,-3.586175128E0,3.376695411E-1
1.814223950E1,-1.163964289E0,-3.568417718E0,4.621171474E-1
1.815217850E1,-1.499385722E0,-3.321246557E0,3.214682221E-1
1.816211750E1,-1.580691256E0,-3.004845532E0,-8.319067597E-2
1.817205650E1,-1.522775170E0,-2.648934579E0,-4.251498076E-1
1.818199550E1,-1.402662250E0,-2.155730709E0,-6.992721744E-1
1.819193450E1,-1.164074802E0,-1.685061424E0,-5.394326873E-1
1.820187450E1,-8.824582779E-1,-1.361705136E0,-4.003050613E-1
1.821181350E1,-6.337837976E-1,-1.161976528E0,-2.678059852E-1
1.822175250E1,-3.845041305E-1,-9.543959874E-1,-1.666712277E-1
1.823169150E1,-6.570984006E-2,-7.018798864E-1,-2.156043828E-1
1.824163050E1,1.322359514E-1,-3.560945562E-1,-1.173278904E-1
1.825156950E1,2.617909545E-1,1.342424235E-1,-1.495260219E-1
1.826150850E1,4.631749088E-1,6.866920361E-1,-1.724881840E-1
1.827144750E1,8.006153852E-1,1.149679542E0,-1.806121592E-1
1.828138650E1,1.312073092E0,1.559984511E0,-2.281045604E-1
1.829132550E1,1.828360015E0,1.971520320E0,-4.674220338E-1
1.830126450E1,2.283073418E0,2.336192449E0,-7.399068148E-1
1.831120350E1,2.587360767E0,2.727186404E0,-1.122251422E0
1.832114250E1,2.608310171E0,3.524133246E0,-1.548770721E0
1.833108150E1,3.738212675E0,3.898060933E0,-1.444259927E0
1.834102050E1,4.189620062E0,3.181168320E0,-1.545921665E0
1.835095950E1,4.194686674E0,2.276352044E0,-1.301735215E0
1.836089850E1,4.243512679E0,2.092603292E0,-1.049153187E0
1.837083850E1,3.610741035E0,2.113219697E0,-8.615253921E-1
1.838077750E1,3.038272310E0,1.882982657E0,-4.338998003E-1
1.839071650E1,2.187005419E0,1.423583003E0,-1.179102000E-1
1.840065550E1,7.841572273E-1,1.229399310E0,4.718008675E-2
1.841059450E1,-3.546459085E-1,1.606049168E0,-8.314499460E-2
1.842053350E1,-7.964884204E-1,1.896631228E0,-1.659110896E-1
1.843047250E1,-1.213429980E0,1.763073514E0,-3.875288951E-1
1.844041150E1,-1.772928411E0,1.406279338E0,-3.828675679E-1
1.845035050E1,-2.318035090E0,1.095271200E0,-7.441053350E-2
1.846028950E1,-2.760564650E0,9.219296148E-1,7.197345056E-2
1.847022850E1,-3.072679666E0,7.411918867E-1,2.553010567E-1
1.848016750E1,-3.189172574E0,3.568225345E-1,7.632792322E-1
1.849010650E1,-3.000964150E0,-1.616790211E-1,1.048215147E0
1.850004550E1,-2.417474594E0,-5.943387732E-1,1.063213182E0
1.850998450E1,-1.811950974E0,-8.380428278E-1,8.286872828E-1
1.851992350E1,-1.405208128E0,-9.152205196E-1,5.858361176E-1
1.852986250E1,-1.241413584E0,-9.375624382E-1,4.809253013E-1
1.853980250E1,-1.178250207E0,-1.027395844E0,4.032834868E-1
1.854974150E1,-1.079335198E0,-1.300878890E0,4.185436964E-1
1.855968050E1,-1.235071694E0,-2.139641511E0,9.994028103E-1
1.856961950E1,-1.657971566E0,-3.142358011E0,9.683293176E-1
1.857955850E1,-1.005226418E0,-3.252100893E0,5.952746201E-1
1.858949750E1,-2.052168041E-1,-2.843060384E0,1.539324836E-1
1.859943650E1,-2.042648774E-1,-2.636394640E0,-3.817098923E-1
1.860937550E1,-5.526741457E-1,-2.799501843E0,-5.078481480E-1
1.861931450E1,-7.122300428E-1,-3.032892871E0,-5.102328618E-1
1.862925350E1,-6.559593630E-1,-3.138787701E0,-4.351449649E-1
1.863919250E1,-5.539219415E-1,-3.119179648E0,-1.037539447E-1
1.864913150E1,-5.303301805E-1,-2.844319290E0,7.451106906E-2
1.865907050E1,-4.020048469E-1,-2.387205605E0,6.567241788E-2
1.866900950E1,-2.116680372E-1,-1.943430880E0,-4.184632972E-2
1.867894850E1,3.065753639E-2,-1.602548733E0,-2.327003257E-1
1.868888750E1,8.095587015E-2,-1.272500306E0,-5.549636230E-1
1.869882650E1,2.016476637E-1,-1.006602852E0,-5.785140149E-1
1.870876650E1,2.876800865E-1,-7.397642890E-1,-6.034792869E-1
1.871870550E1,2.858241802E-1,-4.849180725E-1,-2.742157030E-1
1.872864450E1,2.903487557E-1,-1.140522802E-1,-1.981738329E-1
1.873858350E1,3.830481738E-1,3.643484858E-1,-1.648727703E-1
1.874852250E1,5.251635808E-1,9.098372805E-1,-3.059916656E-1
1.875846150E1,7.360013133E-1,1.489424406E0,-3.919634235E-1
1.876840050E1,1.070230499E0,1.976236684E0,-6.012072051E-1
1.877833950E1,1.364912626E0,2.322278999E0,-8.581854625E-1
1.878827850E1,1.767741930E0,2.654511361E0,-1.171715505E0
1.879821750E1,2.213966346E0,2.987533681E0,-1.493089002E0
1.880815650E1,2.522840250E0,3.258643343E0,-1.697469070E0
1.881809550E1,2.868737555E0,3.408109285E0,-1.604334472E0
1.882803450E1,3.268477775E0,3.403939635E0,-1.526306742E0
1.883797350E1,3.492834855E0,3.182031077E0,-1.263876833E0
1.884791250E1,3.493382154E0,2.641654210E0,-6.630040884E-1
1.885785150E1,3.004857227E0,1.885091456E0,-1.529083438E-1
1.886779050E1,1.996080379E0,1.518454954E0,2.287769902E-1
1.887772950E1,1.179768729E0,1.725423292E0,4.689617519E-1
1.888766950E1,4.840927380E-1,1.925853565E0,4.923859171E-1
1.889760850E1,-2.787929034E-1,1.820223615E0,3.682705057E-1
1.890754750E1,-9.028492731E-1,1.578104740E0,2.377396023E-1
1.891748650E1,-1.450150997E0,1.306541919E0,6.151753262E-2
1.892742550E1,-2.007652604E0,1.048027744E0,-1.269231713E-1
1.893736450E1,-2.483714191E0,7.167771301E-1,3.395617732E-1
1.894730350E1,-2.658934779E0,4.073807770E-1,3.559165815E-1
1.895724250E1,-2.455806600E0,-5.890251160E-2,6.310808491E-1
1.896718150E1,-2.149162239E0,-6.382615954E-1,7.176989436E-1
1.897712050E1,-1.834397850E0,-1.191235703E0,9.488301690E-1
1.898705992E1,-1.640847995E0,-1.566321431E0,1.202503288E0
1.899699892E1,-1.701882402E0,-1.811958868E0,1.097649847E0
1.900693792E1,-1.791552962E0,-2.093851965E0,1.132548369E0
1.901687692E1,-1.660206957E0,-2.368572575E0,1.076509678E0
1.902681592E1,-1.371771410E0,-2.653043709E0,1.120987254E0
1.903675492E1,-1.326757790E0,-2.909098545E0,9.944910760E-1
1.904669492E1,-1.506252108E0,-3.097773576E0,8.692656438E-1
1.905663392E1,-1.735531374E0,-3.245811920E0,6.187323336E-1
1.906657292E1,-1.886019409E0,-3.345580330E0,2.367408979E-1
1.907651192E1,-1.991973880E0,-3.346496004E0,-1.728890106E-2
1.908645092E1,-2.068755423E0,-3.075658822E0,-4.002957058E-1
1.909638992E1,-1.828858783E0,-2.757897735E0,-4.877032475E-1
1.910632892E1,-1.456760105E0,-2.637656469E0,-4.805123417E-1
1.911626792E1,-1.106752793E0,-2.578769745E0,-2.477197762E-1
1.912620692E1,-8.127401716E-1,-2.380382781E0,-6.661133453E-2
1.913614592E1,-5.623583043E-1,-1.983536932E0,-2.944657803E-2
1.914608492E1,-3.061993879E-1,-1.447920869E0,-1.257417414E-1
1.915602392E1,8.599090755E-2,-9.254826754E-1,-2.849851048E-1
1.916596292E1,5.792725450E-1,-6.229337043E-1,-4.267835927E-1
1.917590192E1,9.280612975E-1,-5.385642296E-1,-4.529158227E-1
1.918584092E1,1.095351307E0,-3.908922136E-1,-3.303735316E-1
1.919577992E1,1.315424716E0,-5.388910890E-2,-1.850395247E-2
1.920571892E1,1.590301740E0,4.047992313E-1,-9.765317917E-2
1.921565792E1,1.877999368E0,9.106599838E-1,-3.036369918E-1
1.922559792E1,2.213540084E0,1.356865103E0,-4.785161023E-1
1.923553692E1,2.508701683E0,1.689102142E0,-6.919780652E-1
1.924547592E1,2.623739219E0,2.024463934E0,-9.276347432E-1
1.925541492E1,2.743210114E0,2.391105990E0,-1.121975434E0
1.926535392E1,2.824757722E0,2.689854271E0,-1.321933545E0
1.927529292E1,2.832409973E0,2.914807182E0,-1.385301429E0
1.928523192E1,2.843114471E0,3.092300583E0,-1.052633157E0
1.929517092E1,2.678987805E0,3.139281206E0,-8.469949150E-1
1.930510992E1,2.175513886E0,3.018190632E0,-5.848500578E-1
1.931504892E1,1.387153096E0,2.741125581E0,-2.748951495E-1
1.932498792E1,6.008125180E-1,2.516284937E0,-4.992176577E-1
1.933492692E1,-1.918635178E-1,2.294666400E0,-3.919143069E-1
1.934486592E1,-9.198108763E-1,2.175703336E0,-4.186711657E-1
1.935480492E1,-1.407555200E0,2.070067830E0,-3.436502194E-1
1.936474392E1,-1.853455095E0,1.850745496E0,-2.653011111E-1
1.937468292E1,-2.363320021E0,1.622821907E0,-1.563218752E-1
1.938462192E1,-2.547888553E0,1.444330386E0,9.403265633E-2
1.939456192E1,-2.291351906E0,1.149700592E0,1.912214935E-1
1.940450092E1,-1.742298941E0,3.994042978E-1,3.825341304E-1
1.941443992E1,-1.586936667E0,-5.703254279E-1,3.591430020E-1
1.942437892E1,-1.437520427E0,-1.288601784E0,5.377694468E-1
1.943431792E1,-1.262748905E0,-1.549357781E0,5.371554892E-1
1.944425692E1,-1.025957721E0,-1.556906244E0,6.286212909E-1
1.945419592E1,-9.010927695E-1,-1.641769224E0,6.872280065E-1
1.946413492E1,-8.047476125E-1,-1.873660441E0,5.438927972E-1
1.947407392E1,-7.452194488E-1,-2.190735650E0,3.776694663E-1
1.948401292E1,-7.075130939E-1,-2.413441184E0,1.969785158E-1
1.949395192E1,-7.992927450E-1,-2.513347003E0,1.854910760E-1
1.950389092E1,-6.924945205E-1,-2.510964848E0,2.664728200E-1
1.951382992E1,-1.370786154E-1,-2.842501098E0,3.696595117E-2
1.952376892E1,1.241504216E-1,-3.460513201E0,-8.674563691E-2
1.953370792E1,-3.973767757E-3,-3.529057186E0,-3.521286821E-1
1.954364692E1,1.914542127E-1,-2.989670253E0,-3.376628168E-1
1.955358592E1,4.516617411E-1,-2.645015190E0,-1.486153181E-1
1.956352492E1,7.569513023E-2,-2.465013919E0,-2.609112409E-1
1.957346492E1,-4.440276164E-1,-2.209812191E0,3.296357591E-1
1.958340392E1,-7.587627697E-1,-1.788801847E0,2.150699472E-1
1.959334292E1,-8.067146158E-1,-1.375710972E0,7.753978059E-2
1.960328192E1,-9.368169183E-1,-1.041587913E0,-8.191598296E-2
1.961322092E1,-9.697741646E-1,-5.945852333E-1,-4.730957334E-1
1.962315992E1,-7.564116043E-1,1.814157128E-2,-7.777089179E-1
1.963309892E1,-3.233972186E-1,7.024163684E-1,-1.102565163E0
1.964303792E1,2.844752276E-1,1.364413274E0,-1.356943456E0
1.965297692E1,1.007727272E0,1.882420447E0,-1.367654532E0
1.966291592E1,1.774280287E0,2.253024869E0,-1.346586868E0
1.967285492E1,2.585404288E0,2.493322628E0,-1.163511569E0
1.968279392E1,3.189854944E0,2.663688565E0,-8.912710552E-1
1.969273292E1,3.290250467E0,2.806570542E0,-6.086048099E-1
1.970267192E1,2.830109094E0,2.956133256E0,-3.467749715E-1
1.971261092E1,2.059790472E0,3.067662462E0,-2.463407835E-1
1.972254992E1,1.350006904E0,3.060639664E0,-2.951347017E-1
1.973248892E1,7.861891347E-1,2.804782464E0,-3.441789539E-1
1.974242892E1,-5.616426051E-2,2.556713170E0,-4.830851897E-1
1.975236792E1,-7.994962281E-1,2.493901210E0,-4.596589049E-1
1.976230692E1,-1.348455638E0,2.488529666E0,-7.527705431E-1
1.977224592E1,-1.826354420E0,2.220555281E0,-7.329998644E-1
1.978218492E1,-2.258142060E0,1.713084790E0,-5.851017074E-1
1.979212392E1,-2.185601503E0,1.145432124E0,-3.619917655E-1
1.980206292E1,-1.581716273E0,6.612163022E-1,-2.932835463E-1
1.981200192E1,-1.013998411E0,2.382591274E-1,-2.032234883E-1
1.982194092E1,-7.957598573E-1,-1.792276847E-1,9.983769894E-2
1.983187992E1,-8.041447645E-1,-6.544501966E-1,4.454432273E-1
1.984181892E1,-8.336784661E-1,-1.184884165E0,6.793387239E-1
1.985175792E1,-8.169016349E-1,-1.711373017E0,9.232003610E-1
1.986169692E1,-9.689181322E-1,-2.292683609E0,1.028637500E0
1.987163592E1,-7.492435026E-1,-2.482636257E0,7.672624286E-1
1.988157492E1,-2.583200473E-1,-2.373727480E0,3.635225666E-1
1.989151392E1,-2.889448392E-1,-2.437629069E0,1.390843566E-1
1.990145292E1,-6.627111429E-1,-2.609119718E0,2.276204109E-2
1.991139192E1,-9.143413907E-1,-2.734799479E0,-8.046718910E-2
1.992133192E1,-1.100407394E0,-2.857689825E0,-2.041833088E-2
1.993127092E1,-1.396143190E0,-2.834210623E0,-2.408000350E-2
1.994120992E1,-1.563864723E0,-2.580023096E0,9.552143052E-2
1.995114892E1,-1.466762937E0,-2.292170516E0,1.142195106E-1
1.996108792E1,-1.350274706E0,-2.042248240E0,1.183276181E-1
1.997102692E1,-1.161266384E0,-1.718934052E0,1.445548654E-2
1.998096600E1,-8.672180951E-1,-1.400715712E0,-3.554142326E-2
1.999090500E1,-3.716221297E-1,-1.143327711E0,-2.482610822E-1
2.000084400E1,2.767077863E-1,-9.153026730E-1,-4.608247666E-1
2.001078300E1,8.065772063E-1,-5.458492756E-1,-6.025428553E-1
2.002072200E1,1.337180452E0,2.307311296E-2,-8.046249671E-1
2.003066100E1,2.099542183E0,5.759899181E-1,-7.697135814E-1
2.004060000E1,2.848605006E0,1.025457199E0,-1.032122440E0
2.005053900E1,3.487643112E0,1.376531044E0,-9.169594815E-1
2.006047800E1,3.910114968E0,1.710152704E0,-1.067625564E0
2.007041700E1,4.194731113E0,1.943460116E0,-1.037487845E0
2.008035600E1,4.202245370E0,2.007658451E0,-8.781977043E-1
2.009029600E1,3.970785677E0,2.097730715E0,-8.290699831E-1
2.010023500E1,3.680914055E0,2.246015812E0,-8.713754654E-1
2.011017400E1,3.158603330E0,2.391311812E0,-8.444735956E-1
2.012011300E1,2.469544634E0,2.542412343E0,-8.968538305E-1
2.013005200E1,1.837644224E0,2.592382063E0,-7.682691729E-1
2.013999100E1,1.159639104E0,2.509286112E0,-5.747951858E-1
2.014993000E1,3.572064042E-1,2.366193928E0,-3.061121182E-1
2.015986900E1,-2.719306111E-1,2.173682538E0,-1.212816314E-1
2.016980800E1,-7.610683268E-1,1.855016302E0,1.356252900E-1
2.017974700E1,-1.456854245E0,1.554263303E0,2.996966994E-1
2.018968600E1,-2.264319643E0,1.335798755E0,3.672248773E-1
2.019962500E1,-2.825295081E0,1.054234563E0,6.852480662E-1
2.020956400E1,-3.127218400E0,6.106244382E-1,8.396765399E-1
2.021950300E1,-3.299682611E0,-2.526552647E-2,1.030627892E0
2.022944200E1,-3.482089427E0,-7.468955532E-1,1.135465253E0
2.023938100E1,-3.614197909E0,-1.456199065E0,1.191614749E0
2.024932000E1,-3.669060579E0,-2.073981079E0,1.293811069E0
2.025926000E1,-3.638691895E0,-2.529647286E0,1.363483128E0
2.026919900E1,-3.586026024E0,-2.862132832E0,1.623994127E0
2.027913800E1,-3.671315265E0,-3.045949119E0,1.647736162E0
2.028907700E1,-3.898643315E0,-3.111402267E0,1.666325776E0
2.029901600E1,-4.090754170E0,-3.032691727E0,1.424429388E0
2.030895500E1,-4.187309827E0,-2.864070892E0,1.294626463E0
2.031889400E1,-4.239824256E0,-2.568563430E0,1.108221613E0
2.032883300E1,-4.290178723E0,-2.229413812E0,1.066984856E0
2.033877200E1,-4.384421221E0,-1.878734363E0,1.147907543E0
2.034871100E1,-4.504981452E0,-1.593642254E0,1.223365130E0
2.035865000E1,-4.618121567E0,-1.374856986E0,1.241187443E0
2.036858900E1,-4.381509308E0,-1.144519374E0,9.669645774E-1
2.037852800E1,-3.726983097E0,-9.497152913E-1,5.299053803E-1
2.038846700E1,-2.990791749E0,-7.510321659E-1,-3.220772097E-1
2.039840600E1,-2.258553119E0,-2.762423480E-1,-1.604381250E0
2.040834500E1,-6.474639434E-1,3.872429663E-1,-2.929927497E0
2.041828400E1,2.180174702E0,7.738503402E-1,-4.147294699E0
2.042822400E1,4.941185494E0,7.609800339E-1,-4.733386559E0
2.043816300E1,7.313756980E0,1.013468653E-1,-4.520788815E0
2.044810200E1,9.366812629E0,-1.193026705E0,-3.944231132E0
2.045804100E1,1.057646589E1,-2.432143503E0,-3.260793949E0
2.046798000E1,1.124954005E1,-2.496187472E0,-2.764318270E0
2.047791900E1,1.173195523E1,-1.324446970E0,-2.853507897E0
2.048785800E1,1.152901825E1,-1.568030280E-1,-2.225128388E0
2.049779700E1,1.021422737E1,-2.399732387E-1,-1.687078129E0
2.050773600E1,7.502939549E0,-8.677168626E-1,-2.034372918E0
2.051767500E1,4.981376916E0,-1.062008729E0,-1.948825814E0
2.052761400E1,3.279511471E0,-9.384786969E-1,-1.915983173E0
2.053755300E1,1.826437451E0,-7.303616738E-1,-1.840124613E0
2.054749200E1,4.348474878E-1,-2.435856485E-1,-1.528033863E0
2.055743100E1,-4.947370094E-1,2.554864866E-1,-1.094920221E0
2.056737000E1,-1.250464489E0,5.425988084E-1,-7.501109371E-1
2.057730900E1,-2.243478413E0,5.876077509E-1,-3.832871787E-1
2.058724800E1,-3.418449501E0,4.995849359E-1,1.354203451E-1
2.059718800E1,-4.462206731E0,4.064235878E-1,7.112668602E-1
2.060712700E1,-5.229583034E0,2.971005356E-1,1.135222739E0
2.061706600E1,-5.841579521E0,2.102190971E-2,1.664359503E0
2.062700500E1,-6.479828838E0,-4.134706521E-1,2.502746294E0
2.063694400E1,-6.886619630E0,-7.261347216E-1,3.004994051E0
2.064688300E1,-6.987529709E0,-8.413675547E-1,2.978302681E0
2.065682200E1,-7.325880597E0,-7.948845291E-1,2.709768133E0
2.066676100E1,-7.922587200E0,-6.641577441E-1,2.714958122E0
2.067670000E1,-8.288606527E0,-3.611947900E-1,2.486545998E0
2.068663900E1,-8.080579551E0,-3.167787552E-2,2.122090216E0
2.069657800E1,-7.117714457E0,1.448326081E-1,1.492086497E0
2.070651700E1,-5.817490162E0,5.891069770E-2,7.371735339E-1
2.071645600E1,-4.465650156E0,-9.705208540E-2,-1.236919999E-2
2.072639500E1,-3.006453516E0,-3.499698901E-1,-4.215665607E-1
2.073633400E1,-1.332706162E0,-4.228501707E-1,-1.483691065E0
2.074627300E1,8.416464669E-1,-5.657461810E-1,-2.276548072E0
2.075621200E1,3.175939155E0,-9.189618605E-1,-2.987654718E0
2.076615100E1,5.402766452E0,-1.328016695E0,-3.488085161E0
2.077609100E1,7.295374503E0,-1.667801321E0,-3.250143538E0
2.078603000E1,8.764070529E0,-1.925631371E0,-2.832385122E0
2.079596900E1,9.606756046E0,-1.912941159E0,-2.527784071E0
2.080590800E1,9.984816545E0,-1.506370221E0,-2.328845130E0
2.081584700E1,1.009000912E1,-8.820951658E-1,-2.445739157E0
2.082578600E1,9.674708878E0,-5.487553418E-1,-2.640190652E0
2.083572500E1,8.136711068E0,-9.177052939E-1,-2.786954888E0
2.084566400E1,5.779183298E0,-1.378719072E0,-2.880798606E0
2.085560300E1,3.561379425E0,-1.476868095E0,-2.562674407E0
2.086554200E1,1.992572635E0,-1.183996266E0,-2.370482568E0
2.087548100E1,9.980969077E-1,-5.319913745E-1,-2.132982409E0
2.088542000E1,2.614898229E-1,1.972669297E-1,-1.486933930E0
2.089535900E1,-5.369018662E-1,6.432808453E-1,-6.108024859E-1
2.090529800E1,-1.580499467E0,6.222653675E-1,2.397593768E-1
2.091523700E1,-2.860515785E0,3.395308560E-1,9.172996433E-1
2.092517600E1,-4.255335749E0,-1.133190393E-3,1.549886370E0
2.093511500E1,-5.687498957E0,-2.154470927E-1,1.899149916E0
2.094505500E1,-6.993252379E0,-1.838066393E-1,2.002207092E0
2.095499400E1,-7.965724449E0,9.789233029E-2,2.233048149E0
2.096493300E1,-8.569003907E0,4.747243291E-1,2.237936422E0
2.097487200E1,-9.016698312E0,6.030648655E-1,2.225980035E0
2.098481062E1,-9.409158164E0,4.400556028E-1,2.052385558E0
2.099474963E1,-9.628550373E0,3.133347452E-1,1.596335481E0
2.100468862E1,-9.246034881E0,3.615508854E-1,9.953726900E-1
2.101462763E1,-8.010840980E0,3.868342459E-1,7.427028072E-1
2.102456663E1,-6.285358631E0,2.236092210E-1,2.479980306E-1
2.103450562E1,-4.338995372E0,-1.351086885E-1,-5.305506206E-1
2.104444463E1,-2.512174929E0,-7.146186304E-1,-9.308241069E-1
2.105438363E1,-8.090119869E-1,-1.110496765E0,-1.404455591E0
2.106432262E1,1.130568502E0,-1.070680735E0,-1.854090103E0
2.107426163E1,3.713188931E0,-1.076539645E0,-2.384357572E0
2.108420063E1,6.058394862E0,-1.481990840E0,-2.301107401E0
2.109413962E1,7.389544496E0,-2.437078553E0,-1.169859452E0
2.110407863E1,8.180870410E0,-3.250792871E0,-9.254025686E-1
2.111401763E1,9.870792332E0,-2.873797150E0,-1.340508102E0
2.112395763E1,1.170834651E1,-1.680386868E0,-1.874173827E0
2.113389663E1,1.201797412E1,-7.234947038E-1,-2.332499786E0
2.114383563E1,1.012219454E1,-3.861097759E-1,-2.027709431E0
2.115377463E1,7.260431542E0,-6.790161037E-1,-1.683823861E0
2.116371362E1,4.648909496E0,-1.136197032E0,-1.737291970E0
2.117365263E1,2.463500367E0,-1.216898548E0,-1.569766757E0
2.118359163E1,8.324727702E-1,-7.948126084E-1,-1.164328936E0
2.119353062E1,-2.576137036E-1,-1.767256612E-1,-9.428846470E-1
2.120346963E1,-1.198747621E0,3.649463636E-1,-7.853115407E-1
2.121340863E1,-2.313580096E0,7.197717816E-1,-6.433293772E-1
2.122334762E1,-3.444928617E0,9.149769831E-1,-5.100526214E-1
2.123328663E1,-4.400810382E0,9.741221541E-1,-3.784107471E-1
2.124322563E1,-5.114705127E0,9.985921669E-1,-5.999746120E-1
2.125316462E1,-5.651998757E0,9.335670358E-1,-3.344893867E-1
2.126310363E1,-5.939572424E0,9.868813634E-1,5.309447686E-2
2.127304263E1,-5.767369584E0,1.179292181E0,2.850307131E-1
2.128298263E1,-5.452178932E0,1.415574657E0,5.356692731E-1
2.129292163E1,-5.365426717E0,1.371556233E0,1.399940372E0
2.130286063E1,-5.742474478E0,1.143876180E0,1.421860414E0
2.131279963E1,-5.983013728E0,6.057844055E-1,1.472014321E0
2.132273862E1,-6.037138479E0,-7.292998195E-2,1.533342258E0
2.133267763E1,-5.548277922E0,-5.446617061E-1,9.715195584E-1
2.134261663E1,-4.420996140E0,-7.565191931E-1,2.907808284E-1
2.135255562E1,-2.792437822E0,-8.483619940E-1,-4.705932347E-1
2.136249463E1,-1.021662356E0,-9.182461613E-1,-9.010033071E-1
2.137243363E1,6.778221023E-1,-9.519781637E-1,-1.289072485E0
2.138237262E1,2.506671529E0,-1.005733956E0,-1.689615967E0
2.139231163E1,4.279825643E0,-1.313464145E0,-2.034103653E0
2.140225063E1,5.519404956E0,-1.765904151E0,-2.003106394E0
2.141218962E1,6.236276518E0,-2.067638605E0,-1.613404235E0
2.142212863E1,6.804310130E0,-1.964722347E0,-1.256992321E0
2.143206762E1,7.429374560E0,-1.642395169E0,-1.130484302E0
2.144200663E1,7.745759797E0,-1.503802709E0,-1.012151860E0
2.145194662E1,7.390833222E0,-1.591766467E0,-8.794248886E-1
2.146188563E1,6.350243429E0,-1.562984133E0,-1.043387686E0
2.147182463E1,4.894969102E0,-1.360280462E0,-1.382258391E0
2.148176362E1,3.391097395E0,-1.067996863E0,-1.591284657E0
2.149170263E1,1.973011944E0,-6.955999768E-1,-1.614357769E0
2.150164163E1,7.682931465E-1,-3.131441259E-1,-1.464708664E0
2.151158062E1,-2.595292515E-1,2.940038502E-2,-1.154554950E0
2.152151963E1,-1.236608927E0,2.808142859E-1,-7.330467153E-1
2.153145863E1,-2.169605275E0,3.935649759E-1,-2.562507359E-1
2.154139762E1,-3.030914174E0,3.862267202E-1,2.082053161E-1
2.155133663E1,-3.924867493E0,3.868535417E-1,4.832793903E-1
2.156127563E1,-4.884523051E0,5.902290577E-1,6.592642093E-1
2.157121463E1,-5.771817561E0,9.469343555E-1,8.064462286E-1
2.158115363E1,-6.401942756E0,1.187820929E0,9.015435898E-1
2.159109262E1,-6.913020979E0,1.179662894E0,8.702528000E-1
2.160103163E1,-7.550675633E0,9.889951319E-1,7.332905442E-1
2.161097063E1,-8.035036758E0,7.632446605E-1,5.597849447E-1
2.162091063E1,-8.006250916E0,5.527829039E-1,3.749755079E-1
2.163084963E1,-7.428208040E0,2.918766332E-1,-4.821904561E-2
2.164078862E1,-6.458321024E0,-5.395810604E-3,-4.773000276E-1
2.165072763E1,-5.330804769E0,-1.856157678E-1,-8.717099261E-1
2.166066663E1,-3.772218327E0,-2.367935228E-1,-1.312487075E0
2.167060562E1,-1.530313985E0,-5.040761822E-1,-1.799362503E0
2.168054463E1,1.213765610E0,-1.033870758E0,-2.489897622E0
2.169048363E1,4.124028336E0,-1.731326056E0,-3.167477649E0
2.170042262E1,6.761533070E0,-2.481398694E0,-3.266248816E0
2.171036163E1,8.683669560E0,-3.102233832E0,-2.885737165E0
2.172030062E1,9.914069914E0,-3.262677922E0,-2.214552237E0
2.173023963E1,1.055680638E1,-2.696358714E0,-1.586316862E0
2.174017863E1,1.056057667E1,-1.630216003E0,-1.370736453E0
2.175011762E1,9.918244826E0,-7.208476692E-1,-1.543722527E0
2.176005663E1,8.338080404E0,-5.577770108E-1,-1.884143330E0
2.176999563E1,6.105494184E0,-8.327084130E-1,-2.268213158E0
2.177993462E1,3.975011460E0,-9.352598047E-1,-2.311600522E0
2.178987363E1,2.253306413E0,-1.020899295E0,-1.888548768E0
2.179981362E1,7.755132884E-1,-1.092497281E0,-1.747281353E0
2.180975263E1,-6.296053773E-1,-9.336728704E-1,-1.438302784E0
2.181969163E1,-1.977451150E0,-4.827800381E-1,-1.188353026E0
2.182963062E1,-3.006566952E0,7.583897173E-2,-1.017050657E0
2.183956963E1,-3.810664939E0,5.113536268E-1,-8.466464210E-1
2.184950863E1,-4.659108210E0,6.962373233E-1,-6.065784574E-1
2.185944763E1,-5.526222809E0,6.311595672E-1,-3.126387438E-2
2.186938663E1,-6.292509191E0,5.260950422E-1,2.548521002E-1
2.187932562E1,-6.888021208E0,3.970680428E-1,7.504901290E-1
2.188926463E1,-7.406062295E0,2.886817145E-1,9.030708826E-1
2.189920363E1,-7.660021489E0,2.668990821E-1,6.825302804E-1
2.190914262E1,-7.498649447E0,3.266757524E-1,5.151783272E-1
2.191908163E1,-6.950609220E0,3.492781645E-1,2.721388086E-1
2.192902063E1,-6.151696544E0,1.934381729E-1,2.735620574E-1
2.193895962E1,-5.183792903E0,-1.370254058E-1,4.393176842E-1
2.194889863E1,-4.059738784E0,-4.500192583E-1,8.299456767E-1
2.195883763E1,-2.983249426E0,-4.883506805E-1,9.619616997E-1
2.196877763E1,-1.742190768E0,-4.541070467E-1,1.140232926E0
2.197871663E1,-4.457841200E-1,-6.517365038E-1,9.376536548E-1
2.198865537E1,8.782067674E-1,-1.025817972E0,2.433551221E-1
2.199859438E1,2.359253283E0,-1.320786029E0,-5.867204359E-1
2.200853338E1,4.070801716E0,-1.221726594E0,-1.456789341E0
2.201847237E1,5.989607048E0,-8.755889690E-1,-1.994736982E0
2.202841138E1,7.368814947E0,-7.065424562E-1,-2.167594710E0
2.203835038E1,7.741962031E0,-5.827165550E-1,-2.111791807E0
2.204828938E1,7.835648459E0,-5.223528242E-1,-1.503799785E0
2.205822838E1,7.857058623E0,-6.150054646E-1,-1.091472264E0
2.206816737E1,7.504822937E0,-6.541712844E-1,-9.700364122E-1
2.207810638E1,6.751455978E0,-5.046942329E-1,-9.898081872E-1
2.208804538E1,5.516840951E0,-3.073425186E-1,-1.116403037E0
2.209798437E1,3.991228713E0,-1.943485844E-1,-1.043202475E0
2.210792338E1,2.485382402E0,-1.470522112E-1,-8.088709228E-1
2.211786238E1,1.026115011E0,-8.040506244E-2,-5.949448371E-1
2.212780137E1,-3.292631453E-1,8.856952965E-2,-4.534373944E-1
2.213774138E1,-1.453686808E0,3.372668141E-1,-3.586740553E-1
2.214768037E1,-2.372435830E0,5.444968146E-1,-3.713334234E-1
2.215761938E1,-3.153859484E0,6.156492430E-1,-4.616085859E-1
2.216755838E1,-3.741850228E0,6.401531696E-1,-6.229904222E-1
2.217749737E1,-4.194260412E0,6.387434059E-1,-5.985724497E-1
2.218743638E1,-4.653320636E0,4.763282204E-1,-2.864002772E-1
2.219737537E1,-5.219659140E0,1.052794102E-1,3.341786072E-2
2.220731438E1,-5.959324903E0,-3.287360188E-1,2.387757289E-1
2.221725338E1,-6.700326170E0,-5.216783479E-1,2.535070579E-1
2.222719237E1,-7.047749598E0,-3.441182891E-1,-6.150803089E-2
2.223713138E1,-6.746797501E0,9.900797904E-2,-5.349266768E-1
2.224707038E1,-5.946694917E0,4.451847804E-1,-8.915660472E-1
2.225700937E1,-4.868009929E0,4.112644976E-1,-9.272327471E-1
2.226694838E1,-3.701589809E0,-5.151864767E-2,-5.619057298E-1
2.227688738E1,-2.544783681E0,-6.182828289E-1,-2.433235471E-1
2.228682637E1,-1.417935762E0,-9.748325908E-1,7.202965692E-2
2.229676538E1,-3.227008152E-1,-1.111391973E0,3.677078573E-1
2.230670537E1,8.971716267E-1,-1.330298279E0,6.889717193E-1
2.231664438E1,2.804726915E0,-1.938383564E0,7.297759290E-1
2.232658338E1,5.321514713E0,-2.727010987E0,3.362812659E-1
2.233652238E1,7.474788714E0,-2.948359090E0,-3.657374918E-2
2.234646138E1,8.461505186E0,-2.254223256E0,-7.608426243E-2
2.235640037E1,8.847958778E0,-1.267816102E0,9.965526581E-2
2.236633938E1,8.420030885E0,-5.094439262E-1,3.304194322E-1
2.237627838E1,6.631653546E0,2.822743356E-2,8.413351026E-1
2.238621737E1,4.419047847E0,2.968391651E-1,1.367681283E0
2.239615638E1,2.579714947E0,3.183282673E-1,1.310291884E0
2.240609538E1,9.088800913E-1,2.867334223E-1,9.644058359E-1
2.241603437E1,-8.658597869E-1,4.169912606E-1,3.798314743E-1
2.242597338E1,-2.396537468E0,6.338609809E-1,-4.558278823E-1
2.243591238E1,-3.566270036E0,9.819685328E-1,-1.458880305E0
2.244585137E1,-4.488945463E0,1.330335116E0,-1.931659266E0
2.245579038E1,-5.158270392E0,1.501136963E0,-1.708845266E0
2.246572937E1,-5.528531290E0,1.606573956E0,-1.572220395E0
2.247566838E1,-5.223921760E0,1.696641542E0,-1.461070672E0
2.248560837E1,-4.258058213E0,1.789549706E0,-1.451509305E0
2.249554738E1,-3.099308470E0,1.854305280E0,-1.480019159E0
2.250548638E1,-2.098041787E0,1.739129165E0,-1.278953294E0
2.251542537E1,-1.201920905E0,1.451774184E0,-9.889851916E-1
2.252536438E1,-3.971218371E-1,1.022803733E0,-5.727676637E-1
2.253530338E1,2.808902997E-1,4.606500810E-1,-5.952260882E-2
2.254524237E1,8.012533164E-1,-2.467811519E-1,4.680954869E-1
2.255518138E1,9.172199750E-1,-1.501368513E0,1.197714418E0
2.256512038E1,8.305268168E-2,-2.642242733E0,8.560638003E-1
2.257505937E1,8.053779423E-1,-2.868252820E0,2.926005916E-1
2.258499838E1,2.922919609E0,-2.528726057E0,-2.407089646E-1
2.259493738E1,4.257556522E0,-1.867412984E0,-1.400842158E0
2.260487638E1,4.169930148E0,-1.191927429E0,-1.904360955E0
2.261481538E1,3.358175817E0,-8.381843305E-1,-1.577803316E0
2.262475437E1,2.720314756E0,-7.348114049E-1,-1.288235310E0
2.263469338E1,2.224200143E0,-5.162179255E-1,-1.057814083E0
2.264463337E1,1.605520288E0,-1.303654271E-1,-5.888789356E-1
2.265457238E1,7.960878861E-1,2.475594163E-1,-2.770831776E-1
2.266451138E1,-8.562077880E-2,6.037899202E-1,-3.652825785E-1
2.267445037E1,-7.737129307E-1,8.835920531E-1,-5.448131490E-1
2.268438938E1,-1.227798927E0,1.143199657E0,-8.784903574E-1
2.269432838E1,-1.554273536E0,1.313221486E0,-1.150121591E0
2.270426737E1,-1.852794945E0,1.367983584E0,-1.186066765E0
2.271420638E1,-2.027931333E0,1.418547966E0,-1.182087150E0
2.272414538E1,-1.968124841E0,1.490163494E0,-1.179666402E0
2.273408437E1,-1.738919250E0,1.605816742E0,-1.154604067E0
2.274402338E1,-1.481031312E0,1.664425138E0,-1.087723687E0
2.275396238E1,-1.280694594E0,1.637704532E0,-1.019092505E0
2.276390138E1,-9.394265306E-1,1.374417860E0,-7.442558277E-1
2.277384038E1,-7.573261088E-1,1.095778738E0,-5.875983953E-2
2.278377937E1,-9.690941334E-1,1.073418401E0,1.781307471E-1
2.279371838E1,-9.724328935E-1,9.554905862E-1,2.160990572E-1
2.280365738E1,-6.649436098E-1,6.192867959E-1,2.825947630E-1
2.281359637E1,-3.135113311E-1,2.409087932E-1,4.731018730E-1
2.282353638E1,-1.483614028E-1,-7.318082750E-2,6.006341779E-1
2.283347537E1,-2.608016056E-1,-2.735233927E-1,7.251085353E-1
2.284341438E1,-5.676447719E-1,-3.916114211E-1,7.154958589E-1
2.285335338E1,-9.267024046E-1,-3.444606435E-1,5.908895007E-1
2.286329237E1,-1.157421255E0,-2.466320479E-1,3.652686913E-1
2.287323138E1,-1.240363424E0,-1.957168329E-1,1.025098765E-1
2.288317038E1,-1.020278320E0,-3.195111591E-1,-8.339401290E-2
2.289310937E1,-5.273001534E-1,-6.289411336E-1,-7.567948893E-2
2.290304838E1,-4.369098008E-2,-9.289430577E-1,-7.778112441E-3
2.291298737E1,2.277718538E-1,-1.097234110E0,1.338686402E-1
2.292292638E1,1.771606940E-1,-1.100481654E0,2.419672854E-1
2.293286538E1,-5.832597613E-3,-1.023848630E0,3.949281080E-1
2.294280437E1,-1.739371240E-1,-1.041693163E0,5.856397243E-1
2.295274338E1,1.496460360E-1,-1.140390655E0,4.778227687E-1
2.296268238E1,6.832389629E-1,-1.203883231E0,5.222510827E-1
2.297262137E1,1.062481769E0,-1.217787325E0,3.397970505E-1
2.298256038E1,1.225402154E0,-1.169587557E0,1.953905582E-1
2.299250037E1,1.188178194E0,-1.092636445E0,1.335116677E-1
2.300243938E1,1.116287262E0,-1.020001747E0,5.599980757E-2
2.301237838E1,1.077887428E0,-9.126831204E-1,1.420274064E-2
2.302231737E1,1.067203395E0,-7.925514901E-1,-1.655785292E-3
2.303225638E1,1.119515510E0,-6.973137957E-1,-3.574388310E-2
2.304219538E1,1.165415568E0,-6.104118919E-1,-1.487132590E-1
2.305213438E1,1.078757493E0,-5.005707765E-1,-2.810499287E-1
2.306207338E1,9.114698231E-1,-3.834118706E-1,-4.580732131E-1
2.307201237E1,7.681469661E-1,-3.317955744E-1,-6.131014650E-1
2.308195138E1,6.771373934E-1,-3.779663587E-1,-6.365606403E-1
2.309189038E1,5.604351550E-1,-4.860538942E-1,-6.986101234E-1
2.310182937E1,4.505168563E-1,-6.058481401E-1,-8.772213654E-1
2.311176838E1,3.292923814E-1,-6.288744754E-1,-1.015860310E0
2.312170738E1,1.616386753E-1,-5.439489305E-1,-1.109702274E0
2.313164637E1,5.303015292E-2,-4.105353498E-1,-1.215933173E0
2.314158538E1,-4.076094031E-2,-2.668084502E-1,-1.129201423E0
2.315152438E1,-9.520085692E-2,-1.216220856E-1,-1.001604799E0
2.316146438E1,-1.650113493E-1,5.673670292E-2,-9.628726228E-1
2.317140338E1,-1.965874833E-1,2.364678329E-1,-9.061184514E-1
2.318134237E1,-1.434994429E-1,3.793948334E-1,-8.965382271E-1
2.319128138E1,-1.601078743E-1,5.078324336E-1,-9.229771435E-1
2.320122038E1,-2.468577504E-1,6.447017187E-1,-8.420352336E-1
2.321115938E1,-2.723159426E-1,8.102200216E-1,-8.331579177E-1
2.322109838E1,-1.645137513E-1,9.903686428E-1,-9.333699846E-1
2.323103737E1,3.638956189E-2,1.129009634E0,-9.611721794E-1
2.324097638E1,1.513920146E-1,1.218180842E0,-9.384841056E-1
2.325091538E1,1.008925366E-1,1.250271531E0,-8.171157892E-1
2.326085437E1,-4.629766881E-2,1.217580626E0,-5.852372897E-1
2.327079338E1,-2.210417086E-1,1.150522125E0,-4.035350633E-1
2.328073238E1,-3.992876458E-1,1.133048014E0,-2.475326653E-1
2.329067137E1,-5.608608323E-1,1.153742479E0,-4.303901553E-2
2.330061038E1,-6.694623381E-1,1.169189361E0,1.402046831E-1
2.331054938E1,-6.914010912E-1,1.197081457E0,2.636123621E-1
2.332048838E1,-7.040766853E-1,1.186676629E0,3.596379688E-1
2.333042838E1,-7.054461032E-1,1.108528592E0,3.723635566E-1
2.334036737E1,-6.471364993E-1,9.334486297E-1,3.384461975E-1
2.335030638E1,-5.656368381E-1,6.677765858E-1,3.063658874E-1
2.336024537E1,-4.894248140E-1,3.829645586E-1,2.722102542E-1
2.337018438E1,-4.147973853E-1,1.409798777E-1,3.497079349E-1
2.338012338E1,-4.996796608E-1,1.009580255E-2,5.045621590E-1
2.339006237E1,-7.572565269E-1,2.548801303E-2,6.413155961E-1
2.340000138E1,-9.296400458E-1,7.533581883E-2,6.659018223E-1
2.340994038E1,-9.248312956E-1,1.098870161E-1,5.346940307E-1
2.341987937E1,-7.907604879E-1,8.530210555E-2,3.891636305E-1
2.342981838E1,-5.892712837E-1,-1.282528281E-2,3.832838166E-1
2.343975738E1,-5.098070383E-1,-1.381790614E-1,4.526973561E-1
2.344969637E1,-5.314616168E-1,-2.195018443E-1,6.007476139E-1
2.345963538E1,-5.510778558E-1,-3.019896850E-1,8.314296269E-1
2.346957438E1,-6.236078882E-1,-3.487630248E-1,9.796624640E-1
2.347951338E1,-6.759433919E-1,-3.460317904E-1,9.984121457E-1
2.348945238E1,-5.716887063E-1,-3.809045845E-1,8.912537328E-1
2.349939238E1,-3.498003209E-1,-4.803557825E-1,5.921931374E-1
2.350933138E1,-1.507681167E-1,-5.278492069E-1,2.334126627E-1
2.351927037E1,-4.027562141E-2,-5.250326031E-1,-6.104719721E-2
2.352920938E1,-2.433961987E-2,-4.765375507E-1,-2.401450738E-1
2.353914838E1,1.710485995E-2,-5.120541233E-1,-1.786862326E-1
2.354908737E1,1.827687585E-1,-7.017196727E-1,-2.145717645E-1
2.355902638E1,5.372269714E-1,-9.827082056E-1,-2.815739123E-1
2.356896538E1,9.260293901E-1,-1.474243280E0,-4.495584977E-1
2.357890437E1,1.974321721E0,-2.753356787E0,-1.075877228E0
2.358884338E1,3.335090425E0,-4.328874426E0,-3.620291877E-1
2.359878238E1,2.747303749E0,-4.509549297E0,-1.246626377E-2
2.360872137E1,1.234585791E0,-3.954543867E0,-1.880978743E-1
2.361866038E1,-8.008931279E-3,-3.889684796E0,2.707190863E-1
2.362859937E1,-5.424362558E-1,-4.430080374E0,5.224697685E-1
2.363853838E1,8.280066669E-2,-5.218607810E0,-1.398162818E-1
2.364847738E1,1.198648219E0,-5.526199420E0,-1.013091508E0
2.365841637E1,1.915552526E0,-4.819190941E0,-1.603605909E0
2.366835538E1,2.001383219E0,-3.538678780E0,-1.699291500E0
2.367829537E1,1.958116162E0,-2.596139484E0,-1.745409075E0
2.368823438E1,2.161944838E0,-2.167702298E0,-1.696967232E0
2.369817338E1,2.491730724E0,-1.938809241E0,-1.627944360E0
2.370811237E1,2.743120651E0,-1.508923116E0,-1.623313365E0
2.371805138E1,2.966601818E0,-9.028112662E-1,-1.722759300E0
2.372799038E1,3.232236732E0,-1.963965717E-1,-1.905358490E0
2.373792937E1,3.340542954E0,5.804969519E-1,-2.170613919E0
2.374786838E1,3.169762741E0,1.333761292E0,-2.429879462E0
2.375780738E1,2.826170994E0,1.921044815E0,-2.700282780E0
2.376774638E1,2.336898208E0,2.347561190E0,-3.041525116E0
2.377768538E1,1.778430641E0,2.693963694E0,-3.303389161E0
2.378762437E1,1.298125144E0,2.922557666E0,-3.412992879E0
2.379756338E1,8.219097751E-1,3.130036758E0,-3.483806169E0
2.380750238E1,3.087873656E-1,3.371309833E0,-3.511764046E0
2.381744137E1,-2.175883430E-1,3.659260061E0,-3.455414429E0
2.382738038E1,-6.351450294E-1,3.951209199E0,-3.316840096E0
2.383731938E1,-9.205733532E-1,4.192785745E0,-3.093156030E0
2.384725938E1,-1.008768076E0,4.295273402E0,-2.807001482E0
2.385719838E1,-9.115160161E-1,4.276535122E0,-2.519389808E0
2.386713737E1,-7.152875519E-1,4.187325615E0,-2.245140191E0
2.387707638E1,-6.072029400E-1,4.082706355E0,-1.764302452E0
2.388701538E1,-7.836339015E-1,3.945601720E0,-1.142813741E0
2.389695437E1,-1.225523776E0,3.768870504E0,-5.638785803E-1
2.390689338E1,-1.908679708E0,3.578271154E0,1.140829781E-1
2.391683238E1,-2.861195816E0,3.338820364E0,8.946883142E-1
2.392677138E1,-3.642837571E0,2.947180291E0,1.583948447E0
2.393671038E1,-3.733861762E0,2.287434564E0,2.145697472E0
2.394664937E1,-3.134531513E0,1.585393148E0,2.240827285E0
2.395658838E1,-2.414426440E0,1.082331750E0,1.958902905E0
2.396652738E1,-1.865910249E0,7.239183345E-1,1.937091621E0
2.397646637E1,-1.461120374E0,3.871833247E-1,2.151696130E0
2.398640575E1,-1.299072393E0,1.151005398E-1,2.341311101E0
2.399634475E1,-1.551858636E0,-1.087991416E-1,2.614387182E0
2.400628375E1,-2.121589109E0,-3.582847770E-1,3.038938600E0
2.401622375E1,-2.569623238E0,-7.154575597E-1,3.531789590E0
2.402616275E1,-2.483650457E0,-1.172242485E0,3.896756419E0
2.403610175E1,-1.979177248E0,-1.768364951E0,4.133852243E0
2.404604075E1,-1.214694148E0,-2.557433547E0,4.305390254E0
2.405597975E1,-3.386871028E-1,-3.515708578E0,4.458016616E0
2.406591875E1,1.142943549E-1,-4.424795660E0,4.449185566E0
2.407585775E1,-2.890676308E-1,-4.872605256E0,4.212342342E0
2.408579675E1,-1.457330208E0,-4.605453866E0,3.912067938E0
2.409573575E1,-2.444560651E0,-3.861755571E0,3.351726338E0
2.410567475E1,-2.403660547E0,-3.175782450E0,2.398318823E0
2.411561375E1,-1.541306165E0,-2.942748102E0,1.635035278E0
2.412555275E1,-8.203912532E-1,-2.978826300E0,1.121711724E0
2.413549175E1,-9.678521848E-1,-3.137140833E0,1.032457486E0
2.414543075E1,-1.789402941E0,-3.409899994E0,1.254189166E0
2.415536975E1,-2.428267384E0,-3.633800699E0,9.400428271E-1
2.416530875E1,-2.227375181E0,-3.574575714E0,4.257767022E-2
2.417524875E1,-1.190028838E0,-3.165834582E0,-9.396352762E-1
2.418518775E1,4.504133606E-1,-2.538295611E0,-1.329283202E0
2.419512675E1,2.243484845E0,-1.957996879E0,-1.094004693E0
2.420506575E1,3.467793569E0,-1.539645264E0,-6.561739558E-1
2.421500475E1,3.763267994E0,-1.256812519E0,-4.864842492E-1
2.422494375E1,3.663658921E0,-1.088997138E0,-2.416011035E-1
2.423488275E1,3.500482428E0,-8.388284013E-1,-8.750416696E-1
2.424482175E1,2.730521656E0,-2.819904533E-1,-1.546792023E0
2.425476075E1,3.094921889E0,-1.773627153E-1,-1.068448268E0
2.426469975E1,2.853264068E0,5.660338640E-2,-1.940574515E0
2.427463875E1,1.611803121E0,1.506669599E-1,-2.059573540E0
2.428457775E1,2.857966983E-1,-1.679700404E-2,-1.914757889E0
2.429451675E1,-4.420331311E-1,-3.075908791E-1,-1.881216506E0
2.430445575E1,-1.021977521E0,-5.752451290E-1,-1.448276964E0
2.431439475E1,-1.716323855E0,-8.015540095E-1,-6.192739320E-1
2.432433375E1,-1.981803233E0,-1.124763679E0,2.946780342E-1
2.433427275E1,-1.665341397E0,-1.657815007E0,1.224018703E0
2.434421275E1,-1.437990543E0,-2.233647197E0,2.156969442E0
2.435415175E1,-1.787762212E0,-2.611904454E0,2.888258484E0
2.436409075E1,-2.378768365E0,-2.738560992E0,2.602843024E0
2.437402975E1,-3.001057121E0,-2.713833117E0,1.581366609E0
2.438396875E1,-3.659167090E0,-2.837281581E0,1.010265548E0
2.439390775E1,-4.202994398E0,-3.338630329E0,6.751686358E-1
2.440384675E1,-4.675770435E0,-3.987106426E0,4.397334212E-1
2.441378575E1,-5.018124327E0,-4.417217084E0,3.280241203E-1
2.442372475E1,-4.789406394E0,-4.266158361E0,-1.488549078E-1
2.443366375E1,-3.642836401E0,-3.150887637E0,-9.167972213E-1
2.444360275E1,-1.492792402E0,-1.392791858E0,-1.640742161E0
2.445354175E1,1.067907400E0,2.085511789E-1,-1.794149126E0
2.446348075E1,3.128510050E0,1.424444298E0,-1.190100174E0
2.447341975E1,4.340554532E0,2.345571967E0,-1.836125118E-1
2.448335875E1,4.985200410E0,2.986365992E0,5.923422414E-1
2.449329775E1,5.374491656E0,3.404001031E0,7.911206764E-1
2.450323675E1,5.496842889E0,3.687037551E0,5.585611224E-1
2.451317575E1,5.156575284E0,3.731616723E0,1.065520567E-1
2.452311575E1,4.350856741E0,3.376139048E0,-3.636658233E-1
2.453305475E1,3.287660735E0,2.624847851E0,-1.050383295E0
2.454299375E1,2.208438388E0,1.740144534E0,-1.956860765E0
2.455293275E1,1.136744331E0,8.995523205E-1,-2.691439451E0
2.456287175E1,1.521620929E-2,1.207841796E-1,-2.681454746E0
2.457281075E1,-1.074494289E0,-5.509521407E-1,-1.940182167E0
2.458274975E1,-1.980875865E0,-1.097414935E0,-1.103930926E0
2.459268875E1,-2.555774692E0,-1.622579247E0,-6.156112361E-1
2.460262775E1,-2.884096436E0,-2.206084884E0,-4.933985817E-1
2.461256675E1,-3.309335194E0,-2.788883885E0,-8.953718537E-1
2.462250575E1,-4.003577448E0,-3.316866993E0,-1.312104667E0
2.463244475E1,-4.593980168E0,-3.865256884E0,-1.439022576E0
2.464238375E1,-4.718970834E0,-4.449689304E0,-1.247884113E0
2.465232275E1,-4.367045050E0,-4.754672179E0,-1.099901025E0
2.466226175E1,-3.315190011E0,-4.353768070E0,-1.305693195E0
2.467220075E1,-1.818581716E0,-3.091724924E0,-1.401224420E0
2.468213975E1,-3.916763252E-1,-1.406996207E0,-1.115552852E0
2.469207975E1,9.308673763E-1,7.958469808E-2,-2.861469465E-1
2.470201875E1,2.228503693E0,1.162485529E0,8.132085335E-1
2.471195775E1,3.410733515E0,1.818999208E0,1.867302471E0
2.472189675E1,4.290018509E0,2.069351254E0,2.479799480E0
2.473183575E1,4.681113036E0,1.917500818E0,2.416716210E0
2.474177475E1,4.679683392E0,1.376198045E0,1.848914148E0
2.475171375E1,4.531766962E0,5.712492880E-1,9.805295330E-1
2.476165275E1,4.225826606E0,-2.631761599E-1,-1.377744341E-1
2.477159175E1,3.461761581E0,-8.833508554E-1,-1.707482280E0
2.478153075E1,2.301307375E0,-1.264942049E0,-3.239065695E0
2.479146975E1,1.059630666E0,-1.518375725E0,-4.071004615E0
2.480140875E1,-3.564930439E-2,-1.724044372E0,-4.311004751E0
2.481134775E1,-8.394981998E-1,-1.859983219E0,-4.228415169E0
2.482128675E1,-1.276220890E0,-1.949211438E0,-3.809342884E0
2.483122575E1,-1.421931165E0,-1.945815082E0,-3.114688402E0
2.484116475E1,-1.367475461E0,-1.878021149E0,-2.302476819E0
2.485110375E1,-1.104668260E0,-1.898243598E0,-1.483135141E0
2.486104375E1,-5.958219194E-1,-2.067345074E0,-8.135061568E-1
2.487098275E1,1.198690903E-1,-2.249482626E0,-3.913102895E-1
2.488092175E1,8.676607293E-1,-2.335076800E0,-1.045692658E-1
2.489086075E1,1.470869436E0,-2.283545581E0,1.508660576E-1
2.490079975E1,1.775078432E0,-2.114619959E0,4.410560614E-1
2.491073875E1,1.828889773E0,-1.929670335E0,8.477892593E-1
2.492067775E1,1.736537095E0,-1.835708211E0,1.263628034E0
2.493061675E1,1.656940117E0,-1.841649859E0,1.699308457E0
2.494055575E1,1.567479472E0,-1.975192663E0,2.002780412E0
2.495049475E1,1.364110388E0,-2.212538017E0,2.154849534E0
2.496043375E1,9.951557583E-1,-2.479312700E0,2.215460017E0
2.497037275E1,4.072094536E-1,-2.640447637E0,2.176664911E0
2.498031175E1,-3.205396843E-1,-2.554102973E0,1.904874048E0
2.499025029E1,-9.970444089E-1,-2.174849496E0,1.583038913E0
2.500018929E1,-1.585697642E0,-1.613173270E0,1.265039552E0
2.501012829E1,-2.192542148E0,-1.058549370E0,9.440904160E-1
2.502006729E1,-2.707925091E0,-6.163259120E-1,7.339590271E-1
2.503000729E1,-2.976174295E0,-2.688178459E-1,7.051721612E-1
2.503994629E1,-3.111233867E0,6.149224341E-3,7.288694644E-1
2.504988529E1,-3.307078754E0,2.075501356E-1,7.765992625E-1
2.505982429E1,-3.570544351E0,3.302934247E-1,8.465997894E-1
2.506976329E1,-3.833253903E0,3.893514723E-1,9.607842167E-1
2.507970229E1,-4.030502121E0,3.794974521E-1,9.389586072E-1
2.508964129E1,-4.113570591E0,3.570543766E-1,7.358276510E-1
2.509958029E1,-4.053672883E0,3.515559474E-1,4.712892361E-1
2.510951929E1,-3.889662577E0,3.353851801E-1,3.226927753E-1
2.511945829E1,-3.648566673E0,3.715999103E-1,2.396680140E-1
2.512939729E1,-3.345842285E0,4.467325383E-1,2.572818741E-1
2.513933629E1,-3.046180669E0,4.878136137E-1,4.743180938E-1
2.514927529E1,-2.797345390E0,4.898537073E-1,6.000612970E-1
2.515921429E1,-2.548655707E0,5.444076446E-1,4.297621644E-1
2.516915329E1,-2.377080274E0,7.523078822E-1,3.996338010E-2
2.517909229E1,-2.366352387E0,1.087586935E0,-3.710913487E-1
2.518903129E1,-2.518412738E0,1.514659380E0,-6.740015316E-1
2.519897129E1,-2.792802104E0,1.830553890E0,-8.870110662E-1
2.520891029E1,-3.058122438E0,1.886545950E0,-8.437321687E-1
2.521884929E1,-3.182693274E0,1.514649440E0,-5.723149431E-1
2.522878829E1,-2.848005667E0,9.127578916E-1,-4.344435914E-1
2.523872729E1,-1.849859642E0,3.605722808E-1,-4.023480054E-1
2.524866629E1,-6.265958154E-1,4.135465197E-2,-4.545776014E-1
2.525860529E1,1.632946068E-1,7.166617937E-2,-5.862348247E-1
2.526854429E1,2.747144705E-1,3.591842249E-1,-7.089023924E-1
2.527848329E1,-1.086512071E-1,6.987216590E-1,-8.267997285E-1
2.528842229E1,-5.099444479E-1,9.573288046E-1,-1.022945747E0
2.529836129E1,-6.649734306E-1,1.153569109E0,-1.460145497E0
2.530830029E1,-5.895180362E-1,1.283908955E0,-1.936403697E0
2.531823929E1,-3.885948426E-1,1.316683914E0,-2.197186006E0
2.532817829E1,-1.749451840E-1,1.264988388E0,-2.296800342E0
2.533811729E1,-4.764311314E-3,1.142821489E0,-2.266500070E0
2.534805629E1,1.984492368E-1,9.242383879E-1,-2.147396673E0
2.535799529E1,5.966083699E-1,6.027649033E-1,-1.778949873E0
2.536793529E1,1.107935684E0,2.803080632E-1,-1.231879845E0
2.537787429E1,1.364140209E0,7.766037941E-2,-9.072715223E-1
2.538781329E1,1.275563663E0,5.754888117E-2,-9.693888330E-1
2.539775229E1,1.077835388E0,1.260928667E-1,-1.082670596E0
2.540769129E1,1.039302821E0,2.247722322E-1,-1.123909547E0
2.541763029E1,1.400126313E0,2.421179974E-1,-1.217964495E0
2.542756929E1,2.080917631E0,1.000704181E-1,-1.234803161E0
2.543750829E1,2.616045452E0,-1.532230702E-1,-1.167148829E0
2.544744729E1,2.675115779E0,-4.348439795E-1,-1.015097687E0
2.545738629E1,2.232130136E0,-6.399707365E-1,-8.806352623E-1
2.546732529E1,1.590391202E0,-6.864900148E-1,-9.127914400E-1
2.547726429E1,1.094031590E0,-5.966013533E-1,-1.047818852E0
2.548720329E1,8.142698032E-1,-4.068334776E-1,-1.082568636E0
2.549714229E1,7.269135708E-1,-2.158514276E-1,-1.021224254E0
2.550708129E1,8.521936744E-1,-1.636755529E-1,-9.736782043E-1
2.551702029E1,1.150282974E0,-2.365195808E-1,-8.777619405E-1
2.552695929E1,1.297711746E0,-3.660488561E-1,-7.854306047E-1
2.553689929E1,1.202725482E0,-4.852572110E-1,-6.818998043E-1
2.554683829E1,1.042521713E0,-5.941630644E-1,-5.246939032E-1
2.555677729E1,9.010085696E-1,-6.706697881E-1,-3.391828005E-1
2.556671629E1,7.577114403E-1,-6.816990986E-1,-2.492152016E-1
2.557665529E1,6.263981795E-1,-6.433931118E-1,-2.519421968E-1
2.558659429E1,5.539014763E-1,-5.348924705E-1,-2.676514725E-1
2.559653329E1,5.490781081E-1,-4.377228561E-1,-2.590796006E-1
2.560647229E1,6.572077435E-1,-3.995262122E-1,-2.293628812E-1
2.561641129E1,7.612998766E-1,-4.349179468E-1,-1.750178356E-1
2.562635029E1,8.122419888E-1,-5.287069935E-1,-9.994397208E-2
2.563628929E1,7.574500698E-1,-6.145610762E-1,-2.130155280E-2
2.564622829E1,5.872639346E-1,-6.257222414E-1,-6.353350639E-2
2.565616729E1,3.617444283E-1,-5.515596664E-1,-2.105686145E-1
2.566610629E1,1.685968620E-1,-4.164930779E-1,-3.769009960E-1
2.567604529E1,3.909389913E-2,-2.741613239E-1,-4.845342028E-1
2.568598429E1,-3.401617706E-2,-1.621380275E-1,-4.972669534E-1
2.569592429E1,-1.046867949E-1,-1.071206984E-1,-4.712367573E-1
2.570586329E1,-1.970622772E-1,-1.134137642E-1,-3.865243435E-1
2.571580229E1,-2.916614556E-1,-1.389915320E-1,-2.545012307E-1
2.572574129E1,-3.940257365E-1,-1.891354993E-1,-7.032563210E-2
2.573568029E1,-5.366796720E-1,-2.375741261E-1,6.899465963E-2
2.574561929E1,-7.217148113E-1,-2.533855820E-1,2.296390159E-1
2.575555829E1,-9.140654022E-1,-2.582767779E-1,3.480065413E-1
2.576549729E1,-1.012464686E0,-2.844775665E-1,3.284708476E-1
2.577543629E1,-9.294049877E-1,-2.828976488E-1,2.616303022E-1
2.578537529E1,-5.128937835E-1,-3.171406978E-1,-3.050701444E-1
2.579531429E1,9.320689791E-1,-2.741157156E-1,-6.375115438E-1
2.580525329E1,1.840837973E0,-1.169951838E-1,-5.894566405E-1
2.581519229E1,1.723478508E0,1.165677524E-1,-6.393931778E-1
2.582513129E1,1.267606187E0,3.306068355E-1,-6.420931296E-1
2.583507029E1,1.094788220E0,3.420486671E-1,-4.183846521E-1
2.584500929E1,1.489084098E0,1.256297672E-1,-1.461008692E-1
2.585494829E1,2.206870750E0,-2.753237504E-1,2.577116445E-2
2.586488729E1,2.925064952E0,-8.197615081E-1,2.497087066E-1
2.587482729E1,3.294797262E0,-1.234313310E0,4.938616812E-1
2.588476629E1,3.292209869E0,-1.495827107E0,4.885863233E-1
2.589470529E1,3.243318960E0,-1.670504488E0,-1.467896712E-1
2.590464429E1,3.071500867E0,-1.604940829E0,-7.620861809E-1
2.591458329E1,2.560672320E0,-1.337261728E0,-9.624493575E-1
2.592452229E1,2.179261951E0,-1.133952870E0,-8.433877677E-3
2.593446129E1,2.282233758E0,-1.094419553E0,9.956662202E-1
2.594440029E1,2.824163645E0,-8.452676475E-1,6.776104331E-2
2.595433929E1,3.588934429E0,-3.335909620E-1,-1.615140127E0
2.596427829E1,4.142007354E0,2.560867032E-1,-2.536012273E0
2.597421729E1,4.203565087E0,7.800694388E-1,-2.446491109E0
2.598415629E1,3.822075196E0,1.194737601E0,-2.070824168E0
2.599409529E1,3.349226069E0,1.535087944E0,-1.707942748E0
2.600403429E1,3.113966855E0,1.771432693E0,-1.452941727E0
2.601397329E1,3.086301924E0,1.927309522E0,-1.371302756E0
2.602391229E1,2.927599136E0,2.023843252E0,-1.363290024E0
2.603385129E1,2.387720452E0,2.003794319E0,-1.356722139E0
2.604379129E1,1.679945403E0,1.842395672E0,-1.402728616E0
2.605373029E1,1.101399667E0,1.573465413E0,-1.463049370E0
2.606366929E1,5.056145847E-1,1.263927557E0,-1.517496303E0
2.607360829E1,-4.054804319E-1,1.077420528E0,-1.590358458E0
2.608354729E1,-1.521565965E0,1.109265634E0,-1.620190952E0
2.609348629E1,-2.509850076E0,1.293060871E0,-1.668129349E0
2.610342529E1,-3.220908921E0,1.479854122E0,-1.793717601E0
2.611336429E1,-3.668466502E0,1.592371362E0,-1.851303320E0
2.612330329E1,-4.038580050E0,1.610338101E0,-1.818823499E0
2.613324229E1,-4.533098373E0,1.520031656E0,-1.926112889E0
2.614318129E1,-4.982948062E0,1.247792458E0,-1.832652164E0
2.615312029E1,-5.212114477E0,7.746123055E-1,-1.514085915E0
2.616305929E1,-4.987962050E0,2.093632109E-1,-1.120177707E0
2.617299829E1,-4.256505193E0,-4.072852847E-1,-7.335285258E-1
2.618293729E1,-3.227533817E0,-9.996135293E-1,-3.532036927E-1
2.619287629E1,-2.440871642E0,-1.528216296E0,-2.041146040E-2
2.620281529E1,-2.353685564E0,-1.967638499E0,2.700501466E-1
2.621275529E1,-2.729130603E0,-2.316584980E0,5.742492020E-1
2.622269429E1,-3.029517859E0,-2.649202089E0,7.753969288E-1
2.623263329E1,-3.005720276E0,-2.996074416E0,8.595693523E-1
2.624257229E1,-2.707424569E0,-3.332631086E0,8.866247115E-1
2.625251129E1,-2.202468966E0,-3.508359797E0,7.863066638E-1
2.626245029E1,-1.566231676E0,-3.573860307E0,7.496001828E-1
2.627238929E1,-7.433138412E-1,-3.596096098E0,5.472707337E-1
2.628232829E1,4.211264116E-1,-3.689432278E0,4.941215900E-1
2.629226729E1,1.623561872E0,-3.849532259E0,8.361582702E-1
2.630220629E1,2.184398146E0,-3.903141578E0,1.096279260E0
2.631214529E1,1.948401014E0,-3.722141310E0,1.016280579E0
2.632208429E1,1.250824678E0,-3.372619609E0,8.311039370E-1
2.633202329E1,6.050143272E-1,-2.988668041E0,5.553258580E-1
2.634196229E1,2.867000932E-1,-2.615842554E0,4.372805142E-1
2.635190129E1,2.130052954E-1,-2.212043343E0,5.595229894E-1
2.636184029E1,2.263539040E-1,-1.824094179E0,8.630192095E-1
2.637178029E1,2.029890150E-1,-1.469483646E0,9.985901204E-1
2.638171929E1,2.768235612E-1,-1.166067167E0,1.023826411E0
2.639165829E1,4.917046434E-1,-9.820824073E-1,1.080750225E0
2.640159729E1,7.436529797E-1,-9.638868955E-1,1.186086060E0
2.641153629E1,9.452164435E-1,-1.105982130E0,1.385352153E0
2.642147529E1,9.948400086E-1,-1.317260888E0,1.488566619E0
2.643141429E1,8.833605033E-1,-1.432206185E0,1.221905811E0
2.644135329E1,6.761024362E-1,-1.450367636E0,1.157594625E0
2.645129229E1,7.598638004E-1,-1.352862538E0,1.319718327E0
2.646123129E1,1.084810531E0,-1.224350824E0,1.568461804E0
2.647117029E1,1.483743836E0,-9.904950158E-1,1.650584779E0
2.648110929E1,1.623960652E0,-5.839995072E-1,1.628626730E0
2.649104829E1,1.631364981E0,-1.134940173E-1,1.258502072E0
2.650098729E1,1.295796783E0,4.522569146E-1,1.193777488E0
2.651092629E1,1.179327264E0,1.126276207E0,3.746001166E-1
2.652086529E1,1.455666091E0,1.620360521E0,4.045817149E-1
2.653080429E1,1.309886234E0,1.856370809E0,4.523014265E-1
2.654074429E1,7.068061656E-1,1.908672692E0,3.503008425E-1
2.655068329E1,9.173696637E-3,1.843021031E0,2.382828087E-1
2.656062229E1,-5.604556203E-1,1.848908300E0,2.541357797E-1
2.657056129E1,-9.717569554E-1,1.928093049E0,4.064756280E-1
2.658050029E1,-1.354819747E0,2.058216548E0,5.108183143E-1
2.659043929E1,-1.830394846E0,2.173565009E0,5.068232042E-1
2.660037829E1,-2.323821495E0,2.227631873E0,3.952402031E-1
2.661031729E1,-2.639938345E0,2.210777567E0,2.524663997E-1
2.662025629E1,-2.684725093E0,2.057074440E0,1.742227605E-1
2.663019529E1,-2.529216054E0,1.718709519E0,1.533025923E-1
2.664013429E1,-2.207206964E0,1.262091093E0,-2.512022316E-1
2.665007329E1,-1.327551257E0,6.545892873E-1,-5.826329398E-1
2.666001229E1,-7.074973065E-1,1.462713155E-1,-1.046578512E0
2.666995129E1,-9.005366993E-1,-1.256730366E-1,-9.508894122E-1
2.667989029E1,-1.462533061E0,-1.777942398E-1,-6.264984593E-1
2.668982929E1,-1.603462653E0,-1.646693603E-1,-8.047835729E-1
2.669976829E1,-1.033127577E0,-2.861262620E-1,-1.014616461E0
2.670970729E1,-2.997955173E-1,-6.515711738E-1,-1.070987129E0
2.671964729E1,6.744704783E-2,-1.140330721E0,-9.296499860E-1
2.672958629E1,2.268012160E-1,-1.687962228E0,-7.052157229E-1
2.673952529E1,7.817423272E-1,-2.345791238E0,-8.919559103E-1
2.674946429E1,2.126303135E0,-3.134406675E0,-2.194503304E0
2.675940329E1,3.007567411E0,-3.806224856E0,-2.896770276E0
2.676934229E1,2.550398178E0,-4.110452271E0,-1.506162645E0
2.677928129E1,1.259217187E0,-3.774207550E0,-1.199737555E-1
2.678922029E1,6.382019538E-1,-3.066715506E0,7.330034459E-1
2.679915929E1,1.036725368E0,-2.441822399E0,1.059620141E0
2.680909829E1,1.385315316E0,-1.983553597E0,3.532460850E-1
2.681903729E1,1.293999349E0,-1.765646288E0,-2.110236740E-1
2.682897629E1,1.047947345E0,-1.613585645E0,-5.668483812E-1
2.683891529E1,9.357024390E-1,-1.367136322E0,-6.635736072E-1
2.684885429E1,7.780556577E-1,-1.051119971E0,-7.641404539E-1
2.685879329E1,5.829966366E-1,-7.195756806E-1,-5.698111653E-1
2.686873229E1,6.013253188E-1,-4.624909307E-1,-2.176988554E-1
2.687867129E1,7.567109817E-1,-2.294037386E-1,-1.441806436E-1
2.688861129E1,8.508920842E-1,-9.274407618E-2,-4.946627498E-2
2.689855029E1,7.595041966E-1,3.145378098E-2,1.601067048E-1
2.690848929E1,5.231334275E-1,1.486799664E-1,4.300673890E-1
2.691842829E1,3.154917830E-1,2.597964327E-1,3.436262459E-1
2.692836729E1,8.011913359E-2,4.143088139E-1,3.857408166E-1
2.693830629E1,-7.047409290E-1,3.966710899E-1,1.125416520E0
2.694824529E1,-9.766563374E-1,7.567634605E-1,1.064955141E0
2.695818429E1,-4.729748422E-1,1.473712645E0,3.854268211E-1
2.696812329E1,-2.274449944E-2,1.872737897E0,5.390384388E-1
2.697806229E1,-3.869301403E-1,1.794126322E0,1.225578155E0
2.698800129E1,-1.321439162E0,1.515376688E0,1.582805609E0
2.699794029E1,-1.947998140E0,1.254287838E0,1.657717797E0
2.700787929E1,-2.179576532E0,1.171854084E0,1.330515795E0
2.701781829E1,-2.238608267E0,1.028454628E0,1.851655322E0
2.702775729E1,-2.781100656E0,8.373436470E-1,2.300312472E0
2.703769629E1,-3.299715355E0,9.630570294E-1,1.715015248E0
2.704763529E1,-3.042333201E0,1.353222726E0,6.662095320E-1
2.705757529E1,-2.608278596E0,1.567066659E0,4.310295483E-1
2.706751429E1,-2.629358978E0,1.474657263E0,6.457857925E-1
2.707745329E1,-2.632127050E0,1.210994834E0,5.535877731E-1
2.708739229E1,-2.129519688E0,7.871410614E-1,8.410749015E-1
2.709733129E1,-1.967762314E0,4.038933514E-1,6.314490044E-1
2.710727029E1,-1.939306254E0,1.178734813E-1,3.088522696E-1
2.711720929E1,-1.670477006E0,-1.124709281E-1,3.202870846E-1
2.712714829E1,-1.225895659E0,-2.570510370E-1,1.570415944E-1
2.713708729E1,-5.448061323E-1,-3.367810567E-1,-2.396773696E-3
2.714702629E1,4.881080210E-2,-4.287159513E-1,-4.608161420E-2
2.715696529E1,4.057084733E-1,-5.484478879E-1,-3.626033843E-2
2.716690429E1,6.251965767E-1,-6.529393492E-1,-4.715106994E-2
2.717684329E1,7.369912469E-1,-7.251972668E-1,-2.296423781E-1
2.718678229E1,7.830994660E-1,-7.897918236E-1,-6.521463937E-1
2.719672129E1,8.363687700E-1,-9.447072241E-1,-1.116480805E0
2.720666029E1,1.097945132E0,-1.113910954E0,-2.183590060E0
2.721659929E1,3.180173709E0,-1.104585230E0,-4.572035567E0
2.722653929E1,5.035496989E0,-1.210274164E0,-4.866372709E0
2.723647829E1,3.705080597E0,-1.831027369E0,-2.109059111E0
2.724641729E1,1.874032617E-1,-2.437522649E0,1.121629279E0
2.725635629E1,-1.984905181E0,-2.166298382E0,9.898570114E-1
2.726629529E1,-1.455956697E0,-1.538274969E0,-3.554539937E-1
2.727623429E1,5.036048967E-1,-1.247890984E0,-8.249538356E-1
2.728617329E1,1.594913439E0,-1.183929607E0,-7.202290338E-1
2.729611229E1,1.533842195E0,-9.682456293E-1,-6.629117024E-1
2.730605129E1,1.382563031E0,-5.504329079E-1,-1.032563905E0
2.731599029E1,1.324792541E0,-1.739202402E-1,-1.458211384E0
2.732592929E1,1.148914726E0,3.131096274E-2,-1.595011672E0
2.733586829E1,9.694309330E-1,1.482115678E-2,-1.372863670E0
2.734580729E1,1.133980352E0,-2.060971025E-1,-1.099074229E0
2.735574629E1,1.744231446E0,-5.989913661E-1,-1.202489839E0
2.736568529E1,1.644803052E0,-9.672408584E-1,-9.851342154E-1
2.737562429E1,4.614909106E-1,-1.123288280E0,9.917450774E-1
2.738556329E1,2.920386010E-1,-5.664694816E-1,1.524274980E0
2.739550329E1,8.347145927E-1,3.690131021E-1,-1.057024562E-1
2.740544229E1,1.378065353E0,6.933250444E-1,-5.042036515E-1
2.741538129E1,1.081209816E0,3.909705663E-1,2.512437469E-1
2.742532029E1,3.519439101E-1,-9.938872414E-2,6.283622593E-1
2.743525929E1,-2.723030788E-1,-4.631954836E-1,4.446515143E-1
2.744519829E1,-6.455671066E-1,-6.114337294E-1,3.730611295E-1
2.745513729E1,-1.191062041E0,-5.048481974E-1,4.800868106E-1
2.746507629E1,-2.091572428E0,-1.058171713E-1,7.097935081E-1
2.747501529E1,-1.494908509E0,7.240501162E-1,4.689621904E-1
2.748495429E1,-4.852002007E-1,9.051827507E-1,1.629529540E0
2.749489329E1,-8.271021026E-1,4.320548942E-1,2.090222890E0
2.750483229E1,-1.747735097E0,2.086240863E-1,1.293437431E0
2.751477129E1,-1.975063732E0,3.100981651E-1,1.300987649E0
2.752471029E1,-2.360513942E0,6.186106385E-1,1.529210030E0
2.753464929E1,-2.570383376E0,9.443342449E-1,2.017889617E0
2.754458829E1,-2.656498244E0,1.013254499E0,2.206785965E0
2.755452729E1,-2.708554251E0,9.533085515E-1,1.686009550E0
2.756446729E1,-2.462511018E0,8.511546242E-1,1.635171518E0
2.757440629E1,-2.403655284E0,8.106505959E-1,1.242984146E0
2.758434529E1,-2.347512074E0,8.110096881E-1,8.991827765E-1
2.759428429E1,-2.336514630E0,8.014501483E-1,7.986755714E-1
2.760422329E1,-2.210159808E0,8.097827961E-1,6.699941424E-1
2.761416229E1,-1.588400225E0,7.326176027E-1,8.015287203E-1
2.762410129E1,-1.280770023E0,6.324925862E-1,7.178001004E-1
2.763404029E1,-1.262959405E0,6.397152863E-1,3.117305616E-1
2.764397929E1,-1.102531103E0,7.540871899E-1,5.012350202E-2
2.765391829E1,-7.087912953E-1,8.384871431E-1,-6.466611207E-2
2.766385729E1,-2.254926091E-1,8.256328435E-1,-1.583420151E-1
2.767379629E1,3.775131994E-1,6.943287190E-1,-2.842849007E-1
2.768373529E1,7.619138342E-1,5.530251979E-1,-5.839965105E-1
2.769367429E1,8.032548183E-1,4.380404330E-1,-1.097950687E0
2.770361329E1,7.299383354E-1,2.978859629E-1,-1.572026267E0
2.771355229E1,6.246609718E-1,1.574952652E-1,-1.980334997E0
2.772349229E1,8.002505189E-1,7.159623206E-3,-3.210961638E0
2.773343129E1,2.896291974E0,1.007417516E-1,-6.221644446E0
2.774337029E1,5.178148586E0,-9.722085066E-2,-6.008505249E0
2.775330929E1,4.291438213E0,-1.496170631E0,-1.336914988E0
2.776324829E1,4.564816010E-1,-2.940609190E0,1.786177032E0
2.777318729E1,-1.723318294E0,-3.383156584E0,9.636193854E-1
2.778312629E1,-9.234870207E-1,-3.221193388E0,-1.032185590E-1
2.779306529E1,8.478451002E-1,-2.776454166E0,-1.192147869E-1
2.780300429E1,1.764140630E0,-1.967236503E0,-3.185007602E-1
2.781294329E1,2.124204569E0,-1.002755238E0,-7.655853009E-1
2.782288229E1,2.356165953E0,-2.918794106E-1,-1.104868235E0
2.783282129E1,2.000903163E0,-3.772389650E-2,-1.061271980E0
2.784276029E1,1.190024160E0,-9.423592016E-2,-8.033308321E-1
2.785269929E1,6.495934993E-1,-2.049954139E-1,-7.751232791E-1
2.786263829E1,7.279479432E-1,-3.359048880E-1,-8.579198527E-1
2.787257729E1,9.640590960E-1,-5.057035720E-1,-7.206979805E-1
2.788251629E1,1.033556178E0,-6.707725529E-1,-4.360496753E-1
2.789245629E1,9.265796131E-1,-7.853271089E-1,-2.673844010E-1
2.790239529E1,1.093729874E0,-8.839471252E-1,-5.955383295E-1
2.791233429E1,1.529429886E0,-1.069302838E0,-1.211939524E0
2.792227329E1,8.085529804E-1,-1.183918278E0,-1.218863797E-1
2.793221229E1,9.301633716E-2,-8.691509653E-1,7.458749217E-1
2.794215129E1,-9.052016079E-2,-1.459231138E-1,-4.175198489E-1
2.795209029E1,2.705951071E-1,6.604710563E-2,-6.083741373E-1
2.796202929E1,4.515465510E-1,-1.036231041E-1,-1.784084898E-1
2.797196829E1,-2.502596605E-1,-2.932073498E-1,2.762446868E-1
2.798190729E1,-7.785602725E-1,-5.159097042E-2,1.797030634E-1
2.799184679E1,-1.687295938E-1,6.735242526E-1,-2.572897679E-1
2.800178579E1,2.346996349E-1,6.990932496E-1,1.196453758E0
2.801172479E1,-3.932129735E-1,4.481592955E-1,1.817154996E0
2.802166379E1,-1.118189946E0,3.472562704E-1,2.046847075E0
2.803160279E1,-1.289719187E0,6.126001759E-1,1.486929399E0
2.804154179E1,-1.054540665E0,6.538163584E-1,2.519743565E0
2.805148079E1,-1.709958576E0,4.831310172E-1,2.807670404E0
2.806141979E1,-2.659611887E0,5.602199044E-1,1.915616260E0
2.807135979E1,-2.916675367E0,7.434122206E-1,6.389761251E-1
2.808129879E1,-2.806669945E0,7.663645155E-1,-1.095037311E-1
2.809123779E1,-2.519105633E0,4.883871525E-1,2.200842270E-1
2.810117679E1,-1.633729010E0,-5.185310841E-3,2.401679510E-1
2.811111579E1,-6.898322833E-1,-6.171002296E-1,1.490601450E-1
2.812105479E1,-1.305124846E0,-8.750553375E-1,4.876168549E-2
2.813099379E1,-2.967552575E0,-5.975399776E-1,7.157658541E-1
2.814093279E1,-4.074120011E0,-1.372818062E-1,1.457094566E0
2.815087179E1,-3.966445289E0,2.844569185E-1,1.675138407E0
2.816081079E1,-2.680046736E0,5.103996536E-1,1.950927011E0
2.817074979E1,-1.787211989E0,6.959316601E-1,9.821006799E-1
2.818068879E1,-1.251915184E0,9.925704119E-1,-1.866723597E-1
2.819062779E1,-1.257878174E0,1.316271539E0,-8.070636946E-1
2.820056679E1,-1.368158416E0,1.478098203E0,-8.501915878E-1
2.821050579E1,-1.325860827E0,1.455442142E0,-9.373437524E-1
2.822044479E1,-9.592468375E-1,1.283296752E0,-1.304133158E0
2.823038479E1,-4.285365880E-1,9.710944659E-1,-1.797035311E0
2.824032379E1,7.367193514E-1,6.867655648E-1,-4.335140595E0
2.825026279E1,4.623938377E0,6.053888413E-1,-7.385194752E0
2.826020179E1,7.058109695E0,-7.037172277E-1,-4.925626053E0
2.827014079E1,4.485150036E0,-2.956173894E0,1.117871858E0
2.828007979E1,-2.935629702E-1,-3.647192285E0,2.974466323E0
2.829001879E1,-2.098420102E0,-2.710334144E0,1.242298853E0
2.829995779E1,-1.221813133E0,-1.541423110E0,3.450746012E-1
2.830989679E1,3.442016119E-1,-8.153662292E-1,2.185122031E-1
2.831983579E1,1.655205833E0,-5.193710731E-1,1.768437749E-1
2.832977479E1,2.297743497E0,-2.579086956E-1,-6.388071406E-1
2.833971379E1,2.516953858E0,-8.353752550E-2,-1.860080575E0
2.834965279E1,2.761198488E0,-1.156782812E-1,-3.480325322E0
2.835959179E1,2.780256318E0,-5.757964849E-1,-2.071814101E0
2.836953079E1,1.619874617E0,-1.256289340E0,1.404761986E0
2.837946979E1,2.712640285E-1,-1.249832844E0,1.796647641E0
2.838940979E1,5.388700390E-1,-7.238412975E-1,4.619709671E-1
2.839934879E1,1.212275155E0,-5.085928640E-1,2.631440002E-1
2.840928779E1,1.207411441E0,-4.405801346E-1,2.802295643E-1
2.841922679E1,1.236005495E0,-3.121698702E-1,4.870028973E-2
2.842916579E1,1.529607056E0,-2.543521267E-1,-2.798173356E-1
2.843910479E1,1.381543862E0,-3.906218529E-1,-3.590225494E-1
2.844904379E1,7.468736261E-1,-6.052162388E-1,-2.623873705E-1
2.845898279E1,1.872687757E-1,-6.595847098E-1,-3.305816925E-1
2.846892179E1,-1.297900611E-1,-5.589651650E-1,-5.328216791E-1
2.847886079E1,-4.876870215E-2,-3.870251941E-1,-1.010352087E0
2.848879979E1,3.767975003E-1,-2.837219783E-1,-1.514039429E0
2.849873879E1,-1.903765708E-1,-3.458169783E-1,-2.833642566E-1
2.850867779E1,-6.197949189E-1,-9.311537437E-2,1.314834148E-1
2.851861679E1,-6.455261761E-1,4.940811345E-1,-9.436195689E-1
2.852855579E1,-2.016207665E-1,7.115255995E-1,-7.159272373E-1
2.853849479E1,2.422618389E-2,6.279555123E-1,1.095288742E-1
2.854843379E1,-1.133892059E-2,3.740865118E-1,5.655766118E-1
2.855837379E1,-4.585094154E-2,-7.899734527E-3,8.827640873E-1
2.856831279E1,-1.460014665E-1,-3.313538904E-1,1.066645863E0
2.857825179E1,-3.435736209E-1,-3.309500670E-1,1.060278538E0
2.858819079E1,-1.581440869E0,-3.657718442E-2,1.212822454E0
2.859812979E1,-2.411008742E0,3.300177285E-1,1.794535042E0
2.860806879E1,-2.234823364E0,5.080983357E-1,2.431355299E0
2.861800779E1,-2.170964752E0,9.180869709E-1,8.248547253E-1
2.862794679E1,-1.568182307E0,1.306396616E0,1.064128929E-1
2.863788579E1,-1.507561884E0,1.372899923E0,3.139329153E-1
2.864782479E1,-1.957972906E0,1.252940931E0,4.982272124E-1
2.865776379E1,-2.402460698E0,8.922028821E-1,7.046447423E-1
2.866770279E1,-2.862265856E0,4.343749597E-1,5.283348182E-1
2.867764179E1,-2.996481675E0,-5.215424001E-3,7.623611462E-1
2.868758079E1,-2.884265420E0,-3.521163299E-1,1.419975856E0
2.869751979E1,-2.883170237E0,-3.879903135E-1,9.914936471E-1
2.870745879E1,-2.560955325E0,-2.056330528E-1,5.829267624E-1
2.871739779E1,-2.136016529E0,6.304943003E-3,5.185319611E-1
2.872733779E1,-1.776440248E0,1.543690148E-1,5.460784864E-1
2.873727679E1,-1.330956675E0,3.454354475E-1,4.255539232E-1
2.874721579E1,-7.565098375E-1,5.318594467E-1,2.320192713E-1
2.875715479E1,-2.751834172E-1,6.098137218E-1,-4.710575402E-2
2.876709379E1,7.596702576E-3,6.375032846E-1,-3.817401516E-1
2.877703279E1,1.077565831E-1,6.340043107E-1,-8.045017371E-1
2.878697179E1,1.818425596E-1,5.861211329E-1,-1.128145123E0
2.879691079E1,3.242041343E-1,4.559318896E-1,-1.306791303E0
2.880684979E1,5.446663839E-1,1.905050086E-1,-1.795722612E0
2.881678879E1,2.011413533E0,1.287063162E-1,-4.452328445E0
2.882672779E1,4.342535276E0,5.731608890E-2,-5.341448455E0
2.883666679E1,4.338079698E0,-1.346281058E0,-1.220498094E0
2.884660579E1,1.544858934E0,-3.117574880E0,2.334476876E0
2.885654479E1,-2.231934839E-1,-3.790174541E0,1.396180612E0
2.886648379E1,7.191695184E-1,-3.664562608E0,-7.896489322E-2
2.887642279E1,1.996501964E0,-3.240050367E0,-2.683462679E-2
2.888636179E1,2.144310805E0,-2.234250922E0,-6.240733266E-2
2.889630179E1,2.273171743E0,-9.225274926E-1,-2.319578755E-1
2.890624079E1,2.601942553E0,4.017826527E-2,-5.327643764E-1
2.891617979E1,2.499901038E0,4.302046159E-1,-9.147378320E-1
2.892611879E1,1.920189952E0,4.218427320E-1,-9.201815897E-1
2.893605779E1,1.387092869E0,3.031898626E-1,-7.180123544E-1
2.894599679E1,1.159573615E0,1.975675132E-1,-6.802568829E-1
2.895593579E1,1.116835147E0,6.635645988E-2,-7.255985320E-1
2.896587479E1,1.062116902E0,-6.883574327E-2,-7.104840642E-1
2.897581379E1,8.934785253E-1,-2.089131946E-1,-5.020284873E-1
2.898575279E1,7.131831390E-1,-3.827879361E-1,-2.884636134E-1
2.899569200E1,5.520005465E-1,-4.375948752E-1,-4.262117350E-1
2.900563100E1,-9.089847565E-2,-4.053011782E-1,-2.131783730E-1
2.901557000E1,-6.977716327E-1,-3.135784279E-1,4.745220155E-1
2.902550900E1,-2.687608355E-1,4.312531313E-1,-9.855832815E-2
2.903544800E1,6.401332891E-1,9.486584070E-1,3.162525058E-1
2.904538700E1,3.239041722E-1,8.154490404E-1,6.749829867E-1
2.905532600E1,-4.553834939E-1,5.477958868E-1,2.045236167E-1
2.906526600E1,-7.789888734E-1,4.778713006E-1,8.746440589E-2
2.907520500E1,-1.001850820E0,5.635091825E-1,2.893810415E-1
2.908514400E1,-1.503392819E0,9.210832304E-1,9.677726626E-2
2.909508300E1,-1.275260777E0,1.145224767E0,1.266637888E0
2.910502200E1,-1.768230173E0,8.520346302E-1,2.268340774E0
2.911496100E1,-2.538027223E0,7.325482401E-1,1.269795969E0
2.912490000E1,-2.398476405E0,9.677238384E-1,2.086757246E-1
2.913483900E1,-1.963032501E0,1.193125450E0,-1.303420383E-1
2.914477800E1,-1.952312801E0,1.279819120E0,-2.304788223E-1
2.915471700E1,-2.138938968E0,1.160407940E0,-1.674069536E-1
2.916465600E1,-2.426643612E0,7.323659532E-1,1.221416107E-1
2.917459500E1,-2.502022993E0,1.155370344E-1,1.103206164E0
2.918453400E1,-2.701961516E0,-3.520690405E-1,1.273824701E0
2.919447300E1,-2.997746428E0,-5.787846679E-1,8.699031365E-1
2.920441200E1,-2.914928804E0,-5.449287777E-1,7.129217684E-1
2.921435100E1,-2.490218634E0,-2.927043796E-1,5.864260286E-1
2.922429100E1,-1.882108206E0,1.055969871E-1,4.062929025E-1
2.923423000E1,-1.334465005E0,4.705206196E-1,1.545635444E-1
2.924416900E1,-8.631566191E-1,7.341872878E-1,-1.932817599E-1
2.925410800E1,-4.700605899E-1,8.649503987E-1,-5.709019634E-1
2.926404700E1,-2.443873018E-1,8.186677864E-1,-8.591588777E-1
2.927398600E1,-1.785944313E-1,5.803522334E-1,-1.069928783E0
2.928392500E1,-1.511639732E-1,2.646994326E-1,-1.451259629E0
2.929386400E1,5.336572462E-1,7.921516319E-2,-3.415018355E0
2.930380300E1,3.788265426E0,3.448390680E-1,-7.034512671E0
2.931374200E1,6.131954589E0,-3.855774966E-1,-4.602638724E0
2.932368100E1,3.941842545E0,-2.591019369E0,2.177734659E0
2.933362000E1,-5.066366780E-1,-3.447465139E0,3.195381732E0
2.934355900E1,-1.577963530E0,-2.849475072E0,8.775238127E-1
2.935349800E1,-5.038604200E-2,-2.091407390E0,1.617696530E-1
2.936343700E1,1.554864104E0,-1.430558439E0,3.673045456E-1
2.937337600E1,2.209310208E0,-8.102818559E-1,3.102988708E-1
2.938331500E1,2.210334055E0,-3.363418942E-1,-2.524149442E-1
2.939325500E1,1.778488528E0,-1.896138015E-1,-5.166593903E-1
2.940319400E1,9.609986633E-1,-2.467194089E-1,-4.304188067E-1
2.941313300E1,2.214375651E-1,-2.228568671E-1,-4.260866046E-1
2.942307200E1,2.671125054E-2,-4.704209703E-2,-6.681975853E-1
2.943301100E1,2.288699609E-1,1.531826056E-1,-8.208280402E-1
2.944295000E1,4.053067696E-1,2.519891938E-1,-7.160816038E-1
2.945288900E1,4.952246672E-1,1.843204634E-1,-4.528136426E-1
2.946282800E1,5.920031029E-1,3.450149596E-3,-1.663626409E-1
2.947276700E1,6.989311355E-1,-2.512282883E-1,8.240305603E-2
2.948270600E1,7.985975111E-1,-4.574928769E-1,6.300901115E-2
2.949264500E1,8.866016150E-1,-5.410606618E-1,4.503291607E-2
2.950258400E1,8.538443434E-1,-4.426996406E-1,-2.868556291E-1
2.951252300E1,6.154399127E-1,-3.348565918E-1,-2.604238755E-1
2.952246200E1,6.826098025E-1,-3.198351314E-1,5.463731861E-1
2.953240100E1,1.007818488E0,-6.360911820E-2,5.402657694E-1
2.954234000E1,1.004196138E0,1.218731138E-1,4.042747360E-1
2.955228000E1,5.846876514E-1,1.088453346E-1,4.155972844E-1
2.956221900E1,1.788423532E-1,3.708980251E-2,3.802356631E-1
2.957215800E1,-2.751916033E-1,1.848017258E-1,4.813252509E-2
2.958209700E1,-2.264614928E-1,5.211194637E-1,4.940213102E-1
2.959203600E1,4.991563350E-1,5.368367428E-1,1.324027725E0
2.960197500E1,1.710135162E-1,3.439456500E-1,1.074206606E0
2.961191400E1,-2.822334051E-1,2.242254444E-1,7.786719543E-1
2.962185300E1,-1.270395309E-1,3.064794695E-1,6.230348611E-1
2.963179200E1,-1.321605223E-1,4.069615316E-1,6.635022712E-1
2.964173100E1,-5.347062367E-1,4.549643216E-1,7.042295900E-1
2.965167000E1,-1.031240680E0,4.241087108E-1,6.985712394E-1
2.966160900E1,-1.309989145E0,3.346190487E-1,5.033461574E-1
2.967154800E1,-1.661843008E0,1.980627358E-1,4.431245139E-1
2.968148700E1,-1.925547756E0,1.429947551E-1,2.826830560E-1
2.969142600E1,-2.013009823E0,1.363849895E-1,3.827353477E-2
2.970136500E1,-2.027057174E0,8.955449313E-2,5.131165624E-2
2.971130400E1,-2.191235880E0,9.535346925E-2,1.978300166E-1
2.972124400E1,-2.402751889E0,1.763447151E-1,1.379311395E-1
2.973118300E1,-2.108432874E0,1.798604266E-1,4.894066876E-1
2.974112200E1,-2.061352263E0,3.246099311E-1,-5.056116611E-1
2.975106100E1,-2.216351425E0,2.485027184E-1,-6.726432234E-1
2.976100000E1,-2.224377313E0,5.684436478E-2,-3.737984633E-1
2.977093900E1,-2.076771955E0,-1.122929992E-1,-2.369537365E-1
2.978087800E1,-1.637812121E0,-1.420092800E-1,-5.429554886E-1
2.979081700E1,-1.111141713E0,-9.630418997E-2,-1.021016824E0
2.980075600E1,-6.710966349E-1,-6.802800525E-2,-1.374744719E0
2.981069500E1,-2.599385566E-1,-4.371012971E-2,-1.759954609E0
2.982063400E1,4.217567414E-1,5.584949758E-2,-3.136202062E0
2.983057300E1,2.456373780E0,5.663206699E-1,-5.466857783E0
2.984051200E1,3.798819650E0,4.137430227E-1,-3.554245822E0
2.985045100E1,3.227979959E0,-1.351516509E0,1.193888000E0
2.986039000E1,7.319936317E-1,-2.595745674E0,1.733432223E0
2.987032900E1,-1.158421129E-1,-2.656530112E0,4.789775938E-1
2.988026900E1,4.336575794E-1,-2.038624136E0,3.118834662E-1
2.989020800E1,1.140815163E-1,-9.863256586E-1,4.317139649E-1
2.990014700E1,-5.916253728E-1,-1.171976985E-1,8.168870169E-1
2.991008600E1,-4.450292444E-1,3.128581605E-1,4.100190407E-1
2.992002500E1,-8.530795276E-2,4.903646077E-1,-4.836851871E-1
2.992996400E1,-2.281934381E-2,3.953386556E-1,-2.815592211E-1
2.993990300E1,-2.741642475E-1,1.760221315E-1,-1.357507128E-1
2.994984200E1,-5.532460034E-1,7.093505815E-2,-3.843304682E-1
2.995978100E1,-4.803446728E-1,6.865996592E-2,-2.738467437E-1
2.996972000E1,-1.333100849E-1,6.536596439E-2,-8.335556746E-2
2.997965900E1,3.426380664E-1,-1.212347075E-2,7.009466708E-2
2.998959775E1,8.441145766E-1,-1.749497704E-1,3.029202694E-1
2.999953675E1,1.122183010E0,-3.998114102E-1,5.607801408E-1
3.000947575E1,1.191137470E0,-6.555090543E-1,7.558081716E-1
3.001941475E1,1.218785444E0,-8.940726755E-1,9.685719770E-1
3.002935375E1,1.319718327E0,-1.031565420E0,9.943149287E-1
3.003929275E1,1.452929594E0,-1.029728590E0,8.463499671E-1
3.004923275E1,1.546378625E0,-9.050905839E-1,7.579277873E-1
3.005917175E1,1.460466070E0,-7.255146975E-1,6.190751266E-1
3.006911075E1,1.279844409E0,-5.132287193E-1,2.484522861E-1
3.007904975E1,1.162628201E0,-3.123377218E-1,-1.351782703E-1
3.008898875E1,1.150178894E0,-1.654745950E-1,-4.386242044E-1
3.009892775E1,1.731439492E0,-2.670431063E-1,-1.087969197E0
3.010886675E1,1.410355432E0,-5.718404415E-1,-8.605265415E-1
3.011880575E1,3.788118660E-1,-7.677505980E-1,4.148353922E-1
3.012874475E1,1.248497486E-2,-1.753351019E-1,-5.927152938E-1
3.013868375E1,6.159509593E-1,4.695284933E-1,-1.279761379E0
3.014862275E1,1.781696895E0,9.354625569E-1,-1.022109668E0
3.015856175E1,1.979602926E0,8.726469424E-1,-1.608440387E-1
3.016850075E1,1.147447659E0,4.145268420E-1,2.951481503E-1
3.017843975E1,-1.629279864E-1,-1.339787140E-2,6.706738812E-1
3.018837875E1,-9.334769887E-1,2.015235566E-2,9.830140150E-1
3.019831775E1,-4.170707828E-1,1.117055733E-1,1.676268089E0
3.020825775E1,-2.351054317E-1,2.957349915E-1,9.166253132E-1
3.021819675E1,-8.898234308E-2,6.748770791E-1,5.055105042E-1
3.022813575E1,-2.781660819E-1,8.850968340E-1,7.976034844E-1
3.023807475E1,-9.298984927E-1,8.911044095E-1,5.701479650E-1
3.024801375E1,-1.450229350E0,8.018734136E-1,3.204426205E-1
3.025795275E1,-1.779360933E0,6.185594022E-1,2.625353050E-1
3.026789175E1,-1.853875510E0,4.589872791E-1,7.278614044E-3
3.027783075E1,-1.931917128E0,3.523015404E-1,-5.093568027E-2
3.028776975E1,-2.214150533E0,2.982879589E-1,2.025791252E-1
3.029770875E1,-2.384858240E0,2.789021002E-1,2.064631382E-1
3.030764775E1,-2.402552499E0,2.340809995E-1,1.493577683E-1
3.031758675E1,-2.323083576E0,2.193222617E-1,5.679283619E-2
3.032752575E1,-2.035867758E0,1.452464448E-1,5.613166228E-1
3.033746475E1,-2.068084747E0,1.510149423E-1,4.609418571E-1
3.034740375E1,-2.406565443E0,1.545367203E-1,-4.335985225E-1
3.035734275E1,-2.531292400E0,6.715169035E-2,-2.688766104E-1
3.036728275E1,-2.355844941E0,6.836316034E-2,2.514302731E-2
3.037722175E1,-1.891627473E0,1.100150701E-1,1.209788918E-3
3.038716075E1,-1.385210066E0,1.725264832E-1,-3.187890279E-1
3.039709975E1,-9.744443357E-1,3.132527014E-1,-6.510406852E-1
3.040703875E1,-7.211207342E-1,4.704347386E-1,-8.677256334E-1
3.041697775E1,-5.300957072E-1,6.077837147E-1,-1.105972774E0
3.042691675E1,-2.327437413E-1,6.752016726E-1,-1.463143510E0
3.043685575E1,4.037116492E-1,7.049610036E-1,-2.900372745E0
3.044679475E1,3.219768714E0,1.050388411E0,-6.589395134E0
3.045673375E1,6.178361601E0,5.369431622E-1,-4.905347325E0
3.046667275E1,4.327176980E0,-1.999624962E0,2.167804332E0
3.047661175E1,-1.132691626E0,-3.218437303E0,2.857486342E0
3.048655075E1,-2.337180628E0,-2.689365444E0,4.802616423E-1
3.049648975E1,-5.407429022E-1,-1.957945716E0,2.631203189E-1
3.050642875E1,8.674917448E-1,-1.328014210E0,9.801377696E-1
3.051636775E1,1.419877038E0,-6.703995737E-1,8.051247579E-1
3.052630775E1,1.662620103E0,-1.665073777E-1,4.678240299E-2
3.053624675E1,1.759710195E0,-1.175383719E-1,5.983865082E-2
3.054618575E1,1.316728061E0,-4.507101799E-1,5.046088636E-1
3.055612475E1,7.741070330E-1,-7.210792190E-1,4.710271347E-1
3.056606375E1,8.454196751E-1,-7.181839702E-1,2.539334661E-1
3.057600275E1,1.299385219E0,-4.787489676E-1,7.709729254E-2
3.058594175E1,1.613314041E0,-1.293454717E-1,-6.071222484E-2
3.059588075E1,1.589260935E0,1.492944722E-1,-7.906605005E-2
3.060581975E1,1.393782084E0,2.013362264E-1,1.295105642E-1
3.061575875E1,1.241046379E0,4.063387301E-2,3.179318261E-1
3.062569775E1,1.155080030E0,-1.926830050E-1,2.568477184E-1
3.063563675E1,1.003990316E0,-3.721280966E-1,-1.616445225E-1
3.064557575E1,5.660929209E-1,-4.938416180E-1,-3.754111254E-1
3.065551475E1,1.649294883E-1,-6.550126988E-1,1.765268558E-1
3.066545375E1,6.530608982E-1,-1.277397349E-3,-6.548121393E-1
3.067539275E1,1.701637403E0,6.761142768E-1,-2.424004179E-1
3.068533175E1,1.587623130E0,6.827317900E-1,1.520205903E-1
3.069527175E1,2.611799204E-1,4.856887355E-1,-4.667721158E-1
3.070521075E1,-2.428155702E-1,5.160533995E-1,2.290523940E-1
3.071514975E1,8.912501514E-2,4.276696651E-1,1.182750516E0
3.072508875E1,-2.277999204E-1,3.191541865E-1,3.062514281E-1
3.073502775E1,-4.997714621E-1,4.056948055E-1,-1.489320910E-1
3.074496675E1,-3.296285963E-1,6.414352448E-1,2.346282989E-1
3.075490575E1,-3.926615810E-1,7.181500563E-1,3.569766086E-1
3.076484475E1,-9.153482813E-1,5.692794342E-1,3.671478403E-1
3.077478375E1,-1.432628061E0,3.220177142E-1,3.020127815E-1
3.078472275E1,-1.682613487E0,6.676292360E-2,8.652008057E-2
3.079466175E1,-1.971339056E0,-1.522802067E-1,1.132611519E-1
3.080460075E1,-2.334089790E0,-2.350449130E-1,2.409701890E-1
3.081453975E1,-2.515886741E0,-2.389150389E-1,5.410662532E-2
3.082447875E1,-2.533793254E0,-2.635036039E-1,-1.660983467E-1
3.083441775E1,-2.533300334E0,-2.953640588E-1,-2.403515536E-1
3.084435675E1,-2.647608722E0,-3.090591149E-1,-9.938834041E-2
3.085429675E1,-2.804773693E0,-2.875484511E-1,1.272816056E-1
3.086423575E1,-2.685734323E0,-2.832650001E-1,9.908422673E-1
3.087417475E1,-2.313871288E0,-1.737115677E-1,1.082440655E0
3.088411375E1,-2.189743086E0,1.058732680E-1,-4.708242363E-1
3.089405275E1,-1.895495991E0,1.189222799E-1,-4.079137507E-1
3.090399175E1,-1.540227354E0,1.537270271E-1,1.222255182E-1
3.091393075E1,-1.191390070E0,3.680228395E-1,-1.162938103E-1
3.092386975E1,-7.409357786E-1,5.544278353E-1,-5.486892682E-1
3.093380875E1,-3.715262353E-1,6.445412857E-1,-8.178833824E-1
3.094374775E1,-2.122498351E-1,6.578244786E-1,-9.432327756E-1
3.095368675E1,-1.858174968E-1,6.359558190E-1,-1.127706582E0
3.096362575E1,4.661985040E-2,5.872013694E-1,-1.927100776E0
3.097356475E1,1.333267495E0,8.047025889E-1,-3.744808919E0
3.098350375E1,2.195056450E0,7.163546687E-1,-3.251540730E0
3.099344263E1,2.070609575E0,-6.447400180E-1,-3.147848547E-2
3.100338162E1,4.032222372E-1,-2.106971363E0,2.039484261E0
3.101332163E1,-4.886067885E-1,-2.600490689E0,1.260414112E0
3.102326062E1,5.283813035E-1,-2.403489662E0,2.037152392E-1
3.103319963E1,1.942852006E0,-1.962098116E0,6.277570724E-2
3.104313863E1,1.838910146E0,-1.189809567E0,2.189834887E-1
3.105307762E1,8.623268992E-1,-3.765705917E-1,5.648644209E-1
3.106301663E1,7.137514883E-1,1.158582932E-1,6.692173398E-1
3.107295563E1,9.412450147E-1,1.761035905E-1,4.562839651E-1
3.108289462E1,1.160800361E0,-1.285610860E-2,1.775705838E-1
3.109283363E1,1.214553815E0,-1.391305130E-1,-1.155322105E-1
3.110277263E1,1.194277425E0,-1.207111807E-1,-3.256887424E-1
3.111271162E1,1.183875813E0,-4.868479460E-2,-2.890734780E-1
3.112265063E1,1.202709695E0,-2.729676696E-2,-1.575462091E-1
3.113258963E1,1.307702299E0,-9.774183758E-2,-1.423434484E-1
3.114252863E1,1.409257910E0,-2.317828245E-1,-2.348996097E-1
3.115246763E1,1.429936588E0,-4.000784086E-1,-2.505245394E-1
3.116240662E1,1.289456647E0,-5.720276621E-1,-1.586934328E-1
3.117234663E1,1.005362658E0,-6.857170129E-1,-1.619012153E-1
3.118228562E1,7.556549746E-1,-6.831899194E-1,-2.901049268E-1
3.119222463E1,6.838213456E-1,-6.174173679E-1,-4.516272426E-1
3.120216363E1,6.980300796E-1,-5.075781528E-1,-6.894159615E-1
3.121210262E1,8.266512823E-1,-5.197783317E-1,-9.952452207E-1
3.122204163E1,8.758287048E-1,-8.096854399E-1,-1.256435666E0
3.123198063E1,6.335271049E-1,-4.798471478E-1,-6.399309754E-1
3.124191962E1,1.188590423E0,3.242472576E-1,1.832575858E-2
3.125185863E1,5.524531209E-1,6.324295825E-1,-4.667867339E-1
3.126179763E1,-2.010553408E-1,6.280373003E-1,-2.459099168E-1
3.127173662E1,2.768106973E-1,5.413361753E-1,8.074466872E-1
3.128167563E1,4.211305046E-1,6.154999197E-1,4.329310629E-1
3.129161462E1,3.140861124E-1,6.213485972E-1,5.308891743E-1
3.130155363E1,4.404532135E-2,5.784823669E-1,7.796934628E-1
3.131149263E1,-3.954735070E-1,5.217568468E-1,8.756053412E-1
3.132143162E1,-7.933192295E-1,4.833546732E-1,7.956528533E-1
3.133137163E1,-1.084000692E0,4.956344108E-1,4.639338773E-1
3.134131062E1,-1.308817363E0,4.247727352E-1,3.044592565E-1
3.135124963E1,-1.368173034E0,3.208765570E-1,1.026575187E-1
3.136118863E1,-1.497083089E0,1.786081722E-1,6.397731006E-2
3.137112762E1,-1.777357092E0,6.990989506E-2,-5.568040341E-2
3.138106663E1,-2.166463566E0,1.134491399E-2,-4.154446721E-3
3.139100563E1,-2.385320755E0,5.012525618E-3,5.714016080E-2
3.140094462E1,-2.317556203E0,6.958610550E-2,-1.510394275E-1
3.141088363E1,-2.270764444E0,1.062616693E-1,8.343976736E-4
3.142082263E1,-2.180046063E0,-1.290188134E-2,1.074599246E0
3.143076163E1,-2.430939562E0,1.380359508E-2,3.102778208E-1
3.144070063E1,-2.640755201E0,-1.372239187E-2,-3.529864687E-1
3.145063962E1,-2.304302904E0,-1.764389283E-1,-5.180106819E-2
3.146057863E1,-2.001125942E0,-2.621130630E-1,-2.148208559E-2
3.147051763E1,-1.694171094E0,-2.636470800E-1,-5.527840734E-2
3.148045662E1,-1.439050058E0,-2.017898972E-1,-3.516047716E-2
3.149039563E1,-1.315893663E0,-5.997087099E-2,-1.481576273E-1
3.150033562E1,-1.004423595E0,1.366940148E-1,-4.850741932E-1
3.151027463E1,-4.699968553E-1,3.468847895E-1,-8.706410551E-1
3.152021363E1,1.532221931E-1,5.059889892E-1,-1.862566811E0
3.153015262E1,2.606694585E0,8.879942024E-1,-4.864699236E0
3.154009163E1,5.574148927E0,9.720156947E-1,-5.038372650E0
3.155003063E1,5.432076790E0,-1.046459448E0,6.969392815E-1
3.155996962E1,9.413023174E-1,-2.947686368E0,3.494912663E0
3.156990863E1,-2.091600494E0,-2.842183594E0,1.865656480E0
3.157984762E1,-1.956913975E0,-1.675030526E0,7.969614601E-1
3.158978663E1,-7.158594096E-1,-6.427152003E-1,1.316442132E0
3.159972563E1,4.693676949E-1,-1.728042625E-1,1.443420267E0
3.160966462E1,1.013763353E0,2.187243108E-1,4.027708322E-1
3.161960363E1,1.160358896E0,5.211730388E-1,1.012778682E-1
3.162954263E1,5.308956063E-1,4.213267518E-1,4.642788631E-1
3.163948162E1,-4.483586490E-1,1.540407850E-1,3.912547410E-1
3.164942163E1,-6.203498197E-1,1.574595789E-2,5.424637377E-2
3.165936062E1,-5.599819958E-2,6.948414010E-2,-3.436022723E-1
3.166929963E1,5.718302089E-1,1.827166087E-1,-5.279298985E-1
3.167923863E1,8.573947728E-1,2.174162522E-1,-4.315280235E-1
3.168917762E1,9.469635916E-1,1.580127073E-1,-2.192600620E-1
3.169911663E1,9.849067587E-1,-4.431380904E-2,9.659600258E-3
3.170905563E1,1.043377161E0,-3.563125111E-1,1.554768795E-1
3.171899463E1,1.193382801E0,-6.373375891E-1,1.752977711E-1
3.172893363E1,1.361331207E0,-8.113685609E-1,7.630090177E-2
3.173887262E1,1.406433120E0,-8.822754063E-1,1.024519891E-1
3.174881163E1,1.360035464E0,-8.325503920E-1,1.987527072E-2
3.175875063E1,1.276094005E0,-6.618002198E-1,-4.610026681E-1
3.176868962E1,9.441902572E-1,-7.178507520E-1,-6.047775149E-2
3.177862863E1,1.588621835E0,-4.722660135E-1,-1.892486429E-1
3.178856763E1,2.682244120E0,1.408021589E-1,-1.592126656E-1
3.179850662E1,2.904792071E0,4.052816266E-1,-9.637965560E-3
3.180844663E1,2.001948645E0,3.383157681E-1,-2.956235290E-2
3.181838562E1,1.418220522E0,2.858379577E-1,1.799387062E-1
3.182832463E1,1.334857938E0,3.811030610E-1,-4.461308599E-2
3.183826363E1,1.163057386E0,6.356706210E-1,-3.197766227E-1
3.184820262E1,8.685840046E-1,4.939902469E-1,9.522687703E-1
3.185814163E1,-3.285035920E-1,1.560870364E-1,1.045758147E0
3.186808063E1,-1.011640813E0,1.545316771E-2,1.404726318E-1
3.187801963E1,-8.822191268E-1,1.373717071E-1,-5.768564755E-1
3.188795863E1,-4.109850007E-1,3.147927484E-1,-8.147621387E-1
3.189789762E1,-5.023822439E-1,3.342365677E-1,-5.204758680E-1
3.190783663E1,-1.143798997E0,2.445134555E-1,-2.765481573E-1
3.191777563E1,-1.759868655E0,1.432362451E-1,-8.800176501E-2
3.192771462E1,-2.230336795E0,8.954791501E-3,2.110739601E-1
3.193765363E1,-2.423647499E0,-1.243666224E-2,1.515165603E-1
3.194759263E1,-2.200615983E0,6.546323374E-2,-1.634559900E-1
3.195753162E1,-1.945931734E0,1.197309498E-1,5.348331213E-2
3.196747163E1,-1.835087237E0,1.806527974E-1,8.848299086E-2
3.197741062E1,-1.961463109E0,1.884171689E-1,1.160792175E-1
3.198734963E1,-2.179808081E0,1.310775449E-1,2.953580654E-1
3.199728875E1,-2.016870739E0,2.892339841E-2,8.563332108E-1
3.200722775E1,-1.841266574E0,-1.094942294E-2,7.113973993E-1
3.201716675E1,-2.015614173E0,1.078179058E-1,-8.663231787E-1
3.202710575E1,-2.119193505E0,1.106141174E-1,-7.255546778E-1
3.203704475E1,-2.192790070E0,1.836632363E-1,-2.788946450E-2
3.204698375E1,-2.053665513E0,2.650472689E-1,1.059825379E-1
3.205692275E1,-1.751225300E0,2.089908895E-1,-3.896526039E-2
3.206686175E1,-1.459326448E0,1.628287299E-1,-3.015558216E-1
3.207680075E1,-1.169215089E0,2.262628336E-1,-5.103797731E-1
3.208673975E1,-8.921506226E-1,3.640575868E-1,-6.575772876E-1
3.209667875E1,-6.763152748E-1,5.101219109E-1,-7.654157317E-1
3.210661775E1,-5.129271126E-1,5.904231121E-1,-1.036685023E0
3.211655675E1,4.403964955E-1,7.949313068E-1,-3.204829663E0
3.212649675E1,2.871044281E0,1.371835876E0,-5.142558339E0
3.213643575E1,3.823300772E0,3.245528477E-1,-1.560550522E0
3.214637475E1,9.466963738E-1,-1.860430093E0,2.060294502E0
3.215631375E1,-1.490578061E0,-2.704706491E0,9.907650840E-1
3.216625275E1,-4.377886373E-1,-2.763649641E0,3.167091733E-1
3.217619175E1,1.442402852E0,-2.575099740E0,5.397553074E-1
3.218613075E1,2.081471363E0,-1.582983511E0,1.597161108E-1
3.219606975E1,1.011195840E0,-3.652233389E-1,2.911682430E-1
3.220600875E1,8.391982377E-2,1.756054443E-1,5.207077101E-1
3.221594775E1,-1.064935845E-1,2.087481204E-1,8.884347171E-2
3.222588675E1,1.213238776E-1,2.227834845E-2,7.501977682E-4
3.223582575E1,3.206841105E-1,-1.047279995E-1,-1.188160068E-1
3.224576475E1,3.366101718E-1,-4.614925917E-2,-3.045136356E-1
3.225570375E1,3.125009322E-1,5.191011876E-2,-2.472995076E-1
3.226564275E1,2.518723226E-1,9.650257504E-2,-1.149539208E-1
3.227558175E1,3.446062392E-1,1.655666521E-3,8.874260724E-2
3.228552175E1,6.843879408E-1,-2.271019639E-1,2.572997081E-1
3.229546075E1,1.143274502E0,-4.946328559E-1,3.215845817E-1
3.230539975E1,1.450773141E0,-6.651421228E-1,2.900832921E-1
3.231533875E1,1.528736991E0,-7.211449271E-1,3.655369323E-1
3.232527775E1,1.494665850E0,-6.571490521E-1,4.724795830E-1
3.233521675E1,1.467610783E0,-5.568752605E-1,4.430072773E-1
3.234515575E1,1.476904348E0,-4.147636908E-1,-2.451503634E-2
3.235509475E1,1.314255858E0,-5.172330022E-1,2.951271003E-1
3.236503375E1,1.519636969E0,-5.492145309E-1,6.021696568E-1
3.237497275E1,2.222904400E0,1.579616172E-2,2.210305989E-1
3.238491175E1,2.440202721E0,3.656379065E-1,4.247651339E-1
3.239485075E1,1.648071645E0,3.795537315E-1,3.237743640E-1
3.240478975E1,7.807260811E-1,3.437362101E-1,1.625180966E-1
3.241472875E1,2.203113914E-1,6.494976050E-1,-5.177472648E-1
3.242466775E1,6.411542130E-1,8.661078550E-1,-1.445133501E-1
3.243460675E1,4.708265752E-1,7.369352598E-1,1.343315935E-1
3.244454675E1,-3.812788063E-1,5.732182648E-1,-3.790866852E-1
3.245448575E1,-7.826118082E-1,5.517163718E-1,-6.681508076E-1
3.246442475E1,-7.462275088E-1,5.673344310E-1,-7.021006188E-1
3.247436375E1,-7.860306752E-1,5.441752177E-1,-5.207913253E-1
3.248430275E1,-9.208861792E-1,4.623964982E-1,-4.648621228E-1
3.249424175E1,-1.004479144E0,2.886378604E-1,-5.080712923E-1
3.250418075E1,-1.273263368E0,-9.449100494E-3,2.089619458E-2
3.251411975E1,-1.546369854E0,-2.045617698E-1,4.849037468E-2
3.252405875E1,-1.557003601E0,-3.163261076E-1,-1.876991308E-1
3.253399775E1,-1.069136485E0,-4.376355133E-1,-3.641382784E-1
3.254393675E1,-5.746304405E-1,-5.337952405E-1,-3.964312810E-1
3.255387575E1,-8.157935876E-1,-5.829291013E-1,-8.123010457E-2
3.256381475E1,-1.415805037E0,-5.559087523E-1,1.612021807E-1
3.257375375E1,-1.816942742E0,-4.927081718E-1,3.223569989E-1
3.258369275E1,-1.898319612E0,-3.720625712E-1,2.413020185E-1
3.259363275E1,-1.738771901E0,-1.973979805E-1,6.934476167E-2
3.260357175E1,-1.522558238E0,-8.985993706E-2,4.209802312E-1
3.261351075E1,-1.262639562E0,-1.872439250E-2,9.951183361E-1
3.262344975E1,-1.602601358E0,2.187584440E-1,-3.455359465E-1
3.263338875E1,-1.860870534E0,1.608373144E-1,-5.444693327E-1
3.264332775E1,-1.984408752E0,1.088134673E-1,-9.344610751E-2
3.265326675E1,-1.852413706E0,1.953462656E-1,-1.375849843E-3
3.266320575E1,-1.495076324E0,2.882249739E-1,-1.096738851E-1
3.267314475E1,-1.124733565E0,4.322746033E-1,-4.379558676E-1
3.268308375E1,-8.423826313E-1,5.998981597E-1,-7.724581182E-1
3.269302275E1,-6.799569207E-1,6.714433017E-1,-8.257490569E-1
3.270296175E1,-5.827463758E-1,6.043550901E-1,-9.036219826E-1
3.271290075E1,1.466265339E-1,6.343752435E-1,-2.364688562E0
3.272283975E1,1.331001114E0,9.591958205E-1,-3.524845729E0
3.273277875E1,1.773645279E0,2.790563570E-1,-1.396919408E0
3.274271775E1,8.316372031E-1,-1.141395572E0,1.696574299E0
3.275265775E1,-5.733417141E-1,-1.857572997E0,1.642672911E0
3.276259675E1,1.440116590E-1,-1.870403688E0,5.535521051E-1
3.277253575E1,1.810932389E0,-1.769847074E0,5.163687837E-1
3.278247475E1,2.141053905E0,-1.433458951E0,6.045757860E-1
3.279241375E1,7.459094203E-1,-6.911158933E-1,3.953360975E-1
3.280235275E1,-3.557902086E-1,4.422494050E-2,6.291662514E-1
3.281229175E1,-3.140147763E-1,3.459680192E-1,8.255055204E-1
3.282223075E1,-5.968545377E-2,2.729565417E-1,2.183496505E-1
3.283216975E1,3.869289708E-1,2.260290546E-1,-2.247728169E-1
3.284210875E1,4.433949476E-1,1.591155470E-1,-1.463891369E-1
3.285204775E1,1.853041112E-2,8.082868407E-2,-1.333808362E-2
3.286198675E1,-8.373212814E-2,-1.951343086E-2,1.442940795E-1
3.287192575E1,2.230993438E-1,-1.781093134E-1,1.214887691E-1
3.288186475E1,6.960063583E-1,-3.901143512E-1,1.457716709E-1
3.289180375E1,1.089801714E0,-5.724433625E-1,1.460505831E-1
3.290174275E1,1.328560486E0,-6.879654135E-1,1.560189164E-1
3.291168275E1,1.376655005E0,-7.749832383E-1,2.253803426E-1
3.292162175E1,1.333880868E0,-8.188916617E-1,2.627288479E-1
3.293156075E1,1.363850187E0,-8.237709439E-1,2.569880515E-1
3.294149975E1,1.422632831E0,-7.819274647E-1,2.368578422E-1
3.295143875E1,1.400426860E0,-7.181719103E-1,9.118732810E-2
3.296137775E1,1.249157637E0,-6.319896526E-1,-5.027786851E-2
3.297131675E1,1.056896508E0,-5.453624218E-1,-2.138993347E-1
3.298125575E1,8.999075389E-1,-5.007131562E-1,-4.876074994E-1
3.299119475E1,1.023587844E0,-5.642353701E-1,-7.298301619E-1
3.300113425E1,1.727123662E0,-7.893765251E-1,-1.596390445E0
3.301107325E1,5.664536941E-1,-1.151192655E0,-3.613263524E-1
3.302101225E1,-2.510040110E-1,-9.604134301E-1,6.651199034E-1
3.303095125E1,5.512304682E-1,2.825136329E-1,-1.385305375E0
3.304089025E1,1.715195342E0,6.094466628E-1,-9.497477433E-1
3.305082925E1,1.668060352E0,3.169615172E-1,-1.149872500E-1
3.306076925E1,9.091192424E-1,2.843033195E-2,1.376914036E-1
3.307070825E1,2.082532632E-1,-1.069684515E-1,6.222840786E-2
3.308064725E1,-8.930803299E-2,7.643458374E-2,2.715739310E-2
3.309058625E1,3.581852281E-1,1.112807000E-1,1.271705962E0
3.310052525E1,4.326764166E-2,1.634313586E-1,1.195044580E0
3.311046425E1,-3.035991311E-1,4.670307820E-1,7.787187320E-1
3.312040325E1,-3.674255830E-1,7.266599478E-1,8.359334448E-1
3.313034225E1,-6.988352412E-1,8.261587275E-1,7.539908570E-1
3.314028125E1,-1.173356672E0,8.179632700E-1,4.821222264E-1
3.315022025E1,-1.558068963E0,7.785521594E-1,1.317839617E-1
3.316015925E1,-1.759831817E0,6.372704923E-1,8.549857199E-2
3.317009825E1,-1.760852741E0,4.504835272E-1,9.677083433E-2
3.318003725E1,-1.814498021E0,3.405038327E-1,-2.491226694E-1
3.318997625E1,-1.997919914E0,2.707069351E-1,-3.345642310E-1
3.319991525E1,-2.126077432E0,1.720676230E-1,-2.092016816E-2
3.320985425E1,-2.061849861E0,6.514456049E-2,3.467413500E-1
3.321979425E1,-1.676954552E0,-5.583783969E-2,1.040789476E0
3.322973325E1,-1.681182089E0,4.493555993E-2,-1.929785818E-1
3.323967225E1,-1.876500726E0,1.264031345E-1,-1.171272724E0
3.324961125E1,-2.052088519E0,1.970693669E-1,-7.425782615E-1
3.325955025E1,-2.177264543E0,3.841092242E-1,-3.504821062E-1
3.326948925E1,-2.135678560E0,5.114294214E-1,-3.207870215E-1
3.327942825E1,-1.956799954E0,4.820472358E-1,-3.558364016E-1
3.328936725E1,-1.816159800E0,4.433833994E-1,-4.865052992E-1
3.329930625E1,-1.660627956E0,4.815680565E-1,-6.756270576E-1
3.330924525E1,-1.382101101E0,5.746788993E-1,-9.395920068E-1
3.331918425E1,-9.601560795E-1,6.668357688E-1,-1.213928162E0
3.332912325E1,-4.637637234E-1,7.154738588E-1,-1.743007624E0
3.333906225E1,1.444951653E0,9.221781946E-1,-4.504753411E0
3.334900125E1,5.467813218E0,1.272734780E0,-6.588702824E0
3.335894025E1,6.388105904E0,-4.590112527E-1,-1.291009668E0
3.336888025E1,1.620588562E0,-2.626269601E0,3.316213566E0
3.337881925E1,-2.380503818E0,-2.700631859E0,2.285988840E0
3.338875825E1,-2.447442158E0,-1.874864383E0,9.987061876E-1
3.339869725E1,-5.354307067E-1,-1.177618561E0,1.101824175E0
3.340863625E1,7.056320447E-1,-7.115090080E-1,1.007530221E0
3.341857525E1,9.281045669E-1,-1.949042161E-1,4.080695790E-1
3.342851425E1,7.125896466E-1,3.706661099E-1,1.424615622E-1
3.343845325E1,1.532876819E-1,5.093737596E-1,7.039240730E-1
3.344839225E1,-8.586577713E-1,1.704261268E-1,9.605545673E-1
3.345833125E1,-1.447517996E0,-1.567316920E-1,6.296907467E-1
3.346827025E1,-1.000086715E0,-3.270136849E-1,3.013637406E-1
3.347820925E1,-4.707300961E-2,-3.334894032E-1,9.419659764E-2
3.348814825E1,6.250158978E-1,-2.231459753E-1,6.869396657E-2
3.349808725E1,8.129740602E-1,-1.107400518E-1,2.563296551E-1
3.350802625E1,7.183169943E-1,-1.233539578E-1,5.175715560E-1
3.351796525E1,6.882301462E-1,-2.180595190E-1,6.067813557E-1
3.352790525E1,7.837134236E-1,-3.677497015E-1,6.360878929E-1
3.353784425E1,8.791171789E-1,-4.817241772E-1,5.323392838E-1
3.354778325E1,9.248266178E-1,-5.113311151E-1,4.310523525E-1
3.355772225E1,8.822623962E-1,-4.603871025E-1,2.857002193E-1
3.356766125E1,1.054236610E0,-3.303454649E-1,-3.980758104E-1
3.357760025E1,1.544148497E0,-2.933634157E-1,-5.986876398E-1
3.358753925E1,1.543763165E0,-3.723226992E-1,2.078509748E-1
3.359747825E1,1.398545226E0,-1.693691695E-1,3.150503182E-1
3.360741725E1,1.315565634E0,-4.473913003E-2,2.035094172E-1
3.361735625E1,1.116248086E0,-1.596351269E-1,-3.502482176E-2
3.362729525E1,1.029083058E0,-2.468464580E-1,-2.568898183E-1
3.363723425E1,1.450072060E0,-3.216864329E-1,-4.988809311E-1
3.364717325E1,2.226534351E0,-5.326484919E-1,-1.141634942E0
3.365711225E1,1.096355858E0,-8.064643550E-1,-1.512756550E-1
3.366705125E1,1.942602915E-1,-5.736109053E-1,5.782276475E-1
3.367699125E1,2.666774726E-1,1.203123824E-1,-7.905169514E-1
3.368693025E1,7.761933196E-1,3.640804640E-1,-1.266307520E0
3.369686925E1,1.068847048E0,3.864922569E-1,-9.559349746E-1
3.370680825E1,8.581572497E-1,3.226305755E-1,-5.419988841E-1
3.371674725E1,2.972917396E-1,5.028532371E-2,-6.237985075E-2
3.372668625E1,-2.641924059E-1,-2.407019480E-1,2.631904855E-1
3.373662525E1,-5.159933925E-1,-2.803893395E-1,4.227224091E-1
3.374656425E1,-5.215821612E-1,-5.421041340E-2,4.228378916E-1
3.375650325E1,-7.042713976E-1,4.663664652E-1,1.454512435E-1
3.376644225E1,-5.126634032E-1,5.970974895E-1,1.416666332E0
3.377638125E1,-1.116788954E0,4.337642911E-1,1.752983851E0
3.378632025E1,-1.561482568E0,5.754491968E-1,8.921535462E-1
3.379625925E1,-1.358550856E0,7.925590914E-1,6.654160649E-1
3.380619825E1,-1.241738105E0,9.165050067E-1,1.500401384E-1
3.381613725E1,-1.154151492E0,9.627735856E-1,-5.575097930E-1
3.382607625E1,-1.224785857E0,7.302689955E-1,-7.135181844E-1
3.383601625E1,-1.292042286E0,1.954746120E-1,-2.758067304E-1
3.384595525E1,-1.334483716E0,-4.023607962E-1,1.964079738E-2
3.385589425E1,-1.557690064E0,-7.661277764E-1,-6.915560424E-2
3.386583325E1,-1.650014091E0,-6.817088927E-1,-3.438805997E-1
3.387577225E1,-1.566868438E0,-3.462602703E-1,-2.309261343E-1
3.388571125E1,-1.616292613E0,-7.487067282E-3,5.986964107E-3
3.389565025E1,-1.659642701E0,1.902678126E-1,1.632019284E-1
3.390558925E1,-1.382464798E0,1.226555809E-1,6.058683130E-1
3.391552825E1,-1.677849176E0,5.085177273E-2,-2.478234181E-1
3.392546725E1,-1.948025038E0,1.198875090E-1,-7.821703434E-1
3.393540625E1,-1.730079430E0,2.858668649E-1,-8.547646952E-1
3.394534525E1,-1.302888286E0,2.653289585E-1,-3.813378632E-1
3.395528425E1,-1.469207658E0,1.284001780E-1,1.955343997E-1
3.396522325E1,-1.723772623E0,1.063172179E-1,5.128677633E-1
3.397516225E1,-1.673917508E0,9.057220101E-2,4.779753810E-1
3.398510225E1,-1.494527271E0,1.823590149E-1,1.516068998E-1
3.399504075E1,-1.204998879E0,4.346675397E-1,-2.382564962E-1
3.400497975E1,-9.288448244E-1,7.419928821E-1,-5.594475603E-1
3.401491875E1,-7.757565325E-1,9.699886112E-1,-8.764064097E-1
3.402485775E1,3.293520230E-1,1.254838938E0,-2.824766493E0
3.403479675E1,5.295275917E0,2.322349458E0,-7.885528132E0
3.404473575E1,7.970708615E0,2.003147617E0,-6.243077999E0
3.405467475E1,3.577110774E0,-1.504164067E0,1.761643869E0
3.406461375E1,-1.919546174E0,-3.729398874E0,3.988886318E0
3.407455275E1,-2.964374029E0,-3.623211392E0,1.458144726E0
3.408449175E1,-6.918144894E-1,-2.907055528E0,6.437977391E-1
3.409443075E1,1.350513273E0,-1.933024883E0,1.255753881E0
3.410436975E1,2.022021552E0,-7.720406270E-1,1.325236344E0
3.411430875E1,1.993720443E0,1.367212044E-1,5.386320573E-1
3.412424775E1,1.830842158E0,3.853175513E-1,2.525470912E-1
3.413418775E1,1.159673603E0,1.011999540E-1,3.250353161E-1
3.414412675E1,3.532472545E-1,-2.819662970E-1,3.217105892E-1
3.415406575E1,2.083602673E-1,-4.675394532E-1,2.187039918E-1
3.416400475E1,4.807498848E-1,-3.955493381E-1,-7.435202479E-2
3.417394375E1,7.059080333E-1,-1.889657108E-1,-1.565363950E-1
3.418388275E1,6.634069616E-1,-1.019345105E-2,5.240450084E-2
3.419382175E1,4.781344253E-1,2.806188427E-2,2.759023324E-1
3.420376075E1,3.663537884E-1,-6.245104060E-2,3.477383003E-1
3.421369975E1,3.859133095E-1,-2.106890671E-1,2.734427011E-1
3.422363875E1,5.029523474E-1,-3.427258477E-1,1.416163471E-1
3.423357775E1,7.146309096E-1,-4.067199685E-1,4.795886278E-2
3.424351675E1,8.926523137E-1,-3.918543729E-1,-1.201053178E-1
3.425345575E1,7.599450767E-1,-3.215928409E-1,-3.743618426E-1
3.426339475E1,5.743936282E-1,-3.784953124E-1,3.780590370E-1
3.427333375E1,1.137036107E0,1.238240008E-1,6.896147668E-2
3.428327275E1,1.910408730E0,5.663398927E-1,3.018654317E-1
3.429321275E1,1.612897720E0,4.779617862E-1,2.760517287E-1
3.430315175E1,1.032372116E0,1.924660733E-1,-3.660123110E-2
3.431309075E1,6.870285434E-1,2.059709488E-1,-4.053833681E-1
3.432302975E1,2.001876140E-1,5.211523908E-1,-2.766446364E-1
3.433296875E1,1.753948349E-1,6.441919146E-1,5.236093909E-1
3.434290775E1,-4.501414651E-1,4.332047126E-1,2.819006985E-1
3.435284675E1,-9.598087549E-1,2.399454644E-1,-4.469021076E-1
3.436278575E1,-1.078303165E0,2.825361447E-1,-7.021965131E-1
3.437272475E1,-1.205891749E0,3.657854390E-1,-6.158261213E-1
3.438266375E1,-1.472080395E0,3.732441473E-1,-5.923203143E-1
3.439260275E1,-1.858470252E0,2.190786521E-1,-3.295397186E-1
3.440254175E1,-2.215423472E0,-7.666328296E-2,5.840520591E-2
3.441248075E1,-2.453848953E0,-3.446533093E-1,-3.492717326E-2
3.442241975E1,-2.575054132E0,-4.864734319E-1,-3.233565804E-1
3.443235975E1,-2.531948458E0,-5.379156272E-1,-3.448190778E-2
3.444229875E1,-2.539811209E0,-4.484592211E-1,2.171357685E-1
3.445223775E1,-2.674868442E0,-2.260314301E-1,7.569396079E-2
3.446217675E1,-2.618240497E0,-3.587091386E-2,5.570788532E-1
3.447211575E1,-2.140082098E0,9.782837637E-2,1.346729540E0
3.448205475E1,-1.980392885E0,4.510939034E-1,-1.786496875E-1
3.449199375E1,-1.744236124E0,5.699300831E-1,-1.063654720E0
3.450193275E1,-1.423957810E0,6.067270497E-1,-8.029846770E-1
3.451187175E1,-1.326934960E0,7.099277017E-1,-5.586049765E-1
3.452181075E1,-1.339697093E0,7.577905970E-1,-6.576228958E-1
3.453174975E1,-1.264159838E0,7.749934709E-1,-1.028748889E0
3.454168875E1,-1.137944180E0,7.744540653E-1,-1.288141024E0
3.455162775E1,-1.074276772E0,7.109154426E-1,-1.249566942E0
3.456156675E1,-9.642783666E-1,6.063726719E-1,-1.354275956E0
3.457150575E1,-1.215548426E-1,6.783414081E-1,-2.888288597E0
3.458144575E1,1.353466117E0,9.798316678E-1,-3.964401687E0
3.459138475E1,2.008662418E0,1.729811225E-1,-1.696025246E0
3.460132375E1,1.364938939E0,-1.588826049E0,1.397936531E0
3.461126275E1,1.994567120E-1,-2.776193380E0,1.493661298E0
3.462120175E1,1.076953627E0,-3.169099375E0,6.803352356E-1
3.463114075E1,2.552048846E0,-3.246479088E0,9.341394782E-1
3.464107975E1,2.549844446E0,-2.691681233E0,9.505397487E-1
3.465101875E1,1.119187481E0,-1.466475108E0,1.042076740E0
3.466095775E1,6.773940861E-1,-3.740878274E-1,1.477400191E0
3.467089675E1,1.136182414E0,3.079585958E-1,7.799150723E-1
3.468083575E1,1.529787735E0,5.103632182E-1,1.772004551E-1
3.469077475E1,1.432173733E0,4.544489627E-1,1.324201387E-1
3.470071375E1,9.348177552E-1,3.113565956E-1,-3.940701753E-2
3.471065275E1,5.720348614E-1,1.416387676E-1,-2.242240557E-1
3.472059175E1,4.525604582E-1,3.437011633E-3,-1.778494960E-1
3.473053075E1,4.997363788E-1,-1.538637789E-1,-1.723516515E-1
3.474047075E1,7.578213680E-1,-3.302617036E-1,-2.140881997E-1
3.475040975E1,1.175882669E0,-4.668584353E-1,-2.112254030E-1
3.476034875E1,1.405270109E0,-5.443974485E-1,-2.180549508E-1
3.477028775E1,1.311753250E0,-6.110396636E-1,-1.650417548E-1
3.478022675E1,1.179516714E0,-7.022906533E-1,1.650785923E-2
3.479016575E1,1.186394209E0,-8.366079211E-1,1.166811883E-1
3.480010475E1,1.312101744E0,-9.588436720E-1,1.161724806E-2
3.481004375E1,1.042461487E0,-1.151663283E0,-4.048904479E-2
3.481998275E1,1.002060151E0,-1.610847394E0,8.678086638E-1
3.482992175E1,2.027966416E0,-1.073804609E0,-2.852382892E-1
3.483986075E1,2.540465512E0,-1.368919613E-1,1.709123594E-1
3.484979975E1,2.047024831E0,5.512963224E-1,6.508681923E-1
3.485973875E1,1.134397843E0,7.132101092E-1,7.127972227E-1
3.486967775E1,6.933751112E-1,5.866270266E-1,4.374436516E-1
3.487961675E1,7.714675999E-1,5.055644814E-1,2.332261366E-1
3.488955675E1,6.143458986E-1,5.026071424E-1,1.939702696E-1
3.489949575E1,3.459914446E-1,5.725855230E-1,-3.299461001E-1
3.490943475E1,-1.646575928E-1,5.488537212E-1,-3.475459269E-1
3.491937375E1,-9.228409034E-1,3.615474502E-1,1.898093909E-1
3.492931275E1,-1.459583141E0,1.902483706E-1,3.001785100E-2
3.493925175E1,-1.704394366E0,6.130505942E-2,-2.308887121E-1
3.494919075E1,-1.885584961E0,-4.289305441E-2,-3.686669469E-2
3.495912975E1,-2.420901062E0,-7.517604366E-2,3.413148415E-1
3.496906875E1,-2.703706909E0,-4.300305516E-2,1.232055116E-1
3.497900775E1,-2.452467256E0,-1.210660885E-1,-2.205663300E-1
3.498894675E1,-1.932011853E0,-3.252646000E-1,-3.451184553E-1
3.499888588E1,-1.323881544E0,-5.255115632E-1,3.883112526E-1
3.500882487E1,-1.074786065E0,-4.139512932E-1,-3.886620855E-1
3.501876388E1,-1.612649213E0,-1.962560192E-1,-1.137338993E0
3.502870387E1,-1.874398652E0,4.930993505E-2,-9.795039314E-1
3.503864288E1,-1.971147852E0,1.616299776E-1,-5.689767677E-1
3.504858188E1,-1.964778480E0,1.633537368E-1,-1.588209021E-1
3.505852087E1,-1.802439308E0,1.928469463E-1,-3.519889337E-1
3.506845988E1,-1.951736265E0,3.400115702E-1,-1.328063765E0
3.507839888E1,-1.943158985E0,4.149837653E-1,-1.327820521E0
3.508833788E1,-1.462530137E0,5.832729907E-1,-1.619922857E0
3.509827688E1,-8.514668655E-1,6.808799768E-1,-2.254879021E0
3.510821587E1,3.854309142E-2,5.866319237E-1,-2.961422939E0
3.511815488E1,1.653469795E0,8.251017702E-1,-4.515407038E0
3.512809388E1,2.434299372E0,5.016437405E-1,-2.877203738E0
3.513803287E1,2.331196588E0,-1.343170778E0,1.551388812E0
3.514797188E1,9.269444793E-1,-2.796140572E0,2.705516330E0
3.515791088E1,-1.206327367E-1,-2.840342891E0,1.303453420E0
3.516784987E1,-1.456284142E-1,-1.877798516E0,6.862084714E-1
3.517778888E1,-4.817415726E-1,-7.166859135E-1,1.344179569E0
3.518772887E1,-3.086289060E-1,-1.055532061E-2,2.053018227E0
3.519766788E1,3.210250032E-1,3.639512406E-1,1.433233833E0
3.520760688E1,7.080317420E-1,4.478937954E-1,9.551064241E-1
3.521754587E1,5.681669283E-1,2.875681489E-1,1.012896211E0
3.522748488E1,-3.698013067E-2,3.930904012E-2,9.108897793E-1
3.523742388E1,-3.568035311E-1,-1.251041025E-1,6.690922093E-1
3.524736288E1,-1.348461485E-1,-1.305630265E-1,4.207986751E-1
3.525730188E1,2.872310203E-1,-7.940504238E-2,3.323101294E-1
3.526724087E1,5.708929002E-1,-4.171103977E-2,4.225642419E-1
3.527717988E1,6.656902993E-1,-6.044807687E-2,4.760750359E-1
3.528711888E1,6.630450189E-1,-1.540629862E-1,5.920259070E-1
3.529705787E1,6.963092440E-1,-2.667799450E-1,6.966355187E-1
3.530699688E1,8.388105673E-1,-3.198605667E-1,6.993790323E-1
3.531693588E1,9.505227917E-1,-3.637627409E-1,6.763170290E-1
3.532687588E1,1.010983586E0,-3.691005910E-1,5.014285630E-1
3.533681488E1,1.169170066E0,-3.200173818E-1,3.469597435E-1
3.534675387E1,1.428401694E0,-2.772215739E-1,1.958276376E-1
3.535669288E1,1.880822988E0,-3.335402374E-1,-2.338611442E-1
3.536663188E1,1.517295159E0,-3.961717742E-1,-1.582771111E-1
3.537657087E1,1.131944352E0,-2.307055481E-1,2.440709674E-1
3.538650988E1,1.218114769E0,2.522873287E-1,-6.308721766E-1
3.539644887E1,1.511145058E0,4.133917512E-1,-9.240214562E-1
3.540638788E1,1.527331320E0,3.506413332E-1,-4.518494368E-1
3.541632688E1,1.750945219E0,5.660747214E-1,-6.724587438E-1
3.542626587E1,1.997981309E0,5.436498454E-1,-3.932287610E-1
3.543620488E1,1.703524885E0,1.279761817E-1,-5.347366422E-2
3.544614388E1,1.103174297E0,-1.930855858E-1,-1.288726330E-2
3.545608287E1,6.740728676E-1,-2.467059421E-1,2.206657326E-1
3.546602188E1,3.733786333E-1,-7.857122943E-2,4.521593392E-1
3.547596187E1,-4.494631881E-1,3.091654611E-1,1.120940477E-1
3.548590088E1,-9.163481551E-1,6.818714453E-1,6.509716880E-1
3.549583988E1,-1.179769898E0,5.982093376E-1,1.409557872E0
3.550577887E1,-1.748384138E0,5.674733023E-1,5.825393844E-1
3.551571788E1,-1.954166368E0,6.675719333E-1,3.870429915E-1
3.552565688E1,-1.808121632E0,8.852140707E-1,-3.342090127E-1
3.553559588E1,-1.764349376E0,9.657334462E-1,-5.907272404E-1
3.554553488E1,-2.049851959E0,8.363928898E-1,-3.533238530E-1
3.555547387E1,-2.432500184E0,5.182683979E-1,-2.925326908E-1
3.556541288E1,-2.483273311E0,8.801842958E-2,-2.659731755E-1
3.557535188E1,-2.320552316E0,-1.983242525E-1,-3.009561896E-1
3.558529087E1,-1.999533160E0,-2.005203205E-1,-4.014976010E-1
3.559522988E1,-1.734607514E0,-7.096356332E-2,-2.780017751E-1
3.560516888E1,-1.419646073E0,1.352490216E-2,5.109136239E-1
3.561510787E1,-1.595015180E0,1.559540123E-1,-1.693587542E-1
3.562504788E1,-1.908036515E0,1.221540360E-1,-7.839967212E-1
3.563498687E1,-1.993349730E0,8.661071241E-2,-6.075900257E-1
3.564492588E1,-1.878069534E0,1.151202741E-1,-4.002357718E-1
3.565486488E1,-1.631890061E0,7.676575541E-2,-3.184311783E-1
3.566480387E1,-1.333199667E0,4.897627831E-2,-1.970125759E-1
3.567474288E1,-1.158880135E0,1.471422583E-1,-1.935422534E-1
3.568468188E1,-1.089508769E0,3.446556482E-1,-3.385099322E-1
3.569462088E1,-1.030359505E0,5.338876996E-1,-4.959792504E-1
3.570455988E1,-8.758433229E-1,6.746309844E-1,-6.233196205E-1
3.571449887E1,-6.501279348E-1,7.460937537E-1,-7.770014048E-1
3.572443788E1,-4.067668194E-1,7.844557276E-1,-1.024246241E0
3.573437688E1,-2.668786168E-2,8.197455014E-1,-2.111455007E0
3.574431587E1,2.349457442E0,1.196496443E0,-5.474191945E0
3.575425488E1,5.009669253E0,9.428845739E-1,-4.317387571E0
3.576419388E1,3.693980827E0,-1.315230150E0,1.650273707E0
3.577413388E1,-1.185669154E-1,-2.869132242E0,2.482530130E0
3.578407288E1,-6.820490545E-1,-3.122257330E0,8.624146074E-1
3.579401187E1,8.892106426E-1,-2.956878483E0,3.836346495E-1
3.580395088E1,1.386332147E0,-2.097632774E0,4.752909243E-1
3.581388988E1,1.169137906E0,-8.348948331E-1,1.276303335E0
3.582382887E1,1.351748790E0,7.055846091E-2,1.012495676E0
3.583376788E1,1.424698652E0,2.933311281E-1,3.304624093E-1
3.584370687E1,1.075340381E0,4.577525664E-2,2.627516520E-1
3.585364588E1,6.094447625E-1,-2.965992831E-1,1.917939359E-1
3.586358488E1,5.362048781E-1,-5.653421384E-1,9.835016727E-2
3.587352387E1,7.000766051E-1,-6.362597280E-1,8.100147843E-3
3.588346288E1,8.590869570E-1,-4.881801245E-1,-1.100735423E-1
3.589340188E1,9.324262440E-1,-3.058384685E-1,-1.070040464E-4
3.590334087E1,9.741051972E-1,-2.149051289E-1,1.759625995E-1
3.591328088E1,9.819439745E-1,-2.124364709E-1,2.849570382E-1
3.592321987E1,9.610571355E-1,-2.602430869E-1,1.269553310E-1
3.593315888E1,4.770392418E-1,-4.111082673E-1,7.432404587E-1
3.594309788E1,5.700760442E-1,-1.004587098E-1,7.722172129E-1
3.595303687E1,1.692608133E0,5.119850530E-1,8.603499556E-1
3.596297588E1,2.141338665E0,6.502535769E-1,6.515327284E-1
3.597291488E1,1.650837379E0,4.480017496E-1,4.258556396E-2
3.598285388E1,1.351934731E0,2.752903482E-1,-1.237899408E-1
3.599279288E1,1.360369924E0,2.627327216E-1,-3.217714003E-1
3.600273129E1,1.141855382E0,2.649664311E-1,-6.377371001E-1
3.601267029E1,5.703906244E-1,4.507477482E-1,-8.181368592E-1
3.602260929E1,3.441448939E-1,4.409603132E-1,2.442738658E-1
3.603254829E1,-2.927145392E-1,2.127586891E-1,1.794785303E-1
3.604248729E1,-8.527503294E-1,-1.026259437E-2,-4.889219534E-1
3.605242729E1,-1.012336632E0,1.267895624E-3,-7.720423812E-1
3.606236629E1,-1.050665131E0,2.234071266E-1,-7.519963717E-1
3.607230529E1,-1.276543656E0,4.142863387E-1,-6.088617951E-1
3.608224429E1,-1.605757685E0,4.411572182E-1,-5.217710263E-1
3.609218329E1,-1.965256782E0,3.086964414E-1,-3.200923723E-1
3.610212229E1,-2.206954949E0,9.253745019E-2,-3.309535754E-1
3.611206129E1,-2.262119336E0,-1.198429240E-1,-2.766294336E-1
3.612200029E1,-2.199833041E0,-2.634885474E-1,-3.932615054E-1
3.613193929E1,-2.078016828E0,-3.076085669E-1,-5.667150646E-1
3.614187829E1,-2.028162298E0,-3.531615197E-1,-4.250440460E-1
3.615181729E1,-2.166112148E0,-3.844632000E-1,-1.651920283E-1
3.616175629E1,-2.237446425E0,-3.660849626E-1,2.205698383E-1
3.617169529E1,-1.912895551E0,-3.865497058E-1,1.246436343E0
3.618163429E1,-1.737476742E0,-1.342892012E-1,3.061303908E-1
3.619157329E1,-1.634739409E0,2.017143220E-2,-6.761132535E-1
3.620151329E1,-1.312390596E0,5.309644572E-2,-2.838296950E-1
3.621145229E1,-1.041790811E0,1.852702705E-1,-2.168849230E-2
3.622139129E1,-8.625450003E-1,2.697428754E-1,-9.277835548E-2
3.623133029E1,-7.723324031E-1,2.824199313E-1,-2.260919487E-1
3.624126929E1,-8.174220371E-1,3.595294299E-1,-3.406456277E-1
3.625120829E1,-8.952204108E-1,5.037834560E-1,-5.650743359E-1
3.626114729E1,-8.070847446E-1,6.784557943E-1,-8.308630317E-1
3.627108629E1,-6.025596660E-1,7.828505208E-1,-1.006757511E0
3.628102529E1,1.361079776E-1,9.108238520E-1,-2.398405069E0
3.629096429E1,1.599082503E0,1.212120569E0,-3.617132626E0
3.630090329E1,2.277001085E0,4.457135879E-1,-1.435734102E0
3.631084229E1,1.306182607E0,-1.304848273E0,1.541209979E0
3.632078129E1,-5.641978383E-3,-2.425146725E0,1.337455271E0
3.633072029E1,8.226365840E-1,-2.667175845E0,3.893859708E-1
3.634065929E1,2.045839015E0,-2.435253199E0,2.977641946E-1
3.635059929E1,1.477337626E0,-1.562572927E0,1.663626409E-1
3.636053829E1,1.373300457E-1,-3.899047650E-1,5.188307539E-1
3.637047729E1,-2.504760075E-1,4.405934370E-1,9.606639102E-1
3.638041629E1,-1.398975581E-1,6.018534686E-1,7.233485234E-1
3.639035529E1,1.496466208E-1,3.306889158E-1,-4.374594390E-2
3.640029429E1,2.812317771E-1,6.004366882E-2,-3.699319920E-1
3.641023329E1,9.918690383E-2,-3.286660532E-2,-2.396668446E-1
3.642017229E1,-2.668716002E-1,-1.783498532E-2,-2.046198034E-1
3.643011129E1,-4.672007167E-1,6.985686813E-3,-1.125641638E-1
3.644005029E1,-3.312061751E-1,-4.069663008E-2,5.497201324E-2
3.644998929E1,2.784210205E-2,-1.981089288E-1,1.757418671E-1
3.645992829E1,5.239040905E-1,-4.437855417E-1,3.221617019E-1
3.646986729E1,9.734315979E-1,-6.669168989E-1,4.106715900E-1
3.647980629E1,1.247905163E0,-8.189703798E-1,5.105011028E-1
3.648974629E1,1.265826879E0,-8.302767753E-1,5.650790137E-1
3.649968529E1,1.200005942E0,-7.093631530E-1,5.060537106E-1
3.650962429E1,1.324841073E0,-5.053281077E-1,4.058833051E-1
3.651956329E1,1.475398690E0,-3.059817984E-1,3.073109436E-1
3.652950229E1,1.494905001E0,-1.903869131E-1,1.768274027E-1
3.653944129E1,1.599354399E0,-2.930990119E-1,6.278155446E-3
3.654938029E1,1.972429562E0,-6.346586142E-1,-7.458094329E-1
3.655931929E1,1.101762779E0,-1.024039761E0,1.810028994E-1
3.656925829E1,4.085420340E-1,-7.627768832E-1,5.802671564E-1
3.657919729E1,5.182276136E-1,8.189465890E-2,-8.302905893E-1
3.658913629E1,1.210140336E0,3.938028844E-1,-1.018232672E0
3.659907529E1,1.694824228E0,3.560622137E-1,-8.180047122E-1
3.660901429E1,1.704427110E0,1.475120581E-1,-7.487055588E-1
3.661895329E1,1.483043339E0,-1.832282766E-1,-5.570893782E-1
3.662889329E1,1.235314938E0,-4.864049464E-1,-2.756146494E-1
3.663883229E1,9.811779892E-1,-6.429411951E-1,1.399992996E-1
3.664877129E1,6.246516162E-1,-6.350459191E-1,3.754663816E-1
3.665871029E1,3.947344190E-1,-3.776656656E-1,2.840589058E-1
3.666864929E1,1.134353989E-1,2.293256052E-1,1.671020213E-1
3.667858829E1,-1.208303726E-1,8.043214966E-1,6.020076889E-1
3.668852729E1,1.207175213E-1,8.861257978E-1,1.322385827E0
3.669846629E1,-1.868565470E-1,7.040112696E-1,9.807210293E-1
3.670840529E1,-4.892067128E-1,5.649321024E-1,8.606624892E-1
3.671834429E1,-7.909540308E-1,4.795066206E-1,9.764923230E-1
3.672828329E1,-1.277344725E0,4.233514233E-1,8.353586635E-1
3.673822229E1,-1.543855551E0,4.286900774E-1,4.836407483E-1
3.674816129E1,-1.641633861E0,4.347865306E-1,3.085996699E-1
3.675810029E1,-1.805189838E0,3.060483836E-1,5.701520580E-1
3.676804029E1,-1.907585694E0,9.826596737E-2,6.698114169E-1
3.677797929E1,-1.895367352E0,-1.030937210E-1,2.683187860E-1
3.678791829E1,-1.911779317E0,-2.552543521E-1,1.276952961E-1
3.679785729E1,-1.834363936E0,-3.159623377E-1,3.051422113E-1
3.680779629E1,-1.472032447E0,-4.215498962E-1,1.156659363E0
3.681773529E1,-1.324613616E0,-2.835702248E-1,3.357453686E-1
3.682767429E1,-1.495661631E0,-1.179906723E-1,-9.584106857E-1
3.683761329E1,-1.635894819E0,5.143035471E-2,-1.111949798E0
3.684755229E1,-1.712367629E0,2.333930746E-1,-7.645345563E-1
3.685749129E1,-1.769144093E0,3.084368981E-1,-6.260572869E-1
3.686743029E1,-1.763429609E0,2.507649330E-1,-8.086360109E-1
3.687736929E1,-1.654787173E0,1.712827074E-1,-1.025679686E0
3.688730829E1,-1.505518867E0,1.007798316E-1,-1.108884395E0
3.689724729E1,-1.344625711E0,8.277574293E-2,-1.200733628E0
3.690718729E1,-1.120396686E0,1.502466913E-1,-1.483412883E0
3.691712629E1,-6.753826439E-1,2.787679797E-1,-1.937983614E0
3.692706529E1,2.001706570E-1,3.717227749E-1,-2.882647496E0
3.693700429E1,2.997533004E0,5.230609951E-1,-4.867749728E0
3.694694329E1,5.954547143E0,2.107673467E-1,-3.252032481E0
3.695688229E1,4.067481083E0,-1.555678475E0,2.046421398E0
3.696682129E1,-1.004533523E0,-2.329525453E0,2.523683419E0
3.697676029E1,-2.971661999E0,-1.630333678E0,9.022917411E-1
3.698669929E1,-2.088566374E0,-7.675785436E-1,4.729365429E-1
3.699663913E1,-5.526063180E-1,-3.465309964E-1,6.706931770E-1
3.700657813E1,1.883931953E-1,-8.950946957E-2,3.868658209E-1
3.701651713E1,3.646358764E-1,2.690537079E-1,-1.188774025E-1
3.702645612E1,3.938450575E-2,3.929946531E-1,-1.276990968E-1
3.703639513E1,-8.638284642E-1,2.128284902E-1,6.451730043E-2
3.704633512E1,-1.612796563E0,7.472010702E-3,1.994830245E-1
3.705627413E1,-1.641323374E0,-8.006446213E-2,1.731375173E-1
3.706621313E1,-9.144016171E-1,-4.379191764E-2,1.533753902E-1
3.707615212E1,1.252765954E-2,1.869300026E-2,3.075898558E-1
3.708609113E1,6.211906493E-1,4.090686489E-2,5.872247583E-1
3.709603013E1,9.642052764E-1,-1.579004042E-3,9.083515030E-1
3.710596912E1,1.174662355E0,-1.103302351E-1,1.183961767E0
3.711590813E1,1.374872189E0,-2.233285912E-1,1.275845791E0
3.712584713E1,1.584589595E0,-3.321192178E-1,1.289415717E0
3.713578612E1,1.720307563E0,-4.136050650E-1,1.330078131E0
3.714572513E1,1.728983662E0,-4.370276587E-1,1.267226118E0
3.715566412E1,1.647310923E0,-3.640399721E-1,1.080490901E0
3.716560313E1,1.556417710E0,-1.891866259E-1,6.090342879E-1
3.717554213E1,1.988121734E0,1.501831759E-2,-4.548025730E-1
3.718548112E1,2.532568848E0,6.638435293E-2,-2.564974701E-1
3.719542113E1,1.771160213E0,5.055575743E-3,6.951795620E-1
3.720536012E1,4.243628454E-1,1.702692753E-1,5.690405023E-1
3.721529913E1,-1.173395848E-1,3.883821135E-1,1.562832105E-1
3.722523813E1,1.092622411E-1,4.501299534E-1,-2.696355790E-2
3.723517712E1,5.448470628E-1,3.892915383E-1,-3.034973896E-1
3.724511613E1,1.195334017E0,1.561963063E-1,-6.825893372E-1
3.725505513E1,8.227289701E-1,-1.222679105E-1,-7.568328962E-1
3.726499412E1,-8.771291256E-2,-2.937907923E-1,1.567112267E-2
3.727493313E1,-1.244714338E-1,6.457058318E-2,-4.407218930E-1
3.728487213E1,4.437481195E-1,3.040891278E-1,-8.365655288E-1
3.729481113E1,8.764274597E-1,2.601620664E-1,-7.868902159E-1
3.730475013E1,8.688167238E-1,1.638862719E-1,-6.899924970E-1
3.731468912E1,6.431019205E-1,4.766197041E-2,-5.319884509E-1
3.732462813E1,5.390583193E-1,-8.912698857E-2,-4.965587094E-1
3.733456812E1,5.792532492E-1,-2.073931378E-1,-2.887916422E-1
3.734450713E1,5.542406148E-1,-2.671332631E-1,1.609446108E-2
3.735444613E1,4.617084271E-1,-2.164878239E-1,1.597272205E-1
3.736438512E1,3.325451875E-1,-2.005847861E-1,4.417524648E-1
3.737432413E1,1.097364503E-1,-2.283119904E-1,7.754171017E-1
3.738426313E1,-8.496881425E-2,-3.080149484E-1,1.006049706E0
3.739420212E1,-1.296408402E0,-3.566420017E-1,1.227423244E0
3.740414113E1,-2.820400962E0,-2.887267381E-2,1.084667274E0
3.741408013E1,-2.850674336E0,2.231240483E-1,1.990008046E0
3.742401912E1,-2.688337503E0,5.958024774E-1,9.333986360E-1
3.743395813E1,-1.808554911E0,1.208287354E0,-6.620708728E-1
3.744389712E1,-1.045144190E0,1.471708366E0,-1.162241992E0
3.745383613E1,-1.259347579E0,1.139740006E0,-8.186952683E-1
3.746377613E1,-1.992194320E0,6.143980850E-1,-6.369126427E-1
3.747371513E1,-2.459167580E0,2.081564918E-2,-4.714501807E-1
3.748365413E1,-2.586055668E0,-4.377911223E-1,-4.627963015E-1
3.749359312E1,-2.355423941E0,-6.070074968E-1,-2.032123786E-1
3.750353213E1,-1.903620113E0,-4.704174162E-1,1.458541167E-1
3.751347113E1,-1.867802408E0,-1.091966061E-1,-6.049163863E-1
3.752341012E1,-1.769621226E0,1.146217990E-1,-9.654694444E-1
3.753334913E1,-1.508733666E0,2.621575749E-1,-9.578832668E-1
3.754328813E1,-1.215331494E0,3.561361445E-1,-9.860826337E-1
3.755322712E1,-9.932536590E-1,3.445912557E-1,-1.054124928E0
3.756316613E1,-8.758006382E-1,2.991566359E-1,-1.104252523E0
3.757310513E1,-8.259425998E-1,3.142013025E-1,-1.180251124E0
3.758304413E1,-7.687123919E-1,3.100627164E-1,-1.137210647E0
3.759298313E1,-7.137666911E-1,2.714035577E-1,-1.014693060E0
3.760292312E1,-6.537380058E-1,1.705168683E-1,-8.240174040E-1
3.761286213E1,-5.235836631E-1,2.754915655E-3,-7.274330959E-1
3.762280112E1,-1.993497080E-1,-1.987592854E-1,-7.063609001E-1
3.763274013E1,1.964214224E-1,-3.951314084E-1,-7.440277863E-1
3.764267913E1,1.018010185E0,-4.634777945E-1,-1.936654542E0
3.765261812E1,2.891390253E0,-1.240816072E-1,-3.605611857E0
3.766255713E1,3.810563782E0,-6.602156974E-1,-1.044302191E0
3.767249613E1,1.919633882E0,-2.170315127E0,2.329521360E0
3.768243512E1,-2.816972154E-1,-2.863463074E0,1.869240239E0
3.769237413E1,2.586469066E-1,-2.721254404E0,5.827060300E-1
3.770231313E1,1.997390156E0,-2.449815105E0,7.367965347E-1
3.771225212E1,2.414870244E0,-1.965662579E0,9.184926215E-1
3.772219113E1,1.853777862E0,-1.125703399E0,6.611747870E-1
3.773213013E1,1.693117425E0,-3.474895012E-1,6.142745626E-1
3.774207013E1,1.816323522E0,6.852595048E-2,5.189982766E-1
3.775200913E1,1.795591049E0,1.775423710E-1,3.083274820E-1
3.776194813E1,1.666033707E0,1.820452021E-1,6.116479933E-3
3.777188713E1,1.561403046E0,2.084298857E-1,-2.561513150E-1
3.778182612E1,1.459987768E0,2.307673093E-1,-3.301893443E-1
3.779176513E1,1.289501671E0,1.687589395E-1,-2.336752027E-1
3.780170413E1,1.065297203E0,-2.255826563E-2,1.309542418E-2
3.781164312E1,8.626935196E-1,-2.939629563E-1,1.228833300E-1
3.782158213E1,9.804704762E-1,-5.006845414E-1,-5.565730691E-2
3.783152113E1,1.425213207E0,-6.899185297E-1,-3.911050522E-1
3.784146012E1,6.517370886E-1,-8.266664120E-1,3.047463548E-1
3.785139913E1,-2.932548219E-1,-5.243199006E-1,7.864750636E-1
3.786133813E1,-4.827981645E-1,4.020664620E-1,-8.079097867E-2
3.787127712E1,7.155044836E-1,1.217277082E0,-5.269838190E-1
3.788121713E1,1.627449101E0,1.258175797E0,-3.294926485E-1
3.789115612E1,1.277180418E0,6.199041887E-1,-2.049332142E-2
3.790109513E1,4.106482011E-1,-3.531111605E-2,7.353926182E-2
3.791103413E1,-3.584226251E-2,-3.200403321E-1,-4.006453693E-2
3.792097313E1,-1.464423466E-1,-2.443263446E-1,-1.205561382E-1
3.793091213E1,-5.439027375E-1,1.530777669E-1,-3.586948130E-1
3.794085112E1,-6.149867535E-1,6.493683815E-1,1.116832808E-1
3.795079013E1,-6.204480529E-1,6.538407706E-1,8.804740253E-1
3.796072913E1,-1.280295230E0,3.299646650E-1,2.494229239E-1
3.797066812E1,-1.699806055E0,7.795990303E-2,-1.324008429E-1
3.798060713E1,-1.752656699E0,3.578788340E-2,-1.517644823E-1
3.799054613E1,-1.864461309E0,5.335248068E-2,-2.877385587E-1
3.800048475E1,-2.136152185E0,6.065024436E-2,-3.354489148E-1
3.801042375E1,-2.394373999E0,-4.668855518E-2,-6.856152713E-2
3.802036375E1,-2.711567906E0,-2.970628211E-1,3.329942536E-1
3.803030275E1,-2.920329292E0,-4.975050813E-1,2.473038930E-1
3.804024175E1,-2.960795533E0,-6.401435217E-1,2.461256790E-1
3.805018075E1,-2.879374225E0,-7.093157905E-1,4.691981256E-1
3.806011975E1,-2.289871391E0,-7.485374513E-1,9.777553216E-1
3.807005875E1,-2.300778202E0,-6.049065922E-1,5.365019166E-1
3.807999775E1,-2.500648897E0,-3.344642437E-1,5.200279713E-2
3.808993675E1,-2.390841111E0,1.723791334E-1,-2.948581284E-1
3.809987575E1,-1.834344056E0,5.679171060E-1,-1.750147659E-1
3.810981475E1,-1.189697301E0,7.573245739E-1,-6.466962039E-2
3.811975375E1,-7.314176810E-1,8.267260536E-1,-3.400132513E-1
3.812969275E1,-5.016501725E-1,8.695164163E-1,-8.919857311E-1
3.813963175E1,-3.677308077E-1,9.013431765E-1,-1.393067262E0
3.814957075E1,-1.721636635E-1,8.908952254E-1,-1.682658511E0
3.815951075E1,8.318658292E-2,7.863866975E-1,-1.747597980E0
3.816944975E1,7.331268221E-1,6.312553154E-1,-2.639355962E0
3.817938875E1,3.235446854E0,7.524767205E-1,-4.913797721E0
3.818932775E1,5.026739615E0,1.358844678E-1,-2.598466383E0
3.819926675E1,2.928886108E0,-1.787590158E0,2.251261057E0
3.820920575E1,-9.178076202E-1,-2.632875493E0,2.156174220E0
3.821914475E1,-1.386035108E0,-2.311824616E0,6.387977850E-1
3.822908375E1,2.644227862E-1,-1.644208098E0,4.686771387E-1
3.823902275E1,1.173837313E0,-7.850530938E-1,8.213423029E-1
3.824896175E1,1.329340505E0,-1.055265281E-2,8.677244639E-1
3.825890075E1,1.468084992E0,4.147989568E-1,1.813437921E-1
3.826883975E1,1.567166646E0,3.752876030E-1,-1.980598122E-1
3.827877875E1,1.171915333E0,1.018457242E-1,-1.361266887E-1
3.828871875E1,6.312905449E-1,-8.830132518E-2,-2.020581383E-1
3.829865775E1,6.500390571E-1,-1.859410375E-1,-2.468092185E-1
3.830859675E1,1.102132908E0,-1.980193750E-1,-3.162592301E-1
3.831853575E1,1.444272206E0,-1.820446540E-1,-3.675498363E-1
3.832847475E1,1.575467938E0,-2.001749511E-1,-2.642818683E-1
3.833841375E1,1.531771111E0,-2.703565041E-1,-9.693397164E-2
3.834835275E1,1.405915641E0,-3.750396445E-1,4.398158669E-2
3.835829175E1,1.309050667E0,-4.297018649E-1,-2.813504755E-2
3.836823075E1,1.494044876E0,-4.989353102E-1,-6.135074079E-2
3.837816975E1,1.783279152E0,-7.198968389E-1,-3.716045880E-1
3.838810875E1,7.432027441E-1,-9.717177790E-1,3.558469266E-1
3.839804775E1,-3.278656608E-1,-6.518318865E-1,9.681027380E-1
3.840798675E1,8.797252893E-2,5.803246053E-1,-3.064549112E-1
3.841792575E1,1.466371758E0,1.190956937E0,-2.442487228E-1
3.842786575E1,1.906827895E0,7.728935896E-1,3.901569262E-1
3.843780475E1,1.038874805E0,8.578355066E-2,4.772357082E-1
3.844774375E1,5.062051535E-2,-1.110452764E-1,8.088833481E-2
3.845768275E1,3.515755355E-2,5.891866453E-2,6.449753684E-1
3.846762175E1,1.573427260E-2,8.204783767E-2,1.191357325E0
3.847756075E1,-3.959670120E-1,8.708141327E-2,7.077861589E-1
3.848749975E1,-2.679849100E-1,2.625763086E-1,1.299894512E-1
3.849743875E1,-2.634463012E-2,4.192549371E-1,1.080047974E-1
3.850737775E1,-2.805084765E-1,3.737066621E-1,1.477834055E-1
3.851731675E1,-8.846451366E-1,2.076964621E-1,2.142764801E-1
3.852725575E1,-1.424206901E0,1.127913281E-2,3.116665345E-1
3.853719475E1,-1.631687747E0,-2.012607242E-1,2.595289591E-1
3.854713375E1,-1.790857728E0,-3.895584637E-1,2.359325203E-1
3.855707375E1,-1.951396542E0,-4.680854005E-1,1.452869368E-1
3.856701275E1,-2.001175643E0,-4.414691672E-1,5.965037048E-2
3.857695175E1,-1.812131068E0,-3.606061216E-1,-1.473135817E-1
3.858689075E1,-1.728356255E0,-3.272052178E-1,-3.156531662E-1
3.859682975E1,-1.901090607E0,-2.604412709E-1,-2.820316762E-1
3.860676875E1,-2.021480684E0,-2.270859754E-1,1.537197912E-1
3.861670775E1,-1.491474440E0,-3.459475905E-1,1.244244221E0
3.862664675E1,-1.256826260E0,-2.031090291E-1,8.934574753E-2
3.863658575E1,-1.264696028E0,-1.590283321E-1,-8.779500747E-1
3.864652475E1,-1.102900062E0,-2.259276420E-2,-9.816618463E-1
3.865646375E1,-9.856376606E-1,1.902688359E-1,-6.604231274E-1
3.866640275E1,-9.319508654E-1,3.067135774E-1,-4.907857534E-1
3.867634175E1,-9.114581287E-1,2.497076833E-1,-4.013330019E-1
3.868628175E1,-9.789385056E-1,9.312911533E-2,-1.367707595E-1
3.869622075E1,-9.146103626E-1,-1.025967076E-3,-3.579618645E-1
3.870615975E1,-6.697207850E-1,6.059155293E-2,-1.012198053E0
3.871609875E1,-3.830645460E-1,2.044242872E-1,-1.423699655E0
3.872603775E1,-9.724562824E-2,3.441652860E-1,-1.485659384E0
3.873597675E1,1.401396328E-1,3.851160416E-1,-1.583954002E0
3.874591575E1,1.004917100E0,5.099076104E-1,-2.677982377E0
3.875585475E1,2.206612887E0,7.320149010E-1,-2.766904786E0
3.876579375E1,2.811644171E0,-2.576794848E-1,7.122288734E-1
3.877573275E1,8.637986434E-1,-1.573605308E0,2.344834049E0
3.878567175E1,-1.408169158E0,-1.651923206E0,1.130787188E0
3.879561075E1,-1.566461472E0,-8.257383127E-1,5.204700208E-1
3.880554975E1,-1.072901507E0,8.008485429E-2,5.557372096E-1
3.881548875E1,-4.679971075E-1,5.582247613E-1,8.760523608E-1
3.882542875E1,-1.166759259E-1,6.565054198E-1,7.801355124E-1
3.883536775E1,-5.291437805E-2,4.557269813E-1,3.328147441E-1
3.884530675E1,-1.854795277E-1,1.147119923E-1,1.088883117E-1
3.885524575E1,-5.065431225E-1,-2.374042280E-1,2.004261804E-1
3.886518475E1,-4.876507688E-1,-4.154133895E-1,2.367929381E-1
3.887512375E1,1.067999786E-1,-4.473561439E-1,1.932320586E-1
3.888506275E1,9.057360435E-1,-3.980181422E-1,2.866006905E-1
3.889500175E1,1.566337511E0,-3.383172299E-1,4.124836421E-1
3.890494075E1,1.815408432E0,-3.352542025E-1,5.818280706E-1
3.891487975E1,1.789776578E0,-4.139809678E-1,7.587806037E-1
3.892481875E1,1.784238095E0,-4.998896489E-1,8.137552482E-1
3.893475775E1,1.808531522E0,-5.853413701E-1,8.556026012E-1
3.894469675E1,1.680766352E0,-5.987362083E-1,7.913721067E-1
3.895463675E1,1.434470519E0,-5.095538173E-1,6.894589385E-1
3.896457575E1,1.317425634E0,-4.096356095E-1,4.169713801E-1
3.897451475E1,1.175551132E0,-3.592951027E-1,-7.753495663E-2
3.898445375E1,5.969293821E-1,-3.776134792E-1,3.110019985E-1
3.899439275E1,2.670476013E-1,-7.781620771E-2,1.235814875E-1
3.900433213E1,2.795208818E-1,3.308535149E-1,-6.799931735E-1
3.901427112E1,5.110314453E-1,4.093099562E-1,-8.565200293E-1
3.902421013E1,6.189698768E-1,2.869198388E-1,-7.934648252E-1
3.903414913E1,3.452482635E-1,7.219027262E-2,-6.814538080E-1
3.904408812E1,-1.392923713E-2,3.195580099E-2,-1.783997190E-1
3.905402713E1,4.756540364E-1,4.695420881E-1,-5.810834277E-1
3.906396613E1,1.224180670E0,5.963120623E-1,-1.616480309E-1
3.907390512E1,1.260971936E0,2.438825409E-1,4.541620106E-1
3.908384413E1,7.662746876E-1,-1.546780767E-1,6.537915078E-1
3.909378412E1,4.401620221E-1,-3.745549469E-1,7.588750362E-1
3.910372313E1,4.043209291E-1,-4.053754744E-1,6.826197428E-1
3.911366213E1,4.076000476E-1,-3.072939867E-1,5.385425949E-1
3.912360113E1,1.672139955E-1,-1.621331305E-1,4.955585432E-1
3.913354013E1,-2.949838436E-1,-2.750983402E-2,4.047150314E-1
3.914347912E1,-8.683103549E-1,6.634952545E-2,2.548108408E-1
3.915341813E1,-1.706807511E0,2.606121558E-1,-1.215162510E-1
3.916335713E1,-2.030156198E0,4.604558073E-1,1.559043109E-2
3.917329612E1,-1.940348228E0,5.121892671E-1,-4.374974459E-2
3.918323513E1,-1.952138554E0,4.717828873E-1,-3.795573860E-1
3.919317413E1,-1.990360048E0,4.652798333E-1,-4.792401338E-1
3.920311312E1,-2.113480775E0,4.397701856E-1,-2.352352399E-1
3.921305213E1,-2.364238034E0,3.459454709E-1,5.955067545E-2
3.922299212E1,-2.344820015E0,2.067941637E-1,2.616383421E-1
3.923293113E1,-2.015120668E0,6.172657058E-2,2.951759246E-1
3.924287013E1,-1.458960412E0,-1.051521602E-1,4.747968346E-1
3.925280912E1,-1.551588494E0,-6.441460870E-2,3.419960421E-1
3.926274813E1,-2.080297242E0,1.273070410E-1,3.167343163E-1
3.927268713E1,-1.837726085E0,3.168251675E-1,3.166518706E-1
3.928262613E1,-1.524878998E0,4.537639248E-1,-3.998103869E-1
3.929256513E1,-1.041996633E0,4.461231488E-1,-8.570509565E-1
3.930250412E1,-6.824115819E-1,3.790223658E-1,-7.512514365E-1
3.931244313E1,-6.525206155E-1,2.645058532E-1,-3.855092669E-1
3.932238213E1,-7.331437790E-1,1.414966437E-1,-1.456091183E-1
3.933232112E1,-7.509462118E-1,5.078999324E-2,-1.569071084E-1
3.934226013E1,-7.383384454E-1,6.646004696E-3,-3.267117128E-1
3.935220012E1,-6.221887690E-1,1.466981668E-2,-5.287338907E-1
3.936213913E1,-3.956945318E-1,9.669302981E-3,-6.517803580E-1
3.937207813E1,-1.442741990E-2,-1.032914482E-1,-6.959508097E-1
3.938201712E1,4.733133960E-1,-3.370866102E-1,-8.090768909E-1
3.939195613E1,1.136329179E0,-6.822427435E-1,-1.114413230E0
3.940189513E1,2.838223860E0,-1.184830956E0,-1.451895221E0
3.941183412E1,4.229719682E0,-1.676876638E0,-1.359814731E0
3.942177313E1,2.871216774E0,-1.820667711E0,-9.433476734E-1
3.943171212E1,7.492160207E-1,-1.562199729E0,2.054805136E-1
3.944165113E1,3.420925212E-1,-1.116480074E0,9.979068732E-1
3.945159013E1,1.381142743E0,-8.008691543E-1,1.173974138E0
3.946152912E1,2.000771016E0,-7.543077761E-1,1.023164506E0
3.947146813E1,1.261940820E0,-7.481240532E-1,7.443528914E-1
3.948140812E1,2.366151828E-1,-6.229136775E-1,6.086203051E-1
3.949134713E1,-1.716789293E-1,-4.052279053E-1,3.541798854E-1
3.950128613E1,-8.599324644E-2,-1.918546008E-1,-4.880027711E-2
3.951122512E1,4.337932348E-2,-8.428395912E-4,-4.544394609E-1
3.952116413E1,-1.417891324E-2,1.619741593E-1,-6.350076199E-1
3.953110313E1,-2.250786263E-1,2.503045744E-1,-5.894130787E-1
3.954104212E1,-4.899346912E-1,2.514184324E-1,-3.928720808E-1
3.955098113E1,-7.303593349E-1,1.680808817E-1,-1.360231930E-1
3.956092013E1,-8.178874755E-1,4.501734786E-2,7.004671991E-2
3.957085913E1,-7.148823398E-1,-2.192325801E-2,1.664018172E-1
3.958079813E1,-5.280298859E-1,-2.693658762E-2,1.963916016E-1
3.959073712E1,-3.894152069E-1,5.571665615E-3,1.772250134E-1
3.960067613E1,-2.701056951E-1,1.070391297E-2,1.158128768E-1
3.961061612E1,-8.890808344E-2,-2.588924166E-2,2.586018831E-2
3.962055513E1,1.386538553E-1,-5.177402481E-2,-7.924117416E-2
3.963049413E1,3.651013148E-1,-5.515053604E-2,-2.139426041E-1
3.964043312E1,4.602577329E-1,-3.662564322E-2,-2.448778832E-1
3.965037213E1,4.155949455E-1,1.449173927E-2,-2.284396058E-1
3.966031113E1,2.933963245E-1,7.301443767E-2,-1.784307092E-1
3.967025012E1,1.589290756E-1,8.012790442E-2,-1.133976844E-1
3.968018913E1,3.681991696E-2,5.515875868E-2,-7.175381452E-2
3.969012813E1,-7.582610786E-2,3.120004836E-2,-5.205629915E-2
3.970006712E1,-1.307443267E-1,6.419073343E-3,-8.004341215E-2
3.971000613E1,-1.304338396E-1,-6.307720430E-3,-1.243164825E-1
3.971994513E1,-8.788832903E-2,8.824325502E-3,-1.717435411E-1
3.972988413E1,-4.951071382E-2,4.480122015E-2,-2.273230800E-1
3.973982313E1,-3.665619493E-3,7.108558740E-2,-2.761344668E-1
3.974976313E1,2.950914323E-2,2.665880833E-2,-2.007270196E-1
3.975970213E1,-7.846378684E-3,4.165329851E-2,-2.465732834E-1
3.976964112E1,1.398770928E-1,1.767535085E-1,-3.433824170E-1
3.977958013E1,3.688107884E-1,2.475590143E-1,-2.775088549E-1
3.978951913E1,4.415384567E-1,2.649833880E-1,-1.992827573E-1
3.979945812E1,3.951361227E-1,2.575789492E-1,-1.648508433E-1
3.980939713E1,3.287597001E-1,2.478232354E-1,-1.274330485E-1
3.981933613E1,2.754816252E-1,2.314647359E-1,-1.078214872E-1
3.982927512E1,2.634527332E-1,2.095771825E-1,-1.362047490E-1
3.983921413E1,3.174383211E-1,1.773277416E-1,-1.519840452E-1
3.984915313E1,3.553288633E-1,1.292979083E-1,-2.223532391E-1
3.985909212E1,2.972350216E-1,8.710556958E-2,-2.382497719E-1
3.986903213E1,1.725133270E-1,6.733130950E-2,-2.057202494E-1
3.987897112E1,6.392117679E-2,7.244036900E-2,-1.812902901E-1
3.988891013E1,-5.744304657E-3,6.909587128E-2,-1.687035736E-1
3.989884912E1,-7.264873087E-2,2.987746300E-2,-1.255598930E-1
3.990878813E1,-1.185651612E-1,-9.056587871E-3,-1.059576872E-1
3.991872713E1,-1.213630539E-1,-2.437262010E-2,-6.614253402E-2
3.992866612E1,-8.494717956E-2,-2.324615400E-3,-6.624895334E-2
3.993860513E1,-4.757937849E-2,2.218974486E-2,-6.719532520E-2
3.994854413E1,-3.567093909E-2,3.909552539E-2,-6.518008232E-2
3.995848312E1,-1.730308056E-2,6.699183295E-2,-6.040407658E-2
3.996842213E1,2.518454254E-2,8.998838394E-2,-3.851210117E-2
3.997836113E1,9.035819292E-2,1.138810847E-1,-7.407545149E-3
3.998830012E1,1.234505099E-1,1.375640714E-1,7.451983988E-3
3.999823913E1,9.315725505E-2,1.158094690E-1,4.299369961E-2
4.000817912E1,-2.269128978E-2,4.347460569E-2,7.499668032E-2
4.001811813E1,-1.299625540E-1,-5.924270991E-3,5.738165081E-2
4.002805713E1,-1.772010398E-1,-2.803144905E-2,5.135112494E-2
4.003799613E1,-1.469270808E-1,-4.864337987E-2,2.987459421E-2
4.004793513E1,-8.986468792E-2,-3.038953291E-2,7.532675564E-3
4.005787412E1,-7.715342581E-2,1.188468737E-2,-9.771574438E-3
4.006781313E1,-1.177202386E-1,6.359138926E-2,-1.825120658E-2
4.007775213E1,-1.554184073E-1,1.014581268E-1,-2.764753595E-2
4.008769112E1,-1.827722669E-1,9.825556115E-2,-6.650973916E-2
4.009763013E1,-1.741546404E-1,6.320858393E-2,-1.078296733E-1
4.010756913E1,-1.100498611E-1,4.938045795E-2,-1.263258782E-1
4.011750812E1,-1.322347820E-2,5.214795426E-2,-1.333711883E-1
4.012744813E1,4.854358435E-2,3.788577301E-2,-9.586363882E-2
4.013738712E1,3.655796170E-2,1.845227771E-2,-4.265894651E-2
4.014732613E1,1.230955839E-2,1.922016330E-3,-6.639951915E-3
4.015726513E1,8.633998632E-3,-2.441247253E-2,1.468484357E-2
4.016720412E1,9.256142378E-3,-5.637786660E-2,6.833348572E-3
4.017714313E1,-2.721001804E-2,-6.313061496E-2,-1.534996435E-2
4.018708213E1,-5.163266838E-2,-4.502102064E-2,-4.394065619E-2
4.019702113E1,-3.569081962E-2,-8.305092752E-3,-5.264467523E-2
4.020696013E1,-3.023595214E-2,1.503275290E-2,-4.441851988E-2
4.021689912E1,-3.405242980E-2,2.948900688E-2,-3.685383081E-2
4.022683813E1,-4.933412790E-2,3.340910817E-2,-6.575778723E-3
4.023677713E1,-8.119619071E-2,5.723181590E-3,3.919271708E-2
4.024671612E1,-1.473486650E-1,-4.035057541E-2,7.508687362E-2
4.025665613E1,-2.010091478E-1,-7.014855282E-2,1.129556349E-1
4.026659512E1,-2.498135179E-1,-6.134893181E-2,1.689940341E-1
4.027653413E1,-2.883384830E-1,-2.624791352E-2,1.966023937E-1
4.028647313E1,-3.160595477E-1,-1.592032369E-3,2.398788062E-1
4.029641212E1,-3.325083500E-1,-2.101913229E-2,3.104696095E-1
4.030635113E1,-3.253998899E-1,-2.320575340E-2,2.908472309E-1
4.031629013E1,-2.660114747E-1,4.290467575E-3,2.461306491E-1
4.032622912E1,-1.393882656E-1,3.033266874E-2,2.194015646E-1
4.033616813E1,3.949150980E-2,3.314900757E-2,1.333340585E-1
4.034610712E1,2.958755440E-1,1.374237291E-2,3.842322350E-2
4.035604613E1,1.989222765E-1,6.360965724E-2,3.258901790E-2
4.036598513E1,-6.175361395E-2,1.375651403E-1,-1.034618032E-1
4.037592412E1,-3.169015467E-2,1.469600536E-1,-1.087090945E-1
4.038586413E1,1.251286608E-1,6.488564760E-2,-2.614670187E-2
4.039580312E1,1.732290262E-1,-3.507150812E-2,-5.025331020E-2
4.040574213E1,9.789876223E-2,-9.396293742E-2,-9.298125386E-2
4.041568113E1,6.086951494E-3,-6.973693625E-2,-9.115224481E-2
4.042562012E1,1.409062028E-2,-2.248147524E-2,-1.027250540E-1
4.043555913E1,5.116664529E-2,2.605099940E-2,-1.549570620E-1
4.044549813E1,5.158530593E-2,6.064606908E-2,-2.128399654E-1
4.045543712E1,-6.478714943E-4,4.732917247E-2,-2.464775352E-1
4.046537613E1,-6.424979031E-2,2.438964098E-2,-2.559127486E-1
4.047531513E1,-8.040213883E-2,-9.149896642E-3,-2.379676437E-1
4.048525413E1,-7.666927636E-2,-1.933905364E-2,-2.373184566E-1
4.049519313E1,-5.093918860E-2,1.419027876E-3,-2.389758499E-1
4.050513212E1,-2.850166798E-2,2.849591212E-2,-2.040713346E-1
4.051507213E1,-2.637562037E-2,4.245734548E-2,-1.642751849E-1
4.052501112E1,-6.865508258E-2,3.593784621E-2,-1.059632421E-1
4.053495013E1,-1.037132335E-1,3.103738613E-2,-5.701517656E-2
4.054488913E1,-1.024917501E-1,1.768279326E-2,-4.943382293E-3
4.055482812E1,-7.092263281E-2,-4.628984816E-3,-1.477225944E-2
4.056476713E1,-5.352365792E-2,8.374839071E-3,-2.627957985E-2
4.057470613E1,-6.738272846E-2,1.690658452E-2,-2.791226864E-2
4.058464512E1,-8.402331948E-2,1.512395119E-2,-3.291280746E-2
4.059458413E1,-8.853853941E-2,1.398635712E-2,-2.341590598E-2
4.060452313E1,-6.804229438E-2,2.739457078E-2,1.249900818E-2
4.061446212E1,-4.275074780E-2,1.991844876E-2,4.064414218E-2
4.062440113E1,-3.583115280E-2,1.624295295E-2,6.097724989E-2
4.063434013E1,-2.297955751E-2,7.180536138E-3,7.530058935E-2
4.064428013E1,1.689728379E-2,-5.281314813E-3,8.292755127E-2
4.065421913E1,5.126312435E-2,3.602369064E-3,6.976064488E-2
4.066415813E1,7.943442464E-2,7.156937141E-3,4.663139865E-2
4.067409713E1,8.412973881E-2,1.680649663E-2,2.691619545E-2
4.068403612E1,5.679751396E-2,2.709672824E-2,-1.884557605E-2
4.069397513E1,4.830969572E-2,2.823563794E-2,-5.935026214E-2
4.070391413E1,4.871432304E-2,2.824309314E-2,-7.421037599E-2
4.071385312E1,5.463053584E-2,2.518152757E-2,-9.209350035E-2
4.072379213E1,6.600863278E-2,2.615744156E-2,-1.255607700E-1
4.073373113E1,5.498897016E-2,3.252853576E-2,-1.289123940E-1
4.074367012E1,3.636441886E-2,5.194288144E-2,-1.268484731E-1
4.075360913E1,4.556208909E-2,6.691440760E-2,-1.395705526E-1
4.076354912E1,5.151280046E-2,8.620573791E-2,-1.363032746E-1
4.077348813E1,4.388042986E-2,8.544843212E-2,-1.365501733E-1
4.078342713E1,4.326530278E-2,8.429360703E-2,-1.300305279E-1
4.079336612E1,3.507686198E-2,7.085464980E-2,-1.104281759E-1
4.080330513E1,1.972324312E-2,4.215656105E-2,-7.980864644E-2
4.081324413E1,1.664643824E-2,2.023267721E-2,-3.749103114E-2
4.082318313E1,-4.961947203E-3,2.894845464E-2,-9.515758753E-3
4.083312213E1,-7.037708759E-3,3.951897344E-2,3.639453202E-3
4.084306112E1,-1.170027852E-2,4.028101638E-2,3.106859565E-2
4.085300013E1,-2.688608229E-2,4.979741011E-2,2.663538292E-2
4.086293913E1,-3.880387723E-2,6.766592099E-2,3.566816166E-2
4.087287812E1,-3.808993220E-2,7.415524771E-2,5.773321465E-2
4.088281713E1,-4.188594460E-2,7.302958104E-2,5.270577863E-2
4.089275613E1,-5.717348993E-2,7.362323788E-2,4.712154150E-2
4.090269613E1,-7.167400002E-2,6.342435075E-2,6.315679953E-2
4.091263513E1,-7.852927566E-2,3.747723993E-2,8.450162172E-2
4.092257412E1,-9.492194474E-2,1.318052857E-2,1.002797484E-1
4.093251313E1,-9.295435667E-2,-1.855129665E-3,8.864378929E-2
4.094245213E1,-8.109678805E-2,-1.060444635E-2,7.841949418E-2
4.095239112E1,-6.918016255E-2,-7.402757742E-3,7.228327990E-2
4.096233013E1,-5.183439732E-2,-6.257096333E-3,5.005465105E-2
4.097226912E1,-5.333830118E-2,2.484445386E-3,2.697101310E-2
4.098220813E1,-5.609994113E-2,-6.504387874E-4,3.091788366E-2
4.099214713E1,-4.382722020E-2,-1.087196561E-2,2.849596694E-2
4.100208587E1,-3.287655473E-2,-3.666043416E-2,2.858703732E-2
4.101202488E1,-2.601894021E-2,-5.813995245E-2,1.831464887E-2
4.102196487E1,-3.524292290E-2,-5.463121193E-2,3.516983271E-2
4.103190388E1,-6.829197049E-2,-5.132100265E-2,3.179598927E-2
4.104184288E1,-9.550549686E-2,-3.939553323E-2,1.090271831E-2
4.105178187E1,-1.045949936E-1,-1.787400635E-2,4.922186136E-3
4.106172088E1,-1.014848596E-1,-1.268271125E-2,-1.852061704E-2
4.107165988E1,-9.238776147E-2,-1.875269668E-2,-4.401886269E-2
4.108159887E1,-6.829080105E-2,-1.095875108E-2,-5.478855684E-2
4.109153788E1,-2.824497521E-2,-2.070868168E-2,-3.570631474E-2
4.110147688E1,-2.840109587E-2,-4.076130576E-2,-4.797728151E-2
4.111141587E1,-6.419833481E-2,-7.857010567E-2,-3.774260759E-2
4.112135488E1,-8.649903059E-2,-7.786003442E-2,-2.390341759E-2
4.113129388E1,-9.893898189E-2,-6.568847945E-2,-1.016582295E-2
4.114123388E1,-8.218729377E-2,-4.230574728E-2,-2.769592166E-2
4.115117288E1,-4.311970711E-2,-3.413677588E-2,-4.318519592E-2
4.116111188E1,-2.028574526E-2,-1.962890195E-2,-3.931433916E-2
4.117105088E1,-2.205452800E-2,-3.097017970E-2,-5.150242165E-2
4.118098987E1,-3.464124441E-2,-4.883808302E-2,-6.733638927E-2
4.119092888E1,-3.860214829E-2,-5.348921416E-2,-7.028557867E-2
4.120086788E1,-2.750881076E-2,-5.574926351E-2,-4.573692083E-2
4.121080687E1,-3.388870776E-2,-5.246060670E-2,-3.710292220E-2
4.122074588E1,-4.204908192E-2,-4.411188824E-2,-2.117145225E-2
4.123068488E1,-4.121117592E-2,-4.230604878E-2,-2.456298351E-2
4.124062387E1,-3.249356210E-2,-4.554426421E-2,-4.444687888E-2
4.125056288E1,-1.240779161E-2,-3.550171701E-2,-5.106256485E-2
4.126050188E1,7.380940318E-3,-4.028982832E-2,-5.617171571E-2
4.127044188E1,2.360871792E-2,-4.515396257E-2,-9.916161463E-2
4.128038088E1,3.938918352E-2,-3.647778176E-2,-1.050510764E-1
4.129031987E1,4.078199029E-2,-2.586698569E-2,-9.684275508E-2
4.130025888E1,2.783800900E-2,-2.219942931E-2,-8.788496688E-2
4.131019787E1,1.579274476E-2,-2.483201025E-2,-8.392260119E-2
4.132013688E1,2.473372221E-4,-2.512254378E-2,-6.356756642E-2
4.133007588E1,-1.452272952E-2,-4.282676160E-2,-5.711677194E-2
4.134001487E1,-4.528083801E-2,-5.087209180E-2,-6.529103324E-2
4.134995388E1,-8.665456653E-2,-5.283914083E-2,-5.658233643E-2
4.135989288E1,-1.063690388E-1,-7.617801888E-2,-3.224724814E-2
4.136983187E1,-1.117514008E-1,-8.783139177E-2,-1.919757843E-2
4.137977088E1,-1.025449598E-1,-7.564177439E-2,-2.937392637E-2
4.138971087E1,-7.385910451E-2,-4.345086051E-2,-4.194076225E-2
4.139964988E1,-7.429238319E-2,-1.846992899E-2,-5.193847775E-2
4.140958888E1,-9.860335171E-2,3.403856093E-3,-4.929685190E-2
4.141952787E1,-1.298292375E-1,-4.648509035E-3,-5.445073396E-3
4.142946688E1,-1.326972967E-1,-2.001226916E-2,2.612331301E-2
4.143940588E1,-1.125349277E-1,-4.755082763E-2,7.013267398E-2
4.144934487E1,-8.922675669E-2,-7.764020652E-2,8.299640223E-2
4.145928388E1,-8.675455391E-2,-8.471646122E-2,7.379083827E-2
4.146922287E1,-5.385519505E-2,-5.073412492E-2,4.925226688E-2
4.147916188E1,-5.738457441E-3,-1.767182973E-2,2.587977648E-2
4.148910088E1,9.580662847E-3,-3.264272092E-3,-7.195437402E-3
4.149903987E1,1.696277261E-2,2.258772098E-2,-2.864770219E-2
4.150897888E1,7.844624519E-3,3.573801761E-2,-2.877517149E-2
4.151891887E1,-1.441338658E-3,2.793901965E-2,-3.620566696E-2
4.152885788E1,-9.050905108E-3,2.282580315E-2,-4.016086981E-2
4.153879688E1,-1.613831520E-4,5.616040500E-3,-4.030471131E-2
4.154873587E1,2.886419535E-2,-6.514054053E-3,-6.420462057E-2
4.155867488E1,8.030273616E-2,2.020706367E-3,-8.980519250E-2
4.156861388E1,1.243036187E-1,1.232065897E-2,-8.442794681E-2
4.157855287E1,1.567895794E-1,2.103978940E-2,-8.024367929E-2
4.158849188E1,1.837762338E-1,3.275735832E-2,-9.190653563E-2
4.159843088E1,1.830681360E-1,4.913905474E-2,-9.275452808E-2
4.160836988E1,1.463353425E-1,6.421995124E-2,-1.128686576E-1
4.161830888E1,9.251990855E-2,8.428089847E-2,-1.342180113E-1
4.162824787E1,5.115962863E-2,8.494516958E-2,-1.275511622E-1
4.163818788E1,1.655931473E-3,8.575686361E-2,-1.295817541E-1
4.164812687E1,-4.843131781E-2,7.484828895E-2,-1.198923330E-1
4.165806588E1,-7.405206263E-2,6.777706834E-2,-1.204663834E-1
4.166800488E1,-8.359413385E-2,7.405067392E-2,-1.059002383E-1
4.167794387E1,-4.485340655E-2,7.062399541E-2,-7.999093339E-2
4.168788288E1,-2.147857726E-2,6.053335029E-2,-6.615320519E-2
4.169782188E1,-2.021733284E-2,3.501495458E-2,-3.832045868E-2
4.170776087E1,-3.811215162E-2,2.600096002E-2,4.301211834E-3
4.171769988E1,-4.833308458E-2,1.751297733E-2,4.980073571E-2
4.172763888E1,-5.084621787E-2,2.107585941E-2,7.250386611E-2
4.173757787E1,-6.403344333E-2,2.584651130E-2,8.129135415E-2
4.174751688E1,-5.150636852E-2,2.649975493E-2,7.282005429E-2
4.175745587E1,-3.712397218E-2,2.536980791E-2,5.930962399E-2
4.176739588E1,-3.439156830E-2,-8.479549913E-3,5.210015327E-2
4.177733488E1,-2.803213656E-2,-3.004240930E-2,5.615446642E-2
4.178727388E1,-8.942731619E-3,-5.204916372E-2,7.053262353E-2
4.179721288E1,-3.590775132E-3,-7.379106668E-2,5.707350254E-2
4.180715187E1,-3.198543906E-2,-5.460922091E-2,4.766635582E-2
4.181709088E1,-5.290677667E-2,-2.427904638E-2,5.000538826E-2
4.182702988E1,-7.489289224E-2,2.657586923E-3,4.371407658E-2
4.183696887E1,-1.149697083E-1,3.211363927E-2,4.382605076E-2
4.184690788E1,-1.408383751E-1,4.426514011E-2,6.436395720E-2
4.185684688E1,-1.697791690E-1,3.196438909E-2,4.908722922E-2
4.186678587E1,-1.941743374E-1,2.882277148E-2,2.517357901E-2
4.187672488E1,-1.970043898E-1,1.980186990E-2,1.304162979E-2
4.188666487E1,-1.888738364E-1,6.159438696E-3,6.383990049E-3
4.189660388E1,-1.694897318E-1,-1.983161760E-2,2.464849904E-2
4.190654288E1,-1.207566977E-1,-5.956621625E-2,2.969566941E-2
4.191648187E1,-5.330672622E-2,-9.378118037E-2,1.425434232E-2
4.192642088E1,2.755968153E-2,-1.197014762E-1,1.852149412E-2
4.193635987E1,1.085097045E-1,-1.403760339E-1,2.145328805E-2
4.194629888E1,1.287352234E-1,-1.647116795E-1,3.524014547E-2
4.195623788E1,1.116900051E-1,-1.738212030E-1,5.666668251E-2
4.196617687E1,7.009408236E-2,-1.581594358E-1,7.581967592E-2
4.197611588E1,9.678311348E-3,-1.090425777E-1,8.351797387E-2
4.198605488E1,-4.930255294E-2,-3.154705320E-2,5.099356771E-2
4.199599387E1,-1.008592075E-1,3.752053217E-2,1.302905828E-3
4.200593275E1,-1.470908028E-1,9.861675463E-2,-6.972234562E-2
4.201587275E1,-1.440508354E-1,1.249381603E-1,-1.173559570E-1
4.202581175E1,-1.184651738E-1,1.164016732E-1,-1.338252246E-1
4.203575075E1,-8.490040183E-2,5.299969258E-2,-1.171944277E-1
4.204568975E1,-3.629308283E-2,-1.220140317E-2,-8.710363269E-2
4.205562875E1,-7.544077635E-3,-7.457910690E-2,-9.630510360E-3
4.206556775E1,-4.289751291E-2,-1.116837924E-1,5.149408937E-2
4.207550675E1,-9.647613466E-2,-1.090112585E-1,8.264922380E-2
4.208544575E1,-1.032372701E-1,-7.577379355E-2,7.928122759E-2
4.209538475E1,-5.741088688E-2,-3.601131099E-2,-9.612676352E-3
4.210532375E1,2.018049538E-2,-1.488027762E-2,-8.957086533E-2
4.211526275E1,9.770521939E-2,-2.695582861E-2,-1.462834485E-1
4.212520175E1,1.674765354E-1,-7.968004424E-2,-1.367595036E-1
4.213514175E1,1.522030234E-1,-1.228173569E-1,-8.737830564E-2
4.214508075E1,7.897483349E-2,-1.148013999E-1,-5.433832124E-2
4.215501975E1,1.831230998E-2,-5.770581496E-2,-3.980082750E-2
4.216495875E1,-5.671740711E-2,9.369395636E-3,-6.042147204E-2
4.217489775E1,-1.459231138E-1,6.786469434E-2,-9.465604261E-2
4.218483675E1,-2.235460711E-1,1.269093390E-1,-1.429503894E-1
4.219477575E1,-2.334746432E-1,1.574667966E-1,-1.743068142E-1
4.220471475E1,-1.692453182E-1,1.533432305E-1,-1.794956334E-1
4.221465375E1,-6.893048644E-2,1.027879938E-1,-1.593189387E-1
4.222459275E1,-1.694698513E-2,2.573701305E-2,-8.331566021E-2
4.223453175E1,-4.835647345E-3,-3.118410557E-2,4.899089634E-3
4.224447075E1,-8.367365599E-3,-6.005900863E-2,6.762991950E-2
4.225441075E1,-8.344561458E-3,-5.082471108E-2,1.189368980E-1
4.226434975E1,-9.078971744E-3,-1.972137018E-2,1.277278943E-1
4.227428875E1,-3.967920542E-3,-4.334614053E-4,1.176260984E-1
4.228422775E1,-3.058093786E-4,4.388308852E-2,9.083766460E-2
4.229416675E1,5.929076672E-4,7.116455222E-2,3.562942386E-2
4.230410575E1,-3.974118590E-2,8.037907887E-2,-1.982922390E-2
4.231404475E1,-5.693843186E-2,5.498211795E-2,-2.147916198E-2
4.232398375E1,-7.193127751E-2,1.805530658E-2,-6.599021405E-3
4.233392275E1,-6.292831957E-2,-1.360589524E-2,2.223257571E-3
4.234386175E1,-6.105194807E-2,-2.047627313E-2,1.988053322E-2
4.235380075E1,-7.792233467E-2,-1.864417601E-2,3.202183798E-2
4.236373975E1,-1.044260091E-1,-1.101270078E-2,3.558410794E-2
4.237367975E1,-1.202456510E-1,-1.088267332E-2,1.864574745E-2
4.238361875E1,-1.154216981E-1,5.558408881E-3,4.169210941E-3
4.239355775E1,-8.869466007E-2,2.218101058E-2,-1.749369979E-2
4.240349675E1,-6.100517035E-2,2.951183843E-2,-4.412411258E-2
4.241343575E1,-5.787340164E-2,3.031978659E-2,-6.121567011E-2
4.242337475E1,-4.111177325E-2,-5.491229855E-3,-8.206230953E-2
4.243331375E1,-4.635731041E-2,-3.355648541E-2,-8.429082960E-2
4.244325275E1,-5.031470597E-2,-4.983285885E-2,-8.676098585E-2
4.245319175E1,-5.718109131E-2,-5.197272965E-2,-8.479982972E-2
4.246313075E1,-4.547788918E-2,-3.796772540E-2,-8.636673734E-2
4.247306975E1,-4.510483682E-2,-3.077125560E-2,-8.280812189E-2
4.248300875E1,-5.875867009E-2,-2.889261830E-2,-8.613752648E-2
4.249294875E1,-3.855127752E-2,-1.806756746E-2,-1.025777042E-1
4.250288775E1,3.210121393E-4,4.641538057E-3,-1.264682579E-1
4.251282675E1,1.534309387E-2,2.254147315E-2,-1.287837553E-1
4.252276575E1,-2.221357226E-3,4.098583885E-2,-1.182469265E-1
4.253270475E1,-3.411090195E-2,5.177756969E-2,-1.102599223E-1
4.254264375E1,-4.322846532E-2,6.296689292E-2,-8.238039806E-2
4.255258275E1,-4.046273232E-2,6.853640238E-2,-6.923936561E-2
4.256252175E1,-2.907703400E-2,5.927569186E-2,-5.180150673E-2
4.257246075E1,-2.601192355E-2,2.988183014E-2,-4.955632210E-2
4.258239975E1,-2.615342617E-2,1.389081909E-2,-3.703056291E-2
4.259233875E1,-1.550973952E-2,4.239167394E-3,-3.195284083E-2
4.260227775E1,3.516515493E-3,-9.762383346E-4,-8.165198117E-3
4.261221775E1,1.198971570E-2,-5.642097155E-3,-2.948458493E-4
4.262215675E1,2.430102825E-3,-3.612665646E-3,7.601380348E-5
4.263209575E1,1.268962741E-2,-2.210521605E-3,4.481452256E-3
4.264203475E1,1.541793823E-2,7.334153457E-3,5.726909190E-3
4.265197375E1,-4.225782752E-3,3.314502415E-2,-1.427743882E-3
4.266191275E1,-3.213161945E-2,4.305527810E-2,-4.142021388E-3
4.267185175E1,-5.374936044E-2,5.244623534E-2,-4.586555958E-3
4.268179075E1,-7.937653720E-2,4.765154592E-2,-9.750816822E-3
4.269172975E1,-8.712702155E-2,4.952863005E-2,-1.521197006E-2
4.270166875E1,-9.823263824E-2,4.464838855E-2,-1.528915331E-2
4.271160775E1,-9.803090930E-2,3.428148533E-2,-1.320871398E-2
4.272154675E1,-8.410518050E-2,1.728593177E-2,5.539798290E-3
4.273148575E1,-8.238142133E-2,1.298855717E-2,2.161160141E-2
4.274142575E1,-1.064345276E-1,-8.928424213E-4,3.674273372E-2
4.275136475E1,-1.074718237E-1,-1.061066816E-2,6.528065443E-2
4.276130375E1,-7.803752482E-2,-4.517175090E-3,7.859140232E-2
4.277124275E1,-5.115670502E-2,5.275842184E-3,7.119467452E-2
4.278118175E1,-3.980784416E-2,-3.273253050E-3,6.019723132E-2
4.279112075E1,-4.800330162E-2,-1.955032999E-2,3.649481177E-2
4.280105975E1,-6.289265156E-2,-3.352806246E-2,2.600943848E-2
4.281099875E1,-6.625421584E-2,-4.562684700E-2,2.292210862E-2
4.282093775E1,-5.925860703E-2,-5.134719634E-2,1.499459982E-2
4.283087675E1,-4.239640653E-2,-4.449409515E-2,1.851915523E-2
4.284081575E1,-3.662871301E-2,-4.007248549E-2,1.881867886E-2
4.285075475E1,-6.469125509E-2,-4.393775085E-2,3.097840235E-2
4.286069475E1,-6.029590309E-2,-5.076660438E-2,3.042788699E-2
4.287063375E1,-5.843005657E-2,-5.067103894E-2,1.028408289E-2
4.288057275E1,-5.314709723E-2,-5.425740126E-2,7.036393136E-3
4.289051175E1,-5.339384973E-2,-3.585170941E-2,-3.330720216E-3
4.290045075E1,-3.801041007E-2,-2.943967100E-2,-2.975896552E-2
4.291038975E1,-2.346546113E-2,-8.388717072E-3,-3.863153055E-2
4.292032875E1,-2.709599733E-2,7.755755978E-3,-4.380163863E-2
4.293026775E1,-4.040133655E-2,-1.582494099E-4,-4.428330302E-2
4.294020675E1,-4.842605531E-2,1.309474809E-3,-1.560490295E-2
4.295014575E1,-4.608716905E-2,-1.972434861E-2,-1.257385254E-2
4.296008475E1,-4.888038397E-2,-3.481365505E-2,-1.372823909E-2
4.297002375E1,-3.458628058E-2,-4.488393084E-2,-2.017304018E-2
4.297996375E1,-1.321061432E-2,-5.425339043E-2,-2.873891875E-2
4.298990275E1,4.113516212E-3,-4.676745605E-2,-2.378164932E-2
4.299984175E1,6.678104997E-3,-4.863914064E-2,-1.962077066E-2
4.300978050E1,-1.098399460E-2,-5.706834055E-2,-9.116101563E-3
4.301971950E1,-3.747363567E-2,-5.350425247E-2,5.509538949E-4
4.302965850E1,-3.988912046E-2,-5.260638510E-2,9.460794926E-3
4.303959750E1,-4.318461120E-2,-6.257099988E-2,-3.054731637E-3
4.304953650E1,-4.463705957E-2,-7.423805891E-2,-1.134608343E-2
4.305947550E1,-4.799511552E-2,-6.864340642E-2,-2.878233433E-2
4.306941450E1,-3.572765708E-2,-6.580303006E-2,-2.533013821E-2
4.307935350E1,-2.958691120E-2,-4.983358062E-2,-3.049673796E-2
4.308929350E1,-1.440052271E-2,-2.841099045E-2,-3.685003012E-2
4.309923250E1,-6.067070961E-3,-8.114098934E-3,-2.274815395E-2
4.310917150E1,-1.870465815E-2,8.964512497E-4,-1.938834384E-2
4.311911050E1,-2.588270009E-2,7.333404282E-3,-3.859980941E-2
4.312904950E1,-4.204732776E-3,1.159136499E-2,-4.234772846E-2
4.313898850E1,1.641313434E-2,7.619789941E-3,-3.877157137E-2
4.314892750E1,1.014374971E-2,2.464628806E-3,-3.422009870E-2
4.315886650E1,-2.133648992E-2,1.169409326E-2,-3.224286273E-2
4.316880550E1,-5.327749014E-2,1.593591931E-2,-3.004094750E-2
4.317874450E1,-5.436390281E-2,4.154745477E-2,-3.234343484E-2
4.318868350E1,-4.222215950E-2,4.739249599E-2,-3.051910356E-2
4.319862250E1,-2.335494876E-2,4.090205007E-2,-2.577686548E-2
4.320856150E1,-4.689466953E-4,3.057373848E-2,-3.005454227E-2
4.321850150E1,1.385029972E-2,1.906056172E-2,-3.057640627E-2
4.322844050E1,3.233510256E-4,6.018082257E-3,-1.618070751E-2
4.323837950E1,6.362940073E-3,1.536952511E-2,3.894391805E-3
4.324831850E1,-6.108586192E-3,4.036078063E-2,1.668897673E-2
4.325825750E1,1.798603535E-3,4.170604222E-2,-2.703752518E-3
4.326819650E1,1.442800462E-2,4.288565403E-2,-2.994943857E-3
4.327813550E1,2.130900800E-2,2.339762430E-2,-7.458708286E-3
4.328807450E1,5.685832500E-3,1.210938262E-2,-1.008630082E-2
4.329801350E1,-1.808543801E-2,3.127385119E-2,-2.113651514E-2
4.330795250E1,-2.547807276E-2,5.393334674E-2,-3.310591176E-2
4.331789150E1,-2.709365845E-2,7.568162682E-2,-3.592397735E-2
4.332783150E1,-3.802853644E-2,6.859763369E-2,-2.716133997E-2
4.333777050E1,-4.855352461E-2,4.322150348E-2,-1.339465544E-2
4.334770950E1,-5.248168409E-2,2.122952241E-2,-1.153904155E-2
4.335764850E1,-3.959149718E-2,1.321015751E-2,-1.901061371E-2
4.336758750E1,-3.640534937E-2,8.309094440E-3,2.707114667E-3
4.337752650E1,-5.884579360E-2,1.935806623E-2,-6.184161454E-3
4.338746550E1,-6.981107712E-2,1.857830347E-2,-7.671693116E-3
4.339740450E1,-5.700450540E-2,1.759063566E-2,-2.481412143E-3
4.340734350E1,-4.444994867E-2,-2.739840802E-3,-3.498681486E-3
4.341728250E1,-5.385051727E-2,-7.094682567E-3,5.153589696E-3
4.342722150E1,-5.600580096E-2,-3.751445655E-3,7.545100898E-3
4.343716050E1,-4.647425473E-2,1.417873051E-2,2.667602107E-2
4.344710050E1,-4.045805454E-2,1.548322605E-2,2.989008933E-2
4.345703950E1,-3.656965613E-2,1.765851818E-2,2.970151663E-2
4.346697850E1,-2.601075411E-2,1.660024524E-2,2.003124520E-2
4.347691750E1,-2.632416487E-2,1.880126512E-2,7.831760645E-3
4.348685650E1,-4.981535375E-2,2.241891917E-2,1.957180023E-2
4.349679550E1,-5.818973601E-2,3.998168919E-2,9.888811111E-3
4.350673450E1,-5.228346348E-2,3.488951353E-2,1.573836565E-2
4.351667350E1,-5.723663986E-2,2.285090050E-2,5.574589223E-3
4.352661250E1,-4.502648413E-2,1.570023084E-2,-1.121949121E-2
4.353655150E1,-4.007096887E-2,-3.139808625E-3,-6.035495996E-3
4.354649050E1,-3.285784364E-2,-2.068655362E-2,3.290812969E-3
4.355642950E1,-2.775030077E-2,-2.355505144E-2,4.136466533E-3
4.356636950E1,-2.753219962E-2,-2.931384623E-2,2.942099646E-2
4.357630850E1,-3.228013873E-2,-1.871478114E-2,2.916138008E-2
4.358624750E1,-1.497413456E-2,2.447735835E-3,-1.935574561E-3
4.359618650E1,-1.946947396E-2,2.501855470E-2,-1.186546236E-2
4.360612550E1,-1.022911906E-2,3.186328707E-2,-2.613851577E-3
4.361606450E1,-3.023653686E-2,4.890218312E-2,-2.232320756E-3
4.362600350E1,-4.048553646E-2,3.725127703E-2,-5.103449821E-3
4.363594250E1,-5.867330074E-2,3.888051230E-2,-1.272471070E-2
4.364588150E1,-6.040232241E-2,1.915739710E-2,-1.386594102E-2
4.365582050E1,-6.607938409E-2,1.710710747E-2,-1.052250311E-2
4.366575950E1,-5.643674076E-2,1.716135867E-2,-6.482077092E-3
4.367569850E1,-2.983834147E-2,1.823667990E-2,2.508572459E-2
4.368563850E1,-1.447419763E-2,3.388786722E-2,4.233047917E-2
4.369557750E1,1.040804386E-2,3.455792159E-2,3.838930964E-2
4.370551650E1,2.693344474E-2,2.954919666E-2,3.552402779E-2
4.371545550E1,1.456073642E-2,2.216069151E-2,3.482484698E-2
4.372539450E1,4.554396272E-3,9.334184434E-3,2.240872309E-2
4.373533350E1,-4.176900029E-2,-1.722938737E-2,-1.922308691E-1
4.374527250E1,-3.885357857E-2,7.473775830E-2,-4.653411560E-1
4.375521150E1,-7.186812758E-2,1.975319731E-1,-4.687278633E-1
4.376515050E1,-1.868232179E-1,2.098717725E-1,-3.500482428E-1
4.377508950E1,-2.238039333E-1,7.121744212E-2,-2.708979928E-1
4.378502850E1,-1.372359055E-1,-1.101445860E-1,-1.998835588E-1
4.379496850E1,9.672698021E-2,-1.996706653E-1,-1.302784498E-1
4.380490750E1,2.448597568E-1,-1.986807499E-1,-2.288366318E-2
4.381484650E1,2.133251381E-1,-1.804039253E-1,1.239130247E-1
4.382478550E1,2.327209371E-1,-1.633030853E-1,1.551533823E-1
4.383472450E1,3.253338164E-1,-1.548084696E-1,1.335470434E-1
4.384466350E1,4.082391483E-1,-1.169028709E-1,1.249408190E-1
4.385460250E1,4.041379112E-1,-6.584675627E-2,1.401507425E-1
4.386454150E1,2.811171716E-1,-3.450463884E-2,8.978633523E-2
4.387448050E1,1.287551039E-1,-1.791921264E-2,1.895082593E-2
4.388441950E1,-4.241979539E-2,4.477761202E-3,-4.694378614E-2