"Time (s)","X (rad/s)","Y (rad/s)","Z (rad/s)"
1.177437500E-2,1.600762270E-2,3.833612800E-2,-3.424554691E-2
2.176937500E-2,3.105142713E-2,1.185310632E-2,-2.045447193E-2
3.176437500E-2,4.354138672E-2,-1.132252067E-2,-1.412680186E-2
4.175937500E-2,5.357863754E-2,-2.661331743E-2,-1.372767519E-2
5.175437500E-2,5.532007664E-2,-2.845728956E-2,-1.590400934E-2
6.174937500E-2,5.490537733E-2,-1.123190392E-2,-1.907790452E-2
7.174337500E-2,5.411814526E-2,1.699280925E-2,-1.905366965E-2
8.173837500E-2,5.490471050E-2,4.217810929E-2,-2.030872181E-2
9.173337500E-2,5.631858110E-2,6.137310714E-2,-1.923813112E-2
1.017283750E-1,5.514793098E-2,6.937637925E-2,-1.708524488E-2
1.117233750E-1,6.071766466E-2,6.376936287E-2,-1.267212071E-2
1.217183750E-1,5.846200511E-2,5.620136112E-2,-1.323303487E-2
1.317133750E-1,5.908758193E-2,4.635911807E-2,-1.146496180E-2
1.417073750E-1,5.940542370E-2,4.556258023E-2,-6.488740444E-3
1.517023750E-1,5.901926383E-2,4.785023630E-2,-4.049550742E-3
1.616973750E-1,5.742259696E-2,5.415935442E-2,-7.110724226E-3
1.716923750E-1,5.944073945E-2,6.477098912E-2,-6.375958212E-3
1.816873750E-1,6.633094698E-2,7.055035233E-2,-3.251894843E-3
1.916823750E-1,6.844815612E-2,6.554467231E-2,-9.220570326E-3
2.016773750E-1,5.856195837E-2,5.394284427E-2,-1.422597095E-2
2.116713750E-1,6.326670200E-2,5.550052971E-2,-1.487924531E-2
2.216663750E-1,6.470559537E-2,6.809774041E-2,-1.788966358E-2
2.316613750E-1,7.953859866E-2,9.556398541E-2,-2.730713412E-2
2.416563750E-1,9.201679379E-2,1.273299754E-1,-4.384796321E-2
2.516513750E-1,1.121087447E-1,1.593054831E-1,-6.431515515E-2
2.616463750E-1,1.370988488E-1,1.992760748E-1,-9.144326299E-2
2.716413750E-1,1.597327888E-1,2.425481677E-1,-1.202578619E-1
2.816353750E-1,1.794869602E-1,2.886255383E-1,-1.418195069E-1
2.916303750E-1,2.032189220E-1,3.467058837E-1,-1.635628790E-1
3.016253750E-1,2.315167040E-1,3.963772058E-1,-1.913216561E-1
3.116203750E-1,2.692331970E-1,4.524969161E-1,-2.212255001E-1
3.216153750E-1,3.162003458E-1,5.161396265E-1,-2.623453736E-1
3.316103750E-1,3.618077636E-1,5.914701223E-1,-3.210726082E-1
3.416043750E-1,4.089319706E-1,6.820078492E-1,-3.903359473E-1
3.515993750E-1,4.568614066E-1,7.833626866E-1,-4.858265221E-1
3.615943750E-1,4.965024889E-1,9.302688241E-1,-5.855706334E-1
3.715893750E-1,5.339050293E-1,1.085669875E0,-7.063463330E-1
3.815843750E-1,5.693293214E-1,1.280022860E0,-8.299146295E-1
3.915793750E-1,5.979090333E-1,1.483099461E0,-9.536104202E-1
4.015743750E-1,6.310028434E-1,1.689512968E0,-1.064542055E0
4.115683750E-1,6.622177958E-1,1.809619427E0,-1.176331162E0
4.215633750E-1,6.964692473E-1,1.826611042E0,-1.291817546E0
4.315583750E-1,7.303051949E-1,1.738684654E0,-1.426286697E0
4.415533750E-1,7.650005221E-1,1.624938965E0,-1.586478949E0
4.515483750E-1,7.900728583E-1,1.511964202E0,-1.747661710E0
4.615433750E-1,8.068184257E-1,1.382098556E0,-1.927538753E0
4.715383750E-1,7.970941663E-1,1.279374480E0,-2.093842030E0
4.815323750E-1,7.574488521E-1,1.368480563E0,-2.143499374E0
4.915273750E-1,6.946118474E-1,1.465710402E0,-2.086951494E0
5.015223750E-1,6.456403732E-1,1.528486609E0,-1.997105837E0
5.115178750E-1,6.231475472E-1,1.536309838E0,-1.943892837E0
5.215128750E-1,6.084429026E-1,1.494243503E0,-1.939573884E0
5.315078750E-1,6.204628348E-1,1.386512518E0,-1.982618570E0
5.415028750E-1,6.399732232E-1,1.236114025E0,-2.051161289E0
5.514968750E-1,6.692343950E-1,1.089455128E0,-2.134480953E0
5.614918750E-1,6.968871355E-1,9.793744087E-1,-2.220611572E0
5.714868750E-1,7.108247876E-1,9.455813169E-1,-2.284796715E0
5.814818750E-1,7.009510398E-1,1.014206171E0,-2.288208246E0
5.914768750E-1,6.658516526E-1,1.153092146E0,-2.237977982E0
6.014718750E-1,6.267217398E-1,1.323661327E0,-2.165965557E0
6.114668750E-1,5.975419879E-1,1.488300681E0,-2.119712591E0
6.214608750E-1,5.802406669E-1,1.599270701E0,-2.113631487E0
6.314558750E-1,5.749590993E-1,1.647780895E0,-2.138808727E0
6.414508750E-1,5.817071199E-1,1.619572520E0,-2.183785677E0
6.514458750E-1,5.944482088E-1,1.540932655E0,-2.242329121E0
6.614408750E-1,6.021851301E-1,1.454426050E0,-2.294121742E0
6.714358750E-1,6.033236384E-1,1.397829533E0,-2.313868999E0
6.814308750E-1,5.992579460E-1,1.360999823E0,-2.303818226E0
6.914248750E-1,5.835106373E-1,1.356857538E0,-2.252394676E0
7.014198750E-1,5.749147534E-1,1.373038888E0,-2.167446852E0
7.114148750E-1,5.647106171E-1,1.383927464E0,-2.111360550E0
7.214098750E-1,5.656143427E-1,1.387342095E0,-2.101188421E0
7.314048750E-1,5.682969689E-1,1.374991179E0,-2.133149624E0
7.413998750E-1,5.710511208E-1,1.359289765E0,-2.173323631E0
7.513948750E-1,5.792403221E-1,1.349052310E0,-2.209119081E0
7.613888750E-1,5.838741660E-1,1.356359005E0,-2.233110905E0
7.713838750E-1,5.810264349E-1,1.398380756E0,-2.241672039E0
7.813788750E-1,5.626575947E-1,1.466715097E0,-2.208242893E0
7.913738750E-1,5.425736308E-1,1.548925519E0,-2.125874996E0
8.013688750E-1,5.196400881E-1,1.623696923E0,-2.040614605E0
8.113638750E-1,4.981052279E-1,1.686432004E0,-1.978326201E0
8.213588750E-1,4.872885644E-1,1.720367908E0,-1.944586873E0
8.313528750E-1,4.820983112E-1,1.725430846E0,-1.934312701E0
8.413478750E-1,4.867942929E-1,1.708888769E0,-1.939444542E0
8.513428750E-1,4.927962720E-1,1.687934756E0,-1.959044576E0
8.613378750E-1,5.073791742E-1,1.673579097E0,-1.984551311E0
8.713328750E-1,5.265028477E-1,1.673468947E0,-2.019026756E0
8.813278750E-1,5.491873622E-1,1.688135266E0,-2.058028460E0
8.913218750E-1,5.480787158E-1,1.722109556E0,-2.081869602E0
9.013168750E-1,5.320773721E-1,1.775906086E0,-2.064783812E0
9.113118750E-1,5.156992078E-1,1.829943419E0,-2.005180120E0
9.213068750E-1,5.075528026E-1,1.867507577E0,-1.949102402E0
9.313018750E-1,5.047868490E-1,1.873399138E0,-1.908391476E0
9.412968750E-1,5.008703470E-1,1.838345289E0,-1.895173550E0
9.512918750E-1,4.958098233E-1,1.772071481E0,-1.900991917E0
9.612858750E-1,4.953787923E-1,1.693720460E0,-1.918613195E0
9.712808750E-1,5.012137890E-1,1.613159895E0,-1.945166469E0
9.812758750E-1,4.968320131E-1,1.547083259E0,-1.979916930E0
9.912708750E-1,4.952759445E-1,1.490583181E0,-2.003224850E0
1.001265875E0,4.820352197E-1,1.465939641E0,-2.024012804E0
1.011260875E0,4.699101150E-1,1.454384208E0,-2.027896404E0
1.021255875E0,4.563022554E-1,1.465097785E0,-2.021611452E0
1.031250875E0,4.443105757E-1,1.484415054E0,-2.007732868E0
1.041244875E0,4.418915510E-1,1.508743167E0,-1.988160372E0
1.051239875E0,4.380853474E-1,1.522942066E0,-1.967878342E0
1.061234875E0,4.411045611E-1,1.532399774E0,-1.937038898E0
1.071229875E0,4.497398734E-1,1.519820333E0,-1.892278075E0
1.081224875E0,4.542854130E-1,1.490180969E0,-1.834348321E0
1.091219875E0,4.568583071E-1,1.441847682E0,-1.766572714E0
1.101213875E0,4.578955472E-1,1.382556200E0,-1.688709021E0
1.111208875E0,4.553378522E-1,1.312846661E0,-1.606436014E0
1.121203875E0,4.528238773E-1,1.241750360E0,-1.529277921E0
1.131198875E0,4.474725127E-1,1.166262746E0,-1.453061223E0
1.141193875E0,4.397466779E-1,1.102888823E0,-1.376568794E0
1.151188875E0,4.245051444E-1,1.042669415E0,-1.306499124E0
1.161183875E0,4.094502628E-1,9.900825620E-1,-1.226974010E0
1.171177875E0,3.924912512E-1,9.431744218E-1,-1.145995021E0
1.181172875E0,3.761191964E-1,9.005637169E-1,-1.056984782E0
1.191167875E0,3.613218665E-1,8.625585437E-1,-9.661742449E-1
1.201162875E0,3.558810353E-1,8.401619196E-1,-8.720887899E-1
1.211157875E0,3.461080194E-1,8.309369683E-1,-7.808294892E-1
1.221152875E0,3.356477022E-1,8.433209062E-1,-7.063571811E-1
1.231147875E0,3.178806901E-1,8.630946279E-1,-6.513053775E-1
1.241141875E0,2.923545539E-1,8.841840625E-1,-6.083389521E-1
1.251136875E0,2.699821293E-1,9.157936573E-1,-5.648114085E-1
1.261131875E0,2.469193786E-1,9.565221667E-1,-5.138933659E-1
1.271126875E0,2.328970432E-1,9.991191030E-1,-4.679274559E-1
1.281121875E0,2.182529122E-1,1.027410388E0,-4.253292084E-1
1.291116875E0,2.043908983E-1,1.037816405E0,-3.920634091E-1
1.301111875E0,1.924090385E-1,1.031023026E0,-3.626761734E-1
1.311105875E0,1.807387918E-1,1.015876889E0,-3.316074610E-1
1.321100875E0,1.639521420E-1,9.710475802E-1,-3.033913374E-1
1.331095875E0,1.577709466E-1,9.120535254E-1,-2.804953456E-1
1.341090875E0,1.537462622E-1,8.463525772E-1,-2.753763497E-1
1.351085875E0,1.482795924E-1,7.847473025E-1,-2.822723389E-1
1.361080875E0,1.536067277E-1,7.079287171E-1,-2.813687325E-1
1.371075875E0,1.624588221E-1,6.430367827E-1,-2.680798173E-1
1.381069875E0,1.697150171E-1,5.893685818E-1,-2.362648249E-1
1.391064875E0,1.748858094E-1,5.678616762E-1,-1.964383274E-1
1.401059875E0,1.735106856E-1,5.676392913E-1,-1.699969620E-1
1.411054875E0,1.669462621E-1,5.844310522E-1,-1.561221629E-1
1.421049875E0,1.542335153E-1,5.976057649E-1,-1.508436650E-1
1.431044875E0,1.385070086E-1,6.085894108E-1,-1.459109485E-1
1.441039875E0,1.262902319E-1,6.046047807E-1,-1.368574649E-1
1.451034875E0,1.155726016E-1,5.903709531E-1,-1.286892742E-1
1.461028875E0,1.077371016E-1,5.767371655E-1,-1.236695498E-1
1.471023875E0,1.115307733E-1,5.667713284E-1,-1.215648502E-1
1.481018875E0,1.123105213E-1,5.566799641E-1,-1.261185557E-1
1.491013875E0,1.046779007E-1,5.524628758E-1,-1.342910081E-1
1.501008875E0,9.783872217E-2,5.477810502E-1,-1.406442672E-1
1.511003958E0,8.112125844E-2,5.405670404E-1,-1.486087143E-1
1.520998958E0,6.612911075E-2,5.257148147E-1,-1.475159228E-1
1.530992958E0,5.595796928E-2,5.018984675E-1,-1.502246261E-1
1.540987958E0,5.103772134E-2,4.693546891E-1,-1.594590545E-1
1.550982958E0,5.566230044E-2,4.373796880E-1,-1.766755879E-1
1.560977958E0,6.598851085E-2,4.104804695E-1,-1.872417778E-1
1.570972958E0,7.486296445E-2,3.889472187E-1,-1.897715181E-1
1.580967958E0,7.924520224E-2,3.837727308E-1,-1.841754317E-1
1.590962958E0,8.447618783E-2,3.777877986E-1,-1.761771590E-1
1.600956958E0,9.422069788E-2,3.703898489E-1,-1.683892757E-1
1.610951958E0,1.096902043E-1,3.678601086E-1,-1.687096506E-1
1.620946958E0,1.356147677E-1,3.704006076E-1,-1.678934246E-1
1.630941958E0,1.798693240E-1,3.776151240E-1,-1.674207151E-1
1.640936958E0,2.473590672E-1,3.914893270E-1,-1.686131805E-1
1.650931958E0,3.196902573E-1,4.289272428E-1,-1.800751686E-1
1.660926958E0,4.046189785E-1,4.851970077E-1,-2.112053484E-1
1.670920958E0,4.728454351E-1,5.648635626E-1,-2.515192032E-1
1.680915958E0,5.210460424E-1,6.586253643E-1,-2.940031290E-1
1.690910958E0,5.594491363E-1,7.544259429E-1,-3.207673728E-1
1.700905958E0,5.901155472E-1,8.388285041E-1,-3.218029439E-1
1.710900958E0,6.354119182E-1,9.208996892E-1,-3.056572676E-1
1.720895958E0,7.015609145E-1,1.000728011E0,-2.860029638E-1
1.730890958E0,7.760671377E-1,1.091416597E0,-2.692825794E-1
1.740884958E0,8.434811831E-1,1.183528185E0,-2.648139000E-1
1.750879958E0,9.143571854E-1,1.265660286E0,-2.599754632E-1
1.760874958E0,9.604524374E-1,1.347796202E0,-2.622168660E-1
1.770869958E0,9.926952720E-1,1.419274688E0,-2.816920280E-1
1.780864958E0,1.025001407E0,1.459351182E0,-3.076073825E-1
1.790859958E0,1.073598504E0,1.472558141E0,-3.329039514E-1
1.800854958E0,1.136942983E0,1.475903273E0,-3.347506821E-1
1.810848958E0,1.216334701E0,1.475045204E0,-3.033522666E-1
1.820843958E0,1.279535413E0,1.473486900E0,-2.541468740E-1
1.830838958E0,1.344111919E0,1.460557461E0,-2.046469748E-1
1.840833958E0,1.400657296E0,1.421060920E0,-1.751840562E-1
1.850828958E0,1.464581132E0,1.347068548E0,-1.426652670E-1
1.860823958E0,1.541463971E0,1.266853452E0,-1.016927734E-1
1.870818958E0,1.616435170E0,1.191793799E0,-5.683342740E-2
1.880812958E0,1.681687355E0,1.127322197E0,-9.445924312E-3
1.890807958E0,1.747788072E0,1.074901819E0,2.648464590E-2
1.900802958E0,1.818560481E0,1.041098475E0,5.388373882E-2
1.910797958E0,1.875511169E0,1.032490373E0,8.218435943E-2
1.920792958E0,1.927053094E0,1.051275730E0,1.126475185E-1
1.930787958E0,1.972850323E0,1.073062539E0,1.390724629E-1
1.940782958E0,2.004307985E0,1.085717797E0,1.588701159E-1
1.950777958E0,2.040205479E0,1.062487841E0,1.792163998E-1
1.960771958E0,2.081728935E0,1.010468125E0,1.882715672E-1
1.970766958E0,2.132176876E0,9.270674586E-1,1.898124814E-1
1.980761958E0,2.176009655E0,8.208016157E-1,1.811443865E-1
1.990756958E0,2.227610826E0,7.088021040E-1,1.762740016E-1
2.000751958E0,2.280727148E0,6.024189591E-1,1.782762259E-1
2.010746958E0,2.343951225E0,5.224758983E-1,1.820062399E-1
2.020741958E0,2.388297558E0,4.744257927E-1,1.842332780E-1
2.030735958E0,2.414105892E0,4.496943355E-1,1.916640252E-1
2.040730958E0,2.436050653E0,4.496113956E-1,2.099592835E-1
2.050725958E0,2.439007044E0,4.783580899E-1,2.386268824E-1
2.060720958E0,2.427849293E0,5.192312002E-1,2.759479582E-1
2.070715958E0,2.413786650E0,5.478703380E-1,3.099541366E-1
2.080710958E0,2.406217575E0,5.466945171E-1,3.453781009E-1
2.090705958E0,2.414019585E0,5.310862660E-1,3.892643452E-1
2.100699958E0,2.429666042E0,4.996731579E-1,4.467534721E-1
2.110694958E0,2.443705559E0,4.823461175E-1,5.049182773E-1
2.120689958E0,2.457233906E0,4.919962883E-1,5.553537607E-1
2.130684958E0,2.460176229E0,5.473591089E-1,6.087916493E-1
2.140679958E0,2.459731102E0,6.446473598E-1,6.557943225E-1
2.150674958E0,2.436668873E0,7.850438952E-1,6.931888461E-1
2.160669958E0,2.397566557E0,9.358960390E-1,7.031375766E-1
2.170663958E0,2.355089903E0,1.048381805E0,7.139055133E-1
2.180658958E0,2.319129467E0,1.103407264E0,7.487205863E-1
2.190653958E0,2.299525976E0,1.099094748E0,8.259709477E-1
2.200648958E0,2.279533386E0,1.064489126E0,9.186738729E-1
2.210643958E0,2.270240784E0,1.022899866E0,9.948882461E-1
2.220638958E0,2.257548094E0,9.876036048E-1,1.025454164E0
2.230633958E0,2.234407902E0,9.502301216E-1,1.022400260E0
2.240628958E0,2.204230547E0,9.282155633E-1,1.005164385E0
2.250622958E0,2.165877104E0,9.481773376E-1,9.949024916E-1
2.260617958E0,2.125245810E0,1.013242245E0,9.928190112E-1
2.270612958E0,2.084452152E0,1.117720842E0,9.996553659E-1
2.280607958E0,2.049649954E0,1.208654165E0,1.001411080E0
2.290602958E0,2.015566826E0,1.283251286E0,1.005858541E0
2.300597958E0,1.983560085E0,1.335705161E0,1.007134795E0
2.310592958E0,1.948545098E0,1.353634953E0,9.994732141E-1
2.320586958E0,1.908254981E0,1.334901571E0,9.759329557E-1
2.330581958E0,1.869146943E0,1.268377900E0,9.458224177E-1
2.340576958E0,1.833799481E0,1.161744714E0,9.335906506E-1
2.350571958E0,1.795406580E0,1.047948360E0,9.353560805E-1
2.360566958E0,1.768267751E0,9.439560771E-1,9.444189668E-1
2.370561958E0,1.727755189E0,8.596537113E-1,9.364669919E-1
2.380556958E0,1.690226197E0,8.019502759E-1,9.021601081E-1
2.390550958E0,1.657744527E0,7.785299420E-1,8.632012606E-1
2.400545958E0,1.625232577E0,7.827108502E-1,8.299978375E-1
2.410540958E0,1.591043711E0,8.004421592E-1,8.208764791E-1
2.420535958E0,1.548222065E0,8.270522356E-1,8.228415847E-1
2.430530958E0,1.503244996E0,8.556903005E-1,8.313645124E-1
2.440525958E0,1.463932633E0,8.799974918E-1,8.379859328E-1
2.450520958E0,1.423526883E0,8.979157805E-1,8.381318450E-1
2.460515958E0,1.378474832E0,9.064147472E-1,8.200415373E-1
2.470509958E0,1.332214117E0,9.024501443E-1,8.004393578E-1
2.480504958E0,1.280882835E0,9.056071043E-1,7.828592062E-1
2.490499958E0,1.226800919E0,9.165471196E-1,7.728098035E-1
2.500494958E0,1.180313587E0,9.360774755E-1,7.579681873E-1
2.510489958E0,1.134785533E0,9.629093409E-1,7.349920273E-1
2.520484333E0,1.088833213E0,9.781150222E-1,7.160956264E-1
2.530479333E0,1.054708242E0,9.947462082E-1,7.127171755E-1
2.540473333E0,1.013508320E0,1.011513233E0,7.051602006E-1
2.550468333E0,9.698593616E-1,9.978072047E-1,6.880398393E-1
2.560463333E0,9.225938916E-1,9.639242887E-1,6.719103456E-1
2.570458333E0,8.813923597E-1,9.204759002E-1,6.548125744E-1
2.580453333E0,8.420970440E-1,8.667482734E-1,6.338818669E-1
2.590448333E0,8.076568246E-1,8.045474887E-1,6.100412011E-1
2.600443333E0,7.736731172E-1,7.490714788E-1,5.878180265E-1
2.610437333E0,7.384259105E-1,6.922973990E-1,5.639861822E-1
2.620432333E0,7.045925260E-1,6.335110068E-1,5.421377420E-1
2.630427333E0,6.700148582E-1,5.731813312E-1,5.169956684E-1
2.640422333E0,6.426545382E-1,5.177863836E-1,5.021214485E-1
2.650417333E0,6.102140546E-1,4.701131880E-1,4.897886515E-1
2.660412333E0,5.719816685E-1,4.316308498E-1,4.801700711E-1
2.670407333E0,5.420032740E-1,4.203307927E-1,4.575065672E-1
2.680402333E0,5.149280429E-1,4.334841967E-1,4.320623875E-1
2.690396333E0,4.850260913E-1,4.469283819E-1,4.020168483E-1
2.700391333E0,4.532272816E-1,4.849703014E-1,3.679120243E-1
2.710386333E0,4.227442145E-1,5.271084309E-1,3.342446089E-1
2.720381333E0,4.076140523E-1,5.613952875E-1,3.014578223E-1
2.730376333E0,3.965816498E-1,5.458099246E-1,2.789125741E-1
2.740371333E0,3.843887448E-1,4.906017482E-1,2.594226301E-1
2.750366333E0,3.708734810E-1,4.148425162E-1,2.459334433E-1
2.760361333E0,3.543473184E-1,3.380027413E-1,2.401343435E-1
2.770355333E0,3.328795731E-1,2.865097225E-1,2.307024896E-1
2.780350333E0,3.095920384E-1,2.690521479E-1,2.138053179E-1
2.790345333E0,3.019367754E-1,2.856521606E-1,1.837978810E-1
2.800340333E0,3.050824702E-1,3.103819489E-1,1.592504829E-1
2.810335333E0,3.068068624E-1,3.257726431E-1,1.413508505E-1
2.820330333E0,2.955444157E-1,3.215101659E-1,1.349991411E-1
2.830325333E0,2.751379609E-1,2.772931457E-1,1.382631212E-1
2.840319333E0,2.492892444E-1,2.018828690E-1,1.471040845E-1
2.850314333E0,2.269780785E-1,1.288621873E-1,1.466758549E-1
2.860309333E0,2.000491917E-1,7.524795085E-2,1.257546544E-1
2.870304333E0,1.774251014E-1,4.817585275E-2,9.178417176E-2
2.880299333E0,1.621191204E-1,6.998234987E-2,5.681953207E-2
2.890294333E0,1.452112347E-1,1.010342762E-1,3.359383717E-2
2.900289333E0,1.254958957E-1,1.136301011E-1,2.068812028E-2
2.910284333E0,1.041123047E-1,1.095400155E-1,7.594199851E-4
2.920278333E0,1.001012400E-1,9.204670042E-2,-2.055243030E-2
2.930273333E0,9.533604234E-2,7.270948589E-2,-4.613289237E-2
2.940268333E0,7.991594821E-2,4.933789745E-2,-7.010283321E-2
2.950263333E0,5.497704446E-2,1.752723753E-2,-8.866427094E-2
2.960258333E0,1.777882688E-2,-1.916040108E-2,-1.164093614E-1
2.970253333E0,-1.295245439E-2,-4.610599950E-2,-1.463563442E-1
2.980248333E0,-3.729926422E-2,-7.422468066E-2,-1.739307940E-1
2.990242333E0,-6.104960293E-2,-9.175680578E-2,-1.876865476E-1
3.000237333E0,-9.475891292E-2,-9.713992476E-2,-1.816397607E-1
3.010232333E0,-1.327259988E-1,-8.267603070E-2,-1.708829850E-1
3.020227333E0,-1.564031243E-1,-5.107828975E-2,-1.739101708E-1
3.030222333E0,-1.726153940E-1,-2.019920386E-2,-1.875727177E-1
3.040217333E0,-2.018859386E-1,1.636784989E-3,-2.072694302E-1
3.050212333E0,-2.195616066E-1,2.564411610E-2,-2.281147838E-1
3.060207333E0,-2.379275262E-1,4.179479554E-2,-2.470392734E-1
3.070201333E0,-2.504577041E-1,4.047546536E-2,-2.674430609E-1
3.080196333E0,-2.616017461E-1,4.001077265E-2,-2.883206010E-1
3.090191333E0,-2.695792615E-1,3.982222080E-2,-2.983705699E-1
3.100186333E0,-2.805866897E-1,3.120668977E-2,-3.009780049E-1
3.110181333E0,-2.973419726E-1,2.684549615E-2,-2.953827083E-1
3.120176333E0,-3.124491870E-1,1.462984923E-2,-2.997170985E-1
3.130171333E0,-3.214887679E-1,-1.771930233E-2,-3.016071320E-1
3.140166333E0,-3.328247070E-1,-5.753938109E-2,-3.092963099E-1
3.150160333E0,-3.590478003E-1,-9.379645437E-2,-3.230184913E-1
3.160155333E0,-3.843657076E-1,-1.093696505E-1,-3.467064798E-1
3.170150333E0,-4.157609046E-1,-8.389012516E-2,-3.764625192E-1
3.180145333E0,-4.391131103E-1,-2.573108859E-2,-4.216571450E-1
3.190140333E0,-4.610556960E-1,4.859400541E-2,-4.667817354E-1
3.200135333E0,-4.739128649E-1,1.471876949E-1,-5.039747357E-1
3.210130333E0,-4.814133942E-1,2.385282665E-1,-5.457626581E-1
3.220125333E0,-5.005500913E-1,2.685717046E-1,-5.777437091E-1
3.230119333E0,-5.318667889E-1,2.513954043E-1,-5.937091112E-1
3.240114333E0,-5.578387380E-1,2.166161686E-1,-6.038213372E-1
3.250109333E0,-5.871470571E-1,1.806043684E-1,-6.287966967E-1
3.260104333E0,-6.062192917E-1,1.359787136E-1,-6.744313240E-1
3.270099333E0,-6.258941889E-1,9.727898985E-2,-7.217745781E-1
3.280094333E0,-6.409088373E-1,7.783815265E-2,-7.601946592E-1
3.290089333E0,-6.561495662E-1,6.869658083E-2,-7.864409089E-1
3.300084333E0,-6.783028245E-1,5.602719262E-2,-7.990936041E-1
3.310078333E0,-7.196339965E-1,2.126654796E-2,-7.932602167E-1
3.320073333E0,-7.703163624E-1,-1.553214341E-2,-7.886037230E-1
3.330068333E0,-8.216431737E-1,-5.580393225E-2,-8.082544208E-1
3.340063333E0,-8.477426767E-1,-1.101398468E-1,-8.480920196E-1
3.350058333E0,-8.702014089E-1,-1.620640308E-1,-8.817170858E-1
3.360053333E0,-8.798031211E-1,-1.796106249E-1,-9.071214199E-1
3.370048333E0,-8.913369775E-1,-1.571623087E-1,-9.414367676E-1
3.380042333E0,-9.216648936E-1,-1.070245206E-1,-9.900541902E-1
3.390037333E0,-9.782608151E-1,-6.018830091E-2,-1.033663988E0
3.400032333E0,-1.032002211E0,-3.231002018E-2,-1.070251703E0
3.410027333E0,-1.060000539E0,-5.361493211E-3,-1.085104942E0
3.420022333E0,-1.067284226E0,1.923652738E-2,-1.082122207E0
3.430017333E0,-1.055950403E0,4.548757151E-2,-1.079178691E0
3.440012333E0,-1.028519034E0,5.891636014E-2,-1.096332908E0
3.450007333E0,-1.018406987E0,2.211227641E-2,-1.126103520E0
3.460001333E0,-1.052446365E0,-7.105376571E-2,-1.142779589E0
3.469996333E0,-1.095539212E0,-1.922917813E-1,-1.143391371E0
3.479991333E0,-1.115575433E0,-3.209563196E-1,-1.130919456E0
3.489986333E0,-1.130954146E0,-4.495728910E-1,-1.104864955E0
3.499981333E0,-1.124645233E0,-5.447513461E-1,-1.079031944E0
3.509976333E0,-1.109543800E0,-5.739606023E-1,-1.066619754E0
3.519972125E0,-1.102742195E0,-5.429704785E-1,-1.074288368E0
3.529967125E0,-1.122862101E0,-4.920119345E-1,-1.081344485E0
3.539961125E0,-1.187045574E0,-4.348775148E-1,-1.082584500E0
3.549956125E0,-1.225949764E0,-3.926597536E-1,-1.076925039E0
3.559951125E0,-1.238776922E0,-3.498262763E-1,-1.066913247E0
3.569946125E0,-1.228884101E0,-2.844358087E-1,-1.061753035E0
3.579941125E0,-1.200841069E0,-2.027852833E-1,-1.072717071E0
3.589936125E0,-1.173525333E0,-1.213857681E-1,-1.107647538E0
3.599931125E0,-1.165318251E0,-8.165167272E-2,-1.139034510E0
3.609926125E0,-1.183886051E0,-9.872919321E-2,-1.152393460E0
3.619920125E0,-1.206116080E0,-1.519198418E-1,-1.140216351E0
3.629915125E0,-1.226284146E0,-2.361263335E-1,-1.122884989E0
3.639910125E0,-1.220351934E0,-3.332654238E-1,-1.092300415E0
3.649905125E0,-1.196941495E0,-3.968033791E-1,-1.065718055E0
3.659900125E0,-1.173834085E0,-4.083265364E-1,-1.051919937E0
3.669895125E0,-1.150754333E0,-3.838747144E-1,-1.060194135E0
3.679890125E0,-1.160924435E0,-3.247798681E-1,-1.089046240E0
3.689885125E0,-1.172803760E0,-2.845917046E-1,-1.138753772E0
3.699879125E0,-1.145471334E0,-2.663179934E-1,-1.167351246E0
3.709874125E0,-1.144230604E0,-2.824610174E-1,-1.147591352E0
3.719869125E0,-1.119194508E0,-3.337616324E-1,-1.089255333E0
3.729864125E0,-1.102937579E0,-4.017702341E-1,-1.031920671E0
3.739859125E0,-1.086988688E0,-4.663074017E-1,-9.961476326E-1
3.749854125E0,-1.085093141E0,-5.180267692E-1,-9.862084985E-1
3.759849125E0,-1.104249001E0,-5.427336693E-1,-9.927502275E-1
3.769844125E0,-1.149062872E0,-5.455813408E-1,-1.016989231E0
3.779838125E0,-1.154570460E0,-5.223148465E-1,-1.042204142E0
3.789833125E0,-1.160998225E0,-4.924477637E-1,-1.048913956E0
3.799828125E0,-1.145842433E0,-4.772751331E-1,-1.025814533E0
3.809823125E0,-1.124405026E0,-4.757821560E-1,-9.852451682E-1
3.819818125E0,-1.108551979E0,-4.997197092E-1,-9.435335994E-1
3.829813125E0,-1.107906699E0,-5.658372641E-1,-9.075497389E-1
3.839808125E0,-1.118870854E0,-6.435458660E-1,-8.873851895E-1
3.849803125E0,-1.146311522E0,-7.219133973E-1,-8.768462539E-1
3.859797125E0,-1.188698053E0,-7.903549075E-1,-8.679170609E-1
3.869792125E0,-1.224609137E0,-8.450093269E-1,-8.662214279E-1
3.879787125E0,-1.246390700E0,-8.713910580E-1,-8.565250039E-1
3.889782125E0,-1.249722123E0,-8.693433404E-1,-8.337933421E-1
3.899777125E0,-1.234176517E0,-8.288823962E-1,-8.096624613E-1
3.909772125E0,-1.215191126E0,-7.745808363E-1,-8.011659384E-1
3.919767125E0,-1.206479549E0,-7.496849298E-1,-8.052895069E-1
3.929762125E0,-1.204655766E0,-7.502436638E-1,-7.996934056E-1
3.939756125E0,-1.224579215E0,-7.690629959E-1,-7.851045132E-1
3.949751125E0,-1.235712528E0,-8.140792251E-1,-7.667721510E-1
3.959746125E0,-1.248383999E0,-8.889514208E-1,-7.442565560E-1
3.969741125E0,-1.266868949E0,-9.807804227E-1,-7.324609160E-1
3.979736125E0,-1.254207253E0,-1.067009330E0,-7.365038395E-1
3.989731125E0,-1.227505088E0,-1.119935632E0,-7.485181689E-1
3.999726125E0,-1.198670268E0,-1.125679374E0,-7.396088839E-1
4.009720125E0,-1.164253116E0,-1.119669676E0,-7.106369138E-1
4.019715125E0,-1.136573553E0,-1.095128894E0,-6.748849750E-1
4.029710125E0,-1.116252303E0,-1.064556837E0,-6.545935273E-1
4.039705125E0,-1.103111863E0,-1.052826524E0,-6.482329965E-1
4.049700125E0,-1.098698258E0,-1.077293992E0,-6.447237134E-1
4.059695125E0,-1.093809247E0,-1.132040501E0,-6.402876973E-1
4.069690125E0,-1.071770549E0,-1.173535705E0,-6.458867192E-1
4.079685125E0,-1.046868443E0,-1.147031665E0,-6.579432487E-1
4.089679125E0,-1.015355587E0,-1.041977644E0,-6.572921276E-1
4.099674125E0,-9.784365892E-1,-8.589530587E-1,-6.474496722E-1
4.109669125E0,-9.423782229E-1,-6.194491386E-1,-6.357325315E-1
4.119664125E0,-9.067663550E-1,-3.563653529E-1,-6.313979030E-1
4.129659125E0,-8.769530654E-1,-1.064255685E-1,-6.226480603E-1
4.139654125E0,-8.615754247E-1,1.042509452E-1,-6.120350957E-1
4.149649125E0,-8.486913443E-1,2.418657988E-1,-6.014921665E-1
4.159644125E0,-8.275534511E-1,2.910485566E-1,-5.926516056E-1
4.169639125E0,-8.125914931E-1,2.794648707E-1,-5.956415534E-1
4.179633125E0,-8.030484319E-1,2.196205854E-1,-6.028969884E-1
4.189628125E0,-7.868769169E-1,1.261148751E-1,-6.021544933E-1
4.199623125E0,-7.821457386E-1,7.805577014E-3,-5.943821669E-1
4.209618125E0,-7.815926075E-1,-1.273762137E-1,-5.608516335E-1
4.219613125E0,-7.885506153E-1,-2.682390809E-1,-5.229748487E-1
4.229608125E0,-7.968807220E-1,-4.058075845E-1,-4.836212993E-1
4.239603125E0,-7.991456985E-1,-5.334524512E-1,-4.551313818E-1
4.249598125E0,-7.993558049E-1,-6.687389016E-1,-4.407681525E-1
4.259592125E0,-8.036643863E-1,-8.187860847E-1,-4.389435053E-1
4.269587125E0,-7.997559309E-1,-9.956753850E-1,-4.427888393E-1
4.279582125E0,-7.912625074E-1,-1.191454053E0,-4.365856051E-1
4.289577125E0,-7.689966559E-1,-1.374291301E0,-4.169937968E-1
4.299572125E0,-7.495150566E-1,-1.518518686E0,-3.805878758E-1
4.309567125E0,-7.250816226E-1,-1.613208890E0,-3.463191092E-1
4.319562125E0,-6.951634288E-1,-1.672607303E0,-3.238761425E-1
4.329557125E0,-6.824098229E-1,-1.729600787E0,-3.181663156E-1
4.339551125E0,-6.765645146E-1,-1.813512683E0,-3.212541640E-1
4.349546125E0,-6.778619885E-1,-1.950425267E0,-3.174634278E-1
4.359541125E0,-6.777309179E-1,-2.122694016E0,-2.890994847E-1
4.369536125E0,-6.552565098E-1,-2.274825335E0,-2.425895035E-1
4.379531125E0,-6.383795738E-1,-2.364597321E0,-1.807710826E-1
4.389526125E0,-6.410595179E-1,-2.377755880E0,-1.227658316E-1
4.399521125E0,-6.476051211E-1,-2.345850706E0,-9.717061371E-2
4.409516125E0,-6.535761952E-1,-2.307751417E0,-9.561745822E-2
4.419510125E0,-6.518245339E-1,-2.281978607E0,-1.095826775E-1
4.429505125E0,-6.323709488E-1,-2.269348145E0,-1.277278513E-1
4.439500125E0,-5.930223465E-1,-2.263706207E0,-1.291588694E-1
4.449495125E0,-5.574848652E-1,-2.239140034E0,-1.181506887E-1
4.459490125E0,-5.140433908E-1,-2.172543526E0,-1.108501628E-1
4.469485125E0,-4.778158665E-1,-2.068422318E0,-1.129639149E-1
4.479480125E0,-4.483584464E-1,-1.933498621E0,-1.247856170E-1
4.489475125E0,-4.273926914E-1,-1.794709325E0,-1.309468448E-1
4.499469125E0,-4.109942913E-1,-1.649317980E0,-1.292373687E-1
4.509464125E0,-4.008881152E-1,-1.501261830E0,-1.124288365E-1
4.519458500E0,-3.919577003E-1,-1.354256034E0,-7.730498165E-2
4.529453500E0,-3.773755729E-1,-1.217282772E0,-3.474447131E-2
4.539448500E0,-3.512057960E-1,-1.091585040E0,-1.479134895E-3
4.549443500E0,-3.239286244E-1,-9.772685170E-1,1.576483250E-2
4.559438500E0,-2.936074436E-1,-8.698348999E-1,2.372792363E-2
4.569433500E0,-2.621086240E-1,-7.615295053E-1,3.032963350E-2
4.579427500E0,-2.295810580E-1,-6.586112380E-1,4.682550207E-2
4.589422500E0,-2.062869221E-1,-5.610633492E-1,7.902045548E-2
4.599417500E0,-1.736804992E-1,-4.628785551E-1,1.092124581E-1
4.609412500E0,-1.339440048E-1,-3.723643720E-1,1.251994073E-1
4.619407500E0,-9.164256603E-2,-2.878420055E-1,1.261844337E-1
4.629402500E0,-4.628067464E-2,-2.035305947E-1,1.296729147E-1
4.639397500E0,-1.003166661E-2,-1.265463680E-1,1.348451227E-1
4.649392500E0,1.833579130E-2,-4.781427607E-2,1.411576122E-1
4.659386500E0,3.998509422E-2,1.352204755E-2,1.511528045E-1
4.669381500E0,6.602814049E-2,6.247973815E-2,1.539187580E-1
4.679376500E0,9.205006808E-2,8.987212181E-2,1.509808302E-1
4.689371500E0,1.235182509E-1,1.072473824E-1,1.363358498E-1
4.699366500E0,1.529494971E-1,1.179796457E-1,1.241749227E-1
4.709361500E0,1.759672016E-1,1.281007379E-1,1.153391004E-1
4.719356500E0,1.875536144E-1,1.478610486E-1,1.167007089E-1
4.729351500E0,1.887605488E-1,1.734889150E-1,1.197873130E-1
4.739345500E0,1.850672811E-1,2.019903213E-1,1.268148720E-1
4.749340500E0,1.817364693E-1,2.155394256E-1,1.246585026E-1
4.759335500E0,1.743045598E-1,2.220246941E-1,1.155950576E-1
4.769330500E0,1.668138802E-1,2.009457797E-1,1.020515561E-1
4.779325500E0,1.568014622E-1,1.737996042E-1,8.936133981E-2
4.789320500E0,1.498317122E-1,1.402773261E-1,8.119022846E-2
4.799315500E0,1.374941170E-1,1.046367139E-1,7.745268941E-2
4.809310500E0,1.232720464E-1,7.163828611E-2,7.816987485E-2
4.819304500E0,1.158737987E-1,5.158208683E-2,7.054895908E-2
4.829299500E0,1.031393632E-1,4.167778790E-2,5.666936189E-2
4.839294500E0,9.077962488E-2,4.114805162E-2,4.175380245E-2
4.849289500E0,7.914160937E-2,4.772313312E-2,2.760789171E-2
4.859284500E0,6.889216602E-2,5.267634615E-2,1.847830974E-2
4.869279500E0,5.468739942E-2,5.222547054E-2,9.500794113E-3
4.879274500E0,4.645979404E-2,5.046898127E-2,-3.674812615E-5
4.889269500E0,3.803195804E-2,5.922758952E-2,-1.294722036E-2
4.899264500E0,2.532289550E-2,8.562274277E-2,-2.783117816E-2
4.909258500E0,1.934969053E-2,1.147334948E-1,-4.180930927E-2
4.919253500E0,1.089035161E-2,1.382225305E-1,-4.939284548E-2
4.929248500E0,6.898805965E-3,1.498906463E-1,-5.144747347E-2
4.939243500E0,5.850876682E-3,1.613444686E-1,-4.800110310E-2
4.949238500E0,-1.025937730E-3,1.735792905E-1,-5.096253753E-2
4.959233500E0,-6.198287942E-3,1.811851859E-1,-5.833607912E-2
4.969228500E0,-1.279200800E-2,1.812775880E-1,-6.023065746E-2
4.979223500E0,-1.639389247E-2,1.780257821E-1,-5.232883245E-2
4.989217500E0,-1.245960407E-2,1.786913127E-1,-4.093822837E-2
4.999212500E0,-1.949422294E-3,1.955134869E-1,-3.696773946E-2
5.009207500E0,2.653654851E-2,2.271539718E-1,-5.415764451E-2
5.019202500E0,5.218326300E-2,2.675837278E-1,-8.713950217E-2
5.029197500E0,9.254906327E-2,3.050123155E-1,-1.212082505E-1
5.039192500E0,1.352986395E-1,3.400344253E-1,-1.376130432E-1
5.049187500E0,1.820525676E-1,3.733572364E-1,-1.431910396E-1
5.059182500E0,2.245761156E-1,4.029928744E-1,-1.376418769E-1
5.069176500E0,2.744299471E-1,4.284830689E-1,-1.406443268E-1
5.079171500E0,3.127235472E-1,4.589689970E-1,-1.483869106E-1
5.089166500E0,3.547777832E-1,4.849888980E-1,-1.518817693E-1
5.099161500E0,3.937013745E-1,5.138504505E-1,-1.496134400E-1
5.109156500E0,4.363953173E-1,5.336952806E-1,-1.386244446E-1
5.119151500E0,4.772969484E-1,5.380885005E-1,-1.364904642E-1
5.129146500E0,5.224207640E-1,5.362831354E-1,-1.347431690E-1
5.139141500E0,5.639708638E-1,5.294055939E-1,-1.294296682E-1
5.149135500E0,6.099413037E-1,5.156264305E-1,-1.183828786E-1
5.159130500E0,6.643074751E-1,5.087335706E-1,-1.074720249E-1
5.169125500E0,7.333860993E-1,5.232214332E-1,-9.360920638E-2
5.179120500E0,7.895371318E-1,5.590764284E-1,-7.535577565E-2
5.189115500E0,8.574141860E-1,6.075230837E-1,-7.448252290E-2
5.199110500E0,9.243361950E-1,6.404647827E-1,-8.353773504E-2
5.209105500E0,9.786127210E-1,6.480433345E-1,-9.398691356E-2
5.219100500E0,1.042169929E0,6.297706962E-1,-1.008656994E-1
5.229095500E0,1.093293786E0,6.028312445E-1,-9.858389944E-2
5.239089500E0,1.158515215E0,5.800845623E-1,-6.484049559E-2
5.249084500E0,1.224410057E0,5.750700831E-1,7.888837717E-3
5.259079500E0,1.284024239E0,5.982025266E-1,9.013964236E-2
5.269074500E0,1.340733051E0,6.335921884E-1,1.570363939E-1
5.279069500E0,1.389589190E0,6.840164065E-1,1.901557446E-1
5.289064500E0,1.423166275E0,7.618877888E-1,2.117824703E-1
5.299059500E0,1.450514078E0,8.563711643E-1,2.322167009E-1
5.309054500E0,1.489901066E0,9.683980942E-1,2.572309673E-1
5.319048500E0,1.537553072E0,1.077077746E0,2.851206958E-1
5.329043500E0,1.595567584E0,1.169023752E0,3.183351159E-1
5.339038500E0,1.650355577E0,1.238668919E0,3.533435762E-1
5.349033500E0,1.710471988E0,1.280107141E0,3.821576238E-1
5.359028500E0,1.767924190E0,1.294706941E0,4.032307565E-1
5.369023500E0,1.814508438E0,1.269638777E0,4.109789729E-1
5.379018500E0,1.858274102E0,1.201231241E0,4.086854458E-1
5.389013500E0,1.893261671E0,1.090952158E0,4.147353470E-1
5.399007500E0,1.905102134E0,9.256234765E-1,4.238477945E-1
5.409002500E0,1.913352370E0,7.138022780E-1,4.358605146E-1
5.418997500E0,1.905719995E0,4.962653816E-1,4.625259638E-1
5.428992500E0,1.893548608E0,3.028831184E-1,4.928010404E-1
5.438987500E0,1.862635136E0,1.160762161E-1,5.111970305E-1
5.448982500E0,1.817107320E0,-9.107936919E-2,5.134207606E-1
5.458977500E0,1.777587652E0,-3.400673866E-1,5.185189247E-1
5.468972500E0,1.756678820E0,-5.761989355E-1,5.304301977E-1
5.478967500E0,1.729765177E0,-7.507429123E-1,5.467484593E-1
5.488961500E0,1.710771561E0,-8.471125960E-1,5.657951236E-1
5.498956500E0,1.704680920E0,-8.383652568E-1,5.780197978E-1
5.508951500E0,1.695254683E0,-7.586829662E-1,5.653234720E-1
5.518947333E0,1.682653069E0,-6.247458458E-1,5.385652781E-1
5.528942333E0,1.673125386E0,-4.585457146E-1,5.157878399E-1
5.538937333E0,1.656418204E0,-2.779781222E-1,5.121935010E-1
5.548932333E0,1.644934893E0,-1.036308035E-1,5.170966387E-1
5.558927333E0,1.630267382E0,4.582330585E-2,5.250687003E-1
5.568921333E0,1.627322435E0,1.613749415E-1,5.415065289E-1
5.578916333E0,1.621753812E0,2.550406158E-1,5.594573021E-1
5.588911333E0,1.620248079E0,3.269736767E-1,5.718277097E-1
5.598906333E0,1.609057665E0,3.840497434E-1,5.718572140E-1
5.608901333E0,1.614213586E0,4.283223748E-1,5.634663701E-1
5.618896333E0,1.620629787E0,4.622173905E-1,5.496060848E-1
5.628891333E0,1.621347070E0,4.919518530E-1,5.428826809E-1
5.638886333E0,1.623205662E0,5.085037351E-1,5.390379429E-1
5.648880333E0,1.620729446E0,5.027928352E-1,5.421804190E-1
5.658875333E0,1.615323782E0,4.714903831E-1,5.428624153E-1
5.668870333E0,1.607130527E0,4.282222688E-1,5.372620821E-1
5.678865333E0,1.605812311E0,3.803468347E-1,5.316660404E-1
5.688860333E0,1.603649497E0,3.487497568E-1,5.294350982E-1
5.698855333E0,1.604348421E0,3.337795734E-1,5.238540173E-1
5.708850333E0,1.600959539E0,3.241714239E-1,5.109360814E-1
5.718845333E0,1.601854324E0,3.089306653E-1,4.964219332E-1
5.728840333E0,1.592245817E0,2.971786559E-1,4.847972393E-1
5.738834333E0,1.586776614E0,2.931408584E-1,4.784051180E-1
5.748829333E0,1.580651879E0,2.924636304E-1,4.788940549E-1
5.758824333E0,1.569933653E0,3.063822687E-1,4.849375784E-1
5.768819333E0,1.562380910E0,3.389793634E-1,4.928455651E-1
5.778814333E0,1.548280835E0,3.841632903E-1,4.897949398E-1
5.788809333E0,1.532247543E0,4.200595021E-1,4.790525436E-1
5.798804333E0,1.521185398E0,4.597885013E-1,4.720603526E-1
5.808799333E0,1.521033049E0,4.952759147E-1,4.753970504E-1
5.818794333E0,1.506842017E0,5.202184916E-1,4.732860327E-1
5.828788333E0,1.498716950E0,5.449388027E-1,4.604069889E-1
5.838783333E0,1.481680632E0,5.743829012E-1,4.424652159E-1
5.848778333E0,1.465546846E0,6.155093312E-1,4.258132577E-1
5.858773333E0,1.457176208E0,6.626250148E-1,4.139772058E-1
5.868768333E0,1.449576020E0,7.020629644E-1,4.046865106E-1
5.878763333E0,1.436125517E0,7.114115357E-1,4.044443369E-1
5.888758333E0,1.423159838E0,6.797177792E-1,4.007089734E-1
5.898753333E0,1.417193890E0,6.386837363E-1,4.001702666E-1
5.908747333E0,1.407943368E0,6.121200919E-1,3.943581581E-1
5.918742333E0,1.393739820E0,5.779044032E-1,3.897370100E-1
5.928737333E0,1.384585977E0,5.470527411E-1,3.933850229E-1
5.938732333E0,1.370640278E0,5.260624290E-1,3.986800015E-1
5.948727333E0,1.355600834E0,5.160484314E-1,4.031756818E-1
5.958722333E0,1.339505911E0,5.009744167E-1,4.133738577E-1
5.968717333E0,1.326402545E0,4.876178205E-1,4.350711703E-1
5.978712333E0,1.312503695E0,4.978454113E-1,4.444796741E-1
5.988706333E0,1.317312598E0,5.155929923E-1,4.490139484E-1
5.998701333E0,1.324750781E0,5.418866277E-1,4.498943985E-1
6.008696333E0,1.333517909E0,5.836312771E-1,4.592644870E-1
6.018691333E0,1.336424708E0,6.100257635E-1,4.783753157E-1
6.028686333E0,1.326715350E0,6.110231280E-1,4.800222218E-1
6.038681333E0,1.326501369E0,6.060526371E-1,4.738382697E-1
6.048676333E0,1.314566731E0,6.046033502E-1,4.666655660E-1
6.058671333E0,1.302749991E0,6.077812910E-1,4.641901553E-1
6.068666333E0,1.300286770E0,6.214696765E-1,4.699436426E-1
6.078660333E0,1.278801441E0,6.433181763E-1,4.711155891E-1
6.088655333E0,1.259227157E0,6.658133268E-1,4.581870139E-1
6.098650333E0,1.234104395E0,7.007800937E-1,4.366190135E-1
6.108645333E0,1.215714693E0,7.319441438E-1,4.158200026E-1
6.118640333E0,1.200285077E0,7.752697468E-1,3.933942616E-1
6.128635333E0,1.188080072E0,7.994307280E-1,3.655588925E-1
6.138630333E0,1.173612714E0,8.030181527E-1,3.332545161E-1
6.148625333E0,1.159777403E0,7.812577486E-1,3.044250011E-1
6.158619333E0,1.137907267E0,7.360170484E-1,2.865815461E-1
6.168614333E0,1.105589986E0,6.934229732E-1,2.874073982E-1
6.178609333E0,1.079612732E0,6.608641148E-1,2.809588313E-1
6.188604333E0,1.045262575E0,6.419961452E-1,2.685580850E-1
6.198599333E0,1.011183500E0,6.270628572E-1,2.559667230E-1
6.208594333E0,9.882644415E-1,6.633145809E-1,2.332835048E-1
6.218589333E0,9.613859653E-1,7.114678025E-1,2.031341046E-1
6.228584333E0,9.414340854E-1,7.314050198E-1,1.882236004E-1
6.238579333E0,9.150727987E-1,7.234417796E-1,1.859428436E-1
6.248573333E0,8.870017529E-1,6.658831239E-1,1.835478544E-1
6.258568333E0,8.612444997E-1,5.605275631E-1,1.730834693E-1
6.268563333E0,8.309600949E-1,4.492425323E-1,1.629943550E-1
6.278558333E0,7.936065197E-1,3.509814739E-1,1.749370992E-1
6.288553333E0,7.555478215E-1,3.051585853E-1,2.015324980E-1
6.298548333E0,7.149083614E-1,3.117397726E-1,2.018359601E-1
6.308543333E0,6.938973665E-1,3.324580789E-1,1.837725341E-1
6.318538333E0,6.721122265E-1,3.649839461E-1,1.706319600E-1
6.328532333E0,6.516141295E-1,3.765985370E-1,1.692654938E-1
6.338527333E0,6.087203026E-1,3.592699766E-1,1.785766035E-1
6.348522333E0,5.590134859E-1,3.232768178E-1,1.796365380E-1
6.358517333E0,5.159448981E-1,2.872436643E-1,1.720438004E-1
6.368512333E0,4.756605327E-1,2.656342387E-1,1.756342798E-1
6.378507333E0,4.413201809E-1,2.736972868E-1,1.951429844E-1
6.388502333E0,4.047086239E-1,2.962004542E-1,1.871481687E-1
6.398497333E0,3.864848018E-1,3.163953722E-1,1.486600041E-1
6.408492333E0,3.761535883E-1,3.130057156E-1,1.148261428E-1
6.418486333E0,3.585696220E-1,2.935820818E-1,1.036087871E-1
6.428481333E0,3.244377673E-1,2.381140590E-1,1.029438004E-1
6.438476333E0,2.775056362E-1,1.658913195E-1,9.186829627E-2
6.448471333E0,2.404581308E-1,1.074695587E-1,6.797441840E-2
6.458466333E0,1.947162449E-1,8.624909073E-2,5.258717015E-2
6.468461333E0,1.444088668E-1,9.983866662E-2,5.371075496E-2
6.478456333E0,9.973309189E-2,1.384444535E-1,5.055189133E-2
6.488451333E0,5.254453793E-2,1.771263331E-1,4.281488061E-2
6.498446333E0,8.515228517E-3,1.902791560E-1,1.948059723E-2
6.508440333E0,-4.238603637E-2,1.563978791E-1,-1.951154135E-2
6.518435125E0,-1.039911285E-1,9.297024459E-2,-5.208141357E-2
6.528430125E0,-1.648808420E-1,3.388375044E-2,-8.034741133E-2
6.538425125E0,-2.222809196E-1,2.927305643E-3,-1.109107509E-1
6.548420125E0,-2.789495289E-1,7.429113612E-3,-1.442431360E-1
6.558415125E0,-3.313691318E-1,3.473206982E-2,-1.791363358E-1
6.568410125E0,-3.798591793E-1,6.620769948E-2,-2.183857262E-1
6.578405125E0,-4.235870838E-1,9.206838906E-2,-2.666908205E-1
6.588399125E0,-4.625776112E-1,9.269610047E-2,-3.037076890E-1
6.598394125E0,-4.892484546E-1,7.529597729E-2,-3.363385499E-1
6.608389125E0,-5.221118331E-1,5.156508088E-2,-3.623349965E-1
6.618384125E0,-5.368338823E-1,3.259328753E-2,-3.859723508E-1
6.628379125E0,-5.516095757E-1,4.252421483E-2,-4.024850130E-1
6.638374125E0,-5.717167258E-1,5.856097117E-2,-4.076206386E-1
6.648369125E0,-5.927298665E-1,8.660325408E-2,-4.075365067E-1
6.658364125E0,-6.067432761E-1,1.246840358E-1,-4.119412601E-1
6.668359125E0,-6.235795021E-1,1.472407430E-1,-4.367201328E-1
6.678353125E0,-6.509473920E-1,1.328601986E-1,-4.600108564E-1
6.688348125E0,-6.746599078E-1,1.228275448E-1,-4.619320631E-1
6.698343125E0,-6.920385361E-1,1.353788078E-1,-4.626283050E-1
6.708338125E0,-7.123878002E-1,1.482855678E-1,-4.732724130E-1
6.718333125E0,-7.318355441E-1,1.698715091E-1,-4.944442213E-1
6.728328125E0,-7.555661798E-1,2.210140526E-1,-5.266175866E-1
6.738323125E0,-7.727372050E-1,2.779873013E-1,-5.705956817E-1
6.748318125E0,-7.816255093E-1,3.270190358E-1,-6.255130172E-1
6.758313125E0,-7.808560729E-1,3.457823992E-1,-6.745528579E-1
6.768307125E0,-7.920080423E-1,2.855118513E-1,-6.882817149E-1
6.778302125E0,-8.000460267E-1,1.567690969E-1,-6.837803721E-1
6.788297125E0,-8.119144440E-1,1.065636240E-2,-6.919759512E-1
6.798292125E0,-8.226973414E-1,-9.735792875E-2,-7.140327692E-1
6.808287125E0,-8.597403169E-1,-1.405940801E-1,-7.434241772E-1
6.818282125E0,-9.226822257E-1,-1.337433904E-1,-7.652075887E-1
6.828277125E0,-9.675351977E-1,-6.218319014E-2,-7.853911519E-1
6.838272125E0,-9.886613488E-1,6.191195548E-2,-8.160498738E-1
6.848266125E0,-1.011024475E0,1.743506193E-1,-8.421214223E-1
6.858261125E0,-1.022428870E0,2.004067749E-1,-8.559482098E-1
6.868256125E0,-1.026746154E0,1.772005260E-1,-8.532602787E-1
6.878251125E0,-1.035156608E0,1.342201531E-1,-8.668345809E-1
6.888246125E0,-1.060284853E0,6.707972288E-2,-9.011209607E-1
6.898241125E0,-1.096702814E0,7.488639094E-4,-9.472562671E-1
6.908236125E0,-1.161908507E0,-5.744786188E-2,-9.682377577E-1
6.918231125E0,-1.210224271E0,-1.032563597E-1,-9.599602818E-1
6.928226125E0,-1.230907440E0,-1.042609066E-1,-9.450740218E-1
6.938220125E0,-1.225513697E0,-6.139079854E-2,-9.474575520E-1
6.948215125E0,-1.208154917E0,-1.293857675E-2,-9.627536535E-1
6.958210125E0,-1.192597270E0,2.937928028E-2,-9.849353433E-1
6.968205125E0,-1.208321095E0,2.730547823E-2,-1.011319518E0
6.978200125E0,-1.236039281E0,-2.523798868E-2,-1.032187581E0
6.988195125E0,-1.253447652E0,-7.411711663E-2,-1.041448712E0
6.998190125E0,-1.241625309E0,-7.126150280E-2,-1.021785498E0
7.008185125E0,-1.232373714E0,-2.328625880E-2,-9.972660542E-1
7.018180125E0,-1.209505200E0,-1.581769064E-2,-9.781043530E-1
7.028174125E0,-1.175087810E0,-5.840696022E-2,-9.661829472E-1
7.038169125E0,-1.161431313E0,-1.374790072E-1,-9.662113190E-1
7.048164125E0,-1.180472136E0,-2.453279793E-1,-9.694598317E-1
7.058159125E0,-1.259394765E0,-3.602347076E-1,-9.704682827E-1
7.068154125E0,-1.292282939E0,-4.585868716E-1,-9.588084221E-1
7.078149125E0,-1.267817020E0,-4.614644945E-1,-9.163799882E-1
7.088144125E0,-1.249929309E0,-3.848552108E-1,-8.610078096E-1
7.098139125E0,-1.212648273E0,-3.355306685E-1,-8.232977986E-1
7.108134125E0,-1.177657247E0,-3.063115478E-1,-8.418637514E-1
7.118128125E0,-1.143860102E0,-3.005611002E-1,-9.012436271E-1
7.128123125E0,-1.149377704E0,-2.960270643E-1,-9.721521735E-1
7.138118125E0,-1.192140102E0,-2.928672135E-1,-1.021475554E0
7.148113125E0,-1.188608408E0,-2.921156883E-1,-9.938027263E-1
7.158108125E0,-1.180643559E0,-2.522570789E-1,-8.934823275E-1
7.168103125E0,-1.185345411E0,-2.234278470E-1,-7.927059531E-1
7.178098125E0,-1.179101467E0,-2.772114277E-1,-7.482373118E-1
7.188093125E0,-1.160456419E0,-3.673378527E-1,-7.636269331E-1
7.198087125E0,-1.131898761E0,-4.542618394E-1,-8.062665462E-1
7.208082125E0,-1.102799773E0,-4.941634238E-1,-8.486800194E-1
7.218077125E0,-1.109947681E0,-4.832347631E-1,-8.647102118E-1
7.228072125E0,-1.136988163E0,-4.444700480E-1,-8.504801393E-1
7.238067125E0,-1.152349472E0,-3.729609549E-1,-8.166014552E-1
7.248062125E0,-1.149082303E0,-2.817490399E-1,-7.684558034E-1
7.258057125E0,-1.149191380E0,-1.979524940E-1,-7.287902236E-1
7.268052125E0,-1.146354914E0,-1.580937654E-1,-7.139028907E-1
7.278047125E0,-1.129285693E0,-1.370319426E-1,-7.384038568E-1
7.288041125E0,-1.106570244E0,-1.172345206E-1,-7.928471565E-1
7.298036125E0,-1.101045847E0,-1.102144718E-1,-8.395951986E-1
7.308031125E0,-1.118245840E0,-1.018473506E-1,-8.609566689E-1
7.318026125E0,-1.136469960E0,-1.047016233E-1,-8.548138142E-1
7.328021125E0,-1.145910382E0,-1.051530316E-1,-8.321263790E-1
7.338016125E0,-1.140194058E0,-8.148112148E-2,-8.006132245E-1
7.348011125E0,-1.121685386E0,-1.908272132E-2,-7.818579078E-1
7.358006125E0,-1.100274682E0,4.652364179E-2,-7.943051457E-1
7.368001125E0,-1.072227597E0,8.016416430E-2,-8.281033039E-1
7.377995125E0,-1.059852362E0,8.315259963E-2,-8.681807518E-1
7.387990125E0,-1.068507552E0,4.889662564E-2,-8.980188370E-1
7.397985125E0,-1.087413192E0,-2.530746721E-2,-8.876740336E-1
7.407980125E0,-1.104794383E0,-1.180083752E-1,-8.495905995E-1
7.417975125E0,-1.088239193E0,-1.893294901E-1,-8.035245538E-1
7.427970125E0,-1.056054711E0,-2.247087955E-1,-7.710092068E-1
7.437965125E0,-1.031874061E0,-2.305674106E-1,-7.596995831E-1
7.447960125E0,-1.011305451E0,-2.279465944E-1,-7.714816332E-1
7.457954125E0,-9.858391285E-1,-2.246541977E-1,-7.941962481E-1
7.467949125E0,-9.685155153E-1,-2.142412364E-1,-8.248758316E-1
7.477944125E0,-9.732248187E-1,-2.094614059E-1,-8.363742828E-1
7.487939125E0,-1.002641559E0,-2.205116600E-1,-8.269547224E-1
7.497934125E0,-1.007565737E0,-2.485106140E-1,-7.873376012E-1
7.507929125E0,-1.028004646E0,-2.850755453E-1,-7.148370147E-1
7.517923875E0,-1.027082443E0,-3.340366185E-1,-6.328453422E-1
7.527918875E0,-1.011741042E0,-3.803503215E-1,-5.901897550E-1
7.537913875E0,-9.985475540E-1,-4.207088649E-1,-5.992748737E-1
7.547907875E0,-9.734197855E-1,-4.607372582E-1,-6.298152208E-1
7.557902875E0,-9.395592213E-1,-4.697954655E-1,-6.504684687E-1
7.567897875E0,-9.063991308E-1,-4.380306005E-1,-6.461895704E-1
7.577892875E0,-8.830064535E-1,-3.882692456E-1,-6.429029107E-1
7.587887875E0,-8.761554360E-1,-3.283654451E-1,-6.401361823E-1
7.597882875E0,-8.941406012E-1,-2.586185932E-1,-6.319993734E-1
7.607877875E0,-9.192097187E-1,-1.922976226E-1,-6.157277226E-1
7.617872875E0,-9.308634400E-1,-1.357400417E-1,-5.904194713E-1
7.627867875E0,-9.298517108E-1,-7.649695128E-2,-5.660890937E-1
7.637861875E0,-9.197906256E-1,-2.414952405E-2,-5.513359904E-1
7.647856875E0,-9.093358517E-1,5.860999227E-5,-5.371866226E-1
7.657851875E0,-9.025979042E-1,-2.754934318E-2,-5.356056094E-1
7.667846875E0,-8.908222318E-1,-9.966588020E-2,-5.393379927E-1
7.677841875E0,-8.832507133E-1,-2.033681720E-1,-5.472317934E-1
7.687836875E0,-8.834952116E-1,-3.050465882E-1,-5.542619824E-1
7.697831875E0,-8.850469589E-1,-3.905150890E-1,-5.520193577E-1
7.707826875E0,-8.877711296E-1,-4.432169199E-1,-5.466805100E-1
7.717821875E0,-8.994836211E-1,-4.751988649E-1,-5.465828180E-1
7.727815875E0,-9.158452749E-1,-5.027921200E-1,-5.518729091E-1
7.737810875E0,-9.348763824E-1,-5.373334289E-1,-5.667066574E-1
7.747805875E0,-9.492523670E-1,-5.917748213E-1,-5.697626472E-1
7.757800875E0,-9.591682553E-1,-6.656090021E-1,-5.635945797E-1
7.767795875E0,-9.558624625E-1,-7.243192196E-1,-5.501685143E-1
7.777790875E0,-9.472975731E-1,-7.569478154E-1,-5.493636727E-1
7.787785875E0,-9.366456866E-1,-7.683759928E-1,-5.620195866E-1
7.797780875E0,-9.246017933E-1,-7.692646980E-1,-5.866367817E-1
7.807774875E0,-9.234958291E-1,-7.816987038E-1,-6.052312255E-1
7.817769875E0,-9.265700579E-1,-8.174641728E-1,-6.014536023E-1
7.827764875E0,-9.352692366E-1,-8.858253360E-1,-5.794300437E-1
7.837759875E0,-9.455449581E-1,-9.963665009E-1,-5.411943793E-1
7.847754875E0,-9.534679055E-1,-1.152938247E0,-5.045199990E-1
7.857749875E0,-9.545818567E-1,-1.354704142E0,-4.633685350E-1
7.867744875E0,-9.482268095E-1,-1.572616220E0,-4.158673286E-1
7.877739875E0,-9.458770156E-1,-1.785616517E0,-3.764105141E-1
7.887734875E0,-9.410564303E-1,-2.011627197E0,-3.427774310E-1
7.897728875E0,-9.376082420E-1,-2.256398439E0,-3.178613782E-1
7.907723875E0,-9.343815446E-1,-2.508497477E0,-2.918779850E-1
7.917718875E0,-9.347682595E-1,-2.767550945E0,-2.604300380E-1
7.927713875E0,-9.305527210E-1,-3.009416103E0,-2.332991064E-1
7.937708875E0,-9.309041500E-1,-3.220750809E0,-2.084964067E-1
7.947703875E0,-9.325395823E-1,-3.409731388E0,-1.854789704E-1
7.957698875E0,-9.421235919E-1,-3.563540936E0,-1.586355418E-1
7.967693875E0,-9.472603202E-1,-3.675265551E0,-1.216380969E-1
7.977688875E0,-9.430288672E-1,-3.732694864E0,-8.449651301E-2
7.987682875E0,-9.237129688E-1,-3.735270500E0,-4.756086692E-2
7.997677875E0,-8.954277635E-1,-3.678081512E0,-1.902333274E-2
8.007672875E0,-8.646429181E-1,-3.560631037E0,9.198185988E-3
8.017667875E0,-8.242908716E-1,-3.352452517E0,4.105776921E-2
8.027662875E0,-7.891837358E-1,-3.064700365E0,7.423303276E-2
8.037657875E0,-7.554109693E-1,-2.694200516E0,1.106872559E-1
8.047652875E0,-7.096238136E-1,-2.270703793E0,1.382208914E-1
8.057647875E0,-6.657383442E-1,-1.836850286E0,1.646082699E-1
8.067641875E0,-6.087517738E-1,-1.413741112E0,1.924116760E-1
8.077636875E0,-5.435339212E-1,-1.008255005E0,2.116506547E-1
8.087631875E0,-4.714924991E-1,-6.422082782E-1,2.187429219E-1
8.097626875E0,-3.841871023E-1,-3.342796564E-1,2.005423158E-1
8.107621875E0,-2.738313079E-1,-9.823171049E-2,1.703090519E-1
8.117616875E0,-1.641676128E-1,6.136501208E-2,1.357955188E-1
8.127611875E0,-6.451586634E-2,1.430446953E-1,1.194314584E-1
8.137606875E0,1.768524013E-2,1.893228740E-1,1.195609123E-1
8.147601875E0,8.416466415E-2,2.135187536E-1,1.255317181E-1
8.157595875E0,1.319401711E-1,2.433099449E-1,1.414550245E-1
8.167590875E0,1.568149030E-1,2.867722213E-1,1.546283513E-1
8.177585875E0,1.724644005E-1,3.399900198E-1,1.679740250E-1
8.187580875E0,1.877512187E-1,3.823212087E-1,1.719125658E-1
8.197575875E0,2.014248222E-1,4.019170403E-1,1.653392166E-1
8.207570875E0,2.184778303E-1,3.947699070E-1,1.525547206E-1
8.217565875E0,2.430859059E-1,3.642513752E-1,1.346591413E-1
8.227560875E0,2.650694847E-1,3.113940358E-1,1.173725650E-1
8.237554875E0,2.840884030E-1,2.463786751E-1,9.467181563E-2
8.247549875E0,2.993872166E-1,1.919897348E-1,6.558397412E-2
8.257544875E0,3.054525256E-1,1.665361077E-1,3.788901865E-2
8.267539875E0,3.020282388E-1,1.688970029E-1,1.505773701E-2
8.277534875E0,2.886411250E-1,1.880296469E-1,-8.917320520E-4
8.287529875E0,2.743324935E-1,2.178839445E-1,-7.698505186E-3
8.297524875E0,2.490236759E-1,2.414692342E-1,-1.392792352E-2
8.307519875E0,2.289474308E-1,2.604146898E-1,-2.144762501E-2
8.317514875E0,2.085251957E-1,2.777413130E-1,-2.733076736E-2
8.327508875E0,1.909632534E-1,2.883944809E-1,-2.779708803E-2
8.337503875E0,1.775595844E-1,3.065709174E-1,-2.751401439E-2
8.347498875E0,1.656075716E-1,3.293252289E-1,-3.082272410E-2
8.357493875E0,1.576164812E-1,3.607008755E-1,-4.289347678E-2
8.367488875E0,1.451891065E-1,3.850022256E-1,-5.137697607E-2
8.377483875E0,1.409456134E-1,4.101743996E-1,-5.740236863E-2
8.387478875E0,1.448037326E-1,4.324797094E-1,-5.422521383E-2
8.397473875E0,1.527676731E-1,4.678125381E-1,-4.710555822E-2
8.407467875E0,1.706039310E-1,5.225082636E-1,-4.404824972E-2
8.417462875E0,1.931202859E-1,5.960868001E-1,-4.993608221E-2
8.427457875E0,2.224627286E-1,6.860733628E-1,-7.051458955E-2
8.437452875E0,2.586990893E-1,7.792842388E-1,-8.938446641E-2
8.447447875E0,2.899030745E-1,8.627983332E-1,-1.053176224E-1
8.457442875E0,3.271272182E-1,9.090948105E-1,-1.080890074E-1
8.467437875E0,3.619858921E-1,9.197125435E-1,-1.145098880E-1
8.477432875E0,4.114631116E-1,8.973355293E-1,-1.136563271E-1
8.487427875E0,4.581667185E-1,8.580688238E-1,-1.149620786E-1
8.497421875E0,5.044488907E-1,8.030519485E-1,-1.120138317E-1
8.507416875E0,5.493255258E-1,7.465100884E-1,-1.190656200E-1
8.517411875E0,5.894528627E-1,6.929808259E-1,-1.414778233E-1
8.527406708E0,6.338623762E-1,6.384624839E-1,-1.729566604E-1
8.537401708E0,6.911666989E-1,5.784786344E-1,-2.004216313E-1
8.547396708E0,7.603950500E-1,5.336123705E-1,-2.129803002E-1
8.557391708E0,8.370344043E-1,5.163409710E-1,-2.103682756E-1
8.567386708E0,9.120937586E-1,5.262702703E-1,-2.056001276E-1
8.577381708E0,9.840776920E-1,5.589657426E-1,-2.089221179E-1
8.587375708E0,1.049602032E0,6.074236035E-1,-2.206781060E-1
8.597370708E0,1.110591173E0,6.585885882E-1,-2.435072958E-1
8.607365708E0,1.186603189E0,7.135893106E-1,-2.589331269E-1
8.617360708E0,1.268774986E0,7.862723470E-1,-2.597821653E-1
8.627355708E0,1.355635881E0,8.731595874E-1,-2.465846092E-1
8.637350708E0,1.436126351E0,9.537451863E-1,-2.108558118E-1
8.647345708E0,1.499691725E0,1.036198258E0,-1.771963984E-1
8.657340708E0,1.558473110E0,1.126108408E0,-1.595765054E-1
8.667335708E0,1.610674262E0,1.224718809E0,-1.492285281E-1
8.677329708E0,1.652338266E0,1.344483256E0,-1.346862465E-1
8.687324708E0,1.687945247E0,1.455968976E0,-1.155682132E-1
8.697319708E0,1.724695086E0,1.554601550E0,-7.805737853E-2
8.707314708E0,1.739708662E0,1.629295468E0,-2.143485099E-2
8.717309708E0,1.747073293E0,1.646510482E0,2.554123476E-2
8.727304708E0,1.744300127E0,1.556982398E0,6.303135306E-2
8.737299708E0,1.737759471E0,1.380254269E0,8.782185614E-2
8.747294708E0,1.752869725E0,1.120874047E0,1.087678894E-1
8.757288708E0,1.773748398E0,8.118596077E-1,1.518657953E-1
8.767283708E0,1.795554876E0,5.409857631E-1,2.175886184E-1
8.777278708E0,1.808875442E0,3.267403245E-1,2.737182081E-1
8.787273708E0,1.822435737E0,1.576932520E-1,2.927904427E-1
8.797268708E0,1.825764179E0,4.440930113E-2,2.900236845E-1
8.807263708E0,1.820258617E0,-1.648600772E-2,2.915901542E-1
8.817258708E0,1.819887877E0,-4.788773879E-2,3.163743615E-1
8.827253708E0,1.811079741E0,-5.533447117E-2,3.763681948E-1
8.837247708E0,1.807512164E0,-3.916375712E-2,4.529383481E-1
8.847242708E0,1.793480873E0,-1.916255569E-3,5.322526097E-1
8.857237708E0,1.775319099E0,6.145486236E-2,5.952690244E-1
8.867232708E0,1.750201225E0,1.466035843E-1,6.324334741E-1
8.877227708E0,1.722024798E0,2.563787103E-1,6.495355368E-1
8.887222708E0,1.700268626E0,3.797725439E-1,6.677145362E-1
8.897217708E0,1.680360675E0,4.893921912E-1,6.962993145E-1
8.907212708E0,1.662661552E0,5.725699067E-1,7.333207130E-1
8.917207708E0,1.661848545E0,6.050685048E-1,7.649171948E-1
8.927201708E0,1.669305325E0,5.885939002E-1,8.019306064E-1
8.937196708E0,1.672403812E0,5.521712899E-1,8.368038535E-1
8.947191708E0,1.666778922E0,5.221787691E-1,8.517897129E-1
8.957186708E0,1.668109059E0,5.227773786E-1,8.460839987E-1
8.967181708E0,1.677469254E0,5.549843311E-1,8.242729902E-1
8.977176708E0,1.687714338E0,6.195536256E-1,8.076341748E-1
8.987171708E0,1.696513653E0,6.856580973E-1,8.008585572E-1
8.997166708E0,1.702677131E0,7.282853723E-1,7.991103530E-1
9.007161708E0,1.704227686E0,7.425098419E-1,7.960988283E-1
9.017155708E0,1.711408854E0,7.136109471E-1,8.007415533E-1
9.027150708E0,1.725095153E0,6.826977730E-1,8.069882989E-1
9.037145708E0,1.726840019E0,6.600371599E-1,8.118602633E-1
9.047140708E0,1.728239775E0,6.476593018E-1,8.047869205E-1
9.057135708E0,1.716844082E0,6.538072824E-1,7.915123701E-1
9.067130708E0,1.713191271E0,6.709399223E-1,7.812344432E-1
9.077125708E0,1.712988734E0,6.924290657E-1,7.788116336E-1
9.087120708E0,1.703366756E0,6.981567144E-1,7.815808058E-1
9.097115708E0,1.697891712E0,6.835701466E-1,7.806010842E-1
9.107109708E0,1.688626885E0,6.529642940E-1,7.865058780E-1
9.117104708E0,1.683426499E0,6.100205183E-1,7.959390879E-1
9.127099708E0,1.674656391E0,5.853604674E-1,8.160083890E-1
9.137094708E0,1.651842952E0,5.903978944E-1,8.229198456E-1
9.147089708E0,1.632007718E0,6.250230074E-1,8.127527237E-1
9.157084708E0,1.613600731E0,6.980310082E-1,7.939774990E-1
9.167079708E0,1.588490844E0,7.742014527E-1,7.795907855E-1
9.177074708E0,1.570546031E0,8.296443820E-1,7.880119085E-1
9.187068708E0,1.552515388E0,8.566970229E-1,8.039653301E-1
9.197063708E0,1.535722971E0,8.563207984E-1,8.059329391E-1
9.207058708E0,1.512998700E0,8.286470771E-1,7.955788374E-1
9.217053708E0,1.489292979E0,7.939954400E-1,7.847186923E-1
9.227048708E0,1.462957740E0,7.701542974E-1,7.741741538E-1
9.237043708E0,1.446039200E0,7.610095143E-1,7.610682249E-1
9.247038708E0,1.421974421E0,7.521241307E-1,7.511303425E-1
9.257033708E0,1.395931959E0,7.570399642E-1,7.469793558E-1
9.267028708E0,1.371628284E0,7.711272836E-1,7.437864542E-1
9.277022708E0,1.342485309E0,7.937361002E-1,7.309010625E-1
9.287017708E0,1.313371897E0,8.039247990E-1,7.254024148E-1
9.297012708E0,1.294196486E0,8.091759682E-1,7.199678421E-1
9.307007708E0,1.273936152E0,8.115126491E-1,7.105211020E-1
9.317002708E0,1.252002835E0,8.088320494E-1,6.902737021E-1
9.326997708E0,1.223383665E0,7.871243954E-1,6.761216521E-1
9.336992708E0,1.194808006E0,7.666366100E-1,6.762026548E-1
9.346987708E0,1.161533356E0,7.644025087E-1,6.729402542E-1
9.356981708E0,1.132331967E0,7.653294206E-1,6.523329020E-1
9.366976708E0,1.109066486E0,7.457216382E-1,6.281782389E-1
9.376971708E0,1.087229133E0,7.185803652E-1,6.125546098E-1
9.386966708E0,1.063287616E0,6.753716469E-1,6.111114621E-1
9.396961708E0,1.034665823E0,6.043885350E-1,6.116880178E-1
9.406956708E0,9.945814610E-1,5.147007704E-1,6.065217853E-1
9.416951708E0,9.553890228E-1,4.268800318E-1,5.982936621E-1
9.426946708E0,9.371594191E-1,3.710955977E-1,5.859643221E-1
9.436941708E0,9.147663116E-1,3.618580699E-1,5.698198676E-1
9.446935708E0,8.960932493E-1,3.861138523E-1,5.459585190E-1
9.456930708E0,8.785855770E-1,4.337702990E-1,5.158832669E-1
9.466925708E0,8.623027802E-1,4.779108465E-1,4.951178133E-1
9.476920708E0,8.450925946E-1,4.941993952E-1,4.954959452E-1
9.486915708E0,8.253681660E-1,4.861579835E-1,5.047101974E-1
9.496910708E0,8.235785365E-1,4.646929204E-1,5.036337376E-1
9.506905708E0,8.070749044E-1,4.200879037E-1,4.808267355E-1
9.516900708E0,7.820000052E-1,3.633270860E-1,4.506935179E-1
9.526895708E0,7.603490353E-1,3.159779310E-1,4.235143661E-1
9.536889708E0,7.283612490E-1,2.953827381E-1,3.986899555E-1
9.546884708E0,6.970611215E-1,3.055006266E-1,3.703800142E-1
9.556879708E0,6.481098533E-1,3.424973786E-1,3.303290308E-1
9.566874708E0,5.969398618E-1,3.847518861E-1,2.974357903E-1
9.576869708E0,5.341702104E-1,4.331614673E-1,2.842254639E-1
9.586864708E0,4.831272364E-1,4.822517931E-1,2.773252130E-1
9.596859708E0,4.293175340E-1,4.993015826E-1,2.688497305E-1
9.606854708E0,3.635774255E-1,4.871735573E-1,2.598021626E-1
9.616848708E0,2.902597785E-1,4.398334026E-1,2.417720407E-1
9.626843708E0,2.114557773E-1,3.675237894E-1,1.998669356E-1
9.636838708E0,1.395663470E-1,2.888050079E-1,1.484818608E-1
9.646833708E0,6.172533333E-2,2.179182917E-1,9.174533188E-2
9.656828708E0,-1.994479680E-3,1.768301576E-1,3.894279152E-2
9.666823708E0,-5.768303946E-2,1.678294688E-1,5.218384787E-3
9.676818708E0,-1.071358174E-1,1.577363163E-1,-2.492255531E-3
9.686813708E0,-1.544506103E-1,1.248465553E-1,-9.190372191E-3
9.696808708E0,-1.987006813E-1,6.215499714E-2,-4.334695637E-2
9.706802708E0,-2.411930114E-1,-1.129311882E-2,-1.091808379E-1
9.716797708E0,-2.838037312E-1,-5.513406917E-2,-1.790844202E-1
9.726792708E0,-3.246299922E-1,-6.429640949E-2,-2.133566439E-1
9.736787708E0,-3.580341339E-1,-3.237816319E-2,-2.188399434E-1
9.746782708E0,-3.879374266E-1,3.487159032E-3,-2.130579501E-1
9.756777708E0,-4.155020714E-1,3.686206415E-3,-2.065182179E-1
9.766772708E0,-4.444378316E-1,-7.114243694E-3,-2.050436139E-1
9.776767708E0,-4.662244022E-1,-2.024166659E-2,-2.315079421E-1
9.786762708E0,-4.927992821E-1,-4.911885411E-2,-2.708284557E-1
9.796756708E0,-5.102893710E-1,-7.670697570E-2,-3.117561042E-1
9.806751708E0,-5.229287744E-1,-8.378459513E-2,-3.305002451E-1
9.816746708E0,-5.329023004E-1,-7.299828529E-2,-3.285603821E-1
9.826741708E0,-5.380133986E-1,-5.594180524E-2,-3.161439300E-1
9.836736708E0,-5.459108353E-1,-3.729981557E-2,-3.048172295E-1
9.846731708E0,-5.513103604E-1,-2.300796285E-2,-2.971494496E-1
9.856726708E0,-5.603690147E-1,-1.389292255E-2,-2.845479846E-1
9.866721708E0,-5.680447817E-1,-4.473321605E-3,-2.824800313E-1
9.876715708E0,-5.785767436E-1,1.183634158E-2,-2.998590469E-1
9.886710708E0,-5.812655091E-1,2.608425543E-2,-3.228543699E-1
9.896705708E0,-5.910992622E-1,4.400722682E-2,-3.286581635E-1
9.906700708E0,-6.005793214E-1,7.751538604E-2,-3.329463899E-1
9.916695708E0,-6.106412411E-1,1.161780581E-1,-3.492143750E-1
9.926690708E0,-6.109658480E-1,1.486832649E-1,-3.775410652E-1
9.936685708E0,-5.981056094E-1,1.648892909E-1,-4.056148827E-1
9.946680708E0,-5.957188606E-1,1.671857387E-1,-4.290480316E-1
9.956675708E0,-5.938830376E-1,1.599909216E-1,-4.430401623E-1
9.966669708E0,-5.994290709E-1,1.410398632E-1,-4.525668323E-1
9.976664708E0,-6.115522385E-1,1.202506721E-1,-4.726974368E-1
9.986659708E0,-6.431415677E-1,1.094712615E-1,-5.027455688E-1
9.996654708E0,-6.623954773E-1,1.212933585E-1,-5.439502597E-1
1.000664971E1,-6.771246791E-1,1.476448029E-1,-5.726902485E-1
1.001664471E1,-6.828263402E-1,2.035375684E-1,-5.762516260E-1
1.002663971E1,-6.836982369E-1,2.988587618E-1,-5.683942437E-1
1.003663471E1,-6.851847768E-1,3.932159543E-1,-5.642477274E-1
1.004662971E1,-6.858683825E-1,4.605031013E-1,-5.935483575E-1
1.005662371E1,-7.026482224E-1,4.806727767E-1,-6.359842420E-1
1.006661871E1,-7.460564375E-1,4.860669971E-1,-6.738860607E-1
1.007661371E1,-7.979685664E-1,4.812157154E-1,-7.120271325E-1
1.008660871E1,-8.261890411E-1,4.669166803E-1,-7.336551547E-1
1.009660371E1,-8.491259217E-1,4.468369186E-1,-7.340182662E-1
1.010659871E1,-8.700357080E-1,4.244618416E-1,-7.280685306E-1
1.011659371E1,-8.744254708E-1,3.756500185E-1,-7.459760308E-1
1.012658871E1,-8.791983724E-1,2.677051723E-1,-7.855133414E-1
1.013658271E1,-9.111020565E-1,1.189836040E-1,-8.237634301E-1
1.014657771E1,-9.388521910E-1,3.254601732E-3,-8.522219658E-1
1.015657271E1,-9.728373885E-1,-4.804756865E-2,-8.614264131E-1
1.016656771E1,-1.005379081E0,-3.735258058E-2,-8.440330029E-1
1.017656271E1,-1.041049719E0,3.196594119E-2,-8.092114329E-1
1.018655771E1,-1.069319129E0,1.451249868E-1,-7.823598981E-1
1.019655271E1,-1.095582724E0,2.771106660E-1,-7.933813334E-1
1.020654771E1,-1.116921544E0,3.771603107E-1,-8.345484734E-1
1.021654271E1,-1.147395968E0,4.207133055E-1,-8.726218343E-1
1.022653671E1,-1.187145829E0,4.130918682E-1,-8.814973831E-1
1.023653171E1,-1.238846302E0,3.328633308E-1,-8.645260930E-1
1.024652671E1,-1.287780881E0,1.835864931E-1,-8.269822001E-1
1.025652171E1,-1.289693236E0,2.564666234E-2,-7.688898444E-1
1.026651671E1,-1.277955890E0,-1.263892055E-1,-7.230709791E-1
1.027651171E1,-1.269235969E0,-2.879810631E-1,-6.814619899E-1
1.028650671E1,-1.264668703E0,-4.471739233E-1,-6.553800106E-1
1.029650171E1,-1.271253467E0,-5.747183561E-1,-6.664048433E-1
1.030649571E1,-1.277524710E0,-6.616724730E-1,-7.085453868E-1
1.031649071E1,-1.281503439E0,-6.892147660E-1,-7.596809268E-1
1.032648571E1,-1.263289332E0,-6.258350015E-1,-7.930849791E-1
1.033648071E1,-1.237155557E0,-4.658612311E-1,-7.938494682E-1
1.034647571E1,-1.208040357E0,-2.730813920E-1,-7.771538496E-1
1.035647071E1,-1.176718354E0,-1.287459135E-1,-7.646761537E-1
1.036646571E1,-1.163110137E0,-6.099908799E-2,-7.744067907E-1
1.037646071E1,-1.148526907E0,-5.267321318E-2,-7.977925539E-1
1.038645571E1,-1.138305187E0,-6.305181980E-2,-8.460636735E-1
1.039644971E1,-1.125710130E0,-8.926591277E-2,-8.804427981E-1
1.040644471E1,-1.126626015E0,-1.241056472E-1,-8.689347506E-1
1.041643971E1,-1.126193047E0,-1.430356652E-1,-8.069049120E-1
1.042643471E1,-1.122827768E0,-1.285994649E-1,-7.421303988E-1
1.043642971E1,-1.122576475E0,-8.799608052E-2,-7.161384821E-1
1.044642471E1,-1.109050512E0,-2.968696691E-2,-7.266292572E-1
1.045641971E1,-1.105745316E0,4.073882475E-2,-7.460427880E-1
1.046641471E1,-1.096802473E0,1.073143855E-1,-7.587087750E-1
1.047640871E1,-1.091937780E0,1.396039873E-1,-7.658219934E-1
1.048640371E1,-1.099672914E0,1.224596128E-1,-7.649929523E-1
1.049639871E1,-1.098691940E0,4.805030301E-2,-7.541097999E-1
1.050639371E1,-1.098685026E0,-4.584290460E-2,-7.371246815E-1
1.051638871E1,-1.090331435E0,-1.310149580E-1,-7.372523546E-1
1.052638383E1,-1.066882253E0,-1.955846250E-1,-7.490293980E-1
1.053637883E1,-1.040765285E0,-2.324287891E-1,-7.624851465E-1
1.054637383E1,-1.020163894E0,-2.498906106E-1,-7.689582705E-1
1.055636883E1,-9.984161258E-1,-2.324514240E-1,-7.847945094E-1
1.056636283E1,-9.869922400E-1,-1.913170367E-1,-8.079123497E-1
1.057635783E1,-9.844013453E-1,-1.443690062E-1,-8.246343136E-1
1.058635283E1,-9.690173268E-1,-9.162883461E-2,-8.247163296E-1
1.059634783E1,-9.551179409E-1,-3.289664164E-2,-8.040692210E-1
1.060634283E1,-9.472839832E-1,-7.121501490E-3,-7.756674290E-1
1.061633783E1,-9.383831620E-1,-6.511297077E-2,-7.587518096E-1
1.062633283E1,-9.290772676E-1,-1.878886819E-1,-7.550010085E-1
1.063632783E1,-9.196298122E-1,-3.196194172E-1,-7.681185603E-1
1.064632183E1,-9.000691772E-1,-4.212429821E-1,-7.938238978E-1
1.065631683E1,-8.775252104E-1,-4.670011401E-1,-8.222129941E-1
1.066631183E1,-8.669846654E-1,-4.425938129E-1,-8.319463134E-1
1.067630683E1,-8.590040803E-1,-3.820755780E-1,-8.147669435E-1
1.068630183E1,-8.508915901E-1,-3.133428395E-1,-7.703861594E-1
1.069629683E1,-8.542298079E-1,-2.622690201E-1,-7.236359715E-1
1.070629183E1,-8.673709631E-1,-2.426452488E-1,-6.988781691E-1
1.071628683E1,-8.819857240E-1,-2.756658494E-1,-6.961677074E-1
1.072628183E1,-9.015743136E-1,-3.309421539E-1,-7.050669193E-1
1.073627583E1,-9.217742085E-1,-3.825324476E-1,-7.160592675E-1
1.074627083E1,-9.246413708E-1,-4.010656476E-1,-7.257691622E-1
1.075626583E1,-9.252482057E-1,-3.915348351E-1,-7.273162603E-1
1.076626083E1,-9.174858928E-1,-3.669551909E-1,-7.082533836E-1
1.077625583E1,-9.106314778E-1,-3.361801803E-1,-6.891928315E-1
1.078625083E1,-9.169239998E-1,-3.119153380E-1,-6.856300831E-1
1.079624583E1,-9.285073876E-1,-3.164630532E-1,-7.061783075E-1
1.080624083E1,-9.453308582E-1,-3.400096595E-1,-7.202634811E-1
1.081623483E1,-9.619910717E-1,-3.497934937E-1,-7.181475163E-1
1.082622983E1,-9.739579558E-1,-3.406359553E-1,-6.919779778E-1
1.083622483E1,-9.952554703E-1,-3.080865443E-1,-6.706283092E-1
1.084621983E1,-1.020081758E0,-2.749930322E-1,-6.692064404E-1
1.085621483E1,-1.026154399E0,-2.691340744E-1,-6.779298186E-1
1.086620983E1,-1.024227023E0,-2.943632603E-1,-6.696820259E-1
1.087620483E1,-1.014423966E0,-3.474717438E-1,-6.417097449E-1
1.088619983E1,-1.009989023E0,-4.330537319E-1,-6.143095493E-1
1.089619483E1,-1.006702423E0,-5.452015996E-1,-6.012645960E-1
1.090618883E1,-1.009086967E0,-6.760088801E-1,-6.017905474E-1
1.091618383E1,-1.003499269E0,-7.849663496E-1,-5.992822051E-1
1.092617883E1,-9.962294102E-1,-8.409504890E-1,-5.892884135E-1
1.093617383E1,-9.936034083E-1,-8.275748491E-1,-5.774965882E-1
1.094616883E1,-9.984900355E-1,-7.665061355E-1,-5.772446394E-1
1.095616383E1,-1.002187371E0,-6.875575185E-1,-5.856020451E-1
1.096615883E1,-1.006516337E0,-6.080352664E-1,-5.970954895E-1
1.097615383E1,-1.021193624E0,-5.499657393E-1,-6.096330881E-1
1.098614783E1,-1.026657939E0,-5.280116796E-1,-6.105042100E-1
1.099614283E1,-1.021722078E0,-5.419073701E-1,-5.990390182E-1
1.100613783E1,-1.014410973E0,-5.716271996E-1,-5.771941543E-1
1.101613283E1,-1.013840795E0,-5.964549780E-1,-5.585554838E-1
1.102612783E1,-1.012153149E0,-6.287676692E-1,-5.534952283E-1
1.103612283E1,-1.006863713E0,-6.784599423E-1,-5.606535673E-1
1.104611783E1,-9.956600666E-1,-7.458770275E-1,-5.623537302E-1
1.105611283E1,-9.869303107E-1,-8.250772357E-1,-5.519306064E-1
1.106610783E1,-9.836905599E-1,-9.187267423E-1,-5.203098059E-1
1.107610183E1,-9.971394539E-1,-1.036860704E0,-4.916100204E-1
1.108609683E1,-9.922110438E-1,-1.194587946E0,-4.676972330E-1
1.109609183E1,-9.768054485E-1,-1.367817640E0,-4.289929867E-1
1.110608683E1,-9.553658962E-1,-1.519249797E0,-3.759412169E-1
1.111608183E1,-9.325844646E-1,-1.643248200E0,-3.238567114E-1
1.112607683E1,-9.410251379E-1,-1.775436163E0,-3.060127199E-1
1.113607183E1,-9.556133151E-1,-1.957162619E0,-3.230836391E-1
1.114606683E1,-9.594967365E-1,-2.213289499E0,-3.449013233E-1
1.115606083E1,-9.425770640E-1,-2.510143518E0,-3.416374028E-1
1.116605583E1,-8.903828263E-1,-2.777688980E0,-2.922005951E-1
1.117605083E1,-7.715297937E-1,-2.931665421E0,-2.006863356E-1
1.118604583E1,-6.598013639E-1,-2.874559641E0,-9.151431173E-2
1.119604083E1,-5.918791294E-1,-2.597327232E0,-2.298334241E-2
1.120603583E1,-5.573387146E-1,-2.184529305E0,-1.585406065E-2
1.121603083E1,-5.506518483E-1,-1.715714812E0,-6.437258422E-2
1.122602583E1,-5.494433045E-1,-1.259466767E0,-1.189386323E-1
1.123601983E1,-5.452701449E-1,-8.886130452E-1,-1.351548731E-1
1.124601483E1,-5.397360921E-1,-6.471551657E-1,-1.081043556E-1
1.125600983E1,-5.137688518E-1,-5.272997022E-1,-6.329457462E-2
1.126600483E1,-4.788700044E-1,-5.350266099E-1,-3.345971182E-2
1.127599983E1,-4.288999736E-1,-6.393750310E-1,-2.635662258E-2
1.128599483E1,-3.776522279E-1,-8.090807199E-1,-2.658725157E-2
1.129598983E1,-3.235077262E-1,-9.907696843E-1,-3.680476174E-2
1.130598483E1,-2.648960650E-1,-1.132809520E0,-4.652316868E-2
1.131597983E1,-2.055779696E-1,-1.213032842E0,-5.564495921E-2
1.132597383E1,-1.551872343E-1,-1.221432805E0,-6.228368729E-2
1.133596883E1,-1.131836846E-1,-1.176523209E0,-7.004456222E-2
1.134596383E1,-8.358691633E-2,-1.094682097E0,-7.182249427E-2
1.135595883E1,-5.457408354E-2,-9.800449014E-1,-7.123802602E-2
1.136595383E1,-3.690747172E-2,-8.599818945E-1,-6.173479930E-2
1.137594883E1,-8.642503992E-3,-7.329018712E-1,-4.967018962E-2
1.138594383E1,2.007569373E-2,-5.985177159E-1,-3.079849854E-2
1.139593883E1,4.449238628E-2,-4.435058534E-1,-1.080831513E-2
1.140593283E1,6.159227714E-2,-2.735927105E-1,9.725988843E-3
1.141592783E1,6.440237164E-2,-1.082232222E-1,2.467332780E-2
1.142592283E1,5.322614685E-2,2.167059481E-2,3.055092320E-2
1.143591783E1,3.993536904E-2,1.007821560E-1,3.187798709E-2
1.144591283E1,2.031799220E-2,1.272633076E-1,4.130877182E-2
1.145590783E1,3.519861493E-3,1.028571278E-1,5.374011397E-2
1.146590283E1,-7.335715927E-3,5.097501725E-2,7.005197555E-2
1.147589783E1,-1.986589655E-2,-2.642446384E-2,8.114005625E-2
1.148589283E1,-2.848654799E-2,-9.839798510E-2,7.618045062E-2
1.149588683E1,-3.287943453E-2,-1.625282466E-1,6.497679651E-2
1.150588183E1,-3.631384671E-2,-2.134337723E-1,5.760943145E-2
1.151587683E1,-3.928302601E-2,-2.525969744E-1,5.195929483E-2
1.152587188E1,-6.058192253E-2,-2.817567289E-1,4.403106496E-2
1.153586688E1,-8.735746890E-2,-3.178417385E-1,2.414884232E-2
1.154586187E1,-1.039138064E-1,-3.747971654E-1,8.835133165E-3
1.155585688E1,-1.124552935E-1,-4.175355434E-1,-2.605357673E-3
1.156585188E1,-1.133359969E-1,-4.452965856E-1,-1.196264103E-2
1.157584588E1,-1.143741086E-1,-4.448747933E-1,-2.076810785E-2
1.158584088E1,-1.093583107E-1,-4.226485789E-1,-3.195125237E-2
1.159583588E1,-1.024085879E-1,-3.805120289E-1,-3.915023431E-2
1.160583087E1,-8.933486789E-2,-3.194755912E-1,-3.886208311E-2
1.161582588E1,-7.779215276E-2,-2.372947931E-1,-3.006810509E-2
1.162582088E1,-6.417407840E-2,-1.462940425E-1,-3.314885125E-2
1.163581588E1,-4.559321329E-2,-6.089210138E-2,-4.228747636E-2
1.164581088E1,-2.103620395E-2,1.065851562E-2,-5.234969780E-2
1.165580488E1,1.300543454E-2,6.587536633E-2,-5.603823066E-2
1.166579988E1,5.147852749E-2,1.014003381E-1,-6.008543819E-2
1.167579488E1,1.030639708E-1,1.165916100E-1,-5.982552841E-2
1.168578988E1,1.625888050E-1,1.192723438E-1,-6.506903470E-2
1.169578488E1,2.306009382E-1,1.179923713E-1,-6.993228197E-2
1.170577988E1,3.240746856E-1,1.058166623E-1,-6.133506447E-2
1.171577488E1,4.158347547E-1,8.115652949E-2,-4.777004197E-2
1.172576987E1,5.098321438E-1,4.287465289E-2,-3.435277194E-2
1.173576488E1,6.027268767E-1,-1.163175236E-2,-4.710555449E-2
1.174575888E1,7.077760696E-1,-7.214383781E-2,-7.473185658E-2
1.175575388E1,8.146703839E-1,-1.195740178E-1,-1.095485464E-1
1.176574888E1,9.259122610E-1,-1.403373480E-1,-1.380656809E-1
1.177574388E1,1.030995011E0,-1.080401316E-1,-1.600754410E-1
1.178573887E1,1.127745271E0,-8.199822158E-3,-1.870588660E-1
1.179573388E1,1.210111260E0,1.381696165E-1,-2.129831165E-1
1.180572888E1,1.288039923E0,3.043926656E-1,-2.426962703E-1
1.181572388E1,1.366192698E0,4.561785758E-1,-2.693464756E-1
1.182571788E1,1.436244488E0,5.727502108E-1,-2.826620340E-1
1.183571288E1,1.508690357E0,6.527671218E-1,-2.850274146E-1
1.184570788E1,1.578818560E0,7.020246983E-1,-2.957916558E-1
1.185570288E1,1.646011353E0,7.394961119E-1,-3.161132336E-1
1.186569788E1,1.716078639E0,7.710306048E-1,-3.303944170E-1
1.187569288E1,1.783380985E0,8.123337626E-1,-3.273749053E-1
1.188568788E1,1.849554062E0,8.840271235E-1,-3.154908121E-1
1.189568288E1,1.889652252E0,9.666033387E-1,-3.004959226E-1
1.190567788E1,1.914378643E0,1.040281773E0,-2.972758710E-1
1.191567188E1,1.934755564E0,1.095972419E0,-2.934529483E-1
1.192566688E1,1.953897834E0,1.118089914E0,-2.740036249E-1
1.193566188E1,1.986000538E0,1.103513002E0,-2.385730147E-1
1.194565688E1,2.008771420E0,1.068101883E0,-1.933570802E-1
1.195565188E1,2.011981964E0,1.019037843E0,-1.595898718E-1
1.196564687E1,1.985999465E0,9.626081586E-1,-1.424689442E-1
1.197564188E1,1.945442319E0,8.995670080E-1,-1.424625814E-1
1.198563688E1,1.893979907E0,8.030987978E-1,-1.495886743E-1
1.199563088E1,1.872560382E0,6.408140659E-1,-1.448904276E-1
1.200562588E1,1.871045589E0,4.033296108E-1,-1.158068404E-1
1.201562088E1,1.888006926E0,1.193359941E-1,-5.789766833E-2
1.202561587E1,1.917809010E0,-1.693594456E-1,2.098289318E-3
1.203561088E1,1.953349590E0,-4.228730798E-1,4.517447576E-2
1.204560588E1,1.973573089E0,-6.254437566E-1,4.661124945E-2
1.205560088E1,1.984657049E0,-7.500873208E-1,2.593731880E-2
1.206559588E1,1.991669416E0,-7.927072048E-1,1.941172406E-3
1.207558988E1,1.998533845E0,-7.515262365E-1,-4.661528394E-3
1.208558488E1,1.994725823E0,-6.433113217E-1,1.838972792E-2
1.209557988E1,1.983085513E0,-5.162209868E-1,6.872918457E-2
1.210557488E1,1.958411098E0,-3.869847655E-1,1.321670115E-1
1.211556988E1,1.935521960E0,-2.621007264E-1,1.943585128E-1
1.212556488E1,1.910061955E0,-1.407191753E-1,2.487469316E-1
1.213555988E1,1.895665288E0,-2.211174928E-2,2.922543287E-1
1.214555488E1,1.877404809E0,9.319487214E-2,3.136024475E-1
1.215554888E1,1.871691108E0,1.981258094E-1,3.119743466E-1
1.216554388E1,1.870498776E0,2.881190777E-1,3.056109846E-1
1.217553888E1,1.864625931E0,3.663079441E-1,3.018354475E-1
1.218553388E1,1.868184209E0,4.371080995E-1,2.940744758E-1
1.219552888E1,1.861834407E0,5.041450262E-1,2.755266130E-1
1.220552387E1,1.853302717E0,5.536020398E-1,2.605774999E-1
1.221551888E1,1.843576789E0,5.895134211E-1,2.574996352E-1
1.222551388E1,1.829147696E0,6.190134883E-1,2.638299465E-1
1.223550888E1,1.815526128E0,6.627846956E-1,2.792060971E-1
1.224550288E1,1.795797706E0,7.244616151E-1,2.910560966E-1
1.225549788E1,1.772374749E0,7.891772389E-1,2.942232788E-1
1.226549287E1,1.747407317E0,8.541927338E-1,2.951641679E-1
1.227548788E1,1.722742200E0,9.247277379E-1,3.182417154E-1
1.228548288E1,1.701413274E0,9.820507169E-1,3.600029945E-1
1.229547788E1,1.673859119E0,1.015647531E0,4.148114026E-1
1.230547288E1,1.629276991E0,1.034110904E0,4.685164392E-1
1.231546788E1,1.585351229E0,1.041714668E0,5.160241723E-1
1.232546188E1,1.550910711E0,1.074484348E0,5.472068191E-1
1.233545688E1,1.528193355E0,1.153774261E0,5.542797446E-1
1.234545188E1,1.494136572E0,1.236987948E0,5.378024578E-1
1.235544688E1,1.462984800E0,1.261510015E0,5.352030396E-1
1.236544188E1,1.436245918E0,1.227507234E0,5.690347552E-1
1.237543688E1,1.421630740E0,1.135584235E0,6.265232563E-1
1.238543187E1,1.419605851E0,9.897738099E-1,6.791779399E-1
1.239542688E1,1.417199254E0,8.208278418E-1,6.874215603E-1
1.240542088E1,1.435316205E0,6.727262735E-1,6.671608090E-1
1.241541588E1,1.450912952E0,5.753263235E-1,6.296034455E-1
1.242541088E1,1.463382125E0,5.054928660E-1,5.897045135E-1
1.243540588E1,1.474486232E0,4.448490143E-1,5.617269278E-1
1.244540087E1,1.493394971E0,4.096649289E-1,5.521187782E-1
1.245539588E1,1.503315210E0,4.145002365E-1,5.399327278E-1
1.246539088E1,1.506219387E0,4.387594759E-1,5.181584954E-1
1.247538588E1,1.512284040E0,4.939144254E-1,4.897394180E-1
1.248537988E1,1.518306017E0,5.643761158E-1,4.594672620E-1
1.249537488E1,1.511367798E0,6.442949772E-1,4.287015796E-1
1.250536987E1,1.503043056E0,7.092132568E-1,4.036239386E-1
1.251536488E1,1.495758772E0,7.521277666E-1,3.933999538E-1
1.252535996E1,1.482747555E0,7.589614391E-1,3.973787427E-1
1.253535496E1,1.470743418E0,7.352220416E-1,4.007269144E-1
1.254534996E1,1.452158809E0,6.893762350E-1,3.917978704E-1
1.255534496E1,1.438195586E0,6.540503502E-1,3.610168099E-1
1.256533996E1,1.418557167E0,6.480060816E-1,3.326698542E-1
1.257533396E1,1.392671466E0,6.669532061E-1,3.127877414E-1
1.258532896E1,1.373629570E0,6.970783472E-1,3.079378605E-1
1.259532396E1,1.345026493E0,7.107378840E-1,3.122190833E-1
1.260531896E1,1.321201563E0,6.878818274E-1,3.170175850E-1
1.261531396E1,1.309071779E0,6.306763887E-1,3.240484595E-1
1.262530896E1,1.306664109E0,5.516611934E-1,3.458914459E-1
1.263530396E1,1.288050771E0,4.782111049E-1,3.635624647E-1
1.264529896E1,1.276051402E0,4.194521904E-1,3.640921712E-1
1.265529296E1,1.258048058E0,4.011782408E-1,3.529563248E-1
1.266528796E1,1.233781576E0,4.242614508E-1,3.482185602E-1
1.267528296E1,1.216221333E0,4.755483866E-1,3.584955633E-1
1.268527796E1,1.197303653E0,5.345715284E-1,3.736343086E-1
1.269527296E1,1.177195907E0,5.687265396E-1,3.844282925E-1
1.270526796E1,1.151878357E0,5.865662098E-1,3.767762184E-1
1.271526296E1,1.130668879E0,5.911785960E-1,3.631018400E-1
1.272525796E1,1.105642915E0,5.872043967E-1,3.491836190E-1
1.273525296E1,1.079827189E0,5.870978236E-1,3.503019214E-1
1.274524696E1,1.058289647E0,5.955615640E-1,3.470177054E-1
1.275524196E1,1.035977840E0,6.039068103E-1,3.263770938E-1
1.276523696E1,1.002109051E0,5.920432210E-1,2.935277820E-1
1.277523196E1,9.766473174E-1,5.463616848E-1,2.605606318E-1
1.278522696E1,9.448180199E-1,4.923591614E-1,2.452333272E-1
1.279522196E1,9.113261104E-1,4.403053224E-1,2.383143306E-1
1.280521696E1,8.676071167E-1,4.051766396E-1,2.264425009E-1
1.281521196E1,8.196026683E-1,3.887629807E-1,2.023003250E-1
1.282520596E1,7.818222642E-1,4.041289091E-1,1.691234708E-1
1.283520096E1,7.370616198E-1,4.310474992E-1,1.511709690E-1
1.284519596E1,6.847544909E-1,4.415653944E-1,1.487677395E-1
1.285519096E1,6.219360828E-1,4.180600345E-1,1.472587883E-1
1.286518596E1,5.731640458E-1,3.649334311E-1,1.338449717E-1
1.287518096E1,5.234889388E-1,2.887178361E-1,9.996066988E-2
1.288517596E1,4.605440795E-1,2.203467786E-1,6.418429315E-2
1.289517096E1,3.889361918E-1,1.895972490E-1,4.258476943E-2
1.290516496E1,3.184811771E-1,2.020123750E-1,2.425023541E-2
1.291515996E1,2.553589046E-1,2.302874327E-1,1.933731884E-2
1.292515496E1,2.089961916E-1,2.545075417E-1,1.984944567E-2
1.293514996E1,1.747291237E-1,2.554292977E-1,1.816695184E-2
1.294514496E1,1.443549693E-1,2.254732400E-1,1.648143865E-2
1.295513996E1,1.140293032E-1,1.990030408E-1,6.991252769E-3
1.296513496E1,8.488473296E-2,1.949808747E-1,-1.932397485E-2
1.297512996E1,3.031731956E-2,2.010334879E-1,-7.077857107E-2
1.298512396E1,-4.227911681E-2,2.133782953E-1,-1.161790714E-1
1.299511896E1,-1.017799675E-1,2.335258424E-1,-1.331490725E-1
1.300511396E1,-1.483471990E-1,2.433739454E-1,-1.075901762E-1
1.301510896E1,-1.955290884E-1,2.277547717E-1,-7.412862033E-2
1.302510396E1,-2.455328703E-1,1.795600802E-1,-6.739481539E-2
1.303509896E1,-2.886146307E-1,1.172352359E-1,-7.694476098E-2
1.304509396E1,-3.241508007E-1,6.452248991E-2,-1.021196246E-1
1.305508896E1,-3.511373699E-1,4.361554235E-2,-1.162932962E-1
1.306508296E1,-3.855744302E-1,5.325005949E-2,-1.223847494E-1
1.307507796E1,-4.195353389E-1,8.747044206E-2,-1.319111735E-1
1.308507296E1,-4.415852427E-1,1.262748241E-1,-1.489865631E-1
1.309506796E1,-4.728978574E-1,1.598315835E-1,-1.639184058E-1
1.310506296E1,-5.046603084E-1,1.847792864E-1,-1.759931743E-1
1.311505796E1,-5.349806547E-1,2.155327946E-1,-1.849032789E-1
1.312505296E1,-5.557610393E-1,2.492848933E-1,-1.959394217E-1
1.313504796E1,-5.832068324E-1,3.048579693E-1,-2.119433582E-1
1.314504296E1,-6.003405452E-1,3.821791112E-1,-2.287684083E-1
1.315503696E1,-6.137090325E-1,4.813311696E-1,-2.508490086E-1
1.316503196E1,-6.258807778E-1,5.659648180E-1,-2.739042342E-1
1.317502696E1,-6.471120119E-1,6.319654584E-1,-3.019337654E-1
1.318502196E1,-6.637833714E-1,6.625939012E-1,-3.419839740E-1
1.319501696E1,-6.748416424E-1,6.246893406E-1,-3.881294131E-1
1.320501196E1,-6.808121800E-1,5.486946702E-1,-4.273979962E-1
1.321500696E1,-6.915759444E-1,4.931341708E-1,-4.589277804E-1
1.322500196E1,-7.001665235E-1,4.581849575E-1,-4.715296030E-1
1.323499596E1,-7.125624418E-1,4.460111856E-1,-4.944299161E-1
1.324499096E1,-7.198507190E-1,4.400851130E-1,-5.186825991E-1
1.325498596E1,-7.268601656E-1,4.494434595E-1,-5.344079137E-1
1.326498096E1,-7.326024771E-1,4.655649066E-1,-5.638283491E-1
1.327497596E1,-7.394233346E-1,4.434372485E-1,-5.962558985E-1
1.328497096E1,-7.604644895E-1,3.866093755E-1,-6.211082935E-1
1.329496596E1,-7.702409029E-1,3.413327932E-1,-6.203127503E-1
1.330496096E1,-7.818525434E-1,3.038645089E-1,-6.121232510E-1
1.331495496E1,-7.872126102E-1,2.499636114E-1,-6.055486202E-1
1.332494996E1,-7.876733541E-1,1.889511347E-1,-5.978336930E-1
1.333494496E1,-7.919993401E-1,1.536977142E-1,-5.944075584E-1
1.334493996E1,-8.070992231E-1,1.498854011E-1,-6.103391051E-1
1.335493496E1,-8.121564388E-1,1.783385128E-1,-6.407234073E-1
1.336492996E1,-8.308722973E-1,2.485189289E-1,-6.859865189E-1
1.337492496E1,-8.503788710E-1,3.333326578E-1,-7.309536934E-1
1.338491996E1,-8.499926925E-1,3.752052784E-1,-7.473968267E-1
1.339491396E1,-8.541156054E-1,3.504622877E-1,-7.284472585E-1
1.340490896E1,-8.706572652E-1,2.391243130E-1,-6.876596212E-1
1.341490396E1,-8.718005419E-1,8.040353656E-2,-6.513022184E-1
1.342489896E1,-8.836800456E-1,-8.695270121E-2,-6.458501816E-1
1.343489396E1,-8.890983462E-1,-2.182015479E-1,-6.739608049E-1
1.344488896E1,-9.193513393E-1,-2.956912816E-1,-7.104474306E-1
1.345488396E1,-9.236121178E-1,-3.012411296E-1,-7.242848873E-1
1.346487896E1,-9.357230663E-1,-2.222256809E-1,-7.048398256E-1
1.347487296E1,-9.612668157E-1,-1.072617173E-1,-6.875796318E-1
1.348486796E1,-9.741320014E-1,-2.197211795E-2,-7.008253932E-1
1.349486296E1,-9.936037064E-1,-2.161726123E-3,-7.511026859E-1
1.350485796E1,-1.009469867E0,-4.292966053E-2,-8.198546171E-1
1.351485296E1,-1.032940030E0,-1.371345818E-1,-8.925836086E-1
1.352484833E1,-1.053990364E0,-2.279489040E-1,-9.536997080E-1
1.353484333E1,-1.046526551E0,-2.709663510E-1,-9.804962873E-1
1.354483833E1,-1.054948211E0,-2.616519332E-1,-9.734554291E-1
1.355483233E1,-1.077853918E0,-2.437555045E-1,-9.466226101E-1
1.356482733E1,-1.096940279E0,-2.326700985E-1,-9.482002854E-1
1.357482233E1,-1.103523016E0,-2.309173346E-1,-9.855580330E-1
1.358481733E1,-1.112799406E0,-2.793969810E-1,-1.033189416E0
1.359481233E1,-1.128723145E0,-3.761810362E-1,-1.069612622E0
1.360480733E1,-1.140368581E0,-4.903092086E-1,-1.079307556E0
1.361480233E1,-1.145971775E0,-5.720553994E-1,-1.067531466E0
1.362479733E1,-1.145850778E0,-6.199595928E-1,-1.055148244E0
1.363479233E1,-1.158451676E0,-6.333561540E-1,-1.041356087E0
1.364478633E1,-1.178293824E0,-6.068342924E-1,-1.015381217E0
1.365478133E1,-1.202245235E0,-5.341938138E-1,-9.814866185E-1
1.366477633E1,-1.229945064E0,-4.286069572E-1,-9.597360492E-1
1.367477133E1,-1.242347360E0,-3.248360753E-1,-9.480133653E-1
1.368476633E1,-1.252332687E0,-2.384466231E-1,-9.454820156E-1
1.369476133E1,-1.258098245E0,-2.198565751E-1,-9.436216950E-1
1.370475633E1,-1.258745909E0,-3.038316369E-1,-9.316593409E-1
1.371475133E1,-1.261983395E0,-4.561009705E-1,-9.010094404E-1
1.372474533E1,-1.254113317E0,-6.219924688E-1,-8.590379953E-1
1.373474033E1,-1.260377884E0,-7.439612746E-1,-8.304567933E-1
1.374473533E1,-1.270724893E0,-8.032515049E-1,-8.266444802E-1
1.375473033E1,-1.270396113E0,-8.012863994E-1,-8.234856129E-1
1.376472533E1,-1.283423185E0,-7.252627611E-1,-8.029838204E-1
1.377472033E1,-1.284422994E0,-6.091834903E-1,-7.747060657E-1
1.378471533E1,-1.269870877E0,-4.498391151E-1,-7.487471700E-1
1.379471033E1,-1.279407740E0,-2.922061980E-1,-7.465308309E-1
1.380470433E1,-1.266925216E0,-1.898332238E-1,-7.515285611E-1
1.381469933E1,-1.249412656E0,-1.590597481E-1,-7.525787950E-1
1.382469433E1,-1.230872273E0,-1.858490258E-1,-7.469539046E-1
1.383468933E1,-1.211953998E0,-2.837384939E-1,-7.353941798E-1
1.384468433E1,-1.185913563E0,-4.040047228E-1,-7.325739264E-1
1.385467933E1,-1.166075587E0,-5.144371390E-1,-7.429679036E-1
1.386467433E1,-1.154820800E0,-6.000558734E-1,-7.494085431E-1
1.387466933E1,-1.152654886E0,-6.660361290E-1,-7.463045120E-1
1.388466333E1,-1.133799791E0,-7.093079686E-1,-7.259062529E-1
1.389465833E1,-1.124952197E0,-7.183694839E-1,-7.022621036E-1
1.390465333E1,-1.111701965E0,-7.298953533E-1,-6.741806269E-1
1.391464833E1,-1.098701358E0,-7.318730354E-1,-6.494507790E-1
1.392464333E1,-1.077054024E0,-6.969278455E-1,-6.345722079E-1
1.393463833E1,-1.049623370E0,-6.184567213E-1,-6.308706999E-1
1.394463333E1,-1.035928607E0,-5.222902298E-1,-6.355190277E-1
1.395462833E1,-1.028810978E0,-4.209794104E-1,-6.303450465E-1
1.396462233E1,-1.030383110E0,-3.259229362E-1,-6.070498824E-1
1.397461733E1,-1.036921501E0,-2.612189054E-1,-5.731836557E-1
1.398461233E1,-1.042038083E0,-2.413674295E-1,-5.384386778E-1
1.399460733E1,-1.033303738E0,-2.651024163E-1,-5.084864497E-1
1.400460233E1,-1.022321939E0,-3.006228507E-1,-4.898307323E-1
1.401459733E1,-1.008131623E0,-3.380382955E-1,-4.950128496E-1
1.402459233E1,-9.841180444E-1,-3.849951327E-1,-5.126032829E-1
1.403458733E1,-9.642708302E-1,-4.252062738E-1,-5.252208710E-1
1.404458133E1,-9.514440298E-1,-4.482175708E-1,-5.346996188E-1
1.405457633E1,-9.504312873E-1,-4.655573070E-1,-5.431674719E-1
1.406457133E1,-9.713658094E-1,-4.802414477E-1,-5.340831876E-1
1.407456633E1,-9.855780602E-1,-4.983639121E-1,-5.021489263E-1
1.408456133E1,-9.910258055E-1,-5.205994844E-1,-4.505187571E-1
1.409455633E1,-9.923229814E-1,-5.443411469E-1,-4.088431299E-1
1.410455133E1,-9.948189259E-1,-5.750921369E-1,-3.983782232E-1
1.411454633E1,-9.870795012E-1,-6.178972125E-1,-4.244971871E-1
1.412454033E1,-9.769775867E-1,-6.601764560E-1,-4.558923841E-1
1.413453533E1,-9.584502578E-1,-6.697669625E-1,-4.851299226E-1
1.414453033E1,-9.436939359E-1,-6.439979672E-1,-4.958720505E-1
1.415452533E1,-9.426397681E-1,-6.073384285E-1,-4.875454307E-1
1.416452033E1,-9.668708444E-1,-5.830959678E-1,-4.563731253E-1
1.417451533E1,-9.833408594E-1,-5.809824467E-1,-4.102610350E-1
1.418451033E1,-9.993528724E-1,-5.905634761E-1,-3.649907410E-1
1.419450533E1,-1.010731101E0,-6.173585057E-1,-3.501934409E-1
1.420449933E1,-1.006198168E0,-6.562414169E-1,-3.745043874E-1
1.421449433E1,-9.866515398E-1,-6.876586080E-1,-4.077551663E-1
1.422448933E1,-9.566331506E-1,-6.948333979E-1,-4.391730130E-1
1.423448433E1,-9.284782410E-1,-6.679058075E-1,-4.625534713E-1
1.424447933E1,-9.138873219E-1,-6.206001043E-1,-4.853993952E-1
1.425447433E1,-9.064685106E-1,-5.781198144E-1,-4.952509403E-1
1.426446933E1,-9.068304896E-1,-5.279415846E-1,-4.929318726E-1
1.427446433E1,-9.133610725E-1,-4.741043150E-1,-4.783909917E-1
1.428445833E1,-9.260254502E-1,-4.346759319E-1,-4.773238599E-1
1.429445333E1,-9.411540627E-1,-4.184141457E-1,-4.722902179E-1
1.430444833E1,-9.600473642E-1,-4.370589256E-1,-4.596114457E-1
1.431444333E1,-9.614596367E-1,-4.951050580E-1,-4.219956398E-1
1.432443833E1,-9.615395069E-1,-5.927829146E-1,-3.802790940E-1
1.433443333E1,-9.633176923E-1,-7.413720489E-1,-3.509893715E-1
1.434442833E1,-9.652069807E-1,-9.333660007E-1,-3.429623544E-1
1.435442333E1,-9.537915587E-1,-1.136127949E0,-3.357813656E-1
1.436441733E1,-9.436936975E-1,-1.310920835E0,-3.133453131E-1
1.437441233E1,-9.344786406E-1,-1.435514331E0,-2.887895107E-1
1.438440733E1,-9.258263111E-1,-1.518248320E0,-2.676365674E-1
1.439440233E1,-9.180144072E-1,-1.571575165E0,-2.518942058E-1
1.440439733E1,-9.137852788E-1,-1.591479301E0,-2.260037512E-1
1.441439233E1,-9.139927626E-1,-1.574024200E0,-1.965483576E-1
1.442438733E1,-9.139506817E-1,-1.538767695E0,-1.631073058E-1
1.443438233E1,-9.108536839E-1,-1.488156319E0,-1.243905872E-1
1.444437633E1,-9.116275907E-1,-1.429858685E0,-8.240371943E-2
1.445437133E1,-9.073734879E-1,-1.361060977E0,-4.264351353E-2
1.446436633E1,-8.987001181E-1,-1.289808631E0,-1.572161913E-2
1.447436133E1,-8.964505792E-1,-1.228911400E0,7.685784250E-3
1.448435633E1,-8.843755722E-1,-1.176104069E0,2.710901573E-2
1.449435133E1,-8.723404408E-1,-1.129655600E0,4.697464034E-2
1.450434633E1,-8.632151484E-1,-1.106382728E0,6.749483198E-2
1.451434133E1,-8.525909185E-1,-1.095430136E0,9.033295512E-2
1.452433471E1,-8.402112126E-1,-1.103649974E0,9.974855930E-2
1.453432971E1,-8.250551820E-1,-1.118738174E0,9.840816259E-2
1.454432471E1,-8.072005510E-1,-1.137081742E0,9.167328477E-2
1.455431971E1,-7.952157259E-1,-1.159260154E0,9.845093638E-2
1.456431471E1,-7.893573046E-1,-1.186148524E0,1.181522012E-1
1.457430971E1,-7.692531943E-1,-1.210538387E0,1.433197856E-1
1.458430471E1,-7.459231019E-1,-1.215071082E0,1.617379487E-1
1.459429971E1,-7.143933773E-1,-1.223064065E0,1.825478226E-1
1.460429371E1,-6.740531325E-1,-1.238843203E0,1.921930015E-1
1.461428871E1,-6.177746654E-1,-1.250977516E0,1.996306181E-1
1.462428371E1,-5.533784032E-1,-1.249946356E0,1.900373846E-1
1.463427871E1,-4.847761393E-1,-1.234325647E0,1.486840397E-1
1.464427371E1,-4.100813866E-1,-1.208528399E0,9.738062322E-2
1.465426871E1,-3.313293457E-1,-1.186879516E0,4.500563070E-2
1.466426371E1,-2.676433027E-1,-1.157386065E0,1.898388565E-2
1.467425871E1,-2.175751179E-1,-1.099984884E0,2.539284527E-2
1.468425271E1,-1.757070273E-1,-1.025471687E0,4.460915178E-2
1.469424771E1,-1.509718001E-1,-9.412660003E-1,6.648825854E-2
1.470424271E1,-1.379851699E-1,-8.543707728E-1,9.755856544E-2
1.471423771E1,-1.287131757E-1,-7.623004317E-1,1.370424777E-1
1.472423271E1,-1.203628406E-1,-6.692700982E-1,1.624900401E-1
1.473422771E1,-1.097479984E-1,-5.801526308E-1,1.559106708E-1
1.474422271E1,-8.972075582E-2,-4.940137565E-1,1.403439641E-1
1.475421671E1,-6.837122887E-2,-4.143677652E-1,1.261513978E-1
1.476421171E1,-4.484220594E-2,-3.347379267E-1,1.306614578E-1
1.477420671E1,-2.823876776E-2,-2.441113144E-1,1.370949298E-1
1.478420171E1,-2.071959898E-2,-1.456638426E-1,1.376094520E-1
1.479419671E1,-1.827432960E-2,-4.395109415E-2,1.256021559E-1
1.480419171E1,-1.951003633E-2,5.136957020E-2,1.076026559E-1
1.481418671E1,-1.459744945E-2,1.324638575E-1,9.200054407E-2
1.482418171E1,-8.245277219E-3,1.891601682E-1,8.690325171E-2
1.483417571E1,-1.263712719E-2,2.157420516E-1,8.156394213E-2
1.484417071E1,-1.221182011E-2,2.117345184E-1,7.187030464E-2
1.485416571E1,-2.310629375E-2,1.954965889E-1,5.491611734E-2
1.486416071E1,-3.146436065E-2,1.842141151E-1,4.003889859E-2
1.487415571E1,-3.973131999E-2,1.657460481E-1,3.156546876E-2
1.488415071E1,-4.756021500E-2,1.395528018E-1,2.688017115E-2
1.489414571E1,-5.312591419E-2,1.012184471E-1,2.352530509E-2
1.490414071E1,-4.619476944E-2,5.317502096E-2,1.320182625E-2
1.491413471E1,-3.907648101E-2,8.621722460E-3,-7.306137122E-4
1.492412971E1,-3.217862919E-2,-3.748052567E-2,-1.568133384E-2
1.493412471E1,-2.392172441E-2,-7.350910455E-2,-2.604643814E-2
1.494411971E1,-1.649603248E-2,-8.927795291E-2,-2.905101515E-2
1.495411471E1,-1.242570765E-2,-7.663384825E-2,-2.874624729E-2
1.496410971E1,-3.677756060E-3,-5.193809420E-2,-2.218342014E-2
1.497410471E1,4.783077165E-3,-1.915290765E-2,-1.769060642E-2
1.498409971E1,1.045694202E-2,3.083954565E-3,-1.120847277E-2
1.499409371E1,2.145584673E-2,1.168388873E-2,-3.102445044E-3
1.500408871E1,2.492461540E-2,5.148224998E-3,8.887638338E-3
1.501408371E1,2.159035765E-2,-1.069559064E-2,1.651089638E-2
1.502407871E1,2.143909037E-2,-3.113295510E-2,2.396108955E-2
1.503407371E1,2.201080881E-2,-5.836229771E-2,2.304268815E-2
1.504406871E1,3.099764697E-2,-8.200211823E-2,2.644780651E-2
1.505406371E1,3.997122869E-2,-1.026452258E-1,2.979660779E-2
1.506405871E1,5.861335620E-2,-1.304712594E-1,3.616875410E-2
1.507405271E1,7.617260516E-2,-1.606821120E-1,3.070774674E-2
1.508404771E1,9.820120782E-2,-1.859366149E-1,2.260214835E-2
1.509404271E1,1.134592891E-1,-1.998780668E-1,7.238312159E-3
1.510403771E1,1.376767457E-1,-1.996034831E-1,-2.754933201E-3
1.511403271E1,1.532202810E-1,-1.702924967E-1,-1.944894902E-2
1.512402771E1,1.675310433E-1,-1.131820828E-1,-3.871771693E-2
1.513402271E1,1.831361353E-1,-3.903255984E-2,-5.469994247E-2
1.514401771E1,2.083054036E-1,5.452295765E-2,-6.083240360E-2
1.515401171E1,2.424443960E-1,1.656379700E-1,-5.426307768E-2
1.516400671E1,2.760186195E-1,2.881851792E-1,-4.255342484E-2
1.517400171E1,3.180516064E-1,4.327206612E-1,-3.943152726E-2
1.518399671E1,3.582730889E-1,5.926799774E-1,-5.113266036E-2
1.519399171E1,3.943178654E-1,7.572119832E-1,-7.847873867E-2
1.520398671E1,4.340783358E-1,9.114511013E-1,-1.126673222E-1
1.521398171E1,4.748630226E-1,1.052608728E0,-1.495887935E-1
1.522397571E1,5.214762688E-1,1.171595812E0,-1.764931083E-1
1.523397071E1,5.647215247E-1,1.257568121E0,-1.961780638E-1
1.524396571E1,5.993657708E-1,1.314639449E0,-2.102432698E-1
1.525396071E1,6.389558315E-1,1.340702176E0,-2.192869484E-1
1.526395571E1,6.808665395E-1,1.351009369E0,-2.325707823E-1
1.527395071E1,7.241975665E-1,1.344631076E0,-2.456182688E-1
1.528394571E1,7.705906034E-1,1.315906763E0,-2.598116100E-1
1.529394071E1,8.263352513E-1,1.267989397E0,-2.726726532E-1
1.530393471E1,8.862537146E-1,1.214437723E0,-2.861461043E-1
1.531392971E1,9.519105554E-1,1.153454065E0,-2.862788141E-1
1.532392471E1,1.011515021E0,1.099456429E0,-2.843525410E-1
1.533391971E1,1.070071816E0,1.056860924E0,-2.786521614E-1
1.534391471E1,1.129316211E0,1.020119667E0,-2.653326392E-1
1.535390971E1,1.185150743E0,9.952949286E-1,-2.569028437E-1
1.536390471E1,1.243259668E0,9.995656013E-1,-2.482262403E-1
1.537389971E1,1.300708652E0,1.020925522E0,-2.365390807E-1
1.538389371E1,1.364237070E0,1.067269802E0,-2.144060731E-1
1.539388871E1,1.421830535E0,1.133180141E0,-1.858387440E-1
1.540388371E1,1.485636234E0,1.212639451E0,-1.609326005E-1
1.541387871E1,1.541540265E0,1.299986362E0,-1.429400146E-1
1.542387371E1,1.594327807E0,1.388913631E0,-1.289642751E-1
1.543386871E1,1.641233563E0,1.455754519E0,-1.028390825E-1
1.544386371E1,1.679624319E0,1.492747903E0,-7.111471146E-2
1.545385871E1,1.719234824E0,1.523064613E0,-2.885624766E-2
1.546385271E1,1.755849838E0,1.540617943E0,1.227387786E-2
1.547384771E1,1.785831690E0,1.538382411E0,5.333245918E-2
1.548384271E1,1.819090366E0,1.512547612E0,8.804489672E-2
1.549383771E1,1.841287494E0,1.473732233E0,1.221220046E-1
1.550383271E1,1.858470798E0,1.424011827E0,1.483381689E-1
1.551382771E1,1.872039795E0,1.351447105E0,1.670183986E-1
1.552382271E1,1.889808774E0,1.244138241E0,1.810300946E-1
1.553381750E1,1.894605637E0,1.102632880E0,2.080231905E-1
1.554381150E1,1.905615926E0,9.594550133E-1,2.431923598E-1
1.555380650E1,1.910591006E0,8.400394917E-1,2.773161232E-1
1.556380150E1,1.920021176E0,7.541464567E-1,2.911075652E-1
1.557379650E1,1.926945329E0,7.082536817E-1,2.886438072E-1
1.558379150E1,1.930020928E0,6.934624910E-1,2.821896374E-1
1.559378650E1,1.930400848E0,6.935843825E-1,2.809778452E-1
1.560378150E1,1.926482558E0,6.871371865E-1,2.845869660E-1
1.561377550E1,1.925427198E0,6.545411944E-1,2.769806683E-1
1.562377050E1,1.927937984E0,5.811654925E-1,2.787506282E-1
1.563376550E1,1.920657754E0,4.872887731E-1,3.053356409E-1
1.564376050E1,1.922331452E0,4.018194079E-1,3.390859067E-1
1.565375550E1,1.923635125E0,3.612508774E-1,3.595332801E-1
1.566375050E1,1.922848701E0,3.909887969E-1,3.682221174E-1
1.567374550E1,1.917186856E0,4.959178567E-1,3.625227213E-1
1.568374050E1,1.917078376E0,6.331891418E-1,3.575063944E-1
1.569373450E1,1.918606281E0,7.633759379E-1,3.544776440E-1
1.570372950E1,1.912744641E0,8.492445350E-1,3.670701087E-1
1.571372450E1,1.902163863E0,8.799938560E-1,4.028810561E-1
1.572371950E1,1.893789291E0,8.848379254E-1,4.467260242E-1
1.573371450E1,1.885801673E0,8.817980289E-1,4.794447422E-1
1.574370950E1,1.878756285E0,8.727142215E-1,5.070515871E-1
1.575370450E1,1.872999668E0,8.569695950E-1,5.242429376E-1
1.576369950E1,1.860891104E0,8.429328799E-1,5.484502912E-1
1.577369350E1,1.855100036E0,8.396436572E-1,5.832210183E-1
1.578368850E1,1.841569781E0,8.599971533E-1,6.084621549E-1
1.579368350E1,1.826817989E0,8.915190101E-1,6.107599735E-1
1.580367850E1,1.808817744E0,9.333959222E-1,6.023536921E-1
1.581367350E1,1.783673167E0,9.883242846E-1,5.885383487E-1
1.582366850E1,1.758100986E0,1.028670907E0,5.883793235E-1
1.583366350E1,1.726789713E0,1.034220338E0,5.970068574E-1
1.584365750E1,1.687530160E0,1.030219913E0,6.234443188E-1
1.585365250E1,1.639197588E0,1.016217113E0,6.673393250E-1
1.586364750E1,1.598555565E0,1.008344293E0,7.072004676E-1
1.587364250E1,1.559171915E0,1.033561468E0,7.423337698E-1
1.588363750E1,1.530218005E0,1.125381112E0,7.593795657E-1
1.589363250E1,1.490747333E0,1.269978642E0,7.497016191E-1
1.590362750E1,1.464985490E0,1.422005892E0,7.193945646E-1
1.591362250E1,1.431259990E0,1.499948263E0,7.030645013E-1
1.592361650E1,1.404769301E0,1.503761411E0,7.162716985E-1
1.593361150E1,1.380791545E0,1.465111494E0,7.618727684E-1
1.594360650E1,1.350035191E0,1.369983912E0,8.074283004E-1
1.595360150E1,1.322849989E0,1.236196041E0,8.317576051E-1
1.596359650E1,1.304201722E0,1.107434511E0,8.346540332E-1
1.597359150E1,1.293551445E0,1.026070952E0,8.202359080E-1
1.598358650E1,1.278377056E0,1.020264745E0,7.781962752E-1
1.599358150E1,1.279448390E0,1.042583346E0,7.042393684E-1
1.600357550E1,1.283523321E0,1.048609257E0,6.396947503E-1
1.601357050E1,1.280932903E0,1.025305867E0,6.228350401E-1
1.602356550E1,1.260532737E0,9.773018360E-1,6.601355672E-1
1.603356050E1,1.232513428E0,9.181143045E-1,7.200030088E-1
1.604355550E1,1.215458035E0,8.701760173E-1,7.484067082E-1
1.605355050E1,1.194689274E0,8.426151872E-1,7.248188257E-1
1.606354550E1,1.170106173E0,8.539029956E-1,6.790809035E-1
1.607354050E1,1.132992029E0,8.876851201E-1,6.458534002E-1
1.608353450E1,1.096248865E0,9.302682877E-1,6.472174525E-1
1.609352950E1,1.068875909E0,9.627927542E-1,6.706138253E-1
1.610352450E1,1.049568772E0,9.697628021E-1,6.916778684E-1
1.611351950E1,1.025853395E0,9.338617921E-1,7.119587660E-1
1.612351450E1,1.014007449E0,8.833184242E-1,7.182552814E-1
1.613350950E1,9.984618425E-1,8.376840949E-1,7.096862197E-1
1.614350450E1,9.739577770E-1,7.876981497E-1,7.052901387E-1
1.615349950E1,9.577825069E-1,7.524703145E-1,7.020930052E-1
1.616349350E1,9.461351633E-1,7.438718081E-1,7.000700831E-1
1.617348850E1,9.362319708E-1,7.468628883E-1,6.847462654E-1
1.618348350E1,9.272523522E-1,7.394987345E-1,6.586142182E-1
1.619347850E1,9.213576913E-1,7.369968891E-1,6.340993047E-1
1.620347350E1,9.192213416E-1,7.446569204E-1,6.172627807E-1
1.621346850E1,9.086129069E-1,7.662224770E-1,6.063424945E-1
1.622346350E1,8.854907751E-1,7.861636877E-1,6.072440147E-1
1.623345850E1,8.593598604E-1,8.089063168E-1,6.130145192E-1
1.624345250E1,8.397821188E-1,8.254803419E-1,6.002609730E-1
1.625344750E1,8.268164992E-1,8.130351305E-1,5.776153207E-1
1.626344250E1,8.190629482E-1,7.776553035E-1,5.585116744E-1
1.627343750E1,8.116804361E-1,7.276132703E-1,5.497458577E-1
1.628343250E1,8.060041666E-1,6.702152491E-1,5.394902825E-1
1.629342750E1,8.061951399E-1,6.227730513E-1,5.193495154E-1
1.630342250E1,8.053511977E-1,5.956506133E-1,4.947142005E-1
1.631341650E1,7.888389826E-1,5.883000493E-1,4.661714733E-1
1.632341150E1,7.681168914E-1,6.153185964E-1,4.559345543E-1
1.633340650E1,7.574728131E-1,6.771107912E-1,4.531351626E-1
1.634340150E1,7.376956940E-1,7.230628729E-1,4.523617923E-1
1.635339650E1,7.141810060E-1,7.258675098E-1,4.586841166E-1
1.636339150E1,6.904059052E-1,6.924687624E-1,4.659233689E-1
1.637338650E1,6.647849679E-1,6.326906085E-1,4.690588117E-1
1.638338150E1,6.422759295E-1,5.684877038E-1,4.632962644E-1
1.639337650E1,6.340838075E-1,5.269557834E-1,4.480932951E-1
1.640337050E1,6.257930994E-1,5.073895454E-1,4.318056703E-1
1.641336550E1,6.065278649E-1,4.995728731E-1,4.369038939E-1
1.642336050E1,5.817891955E-1,5.094140172E-1,4.401718378E-1
1.643335550E1,5.524465442E-1,5.021921396E-1,4.337430000E-1
1.644335050E1,5.244479179E-1,4.734199047E-1,4.238850474E-1
1.645334550E1,4.974211156E-1,4.476179183E-1,3.983074427E-1
1.646334050E1,4.824751914E-1,3.828495741E-1,3.801848888E-1
1.647333450E1,4.591130912E-1,2.840786874E-1,3.750576377E-1
1.648332950E1,4.179251492E-1,1.583681703E-1,3.696998656E-1
1.649332450E1,3.691019714E-1,4.223617166E-2,3.584706783E-1
1.650331950E1,3.085675240E-1,-3.406552225E-2,3.258757293E-1
1.651331450E1,2.599150240E-1,-4.625690728E-2,2.783438563E-1
1.652330950E1,2.093498409E-1,-1.277058758E-2,2.397264391E-1
1.653330458E1,1.563103497E-1,4.946145788E-2,2.189806551E-1
1.654329958E1,9.927476197E-2,8.780964464E-2,2.075367868E-1
1.655329358E1,4.754360393E-2,7.939693332E-2,1.840787083E-1
1.656328858E1,-1.273065433E-2,2.885759063E-2,1.402835548E-1
1.657328358E1,-7.103837281E-2,-4.533422738E-2,7.780007273E-2
1.658327858E1,-1.251130551E-1,-9.828080237E-2,2.122734487E-2
1.659327358E1,-1.772207469E-1,-1.100552306E-1,-2.666345984E-2
1.660326858E1,-2.349551469E-1,-1.047558039E-1,-6.089519709E-2
1.661326358E1,-2.827231884E-1,-9.433326125E-2,-9.484491497E-2
1.662325858E1,-3.177269697E-1,-7.913620025E-2,-1.422198862E-1
1.663325258E1,-3.506815732E-1,-5.347546190E-2,-2.049449235E-1
1.664324758E1,-3.754540086E-1,-2.315910161E-2,-2.751495838E-1
1.665324258E1,-4.040587246E-1,2.364551835E-2,-3.236526847E-1
1.666323758E1,-4.322397709E-1,8.308301121E-2,-3.606301546E-1
1.667323258E1,-4.556383491E-1,1.307403892E-1,-3.870694041E-1
1.668322758E1,-4.801463485E-1,1.412172616E-1,-4.084545970E-1
1.669322258E1,-5.160427690E-1,9.837125242E-2,-4.220591784E-1
1.670321758E1,-5.327791572E-1,3.245348483E-2,-4.519129395E-1
1.671321158E1,-5.368109345E-1,-3.966247663E-2,-4.956172109E-1
1.672320658E1,-5.495171547E-1,-9.492705762E-2,-5.325118899E-1
1.673320158E1,-5.527347326E-1,-9.324085712E-2,-5.605174303E-1
1.674319658E1,-5.492750406E-1,-4.505894706E-2,-5.764120221E-1
1.675319158E1,-5.477623940E-1,7.740450092E-3,-5.817759037E-1
1.676318658E1,-5.525763035E-1,3.405727446E-2,-5.772876740E-1
1.677318158E1,-5.570954084E-1,4.200864956E-2,-5.839470625E-1
1.678317558E1,-5.614994764E-1,4.004696757E-2,-6.128149629E-1
1.679317058E1,-5.598749518E-1,4.388194159E-2,-6.558269262E-1
1.680316558E1,-5.623181462E-1,5.254973099E-2,-6.805669069E-1
1.681316058E1,-5.535092950E-1,8.451420069E-2,-6.681396961E-1
1.682315558E1,-5.474907756E-1,1.144934073E-1,-6.355828047E-1
1.683315058E1,-5.609402657E-1,9.858372808E-2,-5.993112922E-1
1.684314558E1,-5.716618896E-1,3.541061655E-2,-5.774696469E-1
1.685314058E1,-5.908645988E-1,-4.321567714E-2,-5.807164907E-1
1.686313458E1,-5.960710645E-1,-8.461184800E-2,-6.125393510E-1
1.687312958E1,-5.951249003E-1,-6.695790589E-2,-6.686435342E-1
1.688312458E1,-5.837411880E-1,9.932612069E-3,-7.203661203E-1
1.689311958E1,-5.892608166E-1,1.126275212E-1,-7.354560494E-1
1.690311458E1,-6.074323654E-1,1.943119913E-1,-7.126266360E-1
1.691310958E1,-6.337988973E-1,2.313647121E-1,-6.852133870E-1
1.692310458E1,-6.609602571E-1,1.972179264E-1,-6.706253886E-1
1.693309958E1,-6.748604774E-1,1.201958358E-1,-6.879662871E-1
1.694309358E1,-6.919057369E-1,1.650886051E-2,-7.141686082E-1
1.695308858E1,-6.998301744E-1,-7.362943143E-2,-7.325280309E-1
1.696308358E1,-6.978466511E-1,-1.172514781E-1,-7.462675571E-1
1.697307858E1,-6.948466301E-1,-1.191388592E-1,-7.568493485E-1
1.698307358E1,-7.026528716E-1,-1.105246022E-1,-7.663206458E-1
1.699306858E1,-7.303809524E-1,-9.914560616E-2,-7.738157511E-1
1.700306358E1,-7.562786341E-1,-7.734043896E-2,-7.665152550E-1
1.701305758E1,-7.812002301E-1,-3.169622645E-2,-7.734941244E-1
1.702305258E1,-8.033905029E-1,1.823649742E-3,-7.959200740E-1
1.703304758E1,-8.110142350E-1,2.657783683E-3,-8.257293701E-1
1.704304258E1,-8.078424335E-1,2.928893548E-3,-8.395240307E-1
1.705303758E1,-7.990275621E-1,-5.880361423E-3,-8.426637053E-1
1.706303258E1,-7.950653434E-1,-4.000477493E-2,-8.399947286E-1
1.707302758E1,-8.186165094E-1,-9.803473949E-2,-8.262803555E-1
1.708302258E1,-8.411399126E-1,-1.632387638E-1,-8.240576982E-1
1.709301658E1,-8.582560420E-1,-1.860157698E-1,-8.341929317E-1
1.710301158E1,-8.648458123E-1,-1.764395684E-1,-8.494744301E-1
1.711300658E1,-8.686740398E-1,-1.197501719E-1,-8.642803431E-1
1.712300158E1,-8.563057780E-1,-1.830770448E-2,-8.757404685E-1
1.713299658E1,-8.427780271E-1,8.704829216E-2,-8.983114958E-1
1.714299158E1,-8.334657550E-1,1.691910923E-1,-9.261806607E-1
1.715298658E1,-8.280984163E-1,1.945576519E-1,-9.348162413E-1
1.716298158E1,-8.365502357E-1,1.706802845E-1,-9.180031419E-1
1.717297558E1,-8.588989973E-1,1.087566316E-1,-8.823728561E-1
1.718297058E1,-8.598566651E-1,4.127771780E-2,-8.695915341E-1
1.719296558E1,-8.584161401E-1,-1.077837311E-2,-8.768368363E-1
1.720296058E1,-8.577415347E-1,-2.723617665E-2,-8.958006501E-1
1.721295558E1,-8.463205695E-1,-1.771796960E-3,-9.268669486E-1
1.722295058E1,-8.469246030E-1,5.077636614E-2,-9.757282138E-1
1.723294558E1,-8.528866172E-1,9.080444276E-2,-1.034413934E0
1.724293958E1,-8.595410585E-1,1.109797508E-1,-1.080205441E0
1.725293458E1,-8.519135118E-1,1.050996110E-1,-1.084428549E0
1.726292958E1,-8.285778761E-1,7.181195915E-2,-1.047836781E0
1.727292458E1,-8.105878830E-1,-1.407183148E-2,-9.872913361E-1
1.728291958E1,-7.997834086E-1,-1.457409114E-1,-9.348606467E-1
1.729291458E1,-7.986445427E-1,-2.955237627E-1,-9.269559383E-1
1.730290958E1,-8.008088470E-1,-4.436823428E-1,-9.660080075E-1
1.731290458E1,-8.103516698E-1,-5.391671062E-1,-1.019515872E0
1.732289858E1,-8.156909943E-1,-5.539665222E-1,-1.048771739E0
1.733289358E1,-8.075702190E-1,-4.932402372E-1,-1.056722045E0
1.734288858E1,-7.899555564E-1,-4.215572774E-1,-1.047384739E0
1.735288358E1,-7.773617506E-1,-4.003714919E-1,-1.020941734E0
1.736287858E1,-7.840982080E-1,-4.403245151E-1,-9.855821729E-1
1.737287358E1,-8.088837862E-1,-5.320541859E-1,-9.554276466E-1
1.738286858E1,-8.603344560E-1,-6.610760689E-1,-9.441736341E-1
1.739286358E1,-9.004451632E-1,-7.932409644E-1,-9.487677813E-1
1.740285758E1,-9.238942862E-1,-8.846923113E-1,-9.486851692E-1
1.741285258E1,-9.356409311E-1,-9.051851034E-1,-9.249008894E-1
1.742284758E1,-9.352643490E-1,-8.543296456E-1,-8.997793198E-1
1.743284258E1,-9.260047674E-1,-7.612894177E-1,-8.946743608E-1
1.744283758E1,-9.180099368E-1,-6.528393626E-1,-9.205328226E-1
1.745283258E1,-9.163883328E-1,-5.567883849E-1,-9.644713998E-1
1.746282758E1,-9.327167273E-1,-4.917513430E-1,-9.942474365E-1
1.747282158E1,-9.591915011E-1,-4.754894376E-1,-9.958285689E-1
1.748281658E1,-9.918349385E-1,-4.902817011E-1,-9.527930021E-1
1.749281158E1,-1.018442035E0,-5.255900621E-1,-8.983111382E-1
1.750280658E1,-1.026059151E0,-5.674986243E-1,-8.619643450E-1
1.751280158E1,-1.019048095E0,-5.979731083E-1,-8.280146122E-1
1.752279658E1,-1.000976682E0,-5.958585739E-1,-8.035199046E-1
1.753279188E1,-9.742907882E-1,-5.669491291E-1,-7.903844714E-1
1.754278688E1,-9.559690356E-1,-5.019576550E-1,-7.997947335E-1
1.755278088E1,-9.445797205E-1,-4.145654142E-1,-8.385384679E-1
1.756277588E1,-9.511441588E-1,-3.130260110E-1,-8.817160726E-1
1.757277088E1,-9.735746384E-1,-2.214257121E-1,-8.921052217E-1
1.758276588E1,-9.849937558E-1,-1.341512650E-1,-8.634323478E-1
1.759276088E1,-9.905619025E-1,-6.188183278E-2,-8.141779304E-1
1.760275588E1,-9.912316799E-1,-4.292865098E-2,-7.800405025E-1
1.761275088E1,-9.834539294E-1,-1.057047471E-1,-7.664858103E-1
1.762274488E1,-9.737688303E-1,-2.173324823E-1,-7.521361709E-1
1.763273987E1,-9.647789598E-1,-3.363526464E-1,-7.336536050E-1
1.764273488E1,-9.573485255E-1,-4.331617653E-1,-7.255970240E-1
1.765272988E1,-9.581059813E-1,-4.700046480E-1,-7.314223647E-1
1.766272488E1,-9.685543180E-1,-4.440936744E-1,-7.509710193E-1
1.767271988E1,-9.729844928E-1,-3.798949420E-1,-7.624835968E-1
1.768271487E1,-9.722920656E-1,-3.102735281E-1,-7.591030002E-1
1.769270887E1,-9.689357281E-1,-2.672205269E-1,-7.372424603E-1
1.770270388E1,-9.575703740E-1,-2.986516654E-1,-7.075332999E-1
1.771269888E1,-9.502275586E-1,-4.276155233E-1,-6.687416434E-1
1.772269388E1,-9.481883645E-1,-6.167877913E-1,-6.319386363E-1
1.773268888E1,-9.427245855E-1,-8.245207071E-1,-6.084684134E-1
1.774268388E1,-9.407339096E-1,-1.003788829E0,-6.097302437E-1
1.775267888E1,-9.552494884E-1,-1.127485514E0,-6.231912971E-1
1.776267388E1,-9.629154205E-1,-1.183704853E0,-6.405852437E-1
1.777266788E1,-9.634498358E-1,-1.157620788E0,-6.494123936E-1
1.778266288E1,-9.705407619E-1,-1.070224047E0,-6.468536258E-1
1.779265788E1,-9.702493548E-1,-9.509209991E-1,-6.201323867E-1
1.780265288E1,-9.674866199E-1,-8.254916668E-1,-5.836374760E-1
1.781264788E1,-9.603411555E-1,-7.387155294E-1,-5.480322242E-1
1.782264288E1,-9.551125765E-1,-7.098535299E-1,-5.288761258E-1
1.783263788E1,-9.539959431E-1,-7.397679687E-1,-5.286224484E-1
1.784263288E1,-9.608525634E-1,-8.198284507E-1,-5.422434807E-1
1.785262688E1,-9.652222395E-1,-9.406448603E-1,-5.599998832E-1
1.786262188E1,-9.688686728E-1,-1.090702176E0,-5.644170046E-1
1.787261687E1,-9.802685976E-1,-1.250196934E0,-5.447889566E-1
1.788261188E1,-9.824744463E-1,-1.367770672E0,-5.041616559E-1
1.789260688E1,-9.845743179E-1,-1.422478557E0,-4.603241980E-1
1.790260188E1,-9.821942449E-1,-1.377119899E0,-4.408602118E-1
1.791259688E1,-9.661819935E-1,-1.259546876E0,-4.482401013E-1
1.792259088E1,-9.528230429E-1,-1.115808606E0,-4.644267857E-1
1.793258587E1,-9.413797855E-1,-9.732382298E-1,-4.788139760E-1
1.794258088E1,-9.317090511E-1,-8.563041687E-1,-4.828800857E-1
1.795257588E1,-9.340339303E-1,-8.019055724E-1,-4.822292328E-1
1.796257088E1,-9.358448386E-1,-8.262383342E-1,-4.719904363E-1
1.797256588E1,-9.282746315E-1,-9.116709232E-1,-4.572929740E-1
1.798256088E1,-9.200102687E-1,-1.014740348E0,-4.259241521E-1
1.799255588E1,-9.080837965E-1,-1.092419624E0,-4.041823447E-1
1.800254988E1,-8.944572210E-1,-1.152290225E0,-3.939971030E-1
1.801254488E1,-8.750653863E-1,-1.208210826E0,-3.953079581E-1
1.802253988E1,-8.604603410E-1,-1.263768673E0,-3.968464732E-1
1.803253488E1,-8.534472585E-1,-1.327723503E0,-3.993681073E-1
1.804252988E1,-8.391500711E-1,-1.408729434E0,-3.958596587E-1
1.805252488E1,-8.256840110E-1,-1.521809340E0,-3.868758082E-1
1.806251988E1,-8.077740073E-1,-1.661797881E0,-3.646168411E-1
1.807251388E1,-7.962422967E-1,-1.824128985E0,-3.357147872E-1
1.808250888E1,-7.792976499E-1,-1.994880199E0,-3.148015141E-1
1.809250388E1,-7.638294101E-1,-2.172269106E0,-2.985511124E-1
1.810249888E1,-7.477908134E-1,-2.339971066E0,-2.902348638E-1
1.811249387E1,-7.111986279E-1,-2.463463545E0,-2.682363987E-1
1.812248888E1,-6.784214973E-1,-2.457270384E0,-2.331460416E-1
1.813248388E1,-6.604716182E-1,-2.311063290E0,-2.080304772E-1
1.814247788E1,-6.486327648E-1,-2.095463276E0,-2.034644932E-1
1.815247288E1,-6.458295584E-1,-1.864044666E0,-2.065436840E-1
1.816246788E1,-6.474269032E-1,-1.654758692E0,-1.958383173E-1
1.817246287E1,-6.524651051E-1,-1.494214177E0,-1.652720720E-1
1.818245788E1,-6.536027789E-1,-1.408744454E0,-1.297577471E-1
1.819245288E1,-6.492011547E-1,-1.411518216E0,-1.074046716E-1
1.820244788E1,-6.369665861E-1,-1.499646783E0,-1.057623029E-1
1.821244188E1,-6.153348088E-1,-1.630567193E0,-1.190829352E-1
1.822243688E1,-6.052105427E-1,-1.773571491E0,-1.375780553E-1
1.823243188E1,-5.972511768E-1,-1.892877460E0,-1.461459994E-1
1.824242688E1,-5.952809453E-1,-1.972364068E0,-1.304312199E-1
1.825242188E1,-5.934717655E-1,-2.012655258E0,-1.152540222E-1
1.826241688E1,-5.903880596E-1,-2.009788752E0,-9.965083003E-2
1.827241188E1,-5.803275108E-1,-1.962838888E0,-9.357713163E-2
1.828240688E1,-5.765429139E-1,-1.868899107E0,-9.602883458E-2
1.829240088E1,-5.803818107E-1,-1.729673505E0,-1.011549011E-1
1.830239588E1,-5.856583714E-1,-1.574608803E0,-8.518818766E-2
1.831239088E1,-6.003084779E-1,-1.427604198E0,-4.995840788E-2
1.832238588E1,-6.148011088E-1,-1.284518361E0,-7.776865736E-3
1.833238088E1,-6.194698811E-1,-1.146127462E0,4.118528962E-2
1.834237588E1,-6.246537566E-1,-1.014280558E0,9.291639179E-2
1.835237087E1,-6.210030317E-1,-8.897113204E-1,1.410234272E-1
1.836236487E1,-5.984836221E-1,-7.685891390E-1,1.720383316E-1
1.837235988E1,-5.742489100E-1,-6.546825767E-1,1.914091110E-1
1.838235488E1,-5.426625013E-1,-5.335339904E-1,2.001045942E-1
1.839234988E1,-4.959596992E-1,-4.022656977E-1,2.039486617E-1
1.840234488E1,-4.549155831E-1,-2.779138982E-1,2.108523846E-1
1.841233987E1,-4.056121707E-1,-1.813519299E-1,2.210087925E-1
1.842233488E1,-3.510096669E-1,-1.314530820E-1,2.360876054E-1
1.843232988E1,-2.913622856E-1,-1.185568348E-1,2.362183034E-1
1.844232388E1,-2.365818620E-1,-1.154228300E-1,2.217940986E-1
1.845231888E1,-1.887298971E-1,-1.236111522E-1,2.002685368E-1
1.846231388E1,-1.398790032E-1,-1.383706629E-1,1.780023724E-1
1.847230888E1,-1.043617725E-1,-1.512693018E-1,1.653992981E-1
1.848230388E1,-6.639149040E-2,-1.483486146E-1,1.660786718E-1
1.849229888E1,-3.220451623E-2,-1.358721703E-1,1.690497398E-1
1.850229388E1,4.925807472E-3,-1.100307107E-1,1.560202241E-1
1.851228788E1,3.513958305E-2,-7.420569658E-2,1.327126324E-1
1.852228288E1,6.381143630E-2,-3.703409061E-2,1.064234972E-1
1.853227788E1,8.516601473E-2,-1.104550250E-2,8.399111778E-2
1.854227287E1,1.056052446E-1,2.676052973E-4,6.532768160E-2
1.855226788E1,1.190190911E-1,1.381110214E-2,4.829295725E-2
1.856226288E1,1.262599677E-1,2.552661486E-2,3.870211542E-2
1.857225788E1,1.269622594E-1,4.429746792E-2,3.004734404E-2
1.858225188E1,1.227952018E-1,7.289156318E-2,2.666006796E-2
1.859224688E1,1.181567758E-1,1.054732054E-1,2.157130092E-2
1.860224187E1,1.050755978E-1,1.465503424E-1,1.725431718E-2
1.861223688E1,8.998023719E-2,1.860003471E-1,1.556966361E-2
1.862223188E1,8.614928275E-2,2.138567418E-1,1.358401030E-2
1.863222688E1,7.827080786E-2,2.394680828E-1,1.053771377E-2
1.864222188E1,7.255432755E-2,2.556867301E-1,5.405269563E-3
1.865221688E1,7.625085115E-2,2.601513267E-1,1.571536064E-3
1.866221088E1,7.929484546E-2,2.662928402E-1,-4.390215967E-3
1.867220588E1,8.243630826E-2,2.783439159E-1,-1.606258377E-2
1.868220088E1,8.955041319E-2,2.923990190E-1,-3.524560109E-2
1.869219588E1,1.061975434E-1,3.209140897E-1,-4.823777080E-2
1.870219088E1,1.306144744E-1,3.592412472E-1,-5.076271296E-2
1.871218588E1,1.619087905E-1,4.062761962E-1,-4.407641664E-2
1.872218088E1,1.917905211E-1,4.541816711E-1,-3.746538609E-2
1.873217488E1,2.233369499E-1,4.800409079E-1,-3.358292952E-2
1.874216988E1,2.583053112E-1,4.765359163E-1,-2.854689211E-2
1.875216488E1,2.967904508E-1,4.672937989E-1,-2.317541838E-2
1.876215988E1,3.321846724E-1,4.659742117E-1,-1.498752926E-2
1.877215488E1,3.613523841E-1,4.774669707E-1,-1.553237997E-2
1.878214987E1,3.777425289E-1,5.019576550E-1,-2.192023955E-2
1.879214488E1,3.948440254E-1,5.366647840E-1,-3.165382892E-2
1.880213888E1,4.157958925E-1,5.906687975E-1,-3.739744425E-2
1.881213388E1,4.386385679E-1,6.564091444E-1,-3.634563833E-2
1.882212888E1,4.629516304E-1,7.275461555E-1,-3.066591546E-2
1.883212388E1,4.897457063E-1,7.930873036E-1,-2.523197979E-2
1.884211887E1,5.036340356E-1,8.518779278E-1,-1.591864228E-2
1.885211388E1,5.144928694E-1,8.973361850E-1,-1.262252871E-2
1.886210888E1,5.356128216E-1,9.227613807E-1,-1.537250821E-2
1.887210388E1,5.585267544E-1,9.261099100E-1,-2.081596106E-2
1.888209788E1,5.843296051E-1,9.011605978E-1,-2.676812187E-2
1.889209288E1,6.112567782E-1,8.551540375E-1,-3.651620448E-2
1.890208788E1,6.350164413E-1,8.039872050E-1,-3.628078103E-2
1.891208288E1,6.513093114E-1,7.606262565E-1,-2.935357019E-2
1.892207788E1,6.659290195E-1,7.314981818E-1,-1.345769595E-2
1.893207288E1,6.777015328E-1,7.275789380E-1,4.826993681E-3
1.894206788E1,6.795566678E-1,7.518720627E-1,2.839836664E-2
1.895206188E1,6.817255616E-1,8.075784445E-1,3.501791880E-2
1.896205688E1,6.867756844E-1,8.876357079E-1,3.007642366E-2
1.897205188E1,6.931111813E-1,9.729636908E-1,2.724165283E-2
1.898204688E1,7.041752934E-1,1.044752359E0,3.660399467E-2
1.899204188E1,7.184843421E-1,1.108901262E0,5.940104276E-2
1.900203688E1,7.294337153E-1,1.158854127E0,7.822559774E-2
1.901203188E1,7.336302996E-1,1.194128752E0,8.528544754E-2
1.902202588E1,7.484031320E-1,1.200821042E0,7.160159200E-2
1.903202087E1,7.542259097E-1,1.170133829E0,5.322166905E-2
1.904201588E1,7.694048882E-1,1.118227243E0,4.103451222E-2
1.905201088E1,7.930907011E-1,1.063211083E0,3.386507928E-2
1.906200588E1,8.103626370E-1,1.020170927E0,3.690134734E-2
1.907200088E1,8.316415548E-1,1.004807353E0,5.549958348E-2
1.908199587E1,8.544781804E-1,1.003708243E0,7.897428423E-2
1.909198987E1,8.753544688E-1,1.011383414E0,9.920696914E-2
1.910198488E1,8.905153275E-1,1.005208015E0,1.120543256E-1
1.911197988E1,9.174515605E-1,9.880501032E-1,1.216286495E-1
1.912197488E1,9.398463964E-1,9.702045321E-1,1.302359849E-1
1.913196988E1,9.661940932E-1,9.600126743E-1,1.314501166E-1
1.914196488E1,9.873995185E-1,9.422715306E-1,1.329721063E-1
1.915195988E1,1.004608512E0,9.247038960E-1,1.317600310E-1
1.916195388E1,1.021964073E0,9.090130925E-1,1.401862800E-1
1.917194888E1,1.042042732E0,9.043049812E-1,1.619265974E-1
1.918194388E1,1.061592817E0,9.123653173E-1,1.868577898E-1
1.919193888E1,1.071719766E0,9.190282226E-1,2.128734291E-1
1.920193388E1,1.084829092E0,9.246914387E-1,2.378663868E-1
1.921192888E1,1.094817877E0,9.250679612E-1,2.551487088E-1
1.922192388E1,1.105266809E0,9.014411569E-1,2.557609677E-1
1.923191888E1,1.113628864E0,8.449409604E-1,2.586377263E-1
1.924191288E1,1.115202785E0,7.577908635E-1,2.680722177E-1
1.925190788E1,1.122176766E0,6.739464998E-1,2.932044864E-1
1.926190288E1,1.121719480E0,6.106618047E-1,3.266220987E-1
1.927189787E1,1.113179684E0,5.597077012E-1,3.498561680E-1
1.928189288E1,1.111845493E0,5.020883679E-1,3.634550571E-1
1.929188788E1,1.106760144E0,4.373437762E-1,3.734104037E-1
1.930188288E1,1.101350427E0,3.616237044E-1,3.776560128E-1
1.931187688E1,1.097706795E0,2.829189003E-1,3.910522163E-1
1.932187188E1,1.091795444E0,2.035508454E-1,4.143527448E-1
1.933186687E1,1.089258075E0,1.397581547E-1,4.409801364E-1
1.934186188E1,1.097687602E0,1.227799729E-1,4.596403539E-1
1.935185688E1,1.091544986E0,1.562300324E-1,4.662130475E-1
1.936185188E1,1.098225832E0,2.202468365E-1,4.597660601E-1
1.937184688E1,1.107908487E0,3.036164641E-1,4.511909783E-1
1.938184088E1,1.119703889E0,3.859720528E-1,4.366405308E-1
1.939183588E1,1.128231049E0,4.483022392E-1,4.334873855E-1
1.940183088E1,1.135480523E0,4.828168154E-1,4.375127554E-1
1.941182588E1,1.151109457E0,5.041562915E-1,4.457003474E-1
1.942182088E1,1.153911948E0,5.145282149E-1,4.551811814E-1
1.943181588E1,1.160422325E0,5.181444883E-1,4.718670547E-1
1.944181088E1,1.165540934E0,5.358883142E-1,4.818307459E-1
1.945180488E1,1.167428374E0,5.804169774E-1,4.793848991E-1
1.946179987E1,1.165694714E0,6.434749961E-1,4.729365706E-1
1.947179488E1,1.168937325E0,7.372323275E-1,4.667032957E-1
1.948178988E1,1.167398095E0,8.397189975E-1,4.638643563E-1
1.949178488E1,1.164441824E0,9.320316911E-1,4.579103887E-1
1.950177988E1,1.157262444E0,9.870752692E-1,4.584744573E-1
1.951177487E1,1.149246573E0,9.902920723E-1,4.606201649E-1
1.952176887E1,1.139197707E0,9.352482557E-1,4.724528491E-1
1.953176396E1,1.130100965E0,8.476247787E-1,4.857648909E-1
1.954175896E1,1.130669117E0,7.425287366E-1,4.948020875E-1
1.955175396E1,1.127969146E0,6.499066949E-1,4.993145168E-1
1.956174896E1,1.131098390E0,5.920465589E-1,5.055830479E-1
1.957174396E1,1.133256674E0,5.725261569E-1,5.106202960E-1
1.958173896E1,1.136857629E0,5.835308433E-1,5.080098510E-1
1.959173296E1,1.136963725E0,6.108279228E-1,4.929212630E-1
1.960172796E1,1.136724591E0,6.278535128E-1,4.710868001E-1
1.961172296E1,1.143823147E0,6.401878595E-1,4.583448470E-1
1.962171796E1,1.148300886E0,6.490316987E-1,4.606426358E-1
1.963171296E1,1.144957900E0,6.407207847E-1,4.851916134E-1
1.964170796E1,1.145279884E0,6.319710016E-1,5.229504704E-1
1.965170296E1,1.137141347E0,6.377568841E-1,5.406097770E-1
1.966169696E1,1.142216802E0,6.523736119E-1,5.401913524E-1
1.967169196E1,1.142105460E0,6.726238132E-1,5.287721157E-1
1.968168696E1,1.147756934E0,7.049332857E-1,5.234625936E-1
1.969168196E1,1.159794688E0,7.379951477E-1,5.304713249E-1
1.970167696E1,1.166421413E0,7.561073303E-1,5.564792156E-1
1.971167196E1,1.163764358E0,7.523445487E-1,6.045693755E-1
1.972166696E1,1.158074975E0,7.287415266E-1,6.562535763E-1
1.973166196E1,1.163732171E0,6.990966201E-1,7.028670907E-1
1.974165596E1,1.171759486E0,6.723726392E-1,7.433149219E-1
1.975165096E1,1.174549103E0,6.808491945E-1,7.814083695E-1
1.976164596E1,1.169062972E0,7.263149023E-1,8.147878647E-1
1.977164096E1,1.162747860E0,8.115525842E-1,8.502333760E-1
1.978163596E1,1.168464422E0,9.034838080E-1,8.765094876E-1
1.979163096E1,1.178645253E0,9.761549234E-1,9.005507231E-1
1.980162596E1,1.195468426E0,1.002040863E0,9.325129390E-1
1.981161996E1,1.215551376E0,9.964712858E-1,9.759906530E-1
1.982161496E1,1.226411462E0,9.639995694E-1,1.007667303E0
1.983160996E1,1.223456383E0,8.994712234E-1,1.020811200E0
1.984160496E1,1.232797146E0,8.267951608E-1,1.006576300E0
1.985159996E1,1.232701302E0,7.600123882E-1,9.690706730E-1
1.986159496E1,1.232499719E0,7.088559866E-1,9.320330024E-1
1.987158996E1,1.227686167E0,6.847923994E-1,9.109699130E-1
1.988158396E1,1.217533708E0,6.832901239E-1,9.054062963E-1
1.989157896E1,1.209180236E0,7.112141252E-1,9.052924514E-1
1.990157396E1,1.193260431E0,7.493292689E-1,8.938789368E-1
1.991156896E1,1.183815598E0,7.912434340E-1,8.771438003E-1
1.992156396E1,1.174910069E0,8.297777772E-1,8.733224273E-1
1.993155896E1,1.152857065E0,8.822591305E-1,8.771260977E-1
1.994155396E1,1.134676218E0,9.212542176E-1,8.787181377E-1
1.995154796E1,1.106114864E0,9.463072419E-1,8.673663735E-1
1.996154296E1,1.078307986E0,9.684458375E-1,8.612219095E-1
1.997153796E1,1.038062334E0,9.758645296E-1,8.516204953E-1
1.998153296E1,1.013298392E0,9.692825079E-1,8.521126509E-1
1.999152796E1,9.789929390E-1,9.628825784E-1,8.497439623E-1
2.000152296E1,9.617097974E-1,9.593576193E-1,8.449776769E-1
2.001151796E1,9.469164610E-1,9.585496783E-1,8.448067307E-1
2.002151196E1,9.280083179E-1,9.666145444E-1,8.561658859E-1
2.003150696E1,9.048179984E-1,9.559149742E-1,8.823182583E-1
2.004150196E1,8.742784858E-1,9.453321099E-1,9.087192416E-1
2.005149696E1,8.426936269E-1,9.392644167E-1,9.206475019E-1
2.006149196E1,8.024343252E-1,9.167305827E-1,9.150055647E-1
2.007148696E1,7.692814469E-1,8.871992230E-1,9.007989764E-1
2.008148196E1,7.406769395E-1,8.682662845E-1,8.840053678E-1
2.009147596E1,7.231512070E-1,8.517733812E-1,8.677427173E-1
2.010147096E1,7.087946534E-1,8.231528997E-1,8.565087318E-1
2.011146596E1,6.926937103E-1,7.847793102E-1,8.517086506E-1
2.012146096E1,6.791979074E-1,7.468777299E-1,8.420423865E-1
2.013145596E1,6.630405784E-1,7.053298354E-1,8.073869348E-1
2.014145096E1,6.585288644E-1,6.639121175E-1,7.694997191E-1
2.015144596E1,6.590893865E-1,6.277334690E-1,7.441670895E-1
2.016143996E1,6.598252058E-1,5.997580290E-1,7.251348495E-1
2.017143496E1,6.513268948E-1,5.582022071E-1,7.039087415E-1
2.018142996E1,6.458072662E-1,4.948016703E-1,6.798459888E-1
2.019142496E1,6.357269287E-1,4.327066243E-1,6.521195769E-1
2.020141996E1,6.234715581E-1,3.903767467E-1,6.364665627E-1
2.021141496E1,6.129179597E-1,3.683088124E-1,6.329911947E-1
2.022140996E1,6.085399389E-1,3.685844541E-1,6.502900124E-1
2.023140396E1,5.940670967E-1,3.796414137E-1,6.758533716E-1
2.024139896E1,5.833364129E-1,3.974891305E-1,7.034256458E-1
2.025139396E1,5.664048195E-1,4.165723324E-1,7.195872068E-1
2.026138896E1,5.579674244E-1,4.518280625E-1,7.211550474E-1
2.027138396E1,5.457596779E-1,4.827651978E-1,7.091893554E-1
2.028137896E1,5.411103368E-1,5.209610462E-1,7.146802545E-1
2.029137396E1,5.389233828E-1,5.846298337E-1,7.251029611E-1
2.030136896E1,5.315291286E-1,6.447304487E-1,7.307307720E-1
2.031136296E1,5.229715109E-1,6.749034524E-1,7.223698497E-1
2.032135796E1,5.086967349E-1,6.593138576E-1,6.998752356E-1
2.033135296E1,5.048570633E-1,6.051502228E-1,6.834228635E-1
2.034134796E1,4.945090413E-1,5.351932049E-1,6.772467494E-1
2.035134296E1,4.769792855E-1,4.430434406E-1,6.703039408E-1
2.036133796E1,4.563746750E-1,3.456116915E-1,6.441815495E-1
2.037133296E1,4.319830835E-1,2.520892918E-1,6.074951291E-1
2.038132696E1,4.140264392E-1,1.843999922E-1,5.540646911E-1
2.039132196E1,3.893868625E-1,1.543207318E-1,4.933474958E-1
2.040131696E1,3.604441583E-1,1.528570503E-1,4.354253411E-1
2.041131196E1,3.400388062E-1,1.792839319E-1,3.773828149E-1
2.042130696E1,3.130122423E-1,2.113025784E-1,3.264620900E-1
2.043130196E1,2.864685059E-1,2.264688760E-1,2.810964286E-1
2.044129696E1,2.451040298E-1,2.292835712E-1,2.411354333E-1
2.045129096E1,1.937363744E-1,2.151940763E-1,1.920876503E-1
2.046128596E1,1.536137164E-1,1.874047965E-1,1.392875463E-1
2.047128096E1,1.053815112E-1,1.478619277E-1,9.428562969E-2
2.048127596E1,5.097526312E-2,1.160432845E-1,5.897504091E-2
2.049127096E1,3.915616777E-3,9.697537124E-2,2.256614715E-2
2.050126596E1,-3.914237022E-2,9.988301247E-2,-2.196803316E-2
2.051126096E1,-6.125136837E-2,1.183187142E-1,-7.873871177E-2
2.052125496E1,-8.112946898E-2,1.345935613E-1,-1.340456307E-1
2.053124971E1,-1.054146215E-1,1.338550001E-1,-1.839449108E-1
2.054124471E1,-1.327671409E-1,1.211772859E-1,-2.404776961E-1
2.055123971E1,-1.487527937E-1,9.081336111E-2,-3.051258624E-1
2.056123471E1,-1.610781550E-1,3.947480768E-2,-3.615971506E-1
2.057122971E1,-1.722921431E-1,-1.607771590E-2,-4.002988935E-1
2.058122471E1,-1.926810294E-1,-5.782835931E-2,-4.211328030E-1
2.059121871E1,-2.095375657E-1,-1.018020287E-1,-4.329965413E-1
2.060121371E1,-2.267916501E-1,-1.335112154E-1,-4.446673095E-1
2.061120871E1,-2.476140708E-1,-1.445391178E-1,-4.650222063E-1
2.062120371E1,-2.569063604E-1,-1.446698755E-1,-4.930613041E-1
2.063119871E1,-2.683130205E-1,-1.285713613E-1,-5.197806954E-1
2.064119371E1,-2.672243118E-1,-7.343247533E-2,-5.326520205E-1
2.065118871E1,-2.603283226E-1,1.704179868E-2,-5.412468314E-1
2.066118271E1,-2.535519004E-1,1.068585068E-1,-5.514355898E-1
2.067117771E1,-2.470540553E-1,1.753578037E-1,-5.603989363E-1
2.068117271E1,-2.517873049E-1,2.091906071E-1,-5.693663359E-1
2.069116771E1,-2.582477331E-1,2.012809962E-1,-5.815635324E-1
2.070116271E1,-2.650819421E-1,1.499408334E-1,-5.900398493E-1
2.071115771E1,-2.722268105E-1,1.108277142E-1,-5.959457159E-1
2.072115271E1,-2.746289968E-1,9.605170041E-2,-5.970413685E-1
2.073114671E1,-2.897327840E-1,1.109153256E-1,-5.958595276E-1
2.074114171E1,-3.143465221E-1,1.157564223E-1,-5.972430110E-1
2.075113671E1,-3.369990885E-1,9.421204776E-2,-6.051893234E-1
2.076113171E1,-3.519261181E-1,6.663288921E-2,-6.209414005E-1
2.077112671E1,-3.626082838E-1,2.609264106E-2,-6.348067522E-1
2.078112171E1,-3.730662465E-1,-1.348592713E-2,-6.379745603E-1
2.079111671E1,-3.781314194E-1,-3.120954707E-2,-6.381650567E-1
2.080111071E1,-3.816217482E-1,-4.185127467E-2,-6.489154696E-1
2.081110571E1,-3.985570073E-1,-5.254680291E-2,-6.678327322E-1
2.082110071E1,-4.122056961E-1,-4.601273686E-2,-6.955501437E-1
2.083109571E1,-4.130784869E-1,-1.626069285E-2,-7.359369397E-1
2.084109071E1,-4.125644863E-1,2.002967149E-2,-7.730733752E-1
2.085108571E1,-4.160470963E-1,4.036387429E-2,-7.919458151E-1
2.086108071E1,-4.229800999E-1,2.371538803E-2,-8.012338281E-1
2.087107471E1,-4.336263239E-1,-3.987208381E-2,-8.033136129E-1
2.088106971E1,-4.444677830E-1,-1.243986860E-1,-8.085091710E-1
2.089106471E1,-4.611293077E-1,-2.091959715E-1,-8.176641464E-1
2.090105971E1,-4.749220908E-1,-2.623273730E-1,-8.366998434E-1
2.091105471E1,-4.820995629E-1,-2.747808695E-1,-8.598960042E-1
2.092104971E1,-4.803312123E-1,-2.462450862E-1,-8.725880980E-1
2.093104471E1,-4.830673635E-1,-1.862579286E-1,-8.592238426E-1
2.094103871E1,-4.894773066E-1,-1.124375015E-1,-8.513997197E-1
2.095103371E1,-4.862442613E-1,-5.692147464E-2,-8.621718287E-1
2.096102871E1,-4.899239540E-1,-6.398710608E-2,-8.766798973E-1
2.097102371E1,-5.060259700E-1,-1.144470498E-1,-8.711246252E-1
2.098101871E1,-5.278518796E-1,-1.768230647E-1,-8.414319754E-1
2.099101371E1,-5.546669364E-1,-2.280241847E-1,-8.128560781E-1
2.100100871E1,-5.718808174E-1,-2.685108781E-1,-8.037882447E-1
2.101100271E1,-5.670344830E-1,-2.852099836E-1,-8.137143254E-1
2.102099771E1,-5.620802045E-1,-3.076213002E-1,-8.198723793E-1
2.103099271E1,-5.679694414E-1,-3.442664742E-1,-8.148111105E-1
2.104098771E1,-5.752055049E-1,-3.818924129E-1,-8.015502095E-1
2.105098271E1,-5.933081508E-1,-4.191156924E-1,-7.991984487E-1
2.106097771E1,-6.078969240E-1,-4.359777570E-1,-8.137385249E-1
2.107097271E1,-6.225696206E-1,-4.191216826E-1,-8.240372539E-1
2.108096671E1,-6.327998638E-1,-3.738900423E-1,-8.363677263E-1
2.109096171E1,-6.328446269E-1,-3.115806580E-1,-8.473744988E-1
2.110095671E1,-6.296828985E-1,-2.537298799E-1,-8.741499186E-1
2.111095171E1,-6.239386797E-1,-2.413863987E-1,-9.009161592E-1
2.112094671E1,-6.254343390E-1,-2.788171470E-1,-9.100739360E-1
2.113094171E1,-6.448760033E-1,-3.507837653E-1,-8.929739594E-1
2.114093671E1,-6.612405777E-1,-4.448474050E-1,-8.662067652E-1
2.115093071E1,-6.812822223E-1,-5.448628068E-1,-8.492768407E-1
2.116092571E1,-6.974497437E-1,-6.372454166E-1,-8.395906687E-1
2.117092071E1,-6.929846406E-1,-7.022835612E-1,-8.396286964E-1
2.118091571E1,-6.829674244E-1,-7.267542481E-1,-8.359644413E-1
2.119091071E1,-6.766331196E-1,-7.067959905E-1,-8.382869959E-1
2.120090571E1,-6.665621400E-1,-6.437547207E-1,-8.520757556E-1
2.121090071E1,-6.496006250E-1,-5.642405748E-1,-8.823344707E-1
2.122089471E1,-6.396510601E-1,-5.157846212E-1,-9.063529968E-1
2.123088971E1,-6.349405646E-1,-5.216308236E-1,-8.991655707E-1
2.124088471E1,-6.343815327E-1,-5.836595893E-1,-8.558487296E-1
2.125087971E1,-6.418756843E-1,-6.947677732E-1,-7.947717905E-1
2.126087471E1,-6.456571221E-1,-8.336971998E-1,-7.444931865E-1
2.127086971E1,-6.493152380E-1,-9.646946788E-1,-7.254427075E-1
2.128086471E1,-6.538681388E-1,-1.073897600E0,-7.232653499E-1
2.129085871E1,-6.767177582E-1,-1.119338155E0,-7.346672416E-1
2.130085371E1,-6.972270012E-1,-1.063175321E0,-7.637505531E-1
2.131084871E1,-7.022210360E-1,-9.198561907E-1,-8.200489283E-1
2.132084371E1,-6.882207990E-1,-7.320036888E-1,-8.747076392E-1
2.133083871E1,-6.816638112E-1,-5.327178240E-1,-8.949976563E-1
2.134083371E1,-6.837658882E-1,-3.412940800E-1,-8.753904104E-1
2.135082871E1,-6.810745001E-1,-1.899216026E-1,-8.498759866E-1
2.136082271E1,-6.765627861E-1,-1.034984291E-1,-8.356177807E-1
2.137081771E1,-6.744961739E-1,-7.363407314E-2,-8.309897184E-1
2.138081271E1,-6.753766537E-1,-7.173976302E-2,-8.324773908E-1
2.139080771E1,-6.719105244E-1,-6.558693945E-2,-8.502236009E-1
2.140080271E1,-6.776246428E-1,-6.072187424E-2,-8.757596016E-1
2.141079771E1,-6.777921915E-1,-5.368971825E-2,-9.016960263E-1
2.142079271E1,-6.815954447E-1,-3.288377449E-2,-9.247419238E-1
2.143078671E1,-6.853964925E-1,-9.219164029E-3,-9.222162962E-1
2.144078171E1,-6.866719127E-1,1.461372990E-2,-8.965423703E-1
2.145077671E1,-6.944512725E-1,1.394261327E-2,-8.544383049E-1
2.146077171E1,-7.064557076E-1,-2.838140726E-2,-8.148461580E-1
2.147076671E1,-7.174226046E-1,-1.062145457E-1,-8.000229597E-1
2.148076171E1,-7.333565950E-1,-1.936605126E-1,-8.105863929E-1
2.149075671E1,-7.469038367E-1,-2.726201117E-1,-8.488757610E-1
2.150075071E1,-7.487355471E-1,-3.230079114E-1,-8.791140914E-1
2.151074571E1,-7.493235469E-1,-3.324269354E-1,-8.885429502E-1
2.152074071E1,-7.324175835E-1,-3.129080832E-1,-8.744004965E-1
2.153073608E1,-7.207174897E-1,-2.843180299E-1,-8.552937508E-1
2.154073108E1,-7.092328668E-1,-2.889359593E-1,-8.316326141E-1
2.155072608E1,-7.074389458E-1,-3.301362097E-1,-8.155547976E-1
2.156072108E1,-7.172585726E-1,-4.009741843E-1,-7.974886894E-1
2.157071508E1,-7.253441811E-1,-4.835122526E-1,-7.833015323E-1
2.158071008E1,-7.363814116E-1,-5.597378016E-1,-7.697550654E-1
2.159070508E1,-7.553257942E-1,-6.278967261E-1,-7.508985996E-1
2.160070008E1,-7.664842010E-1,-6.890679598E-1,-7.367655039E-1
2.161069508E1,-7.631238699E-1,-7.482122183E-1,-7.153213024E-1
2.162069008E1,-7.655755877E-1,-8.209348917E-1,-6.969809532E-1
2.163068508E1,-7.612992525E-1,-8.906275034E-1,-6.768466830E-1
2.164067908E1,-7.637823820E-1,-9.491576552E-1,-6.591824889E-1
2.165067408E1,-7.741074562E-1,-9.889413118E-1,-6.553440690E-1
2.166066908E1,-7.895532846E-1,-1.022385478E0,-6.669756770E-1
2.167066408E1,-7.946664691E-1,-1.027254343E0,-6.892552972E-1
2.168065908E1,-7.967967391E-1,-1.026622415E0,-7.056339979E-1
2.169065408E1,-7.925648093E-1,-1.039218187E0,-6.834201813E-1
2.170064808E1,-7.911189795E-1,-1.073706150E0,-6.303705573E-1
2.171064308E1,-7.968983054E-1,-1.133302093E0,-5.590609908E-1
2.172063808E1,-8.110221028E-1,-1.219801307E0,-5.042153597E-1
2.173063308E1,-8.327798247E-1,-1.313824415E0,-4.819968641E-1
2.174062808E1,-8.567437530E-1,-1.392735481E0,-4.890579879E-1
2.175062308E1,-8.720337749E-1,-1.429626107E0,-5.086279511E-1
2.176061808E1,-8.752325177E-1,-1.410793900E0,-5.190550089E-1
2.177061208E1,-8.747670054E-1,-1.359764457E0,-5.041023493E-1
2.178060708E1,-8.709429502E-1,-1.288193345E0,-4.705550373E-1
2.179060208E1,-8.689413667E-1,-1.215831876E0,-4.281737208E-1
2.180059708E1,-8.728684783E-1,-1.161734581E0,-3.930990696E-1
2.181059208E1,-8.773202300E-1,-1.139053226E0,-3.843316734E-1
2.182058708E1,-8.842654824E-1,-1.129290104E0,-3.995423317E-1
2.183058208E1,-9.027876854E-1,-1.125759363E0,-4.291740954E-1
2.184057608E1,-9.165192246E-1,-1.122843146E0,-4.569939971E-1
2.185057108E1,-9.245632291E-1,-1.110393405E0,-4.599610865E-1
2.186056608E1,-9.266197085E-1,-1.098419309E0,-4.380946755E-1
2.187056108E1,-9.231713414E-1,-1.088531971E0,-3.976837397E-1
2.188055608E1,-9.274427891E-1,-1.087892652E0,-3.570471108E-1
2.189055108E1,-9.304334521E-1,-1.094667435E0,-3.401579261E-1
2.190054608E1,-9.303724766E-1,-1.115031004E0,-3.455817103E-1
2.191054008E1,-9.235886335E-1,-1.131202340E0,-3.649728596E-1
2.192053508E1,-9.145147204E-1,-1.117797375E0,-3.802687228E-1
2.193053008E1,-9.215448499E-1,-1.073324323E0,-3.836883605E-1
2.194052508E1,-9.286733270E-1,-1.006137609E0,-3.790414035E-1
2.195052008E1,-9.240064621E-1,-9.423658252E-1,-3.594921231E-1
2.196051508E1,-9.298731685E-1,-8.871073723E-1,-3.340083361E-1
2.197051008E1,-9.362178445E-1,-8.436998129E-1,-3.170292079E-1
2.198050408E1,-9.312781692E-1,-8.252393007E-1,-3.144933283E-1
2.199049908E1,-9.224218130E-1,-8.258854151E-1,-3.331797719E-1
2.200049408E1,-9.053530693E-1,-8.320037723E-1,-3.512402475E-1
2.201048908E1,-8.863818049E-1,-8.160231709E-1,-3.581742346E-1
2.202048408E1,-8.734926581E-1,-7.819014192E-1,-3.528369963E-1
2.203047908E1,-8.721477985E-1,-7.345656753E-1,-3.423413634E-1
2.204047408E1,-8.767585754E-1,-6.748089194E-1,-3.267584145E-1
2.205046808E1,-8.860438466E-1,-6.179776192E-1,-3.197967112E-1
2.206046308E1,-8.926407695E-1,-5.686030984E-1,-3.180068135E-1
2.207045808E1,-8.971854448E-1,-5.359961987E-1,-3.221687973E-1
2.208045308E1,-9.002313018E-1,-5.284216404E-1,-3.242689669E-1
2.209044808E1,-8.959940076E-1,-5.516549945E-1,-3.171983957E-1
2.210044308E1,-8.827184439E-1,-5.964235067E-1,-2.992601395E-1
2.211043708E1,-8.673191071E-1,-6.566911936E-1,-2.804371417E-1
2.212043208E1,-8.558797836E-1,-7.214182615E-1,-2.632344365E-1
2.213042708E1,-8.460325599E-1,-7.808688879E-1,-2.599110007E-1
2.214042208E1,-8.324480057E-1,-8.268284202E-1,-2.618023753E-1
2.215041708E1,-8.181183338E-1,-8.689414263E-1,-2.637597919E-1
2.216041208E1,-8.049604893E-1,-8.963786364E-1,-2.510051131E-1
2.217040708E1,-7.953819633E-1,-9.007030725E-1,-2.293655425E-1
2.218040108E1,-7.890641093E-1,-9.043185711E-1,-2.103385776E-1
2.219039608E1,-7.856051922E-1,-9.077897072E-1,-1.882478446E-1
2.220039108E1,-7.830280662E-1,-9.257096052E-1,-1.675891727E-1
2.221038608E1,-7.847518921E-1,-9.576613903E-1,-1.506063640E-1
2.222038108E1,-7.782409787E-1,-1.009158134E0,-1.303921789E-1
2.223037608E1,-7.771544456E-1,-1.085264087E0,-1.049520001E-1
2.224037108E1,-7.713639736E-1,-1.174289227E0,-7.279592752E-2
2.225036508E1,-7.752763629E-1,-1.262074590E0,-3.780872747E-2
2.226036008E1,-7.769477367E-1,-1.346006513E0,-1.880288124E-3
2.227035508E1,-7.899821401E-1,-1.426769018E0,3.928430751E-2
2.228035008E1,-8.065651059E-1,-1.506885767E0,7.737070322E-2
2.229034508E1,-8.373213410E-1,-1.602284908E0,1.302628517E-1
2.230034008E1,-8.614085913E-1,-1.715968251E0,1.919326037E-1
2.231033508E1,-8.749357462E-1,-1.834906936E0,2.691495419E-1
2.232032908E1,-8.698264956E-1,-1.925229669E0,3.464259505E-1
2.233032408E1,-8.656523824E-1,-1.957386971E0,3.854296803E-1
2.234031908E1,-8.511663675E-1,-1.935957074E0,3.691170216E-1
2.235031408E1,-8.289800882E-1,-1.879905581E0,3.178115487E-1
2.236030908E1,-8.042872548E-1,-1.811979294E0,2.702842653E-1
2.237030408E1,-7.756662369E-1,-1.747300744E0,2.551888525E-1
2.238029908E1,-7.475086451E-1,-1.685063481E0,2.698588967E-1
2.239029308E1,-7.292830348E-1,-1.617136955E0,2.987463772E-1
2.240028808E1,-7.112798095E-1,-1.530400634E0,3.304212093E-1
2.241028308E1,-6.958526969E-1,-1.423683882E0,3.566273749E-1
2.242027808E1,-6.890496612E-1,-1.296927094E0,3.651777208E-1
2.243027308E1,-6.799455881E-1,-1.156805515E0,3.587202728E-1
2.244026808E1,-6.684942245E-1,-1.019643068E0,3.450329602E-1
2.245026208E1,-6.556661129E-1,-8.926478028E-1,3.310791254E-1
2.246025708E1,-6.402093768E-1,-7.922575474E-1,3.204006553E-1
2.247025208E1,-6.204023361E-1,-7.312052846E-1,3.208158016E-1
2.248024708E1,-5.891277790E-1,-6.982387900E-1,3.336541057E-1
2.249024208E1,-5.717580914E-1,-6.835963130E-1,3.466604054E-1
2.250023708E1,-5.587405562E-1,-6.748459339E-1,3.575210273E-1
2.251023208E1,-5.482258797E-1,-6.744601727E-1,3.698549867E-1
2.252022608E1,-5.330914259E-1,-6.634003520E-1,3.781171739E-1
2.253022108E1,-5.101194978E-1,-6.310899854E-1,3.766968846E-1
2.254021608E1,-4.781083167E-1,-5.864894986E-1,3.630982637E-1
2.255021108E1,-4.374919832E-1,-5.261707902E-1,3.427928090E-1
2.256020608E1,-3.876037598E-1,-4.746167660E-1,3.259741366E-1
2.257020108E1,-3.367383778E-1,-4.364027977E-1,3.121865094E-1
2.258019608E1,-2.827675343E-1,-4.098739922E-1,2.990731001E-1
2.259019008E1,-2.320796996E-1,-3.807835281E-1,2.829201519E-1
2.260018508E1,-1.844146997E-1,-3.437373638E-1,2.734177411E-1
2.261018008E1,-1.428933144E-1,-2.917636633E-1,2.730722129E-1
2.262017508E1,-1.173019335E-1,-2.263856977E-1,2.787266374E-1
2.263017008E1,-9.589544684E-2,-1.400960833E-1,2.965093851E-1
2.264016508E1,-8.129546046E-2,-4.135246575E-2,3.091484606E-1
2.265015908E1,-6.993895024E-2,5.461900681E-2,3.185206950E-1
2.266015408E1,-6.640654057E-2,1.476554722E-1,3.190059364E-1
2.267014908E1,-6.239873171E-2,2.343241870E-1,3.110105693E-1
2.268014408E1,-5.049173906E-2,2.960738540E-1,2.955908477E-1
2.269013908E1,-4.298054799E-2,3.274017274E-1,2.798320949E-1
2.270013408E1,-2.360098995E-2,3.237934113E-1,2.586370707E-1
2.271012908E1,-8.441250771E-3,3.065398633E-1,2.335517555E-1
2.272012308E1,8.267422207E-3,2.761430740E-1,2.084099203E-1
2.273011808E1,2.723765559E-2,2.270831466E-1,1.743358374E-1
2.274011308E1,3.848045692E-2,1.737626791E-1,1.406207532E-1
2.275010808E1,4.751391336E-2,1.157593951E-1,1.102364510E-1
2.276010308E1,5.809092522E-2,6.140720472E-2,7.978986204E-2
2.277009808E1,5.702884495E-2,1.899470203E-2,4.851158708E-2
2.278009308E1,5.467966944E-2,-1.729938947E-2,2.130579762E-2
2.279008708E1,4.529843852E-2,-4.532396793E-2,2.233735286E-4
2.280008208E1,3.230833635E-2,-6.748253852E-2,-8.516321890E-3
2.281007708E1,1.942287572E-2,-8.471175283E-2,-1.138156466E-2
2.282007208E1,6.548888981E-3,-9.670343250E-2,-1.740749925E-2
2.283006708E1,-1.414945628E-2,-1.145907566E-1,-2.220254205E-2
2.284006208E1,-2.669267915E-2,-1.245650947E-1,-2.235034667E-2
2.285005708E1,-3.754639626E-2,-1.365384459E-1,-2.387845889E-2
2.286005108E1,-4.845523834E-2,-1.472203732E-1,-1.902245171E-2
2.287004608E1,-5.166225135E-2,-1.565542072E-1,-1.752647012E-2
2.288004108E1,-5.523834750E-2,-1.668473333E-1,-1.830038428E-2
2.289003608E1,-5.823193491E-2,-1.773111969E-1,-1.923238114E-2
2.290003108E1,-5.645453930E-2,-1.854671240E-1,-2.359650284E-2
2.291002608E1,-5.524784699E-2,-1.801700145E-1,-2.736464143E-2
2.292002108E1,-5.606064573E-2,-1.647811979E-1,-2.613558993E-2
2.293001508E1,-4.500697553E-2,-1.431105882E-1,-2.409044653E-2
2.294001008E1,-3.846944869E-2,-1.254514307E-1,-1.794014312E-2
2.295000508E1,-2.760562487E-2,-1.079124436E-1,-1.718325168E-2
2.296000008E1,-1.628159732E-2,-9.892534465E-2,-1.511131134E-2
2.296999508E1,-2.538896166E-3,-8.613850921E-2,-1.065449137E-2
2.297999008E1,1.099954918E-2,-7.638707757E-2,-9.663528763E-3
2.298998408E1,2.657370456E-2,-5.598599464E-2,-1.400792226E-2
2.299997908E1,3.900773823E-2,-3.903843462E-2,-1.966420934E-2
2.300997408E1,4.797411337E-2,-2.095687762E-2,-1.984593086E-2
2.301996908E1,5.325462669E-2,3.614602610E-4,-1.473053172E-2
2.302996408E1,5.539660528E-2,1.868131384E-2,-8.972501382E-3
2.303995908E1,5.685974658E-2,3.093904443E-2,-1.346272882E-3
2.304995408E1,5.102448165E-2,4.763007537E-2,3.245836589E-3
2.305994808E1,4.812775925E-2,5.964332819E-2,1.213333756E-2
2.306994308E1,4.567765445E-2,6.084894389E-2,1.575310715E-2
2.307993808E1,4.632932693E-2,5.699587986E-2,1.751931384E-2
2.308993308E1,5.032918230E-2,4.063484073E-2,1.650507003E-2
2.309992808E1,5.838844180E-2,1.289109420E-2,1.207836252E-2
2.310992308E1,6.165130809E-2,-2.025540173E-2,7.791859098E-4
2.311991708E1,6.194931641E-2,-5.489300564E-2,-8.795410395E-3
2.312991208E1,6.385289133E-2,-8.864996582E-2,-1.260229480E-2
2.313990708E1,6.035749614E-2,-1.187170520E-1,-1.152744424E-2
2.314990208E1,6.176237762E-2,-1.608499587E-1,-4.137839656E-3
2.315989708E1,5.999962986E-2,-2.126082331E-1,8.642403409E-3
2.316989208E1,6.767535210E-2,-2.651796043E-1,1.900113001E-2
2.317988708E1,6.825459003E-2,-3.055938482E-1,8.795895614E-3
2.318988108E1,5.904304236E-2,-3.477872312E-1,-4.370109178E-3
2.319987608E1,4.438526928E-2,-3.686776161E-1,-6.667884067E-3
2.320987108E1,3.215301782E-2,-3.678760529E-1,1.385302469E-2
2.321986608E1,2.031446993E-2,-3.483327031E-1,5.406941846E-2
2.322986108E1,1.003979333E-2,-3.178419769E-1,9.304729849E-2
2.323985608E1,-3.722357564E-3,-2.824621499E-1,1.229828224E-1
2.324985108E1,-1.613352634E-2,-2.447187603E-1,1.360158771E-1
2.325984508E1,-3.178146109E-2,-1.995408982E-1,1.442514360E-1
2.326984008E1,-4.535372555E-2,-1.507278234E-1,1.495324969E-1
2.327983508E1,-5.470248684E-2,-1.061550304E-1,1.572170407E-1
2.328983008E1,-6.980209798E-2,-5.933488905E-2,1.618107557E-1
2.329982508E1,-7.948721200E-2,-7.960379124E-3,1.670358777E-1
2.330982008E1,-8.312801272E-2,4.871464893E-2,1.607305855E-1
2.331981508E1,-8.774194121E-2,1.058666185E-1,1.441225708E-1
2.332980908E1,-8.573953807E-2,1.593528241E-1,1.171469465E-1
2.333980408E1,-8.391714096E-2,2.007551193E-1,9.170230478E-2
2.334979908E1,-8.496180177E-2,2.304801047E-1,7.392176986E-2
2.335979408E1,-8.441585302E-2,2.477355301E-1,5.619763210E-2
2.336978908E1,-8.977367729E-2,2.540605962E-1,4.052108899E-2
2.337978408E1,-9.716235101E-2,2.399578243E-1,2.441908419E-2
2.338977908E1,-1.024415344E-1,2.094750106E-1,6.891756319E-3
2.339977308E1,-1.147352159E-1,1.629863381E-1,-6.018183660E-3
2.340976808E1,-1.302970350E-1,1.046820953E-1,-2.107855678E-2
2.341976308E1,-1.442671865E-1,3.582633287E-2,-2.786562219E-2
2.342975808E1,-1.673267633E-1,-4.304952919E-2,-2.715147473E-2
2.343975308E1,-1.886911839E-1,-1.301021427E-1,-2.538686432E-2
2.344974808E1,-2.093452811E-1,-2.252781242E-1,-1.690586470E-2
2.345974208E1,-2.347438484E-1,-3.172115088E-1,-1.218088344E-2
2.346973708E1,-2.588801086E-1,-4.214524627E-1,-1.276743598E-3
2.347973208E1,-2.823108733E-1,-5.171856284E-1,1.080521941E-2
2.348972708E1,-3.067552149E-1,-6.063382626E-1,1.909345761E-2
2.349972208E1,-3.175514042E-1,-6.789432168E-1,2.274465188E-2
2.350971708E1,-3.327096701E-1,-7.295896411E-1,2.848660201E-2
2.351971208E1,-3.447037339E-1,-7.604652643E-1,2.335069701E-2
2.352970608E1,-3.462235034E-1,-7.734556794E-1,1.775176823E-2
2.353970046E1,-3.458573222E-1,-7.781335115E-1,8.635500446E-3
2.354969546E1,-3.425246775E-1,-7.769838572E-1,-3.080789931E-3
2.355969046E1,-3.363274932E-1,-7.778789401E-1,-1.318775304E-2
2.356968546E1,-3.207794130E-1,-7.738258243E-1,-3.341393918E-2
2.357968046E1,-3.080380559E-1,-7.653167844E-1,-5.449312553E-2
2.358967546E1,-2.942977548E-1,-7.541264892E-1,-7.435124367E-2
2.359966946E1,-2.819825113E-1,-7.444885373E-1,-9.099333733E-2
2.360966446E1,-2.692952156E-1,-7.312931418E-1,-1.053445488E-1
2.361965946E1,-2.607752383E-1,-7.218330503E-1,-1.207360253E-1
2.362965446E1,-2.512443364E-1,-7.161431313E-1,-1.357759237E-1
2.363964946E1,-2.425887734E-1,-7.129923701E-1,-1.484368593E-1
2.364964446E1,-2.445885837E-1,-7.114534378E-1,-1.509100795E-1
2.365963946E1,-2.466706336E-1,-7.095189095E-1,-1.478344053E-1
2.366963346E1,-2.500019670E-1,-6.901586652E-1,-1.413922608E-1
2.367962846E1,-2.555541396E-1,-6.600569487E-1,-1.380651742E-1
2.368962346E1,-2.532051802E-1,-6.170972586E-1,-1.414969862E-1
2.369961846E1,-2.460918725E-1,-5.822559595E-1,-1.474725902E-1
2.370961346E1,-2.355273962E-1,-5.562707186E-1,-1.458943784E-1
2.371960846E1,-2.167361230E-1,-5.453683138E-1,-1.474973410E-1
2.372960246E1,-1.855358779E-1,-5.448526144E-1,-1.543991417E-1
2.373959746E1,-1.515134573E-1,-5.507272482E-1,-1.535203010E-1
2.374959246E1,-1.186527088E-1,-5.376741886E-1,-1.595603675E-1
2.375958746E1,-8.634138107E-2,-4.990370572E-1,-1.599950045E-1
2.376958246E1,-6.044882536E-2,-4.320854247E-1,-1.566633135E-1
2.377957746E1,-3.940745443E-2,-3.478429914E-1,-1.424050182E-1
2.378957246E1,-2.476297691E-2,-2.587872446E-1,-1.187679097E-1
2.379956646E1,-1.747017540E-2,-1.732259989E-1,-9.214429557E-2
2.380956146E1,-1.255585346E-2,-1.048235744E-1,-7.111195475E-2
2.381955646E1,-7.752842270E-3,-5.787817389E-2,-5.124104768E-2
2.382955146E1,-5.125292810E-4,-2.795239352E-2,-2.817056142E-2
2.383954646E1,1.117157226E-4,-1.332018711E-2,-1.776237972E-3
2.384954146E1,1.144545386E-3,-3.043456469E-3,1.412910037E-2
2.385953646E1,4.905461334E-3,1.964214817E-2,1.855447516E-2
2.386953046E1,1.136709843E-2,5.110586435E-2,6.327881943E-3
2.387952546E1,1.810596138E-2,7.805918157E-2,-1.679927483E-2
2.388952046E1,3.077699617E-2,1.002559736E-1,-3.579130396E-2
2.389951546E1,4.644863307E-2,1.185742617E-1,-4.665619880E-2
2.390951046E1,5.756653100E-2,1.293493956E-1,-5.423555523E-2
2.391950546E1,6.965762377E-2,1.442295313E-1,-6.329526007E-2
2.392949946E1,8.436193317E-2,1.580220908E-1,-8.629816025E-2
2.393949446E1,9.158389270E-2,1.904836297E-1,-1.139644086E-1
2.394948946E1,9.946071357E-2,2.278972268E-1,-1.396391094E-1
2.395948446E1,1.084805727E-1,2.740743160E-1,-1.616216451E-1
2.396947946E1,1.180517077E-1,3.173429370E-1,-1.834363937E-1
2.397947446E1,1.279631853E-1,3.482175171E-1,-1.982688755E-1
2.398946946E1,1.417674720E-1,3.782314658E-1,-2.134793699E-1
2.399946346E1,1.521945447E-1,3.980184793E-1,-2.248609215E-1
2.400945846E1,1.775989085E-1,4.163967967E-1,-2.393134981E-1
2.401945346E1,2.064481378E-1,4.332452714E-1,-2.431071699E-1
2.402944846E1,2.355543822E-1,4.536222816E-1,-2.435008138E-1
2.403944346E1,2.653546035E-1,4.718215168E-1,-2.476601452E-1
2.404943846E1,2.922522724E-1,4.904922545E-1,-2.569397092E-1
2.405943246E1,3.244080842E-1,4.996319413E-1,-2.783094347E-1
2.406942746E1,3.598488867E-1,5.157406330E-1,-2.964556813E-1
2.407942246E1,3.922262788E-1,5.322202444E-1,-3.111685812E-1
2.408941746E1,4.222086370E-1,5.543856621E-1,-3.222128749E-1
2.409941246E1,4.541045427E-1,6.031159163E-1,-3.322378099E-1
2.410940746E1,4.776974916E-1,6.453356147E-1,-3.376422524E-1
2.411940246E1,4.988270104E-1,6.898546219E-1,-3.444759250E-1
2.412939646E1,5.253992081E-1,7.168639898E-1,-3.557998240E-1
2.413939146E1,5.486480594E-1,7.439661622E-1,-3.718320429E-1
2.414938646E1,5.733153224E-1,7.755455971E-1,-3.881634176E-1
2.415938146E1,5.994385481E-1,8.124055862E-1,-4.009321928E-1
2.416937646E1,6.335025430E-1,8.525703549E-1,-4.118070006E-1
2.417937146E1,6.771450639E-1,8.964393139E-1,-4.206614494E-1
2.418936546E1,7.247503400E-1,9.264005423E-1,-4.313118458E-1
2.419936046E1,7.706845403E-1,9.414641857E-1,-4.343012571E-1
2.420935546E1,8.287308812E-1,9.410665631E-1,-4.365168214E-1
2.421935046E1,8.902109861E-1,9.145004749E-1,-4.359700680E-1
2.422934546E1,9.557447433E-1,8.860641718E-1,-4.330385029E-1
2.423934046E1,1.014721870E0,8.563310504E-1,-4.285092652E-1
2.424933546E1,1.074870944E0,8.451250196E-1,-4.298073053E-1
2.425932946E1,1.132473469E0,8.630382419E-1,-4.356971383E-1
2.426932446E1,1.182342768E0,9.246146679E-1,-4.494483471E-1
2.427931946E1,1.233390212E0,1.011978626E0,-4.483971894E-1
2.428931446E1,1.288830519E0,1.116973400E0,-4.240206182E-1
2.429930946E1,1.342218041E0,1.235148549E0,-3.775367439E-1
2.430930446E1,1.397318840E0,1.353078246E0,-3.241071701E-1
2.431929946E1,1.452600479E0,1.462935567E0,-2.778168917E-1
2.432929346E1,1.511002064E0,1.564424276E0,-2.444199920E-1
2.433928846E1,1.566037297E0,1.656516314E0,-2.217873931E-1
2.434928346E1,1.614123702E0,1.734951735E0,-1.932203025E-1
2.435927846E1,1.656306624E0,1.802126527E0,-1.734668314E-1
2.436927346E1,1.692046285E0,1.861067057E0,-1.519668698E-1
2.437926846E1,1.735867500E0,1.920487761E0,-1.229059324E-1
2.438926246E1,1.772900105E0,1.991122842E0,-9.302104264E-2
2.439925746E1,1.802966356E0,2.062083960E0,-4.388705269E-2
2.440925246E1,1.837925434E0,2.136247158E0,2.203897573E-2
2.441924746E1,1.880164504E0,2.208344936E0,8.850108832E-2
2.442924246E1,1.913042426E0,2.266530514E0,1.448307931E-1
2.443923746E1,1.932688355E0,2.296097279E0,1.886762828E-1
2.444923246E1,1.941213965E0,2.292679310E0,2.175800204E-1
2.445922646E1,1.938260555E0,2.229045630E0,2.272289097E-1
2.446922146E1,1.934643030E0,2.060098648E0,2.309230268E-1
2.447921646E1,1.935185790E0,1.781336188E0,2.438100576E-1
2.448921146E1,1.952215910E0,1.418695211E0,2.850174904E-1
2.449920646E1,1.974386692E0,1.027082086E0,3.525685668E-1
2.450920146E1,2.004997969E0,6.598368287E-1,4.238055348E-1
2.451919546E1,2.036715746E0,3.502872586E-1,4.629063308E-1
2.452919046E1,2.065748930E0,1.386567056E-1,4.689963758E-1
2.453918575E1,2.082512140E0,3.158217669E-2,4.382560253E-1
2.454918075E1,2.097825766E0,3.388879821E-2,3.927465081E-1
2.455917575E1,2.108256578E0,1.132685766E-1,3.549722433E-1
2.456917075E1,2.103227854E0,2.511412501E-1,3.441931605E-1
2.457916575E1,2.105696917E0,4.098334312E-1,3.725688756E-1
2.458915975E1,2.104708910E0,5.691552758E-1,4.351194799E-1
2.459915475E1,2.101166725E0,6.920615435E-1,5.166340470E-1
2.460914975E1,2.089284658E0,7.851554155E-1,5.898150206E-1
2.461914475E1,2.080654144E0,8.566751480E-1,6.379047632E-1
2.462913975E1,2.074692726E0,9.235122800E-1,6.576397419E-1
2.463913475E1,2.069556713E0,9.942154884E-1,6.585510373E-1
2.464912975E1,2.073765755E0,1.111039162E0,6.580847502E-1
2.465912375E1,2.078643084E0,1.270127058E0,6.752592325E-1
2.466911875E1,2.079343557E0,1.435984850E0,7.243609428E-1
2.467911375E1,2.068091393E0,1.572773695E0,7.849934101E-1
2.468910875E1,2.059233665E0,1.637750745E0,8.355244994E-1
2.469910375E1,2.052286386E0,1.607392073E0,8.674526215E-1
2.470909875E1,2.033012390E0,1.473459363E0,8.849357367E-1
2.471909275E1,2.022338390E0,1.263487220E0,9.019669294E-1
2.472908775E1,2.014602423E0,1.029695392E0,9.129745364E-1
2.473908275E1,1.997989058E0,8.214303851E-1,9.017320275E-1
2.474907775E1,1.991998792E0,6.886430383E-1,8.683115840E-1
2.475907275E1,1.982423306E0,6.576808691E-1,8.307591677E-1
2.476906775E1,1.963492632E0,7.227100134E-1,8.080697060E-1
2.477906175E1,1.948501229E0,8.594926000E-1,7.996120453E-1
2.478905675E1,1.930780411E0,1.020946503E0,8.164260387E-1
2.479905175E1,1.900059819E0,1.149895668E0,8.450912237E-1
2.480904675E1,1.858262300E0,1.235038996E0,8.725326657E-1
2.481904175E1,1.813083649E0,1.267923474E0,8.925388455E-1
2.482903675E1,1.770393014E0,1.258833885E0,9.086252451E-1
2.483903175E1,1.724331498E0,1.232681394E0,9.193924069E-1
2.484902575E1,1.681389451E0,1.229386687E0,9.171305299E-1
2.485902075E1,1.644716144E0,1.247621298E0,8.949405551E-1
2.486901575E1,1.601313949E0,1.280322194E0,8.819199800E-1
2.487901075E1,1.558214903E0,1.342453241E0,8.805915713E-1
2.488900575E1,1.507618546E0,1.395582080E0,8.732911348E-1
2.489900075E1,1.460184455E0,1.401024818E0,8.664731383E-1
2.490899575E1,1.400071502E0,1.358756781E0,8.772930503E-1
2.491898975E1,1.356307030E0,1.296922326E0,9.130917788E-1
2.492898475E1,1.313081980E0,1.225293159E0,9.725338817E-1
2.493897975E1,1.279568315E0,1.144191384E0,1.033736229E0
2.494897475E1,1.243724227E0,1.061969876E0,1.058982134E0
2.495896975E1,1.208506942E0,9.715211987E-1,1.042299509E0
2.496896475E1,1.172951579E0,8.716102242E-1,1.002959013E0
2.497895875E1,1.152234793E0,7.624954581E-1,9.636893868E-1
2.498895375E1,1.132927656E0,6.571531296E-1,9.428596497E-1
2.499894875E1,1.127192616E0,5.729570389E-1,9.443441033E-1
2.500894375E1,1.106015921E0,5.089405179E-1,9.519985318E-1
2.501893875E1,1.073792458E0,4.622659683E-1,9.578564167E-1
2.502893375E1,1.047414660E0,4.218204916E-1,9.522221684E-1
2.503892875E1,1.019301057E0,4.022470713E-1,9.217262864E-1
2.504892275E1,1.000954628E0,4.098143876E-1,8.741426468E-1
2.505891775E1,9.814232588E-1,4.389608204E-1,8.219560981E-1
2.506891275E1,9.623456001E-1,5.073724389E-1,7.776149511E-1
2.507890775E1,9.616308212E-1,6.029093266E-1,7.368938923E-1
2.508890275E1,9.562070370E-1,6.530222297E-1,7.014333010E-1
2.509889775E1,9.341092110E-1,6.380041242E-1,6.978896856E-1
2.510889175E1,9.142358899E-1,5.833587646E-1,7.087348104E-1
2.511888675E1,8.886836767E-1,5.309847593E-1,7.322829962E-1
2.512888175E1,8.663504124E-1,5.012726784E-1,7.340404987E-1
2.513887675E1,8.508459926E-1,5.166755915E-1,7.095314264E-1
2.514887175E1,8.396727443E-1,5.647137165E-1,6.720564961E-1
2.515886675E1,8.368263245E-1,6.238465309E-1,6.520284414E-1
2.516886175E1,8.353580832E-1,6.639058590E-1,6.526042819E-1
2.517885575E1,8.253751993E-1,6.571453810E-1,6.603444815E-1
2.518885075E1,8.067605495E-1,5.985619426E-1,6.663171649E-1
2.519884575E1,7.855843902E-1,5.253079534E-1,6.599493027E-1
2.520884075E1,7.605493665E-1,4.587017298E-1,6.529838443E-1
2.521883575E1,7.409173250E-1,4.117198288E-1,6.510480046E-1
2.522883075E1,7.280175686E-1,3.831405938E-1,6.504068375E-1
2.523882475E1,7.083887458E-1,3.690879047E-1,6.557158828E-1
2.524881975E1,6.868852973E-1,3.710512519E-1,6.514496803E-1
2.525881475E1,6.547966003E-1,3.806647062E-1,6.279752254E-1
2.526880975E1,6.112166643E-1,3.943647146E-1,5.889478326E-1
2.527880475E1,5.506614447E-1,3.917998374E-1,5.556843877E-1
2.528879975E1,4.926856756E-1,3.830625713E-1,5.201421976E-1
2.529879475E1,4.323730767E-1,3.422549367E-1,4.952959418E-1
2.530878875E1,3.624377251E-1,2.728182375E-1,4.648920894E-1
2.531878375E1,2.906610072E-1,1.890423596E-1,4.222042859E-1
2.532877875E1,2.009420246E-1,1.058459133E-1,3.647838831E-1
2.533877375E1,1.235700026E-1,7.039844245E-2,2.868587375E-1
2.534876875E1,4.664674401E-2,7.708600163E-2,1.975000799E-1
2.535876375E1,-2.254191227E-2,1.061285734E-1,1.160081476E-1
2.536875775E1,-9.252633899E-2,1.597999632E-1,4.743257910E-2
2.537875275E1,-1.594635695E-1,1.907658726E-1,-2.457956597E-2
2.538874775E1,-2.257392555E-1,1.796305925E-1,-1.042757034E-1
2.539874275E1,-2.871126235E-1,1.432581991E-1,-1.940724403E-1
2.540873775E1,-3.355171382E-1,9.090957791E-2,-2.776080966E-1
2.541873275E1,-3.717124164E-1,4.868888482E-2,-3.452425599E-1
2.542872775E1,-3.934151232E-1,3.271459043E-2,-3.957513869E-1
2.543872175E1,-4.107357860E-1,5.320894346E-2,-4.322737157E-1
2.544871675E1,-4.289048612E-1,9.558695555E-2,-4.775486588E-1
2.545871175E1,-4.399239719E-1,1.498038471E-1,-5.307527781E-1
2.546870675E1,-4.440460801E-1,1.903161705E-1,-5.928540230E-1
2.547870175E1,-4.530089498E-1,2.000897080E-1,-6.352411509E-1
2.548869675E1,-4.582183361E-1,1.907357424E-1,-6.486188173E-1
2.549869075E1,-4.697732627E-1,1.666226834E-1,-6.516454816E-1
2.550868575E1,-4.887692332E-1,1.323088855E-1,-6.617808938E-1
2.551868075E1,-5.006381869E-1,1.071515903E-1,-6.817066669E-1
2.552867575E1,-5.094133019E-1,1.080300063E-1,-7.089955211E-1
2.553867046E1,-5.199865699E-1,1.107150018E-1,-7.304078937E-1
2.554866546E1,-5.232287049E-1,1.246713698E-1,-7.430689931E-1
2.555866046E1,-5.240337849E-1,1.318904012E-1,-7.547794580E-1
2.556865446E1,-5.360095501E-1,1.203756705E-1,-7.607516646E-1
2.557864946E1,-5.595574975E-1,1.077195257E-1,-7.726852894E-1
2.558864446E1,-5.781551600E-1,7.813788950E-2,-8.029592037E-1
2.559863946E1,-6.007688642E-1,5.338754132E-2,-8.401653767E-1
2.560863446E1,-6.137413383E-1,3.000338748E-2,-8.806044459E-1
2.561862946E1,-6.256877780E-1,6.491404958E-3,-9.089753628E-1
2.562862346E1,-6.334924102E-1,-1.237752661E-2,-9.262840748E-1
2.563861846E1,-6.525577307E-1,-4.044111818E-2,-9.384626746E-1
2.564861346E1,-6.718739271E-1,-7.218120247E-2,-9.414065480E-1
2.565860846E1,-7.008306980E-1,-9.546495229E-2,-9.467459321E-1
2.566860346E1,-7.338866591E-1,-1.214343682E-1,-9.465556741E-1
2.567859846E1,-7.560178041E-1,-1.286797673E-1,-9.471724629E-1
2.568859246E1,-7.759954333E-1,-1.105202734E-1,-9.684951305E-1
2.569858746E1,-7.946378589E-1,-1.294798553E-1,-1.016388178E0
2.570858246E1,-8.145188689E-1,-1.986453384E-1,-1.063883543E0
2.571857746E1,-8.443270922E-1,-2.910165489E-1,-1.084713936E0
2.572857246E1,-9.060218930E-1,-3.848415911E-1,-1.096208215E0
2.573856746E1,-9.500575066E-1,-4.681766927E-1,-1.101771832E0
2.574856246E1,-9.620676041E-1,-5.078891516E-1,-1.096219659E0
2.575855646E1,-9.551271200E-1,-4.850840271E-1,-1.073766232E0
2.576855146E1,-9.507734179E-1,-4.253215194E-1,-1.036515832E0
2.577854646E1,-9.558805227E-1,-3.531258702E-1,-1.003665924E0
2.578854146E1,-9.736657143E-1,-2.849763632E-1,-9.883955121E-1
2.579853646E1,-9.934615493E-1,-2.412488461E-1,-1.005220056E0
2.580853146E1,-1.004359126E0,-2.170271277E-1,-1.050808907E0
2.581852546E1,-1.003522158E0,-2.134459764E-1,-1.096411467E0
2.582852046E1,-1.013263941E0,-2.391551435E-1,-1.107466936E0
2.583851546E1,-1.031021953E0,-2.553969920E-1,-1.087071657E0
2.584851046E1,-1.050187707E0,-2.461712658E-1,-1.052384138E0
2.585850546E1,-1.064507961E0,-2.322698385E-1,-1.028476119E0
2.586850046E1,-1.068727016E0,-2.364331335E-1,-1.012017250E0
2.587849546E1,-1.070952892E0,-2.332756817E-1,-1.007530689E0
2.588848946E1,-1.064070940E0,-2.307592034E-1,-1.008407354E0
2.589848446E1,-1.071102262E0,-2.457802296E-1,-1.015635729E0
2.590847946E1,-1.057823777E0,-2.506086826E-1,-1.023643255E0
2.591847446E1,-1.042315602E0,-2.361956388E-1,-1.040683508E0
2.592846946E1,-1.031816602E0,-1.970827878E-1,-1.062577128E0
2.593846446E1,-1.013025880E0,-1.359821558E-1,-1.095238924E0
2.594845846E1,-9.922462702E-1,-8.688841015E-2,-1.118231654E0
2.595845346E1,-9.744781852E-1,-9.874241054E-2,-1.098003387E0
2.596844846E1,-9.738164544E-1,-1.595054567E-1,-1.050975800E0
2.597844346E1,-9.856166244E-1,-2.711129487E-1,-9.968255758E-1
2.598843846E1,-9.913687706E-1,-4.122542441E-1,-9.632334113E-1
2.599843346E1,-1.000632524E0,-5.677290559E-1,-9.462610483E-1
2.600842846E1,-1.001510382E0,-6.877604723E-1,-9.453340769E-1
2.601842246E1,-1.002577782E0,-7.532018423E-1,-9.532891512E-1
2.602841746E1,-9.962761402E-1,-7.679705024E-1,-9.638706446E-1
2.603841246E1,-9.905234575E-1,-7.527127266E-1,-9.685096145E-1
2.604840746E1,-9.955562353E-1,-7.220823765E-1,-9.696519971E-1
2.605840246E1,-1.004933476E0,-6.780493855E-1,-9.651755095E-1
2.606839746E1,-1.021420240E0,-6.177105904E-1,-9.621573091E-1
2.607839146E1,-1.030062199E0,-5.743383169E-1,-9.597399235E-1
2.608838646E1,-1.036027193E0,-5.528823733E-1,-9.452711344E-1
2.609838146E1,-1.043579936E0,-5.571942925E-1,-9.202384353E-1
2.610837646E1,-1.038405061E0,-5.678042769E-1,-8.978148699E-1
2.611837146E1,-1.023895860E0,-5.657126307E-1,-8.958941698E-1
2.612836646E1,-1.013284206E0,-5.445282459E-1,-9.140439034E-1
2.613836146E1,-9.983393550E-1,-5.029086471E-1,-9.450238943E-1
2.614835546E1,-9.896997809E-1,-4.348158538E-1,-9.731729031E-1
2.615835046E1,-9.804285169E-1,-3.625264764E-1,-9.855073690E-1
2.616834546E1,-9.780622721E-1,-2.869003117E-1,-9.865874052E-1
2.617834046E1,-9.749194980E-1,-2.289198190E-1,-9.822738767E-1
2.618833546E1,-9.735878706E-1,-2.006561309E-1,-9.765397906E-1
2.619833046E1,-9.790143371E-1,-2.027299404E-1,-9.634549022E-1
2.620832446E1,-9.732430577E-1,-2.296267450E-1,-9.516202807E-1
2.621831946E1,-9.654112458E-1,-2.793453038E-1,-9.339371920E-1
2.622831446E1,-9.673678279E-1,-3.362422884E-1,-9.044501781E-1
2.623830946E1,-9.628491998E-1,-3.919345737E-1,-8.838154674E-1
2.624830446E1,-9.627965093E-1,-4.353731573E-1,-8.777381778E-1
2.625829946E1,-9.641794562E-1,-4.585245550E-1,-8.804735541E-1
2.626829446E1,-9.620900154E-1,-4.670054913E-1,-8.912536502E-1
2.627828846E1,-9.579613209E-1,-4.539173841E-1,-8.946208954E-1
2.628828346E1,-9.513638616E-1,-4.338416755E-1,-8.845965266E-1
2.629827846E1,-9.555112123E-1,-4.324983656E-1,-8.510915637E-1
2.630827346E1,-9.582030773E-1,-4.550565481E-1,-7.997162938E-1
2.631826846E1,-9.624992609E-1,-4.972588718E-1,-7.523839474E-1
2.632826346E1,-9.755074978E-1,-5.717629790E-1,-7.175383568E-1
2.633825746E1,-9.733708501E-1,-6.668085456E-1,-7.033764720E-1
2.634825246E1,-9.629259109E-1,-7.433096766E-1,-6.965569258E-1
2.635824746E1,-9.456601143E-1,-7.753261924E-1,-6.922186017E-1
2.636824246E1,-9.268196225E-1,-7.617329955E-1,-6.840625405E-1
2.637823746E1,-9.032586813E-1,-7.201836705E-1,-6.719486117E-1
2.638823246E1,-8.899872303E-1,-6.704207659E-1,-6.581785083E-1
2.639822746E1,-8.802238107E-1,-6.165719032E-1,-6.440123916E-1
2.640822146E1,-8.906798959E-1,-5.737292767E-1,-6.363256574E-1
2.641821646E1,-8.970118165E-1,-5.514479280E-1,-6.413211823E-1
2.642821146E1,-8.818188906E-1,-5.476375222E-1,-6.347733736E-1
2.643820646E1,-8.721387982E-1,-5.573055744E-1,-6.092219353E-1
2.644820146E1,-8.623919487E-1,-5.745537877E-1,-5.576399565E-1
2.645819646E1,-8.509626985E-1,-5.600568652E-1,-5.016781688E-1
2.646819046E1,-8.387489319E-1,-4.910389483E-1,-4.689567089E-1
2.647818546E1,-8.277684450E-1,-4.066011012E-1,-4.595511854E-1
2.648818046E1,-8.257254362E-1,-3.072497249E-1,-4.592559338E-1
2.649817546E1,-8.319274187E-1,-1.903752983E-1,-4.616820812E-1
2.650817046E1,-8.475705981E-1,-7.393319905E-2,-4.613632560E-1
2.651816546E1,-8.722473979E-1,3.842183948E-2,-4.560239017E-1
2.652815946E1,-8.881110549E-1,1.327813566E-1,-4.450005293E-1
2.653815525E1,-9.100059867E-1,2.047357112E-1,-4.319627583E-1
2.654815025E1,-9.232081175E-1,2.432464212E-1,-4.162503183E-1
2.655814525E1,-9.329230785E-1,2.437196672E-1,-4.123426676E-1
2.656814025E1,-9.341866970E-1,1.988049746E-1,-4.215645194E-1
2.657813525E1,-9.312772155E-1,1.037245393E-1,-4.367280304E-1
2.658813025E1,-9.224306941E-1,-3.133304417E-2,-4.477771521E-1
2.659812425E1,-9.099686742E-1,-1.903211027E-1,-4.505095482E-1
2.660811925E1,-9.058136344E-1,-3.574708998E-1,-4.555261433E-1
2.661811425E1,-9.007421732E-1,-5.154061913E-1,-4.644216299E-1
2.662810925E1,-9.127230048E-1,-6.590502262E-1,-4.663265049E-1
2.663810425E1,-9.215193987E-1,-7.787119150E-1,-4.615421295E-1
2.664809925E1,-9.335678220E-1,-8.720732331E-1,-4.545558691E-1
2.665809325E1,-9.464980364E-1,-9.422083497E-1,-4.402658641E-1
2.666808825E1,-9.548153281E-1,-9.876048565E-1,-4.194961786E-1
2.667808325E1,-9.652120471E-1,-1.020391822E0,-3.990513682E-1
2.668807825E1,-9.634801745E-1,-1.052284479E0,-3.725177944E-1
2.669807325E1,-9.668608308E-1,-1.091777086E0,-3.424941003E-1
2.670806825E1,-9.631123543E-1,-1.134912252E0,-3.059089780E-1
2.671806325E1,-9.510327578E-1,-1.168487787E0,-2.863076031E-1
2.672805725E1,-9.348807335E-1,-1.193660617E0,-2.738852203E-1
2.673805225E1,-9.160494804E-1,-1.201589465E0,-2.711142004E-1
2.674804725E1,-9.007046819E-1,-1.208285689E0,-2.723983228E-1
2.675804225E1,-8.768802881E-1,-1.225335479E0,-2.783313096E-1
2.676803725E1,-8.560258746E-1,-1.246924520E0,-2.827178240E-1
2.677803225E1,-8.354447484E-1,-1.290253639E0,-2.755057216E-1
2.678802625E1,-8.173528314E-1,-1.357996225E0,-2.646434307E-1
2.679802125E1,-8.010616899E-1,-1.446239471E0,-2.534797192E-1
2.680801625E1,-7.865182161E-1,-1.536496520E0,-2.450758666E-1
2.681801125E1,-7.710396647E-1,-1.631129861E0,-2.389023900E-1
2.682800625E1,-7.619377375E-1,-1.752466798E0,-2.312597334E-1
2.683800125E1,-7.383629084E-1,-1.904471755E0,-2.169015557E-1
2.684799525E1,-6.980913877E-1,-2.034337521E0,-1.837847829E-1
2.685799025E1,-6.731591225E-1,-2.084995031E0,-1.464416683E-1
2.686798525E1,-6.578989625E-1,-2.099693298E0,-1.371603906E-1
2.687798025E1,-6.466130018E-1,-2.132913589E0,-1.650500745E-1
2.688797525E1,-6.410619020E-1,-2.201884985E0,-2.146114558E-1
2.689797025E1,-6.206370592E-1,-2.296190739E0,-2.448713630E-1
2.690796525E1,-5.936282873E-1,-2.415260553E0,-2.325559855E-1
2.691795925E1,-5.798888206E-1,-2.538441420E0,-1.853988618E-1
2.692795425E1,-5.718862414E-1,-2.663570404E0,-1.436668038E-1
2.693794925E1,-5.746809840E-1,-2.794839382E0,-1.226238310E-1
2.694794425E1,-5.727483034E-1,-2.920131207E0,-1.220187917E-1
2.695793925E1,-5.628054142E-1,-3.009957552E0,-1.226230636E-1
2.696793425E1,-5.565468073E-1,-3.042015553E0,-1.136478484E-1
2.697792825E1,-5.493291020E-1,-3.018598318E0,-9.178835154E-2
2.698792325E1,-5.440278053E-1,-2.939103842E0,-7.586082071E-2
2.699791825E1,-5.326206684E-1,-2.818770647E0,-5.646741763E-2
2.700791325E1,-5.305466056E-1,-2.670772314E0,-3.426089138E-2
2.701790825E1,-5.297777653E-1,-2.508010864E0,-1.110497303E-2
2.702790325E1,-5.252208114E-1,-2.320233822E0,1.683143713E-2
2.703789725E1,-5.146062374E-1,-2.109726429E0,4.325372353E-2
2.704789225E1,-5.077576637E-1,-1.884060264E0,6.440069526E-2
2.705788725E1,-5.091254711E-1,-1.649459481E0,7.291162759E-2
2.706788225E1,-5.079967976E-1,-1.415976882E0,8.139351010E-2
2.707787725E1,-5.054851770E-1,-1.198927283E0,9.322673827E-2
2.708787225E1,-4.974225163E-1,-9.956414700E-1,1.148104444E-1
2.709786725E1,-4.838595688E-1,-8.269541860E-1,1.565134078E-1
2.710786125E1,-4.720984399E-1,-6.830959916E-1,1.970378309E-1
2.711785625E1,-4.564555585E-1,-5.815592408E-1,2.271709591E-1
2.712785125E1,-4.294777215E-1,-5.137464404E-1,2.390584350E-1
2.713784625E1,-3.942669928E-1,-4.599431157E-1,2.233535051E-1
2.714784125E1,-3.498852551E-1,-4.123210907E-1,1.928107291E-1
2.715783625E1,-3.018213212E-1,-3.902349472E-1,1.554859877E-1
2.716783025E1,-2.476887405E-1,-3.780320287E-1,1.233092099E-1
2.717782525E1,-1.981931031E-1,-3.758889437E-1,1.033139303E-1
2.718782025E1,-1.453717500E-1,-3.568667173E-1,8.962889761E-2
2.719781525E1,-9.385424107E-2,-3.316157162E-1,7.857038081E-2
2.720781025E1,-4.437083751E-2,-2.995658219E-1,7.105145603E-2
2.721780525E1,-1.531495363E-3,-2.550148666E-1,5.824911222E-2
2.722779925E1,3.138731048E-2,-1.948092878E-1,4.342035204E-2
2.723779425E1,5.417251959E-2,-1.358650029E-1,3.286331519E-2
2.724778925E1,6.927852333E-2,-8.429219574E-2,3.333330899E-2
2.725778425E1,7.612684369E-2,-3.288333490E-2,3.507981077E-2
2.726777925E1,8.091598004E-2,1.467736438E-2,3.293095902E-2
2.727777425E1,8.710250258E-2,5.010566115E-2,2.449646220E-2
2.728776925E1,9.111858159E-2,8.133438230E-2,1.875914261E-2
2.729776325E1,9.239529818E-2,1.061795428E-1,1.616682112E-2
2.730775825E1,9.721107036E-2,1.343215108E-1,1.394687220E-2
2.731775325E1,9.051748365E-2,1.573637128E-1,1.163338497E-2
2.732774825E1,7.963766158E-2,1.727839112E-1,1.343555562E-2
2.733774325E1,6.895039976E-2,1.887301207E-1,2.237072773E-2
2.734773825E1,4.901180789E-2,1.947890818E-1,2.668939345E-2
2.735773225E1,3.342406079E-2,1.915805042E-1,3.333025426E-2
2.736772725E1,1.567549072E-2,1.867534816E-1,3.350559622E-2
2.737772225E1,7.525951602E-3,1.797088832E-1,3.648088127E-2
2.738771725E1,-4.181336146E-3,1.691553593E-1,4.090073705E-2
2.739771225E1,-1.826546341E-2,1.516120434E-1,4.891312122E-2
2.740770725E1,-2.413055114E-2,1.244890168E-1,5.263144895E-2
2.741770125E1,-2.679025009E-2,8.763220161E-2,5.184927955E-2
2.742769625E1,-2.727415226E-2,4.518111050E-2,4.662203789E-2
2.743769125E1,-2.546799742E-2,1.740694046E-3,4.229386896E-2
2.744768625E1,-2.774389274E-2,-3.321006894E-2,3.399376571E-2
2.745768125E1,-1.747394539E-2,-6.245237961E-2,2.708392777E-2
2.746767625E1,-1.261179335E-2,-8.149304986E-2,2.391498908E-2
2.747767025E1,-8.266845718E-3,-9.627598524E-2,2.546415105E-2
2.748766525E1,2.954337746E-3,-1.036788374E-1,3.138419613E-2
2.749766025E1,1.652101427E-2,-9.238597006E-2,3.379515558E-2
2.750765525E1,2.588788420E-2,-5.793931708E-2,3.250512108E-2
2.751765025E1,3.892591968E-2,-2.069394290E-2,2.614442632E-2
2.752764525E1,4.644485191E-2,1.863744669E-2,1.644725166E-2
2.753764021E1,5.631266534E-2,5.831322074E-2,1.038270071E-2
2.754763421E1,6.454608589E-2,9.724031389E-2,1.348104328E-2
2.755762921E1,7.610473782E-2,1.407057643E-1,1.405335683E-2
2.756762421E1,8.534535021E-2,1.831968725E-1,2.033846825E-2
2.757761921E1,1.017698646E-1,2.312019467E-1,2.043194510E-2
2.758761421E1,1.186878607E-1,2.726511061E-1,1.907719672E-2
2.759760921E1,1.364396811E-1,3.259372413E-1,1.786492579E-2
2.760760321E1,1.590509713E-1,3.853545785E-1,1.274106652E-2
2.761759821E1,1.769532710E-1,4.435313344E-1,-1.135600731E-3
2.762759321E1,1.985932738E-1,4.967084825E-1,-1.486596465E-2
2.763758821E1,2.285586298E-1,5.361373425E-1,-1.924340241E-2
2.764758321E1,2.568902075E-1,5.695565939E-1,-1.538836956E-2
2.765757821E1,2.875123024E-1,5.877557993E-1,-3.301346209E-3
2.766757221E1,3.148032427E-1,5.924754739E-1,1.624535024E-2
2.767756721E1,3.476136625E-1,5.867334008E-1,4.167560488E-2
2.768756221E1,3.764903545E-1,5.746641755E-1,7.337720692E-2
2.769755721E1,3.998995423E-1,5.624826550E-1,9.316289425E-2
2.770755221E1,4.176593423E-1,5.507364869E-1,1.135135293E-1
2.771754721E1,4.296294451E-1,5.505306125E-1,1.168094575E-1
2.772754121E1,4.467818439E-1,5.569654107E-1,1.140444428E-1
2.773753621E1,4.675355852E-1,5.836745501E-1,1.083756387E-1
2.774753121E1,4.911940396E-1,6.291155219E-1,1.042424217E-1
2.775752621E1,5.176131129E-1,6.839393377E-1,9.879572690E-2
2.776752121E1,5.507923961E-1,7.327650785E-1,8.022793382E-2
2.777751621E1,5.907198191E-1,7.663491368E-1,5.863981694E-2
2.778751121E1,6.346028447E-1,7.775438428E-1,3.053570166E-2
2.779750521E1,6.877273321E-1,7.727882862E-1,4.687860608E-3
2.780750021E1,7.489994168E-1,7.587291002E-1,-2.134548873E-2
2.781749521E1,8.058823943E-1,7.448305488E-1,-4.160815105E-2
2.782749021E1,8.647993207E-1,7.209691405E-1,-6.020133942E-2
2.783748521E1,9.213544726E-1,6.812859178E-1,-8.268161118E-2
2.784748021E1,9.857025743E-1,6.400136352E-1,-1.038543060E-1
2.785747421E1,1.050432563E0,6.057366133E-1,-1.174550727E-1
2.786746921E1,1.110275984E0,5.829533339E-1,-1.198688895E-1
2.787746421E1,1.167809010E0,5.655343533E-1,-1.223301739E-1
2.788745921E1,1.216619968E0,5.667200685E-1,-1.291069537E-1
2.789745421E1,1.262590051E0,5.981152654E-1,-1.387244165E-1
2.790744921E1,1.305731654E0,6.553186774E-1,-1.535605639E-1
2.791744321E1,1.343312383E0,7.432466745E-1,-1.693786830E-1
2.792743821E1,1.382905364E0,8.536552787E-1,-1.819250286E-1
2.793743321E1,1.419298172E0,9.766959548E-1,-1.838619411E-1
2.794742821E1,1.461463213E0,1.090497851E0,-1.757624149E-1
2.795742321E1,1.503084779E0,1.198780060E0,-1.586452127E-1
2.796741821E1,1.542309642E0,1.286926150E0,-1.379647851E-1
2.797741221E1,1.582125545E0,1.355010867E0,-1.125108153E-1
2.798740721E1,1.608976007E0,1.397473931E0,-9.239890426E-2
2.799740221E1,1.630237341E0,1.417925715E0,-7.122384757E-2
2.800739721E1,1.660790205E0,1.431088805E0,-4.460615292E-2
2.801739221E1,1.683563471E0,1.439107060E0,-1.907309890E-2
2.802738721E1,1.700614333E0,1.449523091E0,1.167179644E-2
2.803738121E1,1.722193122E0,1.468570352E0,4.544840381E-2
2.804737621E1,1.744468093E0,1.492423892E0,8.651455492E-2
2.805737121E1,1.760274172E0,1.520718098E0,1.380230188E-1
2.806736621E1,1.759408116E0,1.535355210E0,1.834536791E-1
2.807736121E1,1.753090262E0,1.524395466E0,2.058697790E-1
2.808735621E1,1.749316454E0,1.463436484E0,2.151526064E-1
2.809735021E1,1.750773549E0,1.373970747E0,2.252622247E-1
2.810734521E1,1.766513228E0,1.275982857E0,2.388544232E-1
2.811734021E1,1.786859751E0,1.161712170E0,2.664642036E-1
2.812733521E1,1.810696602E0,1.038543344E0,3.000374734E-1
2.813733021E1,1.833953977E0,9.203923941E-1,3.234898150E-1
2.814732521E1,1.851132512E0,8.275448680E-1,3.496823311E-1
2.815732021E1,1.863173366E0,7.780007720E-1,3.756811619E-1
2.816731421E1,1.879742742E0,7.478031516E-1,4.047999084E-1
2.817730921E1,1.912824035E0,7.266060114E-1,4.442679584E-1
2.818730421E1,1.924540877E0,7.169655561E-1,5.062074661E-1
2.819729921E1,1.932222724E0,7.107425332E-1,5.843241215E-1
2.820729421E1,1.924693704E0,7.063069940E-1,6.764113903E-1
2.821728921E1,1.908235431E0,7.032454014E-1,7.640757561E-1
2.822728321E1,1.882555842E0,7.102260590E-1,8.234834075E-1
2.823727821E1,1.869823098E0,7.538936734E-1,8.630699515E-1
2.824727321E1,1.857372761E0,8.525330424E-1,8.861330748E-1
2.825726821E1,1.838407278E0,1.007261753E0,9.011210799E-1
2.826726321E1,1.822790861E0,1.202455401E0,9.167124033E-1
2.827725821E1,1.805634499E0,1.394382238E0,9.230768681E-1
2.828725221E1,1.789252281E0,1.547122598E0,9.125563502E-1
2.829724721E1,1.759484053E0,1.654464483E0,8.895850182E-1
2.830724221E1,1.724282384E0,1.702451110E0,8.589096069E-1
2.831723721E1,1.684281707E0,1.696801543E0,8.418805003E-1
2.832723221E1,1.642455101E0,1.663487196E0,8.283509016E-1
2.833722721E1,1.608077168E0,1.610940099E0,8.137594461E-1
2.834722121E1,1.577008247E0,1.543105841E0,7.911079526E-1
2.835721621E1,1.536089778E0,1.469258547E0,7.588768005E-1
2.836721121E1,1.494938135E0,1.383857012E0,7.330175638E-1
2.837720621E1,1.462155461E0,1.292995334E0,7.161397338E-1
2.838720121E1,1.423382163E0,1.195575714E0,7.052137852E-1
2.839719621E1,1.391940594E0,1.083568692E0,6.996536255E-1
2.840719021E1,1.365506053E0,9.611836672E-1,6.886463761E-1
2.841718521E1,1.350344419E0,8.493838906E-1,6.880335808E-1
2.842718021E1,1.340029716E0,7.683928609E-1,7.035274506E-1
2.843717521E1,1.329012036E0,7.319989204E-1,7.258740067E-1
2.844717021E1,1.327649832E0,7.402950525E-1,7.408537865E-1
2.845716521E1,1.320653439E0,7.928450704E-1,7.434546351E-1
2.846716021E1,1.308788180E0,8.782840371E-1,7.296863794E-1
2.847715421E1,1.299234152E0,9.759413600E-1,6.996901631E-1
2.848714921E1,1.293161869E0,1.041812778E0,6.660531163E-1
2.849714421E1,1.288620591E0,1.058176875E0,6.545833945E-1
2.850713921E1,1.281565428E0,1.053272963E0,6.681885123E-1
2.851713421E1,1.279099584E0,1.030231714E0,6.930727959E-1
2.852712921E1,1.267525196E0,9.986442924E-1,7.174813151E-1
2.853712271E1,1.258269906E0,9.529228806E-1,7.343109250E-1
2.854711771E1,1.241448045E0,9.190588593E-1,7.379099131E-1
2.855711271E1,1.233742476E0,9.084016681E-1,7.195309401E-1
2.856710771E1,1.240100503E0,9.289958477E-1,6.898975968E-1
2.857710271E1,1.242130637E0,9.679282904E-1,6.536735296E-1
2.858709771E1,1.244302750E0,1.018603563E0,6.216574311E-1
2.859709171E1,1.243294477E0,1.066361547E0,5.920593143E-1
2.860708671E1,1.236748099E0,1.086650372E0,5.737141371E-1
2.861708171E1,1.221652269E0,1.072608352E0,5.734994411E-1
2.862707671E1,1.208858728E0,1.029593110E0,5.914627314E-1
2.863707171E1,1.196819901E0,9.659574032E-1,6.179422736E-1
2.864706671E1,1.172481537E0,8.797975183E-1,6.490376592E-1
2.865706071E1,1.152024984E0,7.964149714E-1,6.753779054E-1
2.866705571E1,1.145357966E0,7.459459901E-1,6.911101937E-1
2.867705071E1,1.133233190E0,7.279563546E-1,6.873160005E-1
2.868704571E1,1.112076759E0,7.229682207E-1,6.696691513E-1
2.869704071E1,1.096775055E0,7.239966989E-1,6.663638949E-1
2.870703571E1,1.077411413E0,7.367591858E-1,6.784368753E-1
2.871702971E1,1.068790793E0,7.384870648E-1,7.101548314E-1
2.872702471E1,1.050283432E0,7.302231193E-1,7.414645553E-1
2.873701971E1,1.029853225E0,6.881353259E-1,7.659451365E-1
2.874701471E1,1.007481217E0,6.365344524E-1,7.863460779E-1
2.875700971E1,9.842550755E-1,5.868958235E-1,8.166341782E-1
2.876700471E1,9.570112228E-1,5.467385650E-1,8.389222026E-1
2.877699971E1,9.272908568E-1,5.024430156E-1,8.518233299E-1
2.878699371E1,9.106357694E-1,4.695529640E-1,8.507765532E-1
2.879698871E1,9.029206038E-1,4.572297037E-1,8.341887593E-1
2.880698371E1,8.934441805E-1,4.532909691E-1,8.148353100E-1
2.881697871E1,8.681643605E-1,4.365953505E-1,8.081334829E-1
2.882697371E1,8.450961113E-1,4.085054100E-1,8.100358844E-1
2.883696871E1,8.095226884E-1,3.588528931E-1,8.119975924E-1
2.884696271E1,7.855399251E-1,3.013879657E-1,8.041300178E-1
2.885695771E1,7.619110346E-1,2.576998770E-1,7.845395207E-1
2.886695271E1,7.379302382E-1,2.352062464E-1,7.536000013E-1
2.887694771E1,7.192090154E-1,2.413813174E-1,7.126088738E-1
2.888694271E1,6.930696368E-1,2.654983103E-1,6.743951440E-1
2.889693771E1,6.584045887E-1,2.834325433E-1,6.386389732E-1
2.890693171E1,6.042816639E-1,2.864207327E-1,6.042037010E-1
2.891692671E1,5.394094586E-1,2.680662274E-1,5.710388422E-1
2.892692171E1,4.771117568E-1,2.360539287E-1,5.300731659E-1
2.893691671E1,4.135479629E-1,1.968199760E-1,4.772291481E-1
2.894691171E1,3.643511236E-1,1.538394243E-1,4.084793925E-1
2.895690671E1,3.248745501E-1,1.163761988E-1,3.385341167E-1
2.896690071E1,2.878387570E-1,9.777987748E-2,2.669936419E-1
2.897689571E1,2.409007996E-1,1.010395885E-1,2.011456490E-1
2.898689071E1,1.884421706E-1,1.097263172E-1,1.328775585E-1
2.899688571E1,1.397465318E-1,1.159679666E-1,6.202468649E-2
2.900688071E1,8.913946897E-2,1.026936397E-1,-1.951792091E-2
2.901687571E1,3.286580741E-2,7.283242047E-2,-9.465208650E-2
2.902686971E1,-3.527995571E-2,3.386851028E-2,-1.617570966E-1
2.903686471E1,-1.010078043E-1,-9.183655493E-3,-2.114048898E-1
2.904685971E1,-1.678880900E-1,-2.844995819E-2,-2.536991835E-1
2.905685471E1,-2.302121818E-1,-1.774058864E-2,-3.024677932E-1
2.906684971E1,-2.860721648E-1,1.144182682E-2,-3.541607261E-1
2.907684471E1,-3.352125585E-1,6.902682781E-2,-4.126853049E-1
2.908683871E1,-3.791962266E-1,1.254102737E-1,-4.687981904E-1
2.909683371E1,-4.134514034E-1,1.656498313E-1,-5.257033110E-1
2.910682871E1,-4.493010640E-1,1.582399011E-1,-5.595670938E-1
2.911682371E1,-4.779481590E-1,1.280327290E-1,-5.879803896E-1
2.912681871E1,-5.050503612E-1,7.825328410E-2,-6.155536175E-1
2.913681371E1,-5.268254280E-1,9.599920362E-3,-6.431205273E-1
2.914680771E1,-5.451352000E-1,-5.215605721E-2,-6.535652280E-1
2.915680271E1,-5.567822456E-1,-8.083643764E-2,-6.550731063E-1
2.916679771E1,-5.708594322E-1,-7.444892079E-2,-6.509028077E-1
2.917679271E1,-5.923074484E-1,-3.141756356E-2,-6.565212607E-1
2.918678771E1,-6.113908291E-1,3.893779591E-2,-6.846281290E-1
2.919678271E1,-6.346181631E-1,1.045375839E-1,-7.285918593E-1
2.920677771E1,-6.448098421E-1,1.508001834E-1,-7.752535939E-1
2.921677171E1,-6.533719301E-1,1.974920481E-1,-8.042719364E-1
2.922676671E1,-6.510916948E-1,2.553417981E-1,-8.234692812E-1
2.923676171E1,-6.477864981E-1,3.088372350E-1,-8.414487839E-1
2.924675671E1,-6.442010403E-1,3.246713579E-1,-8.549454808E-1
2.925675171E1,-6.437171698E-1,2.950511575E-1,-8.717591166E-1
2.926674671E1,-6.322791576E-1,2.097413093E-1,-8.908714652E-1
2.927674071E1,-6.333550811E-1,6.603420526E-2,-8.982740045E-1
2.928673571E1,-6.579973102E-1,-1.050376147E-1,-8.876385093E-1
2.929673071E1,-6.691431403E-1,-2.459569126E-1,-8.720979095E-1
2.930672571E1,-6.919219494E-1,-3.586234152E-1,-8.705805540E-1
2.931672071E1,-7.048428059E-1,-4.357847869E-1,-8.762605190E-1
2.932671571E1,-7.214869857E-1,-4.498284757E-1,-8.869106770E-1
2.933670971E1,-7.241663933E-1,-4.151173830E-1,-8.887008429E-1
2.934670471E1,-7.339655161E-1,-3.353933096E-1,-8.874987960E-1
2.935669971E1,-7.423382401E-1,-2.446372956E-1,-9.042814970E-1
2.936669471E1,-7.578642368E-1,-1.823343784E-1,-9.319792986E-1
2.937668971E1,-7.642419934E-1,-1.633878499E-1,-9.508805275E-1
2.938668471E1,-7.709635496E-1,-1.637752652E-1,-9.529095292E-1
2.939667871E1,-7.722061872E-1,-1.753885150E-1,-9.467440844E-1
2.940667371E1,-7.804316282E-1,-2.050481290E-1,-9.376965761E-1
2.941666871E1,-8.016971946E-1,-2.563515604E-1,-9.273227453E-1
2.942666371E1,-8.139410615E-1,-3.043663800E-1,-9.171777964E-1
2.943665871E1,-8.301714063E-1,-3.414884508E-1,-9.171660542E-1
2.944665371E1,-8.395886421E-1,-3.687786460E-1,-9.281629920E-1
2.945664771E1,-8.400379419E-1,-3.669525087E-1,-9.429033399E-1
2.946664271E1,-8.259873390E-1,-3.408766985E-1,-9.529940486E-1
2.947663771E1,-8.095231652E-1,-2.995249927E-1,-9.579470158E-1
2.948663271E1,-7.949373126E-1,-2.680144608E-1,-9.488320351E-1
2.949662771E1,-7.865624428E-1,-2.510104477E-1,-9.328877330E-1
2.950662271E1,-7.900863886E-1,-2.454286814E-1,-9.243032932E-1
2.951661671E1,-7.839709520E-1,-2.479837239E-1,-9.297409058E-1
2.952661171E1,-7.694876194E-1,-2.615865767E-1,-9.451193213E-1
2.953660671E1,-7.674385905E-1,-3.013659418E-1,-9.596745968E-1
2.954660138E1,-7.740871310E-1,-3.636281788E-1,-9.621462226E-1
2.955659638E1,-7.710722089E-1,-4.250617027E-1,-9.482796788E-1
2.956659137E1,-7.689563036E-1,-4.839789271E-1,-9.217141271E-1
2.957658537E1,-7.692356706E-1,-5.240898132E-1,-9.005913138E-1
2.958658038E1,-7.588333488E-1,-5.130498409E-1,-8.860518336E-1
2.959657538E1,-7.416054010E-1,-4.723873734E-1,-8.800525069E-1
2.960657038E1,-7.434157729E-1,-4.131910503E-1,-8.724126220E-1
2.961656538E1,-7.435377836E-1,-3.471715450E-1,-8.670700788E-1
2.962656037E1,-7.432695627E-1,-2.926447690E-1,-8.608505726E-1
2.963655437E1,-7.368332744E-1,-2.507732511E-1,-8.489662409E-1
2.964654938E1,-7.245957851E-1,-2.115169168E-1,-8.269207478E-1
2.965654438E1,-7.101702094E-1,-1.718579233E-1,-7.995088100E-1
2.966653938E1,-6.994978189E-1,-1.591949314E-1,-7.701143622E-1
2.967653438E1,-7.008877397E-1,-1.780653000E-1,-7.351089716E-1
2.968652938E1,-7.049029469E-1,-2.102144361E-1,-7.035529017E-1
2.969652338E1,-7.056848407E-1,-2.385677844E-1,-6.844439507E-1
2.970651838E1,-6.994935870E-1,-2.506988645E-1,-6.781246662E-1
2.971651338E1,-6.910324693E-1,-2.320708632E-1,-6.796799302E-1
2.972650838E1,-6.792548895E-1,-1.697507948E-1,-6.975555420E-1
2.973650338E1,-6.527298093E-1,-6.762549281E-2,-7.224646211E-1
2.974649838E1,-6.299901605E-1,2.886286564E-2,-7.463276386E-1
2.975649238E1,-6.208808422E-1,8.211623132E-2,-7.425949574E-1
2.976648737E1,-6.180086136E-1,7.834649086E-2,-7.147636414E-1
2.977648238E1,-6.144468784E-1,2.416980639E-2,-6.795728803E-1
2.978647738E1,-6.209306121E-1,-7.994727045E-2,-6.513926387E-1
2.979647238E1,-6.321286559E-1,-2.038990557E-1,-6.211612225E-1
2.980646738E1,-6.472772956E-1,-3.145569861E-1,-5.969277620E-1
2.981646138E1,-6.498682499E-1,-3.821879625E-1,-5.718660951E-1
2.982645637E1,-6.552965641E-1,-4.077447951E-1,-5.578454137E-1
2.983645138E1,-6.598444581E-1,-3.871194124E-1,-5.570749044E-1
2.984644638E1,-6.683125496E-1,-3.360682428E-1,-5.750094652E-1
2.985644138E1,-6.652424335E-1,-2.758581638E-1,-5.933243036E-1
2.986643638E1,-6.655811667E-1,-2.162806541E-1,-5.989280939E-1
2.987643038E1,-6.675966382E-1,-1.681653261E-1,-5.990287662E-1
2.988642537E1,-6.757389903E-1,-1.527663171E-1,-5.887395740E-1
2.989642038E1,-6.795971394E-1,-1.577914357E-1,-5.786784291E-1
2.990641538E1,-6.872422695E-1,-1.789959967E-1,-5.638074875E-1
2.991641038E1,-6.954740882E-1,-2.137105614E-1,-5.598859787E-1
2.992640538E1,-6.968144774E-1,-2.446255684E-1,-5.551672578E-1
2.993639938E1,-6.942203045E-1,-2.636706233E-1,-5.615660548E-1
2.994639438E1,-6.893230081E-1,-2.770096362E-1,-5.769132972E-1
2.995638938E1,-6.836773753E-1,-2.723498940E-1,-5.904527903E-1
2.996638438E1,-6.866129041E-1,-2.564074993E-1,-6.092671752E-1
2.997637938E1,-6.947850585E-1,-2.417981923E-1,-6.231129169E-1
2.998637438E1,-7.059656382E-1,-2.177827060E-1,-6.277098060E-1
2.999636938E1,-7.060636282E-1,-2.055508047E-1,-6.237220168E-1
3.000636338E1,-7.142539024E-1,-2.115556002E-1,-6.098853350E-1
3.001635837E1,-7.211546898E-1,-2.297015786E-1,-5.882484913E-1
3.002635338E1,-7.299947739E-1,-2.606670558E-1,-5.667486191E-1
3.003634838E1,-7.352628112E-1,-2.990360260E-1,-5.631498694E-1
3.004634338E1,-7.459939718E-1,-3.385130763E-1,-5.684787631E-1
3.005633838E1,-7.545390129E-1,-3.660829365E-1,-5.927188396E-1
3.006633238E1,-7.615572214E-1,-3.865957856E-1,-6.157013178E-1
3.007632737E1,-7.597734332E-1,-3.913122416E-1,-6.267749667E-1
3.008632238E1,-7.575137615E-1,-4.017592072E-1,-6.145418286E-1
3.009631738E1,-7.620059848E-1,-4.305924475E-1,-5.904396772E-1
3.010631238E1,-7.665410638E-1,-4.825129807E-1,-5.629583001E-1
3.011630738E1,-7.747257948E-1,-5.648552775E-1,-5.471308827E-1
3.012630138E1,-7.745939493E-1,-6.562449932E-1,-5.411626697E-1
3.013629638E1,-7.812774181E-1,-7.374439836E-1,-5.457177758E-1
3.014629138E1,-7.816809416E-1,-8.016038537E-1,-5.602548718E-1
3.015628638E1,-7.891135812E-1,-8.452200294E-1,-5.747606158E-1
3.016628138E1,-7.877200842E-1,-8.791505098E-1,-5.796878934E-1
3.017627638E1,-7.904727459E-1,-8.983939886E-1,-5.739173293E-1
3.018627038E1,-7.818015218E-1,-9.045044184E-1,-5.521057844E-1
3.019626538E1,-7.690687180E-1,-8.806334734E-1,-5.333456993E-1
3.020626038E1,-7.575792670E-1,-8.328909874E-1,-5.317109227E-1
3.021625538E1,-7.478272915E-1,-7.846704721E-1,-5.399832129E-1
3.022625038E1,-7.340005040E-1,-7.249195576E-1,-5.597184896E-1
3.023624538E1,-7.283780575E-1,-6.625317931E-1,-5.817625523E-1
3.024623938E1,-7.232080698E-1,-6.003664136E-1,-5.998406410E-1
3.025623438E1,-7.154102921E-1,-5.507130623E-1,-6.031078100E-1
3.026622937E1,-7.073203921E-1,-5.186278820E-1,-5.834004879E-1
3.027622438E1,-7.117010355E-1,-5.161993504E-1,-5.458118320E-1
3.028621938E1,-7.066510320E-1,-5.652429461E-1,-5.082318187E-1
3.029621438E1,-7.057658434E-1,-6.518915892E-1,-4.862788618E-1
3.030620838E1,-6.996531487E-1,-7.487072349E-1,-4.834438562E-1
3.031620338E1,-6.887461543E-1,-8.130284548E-1,-4.990643859E-1
3.032619837E1,-6.716313362E-1,-8.297191858E-1,-5.294933915E-1
3.033619338E1,-6.582289934E-1,-8.119005561E-1,-5.610270500E-1
3.034618838E1,-6.587528586E-1,-7.801889777E-1,-5.878428817E-1
3.035618338E1,-6.590090394E-1,-7.432456017E-1,-5.903531909E-1
3.036617738E1,-6.502541304E-1,-7.023478746E-1,-5.729571581E-1
3.037617238E1,-6.534643173E-1,-6.775133610E-1,-5.310238600E-1
3.038616738E1,-6.605749726E-1,-6.869462729E-1,-4.797095954E-1
3.039616238E1,-6.671090126E-1,-7.219932079E-1,-4.368750453E-1
3.040615738E1,-6.700542569E-1,-7.736705542E-1,-4.172700942E-1
3.041615238E1,-6.703737974E-1,-8.397132158E-1,-4.149078727E-1
3.042614638E1,-6.710156202E-1,-8.940514922E-1,-4.181497693E-1
3.043614138E1,-6.728723645E-1,-9.250525832E-1,-4.168264568E-1
3.044613638E1,-6.795874834E-1,-9.358886480E-1,-4.051408470E-1
3.045613138E1,-6.859543324E-1,-9.376165271E-1,-3.774301410E-1
3.046612638E1,-7.049112916E-1,-9.303801060E-1,-3.508196771E-1
3.047612038E1,-7.245760560E-1,-9.383584261E-1,-3.364894688E-1
3.048611538E1,-7.392690182E-1,-9.706445336E-1,-3.376441896E-1
3.049611038E1,-7.479312420E-1,-1.012239575E0,-3.522982299E-1
3.050610538E1,-7.471083403E-1,-1.053807974E0,-3.697464466E-1
3.051610037E1,-7.450323701E-1,-1.102001548E0,-3.792526126E-1
3.052609538E1,-7.417249680E-1,-1.152489185E0,-3.842658401E-1
3.053608938E1,-7.422149777E-1,-1.198273182E0,-3.867516518E-1
3.054608521E1,-7.406271696E-1,-1.238712668E0,-3.835810721E-1
3.055608021E1,-7.410660982E-1,-1.284113526E0,-3.863398433E-1
3.056607521E1,-7.384750843E-1,-1.336708426E0,-3.935725093E-1
3.057607021E1,-7.411174774E-1,-1.393465161E0,-3.995073438E-1
3.058606521E1,-7.393766046E-1,-1.457151055E0,-4.032265544E-1
3.059605921E1,-7.367597818E-1,-1.531068444E0,-3.993822634E-1
3.060605421E1,-7.360534668E-1,-1.607205153E0,-3.849867880E-1
3.061604921E1,-7.341828942E-1,-1.687055588E0,-3.571170866E-1
3.062604421E1,-7.388955951E-1,-1.759587288E0,-3.197225630E-1
3.063603921E1,-7.391768694E-1,-1.820572257E0,-2.687160969E-1
3.064603421E1,-7.434160709E-1,-1.862670302E0,-2.141444534E-1
3.065602821E1,-7.402170897E-1,-1.886460662E0,-1.774021387E-1
3.066602321E1,-7.370297909E-1,-1.888828278E0,-1.550869346E-1
3.067601821E1,-7.308094501E-1,-1.874138594E0,-1.360938102E-1
3.068601321E1,-7.241213918E-1,-1.840328097E0,-1.146679968E-1
3.069600821E1,-7.172245979E-1,-1.790642023E0,-8.339183778E-2
3.070600321E1,-7.183243036E-1,-1.738338947E0,-4.656684771E-2
3.071599721E1,-7.189333439E-1,-1.695692897E0,-1.194548886E-2
3.072599221E1,-7.164177895E-1,-1.654934764E0,1.378655899E-2
3.073598721E1,-7.136036158E-1,-1.627416372E0,2.407648042E-2
3.074598221E1,-7.049152851E-1,-1.593928814E0,2.210863866E-2
3.075597721E1,-6.930562258E-1,-1.560701132E0,2.742244489E-2
3.076597221E1,-6.796682477E-1,-1.524187446E0,3.844166547E-2
3.077596621E1,-6.569325924E-1,-1.483457565E0,5.342034996E-2
3.078596121E1,-6.301899552E-1,-1.456328034E0,7.287118584E-2
3.079595621E1,-5.995481610E-1,-1.441831350E0,9.137456119E-2
3.080595121E1,-5.696680546E-1,-1.426424980E0,1.077972874E-1
3.081594621E1,-5.376834869E-1,-1.396294236E0,1.093115583E-1
3.082594121E1,-5.116643310E-1,-1.357200623E0,1.100471765E-1
3.083593521E1,-4.843171239E-1,-1.310478687E0,1.169439629E-1
3.084593021E1,-4.601731598E-1,-1.264140725E0,1.281591356E-1
3.085592521E1,-4.359573126E-1,-1.229046106E0,1.383483857E-1
3.086592021E1,-4.151065946E-1,-1.203784466E0,1.412194073E-1
3.087591521E1,-3.949323595E-1,-1.183099747E0,1.426902711E-1
3.088591021E1,-3.758087754E-1,-1.166812778E0,1.420462579E-1
3.089590421E1,-3.560649157E-1,-1.141939163E0,1.478010863E-1
3.090589921E1,-3.455779254E-1,-1.102265835E0,1.561999172E-1
3.091589421E1,-3.325904906E-1,-1.058820009E0,1.645766199E-1
3.092588921E1,-3.205619752E-1,-1.011284113E0,1.734423488E-1
3.093588421E1,-3.102496862E-1,-9.601058960E-1,1.787316650E-1
3.094587921E1,-2.939229310E-1,-9.022570252E-1,1.803189963E-1
3.095587321E1,-2.745172977E-1,-8.341317773E-1,1.747274250E-1
3.096586821E1,-2.533071339E-1,-7.480717301E-1,1.674597561E-1
3.097586321E1,-2.383204401E-1,-6.425032616E-1,1.555082947E-1
3.098585821E1,-2.286395878E-1,-5.294533968E-1,1.570356041E-1
3.099585321E1,-2.292824686E-1,-4.264226258E-1,1.673713326E-1
3.100584821E1,-2.318683714E-1,-3.375845551E-1,1.849204004E-1
3.101584221E1,-2.318686396E-1,-2.575989068E-1,2.005395740E-1
3.102583721E1,-2.312587500E-1,-1.896412820E-1,2.067865133E-1
3.103583221E1,-2.361725420E-1,-1.376438588E-1,2.057968825E-1
3.104582721E1,-2.422975898E-1,-1.054992974E-1,2.121060044E-1
3.105582221E1,-2.417809367E-1,-9.046523273E-2,2.186840177E-1
3.106581721E1,-2.434294075E-1,-8.542309701E-2,2.259786129E-1
3.107581121E1,-2.541323900E-1,-9.687708318E-2,2.320812345E-1
3.108580621E1,-2.480439097E-1,-1.200695857E-1,2.290791720E-1
3.109580121E1,-2.406717539E-1,-1.331001818E-1,2.124136537E-1
3.110579621E1,-2.215286791E-1,-1.385626197E-1,1.765709668E-1
3.111579121E1,-2.017680258E-1,-1.438585818E-1,1.418292224E-1
3.112578621E1,-1.795918941E-1,-1.519181579E-1,1.236015186E-1
3.113578021E1,-1.631199867E-1,-1.604181677E-1,1.217077449E-1
3.114577521E1,-1.474565715E-1,-1.656215042E-1,1.173768342E-1
3.115577021E1,-1.293902099E-1,-1.733465344E-1,9.983246773E-2
3.116576521E1,-1.201557145E-1,-1.672223806E-1,8.498456329E-2
3.117576021E1,-1.032265276E-1,-1.446723342E-1,7.426694036E-2
3.118575521E1,-8.042609692E-2,-1.121278852E-1,6.086472794E-2
3.119574921E1,-5.593646690E-2,-6.884725392E-2,4.377469048E-2
3.120574421E1,-2.524572238E-2,-2.510659210E-2,2.768906951E-2
3.121573921E1,1.671131514E-2,1.267088018E-2,1.757145487E-2
3.122573421E1,6.283572316E-2,5.526294559E-2,1.569566131E-2
3.123572921E1,1.007575393E-1,1.127233058E-1,1.225619018E-2
3.124572421E1,1.342933625E-1,1.769017279E-1,6.065235008E-3
3.125571821E1,1.606317461E-1,2.467434108E-1,-7.634598296E-3
3.126571321E1,1.724668294E-1,3.000248671E-1,-2.248221263E-2
3.127570821E1,1.928008646E-1,3.478027880E-1,-3.231966123E-2
3.128570321E1,2.078988254E-1,3.940071166E-1,-3.531460091E-2
3.129569821E1,2.250929922E-1,4.433520436E-1,-2.548673749E-2
3.130569221E1,2.337275147E-1,4.968632162E-1,-6.516326219E-3
3.131568721E1,2.488928884E-1,5.652707219E-1,1.896719635E-2
3.132568221E1,2.732365727E-1,6.489699483E-1,3.162366524E-2
3.133567721E1,2.956995368E-1,7.333053350E-1,2.932296135E-2
3.134567221E1,3.248127103E-1,8.042662740E-1,1.704174094E-2
3.135566721E1,3.582912982E-1,8.514425755E-1,2.445753664E-3
3.136566121E1,3.868023455E-1,8.492486477E-1,-1.853286102E-2
3.137565621E1,4.206766784E-1,8.091241717E-1,-4.242567718E-2
3.138565121E1,4.508942068E-1,7.496068478E-1,-5.512303486E-2
3.139564621E1,4.673653245E-1,6.994110346E-1,-4.580862820E-2
3.140564121E1,4.780113101E-1,6.926733851E-1,-3.170875460E-2
3.141563621E1,4.824651778E-1,7.236611843E-1,-2.107741497E-2
3.142563021E1,4.889028668E-1,7.762272954E-1,-3.647461906E-2
3.143562521E1,5.088028312E-1,8.230478168E-1,-7.424170524E-2
3.144562021E1,5.384054184E-1,8.649498820E-1,-1.221311614E-1
3.145561521E1,5.800570250E-1,8.779839277E-1,-1.660522670E-1
3.146561021E1,6.242186427E-1,8.651528955E-1,-1.955896169E-1
3.147560521E1,6.669077277E-1,8.269668818E-1,-2.244670689E-1
3.148559921E1,7.011157274E-1,7.660031319E-1,-2.625648379E-1
3.149559421E1,7.348065972E-1,6.872265339E-1,-3.011772037E-1
3.150558921E1,7.670205235E-1,6.101359129E-1,-3.366463780E-1
3.151558421E1,8.030437827E-1,5.400832891E-1,-3.634699881E-1
3.152557921E1,8.394445777E-1,4.845064282E-1,-3.811216354E-1
3.153557421E1,8.802623153E-1,4.525860250E-1,-3.873326480E-1
3.154556725E1,9.278094172E-1,4.435899854E-1,-3.879217803E-1
3.155556225E1,9.893145561E-1,4.572879374E-1,-3.769231737E-1
3.156555725E1,1.050035119E0,5.055196285E-1,-3.573310077E-1
3.157555225E1,1.104637146E0,5.694720149E-1,-3.348672390E-1
3.158554725E1,1.150447249E0,6.503500938E-1,-3.231917024E-1
3.159554225E1,1.185674191E0,7.395317554E-1,-3.160120547E-1
3.160553625E1,1.230977416E0,8.327517509E-1,-2.939086258E-1
3.161553125E1,1.272040486E0,9.484863877E-1,-2.541404366E-1
3.162552625E1,1.316181779E0,1.087802529E0,-2.008916587E-1
3.163552125E1,1.359206557E0,1.229775906E0,-1.477959454E-1
3.164551625E1,1.396471381E0,1.360128999E0,-8.779148757E-2
3.165551125E1,1.437274694E0,1.476843596E0,-1.241656952E-2
3.166550525E1,1.472662807E0,1.587967873E0,7.996800542E-2
3.167550025E1,1.500380754E0,1.700778127E0,1.780447662E-1
3.168549525E1,1.524929762E0,1.821874022E0,2.644150257E-1
3.169549025E1,1.551748037E0,1.947472453E0,3.371289074E-1
3.170548525E1,1.573449373E0,2.086020708E0,3.712283671E-1
3.171547925E1,1.590464830E0,2.200168133E0,3.918468058E-1
3.172547425E1,1.607918620E0,2.257262230E0,4.078358710E-1
3.173546925E1,1.626212716E0,2.261870861E0,4.423171580E-1
3.174546425E1,1.627802253E0,2.212744236E0,4.902324677E-1
3.175545925E1,1.638251185E0,2.094301939E0,5.439218283E-1
3.176545425E1,1.649063945E0,1.902988076E0,5.934309959E-1
3.177544825E1,1.663673759E0,1.654848218E0,6.257250309E-1
3.178544325E1,1.683106303E0,1.364487290E0,6.456845999E-1
3.179543825E1,1.709093690E0,1.071382642E0,6.547164917E-1
3.180543325E1,1.738245726E0,8.099897504E-1,6.622924805E-1
3.181542825E1,1.760509014E0,6.103099585E-1,6.630839705E-1
3.182542325E1,1.785062551E0,4.708784223E-1,6.721453667E-1
3.183541725E1,1.803493500E0,3.799900711E-1,6.909616590E-1
3.184541225E1,1.825718045E0,3.453487158E-1,7.116737366E-1
3.185540725E1,1.843809128E0,3.515517414E-1,7.251264453E-1
3.186540225E1,1.851180792E0,3.782491386E-1,7.345448136E-1
3.187539725E1,1.854578495E0,4.149693251E-1,7.377422452E-1
3.188539225E1,1.860642433E0,4.781566262E-1,7.472905517E-1
3.189538625E1,1.866120577E0,5.811698437E-1,7.668160200E-1
3.190538125E1,1.869091392E0,7.175604105E-1,7.928991318E-1
3.191537625E1,1.851279378E0,8.696497679E-1,8.110421300E-1
3.192537125E1,1.838847160E0,9.941143394E-1,8.210926652E-1
3.193536625E1,1.825098634E0,1.061511397E0,8.404397368E-1
3.194536125E1,1.810532689E0,1.079745293E0,8.669846654E-1
3.195535525E1,1.789137721E0,1.055147052E0,8.978735805E-1
3.196535025E1,1.765841365E0,9.932770133E-1,9.363204837E-1
3.197534525E1,1.739524007E0,9.164658189E-1,9.642437696E-1
3.198534025E1,1.719266653E0,8.597527146E-1,9.720523357E-1
3.199533525E1,1.708633542E0,8.594288826E-1,9.630506039E-1
3.200533025E1,1.689272046E0,8.961446881E-1,9.311161637E-1
3.201532425E1,1.666729212E0,9.058910608E-1,8.991859555E-1
3.202531925E1,1.664456964E0,8.780138493E-1,8.947229981E-1
3.203531425E1,1.662898540E0,8.054307103E-1,9.082154036E-1
3.204530925E1,1.673192143E0,7.051786780E-1,9.259927869E-1
3.205530425E1,1.679324389E0,5.770944953E-1,9.299268126E-1
3.206529825E1,1.683403492E0,4.416841567E-1,9.243983626E-1
3.207529325E1,1.705510378E0,3.461554945E-1,9.117736220E-1
3.208528825E1,1.724904656E0,3.180059791E-1,8.858559132E-1
3.209528325E1,1.733260274E0,3.453518450E-1,8.345732689E-1
3.210527825E1,1.738697410E0,3.980313838E-1,7.817701697E-1
3.211527325E1,1.731971622E0,4.709253013E-1,7.329775691E-1
3.212526725E1,1.723670363E0,5.493732691E-1,7.132672668E-1
3.213526225E1,1.719022036E0,6.354927421E-1,7.139269710E-1
3.214525725E1,1.701217175E0,7.301909328E-1,7.143802047E-1
3.215525225E1,1.690848112E0,8.262290359E-1,7.006809115E-1
3.216524725E1,1.683147550E0,9.276418090E-1,6.613726020E-1
3.217524225E1,1.675582051E0,1.028371334E0,6.274647117E-1
3.218523625E1,1.666319728E0,1.111572146E0,6.040560603E-1
3.219523125E1,1.652484298E0,1.159959912E0,6.115549803E-1
3.220522625E1,1.631005049E0,1.173483610E0,6.388834119E-1
3.221522125E1,1.592316270E0,1.160645604E0,6.693770885E-1
3.222521625E1,1.559819818E0,1.131828189E0,6.840663552E-1
3.223521125E1,1.515294433E0,1.102336884E0,6.829558015E-1
3.224520525E1,1.473230004E0,1.078105450E0,6.864942908E-1
3.225520025E1,1.428170443E0,1.082315087E0,7.104837894E-1
3.226519525E1,1.388782501E0,1.123167634E0,7.497186661E-1
3.227519025E1,1.372749805E0,1.202143669E0,7.846694589E-1
3.228518525E1,1.365095854E0,1.291229129E0,7.968601584E-1
3.229518025E1,1.341939688E0,1.351565361E0,7.941218615E-1
3.230517425E1,1.317504406E0,1.370765567E0,7.885992527E-1
3.231516925E1,1.297138691E0,1.345208049E0,7.922275066E-1
3.232516425E1,1.269410372E0,1.276613474E0,7.996914983E-1
3.233515925E1,1.228555560E0,1.157483697E0,8.177576065E-1
3.234515425E1,1.192022920E0,1.020188212E0,8.328926563E-1
3.235514825E1,1.161270499E0,8.963496685E-1,8.498554230E-1
3.236514325E1,1.125136495E0,7.969257236E-1,8.645475507E-1
3.237513825E1,1.083904386E0,7.233870625E-1,8.735063672E-1
3.238513325E1,1.053088665E0,6.838017106E-1,8.721764088E-1
3.239512825E1,1.038858652E0,6.867104173E-1,8.601980209E-1
3.240512325E1,1.023496389E0,7.060091496E-1,8.320208192E-1
3.241511725E1,9.933747649E-1,7.069526911E-1,8.003984094E-1
3.242511225E1,9.563341141E-1,6.799298525E-1,7.677758336E-1
3.243510725E1,9.241942763E-1,6.307969093E-1,7.558819056E-1
3.244510225E1,8.963416815E-1,5.873103142E-1,7.523404956E-1
3.245509725E1,8.587642312E-1,5.501842499E-1,7.514105439E-1
3.246509225E1,8.309421539E-1,5.203532577E-1,7.364779711E-1
3.247508625E1,8.068546653E-1,4.991070628E-1,7.153793573E-1
3.248508125E1,7.704128027E-1,4.731721580E-1,6.946839094E-1
3.249507625E1,7.271981835E-1,4.274763167E-1,6.753067374E-1
3.250507125E1,6.828976274E-1,3.742353618E-1,6.403985023E-1
3.251506625E1,6.281411648E-1,3.009411693E-1,5.978838205E-1
3.252506125E1,5.948387980E-1,2.381774038E-1,5.501776338E-1
3.253505525E1,5.714913607E-1,2.128965557E-1,5.036528111E-1
3.254505013E1,5.464206934E-1,2.082163990E-1,4.522843063E-1
3.255504513E1,5.183387399E-1,2.044871747E-1,4.068403840E-1
3.256504013E1,5.007504821E-1,1.948248297E-1,3.668436408E-1
3.257503513E1,4.761806428E-1,1.806751937E-1,3.378157318E-1
3.258503013E1,4.428048134E-1,1.573849171E-1,3.239881098E-1
3.259502413E1,4.034302533E-1,1.461455822E-1,3.029280901E-1
3.260501913E1,3.485428095E-1,1.310334057E-1,2.714609206E-1
3.261501413E1,3.017497361E-1,1.356769055E-1,2.351910621E-1
3.262500913E1,2.694396973E-1,1.820162237E-1,1.923765540E-1
3.263500413E1,2.359363437E-1,2.231045365E-1,1.588585377E-1
3.264499913E1,2.072412819E-1,2.576492727E-1,1.305979341E-1
3.265499313E1,1.748745590E-1,2.697637379E-1,1.066286862E-1
3.266498813E1,1.230345592E-1,2.482511848E-1,7.384511083E-2
3.267498312E1,7.887215912E-2,2.001528889E-1,2.211640589E-2
3.268497813E1,3.148677945E-2,1.386486143E-1,-2.877468616E-2
3.269497313E1,-1.285884716E-2,8.632202446E-2,-6.075632200E-2
3.270496713E1,-4.548918456E-2,7.673528045E-2,-6.549153477E-2
3.271496213E1,-6.792285293E-2,8.151645213E-2,-7.401631773E-2
3.272495713E1,-9.986484796E-2,6.261753291E-2,-9.543868154E-2
3.273495212E1,-1.285151243E-1,2.256359160E-2,-1.240969524E-1
3.274494713E1,-1.547232866E-1,-4.258066043E-2,-1.504518986E-1
3.275494213E1,-1.856559068E-1,-1.152934730E-1,-1.701739430E-1
3.276493613E1,-2.127234042E-1,-1.626713872E-1,-1.952616274E-1
3.277493113E1,-2.406924665E-1,-1.765531003E-1,-2.356002629E-1
3.278492613E1,-2.621887624E-1,-1.526797414E-1,-2.737706304E-1
3.279492113E1,-2.810538113E-1,-1.021755412E-1,-2.947688699E-1
3.280491613E1,-3.023750186E-1,-6.389037520E-2,-3.053587675E-1
3.281491113E1,-3.351974189E-1,-5.817363411E-2,-3.083204925E-1
3.282490513E1,-3.689345717E-1,-7.816725224E-2,-3.155382872E-1
3.283490013E1,-3.968796432E-1,-8.656579256E-2,-3.380508125E-1
3.284489513E1,-4.152590036E-1,-7.947772741E-2,-3.826433420E-1
3.285489013E1,-4.350966215E-1,-7.469069213E-2,-4.132787287E-1
3.286488512E1,-4.562681913E-1,-5.392632261E-2,-4.206523001E-1
3.287488013E1,-4.766184688E-1,-2.523236163E-2,-4.229069054E-1
3.288487413E1,-4.929697812E-1,1.049377490E-3,-4.420691133E-1
3.289486913E1,-5.160385966E-1,7.345090155E-3,-4.698344171E-1
3.290486413E1,-5.361685753E-1,5.851088557E-3,-4.960234761E-1
3.291485913E1,-5.656745434E-1,-1.023333892E-2,-5.039956570E-1
3.292485412E1,-5.852786303E-1,-2.559834719E-2,-5.050940514E-1
3.293484913E1,-5.977946520E-1,-4.327747598E-2,-5.138321519E-1
3.294484313E1,-6.127499938E-1,-5.513359979E-2,-5.351052880E-1
3.295483813E1,-6.297460198E-1,-5.297537148E-2,-5.744822621E-1
3.296483313E1,-6.322575808E-1,-1.327223890E-2,-6.208221912E-1
3.297482813E1,-6.290886998E-1,5.413316563E-2,-6.545242071E-1
3.298482312E1,-6.333172917E-1,1.206018776E-1,-6.635274887E-1
3.299481712E1,-6.484273076E-1,1.763996184E-1,-6.611838937E-1
3.300481213E1,-6.608834267E-1,2.045364231E-1,-6.751800776E-1
3.301480713E1,-6.871134043E-1,1.815650612E-1,-7.052288055E-1
3.302480213E1,-7.018803954E-1,1.241764724E-1,-7.306463122E-1
3.303479713E1,-7.123380899E-1,6.130083650E-2,-7.328767180E-1
3.304479213E1,-7.207326293E-1,1.420665998E-2,-7.149304152E-1
3.305478613E1,-7.269276977E-1,-1.185556781E-2,-6.972907186E-1
3.306478113E1,-7.271085382E-1,-1.618843153E-2,-6.948699355E-1
3.307477613E1,-7.245334983E-1,-8.334503509E-3,-7.176858187E-1
3.308477113E1,-7.333118320E-1,1.021947339E-2,-7.532070279E-1
3.309476613E1,-7.405833006E-1,1.595432311E-2,-7.858467698E-1
3.310476113E1,-7.514626384E-1,1.716236770E-2,-8.102733493E-1
3.311475513E1,-7.531601787E-1,2.420536429E-2,-8.182087541E-1
3.312475012E1,-7.547545433E-1,3.383688256E-2,-8.222196698E-1
3.313474513E1,-7.618113756E-1,4.232224822E-2,-8.254194260E-1
3.314474013E1,-7.707203627E-1,1.557708718E-2,-8.348504901E-1
3.315473513E1,-7.860242128E-1,-3.226660192E-2,-8.486901522E-1
3.316473013E1,-7.936809063E-1,-8.083043993E-2,-8.638333678E-1
3.317472413E1,-7.937834263E-1,-1.273912936E-1,-8.770402670E-1
3.318471912E1,-7.917034626E-1,-1.617722511E-1,-8.809779286E-1
3.319471413E1,-7.935093641E-1,-1.739871055E-1,-8.836836815E-1
3.320470913E1,-7.990612984E-1,-1.778700054E-1,-8.827276230E-1
3.321470413E1,-8.131352663E-1,-1.786532402E-1,-8.863436580E-1
3.322469813E1,-8.315475583E-1,-1.820348501E-1,-8.993133903E-1
3.323469313E1,-8.506086469E-1,-1.819621474E-1,-9.185957313E-1
3.324468812E1,-8.520589471E-1,-1.581022590E-1,-9.393928051E-1
3.325468313E1,-8.345164657E-1,-9.147769213E-2,-9.461303353E-1
3.326467813E1,-8.202427030E-1,1.026391424E-2,-9.439897537E-1
3.327467313E1,-8.148854971E-1,1.092509478E-1,-9.333019853E-1
3.328466813E1,-8.028395772E-1,1.982325763E-1,-9.241980314E-1
3.329466213E1,-8.076997995E-1,2.698308825E-1,-9.300745726E-1
3.330465713E1,-8.015524149E-1,2.986012101E-1,-9.552018046E-1
3.331465213E1,-7.997227907E-1,2.672523260E-1,-9.894271493E-1
3.332464713E1,-7.868751884E-1,1.845576167E-1,-1.004736423E0
3.333464213E1,-7.863689065E-1,7.176023722E-2,-1.001136661E0
3.334463613E1,-7.845907211E-1,-5.342748016E-2,-9.888775349E-1
3.335463113E1,-7.826681733E-1,-1.770942956E-1,-9.762328863E-1
3.336462613E1,-7.936044335E-1,-2.887284160E-1,-9.782312512E-1
3.337462112E1,-8.269677162E-1,-4.036464691E-1,-9.931516051E-1
3.338461613E1,-8.313550353E-1,-5.081717968E-1,-1.017613649E0
3.339461113E1,-8.388422132E-1,-6.218054295E-1,-1.031420231E0
3.340460513E1,-8.548979163E-1,-7.587405443E-1,-1.017843962E0
3.341460013E1,-8.746079803E-1,-8.876807094E-1,-9.714457989E-1
3.342459513E1,-9.097869992E-1,-9.942837954E-1,-9.250245690E-1
3.343459012E1,-9.479306340E-1,-1.060649991E0,-9.037624002E-1
3.344458513E1,-9.724156857E-1,-1.064303160E0,-9.236924648E-1
3.345458013E1,-9.786179066E-1,-9.995434880E-1,-9.641200900E-1
3.346457413E1,-9.734938145E-1,-8.904388547E-1,-9.915449619E-1
3.347456913E1,-9.770190120E-1,-7.635429502E-1,-9.832023382E-1
3.348456413E1,-9.925234318E-1,-6.674140692E-1,-9.467719197E-1
3.349455913E1,-1.011470437E0,-6.323873401E-1,-9.124104977E-1
3.350455413E1,-1.027495027E0,-6.465561390E-1,-9.014118910E-1
3.351454813E1,-1.029767752E0,-6.933934689E-1,-9.132887721E-1
3.352454313E1,-1.031747222E0,-7.486501932E-1,-9.288426638E-1
3.353453813E1,-1.026843786E0,-7.809863091E-1,-9.318594933E-1
3.354453513E1,-1.022977471E0,-7.657657862E-1,-9.336479306E-1
3.355453013E1,-1.006495953E0,-7.120149732E-1,-9.452928305E-1
3.356452513E1,-9.972291589E-1,-6.289670467E-1,-9.693795443E-1
3.357451913E1,-9.941161871E-1,-5.357486606E-1,-1.001705766E0
3.358451413E1,-9.885204434E-1,-4.301286042E-1,-1.033594012E0
3.359450913E1,-9.901058078E-1,-3.308574259E-1,-1.058343530E0
3.360450412E1,-9.845576286E-1,-2.366731018E-1,-1.048804522E0
3.361449913E1,-9.784691334E-1,-1.488590986E-1,-1.011589766E0
3.362449413E1,-9.730272889E-1,-8.001154661E-2,-9.790199995E-1
3.363448813E1,-9.673185349E-1,-5.179242790E-2,-9.621976018E-1
3.364448313E1,-9.565044641E-1,-6.693615764E-2,-9.572652578E-1
3.365447813E1,-9.446116090E-1,-1.131723672E-1,-9.536238909E-1
3.366447312E1,-9.288368225E-1,-1.774305552E-1,-9.481910467E-1
3.367446813E1,-9.231115580E-1,-2.413248420E-1,-9.463425875E-1
3.368446313E1,-9.214649200E-1,-3.110235333E-1,-9.427588582E-1
3.369445713E1,-9.117012620E-1,-3.637154996E-1,-9.236392379E-1
3.370445213E1,-9.047101140E-1,-3.897091746E-1,-8.816306591E-1
3.371444713E1,-8.895586133E-1,-4.006195962E-1,-8.319342136E-1
3.372444213E1,-8.815258145E-1,-4.197619557E-1,-7.771687508E-1
3.373443713E1,-8.705335855E-1,-4.574984312E-1,-7.378194332E-1
3.374443113E1,-8.621983528E-1,-5.032409430E-1,-7.194606066E-1
3.375442613E1,-8.550522923E-1,-5.355578661E-1,-7.209548950E-1
3.376442113E1,-8.522677422E-1,-5.401759744E-1,-7.367353439E-1
3.377441613E1,-8.484597206E-1,-5.208270550E-1,-7.474763393E-1
3.378441113E1,-8.402707577E-1,-4.595153034E-1,-7.421801090E-1
3.379440613E1,-8.327936530E-1,-3.775165677E-1,-7.088264227E-1
3.380440013E1,-8.197950721E-1,-2.998859286E-1,-6.571239233E-1
3.381439513E1,-8.137123585E-1,-2.532406747E-1,-6.076493263E-1
3.382439013E1,-8.147822022E-1,-2.395382375E-1,-5.807774067E-1
3.383438513E1,-8.181867599E-1,-2.632291615E-1,-5.806967020E-1
3.384438013E1,-8.176978230E-1,-2.963640988E-1,-5.966704488E-1
3.385437512E1,-8.140607476E-1,-3.126722276E-1,-6.113497615E-1
3.386436912E1,-8.073772788E-1,-3.161366880E-1,-6.151282191E-1
3.387436413E1,-7.937831283E-1,-3.192597628E-1,-5.904335380E-1
3.388435913E1,-7.863819599E-1,-3.343011737E-1,-5.540457368E-1
3.389435413E1,-7.771855593E-1,-3.647001088E-1,-5.176709294E-1
3.390434913E1,-7.753165364E-1,-4.026243091E-1,-4.970251918E-1
3.391434412E1,-7.746467590E-1,-4.473448992E-1,-4.948083758E-1
3.392433812E1,-7.710144520E-1,-4.820562601E-1,-5.061237216E-1
3.393433313E1,-7.596698999E-1,-5.078412294E-1,-5.211812854E-1
3.394432813E1,-7.512663007E-1,-5.309822559E-1,-5.248653889E-1
3.395432313E1,-7.443122864E-1,-5.748176575E-1,-5.076019764E-1
3.396431813E1,-7.384620905E-1,-6.393586993E-1,-4.846511483E-1
3.397431313E1,-7.336271405E-1,-7.134800553E-1,-4.593457878E-1
3.398430713E1,-7.216583490E-1,-7.774786949E-1,-4.431021214E-1
3.399430213E1,-7.084820867E-1,-8.279610276E-1,-4.407643974E-1
3.400429713E1,-6.887611151E-1,-8.698344231E-1,-4.491262138E-1
3.401429213E1,-6.721121073E-1,-9.112769365E-1,-4.603991210E-1
3.402428713E1,-6.527488232E-1,-9.521708488E-1,-4.775833189E-1
3.403428113E1,-6.389709115E-1,-1.003770113E0,-4.896032512E-1
3.404427613E1,-6.343991160E-1,-1.082791448E0,-4.905732572E-1
3.405427113E1,-6.335974932E-1,-1.187616587E0,-4.744768441E-1
3.406426613E1,-6.415465474E-1,-1.297394514E0,-4.564976990E-1
3.407426113E1,-6.463061571E-1,-1.389187813E0,-4.369751215E-1
3.408425613E1,-6.491394639E-1,-1.450877070E0,-4.244934320E-1
3.409425013E1,-6.509861350E-1,-1.490828753E0,-4.243117869E-1
3.410424513E1,-6.482717395E-1,-1.504636407E0,-4.348457754E-1
3.411424012E1,-6.525101662E-1,-1.496178508E0,-4.428302050E-1
3.412423513E1,-6.506587267E-1,-1.467875361E0,-4.334654510E-1
3.413423013E1,-6.617870331E-1,-1.422729611E0,-4.126874804E-1
3.414422413E1,-6.721696258E-1,-1.385567665E0,-3.864358962E-1
3.415421913E1,-6.786847711E-1,-1.367902398E0,-3.684613705E-1
3.416421413E1,-6.911814213E-1,-1.378540039E0,-3.599449396E-1
3.417420912E1,-6.905483603E-1,-1.404395819E0,-3.560061157E-1
3.418420413E1,-6.803763509E-1,-1.435821891E0,-3.525659442E-1
3.419419913E1,-6.618911028E-1,-1.444010139E0,-3.377102911E-1
3.420419313E1,-6.451910734E-1,-1.410118461E0,-3.125765026E-1
3.421418813E1,-6.351584196E-1,-1.336925507E0,-2.890413404E-1
3.422418313E1,-6.293052435E-1,-1.243794084E0,-2.698864639E-1
3.423417813E1,-6.288229823E-1,-1.138206124E0,-2.588005066E-1
3.424417313E1,-6.232017875E-1,-1.038724065E0,-2.468988746E-1
3.425416813E1,-6.229543686E-1,-9.658064842E-1,-2.302892804E-1
3.426416213E1,-6.215336919E-1,-9.241235852E-1,-2.106397599E-1
3.427415713E1,-6.136608720E-1,-9.213786721E-1,-1.935763508E-1
3.428415213E1,-6.004185081E-1,-9.413072467E-1,-1.767452210E-1
3.429414713E1,-5.918420553E-1,-9.716877937E-1,-1.552292705E-1
3.430414212E1,-5.793156028E-1,-9.937978983E-1,-1.341887712E-1
3.431413613E1,-5.700744390E-1,-1.004372239E0,-1.071417183E-1
3.432413113E1,-5.695639253E-1,-9.987094402E-1,-9.065271169E-2
3.433412613E1,-5.657348037E-1,-9.943665862E-1,-8.635011315E-2
3.434412113E1,-5.629723072E-1,-9.871333241E-1,-9.100722522E-2
3.435411613E1,-5.477587581E-1,-9.759325981E-1,-1.083369479E-1
3.436411112E1,-5.244129300E-1,-9.620977640E-1,-1.274996102E-1
3.437410512E1,-4.946766496E-1,-9.339156747E-1,-1.268535256E-1
3.438410013E1,-4.722818136E-1,-8.644677997E-1,-1.109595597E-1
3.439409513E1,-4.617998898E-1,-7.691156864E-1,-8.363419771E-2
3.440409013E1,-4.702938199E-1,-6.487550139E-1,-6.521458924E-2
3.441408513E1,-4.791360497E-1,-5.478244424E-1,-5.179784819E-2
3.442408012E1,-4.869457781E-1,-4.823476970E-1,-4.547522962E-2
3.443407412E1,-4.944329858E-1,-4.664742053E-1,-4.212337360E-2
3.444406913E1,-4.975152910E-1,-4.905620515E-1,-4.310961068E-2
3.445406413E1,-4.925434589E-1,-5.612066388E-1,-4.156231135E-2
3.446405913E1,-4.864099324E-1,-6.719301939E-1,-4.838108271E-2
3.447405413E1,-4.716147184E-1,-8.110982180E-1,-4.968709499E-2
3.448404913E1,-4.440446198E-1,-9.555251002E-1,-5.231191590E-2
3.449404313E1,-4.230831563E-1,-1.065290570E0,-5.614819750E-2
3.450403813E1,-4.062130153E-1,-1.131385446E0,-6.055745855E-2
3.451403313E1,-3.970224559E-1,-1.154693484E0,-6.271168590E-2
3.452402813E1,-4.026465416E-1,-1.147607446E0,-6.110363081E-2
3.453402313E1,-4.015264213E-1,-1.111743450E0,-5.407394841E-2
3.454401521E1,-3.904601634E-1,-1.058003545E0,-3.803087771E-2
3.455401021E1,-3.700076044E-1,-9.844934344E-1,-2.771352418E-2
3.456400521E1,-3.592088223E-1,-8.891682029E-1,-1.485455595E-2
3.457400021E1,-3.447374701E-1,-7.873408794E-1,2.183017321E-3
3.458399521E1,-3.357517123E-1,-6.823903322E-1,1.099704765E-2
3.459399021E1,-3.256985247E-1,-5.880055428E-1,1.950238459E-2
3.460398421E1,-3.099555373E-1,-5.143899322E-1,1.922728121E-2
3.461397921E1,-2.917147279E-1,-4.597210586E-1,2.193436492E-3
3.462397421E1,-2.721782625E-1,-4.180724621E-1,4.973083269E-3
3.463396921E1,-2.486074418E-1,-3.939575255E-1,1.075720228E-2
3.464396421E1,-2.317893505E-1,-3.732558787E-1,2.397540957E-2
3.465395921E1,-2.141065001E-1,-3.537415862E-1,3.435827419E-2
3.466395321E1,-2.054957300E-1,-3.325502276E-1,4.156566411E-2
3.467394821E1,-1.895971894E-1,-3.085964024E-1,4.245356098E-2
3.468394321E1,-1.774523556E-1,-2.838278115E-1,3.785316274E-2
3.469393821E1,-1.577486992E-1,-2.825638652E-1,3.312605247E-2
3.470393321E1,-1.402618289E-1,-2.896920145E-1,3.103571571E-2
3.471392721E1,-1.198654771E-1,-3.139238656E-1,2.599941194E-2
3.472392221E1,-9.038774669E-2,-3.420254886E-1,2.504545636E-2
3.473391721E1,-5.870225653E-2,-3.490892351E-1,3.225463256E-2
3.474391221E1,-2.918585576E-2,-3.207972646E-1,3.541779518E-2
3.475390721E1,-7.326629478E-3,-2.560630143E-1,3.569157049E-2
3.476390221E1,8.087668568E-3,-1.673726439E-1,3.507365286E-2
3.477389621E1,1.443770994E-2,-7.281978428E-2,3.656422347E-2
3.478389121E1,1.963063888E-2,5.149315111E-3,3.517263755E-2
3.479388621E1,2.434070595E-2,6.013746560E-2,3.400750458E-2
3.480388121E1,2.904332057E-2,9.716289490E-2,3.174407408E-2
3.481387621E1,3.510414436E-2,1.201047003E-1,2.879329026E-2
3.482387021E1,3.775615245E-2,1.360304058E-1,2.064020373E-2
3.483386521E1,3.972848877E-2,1.411071867E-1,1.371145807E-2
3.484386021E1,3.960085660E-2,1.372083127E-1,3.824910382E-3
3.485385521E1,3.975745291E-2,1.323336661E-1,-5.614131223E-3
3.486385021E1,3.468314186E-2,1.295366436E-1,-8.850608021E-3
3.487384521E1,3.400403634E-2,1.230081618E-1,-1.119445637E-2
3.488383921E1,3.115331009E-2,1.276193410E-1,-1.337298565E-2
3.489383421E1,3.435895592E-2,1.313152760E-1,-1.342891157E-2
3.490382921E1,3.123723716E-2,1.366102099E-1,-1.423701085E-2
3.491382421E1,2.433671989E-2,1.416260004E-1,-1.606154256E-2
3.492381921E1,1.893075369E-2,1.413172036E-1,-1.517440192E-2
3.493381421E1,1.528461929E-2,1.418682188E-1,-6.870665122E-3
3.494380821E1,1.152451802E-2,1.458636224E-1,2.921735169E-3
3.495380321E1,4.363278393E-3,1.513473392E-1,1.181296445E-2
3.496379821E1,2.073500771E-3,1.563647985E-1,1.742049493E-2
3.497379321E1,2.375503303E-3,1.642546803E-1,1.866845228E-2
3.498378821E1,5.103362724E-3,1.625983268E-1,2.306004800E-2
3.499378321E1,4.468465224E-3,1.509794891E-1,3.429246321E-2
3.500377721E1,5.493515637E-3,1.392096579E-1,4.076154903E-2
3.501377221E1,8.389170282E-3,1.295077652E-1,4.945863411E-2
3.502376721E1,1.084378641E-2,1.195196658E-1,5.213862285E-2
3.503376221E1,1.660367101E-2,1.240920499E-1,5.323398113E-2
3.504375721E1,2.786406875E-2,1.271271557E-1,4.657709226E-2
3.505375121E1,3.538936377E-2,1.394823641E-1,4.747351259E-2
3.506374621E1,5.144524947E-2,1.477521360E-1,4.489729926E-2
3.507374121E1,7.526748627E-2,1.497833282E-1,4.652981833E-2
3.508373621E1,9.648279846E-2,1.525221914E-1,4.812308028E-2
3.509373121E1,1.200797409E-1,1.533933133E-1,5.277748778E-2
3.510372521E1,1.361537427E-1,1.455739439E-1,5.503489077E-2
3.511372021E1,1.578742117E-1,1.348845512E-1,5.342767388E-2
3.512371521E1,1.778988242E-1,1.221511737E-1,5.759463459E-2
3.513371021E1,1.963140517E-1,9.809509665E-2,7.355123013E-2
3.514370521E1,2.173665762E-1,7.566522062E-2,8.984158188E-2
3.515370021E1,2.360521257E-1,5.207787454E-2,1.112456694E-1
3.516369421E1,2.599053383E-1,1.939279772E-2,1.168452799E-1
3.517368921E1,2.846005559E-1,-2.993427217E-2,1.157515198E-1
3.518368421E1,3.154891729E-1,-1.000931561E-1,1.048793495E-1
3.519367921E1,3.447514772E-1,-1.952718645E-1,9.121946245E-2
3.520367421E1,3.844922185E-1,-2.895470858E-1,8.343978971E-2
3.521366921E1,4.277203977E-1,-3.867087960E-1,8.564488590E-2
3.522366321E1,4.679855108E-1,-4.718381166E-1,9.675560147E-2
3.523365821E1,5.028907657E-1,-5.177379847E-1,9.610605985E-2
3.524365321E1,5.327463746E-1,-5.306290984E-1,8.657038957E-2
3.525364821E1,5.728698373E-1,-5.162994266E-1,6.479772180E-2
3.526364321E1,6.194677353E-1,-4.915355742E-1,4.509745166E-2
3.527363721E1,6.740516424E-1,-4.498416483E-1,3.593644127E-2
3.528363221E1,7.372324467E-1,-3.808878064E-1,3.941689432E-2
3.529362721E1,8.163490891E-1,-2.791877985E-1,5.213588476E-2
3.530362221E1,8.896070719E-1,-1.406263262E-1,6.302559376E-2
3.531361721E1,9.644451141E-1,1.274058968E-2,6.655268371E-2
3.532361221E1,1.029116511E0,1.671403497E-1,6.863206625E-2
3.533360621E1,1.102584600E0,3.175583482E-1,6.065349653E-2
3.534360121E1,1.186255813E0,4.647902548E-1,5.364463478E-2
3.535359621E1,1.265011907E0,6.213338375E-1,5.633522570E-2
3.536359121E1,1.334988236E0,7.645987868E-1,6.554871798E-2
3.537358621E1,1.398678064E0,9.024818540E-1,7.695770264E-2
3.538358021E1,1.458863378E0,1.044395089E0,8.947604895E-2
3.539357521E1,1.520786881E0,1.181409597E0,1.065551639E-1
3.540357021E1,1.585477710E0,1.312495589E0,1.195975170E-1
3.541356521E1,1.650218964E0,1.424154520E0,1.361421347E-1
3.542356021E1,1.705625057E0,1.496398330E0,1.518200785E-1
3.543355521E1,1.750254393E0,1.514990330E0,1.627800465E-1
3.544354921E1,1.774932384E0,1.468409777E0,1.757004857E-1
3.545354421E1,1.777237654E0,1.348851681E0,1.982010007E-1
3.546353921E1,1.756474495E0,1.197964072E0,2.174051106E-1
3.547353421E1,1.739102721E0,1.034335375E0,2.202515006E-1
3.548352921E1,1.743032455E0,8.720381856E-1,2.125592083E-1
3.549352421E1,1.777677774E0,7.333394289E-1,1.966332346E-1
3.550351821E1,1.822243214E0,6.245624423E-1,1.930618882E-1
3.551351321E1,1.870521188E0,5.453643203E-1,2.049153596E-1
3.552350821E1,1.915714502E0,4.616471529E-1,2.174114883E-1
3.553350321E1,1.964560151E0,3.713654578E-1,2.240733802E-1
3.554349821E1,1.999338269E0,2.900995314E-1,2.221012563E-1
3.555349238E1,2.025760412E0,2.413325161E-1,2.130236030E-1
3.556348738E1,2.046408415E0,2.325728238E-1,2.100992054E-1
3.557348238E1,2.056087732E0,2.750286758E-1,2.162875831E-1
3.558347738E1,2.062971115E0,3.677800596E-1,2.327397317E-1
3.559347238E1,2.071724892E0,4.925646186E-1,2.655333877E-1
3.560346738E1,2.071758747E0,6.316034198E-1,3.090769649E-1
3.561346138E1,2.067872763E0,7.640056610E-1,3.617779911E-1
3.562345638E1,2.060833931E0,8.676217198E-1,4.234224558E-1
3.563345138E1,2.059883118E0,9.366590977E-1,4.908606410E-1
3.564344638E1,2.056974649E0,9.895344973E-1,5.551078320E-1
3.565344138E1,2.051811695E0,1.044033647E0,6.031893492E-1
3.566343538E1,2.035116196E0,1.096281171E0,6.332510114E-1
3.567343037E1,2.018100739E0,1.126743436E0,6.452422142E-1
3.568342538E1,1.997076154E0,1.132765174E0,6.561104059E-1
3.569342038E1,1.962968707E0,1.128286600E0,6.749871373E-1
3.570341538E1,1.934188843E0,1.126473188E0,6.937616467E-1
3.571341038E1,1.897146463E0,1.132639170E0,7.092908025E-1
3.572340438E1,1.868975997E0,1.153394580E0,7.231526971E-1
3.573339937E1,1.837506533E0,1.194358230E0,7.209841013E-1
3.574339438E1,1.809780121E0,1.238162398E0,7.035273910E-1
3.575338938E1,1.775232553E0,1.254331708E0,6.752595901E-1
3.576338438E1,1.749247789E0,1.225783110E0,6.454234123E-1
3.577337938E1,1.721178055E0,1.167866230E0,6.318280101E-1
3.578337338E1,1.686691999E0,1.090997100E0,6.400191784E-1
3.579336838E1,1.655730128E0,9.979345202E-1,6.653373241E-1
3.580336338E1,1.627696037E0,8.983751535E-1,6.913806200E-1
3.581335838E1,1.611874700E0,8.072593212E-1,6.968811154E-1
3.582335338E1,1.611981034E0,7.356275320E-1,6.926730275E-1
3.583334738E1,1.608689070E0,6.894147396E-1,6.902580857E-1
3.584334238E1,1.602350473E0,6.675585508E-1,6.930537820E-1
3.585333738E1,1.583243847E0,6.531601548E-1,7.052217722E-1
3.586333238E1,1.561995625E0,6.437939405E-1,7.337021828E-1
3.587332738E1,1.545996070E0,6.375536323E-1,7.648757696E-1
3.588332238E1,1.528439283E0,6.485819817E-1,7.797759771E-1
3.589331638E1,1.511907101E0,6.708753109E-1,7.769295573E-1
3.590331138E1,1.494738579E0,7.005935907E-1,7.673336864E-1
3.591330638E1,1.478872776E0,7.333254218E-1,7.590565681E-1
3.592330137E1,1.459546328E0,7.630619407E-1,7.649359107E-1
3.593329638E1,1.434467912E0,7.884150147E-1,7.790602446E-1
3.594329038E1,1.383978724E0,8.005492687E-1,7.930696607E-1
3.595328538E1,1.338065624E0,7.953568697E-1,8.107397556E-1
3.596328038E1,1.286148787E0,7.825934887E-1,8.273837566E-1
3.597327538E1,1.224439144E0,7.850942016E-1,8.421568274E-1
3.598327037E1,1.173729181E0,7.962506413E-1,8.500306010E-1
3.599326538E1,1.117774367E0,8.125230670E-1,8.391633034E-1
3.600325938E1,1.072661281E0,8.213201165E-1,8.078164458E-1
3.601325438E1,1.035703540E0,8.132893443E-1,7.748031020E-1
3.602324938E1,9.917461872E-1,7.948106527E-1,7.474577427E-1
3.603324438E1,9.671172500E-1,7.740422487E-1,7.326015830E-1
3.604323938E1,9.476863742E-1,7.566605806E-1,7.324667573E-1
3.605323338E1,9.343135953E-1,7.440307736E-1,7.262309790E-1
3.606322838E1,9.122720957E-1,7.162268162E-1,6.958958507E-1
3.607322338E1,8.955349326E-1,6.626636982E-1,6.541659832E-1
3.608321838E1,8.847129345E-1,6.044531465E-1,6.201087832E-1
3.609321338E1,8.643919230E-1,5.694605112E-1,6.005550623E-1
3.610320838E1,8.473722935E-1,5.428367257E-1,5.839254856E-1
3.611320238E1,8.299030066E-1,5.287499428E-1,5.707508326E-1
3.612319738E1,8.135777712E-1,5.173228383E-1,5.542041659E-1
3.613319238E1,8.044204712E-1,5.142282248E-1,5.295419693E-1
3.614318738E1,8.007056713E-1,5.179559588E-1,5.027974248E-1
3.615318238E1,7.986885905E-1,5.208167434E-1,4.854059219E-1
3.616317638E1,7.913966179E-1,5.156329870E-1,4.818733931E-1
3.617317138E1,7.632339597E-1,4.993461668E-1,4.879136980E-1
3.618316637E1,7.342184782E-1,4.694165885E-1,4.944700897E-1
3.619316138E1,7.173668146E-1,4.287322760E-1,4.858134985E-1
3.620315638E1,7.031679153E-1,3.972464204E-1,4.689699113E-1
3.621315138E1,6.860435009E-1,3.925214410E-1,4.482553303E-1
3.622314538E1,6.668253541E-1,4.119933844E-1,4.217961133E-1
3.623314038E1,6.565319896E-1,4.347346723E-1,3.972622752E-1
3.624313537E1,6.320794225E-1,4.547367096E-1,3.779813945E-1
3.625313038E1,6.027702689E-1,4.684932828E-1,3.702166975E-1
3.626312538E1,5.706055760E-1,4.556121528E-1,3.628561199E-1
3.627312038E1,5.322422385E-1,4.290844202E-1,3.527622223E-1
3.628311438E1,4.947218299E-1,4.003353715E-1,3.355529308E-1
3.629310938E1,4.542188644E-1,3.794593811E-1,3.234312832E-1
3.630310438E1,4.117251337E-1,3.563499451E-1,3.158014715E-1
3.631309938E1,3.676181436E-1,3.367868960E-1,3.061581552E-1
3.632309438E1,3.318178058E-1,3.227452636E-1,2.891003788E-1
3.633308838E1,2.874796093E-1,2.966998219E-1,2.729139626E-1
3.634308338E1,2.435108274E-1,2.555897534E-1,2.492775619E-1
3.635307838E1,1.879008412E-1,1.959647685E-1,2.262422889E-1
3.636307338E1,1.244254932E-1,1.300233006E-1,2.100461870E-1
3.637306838E1,6.597043574E-2,5.507103354E-2,1.937977076E-1
3.638306338E1,-9.108250961E-4,-1.108348602E-3,1.806591749E-1
3.639305738E1,-6.252492219E-2,-3.159834445E-2,1.604907960E-1
3.640305238E1,-1.356271952E-1,-2.961802110E-2,1.207327321E-1
3.641304738E1,-2.161033899E-1,-8.009931073E-3,6.835021824E-2
3.642304238E1,-2.919539213E-1,3.676007316E-2,5.444976036E-3
3.643303737E1,-3.607289791E-1,7.922444493E-2,-5.365110189E-2
3.644303137E1,-4.236759841E-1,1.037392393E-1,-1.010468900E-1
3.645302638E1,-4.757485092E-1,1.127329990E-1,-1.476484835E-1
3.646302138E1,-5.147377253E-1,9.958930314E-2,-1.957499832E-1
3.647301638E1,-5.365633965E-1,7.279896736E-2,-2.490289062E-1
3.648301138E1,-5.523921251E-1,2.459781617E-2,-3.098036647E-1
3.649300637E1,-5.624197125E-1,-2.290285751E-2,-3.712371886E-1
3.650300037E1,-5.766260624E-1,-4.755510762E-2,-4.244775474E-1
3.651299538E1,-5.894830227E-1,-5.629773438E-2,-4.716879129E-1
3.652299038E1,-5.942160487E-1,-5.019886047E-2,-5.094621181E-1
3.653298538E1,-5.968586802E-1,-5.288785324E-2,-5.376316905E-1
3.654298038E1,-6.110935211E-1,-6.880956143E-2,-5.522599816E-1
3.655297463E1,-6.231994033E-1,-8.325667679E-2,-5.496711135E-1
3.656296962E1,-6.327176094E-1,-7.684801519E-2,-5.396332741E-1
3.657296463E1,-6.414455771E-1,-5.332644656E-2,-5.372859836E-1
3.658295963E1,-6.429340243E-1,-3.007724881E-2,-5.299724340E-1
3.659295463E1,-6.393707395E-1,5.922031589E-3,-5.182982087E-1
3.660294963E1,-6.410428882E-1,4.262415320E-2,-5.045537353E-1
3.661294363E1,-6.443041563E-1,6.930023432E-2,-4.874836802E-1
3.662293863E1,-6.564186811E-1,7.582971454E-2,-4.760237336E-1
3.663293363E1,-6.699461937E-1,8.471401781E-2,-4.731517732E-1
3.664292863E1,-6.823733449E-1,1.128875613E-1,-4.935387969E-1
3.665292363E1,-6.895862222E-1,1.303309947E-1,-5.183261633E-1
3.666291763E1,-6.906011105E-1,1.541510075E-1,-5.328593850E-1
3.667291263E1,-6.930243373E-1,1.813373566E-1,-5.371630192E-1
3.668290763E1,-6.992393732E-1,1.826858819E-1,-5.384524465E-1
3.669290262E1,-7.092084289E-1,1.417970508E-1,-5.476956964E-1
3.670289763E1,-7.262976170E-1,9.079031646E-2,-5.653636456E-1
3.671289263E1,-7.380772829E-1,4.473640397E-2,-5.888203979E-1
3.672288663E1,-7.361462712E-1,2.331557125E-2,-6.114659905E-1
3.673288163E1,-7.333579659E-1,2.103536949E-2,-6.322228909E-1
3.674287663E1,-7.202408314E-1,3.135491908E-2,-6.436001658E-1
3.675287162E1,-7.054706812E-1,3.306972980E-2,-6.482252479E-1
3.676286663E1,-7.072784305E-1,1.249108370E-2,-6.426233649E-1
3.677286063E1,-7.248818874E-1,-2.953306586E-2,-6.318061352E-1
3.678285563E1,-7.558853030E-1,-7.023425400E-2,-6.212921143E-1
3.679285063E1,-7.843611836E-1,-8.465474099E-2,-6.154464483E-1
3.680284563E1,-7.946591377E-1,-5.895233899E-2,-6.206679344E-1
3.681284063E1,-7.955723405E-1,-6.061960477E-3,-6.255356669E-1
3.682283563E1,-7.880584598E-1,5.260538310E-2,-6.320162416E-1
3.683282963E1,-7.819737196E-1,9.277676791E-2,-6.393013597E-1
3.684282463E1,-7.853718400E-1,9.936572611E-2,-6.512390971E-1
3.685281963E1,-7.946710587E-1,7.477010041E-2,-6.689245701E-1
3.686281463E1,-8.033740520E-1,5.063876882E-2,-6.863816381E-1
3.687280963E1,-8.135175109E-1,4.634415358E-2,-6.925553679E-1
3.688280363E1,-8.307459950E-1,5.810420960E-2,-6.949411631E-1
3.689279863E1,-8.424119949E-1,8.260235935E-2,-6.954770088E-1
3.690279363E1,-8.464275599E-1,1.095361114E-1,-6.929442286E-1
3.691278863E1,-8.488353491E-1,1.310057044E-1,-7.019520998E-1
3.692278363E1,-8.385804892E-1,1.273778677E-1,-7.252396345E-1
3.693277863E1,-8.327189088E-1,1.035513505E-1,-7.538534403E-1
3.694277263E1,-8.238988519E-1,7.058814168E-2,-7.766982317E-1
3.695276762E1,-8.234274387E-1,4.993639141E-2,-7.915464044E-1
3.696276263E1,-8.343034983E-1,5.031759292E-2,-8.070987463E-1
3.697275763E1,-8.385893106E-1,6.046902761E-2,-8.215256333E-1
3.698275263E1,-8.361487985E-1,9.194492549E-2,-8.274307847E-1
3.699274663E1,-8.222953081E-1,1.608020365E-1,-8.223843575E-1
3.700274163E1,-8.154863715E-1,2.383970469E-1,-8.199403286E-1
3.701273662E1,-8.079765439E-1,3.031723201E-1,-8.250656128E-1
3.702273163E1,-8.065858483E-1,3.290050328E-1,-8.421608806E-1
3.703272663E1,-8.012261987E-1,3.119205832E-1,-8.523594737E-1
3.704272163E1,-8.041577339E-1,2.757550478E-1,-8.533540964E-1
3.705271563E1,-8.070678115E-1,2.326603085E-1,-8.415520191E-1
3.706271063E1,-7.907333970E-1,1.936344057E-1,-8.142575026E-1
3.707270563E1,-7.815340757E-1,1.717213839E-1,-7.881196737E-1
3.708270063E1,-7.795256972E-1,1.530971378E-1,-7.716645002E-1
3.709269563E1,-7.756556273E-1,1.182592586E-1,-7.705116272E-1
3.710268963E1,-7.821835279E-1,6.112503633E-2,-7.684944868E-1
3.711268463E1,-7.868403792E-1,-5.774105899E-3,-7.610317469E-1
3.712267963E1,-7.932714224E-1,-6.358950585E-2,-7.474057674E-1
3.713267463E1,-7.987266183E-1,-1.114691421E-1,-7.343046069E-1
3.714266963E1,-7.925528288E-1,-1.424387991E-1,-7.175069451E-1
3.715266463E1,-7.787480950E-1,-1.303645670E-1,-7.131507993E-1
3.716265863E1,-7.646178007E-1,-7.794204354E-2,-7.215880156E-1
3.717265363E1,-7.521798015E-1,-1.636353321E-3,-7.390072346E-1
3.718264863E1,-7.400206327E-1,7.583457232E-2,-7.609450221E-1
3.719264363E1,-7.214405537E-1,1.416926831E-1,-7.670460343E-1
3.720263862E1,-7.154148817E-1,1.749352962E-1,-7.549394369E-1
3.721263262E1,-7.098142505E-1,1.606618166E-1,-7.323675752E-1
3.722262763E1,-7.026013732E-1,1.078505889E-1,-7.177001834E-1
3.723262263E1,-7.079689503E-1,4.036768898E-2,-7.066025734E-1
3.724261763E1,-7.031252384E-1,-3.010747582E-2,-7.067117691E-1
3.725261263E1,-6.961309314E-1,-7.730694860E-2,-7.108902931E-1
3.726260762E1,-6.917479634E-1,-1.114482433E-1,-7.099505067E-1
3.727260162E1,-6.828455925E-1,-1.309239417E-1,-7.011561990E-1
3.728259663E1,-6.829261184E-1,-1.575362086E-1,-6.880795956E-1
3.729259163E1,-6.787431240E-1,-2.043276727E-1,-6.708689928E-1
3.730258663E1,-6.749138236E-1,-2.692465186E-1,-6.597601771E-1
3.731258163E1,-6.838423014E-1,-3.522266150E-1,-6.499991417E-1
3.732257563E1,-6.920153499E-1,-4.398346543E-1,-6.394082904E-1
3.733257063E1,-7.008519769E-1,-5.220826864E-1,-6.251276135E-1
3.734256563E1,-7.126390934E-1,-5.959622264E-1,-6.051707268E-1
3.735256063E1,-7.228286266E-1,-6.681941152E-1,-5.797468424E-1
3.736255563E1,-7.362810373E-1,-7.363017201E-1,-5.511696935E-1
3.737255063E1,-7.468314171E-1,-7.888932824E-1,-5.273540616E-1
3.738254463E1,-7.600009441E-1,-8.145210743E-1,-5.219907165E-1
3.739253963E1,-7.599386573E-1,-8.100352287E-1,-5.289839506E-1
3.740253463E1,-7.598614693E-1,-7.603712082E-1,-5.400829911E-1
3.741252963E1,-7.544520497E-1,-6.931279898E-1,-5.452940464E-1
3.742252463E1,-7.463437915E-1,-6.246356964E-1,-5.406689644E-1
3.743251863E1,-7.380818725E-1,-5.553770065E-1,-5.329564810E-1
3.744251363E1,-7.362770438E-1,-5.039699674E-1,-5.258014798E-1
3.745250863E1,-7.376051545E-1,-4.708431661E-1,-5.299655795E-1
3.746250362E1,-7.328524590E-1,-4.470980465E-1,-5.439537764E-1
3.747249863E1,-7.253700495E-1,-4.242337346E-1,-5.601974726E-1
3.748249363E1,-7.218653560E-1,-3.995143175E-1,-5.656884909E-1
3.749248763E1,-7.243596911E-1,-3.712017238E-1,-5.623989701E-1
3.750248263E1,-7.202349305E-1,-3.386914730E-1,-5.499945879E-1
3.751247763E1,-7.286431193E-1,-3.066648245E-1,-5.384002328E-1
3.752247262E1,-7.430018783E-1,-2.775115371E-1,-5.303891301E-1
3.753246763E1,-7.549256086E-1,-2.548437715E-1,-5.267350078E-1
3.754246163E1,-7.502932549E-1,-2.175256461E-1,-5.283236504E-1
3.755245646E1,-7.511785030E-1,-1.642874479E-1,-5.218026042E-1
3.756245146E1,-7.481765747E-1,-1.033420786E-1,-5.233355165E-1
3.757244646E1,-7.493225336E-1,-5.633994564E-2,-5.338414311E-1
3.758244146E1,-7.483841181E-1,-2.639912441E-2,-5.513343215E-1
3.759243646E1,-7.520486116E-1,-1.886024885E-2,-5.647563934E-1
3.760243046E1,-7.606289983E-1,-1.786455885E-2,-5.758552551E-1
3.761242546E1,-7.657971382E-1,-2.364468202E-2,-5.755247474E-1
3.762242046E1,-7.649528980E-1,-4.406656325E-2,-5.652249455E-1
3.763241546E1,-7.627555132E-1,-7.897821069E-2,-5.462994576E-1
3.764241046E1,-7.579069138E-1,-1.468815655E-1,-5.270944238E-1
3.765240446E1,-7.512272000E-1,-2.441151738E-1,-5.085444450E-1
3.766239946E1,-7.517601848E-1,-3.493723273E-1,-5.001515746E-1
3.767239446E1,-7.446942925E-1,-4.406788051E-1,-5.049777627E-1
3.768238946E1,-7.364980578E-1,-5.047069788E-1,-5.153532624E-1
3.769238446E1,-7.341081500E-1,-5.387935638E-1,-5.270544291E-1
3.770237846E1,-7.377508283E-1,-5.378352404E-1,-5.378527045E-1
3.771237346E1,-7.489475608E-1,-5.217374563E-1,-5.348169208E-1
3.772236846E1,-7.554041147E-1,-4.914763868E-1,-5.236929655E-1
3.773236346E1,-7.467475533E-1,-4.584641159E-1,-5.009620786E-1
3.774235846E1,-7.406675220E-1,-4.384853840E-1,-4.740390182E-1
3.775235346E1,-7.420102954E-1,-4.569858313E-1,-4.510239661E-1
3.776234746E1,-7.430723906E-1,-5.278337598E-1,-4.400227964E-1
3.777234246E1,-7.337696552E-1,-6.392772198E-1,-4.423599839E-1
3.778233746E1,-7.223646641E-1,-7.556196451E-1,-4.419070482E-1
3.779233246E1,-7.144175768E-1,-8.495072126E-1,-4.305566549E-1
3.780232746E1,-7.073023915E-1,-9.114758372E-1,-4.120910466E-1
3.781232146E1,-6.979061961E-1,-9.362789392E-1,-3.985174596E-1
3.782231646E1,-6.837465167E-1,-9.188408852E-1,-3.862718046E-1
3.783231146E1,-6.717827916E-1,-8.589791656E-1,-3.855439425E-1
3.784230646E1,-6.597862840E-1,-7.626753449E-1,-3.936856985E-1
3.785230146E1,-6.527837515E-1,-6.574120522E-1,-4.076848924E-1
3.786229646E1,-6.502308249E-1,-5.613624454E-1,-4.194397628E-1
3.787229046E1,-6.507349610E-1,-4.995816350E-1,-4.088195860E-1
3.788228546E1,-6.479640007E-1,-4.809352458E-1,-3.807569742E-1
3.789228046E1,-6.487405896E-1,-5.042346716E-1,-3.418559134E-1
3.790227546E1,-6.438962221E-1,-5.586349368E-1,-3.066658676E-1
3.791227046E1,-6.392107010E-1,-6.402586699E-1,-2.943958640E-1
3.792226446E1,-6.299868226E-1,-7.418552041E-1,-2.918679416E-1
3.793225946E1,-6.236602068E-1,-8.434894085E-1,-2.891363502E-1
3.794225446E1,-6.167685390E-1,-9.360300303E-1,-2.788164914E-1
3.795224946E1,-6.051872373E-1,-1.016404510E0,-2.496586144E-1
3.796224446E1,-5.962435007E-1,-1.068697572E0,-2.172741145E-1
3.797223946E1,-5.915936232E-1,-1.086118102E0,-1.993768811E-1
3.798223346E1,-5.862675905E-1,-1.099442720E0,-1.937575936E-1
3.799222846E1,-5.860228539E-1,-1.123055935E0,-1.913189292E-1
3.800222346E1,-5.954072475E-1,-1.164106846E0,-1.857814491E-1
3.801221846E1,-6.020899415E-1,-1.224959850E0,-1.574550122E-1
3.802221346E1,-6.132944226E-1,-1.313423753E0,-1.209188029E-1
3.803220746E1,-6.247712970E-1,-1.426422954E0,-9.189379960E-2
3.804220246E1,-6.291649342E-1,-1.543999434E0,-7.039586455E-2
3.805219746E1,-6.295585036E-1,-1.640352607E0,-6.009262800E-2
3.806219246E1,-6.200280190E-1,-1.694420099E0,-5.150315166E-2
3.807218746E1,-6.103162169E-1,-1.717653275E0,-4.157408699E-2
3.808218146E1,-5.956506729E-1,-1.701737165E0,-2.930959687E-2
3.809217646E1,-5.888580084E-1,-1.659508467E0,-1.647182927E-2
3.810217146E1,-5.800400376E-1,-1.601662517E0,-6.582734175E-3
3.811216646E1,-5.778253675E-1,-1.549042702E0,2.036320511E-3
3.812216146E1,-5.721749067E-1,-1.492389917E0,1.187170669E-2
3.813215646E1,-5.673316717E-1,-1.435193181E0,1.551198121E-2
3.814215046E1,-5.602146983E-1,-1.366827488E0,1.684708893E-2
3.815214546E1,-5.516635776E-1,-1.297898173E0,1.775842160E-2
3.816214046E1,-5.416583419E-1,-1.232354641E0,2.533140779E-2
3.817213546E1,-5.344944596E-1,-1.158208847E0,3.183431551E-2
3.818213046E1,-5.284705758E-1,-1.085563183E0,3.967591375E-2
3.819212446E1,-5.238252282E-1,-1.025614858E0,4.607495666E-2
3.820211946E1,-5.193418264E-1,-9.851998687E-1,4.817641899E-2
3.821211446E1,-5.178951621E-1,-9.561845064E-1,5.619626120E-2
3.822210946E1,-5.143486261E-1,-9.281368256E-1,5.129292235E-2
3.823210446E1,-5.062912703E-1,-8.860841990E-1,4.199955612E-2
3.824209946E1,-4.937959909E-1,-8.437299728E-1,2.231752127E-2
3.825209346E1,-4.791387618E-1,-8.053022027E-1,3.115063766E-3
3.826208846E1,-4.578523338E-1,-7.711958289E-1,-6.636453792E-3
3.827208346E1,-4.367289543E-1,-7.453192472E-1,-8.550734259E-3
3.828207846E1,-4.178410172E-1,-7.279455662E-1,-8.906543255E-3
3.829207346E1,-3.951146603E-1,-7.132523656E-1,-6.173606962E-3
3.830206746E1,-3.755931556E-1,-6.956940293E-1,-1.241050847E-2
3.831206246E1,-3.536396623E-1,-6.642490029E-1,-2.446291037E-2
3.832205746E1,-3.289037347E-1,-6.221108437E-1,-4.624340683E-2
3.833205246E1,-2.982595563E-1,-5.707008839E-1,-6.554546952E-2
3.834204746E1,-2.651159465E-1,-5.114028454E-1,-7.389451563E-2
3.835204146E1,-2.311297506E-1,-4.584853053E-1,-7.172483951E-2
3.836203646E1,-1.949631870E-1,-4.030033350E-1,-6.659223139E-2
3.837203146E1,-1.636023372E-1,-3.434167206E-1,-6.365743279E-2
3.838202646E1,-1.360386163E-1,-2.774148583E-1,-6.120225042E-2
3.839202146E1,-1.051222607E-1,-2.149549276E-1,-6.031035632E-2
3.840201646E1,-7.889389247E-2,-1.520794481E-1,-6.049690396E-2
3.841201046E1,-4.938261211E-2,-8.438828588E-2,-5.818767101E-2
3.842200546E1,-1.989870891E-2,-2.144541033E-2,-5.131578445E-2
3.843200046E1,3.481982043E-3,3.007264063E-2,-4.614659026E-2
3.844199546E1,2.926641144E-2,7.606783509E-2,-4.083882272E-2
3.845199046E1,5.078421906E-2,1.142431796E-1,-3.263948113E-2
3.846198446E1,7.556438446E-2,1.421524435E-1,-2.905855328E-2
3.847197946E1,9.350290895E-2,1.577258110E-1,-2.201822028E-2
3.848197446E1,1.059593633E-1,1.702588648E-1,-1.861965656E-2
3.849196946E1,1.198770404E-1,1.775663197E-1,-1.842924021E-2
3.850196446E1,1.329957545E-1,1.744821817E-1,-2.257491834E-2
3.851195946E1,1.482988149E-1,1.671766043E-1,-2.321673930E-2
3.852195346E1,1.591722369E-1,1.584721208E-1,-2.769912966E-2
3.853194846E1,1.685795933E-1,1.542409062E-1,-2.707594819E-2
3.854194346E1,1.747823358E-1,1.581065953E-1,-2.605191991E-2
3.855193883E1,1.804548800E-1,1.714256108E-1,-2.485163510E-2
3.856193383E1,1.870099157E-1,1.933154464E-1,-3.099910170E-2
3.857192783E1,1.924736649E-1,2.340490222E-1,-3.375014663E-2
3.858192283E1,2.044859231E-1,2.729795277E-1,-2.674624883E-2
3.859191783E1,2.159257978E-1,3.118297160E-1,-1.792559400E-2
3.860191283E1,2.326288819E-1,3.524288237E-1,-8.290553465E-3
3.861190783E1,2.522859573E-1,3.854360580E-1,-4.370381124E-3
3.862190283E1,2.734777629E-1,4.087961316E-1,-1.510234457E-2
3.863189683E1,2.960416675E-1,4.241093099E-1,-2.887168527E-2
3.864189183E1,3.225049973E-1,4.302105308E-1,-4.494605958E-2
3.865188683E1,3.475464284E-1,4.251063168E-1,-6.244063005E-2
3.866188183E1,3.722309768E-1,4.048900604E-1,-7.968693227E-2
3.867187683E1,4.014447629E-1,3.776901364E-1,-9.771066904E-2
3.868187083E1,4.471898675E-1,3.336428404E-1,-1.054918319E-1
3.869186583E1,5.176970363E-1,2.765388191E-1,-1.062681377E-1
3.870186083E1,5.919635892E-1,2.112507522E-1,-9.741557389E-2
3.871185583E1,6.858741045E-1,1.361552030E-1,-9.166634083E-2
3.872185083E1,7.702393532E-1,6.090249121E-2,-1.023318395E-1
3.873184483E1,8.592815995E-1,-1.909226878E-3,-1.277676970E-1
3.874183983E1,9.495183229E-1,-3.034503013E-2,-1.753159910E-1
3.875183483E1,1.049023271E0,-4.523286596E-3,-2.215362042E-1
3.876182983E1,1.140613079E0,8.141875267E-2,-2.520120740E-1
3.877182483E1,1.234266877E0,2.175158560E-1,-2.579053938E-1
3.878181883E1,1.315736175E0,3.871476352E-1,-2.430233359E-1
3.879181383E1,1.384329915E0,5.847038627E-1,-2.147440314E-1
3.880180883E1,1.456774235E0,7.908591628E-1,-1.851886213E-1
3.881180383E1,1.522334576E0,9.857306480E-1,-1.604640931E-1
3.882179883E1,1.591273427E0,1.164065361E0,-1.451319903E-1
3.883179383E1,1.656106234E0,1.334816575E0,-1.289261132E-1
3.884178783E1,1.715242147E0,1.506101608E0,-1.202385202E-1
3.885178283E1,1.772001266E0,1.676698327E0,-1.073520184E-1
3.886177783E1,1.815058112E0,1.823910832E0,-8.883769810E-2
3.887177283E1,1.859192014E0,1.936328650E0,-5.512607098E-2
3.888176783E1,1.902826786E0,2.007274151E0,-7.324269973E-4
3.889176183E1,1.936431646E0,2.043489218E0,5.839907005E-2
3.890175683E1,1.959726572E0,2.037502289E0,1.138583422E-1
3.891175183E1,1.970033288E0,1.967144370E0,1.525617987E-1
3.892174683E1,1.976992369E0,1.827267170E0,1.789035946E-1
3.893174183E1,1.990326285E0,1.642968178E0,2.177045196E-1
3.894173683E1,2.001606226E0,1.445927501E0,2.689501941E-1
3.895173083E1,2.014935732E0,1.262593985E0,3.283786178E-1
3.896172583E1,2.019531012E0,1.103144884E0,3.851307631E-1
3.897172083E1,2.027152777E0,9.736199379E-1,4.193430841E-1
3.898171583E1,2.037094831E0,8.801336884E-1,4.351466298E-1
3.899171083E1,2.041965246E0,8.290697336E-1,4.475625455E-1
3.900170483E1,2.042238474E0,8.151856065E-1,4.640466273E-1
3.901169983E1,2.035232306E0,8.147139549E-1,4.947765768E-1
3.902169483E1,2.020962477E0,8.203228116E-1,5.419518948E-1
3.903168983E1,2.001362085E0,8.434332013E-1,5.989307165E-1
3.904168483E1,1.974252224E0,9.009929299E-1,6.462948918E-1
3.905167883E1,1.941437125E0,9.671714306E-1,6.841142178E-1
3.906167383E1,1.918344498E0,1.020141482E0,7.288327813E-1
3.907166883E1,1.886266232E0,1.060436964E0,7.912700772E-1
3.908166383E1,1.856782436E0,1.101642489E0,8.646101952E-1
3.909165883E1,1.835694194E0,1.142956853E0,9.322158694E-1
3.910165383E1,1.817394972E0,1.177210331E0,9.829300046E-1
3.911164783E1,1.796789289E0,1.198474050E0,1.006101131E0
3.912164283E1,1.780603170E0,1.189856648E0,1.016063452E0
3.913163783E1,1.778016686E0,1.175747514E0,1.025635123E0
3.914163283E1,1.770481348E0,1.154392362E0,1.033205032E0
3.915162783E1,1.764750242E0,1.098425746E0,1.035599709E0
3.916162183E1,1.760280371E0,1.000487089E0,1.033995032E0
3.917161683E1,1.756865144E0,8.965190053E-1,1.038597584E0
3.918161183E1,1.753615499E0,8.000505567E-1,1.038678288E0
3.919160683E1,1.765209317E0,7.254224420E-1,1.039612889E0
3.920160183E1,1.768384218E0,6.740029454E-1,1.046741843E0
3.921159683E1,1.772289395E0,6.551554799E-1,1.053530812E0
3.922159083E1,1.765193582E0,6.755504012E-1,1.051041007E0
3.923158583E1,1.755442142E0,7.059597373E-1,1.034525633E0
3.924158083E1,1.739080548E0,7.264534235E-1,1.020815611E0
3.925157583E1,1.723190188E0,7.275732756E-1,1.012966514E0
3.926157083E1,1.703303576E0,7.254952192E-1,1.022701621E0
3.927156483E1,1.685520649E0,7.111946940E-1,1.044519067E0
3.928155983E1,1.666437149E0,6.878581047E-1,1.078695178E0
3.929155483E1,1.644797921E0,6.603793502E-1,1.096066952E0
3.930154983E1,1.635860085E0,6.317678690E-1,1.104621172E0
3.931154483E1,1.622476935E0,6.079680324E-1,1.094100595E0
3.932153883E1,1.611438632E0,5.973306894E-1,1.069500923E0
3.933153383E1,1.605237246E0,6.093010902E-1,1.029019594E0
3.934152883E1,1.597014189E0,6.415709853E-1,9.890435934E-1
3.935152383E1,1.586904287E0,6.703664064E-1,9.706193209E-1
3.936151883E1,1.557022929E0,7.103635669E-1,9.684838057E-1
3.937151283E1,1.526462317E0,7.531555295E-1,9.790161252E-1
3.938150783E1,1.492485404E0,7.875099182E-1,9.824177027E-1
3.939150283E1,1.461576462E0,8.091129065E-1,9.783356190E-1
3.940149783E1,1.430083752E0,8.268246055E-1,9.647739530E-1
3.941149283E1,1.405150175E0,8.498974442E-1,9.417929649E-1
3.942148783E1,1.385787964E0,8.778578639E-1,9.185937643E-1
3.943148183E1,1.380081654E0,9.059547186E-1,8.987292051E-1
3.944147683E1,1.363488078E0,9.279100895E-1,8.895518184E-1
3.945147183E1,1.335002899E0,9.178974032E-1,8.932818174E-1
3.946146683E1,1.306422830E0,8.629582524E-1,9.053601623E-1
3.947146183E1,1.280668259E0,7.914994955E-1,9.212379456E-1
3.948145583E1,1.248299837E0,7.089526057E-1,9.323459864E-1
3.949145083E1,1.213438034E0,6.314578652E-1,9.337491989E-1
3.950144583E1,1.171089768E0,5.644916296E-1,9.209030271E-1
3.951144083E1,1.128151655E0,5.231060982E-1,9.027964473E-1
3.952143583E1,1.086686969E0,5.033265948E-1,8.740105033E-1
3.953143083E1,1.057870269E0,5.121030807E-1,8.526370525E-1
3.954142483E1,1.033815861E0,5.317101479E-1,8.508933783E-1
3.955142008E1,9.986983538E-1,5.479200482E-1,8.650377393E-1
3.956141508E1,9.518375993E-1,5.468556285E-1,8.802607059E-1
3.957141008E1,9.023022652E-1,5.167168975E-1,8.736408949E-1
3.958140508E1,8.539371490E-1,4.590105712E-1,8.471393585E-1
3.959139908E1,8.116597533E-1,3.931639194E-1,8.089685440E-1
3.960139408E1,7.898840904E-1,3.483131826E-1,7.601777315E-1
3.961138908E1,7.712723613E-1,3.096278310E-1,7.306299210E-1
3.962138408E1,7.495351434E-1,2.848801315E-1,7.117379308E-1
3.963137908E1,7.218161821E-1,2.741324008E-1,6.890078187E-1
3.964137308E1,6.833701730E-1,2.623833120E-1,6.481462717E-1
3.965136808E1,6.363744140E-1,2.497745752E-1,6.037473679E-1
3.966136308E1,5.832552910E-1,2.224551141E-1,5.644844174E-1
3.967135808E1,5.356736779E-1,1.999308765E-1,5.348551273E-1
3.968135308E1,4.888292253E-1,1.627888829E-1,5.154340267E-1
3.969134808E1,4.435501397E-1,1.176536232E-1,4.927156568E-1
3.970134208E1,4.014224112E-1,7.677473128E-2,4.569475055E-1
3.971133708E1,3.641799688E-1,4.856626317E-2,4.052795172E-1
3.972133208E1,3.210085928E-1,2.750501968E-2,3.411587179E-1
3.973132708E1,2.704338133E-1,1.272873767E-2,2.767573595E-1
3.974132208E1,2.080553472E-1,8.220104501E-3,2.194220424E-1
3.975131608E1,1.449642628E-1,2.242034674E-2,1.632935256E-1
3.976131108E1,7.981939614E-2,4.514956474E-2,9.930986166E-2
3.977130608E1,1.063898951E-2,7.824493200E-2,1.949359663E-2
3.978130108E1,-6.116257235E-2,1.156822219E-1,-6.518646330E-2
3.979129608E1,-1.205824837E-1,1.508466005E-1,-1.458104700E-1
3.980129008E1,-1.776817143E-1,1.781773865E-1,-2.108733803E-1
3.981128508E1,-2.410814613E-1,1.816133857E-1,-2.666237354E-1
3.982128008E1,-2.965675890E-1,1.673652232E-1,-3.182779849E-1
3.983127508E1,-3.525703847E-1,1.381937563E-1,-3.668242097E-1
3.984127008E1,-4.078485668E-1,9.130377322E-2,-4.138306081E-1
3.985126508E1,-4.530477226E-1,3.652308509E-2,-4.506088495E-1
3.986125908E1,-4.884784818E-1,1.001071371E-2,-4.841078520E-1
3.987125408E1,-5.214145780E-1,1.502198353E-2,-5.186144114E-1
3.988124908E1,-5.427318811E-1,4.009261727E-2,-5.555450320E-1
3.989124408E1,-5.603367090E-1,7.596433163E-2,-5.784109235E-1
3.990123908E1,-5.664616823E-1,1.239736080E-1,-5.921832323E-1
3.991123308E1,-5.732290745E-1,1.524068415E-1,-6.015330553E-1
3.992122808E1,-5.816803575E-1,1.581404954E-1,-6.036384702E-1
3.993122308E1,-5.904977918E-1,1.356029660E-1,-6.050702333E-1
3.994121808E1,-5.980166197E-1,8.770035207E-2,-5.880626440E-1
3.995121308E1,-6.102703810E-1,3.797380999E-2,-5.647519827E-1
3.996120708E1,-6.196740866E-1,6.726733409E-4,-5.490162373E-1
3.997120208E1,-6.175669432E-1,-8.998596109E-3,-5.578223467E-1
3.998119708E1,-6.158763170E-1,3.359571099E-3,-5.729439259E-1
3.999119208E1,-6.122575998E-1,2.371970378E-2,-5.811890960E-1
4.000118708E1,-6.160880327E-1,5.988023430E-2,-5.819769502E-1
4.001118208E1,-6.296198368E-1,8.663195372E-2,-5.864095092E-1
4.002117608E1,-6.308473349E-1,1.170651987E-1,-6.101422310E-1
4.003117108E1,-6.338799000E-1,1.511773616E-1,-6.516835093E-1
4.004116608E1,-6.299842000E-1,1.984207779E-1,-6.927068830E-1
4.005116108E1,-6.278086901E-1,2.646040618E-1,-7.339304686E-1
4.006115608E1,-6.262733936E-1,3.263516128E-1,-7.687636614E-1
4.007115008E1,-6.146129966E-1,3.635565042E-1,-8.026028872E-1
4.008114508E1,-6.088653803E-1,3.620104194E-1,-8.179701567E-1
4.009114008E1,-6.105710864E-1,3.238063157E-1,-7.959570289E-1
4.010113508E1,-6.225107908E-1,2.726417184E-1,-7.629926205E-1
4.011113008E1,-6.240069866E-1,2.131778449E-1,-7.444977760E-1
4.012112408E1,-6.168244481E-1,1.652178466E-1,-7.546018958E-1
4.013111908E1,-5.934200883E-1,1.318321824E-1,-7.810095549E-1
4.014111408E1,-5.686748028E-1,1.048727110E-1,-7.948862314E-1
4.015110908E1,-5.532764196E-1,6.558975577E-2,-7.844594121E-1
4.016110408E1,-5.477181077E-1,2.581534162E-2,-7.581247091E-1
4.017109908E1,-5.426021814E-1,-1.295602135E-2,-7.360633016E-1
4.018109308E1,-5.444126129E-1,-4.870752618E-2,-7.141474485E-1
4.019108808E1,-5.545507073E-1,-6.239777431E-2,-6.931822300E-1
4.020108308E1,-5.638186932E-1,-5.531346425E-2,-6.666409373E-1
4.021107808E1,-5.704587698E-1,-3.328113258E-2,-6.539883018E-1
4.022107308E1,-5.734655261E-1,-3.294907510E-2,-6.579871178E-1
4.023106708E1,-5.743255019E-1,-5.432813242E-2,-6.770364046E-1
4.024106208E1,-5.699922442E-1,-1.060017720E-1,-6.907059550E-1
4.025105708E1,-5.766589642E-1,-1.566071659E-1,-6.895503998E-1
4.026105208E1,-5.853096247E-1,-1.969623715E-1,-6.706618667E-1
4.027104708E1,-5.893786550E-1,-2.104326338E-1,-6.504548788E-1
4.028104208E1,-5.954871774E-1,-2.242899984E-1,-6.363027692E-1
4.029103608E1,-6.085654497E-1,-2.446690351E-1,-6.237853765E-1
4.030103108E1,-6.236115694E-1,-2.517130375E-1,-6.250388622E-1
4.031102608E1,-6.259199977E-1,-2.384598255E-1,-6.484195590E-1
4.032102108E1,-6.238768101E-1,-2.080898583E-1,-6.847261190E-1
4.033101608E1,-6.157070398E-1,-1.888554394E-1,-7.196246982E-1
4.034101008E1,-6.131024361E-1,-1.867686659E-1,-7.256717086E-1
4.035100508E1,-6.151200533E-1,-2.118034363E-1,-7.017546892E-1
4.036100008E1,-6.232699156E-1,-2.616909742E-1,-6.668535471E-1
4.037099508E1,-6.357945204E-1,-3.297097087E-1,-6.394818425E-1
4.038099008E1,-6.574062705E-1,-4.020174742E-1,-6.340751648E-1
4.039098408E1,-6.710901260E-1,-4.430871606E-1,-6.410049796E-1
4.040097908E1,-6.829294562E-1,-4.319063723E-1,-6.475752592E-1
4.041097408E1,-6.862983704E-1,-3.639464974E-1,-6.513633728E-1
4.042096908E1,-6.830636263E-1,-2.563648224E-1,-6.579774022E-1
4.043096408E1,-6.761841178E-1,-1.602848917E-1,-6.739587784E-1
4.044095808E1,-6.726600528E-1,-1.052878201E-1,-6.900225878E-1
4.045095308E1,-6.799815893E-1,-1.085360721E-1,-6.867730021E-1
4.046094808E1,-6.841116548E-1,-1.509415060E-1,-6.618503928E-1
4.047094308E1,-6.944638491E-1,-2.123449594E-1,-6.366326809E-1
4.048093808E1,-6.990663409E-1,-2.617513835E-1,-6.238800287E-1
4.049093308E1,-7.104178071E-1,-2.837246060E-1,-6.309911609E-1
4.050092708E1,-7.186095119E-1,-2.580834627E-1,-6.488191485E-1
4.051092208E1,-7.246165276E-1,-1.934096813E-1,-6.772897243E-1
4.052091708E1,-7.319731712E-1,-1.070703641E-1,-7.052241564E-1
4.053091208E1,-7.399187088E-1,-2.929967642E-2,-7.245481014E-1
4.054090708E1,-7.536896467E-1,9.152743965E-3,-7.212368250E-1
4.055090121E1,-7.668725848E-1,2.581393812E-3,-7.007736564E-1
4.056089621E1,-7.863298655E-1,-2.655688673E-2,-6.771603227E-1
4.057089121E1,-8.004006743E-1,-7.483573258E-2,-6.639318466E-1
4.058088621E1,-8.117401600E-1,-1.189432368E-1,-6.716050506E-1
4.059088121E1,-8.160139918E-1,-1.556967199E-1,-6.909521222E-1
4.060087521E1,-8.161380887E-1,-1.863782406E-1,-7.177184820E-1
4.061087021E1,-8.212077022E-1,-2.472309470E-1,-7.280187607E-1
4.062086521E1,-8.358004689E-1,-3.529513180E-1,-7.239795327E-1
4.063086021E1,-8.587119579E-1,-4.892763793E-1,-7.153120041E-1
4.064085521E1,-8.861137629E-1,-6.338101625E-1,-7.015970349E-1
4.065085021E1,-9.041041732E-1,-7.685027122E-1,-6.845954061E-1
4.066084421E1,-9.155442715E-1,-8.721956015E-1,-6.575263143E-1
4.067083921E1,-9.248770475E-1,-9.535143971E-1,-6.156110764E-1
4.068083421E1,-9.387503266E-1,-1.009732127E0,-5.678645372E-1
4.069082921E1,-9.532458782E-1,-1.043154001E0,-5.444446802E-1
4.070082421E1,-9.767549038E-1,-1.063254714E0,-5.391519666E-1
4.071081821E1,-9.970479012E-1,-1.060300469E0,-5.285462141E-1
4.072081321E1,-1.005588412E0,-1.011270165E0,-5.105765462E-1
4.073080821E1,-1.012418151E0,-9.289963245E-1,-4.789738655E-1
4.074080321E1,-1.005641937E0,-8.273363113E-1,-4.548309445E-1
4.075079821E1,-9.942417741E-1,-7.094392180E-1,-4.409422874E-1
4.076079221E1,-9.806572795E-1,-5.918533206E-1,-4.414149821E-1
4.077078721E1,-9.689567089E-1,-4.707229137E-1,-4.532340765E-1
4.078078221E1,-9.590832591E-1,-3.542609811E-1,-4.786480963E-1
4.079077721E1,-9.568701982E-1,-2.439320832E-1,-5.038242936E-1
4.080077221E1,-9.455552101E-1,-1.440709233E-1,-5.132575035E-1
4.081076721E1,-9.496479630E-1,-3.233188018E-2,-5.003685951E-1
4.082076121E1,-9.436012506E-1,8.561678976E-2,-4.683740735E-1
4.083075621E1,-9.408222437E-1,1.946109086E-1,-4.415552318E-1
4.084075121E1,-9.296073914E-1,2.838100791E-1,-4.370849729E-1
4.085074621E1,-9.165049195E-1,3.456681371E-1,-4.550344050E-1
4.086074121E1,-8.942600489E-1,3.862110972E-1,-4.846039116E-1
4.087073521E1,-8.720365167E-1,4.171919227E-1,-5.200966597E-1
4.088073021E1,-8.581119180E-1,4.302627444E-1,-5.489312410E-1
4.089072521E1,-8.469911218E-1,4.376932085E-1,-5.659856200E-1
4.090072021E1,-8.458924890E-1,4.411729574E-1,-5.681743026E-1
4.091071521E1,-8.571105003E-1,4.332428873E-1,-5.657966137E-1
4.092070921E1,-8.627761602E-1,4.164631963E-1,-5.579689741E-1
4.093070421E1,-8.714293242E-1,3.858208656E-1,-5.380330682E-1
4.094069921E1,-8.776725531E-1,3.455262184E-1,-5.095240474E-1
4.095069421E1,-8.736482859E-1,2.936904430E-1,-4.902304709E-1
4.096068921E1,-8.683134317E-1,2.315711677E-1,-4.847289026E-1
4.097068421E1,-8.698322177E-1,1.618629247E-1,-4.936158955E-1
4.098067821E1,-8.661738038E-1,1.013146937E-1,-5.151891112E-1
4.099067321E1,-8.585632443E-1,5.072528869E-2,-5.331859589E-1
4.100066821E1,-8.602467179E-1,1.551916264E-2,-5.427528024E-1
4.101066321E1,-8.785777688E-1,-2.254140377E-2,-5.432236195E-1
4.102065821E1,-8.862460852E-1,-6.794839352E-2,-5.283595324E-1
4.103065221E1,-8.808992505E-1,-9.420236945E-2,-5.150634050E-1
4.104064721E1,-8.717019558E-1,-1.045245230E-1,-5.090713501E-1
4.105064221E1,-8.698992729E-1,-1.327292621E-1,-5.140408278E-1
4.106063721E1,-8.583252430E-1,-1.742997766E-1,-5.209445357E-1
4.107063221E1,-8.535465002E-1,-2.102609724E-1,-5.325987935E-1
4.108062621E1,-8.479785919E-1,-2.454938889E-1,-5.454868078E-1
4.109062121E1,-8.453410268E-1,-2.751095593E-1,-5.582218170E-1
4.110061621E1,-8.583841324E-1,-3.022658229E-1,-5.631157756E-1
4.111061121E1,-8.671187162E-1,-3.046711981E-1,-5.593343377E-1
4.112060621E1,-8.722681999E-1,-2.902662456E-1,-5.500165224E-1
4.113060121E1,-8.769646883E-1,-2.678456008E-1,-5.277855396E-1
4.114059521E1,-8.801923990E-1,-2.516796887E-1,-5.123518705E-1
4.115059021E1,-8.789785504E-1,-2.543548346E-1,-5.051860809E-1
4.116058521E1,-8.811610341E-1,-2.670620680E-1,-5.020482540E-1
4.117058021E1,-8.805133700E-1,-2.829331756E-1,-4.948843420E-1
4.118057521E1,-8.812656999E-1,-2.913153470E-1,-4.841634929E-1
4.119056921E1,-8.779263496E-1,-2.832792401E-1,-4.723126888E-1
4.120056421E1,-8.719850779E-1,-2.599017620E-1,-4.541345835E-1
4.121055921E1,-8.749779463E-1,-2.397948951E-1,-4.322508574E-1
4.122055421E1,-8.731555343E-1,-2.102065682E-1,-4.123008847E-1
4.123054921E1,-8.706138134E-1,-1.868581176E-1,-3.959360123E-1
4.124054321E1,-8.723127246E-1,-1.978811622E-1,-3.871948123E-1
4.125053821E1,-8.670015335E-1,-2.713338137E-1,-3.764258027E-1
4.126053321E1,-8.660463095E-1,-3.971238732E-1,-3.622644544E-1
4.127052821E1,-8.666170239E-1,-5.739245415E-1,-3.530014455E-1
4.128052321E1,-8.595271111E-1,-7.728218436E-1,-3.448183835E-1
4.129051821E1,-8.525107503E-1,-9.743051529E-1,-3.352054358E-1
4.130051221E1,-8.447207808E-1,-1.165813923E0,-3.295475841E-1
4.131050721E1,-8.372859955E-1,-1.333723068E0,-3.276878893E-1
4.132050221E1,-8.323509097E-1,-1.477564812E0,-3.134196997E-1
4.133049721E1,-8.293750882E-1,-1.591800332E0,-3.010178804E-1
4.134049221E1,-8.237808347E-1,-1.678878665E0,-2.777035534E-1
4.135048621E1,-8.230426311E-1,-1.744306445E0,-2.585024536E-1
4.136048121E1,-8.164635301E-1,-1.802555084E0,-2.322441041E-1
4.137047621E1,-8.195171356E-1,-1.859858513E0,-2.028238922E-1
4.138047121E1,-8.261483908E-1,-1.932651162E0,-1.772948951E-1
4.139046621E1,-8.369991779E-1,-2.033998728E0,-1.501287818E-1
4.140046021E1,-8.442458510E-1,-2.152751923E0,-1.243950203E-1
4.141045521E1,-8.539983630E-1,-2.294048786E0,-9.501475841E-2
4.142045021E1,-8.615137935E-1,-2.441360712E0,-5.756169930E-2
4.143044521E1,-8.638980985E-1,-2.569361687E0,-1.890977845E-3
4.144044021E1,-8.635036945E-1,-2.649238586E0,6.003307551E-2
4.145043421E1,-8.651002645E-1,-2.668543577E0,1.211246625E-1
4.146042921E1,-8.529794216E-1,-2.607625723E0,1.632375568E-1
4.147042421E1,-8.426498175E-1,-2.470795870E0,1.717532724E-1
4.148041921E1,-8.161282539E-1,-2.271030188E0,1.453384906E-1
4.149041421E1,-7.795015574E-1,-2.062220097E0,1.041542962E-1
4.150040921E1,-7.485169172E-1,-1.873948336E0,7.811707258E-2
4.151040321E1,-7.204333544E-1,-1.736484766E0,6.838960946E-2
4.152039821E1,-6.907194853E-1,-1.659230947E0,7.328812778E-2
4.153039321E1,-6.605429053E-1,-1.632230997E0,8.972755075E-2
4.154038821E1,-6.371933818E-1,-1.631250501E0,1.302097738E-1
4.155038275E1,-6.176857352E-1,-1.624986172E0,1.773698181E-1
4.156037675E1,-6.044120193E-1,-1.607426643E0,2.326258570E-1
4.157037175E1,-6.077026129E-1,-1.576138020E0,2.823521495E-1
4.158036675E1,-6.215144992E-1,-1.545680881E0,3.365262151E-1
4.159036175E1,-6.378498077E-1,-1.507792592E0,3.985522985E-1
4.160035675E1,-6.633360386E-1,-1.462605834E0,4.671704769E-1
4.161035075E1,-6.907013655E-1,-1.415313125E0,5.381234884E-1
4.162034575E1,-7.160413265E-1,-1.373656750E0,6.032270193E-1
4.163034075E1,-7.347228527E-1,-1.332897305E0,6.643460393E-1
4.164033575E1,-7.569061518E-1,-1.295399308E0,7.209801674E-1
4.165033075E1,-7.707250118E-1,-1.267459869E0,7.827969193E-1
4.166032575E1,-7.797611952E-1,-1.244056106E0,8.434481621E-1
4.167031975E1,-7.814261913E-1,-1.215824127E0,9.083741903E-1
4.168031475E1,-7.946410179E-1,-1.185190439E0,9.940012097E-1
4.169030975E1,-8.149673343E-1,-1.150504112E0,1.095988870E0
4.170030475E1,-8.355032802E-1,-1.104665637E0,1.200658560E0
4.171029975E1,-8.505416512E-1,-1.060580015E0,1.292528033E0
4.172029375E1,-8.617713451E-1,-1.029645085E0,1.355505586E0
4.173028875E1,-8.617873192E-1,-1.007583380E0,1.399617910E0
4.174028375E1,-8.668550849E-1,-9.883038402E-1,1.427811742E0
4.175027875E1,-8.671362996E-1,-9.760133624E-1,1.454225779E0
4.176027375E1,-8.644254804E-1,-9.667981267E-1,1.488391399E0
4.177026775E1,-8.681965470E-1,-9.633134007E-1,1.529220104E0
4.178026275E1,-8.726572990E-1,-9.861553311E-1,1.569654465E0
4.179025775E1,-8.800686002E-1,-1.025295019E0,1.616967082E0
4.180025275E1,-8.877486587E-1,-1.092922449E0,1.668240070E0
4.181024775E1,-8.953980207E-1,-1.182284117E0,1.720843077E0
4.182024175E1,-9.056381583E-1,-1.289504528E0,1.775828242E0
4.183023675E1,-9.173496962E-1,-1.407978415E0,1.821413636E0
4.184023175E1,-9.382019639E-1,-1.529617429E0,1.855629086E0
4.185022675E1,-9.658085704E-1,-1.653800368E0,1.871892452E0
4.186022175E1,-1.005455256E0,-1.791384101E0,1.873409390E0
4.187021675E1,-1.052928329E0,-1.939780235E0,1.872769117E0
4.188021075E1,-1.087117910E0,-2.075313807E0,1.887077928E0
4.189020575E1,-1.098603606E0,-2.199680805E0,1.916396141E0
4.190020075E1,-1.098472357E0,-2.314599276E0,1.963892817E0
4.191019575E1,-1.078486919E0,-2.412994862E0,2.021108866E0
4.192019075E1,-1.045201898E0,-2.482999563E0,2.071115494E0
4.193018475E1,-9.984514713E-1,-2.527793169E0,2.111972809E0
4.194017975E1,-9.624828100E-1,-2.542006493E0,2.139484406E0
4.195017475E1,-9.351864457E-1,-2.541198730E0,2.149323940E0
4.196016975E1,-9.217199087E-1,-2.516288042E0,2.153852463E0
4.197016475E1,-9.157219529E-1,-2.480077267E0,2.141588449E0
4.198015875E1,-9.082728624E-1,-2.441226244E0,2.127898693E0
4.199015375E1,-9.005374312E-1,-2.407025337E0,2.132436037E0
4.200014875E1,-8.873174787E-1,-2.365060806E0,2.141121864E0
4.201014375E1,-8.720879555E-1,-2.323070049E0,2.150579214E0
4.202013875E1,-8.416418433E-1,-2.269187450E0,2.155387163E0
4.203013275E1,-8.051517010E-1,-2.224300146E0,2.149501562E0
4.204012775E1,-7.743475437E-1,-2.178508759E0,2.136013985E0
4.205012275E1,-7.587866783E-1,-2.133365870E0,2.111590862E0
4.206011775E1,-7.400020361E-1,-2.102366209E0,2.077434540E0
4.207011275E1,-7.329415083E-1,-2.083670378E0,2.049273491E0
4.208010775E1,-7.407983541E-1,-2.038000345E0,2.022551298E0
4.209010175E1,-7.469246984E-1,-1.968525171E0,1.997308612E0
4.210009675E1,-7.376502156E-1,-1.893117428E0,1.964418650E0
4.211009175E1,-7.186470032E-1,-1.789291501E0,1.940844893E0
4.212008675E1,-6.989347935E-1,-1.700263262E0,1.917670846E0
4.213008175E1,-6.732890606E-1,-1.601132751E0,1.889442682E0
4.214007575E1,-6.606240869E-1,-1.509039760E0,1.854963779E0
4.215007075E1,-6.542564631E-1,-1.426357031E0,1.810450554E0
4.216006575E1,-6.560102105E-1,-1.369003177E0,1.765799403E0
4.217006075E1,-6.621136665E-1,-1.336721182E0,1.723565221E0
4.218005575E1,-6.728501916E-1,-1.334684610E0,1.684239745E0
4.219004975E1,-6.704674363E-1,-1.351509452E0,1.657640100E0
4.220004475E1,-6.486881375E-1,-1.384917498E0,1.636596560E0
4.221003975E1,-6.260517836E-1,-1.392074943E0,1.620997429E0
4.222003475E1,-5.946872234E-1,-1.418378830E0,1.604534149E0
4.223002975E1,-5.670305490E-1,-1.422156334E0,1.571992397E0
4.224002475E1,-5.469532609E-1,-1.395092845E0,1.538689613E0
4.225001875E1,-5.453625321E-1,-1.339218974E0,1.532882094E0
4.226001375E1,-5.534484386E-1,-1.295033216E0,1.564705372E0
4.227000875E1,-5.582370758E-1,-1.236148953E0,1.634268522E0
4.228000375E1,-5.579757690E-1,-1.175795913E0,1.715904951E0
4.228999875E1,-5.529618263E-1,-1.106438160E0,1.799211740E0
4.229999275E1,-5.392135978E-1,-1.126772642E0,1.831595421E0
4.230998775E1,-5.111140013E-1,-1.133056641E0,1.817807436E0
4.231998275E1,-4.936338663E-1,-1.165307999E0,1.771469831E0
4.232997775E1,-4.835979939E-1,-1.186753631E0,1.719919801E0
4.233997275E1,-4.894968569E-1,-1.200000048E0,1.679202795E0
4.234996675E1,-4.993843734E-1,-1.192766905E0,1.659496784E0
4.235996175E1,-4.994200766E-1,-1.174846292E0,1.664260983E0
4.236995675E1,-4.972754419E-1,-1.161298752E0,1.688207626E0
4.237995175E1,-4.866668284E-1,-1.155719638E0,1.694208503E0
4.238994675E1,-4.625273943E-1,-1.143895745E0,1.669326782E0
4.239994075E1,-4.215186238E-1,-1.135637283E0,1.629369617E0
4.240993575E1,-3.963432312E-1,-1.164160609E0,1.583756089E0
4.241993075E1,-3.783756793E-1,-1.186959624E0,1.536842585E0
4.242992575E1,-3.697973788E-1,-1.178573608E0,1.472539186E0
4.243992075E1,-3.748933375E-1,-1.168535233E0,1.415665865E0
4.244991575E1,-3.853563666E-1,-1.158680439E0,1.386005640E0
4.245990975E1,-3.846814930E-1,-1.139923930E0,1.368889689E0
4.246990475E1,-3.707803190E-1,-1.083334208E0,1.366941094E0
4.247989975E1,-3.540722430E-1,-9.927756786E-1,1.376867175E0
4.248989475E1,-3.276049495E-1,-9.909889698E-1,1.354802370E0
4.249988975E1,-2.868545353E-1,-9.958097339E-1,1.297531724E0
4.250988375E1,-2.598524690E-1,-9.882487655E-1,1.217449903E0
4.251987875E1,-2.474419177E-1,-9.866245389E-1,1.147714853E0
4.252987375E1,-2.554391026E-1,-9.677789211E-1,1.089968920E0
4.253986875E1,-2.697562575E-1,-9.412342906E-1,1.024804115E0
4.254986375E1,-2.849179208E-1,-8.824788332E-1,9.691663980E-1
4.255985758E1,-3.009389639E-1,-8.246839046E-1,9.194797873E-1
4.256985258E1,-3.031424582E-1,-7.568367124E-1,8.808364868E-1
4.257984758E1,-3.073414564E-1,-6.997128725E-1,8.525995612E-1
4.258984258E1,-3.059187829E-1,-6.771662831E-1,8.167560697E-1
4.259983758E1,-3.097012341E-1,-6.731432676E-1,7.586089969E-1
4.260983158E1,-3.128320277E-1,-6.868870258E-1,6.950377822E-1
4.261982658E1,-3.153655529E-1,-6.830482483E-1,6.362611055E-1
4.262982158E1,-3.145352006E-1,-6.650348902E-1,6.015359163E-1
4.263981658E1,-3.095204830E-1,-6.268495917E-1,5.918898582E-1
4.264981158E1,-2.960427701E-1,-5.656248927E-1,5.946720243E-1
4.265980658E1,-2.780197859E-1,-4.928117394E-1,6.095232368E-1
4.266980058E1,-2.608831525E-1,-4.341425598E-1,6.184216738E-1
4.267979558E1,-2.425729036E-1,-3.956204951E-1,6.231763959E-1
4.268979058E1,-2.318459600E-1,-4.132389128E-1,6.129463911E-1
4.269978558E1,-2.215240151E-1,-5.272919536E-1,5.770065784E-1
4.270978058E1,-2.102274299E-1,-6.625863910E-1,5.313325524E-1
4.271977458E1,-2.045165300E-1,-7.393589020E-1,4.805612862E-1
4.272976958E1,-1.989918053E-1,-7.427038550E-1,4.307599068E-1
4.273976458E1,-1.963518411E-1,-6.811932325E-1,4.057390094E-1
4.274975958E1,-1.918042302E-1,-5.707077384E-1,4.047539234E-1
4.275975458E1,-1.857913136E-1,-4.366360605E-1,4.004557729E-1
4.276974858E1,-1.777693331E-1,-3.194082379E-1,3.906782568E-1
4.277974358E1,-1.616442055E-1,-2.348654866E-1,3.764488399E-1
4.278973858E1,-1.459411383E-1,-1.833583564E-1,3.606488407E-1
4.279973358E1,-1.296281815E-1,-1.724060625E-1,3.418225944E-1
4.280972858E1,-1.172892302E-1,-1.794730276E-1,3.129467368E-1
4.281972258E1,-1.030509323E-1,-2.035863698E-1,2.888934314E-1
4.282971758E1,-9.983516484E-2,-2.211264670E-1,2.682994604E-1
4.283971258E1,-9.554453194E-2,-2.291600257E-1,2.441256344E-1
4.284970758E1,-8.884721249E-2,-2.195145786E-1,2.311350107E-1
4.285970258E1,-8.284954727E-2,-1.916806251E-1,2.235435098E-1
4.286969758E1,-7.813974470E-2,-1.561862826E-1,2.263478190E-1
4.287969158E1,-7.580785453E-2,-1.158415526E-1,2.272087336E-1
4.288968658E1,-6.564842910E-2,-8.856733143E-2,2.270382941E-1
4.289968158E1,-5.590068176E-2,-7.491955161E-2,2.286128849E-1
4.290967658E1,-5.147344247E-2,-6.955754757E-2,2.244511694E-1
4.291967158E1,-4.700093716E-2,-7.617740333E-2,2.198026329E-1
4.292966558E1,-3.983543441E-2,-7.740645111E-2,2.207579166E-1
4.293966058E1,-2.819103934E-2,-7.888513058E-2,2.220335901E-1
4.294965558E1,-1.763986237E-2,-7.200938463E-2,2.217153460E-1
4.295965058E1,-6.189596374E-3,-7.005539536E-2,2.196990550E-1
4.296964558E1,2.695507836E-3,-7.095554471E-2,2.123069167E-1
4.297963958E1,7.353125606E-3,-7.343933731E-2,2.079347670E-1
4.298963458E1,1.030470617E-2,-8.108953387E-2,1.995239705E-1
4.299962958E1,9.561673738E-3,-8.364067227E-2,1.889272928E-1
4.300962458E1,1.297451463E-2,-8.801518381E-2,1.825127900E-1
4.301961958E1,1.796207950E-2,-8.722399175E-2,1.724303365E-1
4.302961358E1,2.137998119E-2,-8.741840720E-2,1.544734389E-1
4.303960858E1,2.601464093E-2,-8.057681471E-2,1.379912645E-1
4.304960358E1,3.398441523E-2,-6.828419119E-2,1.262802780E-1
4.305959858E1,2.974816412E-2,-5.595235899E-2,1.070068628E-1
4.306959358E1,3.032127768E-2,-3.859360889E-2,9.791775793E-2
4.307958858E1,2.814198472E-2,-2.747647651E-2,8.670726418E-2
4.308958258E1,2.478320710E-2,-2.434859239E-2,7.951939106E-2
4.309957758E1,2.139940858E-2,-2.669257298E-2,7.115941495E-2
4.310957258E1,1.674473658E-2,-3.139811009E-2,6.219521910E-2
4.311956758E1,1.549303997E-2,-3.614982590E-2,5.036335438E-2
4.312956258E1,1.552686188E-2,-4.877986759E-2,4.536700249E-2
4.313955658E1,1.319423225E-2,-4.514834657E-2,3.922379017E-2
4.314955158E1,1.040723454E-2,-3.688215837E-2,3.169902414E-2
4.315954658E1,3.255601507E-3,-2.017225325E-2,2.591804974E-2
4.316954158E1,-2.102412283E-3,-2.190521918E-4,2.751781046E-2
4.317953658E1,5.487803719E-4,1.827274077E-2,3.144965693E-2
4.318953058E1,1.745338668E-3,2.808728814E-2,3.610379621E-2
4.319952558E1,3.039325820E-3,3.118311241E-2,4.345078021E-2
4.320952058E1,2.781798132E-3,2.837720513E-2,5.221790448E-2
4.321951558E1,3.903143515E-4,2.065327391E-2,5.606607348E-2
4.322951058E1,-9.038340300E-3,1.058199722E-2,4.811147600E-2
4.323950458E1,-2.010037936E-2,4.535519984E-3,3.859326243E-2
4.324949958E1,-3.466920182E-2,5.231403280E-3,2.804181725E-2
4.325949458E1,-4.581798241E-2,8.889356628E-3,2.261026762E-2
4.326948958E1,-5.957693607E-2,1.925970428E-2,1.299039647E-2
4.327948458E1,-6.415460259E-2,3.084855154E-2,2.717931522E-3
4.328947858E1,-6.545315683E-2,4.534094408E-2,-3.799622878E-3
4.329947358E1,-6.100253388E-2,5.698304623E-2,-5.464488640E-3
4.330946858E1,-5.709514394E-2,6.875288486E-2,-8.691173978E-3
4.331946358E1,-4.697216302E-2,7.294987142E-2,-1.399125159E-2
4.332945858E1,-3.586757928E-2,7.434323430E-2,-1.025590301E-2
4.333945358E1,-2.313419059E-2,7.159578800E-2,-7.157890126E-3
4.334944758E1,-6.803686265E-3,5.980383977E-2,-5.212983117E-3
4.335944258E1,9.501989000E-3,5.492705479E-2,-5.583786406E-3
4.336943758E1,2.488254197E-2,4.446509108E-2,1.432044897E-3
4.337943258E1,3.819968179E-2,3.749376908E-2,4.528757185E-3
4.338942758E1,5.579012632E-2,3.634035215E-2,7.912836038E-3
4.339942158E1,6.406805664E-2,3.879572451E-2,6.740712561E-3
4.340941658E1,6.856106967E-2,4.467065632E-2,9.569788352E-3
4.341941158E1,6.737809628E-2,5.213363096E-2,8.777764626E-3
4.342940658E1,6.297402829E-2,5.498028547E-2,-5.025528371E-4
4.343940158E1,5.426733196E-2,5.947256833E-2,1.387026161E-3
4.344939558E1,4.594815150E-2,6.034502387E-2,-4.801158793E-4
4.345939058E1,4.049906507E-2,6.220956892E-2,2.227764111E-3
4.346938558E1,3.222702071E-2,6.540163606E-2,9.153847583E-3
4.347938058E1,2.975877747E-2,6.513641775E-2,1.399768144E-2
4.348937558E1,1.908322796E-2,6.037841365E-2,1.803929359E-2
4.349937058E1,1.476921886E-2,5.298561230E-2,2.517776750E-2
4.350936458E1,8.648209274E-3,4.600653052E-2,2.467442863E-2
4.351935958E1,-9.586115484E-4,3.461592644E-2,2.225521393E-2
4.352935458E1,-1.176990801E-3,3.082092106E-2,1.827405393E-2
4.353934958E1,-1.090723323E-3,2.745558321E-2,1.396724395E-2
4.354934458E1,-6.606227835E-4,2.434234694E-2,1.105001755E-2
4.355933863E1,1.746110152E-3,2.859465405E-2,6.643985398E-3
4.356933363E1,1.962092705E-3,2.869558707E-2,2.830072539E-3
4.357932863E1,3.707790747E-3,2.994377539E-2,-5.456075538E-3
4.358932363E1,3.541077022E-3,3.094352782E-2,-1.042127423E-2
4.359931863E1,-4.158665892E-3,3.117085993E-2,-1.323460415E-2
4.360931263E1,-1.298438199E-2,2.950558439E-2,-1.643652283E-2
4.361930763E1,-1.862679794E-2,2.891802788E-2,-1.824727282E-2
4.362930263E1,-2.714625001E-2,2.288037539E-2,-1.469621155E-2
4.363929763E1,-3.251654655E-2,1.872237958E-2,-6.793993525E-3
4.364929263E1,-3.651847690E-2,1.899269037E-2,7.536713965E-4
4.365928763E1,-3.914487362E-2,1.559356600E-2,6.693276111E-3
4.366928163E1,-4.720679298E-2,1.764606312E-2,1.284065098E-2
4.367927663E1,-5.560217425E-2,2.124239504E-2,2.080412209E-2
4.368927163E1,-6.707853079E-2,1.894728281E-2,2.634456195E-2
4.369926663E1,-8.002036810E-2,1.862424426E-2,2.827304974E-2
4.370926163E1,-9.119632095E-2,1.633978449E-2,2.576301992E-2
4.371925563E1,-9.735519439E-2,1.553191245E-2,2.598046511E-2
4.372925063E1,-1.023675278E-1,2.165824734E-2,2.275138348E-2
4.373924562E1,-9.762496501E-2,2.791038528E-2,1.659864932E-2
4.374924063E1,-8.901096880E-2,4.131274298E-2,1.456266176E-2
4.375923563E1,-7.867285609E-2,5.160386115E-2,9.390314110E-3
4.376922963E1,-6.954754144E-2,6.314067543E-2,5.721277092E-3
4.377922463E1,-5.430759117E-2,6.959651411E-2,-5.084521137E-3
4.378921963E1,-3.563084453E-2,7.495985180E-2,-9.415087290E-3
4.379921462E1,-1.746120676E-2,7.337562740E-2,-1.528481673E-2
4.380920963E1,-2.120068297E-3,6.958675385E-2,-1.923535019E-2
4.381920363E1,-2.562670968E-3,3.621188924E-2,-2.525120787E-2
4.382919863E1,2.661838382E-2,-2.564319670E-1,-2.430711873E-2
4.383919363E1,-2.169401268E-4,-2.550429404E-1,-3.708661720E-2
4.384918863E1,2.435204515E-4,-3.038898408E-1,-7.119771838E-2
4.385918363E1,1.333990414E-2,-2.392640710E-1,-8.314286172E-2
4.386917763E1,2.598219737E-2,-2.326198854E-2,-5.756079778E-2
4.387917263E1,4.150119796E-2,2.431201190E-1,-6.702580489E-3
4.388916763E1,5.121694505E-2,4.121482968E-1,4.139011353E-2
4.389916263E1,5.842799693E-2,4.483714104E-1,2.974807099E-2
4.390915763E1,5.904451758E-2,4.235837758E-1,6.731968373E-3
4.391915263E1,5.706790090E-2,3.293556273E-1,-1.314181462E-2