"Time (s)","X (rad/s)","Y (rad/s)","Z (rad/s)"
1.286879167E-2,7.956099510E-2,-1.095950678E-1,-1.823133416E-2
2.286379167E-2,8.415306360E-2,-3.060197458E-2,-1.455232315E-2
3.285779167E-2,8.358182013E-2,4.210312292E-2,-1.920673065E-2
4.285279167E-2,8.712116629E-2,9.715431929E-2,-2.987052314E-2
5.284779167E-2,8.897525817E-2,1.297476888E-1,-3.371959180E-2
6.284179167E-2,9.249040484E-2,1.475791037E-1,-4.082299024E-2
7.283679167E-2,9.583746642E-2,1.489578187E-1,-5.095844716E-2
8.283179167E-2,1.046876609E-1,1.481815875E-1,-5.942722410E-2
9.282579167E-2,1.135682315E-1,1.479877084E-1,-7.969680429E-2
1.028207917E-1,1.228972822E-1,1.588098258E-1,-1.071063802E-1
1.128147917E-1,1.392360330E-1,1.908226162E-1,-1.248925701E-1
1.228097917E-1,1.577135921E-1,2.279255986E-1,-1.382469088E-1
1.328047917E-1,1.827145517E-1,2.748630047E-1,-1.543028355E-1
1.427987917E-1,2.089605480E-1,3.255321085E-1,-1.760596782E-1
1.527937917E-1,2.458937913E-1,3.818859458E-1,-2.047080994E-1
1.627877917E-1,2.619023025E-1,4.364075363E-1,-2.406665385E-1
1.727827917E-1,2.629166842E-1,5.104594231E-1,-2.899869382E-1
1.827777917E-1,2.610256076E-1,5.979492664E-1,-3.626663089E-1
1.927717917E-1,2.688854039E-1,6.705837846E-1,-4.625697136E-1
2.027667917E-1,2.786666453E-1,7.181292176E-1,-5.792801380E-1
2.127607917E-1,2.946738601E-1,7.730239034E-1,-6.886159182E-1
2.227557917E-1,3.093151152E-1,8.212031722E-1,-8.020918965E-1
2.327507917E-1,3.349059522E-1,8.890178800E-1,-9.218004346E-1
2.427447917E-1,3.603476286E-1,9.665328860E-1,-1.061133742E0
2.527397917E-1,3.778920174E-1,1.056877971E0,-1.214149833E0
2.627337917E-1,3.899867833E-1,1.166280866E0,-1.366640806E0
2.727287917E-1,4.056626856E-1,1.306988120E0,-1.530684590E0
2.827237917E-1,4.045556188E-1,1.491097331E0,-1.695949912E0
2.927177917E-1,4.011779130E-1,1.721290827E0,-1.847132564E0
3.027127917E-1,3.978500366E-1,1.956167579E0,-1.987141848E0
3.127067917E-1,4.026802182E-1,2.188431978E0,-2.125231504E0
3.227017917E-1,4.102473259E-1,2.403718948E0,-2.253054142E0
3.326967917E-1,4.192607999E-1,2.582860947E0,-2.382072449E0
3.426907917E-1,4.191444218E-1,2.744565964E0,-2.499591589E0
3.526857917E-1,4.169451594E-1,2.883415222E0,-2.573967457E0
3.626797917E-1,4.248438179E-1,2.955073118E0,-2.617026329E0
3.726747917E-1,4.393428564E-1,2.977741241E0,-2.663035631E0
3.826697917E-1,4.689676464E-1,2.960309505E0,-2.704298496E0
3.926637917E-1,4.967170060E-1,2.900734901E0,-2.732008696E0
4.026587917E-1,5.247147679E-1,2.810787201E0,-2.737502098E0
4.126537917E-1,5.486970544E-1,2.720227718E0,-2.707498074E0
4.226477917E-1,5.710883737E-1,2.636270046E0,-2.650141954E0
4.326427917E-1,5.693719983E-1,2.551256657E0,-2.585787058E0
4.426367917E-1,5.581678152E-1,2.466446400E0,-2.528298855E0
4.526317917E-1,5.382175446E-1,2.370128632E0,-2.470710993E0
4.626267917E-1,5.143947601E-1,2.246181965E0,-2.420268059E0
4.726207917E-1,4.881975055E-1,2.105180740E0,-2.383210182E0
4.826157917E-1,4.744071364E-1,1.965405464E0,-2.354832411E0
4.926097917E-1,4.644567668E-1,1.842008710E0,-2.318227768E0
5.026047917E-1,4.596361816E-1,1.746618867E0,-2.265692472E0
5.125997917E-1,4.739818275E-1,1.705215812E0,-2.193883657E0
5.225937917E-1,4.796389043E-1,1.715083241E0,-2.124119520E0
5.325887917E-1,4.075764418E-1,1.701292038E0,-2.042840719E0
5.425827917E-1,2.893821597E-1,1.607462645E0,-1.939184070E0
5.525777917E-1,1.929978430E-1,1.448348403E0,-1.828149199E0
5.625727917E-1,1.394853443E-1,1.200809002E0,-1.757451057E0
5.725667917E-1,1.076006517E-1,8.712343574E-1,-1.724366069E0
5.825617917E-1,1.217705086E-1,5.055733919E-1,-1.706037045E0
5.925557917E-1,2.605574429E-1,2.543670237E-1,-1.687052727E0
6.025507917E-1,3.899857402E-1,1.490241289E-1,-1.632139921E0
6.125457917E-1,4.234147966E-1,1.752064675E-1,-1.497917652E0
6.225400833E-1,4.406867027E-1,3.158694506E-1,-1.285791278E0
6.325350833E-1,4.459666610E-1,5.540047884E-1,-1.068914890E0
6.425290833E-1,4.287909269E-1,8.049833775E-1,-8.910270333E-1
6.525240833E-1,3.994676471E-1,1.000899076E0,-7.626392245E-1
6.625190833E-1,3.697555661E-1,1.123942137E0,-6.591576338E-1
6.725130833E-1,3.526988029E-1,1.179194570E0,-5.610145926E-1
6.825080833E-1,3.525837958E-1,1.167189956E0,-4.729747772E-1
6.925020833E-1,3.630462885E-1,1.087560892E0,-3.829367757E-1
7.024970833E-1,3.810598850E-1,9.333673120E-1,-2.878867984E-1
7.124920833E-1,4.073503315E-1,7.364130020E-1,-1.963547617E-1
7.224860833E-1,4.308146238E-1,5.272296071E-1,-1.151147559E-1
7.324810833E-1,4.467778802E-1,3.274912238E-1,-4.131589830E-2
7.424750833E-1,4.638682306E-1,1.668042243E-1,2.863691002E-2
7.524700833E-1,4.865956604E-1,4.727888480E-2,9.425693750E-2
7.624650833E-1,4.996459484E-1,-1.647705957E-2,1.485540718E-1
7.724590833E-1,5.029725432E-1,-3.412582725E-2,2.054855376E-1
7.824540833E-1,4.976123273E-1,-4.886682145E-4,2.756196856E-1
7.924480833E-1,4.986490905E-1,6.266552955E-2,3.502142727E-1
8.024430833E-1,4.972357452E-1,1.629174352E-1,4.317470193E-1
8.124380833E-1,4.907426834E-1,2.633617520E-1,5.191650391E-1
8.224320833E-1,4.858648479E-1,3.500624001E-1,6.017936468E-1
8.324270833E-1,4.587155282E-1,4.011562169E-1,6.652905941E-1
8.424210833E-1,4.160490036E-1,4.080707133E-1,6.967093349E-1
8.524160833E-1,3.525603116E-1,3.765631318E-1,7.000305653E-1
8.624110833E-1,2.858287394E-1,3.283007145E-1,6.871596575E-1
8.724050833E-1,2.183122486E-1,2.709223628E-1,6.625440717E-1
8.824000833E-1,1.621970534E-1,1.999957860E-1,6.256781220E-1
8.923940833E-1,1.061771959E-1,1.162415072E-1,5.746450424E-1
9.023890833E-1,5.815026164E-2,3.760638833E-2,5.169555545E-1
9.123840833E-1,3.031809628E-2,-3.227921948E-2,4.612810612E-1
9.223780833E-1,1.626799116E-3,-1.048586443E-1,3.998653889E-1
9.323730833E-1,-2.934443206E-2,-1.821539700E-1,3.243277669E-1
9.423670833E-1,-6.463769823E-2,-2.590174079E-1,2.335491925E-1
9.523620833E-1,-1.027531251E-1,-3.245356977E-1,1.332473457E-1
9.623570833E-1,-1.395098120E-1,-3.804136515E-1,2.374936268E-2
9.723510833E-1,-1.692658514E-1,-4.300895929E-1,-8.173684776E-2
9.823460833E-1,-2.012853026E-1,-4.725704491E-1,-1.872379929E-1
9.923400833E-1,-2.273789495E-1,-5.056823492E-1,-2.878609896E-1
1.002335083E0,-2.469816655E-1,-5.398330092E-1,-3.870748580E-1
1.012330083E0,-2.750854492E-1,-5.641551018E-1,-4.887476861E-1
1.022324083E0,-2.996728420E-1,-5.800311565E-1,-5.936359763E-1
1.032319083E0,-3.302368820E-1,-5.846520066E-1,-7.024127841E-1
1.042313083E0,-3.621141315E-1,-5.747234225E-1,-7.969804406E-1
1.052308083E0,-3.928973377E-1,-5.711843371E-1,-8.848367929E-1
1.062303083E0,-4.173227549E-1,-5.790959001E-1,-9.671834111E-1
1.072297083E0,-4.250099659E-1,-6.324781775E-1,-1.031993032E0
1.082292083E0,-4.203369617E-1,-7.375932336E-1,-1.068429828E0
1.092286083E0,-3.891444206E-1,-8.522066474E-1,-1.075822234E0
1.102281083E0,-3.403270841E-1,-9.656445384E-1,-1.056921244E0
1.112276083E0,-2.919832468E-1,-1.079727769E0,-1.032038808E0
1.122270083E0,-2.206057012E-1,-1.154674292E0,-9.987088442E-1
1.132265083E0,-1.725814492E-1,-1.186480045E0,-9.530819654E-1
1.142259083E0,-1.433317065E-1,-1.109851480E0,-8.900226355E-1
1.152254083E0,-1.479094177E-1,-9.025955200E-1,-8.225024343E-1
1.162249083E0,-1.762957871E-1,-5.925680995E-1,-7.778225541E-1
1.172243083E0,-1.947075576E-1,-2.851620317E-1,-7.899266481E-1
1.182238083E0,-1.995036602E-1,-5.898765847E-2,-8.555980921E-1
1.192232083E0,-1.755594462E-1,1.255097426E-2,-9.220581055E-1
1.202227083E0,-1.874434948E-1,-1.220875382E-1,-9.386215806E-1
1.212222083E0,-1.788774282E-1,-3.980948925E-1,-8.469771743E-1
1.222216083E0,-1.113655046E-1,-5.517348647E-1,-5.477810502E-1
1.232211083E0,-4.562351108E-2,-4.945895374E-1,-1.792038530E-1
1.242205083E0,-4.129427299E-2,-4.112293720E-1,4.682527483E-2
1.252200083E0,-5.382418260E-2,-3.783880472E-1,1.148354858E-1
1.262195083E0,-5.131737143E-2,-3.132276237E-1,1.301918775E-1
1.272189083E0,-3.360947967E-2,-1.638053954E-1,1.809674352E-1
1.282184083E0,-1.087673567E-2,1.456991024E-2,2.585365474E-1
1.292178083E0,1.822256111E-2,1.656648964E-1,3.084385991E-1
1.302173083E0,5.376831442E-2,2.892913222E-1,3.157847524E-1
1.312168083E0,1.038405374E-1,3.821336329E-1,3.175600171E-1
1.322162083E0,1.525508463E-1,4.542500079E-1,3.364263475E-1
1.332157083E0,1.933603287E-1,5.061534047E-1,3.746685684E-1
1.342151083E0,2.331931889E-1,5.627020597E-1,4.064290524E-1
1.352146083E0,2.627832890E-1,6.190665364E-1,4.166084528E-1
1.362141083E0,2.810765505E-1,6.727139354E-1,4.259482026E-1
1.372135083E0,3.094980717E-1,7.338803411E-1,4.442249238E-1
1.382130083E0,3.282051980E-1,7.632746100E-1,4.538196027E-1
1.392124083E0,3.254365921E-1,7.510485649E-1,4.416604042E-1
1.402119083E0,3.477661312E-1,7.148128748E-1,4.183309376E-1
1.412114083E0,3.808303475E-1,6.774434447E-1,4.206689298E-1
1.422108083E0,4.346168637E-1,6.410788894E-1,4.702672958E-1
1.432103083E0,4.882793128E-1,5.816469789E-1,5.595005155E-1
1.442097083E0,5.347985625E-1,4.868759215E-1,6.495991349E-1
1.452092083E0,5.544987917E-1,3.693908155E-1,6.946172118E-1
1.462087083E0,5.446887612E-1,2.765206099E-1,7.062461376E-1
1.472081083E0,5.123366714E-1,2.472633719E-1,6.979272366E-1
1.482076083E0,4.572739899E-1,2.765965462E-1,6.996381283E-1
1.492070083E0,3.920422494E-1,3.525302112E-1,7.149888277E-1
1.502065083E0,3.118954897E-1,4.386284947E-1,7.497472167E-1
1.512060083E0,2.331452817E-1,5.044775009E-1,7.796187997E-1
1.522054083E0,1.633805931E-1,5.170049667E-1,7.839580774E-1
1.532049083E0,1.038506925E-1,4.854033589E-1,7.630000710E-1
1.542043083E0,5.202317610E-2,4.116098285E-1,7.136352062E-1
1.552038083E0,8.662122302E-3,3.141000569E-1,6.314066052E-1
1.562033083E0,-5.371581391E-2,2.163424790E-1,5.358049273E-1
1.572027083E0,-1.312220544E-1,1.175735593E-1,4.260136783E-1
1.582022083E0,-1.762449145E-1,-2.413823828E-2,2.903473079E-1
1.592016083E0,-2.062366307E-1,-2.340014577E-1,1.459142268E-1
1.602011083E0,-2.101115137E-1,-4.555334449E-1,2.475299500E-2
1.612006083E0,-2.022416145E-1,-5.903498530E-1,-5.568458885E-2
1.621999917E0,-1.910813600E-1,-6.273281574E-1,-1.057563499E-1
1.631994917E0,-2.061559111E-1,-5.977811813E-1,-1.731380522E-1
1.641988917E0,-2.528560758E-1,-5.255897045E-1,-2.783311605E-1
1.651983917E0,-3.248898089E-1,-3.783642948E-1,-4.147002101E-1
1.661978917E0,-3.876183927E-1,-2.164235711E-1,-5.691680908E-1
1.671972917E0,-4.168460667E-1,-1.238611415E-1,-7.007604241E-1
1.681967917E0,-4.033086598E-1,-9.837757796E-2,-7.871069908E-1
1.691961917E0,-3.421419859E-1,-1.049044579E-1,-8.019751310E-1
1.701956917E0,-2.763493955E-1,-1.293430179E-1,-7.648283243E-1
1.711951917E0,-2.222653776E-1,-1.534414291E-1,-7.109035850E-1
1.721945917E0,-2.043449581E-1,-1.163000613E-1,-6.726248264E-1
1.731940917E0,-2.034975439E-1,-5.643053446E-3,-6.542021632E-1
1.741934917E0,-2.185707837E-1,1.715902835E-1,-6.498253345E-1
1.751929917E0,-2.372089177E-1,3.861142993E-1,-6.546885371E-1
1.761923917E0,-2.381503582E-1,6.079871655E-1,-6.565502286E-1
1.771918917E0,-2.066515535E-1,7.608153224E-1,-6.553635001E-1
1.781913917E0,-1.475363076E-1,7.708625793E-1,-6.125061512E-1
1.791907917E0,-8.201215416E-2,6.069679260E-1,-4.954101443E-1
1.801902917E0,-4.164183140E-2,3.338437080E-1,-3.151352108E-1
1.811896917E0,-3.310693428E-2,7.780846208E-2,-1.423370540E-1
1.821891917E0,-5.475068837E-2,-1.091729701E-1,-3.462396562E-2
1.831886917E0,-7.480189204E-2,-2.007614821E-1,5.301240832E-2
1.841880917E0,-8.562604338E-2,-1.859857887E-1,1.611972451E-1
1.851875917E0,-9.664913267E-2,-1.295344979E-1,2.894209623E-1
1.861869917E0,-1.045677587E-1,-8.400603384E-2,4.119107723E-1
1.871864917E0,-9.808056802E-2,-7.498963922E-2,5.127239227E-1
1.881859917E0,-7.919612527E-2,-9.391545504E-2,5.887249112E-1
1.891853917E0,-4.590315372E-2,-1.260763258E-1,6.501904130E-1
1.901848917E0,-8.658322506E-3,-1.609089673E-1,6.972268224E-1
1.911842917E0,2.379469201E-2,-1.872694641E-1,7.233636379E-1
1.921837917E0,5.243274570E-2,-1.885376573E-1,7.225514650E-1
1.931832917E0,7.328689843E-2,-1.806829423E-1,6.995798349E-1
1.941826917E0,8.160155267E-2,-1.692814529E-1,6.588218212E-1
1.951821917E0,8.301222324E-2,-1.519173831E-1,6.109467149E-1
1.961815917E0,7.944253087E-2,-1.079643592E-1,5.520488024E-1
1.971810917E0,7.939326763E-2,-4.844458029E-2,4.827179313E-1
1.981805917E0,8.620509505E-2,-4.690441303E-3,4.171722233E-1
1.991799917E0,9.304807335E-2,1.675087027E-2,3.608273268E-1
2.001794917E0,1.046141908E-1,1.373743545E-2,3.237684071E-1
2.011788917E0,1.106233448E-1,-3.283092752E-3,3.079353869E-1
2.021783917E0,1.078379750E-1,-3.482786939E-2,2.938760221E-1
2.031778917E0,9.504575282E-2,-5.867594481E-2,2.692479193E-1
2.041772917E0,8.805438876E-2,-7.166511565E-2,2.321980447E-1
2.051767917E0,7.391513139E-2,-5.755035952E-2,1.875347048E-1
2.061761917E0,5.662591010E-2,-4.680290446E-2,1.559042186E-1
2.071756917E0,3.896542639E-2,-4.169017076E-2,1.464633197E-1
2.081751917E0,1.742150262E-2,-4.392139986E-2,1.519341171E-1
2.091745917E0,-6.346944254E-3,-5.662601069E-2,1.547267139E-1
2.101740917E0,-3.140939400E-2,-8.753395081E-2,1.397647411E-1
2.111734917E0,-6.145064905E-2,-1.403023601E-1,8.850742131E-2
2.121729917E0,-8.287156373E-2,-1.904522777E-1,2.232698724E-2
2.131724917E0,-9.464459866E-2,-2.273943275E-1,-4.006128758E-2
2.141718917E0,-1.156710312E-1,-2.415304184E-1,-9.958063811E-2
2.151713917E0,-1.222375929E-1,-2.301270217E-1,-1.509503424E-1
2.161707917E0,-1.179405600E-1,-2.146905512E-1,-1.881122142E-1
2.171702917E0,-1.068410352E-1,-1.955879629E-1,-2.131784111E-1
2.181696917E0,-8.953639120E-2,-1.835773289E-1,-2.390995622E-1
2.191691917E0,-8.978646249E-2,-1.955485046E-1,-2.742745876E-1
2.201686917E0,-7.439067960E-2,-2.355884761E-1,-3.502342105E-1
2.211680917E0,-3.121551126E-2,-3.177049160E-1,-4.720876813E-1
2.221675917E0,1.797275245E-2,-4.205240011E-1,-6.015734076E-1
2.231669917E0,7.798682153E-2,-4.771004617E-1,-6.808367968E-1
2.241664917E0,1.292071640E-1,-4.331690371E-1,-6.962293983E-1
2.251659917E0,1.502312124E-1,-3.246715963E-1,-6.703469157E-1
2.261653917E0,1.473656595E-1,-2.041401267E-1,-6.579557657E-1
2.271648917E0,1.263051182E-1,-7.009445131E-2,-6.748831272E-1
2.281642917E0,9.566995502E-2,8.204435557E-2,-7.087711096E-1
2.291637917E0,7.469810545E-2,2.371854633E-1,-7.452814579E-1
2.301632917E0,5.108200759E-2,4.010452032E-1,-7.622882128E-1
2.311626917E0,4.249251634E-2,5.494506359E-1,-7.744910717E-1
2.321621917E0,4.652721062E-2,6.542307734E-1,-8.184800148E-1
2.331615917E0,7.199795544E-2,6.604710817E-1,-8.856872916E-1
2.341610917E0,1.007139832E-1,5.444498658E-1,-9.246368408E-1
2.351605917E0,1.149400547E-1,3.460267782E-1,-9.057377577E-1
2.361599917E0,1.087037697E-1,1.270065755E-1,-8.306059241E-1
2.371594917E0,8.252090216E-2,-4.589250684E-2,-7.133898139E-1
2.381588917E0,4.464009032E-2,-1.130841970E-1,-5.873739123E-1
2.391583917E0,9.712998755E-3,-8.796951920E-2,-4.741948843E-1
2.401578917E0,-2.703171410E-2,-2.490326762E-2,-3.753829598E-1
2.411572917E0,-5.921575055E-2,4.258815572E-2,-2.677472830E-1
2.421567917E0,-8.258390427E-2,9.091553837E-2,-1.438215077E-1
2.431561917E0,-1.025608107E-1,9.489563853E-2,-3.145741299E-2
2.441556917E0,-1.092655882E-1,6.680151820E-2,6.091826409E-2
2.451551917E0,-1.116746888E-1,7.617813535E-4,1.275154054E-1
2.461545917E0,-1.022713184E-1,-7.879822701E-2,1.765307337E-1
2.471540917E0,-7.658565789E-2,-1.504500359E-1,2.253568619E-1
2.481534917E0,-4.576466978E-2,-2.020027339E-1,2.721981108E-1
2.491529917E0,-1.049988903E-2,-2.175092548E-1,3.170806170E-1
2.501523917E0,2.581313439E-2,-2.161985338E-1,3.523733020E-1
2.511518917E0,5.572416261E-2,-1.739221811E-1,3.796579242E-1
2.521513917E0,8.832844347E-2,-1.039436534E-1,4.020750821E-1
2.531507917E0,1.173137575E-1,-3.793622367E-3,4.393164515E-1
2.541502917E0,1.419474781E-1,1.130019054E-1,4.937944114E-1
2.551496917E0,1.647358686E-1,2.307801992E-1,5.560103655E-1
2.561491917E0,1.618831009E-1,3.511950970E-1,6.187067628E-1
2.571486917E0,1.484242827E-1,4.647224545E-1,6.651325822E-1
2.581480917E0,1.418974102E-1,5.340196490E-1,6.735380888E-1
2.591475917E0,1.465073377E-1,5.454081297E-1,6.523692012E-1
2.601469917E0,1.698368937E-1,5.359116793E-1,6.195885539E-1
2.611464917E0,1.808480024E-1,5.313081145E-1,6.088346839E-1
2.621460042E0,1.863458008E-1,5.347666144E-1,6.271830797E-1
2.631454042E0,1.884912401E-1,5.287196636E-1,6.413385868E-1
2.641449042E0,1.955454201E-1,4.919407964E-1,6.382917166E-1
2.651443042E0,1.896449178E-1,4.260840118E-1,6.084134579E-1
2.661438042E0,1.720499992E-1,3.490456939E-1,5.523928404E-1
2.671433042E0,1.573685259E-1,2.629776597E-1,4.781745374E-1
2.681427042E0,1.310244650E-1,1.878913641E-1,3.932160735E-1
2.691422042E0,9.275352210E-2,1.272876710E-1,3.119020462E-1
2.701416042E0,4.966012761E-2,9.625175595E-2,2.405803204E-1
2.711411042E0,2.140265703E-2,6.639213115E-2,1.667601615E-1
2.721406042E0,-5.597814918E-3,2.299984545E-2,8.773447573E-2
2.731400042E0,-2.518243529E-2,-3.903130442E-2,1.263386197E-2
2.741395042E0,-4.508153722E-2,-1.222074553E-1,-4.819960147E-2
2.751389042E0,-8.107628673E-2,-2.193473130E-1,-9.906145185E-2
2.761384042E0,-1.168196425E-1,-3.356861472E-1,-1.525049955E-1
2.771379042E0,-1.573803872E-1,-4.727092385E-1,-2.069671750E-1
2.781373042E0,-1.899221092E-1,-6.035797000E-1,-2.577895820E-1
2.791368042E0,-2.029684037E-1,-6.934286356E-1,-3.055815995E-1
2.801362042E0,-2.084052265E-1,-7.458510399E-1,-3.379370570E-1
2.811357042E0,-2.033390999E-1,-7.732003927E-1,-3.557690382E-1
2.821352042E0,-1.998572648E-1,-7.704871297E-1,-3.700698316E-1
2.831346042E0,-1.973642856E-1,-7.380287647E-1,-3.867353499E-1
2.841341042E0,-2.052504718E-1,-6.846072078E-1,-4.041542411E-1
2.851335042E0,-2.024179250E-1,-6.155986190E-1,-4.215435982E-1
2.861330042E0,-1.899191439E-1,-5.477989912E-1,-4.523968697E-1
2.871324042E0,-1.696050912E-1,-4.768830240E-1,-4.892675281E-1
2.881319042E0,-1.414957047E-1,-3.961332440E-1,-5.182546377E-1
2.891314042E0,-1.014612094E-1,-3.074859083E-1,-5.293573141E-1
2.901308042E0,-6.739749014E-2,-2.142192274E-1,-5.306684375E-1
2.911303042E0,-3.705582768E-2,-1.277122945E-1,-5.266302824E-1
2.921297042E0,-1.163224224E-2,-4.525474831E-2,-5.247324109E-1
2.931292042E0,8.735081181E-3,4.786401242E-2,-5.222165585E-1
2.941287042E0,3.416321427E-2,1.633056253E-1,-4.925688803E-1
2.951281042E0,5.369563401E-2,3.086798489E-1,-4.356725514E-1
2.961276042E0,6.826552749E-2,4.460378885E-1,-3.803663850E-1
2.971270042E0,8.226975799E-2,5.621405244E-1,-3.551473022E-1
2.981265042E0,8.004574478E-2,6.595335007E-1,-3.573745489E-1
2.991260042E0,7.689469308E-2,7.300241590E-1,-3.840636909E-1
3.001254042E0,9.110424668E-2,7.585943937E-1,-4.077081084E-1
3.011249042E0,1.188922077E-1,7.116029263E-1,-4.216438830E-1
3.021243042E0,1.505084336E-1,5.870234966E-1,-3.998900056E-1
3.031238042E0,1.624606997E-1,4.171396196E-1,-3.268219233E-1
3.041233042E0,1.643931419E-1,2.481693625E-1,-2.162201703E-1
3.051227042E0,1.562433392E-1,1.196486577E-1,-1.018512622E-1
3.061222042E0,1.328794062E-1,5.064402148E-2,-1.049860101E-2
3.071216042E0,1.025952697E-1,4.072587565E-2,6.616155803E-2
3.081211042E0,7.218571007E-2,6.572956592E-2,1.396830231E-1
3.091206042E0,4.163712263E-2,9.377584606E-2,2.088218927E-1
3.101200042E0,1.705081016E-2,9.937637299E-2,2.850870192E-1
3.111195042E0,-9.228653507E-4,7.516131550E-2,3.442866802E-1
3.121189042E0,-1.183310756E-3,3.648246080E-2,3.886033595E-1
3.131184042E0,1.324143447E-2,-4.803191870E-3,4.194715321E-1
3.141178042E0,4.256176949E-2,-3.995075822E-2,4.480951726E-1
3.151173042E0,7.246294618E-2,-6.177483127E-2,4.766711593E-1
3.161168042E0,9.813499451E-2,-6.592713296E-2,5.085974336E-1
3.171162042E0,1.243362352E-1,-5.106376484E-2,5.310681462E-1
3.181157042E0,1.418449581E-1,-1.401146874E-2,5.419448018E-1
3.191151042E0,1.471925825E-1,3.734972328E-2,5.419085622E-1
3.201146042E0,1.354072839E-1,9.629436582E-2,5.330491066E-1
3.211141042E0,1.285136938E-1,1.662886292E-1,5.170730948E-1
3.221135042E0,1.234834939E-1,2.335924357E-1,5.046445131E-1
3.231130042E0,1.138625592E-1,2.939897180E-1,4.947458506E-1
3.241124042E0,9.814780951E-2,3.379628956E-1,4.867206514E-1
3.251119042E0,9.658639878E-2,3.685308993E-1,4.849930406E-1
3.261114042E0,9.380552173E-2,3.806003630E-1,4.844540358E-1
3.271108042E0,8.634521067E-2,3.707914054E-1,4.680342972E-1
3.281103042E0,7.244532555E-2,3.395765722E-1,4.350485802E-1
3.291097042E0,5.214431882E-2,2.873741090E-1,3.990578055E-1
3.301092042E0,3.223427013E-2,2.300675064E-1,3.581493497E-1
3.311087042E0,1.159237791E-2,1.582167447E-1,3.140311539E-1
3.321081042E0,-8.372260258E-3,7.218523324E-2,2.742484808E-1
3.331076042E0,-2.556456067E-2,-2.388004772E-2,2.423400581E-1
3.341070042E0,-3.365180641E-2,-1.198302060E-1,2.139606923E-1
3.351065042E0,-3.847825155E-2,-2.015895247E-1,1.858997643E-1
3.361060042E0,-4.608049244E-2,-2.725659907E-1,1.541976780E-1
3.371054042E0,-5.592326820E-2,-3.239306509E-1,1.193052009E-1
3.381049042E0,-5.484523252E-2,-3.442898393E-1,9.225644171E-2
3.391043042E0,-6.123149395E-2,-3.322960138E-1,7.183052599E-2
3.401038042E0,-6.341846287E-2,-2.927628160E-1,4.902982712E-2
3.411033042E0,-6.730400771E-2,-2.356688976E-1,2.089405991E-2
3.421027042E0,-7.163007557E-2,-1.698519886E-1,-1.902558655E-2
3.431022042E0,-7.452306151E-2,-1.022756249E-1,-6.337387115E-2
3.441016042E0,-7.369267941E-2,-4.710144550E-2,-1.006857529E-1
3.451011042E0,-6.172816083E-2,-1.464720583E-3,-1.285477430E-1
3.461006042E0,-5.209047347E-2,2.301625721E-2,-1.569079757E-1
3.471000042E0,-4.316329211E-2,3.316076845E-2,-1.838570237E-1
3.480995042E0,-4.202717915E-2,4.129742458E-2,-2.131504267E-1
3.490989042E0,-4.040478170E-2,3.752905130E-2,-2.418225557E-1
3.500984042E0,-4.559846967E-2,3.852087632E-2,-2.714484930E-1
3.510978042E0,-4.291906208E-2,3.888173401E-2,-2.949199975E-1
3.520973042E0,-4.999852553E-2,4.958341643E-2,-3.125007153E-1
3.530968042E0,-5.421111360E-2,6.356421113E-2,-3.269177377E-1
3.540962042E0,-5.927990749E-2,8.835823834E-2,-3.438634276E-1
3.550957042E0,-6.724222749E-2,1.325134635E-1,-3.746988475E-1
3.560951042E0,-7.848744839E-2,1.881709248E-1,-4.296496511E-1
3.570946042E0,-7.661497593E-2,2.357189953E-1,-5.142281651E-1
3.580941042E0,-5.311684310E-2,2.564575374E-1,-5.929639935E-1
3.590935042E0,-1.792529970E-2,2.459803969E-1,-6.360680461E-1
3.600930042E0,1.880690269E-2,1.953515410E-1,-6.371262074E-1
3.610924042E0,4.793949053E-2,1.098723263E-1,-5.945792794E-1
3.620918667E0,5.753939599E-2,2.001344226E-2,-5.366589427E-1
3.630913667E0,6.366546452E-2,-4.241052270E-2,-4.700559378E-1
3.640907667E0,6.577494740E-2,-4.716473073E-2,-3.989123106E-1
3.650902667E0,6.994172931E-2,2.770072315E-3,-3.254671097E-1
3.660896667E0,6.632057577E-2,7.149291039E-2,-2.537528872E-1
3.670891667E0,5.090380460E-2,1.274597794E-1,-1.974832118E-1
3.680886667E0,2.779906429E-2,1.595304608E-1,-1.440504789E-1
3.690880667E0,1.568860747E-2,1.718305349E-1,-9.867953509E-2
3.700875667E0,1.386031602E-2,1.534053534E-1,-6.004877388E-2
3.710869667E0,1.903510466E-2,1.074834019E-1,-2.571955882E-2
3.720864667E0,3.590067476E-2,5.130375177E-2,-6.106665358E-3
3.730859667E0,4.617195576E-2,-2.294570953E-2,1.634815708E-4
3.740853667E0,5.214887857E-2,-9.937513620E-2,1.708799973E-4
3.750848667E0,5.527836084E-2,-1.602209061E-1,-4.084851127E-3
3.760842667E0,5.902809650E-2,-2.081163675E-1,-1.703128219E-3
3.770837667E0,5.439978838E-2,-2.287904918E-1,3.692968981E-3
3.780831667E0,5.876230448E-2,-2.313597351E-1,1.105784252E-2
3.790826667E0,6.203586236E-2,-2.160028964E-1,1.645686850E-2
3.800821667E0,7.436071336E-2,-1.792457998E-1,2.865156345E-2
3.810815667E0,8.501388878E-2,-1.359712929E-1,4.370161891E-2
3.820810667E0,8.502451330E-2,-9.368409216E-2,5.400591716E-2
3.830804667E0,9.219747037E-2,-7.005173713E-2,6.556989253E-2
3.840799667E0,8.594810963E-2,-4.590319470E-2,8.272556216E-2
3.850794667E0,8.865468204E-2,-2.790927887E-2,1.096141636E-1
3.860788667E0,8.959797025E-2,-3.909402993E-3,1.371235549E-1
3.870783667E0,9.209042788E-2,2.813747898E-2,1.773372889E-1
3.880777667E0,9.558183700E-2,7.177004963E-2,2.243546695E-1
3.890772667E0,9.119774401E-2,1.244423166E-1,2.669205070E-1
3.900767667E0,8.742561936E-2,1.753239632E-1,3.033584952E-1
3.910761667E0,7.780361176E-2,2.095354646E-1,3.297389448E-1
3.920756667E0,6.782342494E-2,2.399272621E-1,3.485324383E-1
3.930750667E0,4.906678945E-2,2.624128461E-1,3.635220528E-1
3.940745667E0,2.555215545E-2,2.771678567E-1,3.610656857E-1
3.950740667E0,5.533294752E-4,2.743489146E-1,3.316636086E-1
3.960734667E0,-1.806777902E-2,2.569888830E-1,2.961626649E-1
3.970729667E0,-3.194577992E-2,2.362468392E-1,2.658247352E-1
3.980723667E0,-4.698811471E-2,2.056005448E-1,2.365888208E-1
3.990718667E0,-6.214362755E-2,1.723802686E-1,2.143005580E-1
4.000713667E0,-7.254565507E-2,1.353277117E-1,1.855119318E-1
4.010707667E0,-8.181638271E-2,9.214988351E-2,1.486497819E-1
4.020702667E0,-8.822476864E-2,4.638133198E-2,9.425670654E-2
4.030696667E0,-8.486705273E-2,-4.615539219E-3,4.828015715E-2
4.040691667E0,-8.499222249E-2,-4.891695827E-2,7.743119262E-3
4.050686667E0,-7.985551655E-2,-8.206212521E-2,-2.438711934E-2
4.060680667E0,-8.077027649E-2,-1.212552711E-1,-5.447231233E-2
4.070675667E0,-8.026161045E-2,-1.503535062E-1,-8.854480088E-2
4.080669667E0,-9.169005603E-2,-1.706477851E-1,-1.382446438E-1
4.090664667E0,-9.561768919E-2,-1.793358177E-1,-2.010920495E-1
4.100658667E0,-9.474921972E-2,-1.760153174E-1,-2.641497254E-1
4.110653667E0,-9.168285131E-2,-1.645059437E-1,-3.179343939E-1
4.120648667E0,-8.327421546E-2,-1.523794383E-1,-3.603640795E-1
4.130642667E0,-8.681648970E-2,-1.470507234E-1,-3.978059888E-1
4.140637667E0,-1.035264581E-1,-1.547421515E-1,-4.363339245E-1
4.150631667E0,-1.245382577E-1,-1.854332238E-1,-4.785844386E-1
4.160626667E0,-1.474862099E-1,-2.266821265E-1,-5.063565373E-1
4.170621667E0,-1.638782322E-1,-2.693659365E-1,-5.186084509E-1
4.180615667E0,-1.777224094E-1,-3.073594272E-1,-5.160707235E-1
4.190610667E0,-1.886176616E-1,-3.491361737E-1,-5.143593550E-1
4.200604667E0,-1.928683668E-1,-3.915516436E-1,-5.280753970E-1
4.210599667E0,-1.880475134E-1,-4.141301811E-1,-5.506475568E-1
4.220594667E0,-1.759218574E-1,-3.938619792E-1,-5.648092628E-1
4.230588667E0,-1.583351344E-1,-3.377214670E-1,-5.683690906E-1
4.240583667E0,-1.366287917E-1,-2.276947498E-1,-5.690915585E-1
4.250577667E0,-9.303177893E-2,-9.910828620E-2,-5.822784305E-1
4.260572667E0,-3.327787668E-2,2.326532826E-2,-5.990779400E-1
4.270567667E0,4.402303696E-2,9.897899628E-2,-6.137143970E-1
4.280561667E0,1.056256592E-1,1.171244830E-1,-5.849516392E-1
4.290556667E0,1.093189344E-1,9.625461698E-2,-4.638614058E-1
4.300550667E0,6.645109504E-2,8.131834865E-2,-2.473105192E-1
4.310545667E0,-1.167140715E-2,1.173024476E-1,9.791841730E-4
4.320540667E0,-9.949233383E-2,2.071126848E-1,2.112523019E-1
4.330534667E0,-1.740280837E-1,3.200919926E-1,3.459808230E-1
4.340529667E0,-2.312807143E-1,4.035855234E-1,4.324142635E-1
4.350523667E0,-2.765600383E-1,4.020672441E-1,5.171397924E-1
4.360518667E0,-3.107531369E-1,3.077667654E-1,6.056517363E-1
4.370513667E0,-3.313122094E-1,1.517577320E-1,6.727620363E-1
4.380507667E0,-3.384852409E-1,-2.439167164E-2,6.847004294E-1
4.390502667E0,-3.375227749E-1,-1.919194162E-1,6.531542540E-1
4.400496667E0,-3.276866078E-1,-3.334987760E-1,6.080913544E-1
4.410491667E0,-3.110530376E-1,-4.468463957E-1,5.591320395E-1
4.420486667E0,-2.888255119E-1,-5.458304882E-1,5.035457611E-1
4.430480667E0,-2.738582790E-1,-6.213300228E-1,4.510721564E-1
4.440475667E0,-2.473651469E-1,-6.573415399E-1,4.105987549E-1
4.450469667E0,-2.292876095E-1,-6.436712742E-1,3.707738519E-1
4.460464667E0,-2.139933258E-1,-5.877116919E-1,3.421843648E-1
4.470458667E0,-1.956920773E-1,-5.036554337E-1,3.095246851E-1
4.480453667E0,-1.886208802E-1,-3.973955810E-1,2.788747549E-1
4.490448667E0,-1.811203510E-1,-2.968007922E-1,2.549244165E-1
4.500442667E0,-1.712709069E-1,-2.054168284E-1,2.330404222E-1
4.510437667E0,-1.638337672E-1,-1.284099221E-1,2.126698941E-1
4.520431667E0,-1.535696834E-1,-7.441516221E-2,1.875584424E-1
4.530426667E0,-1.431737691E-1,-4.973617941E-2,1.592383832E-1
4.540421667E0,-1.298579574E-1,-5.644574761E-2,1.329196990E-1
4.550415667E0,-1.226477325E-1,-8.077215403E-2,1.080539003E-1
4.560410667E0,-1.072200239E-1,-1.049859226E-1,9.342639148E-2
4.570404667E0,-9.905503690E-2,-1.314880997E-1,8.009780198E-2
4.580399667E0,-9.234251827E-2,-1.534399688E-1,6.419300288E-2
4.590394667E0,-8.966816962E-2,-1.732557565E-1,4.626833275E-2
4.600388667E0,-8.189626783E-2,-1.759104282E-1,2.658972330E-2
4.610383667E0,-7.547511905E-2,-1.615136415E-1,8.734560572E-3
4.620377667E0,-6.106184050E-2,-1.347356588E-1,-5.025823601E-3
4.630372667E0,-5.125688016E-2,-1.053572595E-1,-2.593696490E-2
4.640367667E0,-3.711150214E-2,-6.765992194E-2,-4.848570004E-2
4.650361667E0,-1.706748642E-2,-3.791454062E-2,-8.213926852E-2
4.660356667E0,-1.695200568E-3,-1.467403211E-2,-1.196550429E-1
4.670350667E0,1.004214864E-2,-2.491401974E-3,-1.608687937E-1
4.680345667E0,2.024469525E-2,-7.090344094E-3,-1.945766211E-1
4.690340667E0,2.515449934E-2,-2.710772678E-2,-2.198470980E-1
4.700334667E0,3.087232448E-2,-4.734243080E-2,-2.485997677E-1
4.710329667E0,3.782956675E-2,-7.229065150E-2,-2.786628604E-1
4.720323667E0,4.609708115E-2,-9.536078572E-2,-3.118916452E-1
4.730318667E0,5.849409848E-2,-1.079641953E-1,-3.485852182E-1
4.740313667E0,7.292470336E-2,-1.113898903E-1,-3.798770607E-1
4.750307667E0,8.869088441E-2,-1.044257209E-1,-4.056434035E-1
4.760302667E0,1.118481234E-1,-8.347809315E-2,-4.341963828E-1
4.770296667E0,1.318210214E-1,-5.523739755E-2,-4.683282375E-1
4.780291667E0,1.529817432E-1,-6.478964351E-4,-4.931574166E-1
4.790286667E0,1.727780849E-1,8.086267859E-2,-4.964437783E-1
4.800280667E0,1.871242374E-1,1.717496067E-1,-5.023788214E-1
4.810275667E0,1.690373868E-1,2.714772820E-1,-5.305273533E-1
4.820269667E0,1.785869747E-1,3.847740591E-1,-5.695666671E-1
4.830264667E0,2.042044550E-1,4.628235996E-1,-5.981889963E-1
4.840258667E0,2.341343760E-1,4.863340557E-1,-6.026224494E-1
4.850253667E0,2.560274303E-1,4.349619448E-1,-5.655174255E-1
4.860248667E0,2.659117579E-1,3.442910910E-1,-4.707112014E-1
4.870242667E0,2.539030313E-1,2.428643405E-1,-3.388700783E-1
4.880237667E0,2.279790342E-1,1.602171510E-1,-2.021243572E-1
4.890231667E0,1.835354120E-1,1.185770333E-1,-6.271480024E-2
4.900226667E0,1.406142712E-1,1.201912388E-1,6.141068786E-2
4.910221667E0,8.898278326E-2,1.438702047E-1,1.780757755E-1
4.920215667E0,4.343100265E-2,1.644932628E-1,2.816317081E-1
4.930210667E0,7.601899561E-3,1.610655040E-1,3.698670268E-1
4.940204667E0,-1.823076792E-2,1.362603456E-1,4.354499578E-1
4.950199667E0,-3.383822367E-2,9.993138164E-2,4.798073173E-1
4.960194667E0,-3.591256589E-2,5.560395867E-2,5.033093691E-1
4.970188667E0,-3.097053990E-2,1.489008497E-2,5.214244723E-1
4.980183667E0,-1.726696081E-2,-1.346509159E-2,5.340988636E-1
4.990177667E0,-6.769844797E-3,-2.201463655E-2,5.442087650E-1
5.000172667E0,3.288919106E-3,-9.783071466E-3,5.498152971E-1
5.010167667E0,1.871394739E-2,1.735374145E-2,5.555744171E-1
5.020161667E0,3.044331446E-2,6.341490895E-2,5.606620908E-1
5.030156667E0,3.162309155E-2,1.269597858E-1,5.621204376E-1
5.040150667E0,3.148647025E-2,1.888162792E-1,5.591670275E-1
5.050145667E0,2.552338690E-2,2.536187172E-1,5.403349996E-1
5.060140667E0,2.430898324E-2,3.070417643E-1,5.080567002E-1
5.070134667E0,1.156762149E-2,3.357346356E-1,4.752166867E-1
5.080129667E0,1.817789045E-3,3.433688581E-1,4.436241388E-1
5.090123667E0,-1.390045416E-2,3.255062401E-1,4.121732712E-1
5.100118667E0,-3.286115825E-2,2.923723757E-1,3.831176758E-1
5.110113667E0,-4.677351192E-2,2.409584522E-1,3.487546444E-1
5.120107667E0,-6.256626546E-2,1.875185817E-1,3.043093681E-1
5.130102667E0,-7.941981405E-2,1.315389276E-1,2.617158592E-1
5.140096667E0,-1.038183495E-1,8.379857987E-2,2.263835669E-1
5.150091667E0,-1.224077418E-1,4.196830839E-2,1.925763339E-1
5.160086667E0,-1.471831352E-1,7.215454243E-3,1.500543952E-1
5.170080667E0,-1.709148288E-1,-2.904321812E-2,1.048317999E-1
5.180075667E0,-1.902712286E-1,-6.255753338E-2,5.828839540E-2
5.190069667E0,-2.117400467E-1,-9.760260582E-2,8.334683254E-3
5.200064667E0,-2.310758978E-1,-1.344295889E-1,-3.829897568E-2
5.210059667E0,-2.406512946E-1,-1.699790657E-1,-8.224033564E-2
5.220053667E0,-2.452657968E-1,-2.089627534E-1,-1.265825033E-1
5.230048667E0,-2.450045347E-1,-2.364204675E-1,-1.718224287E-1
5.240042667E0,-2.410225272E-1,-2.566266656E-1,-2.141226977E-1
5.250037667E0,-2.341427952E-1,-2.573449314E-1,-2.483712286E-1
5.260031667E0,-2.202922553E-1,-2.426533103E-1,-2.813157439E-1
5.270026667E0,-2.003678083E-1,-2.176923007E-1,-3.103926778E-1
5.280021667E0,-1.734046489E-1,-1.874207109E-1,-3.377205729E-1
5.290015667E0,-1.441370398E-1,-1.462152153E-1,-3.723754883E-1
5.300010667E0,-1.119772345E-1,-9.223912656E-2,-3.994989395E-1
5.310004667E0,-7.922168821E-2,-2.782978117E-2,-4.164401293E-1
5.319999667E0,-5.197621882E-2,3.906809166E-2,-4.247913063E-1
5.329994667E0,-2.729324438E-2,1.098570451E-1,-4.293125570E-1
5.339988667E0,-1.011106465E-2,1.789259166E-1,-4.377625287E-1
5.349983667E0,1.259797625E-2,2.437792271E-1,-4.496322274E-1
5.359977667E0,3.316850588E-2,3.083005548E-1,-4.613796175E-1
5.369972667E0,5.328123271E-2,3.735106885E-1,-4.766299427E-1
5.379967667E0,6.962721795E-2,4.315109551E-1,-4.904133976E-1
5.389961667E0,7.458202541E-2,4.859044254E-1,-4.850886762E-1
5.399956667E0,8.533021808E-2,5.194078088E-1,-4.678265452E-1
5.409950667E0,1.083441898E-1,5.089122653E-1,-4.511354268E-1
5.419945667E0,1.115229875E-1,4.022830129E-1,-4.397461116E-1
5.429940667E0,1.115120649E-1,2.049662173E-1,-3.880600035E-1
5.439934667E0,1.336258799E-1,3.020229563E-2,-2.325288206E-1
5.449929667E0,1.357231140E-1,-8.270614594E-2,-2.981220931E-2
5.459923667E0,1.232680380E-1,-1.630828679E-1,1.213295683E-1
5.469918667E0,1.013097391E-1,-1.995977461E-1,1.843734980E-1
5.479913667E0,7.616525888E-2,-1.906272322E-1,1.851385534E-1
5.489907667E0,5.860118195E-2,-1.315868050E-1,1.711281985E-1
5.499902667E0,5.235075578E-2,-5.074778199E-2,1.651377827E-1
5.509896667E0,5.101278052E-2,2.256531641E-2,1.612178832E-1
5.519891667E0,5.628446862E-2,7.970879972E-2,1.582183093E-1
5.529886667E0,6.476024538E-2,1.172782779E-1,1.547426134E-1
5.539880667E0,7.194467634E-2,1.274446249E-1,1.441479027E-1
5.549875667E0,7.619588077E-2,1.060882062E-1,1.248245463E-1
5.559869667E0,7.930830866E-2,6.950865686E-2,9.894765913E-2
5.569864667E0,8.315497637E-2,2.545517683E-2,7.489398867E-2
5.579859667E0,8.645065874E-2,-5.393981934E-3,4.560489953E-2
5.589853667E0,9.926232696E-2,-1.023614127E-2,1.504832320E-2
5.599848667E0,1.098041609E-1,1.058665011E-2,-1.544027030E-2
5.609842667E0,1.165177226E-1,5.215193704E-2,-4.375233501E-2
5.619837667E0,1.189603657E-1,1.043566912E-1,-6.174632534E-2
5.629833208E0,1.193132326E-1,1.509175301E-1,-7.570394874E-2
5.639827208E0,1.121235266E-1,1.923888326E-1,-8.019322157E-2
5.649822208E0,1.013790071E-1,2.194452137E-1,-8.245024830E-2
5.659816208E0,9.627928585E-2,2.357847542E-1,-7.883769274E-2
5.669811208E0,9.082327038E-2,2.458496243E-1,-8.026940376E-2
5.679805208E0,8.950609714E-2,2.543503642E-1,-8.251373470E-2
5.689800208E0,9.665001929E-2,2.571056783E-1,-7.986335456E-2
5.699795208E0,1.027494743E-1,2.751355767E-1,-6.808485091E-2
5.709789208E0,1.082885861E-1,2.902618051E-1,-4.900250584E-2
5.719784208E0,1.090675220E-1,3.125681877E-1,-1.348798256E-2
5.729778208E0,1.178916395E-1,3.551044762E-1,3.307019919E-2
5.739773208E0,1.253903061E-1,4.064958096E-1,8.804490417E-2
5.749768208E0,1.263618320E-1,4.617132545E-1,1.289204359E-1
5.759762208E0,1.381380558E-1,5.134572983E-1,1.590263247E-1
5.769757208E0,1.670040637E-1,5.695831180E-1,1.956660897E-1
5.779751208E0,1.897644997E-1,6.434766054E-1,2.313681543E-1
5.789746208E0,2.034563422E-1,7.218467593E-1,2.611782551E-1
5.799741208E0,2.204864919E-1,7.998504639E-1,2.805248201E-1
5.809735208E0,2.360199094E-1,8.862098455E-1,3.002276719E-1
5.819730208E0,2.585499883E-1,9.717325568E-1,3.132145107E-1
5.829724208E0,2.872333229E-1,1.048390388E0,3.317607641E-1
5.839719208E0,3.074977696E-1,1.115401506E0,3.549258709E-1
5.849714208E0,3.201563060E-1,1.176969051E0,3.764974773E-1
5.859708208E0,3.276201189E-1,1.231455564E0,3.899828196E-1
5.869703208E0,3.196956217E-1,1.268435478E0,3.919719458E-1
5.879697208E0,3.022670746E-1,1.273659229E0,3.875198662E-1
5.889692208E0,2.830851376E-1,1.252945423E0,3.841062486E-1
5.899687208E0,2.621092796E-1,1.208093286E0,3.849596083E-1
5.909681208E0,2.404431254E-1,1.136419654E0,3.783757389E-1
5.919676208E0,2.213823795E-1,1.054948688E0,3.702290654E-1
5.929670208E0,2.041946054E-1,9.729288816E-1,3.497024775E-1
5.939665208E0,1.830392182E-1,8.976305723E-1,3.338087797E-1
5.949660208E0,1.680227220E-1,8.411422372E-1,3.201486170E-1
5.959654208E0,1.542622000E-1,7.973583937E-1,3.118126094E-1
5.969649208E0,1.415826231E-1,7.643709183E-1,3.064878881E-1
5.979643208E0,1.325049698E-1,7.376804352E-1,2.877067327E-1
5.989638208E0,1.155478209E-1,7.055701613E-1,2.536704838E-1
5.999633208E0,9.952624887E-2,6.666659713E-1,2.096530646E-1
6.009627208E0,9.712833911E-2,6.142699122E-1,1.623036563E-1
6.019622208E0,8.911460638E-2,5.603172183E-1,1.099952608E-1
6.029616208E0,7.792134583E-2,4.944636226E-1,6.376624852E-2
6.039611208E0,6.996512413E-2,4.239734709E-1,3.494458646E-2
6.049606208E0,6.452775002E-2,3.487042785E-1,2.479874343E-2
6.059600208E0,6.454932690E-2,2.778966427E-1,2.519264445E-2
6.069595208E0,5.477952212E-2,2.065345943E-1,3.544900939E-2
6.079589208E0,4.406881705E-2,1.314425319E-1,4.589097947E-2
6.089584208E0,3.006538562E-2,5.519036949E-2,4.515301436E-2
6.099579208E0,1.196998544E-2,-5.833830684E-3,4.318425804E-2
6.109573208E0,-1.314282417E-2,-4.861325026E-2,4.627698660E-2
6.119568208E0,-3.363502771E-2,-7.743135095E-2,5.430978537E-2
6.129562208E0,-5.116821453E-2,-8.343677968E-2,7.029914111E-2
6.139557208E0,-7.026253641E-2,-8.330132812E-2,9.321170300E-2
6.149552208E0,-9.454763681E-2,-6.881799549E-2,1.153212637E-1
6.159546208E0,-1.143746451E-1,-5.991743505E-2,1.322908849E-1
6.169541208E0,-1.376237869E-1,-5.722311512E-2,1.439832300E-1
6.179535208E0,-1.618563980E-1,-5.486159399E-2,1.559180170E-1
6.189530208E0,-1.863228679E-1,-5.130254477E-2,1.628832370E-1
6.199525208E0,-1.944150925E-1,-5.469771475E-2,1.622748524E-1
6.209519208E0,-2.007467598E-1,-7.270734012E-2,1.700238436E-1
6.219514208E0,-2.093511671E-1,-9.517579526E-2,1.763461381E-1
6.229508208E0,-2.178525180E-1,-1.226511002E-1,1.716158241E-1
6.239503208E0,-2.219396979E-1,-1.543223709E-1,1.690664440E-1
6.249498208E0,-2.315513045E-1,-1.780002713E-1,1.649031192E-1
6.259492208E0,-2.394909859E-1,-1.846604943E-1,1.701456755E-1
6.269487208E0,-2.481473237E-1,-1.544597298E-1,1.717776507E-1
6.279481208E0,-2.570806146E-1,-1.184312552E-1,1.763706058E-1
6.289476208E0,-2.608495355E-1,-8.321733773E-2,1.659163684E-1
6.299471208E0,-2.643385231E-1,-5.706413463E-2,1.573874801E-1
6.309465208E0,-2.572276294E-1,-3.908912838E-2,1.473798603E-1
6.319460208E0,-2.565889955E-1,-3.295204043E-2,1.361591071E-1
6.329454208E0,-2.511071563E-1,-4.715707526E-2,1.258987486E-1
6.339449208E0,-2.419411391E-1,-6.744102389E-2,1.106220186E-1
6.349443208E0,-2.296455801E-1,-7.957092673E-2,1.004197150E-1
6.359438208E0,-2.230949998E-1,-8.495523781E-2,1.013730913E-1
6.369433208E0,-2.098412514E-1,-8.247716725E-2,1.067729145E-1
6.379427208E0,-2.045047581E-1,-6.305418164E-2,1.066742837E-1
6.389422208E0,-1.966441721E-1,-4.946300760E-2,9.809171408E-2
6.399416208E0,-1.886712015E-1,-4.496166483E-2,8.698043972E-2
6.409411208E0,-1.868850291E-1,-4.516699538E-2,7.580181956E-2
6.419406208E0,-1.756734103E-1,-5.367878452E-2,6.889677793E-2
6.429400208E0,-1.681971252E-1,-6.187705696E-2,6.441893429E-2
6.439395208E0,-1.617684960E-1,-6.928394735E-2,5.813754722E-2
6.449389208E0,-1.512114704E-1,-7.418469340E-2,5.638385564E-2
6.459384208E0,-1.431341320E-1,-7.988820970E-2,5.705818906E-2
6.469379208E0,-1.295128614E-1,-8.455167711E-2,5.955063924E-2
6.479373208E0,-1.174812019E-1,-7.865394652E-2,6.475439668E-2
6.489368208E0,-1.013403088E-1,-7.212014496E-2,7.074571401E-2
6.499362208E0,-9.039445221E-2,-6.449038535E-2,7.770185173E-2
6.509357208E0,-8.264146000E-2,-4.981797189E-2,8.070137352E-2
6.519352208E0,-6.896799803E-2,-2.769658715E-2,7.913856953E-2
6.529346208E0,-5.855051428E-2,-7.439784706E-3,7.965042442E-2
6.539341208E0,-5.288303271E-2,1.705846563E-2,7.663262635E-2
6.549335208E0,-4.792023078E-2,2.301862091E-2,7.334868610E-2
6.559330208E0,-4.103192687E-2,3.180574998E-2,7.009432465E-2
6.569325208E0,-2.853557840E-2,3.452830017E-2,6.126674265E-2
6.579319208E0,-1.622943394E-2,4.225390404E-2,6.106493250E-2
6.589314208E0,-3.045298508E-4,5.381974578E-2,5.970485508E-2
6.599308208E0,6.422874518E-3,6.176778674E-2,5.255128443E-2
6.609303208E0,1.741906628E-2,6.361921877E-2,5.008173361E-2
6.619298208E0,2.802248299E-2,7.031139731E-2,4.939923808E-2
6.629291917E0,4.297772795E-2,8.615294844E-2,6.009102985E-2
6.639286917E0,5.825254694E-2,1.130688488E-1,7.796209306E-2
6.649280917E0,7.449144125E-2,1.517557949E-1,1.163494289E-1
6.659275917E0,9.525050968E-2,2.015649229E-1,1.549277008E-1
6.669270917E0,1.179422364E-1,2.574516237E-1,1.964242756E-1
6.679264917E0,1.339944452E-1,3.132377267E-1,2.317215055E-1
6.689259917E0,1.428214908E-1,3.633027375E-1,2.698667645E-1
6.699253917E0,1.427314878E-1,3.997991979E-1,3.063783348E-1
6.709248917E0,1.320471615E-1,4.208070338E-1,3.504706919E-1
6.719243917E0,1.223625764E-1,4.372892380E-1,3.906152248E-1
6.729237917E0,1.086619422E-1,4.349057078E-1,4.273737967E-1
6.739232917E0,1.048410758E-1,4.330997467E-1,4.628697634E-1
6.749226917E0,9.915762395E-2,4.280868769E-1,4.909107089E-1
6.759221917E0,8.925708383E-2,4.197947979E-1,5.194780827E-1
6.769216917E0,8.157759160E-2,4.167270958E-1,5.427202582E-1
6.779210917E0,7.741161436E-2,4.163807631E-1,5.595440865E-1
6.789205917E0,7.625021040E-2,4.173088670E-1,5.665583611E-1
6.799199917E0,7.067406923E-2,4.293482304E-1,5.662518740E-1
6.809194917E0,7.922627777E-2,4.362838864E-1,5.637059212E-1
6.819189917E0,9.135510027E-2,4.553045034E-1,5.602295995E-1
6.829183917E0,1.070557684E-1,4.691915810E-1,5.488190651E-1
6.839178917E0,1.147778779E-1,4.855694473E-1,5.305972099E-1
6.849172917E0,1.214978248E-1,4.888557792E-1,5.116174221E-1
6.859167917E0,1.301805228E-1,4.838429391E-1,4.946844578E-1
6.869162917E0,1.400190443E-1,4.861047864E-1,4.748985171E-1
6.879156917E0,1.526621133E-1,4.893597662E-1,4.411269128E-1
6.889151917E0,1.630417705E-1,4.864957929E-1,4.099948108E-1
6.899145917E0,1.632657796E-1,4.857357144E-1,3.657088876E-1
6.909140917E0,1.666019261E-1,4.791212380E-1,3.217944205E-1
6.919135917E0,1.681228578E-1,4.582453072E-1,2.737269998E-1
6.929129917E0,1.703569740E-1,4.317769408E-1,2.201431245E-1
6.939124917E0,1.744720638E-1,3.898625374E-1,1.657348573E-1
6.949118917E0,1.805536598E-1,3.295459449E-1,1.102462858E-1
6.959113917E0,1.964106709E-1,2.621307075E-1,5.321402475E-2
6.969108917E0,2.118620574E-1,1.845664084E-1,-9.335903451E-3
6.979102917E0,2.272306383E-1,1.077211946E-1,-6.665913761E-2
6.989097917E0,2.389080673E-1,4.125561938E-2,-1.227373183E-1
6.999091917E0,2.549312711E-1,-1.002508402E-2,-1.764174700E-1
7.009086917E0,2.719821632E-1,-4.135024920E-2,-2.281645536E-1
7.019081917E0,2.948576510E-1,-5.971088260E-2,-2.824231088E-1
7.029075917E0,3.219316006E-1,-6.827294081E-2,-3.488237262E-1
7.039070917E0,3.452830017E-1,-8.294007182E-2,-4.231438637E-1
7.049064917E0,3.624611795E-1,-9.737759829E-2,-5.028384328E-1
7.059059917E0,3.728317618E-1,-1.204117090E-1,-5.829207301E-1
7.069054917E0,3.773293197E-1,-1.442581862E-1,-6.519075036E-1
7.079048917E0,3.766193092E-1,-1.630782187E-1,-7.042655945E-1
7.089043917E0,3.732573390E-1,-1.873105764E-1,-7.346978188E-1
7.099037917E0,3.570829034E-1,-2.221702933E-1,-7.235434651E-1
7.109032917E0,3.416112661E-1,-2.676120996E-1,-6.615583897E-1
7.119027917E0,3.197334111E-1,-3.106828630E-1,-5.705341697E-1
7.129021917E0,2.955955863E-1,-3.437183201E-1,-4.690285921E-1
7.139016917E0,2.647151649E-1,-3.518688679E-1,-3.744693696E-1
7.149010917E0,2.230396271E-1,-3.373205364E-1,-2.891177237E-1
7.159005917E0,1.789307445E-1,-2.929450572E-1,-2.106988281E-1
7.169000917E0,1.254747063E-1,-2.131674141E-1,-1.349025965E-1
7.178994917E0,8.216746897E-2,-1.190832332E-1,-5.777811632E-2
7.188989917E0,4.599322379E-2,-1.924105361E-2,1.257806830E-2
7.198983917E0,1.397908852E-2,7.474895567E-2,5.912791565E-2
7.208978917E0,-4.056370817E-3,1.594555974E-1,8.053866774E-2
7.218973917E0,-2.297332510E-2,2.203033268E-1,8.561234921E-2
7.228967917E0,-3.587234393E-2,2.626017928E-1,8.549436927E-2
7.238962917E0,-4.882303253E-2,2.741473913E-1,8.407783508E-2
7.248956917E0,-6.335990131E-2,2.626465261E-1,8.472019434E-2
7.258951917E0,-7.868294418E-2,2.243015021E-1,8.994917572E-2
7.268946917E0,-9.275801480E-2,1.599235684E-1,8.785939217E-2
7.278940917E0,-1.062868834E-1,7.955560088E-2,7.354298234E-2
7.288935917E0,-1.265492737E-1,-3.368310165E-3,5.132555962E-2
7.298929917E0,-1.389364004E-1,-6.923201680E-2,3.348987550E-2
7.308924917E0,-1.590648293E-1,-1.229871213E-1,1.775405742E-2
7.318919917E0,-1.785805374E-1,-1.657964289E-1,4.471123684E-3
7.328913917E0,-2.025857419E-1,-1.960334182E-1,-3.591862973E-3
7.338908917E0,-2.334040701E-1,-2.145428360E-1,3.006629413E-3
7.348902917E0,-2.664786577E-1,-2.108255923E-1,3.359756246E-2
7.358897917E0,-2.979987562E-1,-2.141334414E-1,7.067953050E-2
7.368892917E0,-3.187354803E-1,-2.183710635E-1,9.576305002E-2
7.378886917E0,-3.412136436E-1,-2.421706617E-1,1.066352502E-1
7.388881917E0,-3.361600339E-1,-2.741461992E-1,1.194754094E-1
7.398875917E0,-3.144675195E-1,-3.094343841E-1,1.503840387E-1
7.408870917E0,-2.765654027E-1,-3.493996263E-1,1.960186362E-1
7.418865917E0,-2.197697312E-1,-3.889759779E-1,2.521576583E-1
7.428859917E0,-1.513989419E-1,-4.088423550E-1,3.055881262E-1
7.438854917E0,-7.638784498E-2,-3.931628466E-1,3.565016389E-1
7.448848917E0,-5.294758826E-3,-3.450248837E-1,4.144283235E-1
7.458843917E0,5.906216428E-2,-2.618291080E-1,4.730746746E-1
7.468838917E0,1.139938608E-1,-1.657699496E-1,5.134087801E-1
7.478832917E0,1.723479480E-1,-6.527128816E-2,5.230360627E-1
7.488827917E0,2.360994965E-1,3.739969432E-2,5.011084080E-1
7.498821917E0,2.776831388E-1,1.346637309E-1,4.290905297E-1
7.508816917E0,3.207163811E-1,1.989894509E-1,3.276541829E-1
7.518811917E0,3.765687346E-1,2.207173556E-1,2.366045415E-1
7.528805917E0,4.251940548E-1,2.184206545E-1,1.675889939E-1
7.538800917E0,4.604345858E-1,1.835586727E-1,1.239696890E-1
7.548794917E0,4.929682910E-1,1.029024348E-1,9.062051773E-2
7.558789917E0,5.265188813E-1,-9.682670236E-3,5.810866877E-2
7.568784917E0,5.563396215E-1,-1.663010418E-1,3.317775577E-2
7.578778917E0,5.793833733E-1,-3.530099392E-1,1.995607093E-2
7.588773917E0,5.969727039E-1,-5.672740340E-1,9.132717736E-3
7.598767917E0,5.951093435E-1,-7.912375331E-1,-3.487507347E-3
7.608762917E0,5.712772012E-1,-9.917399883E-1,1.910187770E-3
7.618757917E0,5.240303278E-1,-1.145993710E0,2.667619660E-2
7.628751583E0,4.519566894E-1,-1.251818419E0,7.399630547E-2
7.638746583E0,3.674522042E-1,-1.314979911E0,1.313632578E-1
7.648740583E0,2.789402008E-1,-1.359511733E0,1.848248839E-1
7.658735583E0,2.001359016E-1,-1.385786176E0,2.366986126E-1
7.668730583E0,1.385811865E-1,-1.378668904E0,3.016887903E-1
7.678724583E0,8.957345039E-2,-1.347336531E0,3.937746286E-1
7.688719583E0,5.043270439E-2,-1.316800714E0,5.186667442E-1
7.698713583E0,1.044853125E-2,-1.309459329E0,6.596161127E-1
7.708708583E0,-3.800608590E-2,-1.315603256E0,8.280261755E-1
7.718703583E0,-9.532558173E-2,-1.312344551E0,9.958038330E-1
7.728697583E0,-1.530701220E-1,-1.320614934E0,1.137407780E0
7.738692583E0,-2.326589227E-1,-1.341577291E0,1.233079433E0
7.748686583E0,-3.515866399E-1,-1.366033435E0,1.295339346E0
7.758681583E0,-4.761195183E-1,-1.374284625E0,1.323453665E0
7.768676583E0,-5.859490633E-1,-1.345807791E0,1.350378990E0
7.778670583E0,-6.926441193E-1,-1.281177998E0,1.389968514E0
7.788665583E0,-7.815303206E-1,-1.230888247E0,1.416660070E0
7.798659583E0,-8.522177935E-1,-1.183229089E0,1.431046009E0
7.808654583E0,-8.982244134E-1,-1.127362847E0,1.455994487E0
7.818649583E0,-9.414461851E-1,-1.040372968E0,1.498229027E0
7.828643583E0,-9.945802689E-1,-9.393449426E-1,1.547442675E0
7.838638583E0,-1.058676481E0,-8.590428829E-1,1.584866047E0
7.848632583E0,-1.147668123E0,-8.083403111E-1,1.609916091E0
7.858627583E0,-1.244288325E0,-8.126696348E-1,1.601861477E0
7.868622583E0,-1.294417024E0,-9.130005240E-1,1.526980877E0
7.878616583E0,-1.309824705E0,-1.109298110E0,1.427598476E0
7.888611583E0,-1.265349388E0,-1.303140283E0,1.367909789E0
7.898605583E0,-1.204214454E0,-1.422353983E0,1.358213186E0
7.908600583E0,-1.140305758E0,-1.494294763E0,1.358214021E0
7.918595583E0,-1.070453405E0,-1.570113897E0,1.319540501E0
7.928589583E0,-9.963502288E-1,-1.653325677E0,1.257776976E0
7.938584583E0,-9.078871608E-1,-1.737233043E0,1.179163575E0
7.948578583E0,-8.125761151E-1,-1.791614294E0,1.095797062E0
7.958573583E0,-7.031332254E-1,-1.813043356E0,1.008071423E0
7.968568583E0,-5.849605203E-1,-1.780454040E0,9.285958409E-1
7.978562583E0,-4.740057886E-1,-1.704606652E0,8.415338993E-1
7.988557583E0,-3.617870808E-1,-1.619775176E0,7.410195470E-1
7.998551583E0,-2.544427812E-1,-1.549392462E0,6.145468354E-1
8.008546583E0,-1.472111493E-1,-1.504828930E0,4.653946161E-1
8.018541583E0,-5.148649216E-2,-1.470208764E0,3.150362074E-1
8.028535583E0,4.514257982E-2,-1.418638825E0,1.598072052E-1
8.038530583E0,1.336122751E-1,-1.343335271E0,-4.411415663E-3
8.048524583E0,2.201418430E-1,-1.253692985E0,-1.720920205E-1
8.058519583E0,2.911848426E-1,-1.156909108E0,-3.388859928E-1
8.068514583E0,3.549641073E-1,-1.068941951E0,-5.070261955E-1
8.078508583E0,4.168405235E-1,-1.007961512E0,-6.722109914E-1
8.088503583E0,4.825289845E-1,-9.764781594E-1,-8.299630880E-1
8.098497583E0,5.618738532E-1,-9.498020411E-1,-9.806472063E-1
8.108492583E0,6.313293576E-1,-8.964930177E-1,-1.119449973E0
8.118487583E0,6.942710280E-1,-8.123475909E-1,-1.247084737E0
8.128481583E0,7.446833849E-1,-7.142735124E-1,-1.353860974E0
8.138476583E0,7.984533906E-1,-6.126672626E-1,-1.436883926E0
8.148470583E0,8.477320075E-1,-5.394284725E-1,-1.508107781E0
8.158465583E0,8.892496228E-1,-4.891943336E-1,-1.558763146E0
8.168460583E0,9.318612218E-1,-4.446612298E-1,-1.585767627E0
8.178454583E0,9.612920880E-1,-3.943454921E-1,-1.600461125E0
8.188449583E0,9.711468816E-1,-3.380172253E-1,-1.607296705E0
8.198444583E0,9.709671140E-1,-2.822232544E-1,-1.587566853E0
8.208438583E0,9.721127748E-1,-2.131144851E-1,-1.543743014E0
8.218433583E0,9.632537961E-1,-1.425940841E-1,-1.488479733E0
8.228427583E0,9.462798834E-1,-7.090204954E-2,-1.430325031E0
8.238422583E0,9.264347553E-1,-1.377014630E-2,-1.372561097E0
8.248417583E0,8.989235163E-1,4.537173733E-2,-1.302567601E0
8.258411583E0,8.635847569E-1,1.180925667E-1,-1.211838841E0
8.268406583E0,8.172979951E-1,1.908868849E-1,-1.110891223E0
8.278400583E0,7.516134381E-1,2.552129328E-1,-1.009539843E0
8.288395583E0,6.860789061E-1,2.845005095E-1,-9.193812609E-1
8.298390583E0,6.184614897E-1,2.987859845E-1,-8.418636322E-1
8.308384583E0,5.615585446E-1,2.928785682E-1,-7.735956311E-1
8.318379583E0,5.043016672E-1,2.880049348E-1,-6.932219863E-1
8.328373583E0,4.491265714E-1,2.846158147E-1,-6.119816899E-1
8.338368583E0,3.890499175E-1,2.809726000E-1,-5.491991043E-1
8.348363583E0,3.360727131E-1,2.761006057E-1,-4.988382161E-1
8.358357583E0,2.895504534E-1,2.732169926E-1,-4.520406723E-1
8.368352583E0,2.364766002E-1,2.824033201E-1,-3.967167139E-1
8.378346583E0,1.831643730E-1,2.986117601E-1,-3.413615227E-1
8.388341583E0,1.337893605E-1,3.128279746E-1,-2.947351635E-1
8.398336583E0,8.549612761E-2,3.271327317E-1,-2.445681989E-1
8.408330583E0,4.255638644E-2,3.508380651E-1,-1.954440773E-1
8.418325583E0,2.611385658E-3,3.974396586E-1,-1.370844692E-1
8.428319583E0,-3.406220675E-2,4.744105935E-1,-7.504294068E-2
8.438314583E0,-6.879915297E-2,5.910595655E-1,-1.472427882E-2
8.448309583E0,-9.787315130E-2,7.362745404E-1,2.857366018E-2
8.458303583E0,-1.228235215E-1,9.052744508E-1,3.599948809E-2
8.468298583E0,-1.515744776E-1,1.084431529E0,1.513655111E-2
8.478292583E0,-1.834312081E-1,1.246823549E0,-3.065205645E-3
8.488287583E0,-2.170778513E-1,1.371076465E0,-6.304675248E-3
8.498282583E0,-2.570811808E-1,1.436685443E0,2.436078712E-2
8.508276583E0,-2.999847233E-1,1.443085551E0,5.828333646E-2
8.518271583E0,-3.404019177E-1,1.393651009E0,7.559209317E-2
8.528265583E0,-3.875174820E-1,1.298222303E0,7.901053131E-2
8.538260583E0,-4.386382401E-1,1.190584898E0,7.617053390E-2
8.548255583E0,-5.040310621E-1,1.087667942E0,6.950038671E-2
8.558249583E0,-5.701139569E-1,9.817802310E-1,6.174065173E-2
8.568244583E0,-6.295165420E-1,8.830621839E-1,5.523028597E-2
8.578238583E0,-6.965810657E-1,7.933021784E-1,5.167297274E-2
8.588233583E0,-7.610175610E-1,7.170268297E-1,5.589621142E-2
8.598228583E0,-8.145058155E-1,6.461406350E-1,7.698850334E-2
8.608222583E0,-8.681738377E-1,5.760360956E-1,1.149990037E-1
8.618217583E0,-9.271921515E-1,5.081287026E-1,1.484032869E-1
8.628212083E0,-9.765570760E-1,4.450482726E-1,1.776099056E-1
8.638207083E0,-1.025570393E0,3.758453131E-1,2.037992477E-1
8.648202083E0,-1.074201345E0,2.841673195E-1,2.230816036E-1
8.658196083E0,-1.109474063E0,1.740782708E-1,2.443218231E-1
8.668191083E0,-1.130357265E0,6.566419452E-2,2.706415653E-1
8.678185083E0,-1.139269829E0,-3.406989947E-2,3.120320737E-1
8.688180083E0,-1.136370659E0,-1.130973399E-1,3.681225181E-1
8.698175083E0,-1.125544429E0,-1.773057133E-1,4.256528020E-1
8.708169083E0,-1.105076194E0,-2.338992208E-1,4.796339869E-1
8.718164083E0,-1.093401074E0,-2.785626054E-1,5.223968029E-1
8.728158083E0,-1.087944031E0,-3.226829171E-1,5.678617954E-1
8.738153083E0,-1.087539792E0,-3.834837377E-1,6.109494567E-1
8.748148083E0,-1.077372313E0,-4.611436427E-1,6.552716494E-1
8.758142083E0,-1.063111424E0,-5.571053028E-1,6.993481517E-1
8.768137083E0,-1.043623447E0,-6.583024859E-1,7.419621944E-1
8.778131083E0,-1.013854384E0,-7.527310848E-1,7.822544575E-1
8.788126083E0,-9.813637733E-1,-8.387091160E-1,8.147295713E-1
8.798121083E0,-9.506868124E-1,-9.137980342E-1,8.505666256E-1
8.808115083E0,-9.200607538E-1,-9.716067910E-1,8.815879226E-1
8.818110083E0,-8.903257847E-1,-1.022201896E0,9.113959670E-1
8.828104083E0,-8.520976901E-1,-1.062241435E0,9.199862480E-1
8.838099083E0,-8.115694523E-1,-1.084310412E0,9.060876966E-1
8.848094083E0,-7.696973681E-1,-1.088639379E0,8.894594908E-1
8.858088083E0,-7.194770575E-1,-1.101869345E0,8.739292026E-1
8.868083083E0,-6.691204309E-1,-1.111904740E0,8.633143902E-1
8.878077083E0,-6.128563285E-1,-1.122609854E0,8.620709181E-1
8.888072083E0,-5.387669206E-1,-1.144848824E0,8.545954227E-1
8.898067083E0,-4.567985535E-1,-1.165433645E0,8.383491039E-1
8.908061083E0,-3.756000996E-1,-1.155793905E0,8.066599369E-1
8.918056083E0,-3.000454605E-1,-1.109965682E0,7.624996305E-1
8.928050083E0,-2.245722562E-1,-1.037314653E0,7.102702260E-1
8.938045083E0,-1.503883004E-1,-9.538515210E-1,6.602945924E-1
8.948040083E0,-7.763579488E-2,-9.041614532E-1,6.242231131E-1
8.958034083E0,-1.057764702E-2,-8.469059467E-1,5.819727778E-1
8.968029083E0,7.132787257E-2,-8.067734838E-1,5.260035396E-1
8.978023083E0,1.541654468E-1,-7.703942060E-1,4.688381255E-1
8.988018083E0,2.244105786E-1,-7.222160697E-1,4.010593593E-1
8.998013083E0,2.858755887E-1,-6.759738922E-1,3.244576454E-1
9.008007083E0,3.485639989E-1,-6.379756331E-1,2.375762761E-1
9.018002083E0,4.050658643E-1,-6.138445735E-1,1.515282691E-1
9.027996083E0,4.562004209E-1,-6.054002643E-1,7.304810733E-2
9.037991083E0,5.188198686E-1,-6.046717763E-1,1.784351841E-2
9.047986083E0,5.660491586E-1,-6.050741673E-1,-2.859721705E-2
9.057980083E0,6.107506156E-1,-6.047382355E-1,-7.562334836E-2
9.067975083E0,6.544080377E-1,-5.958675146E-1,-1.110452563E-1
9.077969083E0,6.891692281E-1,-5.742724538E-1,-1.436083168E-1
9.087964083E0,7.149147987E-1,-5.448260903E-1,-1.725174636E-1
9.097959083E0,7.422143221E-1,-5.091437101E-1,-2.093376666E-1
9.107953083E0,7.613787055E-1,-4.706349075E-1,-2.436295897E-1
9.117948083E0,7.752018571E-1,-4.341493249E-1,-2.873603702E-1
9.127942083E0,7.886593342E-1,-4.027037621E-1,-3.410696685E-1
9.137937083E0,8.032662272E-1,-3.696414530E-1,-3.970303237E-1
9.147932083E0,8.162360787E-1,-3.329060972E-1,-4.584122002E-1
9.157926083E0,8.329967260E-1,-2.935041189E-1,-5.217540264E-1
9.167921083E0,8.509743810E-1,-2.542070448E-1,-5.924055576E-1
9.177915083E0,8.712261319E-1,-2.081693858E-1,-6.619883776E-1
9.187910083E0,8.961104155E-1,-1.512698978E-1,-7.292129993E-1
9.197905083E0,9.179270267E-1,-7.028591633E-2,-7.987414598E-1
9.207899083E0,9.315294027E-1,1.551660150E-2,-8.630988598E-1
9.217894083E0,9.346932173E-1,1.143821329E-1,-9.182805419E-1
9.227889083E0,9.356660843E-1,2.112048119E-1,-9.678073525E-1
9.237883083E0,9.353643656E-1,3.008388877E-1,-1.021369457E0
9.247878083E0,9.401625991E-1,3.827241659E-1,-1.069962859E0
9.257872083E0,9.391095638E-1,4.627324641E-1,-1.096583009E0
9.267867083E0,9.475461841E-1,5.320259929E-1,-1.090696692E0
9.277862083E0,9.372788668E-1,5.785057545E-1,-1.054800034E0
9.287856083E0,9.181397557E-1,6.115348339E-1,-1.017315269E0
9.297851083E0,8.969823718E-1,6.291637421E-1,-9.760043025E-1
9.307845083E0,8.718075156E-1,6.346272230E-1,-9.295302629E-1
9.317840083E0,8.340864778E-1,6.356749535E-1,-8.563323021E-1
9.327835083E0,7.824616432E-1,6.386539340E-1,-7.678138614E-1
9.337829083E0,7.301496863E-1,6.309727430E-1,-6.760640144E-1
9.347824083E0,6.810473800E-1,6.128538847E-1,-5.919789672E-1
9.357818083E0,6.312792897E-1,5.826482177E-1,-5.044594407E-1
9.367813083E0,5.701970458E-1,5.551071167E-1,-4.137863219E-1
9.377808083E0,5.081797242E-1,5.364526510E-1,-3.150161505E-1
9.387802083E0,4.459954500E-1,5.370638371E-1,-2.150197923E-1
9.397797083E0,3.863419294E-1,5.619257092E-1,-1.107569709E-1
9.407791083E0,3.298155367E-1,5.967659354E-1,-2.672971785E-2
9.417786083E0,2.781801224E-1,6.349523067E-1,3.434164822E-2
9.427781083E0,2.326600403E-1,6.851333976E-1,7.363419235E-2
9.437775083E0,1.856005937E-1,7.334299684E-1,1.083587781E-1
9.447770083E0,1.252174228E-1,7.505945563E-1,1.339213997E-1
9.457764083E0,6.135374680E-2,7.388022542E-1,1.534148604E-1
9.467759083E0,2.021712251E-3,6.919966936E-1,1.724860221E-1
9.477754083E0,-5.486845225E-2,6.182409525E-1,1.832938045E-1
9.487748083E0,-1.162907928E-1,5.388014913E-1,1.903376132E-1
9.497743083E0,-1.713370085E-1,4.687550366E-1,1.973702312E-1
9.507737083E0,-2.213620842E-1,4.182412624E-1,2.112868428E-1
9.517732083E0,-2.759270072E-1,3.829475641E-1,2.280891091E-1
9.527727083E0,-3.286197782E-1,3.675771058E-1,2.508729696E-1
9.537721083E0,-3.785596788E-1,3.743583560E-1,2.789323032E-1
9.547716083E0,-4.204126000E-1,3.883303702E-1,3.081373274E-1
9.557710083E0,-4.523929060E-1,4.114538133E-1,3.353639841E-1
9.567705083E0,-4.772074223E-1,4.488371611E-1,3.823341727E-1
9.577700083E0,-4.929060042E-1,4.972061813E-1,4.456569850E-1
9.587694083E0,-5.033695102E-1,5.431297421E-1,5.180680156E-1
9.597689083E0,-5.134314299E-1,5.815654993E-1,6.013324857E-1
9.607683083E0,-5.223926902E-1,6.235015392E-1,6.869115829E-1
9.617678083E0,-5.205735564E-1,6.514592767E-1,7.617350817E-1
9.627672667E0,-5.283028483E-1,6.650092006E-1,8.331136703E-1
9.637666667E0,-5.244588256E-1,6.769552827E-1,9.128623605E-1
9.647661667E0,-5.229722261E-1,6.826922297E-1,1.012419462E0
9.657655667E0,-5.278900266E-1,6.761525869E-1,1.115915775E0
9.667650667E0,-5.343343616E-1,6.432352662E-1,1.211759567E0
9.677645667E0,-5.417576432E-1,5.931423306E-1,1.278571725E0
9.687639667E0,-5.473247170E-1,5.236961246E-1,1.307700038E0
9.697634667E0,-5.433851480E-1,4.345637560E-1,1.294698238E0
9.707628667E0,-5.410370827E-1,3.420908153E-1,1.246323228E0
9.717623667E0,-5.343178511E-1,2.640624046E-1,1.178622007E0
9.727618667E0,-5.465899706E-1,2.045903206E-1,1.095385194E0
9.737612667E0,-5.604501367E-1,1.572517008E-1,9.892549515E-1
9.747607667E0,-5.840886235E-1,1.145963743E-1,8.667730093E-1
9.757601667E0,-6.130614281E-1,7.304480672E-2,7.358495593E-1
9.767596667E0,-6.524279714E-1,3.808335960E-2,6.039721966E-1
9.777591667E0,-6.951836944E-1,1.280887052E-2,4.701676369E-1
9.787585667E0,-7.313166857E-1,-1.650001481E-2,3.454227746E-1
9.797580667E0,-7.660823464E-1,-4.211280495E-2,2.224803865E-1
9.807575667E0,-7.897775769E-1,-6.551000476E-2,1.104915440E-1
9.817569667E0,-8.122136593E-1,-9.760739654E-2,2.824983560E-3
9.827564667E0,-8.267550468E-1,-1.266598254E-1,-1.026620269E-1
9.837558667E0,-8.347120285E-1,-1.417314112E-1,-2.095482796E-1
9.847553667E0,-8.326504827E-1,-1.363140047E-1,-3.377645910E-1
9.857548667E0,-8.274312019E-1,-1.126018912E-1,-4.806323051E-1
9.867542667E0,-8.224889040E-1,-7.121343911E-2,-6.055691838E-1
9.877537667E0,-8.139540553E-1,-7.805780042E-4,-6.704598665E-1
9.887531667E0,-7.955284119E-1,8.059416711E-2,-6.624562740E-1
9.897526667E0,-7.676805258E-1,1.310434043E-1,-6.064361334E-1
9.907521667E0,-7.254728675E-1,1.165728495E-1,-5.535454750E-1
9.917515667E0,-6.748267412E-1,4.645691440E-2,-5.242596865E-1
9.927510667E0,-6.269149184E-1,-5.982158706E-2,-5.143433809E-1
9.937504667E0,-5.781286955E-1,-1.857699305E-1,-5.139891505E-1
9.947499667E0,-5.317854285E-1,-2.863245010E-1,-5.106120110E-1
9.957494667E0,-4.898864627E-1,-3.409587443E-1,-4.912955463E-1
9.967488667E0,-4.383718967E-1,-3.539632261E-1,-4.576553106E-1
9.977483667E0,-3.847052157E-1,-3.312510252E-1,-4.154206514E-1
9.987477667E0,-3.107329905E-1,-2.991101146E-1,-3.815148771E-1
9.997472667E0,-2.178325802E-1,-2.754971385E-1,-3.644472063E-1
1.000746767E1,-1.234704033E-1,-2.602351010E-1,-3.704656959E-1
1.001746167E1,-2.482694760E-2,-2.701157629E-1,-3.959921002E-1
1.002745667E1,7.102048397E-2,-2.830336988E-1,-4.371509850E-1
1.003745067E1,1.608162075E-1,-2.843386829E-1,-4.870445728E-1
1.004744567E1,2.426356971E-1,-2.745235860E-1,-5.453159213E-1
1.005744067E1,3.184502721E-1,-2.561134398E-1,-6.082844734E-1
1.006743467E1,3.972670436E-1,-2.268719226E-1,-6.549310684E-1
1.007742967E1,4.715380967E-1,-1.928539276E-1,-6.949416399E-1
1.008742367E1,5.497317314E-1,-1.645778120E-1,-7.272636294E-1
1.009741867E1,6.129871011E-1,-1.421238780E-1,-7.562236786E-1
1.010741367E1,6.699106097E-1,-1.209735870E-1,-7.686643600E-1
1.011740767E1,7.073343992E-1,-9.941997379E-2,-7.436475158E-1
1.012740267E1,7.262287140E-1,-9.372853488E-2,-6.928002834E-1
1.013739667E1,7.448260784E-1,-1.188632026E-1,-6.269420385E-1
1.014739167E1,7.611762881E-1,-1.745027751E-1,-5.476037860E-1
1.015738667E1,7.683303952E-1,-2.477204651E-1,-4.487147629E-1
1.016738067E1,7.751590014E-1,-3.093603849E-1,-3.185421228E-1
1.017737567E1,7.723674774E-1,-3.653174043E-1,-1.618659943E-1
1.018736967E1,7.654139400E-1,-4.065743089E-1,8.527843282E-3
1.019736467E1,7.577461600E-1,-4.333920479E-1,1.896306425E-1
1.020735967E1,7.356674671E-1,-4.360511899E-1,3.905909061E-1
1.021735367E1,7.029665112E-1,-4.205852449E-1,5.961442590E-1
1.022734867E1,6.580486298E-1,-4.063029885E-1,7.930626273E-1
1.023734367E1,6.091420650E-1,-3.899702430E-1,9.656582475E-1
1.024733767E1,5.624589324E-1,-3.802017868E-1,1.121695995E0
1.025733267E1,5.209056735E-1,-3.729087710E-1,1.252666593E0
1.026732667E1,4.760156870E-1,-3.629360497E-1,1.361953855E0
1.027732167E1,4.395633936E-1,-3.456083834E-1,1.455781341E0
1.028731667E1,4.190778434E-1,-3.296030462E-1,1.552224994E0
1.029731067E1,3.917053342E-1,-3.216950893E-1,1.642615676E0
1.030730567E1,3.629551828E-1,-3.253303170E-1,1.714961290E0
1.031729967E1,3.261955380E-1,-3.429338336E-1,1.770019889E0
1.032729467E1,2.771717906E-1,-3.511273265E-1,1.802044034E0
1.033728967E1,2.272591144E-1,-3.458437026E-1,1.810026407E0
1.034728367E1,1.829931140E-1,-3.245226741E-1,1.786692262E0
1.035727867E1,1.324596554E-1,-2.877304256E-1,1.760297775E0
1.036727267E1,8.704422414E-2,-2.329502702E-1,1.737442255E0
1.037726767E1,4.038509727E-2,-1.683777273E-1,1.729054332E0
1.038726267E1,-3.911526408E-3,-1.014423743E-1,1.717754483E0
1.039725667E1,-5.766743422E-2,-5.109846964E-2,1.701011181E0
1.040725167E1,-1.278598309E-1,-3.823886439E-2,1.677028656E0
1.041724567E1,-2.154849917E-1,-6.065437198E-2,1.643645644E0
1.042724067E1,-3.047698736E-1,-1.179522797E-1,1.593858838E0
1.043723567E1,-4.086723328E-1,-1.844779104E-1,1.518043756E0
1.044722967E1,-5.182363391E-1,-2.425241619E-1,1.410807610E0
1.045722467E1,-6.192633510E-1,-2.847627699E-1,1.287973881E0
1.046721867E1,-7.129826546E-1,-2.923594117E-1,1.149981380E0
1.047721367E1,-7.885213494E-1,-2.615248561E-1,1.010613322E0
1.048720867E1,-8.520774245E-1,-2.075628191E-1,8.851649165E-1
1.049720267E1,-9.037366509E-1,-1.365986615E-1,7.774704099E-1
1.050719767E1,-9.491539001E-1,-7.481679320E-2,6.785569191E-1
1.051719167E1,-9.771257043E-1,-2.373957634E-2,5.557004809E-1
1.052718667E1,-9.903477430E-1,7.792251185E-3,4.145479500E-1
1.053718167E1,-1.002171636E0,3.550043330E-2,2.716613114E-1
1.054717567E1,-1.007536054E0,7.297536731E-2,1.313718259E-1
1.055717067E1,-1.003254652E0,1.328921169E-1,-1.092944480E-2
1.056716467E1,-9.999401569E-1,2.069863230E-1,-1.362394243E-1
1.057715967E1,-9.890092015E-1,2.935577929E-1,-2.355600893E-1
1.058715467E1,-9.650737643E-1,3.787744045E-1,-3.187175393E-1
1.059714867E1,-9.351280928E-1,4.527581334E-1,-4.062547684E-1
1.060714367E1,-8.961697817E-1,5.134451389E-1,-5.036801100E-1
1.061713767E1,-8.555331826E-1,5.657822490E-1,-6.003647447E-1
1.062713354E1,-8.177160025E-1,6.144664288E-1,-6.933154464E-1
1.063712854E1,-7.831239700E-1,6.525099277E-1,-7.768705487E-1
1.064712254E1,-7.492700815E-1,6.708527207E-1,-8.679820895E-1
1.065711754E1,-7.025601268E-1,6.684238315E-1,-9.730611444E-1
1.066711254E1,-6.399127245E-1,6.657020450E-1,-1.071110606E0
1.067710654E1,-5.751504898E-1,6.868271232E-1,-1.141966939E0
1.068710154E1,-5.017119646E-1,7.301969528E-1,-1.196723104E0
1.069709554E1,-4.305690825E-1,7.683749795E-1,-1.238336444E0
1.070709054E1,-3.581521511E-1,7.867585421E-1,-1.291476846E0
1.071708554E1,-2.850744724E-1,7.761481404E-1,-1.371317625E0
1.072707954E1,-2.243845016E-1,7.490878105E-1,-1.470187783E0
1.073707454E1,-1.708008796E-1,7.261611223E-1,-1.564423800E0
1.074706854E1,-1.252933145E-1,7.172171474E-1,-1.627414227E0
1.075706354E1,-8.150936663E-2,7.393444777E-1,-1.659982324E0
1.076705854E1,-3.170532361E-2,7.833897471E-1,-1.685413122E0
1.077705254E1,1.165972371E-2,8.304603696E-1,-1.718783617E0
1.078704754E1,6.206164509E-2,8.524950743E-1,-1.762461543E0
1.079704154E1,9.993819147E-2,8.336344957E-1,-1.805121660E0
1.080703654E1,1.289421469E-1,7.596122026E-1,-1.838599801E0
1.081703154E1,1.570347399E-1,6.506538391E-1,-1.862663507E0
1.082702554E1,1.727090329E-1,5.197512507E-1,-1.882999420E0
1.083702054E1,1.897338480E-1,4.081811905E-1,-1.891885757E0
1.084701454E1,2.191577703E-1,3.391507268E-1,-1.883558631E0
1.085700954E1,2.554255128E-1,3.006808460E-1,-1.863376021E0
1.086700454E1,2.819082439E-1,2.859551609E-1,-1.822459698E0
1.087699854E1,3.127705455E-1,2.751667798E-1,-1.765779972E0
1.088699354E1,3.508063257E-1,2.525498867E-1,-1.703217626E0
1.089698754E1,3.959442973E-1,2.123761028E-1,-1.633973360E0
1.090698254E1,4.480804503E-1,1.643491834E-1,-1.558944464E0
1.091697754E1,5.128333569E-1,1.185949817E-1,-1.471499801E0
1.092697154E1,5.894085765E-1,7.130230218E-2,-1.362816215E0
1.093696654E1,6.645126343E-1,2.356963977E-2,-1.243108511E0
1.094696054E1,7.446072102E-1,-2.157014236E-2,-1.114086986E0
1.095695554E1,8.148232698E-1,-5.690138415E-2,-9.978265762E-1
1.096695054E1,8.800432682E-1,-9.465568513E-2,-8.791571856E-1
1.097694454E1,9.245442152E-1,-1.301897168E-1,-7.730820179E-1
1.098693954E1,9.716576338E-1,-1.534678787E-1,-6.659677625E-1
1.099693454E1,1.021680117E0,-1.723787934E-1,-5.535220504E-1
1.100692854E1,1.061352134E0,-1.657041162E-1,-4.207325876E-1
1.101692354E1,1.089992762E0,-1.280055344E-1,-2.734318972E-1
1.102691754E1,1.108586788E0,-7.381340861E-2,-1.416067779E-1
1.103691254E1,1.117146134E0,-1.452974789E-2,-1.102843694E-2
1.104690754E1,1.120217323E0,4.901620373E-2,1.225290895E-1
1.105690154E1,1.108327031E0,1.108499616E-1,2.659685612E-1
1.106689654E1,1.090652466E0,1.668226868E-1,4.152030349E-1
1.107689054E1,1.075031400E0,2.204721719E-1,5.871737003E-1
1.108688554E1,1.052571416E0,2.666364610E-1,7.761824727E-1
1.109688054E1,1.022616982E0,3.131749630E-1,9.686986804E-1
1.110687454E1,9.906670451E-1,3.468317091E-1,1.135775805E0
1.111686954E1,9.499059916E-1,3.672932684E-1,1.279270172E0
1.112686354E1,9.100731015E-1,3.741658032E-1,1.397611260E0
1.113685854E1,8.624176979E-1,3.638713360E-1,1.495015383E0
1.114685354E1,8.157569766E-1,3.534168303E-1,1.579146266E0
1.115684754E1,7.614971995E-1,3.527733088E-1,1.653307557E0
1.116684254E1,6.920300126E-1,3.558785617E-1,1.711583376E0
1.117683654E1,6.163216829E-1,3.510477543E-1,1.758244038E0
1.118683154E1,5.278424025E-1,3.315334320E-1,1.796727777E0
1.119682654E1,4.336402714E-1,2.918989658E-1,1.825335264E0
1.120682054E1,3.297761679E-1,2.264728248E-1,1.831652880E0
1.121681554E1,2.353276610E-1,1.482391804E-1,1.828679442E0
1.122681054E1,1.429069191E-1,8.808183670E-2,1.804992199E0
1.123680454E1,5.675130337E-2,5.204764754E-2,1.775886893E0
1.124679954E1,-2.181700990E-2,3.442630917E-2,1.742684245E0
1.125679354E1,-9.418895841E-2,3.923055530E-2,1.704857349E0
1.126678854E1,-1.587767303E-1,5.725616217E-2,1.664490223E0
1.127678354E1,-2.236782163E-1,8.956295997E-2,1.632802486E0
1.128677754E1,-2.858076394E-1,1.115239188E-1,1.596686244E0
1.129677254E1,-3.474630117E-1,1.216012985E-1,1.545667171E0
1.130676654E1,-3.946406543E-1,1.201754361E-1,1.474178910E0
1.131676154E1,-4.380999804E-1,1.077624708E-1,1.405687571E0
1.132675654E1,-4.783675075E-1,9.515027702E-2,1.339806795E0
1.133675054E1,-5.218401551E-1,7.954452187E-2,1.269451976E0
1.134674554E1,-5.688499808E-1,6.844073534E-2,1.191914320E0
1.135673954E1,-6.159759760E-1,6.707463413E-2,1.107671738E0
1.136673454E1,-6.686788797E-1,7.403960079E-2,1.009589911E0
1.137672954E1,-7.168745995E-1,7.444011420E-2,8.933143616E-1
1.138672354E1,-7.593137026E-1,8.563231677E-2,7.679740191E-1
1.139671854E1,-7.979681492E-1,9.396790713E-2,6.430200934E-1
1.140671254E1,-8.300728202E-1,1.092328802E-1,5.181862712E-1
1.141670754E1,-8.530854583E-1,1.287353188E-1,3.877933621E-1
1.142670254E1,-8.772839904E-1,1.509018689E-1,2.460490018E-1
1.143669654E1,-8.936496973E-1,1.733418405E-1,1.019247547E-1
1.144669154E1,-9.057947993E-1,1.928883791E-1,-5.154442787E-2
1.145668554E1,-9.241524339E-1,2.040802240E-1,-2.009498328E-1
1.146668054E1,-9.493120909E-1,2.145682871E-1,-3.497896492E-1
1.147667554E1,-9.795704484E-1,2.189887017E-1,-4.969216287E-1
1.148666954E1,-1.008015633E0,2.063935399E-1,-6.530107856E-1
1.149666454E1,-1.039974689E0,1.750714928E-1,-8.234717250E-1
1.150665954E1,-1.057025552E0,1.590906531E-1,-1.008471727E0
1.151665354E1,-1.072709203E0,1.862175465E-1,-1.183820963E0
1.152664854E1,-1.086171746E0,2.558895648E-1,-1.311076641E0
1.153664254E1,-1.086883545E0,3.500238061E-1,-1.393111706E0
1.154663754E1,-1.088906765E0,4.503504336E-1,-1.464894891E0
1.155663254E1,-1.083424330E0,5.098969936E-1,-1.568042278E0
1.156662654E1,-1.063291907E0,5.202721357E-1,-1.711357594E0
1.157662154E1,-1.015674114E0,4.988285601E-1,-1.849986792E0
1.158661554E1,-9.521627426E-1,4.599908888E-1,-1.959306121E0
1.159661054E1,-8.712357283E-1,4.287493825E-1,-2.036220074E0
1.160660554E1,-7.819833755E-1,4.016354680E-1,-2.093644142E0
1.161659954E1,-6.839036345E-1,3.851283491E-1,-2.141852140E0
1.162659429E1,-5.728237033E-1,3.670556247E-1,-2.175907850E0
1.163658829E1,-4.520653188E-1,3.477025628E-1,-2.185234547E0
1.164658329E1,-3.272954226E-1,3.502203226E-1,-2.163451910E0
1.165657829E1,-1.901967227E-1,3.514456749E-1,-2.117135048E0
1.166657229E1,-4.303257540E-2,3.281347752E-1,-2.045241117E0
1.167656729E1,9.740282595E-2,2.740646899E-1,-1.948969364E0
1.168656129E1,2.404044569E-1,2.037913203E-1,-1.834067106E0
1.169655629E1,3.739563823E-1,1.350050867E-1,-1.711224675E0
1.170655129E1,4.987334907E-1,7.382615656E-2,-1.590258837E0
1.171654529E1,6.102030277E-1,4.168183357E-2,-1.468807697E0
1.172654029E1,7.121030688E-1,2.312386222E-2,-1.356248736E0
1.173653429E1,8.058459759E-1,-1.303636655E-2,-1.253376007E0
1.174652929E1,8.936767578E-1,-6.496267766E-2,-1.168695211E0
1.175652429E1,9.707449675E-1,-1.145943254E-1,-1.103191614E0
1.176651829E1,1.036760449E0,-1.474894285E-1,-1.052299500E0
1.177651329E1,1.097541809E0,-1.786293238E-1,-1.016467571E0
1.178650729E1,1.152721763E0,-1.913970560E-1,-9.839684367E-1
1.179650229E1,1.198725462E0,-1.924563944E-1,-9.382957816E-1
1.180649729E1,1.236966610E0,-1.783957183E-1,-8.813933730E-1
1.181649129E1,1.252172947E0,-1.367162764E-1,-8.011326194E-1
1.182648629E1,1.248667121E0,-8.307380974E-2,-7.133095264E-1
1.183648129E1,1.226346374E0,-2.208074927E-2,-6.142894030E-1
1.184647529E1,1.186727405E0,4.449880868E-2,-4.961453974E-1
1.185647029E1,1.134637833E0,1.116592735E-1,-3.362435102E-1
1.186646429E1,1.068711519E0,1.811390221E-1,-1.573067755E-1
1.187645929E1,1.002780676E0,2.245405018E-1,2.994194441E-2
1.188645429E1,9.430376887E-1,2.417043149E-1,2.252973169E-1
1.189644829E1,8.836638927E-1,2.167412341E-1,4.303874671E-1
1.190644329E1,8.243355751E-1,1.587908417E-1,6.311343908E-1
1.191643729E1,7.609502077E-1,8.103979379E-2,8.249875307E-1
1.192643229E1,6.950519085E-1,-4.477243405E-3,1.003982902E0
1.193642729E1,6.347690821E-1,-9.458746016E-2,1.181721449E0
1.194642129E1,5.728455782E-1,-1.756144017E-1,1.364075541E0
1.195641629E1,5.100577474E-1,-2.487958223E-1,1.524705172E0
1.196641029E1,4.552808106E-1,-2.997341156E-1,1.646979928E0
1.197640529E1,4.062147439E-1,-3.084803224E-1,1.733318925E0
1.198640029E1,3.623178601E-1,-2.639451027E-1,1.805548429E0
1.199639429E1,3.113516271E-1,-1.825721860E-1,1.874194741E0
1.200638929E1,2.530856729E-1,-9.816089272E-2,1.932462573E0
1.201638329E1,1.910840422E-1,-3.104339913E-2,1.970899343E0
1.202637829E1,1.367236078E-1,7.374030538E-3,1.998777747E0
1.203637329E1,7.463148981E-2,1.405306533E-2,2.022509575E0
1.204636729E1,7.321154233E-3,-8.388593793E-3,2.021418333E0
1.205636229E1,-5.664000288E-2,-4.652428627E-2,1.996747375E0
1.206635729E1,-1.206802353E-1,-8.794043213E-2,1.943798423E0
1.207635129E1,-1.805227697E-1,-1.297290474E-1,1.863231182E0
1.208634629E1,-2.454053611E-1,-1.655637324E-1,1.768118978E0
1.209634029E1,-3.108600080E-1,-1.841136217E-1,1.647791624E0
1.210633529E1,-3.793913722E-1,-1.812608391E-1,1.506887317E0
1.211633029E1,-4.490232170E-1,-1.640156657E-1,1.360690355E0
1.212632429E1,-5.246380568E-1,-1.602946967E-1,1.230432510E0
1.213631929E1,-6.009504199E-1,-1.834196299E-1,1.098178625E0
1.214631329E1,-6.776707768E-1,-2.175195366E-1,9.562830329E-1
1.215630829E1,-7.540363669E-1,-2.580459416E-1,8.069235086E-1
1.216630329E1,-8.344758153E-1,-2.669158876E-1,6.577960849E-1
1.217629729E1,-9.085455537E-1,-2.335851789E-1,5.212274790E-1
1.218629229E1,-9.751543999E-1,-1.707268506E-1,3.991234004E-1
1.219628629E1,-1.043420792E0,-1.010561064E-1,2.914154530E-1
1.220628129E1,-1.099081874E0,-2.836859040E-2,1.891750842E-1
1.221627629E1,-1.145525813E0,1.536291093E-2,8.770412207E-2
1.222627029E1,-1.186371565E0,1.990317181E-2,-1.670676470E-2
1.223626529E1,-1.213675022E0,1.161896996E-2,-1.180231720E-1
1.224625929E1,-1.233598948E0,-3.159442451E-3,-2.093514800E-1
1.225625429E1,-1.249459982E0,-3.566244617E-3,-2.986387014E-1
1.226624929E1,-1.259524345E0,1.077754144E-2,-3.858140707E-1
1.227624329E1,-1.268436790E0,3.093917295E-2,-4.709351957E-1
1.228623829E1,-1.272548199E0,6.093409285E-2,-5.631716251E-1
1.229623329E1,-1.281912923E0,8.607210219E-2,-6.494345665E-1
1.230622729E1,-1.282726526E0,9.529808909E-2,-7.302750945E-1
1.231622229E1,-1.285047770E0,1.007103473E-1,-8.089778423E-1
1.232621629E1,-1.278137684E0,6.829515100E-2,-8.681842089E-1
1.233621129E1,-1.256505132E0,1.365190092E-2,-9.091613293E-1
1.234620629E1,-1.227980971E0,-3.042767569E-2,-9.456692934E-1
1.235620029E1,-1.175726652E0,-6.743829697E-2,-1.004294634E0
1.236619529E1,-1.102844715E0,-9.565661848E-2,-1.079403996E0
1.237618929E1,-1.016459942E0,-1.156601608E-1,-1.152126312E0
1.238618429E1,-9.145008922E-1,-1.258946955E-1,-1.215029716E0
1.239617929E1,-7.972037792E-1,-1.446915716E-1,-1.291669726E0
1.240617329E1,-6.737921238E-1,-1.743679643E-1,-1.373592496E0
1.241616829E1,-5.463237166E-1,-2.081864476E-1,-1.465504766E0
1.242616229E1,-4.068384767E-1,-2.255215049E-1,-1.554665446E0
1.243615729E1,-2.670304775E-1,-2.198562026E-1,-1.636712313E0
1.244615229E1,-1.169722900E-1,-1.816978902E-1,-1.699927211E0
1.245614629E1,4.076968133E-2,-1.172869280E-1,-1.750591636E0
1.246614129E1,1.940827966E-1,-2.770537511E-2,-1.791705251E0
1.247613629E1,3.380990624E-1,7.701290399E-2,-1.828694463E0
1.248613029E1,4.763986170E-1,1.791547239E-1,-1.871510148E0
1.249612529E1,6.121881008E-1,2.626067996E-1,-1.905565858E0
1.250611929E1,7.542320490E-1,3.175374269E-1,-1.926970482E0
1.251611429E1,8.858843446E-1,3.543225527E-1,-1.931950092E0
1.252610929E1,1.016976357E0,3.771591485E-1,-1.919589043E0
1.253610329E1,1.137174129E0,3.900158703E-1,-1.887388468E0
1.254609829E1,1.246160865E0,3.876741529E-1,-1.841564298E0
1.255609229E1,1.338920593E0,3.646761477E-1,-1.772815347E0
1.256608729E1,1.413057446E0,3.566701412E-1,-1.693680763E0
1.257608229E1,1.463676929E0,3.856122494E-1,-1.587748766E0
1.258607629E1,1.477972746E0,4.658903182E-1,-1.444285870E0
1.259607129E1,1.468030930E0,5.686484575E-1,-1.254925609E0
1.260606529E1,1.435892940E0,6.595083475E-1,-1.020713687E0
1.261606029E1,1.378420591E0,7.083600163E-1,-7.428399324E-1
1.262605529E1,1.302153587E0,6.996022463E-1,-4.327686131E-1
1.263604908E1,1.197290540E0,6.366465688E-1,-1.055771410E-1
1.264604408E1,1.088761091E0,5.262883902E-1,2.007955760E-1
1.265603908E1,9.826059341E-1,3.834978640E-1,4.818716049E-1
1.266603308E1,8.791202903E-1,2.220176160E-1,7.474873066E-1
1.267602808E1,7.856800556E-1,6.118103862E-2,9.927881956E-1
1.268602208E1,7.113310099E-1,-8.408507705E-2,1.213324785E0
1.269601708E1,6.423000097E-1,-1.997404546E-1,1.424252391E0
1.270601208E1,5.790938735E-1,-2.688673139E-1,1.618371010E0
1.271600608E1,5.160999894E-1,-2.815757692E-1,1.778795242E0
1.272600108E1,4.558222592E-1,-2.385132611E-1,1.901860118E0
1.273599508E1,3.984667957E-1,-1.722713411E-1,1.993032575E0
1.274599008E1,3.480235934E-1,-1.021180749E-1,2.066090822E0
1.275598508E1,2.994981408E-1,-4.516094550E-2,2.113261223E0
1.276597908E1,2.535460889E-1,-1.392232999E-2,2.145108223E0
1.277597408E1,2.153752744E-1,1.485967822E-2,2.164852381E0
1.278596808E1,1.823669970E-1,3.725153580E-2,2.170109272E0
1.279596308E1,1.464065909E-1,6.225109845E-2,2.168971062E0
1.280595808E1,1.017352641E-1,8.586880565E-2,2.149730206E0
1.281595208E1,4.475826398E-2,1.234692410E-1,2.109129429E0
1.282594708E1,-1.660443284E-2,1.692519188E-1,2.032958984E0
1.283594108E1,-9.434638172E-2,2.105422616E-1,1.932513475E0
1.284593608E1,-1.740308255E-1,2.294547111E-1,1.835228443E0
1.285593108E1,-2.581408620E-1,2.301978171E-1,1.736350298E0
1.286592508E1,-3.456728458E-1,2.113165408E-1,1.619776487E0
1.287592008E1,-4.285256863E-1,1.884939820E-1,1.492931604E0
1.288591408E1,-5.067781210E-1,1.686736792E-1,1.356596231E0
1.289590908E1,-5.891726613E-1,1.541691124E-1,1.193127275E0
1.290590408E1,-6.795808077E-1,1.363080889E-1,1.007526994E0
1.291589808E1,-7.614844441E-1,1.400487125E-1,8.217572570E-1
1.292589308E1,-8.463860154E-1,1.521485299E-1,6.404580474E-1
1.293588808E1,-9.226398468E-1,1.585314423E-1,4.640431702E-1
1.294588208E1,-9.929819107E-1,1.570318192E-1,2.830336988E-1
1.295587708E1,-1.056699514E0,1.564543247E-1,1.012766138E-1
1.296587108E1,-1.114936233E0,1.639830768E-1,-8.434570581E-2
1.297586608E1,-1.183073759E0,1.796462089E-1,-2.597014308E-1
1.298586108E1,-1.235766292E0,1.910932809E-1,-4.206093550E-1
1.299585508E1,-1.266218185E0,1.924905181E-1,-5.782456398E-1
1.300585008E1,-1.278535247E0,1.861572564E-1,-7.422282100E-1
1.301584408E1,-1.284142852E0,1.690040231E-1,-9.177637696E-1
1.302583908E1,-1.272677898E0,1.506356746E-1,-1.085104227E0
1.303583408E1,-1.258049130E0,1.276079118E-1,-1.231642842E0
1.304582808E1,-1.243027925E0,9.983086586E-2,-1.358378649E0
1.305582308E1,-1.196914673E0,8.307841420E-2,-1.476355553E0
1.306581708E1,-1.122435689E0,7.727351785E-2,-1.587332129E0
1.307581208E1,-1.021990895E0,1.044597998E-1,-1.689779639E0
1.308580708E1,-9.041435719E-1,1.612367928E-1,-1.770616412E0
1.309580108E1,-7.730527520E-1,2.432007194E-1,-1.850683451E0
1.310579608E1,-6.215036511E-1,3.162448406E-1,-1.919732809E0
1.311579108E1,-4.546800554E-1,3.862941861E-1,-1.978618622E0
1.312578508E1,-2.706423104E-1,4.533259273E-1,-2.021993399E0
1.313578008E1,-6.425983459E-2,5.132652521E-1,-2.049309731E0
1.314577408E1,1.634931713E-1,5.793345571E-1,-2.056509495E0
1.315576908E1,3.951498568E-1,6.757239103E-1,-2.050326109E0
1.316576408E1,6.401135325E-1,8.077828288E-1,-2.039217234E0
1.317575808E1,8.889774084E-1,9.829986095E-1,-2.008190155E0
1.318575308E1,1.124288201E0,1.206553340E0,-1.936832547E0
1.319574708E1,1.298331618E0,1.471194506E0,-1.806708574E0
1.320574208E1,1.415757895E0,1.726211309E0,-1.622261524E0
1.321573708E1,1.473568439E0,1.923548818E0,-1.399041891E0
1.322573108E1,1.473892808E0,2.035918474E0,-1.154905438E0
1.323572608E1,1.432475567E0,2.046759844E0,-9.115340114E-1
1.324572008E1,1.373569727E0,1.940300703E0,-6.432463527E-1
1.325571508E1,1.317077160E0,1.733981967E0,-3.741172850E-1
1.326571008E1,1.270992756E0,1.469362259E0,-1.144686788E-1
1.327570408E1,1.193440080E0,1.201939583E0,1.315738261E-1
1.328569908E1,1.107197165E0,9.555884600E-1,3.604688048E-1
1.329569408E1,1.015499115E0,7.479171753E-1,5.696566701E-1
1.330568808E1,9.209563136E-1,6.043706536E-1,7.509489655E-1
1.331568308E1,8.324613571E-1,5.366056561E-1,8.935335875E-1
1.332567708E1,7.458723783E-1,5.165044069E-1,9.986922741E-1
1.333567208E1,6.629253030E-1,5.062419772E-1,1.063653111E0
1.334566708E1,5.827814937E-1,4.742263258E-1,1.099654078E0
1.335566108E1,5.102697611E-1,4.004229903E-1,1.123520255E0
1.336565608E1,4.580827355E-1,3.023014963E-1,1.150472522E0
1.337565008E1,4.106326401E-1,1.981026828E-1,1.168859482E0
1.338564508E1,3.651634455E-1,1.149422750E-1,1.169235706E0
1.339564008E1,3.193666637E-1,6.296385825E-2,1.154722452E0
1.340563408E1,2.762575448E-1,4.286471382E-2,1.125719786E0
1.341562908E1,2.397263944E-1,6.344760209E-2,1.087538958E0
1.342562308E1,2.033662498E-1,1.122758612E-1,1.041051626E0
1.343561808E1,1.569990367E-1,1.774105132E-1,9.846693277E-1
1.344561308E1,1.170313805E-1,2.509657145E-1,9.183944464E-1
1.345560708E1,7.470282167E-2,3.105143607E-1,8.605180979E-1
1.346560208E1,3.330318257E-2,3.615969718E-1,8.177652955E-1
1.347559708E1,-3.586629871E-3,3.968594372E-1,7.700123787E-1
1.348559108E1,-4.643103108E-2,4.218329787E-1,7.087090611E-1
1.349558608E1,-7.877646387E-2,4.413123131E-1,6.378632784E-1
1.350558008E1,-1.146108955E-1,4.503484070E-1,5.610039234E-1
1.351557508E1,-1.413913667E-1,4.655083120E-1,4.809155464E-1
1.352557008E1,-1.695915759E-1,4.925617576E-1,4.053771198E-1
1.353556408E1,-1.904321611E-1,5.271706581E-1,3.359443545E-1
1.354555908E1,-2.034134716E-1,5.563106537E-1,2.653881907E-1
1.355555308E1,-2.210100293E-1,5.772790909E-1,2.105197012E-1
1.356554808E1,-2.371772826E-1,5.880649090E-1,1.680713147E-1
1.357554308E1,-2.545240819E-1,5.855550766E-1,1.303234249E-1
1.358553708E1,-2.766786516E-1,5.595421195E-1,8.674212545E-2
1.359553208E1,-2.907742262E-1,5.210146308E-1,4.398272932E-2
1.360552708E1,-2.982798219E-1,4.764042795E-1,1.221950166E-3
1.361552108E1,-3.008523881E-1,4.516273141E-1,-5.083393306E-2
1.362551608E1,-2.893576622E-1,4.520773888E-1,-1.006451622E-1
1.363551042E1,-2.869744301E-1,4.644478559E-1,-1.478293687E-1
1.364550542E1,-2.749947309E-1,4.787812531E-1,-1.832334399E-1
1.365550042E1,-2.507466376E-1,4.998077750E-1,-2.132536769E-1
1.366549442E1,-2.231903970E-1,5.230342746E-1,-2.282107770E-1
1.367548942E1,-1.947473139E-1,5.389057398E-1,-2.408219576E-1
1.368548442E1,-1.619869769E-1,5.464126468E-1,-2.522088587E-1
1.369547842E1,-1.257594377E-1,5.225239396E-1,-2.637200058E-1
1.370547342E1,-9.464947134E-2,4.863614142E-1,-2.765372694E-1
1.371546742E1,-6.987353414E-2,4.440310597E-1,-2.963311374E-1
1.372546242E1,-4.528163746E-2,4.092131555E-1,-3.111497462E-1
1.373545742E1,-1.669129357E-2,3.962585926E-1,-3.221959174E-1
1.374545142E1,9.587180801E-3,4.084763825E-1,-3.238071501E-1
1.375544642E1,3.880978748E-2,4.438760579E-1,-3.044256568E-1
1.376544042E1,6.804250926E-2,4.940593243E-1,-2.833262384E-1
1.377543542E1,9.949415922E-2,5.591280460E-1,-2.612279654E-1
1.378543042E1,1.252458692E-1,6.214257479E-1,-2.417709231E-1
1.379542442E1,1.513898522E-1,6.665415764E-1,-2.218168974E-1
1.380541942E1,1.793501228E-1,6.895062923E-1,-2.103828937E-1
1.381541442E1,2.072027624E-1,6.822330356E-1,-2.030332834E-1
1.382540842E1,2.158164829E-1,6.433838606E-1,-2.022159696E-1
1.383540342E1,2.193129808E-1,5.880404115E-1,-2.041505724E-1
1.384539742E1,2.148173004E-1,5.332799554E-1,-2.073109448E-1
1.385539242E1,2.049920857E-1,4.836762846E-1,-2.079205960E-1
1.386538742E1,2.069170177E-1,4.299832284E-1,-2.022022605E-1
1.387538142E1,2.156665772E-1,3.764684498E-1,-1.897630990E-1
1.388537642E1,2.321840376E-1,3.224917650E-1,-1.882996857E-1
1.389537142E1,2.523260415E-1,2.780809104E-1,-1.872126013E-1
1.390536542E1,2.684895694E-1,2.386736125E-1,-1.829771101E-1
1.391536042E1,2.802207768E-1,2.067129016E-1,-1.761541665E-1
1.392535442E1,2.720355690E-1,1.878686398E-1,-1.734848768E-1
1.393534942E1,2.507135272E-1,1.832644045E-1,-1.693716794E-1
1.394534442E1,2.079455554E-1,1.918160766E-1,-1.631673127E-1
1.395533842E1,1.570605040E-1,2.047049105E-1,-1.520376652E-1
1.396533342E1,1.209088936E-1,2.181203067E-1,-1.351761222E-1
1.397532842E1,9.643604606E-2,2.227277756E-1,-1.153006479E-1
1.398532242E1,9.679983556E-2,2.226390839E-1,-9.990544617E-2
1.399531742E1,1.149772331E-1,2.066329122E-1,-1.010325998E-1
1.400531142E1,1.364638805E-1,1.876688153E-1,-9.172618389E-2
1.401530642E1,1.591279507E-1,1.730573326E-1,-7.220227271E-2
1.402530142E1,1.755657792E-1,1.557790041E-1,-5.059178174E-2
1.403529542E1,1.832942367E-1,1.414430887E-1,-3.906741366E-2
1.404529042E1,1.796049625E-1,1.384661943E-1,-3.816806525E-2
1.405528542E1,1.718719304E-1,1.406945288E-1,-3.452581167E-2
1.406527942E1,1.631607264E-1,1.470775902E-1,-2.933877520E-2
1.407527442E1,1.583499908E-1,1.547727883E-1,-2.483909763E-2
1.408526842E1,1.526513696E-1,1.671999097E-1,-2.799973823E-2
1.409526342E1,1.393190622E-1,1.767444015E-1,-3.057276271E-2
1.410525842E1,1.321114898E-1,1.799455285E-1,-3.066144697E-2
1.411525242E1,1.176941767E-1,1.841758788E-1,-2.742872201E-2
1.412524742E1,1.105803475E-1,1.819534749E-1,-2.261319384E-2
1.413524242E1,1.043448448E-1,1.745479703E-1,-1.536657661E-2
1.414523642E1,1.007378548E-1,1.608247012E-1,-1.550426148E-2
1.415523142E1,8.671446145E-2,1.584144682E-1,-1.621916331E-2
1.416522542E1,7.301622629E-2,1.477354616E-1,-1.733289659E-2
1.417522042E1,6.192307919E-2,1.318508387E-1,-1.675648056E-2
1.418521542E1,4.927199706E-2,1.041797847E-1,-1.574740931E-2
1.419520942E1,3.709469363E-2,7.286047935E-2,-1.044532098E-2
1.420520442E1,2.174796350E-2,3.634294868E-2,-1.139047742E-2
1.421519942E1,8.690722287E-3,1.420894172E-3,-1.563606411E-2
1.422519342E1,-2.606939990E-3,-3.237435222E-2,-2.183510363E-2
1.423518842E1,-1.087417360E-2,-5.808240548E-2,-2.348905616E-2
1.424518242E1,-1.816111617E-2,-7.544594258E-2,-2.457695641E-2
1.425517742E1,-2.990780585E-2,-8.355303854E-2,-2.310306951E-2
1.426517242E1,-4.229124263E-2,-8.097244054E-2,-1.688858122E-2
1.427516642E1,-5.218381435E-2,-6.736558676E-2,-1.790163293E-2
1.428516142E1,-6.120207906E-2,-4.579398781E-2,-1.822174340E-2
1.429515642E1,-6.681093574E-2,-3.087223321E-2,-2.300988510E-2
1.430515042E1,-6.916383654E-2,-2.698881179E-2,-2.780756727E-2
1.431514542E1,-7.102220505E-2,-2.464421466E-2,-3.097230941E-2
1.432514042E1,-7.120063901E-2,-3.046775050E-2,-3.684191406E-2
1.433513442E1,-6.763251871E-2,-3.183010221E-2,-4.161928967E-2
1.434512942E1,-6.519573182E-2,-3.482429311E-2,-4.633095488E-2
1.435512342E1,-5.842573941E-2,-3.998711705E-2,-5.034910142E-2
1.436511842E1,-4.799174145E-2,-4.133627564E-2,-5.170625076E-2
1.437511342E1,-3.032988310E-2,-3.171975911E-2,-4.818895459E-2
1.438510742E1,-2.159711160E-2,-1.458578091E-2,-4.476625845E-2
1.439510242E1,-1.160121150E-2,8.962566033E-3,-4.316710308E-2
1.440509742E1,-4.087440902E-4,3.441998735E-2,-4.947400093E-2
1.441509142E1,8.362915367E-3,6.732429564E-2,-5.275070295E-2
1.442508642E1,2.717575245E-2,1.138079166E-1,-5.499441549E-2
1.443508042E1,4.514887929E-2,1.641121209E-1,-5.886039510E-2
1.444507542E1,5.928626657E-2,2.105999887E-1,-5.676768348E-2
1.445507042E1,8.073189855E-2,2.559076548E-1,-6.241416931E-2
1.446506442E1,1.140091643E-1,3.119618595E-1,-6.197820604E-2
1.447505942E1,1.468978673E-1,3.703845143E-1,-5.559106916E-2
1.448505442E1,1.919417828E-1,4.416922629E-1,-4.975048825E-2
1.449504842E1,2.292148471E-1,5.113762617E-1,-4.643538594E-2
1.450504342E1,2.663965821E-1,5.831154585E-1,-4.454321042E-2
1.451503742E1,2.959587276E-1,6.652103662E-1,-4.964877293E-2
1.452503242E1,3.243389726E-1,7.546558380E-1,-4.925648868E-2
1.453502742E1,3.591369092E-1,8.452677727E-1,-4.061321542E-2
1.454502142E1,3.940205872E-1,9.370130897E-1,-2.445768192E-2
1.455501642E1,4.354308546E-1,1.025042057E0,-3.773528151E-3
1.456501142E1,4.775604606E-1,1.113380075E0,2.160746232E-2
1.457500542E1,5.095138550E-1,1.196418524E0,4.251309484E-2
1.458500042E1,5.359162092E-1,1.254964232E0,5.738791451E-2
1.459499442E1,5.591787100E-1,1.303234577E0,6.136493757E-2
1.460498942E1,5.827053189E-1,1.348867297E0,6.777036935E-2
1.461498442E1,6.022582054E-1,1.378050208E0,7.064942271E-2
1.462497842E1,6.164275408E-1,1.393882871E0,6.781848520E-2
1.463497317E1,6.216965914E-1,1.395659566E0,5.670855939E-2
1.464496817E1,6.237711906E-1,1.396051764E0,4.221457243E-2
1.465496217E1,6.254252791E-1,1.397078037E0,2.211922780E-2
1.466495717E1,6.232191324E-1,1.404271007E0,1.607544906E-2
1.467495117E1,6.199271679E-1,1.407637715E0,7.632841356E-3
1.468494617E1,6.217655540E-1,1.402622461E0,-5.129825789E-3
1.469494117E1,6.239387393E-1,1.395698667E0,-3.200348467E-2
1.470493517E1,6.218926311E-1,1.398194313E0,-6.369243562E-2
1.471493017E1,6.219450831E-1,1.422846675E0,-1.051967219E-1
1.472492517E1,6.225267053E-1,1.464215636E0,-1.409587115E-1
1.473491917E1,6.224324107E-1,1.517360806E0,-1.624764651E-1
1.474491417E1,6.220409274E-1,1.593462229E0,-1.611954868E-1
1.475490817E1,6.255357862E-1,1.667337894E0,-1.478691101E-1
1.476490317E1,6.285329461E-1,1.722370505E0,-1.340760589E-1
1.477489817E1,6.286045909E-1,1.734084129E0,-1.375309825E-1
1.478489217E1,6.246551275E-1,1.696082592E0,-1.642057747E-1
1.479488717E1,6.167972684E-1,1.628518701E0,-2.078884244E-1
1.480488217E1,6.104351878E-1,1.536151767E0,-2.422799468E-1
1.481487617E1,6.069179773E-1,1.429017663E0,-2.441104650E-1
1.482487117E1,6.149591208E-1,1.321457624E0,-2.237447500E-1
1.483486617E1,6.102863550E-1,1.198123097E0,-2.078251541E-1
1.484486017E1,5.975660086E-1,1.054464698E0,-1.993128955E-1
1.485485517E1,5.879418850E-1,9.088277221E-1,-2.092168480E-1
1.486484917E1,5.687812567E-1,7.780082226E-1,-2.249694467E-1
1.487484417E1,5.399714112E-1,6.837826967E-1,-2.352254242E-1
1.488483917E1,5.091767907E-1,6.264560223E-1,-2.230401337E-1
1.489483317E1,4.664511085E-1,6.048386097E-1,-1.887037158E-1
1.490482817E1,4.358761609E-1,6.142954826E-1,-1.349382252E-1
1.491482217E1,4.120885432E-1,6.491931081E-1,-7.822440565E-2
1.492481717E1,4.009999335E-1,6.945846081E-1,-2.456836589E-2
1.493481217E1,3.802033067E-1,7.347031832E-1,2.163137123E-2
1.494480617E1,3.590461016E-1,7.527154684E-1,6.571334600E-2
1.495480117E1,3.432005942E-1,7.496749163E-1,1.109312996E-1
1.496479617E1,3.316453993E-1,7.348605394E-1,1.528587788E-1
1.497479017E1,3.200257123E-1,7.057582140E-1,1.938006878E-1
1.498478517E1,3.140019178E-1,6.597241163E-1,2.346554399E-1
1.499477917E1,3.257344961E-1,5.943858624E-1,2.768862545E-1
1.500477417E1,3.340555429E-1,5.149994493E-1,3.082036972E-1
1.501476917E1,3.415864408E-1,4.302448630E-1,3.291086853E-1
1.502476317E1,3.423624933E-1,3.405498564E-1,3.419390023E-1
1.503475817E1,3.303260505E-1,2.359979153E-1,3.501636386E-1
1.504475317E1,3.099821806E-1,1.127910316E-1,3.582926691E-1
1.505474717E1,2.884832621E-1,-1.167482231E-2,3.634729683E-1
1.506474217E1,2.672173977E-1,-1.330036372E-1,3.729133606E-1
1.507473617E1,2.439187020E-1,-2.611271739E-1,3.877472281E-1
1.508473117E1,2.260518223E-1,-3.888414502E-1,4.007527828E-1
1.509472617E1,2.106955051E-1,-5.306160450E-1,4.117269218E-1
1.510472017E1,2.130159140E-1,-6.880258918E-1,4.129746258E-1
1.511471517E1,2.098030895E-1,-8.534012437E-1,4.123900533E-1
1.512471017E1,2.048972696E-1,-1.022760272E0,4.068352282E-1
1.513470417E1,2.022255808E-1,-1.207991242E0,3.919624090E-1
1.514469917E1,1.828803718E-1,-1.402456045E0,3.784711063E-1
1.515469317E1,1.622592658E-1,-1.598863244E0,3.688763976E-1
1.516468817E1,1.383014619E-1,-1.792293429E0,3.660268188E-1
1.517468317E1,1.269124448E-1,-1.968870878E0,3.675053120E-1
1.518467717E1,1.107518598E-1,-2.117826939E0,3.688174486E-1
1.519467217E1,9.559208900E-2,-2.213658094E0,3.682050407E-1
1.520466717E1,7.264948636E-2,-2.254459620E0,3.661368191E-1
1.521466117E1,4.751034454E-2,-2.235333681E0,3.627833128E-1
1.522465617E1,2.482899837E-2,-2.191933632E0,3.656462133E-1
1.523465017E1,-1.931264997E-3,-2.133786917E0,3.675504625E-1
1.524464517E1,-3.161752224E-2,-2.069602013E0,3.777274489E-1
1.525464017E1,-6.996784359E-2,-2.022651196E0,3.894372880E-1
1.526463417E1,-1.014591902E-1,-1.987262487E0,3.946349621E-1
1.527462917E1,-1.353700161E-1,-1.980401874E0,3.925100267E-1
1.528462417E1,-1.690893769E-1,-2.003440619E0,3.829823136E-1
1.529461817E1,-1.932511926E-1,-2.025650263E0,3.667326272E-1
1.530461317E1,-2.171421498E-1,-2.041509151E0,3.488987684E-1
1.531460717E1,-2.273191065E-1,-2.048259020E0,3.370394707E-1
1.532460217E1,-2.339442521E-1,-2.050527573E0,3.349960148E-1
1.533459717E1,-2.449899912E-1,-2.050253391E0,3.316120803E-1
1.534459117E1,-2.644880712E-1,-2.055205822E0,3.227581084E-1
1.535458617E1,-2.946664393E-1,-2.082325935E0,3.065838814E-1
1.536458117E1,-3.355283737E-1,-2.122088432E0,2.800732255E-1
1.537457517E1,-3.678762317E-1,-2.148210764E0,2.584622204E-1
1.538457017E1,-3.798351586E-1,-2.137508154E0,2.507220209E-1
1.539456417E1,-3.835012317E-1,-2.093938589E0,2.565132678E-1
1.540455917E1,-3.860714436E-1,-2.024864674E0,2.763639390E-1
1.541455417E1,-3.718385100E-1,-1.941415668E0,2.902453244E-1
1.542454817E1,-3.596931696E-1,-1.850658059E0,2.981304228E-1
1.543454317E1,-3.630111814E-1,-1.775566339E0,3.060900271E-1
1.544453817E1,-3.685478866E-1,-1.711259007E0,3.118807971E-1
1.545453217E1,-3.777190149E-1,-1.655338645E0,3.187839091E-1
1.546452717E1,-3.931251168E-1,-1.621187568E0,3.279318810E-1
1.547452117E1,-4.085741341E-1,-1.636234760E0,3.351639211E-1
1.548451617E1,-4.333955944E-1,-1.712489843E0,3.367474377E-1
1.549451117E1,-4.708207250E-1,-1.835004568E0,3.186216950E-1
1.550450517E1,-5.124534369E-1,-1.951942801E0,2.903091013E-1
1.551450017E1,-5.479237437E-1,-2.006444693E0,2.683879733E-1
1.552449517E1,-5.711060166E-1,-1.982337713E0,2.700830698E-1
1.553448917E1,-5.897356868E-1,-1.899704814E0,2.862522602E-1
1.554448417E1,-6.075400114E-1,-1.790554643E0,3.078957498E-1
1.555447817E1,-6.223683953E-1,-1.690785527E0,3.281580806E-1
1.556447317E1,-6.365473270E-1,-1.627603054E0,3.361635208E-1
1.557446817E1,-6.445677876E-1,-1.610573769E0,3.394162953E-1
1.558446217E1,-6.596063972E-1,-1.636397004E0,3.374758959E-1
1.559445717E1,-6.675116420E-1,-1.710959196E0,3.202190697E-1
1.560445217E1,-6.756169796E-1,-1.798106074E0,2.910832763E-1
1.561444617E1,-6.866204143E-1,-1.857852101E0,2.695428431E-1
1.562444117E1,-7.001578212E-1,-1.859648824E0,2.608944774E-1
1.563443517E1,-7.082827687E-1,-1.820745707E0,2.704354227E-1
1.564443017E1,-7.136288285E-1,-1.772339821E0,2.851469815E-1
1.565442517E1,-7.202593684E-1,-1.738634109E0,2.902993858E-1
1.566441917E1,-7.271808982E-1,-1.713324189E0,2.822561264E-1
1.567441417E1,-7.375366092E-1,-1.686841011E0,2.660654783E-1
1.568440917E1,-7.506915331E-1,-1.647919774E0,2.466366589E-1
1.569440317E1,-7.616570592E-1,-1.617638588E0,2.346090674E-1
1.570439817E1,-7.780176401E-1,-1.597468019E0,2.200213373E-1
1.571439217E1,-7.981423736E-1,-1.589611173E0,2.031254470E-1
1.572438717E1,-8.228756785E-1,-1.569354653E0,1.980390847E-1
1.573438217E1,-8.338590860E-1,-1.535869598E0,2.065229267E-1
1.574437617E1,-8.303152323E-1,-1.495440960E0,2.267096788E-1
1.575437117E1,-8.194702864E-1,-1.445324302E0,2.376670241E-1
1.576436617E1,-8.124887943E-1,-1.392333150E0,2.218475789E-1
1.577436017E1,-7.941476107E-1,-1.333895683E0,1.823137105E-1
1.578435517E1,-7.677021623E-1,-1.274221539E0,1.476260275E-1
1.579434917E1,-7.423566580E-1,-1.201383591E0,1.321288049E-1
1.580434417E1,-7.072809339E-1,-1.106931448E0,1.325618327E-1
1.581433917E1,-6.731564999E-1,-1.002209187E0,1.406438053E-1
1.582433317E1,-6.344698071E-1,-9.047684073E-1,1.450579911E-1
1.583432817E1,-5.894145370E-1,-8.089107275E-1,1.429961175E-1
1.584432317E1,-5.450981855E-1,-7.166596055E-1,1.332857013E-1
1.585431717E1,-4.973450303E-1,-6.304581165E-1,1.221362501E-1
1.586431217E1,-4.479109049E-1,-5.231215358E-1,1.161595881E-1
1.587430617E1,-4.077416360E-1,-4.078903198E-1,1.190795973E-1
1.588430117E1,-3.640026748E-1,-2.851215005E-1,1.156691462E-1
1.589429617E1,-3.094954491E-1,-1.660565734E-1,1.074119806E-1
1.590429017E1,-2.558908165E-1,-4.421749711E-2,1.058790684E-1
1.591428517E1,-2.099308074E-1,8.127484471E-2,1.147572845E-1
1.592428017E1,-1.695080251E-1,2.004563659E-1,1.296648681E-1
1.593427417E1,-1.373098493E-1,3.014417887E-1,1.480794549E-1
1.594426917E1,-1.108681262E-1,3.701529503E-1,1.695333421E-1
1.595426317E1,-9.962348640E-2,4.022233784E-1,1.912826598E-1
1.596425817E1,-9.156449139E-2,4.035424292E-1,2.107495666E-1
1.597425317E1,-8.689968288E-2,3.849804699E-1,2.201666236E-1
1.598424717E1,-7.994323969E-2,3.556635976E-1,2.239799947E-1
1.599424217E1,-6.648547947E-2,3.223992586E-1,2.237214744E-1
1.600423717E1,-5.298804492E-2,2.959892452E-1,2.301852405E-1
1.601423117E1,-4.551764205E-2,2.864905000E-1,2.360258251E-1
1.602422617E1,-3.944110870E-2,2.943801284E-1,2.351887971E-1
1.603422017E1,-3.860007599E-2,3.182909191E-1,2.308825254E-1
1.604421517E1,-3.551613539E-2,3.513748348E-1,2.180777788E-1
1.605421017E1,-3.616728634E-2,3.953065276E-1,2.050649524E-1
1.606420417E1,-3.334699944E-2,4.373527765E-1,1.935872585E-1
1.607419917E1,-3.250358626E-2,4.658463895E-1,1.837502569E-1
1.608419317E1,-1.908365265E-2,4.663201571E-1,1.700349748E-1
1.609418817E1,6.836887915E-4,4.350144565E-1,1.508806944E-1
1.610418317E1,2.503989451E-2,3.816002309E-1,1.246043593E-1
1.611417717E1,5.585587397E-2,3.285560608E-1,9.291760623E-2
1.612417217E1,8.351492882E-2,2.931352258E-1,6.864821911E-2
1.613416717E1,1.138099730E-1,2.793557644E-1,4.818436876E-2
1.614416117E1,1.395486295E-1,2.921032310E-1,2.992386930E-2
1.615415617E1,1.635697782E-1,3.234175146E-1,9.730977006E-3
1.616415117E1,1.915191263E-1,3.692094982E-1,-1.392721385E-2
1.617414517E1,2.100190818E-1,4.263848364E-1,-3.372500837E-2
1.618414017E1,2.313190401E-1,4.902881980E-1,-4.725120217E-2
1.619413417E1,2.472505718E-1,5.440181494E-1,-5.718393996E-2
1.620412917E1,2.632117271E-1,5.584269166E-1,-6.988029182E-2
1.621412417E1,2.817859054E-1,5.393683910E-1,-9.467994422E-2
1.622411817E1,2.963568568E-1,4.861219227E-1,-1.302890778E-1
1.623411317E1,3.036704659E-1,4.285625815E-1,-1.696718037E-1
1.624410817E1,3.135715425E-1,3.882732093E-1,-1.975010484E-1
1.625410217E1,3.152482808E-1,3.628306985E-1,-2.146945596E-1
1.626409717E1,3.176200986E-1,3.632855713E-1,-2.291081250E-1
1.627409117E1,3.147617280E-1,3.759427369E-1,-2.434589416E-1
1.628408617E1,3.079517484E-1,3.798831701E-1,-2.582104504E-1
1.629408117E1,3.020086288E-1,3.784864843E-1,-2.796247303E-1
1.630407517E1,2.873034775E-1,3.605434299E-1,-2.955507040E-1
1.631407017E1,2.653113604E-1,3.197911382E-1,-3.142990768E-1
1.632406517E1,2.435423881E-1,2.590497732E-1,-3.343103230E-1
1.633405917E1,2.204676867E-1,1.848739237E-1,-3.521720469E-1
1.634405417E1,2.042953670E-1,1.079791337E-1,-3.693885803E-1
1.635404817E1,1.916155368E-1,4.841082171E-2,-3.917717934E-1
1.636404317E1,1.852388680E-1,6.875095423E-3,-4.148089290E-1
1.637403817E1,1.882874221E-1,-1.644930243E-2,-4.404038191E-1
1.638403217E1,1.930829734E-1,-1.589696109E-2,-4.628611803E-1
1.639402717E1,1.936144978E-1,1.008921675E-2,-4.773906469E-1
1.640402217E1,2.020569891E-1,5.114690214E-2,-4.838330746E-1
1.641401617E1,2.107897997E-1,9.809279442E-2,-4.882200956E-1
1.642401117E1,2.300639004E-1,1.476547569E-1,-4.924353659E-1
1.643400517E1,2.426664829E-1,2.109776288E-1,-4.953892231E-1
1.644400017E1,2.591708899E-1,2.754264176E-1,-4.869464934E-1
1.645399517E1,2.709585428E-1,3.308712840E-1,-4.759059548E-1
1.646398917E1,2.856072783E-1,3.819869459E-1,-4.661670327E-1
1.647398417E1,3.047831059E-1,4.269664884E-1,-4.518839121E-1
1.648397917E1,3.189308643E-1,4.660611451E-1,-4.339248836E-1
1.649397317E1,3.296682239E-1,5.017204881E-1,-4.096011221E-1
1.650396817E1,3.321777284E-1,5.268990993E-1,-3.777414560E-1
1.651396217E1,3.320056796E-1,5.255756974E-1,-3.489620984E-1
1.652395717E1,3.262484670E-1,5.057279468E-1,-3.247901797E-1
1.653395217E1,3.128586411E-1,4.779471755E-1,-3.101991117E-1
1.654394617E1,3.015215397E-1,4.601497948E-1,-2.891265750E-1
1.655394117E1,2.982123196E-1,4.588987827E-1,-2.641332746E-1
1.656393617E1,2.912931442E-1,4.818160832E-1,-2.337756455E-1
1.657393017E1,2.774990201E-1,5.220398903E-1,-1.974796504E-1
1.658392517E1,2.605139017E-1,5.525424480E-1,-1.729125232E-1
1.659391917E1,2.519297600E-1,5.617202520E-1,-1.646245420E-1
1.660391417E1,2.414185405E-1,5.463815331E-1,-1.628277153E-1
1.661390917E1,2.375603914E-1,5.172557235E-1,-1.636627913E-1
1.662390317E1,2.310260683E-1,4.879553616E-1,-1.583804041E-1
1.663389854E1,2.331470102E-1,4.724028409E-1,-1.498973668E-1
1.664389354E1,2.310044914E-1,4.681564569E-1,-1.289950162E-1
1.665388754E1,2.273530662E-1,4.701923132E-1,-1.076698378E-1
1.666388254E1,2.181004435E-1,4.811352491E-1,-9.660919756E-2
1.667387654E1,2.016527504E-1,5.105021000E-1,-8.644559979E-2
1.668387154E1,1.843800098E-1,5.479788780E-1,-7.411623001E-2
1.669386654E1,1.726330668E-1,5.892101526E-1,-6.970025599E-2
1.670386054E1,1.696612388E-1,6.306169629E-1,-5.672347918E-2
1.671385554E1,1.629045159E-1,6.777112484E-1,-4.532261938E-2
1.672385054E1,1.650576890E-1,7.228018045E-1,-3.056577593E-2
1.673384454E1,1.706740409E-1,7.636309266E-1,-1.290542167E-2
1.674383954E1,1.721992344E-1,7.928162813E-1,-2.144919708E-3
1.675383354E1,1.718580872E-1,8.167271018E-1,3.344319528E-3
1.676382854E1,1.704490036E-1,8.362054229E-1,3.640729235E-3
1.677382354E1,1.696247756E-1,8.462063670E-1,9.031886235E-3
1.678381754E1,1.712594181E-1,8.616785407E-1,2.073221840E-2
1.679381254E1,1.765295267E-1,8.973670006E-1,3.836596757E-2
1.680380754E1,1.834574789E-1,9.515674114E-1,6.017086655E-2
1.681380154E1,1.877254844E-1,1.028519869E0,6.913575530E-2
1.682379654E1,2.052024752E-1,1.125565171E0,7.548180223E-2
1.683379154E1,2.189451754E-1,1.244733930E0,7.706718147E-2
1.684378554E1,2.432481200E-1,1.383496642E0,7.817825675E-2
1.685378054E1,2.684426904E-1,1.528155088E0,7.180820405E-2
1.686377454E1,2.869780362E-1,1.668451786E0,7.078900933E-2
1.687376954E1,2.996293306E-1,1.784668088E0,7.559058815E-2
1.688376454E1,2.894541919E-1,1.839198232E0,7.799968123E-2
1.689375854E1,2.724848092E-1,1.812955022E0,8.201699704E-2
1.690375354E1,2.547577322E-1,1.712497830E0,7.808430493E-2
1.691374854E1,2.444060594E-1,1.553347707E0,6.333265454E-2
1.692374254E1,2.338791043E-1,1.355190396E0,3.522858396E-2
1.693373754E1,2.211169899E-1,1.159853816E0,-1.472587232E-2
1.694373154E1,2.067942470E-1,1.010915160E0,-6.420554221E-2
1.695372654E1,1.878719330E-1,9.322862625E-1,-9.810473770E-2
1.696372154E1,1.647367924E-1,9.291482568E-1,-1.219623908E-1
1.697371554E1,1.415638328E-1,9.906294942E-1,-1.409230530E-1
1.698371054E1,1.045046076E-1,1.091985106E0,-1.520393491E-1
1.699370554E1,6.247433275E-2,1.207308531E0,-1.607497633E-1
1.700369954E1,1.508285105E-2,1.301222801E0,-1.721637994E-1
1.701369454E1,-3.356402367E-2,1.343023062E0,-1.789781153E-1
1.702368854E1,-7.150794566E-2,1.300957203E0,-1.840445101E-1
1.703368354E1,-9.323351830E-2,1.180932522E0,-1.922239065E-1
1.704367854E1,-1.090417728E-1,9.989500642E-1,-2.186336666E-1
1.705367254E1,-1.160005853E-1,8.015273213E-1,-2.603292763E-1
1.706366754E1,-1.225133464E-1,6.237552166E-1,-3.013555408E-1
1.707366254E1,-1.282119900E-1,4.857441783E-1,-3.308357000E-1
1.708365654E1,-1.315428019E-1,3.995038271E-1,-3.494128287E-1
1.709365154E1,-1.388049871E-1,3.613955677E-1,-3.574436009E-1
1.710364554E1,-1.508461982E-1,3.678803742E-1,-3.582159281E-1
1.711364054E1,-1.631310880E-1,4.028661549E-1,-3.569440246E-1
1.712363554E1,-1.732340604E-1,4.426295459E-1,-3.519628346E-1
1.713362954E1,-1.772793829E-1,4.608993530E-1,-3.448752463E-1
1.714362454E1,-1.692757905E-1,4.416550994E-1,-3.342846632E-1
1.715361954E1,-1.605957597E-1,4.046089053E-1,-3.325412273E-1
1.716361354E1,-1.511186361E-1,3.591575325E-1,-3.258321881E-1
1.717360854E1,-1.382984519E-1,3.166429996E-1,-3.148825765E-1
1.718360254E1,-1.179108769E-1,2.863873541E-1,-3.038363159E-1
1.719359754E1,-1.089203283E-1,2.742765844E-1,-2.934125066E-1
1.720359254E1,-9.964347631E-2,2.753873765E-1,-2.847276926E-1
1.721358654E1,-9.336747229E-2,2.780510187E-1,-2.810155749E-1
1.722358154E1,-8.304026723E-2,2.773748338E-1,-2.753779292E-1
1.723357654E1,-7.433252037E-2,2.635552287E-1,-2.598486841E-1
1.724357054E1,-6.438668072E-2,2.448627651E-1,-2.443264723E-1
1.725356554E1,-5.550901219E-2,2.275787890E-1,-2.300379127E-1
1.726356054E1,-3.865732625E-2,2.144542038E-1,-2.138059586E-1
1.727355454E1,-2.493382618E-2,2.061784863E-1,-2.038108408E-1
1.728354954E1,-1.247422863E-2,2.043851018E-1,-1.985542923E-1
1.729354354E1,7.466479205E-3,2.071663737E-1,-1.913782358E-1
1.730353854E1,3.563207015E-2,2.181162238E-1,-1.840095371E-1
1.731353354E1,7.096874714E-2,2.424696833E-1,-1.754374206E-1
1.732352754E1,1.026435867E-1,2.877231836E-1,-1.693142802E-1
1.733352254E1,1.358944923E-1,3.355335891E-1,-1.685986966E-1
1.734351754E1,1.740349531E-1,3.937186897E-1,-1.675016582E-1
1.735351154E1,2.063159198E-1,4.609654546E-1,-1.665115356E-1
1.736350654E1,2.381039411E-1,5.368295908E-1,-1.673909128E-1
1.737350054E1,2.626619935E-1,6.176131964E-1,-1.777314544E-1
1.738349554E1,2.881061137E-1,6.980156302E-1,-1.942534447E-1
1.739349054E1,3.071434498E-1,7.711852193E-1,-2.087440044E-1
1.740348454E1,3.232148290E-1,8.353663683E-1,-2.168461382E-1
1.741347954E1,3.280695081E-1,8.860697746E-1,-2.171790749E-1
1.742347454E1,3.258063495E-1,9.314500690E-1,-2.143915445E-1
1.743346854E1,3.175668418E-1,9.656445384E-1,-2.086043656E-1
1.744346354E1,3.337825537E-1,1.002095461E0,-1.986422837E-1
1.745345754E1,3.638887703E-1,1.028729916E0,-1.774020642E-1
1.746345254E1,4.121004939E-1,1.057714701E0,-1.436664760E-1
1.747344754E1,4.759473801E-1,1.071310282E0,-1.017477289E-1
1.748344154E1,5.404233336E-1,1.067211747E0,-6.172068417E-2
1.749343654E1,5.922570229E-1,1.032170892E0,-3.168090805E-2
1.750343154E1,6.272009015E-1,9.681008458E-1,-7.432826795E-3
1.751342554E1,6.604861021E-1,8.942014575E-1,2.195644006E-2
1.752342054E1,6.956635118E-1,8.142682910E-1,6.870689988E-2
1.753341454E1,7.392150164E-1,7.323631048E-1,1.316293776E-1
1.754340954E1,7.921770215E-1,6.582427621E-1,2.019868940E-1
1.755340454E1,8.448026776E-1,5.839326382E-1,2.635631561E-1
1.756339854E1,8.868313432E-1,5.062721968E-1,3.048594594E-1
1.757339354E1,9.128494263E-1,4.394326508E-1,3.265348077E-1
1.758338854E1,9.359384775E-1,3.853406608E-1,3.478619456E-1
1.759338254E1,9.759106040E-1,3.333987892E-1,3.710436225E-1
1.760337754E1,1.031017542E0,2.652689815E-1,4.052130580E-1
1.761337254E1,1.088451266E0,1.537822336E-1,4.471882880E-1
1.762336654E1,1.158471942E0,-1.566752046E-2,4.948942959E-1
1.763336067E1,1.210306883E0,-2.235460579E-1,5.419194102E-1
1.764335467E1,1.241533279E0,-4.423993230E-1,5.730181932E-1
1.765334967E1,1.260292053E0,-6.328486204E-1,5.885475278E-1
1.766334467E1,1.262077928E0,-7.609817982E-1,6.044359803E-1
1.767333867E1,1.236640215E0,-8.288857341E-1,6.261378527E-1
1.768333367E1,1.195073605E0,-8.444444537E-1,6.569287777E-1
1.769332867E1,1.145778775E0,-8.398570418E-1,6.813699007E-1
1.770332267E1,1.080009818E0,-8.501802683E-1,7.127443552E-1
1.771331767E1,9.968704581E-1,-8.863059282E-1,7.508024573E-1
1.772331167E1,8.936897516E-1,-9.583473206E-1,7.809401155E-1
1.773330667E1,7.691372037E-1,-1.061613202E0,7.934527993E-1
1.774330167E1,6.316277981E-1,-1.195516467E0,7.989985943E-1
1.775329567E1,4.789932370E-1,-1.332662106E0,7.944579124E-1
1.776329067E1,3.193838894E-1,-1.472311020E0,7.886657715E-1
1.777328567E1,1.275995225E-1,-1.642440319E0,7.675665617E-1
1.778327967E1,-5.698389560E-2,-1.833592653E0,7.425200939E-1
1.779327467E1,-2.424919754E-1,-2.029128075E0,7.140526772E-1
1.780326867E1,-4.387203455E-1,-2.234570265E0,6.775143743E-1
1.781326367E1,-6.435198188E-1,-2.459721088E0,6.331752539E-1
1.782325867E1,-8.370919824E-1,-2.710943222E0,5.943341255E-1
1.783325267E1,-1.012791395E0,-2.972494602E0,5.421980023E-1
1.784324767E1,-1.192342162E0,-3.252815008E0,4.645018876E-1
1.785324267E1,-1.366951823E0,-3.533646107E0,3.791300058E-1
1.786323667E1,-1.510786533E0,-3.793785095E0,3.180788755E-1
1.787323167E1,-1.617443204E0,-3.990946531E0,2.950977087E-1
1.788322567E1,-1.681948662E0,-4.131775856E0,2.970439494E-1
1.789322067E1,-1.697547078E0,-4.196049213E0,3.056982756E-1
1.790321567E1,-1.665738225E0,-4.171830654E0,3.231555521E-1
1.791320967E1,-1.580147147E0,-4.039855480E0,3.377973735E-1
1.792320467E1,-1.453962326E0,-3.794810772E0,3.656455278E-1
1.793319967E1,-1.292978048E0,-3.436451912E0,4.033693373E-1
1.794319367E1,-1.100162983E0,-2.997382164E0,4.546754062E-1
1.795318867E1,-8.597812653E-1,-2.476093054E0,5.072776079E-1
1.796318367E1,-5.907114744E-1,-1.888606787E0,5.589962006E-1
1.797317767E1,-3.060238063E-1,-1.261984110E0,5.958425403E-1
1.798317267E1,-2.371035703E-2,-6.315225363E-1,6.204717159E-1
1.799316667E1,2.503656745E-1,-4.691216350E-2,6.297874451E-1
1.800316167E1,5.052267313E-1,4.763510525E-1,6.238682866E-1
1.801315667E1,7.359677553E-1,9.175180793E-1,6.007030606E-1
1.802315067E1,9.459164739E-1,1.267637968E0,5.677642822E-1
1.803314567E1,1.123526216E0,1.531192541E0,5.328202844E-1
1.804314067E1,1.263530970E0,1.705316901E0,5.147488713E-1
1.805313467E1,1.375333309E0,1.810350418E0,5.144919157E-1
1.806312967E1,1.465324521E0,1.864074111E0,5.296633840E-1
1.807312367E1,1.528813481E0,1.873253822E0,5.416078568E-1
1.808311867E1,1.565392494E0,1.856020689E0,5.398272872E-1
1.809311367E1,1.559225917E0,1.829981446E0,5.347364545E-1
1.810310767E1,1.509657383E0,1.799884319E0,5.315481424E-1
1.811310267E1,1.407356024E0,1.774958491E0,5.363901258E-1
1.812309767E1,1.246680260E0,1.722549319E0,5.320113301E-1
1.813309167E1,1.031454802E0,1.627550364E0,5.234625936E-1
1.814308667E1,7.789075375E-1,1.461174488E0,5.047286153E-1
1.815308067E1,5.063116550E-1,1.215349555E0,4.693943262E-1
1.816307567E1,2.272435725E-1,8.825716376E-1,4.160890281E-1
1.817307067E1,-5.288262293E-2,4.703901112E-1,3.461573422E-1
1.818306467E1,-3.360797167E-1,-7.011049427E-3,2.602573335E-1
1.819305967E1,-6.378315687E-1,-5.295817256E-1,1.598061919E-1
1.820305467E1,-9.429312944E-1,-1.074618220E0,6.460431218E-2
1.821304867E1,-1.245107889E0,-1.605273485E0,-1.751178876E-2
1.822304367E1,-1.541731596E0,-2.103877068E0,-7.527841628E-2
1.823303867E1,-1.821363568E0,-2.545947790E0,-1.205910072E-1
1.824303267E1,-2.041297197E0,-2.898244381E0,-1.345254481E-1
1.825302767E1,-2.162668705E0,-3.138180971E0,-1.214419976E-1
1.826302167E1,-2.163136005E0,-3.246307135E0,-7.484680414E-2
1.827301667E1,-2.045161963E0,-3.211974859E0,-7.160543464E-4
1.828301167E1,-1.845733643E0,-3.038923264E0,7.712175697E-2
1.829300567E1,-1.597516894E0,-2.737967014E0,1.418534666E-1
1.830300067E1,-1.300471902E0,-2.334278107E0,1.931976080E-1
1.831299567E1,-9.924418926E-1,-1.857512593E0,2.298209518E-1
1.832298967E1,-6.813007593E-1,-1.333673954E0,2.384778112E-1
1.833298467E1,-3.766652346E-1,-8.139464855E-1,2.500537038E-1
1.834297867E1,-8.602006733E-2,-2.986152172E-1,2.405225337E-1
1.835297367E1,1.902450919E-1,1.945947111E-1,2.070427537E-1
1.836296867E1,4.318667650E-1,6.487134695E-1,1.508964002E-1
1.837296267E1,6.491132975E-1,1.051937699E0,9.616270661E-2
1.838295767E1,8.410976529E-1,1.405249953E0,6.037221849E-2
1.839295267E1,1.009000421E0,1.709576964E0,4.278783128E-2
1.840294667E1,1.158124328E0,1.954682827E0,3.333121166E-2
1.841294167E1,1.293360710E0,2.138208389E0,3.645779565E-2
1.842293567E1,1.407375455E0,2.231089354E0,3.766474128E-2
1.843293067E1,1.496301293E0,2.230942726E0,3.546779975E-2
1.844292567E1,1.561230302E0,2.172441483E0,2.510277554E-2
1.845291967E1,1.597803712E0,2.072539091E0,3.011386469E-2
1.846291467E1,1.593336225E0,1.946313858E0,4.098462313E-2
1.847290967E1,1.541550279E0,1.826317906E0,6.539570540E-2
1.848290367E1,1.420850039E0,1.707464695E0,1.047668159E-1
1.849289867E1,1.244411349E0,1.574159861E0,1.446928233E-1
1.850289367E1,1.027585030E0,1.413761139E0,1.747085154E-1
1.851288767E1,7.829161286E-1,1.212897658E0,1.967438757E-1
1.852288267E1,5.257008076E-1,9.490042329E-1,2.083278298E-1
1.853287667E1,2.750954926E-1,6.237114668E-1,2.130233198E-1
1.854287167E1,2.827132866E-2,2.489551306E-1,2.057512999E-1
1.855286667E1,-2.142280936E-1,-1.583317369E-1,1.830294728E-1
1.856286067E1,-4.523194730E-1,-5.643143654E-1,1.606389433E-1
1.857285567E1,-6.911528707E-1,-9.423307776E-1,1.400633156E-1
1.858285067E1,-9.345239401E-1,-1.259456038E0,1.258367151E-1
1.859284467E1,-1.177016020E0,-1.518988967E0,1.025139317E-1
1.860283967E1,-1.428419948E0,-1.727376223E0,6.717937440E-2
1.861283467E1,-1.654958606E0,-1.895530581E0,3.905807436E-2
1.862282867E1,-1.819513917E0,-2.023422241E0,3.359992430E-2
1.863282367E1,-1.907734871E0,-2.106395006E0,4.297377169E-2
1.864281754E1,-1.900013566E0,-2.146069527E0,6.367079169E-2
1.865281254E1,-1.810387611E0,-2.131984234E0,8.220208436E-2
1.866280754E1,-1.653863430E0,-2.060901642E0,9.368376434E-2
1.867280154E1,-1.447522879E0,-1.933867335E0,1.043546721E-1
1.868279654E1,-1.195405126E0,-1.739600182E0,1.093398407E-1
1.869279154E1,-9.037508965E-1,-1.461850762E0,9.800722450E-2
1.870278554E1,-5.678130984E-1,-1.090024233E0,7.086535543E-2
1.871278054E1,-2.062969506E-1,-6.071649194E-1,1.931153424E-2
1.872277454E1,1.617479026E-1,-2.346181870E-2,-3.261051700E-2
1.873276954E1,4.968483746E-1,6.256927252E-1,-8.025934547E-2
1.874276454E1,7.869430184E-1,1.276885748E0,-1.028789058E-1
1.875275854E1,1.018659949E0,1.865731478E0,-1.020440087E-1
1.876275354E1,1.207719922E0,2.319975138E0,-8.008038253E-2
1.877274854E1,1.376818299E0,2.615069389E0,-5.559118465E-2
1.878274254E1,1.541738272E0,2.748382092E0,-3.498098254E-2
1.879273754E1,1.692922831E0,2.739219904E0,-1.271103229E-2
1.880273254E1,1.819185376E0,2.614887238E0,1.383589022E-2
1.881272654E1,1.903091192E0,2.414416075E0,4.009036720E-2
1.882272154E1,1.910782099E0,2.180298567E0,6.744022667E-2
1.883271654E1,1.812752008E0,1.947212696E0,9.597758949E-2
1.884271054E1,1.626128554E0,1.733601809E0,1.303906888E-1
1.885270554E1,1.371659040E0,1.535312653E0,1.633750349E-1
1.886269954E1,1.084116936E0,1.343429208E0,1.963806450E-1
1.887269454E1,7.969866395E-1,1.135946274E0,2.153167427E-1
1.888268954E1,5.152436495E-1,8.886516690E-1,2.174113244E-1
1.889268354E1,2.441018671E-1,5.774852037E-1,2.059576511E-1
1.890267854E1,-2.098626643E-2,1.998545825E-1,1.819215715E-1
1.891267354E1,-2.839049995E-1,-2.164741755E-1,1.390372217E-1
1.892266754E1,-5.602756143E-1,-6.310812235E-1,8.709917217E-2
1.893266254E1,-8.302004933E-1,-1.003499508E0,2.163810283E-2
1.894265754E1,-1.088730097E0,-1.314231038E0,-3.944815323E-2
1.895265154E1,-1.346597314E0,-1.543667316E0,-9.395802021E-2
1.896264654E1,-1.590355635E0,-1.702732325E0,-1.519731134E-1
1.897264154E1,-1.829761267E0,-1.801288605E0,-1.921212524E-1
1.898263554E1,-2.036361217E0,-1.867723346E0,-2.102661729E-1
1.899263054E1,-2.170882225E0,-1.900823951E0,-2.037087083E-1
1.900262454E1,-2.210868835E0,-1.912039042E0,-1.787706017E-1
1.901261954E1,-2.146850586E0,-1.889572382E0,-1.479688734E-1
1.902261454E1,-1.993376017E0,-1.831381798E0,-1.213926524E-1
1.903260854E1,-1.798395395E0,-1.741350889E0,-1.137579605E-1
1.904260354E1,-1.565274477E0,-1.622570992E0,-1.186539158E-1
1.905259854E1,-1.311227083E0,-1.456103921E0,-1.274484694E-1
1.906259254E1,-1.005791783E0,-1.202160835E0,-1.282514185E-1
1.907258754E1,-6.533331275E-1,-8.308975697E-1,-1.448266357E-1
1.908258254E1,-2.686863244E-1,-3.314664960E-1,-1.782921851E-1
1.909257654E1,1.071954221E-1,2.562279701E-1,-2.115866840E-1
1.910257154E1,4.502356052E-1,8.985361457E-1,-2.307878137E-1
1.911256654E1,7.409070730E-1,1.515699029E0,-2.274167836E-1
1.912256054E1,9.708508253E-1,2.036876440E0,-2.049130648E-1
1.913255554E1,1.172697663E0,2.409383535E0,-1.639922261E-1
1.914254954E1,1.364098549E0,2.615768671E0,-1.068919152E-1
1.915254454E1,1.541155577E0,2.669540405E0,-4.949519038E-2
1.916253954E1,1.700212598E0,2.585148335E0,-1.240933686E-2
1.917253354E1,1.822889566E0,2.414299011E0,5.615130067E-3
1.918252854E1,1.862443686E0,2.189013243E0,2.101192996E-2
1.919252354E1,1.791092992E0,1.940810442E0,2.991601452E-2
1.920251754E1,1.628963828E0,1.696165562E0,4.013882205E-2
1.921251254E1,1.396089196E0,1.486811399E0,6.579703093E-2
1.922250754E1,1.142197609E0,1.294843554E0,9.339749813E-2
1.923250154E1,8.859346509E-1,1.098051310E0,1.115975380E-1
1.924249654E1,6.269225478E-1,8.760948777E-1,1.167345047E-1
1.925249154E1,3.653329611E-1,6.042660475E-1,1.211971790E-1
1.926248554E1,8.952748775E-2,2.760963738E-1,1.071711183E-1
1.927248054E1,-1.851829290E-1,-1.152635515E-1,8.190261573E-2
1.928247554E1,-4.489871264E-1,-5.315741897E-1,4.070590809E-2
1.929246954E1,-7.016369700E-1,-9.277350903E-1,-2.677268814E-3
1.930246454E1,-9.483138919E-1,-1.282809258E0,-4.673021287E-2
1.931245854E1,-1.189865708E0,-1.580830336E0,-9.287199378E-2
1.932245354E1,-1.435786247E0,-1.814762115E0,-1.313205808E-1
1.933244854E1,-1.693534493E0,-1.995892882E0,-1.621789187E-1
1.934244254E1,-1.931921482E0,-2.138636351E0,-1.780396402E-1
1.935243754E1,-2.109874725E0,-2.238565445E0,-1.762486100E-1
1.936243254E1,-2.212346077E0,-2.287513971E0,-1.562828869E-1
1.937242654E1,-2.225729704E0,-2.274315357E0,-1.263301522E-1
1.938242154E1,-2.130296230E0,-2.200596809E0,-9.344650805E-2
1.939241654E1,-1.961673737E0,-2.064863682E0,-5.178603902E-2
1.940241054E1,-1.747738004E0,-1.875673532E0,-2.472459339E-2
1.941240554E1,-1.489622116E0,-1.647060275E0,-9.018737823E-3
1.942240054E1,-1.195523381E0,-1.358080745E0,-1.766151283E-3
1.943239454E1,-8.686006665E-1,-9.904548526E-1,-4.974543117E-3
1.944238954E1,-5.109008551E-1,-5.506860018E-1,-2.151570469E-2
1.945238354E1,-1.438796967E-1,-4.205793887E-2,-4.745249450E-2
1.946237854E1,2.182175368E-1,5.152375698E-1,-7.966822386E-2
1.947237354E1,5.374391675E-1,1.082496047E0,-1.029391065E-1
1.948236754E1,7.971714139E-1,1.596804857E0,-1.150804609E-1
1.949236254E1,1.005538225E0,2.011977673E0,-1.231212318E-1
1.950235754E1,1.186355710E0,2.306104422E0,-1.126358211E-1
1.951235154E1,1.361772060E0,2.480208874E0,-8.899412304E-2
1.952234654E1,1.523352981E0,2.543067932E0,-6.660918891E-2
1.953234154E1,1.648979545E0,2.505689383E0,-4.182828218E-2
1.954233554E1,1.714086652E0,2.380500317E0,-1.482596248E-2
1.955233054E1,1.705659389E0,2.199055195E0,4.666947294E-3
1.956232554E1,1.635287404E0,1.994903207E0,1.752575487E-2
1.957231954E1,1.499468684E0,1.795463800E0,2.638273314E-2
1.958231454E1,1.314860225E0,1.609586716E0,3.802420944E-2
1.959230954E1,1.097299099E0,1.429889798E0,5.026219413E-2
1.960230354E1,8.551644087E-1,1.241591215E0,6.537909061E-2
1.961229854E1,6.131363511E-1,1.018465400E0,7.718032598E-2
1.962229254E1,3.754519224E-1,7.433000803E-1,8.100063354E-2
1.963228754E1,1.388492286E-1,4.096070230E-1,7.370411605E-2
1.964228292E1,-8.890112489E-2,3.225361928E-2,5.114501342E-2
1.965227692E1,-3.039026558E-1,-3.635064960E-1,8.088245988E-3
1.966227192E1,-5.128561258E-1,-7.334544659E-1,-4.352355003E-2
1.967226692E1,-7.194253206E-1,-1.037300706E0,-9.534367174E-2
1.968226092E1,-9.110211134E-1,-1.260813951E0,-1.481469572E-1
1.969225592E1,-1.087929249E0,-1.396838546E0,-1.940335929E-1
1.970225092E1,-1.228212357E0,-1.458997726E0,-2.206662744E-1
1.971224492E1,-1.319203258E0,-1.448077679E0,-2.267659605E-1
1.972223992E1,-1.349979758E0,-1.373445511E0,-2.271537185E-1
1.973223492E1,-1.339605689E0,-1.252679825E0,-2.245159149E-1
1.974222892E1,-1.293101788E0,-1.095788836E0,-2.204135805E-1
1.975222392E1,-1.228148937E0,-9.161279202E-1,-2.176199853E-1
1.976221892E1,-1.170561552E0,-7.373669147E-1,-2.219769061E-1
1.977221292E1,-1.124204159E0,-5.749726892E-1,-2.344031036E-1
1.978220792E1,-1.070189714E0,-4.059066772E-1,-2.484456897E-1
1.979220192E1,-1.003378630E0,-2.087582201E-1,-2.727062702E-1
1.980219692E1,-9.242069721E-1,-4.391512834E-3,-3.008036613E-1
1.981219192E1,-8.350991607E-1,2.048032731E-1,-3.301604986E-1
1.982218592E1,-7.482271194E-1,4.124544561E-1,-3.531624973E-1
1.983218092E1,-6.649228930E-1,6.133645177E-1,-3.799569905E-1
1.984217592E1,-5.974240303E-1,7.933047414E-1,-4.100728333E-1
1.985216992E1,-5.386747122E-1,9.424596429E-1,-4.370514750E-1
1.986216492E1,-4.951996505E-1,1.047712564E0,-4.598459899E-1
1.987215992E1,-4.667850435E-1,1.114353180E0,-4.780819714E-1
1.988215392E1,-4.471796453E-1,1.134256005E0,-4.879244864E-1
1.989214892E1,-4.367754757E-1,1.108209848E0,-4.965866506E-1
1.990214392E1,-4.263918102E-1,1.045591712E0,-4.996110201E-1
1.991213792E1,-4.152161181E-1,9.483978748E-1,-4.927735925E-1
1.992213292E1,-4.196047485E-1,8.317543864E-1,-4.934018254E-1
1.993212692E1,-4.335208535E-1,7.075148225E-1,-4.938101172E-1
1.994212192E1,-4.589007795E-1,5.877538323E-1,-4.981721044E-1
1.995211692E1,-4.827773273E-1,4.789124429E-1,-4.937131703E-1
1.996211092E1,-5.033144951E-1,3.857010305E-1,-4.849021137E-1
1.997210592E1,-5.156450272E-1,3.259697556E-1,-4.644384682E-1
1.998210092E1,-5.145826936E-1,2.881757617E-1,-4.473289847E-1
1.999209492E1,-5.099104047E-1,2.726021409E-1,-4.321219325E-1
2.000208992E1,-4.950246811E-1,2.731459439E-1,-4.215419888E-1
2.001208492E1,-4.742173851E-1,2.926236987E-1,-4.113074541E-1
2.002207892E1,-4.378947914E-1,3.292887509E-1,-4.011642635E-1
2.003207392E1,-4.009191990E-1,3.748174012E-1,-3.953187466E-1
2.004206892E1,-3.659985065E-1,4.271088243E-1,-3.915732801E-1
2.005206292E1,-3.368012309E-1,4.826876819E-1,-3.967090845E-1
2.006205792E1,-3.011063337E-1,5.397899151E-1,-4.050546288E-1
2.007205292E1,-2.708781064E-1,5.984899998E-1,-4.126878381E-1
2.008204692E1,-2.546008825E-1,6.615070701E-1,-4.215202034E-1
2.009204192E1,-2.490551174E-1,7.142419815E-1,-4.288155735E-1
2.010203592E1,-2.383596003E-1,7.602241635E-1,-4.346351326E-1
2.011203092E1,-2.309592068E-1,7.873438597E-1,-4.439942539E-1
2.012202592E1,-2.143056542E-1,8.053407073E-1,-4.476473033E-1
2.013201992E1,-1.924991608E-1,8.143137097E-1,-4.549453855E-1
2.014201492E1,-1.695669442E-1,7.971512079E-1,-4.575494230E-1
2.015200992E1,-1.486528665E-1,7.666209936E-1,-4.688134193E-1
2.016200392E1,-1.236135587E-1,7.329985499E-1,-4.798500836E-1
2.017199892E1,-9.626796097E-2,7.002251148E-1,-4.874277115E-1
2.018199392E1,-7.279139757E-2,6.857154369E-1,-4.913398921E-1
2.019198792E1,-4.644525424E-2,6.894441247E-1,-4.909154177E-1
2.020198292E1,-3.182130307E-2,7.127481103E-1,-4.857369065E-1
2.021197792E1,-1.918648183E-2,7.549989223E-1,-4.878073633E-1
2.022197192E1,-1.736301556E-2,8.099982738E-1,-4.922455251E-1
2.023196692E1,-2.070900425E-2,8.637316227E-1,-4.980439246E-1
2.024196092E1,-3.063540533E-2,9.131550789E-1,-5.059061050E-1
2.025195592E1,-3.459766507E-2,9.423664212E-1,-5.063709617E-1
2.026195092E1,-3.617771715E-2,9.510003924E-1,-5.016286373E-1
2.027194492E1,-3.712818772E-2,9.456906915E-1,-4.992130697E-1
2.028193992E1,-3.242531419E-2,9.174832702E-1,-4.974359572E-1
2.029193492E1,-1.838144660E-2,8.729184270E-1,-5.028117299E-1
2.030192892E1,-5.537133547E-4,8.082166314E-1,-5.080501437E-1
2.031192392E1,1.592489891E-2,7.303851843E-1,-5.120050907E-1
2.032191892E1,2.850220911E-2,6.532469988E-1,-5.127294660E-1
2.033191292E1,3.687943146E-2,5.724903941E-1,-5.106592774E-1
2.034190792E1,4.406384379E-2,4.967871308E-1,-5.140569210E-1
2.035190292E1,5.063758790E-2,4.278185368E-1,-5.102837682E-1
2.036189692E1,5.152149126E-2,3.788576424E-1,-5.080072880E-1
2.037189192E1,5.124239624E-2,3.423991203E-1,-5.052935481E-1
2.038188692E1,4.876006395E-2,3.223748207E-1,-5.056056976E-1
2.039188092E1,4.736405984E-2,3.143185079E-1,-5.100736618E-1
2.040187592E1,4.894224927E-2,3.162841797E-1,-5.178330541E-1
2.041186992E1,4.303559661E-2,3.293342888E-1,-5.317587256E-1
2.042186492E1,4.365291819E-2,3.407222331E-1,-5.457397699E-1
2.043185992E1,4.395464063E-2,3.502805233E-1,-5.663847327E-1
2.044185392E1,4.981412739E-2,3.621417284E-1,-5.860077143E-1
2.045184892E1,6.691376120E-2,3.703220785E-1,-6.060228348E-1
2.046184392E1,8.801079541E-2,3.778468668E-1,-6.257171631E-1
2.047183792E1,1.124596745E-1,3.780317307E-1,-6.341649890E-1
2.048183292E1,1.403144747E-1,3.743547201E-1,-6.403555274E-1
2.049182792E1,1.711030304E-1,3.619614840E-1,-6.351976395E-1
2.050182192E1,1.944970340E-1,3.392537832E-1,-6.164058447E-1
2.051181692E1,2.123729736E-1,3.061129153E-1,-5.823724270E-1
2.052181092E1,2.291972339E-1,2.713424265E-1,-5.437406301E-1
2.053180592E1,2.380793840E-1,2.357834578E-1,-5.052341819E-1
2.054180092E1,2.387308031E-1,1.953444183E-1,-4.722618163E-1
2.055179492E1,2.342519015E-1,1.683067232E-1,-4.311355948E-1
2.056178992E1,2.205922902E-1,1.579582095E-1,-3.943535984E-1
2.057178492E1,2.013951540E-1,1.575307399E-1,-3.515224755E-1
2.058177892E1,1.786379069E-1,1.743840277E-1,-3.100695908E-1
2.059177392E1,1.585992277E-1,1.922427267E-1,-2.660979033E-1
2.060176892E1,1.400127560E-1,2.140473574E-1,-2.282205671E-1
2.061176292E1,1.219384149E-1,2.252438217E-1,-1.847556531E-1
2.062175792E1,1.068385616E-1,2.274446487E-1,-1.460788250E-1
2.063175292E1,9.762588143E-2,2.185517102E-1,-1.060049683E-1
2.064174696E1,8.855062723E-2,2.016038895E-1,-7.214873284E-2
2.065174196E1,8.497399092E-2,1.788133830E-1,-4.661516473E-2
2.066173596E1,8.450554311E-2,1.554268301E-1,-2.801271901E-2
2.067173096E1,8.521076292E-2,1.339575797E-1,-1.582681015E-2
2.068172596E1,8.307597041E-2,1.239398196E-1,-4.230076447E-3
2.069171996E1,8.228871971E-2,1.192691624E-1,8.539821953E-3
2.070171496E1,7.881809026E-2,1.267246753E-1,2.107585408E-2
2.071170996E1,7.130452991E-2,1.342635751E-1,3.289066255E-2
2.072170396E1,6.622215360E-2,1.533360779E-1,4.116350412E-2
2.073169896E1,5.200594291E-2,1.755873859E-1,4.452130198E-2
2.074169396E1,3.756388649E-2,1.991055012E-1,4.896132275E-2
2.075168796E1,2.580095641E-2,2.191780061E-1,5.236366019E-2
2.076168296E1,1.659334265E-2,2.394870073E-1,5.916777253E-2
2.077167796E1,9.330640547E-3,2.515526414E-1,6.794345379E-2
2.078167196E1,-3.582054633E-4,2.637960017E-1,7.248333842E-2
2.079166696E1,-6.767129060E-3,2.687511742E-1,7.834175974E-2
2.080166096E1,-1.889383234E-2,2.647295296E-1,8.100039512E-2
2.081165596E1,-3.310976923E-2,2.609372735E-1,7.857231051E-2
2.082165096E1,-4.396934062E-2,2.444472462E-1,7.793581486E-2
2.083164496E1,-5.710404366E-2,2.194439918E-1,7.095841318E-2
2.084163996E1,-6.413771212E-2,1.977733076E-1,6.254655868E-2
2.085163496E1,-7.284306735E-2,1.672529429E-1,5.251564458E-2
2.086162896E1,-7.668414712E-2,1.306808144E-1,4.126272723E-2
2.087162396E1,-8.391460776E-2,8.728975058E-2,2.817694843E-2
2.088161896E1,-8.864597976E-2,4.183651507E-2,1.944683865E-2
2.089161296E1,-8.928461373E-2,-1.116294041E-2,1.291831676E-2
2.090160796E1,-8.653516322E-2,-6.134062633E-2,1.621454023E-3
2.091160296E1,-7.818324119E-2,-1.051227301E-1,-6.139643956E-3
2.092159696E1,-7.094024122E-2,-1.227094457E-1,-4.861060064E-3
2.093159196E1,-6.320774555E-2,-1.164309308E-1,3.593741683E-3
2.094158596E1,-5.023415387E-2,-9.331095964E-2,1.291427296E-2
2.095158096E1,-3.842809424E-2,-6.098315492E-2,1.771703362E-2
2.096157596E1,-3.610102460E-2,-2.933148295E-2,1.394946035E-2
2.097156996E1,-2.890114859E-2,-1.750608906E-2,8.672570810E-3
2.098156496E1,-2.746170945E-2,-9.624462575E-3,1.172082499E-2
2.099155996E1,-2.246564254E-2,1.985234208E-3,2.699998207E-2
2.100155396E1,-1.444526576E-2,1.927953586E-2,4.136800393E-2
2.101154896E1,-8.124516346E-3,3.828297928E-2,5.678001419E-2
2.102154396E1,-3.152127843E-3,5.909451842E-2,6.595433503E-2
2.103153796E1,6.243776064E-3,7.630614936E-2,7.151933014E-2
2.104153296E1,7.126347627E-3,8.619100600E-2,7.676175982E-2
2.105152796E1,5.488746800E-3,9.451124072E-2,8.434648812E-2
2.106152196E1,9.118635207E-3,9.918029606E-2,8.891193569E-2
2.107151696E1,8.681608364E-3,1.042683050E-1,8.914894611E-2
2.108151096E1,7.018465083E-3,1.054254472E-1,8.481758088E-2
2.109150596E1,5.327105988E-3,1.040352061E-1,8.283766359E-2
2.110150096E1,1.191363577E-2,9.805721045E-2,8.124216646E-2
2.111149496E1,1.592223160E-2,9.360775352E-2,8.146884292E-2
2.112148996E1,2.060992643E-2,9.804697335E-2,7.569671422E-2
2.113148496E1,2.194069140E-2,1.041356027E-1,7.274816930E-2
2.114147896E1,1.948419213E-2,1.146279201E-1,6.630332023E-2
2.115147396E1,1.224760991E-2,1.252525747E-1,5.103379488E-2
2.116146896E1,7.405450568E-3,1.270552725E-1,2.940759435E-2
2.117146296E1,2.520124195E-3,1.103764176E-1,3.080687951E-3
2.118145796E1,3.508689580E-3,7.356114686E-2,-1.728343964E-2
2.119145296E1,5.506867543E-3,5.462055653E-2,-2.169834822E-2
2.120144696E1,1.029789448E-2,5.100717768E-2,-2.659803256E-2
2.121144196E1,1.963893510E-2,6.197772920E-2,-2.033078112E-2
2.122143596E1,2.602066658E-2,8.587400615E-2,-1.664683037E-2
2.123143096E1,2.072843723E-2,1.135292649E-1,-1.131807920E-2
2.124142596E1,1.669561304E-2,1.372660249E-1,-1.158492733E-2
2.125141996E1,1.652488858E-2,1.518428922E-1,-1.096535660E-2
2.126141496E1,6.979321130E-3,1.540365517E-1,-9.421788156E-3
2.127140996E1,-4.862681031E-3,1.553910673E-1,-1.361643616E-2
2.128140396E1,-6.998536177E-3,1.521524042E-1,-1.368700992E-2
2.129139896E1,-4.740700126E-3,1.434793770E-1,-2.112167515E-2
2.130139396E1,-7.462450303E-3,1.336669624E-1,-2.297363803E-2
2.131138796E1,-7.056318689E-3,1.237836853E-1,-1.385204494E-2
2.132138296E1,-1.764084445E-3,1.228843406E-1,3.297381103E-3
2.133137796E1,9.848339250E-4,1.242259666E-1,1.829207689E-2
2.134137196E1,6.375577068E-4,1.326234490E-1,3.673393279E-2
2.135136696E1,5.785966758E-3,1.481598318E-1,6.185247004E-2
2.136136096E1,9.573248215E-3,1.707855165E-1,8.125999570E-2
2.137135596E1,1.215865463E-2,2.013866156E-1,9.341742098E-2
2.138135096E1,1.654967479E-2,2.323511839E-1,1.014630944E-1
2.139134496E1,2.959994040E-2,2.724671662E-1,1.139733344E-1
2.140133996E1,4.257326201E-2,3.186753988E-1,1.298596263E-1
2.141133496E1,5.978661403E-2,3.739104867E-1,1.528771520E-1
2.142132896E1,8.075900376E-2,4.366380572E-1,1.745962948E-1
2.143132396E1,9.653211385E-2,4.961132109E-1,1.875116229E-1
2.144131896E1,1.075091362E-1,5.476033092E-1,1.973176599E-1
2.145131296E1,1.144975275E-1,5.948111415E-1,2.050050944E-1
2.146130796E1,1.200949624E-1,6.373575330E-1,2.102587074E-1
2.147130296E1,1.297923476E-1,6.717768312E-1,2.087032348E-1
2.148129696E1,1.386100650E-1,7.003749013E-1,2.006109506E-1
2.149129196E1,1.566822976E-1,7.270438671E-1,1.921532452E-1
2.150128596E1,1.877795011E-1,7.492695451E-1,1.794741899E-1
2.151128096E1,2.246378809E-1,7.673960328E-1,1.665857434E-1
2.152127596E1,2.576155365E-1,7.751929760E-1,1.614628732E-1
2.153126996E1,2.872064710E-1,7.645263076E-1,1.578562558E-1
2.154126496E1,3.080124259E-1,7.291749716E-1,1.459479332E-1
2.155125996E1,3.295456767E-1,6.603181958E-1,1.189330742E-1
2.156125396E1,3.398734033E-1,5.804561377E-1,9.263568372E-2
2.157124896E1,3.627512753E-1,4.868749976E-1,7.085519284E-2
2.158124396E1,3.896396160E-1,3.930422366E-1,7.291515172E-2
2.159123796E1,4.172888100E-1,3.092417717E-1,9.245933592E-2
2.160123296E1,4.478842616E-1,2.508317232E-1,1.237288415E-1
2.161122796E1,4.755731523E-1,2.214669883E-1,1.692890972E-1
2.162122196E1,5.016872883E-1,2.164647728E-1,2.134498954E-1
2.163121696E1,5.203302503E-1,2.496810853E-1,2.560434341E-1
2.164121117E1,5.366202593E-1,2.870550752E-1,2.905622423E-1
2.165120617E1,5.448492169E-1,3.213249147E-1,3.295674026E-1
2.166120117E1,5.569897890E-1,3.380165696E-1,3.773591518E-1
2.167119517E1,5.782995224E-1,3.456819952E-1,4.450227618E-1
2.168119017E1,6.048927903E-1,3.311978579E-1,5.044165254E-1
2.169118517E1,6.415778399E-1,2.940382063E-1,5.553812385E-1
2.170117917E1,6.771086454E-1,2.439750433E-1,5.963883400E-1
2.171117417E1,7.119601369E-1,1.814990342E-1,6.348654628E-1
2.172116917E1,7.399776578E-1,1.151144132E-1,6.743106246E-1
2.173116317E1,7.676857114E-1,5.702664703E-2,7.141101956E-1
2.174115817E1,7.924099565E-1,-1.876349328E-3,7.541928887E-1
2.175115317E1,8.179271221E-1,-5.393607914E-2,7.944653034E-1
2.176114717E1,8.446857333E-1,-9.884070605E-2,8.393632770E-1
2.177114217E1,8.790197372E-1,-1.337865889E-1,8.881300688E-1
2.178113617E1,9.126008749E-1,-1.634805650E-1,9.469787478E-1
2.179113117E1,9.394039512E-1,-1.831321269E-1,9.917784333E-1
2.180112617E1,9.677652717E-1,-2.090143263E-1,1.027822971E0
2.181112017E1,9.933398962E-1,-2.378407568E-1,1.047169209E0
2.182111517E1,1.018297195E0,-2.696793675E-1,1.066268682E0
2.183111017E1,1.032491326E0,-3.129664063E-1,1.087153435E0
2.184110417E1,1.042567611E0,-3.684046566E-1,1.122488499E0
2.185109917E1,1.055948138E0,-4.267790914E-1,1.160665512E0
2.186109417E1,1.066169977E0,-4.900339544E-1,1.202533603E0
2.187108817E1,1.069870353E0,-5.502457023E-1,1.241047263E0
2.188108317E1,1.088048816E0,-6.055076122E-1,1.276442528E0
2.189107817E1,1.099225402E0,-6.496599317E-1,1.312914491E0
2.190107217E1,1.102829933E0,-6.720390320E-1,1.346742511E0
2.191106717E1,1.108283520E0,-6.812014580E-1,1.369376898E0
2.192106117E1,1.106507778E0,-6.795707941E-1,1.383973479E0
2.193105617E1,1.106971741E0,-6.736730337E-1,1.401146770E0
2.194105117E1,1.090282202E0,-6.561412215E-1,1.420893788E0
2.195104517E1,1.067323565E0,-6.468489766E-1,1.435735583E0
2.196104017E1,1.023990989E0,-6.514708996E-1,1.451516390E0
2.197103517E1,9.638859034E-1,-6.690460443E-1,1.449305415E0
2.198102917E1,8.936628699E-1,-6.893219948E-1,1.429772019E0
2.199102417E1,8.077557087E-1,-7.202098966E-1,1.412140846E0
2.200101917E1,7.277878523E-1,-7.178351879E-1,1.407194614E0
2.201101317E1,6.499851942E-1,-6.623408198E-1,1.413365960E0
2.202100817E1,5.519589782E-1,-5.580514073E-1,1.417473912E0
2.203100317E1,4.587907195E-1,-4.461219609E-1,1.420886517E0
2.204099717E1,3.623818755E-1,-3.418586552E-1,1.424340844E0
2.205099217E1,2.806641459E-1,-2.305691987E-1,1.425173283E0
2.206098717E1,1.983365268E-1,-1.206730753E-1,1.416809082E0
2.207098117E1,1.121832430E-1,-4.845161736E-2,1.386824012E0
2.208097617E1,2.753200196E-2,-3.886983171E-2,1.338086843E0
2.209097017E1,-6.425862014E-2,-1.081432104E-1,1.270807981E0
2.210096517E1,-1.722167730E-1,-2.562871277E-1,1.181966901E0
2.211096017E1,-2.995630503E-1,-4.714174271E-1,1.069712400E0
2.212095417E1,-4.518513978E-1,-7.312159538E-1,9.479169250E-1
2.213094917E1,-6.267320514E-1,-9.952934980E-1,8.253904581E-1
2.214094417E1,-8.266648650E-1,-1.240818381E0,7.010203004E-1
2.215093817E1,-1.046657443E0,-1.473352790E0,5.887885094E-1
2.216093317E1,-1.289614201E0,-1.684899926E0,4.872864485E-1
2.217092817E1,-1.566754699E0,-1.889346600E0,3.824029565E-1
2.218092217E1,-1.850141406E0,-2.097739697E0,2.777639031E-1
2.219091717E1,-2.125433683E0,-2.320718765E0,1.789726615E-1
2.220091217E1,-2.365695715E0,-2.563672066E0,9.067527950E-2
2.221090617E1,-2.540913343E0,-2.804055929E0,8.941538632E-3
2.222090117E1,-2.627533913E0,-3.019930124E0,-4.265641049E-2
2.223089517E1,-2.616435051E0,-3.202614307E0,-5.279276893E-2
2.224089017E1,-2.516621828E0,-3.335464239E0,-1.993948221E-2
2.225088517E1,-2.359430313E0,-3.411822319E0,4.179184884E-2
2.226087917E1,-2.141867161E0,-3.430392265E0,1.109379008E-1
2.227087417E1,-1.847329617E0,-3.359723091E0,1.741021425E-1
2.228086917E1,-1.470909119E0,-3.144909382E0,2.423264682E-1
2.229086317E1,-1.026573777E0,-2.752637625E0,3.092155159E-1
2.230085817E1,-5.630074739E-1,-2.207153320E0,3.686591387E-1
2.231085317E1,-1.279257685E-1,-1.535869241E0,3.992608190E-1
2.232084717E1,2.468129545E-1,-7.887257338E-1,3.990152776E-1
2.233084217E1,5.527102947E-1,-1.011972688E-2,3.846784532E-1
2.234083717E1,8.016026616E-1,7.484332323E-1,3.636189699E-1
2.235083117E1,9.859690070E-1,1.440294147E0,3.468465507E-1
2.236082617E1,1.128185034E0,2.032535791E0,3.324026465E-1
2.237082017E1,1.240454674E0,2.525865555E0,3.338383436E-1
2.238081517E1,1.351343870E0,2.906139374E0,3.537817001E-1
2.239081017E1,1.476097226E0,3.143864155E0,3.872112930E-1
2.240080417E1,1.610995650E0,3.193471670E0,4.174956977E-1
2.241079917E1,1.741961718E0,3.008729219E0,4.265806377E-1
2.242079417E1,1.841671467E0,2.614482164E0,4.147268832E-1
2.243078817E1,1.885864854E0,2.072410345E0,3.758152425E-1
2.244078317E1,1.847189546E0,1.487249851E0,3.114532828E-1
2.245077817E1,1.713411808E0,9.512889385E-1,2.508008778E-1
2.246077217E1,1.508667946E0,5.496149063E-1,1.977680922E-1
2.247076717E1,1.252474070E0,3.078324795E-1,1.554850042E-1
2.248076217E1,9.545429349E-1,2.307656407E-1,1.231630147E-1
2.249075617E1,6.478198171E-1,2.507771552E-1,1.017555743E-1
2.250075117E1,3.427176774E-1,2.959220111E-1,8.539524674E-2
2.251074517E1,4.285424948E-2,2.848407924E-1,5.811986700E-2
2.252074017E1,-2.535427809E-1,1.593643576E-1,2.038371749E-4
2.253073517E1,-5.441821218E-1,-9.346021712E-2,-8.921030164E-2
2.254072917E1,-8.150490522E-1,-4.565135241E-1,-1.942938268E-1
2.255072417E1,-1.074612856E0,-8.771981001E-1,-3.051873744E-1
2.256071917E1,-1.332657456E0,-1.315891504E0,-4.156350791E-1
2.257071317E1,-1.597646594E0,-1.713344097E0,-5.147901773E-1
2.258070817E1,-1.854570985E0,-2.042047977E0,-5.904732347E-1
2.259070317E1,-2.081284523E0,-2.277498245E0,-6.351169944E-1
2.260069717E1,-2.261216164E0,-2.407580376E0,-6.426106095E-1
2.261069217E1,-2.365436316E0,-2.440407038E0,-6.180972457E-1
2.262068717E1,-2.374444246E0,-2.388573647E0,-5.553454757E-1
2.263068117E1,-2.284586906E0,-2.258973122E0,-4.659160674E-1
2.264067658E1,-2.121036053E0,-2.078605175E0,-3.723219335E-1
2.265067158E1,-1.893278480E0,-1.877007842E0,-2.840683758E-1
2.266066558E1,-1.605451226E0,-1.668522000E0,-2.177002579E-1
2.267066058E1,-1.261998534E0,-1.458087921E0,-1.659661680E-1
2.268065458E1,-8.622426391E-1,-1.191536069E0,-1.203723252E-1
2.269064958E1,-4.458935857E-1,-8.447276354E-1,-9.023822844E-2
2.270064458E1,-4.298050329E-2,-4.158112109E-1,-7.026052475E-2
2.271063858E1,3.148913682E-1,8.999886364E-2,-5.256681144E-2
2.272063358E1,6.214842796E-1,6.521921754E-1,-2.208586968E-2
2.273062858E1,8.694288135E-1,1.224072576E0,2.019094862E-2
2.274062258E1,1.065543771E0,1.726469398E0,6.434003264E-2
2.275061758E1,1.213775873E0,2.119186401E0,1.055308431E-1
2.276061258E1,1.333317757E0,2.373250723E0,1.584265530E-1
2.277060658E1,1.434705019E0,2.474141836E0,2.090714723E-1
2.278060158E1,1.520041585E0,2.404022217E0,2.577910721E-1
2.279059658E1,1.587961197E0,2.185868025E0,2.861832082E-1
2.280059058E1,1.627174139E0,1.872948170E0,3.021283448E-1
2.281058558E1,1.635129809E0,1.515142441E0,3.112731576E-1
2.282057958E1,1.597041011E0,1.171520948E0,3.181728721E-1
2.283057458E1,1.520502329E0,8.924772739E-1,3.367334902E-1
2.284056958E1,1.398936987E0,7.043619156E-1,3.625712097E-1
2.285056358E1,1.232291818E0,5.988453627E-1,3.869103789E-1
2.286055858E1,1.043498755E0,5.412542224E-1,4.040915072E-1
2.287055358E1,8.323411345E-1,4.927898049E-1,4.079594910E-1
2.288054758E1,6.123925447E-1,4.133559763E-1,3.974815309E-1
2.289054258E1,3.784178495E-1,2.746217549E-1,3.681219220E-1
2.290053758E1,1.415797323E-1,5.501990393E-2,3.263752759E-1
2.291053158E1,-1.066742763E-1,-2.346320748E-1,2.572277188E-1
2.292052658E1,-3.640424311E-1,-5.709019303E-1,1.691836268E-1
2.293052158E1,-6.238812208E-1,-9.134344459E-1,6.778411567E-2
2.294051558E1,-8.711929917E-1,-1.230652571E0,-2.966467664E-2
2.295051058E1,-1.116252780E0,-1.501760364E0,-1.090808883E-1
2.296050558E1,-1.358705640E0,-1.714748502E0,-1.767113358E-1
2.297049958E1,-1.604093790E0,-1.868563890E0,-2.314095050E-1
2.298049458E1,-1.847137094E0,-1.972013474E0,-2.759093344E-1
2.299048858E1,-2.055200815E0,-2.035712242E0,-2.957566082E-1
2.300048358E1,-2.196247578E0,-2.058329344E0,-2.822759449E-1
2.301047858E1,-2.248549223E0,-2.048655510E0,-2.442221791E-1
2.302047258E1,-2.199199915E0,-2.002660990E0,-1.803997904E-1
2.303046758E1,-2.058457851E0,-1.914224505E0,-1.147690117E-1
2.304046258E1,-1.864084840E0,-1.790054679E0,-4.860597476E-2
2.305045658E1,-1.609579921E0,-1.637858510E0,1.055782661E-2
2.306045158E1,-1.289847493E0,-1.414271474E0,6.803549826E-2
2.307044658E1,-9.156829715E-1,-1.082579255E0,1.177932844E-1
2.308044058E1,-5.203902125E-1,-6.633737683E-1,1.448091865E-1
2.309043558E1,-1.532417685E-1,-2.151798457E-1,1.494160593E-1
2.310043058E1,1.669474244E-1,1.836916357E-1,1.440167576E-1
2.311042458E1,4.212017953E-1,4.904218614E-1,1.382893175E-1
2.312041958E1,6.310461164E-1,7.136583924E-1,1.304266155E-1
2.313041458E1,8.196210861E-1,9.186995625E-1,1.131188050E-1
2.314040858E1,9.984059930E-1,1.149931669E0,9.864638746E-2
2.315040358E1,1.174164891E0,1.422370315E0,1.043457389E-1
2.316039758E1,1.340306878E0,1.697308183E0,1.233753562E-1
2.317039258E1,1.494799018E0,1.945199728E0,1.528410316E-1
2.318038758E1,1.639275551E0,2.097549438E0,1.923221201E-1
2.319038158E1,1.765038133E0,2.122763395E0,2.202070057E-1
2.320037658E1,1.858861327E0,2.033402205E0,2.416888624E-1
2.321037158E1,1.904628396E0,1.856833339E0,2.557736337E-1
2.322036558E1,1.871813416E0,1.624477625E0,2.575553060E-1
2.323036058E1,1.754575729E0,1.361022711E0,2.524373829E-1
2.324035558E1,1.563681483E0,1.113611341E0,2.508426905E-1
2.325034958E1,1.314028740E0,9.002251029E-1,2.433530092E-1
2.326034458E1,1.025312781E0,7.187474966E-1,2.401508242E-1
2.327033958E1,7.219227552E-1,5.483425260E-1,2.394381166E-1
2.328033358E1,4.205599725E-1,3.687304258E-1,2.386697829E-1
2.329032858E1,1.324472129E-1,1.385303885E-1,2.157194018E-1
2.330032258E1,-1.472797692E-1,-1.537009329E-1,1.771184802E-1
2.331031758E1,-4.000028074E-1,-4.966809154E-1,1.292440146E-1
2.332031258E1,-6.493769884E-1,-8.662413359E-1,6.622030586E-2
2.333030658E1,-9.105582237E-1,-1.221928239E0,-4.596656188E-3
2.334030158E1,-1.174481750E0,-1.540156484E0,-8.081925660E-2
2.335029658E1,-1.438497066E0,-1.789636731E0,-1.502882242E-1
2.336029058E1,-1.679836273E0,-1.979490638E0,-2.045698315E-1
2.337028558E1,-1.888400674E0,-2.094009399E0,-2.432483137E-1
2.338028058E1,-2.054445267E0,-2.132320881E0,-2.553265691E-1
2.339027458E1,-2.164209843E0,-2.109827518E0,-2.468982637E-1
2.340026958E1,-2.210995913E0,-2.028996468E0,-2.113778293E-1
2.341026458E1,-2.177787781E0,-1.899040222E0,-1.560410559E-1
2.342025858E1,-2.083427429E0,-1.743604302E0,-1.100629121E-1
2.343025358E1,-1.932052016E0,-1.599318385E0,-8.004251122E-2
2.344024858E1,-1.719339728E0,-1.488878489E0,-5.278558657E-2
2.345024258E1,-1.422338605E0,-1.376724005E0,-2.100808918E-2
2.346023758E1,-1.051666856E0,-1.196313500E0,1.456188969E-2
2.347023158E1,-6.493273973E-1,-9.406185150E-1,3.572010249E-2
2.348022658E1,-2.480537444E-1,-5.965623856E-1,3.370701522E-2
2.349022158E1,1.313236356E-1,-1.763905287E-1,3.021825105E-2
2.350021558E1,4.584125280E-1,3.287509382E-1,2.035310306E-2
2.351021058E1,7.385629416E-1,8.863273263E-1,1.955631748E-2
2.352020558E1,9.637151361E-1,1.433650017E0,2.458596416E-2
2.353019958E1,1.158441782E0,1.926739216E0,3.350843117E-2
2.354019458E1,1.326790810E0,2.318681717E0,6.158001348E-2
2.355018958E1,1.486515760E0,2.593111992E0,1.071020663E-1
2.356018358E1,1.645012259E0,2.717917442E0,1.546986103E-1
2.357017858E1,1.797056675E0,2.680114746E0,1.957825422E-1
2.358017358E1,1.931171060E0,2.502295971E0,2.174028903E-1
2.359016758E1,2.034190655E0,2.222856045E0,2.271749526E-1
2.360016258E1,2.086246014E0,1.900293112E0,2.255006284E-1
2.361015758E1,2.055658340E0,1.589192986E0,2.174239606E-1
2.362015158E1,1.913175225E0,1.321028709E0,2.065984756E-1
2.363014658E1,1.656469941E0,1.111379027E0,1.875411719E-1
2.364014054E1,1.328395963E0,9.605935216E-1,1.798747331E-1
2.365013554E1,9.755464792E-1,8.478423953E-1,1.917987168E-1
2.366013054E1,6.331960559E-1,7.326875925E-1,2.099151313E-1
2.367012454E1,3.181057572E-1,5.733932257E-1,2.146764845E-1
2.368011954E1,2.058726735E-2,3.522888124E-1,1.899090856E-1
2.369011454E1,-2.589043081E-1,3.866148368E-2,1.434657574E-1
2.370010854E1,-5.313150287E-1,-3.515523374E-1,7.913231105E-2
2.371010354E1,-7.894717455E-1,-7.750102878E-1,1.546743885E-2
2.372009854E1,-1.045436502E0,-1.201213837E0,-4.690272734E-2
2.373009254E1,-1.317318082E0,-1.584613800E0,-1.135473326E-1
2.374008754E1,-1.595948339E0,-1.896305919E0,-1.805868149E-1
2.375008254E1,-1.844010234E0,-2.133265018E0,-2.390113622E-1
2.376007654E1,-2.035785913E0,-2.277858734E0,-2.660650909E-1
2.377007154E1,-2.144417524E0,-2.322063446E0,-2.559986711E-1
2.378006654E1,-2.157560349E0,-2.269358635E0,-2.229017317E-1
2.379006054E1,-2.089198351E0,-2.125058413E0,-1.809414029E-1
2.380005554E1,-1.965162754E0,-1.919473171E0,-1.443173438E-1
2.381004954E1,-1.797638655E0,-1.707403898E0,-1.156615317E-1
2.382004454E1,-1.587889910E0,-1.494661808E0,-9.681674093E-2
2.383003954E1,-1.332354307E0,-1.261340022E0,-8.603603393E-2
2.384003354E1,-1.028363228E0,-9.743502736E-1,-7.981222868E-2
2.385002854E1,-6.925430894E-1,-6.151149273E-1,-7.678486407E-2
2.386002354E1,-3.404947519E-1,-1.960386038E-1,-8.679088950E-2
2.387001754E1,-1.282334095E-3,2.804519534E-1,-9.306339175E-2
2.388001254E1,3.109908700E-1,7.752209306E-1,-8.808247745E-2
2.389000754E1,5.754457116E-1,1.256605744E0,-6.967998296E-2
2.390000154E1,7.886143923E-1,1.669649243E0,-5.774849281E-2
2.390999654E1,9.590008259E-1,1.978883505E0,-3.733865917E-2
2.391999154E1,1.119591594E0,2.176830292E0,1.226989552E-4
2.392998554E1,1.278236151E0,2.273478031E0,5.121116713E-2
2.393998054E1,1.437873483E0,2.280541658E0,9.048239887E-2
2.394997554E1,1.586906075E0,2.238158941E0,1.079524979E-1
2.395996954E1,1.717109084E0,2.152030706E0,1.317896396E-1
2.396996454E1,1.812544227E0,2.044860840E0,1.516806185E-1
2.397995854E1,1.865154147E0,1.928877473E0,1.767763793E-1
2.398995354E1,1.854047537E0,1.815898895E0,1.882185638E-1
2.399994854E1,1.772412300E0,1.709343672E0,2.026038915E-1
2.400994254E1,1.630425572E0,1.596607208E0,2.076415718E-1
2.401993754E1,1.433248281E0,1.469476938E0,2.188779712E-1
2.402993254E1,1.195855737E0,1.305212975E0,2.209275365E-1
2.403992654E1,9.414662719E-1,1.094191551E0,2.137926817E-1
2.404992154E1,7.034451962E-1,8.409204483E-1,1.941838861E-1
2.405991654E1,4.749156535E-1,5.501312613E-1,1.652646214E-1
2.406991054E1,2.461844534E-1,2.301604301E-1,1.261502355E-1
2.407990554E1,9.389756247E-3,-1.101830453E-1,7.380447537E-2
2.408990054E1,-2.207960635E-1,-4.655235112E-1,1.445739716E-2
2.409989454E1,-4.445284903E-1,-8.198565841E-1,-3.373489901E-2
2.410988954E1,-6.558254957E-1,-1.156023026E0,-7.767203450E-2
2.411988454E1,-8.514381647E-1,-1.468628883E0,-1.160452589E-1
2.412987854E1,-1.040667415E0,-1.730911493E0,-1.524913609E-1
2.413987354E1,-1.231659770E0,-1.921706676E0,-1.992434263E-1
2.414986754E1,-1.431398153E0,-2.040349483E0,-2.404694855E-1
2.415986254E1,-1.626774311E0,-2.091987133E0,-2.625018358E-1
2.416985754E1,-1.807365537E0,-2.086187363E0,-2.565306127E-1
2.417985154E1,-1.956506848E0,-2.027208328E0,-2.374242842E-1
2.418984654E1,-2.054098129E0,-1.936860323E0,-2.093034387E-1
2.419984154E1,-2.109637260E0,-1.831126928E0,-1.842425615E-1
2.420983554E1,-2.125707865E0,-1.721550822E0,-1.743569672E-1
2.421983054E1,-2.105021477E0,-1.614910126E0,-1.694474220E-1
2.422982554E1,-2.060416222E0,-1.509144306E0,-1.703861654E-1
2.423981954E1,-2.005573511E0,-1.407018423E0,-1.750480235E-1
2.424981454E1,-1.917256236E0,-1.298721433E0,-1.687229574E-1
2.425980954E1,-1.797602296E0,-1.162845016E0,-1.549264491E-1
2.426980354E1,-1.655358315E0,-9.871059060E-1,-1.450463384E-1
2.427979854E1,-1.500245214E0,-7.670497298E-1,-1.458570063E-1
2.428979354E1,-1.336729169E0,-4.918169081E-1,-1.563184857E-1
2.429978754E1,-1.181375861E0,-1.809956580E-1,-1.630190015E-1
2.430978254E1,-1.032290578E0,1.635199785E-1,-1.668502092E-1
2.431977654E1,-8.989612460E-1,5.115767121E-1,-1.748578101E-1
2.432977154E1,-7.673789859E-1,8.266757131E-1,-1.834364831E-1
2.433976654E1,-6.436559558E-1,1.087199926E0,-1.944782138E-1
2.434976054E1,-5.212384462E-1,1.270001531E0,-2.062493265E-1
2.435975554E1,-4.129340649E-1,1.378702760E0,-2.090549618E-1
2.436975054E1,-3.243317902E-1,1.417406559E0,-2.068211436E-1
2.437974454E1,-2.592960596E-1,1.410885096E0,-2.038615644E-1
2.438973954E1,-2.289743274E-1,1.373270273E0,-2.017554343E-1
2.439973454E1,-2.205821872E-1,1.322935462E0,-1.965268552E-1
2.440972854E1,-2.297874093E-1,1.271706462E0,-1.877569407E-1
2.441972354E1,-2.487347424E-1,1.222702265E0,-1.783200353E-1
2.442971854E1,-2.683050036E-1,1.180536389E0,-1.715829521E-1
2.443971254E1,-2.837521136E-1,1.134094119E0,-1.681477427E-1
2.444970754E1,-3.015806675E-1,1.082561255E0,-1.665132195E-1
2.445970254E1,-3.186001182E-1,1.017884493E0,-1.659789830E-1
2.446969654E1,-3.445616663E-1,9.456304908E-1,-1.693866551E-1
2.447969154E1,-3.809412718E-1,8.579901457E-1,-1.794701815E-1
2.448968654E1,-4.162374437E-1,7.675904036E-1,-1.925808936E-1
2.449968054E1,-4.449116886E-1,6.803457737E-1,-2.037773430E-1
2.450967554E1,-4.557734132E-1,5.967610478E-1,-2.099836767E-1
2.451966954E1,-4.592424631E-1,5.289186239E-1,-2.283922434E-1
2.452966454E1,-4.560461342E-1,4.806819558E-1,-2.455414534E-1
2.453965954E1,-4.430043697E-1,4.497756958E-1,-2.647116780E-1
2.454965354E1,-4.281692207E-1,4.328450263E-1,-2.840284705E-1
2.455964854E1,-4.078098834E-1,4.235796332E-1,-3.009560406E-1
2.456964354E1,-3.899933398E-1,4.254206121E-1,-3.208350539E-1
2.457963754E1,-3.706766367E-1,4.378988445E-1,-3.353618085E-1
2.458963254E1,-3.455992341E-1,4.477104843E-1,-3.496861458E-1
2.459962754E1,-3.183061182E-1,4.565377831E-1,-3.595827222E-1
2.460962154E1,-2.919501364E-1,4.634074271E-1,-3.700627983E-1
2.461961654E1,-2.560792267E-1,4.676698148E-1,-3.772410750E-1
2.462961154E1,-2.151307017E-1,4.742020667E-1,-3.831975162E-1
2.463960446E1,-1.800387651E-1,4.766322076E-1,-3.870942593E-1
2.464959946E1,-1.446426809E-1,4.779924154E-1,-3.951717317E-1
2.465959446E1,-1.155921146E-1,4.844585657E-1,-4.092217684E-1
2.466958846E1,-8.738874644E-2,4.875587821E-1,-4.305630922E-1
2.467958346E1,-7.172109932E-2,4.923996031E-1,-4.555853605E-1
2.468957746E1,-6.574996561E-2,5.042449236E-1,-4.846055508E-1
2.469957246E1,-6.341490895E-2,5.160225034E-1,-5.159230232E-1
2.470956746E1,-6.512497365E-2,5.317988992E-1,-5.366510153E-1
2.471956146E1,-6.762168556E-2,5.574041009E-1,-5.502483249E-1
2.472955646E1,-6.780198216E-2,5.985255241E-1,-5.480840206E-1
2.473955146E1,-7.231843472E-2,6.530393362E-1,-5.491471291E-1
2.474954546E1,-6.804939359E-2,7.184439898E-1,-5.444262028E-1
2.475954046E1,-6.537291408E-2,7.883239985E-1,-5.320633054E-1
2.476953546E1,-5.470722169E-2,8.602536917E-1,-5.200097561E-1
2.477952946E1,-4.479919747E-2,9.284961820E-1,-5.068414807E-1
2.478952446E1,-3.438117355E-2,9.724382758E-1,-4.936542809E-1
2.479951946E1,-2.687904611E-2,1.004450798E0,-4.863622785E-1
2.480951346E1,-1.702003554E-2,1.007467866E0,-4.739216864E-1
2.481950846E1,-1.078770496E-2,9.927763343E-1,-4.618831277E-1
2.482950346E1,-1.437882660E-3,9.596570134E-1,-4.506718218E-1
2.483949746E1,9.862974286E-3,9.131156206E-1,-4.468965232E-1
2.484949246E1,2.087382041E-2,8.656612039E-1,-4.438852370E-1
2.485948746E1,3.366072103E-2,8.196891546E-1,-4.379610419E-1
2.486948146E1,4.025550559E-2,7.797284126E-1,-4.403517544E-1
2.487947646E1,4.902103543E-2,7.542792559E-1,-4.422463179E-1
2.488947146E1,5.730161443E-2,7.412742972E-1,-4.428403676E-1
2.489946546E1,6.711030006E-2,7.346600294E-1,-4.436089396E-1
2.490946046E1,6.821682304E-2,7.362354398E-1,-4.409962893E-1
2.491945446E1,7.131887972E-2,7.337850928E-1,-4.346015155E-1
2.492944946E1,7.641908526E-2,7.352107763E-1,-4.303797483E-1
2.493944446E1,8.180746436E-2,7.318772674E-1,-4.292654991E-1
2.494943846E1,8.504826576E-2,7.224764228E-1,-4.352119565E-1
2.495943346E1,8.971732110E-2,7.075281143E-1,-4.364069402E-1
2.496942846E1,9.394109994E-2,6.912314892E-1,-4.339788556E-1
2.497942246E1,9.837925434E-2,6.731196046E-1,-4.221512377E-1
2.498941746E1,1.060627475E-1,6.514858007E-1,-4.132351875E-1
2.499941246E1,1.065165550E-1,6.264039278E-1,-3.981544971E-1
2.500940646E1,1.112207621E-1,5.997688174E-1,-3.899199963E-1
2.501940146E1,1.126719043E-1,5.799493790E-1,-3.858660161E-1
2.502939646E1,1.042113304E-1,5.537254214E-1,-3.844822347E-1
2.503939046E1,9.854385257E-2,5.250349045E-1,-3.799982667E-1
2.504938546E1,9.245159477E-2,4.985416234E-1,-3.745285869E-1
2.505938046E1,8.485891670E-2,4.788406491E-1,-3.633851111E-1
2.506937446E1,7.024537027E-2,4.557456970E-1,-3.540237248E-1
2.507936946E1,5.523179844E-2,4.323833883E-1,-3.518388569E-1
2.508936446E1,4.439458996E-2,4.171404243E-1,-3.436870277E-1
2.509935846E1,3.136054799E-2,4.060249329E-1,-3.179627359E-1
2.510935346E1,1.965354569E-2,3.953864276E-1,-2.906252444E-1
2.511934746E1,1.503908727E-2,3.829862177E-1,-2.655627728E-1
2.512934246E1,4.119405057E-4,3.492528200E-1,-2.280484438E-1
2.513933746E1,-5.297876894E-3,3.144514263E-1,-1.924869865E-1
2.514933146E1,-1.337843761E-2,2.707496583E-1,-1.653357595E-1
2.515932646E1,-1.960517466E-2,2.246261239E-1,-1.446243525E-1
2.516932146E1,-2.376370504E-2,1.833701432E-1,-1.316702515E-1
2.517931546E1,-2.256288566E-2,1.460637897E-1,-1.239771843E-1
2.518931046E1,-3.445922583E-2,1.165556908E-1,-1.280837804E-1
2.519930546E1,-4.196640849E-2,9.148176014E-2,-1.335472465E-1
2.520929946E1,-4.752068967E-2,8.158519119E-2,-1.417565942E-1
2.521929446E1,-5.521296710E-2,7.804425061E-2,-1.468051523E-1
2.522928946E1,-6.002102792E-2,7.563520968E-2,-1.449384540E-1
2.523928346E1,-6.098935381E-2,7.809916139E-2,-1.405823082E-1
2.524927846E1,-6.016457081E-2,7.296717912E-2,-1.363699585E-1
2.525927346E1,-6.433641165E-2,6.295369565E-2,-1.251708418E-1
2.526926746E1,-5.960504711E-2,5.219576880E-2,-1.149300039E-1
2.527926246E1,-5.664600804E-2,4.314129055E-2,-1.068315953E-1
2.528925746E1,-5.620979518E-2,3.612658754E-2,-9.682942927E-2
2.529925146E1,-5.363771319E-2,2.330213599E-2,-7.933220267E-2
2.530924646E1,-5.073059350E-2,1.450930443E-2,-6.020520255E-2
2.531924146E1,-4.823521152E-2,1.069539133E-2,-4.250610247E-2
2.532923546E1,-4.827036336E-2,2.331697382E-3,-2.867841907E-2
2.533923046E1,-4.958702996E-2,-1.015639771E-2,-1.977520622E-2
2.534922446E1,-5.222781748E-2,-1.866903715E-2,-1.003624313E-2
2.535921946E1,-5.482067168E-2,-2.561828867E-2,-7.221814245E-3
2.536921446E1,-5.905644223E-2,-3.665155172E-2,-7.086997852E-3
2.537920846E1,-6.054834649E-2,-4.943365976E-2,-1.308843214E-2
2.538920346E1,-6.244903803E-2,-6.068239361E-2,-1.306682918E-2
2.539919846E1,-6.364666671E-2,-7.141973078E-2,-1.687674597E-2
2.540919246E1,-6.229190901E-2,-7.800324261E-2,-9.700780734E-3
2.541918746E1,-6.032729521E-2,-8.201529086E-2,-2.805323806E-3
2.542918246E1,-5.285767838E-2,-8.561833948E-2,4.078429192E-4
2.543917646E1,-5.337672681E-2,-8.867618442E-2,-9.572934359E-4
2.544917146E1,-4.996467382E-2,-9.268453717E-2,-6.122891791E-4
2.545916646E1,-4.958650470E-2,-9.169889987E-2,1.033023000E-4
2.546916046E1,-4.639576748E-2,-8.829156309E-2,-2.314236481E-3
2.547915546E1,-4.373793304E-2,-8.102379739E-2,-4.820803646E-3
2.548915046E1,-4.299623147E-2,-7.177147269E-2,-6.225228310E-3
2.549914446E1,-4.265641421E-2,-5.783222616E-2,-1.536572911E-2
2.550913946E1,-3.957062587E-2,-4.903255031E-2,-2.489397489E-2
2.551913446E1,-3.381926566E-2,-4.138448462E-2,-3.230794892E-2
2.552912846E1,-3.190179914E-2,-4.066745937E-2,-3.683388233E-2
2.553912346E1,-2.807137370E-2,-4.369547591E-2,-3.479149938E-2
2.554911846E1,-2.623776533E-2,-5.141938105E-2,-2.941240184E-2
2.555911246E1,-2.636426687E-2,-6.086161733E-2,-2.232493088E-2
2.556910746E1,-2.657359466E-2,-7.171578705E-2,-1.563323662E-2
2.557910146E1,-2.416929230E-2,-8.207654953E-2,-9.067481384E-3
2.558909646E1,-2.577651106E-2,-8.998019993E-2,-6.737513002E-3
2.559909146E1,-2.814060077E-2,-9.430091083E-2,-6.849463098E-4
2.560908546E1,-3.183786944E-2,-9.254186600E-2,-2.833576873E-4
2.561908046E1,-3.204745799E-2,-8.408286422E-2,6.848854013E-3
2.562907546E1,-3.103999235E-2,-7.366945595E-2,6.340377964E-3
2.563906946E1,-3.096089326E-2,-6.393346936E-2,7.572089788E-3
2.564906442E1,-2.604655549E-2,-4.986904189E-2,5.862716585E-3
2.565905942E1,-2.463215031E-2,-3.646535054E-2,2.096474171E-3
2.566905342E1,-1.842537336E-2,-2.291578799E-2,-4.447834566E-3
2.567904842E1,-1.734732650E-2,-8.017266169E-3,-6.069166586E-3
2.568904342E1,-1.645596139E-2,4.066450521E-3,-3.258418292E-3
2.569903742E1,-1.632759720E-2,1.130865142E-2,8.708131500E-4
2.570903242E1,-1.856253855E-2,1.650651917E-2,4.899717867E-3
2.571902742E1,-2.269842848E-2,1.276930608E-2,6.367918104E-3
2.572902142E1,-2.983757667E-2,1.042932458E-2,7.882819511E-3
2.573901642E1,-2.852250822E-2,5.371183623E-3,7.279706188E-4
2.574901142E1,-2.809557691E-2,-4.688084591E-3,-2.023809124E-3
2.575900542E1,-2.553015389E-2,-1.403311640E-2,-1.153221354E-3
2.576900042E1,-2.212719060E-2,-2.988575399E-2,-9.891740046E-4
2.577899542E1,-1.955963671E-2,-3.385572881E-2,2.443640493E-3
2.578898942E1,-1.726956107E-2,-4.084445164E-2,7.586191408E-3
2.579898442E1,-1.638379507E-2,-4.350228608E-2,1.280891709E-2
2.580897842E1,-1.312593929E-2,-4.243222252E-2,1.250995696E-2
2.581897342E1,-1.205588132E-2,-4.007665813E-2,1.376057696E-2
2.582896842E1,-1.620084234E-2,-4.029063508E-2,1.725393534E-2
2.583896242E1,-1.782057621E-2,-4.212741926E-2,2.283192612E-2
2.584895742E1,-2.096364461E-2,-4.339090362E-2,2.758425660E-2
2.585895242E1,-2.209256031E-2,-5.224245042E-2,3.233001009E-2
2.586894642E1,-2.137963846E-2,-6.452902406E-2,3.882218897E-2
2.587894142E1,-2.508010156E-2,-8.063769341E-2,4.549420625E-2
2.588893642E1,-2.447847277E-2,-9.286881238E-2,5.005057529E-2
2.589893042E1,-2.546810359E-2,-1.027970761E-1,4.927213490E-2
2.590892542E1,-2.246433496E-2,-1.113129929E-1,5.126456916E-2
2.591892042E1,-2.204488963E-2,-1.119164675E-1,4.774520174E-2
2.592891442E1,-2.136870660E-2,-1.117602885E-1,3.858718649E-2
2.593890942E1,-1.775506325E-2,-1.048107669E-1,2.963097580E-2
2.594890442E1,-1.064682379E-2,-9.976982325E-2,1.845657080E-2
2.595889842E1,-5.264841020E-3,-8.585667610E-2,1.006867923E-2
2.596889342E1,-1.421376015E-3,-6.224136800E-2,1.290749852E-2
2.597888842E1,4.945709370E-3,-3.772324324E-2,1.408914290E-2
2.598888242E1,1.082438976E-2,-1.611487381E-2,1.929770783E-2
2.599887742E1,7.850704715E-3,1.786895562E-3,1.919437945E-2
2.600887142E1,5.556116346E-3,1.305708196E-2,2.047286555E-2
2.601886642E1,5.224020220E-3,1.242138539E-2,2.226384170E-2
2.602886142E1,1.889748033E-3,6.886390038E-3,2.557714470E-2
2.603885542E1,1.501192804E-3,-2.719365526E-3,3.030452132E-2
2.604885042E1,-2.664249856E-3,-1.493573561E-2,3.512865305E-2
2.605884542E1,-3.916468471E-3,-2.319393121E-2,3.344792873E-2
2.606883942E1,-7.877664641E-3,-2.686617151E-2,3.677863255E-2
2.607883442E1,-4.392385483E-3,-1.852382161E-2,4.284131899E-2
2.608882942E1,-4.213167820E-3,-1.947137993E-3,5.869389325E-2
2.609882342E1,-3.050697967E-3,1.651149802E-2,7.444462925E-2
2.610881842E1,-4.882934038E-3,3.347718343E-2,9.224222600E-2
2.611881342E1,-3.599024378E-3,4.184190556E-2,1.025475860E-1
2.612880742E1,-9.094729088E-3,4.206602275E-2,1.045614108E-1
2.613880242E1,-8.546117693E-3,2.939044125E-2,1.003195271E-1
2.614879742E1,-1.417949423E-2,8.119286969E-3,9.802424908E-2
2.615879142E1,-2.141929790E-2,-5.277479067E-3,1.008003280E-1
2.616878642E1,-2.918560617E-2,-1.322305668E-2,1.074811444E-1
2.617878142E1,-4.602051154E-2,-2.044634894E-2,1.223847270E-1
2.618877542E1,-7.319834828E-2,-3.111939505E-2,1.356332600E-1
2.619877042E1,-9.644401819E-2,-4.714097455E-2,1.418280452E-1
2.620876442E1,-1.155210212E-1,-7.437539846E-2,1.481444389E-1
2.621875942E1,-1.341711432E-1,-1.261507124E-1,1.573400646E-1
2.622875442E1,-1.507309675E-1,-2.043296099E-1,1.675753891E-1
2.623874842E1,-1.601053029E-1,-2.929801345E-1,1.771417558E-1
2.624874342E1,-1.731502265E-1,-3.835014999E-1,1.875501573E-1
2.625873842E1,-1.773926467E-1,-4.740101099E-1,2.031797171E-1
2.626873242E1,-1.859677732E-1,-5.598153472E-1,2.268965542E-1
2.627872742E1,-2.023491412E-1,-6.226620078E-1,2.528740764E-1
2.628872242E1,-2.271514386E-1,-6.701697111E-1,2.752500772E-1
2.629871642E1,-2.538408637E-1,-7.046706676E-1,3.072868288E-1
2.630871142E1,-2.731668651E-1,-7.322168946E-1,3.308109045E-1
2.631870642E1,-2.943943739E-1,-7.693299055E-1,3.525992930E-1
2.632870042E1,-3.189785480E-1,-8.286619782E-1,3.862334490E-1
2.633869542E1,-3.400081992E-1,-8.994058967E-1,4.236346185E-1
2.634869042E1,-3.726529777E-1,-9.766656756E-1,4.505940080E-1
2.635868442E1,-4.012286961E-1,-1.046856999E0,4.680166841E-1
2.636867942E1,-4.203594923E-1,-1.120392442E0,4.682542384E-1
2.637867442E1,-4.358191490E-1,-1.206662655E0,4.758525193E-1
2.638866842E1,-4.574480057E-1,-1.298938870E0,4.699332714E-1
2.639866342E1,-4.683811069E-1,-1.397834539E0,4.664125741E-1
2.640865842E1,-4.778819084E-1,-1.495562911E0,4.732186496E-1
2.641865242E1,-4.827072918E-1,-1.580609322E0,4.997868538E-1
2.642864742E1,-4.835123718E-1,-1.665334225E0,5.329717398E-1
2.643864142E1,-4.795029759E-1,-1.735928297E0,5.615000129E-1
2.644863642E1,-4.719212353E-1,-1.787416935E0,5.795916915E-1
2.645863142E1,-4.625759423E-1,-1.826491117E0,5.876293778E-1
2.646862542E1,-4.433894455E-1,-1.854922533E0,5.887986422E-1
2.647862042E1,-4.126507044E-1,-1.870528579E0,5.989940166E-1
2.648861542E1,-3.807846606E-1,-1.893274546E0,6.197707653E-1
2.649860942E1,-3.458693027E-1,-1.916801691E0,6.466668248E-1
2.650860442E1,-3.055527508E-1,-1.945887208E0,6.694254279E-1
2.651859942E1,-2.598598301E-1,-1.966670513E0,6.898108721E-1
2.652859342E1,-2.135232389E-1,-1.964653730E0,7.034826279E-1
2.653858842E1,-1.704727113E-1,-1.944647312E0,7.194980979E-1
2.654858342E1,-1.282235235E-1,-1.881618500E0,7.311991453E-1
2.655857742E1,-9.143114835E-2,-1.788948536E0,7.354716659E-1
2.656857242E1,-4.952763394E-2,-1.664226651E0,7.509983182E-1
2.657856742E1,-5.975896958E-3,-1.604551435E0,7.793558836E-1
2.658856142E1,3.217601031E-2,-1.508926511E0,7.974173427E-1
2.659855642E1,6.733665615E-2,-1.452670693E0,8.079461455E-1
2.660855142E1,1.023068950E-1,-1.408908010E0,8.020217419E-1
2.661854542E1,1.455430537E-1,-1.388763309E0,7.951742411E-1
2.662854042E1,2.022404224E-1,-1.372490764E0,7.914306521E-1
2.663853542E1,2.596256733E-1,-1.372938991E0,7.931577563E-1
2.664852979E1,3.275522590E-1,-1.377257824E0,7.918916941E-1
2.665852479E1,3.968043029E-1,-1.362173676E0,7.847687602E-1
2.666851979E1,4.617300332E-1,-1.315219283E0,7.697484493E-1
2.667851379E1,5.329594612E-1,-1.237659335E0,7.518956661E-1
2.668850879E1,6.033204794E-1,-1.131166577E0,7.335000038E-1
2.669850379E1,6.777885556E-1,-1.003099680E0,7.045551538E-1
2.670849779E1,7.379105091E-1,-8.712735176E-1,6.708176732E-1
2.671849279E1,7.953926921E-1,-7.322330475E-1,6.340932250E-1
2.672848679E1,8.492647409E-1,-6.029652953E-1,5.943351388E-1
2.673848179E1,9.026808143E-1,-4.881614149E-1,5.463857055E-1
2.674847679E1,9.543133974E-1,-4.091466963E-1,4.899007380E-1
2.675847079E1,9.953026175E-1,-3.385662735E-1,4.330851138E-1
2.676846579E1,1.032080770E0,-2.758226395E-1,3.632022440E-1
2.677846079E1,1.054215431E0,-2.258015573E-1,2.932050526E-1
2.678845479E1,1.068961859E0,-1.771732718E-1,2.189108431E-1
2.679844979E1,1.073427677E0,-1.398602575E-1,1.494715810E-1
2.680844479E1,1.077127218E0,-1.033955589E-1,8.173955977E-2
2.681843879E1,1.073795915E0,-6.230751052E-2,1.748654246E-2
2.682843379E1,1.065322638E0,-1.798484102E-2,-4.743993655E-2
2.683842879E1,1.048951149E0,2.841435000E-2,-1.183093190E-1
2.684842279E1,1.019539237E0,8.357523382E-2,-1.877575815E-1
2.685841779E1,9.852691293E-1,1.298314035E-1,-2.485162616E-1
2.686841279E1,9.450855255E-1,1.635912657E-1,-2.954834104E-1
2.687840679E1,9.094505310E-1,1.684057415E-1,-3.402855098E-1
2.688840179E1,8.783139586E-1,1.613567173E-1,-3.777177334E-1
2.689839679E1,8.395111561E-1,1.491783559E-1,-4.147862494E-1
2.690839079E1,8.012532592E-1,1.454002410E-1,-4.416820109E-1
2.691838579E1,7.548926473E-1,1.545532644E-1,-4.593299627E-1
2.692837979E1,7.077201009E-1,1.717029959E-1,-4.764437377E-1
2.693837479E1,6.651982069E-1,2.040960938E-1,-4.944618642E-1
2.694836979E1,6.184024811E-1,2.412996143E-1,-5.072816610E-1
2.695836379E1,5.709912777E-1,2.781659961E-1,-5.212501884E-1
2.696835879E1,5.180076957E-1,3.064820766E-1,-5.366781950E-1
2.697835379E1,4.693482816E-1,3.280424774E-1,-5.544134974E-1
2.698834779E1,4.164741337E-1,3.439696431E-1,-5.689454675E-1
2.699834279E1,3.614346087E-1,3.542127013E-1,-5.849068761E-1
2.700833779E1,3.083626330E-1,3.434754312E-1,-5.949860811E-1
2.701833179E1,2.554738522E-1,3.182364106E-1,-6.079809666E-1
2.702832679E1,1.959558725E-1,2.864966094E-1,-6.182177663E-1
2.703832179E1,1.268638819E-1,2.560774684E-1,-6.266197562E-1
2.704831579E1,5.850747600E-2,2.303016186E-1,-6.274234056E-1
2.705831079E1,-1.750206947E-2,2.072687447E-1,-6.240153909E-1
2.706830579E1,-9.664936364E-2,1.904379725E-1,-6.221153140E-1
2.707829979E1,-1.725955307E-1,1.605834067E-1,-6.184968948E-1
2.708829479E1,-2.479749620E-1,1.242770702E-1,-6.109425426E-1
2.709828979E1,-3.214028180E-1,8.763357252E-2,-5.987769365E-1
2.710828379E1,-3.956048787E-1,5.623704195E-2,-5.856077671E-1
2.711827879E1,-4.654873013E-1,2.496806905E-2,-5.731492043E-1
2.712827379E1,-5.276063085E-1,1.257577911E-3,-5.705127716E-1
2.713826779E1,-5.951758027E-1,-2.043040656E-2,-5.634149313E-1
2.714826279E1,-6.652417183E-1,-4.175473750E-2,-5.409522653E-1
2.715825679E1,-7.367874980E-1,-6.352154911E-2,-5.105077624E-1
2.716825179E1,-8.096784949E-1,-8.811343461E-2,-4.771671593E-1
2.717824679E1,-8.749539256E-1,-1.115023792E-1,-4.539092481E-1
2.718824079E1,-9.381920099E-1,-1.306556910E-1,-4.347961843E-1
2.719823579E1,-9.880985618E-1,-1.604540646E-1,-4.114775360E-1
2.720823079E1,-1.034817696E0,-1.931289583E-1,-3.777925670E-1
2.721822479E1,-1.074386120E0,-2.254986167E-1,-3.427008688E-1
2.722821979E1,-1.099999428E0,-2.436322272E-1,-3.045839369E-1
2.723821479E1,-1.121994495E0,-2.414103597E-1,-2.673609555E-1
2.724820879E1,-1.142554760E0,-2.223005891E-1,-2.278004438E-1
2.725820379E1,-1.157097459E0,-1.951941401E-1,-1.906746477E-1
2.726819879E1,-1.170623183E0,-1.661639512E-1,-1.442441940E-1
2.727819279E1,-1.168530464E0,-1.409813613E-1,-8.927015960E-2
2.728818779E1,-1.163725019E0,-1.216572970E-1,-3.431327641E-2
2.729818279E1,-1.144093513E0,-1.042897552E-1,1.571447030E-2
2.730817679E1,-1.119121671E0,-8.606552333E-2,6.190025061E-2
2.731817179E1,-1.092484951E0,-6.878986210E-2,1.082365885E-1
2.732816679E1,-1.064004302E0,-5.951044708E-2,1.563198566E-1
2.733816079E1,-1.030564904E0,-6.521493196E-2,2.099668384E-1
2.734815579E1,-9.961612821E-1,-8.542898297E-2,2.649106979E-1
2.735815079E1,-9.534154534E-1,-1.180891916E-1,3.233455122E-1
2.736814479E1,-9.053131938E-1,-1.429931670E-1,3.785447776E-1
2.737813979E1,-8.428133726E-1,-1.511573493E-1,4.240467548E-1
2.738813479E1,-7.778207064E-1,-1.474967450E-1,4.601806998E-1
2.739812879E1,-7.040407658E-1,-1.361516714E-1,4.944835305E-1
2.740812379E1,-6.300235391E-1,-1.306777298E-1,5.259367824E-1
2.741811879E1,-5.580356121E-1,-1.393686980E-1,5.515105724E-1
2.742811279E1,-4.954007268E-1,-1.667798012E-1,5.792078972E-1
2.743810779E1,-4.312355816E-1,-2.058020383E-1,6.037260294E-1
2.744810279E1,-3.656563461E-1,-2.624865472E-1,6.187816262E-1
2.745809679E1,-2.943861485E-1,-3.256447315E-1,6.271231771E-1
2.746809179E1,-2.216323167E-1,-3.873910010E-1,6.329441071E-1
2.747808679E1,-1.514969021E-1,-4.429581165E-1,6.397700906E-1
2.748808079E1,-7.610148191E-2,-4.887776375E-1,6.589454412E-1
2.749807579E1,-4.184683785E-3,-5.147801638E-1,6.821802258E-1
2.750806979E1,6.240606308E-2,-5.201796293E-1,7.006532550E-1
2.751806479E1,1.236571670E-1,-5.048949122E-1,7.109168172E-1
2.752805979E1,1.805755645E-1,-4.707637131E-1,7.150775790E-1
2.753805379E1,2.408471704E-1,-4.318314791E-1,7.071336508E-1
2.754804879E1,2.929875851E-1,-3.912025094E-1,6.999182701E-1
2.755804379E1,3.388594687E-1,-3.665416241E-1,6.843440533E-1
2.756803779E1,3.812569976E-1,-3.547406197E-1,6.618915200E-1
2.757803279E1,4.155587852E-1,-3.617525399E-1,6.432784796E-1
2.758802779E1,4.501207471E-1,-3.746962845E-1,6.152440310E-1
2.759802179E1,4.874819815E-1,-3.843571842E-1,5.859671235E-1
2.760801679E1,5.231097341E-1,-3.765750825E-1,5.524295568E-1
2.761801179E1,5.529014468E-1,-3.566823304E-1,5.138992071E-1
2.762800579E1,5.830329657E-1,-3.201365769E-1,4.670304656E-1
2.763800079E1,6.084821224E-1,-2.861764729E-1,4.152553976E-1
2.764799567E1,6.303550005E-1,-2.570406199E-1,3.566047847E-1
2.765798967E1,6.509460211E-1,-2.346010953E-1,2.967001796E-1
2.766798467E1,6.692080498E-1,-2.183548361E-1,2.302743793E-1
2.767797967E1,6.871335506E-1,-1.994479895E-1,1.637345105E-1
2.768797367E1,7.000073195E-1,-1.771124750E-1,9.745830297E-2
2.769796867E1,7.085789442E-1,-1.564455479E-1,2.724219672E-2
2.770796367E1,7.179533243E-1,-1.310388595E-1,-4.826098680E-2
2.771795767E1,7.291415334E-1,-1.119844839E-1,-1.324959695E-1
2.772795267E1,7.452240586E-1,-9.102860838E-2,-2.115453482E-1
2.773794767E1,7.647069693E-1,-6.838614494E-2,-2.929888070E-1
2.774794167E1,7.911103368E-1,-3.449939564E-2,-3.732159734E-1
2.775793667E1,8.159672022E-1,5.270121153E-3,-4.576251209E-1
2.776793167E1,8.362639546E-1,5.644980446E-2,-5.434880257E-1
2.777792567E1,8.626119494E-1,1.106925309E-1,-6.190539002E-1
2.778792067E1,8.925008178E-1,1.743704826E-1,-6.812924147E-1
2.779791567E1,9.171896577E-1,2.524067163E-1,-7.308394313E-1
2.780790967E1,9.393445253E-1,3.281904757E-1,-7.690792084E-1
2.781790467E1,9.535724521E-1,4.054032564E-1,-8.017471433E-1
2.782789967E1,9.586915374E-1,4.839579761E-1,-8.246338964E-1
2.783789367E1,9.583559632E-1,5.620061755E-1,-8.392592072E-1
2.784788867E1,9.519721270E-1,6.367599368E-1,-8.377515078E-1
2.785788367E1,9.422265291E-1,7.103508115E-1,-8.313167691E-1
2.786787767E1,9.269003272E-1,7.779876590E-1,-8.239330053E-1
2.787787267E1,9.083964229E-1,8.352482915E-1,-8.136127591E-1
2.788786767E1,8.807643056E-1,8.797585964E-1,-8.047386408E-1
2.789786167E1,8.574914932E-1,9.150867462E-1,-7.931200862E-1
2.790785667E1,8.245527148E-1,9.419075847E-1,-7.696543932E-1
2.791785167E1,7.870732546E-1,9.564015865E-1,-7.415478826E-1
2.792784567E1,7.403608561E-1,9.654825330E-1,-7.103974819E-1
2.793784067E1,6.887820959E-1,9.570642710E-1,-6.760453582E-1
2.794783567E1,6.238935590E-1,9.361324906E-1,-6.459740996E-1
2.795782967E1,5.557403564E-1,8.991987109E-1,-6.149123311E-1
2.796782467E1,4.827886820E-1,8.535028100E-1,-5.865818858E-1
2.797781967E1,4.114599228E-1,7.998193502E-1,-5.718148947E-1
2.798781367E1,3.387942314E-1,7.398512959E-1,-5.552129149E-1
2.799780867E1,2.719054818E-1,6.780387759E-1,-5.346269608E-1
2.800780367E1,2.053325772E-1,6.184834838E-1,-5.046441555E-1
2.801779767E1,1.411432028E-1,5.617781281E-1,-4.745083451E-1
2.802779267E1,7.097662985E-2,4.993743300E-1,-4.553448558E-1
2.803778767E1,-5.565546453E-3,4.394611716E-1,-4.400188923E-1
2.804778167E1,-8.531257510E-2,3.714443445E-1,-4.299840927E-1
2.805777667E1,-1.676370054E-1,2.980135381E-1,-4.107859135E-1
2.806777167E1,-2.427205592E-1,2.271484435E-1,-3.902174234E-1
2.807776667E1,-3.196331859E-1,1.565057039E-1,-3.668969274E-1
2.808776067E1,-3.852031529E-1,9.738792479E-2,-3.441326618E-1
2.809775567E1,-4.456973672E-1,4.312335327E-2,-3.146048486E-1
2.810775067E1,-4.993302524E-1,-4.974537063E-3,-2.873901129E-1
2.811774467E1,-5.503516793E-1,-3.938071430E-2,-2.599257231E-1
2.812773967E1,-5.981466174E-1,-6.589899212E-2,-2.297782749E-1
2.813773467E1,-6.457279921E-1,-8.689428866E-2,-1.983929127E-1
2.814772867E1,-6.875746846E-1,-1.017913520E-1,-1.665679812E-1
2.815772367E1,-7.291535735E-1,-1.132037938E-1,-1.361658573E-1
2.816771867E1,-7.636157274E-1,-1.289428622E-1,-1.118651479E-1
2.817771267E1,-7.845146060E-1,-1.443393975E-1,-8.118873090E-2
2.818770767E1,-8.008805513E-1,-1.613733172E-1,-4.316408187E-2
2.819770267E1,-8.138626814E-1,-1.728518009E-1,4.140199162E-4
2.820769667E1,-8.246787786E-1,-1.836687922E-1,4.276096076E-2
2.821769167E1,-8.346533775E-1,-1.952753812E-1,7.821135968E-2
2.822768667E1,-8.443403244E-1,-2.118770778E-1,1.034680083E-1
2.823768067E1,-8.455867171E-1,-2.263750583E-1,1.305800527E-1
2.824767567E1,-8.495026827E-1,-2.368209809E-1,1.628148258E-1
2.825767067E1,-8.513010740E-1,-2.441699654E-1,2.044248581E-1
2.826766467E1,-8.443643451E-1,-2.526637614E-1,2.507812679E-1
2.827765967E1,-8.331080079E-1,-2.554033697E-1,2.987884879E-1
2.828765467E1,-8.176680207E-1,-2.576110959E-1,3.476110101E-1
2.829764867E1,-8.050009608E-1,-2.671121955E-1,3.910359740E-1
2.830764367E1,-7.839761376E-1,-2.839444876E-1,4.365793467E-1
2.831763867E1,-7.680546641E-1,-3.012984395E-1,4.771187901E-1
2.832763267E1,-7.443436980E-1,-3.248297870E-1,5.227228403E-1
2.833762767E1,-7.230490446E-1,-3.460365236E-1,5.728517771E-1
2.834762267E1,-6.959139109E-1,-3.776596487E-1,6.347615123E-1
2.835761667E1,-6.755018234E-1,-4.094713628E-1,6.901645660E-1
2.836761167E1,-6.523957253E-1,-4.495254755E-1,7.421704531E-1
2.837760667E1,-6.259441376E-1,-5.057256818E-1,7.813825607E-1
2.838760067E1,-6.040825248E-1,-5.576442480E-1,8.121027946E-1
2.839759567E1,-5.871623755E-1,-5.928104520E-1,8.594697714E-1
2.840759067E1,-5.642507076E-1,-6.055613160E-1,9.177148342E-1
2.841758467E1,-5.449145436E-1,-6.089379787E-1,9.764106274E-1
2.842757967E1,-5.222731233E-1,-6.093050241E-1,1.031242132E0
2.843757467E1,-4.988998771E-1,-6.250818372E-1,1.086095214E0
2.844756867E1,-4.722586870E-1,-6.640267372E-1,1.134340286E0
2.845756367E1,-4.519630075E-1,-7.184500098E-1,1.185093164E0
2.846755867E1,-4.458388090E-1,-7.768873572E-1,1.233114481E0
2.847755267E1,-4.424763024E-1,-8.435345292E-1,1.277156830E0
2.848754767E1,-4.379955232E-1,-9.063018560E-1,1.313405991E0
2.849754267E1,-4.499587119E-1,-9.625859261E-1,1.336004615E0
2.850753667E1,-4.628963470E-1,-9.959574342E-1,1.357950211E0
2.851753167E1,-4.730443060E-1,-1.001203299E0,1.389605045E0
2.852752667E1,-4.715018272E-1,-1.002562761E0,1.441155314E0
2.853752067E1,-4.672599435E-1,-1.023501277E0,1.485396862E0
2.854751567E1,-4.448488951E-1,-1.067506313E0,1.529452801E0
2.855751067E1,-4.231577218E-1,-1.125723481E0,1.581603050E0
2.856750467E1,-4.091822505E-1,-1.206125140E0,1.631338596E0
2.857749967E1,-4.054703414E-1,-1.300635934E0,1.659110069E0
2.858749467E1,-3.961548507E-1,-1.372348547E0,1.655415654E0
2.859748867E1,-3.858007491E-1,-1.390950680E0,1.636801243E0
2.860748367E1,-3.822046816E-1,-1.352572799E0,1.632352233E0
2.861747867E1,-3.865323365E-1,-1.276189446E0,1.632011890E0
2.862747267E1,-3.958997428E-1,-1.171773911E0,1.635635018E0
2.863746767E1,-4.119101167E-1,-1.061555266E0,1.635121465E0
2.864746317E1,-4.283136129E-1,-9.587429762E-1,1.635778904E0
2.865745717E1,-4.386016428E-1,-8.794311285E-1,1.628157258E0
2.866745217E1,-4.540003240E-1,-8.383191228E-1,1.612339735E0
2.867744717E1,-4.611266851E-1,-8.216528296E-1,1.589515686E0
2.868744117E1,-4.699928761E-1,-8.257795572E-1,1.567543507E0
2.869743617E1,-4.792574644E-1,-8.444834352E-1,1.543672562E0
2.870743117E1,-4.841877818E-1,-8.778364062E-1,1.511532903E0
2.871742517E1,-4.763264060E-1,-9.088680744E-1,1.463626266E0
2.872742017E1,-4.581034482E-1,-9.206200242E-1,1.406471729E0
2.873741517E1,-4.366151989E-1,-9.089873433E-1,1.362300992E0
2.874741017E1,-4.102459252E-1,-8.909049034E-1,1.320254326E0
2.875740417E1,-3.742359877E-1,-8.736284375E-1,1.284703493E0
2.876739917E1,-3.362241387E-1,-8.511487842E-1,1.255327582E0
2.877739317E1,-2.998515069E-1,-8.395150304E-1,1.231459498E0
2.878738817E1,-2.662591934E-1,-8.298314810E-1,1.207752109E0
2.879738317E1,-2.337513119E-1,-8.252260685E-1,1.167847753E0
2.880737817E1,-1.999241114E-1,-8.198838830E-1,1.112804294E0
2.881737217E1,-1.639946103E-1,-8.065062761E-1,1.061412692E0
2.882736717E1,-1.302739233E-1,-7.857686281E-1,1.015644312E0
2.883736217E1,-1.092189625E-1,-7.712929845E-1,9.734568596E-1
2.884735617E1,-8.460870385E-2,-7.468876243E-1,9.386055470E-1
2.885735117E1,-7.073043287E-2,-7.371619940E-1,9.131641388E-1
2.886734617E1,-5.437649041E-2,-7.393472195E-1,8.879372478E-1
2.887734017E1,-3.650800884E-2,-7.388846278E-1,8.476907611E-1
2.888733517E1,-2.440687642E-2,-7.442474961E-1,8.108367920E-1
2.889733017E1,-8.585301228E-3,-7.332577109E-1,7.756274343E-1
2.890732417E1,-2.899450716E-3,-6.994785666E-1,7.428732514E-1
2.891731917E1,3.173621837E-3,-6.595106721E-1,7.192603350E-1
2.892731417E1,1.688107266E-3,-6.057060957E-1,6.991650462E-1
2.893730817E1,-2.490392420E-3,-5.473834276E-1,6.807421446E-1
2.894730317E1,-8.230030537E-3,-4.999911785E-1,6.627904773E-1
2.895729817E1,-1.311266981E-2,-4.806033671E-1,6.379245520E-1
2.896729217E1,-1.378432754E-2,-4.753178656E-1,6.150552630E-1
2.897728717E1,-1.442694850E-2,-4.717303216E-1,6.007138491E-1
2.898728217E1,-1.825470477E-2,-4.789613783E-1,5.915012956E-1
2.899727617E1,-1.652764343E-2,-4.810951054E-1,5.798033476E-1
2.900727117E1,-1.510019414E-2,-4.814605713E-1,5.693314672E-1
2.901726617E1,-1.090784557E-2,-4.714747965E-1,5.611198545E-1
2.902726017E1,-8.615396917E-3,-4.589347243E-1,5.537833571E-1
2.903725517E1,-9.779730812E-3,-4.459901750E-1,5.378608704E-1
2.904725017E1,-8.008194156E-3,-4.287002981E-1,5.074127316E-1
2.905724417E1,-1.064871810E-2,-4.105407596E-1,4.781539440E-1
2.906723917E1,-1.035390794E-2,-3.857170343E-1,4.562203586E-1
2.907723417E1,-9.580525570E-3,-3.526837230E-1,4.308550954E-1
2.908722817E1,-7.534950506E-3,-3.200025558E-1,4.087034762E-1
2.909722317E1,-3.348461119E-3,-2.825563848E-1,3.955841959E-1
2.910721817E1,1.339768292E-3,-2.477771342E-1,3.789570630E-1
2.911721217E1,3.014364047E-3,-2.160751373E-1,3.627940714E-1
2.912720717E1,3.995202947E-3,-1.921547055E-1,3.438101709E-1
2.913720217E1,2.274801023E-3,-1.898811609E-1,3.247248828E-1
2.914719617E1,9.312486509E-4,-1.890923828E-1,2.991957963E-1
2.915719117E1,-7.023879793E-3,-1.826017350E-1,2.701620162E-1
2.916718617E1,-9.439109825E-3,-1.789016277E-1,2.391000688E-1
2.917718017E1,-1.196858007E-2,-1.676668227E-1,2.105078399E-1
2.918717517E1,-1.577876881E-2,-1.396472454E-1,1.892469525E-1
2.919717017E1,-1.830397733E-2,-1.093010604E-1,1.823030263E-1
2.920716417E1,-2.231015638E-2,-8.270419389E-2,1.774107963E-1
2.921715917E1,-1.732498594E-2,-6.385514140E-2,1.682913452E-1
2.922715417E1,-1.507701725E-2,-5.903856084E-2,1.555751711E-1
2.923714817E1,-1.078746375E-2,-6.016321480E-2,1.407451034E-1
2.924714317E1,-1.284740865E-2,-6.236045808E-2,1.248459220E-1
2.925713817E1,-1.650339551E-2,-5.767276138E-2,1.140590534E-1
2.926713217E1,-1.156777516E-2,-5.551870912E-2,9.900128096E-2
2.927712717E1,-8.101404645E-3,-4.023829103E-2,8.780854940E-2
2.928712217E1,-5.657225847E-4,-2.728314884E-2,8.054453880E-2
2.929711617E1,5.353951827E-3,-1.103999652E-2,7.160218060E-2
2.930711117E1,7.337214425E-3,5.150131416E-3,7.897686213E-2
2.931710617E1,7.987026125E-3,9.795216843E-3,8.474527299E-2
2.932710017E1,7.727095392E-3,8.804246783E-3,8.561255038E-2
2.933709517E1,7.431484293E-3,-3.895037575E-3,8.174191415E-2
2.934709017E1,-9.342971258E-3,-2.713043988E-2,6.967666745E-2
2.935708417E1,-2.937686816E-2,-6.030756608E-2,4.207087681E-2
2.936707917E1,-5.223478377E-2,-7.571518421E-2,-7.569007576E-4
2.937707417E1,-7.550095767E-2,-7.274842262E-2,-4.302100092E-2
2.938706817E1,-8.973155171E-2,-4.269672558E-2,-7.700221241E-2
2.939706317E1,-9.683926404E-2,1.942913979E-3,-9.896024317E-2
2.940705817E1,-9.898364544E-2,5.771862343E-2,-1.155667827E-1
2.941705217E1,-8.183501661E-2,1.002290696E-1,-1.149246916E-1
2.942704717E1,-6.055742502E-2,1.265574694E-1,-1.133080944E-1
2.943704217E1,-3.606006876E-2,1.269417554E-1,-9.608809650E-2
2.944703617E1,-3.237142228E-3,1.124003232E-1,-7.163041085E-2
2.945703117E1,1.925325207E-2,7.574298978E-2,-4.852082580E-2
2.946702617E1,3.322180361E-2,2.741635405E-2,-3.465875983E-2
2.947702017E1,4.776212946E-2,-2.092747763E-2,-2.275389805E-2
2.948701517E1,4.906281456E-2,-6.376431882E-2,-1.836319081E-2
2.949701017E1,5.249110237E-2,-8.832558990E-2,-1.340385154E-2
2.950700417E1,4.540230706E-2,-8.806678653E-2,-1.168597676E-2
2.951699917E1,3.477922454E-2,-6.819321215E-2,-8.645445108E-3
2.952699417E1,2.260723524E-2,-3.913612291E-2,-7.581146434E-3
2.953698817E1,1.612696610E-2,-1.597940736E-2,-8.807657287E-5
2.954698317E1,1.467795391E-2,1.451956108E-3,6.367152557E-3
2.955697817E1,1.414159313E-2,1.049019210E-2,1.142795756E-2
2.956697217E1,1.239082310E-2,1.128657907E-2,1.524917409E-2
2.957696717E1,1.272291876E-2,7.048157509E-3,2.095712721E-2
2.958696217E1,1.293276809E-2,-2.149925800E-3,2.887956798E-2
2.959695617E1,1.193195209E-2,-1.442203857E-2,3.550471365E-2
2.960695117E1,4.096130840E-3,-2.539453842E-2,3.786204010E-2
2.961694617E1,-3.595611081E-3,-3.414941579E-2,4.229034483E-2
2.962694017E1,-9.873467498E-3,-3.648877889E-2,3.786185384E-2
2.963693517E1,-1.648982614E-2,-3.154755011E-2,3.936946765E-2
2.964692942E1,-2.184971049E-2,-2.221832052E-2,4.156799242E-2
2.965692342E1,-2.465029061E-2,-1.038536429E-2,3.677989542E-2
2.966691842E1,-2.756326087E-2,1.086529810E-3,3.300313279E-2
2.967691342E1,-2.907220647E-2,1.370725036E-2,3.203400970E-2
2.968690742E1,-2.875101939E-2,1.852334291E-2,3.015626408E-2
2.969690242E1,-2.966208570E-2,1.246624999E-2,2.643343061E-2
2.970689742E1,-2.964584343E-2,9.874038398E-3,2.584376000E-2
2.971689142E1,-2.285850979E-2,1.499727834E-3,2.276834287E-2
2.972688642E1,-2.200310491E-2,-3.433136037E-3,1.683450677E-2
2.973688142E1,-2.251682803E-2,-8.345603012E-3,1.659002900E-2
2.974687542E1,-1.850823499E-2,-1.610969938E-2,1.689290814E-2
2.975687042E1,-1.978735067E-2,-1.803356782E-2,1.618131064E-2
2.976686542E1,-1.796335727E-2,-2.190737426E-2,2.080230601E-2
2.977685942E1,-1.729517058E-2,-2.190204710E-2,2.203508466E-2
2.978685442E1,-1.715961471E-2,-2.270826139E-2,2.218078822E-2
2.979684942E1,-1.644908264E-2,-2.555810846E-2,2.253206074E-2
2.980684342E1,-1.338245440E-2,-3.034453467E-2,2.238289267E-2
2.981683842E1,-1.389058586E-2,-3.319491819E-2,2.307238616E-2
2.982683342E1,-1.182742603E-2,-2.817076817E-2,1.710362546E-2
2.983682742E1,-1.172888931E-2,-2.907065302E-2,1.565433294E-2
2.984682242E1,-1.194221899E-2,-2.576355822E-2,1.709888503E-2
2.985681742E1,-1.648024470E-2,-2.412944287E-2,1.982169971E-2
2.986681142E1,-1.572309807E-2,-2.861209214E-2,2.479591221E-2
2.987680642E1,-1.198322047E-2,-3.066512384E-2,1.684531197E-2
2.988680142E1,-1.182609703E-2,-2.743136510E-2,1.542046107E-2
2.989679542E1,-9.222856723E-3,-2.473358437E-2,1.337009296E-2
2.990679042E1,-1.168442331E-2,-1.663058624E-2,1.555587910E-2
2.991678542E1,-1.578036509E-2,-3.936097492E-3,1.563843712E-2
2.992677942E1,-2.155516483E-2,3.034873400E-3,1.562719233E-2
2.993677442E1,-1.583283022E-2,4.161923658E-3,1.554170437E-2
2.994676942E1,-1.946244203E-2,2.538406756E-3,1.757047698E-2
2.995676342E1,-1.488127373E-2,1.420943998E-3,1.475152001E-2
2.996675842E1,-2.151813172E-2,1.589911990E-4,1.074112765E-2
2.997675342E1,-1.850716211E-2,2.333462238E-3,1.033606194E-2
2.998674742E1,-2.252056077E-2,7.348624989E-3,1.217202283E-2
2.999674242E1,-2.351711504E-2,8.579538204E-3,1.677556150E-2
3.000673742E1,-2.079189755E-2,9.853530675E-3,1.965990104E-2
3.001673142E1,-1.848133840E-2,1.296383701E-2,2.077443339E-2
3.002672642E1,-1.713857055E-2,1.318184100E-2,2.509146370E-2
3.003672142E1,-1.545252372E-2,1.662264392E-2,2.181763947E-2
3.004671542E1,-1.170252636E-2,1.555414684E-2,1.759973913E-2
3.005671042E1,-1.192569919E-2,1.665563136E-2,1.280178968E-2
3.006670542E1,-6.526674144E-3,2.153354883E-2,1.313092560E-2
3.007669942E1,-5.762612447E-3,2.123900317E-2,8.165728301E-3
3.008669442E1,-1.018994953E-5,2.408644557E-2,6.962939166E-3
3.009668942E1,-1.996109262E-3,2.462067641E-2,6.649751216E-3
3.010668342E1,5.034908187E-3,2.372902445E-2,1.022543199E-2
3.011667842E1,3.750465577E-3,1.904718578E-2,1.095194276E-2
3.012667342E1,5.201355554E-3,1.014157571E-2,1.202572882E-2
3.013666742E1,7.441606838E-3,-1.643178519E-3,9.058968164E-3
3.014666242E1,8.648546413E-3,-8.511747234E-3,2.549297642E-3
3.015665742E1,9.458146989E-3,-1.302287541E-2,9.567271918E-4
3.016665142E1,9.350028820E-3,-1.098341681E-2,2.057517413E-3
3.017664642E1,5.741444882E-3,-6.461636163E-3,2.282554749E-3
3.018664142E1,5.306015722E-3,1.342867501E-3,-1.442987472E-3
3.019663542E1,6.979279686E-3,1.913316548E-3,2.595696365E-3
3.020663042E1,7.992873900E-3,2.145836595E-3,5.131171085E-3
3.021662542E1,1.038226113E-2,5.556633696E-4,3.665101249E-3
3.022661942E1,1.379804499E-2,-5.011695903E-4,-9.658774361E-4
3.023661442E1,1.198416576E-2,-2.259654691E-3,-8.976666257E-3
3.024660942E1,1.184567716E-2,4.043469671E-3,-1.943099685E-2
3.025660342E1,1.420284063E-2,1.589080878E-2,-2.913821861E-2
3.026659842E1,1.483747177E-2,3.435556591E-2,-4.032349586E-2
3.027659342E1,1.778505743E-2,5.424911529E-2,-5.135324225E-2
3.028658742E1,2.018777467E-2,7.670334727E-2,-6.444514543E-2
3.029658242E1,2.232549340E-2,1.003668606E-1,-7.685866952E-2
3.030657742E1,2.887765318E-2,1.287824661E-1,-9.040407836E-2
3.031657142E1,3.181591630E-2,1.528310776E-1,-1.037257463E-1
3.032656642E1,3.220767900E-2,1.710202098E-1,-1.204874665E-1
3.033656142E1,3.623464331E-2,1.869342029E-1,-1.429307163E-1
3.034655542E1,4.861195013E-2,2.079990059E-1,-1.736465544E-1
3.035655042E1,6.372405589E-2,2.337815911E-1,-2.168177217E-1
3.036654542E1,8.194726706E-2,2.764049172E-1,-2.642781436E-1
3.037653942E1,1.084731445E-1,3.240944147E-1,-3.197736144E-1
3.038653442E1,1.195793226E-1,3.881310523E-1,-3.737471700E-1
3.039652942E1,1.197497621E-1,4.469459057E-1,-4.178594947E-1
3.040652342E1,1.094840840E-1,5.067228079E-1,-4.528868198E-1
3.041651842E1,1.026541367E-1,5.481203198E-1,-4.890471995E-1
3.042651342E1,9.166328609E-2,5.868549943E-1,-5.366707444E-1
3.043650742E1,7.878051698E-2,6.077248454E-1,-5.984502435E-1
3.044650242E1,6.440980732E-2,6.173975468E-1,-6.781629920E-1
3.045649742E1,4.451253638E-2,6.287522316E-1,-7.605934143E-1
3.046649142E1,2.395054139E-2,6.265965104E-1,-8.500989079E-1
3.047648642E1,-1.237763744E-2,6.187814474E-1,-9.291902184E-1
3.048648142E1,-5.696827173E-2,6.057054996E-1,-1.002766490E0
3.049647542E1,-7.880379260E-2,5.964043736E-1,-1.073558807E0
3.050647042E1,-7.996973395E-2,5.817664862E-1,-1.143815160E0
3.051646542E1,-6.895489991E-2,5.799949765E-1,-1.214190841E0
3.052645942E1,-5.435864627E-2,5.988981128E-1,-1.279833913E0
3.053645442E1,-2.561488189E-2,6.033149958E-1,-1.338681221E0
3.054644942E1,-8.117911406E-3,6.433858871E-1,-1.381765962E0
3.055644342E1,3.812250914E-3,6.679695249E-1,-1.403358340E0
3.056643842E1,7.013101131E-3,6.802774668E-1,-1.428895235E0
3.057643342E1,1.567742974E-2,6.727838516E-1,-1.468774796E0
3.058642742E1,3.342499956E-2,6.388154030E-1,-1.519363046E0
3.059642242E1,4.957014695E-2,5.959320664E-1,-1.571452379E0
3.060641742E1,7.379401475E-2,5.683819652E-1,-1.630889535E0
3.061641142E1,9.491580725E-2,5.617059469E-1,-1.693714857E0
3.062640642E1,1.039297953E-1,5.429489017E-1,-1.751840591E0
3.063640142E1,1.051228940E-1,5.648214817E-1,-1.799080729E0
3.064639617E1,1.027803794E-1,6.141886711E-1,-1.841143131E0
3.065639117E1,9.091546386E-2,6.028443575E-1,-1.890704870E0
3.066638617E1,9.534962475E-2,5.878393054E-1,-1.948562026E0
3.067638017E1,1.041396484E-1,5.614561439E-1,-2.011223555E0
3.068637517E1,1.204848066E-1,5.242046714E-1,-2.081537485E0
3.069637017E1,1.424079388E-1,4.891117215E-1,-2.155644655E0
3.070636417E1,1.683455557E-1,4.643435478E-1,-2.220034361E0
3.071635917E1,1.890380383E-1,4.424923062E-1,-2.272087336E0
3.072635417E1,2.187535763E-1,4.323663116E-1,-2.322593451E0
3.073634817E1,2.512936890E-1,4.345293045E-1,-2.376472950E0
3.074634317E1,2.880769968E-1,4.577949643E-1,-2.426644325E0
3.075633817E1,3.349313140E-1,4.962334335E-1,-2.464911222E0
3.076633217E1,3.924902081E-1,5.563961864E-1,-2.498650789E0
3.077632717E1,4.633340240E-1,6.254479289E-1,-2.525967360E0
3.078632217E1,5.354871154E-1,7.091339827E-1,-2.546734095E0
3.079631617E1,6.098465323E-1,7.961064577E-1,-2.551440716E0
3.080631117E1,6.892966032E-1,8.795354962E-1,-2.539422989E0
3.081630617E1,7.671325803E-1,9.480586648E-1,-2.519831657E0
3.082630017E1,8.393158913E-1,1.006625414E0,-2.502499580E0
3.083629517E1,9.153581858E-1,1.059297681E0,-2.484998703E0
3.084629017E1,9.919022918E-1,1.090699434E0,-2.449039459E0
3.085628417E1,1.063052058E0,1.105996132E0,-2.388750076E0
3.086627917E1,1.120998144E0,1.112859845E0,-2.315819502E0
3.087627417E1,1.168210387E0,1.118384361E0,-2.242608070E0
3.088626817E1,1.192933559E0,1.134145737E0,-2.158489943E0
3.089626317E1,1.193974137E0,1.152911663E0,-2.065678120E0
3.090625817E1,1.176966906E0,1.169042110E0,-1.958568811E0
3.091625217E1,1.137218475E0,1.177456856E0,-1.834849596E0
3.092624717E1,1.084330201E0,1.164578080E0,-1.697637439E0
3.093624217E1,1.015832067E0,1.127928138E0,-1.562573195E0
3.094623617E1,9.404761195E-1,1.071640372E0,-1.426319480E0
3.095623117E1,8.636737466E-1,9.905737638E-1,-1.292287588E0
3.096622617E1,7.768549919E-1,8.949858546E-1,-1.166703463E0
3.097622017E1,6.840416789E-1,7.849230170E-1,-1.035487056E0
3.098621517E1,5.813706517E-1,6.650424600E-1,-9.016293287E-1
3.099621017E1,4.748578072E-1,5.427857637E-1,-7.538529038E-1
3.100620417E1,3.498234451E-1,4.278627038E-1,-6.090482473E-1
3.101619917E1,2.312986702E-1,3.158845305E-1,-4.650753438E-1
3.102619417E1,1.177276298E-1,2.105302513E-1,-3.356865048E-1
3.103618817E1,1.193728484E-2,1.074547321E-1,-2.176464200E-1
3.104618317E1,-1.020822227E-1,1.551567949E-2,-1.117974594E-1
3.105617817E1,-2.194005996E-1,-6.686627865E-2,-2.166969702E-2
3.106617217E1,-3.327284753E-1,-1.422398239E-1,6.661897898E-2
3.107616717E1,-4.415034354E-1,-2.112473845E-1,1.407944113E-1
3.108616217E1,-5.459920168E-1,-2.807247341E-1,1.938115507E-1
3.109615617E1,-6.419904232E-1,-3.448943794E-1,2.345848233E-1
3.110615117E1,-7.235245109E-1,-4.002925158E-1,2.729075253E-1
3.111614617E1,-7.992184758E-1,-4.375490844E-1,3.079161048E-1
3.112614017E1,-8.832840919E-1,-4.623878002E-1,3.440786004E-1
3.113613517E1,-9.666063786E-1,-4.784418643E-1,3.999581337E-1
3.114613017E1,-1.046598434E0,-4.892749488E-1,4.737690091E-1
3.115612417E1,-1.121681213E0,-4.939117730E-1,5.420881510E-1
3.116611917E1,-1.185150146E0,-4.898476303E-1,5.924926996E-1
3.117611417E1,-1.225304484E0,-4.892013073E-1,6.406540871E-1
3.118610817E1,-1.255633116E0,-4.951439798E-1,6.761108041E-1
3.119610317E1,-1.253578782E0,-5.111844540E-1,7.110866308E-1
3.120609817E1,-1.239960909E0,-5.358477235E-1,7.588071227E-1
3.121609217E1,-1.210284829E0,-5.712640285E-1,8.325942755E-1
3.122608717E1,-1.174802184E0,-5.968526006E-1,9.352787733E-1
3.123608217E1,-1.128940940E0,-6.136054993E-1,1.048943162E0
3.124607617E1,-1.061701536E0,-6.198999286E-1,1.138069272E0
3.125607117E1,-9.711995721E-1,-6.210286021E-1,1.188071132E0
3.126606617E1,-8.714372516E-1,-5.976523757E-1,1.220059752E0
3.127606017E1,-7.557474375E-1,-5.671743751E-1,1.248511910E0
3.128605517E1,-6.444054246E-1,-5.280602574E-1,1.267010570E0
3.129605017E1,-5.419791937E-1,-4.847721756E-1,1.280907273E0
3.130604417E1,-4.473956823E-1,-4.381125867E-1,1.294413090E0
3.131603917E1,-3.657932281E-1,-4.012690783E-1,1.304499269E0
3.132603417E1,-3.007947803E-1,-3.724362850E-1,1.311294556E0
3.133602817E1,-2.657321393E-1,-3.635421097E-1,1.299609661E0
3.134602317E1,-2.405935079E-1,-3.717406988E-1,1.267333746E0
3.135601817E1,-2.285733372E-1,-3.932201564E-1,1.209162593E0
3.136601217E1,-2.192549407E-1,-4.316394031E-1,1.134871125E0
3.137600717E1,-2.131083608E-1,-4.894217551E-1,1.064928770E0
3.138600217E1,-1.996151805E-1,-5.523830056E-1,1.011513710E0
3.139599617E1,-1.910563111E-1,-6.162245870E-1,9.730134606E-1
3.140599117E1,-1.771924347E-1,-6.692539454E-1,9.368488193E-1
3.141598617E1,-1.655882448E-1,-7.112778425E-1,8.865028024E-1
3.142598017E1,-1.518695056E-1,-7.389339209E-1,8.162798285E-1
3.143597517E1,-1.405020654E-1,-7.584947944E-1,7.330981493E-1
3.144597017E1,-1.252418756E-1,-7.529004216E-1,6.438269019E-1
3.145596517E1,-1.125050485E-1,-7.313189507E-1,5.583618283E-1
3.146595917E1,-1.016864851E-1,-7.014045715E-1,4.733893573E-1
3.147595417E1,-8.734349906E-2,-6.442049146E-1,3.893322647E-1
3.148594917E1,-6.993654370E-2,-5.733265877E-1,3.015467227E-1
3.149594317E1,-5.662952363E-2,-4.856062829E-1,2.107851207E-1
3.150593817E1,-4.589752480E-2,-3.876487911E-1,1.235349402E-1
3.151593317E1,-3.737221286E-2,-2.856369615E-1,3.635876253E-2
3.152592717E1,-3.011270426E-2,-1.795743257E-1,-5.561035499E-2
3.153592217E1,-2.568812855E-2,-8.804574609E-2,-1.507959813E-1
3.154591717E1,-2.092186548E-2,-1.404329017E-2,-2.469481975E-1
3.155591117E1,-1.018533111E-2,5.167713389E-2,-3.382189870E-1
3.156590617E1,5.763004534E-3,1.162093133E-1,-4.228463769E-1
3.157590117E1,1.497674268E-2,1.950319558E-1,-5.033212304E-1
3.158589517E1,1.193487830E-2,2.728845775E-1,-5.835509300E-1
3.159589017E1,9.357471019E-3,3.389648199E-1,-6.706296206E-1
3.160588517E1,8.753730915E-3,3.842464983E-1,-7.746522427E-1
3.161587917E1,1.209093817E-2,4.142166674E-1,-8.844597340E-1
3.162587417E1,3.864212707E-2,4.323904812E-1,-9.928205013E-1
3.163586917E1,7.934295386E-2,4.614684582E-1,-1.100812078E0
3.164586317E1,1.249122992E-1,5.190832019E-1,-1.220794082E0
3.165585767E1,1.764087677E-1,5.908223987E-1,-1.350685239E0
3.166585267E1,2.305431217E-1,6.706966162E-1,-1.451335907E0
3.167584667E1,2.706740499E-1,7.417654991E-1,-1.486393571E0
3.168584167E1,2.903065979E-1,7.829881310E-1,-1.434899807E0
3.169583667E1,2.851499021E-1,7.709529996E-1,-1.294248223E0
3.170583067E1,2.721339762E-1,6.866075993E-1,-1.093175888E0
3.171582567E1,2.619372606E-1,5.319421291E-1,-8.852724433E-1
3.172582067E1,2.388729453E-1,3.288033307E-1,-6.955047846E-1
3.173581567E1,1.999207586E-1,1.086406261E-1,-5.071542859E-1
3.174580967E1,1.442178190E-1,-6.077872589E-2,-2.991667688E-1
3.175580467E1,8.337816596E-2,-1.817325801E-1,-5.248720571E-2
3.176579967E1,2.313613147E-2,-2.671713531E-1,2.098232657E-1
3.177579367E1,-2.450435795E-2,-3.420922160E-1,4.572429061E-1
3.178578867E1,-6.078726426E-2,-4.051413834E-1,6.633494496E-1
3.179578367E1,-8.140891790E-2,-4.593622983E-1,8.141506910E-1
3.180577767E1,-9.177314490E-2,-5.166737437E-1,9.193969965E-1
3.181577267E1,-9.582461417E-2,-5.554426908E-1,9.963466525E-1
3.182576767E1,-8.812727779E-2,-5.865821838E-1,1.053446651E0
3.183576167E1,-7.518910617E-2,-6.108036041E-1,1.096635222E0
3.184575667E1,-5.754459649E-2,-6.270251870E-1,1.122375846E0
3.185575167E1,-4.346739501E-2,-6.488047838E-1,1.129567146E0
3.186574567E1,-2.846447565E-2,-6.617250443E-1,1.127004027E0
3.187574067E1,-1.419366151E-2,-6.756858826E-1,1.120815635E0
3.188573567E1,-1.170467027E-2,-6.952740550E-1,1.094424844E0
3.189572967E1,-1.101597678E-2,-7.187527418E-1,1.056360602E0
3.190572467E1,-1.449273247E-2,-7.243633866E-1,1.001142383E0
3.191571967E1,-2.699653991E-2,-7.139440775E-1,9.387282729E-1
3.192571367E1,-3.147811070E-2,-6.819726825E-1,8.672186136E-1
3.193570867E1,-2.814303152E-2,-6.258423328E-1,7.941057682E-1
3.194570367E1,-1.732420921E-2,-5.505797267E-1,7.218848467E-1
3.195569767E1,1.945092808E-3,-4.579246640E-1,6.427823305E-1
3.196569267E1,1.974406838E-2,-3.474374115E-1,5.619966984E-1
3.197568767E1,3.155172244E-2,-2.399937660E-1,4.868308306E-1
3.198568267E1,5.172516778E-2,-1.386624724E-1,4.208061993E-1
3.199567667E1,6.629718840E-2,-5.045058578E-2,3.585311174E-1
3.200567167E1,8.130303770E-2,1.118827611E-2,2.991767228E-1
3.201566667E1,1.048294008E-1,5.918376893E-2,2.486986369E-1
3.202566067E1,1.361809224E-1,9.264808148E-2,2.097396404E-1
3.203565567E1,1.599768102E-1,1.240707189E-1,1.935526729E-1
3.204565067E1,1.805550456E-1,1.585629433E-1,2.023762465E-1
3.205564467E1,2.002027929E-1,1.838712245E-1,2.372782975E-1
3.206563967E1,2.045179009E-1,1.917863488E-1,2.838147581E-1
3.207563467E1,2.076945305E-1,1.755213588E-1,3.299830556E-1
3.208562867E1,2.112892568E-1,1.307516396E-1,3.743600547E-1
3.209562367E1,2.180283815E-1,6.337340176E-2,4.250871539E-1
3.210561867E1,2.193876654E-1,-2.133362927E-2,4.821247160E-1
3.211561267E1,2.163761556E-1,-1.084799841E-1,5.502782464E-1
3.212560767E1,2.098048180E-1,-1.930395961E-1,6.313510537E-1
3.213560267E1,2.074497789E-1,-2.727509439E-1,7.180145383E-1
3.214559667E1,2.045517266E-1,-3.359282017E-1,8.025743961E-1
3.215559167E1,1.966597140E-1,-3.835127652E-1,8.706181645E-1
3.216558667E1,1.897117943E-1,-4.065416753E-1,9.282957911E-1
3.217558167E1,1.730766296E-1,-4.170159101E-1,9.868451357E-1
3.218557567E1,1.601634920E-1,-4.178439081E-1,1.042761922E0
3.219557067E1,1.455776244E-1,-4.236940742E-1,1.090810657E0
3.220556567E1,1.420928836E-1,-4.298693538E-1,1.124152064E0
3.221555967E1,1.363902539E-1,-4.495168030E-1,1.154134393E0
3.222555467E1,1.291134357E-1,-4.836215079E-1,1.181151271E0
3.223554967E1,1.216102391E-1,-5.265280008E-1,1.209080935E0
3.224554367E1,1.176296100E-1,-5.750662088E-1,1.231605887E0
3.225553867E1,1.119134054E-1,-6.151614189E-1,1.245197415E0
3.226553367E1,1.073609963E-1,-6.412253976E-1,1.244304180E0
3.227552767E1,1.057015806E-1,-6.601458192E-1,1.220057607E0
3.228552267E1,1.046938375E-1,-6.618244052E-1,1.180400014E0
3.229551767E1,9.595175087E-2,-6.430968046E-1,1.132150173E0
3.230551167E1,9.208643436E-2,-6.079068184E-1,1.077819467E0
3.231550667E1,8.376511931E-2,-5.634602904E-1,1.011058211E0
3.232550167E1,8.281171322E-2,-5.149381161E-1,9.558271766E-1
3.233549667E1,7.397347689E-2,-4.669341147E-1,9.020704627E-1
3.234549067E1,7.527922839E-2,-4.266911745E-1,8.725570440E-1
3.235548567E1,8.040235192E-2,-4.127362072E-1,8.601099253E-1
3.236548067E1,7.875838131E-2,-4.116409123E-1,8.529326916E-1
3.237547467E1,6.859708577E-2,-4.163182378E-1,8.498641849E-1
3.238546967E1,6.357143819E-2,-4.318821728E-1,8.489293456E-1
3.239546467E1,5.505890772E-2,-4.535152912E-1,8.475831151E-1
3.240545867E1,4.823509231E-2,-4.737028182E-1,8.357426524E-1
3.241545367E1,3.720827401E-2,-4.883382022E-1,8.042182922E-1
3.242544867E1,2.402456291E-2,-4.847551882E-1,7.774996758E-1
3.243544267E1,1.252937363E-3,-4.743781984E-1,7.671138644E-1
3.244543767E1,-3.100007214E-2,-4.545145333E-1,7.575916052E-1
3.245543267E1,-6.214654073E-2,-4.387995005E-1,7.486103773E-1
3.246542667E1,-8.679276705E-2,-4.224242866E-1,7.391982675E-1
3.247542167E1,-1.042471230E-1,-4.150425494E-1,7.391964197E-1
3.248541667E1,-1.148406491E-1,-4.188117683E-1,7.421429157E-1
3.249541167E1,-1.206284910E-1,-4.246276021E-1,7.494668365E-1
3.250540567E1,-1.183453649E-1,-4.339830279E-1,7.556015849E-1
3.251540067E1,-1.188092902E-1,-4.395248294E-1,7.512848377E-1
3.252539567E1,-1.096626595E-1,-4.478724003E-1,7.414853573E-1
3.253538967E1,-1.000441238E-1,-4.403955638E-1,7.297552228E-1
3.254538467E1,-8.561085910E-2,-4.319101870E-1,7.257369161E-1
3.255537967E1,-7.228120416E-2,-4.184321761E-1,7.251411676E-1
3.256537367E1,-6.116623431E-2,-4.134806693E-1,7.146208882E-1
3.257536867E1,-4.102953896E-2,-4.029164314E-1,7.007998824E-1
3.258536367E1,-2.055781893E-2,-3.956733346E-1,6.941030025E-1
3.259535767E1,-3.122023190E-4,-3.871528208E-1,6.833499670E-1
3.260535267E1,2.376969904E-2,-3.791714609E-1,6.635152102E-1
3.261534767E1,3.949966282E-2,-3.452715576E-1,6.470640302E-1
3.262534167E1,5.222797021E-2,-3.177531958E-1,6.272081137E-1
3.263533667E1,6.046406180E-2,-2.843038738E-1,6.051837802E-1
3.264533167E1,6.252028793E-2,-2.522730231E-1,5.911683440E-1
3.265532742E1,5.542243272E-2,-2.303946316E-1,5.692369342E-1
3.266532142E1,5.456542969E-2,-2.160910666E-1,5.445114970E-1
3.267531642E1,4.825160652E-2,-2.153560370E-1,5.191779137E-1
3.268531142E1,3.647031635E-2,-2.222232670E-1,4.977922440E-1
3.269530542E1,2.767495811E-2,-2.374627143E-1,4.721747041E-1
3.270530042E1,1.465130132E-2,-2.501102686E-1,4.480107427E-1
3.271529542E1,4.015700892E-3,-2.579532564E-1,4.235562682E-1
3.272528942E1,-4.043823574E-3,-2.549591959E-1,4.023681283E-1
3.273528442E1,-8.848965168E-3,-2.459755689E-1,3.826916218E-1
3.274527942E1,-1.279363874E-2,-2.296621650E-1,3.608862162E-1
3.275527342E1,-1.357341278E-2,-2.120339125E-1,3.329344690E-1
3.276526842E1,-1.767760888E-2,-1.858657151E-1,2.738395333E-1
3.277526342E1,-2.199405991E-2,-1.504507363E-1,2.440169305E-1
3.278525842E1,-2.714967541E-2,-1.156512648E-1,2.404276431E-1
3.279525242E1,-3.106239252E-2,-7.598695159E-2,2.282647192E-1
3.280524742E1,-3.894428164E-2,-4.295151308E-2,2.072986066E-1
3.281524242E1,-4.597555846E-2,-2.024460398E-2,1.824827492E-1
3.282523642E1,-4.605678469E-2,-7.045034319E-3,1.580199599E-1
3.283523142E1,-4.045482725E-2,1.704515424E-3,1.313254982E-1
3.284522642E1,-2.769641578E-2,8.301524445E-3,1.191408709E-1
3.285522042E1,-2.077778988E-2,1.633575000E-2,1.156164408E-1
3.286521542E1,-1.199176162E-2,1.796351559E-2,1.088262051E-1
3.287521042E1,-5.646780599E-3,1.149522886E-2,9.809260070E-2
3.288520442E1,4.445003811E-3,-8.282944560E-3,8.692850173E-2
3.289519942E1,1.207176410E-2,-3.796227649E-2,8.497773856E-2
3.290519442E1,1.824257337E-2,-6.086398289E-2,8.752131462E-2
3.291518942E1,2.143650316E-2,-7.235445827E-2,9.030219167E-2
3.292518342E1,2.838069573E-2,-6.739826500E-2,9.668529034E-2
3.293517842E1,3.231498599E-2,-5.222544074E-2,9.720274061E-2
3.294517342E1,3.257703781E-2,-3.215264902E-2,9.955734015E-2
3.295516742E1,3.249953687E-2,-1.698301733E-2,9.532770514E-2
3.296516242E1,3.130298480E-2,-5.310142878E-3,9.549102932E-2
3.297515742E1,2.753887139E-2,-3.708386794E-5,9.833209217E-2
3.298515142E1,2.097071521E-2,-3.585732076E-3,9.998680651E-2
3.299514642E1,1.589233428E-2,-1.840782166E-2,1.029178873E-1
3.300514142E1,1.105603576E-2,-2.277286351E-2,9.778431803E-2
3.301513642E1,7.991535589E-3,-2.265621722E-2,9.223268926E-2
3.302513042E1,4.174426664E-3,-9.778611362E-3,8.943508565E-2
3.303512542E1,-4.149017390E-3,-3.351338208E-3,8.937729150E-2
3.304512042E1,-9.370678104E-3,9.789014235E-3,8.321561664E-2
3.305511442E1,-1.105193142E-2,1.065241173E-2,7.941981405E-2
3.306510942E1,-2.353683114E-2,2.103772946E-3,6.580995768E-2
3.307510442E1,-2.453152090E-2,-1.096835360E-2,5.542150140E-2
3.308509842E1,-2.765753865E-2,-2.476430498E-2,4.514158517E-2
3.309509342E1,-2.999819070E-2,-3.219585493E-2,3.230621293E-2
3.310508842E1,-2.896781452E-2,-3.060574085E-2,2.837924287E-2
3.311508242E1,-2.675978839E-2,-3.025979549E-2,2.373389155E-2
3.312507742E1,-2.880056947E-2,-2.537449449E-2,2.093437687E-2
3.313507242E1,-2.666098438E-2,-2.367912605E-2,2.535522357E-2
3.314506642E1,-2.832465991E-2,-2.315126359E-2,2.550850995E-2
3.315506142E1,-3.025625087E-2,-2.485249005E-2,2.301472612E-2
3.316505642E1,-2.886315249E-2,-2.596985362E-2,2.054508030E-2
3.317505142E1,-2.759149298E-2,-2.027628198E-2,1.484964415E-2
3.318504542E1,-2.287396789E-2,-8.614859544E-3,9.052808397E-3
3.319504042E1,-2.231763303E-2,1.330668386E-2,5.980852060E-3
3.320503542E1,-2.221296914E-2,2.998876013E-2,3.945916891E-3
3.321502942E1,-2.765700407E-2,4.357460886E-2,2.218856942E-3
3.322502442E1,-3.231647238E-2,4.838078469E-2,5.482574459E-3
3.323501942E1,-3.489894047E-2,4.051620141E-2,1.395914983E-2
3.324501342E1,-3.644703329E-2,2.680979669E-2,1.643809117E-2
3.325500842E1,-3.777941316E-2,1.043907832E-2,1.510144956E-2
3.326500342E1,-3.483847901E-2,1.832088456E-3,9.410837665E-3
3.327499842E1,-3.701800853E-2,4.702443257E-3,2.812855644E-3
3.328499242E1,-3.788514063E-2,1.158194989E-2,1.958441921E-3
3.329498742E1,-5.846152455E-2,-8.558987081E-2,-8.188201115E-3
3.330498242E1,-4.478858784E-2,-1.518847048E-1,-1.521949470E-2
3.331497642E1,-6.972642243E-2,-1.562688053E-1,-2.051811852E-2
3.332497142E1,-7.252460718E-2,-1.367105842E-1,-2.271361463E-2
3.333496642E1,-7.644052058E-2,-6.596157700E-2,-1.666877232E-2
3.334496042E1,-7.133471221E-2,6.244558841E-2,3.968357109E-3
3.335495542E1,-6.882841140E-2,2.118475884E-1,3.017412871E-2
3.336495042E1,-5.828442425E-2,3.006751239E-1,6.376273930E-2
3.337494442E1,-5.139988661E-2,2.728144825E-1,8.069138974E-2
3.338493942E1,-4.094564170E-2,1.924736202E-1,7.368981838E-2
3.339493442E1,-4.018451273E-2,7.157675922E-2,7.233160734E-2