"Time (s)","Linear Acceleration x (m/s^2)","Linear Acceleration y (m/s^2)","Linear Acceleration z (m/s^2)"
1.463675000E-2,7.517838478E-2,8.566051722E-3,-4.779024124E-1
2.263153700E-2,9.807443619E-2,2.184852958E-3,-3.223667145E-1
3.062632400E-2,1.808203459E-1,8.439379185E-2,-6.624889374E-2
3.865311100E-2,1.985039711E-1,4.825207591E-2,1.672849655E-1
4.664874500E-2,2.037550211E-1,-5.636723340E-2,3.697557449E-1
5.464537800E-2,2.214368582E-1,-1.477863938E-1,5.337209702E-1
6.263993500E-2,1.969887018E-1,-1.379754841E-1,5.642890930E-1
7.063556800E-2,1.964511871E-1,-6.480716169E-2,4.754352570E-1
7.863074000E-2,1.947060823E-1,-4.055140913E-2,3.368549347E-1
8.662729600E-2,1.427054405E-1,8.166983724E-3,1.279430389E-1
9.465377600E-2,7.229888439E-2,1.338733733E-2,-3.232955933E-4
1.026480250E-1,2.273535728E-2,2.169358730E-2,-1.124868393E-1
1.106431210E-1,1.769959927E-2,1.539209485E-2,-2.005329132E-1
1.186399850E-1,8.898854256E-3,2.110080421E-2,-2.309837341E-1
1.266354640E-1,-5.671727657E-2,2.226875722E-2,-2.206430435E-1
1.346327130E-1,-1.350575686E-1,1.494571567E-2,-1.628198624E-1
1.426572700E-1,-2.372967005E-1,1.102221012E-2,-6.464958191E-2
1.506533650E-1,-2.743754387E-1,9.326234460E-3,5.800151825E-2
1.586484600E-1,-2.445777655E-1,-1.950794458E-2,1.559162140E-1
1.666450160E-1,-1.895906925E-1,-9.271636605E-3,2.335510254E-1
1.746404960E-1,-1.587909460E-1,-2.987626195E-2,2.623348236E-1
1.826352060E-1,-1.201412678E-1,-1.407799125E-2,2.234630585E-1
1.906306090E-1,-7.314729691E-2,-8.487150073E-3,1.960287094E-1
1.986272420E-1,-2.900838852E-2,-1.214787364E-3,1.404113770E-1
2.066531060E-1,4.516720772E-3,-3.721265495E-2,9.661102295E-2
2.146497400E-1,4.702031612E-2,-4.223857820E-2,5.032730103E-2
2.226433730E-1,7.353806496E-2,-2.607563138E-2,2.771377563E-2
2.306396220E-1,9.325599670E-2,-3.538092971E-2,-2.895355225E-3
2.386347940E-1,1.191061735E-1,-4.134973884E-2,4.357337952E-3
2.466311190E-1,1.066772938E-1,3.627479076E-3,-4.930496216E-3
2.546575990E-1,8.385658264E-2,1.408921182E-2,-1.027011871E-2
2.626523090E-1,5.856251717E-2,3.295162320E-2,1.788139343E-3
2.706477900E-1,6.887876987E-2,6.595909595E-2,1.916599274E-2
2.786440390E-1,9.516346455E-2,4.286503792E-2,4.818630219E-2
2.866388260E-1,6.933951378E-2,2.254526317E-2,8.486938477E-2
2.946367670E-1,5.404865742E-2,1.046495140E-2,1.261863708E-1
3.026306310E-1,2.360904217E-2,-6.311893463E-3,1.594772339E-1
3.106568030E-1,7.672309875E-3,1.067367196E-2,1.760330200E-1
3.186531290E-1,-2.761197090E-2,-9.892582893E-4,1.686220169E-1
3.266484540E-1,-2.017033100E-2,-1.732902229E-2,1.515893936E-1
3.346442420E-1,-1.328647137E-2,-2.658157051E-2,1.081438065E-1
3.426392600E-1,1.524186134E-2,-4.091343284E-2,3.358078003E-2
3.506341240E-1,4.190707207E-2,-3.875640035E-2,-9.791374207E-3
3.586307570E-1,1.008977890E-1,-1.524494588E-2,-6.498146057E-2
3.666571600E-1,1.250811815E-1,1.047043502E-2,-7.693290710E-2
3.746535620E-1,1.002051830E-1,1.711288095E-2,-7.914638519E-2
3.826479650E-1,7.886290550E-2,2.380140126E-2,-5.487155914E-2
3.906437520E-1,5.115079880E-2,1.862342656E-2,7.820129395E-3
3.986390780E-1,2.394580841E-2,3.961429000E-3,6.818962097E-2
4.066345580E-1,8.935928345E-3,-1.308853924E-2,1.142244339E-1
4.146314990E-1,-3.457999229E-2,-1.565870643E-2,1.555042267E-1
4.226558240E-1,-5.681669712E-2,-3.918558359E-3,1.680202484E-1
4.306509190E-1,-7.699799538E-2,-3.299826384E-2,1.613349915E-1
4.386474770E-1,-1.166952848E-1,-1.675845683E-2,1.426286697E-1
4.466434950E-1,-1.377162933E-1,2.563738823E-2,8.315277100E-2
4.546402050E-1,-1.187452078E-1,5.363896489E-2,4.512977600E-2
4.626352230E-1,-9.089148045E-2,6.040471792E-2,9.414672852E-3
4.706303180E-1,-7.548916340E-2,3.891968727E-2,-7.203102112E-3
4.786561820E-1,-4.611253738E-2,2.737045288E-2,-1.428890228E-2
4.866515850E-1,-1.190936565E-2,2.596499026E-2,-1.417636871E-2
4.946495260E-1,4.391396046E-2,2.251569927E-2,1.947307587E-2
5.026430830E-1,7.869219780E-2,-1.183295250E-2,4.361820221E-2
5.106390240E-1,1.332949400E-1,-3.439047933E-2,4.151535034E-2
5.186341960E-1,1.454738379E-1,-4.051250219E-2,5.386352539E-2
5.266295210E-1,1.392977238E-1,-5.886363983E-2,2.800846100E-2
5.346582320E-1,9.322214127E-2,-6.066253781E-2,1.183795929E-2
5.426523270E-1,1.027131081E-1,-1.714463532E-2,1.488780975E-2
5.506478060E-1,5.540025234E-2,2.137939632E-2,-1.070404053E-2
5.586429010E-1,1.815021038E-2,-9.418293834E-3,-2.185821533E-2
5.666388420E-1,5.288124084E-4,3.167678416E-2,2.212619781E-2
5.746360910E-1,-1.939630508E-2,4.155674577E-2,5.415534973E-2
5.826297240E-1,-1.751506329E-2,1.779355109E-2,7.903862000E-2
5.906564350E-1,-2.734303474E-2,1.545542479E-2,9.199047089E-2
5.986516070E-1,-3.240823746E-2,1.096144319E-3,7.860660553E-2
6.066475490E-1,-3.989517689E-2,1.143306494E-3,6.522464752E-2
6.146445670E-1,-6.170189381E-2,2.534171939E-2,4.467582703E-2
6.226389690E-1,-7.638311386E-2,1.139061153E-2,3.370475769E-2
6.306356030E-1,-5.778264999E-2,2.857539058E-2,1.073169708E-2
6.386300820E-1,-7.529711723E-2,4.118359089E-2,-2.682685852E-3
6.466559460E-1,-1.050782204E-1,5.635049939E-2,1.738548279E-2
6.546526570E-1,-9.193551540E-2,6.188029051E-2,4.700660706E-2
6.626468290E-1,-1.367709637E-1,3.373600543E-2,7.894802094E-2
6.706422310E-1,-1.584441662E-1,2.451653779E-2,8.443450928E-2
6.786382490E-1,-2.051259279E-1,-1.604661345E-2,6.581878662E-2
6.866345750E-1,-2.192395926E-1,-3.748252988E-2,7.579135895E-2
6.946305930E-1,-2.485584021E-1,-3.959585726E-2,7.127857208E-2
7.026563800E-1,-1.926392317E-1,-4.656094313E-2,6.422710419E-2
7.106515520E-1,-1.403113604E-1,-3.193020821E-2,5.221176147E-2
7.186471850E-1,-1.129648685E-1,-2.945914865E-3,6.158733368E-2
7.266429730E-1,-1.008980274E-1,-2.673089504E-3,5.167388916E-2
7.346398370E-1,-1.039230824E-1,-1.206971705E-2,4.165172577E-2
7.426343930E-1,-5.497825146E-2,-1.431065798E-2,5.786037445E-2
7.506291810E-1,-2.120101452E-2,7.186695933E-3,5.240058899E-2
7.586559680E-1,3.567576408E-2,2.840703726E-2,4.441928864E-2
7.666516020E-1,7.784152031E-2,6.134803593E-2,1.244258881E-2
7.746486200E-1,1.153922081E-1,6.999284029E-2,1.879501343E-2
7.826431000E-1,1.083381176E-1,4.251208901E-2,5.879211426E-2
7.906381180E-1,1.192244291E-1,2.935089171E-2,5.826091766E-2
7.986345210E-1,6.643319130E-2,5.915346742E-2,7.462882996E-2
8.066298460E-1,3.637325764E-2,6.010405719E-2,1.055307388E-1
8.146566330E-1,-3.063678741E-4,-1.121759415E-3,1.341209412E-1
8.226511900E-1,-4.194545746E-2,-2.394884825E-2,1.219882965E-1
8.306462080E-1,-1.130343676E-1,-7.989516854E-2,1.097593307E-1
8.386426110E-1,-1.464194059E-1,-9.967680275E-2,9.984302521E-2
8.466385520E-1,-1.396062374E-1,-1.046902984E-1,7.071018219E-2
8.546349540E-1,-9.481048584E-2,-6.155583262E-2,3.674888611E-2
8.626299720E-1,-2.841711044E-2,-6.112504005E-2,4.100799561E-4
8.706559130E-1,4.542124271E-2,-5.322101712E-2,2.765655518E-5
8.786518550E-1,1.028476954E-1,7.326394320E-3,2.363777161E-2
8.866470260E-1,9.626078606E-2,5.823226273E-2,2.818298340E-2
8.946442750E-1,9.272742271E-2,9.954547882E-2,2.803421021E-2
9.026380620E-1,1.088569164E-1,1.099769771E-1,4.711627960E-2
9.106334650E-1,1.327174902E-1,6.762360036E-2,5.669784546E-2
9.186294830E-1,1.572084427E-1,2.994810045E-2,7.115364075E-2
9.266563470E-1,1.320731640E-1,1.114416122E-2,6.654357910E-2
9.346523660E-1,8.832204342E-2,-5.564485490E-2,5.243206024E-2
9.426462300E-1,-7.190704346E-4,-5.080030859E-2,4.073810577E-2
9.506425560E-1,-6.080055237E-2,-6.064462662E-2,-1.163101196E-2
9.586381900E-1,-9.972476959E-2,-5.633345246E-2,-1.138591766E-2
9.666339770E-1,-1.228060722E-1,-4.505763948E-2,-3.282546997E-2
9.746305330E-1,-1.204705238E-1,-2.895797789E-2,-4.003047943E-2
9.826564740E-1,-1.239367723E-1,1.105582714E-2,-2.343940735E-2
9.906502620E-1,-1.088676453E-1,5.749613047E-3,5.038261414E-3
9.986472800E-1,-8.482992649E-2,5.612760782E-3,1.907253265E-2
1.006642913E0,-9.940397739E-2,-2.299647033E-2,8.334732056E-2
1.014638931E0,-6.389057636E-2,1.792770624E-2,9.013748169E-2
1.022633488E0,-3.571963310E-2,-3.215461969E-3,1.280336380E-1
1.030629429E0,1.151645184E-2,-7.602915168E-3,1.515531540E-1
1.038655601E0,7.813930511E-2,-7.113993168E-3,1.511669159E-1
1.046650772E0,1.142060757E-1,-1.865446568E-3,1.293125153E-1
1.054647406E0,1.417205334E-1,2.019344270E-2,1.004209518E-1
1.062641885E0,1.487721205E-1,2.780891955E-2,7.646942139E-2
1.070636903E0,1.495822668E-1,1.380746067E-2,6.222629547E-2
1.078633921E0,1.224224567E-1,-1.698459685E-2,1.935958862E-2
1.086629016E0,7.217764854E-2,4.707306623E-3,1.012802124E-2
1.094656420E0,4.174232483E-2,2.387219667E-2,3.382682800E-3
1.102650207E0,-9.813666344E-3,2.846337855E-2,1.482009888E-3
1.110645918E0,-6.579339504E-2,1.383237541E-2,-2.760887146E-3
1.118641705E0,-1.075593233E-1,1.360361278E-2,1.452541351E-2
1.126637954E0,-1.568400860E-1,-1.010328531E-3,2.697563171E-2
1.134634356E0,-1.568275690E-1,-3.388255835E-3,5.365753174E-2
1.142628759E0,-1.819064617E-1,-1.020352542E-2,6.102752686E-2
1.150654700E0,-1.722352505E-1,9.536311030E-3,7.541942596E-2
1.158650949E0,-1.468720436E-1,-3.009597957E-2,8.727359772E-2
1.166647044E0,-8.644890785E-2,-5.539561808E-2,9.661197662E-2
1.174642062E0,-4.087853432E-2,-5.214206874E-2,6.278038025E-2
1.182637464E0,2.135932446E-2,-3.467836976E-2,5.526828766E-2
1.190632944E0,1.640486717E-2,4.224956036E-3,3.576278687E-2
1.198628654E0,2.795422077E-2,7.165342569E-3,1.861476898E-2
1.206655365E0,3.192830086E-2,-6.597861648E-3,1.817226410E-2
1.214651075E0,1.395547390E-2,2.030706406E-2,8.096694946E-3
1.222646247E0,4.622387886E-2,3.040796518E-2,2.804756165E-3
1.230641265E0,4.062807560E-2,1.652541757E-2,1.912307739E-2
1.238636975E0,5.729711056E-2,-2.135038376E-2,4.990863800E-2
1.246632993E0,6.516313553E-2,-4.963560402E-2,7.122516632E-2
1.254661319E0,2.082431316E-2,-5.396211147E-2,9.260940552E-2
1.262655184E0,-8.846998215E-3,-2.017898858E-2,1.020603180E-1
1.270651510E0,-9.717464447E-3,1.534312963E-3,8.996963501E-2
1.278645758E0,-3.548145294E-3,6.345644593E-3,8.025169373E-2
1.286641700E0,1.213383675E-2,6.493046880E-3,8.249950409E-2
1.294639025E0,3.032040596E-2,1.626881957E-2,6.321525574E-2
1.302632889E0,3.693616390E-2,1.404114068E-2,6.313991547E-2
1.310627677E0,1.781415939E-2,1.672437787E-2,7.272720337E-2
1.318655002E0,3.793120384E-3,2.536892891E-3,7.038497925E-2
1.326650482E0,-3.643059731E-2,2.971738577E-4,6.566619873E-2
1.334647038E0,-6.483364105E-2,-4.336059093E-3,6.092739105E-2
1.342642210E0,-5.522418022E-2,-1.627662778E-2,4.177856445E-2
1.350636998E0,-3.857100010E-2,-1.890331507E-3,4.415988922E-2
1.358632708E0,1.892697811E-2,-4.196301103E-3,4.416656494E-2
1.366659111E0,3.849852085E-2,-1.136639714E-2,5.619621277E-2
1.374655821E0,2.012920380E-2,-8.900612593E-3,4.194164276E-2
1.382650300E0,2.349102497E-2,-1.610933244E-2,4.686450958E-2
1.390645088E0,-2.320265770E-2,3.197476268E-3,4.703521729E-2
1.398641644E0,-2.215361595E-2,2.014788985E-2,5.915832520E-2
1.406636508E0,-3.816831112E-2,2.032612264E-2,6.165981293E-2
1.414633680E0,-4.256951809E-2,8.592158556E-3,5.453777313E-2
1.422659853E0,-5.935955048E-2,-1.274605095E-2,3.538513184E-2
1.430655256E0,-3.090322018E-2,-2.899050713E-3,5.450630188E-2
1.438649812E0,-2.664923668E-2,4.614666104E-3,5.443859100E-2
1.446646138E0,-2.021336555E-2,-2.138751745E-2,3.039932251E-2
1.454642156E0,-2.824759483E-2,2.779737115E-3,2.310180664E-2
1.462637482E0,-3.050923347E-3,-2.091316879E-2,4.210186005E-2
1.470632346E0,5.776882172E-4,-3.864243627E-3,1.321601868E-2
1.478658518E0,1.130056381E-2,-1.076754928E-2,2.980709076E-2
1.486654843E0,2.684998512E-2,-1.014664769E-3,3.443050385E-2
1.494651092E0,5.222439766E-2,-2.010071278E-2,4.148006439E-2
1.502645956E0,5.169785023E-2,-1.286597550E-2,4.619598389E-2
1.510641359E0,3.000366688E-2,-8.081659675E-3,4.617595673E-2
1.518636454E0,1.086401939E-2,-1.051193476E-2,6.054210663E-2
1.526632164E0,-1.056933403E-2,-5.703389645E-3,5.816555023E-2
1.534659259E0,-4.404926300E-2,-3.416076303E-3,6.534957886E-2
1.542653970E0,-3.951549530E-2,-1.310932636E-2,4.615783691E-2
1.550649372E0,-5.444407463E-2,-1.088485122E-2,4.368209839E-2
1.558646006E0,-6.731617451E-2,8.202031255E-3,2.679538727E-2
1.566641793E0,-5.171215534E-2,1.310366392E-2,2.424335480E-2
1.574637811E0,-4.581093788E-2,1.331254840E-2,3.604030609E-2
1.582632521E0,-1.631021500E-2,-3.142863512E-3,6.215763092E-2
1.590658386E0,-1.069283485E-2,-1.253981888E-2,8.109855652E-2
1.598654404E0,-1.228761673E-2,-1.960049570E-2,8.806228638E-2
1.606649269E0,-1.881706715E-2,-5.319684744E-3,7.584953308E-2
1.614646748E0,-3.847599030E-3,-7.872968912E-3,6.362628937E-2
1.622640689E0,-9.628534317E-4,-5.765512586E-3,5.617523193E-2
1.630635707E0,-2.993464470E-3,-1.090030372E-2,2.715682983E-2
1.638631802E0,-7.426738739E-3,5.549743772E-3,1.489830017E-2
1.646658589E0,-2.162194252E-2,2.873763442E-3,1.698017120E-2
1.654655761E0,-1.426434517E-2,-2.200141549E-3,1.427459717E-2
1.662649395E0,-1.160025597E-2,-9.384751320E-5,1.397705078E-2
1.670645643E0,-1.122295856E-2,-1.484213769E-2,3.045272827E-2
1.678640738E0,-8.505105972E-3,-1.759804785E-2,5.649757385E-2
1.686637141E0,-5.723476410E-3,-8.380368352E-3,5.621623993E-2
1.694633159E0,-1.516795158E-2,-8.780241013E-3,5.829334259E-2
1.702658408E0,-2.241563797E-2,-3.069715202E-2,5.555725098E-2
1.710652887E0,-2.002751827E-2,-3.099690378E-2,5.761909485E-2
1.718649752E0,8.948683739E-3,9.571790695E-3,5.253791809E-2
1.726644846E0,3.581500053E-2,3.111998737E-2,5.467891693E-2
1.734641557E0,1.984405518E-2,3.863766789E-2,6.404685974E-2
1.742636267E0,4.006981850E-3,2.474963665E-2,7.583045959E-2
1.750632054E0,1.452898979E-2,1.294091344E-3,6.367492676E-2
1.758657535E0,-3.490030766E-2,3.947466612E-3,5.868434906E-2
1.766654168E0,2.350306511E-2,-1.508720219E-2,3.215694427E-2
1.774650263E0,2.930617332E-2,-1.023405790E-2,2.000141144E-2
1.782645051E0,5.719208717E-2,-1.971812546E-2,3.186130524E-2
1.790640376E0,3.284811974E-2,-1.267401874E-2,3.659343719E-2
1.798635779E0,3.282666206E-2,-1.276595891E-2,4.377079010E-2
1.806632412E0,1.402306557E-2,-2.479320765E-2,6.775856018E-2
1.814658969E0,-4.659652710E-3,-1.770354807E-2,6.063652039E-2
1.822653371E0,-3.763842583E-2,-3.378719091E-3,5.352497101E-2
1.830649389E0,-3.958320618E-2,8.544340730E-3,7.034397125E-2
1.838644484E0,-3.704893589E-2,1.374363899E-3,5.839252472E-2
1.846640810E0,-4.436361790E-2,1.534074545E-3,6.795501709E-2
1.854637213E0,-1.850068569E-2,1.142360270E-2,3.198528290E-2
1.862631308E0,-2.262711525E-3,2.138340473E-2,3.910732269E-2
1.870657249E0,9.329080582E-3,7.323071361E-3,3.906250000E-2
1.878653574E0,2.355659008E-2,-1.159466803E-2,3.905010223E-2
1.886649592E0,3.329026699E-2,-9.062021971E-3,4.625701904E-2
1.894645611E0,3.125238419E-2,-1.624365151E-2,3.912162781E-2
1.902640629E0,3.417205811E-2,-2.110750973E-2,4.637336731E-2
1.910636031E0,6.029725075E-3,1.223216951E-2,2.968788147E-2
1.918631434E0,-5.290746689E-3,-4.732444882E-3,3.934764862E-2
1.926658299E0,-1.893353462E-2,1.187156141E-2,2.507591248E-2
1.934654240E0,-3.259539604E-2,-2.651071548E-2,3.474617004E-2
1.942649027E0,-2.960360050E-2,-1.943385601E-2,3.961181641E-2
1.950644122E0,-1.225876808E-2,-7.518738508E-3,3.011226654E-2
1.958640448E0,-1.885390282E-2,-3.818869591E-4,6.370925903E-2
1.966635620E0,-2.550947666E-2,2.068623900E-3,6.138801575E-2
1.974632176E0,6.044387817E-3,-4.965588450E-3,4.947757721E-2
1.982658348E0,-8.247733116E-3,7.092520595E-3,5.427742004E-2
1.990652520E0,-1.526534557E-2,9.551271796E-3,4.233074188E-2
1.998649153E0,-7.933139801E-3,-2.322569489E-3,6.390094757E-2
2.006644325E0,-1.746428013E-2,-1.672397554E-2,3.517532349E-2
2.014640651E0,-3.672921658E-2,2.457767725E-3,3.755569458E-2
2.022635977E0,-4.646027088E-2,1.932875812E-2,4.711437225E-2
2.030630533E0,-2.994692326E-2,-9.206220508E-3,5.187416077E-2
2.038657244E0,-2.800333500E-2,5.459189415E-4,4.463481903E-2
2.046653877E0,-1.419377327E-2,-1.129837334E-2,4.216861725E-2
2.054649895E0,-1.476860046E-2,-1.366591454E-2,6.363964081E-2
2.062644451E0,-1.786172390E-2,-4.320532084E-3,6.114673615E-2
2.070639546E0,-1.846885681E-2,-1.418988407E-2,5.387496948E-2
2.078634949E0,-7.181286812E-3,-1.442417502E-2,5.617237091E-2
2.086631506E0,-7.030963898E-4,1.181222498E-2,6.565189362E-2
2.094658601E0,-1.087093353E-2,-9.835124016E-3,5.120563507E-2
2.102653696E0,3.979206085E-4,2.126947045E-2,4.871654510E-2
2.110648561E0,-3.025531769E-4,4.605248570E-3,6.538486481E-2
2.118644502E0,-8.591413498E-4,4.611402750E-3,6.052207947E-2
2.126640212E0,1.528680325E-2,7.105112076E-3,4.368209839E-2
2.134636307E0,3.401648998E-2,3.883242607E-5,4.362869263E-2
2.142631710E0,2.649271488E-2,-3.098458052E-2,5.316162109E-2
2.150657497E0,1.896750927E-2,4.940450191E-3,5.311584473E-2
2.158653823E0,2.123868465E-2,-7.034853101E-3,3.155231476E-2
2.166648302E0,2.601420879E-2,-2.869161963E-2,4.112434387E-2
2.174645320E0,2.303838730E-3,-1.455776393E-2,3.157329559E-2
2.182639723E0,-6.922245026E-3,2.035558224E-3,3.640556335E-2
2.190635202E0,-2.574384212E-2,-5.941241980E-4,3.644466400E-2
2.198661913E0,-8.631467819E-3,-8.105129004E-3,3.169536591E-2
2.206657084E0,-2.991771698E-2,-1.139551401E-3,4.369640350E-2
2.214653718E0,-2.983307838E-2,3.391146660E-3,3.412532806E-2
2.222648121E0,-3.221356869E-2,-6.301879883E-3,4.370117188E-2
2.230644139E0,-1.799058914E-2,1.040683687E-2,4.607582092E-2
2.238639849E0,-8.731484413E-3,-1.566544175E-3,5.800342560E-2
2.246635944E0,-2.107048035E-2,-1.583571732E-2,5.077457428E-2
2.254662117E0,-2.166271210E-3,-1.588182151E-2,7.947063446E-2
2.262657442E0,4.658579826E-3,-2.310082316E-2,5.547904968E-2
2.270651922E0,9.339332581E-3,-2.555130422E-2,7.222270966E-2
2.278647709E0,2.177476883E-3,-2.084214985E-2,5.785942078E-2
2.286644343E0,-2.086162567E-4,-1.135174930E-2,5.785751343E-2
2.294640591E0,4.798293114E-3,-1.147787273E-2,2.197170258E-2
2.302635379E0,4.896759987E-3,-1.644350588E-2,1.958656311E-2
2.310661243E0,1.473653316E-2,-7.031396031E-3,1.482963562E-2
2.318656953E0,1.751017570E-2,8.718669415E-5,2.206134796E-2
2.326652971E0,1.327919960E-2,-3.813207150E-5,3.171062469E-2
2.334649374E0,-7.556438446E-3,2.281606197E-3,3.180408478E-2
2.342643238E0,-1.630282402E-2,1.183883846E-2,2.952003479E-2
2.350638641E0,-3.250896931E-2,-2.512902021E-3,5.593109131E-2
2.358635274E0,-4.189896584E-2,-1.699109375E-2,6.553077698E-2
2.366661446E0,-4.668855667E-2,-2.661499381E-2,6.074142456E-2
2.374657695E0,-1.585793495E-2,-2.433694899E-2,6.309318542E-2
2.382653097E0,-1.398599148E-2,-2.449512482E-2,4.147148132E-2
2.390648500E0,-7.441759109E-3,-4.372242093E-2,4.138469696E-2
2.398643672E0,-3.261327744E-3,-1.258473098E-2,3.172683716E-2
2.406639997E0,1.062798500E-2,2.570973337E-2,1.729679108E-2
2.414635708E0,1.519095898E-2,1.620770991E-2,2.923870087E-2
2.422660958E0,-6.605148315E-3,-2.879276872E-3,4.596710205E-2
2.430656283E0,-6.821751595E-3,-2.887129784E-3,4.833221436E-2
2.438652609E0,-4.584550858E-3,-5.311936140E-3,4.591751099E-2
2.446648319E0,-1.417493820E-2,-5.957633257E-4,6.027793884E-2
2.454644722E0,-9.437084198E-3,-1.035754383E-2,6.266117096E-2
2.462638894E0,-1.921725273E-2,1.470327377E-3,5.784225464E-2
2.470635143E0,-1.701664925E-2,6.186351180E-3,6.499862671E-2
2.478630622E0,-1.000213623E-2,8.474156260E-3,4.581928253E-2
2.486656486E0,-2.708184719E-2,3.611907363E-3,3.619861603E-2
2.494653351E0,-2.986788750E-2,-8.428394794E-3,3.614425659E-2
2.502647907E0,-2.547109127E-2,1.066318154E-2,3.130245209E-2
2.510643233E0,-6.738901138E-3,-1.325337589E-2,3.842926025E-2
2.518638712E0,-2.364873886E-3,-1.559305191E-2,5.274009705E-2
2.526634961E0,-5.422830582E-4,1.284599304E-3,6.942558289E-2
2.534661748E0,3.758311272E-3,1.271978021E-3,5.020713806E-2
2.542656305E0,2.006423473E-2,-2.036671340E-2,6.690406799E-2
2.550652015E0,2.454161644E-2,3.376111388E-3,6.685733795E-2
2.558648033E0,3.579854965E-4,-1.552298665E-3,5.485248566E-2
2.566643051E0,4.956960678E-3,7.790580392E-3,4.045581818E-2
2.574639377E0,-1.199185848E-2,3.538131714E-4,2.127170563E-2
2.582634856E0,2.421855927E-3,2.599626780E-3,4.282188416E-2
2.590660414E0,1.912271976E-2,2.664357424E-3,2.845096588E-2
2.598656740E0,-2.401590347E-3,-9.319052100E-3,3.803062439E-2
2.606652065E0,-9.509801865E-3,-2.118632197E-3,4.761695862E-2
2.614647853E0,1.711356640E-2,-1.175214350E-2,8.117294312E-2
2.622643486E0,1.262104511E-2,-2.866466343E-2,6.445026398E-2
2.630639581E0,-8.599042892E-3,-2.168905735E-2,4.772949219E-2
2.638634368E0,-1.297891140E-2,-7.564604282E-3,5.496215820E-2
2.646660848E0,-6.589889526E-4,-5.470320582E-3,3.824138641E-2
2.654657481E0,-3.153705597E-2,-8.543133736E-4,3.348255157E-2
2.662652807E0,-1.955831051E-2,-3.423035145E-3,2.150917053E-2
2.670647056E0,-4.607474804E-2,-1.311329007E-2,4.542446136E-2
2.678643304E0,-4.892194271E-2,3.563866019E-3,2.620792389E-2
2.686638399E0,-3.985917568E-2,-5.960240960E-3,6.987571716E-3
2.694636033E0,-1.943826675E-3,1.096899807E-2,7.158184052E-2
2.702660666E0,2.516746521E-3,-2.958612144E-2,6.914806366E-2
2.710656377E0,8.995890617E-3,-3.428220749E-2,7.863330841E-2
2.718651395E0,2.273237705E-2,-3.193718195E-2,5.700016022E-2
2.726647413E0,2.498602867E-2,-1.548165083E-2,7.373428345E-2
2.734643738E0,4.679119587E-2,3.348216414E-3,6.178951263E-2
2.742638602E0,3.760993481E-2,1.747106016E-2,2.353000641E-2
2.750633620E0,2.143192291E-2,2.199608088E-2,2.360153198E-2
2.758660409E0,5.009174347E-4,-9.353354573E-3,2.607345581E-2
2.766656504E0,-2.501320839E-2,-2.207532525E-3,5.251789093E-2
2.774652445E0,-2.651691437E-2,-7.056757808E-3,4.305934906E-2
2.782647232E0,-3.288173676E-2,4.042685032E-5,4.795455933E-2
2.790642712E0,-2.747249603E-2,1.194375753E-2,4.324817657E-2
2.798639037E0,-3.903675079E-2,-2.153965831E-2,6.964015961E-2
2.806634440E0,-4.607188702E-2,1.188918948E-2,4.332065582E-2
2.814661458E0,-3.908908367E-2,-3.130675852E-2,6.005191803E-2
2.822655322E0,-3.732073307E-2,-7.514402270E-3,3.362846375E-2
2.830651417E0,-3.097498417E-2,1.392805576E-2,2.393722534E-2
2.838647358E0,-5.652666092E-3,4.333823919E-3,4.295444489E-2
2.846643376E0,1.461637020E-2,-2.432040870E-2,4.518032074E-2
2.854639702E0,8.787751198E-3,-1.454137266E-2,3.547000885E-2
2.862634258E0,-1.384019852E-2,-2.557933331E-3,5.687427521E-2
2.870660123E0,1.393795013E-2,-7.392182946E-3,4.716968536E-2
2.878655833E0,1.560604572E-2,-3.141626716E-2,4.228305817E-2
2.886651235E0,2.218234539E-2,-1.244877279E-2,2.783203125E-2
2.894647792E0,5.066871643E-3,6.560623646E-3,3.975296021E-2
2.902642579E0,-7.059812546E-3,-1.746159792E-2,6.127929688E-2
2.910638059E0,2.444863319E-3,-1.269026101E-2,5.648040771E-2
2.918634000E0,-7.154703140E-3,-8.102655411E-4,7.802391052E-2
2.926660557E0,-2.398574352E-2,-2.242653072E-2,7.322406769E-2
2.934656498E0,-2.657151222E-2,-1.000106335E-3,7.559013367E-2
2.942651593E0,-2.455949783E-2,-1.067049801E-2,5.398941040E-2
2.950646996E0,-1.063728333E-2,6.006449461E-3,4.914093018E-2
2.958642476E0,5.574464798E-3,-1.319719851E-2,5.385589600E-2
2.966637571E0,1.219737530E-2,-1.355841756E-3,3.223037720E-2
2.974635050E0,-5.204677582E-3,-6.244659424E-3,3.693103790E-2
2.982659376E0,3.907442093E-3,1.041026413E-2,1.053237915E-2
2.990654778E0,1.108407974E-3,1.026420295E-2,3.441715240E-2
2.998650796E0,3.349542618E-3,-9.134277701E-3,2.481460571E-2
3.006646891E0,2.253866196E-2,2.490967512E-3,2.959918976E-2
3.014643448E0,2.031314373E-2,-1.218686998E-2,5.595111847E-2
3.022637620E0,1.593887806E-2,-2.926069498E-2,5.121040344E-2
3.030634022E0,6.878733635E-3,-2.472633123E-2,6.085014343E-2
3.038660117E0,2.191460133E-2,-3.690211475E-2,4.656982422E-2
3.046655905E0,5.933284760E-3,-3.649428487E-3,6.342792511E-2
3.054651846E0,6.862759590E-3,-1.503258944E-3,6.593894958E-2
3.062647248E0,-1.658916473E-3,-6.510019302E-3,4.931545258E-2
3.070641805E0,-1.749014854E-2,1.485970616E-2,3.985786438E-2
3.078637746E0,-1.891767979E-2,2.198293805E-2,4.956245422E-2
3.086633842E0,-1.306164265E-2,-6.687983871E-3,3.773403168E-2
3.094660552E0,-2.416718006E-2,-4.137873650E-3,4.742908478E-2
3.102655032E0,-3.287601471E-2,-1.596231759E-2,5.951976776E-2
3.110651050E0,-1.047039032E-2,-3.028768301E-2,5.963516235E-2
3.118646452E0,2.292037010E-3,-3.517912328E-2,4.537391663E-2
3.126641932E0,-2.313244343E-2,-6.479814649E-3,4.549407959E-2
3.134638565E0,2.311873436E-2,1.026315987E-2,3.601932526E-2
3.142633660E0,3.347551823E-2,3.051236272E-3,3.133392334E-2
3.150659217E0,4.405879974E-2,1.265303791E-2,2.189254761E-2
3.158655466E0,4.048216343E-2,1.507498324E-2,1.487255096E-2
3.166650945E0,4.442906380E-2,1.036068797E-2,5.099582672E-2
3.174647578E0,1.985347271E-2,-1.461714506E-3,5.602455139E-2
3.182642289E0,-9.359002113E-3,9.355247021E-4,4.670429230E-2
3.190637999E0,-3.613543510E-2,-2.053074539E-2,6.372833252E-2
3.198633094E0,-3.914880753E-2,-2.525892854E-2,5.918025970E-2
3.206659958E0,-5.926966667E-2,-1.096911728E-2,4.021739960E-2
3.214655899E0,-6.059145927E-2,-3.790065646E-3,5.233383179E-2
3.222649840E0,-5.987572670E-2,5.694568157E-3,3.806400299E-2
3.230645858E0,-2.580308914E-2,-6.327122450E-3,2.377223969E-2
3.238642107E0,-3.262066841E-2,-6.323024631E-3,1.185035706E-2
3.246637818E0,-5.167579651E-2,-1.595059037E-2,3.819942474E-2
3.254664914E0,-4.462766647E-2,-4.052773118E-3,3.578472137E-2
3.262658778E0,-1.625621319E-2,-2.801813185E-2,6.207275391E-2
3.270655180E0,-4.878401756E-3,-1.848213375E-2,5.959701538E-2
3.278650198E0,1.664996147E-3,-2.796439826E-2,4.275321960E-2
3.286646832E0,9.104013443E-4,-8.740976453E-3,5.222988129E-2
3.294642927E0,9.884238243E-3,-1.471668482E-3,5.214977264E-2
3.302637099E0,1.177847385E-2,8.129641414E-3,5.208301544E-2
3.310632501E0,8.967399597E-3,3.386467695E-3,5.681610107E-2
3.318659904E0,6.441831589E-3,-8.511900902E-3,5.201148987E-2
3.326654691E0,2.064979076E-2,1.107990742E-3,4.001903534E-2
3.334651248E0,-8.086800575E-3,-1.225307584E-3,3.523254395E-2
3.342645804E0,-1.278316975E-2,-5.958363414E-3,5.200576782E-2
3.350642361E0,-7.305145264E-4,-1.783679426E-2,2.568149567E-2
3.358636609E0,-1.493084431E-2,-2.268856764E-2,4.246234894E-2
3.366664012E0,-2.809047699E-3,-2.512471378E-2,5.205917358E-2
3.374660338E0,-9.734392166E-3,-1.784276962E-2,4.730701447E-2
3.382654510E0,-2.408492565E-2,-2.015784383E-2,5.688762665E-2
3.390650143E0,-1.454365253E-2,-8.795261383E-4,5.209732056E-2
3.398645853E0,-2.413487434E-2,1.603588462E-3,6.167411804E-2
3.406641871E0,-1.455903053E-2,8.899271488E-3,4.491615295E-2
3.414637582E0,4.570484161E-3,4.236727953E-3,4.491519928E-2
3.422663447E0,-5.029439926E-3,-1.008634269E-2,4.012489319E-2
3.430658926E0,9.523630142E-3,6.646841764E-3,3.536128998E-2
3.438654560E0,9.915232658E-3,-5.496442318E-4,3.541374207E-2
3.446650655E0,1.527452469E-2,9.084165096E-3,3.549194336E-2
3.454646596E0,1.846897602E-2,-5.175992846E-3,6.433296204E-2
3.462641152E0,2.421271801E-2,-1.707260311E-2,5.488777161E-2
3.470636478E0,6.111025810E-3,-2.422988415E-2,5.981922150E-2
3.478663573E0,-2.153420448E-2,-1.224461198E-2,5.278396606E-2
3.486659360E0,-1.338601112E-3,-1.471249759E-2,4.813480377E-2
3.494655686E0,-1.949858665E-2,-5.158036947E-3,2.193260193E-2
3.502650165E0,-1.142525673E-2,-5.205348134E-3,1.965904236E-2
3.510645491E0,-1.778602600E-2,2.021983266E-3,3.892612457E-2
3.518641509E0,-2.921128273E-2,4.431650043E-3,1.505756378E-2
3.526637835E0,-2.867770195E-2,1.651117206E-2,3.907489777E-2
3.534664314E0,-5.470812321E-2,-2.476513386E-3,2.236080170E-2
3.542659102E0,-1.628279686E-2,-7.011175156E-3,4.153537750E-2
3.550653966E0,-1.625859737E-2,-2.828827500E-2,4.872798920E-2
3.558649984E0,2.802371979E-3,-1.343595982E-2,6.548500061E-2
3.566645694E0,1.471590996E-2,-3.459511697E-2,6.069660187E-2
3.574642251E0,9.883046150E-3,-3.191907704E-2,5.830287933E-2
3.582637424E0,2.451646328E-2,-2.976879478E-3,5.116176605E-2
3.590663211E0,2.979290485E-2,-1.486994326E-2,4.404735565E-2
3.598658613E0,3.055858612E-2,4.225283861E-3,1.063156128E-2
3.606654401E0,7.447957993E-3,2.086594701E-2,3.559112549E-3
3.614650419E0,-1.079189777E-2,2.319085598E-2,2.523040771E-2
3.622645437E0,-2.428615093E-2,-1.517572999E-2,1.577091217E-2
3.630640224E0,-2.104794979E-2,-1.276770234E-2,4.461765289E-2
3.638636934E0,-1.078021526E-2,-5.522832274E-3,5.907821655E-2
3.646663414E0,-1.004326344E-2,-3.420355916E-2,8.072757721E-2
3.654659970E0,-1.890873909E-2,-1.508581638E-2,9.040069580E-2
3.662653911E0,-1.844346523E-2,-8.912533522E-4,8.806705475E-2
3.670649929E0,-1.325142384E-2,1.338917017E-2,4.502487183E-2
3.678645332E0,-3.402829170E-3,1.320047677E-2,3.548049927E-2
3.686641658E0,-2.732527256E-2,1.311758161E-2,2.829837799E-2
3.694637676E0,-4.915034771E-2,1.075300574E-2,1.389598846E-2
3.702662002E0,-6.162035465E-2,1.575760543E-2,1.383304596E-2
3.710658250E0,-5.742716789E-2,-5.528882146E-3,2.572822571E-2
3.718654576E0,-4.373586178E-2,-5.144476891E-4,2.085304260E-2
3.726649671E0,-3.977453709E-2,-2.867430449E-4,4.468631744E-2
3.734646689E0,-2.881789207E-2,-2.406297624E-2,4.694557190E-2
3.742641169E0,-3.248059750E-2,-2.629141510E-2,4.198741913E-2
3.750636264E0,-9.935379028E-3,-2.370184660E-2,4.898452759E-2
3.758662436E0,-1.917719841E-3,-1.169219613E-2,5.356121063E-2
3.766659070E0,3.648519516E-3,-1.637537777E-2,5.334377289E-2
3.774655088E0,4.588484764E-3,-2.580073476E-2,4.836177826E-2
3.782649798E0,1.274609566E-2,-1.355244219E-2,3.859806061E-2
3.790644278E0,2.339518070E-2,-1.329734921E-3,3.842449188E-2
3.798640680E0,3.079056740E-3,-1.535129547E-2,4.066848755E-2
3.806636083E0,-5.207300186E-3,1.761078835E-3,4.052639008E-2
3.814663793E0,9.887218475E-4,-3.493279219E-4,3.082275391E-2
3.822657888E0,2.160811424E-2,2.624215186E-2,2.591419220E-2
3.830654522E0,3.510761261E-2,4.906252027E-3,4.974460602E-2
3.838649078E0,1.284623146E-2,-4.475593567E-3,4.725933075E-2
3.846645096E0,1.676082611E-4,5.324080586E-3,3.759193420E-2
3.854641653E0,-2.451539040E-2,1.742368937E-2,6.383037567E-2
3.862636824E0,-2.288877964E-2,-2.321673930E-2,3.978633881E-2
3.870661381E0,-1.645946503E-2,-2.569413185E-2,4.686546326E-2
3.878657476E0,-9.947896004E-3,2.828776836E-3,4.677104950E-2
3.886653417E0,1.334631443E-2,-2.135506272E-2,6.583213806E-2
3.894650973E0,3.002882004E-3,-3.113852441E-2,4.896450043E-2
3.902644607E0,-4.877567291E-3,-1.471699774E-2,5.365180969E-2
3.910640549E0,1.847720146E-2,-2.981752157E-3,3.680896759E-2
3.918636336E0,2.988004684E-2,-1.996089518E-2,4.630565643E-2
3.926662431E0,1.254308224E-2,-3.328174353E-3,4.861831665E-2
3.934658834E0,-2.303600311E-3,-1.536802948E-2,3.658199310E-2
3.942654159E0,-2.629518509E-3,-8.271321654E-3,4.371833801E-2
3.950648639E0,-2.200007439E-2,1.093849540E-2,3.411388397E-2
3.958644657E0,-1.987385750E-2,-5.713075399E-3,3.408050537E-2
3.966640060E0,-3.945672512E-2,-3.235176206E-3,3.641891479E-2
3.974637001E0,-8.880257607E-3,-1.502896845E-2,5.550289154E-2
3.982662865E0,-9.526968002E-3,-2.455815673E-2,4.105186462E-2
3.990657652E0,4.262566566E-3,-1.976139843E-2,4.815769196E-2
3.998652747E0,1.093828678E-2,-1.260069013E-2,3.851222992E-2
4.006649457E0,4.162383080E-2,-5.518496037E-3,2.887535095E-2
4.014646014E0,2.943587303E-2,-7.234066725E-4,2.884578705E-2
4.022640570E0,3.180623055E-2,3.030046821E-2,3.841781616E-2
4.030635281E0,2.003586292E-2,8.721113205E-3,3.844451904E-2
4.038661837E0,-2.746331692E-2,-5.545303226E-3,5.765056610E-2
4.046658086E0,-4.381453991E-2,-1.021963358E-2,4.094886780E-2
4.054654489E0,-5.093169212E-2,-2.865344286E-3,5.293178558E-2
4.062649199E0,-6.312525272E-2,-2.662423253E-2,5.769443512E-2
4.070644909E0,-4.687047005E-2,-2.647912502E-2,6.481456757E-2
4.078640621E0,-4.530644417E-2,-1.680830121E-2,5.033969879E-2
4.086636331E0,-1.979768276E-2,-2.142009139E-2,3.107929230E-2
4.094662580E0,1.051163673E-2,-9.401544929E-3,3.815460205E-2
4.102657675E0,1.682424545E-2,-2.617979050E-2,1.888465881E-2
4.110653077E0,1.858329773E-2,4.910528660E-3,3.555870056E-2
4.118649018E0,1.553237438E-2,2.589136362E-3,2.110671997E-2
4.126644498E0,7.978320122E-3,2.625331283E-3,2.824115753E-2
4.134640208E0,3.197693825E-2,2.623811364E-3,4.740238190E-2
4.142635226E0,1.039910316E-2,-4.994077981E-2,8.570766449E-2
4.150662014E0,-4.224312305E-2,7.709220052E-3,6.895637512E-2
4.158657493E0,-3.963708878E-3,3.656335175E-2,4.740715027E-2
4.166652896E0,-2.329730988E-2,-2.326689661E-2,5.456733704E-2
4.174650375E0,-3.109109402E-2,-3.038282692E-2,5.688095093E-2
4.182643701E0,-4.627442360E-2,-1.602217555E-2,3.283023834E-2
4.190639334E0,3.443837166E-3,2.229291201E-2,2.557373047E-2
4.198635122E0,1.252138615E-2,7.957682014E-3,2.790164948E-2
4.206661909E0,-7.166981697E-3,-2.547506988E-2,4.459285736E-2
4.214658773E0,-5.191087723E-3,-8.664339781E-3,3.975009918E-2
4.222653022E0,-1.761603355E-2,2.012543380E-2,4.687309265E-2
4.230648655E0,-8.493542671E-3,8.270680904E-3,5.878639221E-2
4.238643750E0,2.836585045E-3,-1.330256462E-2,6.588363647E-2
4.246641077E0,1.653337479E-2,-3.243568540E-2,4.664134979E-2
4.254637403E0,1.837885380E-2,-3.662720323E-3,5.375289917E-2
4.262661651E0,1.798558235E-2,-1.319627464E-2,5.370235443E-2
4.270656516E0,2.513194084E-2,-1.272678375E-3,5.848503113E-2
4.278652534E0,2.549612522E-2,9.953677654E-4,4.895305634E-2
4.286648552E0,3.317403793E-2,-8.707448840E-3,5.859279633E-2
4.294645416E0,1.470661163E-2,-1.125070453E-2,4.431533813E-2
4.302639895E0,1.310491562E-2,3.000989556E-3,5.878353119E-2
4.310635067E0,-9.969353676E-3,-1.874983311E-3,5.410766602E-2
4.318661778E0,-9.191513062E-3,-2.350889146E-2,6.139087677E-2
4.326657488E0,-3.725671768E-2,-9.318739176E-3,3.992843628E-2
4.334654198E0,-4.370725155E-2,-4.603192210E-3,4.481220245E-2
4.342647678E0,-4.320621490E-2,-1.915232837E-2,4.487514496E-2
4.350643696E0,-2.604401112E-2,-5.596876144E-5,1.859092712E-2
4.358639714E0,-4.020667076E-2,1.426839828E-2,2.819442749E-2
4.366635193E0,-4.249691963E-2,-9.126961231E-5,4.496765137E-2
4.374663134E0,-3.322076797E-2,-2.161359787E-2,5.450439453E-2
4.382656768E0,-2.892422676E-2,-2.151013911E-2,4.725837708E-2
4.390653401E0,3.707408905E-3,-1.422186196E-2,6.150817871E-2
4.398648419E0,-4.317045212E-3,-6.905212998E-3,4.942893982E-2
4.406644208E0,2.594387531E-2,-2.602382004E-2,3.973865509E-2
4.414640841E0,8.550167084E-3,-9.163901210E-3,2.529048920E-2
4.422665167E0,3.474462032E-2,3.740638494E-4,3.005886078E-2
4.430661108E0,1.338589191E-2,2.832591534E-3,3.726768494E-2
4.438656203E0,2.330410480E-2,-1.141083241E-2,4.689311981E-2
4.446652913E0,-1.959323883E-2,-1.754030585E-3,5.410480499E-2
4.454648931E0,-3.377020359E-2,-2.793474495E-2,4.934406281E-2
4.462643641E0,-7.364034653E-3,-2.064374089E-2,7.090282440E-2
4.470639352E0,-3.130269051E-2,-1.097591221E-2,5.654048920E-2
4.478665831E0,-2.189445496E-2,-1.325845718E-2,5.412673950E-2
4.486661003E0,-2.450144291E-2,3.585815430E-3,4.931259155E-2
4.494657944E0,-1.532626152E-2,-1.128911972E-3,5.883789062E-2
4.502652116E0,-1.334488392E-2,1.575013995E-2,5.878543854E-2
4.510647442E0,-1.942873001E-3,1.110057533E-2,6.350135803E-2
4.518643844E0,2.217411995E-3,8.740857244E-3,4.905319214E-2
4.526639478E0,-8.188486099E-4,-7.950410247E-3,4.178714752E-2
4.532651492E0,-6.183385849E-3,1.769378781E-3,3.453159332E-2
4.534666573E0,-1.097178459E-2,-1.738423109E-2,4.889678955E-2
4.542660514E0,-1.147508621E-2,-1.005469263E-2,4.404449463E-2
4.550656840E0,1.433277130E-2,-9.926572442E-3,5.355548859E-2
4.558652473E0,-2.443087101E-2,-1.703201234E-2,3.673648834E-2
4.566648260E0,-1.548850536E-2,-1.918937266E-2,4.384136200E-2
4.574643972E0,-1.130509377E-2,-2.150771022E-2,4.376316071E-2
4.582639990E0,4.647850990E-3,-9.507253766E-3,4.844474792E-2
4.590664931E0,1.552224159E-3,-1.187840104E-2,5.074691772E-2
4.598661487E0,1.008749008E-3,-3.344169259E-2,5.546283722E-2
4.606656582E0,-2.023577690E-3,-2.388657629E-2,5.059051514E-2
4.614653216E0,-2.170336246E-2,-1.661552489E-2,6.967639923E-2
4.622648003E0,-7.829904556E-3,-3.331372142E-2,5.764293671E-2
4.630643405E0,-5.901098251E-3,-1.404218376E-2,6.716060638E-2
4.638640039E0,-4.150748253E-3,1.007349789E-2,6.947422028E-2
4.646665595E0,1.199233532E-2,5.388781428E-3,5.981826782E-2
4.654661690E0,6.680250168E-3,1.030522585E-2,3.581047058E-2
4.662656170E0,3.811001778E-3,-1.347745955E-2,3.096294403E-2
4.670651496E0,5.838871002E-3,1.298005879E-2,3.331184387E-2
4.678647821E0,5.695939064E-3,-1.089905202E-2,3.568840027E-2
4.686643839E0,7.754564285E-4,3.484666348E-3,5.961418152E-2
4.694639934E0,-1.690983772E-3,1.034572721E-3,4.284381866E-2
4.702664568E0,7.813096046E-3,-8.673280478E-3,5.719661713E-2
4.710660893E0,-4.086971283E-3,3.180921078E-3,5.480861664E-2
4.718656527E0,-2.565908432E-2,7.438957691E-4,5.719947815E-2
4.726652006E0,-2.340829372E-2,-1.368515193E-2,5.478477478E-2
4.734648948E0,-2.127587795E-2,-2.817286551E-2,5.235290527E-2
4.742643043E0,-4.558539391E-2,-1.866839826E-2,6.427383423E-2
4.750638138E0,-3.665900230E-2,-2.345436811E-2,3.785324097E-2
4.758665541E0,-1.588749886E-2,5.902647972E-4,4.733085632E-2
4.766660405E0,-1.446008682E-2,-8.958801627E-3,3.523254395E-2
4.774657346E0,-1.536285877E-2,-1.123383641E-2,5.905914307E-2
4.782651518E0,1.985073090E-2,-8.798256516E-3,6.375694275E-2
4.790648459E0,7.199287415E-3,-8.793994784E-3,7.085132599E-2
4.798643554E0,2.834022045E-2,-6.451189518E-3,6.840229034E-2
4.806638649E0,4.723155499E-2,-3.532937169E-2,7.075881958E-2
4.814666052E0,3.040480614E-2,-1.399199665E-2,5.638027191E-2
4.822660762E0,1.148331165E-2,2.550631762E-3,4.922294617E-2
4.830655626E0,2.146160603E-2,-1.919506490E-2,4.208850861E-2
4.838651260E0,2.673149109E-2,-4.873499274E-3,4.454421997E-2
4.846647354E0,1.534271240E-2,-4.958286881E-3,4.222488403E-2
4.854643911E0,-1.027441025E-2,1.407723129E-2,3.034496307E-2
4.862638083E0,-2.185940742E-3,-5.264580250E-3,2.806568146E-2
4.870665255E0,-5.410301685E-2,8.971750736E-3,3.295040131E-2
4.878660350E0,-5.606186390E-2,6.589218974E-3,6.173801422E-2
4.886656060E0,-7.040810585E-2,-5.401641130E-3,6.413364410E-2
4.894653309E0,-7.308757305E-2,-2.208375931E-2,8.804035187E-2
4.902647097E0,-5.208146572E-2,-1.734893024E-2,7.360267639E-2
4.910642192E0,-1.942563057E-2,-2.696751058E-2,8.785438538E-2
4.918638518E0,8.351564407E-3,4.041165113E-3,5.420780182E-2
4.926664151E0,7.335066795E-3,-8.570402861E-4,3.491878510E-2
4.934661708E0,1.118540764E-2,1.584109664E-2,1.564121246E-2
4.942655495E0,2.013134956E-2,3.263503313E-2,3.710746765E-2
4.950651897E0,2.205872536E-2,4.017382860E-3,5.380821228E-2
4.958646685E0,9.867548943E-3,1.715630293E-3,6.335830688E-2
4.966642626E0,-9.459614754E-3,-1.730288565E-2,8.009910583E-2
4.974639028E0,-1.670658588E-2,-1.717102528E-2,8.967018127E-2
4.982664277E0,-4.318892956E-2,-7.563933730E-3,8.486366272E-2
4.990659680E0,-1.690053940E-2,-7.592737675E-3,6.809616089E-2
4.998655390E0,-3.633439541E-2,-3.884334862E-2,7.763385773E-2
5.006651408E0,-2.478682995E-2,-3.412525356E-2,4.884624481E-2
5.014648042E0,-2.753674984E-2,2.787871659E-2,3.682422638E-2
5.022641906E0,3.238916397E-3,-1.295781136E-2,3.677558899E-2
5.030638155E0,1.729834080E-2,-2.247899771E-2,5.110263824E-2
5.038664403E0,-1.412117481E-2,1.450821757E-3,5.106353760E-2
5.046660729E0,-4.864931107E-3,-5.754128098E-3,5.341529846E-2
5.054656747E0,-1.482141018E-2,3.798991442E-3,7.491302490E-2
5.062651534E0,-1.286280155E-2,-3.220704198E-2,7.964324951E-2
5.070646630E0,1.310980320E-2,-3.699156642E-2,8.677864075E-2
5.078642033E0,1.512968540E-2,-2.502910793E-2,7.475757599E-2
5.086638282E0,1.004660130E-2,-1.329793036E-2,7.471370697E-2
5.094665761E0,3.641188145E-2,-8.607998490E-3,5.556201935E-2
5.102659933E0,1.494348049E-2,-3.955349326E-3,6.754016876E-2
5.110654720E0,7.678270340E-4,-4.120588303E-3,4.361915588E-2
5.118651354E0,-2.765607834E-2,-4.219725728E-3,5.323410034E-2
5.126646449E0,-3.450393677E-3,1.248420775E-2,4.129695892E-2
5.134643082E0,-2.710652351E-2,-1.869599521E-2,5.569744110E-2
5.142638485E0,-1.480197906E-2,-4.396185279E-3,3.179740906E-2
5.150663657E0,-4.105472565E-2,-9.208798409E-3,5.574989319E-2
5.158659444E0,-2.428245544E-2,-1.163128018E-2,5.814456940E-2
5.166655770E0,-2.931058407E-2,2.768293023E-3,7.008552551E-2
5.174652095E0,-2.273356915E-2,-1.153786480E-2,6.521987915E-2
5.182646498E0,-4.090785980E-3,-2.578076720E-2,8.909797668E-2
5.190642901E0,9.722232819E-3,-1.842576265E-2,7.945251465E-2
5.198637688E0,1.872611046E-2,-1.113992929E-2,7.219696045E-2
5.206664398E0,2.306783199E-2,-8.681505919E-3,6.495952606E-2
5.214660416E0,2.271449566E-2,3.323376179E-3,6.491374969E-2
5.222655203E0,2.499127388E-2,-1.511827111E-3,4.574394226E-2
5.230650376E0,-1.272797585E-3,1.040452719E-2,5.054092407E-2
5.238646087E0,1.078200340E-2,1.275996864E-2,4.336833954E-2
5.246642643E0,1.332235336E-2,5.531400442E-3,2.902030945E-2
5.254638661E0,-5.591750145E-3,-1.126049459E-2,5.059909821E-2
5.262663987E0,1.144969463E-2,-1.577198505E-3,4.584980011E-2
5.270659697E0,-4.947185516E-5,3.243148327E-3,6.745815277E-2
5.278654715E0,-2.120625973E-2,-2.783897519E-2,7.229995728E-2
5.286650810E0,-3.304862976E-2,-3.019516170E-2,8.189296722E-2
5.294647674E0,-3.082180023E-2,-8.583530784E-3,9.624004364E-2
5.302641538E0,-2.888011932E-2,-6.151109934E-3,8.899879456E-2
5.310667479E0,-2.710831165E-2,-6.113514304E-3,8.413028717E-2
5.318664344E0,-1.351320744E-2,-3.250895441E-2,8.402824402E-2
5.326659746E0,-2.139925957E-2,-1.099054515E-2,7.196521759E-2
5.334656149E0,-2.221393585E-2,-2.293755114E-2,5.510139465E-2
5.342650628E0,1.287782192E-2,1.007303596E-3,3.823471069E-2
5.350646339E0,-7.080435753E-3,-6.135374308E-3,4.052639008E-2
5.358642049E0,1.720428467E-3,1.070669293E-2,4.042720795E-2
5.366637452E0,4.669713974E-2,-2.503542602E-2,7.148933411E-2
5.374664854E0,2.712011337E-2,-8.220613003E-3,6.664657593E-2
5.382659642E0,7.752418518E-3,-1.297610998E-2,6.183242798E-2
5.390653814E0,1.741361618E-2,-2.742165327E-2,6.184101105E-2
5.398650679E0,8.593797684E-4,-2.033387125E-2,7.144260406E-2
5.406646389E0,-2.768945694E-2,-1.318356395E-2,6.907081604E-2
5.414643022E0,-2.058231831E-2,-2.033105493E-2,8.103275299E-2
5.422668348E0,-2.790272236E-2,-2.743826807E-2,7.862186432E-2
5.430663058E0,-1.617145538E-2,-2.983506024E-2,7.619762421E-2
5.438659153E0,-1.407074928E-2,-1.537978649E-2,7.137298584E-2
5.446655171E0,-1.197898388E-2,-2.492496371E-2,4.739189148E-2
5.454650882E0,2.124989033E-2,1.099924743E-2,5.932617188E-2
5.462645592E0,1.141560078E-2,1.809260249E-2,5.450248718E-2
5.470641379E0,1.838481426E-2,2.285385132E-2,5.447483063E-2
5.478667859E0,1.579833031E-2,1.093076169E-2,5.205631256E-2
5.486662954E0,6.172299385E-3,-1.295433939E-2,6.162834167E-2
5.494659280E0,-3.503918648E-3,-1.533423364E-2,6.640338898E-2
5.502655221E0,-2.268183231E-2,-1.055467129E-2,7.837200165E-2
5.510649700E0,-2.015590668E-2,-1.787149906E-2,7.120323181E-2
5.518646026E0,-7.942199707E-3,-2.758274972E-2,8.320236206E-2
5.526641813E0,-1.982283592E-2,-4.215519130E-2,7.123851776E-2
5.534669447E0,-2.940928936E-2,-1.654341817E-3,8.080863953E-2
5.542663618E0,-2.960550785E-2,5.392029881E-3,6.881046295E-2
5.550658713E0,-3.467679024E-2,-1.796633005E-3,5.919647217E-2
5.558654194E0,-4.228115082E-2,-8.994072676E-3,6.153583527E-2
5.566651058E0,-9.253382683E-3,-4.138112068E-3,5.189704895E-2
5.574647461E0,2.242922783E-3,-1.668408513E-3,8.296298981E-2
5.582641556E0,1.813530922E-3,-1.120072603E-2,7.812023163E-2
5.590667728E0,1.103246212E-2,-2.556574345E-2,9.004497528E-2
5.598662899E0,3.621101379E-3,-2.076005936E-2,8.522796631E-2
5.606659456E0,3.246510029E-2,-2.802866697E-2,8.524036407E-2
5.614655474E0,-9.590387344E-4,-4.003730416E-2,8.525180817E-2
5.622649415E0,1.598334312E-2,-9.054899216E-3,7.090568542E-2
5.630645125E0,3.317177296E-2,1.480044425E-2,5.180549622E-2
5.638641451E0,1.208305359E-2,-2.003952861E-3,5.186462402E-2
5.646668161E0,-4.067897797E-3,2.190628648E-2,3.518295288E-2
5.654664795E0,-1.547420025E-2,2.191917598E-2,6.398677826E-2
5.662658967E0,-2.210235596E-2,1.719944179E-2,4.011821747E-2
5.670653215E0,-5.043518543E-2,1.004132628E-2,6.411170959E-2
5.678650464E0,-4.553151131E-2,-9.074270725E-3,8.088588715E-2
5.686645867E0,-6.027388573E-2,-1.378138363E-2,8.802223206E-2
5.694643116E0,-5.158817768E-2,-1.134093106E-2,9.030342102E-2
5.702667441E0,-6.000030041E-2,-2.557548881E-2,8.775234222E-2
5.710662536E0,-4.711723328E-2,-1.839359105E-2,5.643653870E-2
5.718657862E0,-2.484631538E-2,-4.462695122E-2,6.819534302E-2
5.726654189E0,2.848708630E-2,-2.786415815E-2,5.121231079E-2
5.734650591E0,3.416633606E-2,-1.102101803E-2,3.665637970E-2
5.742645994E0,3.307354450E-2,-1.095461845E-2,5.806541443E-2
5.750641089E0,4.189896584E-2,-1.336687803E-2,7.472801208E-2
5.758667261E0,5.111610889E-2,9.151846170E-4,8.186244965E-2
5.766663202E0,3.925359249E-2,5.670741200E-3,9.384727478E-2
5.774658681E0,1.821899414E-2,-3.911361098E-3,1.034898758E-1
5.782654392E0,1.411974430E-2,-2.798146009E-2,9.399890900E-2
5.790648794E0,-8.939027786E-3,-1.370744407E-2,9.171581268E-2
5.798644812E0,-2.248752117E-2,-1.145730913E-2,8.942317963E-2
5.806640830E0,-2.903831005E-2,-1.879552007E-2,7.992362976E-2
5.814668618E0,-3.104901314E-2,-1.162512600E-2,4.884815216E-2
5.822662482E0,-5.250072479E-2,-4.441425204E-3,4.646587372E-2
5.830658500E0,-3.349065781E-2,-2.126172185E-3,4.165744781E-2
5.838653903E0,-4.578053951E-2,2.024024725E-4,2.246093750E-2
5.846649844E0,-2.696275711E-2,7.386669517E-3,3.917789459E-2
5.854645631E0,-2.255022526E-2,-1.176168025E-2,5.588817596E-2
5.862641034E0,-6.269812584E-3,1.466254890E-2,7.498264313E-2
5.870666590E0,7.381558418E-3,1.225523651E-2,9.404563904E-2
5.878662916E0,-5.882978439E-4,-9.247690439E-3,1.059160233E-1
5.886658549E0,8.236527443E-3,3.880858421E-4,1.130046844E-1
5.894654876E0,9.773015976E-3,-6.740838289E-3,1.128959656E-1
5.902649432E0,-3.059983253E-3,5.264967680E-3,9.123706818E-2
5.910645143E0,3.457427025E-3,-1.912772655E-3,7.678699493E-2
5.918640853E0,5.317091942E-3,-2.353204787E-2,5.756378174E-2
5.926667025E0,-2.269387245E-3,2.817600965E-3,3.117561340E-2
5.934663351E0,9.249329567E-3,-1.954481006E-3,5.266666412E-2
5.942658138E0,-7.795453072E-3,-2.828906476E-2,4.305362701E-2
5.950652848E0,-7.441043854E-4,-3.071755171E-2,4.064083099E-2
5.958649482E0,3.854751587E-3,-3.315886855E-2,7.174110413E-2
5.966645269E0,-1.061618328E-2,-9.385526180E-3,7.651233673E-2
5.974641594E0,-8.335828781E-3,-4.802480340E-3,6.691646576E-2
5.982666151E0,-2.539336681E-2,-2.577960491E-3,1.003932953E-1
5.990662554E0,-5.218279362E-2,-3.384053707E-4,1.075153351E-1
5.998657879E0,-3.354084492E-2,1.159635186E-2,8.590030670E-2
6.006653974E0,-5.453705788E-3,-3.878176212E-4,8.821392059E-2
6.014649608E0,9.664297104E-4,-1.465588808E-2,7.614707947E-2
6.022644472E0,2.416896820E-2,-1.457823813E-2,5.929374695E-2
6.030640105E0,2.365469933E-2,-2.633735538E-3,5.443954468E-2
6.038666662E0,2.109360695E-2,-9.869650006E-3,5.681228638E-2
6.046662680E0,3.072011471E-2,-1.711037755E-2,5.921077728E-2
6.054658699E0,1.665127277E-2,-1.239004731E-2,5.445861816E-2
6.062653486E0,-4.297256470E-3,-7.585689425E-3,6.171798706E-2
6.070649196E0,1.778757572E-2,-2.924121916E-2,8.333206177E-2
6.078645445E0,-1.988148689E-2,8.889362216E-3,7.383251190E-2
6.086640002E0,-9.771704674E-3,-7.567703724E-4,9.544754028E-2
6.094668635E0,-3.813338280E-2,-9.750574827E-4,9.788417816E-2
6.102662115E0,4.414319992E-4,-2.036771178E-2,1.003065109E-1
6.110656902E0,-3.780972958E-2,-6.290242076E-3,8.354854584E-2
6.118653304E0,-2.362632751E-2,-2.086994052E-2,6.915473938E-2
6.126648938E0,-5.760073662E-2,-1.858392358E-2,6.669998169E-2
6.134645340E0,-5.827844143E-2,5.362689495E-3,3.070068359E-2
6.142640128E0,-4.964959621E-2,-8.857667446E-3,5.213165283E-2
6.150665992E0,-2.946615219E-2,-1.818260550E-2,3.759765625E-2
6.158662625E0,-6.995558739E-3,-1.788130403E-2,5.178260803E-2
6.166657720E0,2.025532722E-2,-2.245213091E-2,8.032989502E-2
6.174654584E0,2.123224735E-2,-3.211790323E-2,7.057189941E-2
6.182648525E0,2.720201015E-2,-3.220643103E-2,7.759857178E-2
6.190644236E0,2.378332615E-2,-1.796634495E-2,5.591869354E-2
6.198639946E0,2.067613602E-2,-1.336732507E-2,7.497692108E-2
6.206666656E0,2.015566826E-2,-1.104834676E-2,7.730388641E-2
6.214662444E0,5.267143250E-3,-1.107037067E-2,8.920860291E-2
6.222657770E0,-4.749059677E-3,-1.348865032E-2,7.478713989E-2
6.230654096E0,-2.690434456E-3,-6.318271160E-3,6.037902832E-2
6.238648960E0,1.388835907E-2,1.526637375E-2,7.711696625E-2
6.246644901E0,2.098226547E-2,3.432214260E-3,6.992626190E-2
6.254671766E0,2.576863766E-2,-2.522084117E-2,6.992816925E-2
6.262665937E0,1.142179966E-2,-1.208320260E-3,6.274890900E-2
6.270661032E0,-4.891157150E-4,-3.532439470E-3,7.472896576E-2
6.278656973E0,-5.313396454E-3,-2.745360136E-2,8.430194855E-2
6.286653376E0,-5.405068398E-3,-2.521388233E-2,9.625816345E-2
6.294650548E0,-7.943749428E-3,-1.110351086E-2,8.186912537E-2
6.302643874E0,-2.976298332E-2,-6.596192718E-3,8.182907104E-2
6.310670661E0,-2.287447453E-2,-9.348124266E-3,6.981277466E-2
6.318666294E0,-2.559125423E-2,-2.499595284E-3,4.821586609E-2
6.326661159E0,-4.042530060E-2,-9.868785739E-3,5.772972107E-2
6.334658715E0,-3.860247135E-2,1.154093444E-2,5.765533447E-2
6.342652887E0,-4.650843143E-2,1.629649103E-2,5.756282806E-2
6.350647982E0,-3.536224365E-2,-1.952938735E-2,7.182598114E-2
6.358644538E0,-5.307555199E-3,4.533767700E-3,7.887744904E-2
6.366640018E0,-6.355285645E-3,-7.241338491E-3,9.072113037E-2
6.374666420E0,-4.907727242E-3,-1.199355721E-2,1.001796722E-1
6.382661593E0,-5.686998367E-3,-2.407762408E-2,8.810806274E-2
6.390657611E0,1.521527767E-2,-1.459677517E-2,7.605361938E-2
6.398653014E0,2.421677113E-2,1.408050954E-2,7.837486267E-2
6.406649032E0,-4.940032959E-3,-3.864181042E-2,6.874465942E-2
6.414645358E0,3.065741062E-2,-9.977504611E-3,7.827949524E-2
6.422670222E0,2.810287476E-2,-1.223649085E-2,4.474449158E-2
6.430664701E0,4.017579556E-2,-2.179957926E-2,5.912303925E-2
6.438661719E0,4.531407356E-2,-2.901260555E-2,6.874179840E-2
6.446657045E0,3.161942959E-2,-1.705454290E-2,5.685520172E-2
6.454653371E0,1.332354546E-2,-1.232010126E-2,8.569240570E-2
6.462647927E0,-4.895329475E-3,1.902982593E-3,9.298896790E-2
6.470644253E0,-3.998291492E-2,-1.022167504E-2,7.872295380E-2
6.478669810E0,-3.693473339E-2,-5.629599094E-3,7.401371002E-2
6.486665828E0,-6.759881973E-2,6.264239550E-3,8.364582062E-2
6.494662153E0,-4.131948948E-2,-3.438195586E-2,7.645702362E-2
6.502657248E0,-6.086874008E-2,-1.041527092E-2,8.119773865E-2
6.510652036E0,-2.565550804E-2,-2.711749077E-2,8.111095428E-2
6.518648054E0,-1.686000824E-2,-2.231915295E-2,5.946445465E-2
6.526644687E0,-8.094072342E-3,-3.218889236E-3,6.654357910E-2
6.534670859E0,5.517840385E-3,-5.670905113E-3,5.687141418E-2
6.542666185E0,3.830051422E-2,-1.063880324E-2,7.114028931E-2
6.550661588E0,8.947610855E-3,-2.016498148E-2,7.106304169E-2
6.558656991E0,3.014671803E-2,-1.539449394E-2,8.538532257E-2
6.566651855E0,2.528560162E-2,8.556202054E-3,9.495353699E-2
6.574648719E0,3.861188889E-3,-1.778729260E-2,9.496879578E-2
6.582643814E0,6.463885307E-3,-1.058219373E-2,9.978389740E-2
6.590669447E0,-5.341172218E-3,-1.544192433E-2,9.022617340E-2
6.598665696E0,-2.899348736E-2,-1.059368253E-3,6.392574310E-2
6.606660868E0,-2.646708488E-2,-8.356794715E-3,7.112216949E-2
6.614656809E0,-4.068934917E-2,-1.081354916E-2,6.874465942E-2
6.622652289E0,-2.149009705E-2,-6.159096956E-3,7.832431793E-2
6.630648845E0,-1.197385788E-2,-1.425936818E-3,6.155586243E-2
6.638643402E0,-2.396726608E-2,-2.062104642E-2,6.394672394E-2
6.646669881E0,-2.648234367E-2,9.455680847E-4,7.111454010E-2
6.654666745E0,-5.011320114E-3,-2.063894272E-2,6.392192841E-2
6.662661225E0,-2.834916115E-3,-1.594752073E-2,9.262275696E-2
6.670655782E0,1.797437668E-3,-1.121960580E-2,7.823657990E-2
6.678652723E0,6.417751312E-3,-4.066705704E-3,8.300399780E-2
6.686647818E0,1.829409599E-2,1.981408894E-2,7.580757141E-2
6.694644682E0,-1.522433758E-2,1.006765664E-2,7.340908051E-2
6.702670007E0,-1.033043861E-2,-1.882106066E-2,8.539104462E-2
6.710665641E0,-2.976059914E-3,-4.290150106E-2,9.498596191E-2
6.718660814E0,1.642894745E-2,-2.857430279E-2,7.346820831E-2
6.726657370E0,-1.502037048E-4,-2.626620233E-2,6.151771545E-2
6.734652465E0,-2.391576767E-2,-7.195547223E-3,6.872177124E-2
6.742647560E0,-2.364706993E-2,-7.320642471E-3,5.917549133E-2
6.750642347E0,-2.581405640E-2,-1.697006822E-2,4.962539673E-2
6.758670365E0,-2.086460590E-2,-1.697346568E-2,7.598114014E-2
6.766665460E0,-1.847553253E-2,-1.451197267E-2,6.640529633E-2
6.774662786E0,-3.064656258E-2,-2.158223093E-2,7.356643677E-2
6.782656035E0,-2.846550941E-2,-9.501338005E-3,9.748363495E-2
6.790652899E0,4.767298698E-3,-7.111981511E-3,8.068847656E-2
6.798647455E0,9.225010872E-3,-7.094010711E-3,8.543682098E-2
6.806643089E0,1.621210575E-2,-2.629859746E-2,9.019947052E-2
6.814671107E0,2.554202080E-2,-2.634268999E-2,8.537864685E-2
6.822664433E0,1.342785358E-2,-7.269322872E-3,8.775234222E-2
6.830660374E0,1.119625568E-2,6.971821189E-3,6.622219086E-2
6.838656084E0,1.402282715E-2,-9.915530682E-3,7.345676422E-2
6.846652487E0,2.623558044E-3,-3.899484873E-4,6.873893738E-2
6.854648505E0,-3.047418594E-2,1.629824936E-2,8.315563202E-2
6.862642907E0,-3.230929375E-2,1.779466867E-3,9.519290924E-2
6.870669464E0,-2.940583229E-2,-1.032309234E-2,7.609939575E-2
6.878665406E0,-5.088496208E-2,-2.953030169E-2,8.089637756E-2
6.886660578E0,-5.588579178E-2,-8.047908545E-3,6.889629364E-2
6.894657134E0,-3.719055653E-2,1.545101404E-3,5.208015442E-2
6.902651921E0,-3.293788433E-2,1.610830426E-3,4.722595215E-2
6.910646401E0,-5.072832108E-3,-1.974312961E-2,7.106304169E-2
6.918642727E0,-4.218983650E-2,-4.076361656E-4,5.176258087E-2
6.926669591E0,-3.147280216E-2,-1.347362995E-4,6.597709656E-2
6.934665840E0,-1.826941967E-2,-1.201127470E-2,7.541084290E-2
6.942660088E0,6.972193718E-3,-2.148139477E-2,1.111898422E-1
6.950656030E0,2.520596981E-2,-2.855505049E-2,1.015014648E-1
6.958651509E0,1.246368885E-2,-1.655274630E-2,8.704090118E-2
6.966647450E0,1.191723347E-2,-1.888030767E-2,1.013393402E-1
6.974643853E0,2.365267277E-2,-3.066790104E-2,1.132850647E-1
6.982669025E0,3.791630268E-2,-1.612663269E-2,9.172821045E-2
6.990664120E0,3.559541702E-2,-1.355050504E-2,7.498168945E-2
6.998659522E0,2.871894836E-2,-6.183058023E-3,5.587005615E-2
7.006656463E0,3.668177128E-2,-1.566369832E-2,4.399967194E-2
7.014652251E0,2.327537537E-2,-1.074844599E-2,6.806278229E-2
7.022647653E0,-1.393401623E-2,1.324594021E-2,7.298946381E-2
7.030642671E0,-1.766705513E-2,-5.922853947E-3,6.593799591E-2
7.038669151E0,-5.270206928E-2,-3.622040153E-3,7.322788239E-2
7.046664631E0,-4.235816002E-2,-6.089076400E-3,8.529472351E-2
7.054660649E0,-3.953874111E-2,-1.101751626E-2,7.337284088E-2
7.062656360E0,-3.458547592E-2,-2.064301074E-2,9.015274048E-2
7.070651147E0,-4.417562485E-2,3.269374371E-3,7.817935944E-2
7.078647088E0,-3.244435787E-2,-2.308021486E-2,8.054351807E-2
7.086642491E0,-3.533923626E-2,-1.103003323E-2,6.611633301E-2
7.094670509E0,-3.118526936E-2,1.134812832E-3,7.322406769E-2
7.102664758E0,1.119041443E-2,-2.489927411E-2,5.638122559E-2
7.110660083E0,-1.498103142E-3,-1.505027711E-2,5.390357971E-2
7.118655486E0,7.555365562E-3,4.319161177E-3,7.778549194E-2
7.126651196E0,9.557604790E-3,-1.227916777E-2,8.492279053E-2
7.134647599E0,2.864074707E-2,-9.828627110E-3,8.491516113E-2
7.142642694E0,3.600490093E-2,-2.473846078E-3,1.040954590E-1
7.150667635E0,3.655672073E-2,-2.471059561E-3,1.089515686E-1
7.158664268E0,3.699660301E-3,-7.296159863E-3,1.018514633E-1
7.166660286E0,-1.235938072E-2,-1.444546878E-2,7.320880890E-2
7.174656227E0,-1.651895046E-2,-4.886969924E-3,7.807540894E-2
7.182651092E0,1.060712337E-2,-2.388677001E-2,6.620597839E-2
7.190647110E0,2.086889744E-2,-6.999462843E-3,4.953575134E-2
7.198673205E0,1.442313194E-2,-4.547983408E-3,5.441761017E-2
7.206668607E0,-6.193041801E-3,7.473587990E-3,5.932331085E-2
7.214665242E0,-3.398251534E-2,7.598206401E-3,6.662654877E-2
7.222660337E0,-3.558051586E-2,4.971027374E-4,7.391166687E-2
7.230654893E0,-6.862473488E-2,-1.379156113E-2,7.876110077E-2
7.238650834E0,-7.109820843E-2,-1.112999022E-2,9.312152863E-2
7.246646621E0,-6.181752682E-2,-3.011830151E-2,1.026649475E-1
7.254674255E0,-4.819965363E-2,-3.001172841E-2,9.778594971E-2
7.262668196E0,-2.271103859E-2,-3.702309728E-2,1.000776291E-1
7.270664214E0,-4.446983337E-3,-2.984644473E-2,6.884193420E-2
7.278659309E0,6.819009781E-3,-8.325308561E-3,6.635761261E-2
7.286655942E0,3.038167953E-2,-3.586217761E-3,4.955101013E-2
7.294651960E0,4.696106911E-2,1.160219312E-3,4.952621460E-2
7.302647055E0,3.031980991E-2,1.085008681E-2,3.757286072E-2
7.310672535E0,4.029071331E-2,-1.536060870E-2,6.635475159E-2
7.318669476E0,3.131294250E-2,-1.758500934E-2,9.276962280E-2
7.326664032E0,8.036613464E-3,-2.697579563E-2,1.048297882E-1
7.334660281E0,-1.271831989E-2,-2.923305333E-2,1.169023514E-1
7.342655145E0,-2.399098873E-2,-2.668409050E-2,1.122055054E-1
7.350650856E0,-4.024362564E-2,-3.381973505E-2,9.072208405E-2
7.358646181E0,-3.993475437E-2,-7.479369640E-3,6.921291351E-2
7.366672353E0,-3.526568413E-2,-2.624556422E-3,6.919956207E-2
7.374669680E0,-3.070545197E-2,-3.125329316E-2,6.199073792E-2
7.382664083E0,-2.393376827E-2,-4.839539528E-3,6.194114685E-2
7.390658562E0,-5.353689194E-3,-4.706323147E-3,6.905460358E-2
7.398655580E0,-3.372669220E-3,-1.421105862E-2,5.703258514E-2
7.406650367E0,-2.306199074E-2,1.217636466E-2,7.851505280E-2
7.414647232E0,-1.811981201E-3,5.045682192E-3,7.847881317E-2
7.422672480E0,1.941394806E-2,-1.164664328E-2,9.998798370E-2
7.430668191E0,7.151007652E-3,-3.069196641E-2,1.167135239E-1
7.438663593E0,2.119076252E-2,-2.106346190E-2,8.794212341E-2
7.446659073E0,-1.258981228E-2,-9.132862091E-3,9.748554230E-2
7.454655937E0,4.100561142E-3,-1.626789570E-2,6.635284424E-2
7.462650801E0,6.667137146E-3,-1.634833217E-2,6.158447266E-2
7.470645588E0,-1.997947693E-4,-4.309818149E-3,6.880855560E-2
7.478672683E0,-6.919622421E-3,-9.066849947E-3,6.647300720E-2
7.486668086E0,-1.833224297E-2,-1.378865540E-2,6.415081024E-2
7.494664412E0,-1.784694195E-2,6.077587605E-4,7.857704163E-2
7.502658814E0,-2.462649345E-2,-1.375143230E-2,7.623291016E-2
7.510655448E0,-2.449774742E-2,-8.970916271E-3,8.343219757E-2
7.518650004E0,-1.731503010E-2,-3.290110826E-2,7.385540009E-2
7.526646330E0,-2.949738503E-2,-8.963406086E-3,6.904029846E-2
7.534673117E0,-9.713172913E-4,7.809460163E-3,7.140922546E-2
7.542667829E0,-1.270413399E-3,5.488619208E-3,5.940246582E-2
7.550663308E0,-1.111125946E-2,7.879734039E-4,4.740047455E-2
7.558659326E0,-4.074931145E-3,-2.299250662E-2,8.808708191E-2
7.566654959E0,2.452468872E-2,-8.463695645E-3,8.328628540E-2
7.574651362E0,5.513906479E-3,-2.751867473E-2,8.330631256E-2
7.582646380E0,-3.795027733E-3,-1.076558232E-2,1.000995636E-1
7.590672321E0,-8.309721947E-3,-3.563731909E-3,9.295082092E-2
7.598668262E0,-1.290130615E-2,-8.453667164E-3,8.818531036E-2
7.606663973E0,-2.003920078E-2,-3.859668970E-3,8.339786530E-2
7.614660375E0,-2.958619595E-2,9.018629789E-4,5.467128754E-2
7.622654778E0,-2.235937119E-2,-1.346935332E-2,6.425285339E-2
7.630649642E0,-3.291368484E-3,-6.238400936E-3,5.466651917E-2
7.638646199E0,-3.350973129E-3,-1.569342613E-2,7.142066956E-2
7.646672447E0,-5.795717239E-3,-1.072271168E-2,6.902503967E-2
7.654669004E0,1.480221748E-3,-2.029167116E-2,7.382488251E-2
7.662662945E0,8.770465851E-3,-3.934690356E-2,9.060001373E-2
7.670658578E0,3.941297531E-3,-2.503180504E-2,8.341121674E-2
7.678654366E0,-8.153915405E-4,-8.326590061E-3,7.383728027E-2
7.686651230E0,4.094243050E-3,-8.391112089E-3,9.061145782E-2
7.694645786E0,4.155755043E-3,-1.081271470E-2,6.428146362E-2
7.702671882E0,-5.038261414E-3,-6.011411548E-3,5.954074860E-2
7.710666669E0,-4.628658295E-3,-3.569811583E-3,5.480480194E-2
7.718662995E0,7.055997849E-4,-1.785376668E-2,8.121204376E-2
7.726658475E0,-2.516520023E-2,-5.848839879E-3,6.211757660E-2
7.734655954E0,-2.243876457E-2,1.427516341E-3,7.892036438E-2
7.742649588E0,-3.901016712E-2,-5.626827478E-3,6.937026978E-2
7.750645606E0,-2.223932743E-2,-7.887691259E-3,8.852863312E-2
7.758672316E0,-1.275956631E-2,-2.203042805E-2,8.133888245E-2
7.766668026E0,-3.219068050E-2,-7.473558187E-3,9.088516235E-2
7.774663737E0,-1.081216335E-2,-1.457753778E-2,9.086513519E-2
7.782658832E0,-3.503811359E-2,-2.551689744E-3,8.604335785E-2
7.790653696E0,-2.576136589E-2,-4.977464676E-3,7.642650604E-2
7.798650329E0,-1.168906689E-2,-1.459042728E-2,7.399559021E-2
7.806645655E0,7.105469704E-3,-1.852214336E-4,7.634544373E-2
7.814672442E0,-2.760171890E-3,7.053196430E-3,6.673336029E-2
7.822667306E0,8.877515793E-3,-1.203684509E-2,5.951023102E-2
7.830663632E0,3.849983215E-3,-9.564027190E-3,6.187629700E-2
7.838658958E0,1.590096951E-2,-2.636270225E-2,7.864475250E-2
7.846654053E0,-1.278603077E-2,-2.874873579E-2,8.104515076E-2
7.854651301E0,-3.414332867E-2,-1.667805016E-2,8.346557617E-2
7.862645550E0,-3.636157513E-2,-2.850872278E-2,9.306716919E-2
7.870671031E0,-3.877580166E-2,-1.641763747E-2,1.002502441E-1
7.878667049E0,-1.738512516E-2,-1.625509560E-2,1.098108292E-1
7.886662528E0,-1.275885105E-2,-1.851220429E-2,8.106327057E-2
7.894660085E0,1.806008816E-2,3.137275577E-3,8.342075348E-2
7.902654180E0,1.551306248E-2,5.568772554E-3,6.424903870E-2
7.910648967E0,2.257514000E-2,8.105799556E-3,6.423759460E-2
7.918645677E0,5.803108215E-3,1.538811624E-2,6.184291840E-2
7.926671772E0,1.038312912E-3,-3.612279892E-3,5.466747284E-2
7.934668406E0,-1.079046726E-2,-5.930051208E-3,6.905269623E-2
7.942662347E0,-2.021241188E-2,-8.270308375E-3,6.907272339E-2
7.950657980E0,-1.273441315E-2,-3.467704356E-2,7.868576050E-2
7.958653998E0,-2.212560177E-2,-3.242246807E-2,9.307003021E-2
7.966649709E0,-1.476788521E-2,-2.790382504E-2,9.069252014E-2
7.974646650E0,-2.909708023E-2,-8.993029594E-3,7.872009277E-2
7.982670975E0,-2.205908298E-2,-1.880590618E-2,7.151412964E-2
7.990666763E0,1.778721809E-3,-2.604696155E-2,7.389450073E-2
7.998662473E0,-8.540153503E-4,-1.180244982E-2,8.583354950E-2
8.006658183E0,-5.871057510E-3,9.600818157E-5,8.819580078E-2
8.014655124E0,-1.077914238E-2,-1.668228209E-2,6.902790070E-2
8.022649527E0,-1.333785057E-2,-9.490996599E-3,6.182384491E-2
8.030645007E0,-2.068650723E-2,-1.171492040E-2,8.096218109E-2
8.038671487E0,-1.611626148E-2,-1.873356104E-2,7.375526428E-2
8.046666813E0,-1.637983322E-2,-2.808944881E-2,9.288024902E-2
8.054663446E0,2.506256104E-3,-2.314206958E-2,8.327388763E-2
8.062657695E0,1.667535305E-2,-2.542199194E-2,8.564662933E-2
8.070653713E0,9.430408478E-3,-3.261548281E-2,8.085060120E-2
8.078648731E0,3.598773479E-2,-3.988450766E-2,7.608604431E-2
8.086645364E0,3.636395931E-2,-1.848505437E-2,6.415939331E-2
8.094671613E0,3.946173191E-2,-1.385535300E-2,5.706119537E-2
8.102666401E0,1.636171341E-2,-2.052262425E-3,6.195163727E-2
8.110661726E0,-3.064393997E-2,2.601593733E-3,5.487632751E-2
8.118657513E0,-3.230333328E-2,1.214326918E-2,5.975627899E-2
8.126652839E0,-5.102515221E-2,-1.175940037E-2,9.572505951E-2
8.134650088E0,-7.244813442E-2,-1.655146480E-2,7.658576965E-2
8.142644875E0,-4.396092892E-2,-2.840909362E-2,8.852958679E-2
8.150671047E0,-3.251051903E-2,-2.839845419E-2,7.409954071E-2
8.158666757E0,-2.601993084E-2,-3.308624029E-2,8.359146118E-2
8.166663160E0,1.153826714E-2,-1.627305150E-2,7.392120361E-2
8.174658255E0,3.589510918E-3,-1.390534639E-2,8.340167999E-2
8.182653273E0,2.692663670E-2,-1.378506422E-2,6.896305084E-2
8.190648983E0,2.166175842E-2,3.036409616E-3,8.327007294E-2
8.198645309E0,1.893723011E-2,-4.143685102E-3,8.562374115E-2
8.206670559E0,-2.355575562E-4,6.162673235E-4,9.759140015E-2
8.214667192E0,7.053017616E-3,-9.044513106E-3,8.802604675E-2
8.222661672E0,2.517342567E-3,-1.926615834E-3,8.566284180E-2
8.230658382E0,-1.856076717E-2,-1.168429852E-2,8.811092377E-2
8.238653400E0,-3.029346466E-2,-3.088536859E-2,8.574581146E-2
8.246650034E0,-4.445886612E-2,2.535760403E-3,7.379722595E-2
8.254676205E0,-3.000986576E-2,2.516403794E-3,8.338451385E-2
8.262670685E0,-4.207575321E-2,7.291123271E-3,6.421756744E-2
8.270665857E0,-8.794188499E-3,-1.910963655E-2,5.700492859E-2
8.278662183E0,-1.872205734E-2,-3.350588679E-2,7.850742340E-2
8.286657893E0,-1.183748245E-2,2.388194203E-3,7.607460022E-2
8.294654142E0,2.094626427E-3,-1.440240443E-2,8.559799194E-2
8.302649314E0,-4.141688347E-2,-7.312208414E-3,8.554363251E-2
8.310674793E0,8.478999138E-3,4.505932331E-3,9.267520905E-2
8.318670580E0,8.895397186E-4,1.153653860E-2,8.065032959E-2
8.326666598E0,-4.115462303E-3,-1.735787094E-2,9.019565582E-2
8.334662847E0,5.294561386E-3,-1.509456336E-2,7.341289520E-2
8.342657096E0,2.919197083E-3,-4.144792259E-2,9.496212006E-2
8.350652499E0,2.219903469E-2,-3.195101023E-2,6.624507904E-2
8.358648747E0,3.366589546E-3,-1.284503937E-2,6.389045715E-2
8.366643842E0,1.289606094E-3,-1.769784093E-2,8.308219910E-2
8.374672246E0,-7.081031799E-4,-2.980969846E-2,8.552360535E-2
8.382665726E0,-5.184769630E-3,-1.554089785E-2,7.598304749E-2
8.390662436E0,-2.633273602E-2,-1.337759197E-2,7.363414764E-2
8.398657454E0,-2.365005016E-2,-3.930389881E-3,7.127285004E-2
8.406653241E0,-3.059577942E-2,1.261226833E-2,5.453872681E-2
8.414648875E0,-6.560921669E-3,3.353208303E-4,7.130241394E-2
8.422675046E0,-1.860499382E-2,2.608060837E-3,8.086776733E-2
8.430669295E0,-1.876187325E-2,-2.141402662E-2,8.084678650E-2
8.438666467E0,-2.385735512E-3,-1.435609162E-2,7.840156555E-2
8.446661639E0,-3.957748413E-4,-2.399638295E-2,9.032058716E-2
8.454658272E0,4.052281380E-3,-2.633892000E-2,8.070278168E-2
8.462652752E0,-5.888819695E-3,-2.392634749E-2,6.868553162E-2
8.470648462E0,-2.062487602E-2,1.031905413E-4,7.103538513E-2
8.478674865E0,-2.330303192E-2,-1.188202202E-2,6.860542297E-2
8.486670037E0,-1.158607006E-2,-1.914444566E-2,6.378364563E-2
8.494666901E0,-2.385699749E-2,-2.154700458E-2,8.050537109E-2
8.502660765E0,-9.886384010E-3,-2.148418128E-2,7.806301117E-2
8.510656783E0,-2.226829529E-2,4.778534174E-3,8.519363403E-2
8.518652570E0,3.754973412E-3,2.303257585E-3,8.754539490E-2
8.526648511E0,2.263545990E-2,-7.275447249E-3,9.469509125E-2
8.534675607E0,2.492511272E-2,-1.691946387E-2,9.228610992E-2
8.542670164E0,1.303088665E-2,-2.175070345E-2,8.511257172E-2
8.550665874E0,3.562808037E-3,-7.501929998E-3,8.991146088E-2
8.558661200E0,1.569807529E-2,-5.203634501E-3,8.514118195E-2
8.566657295E0,-8.029699326E-3,-1.239223778E-2,9.713840485E-2
8.574654236E0,-7.922410965E-3,-1.725199819E-2,8.278560638E-2
8.582648408E0,9.061694145E-3,-1.247738302E-2,7.323646545E-2
8.590673657E0,6.992936134E-3,-3.170435131E-2,8.285236359E-2
8.598669598E0,7.439851761E-3,-1.274159551E-2,7.093143463E-2
8.606665385E0,1.041436195E-2,8.648559451E-3,6.621360779E-2
8.614662326E0,-1.058876514E-2,-1.020386815E-3,7.346248627E-2
8.622656729E0,-1.965355873E-2,-5.896136165E-3,7.831287384E-2
8.630652439E0,-4.327070713E-2,-2.273482084E-2,7.835197449E-2
8.638648149E0,-1.441967487E-2,-3.232569993E-2,9.512615204E-2
8.646674706E0,-2.400648594E-2,-2.031590044E-2,8.076095581E-2
8.654670724E0,-1.929330826E-2,-1.555694640E-2,7.117366791E-2
8.662665511E0,-5.205631256E-3,-1.077696681E-2,8.550453186E-2
8.670660837E0,-2.477490902E-2,-2.981182933E-2,8.066654205E-2
8.678656239E0,-1.327621937E-2,-2.487432957E-2,7.582092285E-2
8.686652873E0,-1.371192932E-2,-7.931381464E-3,8.534812927E-2
8.694649198E0,7.331371307E-5,-5.479246378E-3,7.809352875E-2
8.702674141E0,-5.198001862E-3,-7.922574878E-3,6.845569611E-2
8.710669620E0,3.045535088E-2,-2.948890626E-2,6.602859497E-2
8.718665254E0,1.361286640E-2,-3.435575962E-2,8.995914459E-2
8.726661272E0,-2.970695496E-3,-2.481976151E-2,8.758544922E-2
8.734657674E0,-1.250290871E-2,-2.243211865E-2,1.067447662E-1
8.742652154E0,-2.673161030E-2,-3.450070322E-2,1.067590714E-1
8.750646941E0,-3.876411915E-2,-3.446199000E-2,1.067523956E-1
8.758673421E0,-4.142510891E-2,-2.243657410E-2,1.115093231E-1
8.766670362E0,-1.056957245E-2,-3.906403482E-2,8.753585815E-2
8.774666610E0,-1.384139061E-3,-5.371794105E-3,7.791423798E-2
8.782661398E0,5.855560303E-4,-7.564470172E-3,7.068252563E-2
8.790656185E0,5.016326904E-3,6.853550673E-3,5.387973785E-2
8.798652280E0,1.198184490E-2,1.159988344E-2,7.061195374E-2
8.806648298E0,2.647531033E-2,-2.838984132E-3,7.062530518E-2
8.814675316E0,1.231384277E-2,-5.178153515E-4,8.022689819E-2
8.822669795E0,1.752805710E-2,-1.988156140E-2,7.548618317E-2
8.830664275E0,1.230716705E-3,-2.009540796E-2,7.553958893E-2
8.838660985E0,-7.772326469E-3,-6.031200290E-3,1.043357849E-1
8.846656080E0,-2.402162552E-2,-2.317455411E-2,8.763122559E-2
8.854653329E0,-1.394641399E-2,-1.162271202E-2,8.289527893E-2
8.862648039E0,-5.202031136E-2,-1.675331593E-2,6.136894226E-2
8.870673366E0,-3.498446941E-2,-1.376867294E-4,9.013175964E-2
8.878669307E0,-4.450213909E-2,9.264379740E-3,7.098197937E-2
8.886664479E0,-3.731262684E-2,-1.241444051E-2,7.337379456E-2
8.894660805E0,-1.354289055E-2,1.996666193E-3,7.335376740E-2
8.902656207E0,-8.900642395E-3,-2.501159906E-4,1.092519760E-1
8.910651302E0,-1.879286766E-2,-4.327152669E-2,8.766555786E-2
8.918647013E0,-9.721279144E-3,-3.374437988E-2,8.281326294E-2
8.926674031E0,6.821155548E-3,-2.417348325E-2,9.715080261E-2
8.934670049E0,1.859867573E-2,-4.351022840E-2,8.036327362E-2
8.942665221E0,1.621353626E-2,-2.203239501E-2,7.557392120E-2
8.950660239E0,6.661534309E-3,-2.206072211E-2,8.275985718E-2
8.958655718E0,-2.686738968E-3,-1.249718666E-2,6.842231750E-2
8.966652044E0,-4.709601402E-3,-2.212524414E-2,8.043956757E-2
8.974648985E0,5.083644390E-2,-5.427792668E-3,6.134319305E-2
8.982673311E0,2.995610237E-2,-1.030625403E-2,7.579040527E-2
8.990668713E0,6.981849670E-3,1.112560928E-2,7.830333710E-2
8.998664654E0,-2.086687088E-2,-5.850881338E-3,8.559226990E-2
9.006660365E0,-2.249491215E-2,-1.552078128E-2,8.329105377E-2
9.014656690E0,-4.116606712E-2,-1.331453025E-2,9.053134918E-2
9.022652170E0,-5.771553516E-2,-2.523876727E-2,8.098220825E-2
9.030646880E0,-4.600906372E-2,-2.277739346E-2,8.573913574E-2
9.038673130E0,-7.041311264E-2,-2.747677267E-2,9.047126770E-2
9.046669379E0,-5.429410934E-2,-2.980068326E-2,7.842063904E-2
9.054666320E0,-4.063594341E-2,-8.198201656E-3,6.875610352E-2
9.062660261E0,4.042744637E-3,-1.773343980E-2,6.147289276E-2
9.070655279E0,5.566477776E-3,-2.725706995E-2,5.657672882E-2
9.078651989E0,2.642452717E-2,-3.273755312E-3,7.085609436E-2
9.086647007E0,2.592968941E-2,-5.641803145E-3,7.797813416E-2
9.094673487E0,2.569317818E-2,-3.255829215E-3,9.470844269E-2
9.102668967E0,3.768432140E-2,-1.036196947E-2,1.018953323E-1
9.110665215E0,9.131073952E-3,-1.994983852E-2,1.067047119E-1
9.118659772E0,4.654884338E-3,-1.518648863E-2,1.163196564E-1
9.126655790E0,-1.895570755E-2,-1.287709177E-2,1.043891907E-1
9.134653577E0,-3.530156612E-2,-1.097023487E-3,7.331180573E-2
9.142647211E0,-4.215610027E-2,-1.553601027E-2,7.335090637E-2
9.150672767E0,-4.448497295E-2,-2.751323581E-2,6.857109070E-2
9.158669324E0,-3.262853622E-2,-1.319204271E-2,5.658435822E-2
9.166663803E0,-4.720306396E-2,5.962133408E-3,7.571125031E-2
9.174661052E0,-2.347230911E-2,-6.065726280E-3,6.610679626E-2
9.182655224E0,-2.120375633E-3,-8.503302932E-3,6.129264832E-2
9.190651319E0,-1.209664345E-2,-1.089407504E-2,6.124305725E-2
9.198647029E0,-2.446186543E-2,-1.332502067E-2,6.837654114E-2
9.206673433E0,-3.277778625E-3,-5.924016237E-3,8.509540558E-2
9.214670066E0,5.838155746E-3,-2.262398601E-2,9.222126007E-2
9.222664546E0,1.029300690E-2,-8.253738284E-3,1.089391708E-1
9.230659333E0,1.976776123E-2,-1.300726831E-2,8.019733429E-2
9.238655659E0,1.738131046E-2,-2.018620074E-2,8.019828796E-2
9.246651369E0,7.924437523E-3,-3.465339541E-3,1.041545868E-1
9.254647772E0,8.206248283E-3,-8.294254541E-3,6.827545166E-2
9.262672943E0,6.141066551E-3,-1.320391893E-2,7.310199738E-2
9.270668731E0,-1.499521732E-2,-3.754496574E-3,5.160331726E-2
9.278664364E0,-7.368087769E-3,-1.819184422E-2,7.080936432E-2
9.286659767E0,-1.885414124E-2,-2.072441578E-2,7.565689087E-2
9.294655862E0,-2.084589005E-2,-1.847457886E-2,7.091522217E-2
9.302651187E0,-4.201209545E-2,-2.091671526E-2,7.814502716E-2
9.310645975E0,-3.944325447E-2,2.972066402E-3,8.295345306E-2
9.318672146E0,-3.226780891E-2,-2.328494191E-2,7.816600800E-2
9.326668472E0,-3.724539280E-2,-1.361992955E-2,8.053874969E-2
9.334664259E0,-4.480230808E-2,-1.351363957E-2,9.485912323E-2
9.342659047E0,-1.181912422E-2,-3.883495927E-3,8.761024475E-2
9.350655911E0,-2.202570438E-2,-1.340912282E-2,5.640792847E-2
9.358650775E0,3.671646118E-3,-1.813584566E-2,7.069492340E-2
9.366677179E0,6.897449493E-4,1.008808613E-3,7.062149048E-2
9.374673581E0,2.435052395E-2,-1.335453987E-2,8.974075317E-2
9.382667753E0,1.704216003E-2,-2.060855925E-2,8.493518829E-2
9.390662848E0,2.663993835E-2,-1.584857702E-3,6.817531586E-2
9.398659481E0,-1.900196075E-3,-2.562981844E-2,7.777309418E-2
9.406654884E0,-2.321195602E-2,5.474880338E-3,8.498573303E-2
9.414651441E0,-6.321787834E-3,-1.364286244E-2,8.021354675E-2
9.422677305E0,-1.098644733E-2,-1.608443260E-2,7.783412933E-2
9.430673092E0,-3.478658199E-2,-1.785978675E-3,7.306194305E-2
9.438668110E0,1.393795013E-3,-1.626364887E-2,9.703540802E-2
9.446663897E0,-1.037895679E-2,-3.078417480E-2,6.114292145E-2
9.454659531E0,-2.205419540E-2,-9.301349521E-3,6.836128235E-2
9.462655010E0,-2.663052082E-2,9.763121605E-3,7.077980042E-2
9.470649721E0,-2.416658401E-2,7.306560874E-3,6.839275360E-2
9.478677431E0,-4.583740234E-2,-2.203717828E-3,7.316780090E-2
9.486672526E0,-2.698409557E-2,5.081400275E-3,8.510398865E-2
9.494669236E0,-8.115887642E-3,-6.832480431E-3,8.028125763E-2
9.502663946E0,-1.204729080E-3,-2.349460125E-2,7.306575775E-2
9.510659118E0,1.529359818E-2,-2.826485038E-2,7.303333282E-2
9.518654444E0,5.681037903E-3,-2.112501860E-2,8.021163940E-2
9.526650231E0,2.492022514E-2,-1.639704406E-2,8.500957489E-2
9.534677943E0,2.032077312E-2,-9.301438928E-3,8.263683319E-2
9.542672422E0,2.309834957E-2,-6.996035576E-3,8.268260956E-2
9.550667440E0,-7.665872574E-3,-1.912194490E-2,6.357097626E-2
9.558663843E0,-2.147150040E-2,4.655107856E-3,6.842517853E-2
9.566659476E0,-5.930745602E-2,-1.464118063E-2,6.369304657E-2
9.574654956E0,-5.913460255E-2,6.841376424E-3,6.131839752E-2
9.582650666E0,-6.406116486E-2,-7.519245148E-3,7.806110382E-2
9.590676453E0,-4.540455341E-2,-2.618327737E-3,8.278942108E-2
9.598671933E0,-5.566322803E-2,-2.473771572E-3,7.073593140E-2
9.606667951E0,-1.107156277E-2,-3.828263283E-2,6.583786011E-2
9.614664507E0,-1.210272312E-2,-1.427927613E-2,6.571006775E-2
9.622658987E0,3.250062466E-2,-1.665446162E-2,6.799411774E-2
9.630653851E0,1.014804840E-2,-1.906298101E-2,7.507610321E-2
9.638650100E0,2.879536152E-2,-3.333736956E-2,7.980442047E-2
9.646677272E0,9.364843369E-3,-1.651434600E-2,9.652996063E-2
9.654672905E0,2.137720585E-2,-2.827715874E-2,9.654045105E-2
9.662667769E0,1.685416698E-2,-3.281059861E-2,9.179019928E-2
9.670662787E0,5.323410034E-3,-2.787037194E-2,7.269477844E-2
9.678659113E0,3.572702408E-3,5.855888128E-3,6.080818176E-2
9.686655131E0,3.564202785E-2,-5.866959691E-3,5.374908447E-2
9.694650919E0,4.645156860E-2,-5.475610495E-3,6.109333038E-2
9.702676476E0,6.703603268E-2,-1.215389371E-2,6.367778778E-2
9.710671186E0,4.717278481E-2,-2.614863217E-2,5.671405792E-2
9.718668127E0,3.006660938E-2,-1.135548949E-2,6.895160675E-2
9.726663607E0,6.359577179E-3,1.058512926E-2,9.802055359E-2
9.734659625E0,-7.729530334E-3,-5.894348025E-3,7.441997528E-2
9.742655335E0,-3.652465343E-2,-1.533515751E-2,7.232284546E-2
9.750650353E0,-3.893399239E-2,-8.075088263E-3,6.783580780E-2
9.758676294E0,-3.397607803E-2,2.295118570E-2,7.294750214E-2
9.766672005E0,-2.464532852E-3,1.105803251E-2,5.893707275E-2
9.774669869E0,-2.107143402E-3,1.129961014E-2,7.844543457E-2
9.782663118E0,-2.596604824E-2,-1.698967814E-2,8.116626740E-2
9.790658213E0,-9.081912041E-2,-3.082315624E-2,8.863925934E-2
9.798654231E0,-6.497216225E-2,-4.462692142E-2,8.650016785E-2
9.806649864E0,-8.260512352E-2,-2.971807122E-2,8.431339264E-2
9.814677344E0,-5.486178398E-2,1.384119689E-2,8.929347992E-2
9.822671515E0,-5.368828773E-2,1.928630471E-2,6.791019440E-2
9.830667149E0,-5.291020870E-2,2.000424266E-2,5.605506897E-2
9.838663244E0,-3.102838993E-2,8.757516742E-3,6.090164185E-2
9.846659185E0,-2.352750301E-2,1.440158486E-2,7.053947449E-2
9.854655280E0,-8.924245834E-3,-1.121115685E-2,8.974075317E-2
9.862649991E0,1.027059555E-2,-3.216335177E-2,8.257675171E-2
9.870675855E0,-1.146161556E-2,-4.145021737E-2,9.453105927E-2
9.878670950E0,-4.447579384E-3,-3.167070448E-2,7.535934448E-2
9.886667045E0,-6.962776184E-3,-5.211055279E-3,5.619335175E-2
9.894664294E0,1.701557636E-2,-9.975746274E-3,5.380439758E-2
9.902658389E0,1.938772202E-2,1.644867659E-2,4.901504517E-2
9.910654176E0,2.429318428E-2,2.359613776E-3,4.185390472E-2
9.918648963E0,7.742881775E-3,7.437422872E-3,6.104087830E-2
9.926675443E0,-3.750419617E-2,5.416542292E-3,7.544612885E-2
9.934672307E0,-3.486692905E-2,-2.523665130E-2,1.042194366E-1
9.942667710E0,-5.389487743E-2,-4.398766160E-2,8.987903595E-2
9.950661882E0,-6.350839138E-2,-4.122780263E-2,8.509445190E-2
9.958658515E0,-6.383800507E-2,-7.326960564E-3,8.027172089E-2
9.966653379E0,-4.297888279E-2,-1.418140531E-2,6.343173981E-2
9.974650320E0,-2.231574059E-2,3.039106727E-3,5.375194550E-2
9.982675877E0,-8.744001389E-3,1.067654788E-2,4.408454895E-2
9.990671895E0,4.569590092E-2,-1.513433456E-2,3.443908691E-2
9.998667528E0,5.253708363E-2,-1.437516510E-2,2.962493896E-2
1.000666270E1,5.052733421E-2,-1.594544947E-2,6.321239471E-2
1.001465956E1,3.703558445E-2,-1.740011573E-2,9.207725525E-2
1.002265381E1,2.642369270E-2,-4.047609866E-2,9.945487976E-2
1.003064860E1,8.760094643E-3,-8.446350694E-3,7.811927795E-2
1.003867624E1,-1.355242729E-2,-5.325824022E-3,9.031867981E-2
1.004667141E1,-3.819632530E-2,4.998683929E-3,1.025247574E-1
1.005466766E1,-2.720725536E-2,-1.352563500E-2,1.099052429E-1
1.006266275E1,-2.371346951E-2,-1.295776665E-2,7.893562317E-2
1.007065823E1,-6.340694427E-2,-1.483373344E-2,7.189655304E-2
1.007865363E1,-7.478213310E-2,7.141247392E-3,6.001186371E-2
1.008664996E1,-8.669304848E-2,7.522001863E-3,5.045318604E-2
1.009467636E1,-1.184760332E-1,7.806137204E-3,2.882671356E-2
1.010267084E1,-1.148239374E-1,8.762031794E-4,3.347301483E-2
1.011066624E1,-1.020519733E-1,-2.508528531E-2,3.327655792E-2
1.011866234E1,-5.143034458E-2,-1.742421091E-2,4.738903046E-2
1.012665889E1,-3.256082535E-2,-1.931062341E-2,4.945182800E-2
1.013465468E1,-1.962304115E-3,-2.603089809E-2,7.063484192E-2
1.014264885E1,-2.149951458E-2,-4.130855203E-3,5.831623077E-2
1.015067556E1,1.648151875E-2,-3.879323602E-3,6.994533539E-2
1.015867104E1,1.630878448E-2,-1.089173555E-2,6.483364105E-2
1.016666729E1,2.812790871E-2,-1.308111846E-2,7.648563385E-2
1.017466300E1,1.849532127E-2,2.296195924E-2,7.378292084E-2
1.018265840E1,6.671547890E-3,3.877788782E-3,6.153011322E-2
1.019065266E1,-1.937258244E-2,2.783705294E-2,8.281230927E-2
1.019864921E1,-1.651632786E-2,1.342134178E-2,8.495998383E-2
1.020667546E1,-1.131856441E-2,-1.298347116E-2,7.991981506E-2
1.021467140E1,-6.602966785E-2,-1.785917580E-2,6.768989563E-2
1.022266711E1,-1.161619425E-1,-2.279533446E-2,6.979751587E-2
1.023066198E1,-1.213414669E-1,-4.456630349E-2,4.789447784E-2
1.023865792E1,-1.341356039E-1,-2.320989966E-2,5.706310272E-2
1.024665401E1,-1.259311438E-1,-1.855617762E-2,4.701328278E-2
1.025468072E1,-9.198999405E-2,2.952292562E-3,4.646968842E-2
1.026267520E1,-4.173898697E-2,-1.773402095E-3,3.390312195E-2
1.027066976E1,-3.008997440E-2,-2.084784210E-2,5.242824554E-2
1.027866639E1,-1.139891148E-2,8.433461189E-4,5.896854401E-2
1.028666210E1,1.186513901E-2,-1.324069500E-2,9.182643890E-2
1.029465843E1,1.588046551E-2,-1.778076589E-2,6.242465973E-2
1.030265352E1,1.489865780E-2,1.614928246E-3,8.088684082E-2
1.031067900E1,4.727649689E-2,1.625049114E-2,9.214878082E-2
1.031867502E1,5.316662788E-2,-2.900695801E-2,7.227230072E-2
1.032667073E1,6.409060955E-2,-2.645280957E-2,7.636737823E-2
1.033466767E1,5.402147770E-2,-1.911005378E-2,5.180358887E-2
1.034266215E1,4.438459873E-2,-1.406238973E-2,5.123710632E-2
1.035065671E1,1.583993435E-2,-2.337312698E-2,2.915287018E-2
1.035865327E1,1.807928085E-3,-1.349240541E-2,1.187896729E-2
1.036667974E1,2.623319626E-2,-1.793624461E-2,4.011535645E-2
1.037467646E1,3.637504578E-2,-1.772060990E-2,4.202365875E-2
1.038267024E1,3.233110905E-2,-1.036038995E-2,5.592441559E-2
1.039066603E1,4.527270794E-2,-1.037719846E-2,5.548381805E-2
1.039866236E1,1.299059391E-2,-8.023217320E-3,7.183361053E-2
1.040665776E1,2.162814140E-2,1.474857330E-3,5.468940735E-2
1.041465347E1,-2.966964245E-2,6.336584687E-3,5.908870697E-2
1.042267841E1,-2.597701550E-2,2.329835296E-2,8.503246307E-2
1.043067435E1,-4.641330242E-2,-1.084655523E-4,8.941650391E-2
1.043867075E1,-5.765962601E-2,-4.363313317E-3,9.615230560E-2
1.044666616E1,-5.013918877E-2,2.745108306E-2,7.172584534E-2
1.045466302E1,-1.876318455E-2,4.481852055E-3,1.071529388E-1
1.046265781E1,2.198135853E-2,-3.999903798E-2,1.162242889E-1
1.047065321E1,3.144133091E-2,-4.860125482E-2,1.013374329E-1
1.047867938E1,3.841960430E-2,-4.272389412E-2,7.926464081E-2
1.048667417E1,7.178926468E-2,-3.460521996E-2,9.071350098E-2
1.049467203E1,7.188796997E-2,-6.003722548E-2,7.346343994E-2
1.050266620E1,1.014099121E-1,-6.197084486E-2,7.543087006E-2
1.051066130E1,1.437298656E-1,-4.969003797E-2,4.875659943E-2
1.051865732E1,1.345573068E-1,-3.522983193E-2,4.375457764E-2
1.052665272E1,1.266035438E-1,2.221603692E-2,4.606533051E-2
1.053468051E1,1.051927805E-1,5.390971899E-3,6.044387817E-2
1.054267406E1,6.274592876E-2,7.858559489E-3,7.248783112E-2
1.055067039E1,3.244113922E-2,3.199145198E-3,1.084928513E-1
1.055866602E1,2.377235889E-2,1.140952110E-3,1.253595352E-1
1.056666150E1,1.030743122E-2,-2.951610088E-2,1.063156128E-1
1.057465783E1,1.119780540E-2,-3.144547343E-2,9.924221039E-2
1.058265293E1,1.481914520E-2,-3.820812702E-2,9.220409393E-2
1.059067817E1,1.641690731E-2,-9.133487940E-3,6.126213074E-2
1.059867481E1,-2.230203152E-2,-1.371431351E-2,3.993701935E-2
1.060667013E1,-3.682482243E-2,7.099807262E-4,3.300094604E-2
1.061466715E1,-2.987170219E-2,3.038316965E-3,-5.069732666E-3
1.062266040E1,-4.462862015E-2,1.972918212E-2,-1.203441620E-2
1.063065726E1,-7.167887688E-2,1.969443262E-2,2.514839172E-3
1.063865267E1,-5.110871792E-2,2.919316292E-3,9.854316711E-3
1.064667915E1,-7.884049416E-2,-2.313968539E-2,4.109573364E-2
1.065467555E1,-8.063662052E-2,-1.103290915E-2,7.468509674E-2
1.066267034E1,-9.959435463E-2,-1.802510023E-2,1.010475159E-1
1.067066505E1,-7.361960411E-2,-3.921595216E-2,9.862327576E-2
1.067866199E1,-8.421826363E-2,-7.696986198E-3,1.152791977E-1
1.068665685E1,-6.439304352E-2,-1.691266894E-2,9.834003448E-2
1.069465402E1,-2.588617802E-2,-9.336262941E-3,9.331989288E-2
1.070267812E1,-9.385108948E-3,-1.831322908E-3,5.712318420E-2
1.071067406E1,-3.122091293E-4,1.516091824E-2,5.681133270E-2
1.071866946E1,2.328765392E-2,2.492095530E-2,3.975677490E-2
1.072666548E1,3.007817268E-2,2.982978523E-2,5.382061005E-2
1.073466250E1,2.514255047E-2,2.040563524E-2,4.875946045E-2
1.074265606E1,3.601312637E-3,-1.300394535E-2,7.244586945E-2
1.075065146E1,6.131410599E-3,-1.543113589E-2,7.220077515E-2
1.075867886E1,2.105367184E-2,-1.321732998E-3,9.593772888E-2
1.076667396E1,4.096877575E-2,-1.128327847E-2,8.617401123E-2
1.077467082E1,5.414199829E-2,-3.789830208E-2,1.195573807E-1
1.078266530E1,2.925789356E-2,-2.862203121E-2,1.194486618E-1
1.079066139E1,2.126932144E-2,-3.129529953E-2,8.822917938E-2
1.079865649E1,1.829063892E-2,-3.627046943E-2,1.049213409E-1
1.080665251E1,2.268373966E-2,-2.943545580E-3,8.811378479E-2
1.081467929E1,4.652941227E-2,-1.036253572E-2,7.133865356E-2
1.082267431E1,3.938472271E-2,3.899782896E-3,4.739761353E-2
1.083066918E1,3.494954109E-2,-8.771717548E-4,3.306961060E-2
1.083866550E1,2.377557755E-2,2.527280152E-2,3.315162659E-2
1.084666052E1,3.212070465E-2,-6.204515696E-3,1.890182495E-2
1.085465754E1,1.916968822E-2,7.917672396E-3,1.904773712E-2
1.086265202E1,1.828098297E-2,5.324929953E-3,2.878189087E-2
1.087067842E1,1.032507420E-2,-1.634219289E-2,7.205104828E-2
1.087867382E1,2.375721931E-3,-2.849501371E-2,7.701110840E-2
1.088666984E1,1.553416252E-3,-4.542765021E-2,7.957077026E-2
1.089466655E1,-3.051090240E-2,-2.653020620E-2,8.450984955E-2
1.090266042E1,-5.800402164E-2,-5.523264408E-4,7.266426086E-2
1.091065644E1,-6.677556038E-2,-2.003049850E-2,7.753276825E-2
1.091865245E1,-6.654596329E-2,-1.783427596E-2,6.318664551E-2
1.092667770E1,-7.884860039E-2,-2.528145909E-2,3.201866150E-2
1.093467557E1,-2.928280830E-2,-8.669123054E-3,3.193759918E-2
1.094266943E1,-1.838040352E-2,-1.366974413E-2,1.984500885E-2
1.095066506E1,-1.480650902E-2,-2.578578889E-2,2.928543091E-2
1.095866139E1,3.119111061E-3,-1.625907421E-2,1.718044281E-2
1.096665679E1,1.627528667E-2,9.838521481E-3,3.859043121E-2
1.097465343E1,2.458691597E-2,9.693503380E-3,5.042171478E-2
1.098267875E1,8.998394012E-3,-4.706293344E-3,6.944274902E-2
1.099067292E1,2.219080925E-2,1.220256090E-4,8.847045898E-2
1.099866956E1,9.225368500E-3,-2.281248569E-3,8.357524872E-2
1.100666457E1,2.266395092E-2,-1.190301776E-2,1.098098755E-1
1.101466159E1,2.439916134E-2,-2.472296357E-3,1.169176102E-1
1.102265577E1,1.190042496E-2,-2.661108971E-2,1.024904251E-1
1.103065178E1,-2.911090851E-3,-2.459277213E-2,6.891441345E-2
1.103867788E1,-2.956831455E-2,-8.328154683E-3,4.013633728E-2
1.104667397E1,-2.262485027E-2,7.778853178E-4,3.052234650E-2
1.105467114E1,-2.520215511E-2,-6.878167391E-3,2.330780029E-2
1.106266562E1,-2.546203136E-2,2.385325730E-2,3.524112701E-2
1.107065980E1,-9.044170380E-3,-2.807527781E-3,3.998470306E-2
1.107865612E1,-2.387154102E-2,1.768112183E-3,7.105541229E-2
1.108665183E1,-1.720678806E-2,-1.753917336E-2,9.493732452E-2
1.109467862E1,-1.055777073E-2,-1.278224587E-2,1.140327454E-1
1.110267379E1,-4.076838493E-3,-5.684286356E-3,1.163492203E-1
1.111066942E1,2.613031864E-2,-2.484357357E-2,1.162500381E-1
1.111866514E1,1.790821552E-2,-1.047670841E-2,1.017742157E-1
1.112665992E1,3.854870796E-2,-5.782008171E-3,8.252143860E-2
1.113465632E1,7.879734039E-2,3.553539515E-3,5.373668671E-2
1.114265134E1,4.989528656E-2,-2.312804759E-2,3.694915771E-2
1.115067721E1,4.300034046E-2,-1.633711159E-2,2.499961853E-2
1.115867361E1,5.562603474E-2,-3.121191263E-2,2.026844025E-2
1.116666901E1,2.787697315E-2,-2.695529163E-2,8.388519287E-3
1.117466595E1,1.481974125E-2,-1.565322280E-2,3.245353699E-2
1.118266013E1,-5.268931389E-3,-9.140744805E-3,4.217052460E-2
1.119065607E1,1.152515411E-3,4.622966051E-3,6.387901306E-2
1.119865155E1,-1.874685287E-3,-6.629675627E-4,6.405639648E-2
1.120667733E1,-2.900850773E-2,-1.788608730E-2,9.055328369E-2
1.121467374E1,-2.042090893E-2,-6.245464087E-3,9.309101105E-2
1.122266914E1,-1.915156841E-2,-1.815050840E-3,9.800815582E-2
1.123066423E1,-1.562547684E-2,-2.202019095E-3,7.178497314E-2
1.123866018E1,-2.192962170E-2,1.179747283E-2,6.468772888E-2
1.124665558E1,-9.330749512E-3,-5.499362946E-3,4.558849335E-2
1.125468275E1,8.181333542E-4,3.652095795E-3,1.691055298E-2
1.126267746E1,-1.077151299E-2,1.284362376E-2,2.576828003E-3
1.127067286E1,-3.212726116E-2,-4.366964102E-3,9.769439697E-3
1.127866865E1,-2.489066124E-2,2.490803599E-3,2.892017365E-2
1.128666521E1,-8.039951324E-3,-3.183335066E-4,2.413177490E-2
1.129466099E1,4.296541214E-3,-7.126033306E-4,5.528736115E-2
1.130265570E1,7.257103920E-3,-1.066578925E-2,7.209968567E-2
1.131068126E1,7.703304291E-3,-1.590929925E-2,8.889579773E-2
1.131867705E1,-3.493428230E-2,-2.115215361E-2,9.132862091E-2
1.132667307E1,-3.269910812E-3,-1.925691962E-2,1.105298996E-1
1.133466993E1,6.968021393E-3,-5.265191197E-3,1.081972122E-1
1.134266410E1,5.244612694E-3,-1.529109478E-2,8.192443848E-2
1.135065958E1,-8.358240128E-3,-1.196682453E-3,7.721233368E-2
1.135865522E1,-5.387663841E-3,9.277164936E-4,6.529712677E-2
1.136668108E1,-2.382290363E-2,3.101944923E-3,6.058120728E-2
1.137467810E1,-8.869409561E-3,-2.110140026E-2,4.866886139E-2
1.138267227E1,-5.753636360E-3,-2.143780887E-2,4.873847961E-2
1.139066760E1,9.379506111E-3,-4.869133234E-3,5.839538574E-2
1.139866454E1,-1.727104187E-3,-7.535114884E-3,3.693580627E-2
1.140665909E1,-3.253459930E-3,-2.913177013E-3,7.772827148E-2
1.141465657E1,-2.158081532E-2,-5.510494113E-3,7.302665710E-2
1.142268159E1,-8.968949318E-3,-1.754085720E-2,7.070064545E-2
1.143067669E1,-3.560662270E-3,-2.949294448E-2,1.042871475E-1
1.143867240E1,-7.693052292E-3,-2.716286480E-2,8.520412445E-2
1.144666895E1,9.757637978E-3,-3.214393556E-2,9.485244751E-2
1.145466589E1,2.257227898E-2,-2.522470057E-2,5.423736572E-2
1.146265953E1,3.798186779E-2,-1.115804911E-2,3.997993469E-2
1.147065431E1,5.363106728E-2,3.157994151E-2,4.011249542E-2
1.147868172E1,4.056012630E-2,2.628087997E-3,1.391410828E-2
1.148667712E1,1.069545746E-3,1.928973198E-2,3.798770905E-2
1.149467306E1,-1.760721207E-4,2.591699362E-3,4.050922394E-2
1.150266792E1,-2.321159840E-2,-2.129113674E-2,5.018806458E-2
1.151066448E1,-2.476167679E-2,-3.569680452E-2,6.464672089E-2
1.151865965E1,-2.620160580E-2,-2.634903789E-2,7.432365417E-2
1.152665506E1,-4.679751396E-2,-4.106153548E-2,6.963253021E-2
1.153468246E1,-5.559265614E-2,-1.519419253E-2,6.013107300E-2
1.154267571E1,-7.679831982E-2,-2.756300569E-2,4.340076447E-2
1.155067165E1,-6.254601479E-2,3.209426999E-3,2.661991119E-2
1.155866805E1,-4.148161411E-2,1.738175750E-2,3.374481201E-2
1.156666399E1,8.292198181E-4,-1.621636748E-2,2.647209167E-2
1.157465978E1,5.002808571E-2,-1.375848055E-2,3.593158722E-2
1.158265549E1,3.937375546E-2,5.420446396E-3,4.778385162E-2
1.159068189E1,2.896368504E-2,-4.141777754E-3,7.163429260E-2
1.159867645E1,3.329992294E-2,-1.854720712E-2,6.679534912E-2
1.160667239E1,2.605462074E-2,-1.134958863E-2,7.157611847E-2
1.161466910E1,2.124929428E-2,-8.990809321E-3,8.354568481E-2
1.162266327E1,-7.386088371E-3,-9.064301848E-3,5.721759796E-2
1.163065837E1,-1.451933384E-2,2.978205681E-3,6.919574738E-2
1.163865469E1,-2.625405788E-2,7.810294628E-3,5.964565277E-2
1.164668087E1,-1.637744904E-2,-1.144778728E-2,6.207084656E-2
1.165467773E1,-1.362407207E-2,5.481690168E-4,3.816890717E-2
1.166267221E1,-1.307201385E-2,-4.299148917E-3,5.738258362E-2
1.167066792E1,-1.965522766E-2,-1.874317229E-2,7.181167603E-2
1.167866363E1,-1.684272289E-2,-2.840502560E-2,3.594398499E-2
1.168665942E1,-4.069232941E-2,-1.176655293E-2,6.468200684E-2
1.169465574E1,-5.303931236E-2,-1.665322483E-2,6.703186035E-2
1.170268092E1,-3.236567974E-2,-2.148956060E-2,6.932830811E-2
1.171067601E1,-3.105187416E-2,-9.659454226E-3,5.723476410E-2
1.171867211E1,1.260280609E-3,2.100035548E-3,8.582687378E-2
1.172666782E1,-2.032995224E-3,4.173547029E-3,6.177711487E-2
1.173466445E1,-9.974122047E-3,-1.512691379E-2,7.845020294E-2
1.174265978E1,8.476376534E-3,1.475006342E-3,6.639862061E-2
1.175065456E1,1.269447803E-2,2.062588930E-2,7.112312317E-2
1.175868135E1,4.930496216E-3,-3.324523568E-3,5.669403076E-2
1.176667644E1,1.624822617E-2,-1.523140073E-2,4.225826263E-2
1.177467285E1,4.199159145E-2,-2.949975431E-2,6.853199005E-2
1.178266763E1,5.842256546E-2,-2.937972546E-2,3.737354279E-2
1.179066304E1,7.272911072E-2,-3.663897514E-2,4.694271088E-2
1.179865898E1,5.885624886E-2,-3.673151135E-2,4.459953308E-2
1.180665446E1,3.359460831E-2,-1.056058705E-2,5.189704895E-2
1.181468186E1,1.115202904E-2,-6.022498012E-3,5.445003510E-2
1.182267657E1,-4.457938671E-2,-1.830244064E-2,6.660556793E-2
1.183067136E1,-6.229007244E-2,5.815923214E-4,4.999923706E-2
1.183866707E1,-7.562577724E-2,1.468351483E-2,5.728912354E-2
1.184666309E1,-4.881131649E-2,4.983544350E-3,5.494499207E-2
1.185466003E1,-2.953767776E-2,-2.178803086E-3,5.495834351E-2
1.186265420E1,-5.604505539E-3,-4.479989409E-3,6.453800201E-2
1.187067976E1,3.834009171E-3,-3.319531679E-2,7.409954071E-2
1.187867678E1,6.234288216E-3,-3.084707260E-2,6.212806702E-2
1.188667210E1,3.032159805E-2,-4.530344903E-2,3.101634979E-2
1.189466820E1,9.053587914E-3,-1.427465677E-2,4.062175751E-2
1.190266321E1,1.684319973E-2,1.183590293E-2,4.068374634E-2
1.191065900E1,-4.218339920E-3,-9.904250503E-3,3.833961487E-2
1.191865410E1,-8.536338806E-3,1.869973540E-2,3.838920593E-2
1.192668027E1,-5.566477776E-3,1.887717843E-2,8.634090424E-2
1.193467652E1,-1.714098454E-2,-2.154549956E-2,6.723785400E-2
1.194267169E1,-6.519925594E-2,-3.096522391E-2,8.158779144E-2
1.195066678E1,-6.106519699E-2,-1.166015863E-2,8.151817322E-2
1.195866365E1,-2.816629410E-2,-1.875384152E-2,5.750942230E-2
1.196665851E1,-1.943337917E-2,-6.664499640E-3,5.023479462E-2
1.197465484E1,1.795673370E-2,-1.137307286E-2,4.774284363E-2
1.198268009E1,4.096877575E-2,7.813856006E-3,2.369785309E-2
1.199067610E1,3.320157528E-2,-3.773768246E-2,4.278564453E-2
1.199867120E1,4.984951019E-2,-3.540220857E-2,3.319549561E-2
1.200666683E1,6.699979305E-2,-3.313054144E-2,4.281234741E-2
1.201466439E1,4.859936237E-2,-1.180602610E-2,4.289054871E-2
1.202265887E1,2.565860748E-2,1.671802998E-2,6.215000153E-2
1.203065366E1,-1.637792587E-2,6.961733103E-3,5.508041382E-2
1.203867983E1,-1.762783527E-2,-2.499222755E-4,6.957244873E-2
1.204667562E1,-3.097569942E-2,1.888366044E-2,5.531883240E-2
1.205467186E1,-5.408501625E-2,4.531189799E-3,7.217121124E-2
1.206266665E1,-7.036125660E-2,1.183092594E-2,8.419895172E-2
1.207066336E1,-8.709025383E-2,-4.730924964E-3,4.829406738E-2
1.207865776E1,-5.389833450E-2,-1.890088618E-2,4.826259613E-2
1.208665348E1,-4.502475262E-2,-2.107825875E-2,5.058288574E-2
1.209468096E1,1.888275146E-3,-3.764234483E-2,4.090309143E-2
1.210267574E1,2.965366840E-2,-1.822905242E-2,2.643585205E-2
1.211067076E1,5.048596859E-2,-2.037543058E-2,5.030441284E-2
1.211866686E1,5.968809128E-2,-1.534093916E-2,3.351020813E-2
1.212666256E1,6.214988232E-2,1.103170216E-2,2.872943878E-2
1.213465920E1,5.556511879E-2,1.347023249E-2,4.555606842E-2
1.214265399E1,4.712593555E-2,1.117292047E-2,6.723308563E-2
1.215068008E1,1.739597321E-2,1.353390515E-2,7.217597961E-2
1.215867579E1,-2.471208572E-3,-3.149077296E-3,9.391212463E-2
1.216667096E1,-4.133796692E-2,-1.023808122E-2,8.214759827E-2
1.217466783E1,-5.891716480E-2,-6.077289581E-4,8.950710297E-2
1.218266269E1,-6.967520714E-2,-1.491038501E-2,5.612373352E-2
1.219065771E1,-7.368159294E-2,-1.721942425E-2,5.860900879E-2
1.219865411E1,-7.113099098E-2,-2.674245834E-2,4.426193237E-2
1.220667998E1,-4.499304295E-2,-1.930569112E-2,3.466892242E-2
1.221467692E1,-3.577947617E-2,-1.430755854E-2,2.026748657E-2
1.222267070E1,-1.701354980E-2,-1.407504082E-2,4.656600952E-2
1.223066711E1,1.122069359E-2,-8.940964937E-3,3.933620453E-2
1.223866305E1,1.078784466E-2,-3.915235400E-3,5.126476288E-2
1.224665814E1,2.004551888E-2,-6.058454514E-3,7.517719269E-2
1.225465447E1,3.428483009E-2,1.271918416E-3,7.037830353E-2
1.226267980E1,5.840098858E-2,-3.204712272E-2,7.519149780E-2
1.227067458E1,5.405867100E-2,-1.513747871E-2,6.806087494E-2
1.227867091E1,4.294443130E-2,1.587882638E-3,5.379104614E-2
1.228666631E1,3.693985939E-2,-1.047201455E-2,3.716087341E-2
1.229466348E1,2.640724182E-2,-2.015043795E-2,3.731918335E-2
1.230265796E1,1.357424259E-2,3.766000271E-3,3.030872345E-2
1.231068413E1,-3.258752823E-2,1.563142240E-2,1.134586334E-2
1.231867954E1,-6.814002991E-3,-1.070332527E-2,1.873493195E-2
1.232667525E1,-4.593241215E-2,-3.683820367E-2,4.764842987E-2
1.233467250E1,-6.636202335E-2,1.684844494E-3,5.496215820E-2
1.234266636E1,-7.277166843E-2,6.655216217E-3,5.505371094E-2
1.235066123E1,-5.326259136E-2,-1.954984665E-2,6.227874756E-2
1.235865840E1,-3.419113159E-2,-3.377346694E-2,1.029748917E-1
1.236668426E1,-2.697336674E-2,-7.333800197E-3,7.664585114E-2
1.237468036E1,4.384636879E-3,7.109567523E-3,5.273056030E-2
1.238267514E1,2.322673798E-3,7.220402360E-3,4.798316956E-2
1.239067085E1,4.914999008E-3,-2.846908569E-2,6.477069855E-2
1.239866626E1,-2.868175507E-2,2.853453159E-3,5.279445648E-2
1.240666166E1,-2.631616592E-2,1.490534842E-2,3.363990784E-2
1.241465914E1,-5.376338959E-5,1.267956197E-2,5.039501190E-2
1.242268354E1,7.103919983E-3,-1.105256379E-2,6.236839294E-2
1.243067864E1,-1.190102100E-2,-1.257553697E-3,5.520820618E-2
1.243867404E1,-4.528403282E-2,-1.312628388E-2,5.283069611E-2
1.244667060E1,-4.761672020E-2,-2.735295892E-2,9.114933014E-2
1.245466792E1,-5.262982845E-2,-1.291869581E-2,8.633708954E-2
1.246266240E1,-5.819749832E-2,-2.241629362E-2,6.949138641E-2
1.247065742E1,-3.525149822E-2,-1.018087566E-2,5.262565613E-2
1.247868336E1,-2.452945709E-2,-1.452429593E-2,6.686019897E-2
1.248667938E1,-4.540681839E-3,-2.125591040E-2,6.669616699E-2
1.249467601E1,3.222143650E-2,-9.014189243E-3,4.019165039E-2
1.250267042E1,5.967843533E-2,-1.358503103E-2,1.611232758E-2
1.251066551E1,6.377494335E-2,-6.383791566E-3,2.321720123E-2
1.251866060E1,7.783794403E-2,1.528973877E-2,2.079200745E-2
1.252665755E1,6.356585026E-2,-3.785103559E-3,1.601600647E-2
1.253468533E1,5.207026005E-2,-3.696516156E-3,2.085971832E-2
1.254267881E1,4.570376873E-2,-8.383676410E-3,4.250144958E-2
1.255067552E1,2.287185192E-2,-3.624171019E-3,6.417369843E-2
1.255867023E1,-6.966590881E-3,-1.327164471E-2,6.192207336E-2
1.256666625E1,-3.438091278E-2,-2.045318484E-2,7.643604279E-2
1.257466196E1,-2.848505974E-2,-8.518353105E-3,5.980110168E-2
1.258265767E1,-4.422605038E-2,-2.294060588E-2,7.427883148E-2
1.259068269E1,-2.906644344E-2,-4.020705819E-3,5.042171478E-2
1.259867932E1,-3.813242912E-2,5.308896303E-3,4.089641571E-2
1.260667442E1,-7.138955593E-2,-4.444897175E-3,2.895069122E-2
1.261467136E1,-5.709683895E-2,4.952728748E-3,3.372669220E-2
1.262266607E1,-4.057812691E-2,4.840344191E-3,4.566764832E-2
1.263066147E1,-3.138315678E-2,7.155895233E-3,4.083442688E-2
1.263865664E1,-1.980650425E-2,-1.444458961E-2,6.951904297E-2
1.264668336E1,-2.031064034E-2,-3.360855579E-2,6.467342377E-2
1.265468037E1,-2.321362495E-2,-1.697628200E-2,6.940174103E-2
1.266267455E1,2.439022064E-4,-2.910707891E-2,6.215953827E-2
1.267066902E1,1.660335064E-2,-3.044173121E-3,5.013751984E-2
1.267866597E1,1.388609409E-2,-8.865743876E-4,4.051876068E-2
1.268666168E1,-1.263737679E-2,-8.248999715E-3,3.570556641E-2
1.269465823E1,1.662254333E-3,-8.388370275E-3,4.287624359E-2
1.270268348E1,-1.046490669E-2,5.735293031E-3,5.003643036E-2
1.271067835E1,-4.189562798E-2,-3.035688400E-2,4.042053223E-2
1.271867490E1,-7.586276531E-2,5.241841078E-3,4.515171051E-2
1.272667030E1,-5.997002125E-2,2.498865128E-3,1.152610779E-2
1.273466702E1,-6.839811802E-2,9.367734194E-3,2.813816071E-2
1.274266142E1,-7.479429245E-2,6.698653102E-3,2.316284180E-2
1.275065598E1,-4.789590836E-2,1.849995553E-2,4.689502716E-2
1.275868330E1,-2.150809765E-2,-7.538944483E-4,6.099605560E-2
1.276667878E1,-2.414643764E-2,-5.499035120E-3,7.267379761E-2
1.277467541E1,-2.448141575E-2,1.693561673E-3,8.434104919E-2
1.278266951E1,-2.020001411E-2,-1.275917888E-2,5.528545380E-2
1.279066653E1,1.502895355E-2,-3.207392991E-2,6.691169739E-2
1.279866101E1,4.744291306E-3,-2.273249626E-2,3.304576874E-2
1.280665664E1,-1.233661175E-2,3.431674838E-2,3.273677826E-2
1.281468343E1,5.980002880E-2,2.346485853E-4,-5.812644958E-3
1.282267821E1,7.679557800E-2,-4.326134920E-2,3.943061829E-2
1.283067369E1,4.609775543E-2,4.269778728E-3,8.082389832E-3
1.283866964E1,-5.854129791E-3,2.553977072E-2,4.141139984E-2
1.284666542E1,-3.871655464E-2,8.529543877E-3,7.473564148E-2
1.285466167E1,-2.860164642E-2,-2.760824561E-2,8.889293671E-2
1.286265646E1,-3.565609455E-2,-3.012536466E-2,8.146190643E-2
1.287068263E1,-3.812837601E-2,-1.347085834E-2,6.203746796E-2
1.287867834E1,-1.910424232E-2,3.113746643E-3,2.824020386E-2
1.288667467E1,-7.456898689E-3,-1.592653990E-2,6.146907806E-2
1.289467107E1,1.373100281E-2,-1.577833295E-2,4.681015015E-2
1.290266609E1,3.994071484E-2,-3.726075590E-2,4.654121399E-2
1.291066057E1,3.269696236E-2,-3.240121901E-2,1.754951477E-2
1.291865728E1,3.779089451E-2,-3.014262021E-2,2.211189270E-2
1.292668306E1,4.785919189E-2,2.479772270E-2,3.387737274E-2
1.293467916E1,4.876518250E-2,3.133609891E-3,2.892780304E-2
1.294267387E1,2.871978283E-2,-1.146996021E-2,7.671165466E-2
1.295066966E1,2.792036533E-2,-3.332869709E-2,7.661914825E-2
1.295866468E1,-8.639931679E-3,7.043272257E-3,6.217765808E-2
1.296666100E1,-1.630663872E-2,2.579167485E-2,5.972290039E-2
1.297465702E1,-1.686155796E-2,-1.525777578E-2,6.204986572E-2
1.298268265E1,-3.674829006E-2,-1.557140052E-2,7.872486115E-2
1.299067767E1,-4.728746414E-2,-1.533895731E-3,3.791332245E-2
1.299867307E1,-3.883993626E-2,7.743448019E-3,3.060436249E-2
1.300667040E1,-2.575826645E-2,5.099773407E-3,4.722213745E-2
1.301466611E1,-3.275513649E-3,4.988476634E-3,2.312374115E-2
1.302266028E1,-4.723072052E-3,5.022704601E-3,3.733730316E-2
1.303065599E1,-3.771781921E-3,5.474090576E-4,3.240394592E-2
1.303868155E1,3.089427948E-2,-1.358249784E-2,3.227806091E-2
1.304667818E1,2.272832394E-2,-5.159194767E-2,9.682559967E-2
1.305467512E1,4.338610172E-2,-6.351681054E-2,7.039642334E-2
1.306266930E1,3.314840794E-2,-3.955534101E-2,5.596256256E-2
1.307066462E1,4.725074768E-2,1.550473273E-2,6.790637970E-2
1.307866125E1,5.941355228E-2,-1.814104617E-2,5.116367340E-2
1.308665643E1,5.035948753E-2,-2.056637406E-2,2.727603912E-2
1.309468383E1,8.123755455E-3,-3.901094198E-3,3.215217590E-2
1.310267769E1,-1.719927788E-2,5.459398031E-3,3.943634033E-2
1.311067394E1,-3.289806843E-2,-1.391062140E-2,4.193687439E-2
1.311866911E1,-8.042097092E-3,2.759218216E-3,3.484821320E-2
1.312666444E1,2.335667610E-3,-4.407674074E-3,3.014469147E-2
1.313466176E1,-4.118800163E-3,-1.388959587E-2,5.416584015E-2
1.314265563E1,-1.532316208E-2,-1.147642732E-2,4.945850372E-2
1.315068149E1,-7.483839989E-3,-2.580514550E-2,5.431652069E-2
1.315867774E1,-4.648089409E-3,-9.013727307E-3,7.351875305E-2
1.316667345E1,-1.392626762E-2,-3.778259456E-2,4.721260071E-2
1.317467047E1,-2.814602852E-2,-1.871339977E-2,2.807235718E-2
1.318266495E1,-2.351379395E-2,4.167556763E-4,2.805519104E-2
1.319066035E1,-2.135086060E-2,7.634550333E-3,4.479026794E-2
1.319865568E1,-1.680421829E-2,-1.923084259E-3,2.800655365E-2
1.320668247E1,3.324890137E-2,5.400478840E-4,6.868553162E-2
1.321467848E1,3.083026409E-2,-1.374046504E-2,7.107925415E-2
1.322267327E1,3.093039989E-2,-2.330870926E-2,6.151294708E-2
1.323066806E1,2.899146080E-2,-1.618240774E-2,6.155967712E-2
1.323866469E1,5.126714706E-2,-3.538805246E-2,6.881904602E-2
1.324666017E1,3.306674957E-2,-1.399576664E-2,4.736804962E-2
1.325465642E1,2.005684376E-2,-3.555034101E-2,5.708789825E-2
1.326268228E1,1.932370663E-2,-9.198725224E-3,5.247592926E-2
1.327067746E1,3.323471546E-2,-9.340107441E-3,5.746746063E-2
1.327867347E1,8.983373642E-3,9.610235691E-3,4.571342468E-2
1.328666880E1,1.602411270E-3,2.216875553E-3,2.918338776E-2
1.329466582E1,-2.006959915E-2,6.582304835E-3,2.941703796E-2
1.330266022E1,-1.288008690E-2,1.331524551E-2,3.205680847E-2
1.331065501E1,-2.475619316E-2,-6.371438503E-3,4.907226562E-2
1.331868118E1,-4.360568523E-2,7.451683283E-3,3.977298737E-2
1.332667697E1,-6.020176411E-2,2.620206773E-2,6.158828735E-2
1.333467360E1,-7.971906662E-2,-5.101889372E-3,5.941009521E-2
1.334266839E1,-8.789980412E-2,-3.953129053E-4,7.631874084E-2
1.335066464E1,-9.195113182E-2,-2.746835351E-3,6.442832947E-2
1.335866004E1,-2.470791340E-2,-1.465186477E-2,5.248069763E-2
1.336668621E1,6.494760513E-3,-2.415867150E-2,4.291343689E-2
1.337468315E1,1.383745670E-2,-2.185286582E-2,2.138137817E-2
1.338267740E1,3.099179268E-2,-1.000982523E-2,2.620983124E-2
1.339067281E1,1.709342003E-2,8.870586753E-3,1.907157898E-2
1.339866852E1,8.350610733E-4,3.737664223E-2,1.433277130E-2
1.340666446E1,-3.236496449E-2,1.318384707E-2,1.675605774E-2
1.341466117E1,-4.207539558E-2,1.067154109E-2,1.434421539E-2
1.342268542E1,-1.352620125E-2,8.253097534E-3,3.826618195E-2
1.343068090E1,-1.356208324E-2,5.955874920E-3,4.544734955E-2
1.343867722E1,2.009093761E-2,-1.799494028E-2,5.982685089E-2
1.344667285E1,1.564919949E-2,-2.749624848E-2,7.183742523E-2
1.345466987E1,8.742094040E-3,-2.990886569E-2,6.707859039E-2
1.346266458E1,-7.764935493E-3,-2.515478432E-2,2.879810333E-2
1.347065968E1,-1.420974731E-4,-1.082731783E-2,2.645111084E-2
1.347868623E1,5.072605610E-2,1.034423709E-3,2.172470093E-2
1.348668164E1,4.931557178E-2,-1.343086362E-2,1.943397522E-2
1.349467735E1,2.922689915E-2,-2.315533161E-2,2.677345276E-2
1.350267267E1,2.152681351E-3,2.998992801E-3,3.652667999E-2
1.351066846E1,-1.751649380E-2,-4.384994507E-3,3.912067413E-2
1.351866417E1,-3.973960876E-2,2.596482635E-3,4.648876190E-2
1.352665957E1,-4.325389862E-2,2.648559213E-2,5.859756470E-2
1.353468721E1,-5.915713310E-2,7.272452116E-3,6.826782227E-2
1.354268138E1,-6.351780891E-2,-4.635095596E-3,7.071018219E-2
1.355067624E1,-1.785039902E-2,-6.952419877E-3,5.875968933E-2
1.355867249E1,-1.080930233E-2,-3.807123005E-2,5.156230927E-2
1.356666851E1,-6.012320518E-3,-3.803607821E-2,4.916954041E-2
1.357466514E1,-1.161694527E-3,-2.840927243E-2,3.481292725E-2
1.358265908E1,-5.870223045E-3,-1.164254546E-2,1.087951660E-2
1.359068549E1,6.045579910E-3,5.102351308E-3,1.087284088E-2
1.359868181E1,1.558566093E-2,4.031062126E-4,2.044773102E-2
1.360667698E1,8.426189423E-3,-1.154056191E-2,2.523899078E-2
1.361467385E1,3.492832184E-2,4.684925079E-4,4.441165924E-2
1.362266810E1,1.375722885E-2,-4.310905933E-3,4.445362091E-2
1.363066319E1,-9.729981422E-3,-1.158364117E-2,5.407810211E-2
1.363865944E1,-9.253025055E-3,-1.876676083E-2,4.934215546E-2
1.364668569E1,-1.352536678E-2,-2.063870430E-3,4.700469971E-2
1.365468232E1,-1.546370983E-2,-1.171624660E-2,4.465770721E-2
1.366267673E1,-2.000200748E-2,-1.170274615E-2,3.989696503E-2
1.367067190E1,8.978962898E-3,-1.408813894E-2,5.429077148E-2
1.367866853E1,9.302616119E-3,-2.123126388E-2,5.911540985E-2
1.368666424E1,2.559065819E-3,-1.635693014E-2,3.761768341E-2
1.369465934E1,-6.389498711E-3,1.476611197E-2,4.486942291E-2
1.370268543E1,-2.976179123E-2,-9.238138795E-3,4.493141174E-2
1.371068053E1,-3.166973591E-2,2.729117870E-3,4.498481750E-2
1.371867662E1,-4.098629951E-2,9.921088815E-3,3.304386139E-2
1.372667256E1,-4.333937168E-2,2.721786499E-3,4.262447357E-2
1.373466920E1,-6.753218174E-2,-1.162424684E-2,3.541374207E-2
1.374266314E1,-3.685450554E-2,-9.154155850E-3,5.691528320E-2
1.375065908E1,-4.471242428E-2,-2.350199223E-2,4.486942291E-2
1.375868564E1,-1.432478428E-2,-9.037584066E-3,5.197334290E-2
1.376668127E1,1.689076424E-3,-3.049454093E-2,4.949760437E-2
1.377467644E1,2.977740765E-2,-2.568694949E-2,4.224586487E-2
1.378267238E1,3.402161598E-2,-1.123706996E-2,4.697608948E-2
1.379066694E1,3.605568409E-2,-1.854154468E-2,5.650997162E-2
1.379866350E1,2.650320530E-2,5.345419049E-3,4.214668274E-2
1.380665920E1,3.404140472E-2,-1.388081908E-2,3.979015350E-2
1.381468630E1,3.951096535E-2,-9.166076779E-3,4.465103149E-2
1.382268055E1,1.641702652E-2,-1.163463295E-2,4.234886169E-2
1.383067626E1,-2.097356319E-2,-1.883913577E-2,4.244995117E-2
1.383867259E1,-4.156208038E-2,-1.884645224E-2,4.973793030E-2
1.384666830E1,-3.133559227E-2,-1.407784224E-2,4.023265839E-2
1.385466401E1,-4.774498940E-2,2.638146281E-3,4.745292664E-2
1.386265879E1,-2.601933479E-2,2.651393414E-3,4.268550873E-2
1.387068489E1,-1.866865158E-2,-1.648339629E-2,2.594375610E-2
1.387868068E1,-1.392710209E-2,-9.372785687E-3,4.509162903E-2
1.388667662E1,-6.779909134E-3,-9.396106005E-3,3.072071075E-2
1.389467271E1,-2.128934860E-2,1.221504807E-2,4.267787933E-2
1.390266750E1,-1.676070690E-2,-2.092763782E-3,4.983329773E-2
1.391066313E1,2.046346664E-3,-1.883098483E-2,5.218982697E-2
1.391865923E1,-2.715611458E-2,-9.204581380E-3,5.213832855E-2
1.392668532E1,-8.492708206E-3,-9.198546410E-3,4.968929291E-2
1.393468203E1,5.208253860E-4,5.139008164E-3,3.286838531E-2
1.394267613E1,4.231929779E-5,9.996920824E-3,3.760623932E-2
1.395067068E1,-7.593631744E-3,5.239292979E-3,3.037261963E-2
1.395866732E1,-7.943034172E-3,-6.632313132E-3,4.230785370E-2
1.396666272E1,-3.491044044E-3,-3.526774049E-2,3.748512268E-2
1.397465935E1,5.842089653E-3,-3.047904372E-2,3.985118866E-2
1.398268483E1,1.531159878E-2,-1.369260252E-2,4.941749573E-2
1.399068031E1,1.290380955E-2,1.009172201E-2,5.180644989E-2
1.399867602E1,1.065182686E-2,2.746582031E-3,4.224205017E-2
1.400667143E1,3.646016121E-3,-1.408994198E-2,6.620216370E-2
1.401466806E1,1.357579231E-2,-1.167078316E-2,4.469299316E-2
1.402266285E1,1.401364803E-2,-4.416331649E-3,6.629085541E-2
1.403065794E1,-4.665732384E-3,-3.551745415E-2,3.761386871E-2
1.403868558E1,-1.134014130E-2,-1.885217428E-2,2.809143066E-2
1.404668075E1,-1.559090614E-2,2.488896251E-3,2.814579010E-2
1.405467677E1,4.160046577E-3,-1.197068393E-2,2.581501007E-2
1.406267186E1,-2.646064758E-2,2.144256234E-2,4.262828827E-2
1.407066688E1,-1.641058922E-2,-5.001962185E-3,3.788948059E-2
1.407866297E1,-6.642067432E-2,-5.024418235E-3,4.031276703E-2
1.408665861E1,-6.389153004E-2,2.175927162E-3,4.272174835E-2
1.409468609E1,-6.656134129E-2,-2.588912845E-3,4.269218445E-2
1.410268026E1,-4.802954197E-2,1.906451583E-2,4.262542725E-2
1.411067474E1,-4.173541069E-2,-9.556174278E-3,4.253005981E-2
1.411867099E1,-1.406884193E-2,-2.607560158E-2,3.763008118E-2
1.412666739E1,-9.577274323E-4,-9.246990085E-3,4.467582703E-2
1.413466433E1,2.408051491E-2,-1.877272129E-2,3.016757965E-2
1.414265843E1,2.307236195E-2,-1.873786747E-2,3.963470459E-2
1.415068437E1,4.158306122E-2,-2.032175660E-3,2.998638153E-2
1.415868000E1,2.915441990E-2,-2.589184046E-2,3.712081909E-2
1.416667579E1,2.670407295E-3,-1.864850521E-2,5.386447906E-2
1.417467265E1,5.115628242E-3,-1.840874553E-2,5.627059937E-2
1.418266690E1,-1.156520844E-2,-3.020638227E-2,6.107139587E-2
1.419066200E1,4.376173019E-4,-1.326452196E-2,5.868434906E-2
1.419868909E1,2.752542496E-3,-2.263298631E-2,4.431533813E-2
1.420668442E1,2.757191658E-3,-1.999138296E-2,2.037906647E-2
1.421468105E1,1.960623264E-2,-2.449756861E-2,3.715610504E-2
1.422267591E1,1.490366459E-2,-7.456347346E-3,2.998828888E-2
1.423067132E1,-1.610279083E-3,-7.290080190E-3,3.001880646E-2
1.423866734E1,1.158237457E-3,-2.299696207E-3,3.964138031E-2
1.424666274E1,4.044890404E-3,-4.538401961E-3,4.448795319E-2
1.425468891E1,2.133119106E-2,-3.316514194E-2,4.454803467E-2
1.426268400E1,-9.112119675E-3,-2.598722279E-2,4.462242126E-2
1.427067941E1,-3.492355347E-3,-2.363912761E-2,4.231834412E-2
1.427867543E1,-5.069851875E-3,-1.414015889E-2,3.522491455E-2
1.428667106E1,-1.705169678E-3,1.203665137E-2,2.575111389E-2
1.429466800E1,-7.169246674E-4,2.520665526E-3,1.628494263E-2
1.430266286E1,2.705454826E-3,3.000497818E-4,4.752731323E-2
1.431065765E1,-1.775562763E-2,-1.864987612E-2,4.286384583E-2
1.431868475E1,7.292628288E-3,-2.553428710E-2,4.778194427E-2
1.432667923E1,2.297055721E-2,-2.517756820E-2,6.230068207E-2
1.433467586E1,1.004111767E-2,-3.695288301E-2,6.964778900E-2
1.434267088E1,-3.200769424E-4,-4.643921554E-2,5.785751343E-2
1.435066574E1,6.212949753E-3,-1.772423089E-2,6.044483185E-2
1.435866261E1,1.762413979E-2,-1.029133797E-3,2.952384949E-2
1.436665832E1,9.719133377E-3,-1.065522432E-3,2.013301849E-2
1.437468518E1,-1.017808914E-2,-8.288994431E-3,1.552772522E-2
1.438267966E1,-2.528667450E-2,-1.299135387E-2,1.810932159E-2
1.439067529E1,-1.176261902E-2,-8.116975427E-3,3.504467010E-2
1.439867100E1,-1.002156734E-2,1.102353632E-2,3.524017334E-2
1.440666641E1,-1.800811291E-2,-2.000510693E-2,7.612419128E-2
1.441466281E1,-9.339690208E-3,-1.039659977E-2,6.910896301E-2
1.442268798E1,-1.530158520E-2,-1.758190989E-2,5.488204956E-2
1.443068338E1,-3.583228588E-2,-8.007586002E-3,4.063129425E-2
1.443867917E1,-4.931378365E-2,-1.044255495E-2,3.594207764E-2
1.444667511E1,-7.901430130E-3,6.308048964E-3,2.883911133E-2
1.445467182E1,-2.425777912E-2,-5.647554994E-3,4.085731506E-2
1.446266684E1,-3.343653679E-2,-3.103464842E-3,4.090499878E-2
1.447066140E1,-3.321719170E-2,-1.490344107E-2,5.051136017E-2
1.447868757E1,-2.825534344E-2,-1.701824367E-2,6.011295319E-2
1.448668413E1,-3.548133373E-2,-1.911298931E-2,4.814434052E-2
1.449468014E1,-3.083133698E-2,-2.078413963E-3,5.771160126E-2
1.450267439E1,-1.669943333E-2,-1.134125888E-2,3.374958038E-2
1.451066972E1,-1.699507236E-2,-2.532808483E-2,3.133201599E-2
1.451866612E1,-1.012635231E-2,-1.063384116E-2,4.088020325E-2
1.452666152E1,3.831624985E-3,-7.147639990E-4,3.844738007E-2
1.453468831E1,3.369927406E-3,-2.679327130E-2,3.840160370E-2
1.454268394E1,-4.264628887E-2,-1.229737699E-2,2.876758575E-2
1.455067966E1,-1.456344128E-2,-2.765268087E-3,4.545402527E-2
1.455867506E1,-2.951622009E-3,1.171429455E-2,4.780960083E-2
1.456667054E1,8.694291115E-3,4.760429263E-3,5.974960327E-2
1.457466617E1,3.225135803E-2,-2.135232091E-2,5.013370514E-2
1.458266196E1,5.397796631E-3,-3.549613059E-2,4.768562317E-2
1.459068721E1,2.241134644E-4,-1.614654064E-2,5.243492126E-2
1.459868384E1,2.532601357E-3,-2.807076275E-2,3.087997437E-2
1.460667894E1,5.149841309E-5,-6.427332759E-3,1.650619507E-2
1.461467549E1,4.909515381E-3,2.242065966E-2,2.369976044E-2
1.462267028E1,-1.417553425E-2,1.196846366E-3,1.892662048E-2
1.463066599E1,-2.867519855E-2,-2.235566080E-2,4.765129089E-2
1.463866178E1,-4.674911499E-3,-1.002396643E-2,5.963706970E-2
1.464668818E1,-1.416039467E-2,-3.846600652E-2,4.528903961E-2
1.465468366E1,7.379770279E-3,-1.903630793E-2,6.684207916E-2
1.466267899E1,2.913880348E-2,-4.754368961E-2,7.884216309E-2
1.467067385E1,3.659057617E-2,-2.830567956E-2,7.169246674E-2
1.467867041E1,3.470051289E-2,-1.154205203E-2,4.301834106E-2
1.468666642E1,2.577054501E-2,5.114346743E-3,3.111839294E-2
1.469466244E1,1.222538948E-2,3.383530676E-2,3.839302063E-2
1.470268715E1,3.499269485E-3,2.674424648E-2,3.130912781E-2
1.471068286E1,-2.183794975E-2,-1.860842109E-3,3.142547607E-2
1.471867942E1,-1.128876209E-2,-1.128673553E-2,3.393268585E-2
1.472667421E1,-2.967095375E-2,-6.391018629E-3,4.599475861E-2
1.473467084E1,-5.788958073E-2,-8.670747280E-3,4.126644135E-2
1.474266624E1,-6.250143051E-2,-1.093807817E-2,3.410625458E-2
1.475066041E1,-4.337036610E-2,-1.082180440E-2,5.086612701E-2
1.475868759E1,-2.454340458E-2,-2.736978233E-2,5.322837830E-2
1.476668360E1,-1.309537888E-2,-2.468284965E-2,2.205085754E-2
1.477467901E1,-6.444454193E-3,-9.995132685E-3,2.439308167E-2
1.478267464E1,1.329183578E-4,2.385139465E-3,4.348754883E-2
1.479067035E1,6.842374802E-3,-2.131897211E-2,3.146934509E-2
1.479866522E1,6.445288658E-3,-1.618480682E-2,3.861427307E-2
1.480666185E1,2.522492409E-2,1.267868280E-2,4.096984863E-2
1.481468918E1,8.330106735E-3,-1.115567982E-2,4.813861847E-2
1.482268312E1,-3.753185272E-3,-1.102426648E-2,4.813003540E-2
1.483067821E1,-3.733515739E-3,-1.105345786E-2,5.291938782E-2
1.483867446E1,-6.181478500E-3,-3.013573587E-2,4.812717438E-2
1.484667056E1,-3.500688076E-2,-1.320408285E-2,4.572582245E-2
1.485466742E1,-2.794361115E-2,8.450284600E-3,3.374385834E-2
1.486266128E1,-2.818059921E-2,-3.212106228E-2,4.808425903E-2
1.487068815E1,-2.853035927E-2,-1.277026534E-2,4.326152802E-2
1.487868317E1,-3.854811192E-2,-3.182682395E-2,4.321384430E-2
1.488667888E1,-2.461194992E-2,-7.832422853E-3,3.598499298E-2
1.489467551E1,-1.787066460E-2,1.839131117E-3,4.072570801E-2
1.490267060E1,3.193020821E-3,-2.196177840E-2,4.785633087E-2
1.491066485E1,1.465439796E-2,-2.659153938E-2,5.737876892E-2
1.491866079E1,1.648128033E-2,-1.202233136E-2,4.056167603E-2
1.492668727E1,1.842296124E-2,-9.486228228E-3,2.854251862E-2
1.493468398E1,6.225109100E-3,-1.652306318E-2,3.330898285E-2
1.494267869E1,1.574707031E-2,-2.108007669E-2,5.964469910E-2
1.495067356E1,3.770947456E-3,7.810994983E-3,5.964756012E-2
1.495866950E1,3.809809685E-3,-1.597286761E-2,4.529094696E-2
1.496666521E1,-5.669355392E-3,-6.316855550E-3,3.812122345E-2
1.497466131E1,-2.241861820E-2,3.458529711E-3,3.812599182E-2
1.498268648E1,-3.194260597E-2,1.059725881E-3,4.531478882E-2
1.499068226E1,-1.518917084E-2,-2.522753179E-2,3.573894501E-2
1.499867859E1,-2.485549450E-2,-1.071240008E-2,4.291534424E-2
1.500667392E1,-2.260911465E-2,-2.971513569E-2,4.529666901E-2
1.501467055E1,-1.575469971E-2,-3.270655870E-3,3.568553925E-2
1.502266449E1,-1.131105423E-2,-1.031781733E-2,4.283142090E-2
1.503066012E1,-4.626870155E-3,-3.647989035E-2,4.996299744E-2
1.503868722E1,6.845474243E-3,-4.683285952E-4,5.469703674E-2
1.504668331E1,-6.872415543E-4,-2.906766534E-2,5.705547333E-2
1.505467964E1,3.830909729E-3,-2.672170103E-2,4.744720459E-2
1.506267381E1,-3.470301628E-3,-9.924709797E-3,5.461788177E-2
1.507066914E1,3.724694252E-3,-1.936507225E-2,4.025650024E-2
1.507866516E1,1.281619072E-3,1.421484351E-2,4.743480682E-2
1.508666117E1,6.089568138E-3,-1.198674738E-2,4.983520508E-2
1.509468765E1,-1.127958298E-3,7.486343384E-5,5.701541901E-2
1.510268336E1,3.755688667E-3,4.908844829E-3,4.505634308E-2
1.511067761E1,6.305336952E-3,-4.517376423E-3,5.225944519E-2
1.511867425E1,3.050816059E-2,2.701953053E-3,3.553104401E-2
1.512666996E1,2.627909184E-2,2.188453078E-2,3.559494019E-2
1.513466659E1,5.851984024E-4,-9.180724621E-3,4.524517059E-2
1.514266068E1,-1.310193539E-2,-9.119376540E-3,3.095817566E-2
1.515068601E1,1.918315887E-3,-1.391720772E-2,6.455039978E-2
1.515868226E1,-1.424634457E-2,-9.282976389E-3,4.067230225E-2
1.516667797E1,-2.080047131E-2,-1.658736169E-2,3.355693817E-2
1.517467407E1,-2.989065647E-2,2.402007580E-3,2.642536163E-2
1.518266916E1,-4.877281189E-2,-4.984691739E-3,2.884483337E-2
1.519066487E1,-5.096161366E-2,-7.497355342E-3,3.365421295E-2
1.519866027E1,-4.847276211E-2,-3.391091526E-2,3.605747223E-2
1.520668644E1,-4.386258125E-2,-2.194195986E-2,2.885437012E-2
1.521468362E1,-3.216707706E-2,-1.706823707E-2,3.600788116E-2
1.522267779E1,-1.101171970E-2,-5.000159144E-3,4.793643951E-2
1.523067288E1,-6.750345230E-3,-9.690687060E-3,4.309082031E-2
1.523866890E1,1.189613342E-2,-2.151127160E-2,6.219196320E-2
1.524666438E1,1.931905746E-3,-9.532675147E-3,5.496597290E-2
1.525469201E1,1.375031471E-2,-1.189865172E-2,4.297733307E-2
1.526268657E1,3.292918205E-2,-7.035762072E-3,4.777050018E-2
1.527068228E1,3.078532219E-2,-2.144518495E-2,5.737400055E-2
1.527867768E1,1.938903332E-2,4.879102111E-3,4.067993164E-2
1.528667339E1,2.719557285E-2,-7.140338421E-3,2.159595490E-2
1.529466934E1,1.366305351E-2,-1.677127182E-2,1.929378510E-2
1.530266451E1,3.854799271E-2,7.143184543E-3,2.658271790E-2
1.531065983E1,-1.551330090E-2,-1.340657473E-4,2.908802032E-2
1.531868608E1,-5.265641212E-2,-3.270655870E-4,4.118633270E-2
1.532668179E1,-5.411267281E-2,-4.233121872E-4,2.931880951E-2
1.533467843E1,-6.316959858E-2,-1.485419273E-2,3.656005859E-2
1.534267321E1,-5.347025394E-2,-1.963466406E-2,6.051540375E-2
1.535066885E1,-5.619823933E-2,-2.198643982E-2,4.611396790E-2
1.535866487E1,-3.047478199E-2,-1.229947805E-2,4.365253448E-2
1.536669081E1,-1.455390453E-2,-2.423129976E-2,4.834651947E-2
1.537468744E1,1.093649864E-2,-1.228509843E-2,4.106807709E-2
1.538268192E1,3.424990177E-2,-1.233889163E-2,2.663040161E-2
1.539067732E1,1.695561409E-2,2.046272159E-3,7.416725159E-3
1.539867357E1,3.335452080E-2,9.118780494E-3,2.173805237E-2
1.540666836E1,3.084135056E-2,1.875942945E-2,3.848552704E-2
1.541466507E1,2.614521980E-2,-1.467345655E-2,4.807472229E-2
1.542269055E1,-4.749059677E-3,-2.183583379E-2,6.246662140E-2
1.543068595E1,-2.355027199E-2,-1.951372623E-2,6.011104584E-2
1.543868197E1,-2.329742908E-2,-2.424810827E-2,8.168888092E-2
1.544667745E1,-2.319371700E-2,-4.345309734E-2,6.015110016E-2
1.545467400E1,-2.567899227E-2,-3.150658309E-2,6.014060974E-2
1.546266848E1,-3.070187569E-2,-5.234122276E-3,2.419853210E-2
1.547066358E1,-3.104746342E-2,-1.964837313E-2,-4.571914673E-3
1.547869044E1,-3.407871723E-2,-1.476366818E-2,1.451206207E-2
1.548668585E1,-1.564574242E-2,-2.348572016E-4,1.682949066E-2
1.549468333E1,-1.403629780E-2,-1.197981834E-2,2.632331848E-2
1.550267750E1,-5.338191986E-3,-1.171623170E-2,4.777812958E-2
1.551067298E1,1.056909561E-3,2.798750997E-3,5.008697510E-2
1.551866830E1,2.437210083E-2,-1.145885885E-2,6.917285919E-2
1.552666378E1,2.861487865E-2,-1.859714091E-2,8.108425140E-2
1.553469172E1,3.303682804E-2,-2.346365154E-2,6.906986237E-2
1.554268559E1,4.019165039E-2,-2.369424701E-2,4.032993317E-2
1.555068138E1,3.550732136E-2,-3.091198206E-2,4.273509979E-2
1.555867762E1,7.141470909E-3,-1.667074859E-2,2.361965179E-2
1.556667249E1,5.342006683E-3,-1.199264824E-2,2.847194672E-2
1.557466912E1,3.616929054E-3,-1.207822561E-2,3.812217712E-2
1.558266476E1,-1.480400562E-2,-4.962801933E-3,3.580951691E-2
1.559069000E1,-3.087151051E-2,-1.215675473E-2,2.631092072E-2
1.559868510E1,-4.956090450E-2,-7.501021028E-3,3.593635559E-2
1.560668112E1,-4.447591305E-2,-9.886160493E-3,4.554653168E-2
1.561467806E1,-3.004169464E-2,6.869375706E-3,4.555416107E-2
1.562267200E1,-3.975236416E-2,-1.711614430E-2,6.469154358E-2
1.563066763E1,-3.061485291E-2,-9.956687689E-3,5.506515503E-2
1.563866404E1,-9.777665138E-3,-2.795964479E-3,4.061889648E-2
1.564668990E1,-1.290857792E-2,-1.962812245E-2,3.813934326E-2
1.565468676E1,-6.702423096E-3,-2.786591649E-3,4.042625427E-2
1.566268124E1,-5.226135254E-4,2.354913950E-2,2.834224701E-2
1.567067665E1,-1.122093201E-2,-2.723276615E-3,4.258251190E-2
1.567867266E1,-2.437329292E-2,9.252518415E-3,5.920982361E-2
1.568666776E1,1.753282547E-2,-5.106747150E-3,3.034591675E-2
1.569466470E1,6.784558296E-3,-1.711007953E-2,3.979110718E-2
1.570268903E1,-1.826357841E-2,-3.622743487E-2,4.445648193E-2
1.571068504E1,2.136445045E-2,-3.855484724E-2,6.588649750E-2
1.571868106E1,-3.541469574E-3,-4.580754042E-2,6.098747253E-2
1.572667677E1,-4.444479942E-3,-3.398671746E-2,3.454780579E-2
1.573467371E1,-4.603862762E-4,-6.359517574E-4,4.642391205E-2
1.574266766E1,1.071166992E-2,1.356336474E-2,3.196620941E-2
1.575066360E1,-4.402279854E-3,-8.867532015E-4,1.990985870E-2
1.575869015E1,1.169955730E-2,1.586034894E-3,3.659725189E-2
1.576668494E1,3.931164742E-3,-1.262417436E-2,4.371833801E-2
1.577468180E1,5.954861641E-3,1.893594861E-3,4.846954346E-2
1.578267628E1,-8.660912514E-3,-2.190706134E-2,4.365730286E-2
1.579067146E1,-8.782267570E-3,-7.510229945E-3,6.279850006E-2
1.579866770E1,-1.128363609E-2,-3.289729357E-4,6.278610229E-2
1.580666403E1,-1.788496971E-3,1.643376052E-2,5.798912048E-2
1.581469028E1,1.733982563E-2,-1.949757338E-2,4.122543335E-2
1.582268530E1,1.248741150E-2,-1.951107383E-2,4.600620270E-2
1.583068047E1,5.354881287E-3,-1.483058929E-2,3.882789612E-2
1.583867649E1,1.752328873E-2,-1.015771925E-2,2.687454224E-2
1.584667189E1,-1.566088200E-2,-1.995666325E-2,2.451324463E-2
1.585466875E1,-1.528799534E-2,-3.324702382E-3,4.131031036E-2
1.586266331E1,-4.147219658E-2,3.797456622E-3,3.893184662E-2
1.587068856E1,-3.680419922E-2,2.777275443E-2,3.652477264E-2
1.587868512E1,-1.570725441E-2,1.351194084E-2,2.211189270E-2
1.588668152E1,-2.113533020E-2,-2.243624628E-2,4.598236084E-2
1.589467692E1,-2.182722092E-4,-1.545235515E-2,3.633022308E-2
1.590267171E1,6.298065186E-3,-8.434832096E-3,3.625202179E-2
1.591066742E1,8.869171143E-4,8.985400200E-4,4.096603394E-2
1.591866374E1,-1.638972759E-2,3.140732646E-3,5.766487122E-2
1.592668961E1,-3.618621826E-2,-1.374545693E-2,5.998420715E-2
1.593468624E1,-9.824037552E-4,-1.382182539E-2,6.229877472E-2
1.594268103E1,-6.448864937E-3,-9.097978473E-3,4.785728455E-2
1.595067543E1,2.326011658E-3,-9.221315384E-3,6.213092804E-2
1.595867207E1,1.826798916E-2,9.859204292E-3,4.049015045E-2
1.596666785E1,-1.672148705E-3,7.496818900E-3,3.322219849E-2
1.597466418E1,2.166819572E-2,1.213186979E-2,3.075695038E-2
1.598268874E1,3.093957901E-2,2.487510443E-3,1.635646820E-2
1.599068537E1,1.878154278E-2,-4.649758339E-3,4.267406464E-2
1.599868054E1,-3.354549408E-4,-6.931647658E-3,4.268074036E-2
1.600667648E1,-7.458329201E-3,-2.357068658E-2,5.226707458E-2
1.601467250E1,-5.101442337E-3,-3.550079465E-2,6.184005737E-2
1.602266790E1,-4.970312119E-3,-2.117572725E-2,5.227661133E-2
1.603066215E1,1.662576199E-2,-4.281844199E-2,5.467414856E-2
1.603868979E1,1.188564301E-2,-2.621257305E-2,4.030990601E-2
1.604668488E1,-9.404182434E-3,-2.398321033E-2,4.033470154E-2
1.605468151E1,-6.805062294E-3,-1.697652042E-2,1.162242889E-2
1.606066245E1,-1.378476620E-2,1.392863691E-2,2.121639252E-2
1.606267599E1,-8.996367455E-3,9.140223265E-3,1.882266998E-2
1.607067147E1,-8.753061295E-3,-5.451917648E-3,2.363300323E-2
1.607866688E1,-2.297604084E-2,-3.193050623E-3,3.801059723E-2
1.608666320E1,-2.538275719E-2,8.673563600E-3,3.800678253E-2
1.610268508E1,-3.284311295E-2,-9.056031704E-4,5.473518372E-2
1.611067987E1,-2.362561226E-2,1.831601560E-2,7.385158539E-2
1.611867620E1,-4.998326302E-3,-3.419618309E-2,4.985427856E-2
1.612667191E1,-8.062839508E-3,-3.160759807E-2,5.457305908E-2
1.613466816E1,1.047170162E-2,-2.664341033E-2,6.408786774E-2
1.614266302E1,3.404378891E-2,-3.139106929E-2,3.292179108E-2
1.615068881E1,5.797791481E-2,-3.362149000E-2,2.574253082E-2
1.615868452E1,6.305181980E-2,-2.876986563E-2,3.056335449E-2
1.616667969E1,5.656754971E-2,-9.535670280E-3,2.346038818E-2
1.617467655E1,1.692819595E-2,-1.199406385E-2,9.210586548E-3
1.618267173E1,-1.289904118E-2,1.903641224E-2,1.892852783E-2
1.619066674E1,-3.081297874E-2,1.664824784E-2,2.305984497E-3
1.619869299E1,-6.110060215E-2,2.395965159E-2,5.268001556E-2
1.620668924E1,-7.740104198E-2,-4.547864199E-3,6.470775604E-2
1.621468595E1,-5.333578587E-2,-2.339653671E-2,7.191085815E-2
1.622268043E1,-3.432202339E-2,-1.830670238E-2,6.472015381E-2
1.623067545E1,1.816534996E-2,-3.002296388E-2,6.231117249E-2
1.623867154E1,1.079058647E-2,-3.230938315E-2,4.313850403E-2
1.624666718E1,2.741897106E-2,-5.993470550E-3,2.157592773E-2
1.625469489E1,2.509951591E-2,1.254916191E-3,-2.356529236E-3
1.626268875E1,2.041530609E-2,-5.870327353E-3,4.839897156E-3
1.627068392E1,2.540481091E-2,-3.244057298E-3,2.472877502E-3
1.627867994E1,1.141428947E-2,-7.687970996E-3,1.928329468E-2
1.628667596E1,2.359747887E-3,-1.207362115E-2,3.371524811E-2
1.629467290E1,5.407333374E-3,-2.384442091E-2,3.618621826E-2
1.630266677E1,-2.727377415E-2,-1.662400365E-2,4.346370697E-2
1.631066186E1,-4.813539982E-2,9.753003716E-3,5.311679840E-2
1.631868857E1,-5.243945122E-2,1.445326209E-2,5.795669556E-2
1.632668467E1,-5.720019341E-2,1.674450934E-2,6.274604797E-2
1.633468099E1,-5.992925167E-2,1.604855061E-5,5.552673340E-2
1.634267570E1,-4.377472401E-2,-2.273708582E-3,3.630828857E-2
1.635067087E1,-3.731310368E-2,-9.210392833E-3,1.947593689E-2
1.635866658E1,-6.916999817E-3,-1.351922750E-2,4.095363617E-2
1.636666191E1,1.126313210E-2,-2.739600837E-2,4.085731506E-2
1.637468993E1,1.510238647E-2,-1.259078085E-2,3.118610382E-2
1.638268379E1,2.401947975E-2,-1.470044255E-2,2.633190155E-2
1.639067958E1,5.243051052E-2,-1.938058436E-2,3.587532043E-2
1.639867498E1,6.456470490E-2,-1.688642800E-2,3.829097748E-2
1.640667100E1,6.025600433E-2,-2.638886869E-2,3.355789185E-2
1.641466787E1,1.550996304E-2,-1.198527217E-2,3.364086151E-2
1.642269288E1,1.896917820E-2,-9.612977505E-3,3.854656219E-2
1.643068798E1,2.729010582E-2,-7.215380669E-3,5.303764343E-2
1.643868423E1,-4.902124405E-3,-2.159792185E-2,4.121398926E-2
1.644668032E1,1.290440559E-3,-1.680183411E-2,5.334091187E-2
1.645467572E1,-4.296076298E-2,-3.220140934E-5,5.108451843E-2
1.646267105E1,-4.433953762E-2,2.384677529E-3,5.598640442E-2
1.647066653E1,-6.513917446E-2,7.240831852E-3,4.170608521E-2
1.647869363E1,-5.032408237E-2,9.034574032E-5,3.457546234E-2
1.648668872E1,-4.297852516E-2,-1.900619268E-2,2.980613708E-2
1.649468528E1,-3.105187416E-2,-2.603685856E-2,1.783370972E-2
1.650267945E1,-7.239937782E-3,1.003725827E-2,2.021789551E-2
1.651067454E1,-2.645611763E-3,-6.619900465E-3,2.259254456E-2
1.651867064E1,6.862878799E-3,-1.612325013E-2,2.498149872E-2
1.652666604E1,1.408112049E-2,-1.600292325E-2,3.695869446E-2
1.653469344E1,1.170146465E-2,-2.788230777E-2,5.611610413E-2
1.654268792E1,-2.524256706E-3,-3.913596272E-3,6.092071533E-2
1.655068386E1,-2.418875694E-3,-1.347325742E-2,6.093215942E-2
1.655867988E1,1.468658447E-4,-2.319793403E-2,6.094837189E-2
1.656667529E1,-2.130615711E-2,-1.133660972E-2,4.419708252E-2
1.657467223E1,-2.131998539E-2,7.680177689E-3,2.264499664E-2
1.658266648E1,-3.334820271E-2,-4.392936826E-3,2.263545990E-2
1.659069195E1,-2.630198002E-2,1.460036635E-2,2.979850769E-2
1.659868859E1,-7.370948792E-3,9.666711092E-3,1.301097870E-2
1.660668284E1,-2.771139145E-3,-4.062363505E-2,2.017211914E-2
1.661467978E1,-7.738590240E-3,-2.141243219E-2,3.212451935E-2
1.662267487E1,1.587152481E-3,-1.418040693E-2,3.449249268E-2
1.663067081E1,-1.541662216E-2,-3.559732437E-2,4.404544830E-2
1.663866537E1,5.812048912E-3,-1.639086008E-2,5.598163605E-2
1.664669239E1,-1.136445999E-2,-1.640313864E-2,4.635810852E-2
1.665468902E1,1.217567921E-2,-9.236574173E-3,5.589008331E-2
1.666268358E1,-9.666085243E-3,1.463910937E-2,3.909587860E-2
1.667067837E1,1.172602177E-2,-7.034167647E-3,3.907585144E-2
1.667867531E1,1.171457767E-2,-9.562551975E-3,3.188800812E-2
1.668667063E1,1.901638508E-2,9.448319674E-3,3.429317474E-2
1.669466727E1,2.432703972E-3,-1.466149092E-2,3.909587860E-2
1.670269228E1,2.757310867E-4,-4.588365555E-4,5.827236176E-2
1.671068761E1,-2.822828293E-2,4.089713097E-3,3.913879395E-2
1.671868247E1,-3.051698208E-2,-8.340179920E-4,6.069469452E-2
1.672667934E1,-5.444979668E-2,6.204590201E-3,4.872131348E-2
1.673467574E1,-3.546380997E-2,-1.545558870E-2,3.433513641E-2
1.674267045E1,-2.859783173E-2,-1.554980874E-2,2.472019196E-2
1.675066501E1,-9.987831116E-3,3.541395068E-3,1.986980438E-2
1.675869210E1,-5.785107613E-3,-6.081014872E-3,2.938079834E-2
1.676668743E1,5.628943443E-3,-2.044612169E-2,4.128932953E-2
1.677468529E1,1.231443882E-2,-2.535124123E-2,4.362583160E-2
1.678267885E1,2.640271187E-2,-2.084159851E-2,3.880023956E-2
1.679067464E1,1.209783554E-2,-2.838812768E-2,4.358577728E-2
1.679867035E1,-4.474878311E-3,-2.507477999E-3,4.359626770E-2
1.680666506E1,-2.088046074E-2,-5.186691880E-3,5.799388885E-2
1.681469346E1,-3.750920296E-2,-1.261113584E-2,4.842567444E-2
1.682268763E1,-6.647288799E-2,-5.524575710E-3,2.924442291E-2
1.683068273E1,-3.572833538E-2,-3.138333559E-3,5.553627014E-2
1.683867936E1,-3.152179718E-2,1.118442416E-2,5.307769775E-2
1.684667500E1,-8.281707764E-3,1.358635724E-2,3.863430023E-2
1.685467078E1,1.477718353E-2,-5.597010255E-3,2.417087555E-2
1.686266518E1,3.546977043E-2,-3.184109926E-3,3.604698181E-2
1.687069166E1,2.041614056E-2,3.992319107E-3,2.639389038E-2
1.687868707E1,2.724277973E-2,-7.985398173E-3,2.396106720E-2
1.688668347E1,1.265275478E-2,3.954261541E-3,3.111743927E-2
1.689467980E1,2.220809460E-2,-8.095890284E-3,4.068946838E-2
1.690267458E1,1.999998093E-2,-2.499841154E-2,3.831291199E-2
1.691066960E1,-6.089687347E-3,-1.572561264E-2,5.269813538E-2
1.691866570E1,-2.008569241E-2,-1.131908596E-2,2.878761292E-2
1.692669187E1,-2.822756767E-3,-1.899865270E-2,3.601455688E-2
1.693468842E1,3.266334534E-5,-2.186143398E-2,1.211166382E-2
1.694268229E1,-3.071618080E-2,1.671552658E-3,2.890300751E-2
1.695067869E1,-2.085542679E-2,1.575221121E-2,3.850555420E-2
1.695867409E1,-3.277826309E-2,8.400171995E-3,2.892971039E-2
1.696666950E1,-3.770959377E-2,2.517043054E-2,3.370285034E-2
1.697466574E1,-2.137911320E-2,-1.060570776E-2,5.281257629E-2
1.698269169E1,-2.420771122E-2,1.597777009E-3,5.995178223E-2
1.699068678E1,-3.173947334E-3,-1.966911554E-2,6.947898865E-2
1.699868311E1,4.417788982E-2,-1.227222383E-2,7.660675049E-2
1.700667812E1,1.979637146E-2,-3.364358842E-2,4.064941406E-2
1.701467545E1,4.115390778E-2,-3.587354720E-2,3.584384918E-2
1.702266955E1,2.683091164E-2,-2.862556279E-2,5.500316620E-2
1.703066533E1,5.111360550E-2,-2.158842981E-2,1.912593842E-2
1.703869181E1,3.500759602E-2,-1.932801306E-2,4.100799561E-5
1.704668745E1,1.898133755E-2,9.134933352E-3,-2.279281616E-3
1.705468377E1,8.084774017E-4,8.988291025E-3,1.219177246E-2
1.706267856E1,-1.003181934E-2,-7.493495941E-4,1.949596405E-2
1.707067396E1,-3.537988663E-2,1.350975037E-2,1.960277557E-2
1.707866998E1,-6.101667881E-2,2.540950477E-2,5.559158325E-2
1.708666515E1,-6.073355675E-2,-2.000248432E-2,6.759738922E-2
1.709469225E1,-6.341433525E-2,-4.145382345E-2,9.150886536E-2
1.710268673E1,-4.719531536E-2,-2.450130880E-2,7.469463348E-2
1.711068305E1,-4.577910900E-2,-1.237636805E-2,4.825305939E-2
1.711867807E1,-8.690357208E-3,-1.476073265E-2,4.093551636E-2
1.712667386E1,1.650702953E-2,-3.145740926E-2,2.884006500E-2
1.713467011E1,5.141639709E-2,-2.175562084E-2,1.436614990E-2
1.714266551E1,6.758344173E-2,-3.120663762E-2,1.430416107E-2
1.715069022E1,3.381836414E-2,-2.623690665E-2,3.343486786E-2
1.715868708E1,2.199804783E-2,-4.763737321E-3,2.866077423E-2
1.716668256E1,3.318428993E-3,4.593700171E-3,1.913166046E-2
1.717467889E1,4.110097885E-3,1.393350959E-2,3.597259521E-2
1.718267368E1,-1.913750172E-2,-6.199330091E-4,4.322814941E-2
1.719066908E1,-3.063309193E-2,2.077792585E-2,5.285358429E-2
1.719869525E1,-3.282332420E-2,1.356215775E-2,5.526924133E-2
1.720669096E1,-4.944920540E-2,-1.518003643E-2,6.486225128E-2
1.721468783E1,-4.234206676E-2,-1.041336358E-2,7.921791077E-2
1.722268292E1,-2.344644070E-2,-1.514138281E-2,6.003665924E-2
1.723867434E1,-1.012098789E-2,-1.023092866E-2,2.640533447E-2
1.724666944E1,-3.553152084E-3,-4.845152795E-2,9.580612183E-3
1.725466645E1,6.453990936E-4,-3.882361948E-2,-6.008148193E-5
1.726269140E1,1.210415363E-2,-2.920588851E-2,-1.926994324E-2
1.727068672E1,1.661765575E-2,-5.264312029E-3,9.429931641E-3
1.727868158E1,1.661586761E-2,-5.211099982E-3,2.140140533E-2
1.728667876E1,1.684808731E-2,-2.819031477E-3,3.579235077E-2
1.729467478E1,-1.399803162E-2,-9.931728244E-3,7.173919678E-2
1.730266902E1,-1.381945610E-2,-5.165785551E-3,7.654571533E-2
1.731066404E1,-6.545305252E-3,-1.951833069E-2,8.373928070E-2
1.731869091E1,5.478620529E-3,-1.234437525E-2,6.219673157E-2
1.732668662E1,1.255261898E-2,1.880630851E-3,7.175827026E-2
1.733468294E1,3.123521805E-3,-1.738093793E-2,5.740642548E-2
1.734267804E1,-3.930449486E-3,-1.503767073E-2,1.671791077E-2
1.735067367E1,3.396391869E-3,-8.274614811E-4,-7.210731506E-3
1.735866969E1,-6.013989449E-3,8.642330766E-3,-1.916599274E-2
1.736669532E1,-2.498781681E-2,1.107004285E-2,7.190704346E-3
1.737469226E1,-2.245104313E-2,-1.043945551E-2,-7.158279419E-3
1.738268582E1,-4.154515266E-2,-3.147065639E-3,2.397632599E-2
1.739068153E1,-2.720236778E-2,-7.801502943E-3,4.312992096E-2
1.739867747E1,-2.505397797E-2,-1.737764478E-2,6.225681305E-2
1.740667387E1,-1.589334011E-2,4.271283746E-3,6.700134277E-2
1.741466928E1,-6.837844849E-3,-1.243968308E-2,6.694507599E-2
1.742269568E1,2.136921883E-2,4.340708256E-3,5.731105804E-2
1.743069054E1,1.130247116E-2,-2.917920053E-2,6.204509735E-2
1.743868564E1,1.093149185E-2,-7.647484541E-3,4.524421692E-2
1.744668250E1,3.966248035E-2,-5.278557539E-3,1.411819458E-2
1.745467852E1,1.833844185E-2,9.087666869E-3,1.414394379E-2
1.746267362E1,-2.783179283E-3,-2.847969532E-3,2.137374878E-2
1.747066810E1,-3.356468678E-2,-7.591024041E-3,2.380752563E-2
1.747869519E1,-4.776656628E-2,-2.183444798E-2,3.340530396E-2
1.748669006E1,-3.329598904E-2,-1.699413359E-2,5.736064911E-2
1.749468669E1,-4.058599472E-2,-1.933576167E-2,5.735015869E-2
1.750268178E1,-5.038833618E-2,-3.375662863E-2,7.408237457E-2
1.751067749E1,-1.013553143E-2,4.411607981E-3,4.529857635E-2
1.751867282E1,1.253008842E-3,6.644546986E-3,5.959606171E-2
1.752666892E1,5.523443222E-3,1.375702024E-2,3.320121765E-2
1.753469570E1,3.382551670E-2,6.517976522E-3,4.512310028E-2
1.754269049E1,2.865505219E-2,1.779615879E-3,2.353477478E-2
1.755068528E1,3.083217144E-2,-5.331531167E-3,1.872444153E-2
1.755868091E1,2.604007721E-2,-3.152212501E-2,3.069782257E-2
1.757467418E1,1.705420017E-2,-2.419181168E-2,3.555488586E-2
1.758266843E1,5.597829819E-3,-5.007445812E-3,2.603626251E-2
1.759069460E1,-8.614063263E-4,9.303092957E-3,4.766273499E-2
1.759869062E1,-1.213860512E-2,-5.181834102E-3,3.576564789E-2
1.760668594E1,-1.143193245E-2,-1.013334095E-2,3.823375702E-2
1.761468227E1,-2.025771141E-2,-1.041331887E-2,6.225299835E-2
1.762267736E1,-2.203321457E-2,-1.538321376E-2,5.992221832E-2
1.763067246E1,-5.528211594E-2,-1.077011228E-2,3.361225128E-2
1.763866824E1,-5.048990250E-2,-1.326858997E-3,4.318618774E-2
1.764669411E1,-5.552303791E-2,-6.173238158E-3,3.118610382E-2
1.765469128E1,-4.894661903E-2,1.541763544E-2,7.178306580E-3
1.766268576E1,-5.701625347E-2,3.660187125E-3,-4.885673523E-3
1.767068178E1,-2.448856831E-2,-8.029162884E-3,1.416492462E-2
1.767867718E1,3.184318542E-3,-1.022017002E-2,3.560066223E-2
1.768667328E1,1.176178455E-2,-1.972636580E-2,5.225181580E-2
1.769466953E1,1.807403564E-2,-2.444729209E-2,4.258060455E-2
1.770269416E1,2.461218834E-2,-3.883321583E-2,5.926799774E-2
1.771068925E1,3.135752678E-2,-2.438719571E-2,4.485607147E-2
1.771868596E1,5.515646935E-2,-3.878425062E-2,6.159973145E-2
1.772668106E1,2.648341656E-2,-4.830068350E-2,7.597255707E-2
1.773467762E1,9.936094284E-3,-2.439887822E-2,5.923557281E-2
1.774267217E1,3.183698654E-2,-7.611468434E-3,4.012107849E-2
1.775066850E1,2.035081387E-2,-2.705782652E-3,4.017829895E-2
1.775869490E1,1.617741585E-2,9.366437793E-3,4.335403442E-3
1.776668976E1,9.754657745E-3,7.005095482E-3,-2.762794495E-3
1.777468640E1,-1.819181442E-2,2.139422297E-2,-2.676010132E-3
1.778268149E1,-2.452409267E-2,-1.289546490E-4,9.389877319E-3
1.779067651E1,-3.101432323E-2,7.090717554E-3,3.340911865E-2
1.779867253E1,-6.651115417E-2,1.427187026E-2,6.936836243E-2
1.780666832E1,-5.200183392E-2,-1.460915804E-2,7.416915894E-2
1.781469534E1,-4.020583630E-2,-2.678227425E-2,6.935691833E-2
1.782268981E1,-3.105676174E-2,-4.137998819E-2,4.296684265E-2
1.783068522E1,-1.008677483E-2,-3.211227059E-2,3.331851959E-2
1.783868100E1,-3.476738930E-3,-1.791223884E-2,2.128124237E-2
1.784667671E1,5.478858948E-4,-3.241606057E-2,9.222984314E-3
1.785467335E1,-1.207768917E-2,-1.100333035E-2,2.830123901E-2
1.786266806E1,-6.086826324E-4,1.040999591E-2,2.584743500E-2
1.787069362E1,6.112813950E-3,1.028971374E-2,3.058242798E-2
1.787868971E1,1.774716377E-2,-4.132822156E-3,4.969692230E-2
1.788668511E1,1.501810551E-2,-1.153521240E-2,4.486656189E-2
1.789468205E1,2.997994423E-3,-2.367426455E-2,5.443477631E-2
1.790267676E1,1.251828671E-2,-1.681734622E-2,5.442047119E-2
1.791067317E1,2.216291428E-2,-7.502585649E-3,5.442142487E-2
1.791866818E1,-1.831412315E-3,-2.214865386E-2,5.201530457E-2
1.792669443E1,-6.658792496E-3,-1.518006623E-2,3.524589539E-2
1.793469076E1,5.089044571E-4,-2.259323001E-2,2.805709839E-2
1.794268524E1,-4.202365875E-3,-1.317875087E-2,-3.063201904E-3
1.795067995E1,5.584359169E-3,-3.779366612E-3,-3.044128418E-3
1.795867635E1,2.742218971E-2,-2.059787512E-2,1.135158539E-2
1.796667299E1,1.598906517E-2,-1.107965410E-2,2.098655701E-2
1.797466808E1,1.432299614E-2,-8.732855320E-3,3.782558441E-2
1.798269448E1,3.120422363E-3,-1.119568944E-2,4.748535156E-2
1.799068958E1,6.178140640E-3,-4.047393799E-3,6.192302704E-2
1.799868529E1,-2.888679504E-3,1.021809876E-2,5.718803406E-2
1.800668108E1,-3.842270374E-2,7.681906223E-3,5.962085724E-2
1.801467732E1,-4.780280590E-2,-6.921306252E-3,6.681919098E-2
1.802267150E1,-2.883076668E-2,-2.394825220E-3,3.327465057E-2
1.803066698E1,-3.641784191E-2,-1.691283286E-2,2.365016937E-2
1.803869399E1,-8.037328720E-3,-7.429152727E-3,2.600288391E-2
1.804668970E1,2.033412457E-2,-3.137825429E-2,2.596378326E-2
1.805468603E1,2.243304253E-2,-3.608819842E-2,1.635551453E-2
1.806268028E1,-2.563357353E-2,-2.174589038E-2,3.788280487E-2
1.807067714E1,-2.329647541E-2,-1.000133157E-2,3.068828583E-2
1.807867255E1,-2.343308926E-2,-6.130188704E-4,2.109241486E-2
1.808666672E1,-6.193006039E-2,3.988854587E-2,2.346134186E-2
1.809469543E1,-2.413618565E-2,1.582761109E-2,3.776645660E-2
1.810268929E1,-1.770794392E-2,1.337444782E-2,2.810573578E-2
1.811068439E1,5.594491959E-4,3.876686096E-3,5.913352966E-2
1.811868033E1,1.173603535E-2,-1.999206841E-2,7.341384888E-2
1.812667642E1,3.249716759E-2,-4.152338207E-2,7.811641693E-2
1.813467360E1,5.095136166E-2,-4.163686931E-2,8.761405945E-2
1.814266692E1,2.899372578E-2,-3.689056635E-2,7.799148560E-2
1.815069340E1,7.094621658E-3,-3.405138850E-3,3.964328766E-2
1.815868965E1,1.176989079E-2,-1.307868958E-2,8.504867554E-3
1.816668474E1,-5.106449127E-3,-6.118357182E-3,6.092071533E-3
1.817468199E1,9.282708168E-3,-1.599964499E-2,-1.067066193E-2
1.818267555E1,1.182854176E-2,-1.383458078E-2,-1.305484772E-2
1.819067072E1,-1.660180092E-2,9.930193424E-3,-1.054763794E-3
1.819866728E1,-1.391088963E-2,3.336817026E-4,2.531337738E-2
1.820669353E1,-1.376914978E-2,5.185469985E-3,4.927253723E-2
1.821469016E1,-4.013943672E-2,4.771798849E-4,6.124305725E-2
1.822268456E1,-1.868629456E-2,-1.375986636E-2,8.278369904E-2
1.823067997E1,-9.358763695E-3,-2.571515739E-2,8.275604248E-2
1.823867537E1,4.857420921E-3,-3.525000811E-2,7.316398621E-2
1.824667169E1,1.900386810E-2,-1.145516336E-2,6.355953217E-2
1.825466810E1,2.611482143E-2,-9.261801839E-3,2.763366699E-2
1.826269335E1,7.054686546E-3,1.110136509E-4,2.524471283E-2
1.827068782E1,1.674842834E-2,7.154226303E-3,1.312255859E-3
1.827868415E1,1.234781742E-2,-2.168239653E-2,-2.737808228E-2
1.828668048E1,6.588172913E-2,5.510711670E-2,2.299880981E-2
1.829467673E1,4.106760025E-2,4.446953535E-4,2.078151703E-2
1.830267121E1,-1.082468033E-2,-7.103458047E-2,5.918312073E-2
1.831069769E1,-6.327605247E-2,-5.664406717E-2,4.723739624E-2
1.831869317E1,-5.790853500E-2,-9.103626013E-3,7.362937927E-2
1.832668911E1,-6.900906563E-3,2.157463133E-2,4.975605011E-2
1.833468551E1,-1.348853111E-2,-9.637385607E-3,4.503250122E-2
1.834267999E1,-8.776307106E-3,1.670792699E-2,4.023551941E-2
1.835067508E1,-6.913912296E-2,1.322180033E-4,2.821350098E-2
1.835867141E1,-3.609216213E-2,-1.637531817E-2,3.295516968E-2
1.836666674E1,1.864063740E-2,-2.590180933E-2,3.770828247E-2
1.837469414E1,2.554380894E-2,-1.875774562E-2,2.091598511E-2
1.838268800E1,3.818035126E-3,-1.878869534E-2,1.371383667E-2
1.839068433E1,-1.325786114E-2,-1.405812800E-2,2.804279327E-2
1.839868004E1,5.745053291E-3,-1.888132095E-2,3.520774841E-2
1.840667606E1,1.991605759E-2,-2.139708400E-2,3.757762909E-2
1.841467277E1,3.425920010E-2,-7.168859243E-3,3.038978577E-2
1.842269763E1,9.107589722E-4,9.437397122E-3,4.716491699E-2
1.843069219E1,-8.444190025E-3,-9.876668453E-3,5.915546417E-2
1.843868844E1,-2.505266666E-2,-1.717300713E-2,4.719924927E-2
1.844668507E1,-2.500462532E-2,-7.600486279E-3,5.199241638E-2
1.845468047E1,-3.555774689E-3,-4.140436649E-4,3.282833099E-2
1.846267464E1,-2.286469936E-2,-5.136445165E-3,2.562999725E-2
1.847067097E1,-1.592171192E-2,-9.906575084E-3,2.560424805E-2
1.847869660E1,-2.339029312E-2,4.529863596E-3,1.839160919E-2
1.848669293E1,-1.638889313E-2,-1.704005897E-2,3.752517700E-2
1.849468956E1,2.564549446E-3,-2.428278327E-2,2.074146271E-2
1.850268435E1,1.674854755E-2,-2.913081646E-2,2.072048187E-2
1.851067914E1,-4.803895950E-3,-1.244324446E-2,3.747749329E-2
1.851867508E1,1.207375526E-2,-3.159807622E-2,5.185604095E-2
1.852667056E1,3.630411625E-2,-2.919735014E-2,5.188846588E-2
1.853469850E1,1.990318298E-2,-1.482340693E-2,4.235076904E-2
1.854269298E1,2.771520615E-2,-2.883195877E-3,5.199718475E-2
1.855068815E1,3.085744381E-2,-1.001530886E-2,6.165695190E-2
1.855868417E1,-1.831173897E-3,-1.007640362E-2,4.498767853E-2
1.856667988E1,-1.288616657E-2,1.373861730E-2,3.072071075E-2
1.857467674E1,-4.644155502E-3,-1.037913561E-2,4.280471802E-2
1.858267161E1,-2.281296253E-2,-5.715966225E-3,1.896858215E-2
1.859069624E1,-4.840278625E-2,-3.462895751E-3,4.059505463E-2
1.859869249E1,-6.484675407E-2,-1.133084297E-3,2.865886688E-2
1.860668820E1,-4.558491707E-2,-1.545071602E-2,2.867126465E-2
1.861468553E1,-5.544388294E-2,-1.539540291E-2,2.145862579E-2
1.862267970E1,-5.836951733E-2,-1.989167929E-2,2.380084991E-2
1.863067533E1,-5.446898937E-2,-1.737880707E-2,3.807067871E-2
1.863867073E1,-2.922439575E-2,-3.165349364E-2,1.640319824E-2
1.864669729E1,-2.088439465E-2,-1.243989170E-2,2.105712891E-2
1.865469354E1,1.133131981E-2,-7.511541247E-3,2.570533752E-2
1.866268710E1,7.754206657E-3,1.658563316E-2,2.079010010E-2
1.867068350E1,1.619744301E-2,-9.552404284E-3,3.503417969E-2
1.867867975E1,4.161703587E-2,-1.880669594E-2,6.606674194E-2
1.868667515E1,3.862094879E-2,-4.721340537E-2,8.037281036E-2
1.869467178E1,4.555881023E-2,-3.020913899E-2,9.471702576E-2
1.870269680E1,4.325318336E-2,-3.725686669E-2,7.078838348E-2
1.871069282E1,5.077981949E-2,-1.575762033E-2,5.406475067E-2
1.871868761E1,5.132544041E-2,8.032590151E-3,3.017902374E-2
1.872668332E1,3.056263924E-2,1.264747977E-2,1.110744476E-2
1.873467964E1,2.214026451E-2,1.011796296E-2,-5.527496338E-3
1.874267535E1,1.385271549E-2,1.727348566E-2,-1.256847382E-2
1.875066953E1,-2.543377876E-2,5.389779806E-3,-1.241016388E-2
1.875869624E1,-5.762112141E-2,-8.880764246E-3,3.801727295E-2
1.876669194E1,-7.576155663E-2,-2.560946345E-2,6.207180023E-2
1.877468981E1,-6.795930862E-2,5.490377545E-3,5.974483490E-2
1.878268337E1,-5.569958687E-2,-2.330997586E-2,5.977630615E-2
1.879067877E1,-6.548881531E-2,-2.106522024E-2,7.172012329E-2
1.879867487E1,-4.206764698E-2,-6.859734654E-3,5.250549316E-2
1.880666996E1,-2.858972549E-2,-4.529550672E-3,1.170444489E-2
1.881469736E1,1.630306244E-3,-1.164889336E-2,1.399993896E-2
1.882269215E1,2.223265171E-2,2.807080746E-3,4.321098328E-3
1.883068717E1,2.870869637E-2,2.960741520E-3,1.861190796E-2
1.883868265E1,3.536665440E-2,-6.539300084E-3,2.334403992E-2
1.884667890E1,3.773689270E-2,-1.605634391E-2,4.249668121E-2
1.885467584E1,2.600288391E-2,3.099724650E-3,5.688762665E-2
1.886267032E1,-2.352476120E-3,-2.799427509E-2,5.932331085E-2
1.887069618E1,-2.048969269E-3,-2.562652528E-2,6.175136566E-2
1.887869197E1,7.007122040E-4,-2.559639513E-2,5.700302124E-2
1.888668822E1,-3.483057022E-2,-5.191825330E-2,4.507350922E-2
1.889468424E1,-2.488338947E-2,-3.047879040E-2,1.398849487E-2
1.890267879E1,-1.981854439E-2,-2.806569636E-2,6.835937500E-3
1.891067442E1,6.929516792E-3,-1.672834158E-3,1.167106628E-2
1.892669600E1,1.752519608E-2,3.115981817E-3,1.896667480E-2
1.893469209E1,3.587007523E-3,2.449351549E-2,3.576850891E-2
1.894268719E1,-3.203272820E-2,2.668008208E-2,2.622032166E-2
1.895068321E1,-4.869186878E-2,1.467300951E-2,4.538345337E-2
1.895867861E1,-3.687965870E-2,-9.263858199E-3,3.578948975E-2
1.896667424E1,-1.325023174E-2,-3.548859060E-2,6.448936462E-2
1.897467026E1,-1.705169678E-3,-4.248210788E-2,5.965709686E-2
1.898269682E1,2.679646015E-2,-4.218745232E-2,6.921577454E-2
1.899069099E1,3.626525402E-2,-5.624389648E-2,8.596992493E-2
1.899868732E1,5.313539505E-2,-4.154771566E-2,5.007648468E-2
1.900668326E1,2.467501163E-2,-3.184732795E-2,4.292774200E-2
1.901467904E1,5.160081387E-2,-1.265008748E-2,3.341674805E-2
1.902267437E1,3.087484837E-2,-5.644068122E-3,7.166862488E-3
1.903066985E1,1.044642925E-2,3.480349481E-2,-7.080078125E-3
1.903869602E1,-3.858494759E-2,3.684931993E-2,2.336502075E-4
1.904669196E1,-5.185866356E-2,2.941006422E-2,-1.401710510E-2
1.905468798E1,-6.548833847E-2,3.172206879E-2,1.958179474E-2
1.906268277E1,-6.748723984E-2,-6.438046694E-3,4.357147217E-2
1.907067825E1,-5.559861660E-2,-3.727303445E-2,7.948303223E-2
1.907867450E1,-6.331181526E-2,-4.421159625E-2,7.703495026E-2
1.908666936E1,-7.394051552E-2,-2.743196487E-2,9.128284454E-2
1.909469761E1,-3.933191299E-2,-1.084989309E-2,4.803848267E-2
1.910269117E1,-7.385611534E-3,-1.349365711E-2,1.433944702E-2
1.911068688E1,1.474583149E-2,3.425927460E-2,4.559516907E-3
1.911868236E1,2.251577377E-2,2.712319791E-2,-1.239871979E-2
1.912667868E1,3.995883465E-2,2.736231685E-2,-3.005027771E-3
1.913467501E1,5.789709091E-2,-2.034270763E-2,2.798938751E-2
1.914269987E1,5.253815651E-2,-8.217155933E-3,4.708480835E-2
1.915069528E1,5.713927746E-2,-3.448513150E-2,6.142997742E-2
1.915869137E1,4.539108276E-2,-1.046876609E-2,8.779335022E-2
1.916668639E1,2.655768394E-2,-4.161113501E-2,9.501075745E-2
1.917468371E1,7.968664169E-3,-1.771061122E-2,8.549404144E-2
1.918267850E1,1.821506023E-2,-4.886052012E-2,3.528976440E-2
1.919067390E1,-9.777545929E-3,-1.548841596E-2,2.100181580E-2
1.919866931E1,-2.328455448E-2,-1.560789347E-2,1.151657104E-2
1.920669602E1,-3.667652607E-2,-8.505284786E-3,-3.480911255E-4
1.921469203E1,-5.036485195E-2,-1.416951418E-3,4.513740540E-3
1.922268690E1,-6.179356575E-2,7.414668798E-4,-1.219272614E-2
1.923068169E1,-5.914163589E-2,1.982435584E-2,1.656532288E-2
1.923867824E1,-2.816128731E-2,1.027344167E-2,2.133846283E-2
1.924667395E1,-3.582978249E-2,7.617175579E-4,4.762268066E-2
1.925470166E1,-1.025545597E-2,-1.101976633E-2,5.233097076E-2
1.926269560E1,-3.862500191E-3,-2.289739251E-2,5.703449249E-2
1.927069124E1,2.673697472E-2,-2.043750882E-2,6.416130066E-2
1.927868695E1,1.419520378E-2,-3.709283471E-2,4.973506927E-2
1.928668304E1,3.057062626E-2,-2.504989505E-2,4.969406128E-2
1.929467906E1,3.883838654E-3,-1.543614268E-2,3.050231934E-2
1.930267377E1,1.582264900E-2,-1.547469199E-2,1.373958588E-2
1.931069971E1,3.031277657E-2,-8.240863681E-3,4.177093506E-3
1.931869573E1,1.155316830E-2,1.256495714E-3,-5.702972412E-4
1.932669106E1,2.408277988E-2,-2.513203025E-2,1.864433289E-2
1.933468800E1,8.143544197E-3,-1.201048493E-3,6.763458252E-3
1.934268286E1,-2.875566483E-3,1.067292690E-2,2.362632751E-2
1.935067827E1,-3.788697720E-2,-8.629038930E-3,4.048061371E-2
1.935867336E1,-2.775204182E-2,2.482078969E-2,5.011844635E-2
1.936669984E1,-6.101143360E-2,-1.600101590E-3,5.972099304E-2
1.937469709E1,-4.676532745E-2,1.761218905E-2,5.013370514E-2
1.938269180E1,-3.520917892E-2,3.390908241E-3,5.248451233E-2
1.939068566E1,-2.285599709E-3,-1.084771752E-2,3.087425232E-2
1.939868207E1,9.147167206E-3,-5.841702223E-3,4.997348785E-2
1.940667808E1,1.358985901E-2,-3.435041010E-2,1.642131805E-2
1.941467472E1,1.293540001E-3,-4.131348431E-2,3.075599670E-2
1.942269904E1,1.065897942E-2,-3.879125416E-2,2.355289459E-2
1.943069529E1,1.324319839E-2,-1.486214995E-2,2.596759796E-2
1.943869046E1,1.839995384E-2,-2.683827281E-2,-3.280639648E-4
1.944668640E1,6.821274757E-3,8.855894208E-3,6.893157959E-3
1.945468373E1,-2.866601944E-2,8.587896824E-3,2.129936218E-2
1.946267783E1,-2.352321148E-2,2.046382427E-2,1.894187927E-2
1.947067300E1,-2.067637444E-2,3.641307354E-3,4.532623291E-2
1.947869948E1,-2.047145367E-2,-1.061803102E-2,5.971622467E-2
1.948669542E1,3.615617752E-3,-1.520225406E-2,7.889175415E-2
1.949469144E1,-3.480434418E-3,-2.211409807E-2,7.651329041E-2
1.950268622E1,-1.026034355E-3,-2.435892820E-2,7.891750336E-2
1.951068163E1,-1.541197300E-2,-2.426524460E-2,5.736923218E-2
1.951867741E1,-1.070213318E-2,-1.234507561E-2,5.975341797E-2
1.952667366E1,2.051472664E-2,-5.311548710E-3,1.187610626E-2
1.953470022E1,2.314674854E-2,1.116627455E-2,-7.257461548E-3
1.954269462E1,2.051949501E-3,-5.822822452E-3,-2.424240112E-3
1.955068979E1,-6.992220879E-3,-8.406326175E-3,-7.158279419E-3
1.955868604E1,-3.531050682E-2,-8.519515395E-3,1.682758331E-2
1.956668152E1,-3.988742828E-2,1.006931067E-3,2.642536163E-2
1.957467877E1,-4.718112946E-2,-1.377210021E-3,5.275058746E-2
1.958267317E1,-3.564584255E-2,-8.393943310E-3,5.270576477E-2
1.959069881E1,-3.870880604E-2,-3.403052688E-3,7.179069519E-2
1.959869506E1,-1.318979263E-2,6.295099854E-3,6.930923462E-2
1.960669046E1,2.635002136E-3,-1.522150636E-2,5.244636536E-2
1.961468655E1,1.372027397E-2,-1.528882980E-2,3.079891205E-2
1.962268165E1,1.307296753E-2,-1.044243574E-3,4.030132294E-2
1.963067667E1,2.215826511E-2,-2.993483841E-2,1.869583130E-2
1.963867307E1,2.690434456E-3,-8.460104465E-3,2.105331421E-2
1.964669886E1,-1.676392555E-2,1.546372473E-2,2.580833435E-2
1.965469549E1,-2.411198616E-2,-2.754859626E-2,4.973316193E-2
1.966269035E1,1.167261600E-2,-1.311145723E-2,4.253864288E-2
1.967068637E1,1.646375656E-2,-2.021561563E-2,4.732894897E-2
1.967868116E1,4.535758495E-2,-1.778474450E-2,6.650161743E-2
1.968667718E1,2.886795998E-2,-1.058301330E-2,4.737854004E-2
1.969467381E1,2.934598923E-2,-5.756318569E-3,4.743194580E-2
1.970269844E1,1.796114445E-2,1.441717148E-3,2.594947815E-2
1.971069416E1,6.581425667E-3,-3.382742405E-3,3.559017181E-2
1.971869040E1,-3.111946583E-2,1.092410088E-2,3.326225281E-2
1.972668642E1,-3.310048580E-2,2.040983737E-2,1.415157318E-2
1.973468244E1,-5.924844742E-2,-3.660917282E-3,2.135276794E-2
1.974267761E1,-4.964756966E-2,-8.642300963E-3,9.380340576E-3
1.975067271E1,-3.059363365E-2,-1.599098742E-2,2.373027802E-2
1.975869880E1,-2.096176147E-3,-2.092126012E-2,1.891326904E-2
1.976669451E1,-2.385616302E-3,-1.374752820E-2,3.324604034E-2
1.977469122E1,-4.599094391E-4,-6.660699844E-3,6.431674957E-2
1.978268570E1,8.688211441E-3,-1.625579596E-2,4.511451721E-2
1.979068072E1,2.739810944E-2,-9.207084775E-3,6.182289124E-2
1.979867643E1,-8.860230446E-3,-2.601045370E-2,4.023551941E-2
1.980667191E1,5.218982697E-4,2.881288528E-4,4.260730743E-2
1.981469931E1,1.729130745E-2,-4.511892796E-3,4.500198364E-2
1.982269433E1,-9.000301361E-3,-4.629775882E-3,3.303337097E-2
1.983068950E1,-6.298542023E-3,1.424551010E-4,4.024887085E-2
1.983868521E1,-1.164555550E-3,-1.909399033E-2,4.028511047E-2
1.984668154E1,-8.027315140E-3,-2.389879525E-2,4.750347137E-2
1.985467717E1,1.831293106E-3,-2.619215846E-2,3.077697754E-2
1.986267234E1,2.051830292E-3,-2.613528073E-2,4.037952423E-2
1.987069821E1,2.148425579E-2,-3.569649160E-2,3.322887421E-2
1.987869446E1,1.949465275E-2,-2.603602409E-2,2.130317688E-2
1.988668932E1,7.972002029E-3,-9.330138564E-3,1.656341553E-2
1.989468596E1,1.352071762E-3,-1.899720728E-2,2.859497070E-2
1.990268136E1,-2.922070026E-2,7.228821516E-3,3.344249725E-2
1.991067699E1,-2.399075031E-2,8.359551430E-6,7.153511047E-3
1.991867209E1,-3.584372997E-2,-7.151916623E-3,2.632045746E-2
1.992669857E1,-3.343796730E-2,-2.401843667E-3,3.350448608E-2
1.993469589E1,-2.652978897E-2,-3.111028671E-2,4.544448853E-2
1.994269006E1,-1.968014240E-2,-2.623525262E-2,4.062175751E-2
1.995068485E1,8.612632751E-3,-1.663744450E-2,3.339099884E-2
1.995868025E1,1.058328152E-2,-1.661945879E-2,3.573799133E-2
1.996667650E1,1.976001263E-2,-4.628613591E-3,2.132892609E-2
1.997467352E1,2.662432194E-2,-6.920650601E-3,3.326797485E-2
1.998269839E1,3.130602837E-2,-1.886025071E-2,2.128601074E-2
1.999069410E1,4.097712040E-2,2.704873681E-3,1.890277863E-2
1.999869011E1,3.899323940E-2,-9.279057384E-3,2.373600006E-2
2.000668552E1,3.009605408E-2,-6.884172559E-3,3.578186035E-2
2.001468192E1,7.102847099E-3,2.746462822E-3,3.349590302E-2
2.002267640E1,-1.830136776E-2,-4.196763039E-3,3.839206696E-2
2.003067172E1,-2.226150036E-2,2.240100503E-2,5.046081543E-2
2.003869828E1,-5.269706249E-2,-1.286327839E-3,6.490898132E-2
2.004669422E1,-5.710756779E-2,8.733093739E-3,3.862476349E-2
2.005469055E1,-4.278016090E-2,-7.536888123E-3,6.975746155E-2
2.006268533E1,-2.847659588E-2,-7.122114301E-3,5.299949646E-2
2.007068074E1,-7.035970688E-3,-2.114193141E-2,3.623676300E-2
2.007867622E1,7.483839989E-3,-4.252494872E-2,2.668094635E-2
2.008667246E1,3.402423859E-2,-2.798423171E-2,1.234149933E-2
2.009469956E1,1.295995712E-2,-3.267921507E-2,-1.966476440E-3
2.010269343E1,1.865744591E-2,-1.577690244E-2,1.729106903E-2
2.011068883E1,1.484322548E-2,-6.054013968E-3,1.979732513E-2
2.011868492E1,6.325006485E-3,-5.840569735E-3,2.710247040E-2
2.012668056E1,-1.997828484E-3,-1.275470853E-2,5.119037628E-2
2.013467757E1,-2.238857746E-2,4.199787974E-3,4.174709320E-2
2.014267144E1,-2.609777451E-2,2.096846700E-3,6.342315674E-2
2.015069792E1,-3.247296810E-2,2.270206809E-3,8.027839661E-2
2.015869386E1,-2.955842018E-2,2.367556095E-3,2.766513824E-2
2.016668903E1,-4.597711563E-2,-2.224177122E-3,3.249645233E-2
2.017468628E1,-2.900755405E-2,-1.400941610E-2,3.013038635E-2
2.018268076E1,-9.745121002E-3,-1.383924484E-2,2.296352386E-2
2.019067555E1,-9.729743004E-3,-4.027858377E-3,2.057743073E-2
2.019870226E1,-1.941907406E-2,-6.212279201E-3,1.338672638E-2
2.020669828E1,-5.100965500E-3,-2.038866282E-2,3.014564514E-2
2.021469468E1,-7.653117180E-3,-2.996890247E-2,2.773284912E-2
2.022268908E1,-7.976651192E-3,-1.316048205E-2,2.530384064E-2
2.023068510E1,2.557945251E-2,1.566113532E-2,3.967571259E-2
2.023867988E1,6.731510162E-3,3.898262978E-3,5.168533325E-2
2.024667652E1,1.639890671E-2,-1.511503756E-2,3.493976593E-2
2.025470338E1,-2.964735031E-4,-4.997849464E-4,5.171203613E-2
2.026269756E1,-3.576278687E-6,-2.894952893E-3,4.216766357E-2
2.027069257E1,2.733588219E-3,-5.017071962E-4,3.023529053E-2
2.027868890E1,2.002453804E-2,4.256755114E-3,3.029441833E-2
2.028668469E1,-1.293778419E-2,1.862913370E-3,5.190467834E-2
2.029468132E1,-3.166723251E-2,-7.778644562E-3,2.082633972E-2
2.030267549E1,-3.120422363E-2,8.912056684E-3,4.003047943E-2
2.031067143E1,-9.312391281E-3,-2.950149775E-2,2.809429169E-2
2.031869799E1,-1.817464828E-3,-4.870414734E-2,1.855182648E-2
2.032669332E1,-8.746027946E-3,-2.957005799E-2,3.294563293E-2
2.033469026E1,-3.027915955E-2,-1.758709550E-2,2.337074280E-2
2.034268412E1,-3.745484352E-2,-3.188237548E-2,4.013252258E-2
2.035068014E1,-2.554368973E-2,-5.425482988E-3,4.970645905E-2
2.035867554E1,-2.107357979E-2,1.130466163E-2,1.375675201E-2
2.036670233E1,-7.077574730E-3,-4.815906286E-4,3.047847748E-2
2.037469812E1,-2.802968025E-3,-5.169346929E-3,6.633663177E-2
2.038269352E1,1.445770264E-3,-2.181990445E-2,5.191230774E-2
2.039068915E1,1.534676552E-2,-3.608910739E-2,2.792072296E-2
2.039868394E1,2.703011036E-2,4.559010267E-3,3.267574310E-2
2.040668034E1,4.840469360E-2,-1.234868169E-2,1.589393616E-2
2.041467636E1,3.409028053E-2,-1.968584955E-2,2.547264099E-2
2.042267107E1,1.516819000E-2,-2.991363406E-3,1.113224030E-2
2.043069640E1,-1.561152935E-2,-3.111913800E-3,1.595592499E-2
2.043869326E1,-1.989412308E-2,-1.751931012E-2,5.431938171E-2
2.044668866E1,-3.639519215E-2,-1.511003077E-2,3.998279572E-2
2.045468560E1,-5.794274807E-2,-6.567090750E-4,4.477405548E-2
2.046267978E1,-5.820882320E-2,-1.490668952E-2,5.432319641E-2
2.047067549E1,-6.372046471E-2,-2.446703613E-2,5.184841156E-2
2.047870258E1,-5.541682243E-2,-2.217152715E-2,4.930877686E-2
2.048669745E1,-3.060793877E-2,-1.277180016E-2,3.955650330E-2
2.049469431E1,-1.065075397E-2,3.774553537E-3,8.249282837E-3
2.050268794E1,2.134191990E-2,-1.241117716E-3,2.483367920E-2
2.051068365E1,6.568825245E-2,1.286503673E-2,2.709388733E-2
2.051867960E1,7.207107544E-2,1.269984245E-2,4.615402222E-2
2.052667623E1,4.777991772E-2,-2.821072936E-2,4.371643066E-2
2.053470278E1,3.103351593E-2,-2.848038077E-2,5.807685852E-2
2.054269726E1,1.930034161E-2,-2.394950390E-2,5.570316315E-2
2.055069290E1,-4.245758057E-3,-1.461058855E-2,5.334758759E-2
2.055868807E1,-2.306306362E-2,-1.007094979E-2,2.464866638E-2
2.056668432E1,-1.781797409E-2,-5.518034101E-3,1.751041412E-2
2.057468034E1,-1.249766350E-2,-3.373235464E-3,-3.983497620E-3
2.058267512E1,-9.533405304E-3,-1.075823605E-2,5.652427673E-3
2.059070137E1,-3.290867805E-2,-1.097707450E-2,1.289272308E-2
2.059869701E1,-2.779686451E-2,-1.385006309E-2,2.488994598E-2
2.060669249E1,-4.930198193E-2,-7.056310773E-3,2.488517761E-2
2.061468943E1,-5.911326408E-2,1.197385788E-2,4.640293121E-2
2.062268383E1,-4.289984703E-2,4.839792848E-3,6.549835205E-2
2.063067931E1,-4.864084721E-2,-6.993800402E-3,8.454895020E-2
2.063867471E1,-2.102363110E-2,-3.781495988E-2,1.035842896E-1
2.064670204E1,-8.579492569E-4,-2.798780799E-2,9.146595001E-2
2.065469775E1,1.692187786E-2,-2.315177023E-2,6.737232208E-2
2.066269354E1,4.440200329E-2,-1.794770360E-3,2.652645111E-2
2.067068802E1,6.262743473E-2,5.047321320E-4,-2.385616302E-2
2.067868342E1,7.893204689E-2,9.948089719E-3,-3.348636627E-2
2.068667944E1,8.144307137E-2,7.523640990E-3,-2.150344849E-2
2.069467630E1,3.656399250E-2,-9.155362844E-3,-1.903915405E-2
2.070270132E1,1.360130310E-2,-6.708994508E-3,2.416610718E-2
2.071069610E1,-2.359139919E-2,-3.537319601E-2,4.105091095E-2
2.071869205E1,-6.828069687E-2,-2.568742633E-2,4.832553864E-2
2.072668814E1,-8.463907242E-2,-3.048203886E-2,5.076313019E-2
2.073468408E1,-6.555938721E-2,-3.057380021E-2,3.878211975E-2
2.074267956E1,-4.919600487E-2,-2.835646272E-2,4.591560364E-2
2.075067427E1,-3.540468216E-2,-2.856089175E-2,3.387737274E-2
2.075870083E1,-2.182233334E-2,-1.678603888E-2,4.336261749E-2
2.076669708E1,-1.083970070E-3,2.036646008E-3,3.129291534E-2
2.077469310E1,1.472783089E-2,2.107326686E-2,3.597354889E-2
2.078268765E1,5.203354359E-2,3.305463493E-2,3.825855255E-2
2.079068298E1,3.691339493E-2,4.539445043E-3,3.339099884E-2
2.079867907E1,7.467830181E-2,-1.669518650E-2,2.615547180E-2
2.080667502E1,6.269860268E-2,-4.039858282E-2,2.616024017E-2
2.081470188E1,5.615043640E-2,-1.616005599E-2,6.454467773E-2
2.082269659E1,3.083693981E-2,-4.486463964E-2,5.029296875E-2
2.083069199E1,-6.107568741E-3,-3.554210067E-2,6.480407715E-2
2.083868770E1,-3.827130795E-2,-2.647218108E-2,1.945209503E-2
2.084668403E1,-4.674100876E-2,1.100741327E-2,-1.992225647E-3
2.085468035E1,-5.784559250E-2,7.489654422E-2,-3.782558441E-2
2.086267460E1,-5.504822731E-2,7.930015028E-2,-3.539657593E-2
2.087070162E1,-7.177543640E-2,4.825553298E-2,-4.265785217E-3
2.087869679E1,-5.059766769E-2,1.026499271E-2,4.597759247E-2
2.088669212E1,-3.461956978E-2,-4.184012115E-2,1.153364182E-1
2.089468875E1,-2.349245548E-2,-8.202752471E-2,1.415920258E-1
2.090268331E1,-5.236387253E-3,-7.936795056E-2,1.295270920E-1
2.091067894E1,3.928112984E-2,-5.075177550E-2,8.871555328E-2
2.091867434E1,4.084098339E-2,-1.746915281E-2,4.552078247E-2
2.092670052E1,4.747378826E-2,3.832012415E-3,-1.679515839E-2
2.093469715E1,4.747653008E-2,8.358970284E-3,-4.553127289E-2
2.094269163E1,3.598225117E-2,-1.329973340E-3,-4.069328308E-2
2.095068765E1,5.864143372E-3,5.708083510E-3,-2.143096924E-2
2.095868374E1,-2.414703369E-2,-6.360515952E-3,-9.338378906E-3
2.096667915E1,-4.940760136E-2,-1.353305578E-2,2.190589905E-2
2.097467516E1,-6.788611412E-2,1.291310787E-2,5.310821533E-2
2.098270103E1,-5.317389965E-2,-2.290232480E-2,7.230281830E-2
2.099069520E1,-3.407299519E-2,-1.336276531E-3,9.863376617E-2
2.099869176E1,-3.188967705E-2,1.295040548E-2,8.903217316E-2
2.100668754E1,-3.468155861E-3,-3.998696804E-3,6.744480133E-2
2.101468441E1,-8.738875389E-3,-1.742824912E-3,4.583930969E-2
2.102267796E1,2.602100372E-3,-1.822292805E-3,2.661418915E-2
2.103067406E1,-2.928853035E-3,-1.656398177E-3,4.988670349E-3
2.103870077E1,8.312702179E-3,-6.175979972E-3,-4.662513733E-3
2.104669594E1,3.660249710E-2,-4.405637085E-2,-7.096290588E-3
2.105469319E1,3.407299519E-2,-3.880722821E-2,1.205253601E-2
2.106268736E1,2.709066868E-2,-6.010569632E-2,1.926326752E-2
2.107068269E1,2.048432827E-2,-4.812587798E-2,2.890491486E-2
2.107867878E1,9.248971939E-3,-1.484461129E-2,5.292224884E-2
2.108667472E1,-1.883924007E-2,-2.247887850E-2,3.861808777E-2
2.109470151E1,-2.089774609E-2,8.207395673E-3,2.906894684E-2
2.110269630E1,-3.765761852E-2,2.697451413E-2,2.187633514E-2
2.111069116E1,-3.310704231E-2,3.169171512E-2,2.663707733E-2
2.111868803E1,-2.389872074E-2,3.429010510E-2,4.575443268E-2
2.112668282E1,-3.650248051E-2,8.277088404E-3,6.963443756E-2
2.113467953E1,-2.529227734E-2,-1.293198764E-2,7.913494110E-2
2.114267370E1,-2.615118027E-2,-1.755848527E-2,6.707191467E-2
2.115069956E1,-5.414009094E-3,-4.621285200E-2,5.261898041E-2
2.115869558E1,-8.636236191E-3,-7.541863620E-2,6.209278107E-2
2.116669160E1,-4.367613792E-2,-6.665669382E-2,-6.259250641E-2
2.117468854E1,1.287019253E-2,7.401293516E-2,-3.397655487E-2
2.118268302E1,6.780564785E-2,6.891703606E-2,-2.921009064E-2
2.119067742E1,4.114425182E-2,-3.633861244E-2,-3.163814545E-2
2.119867405E1,2.630650997E-2,-2.891544998E-2,2.098751068E-2
2.120669969E1,-1.956915855E-2,-1.679131389E-2,5.686187744E-2
2.121469686E1,-4.358792305E-2,-3.117856383E-2,6.403636932E-2
2.122269165E1,-1.017868519E-2,-2.898983657E-2,9.274959564E-2
2.123068674E1,-1.055264473E-2,-7.776185870E-3,7.833480835E-2
2.123868307E1,8.647441864E-4,-5.714654922E-3,5.432319641E-2
2.124667793E1,-3.091597557E-2,1.562540233E-2,3.509330750E-2
2.125470564E1,2.366089821E-2,1.534830034E-2,4.939842224E-2
2.126269951E1,2.103102207E-2,-1.133197546E-2,3.021049500E-2
2.127069637E1,1.870429516E-2,7.603824139E-3,6.271362305E-3
2.127869154E1,2.050757408E-3,7.528409362E-3,-9.012222290E-4
2.128668725E1,-2.413034439E-2,1.229204237E-2,2.305793762E-2
2.129468412E1,-1.909053326E-2,-3.550297022E-2,3.026866913E-2
2.130267806E1,-1.159369946E-2,-2.105233073E-2,2.072906494E-2
2.131067346E1,1.264572144E-2,-4.245193303E-2,5.907154083E-2
2.131870056E1,-1.578426361E-2,-2.331194282E-2,5.431652069E-2
2.132669588E1,-3.503203392E-3,-2.098856866E-2,4.237842560E-2
2.133469228E1,-1.757967472E-2,-2.124124765E-2,4.958724976E-2
2.134268669E1,-3.412771225E-2,2.518549562E-3,3.284740448E-2
2.135068217E1,-2.697682381E-2,2.375394106E-3,2.326297760E-2
2.135867849E1,-1.515638828E-2,2.624802291E-2,3.521537781E-2
2.136670366E1,-2.491497993E-2,2.143722773E-2,3.040695190E-2
2.137470099E1,3.540515900E-3,4.754245281E-3,3.277301788E-2
2.138269516E1,1.526033878E-2,-1.440267265E-2,5.429267883E-2
2.139069026E1,1.014959812E-2,-2.380356193E-3,6.383514404E-2
2.139868658E1,2.824187279E-3,7.100552320E-3,4.945182800E-2
2.140668252E1,2.445709705E-2,-2.079308033E-4,6.142997742E-2
2.141467893E1,1.978683472E-2,-1.705896854E-2,4.228687286E-2
2.142270387E1,1.771283150E-2,-7.619902492E-3,3.992366791E-2
2.143069981E1,-1.303315163E-2,-1.264894009E-2,2.080726624E-2
2.143869560E1,-1.028692722E-2,-2.721878886E-2,-7.888793945E-3
2.144669131E1,-4.593002796E-2,1.335950196E-2,6.503105164E-3
2.145468702E1,-5.067300797E-2,-5.901902914E-3,3.523635864E-2
2.146268234E1,-4.362809658E-2,-1.785752177E-2,1.846218109E-2
2.147067744E1,-2.012324333E-2,-1.305310428E-2,2.799129486E-2
2.147870422E1,-1.846396923E-2,-1.295787096E-2,3.748893738E-2
2.148669994E1,4.715323448E-3,-2.492655814E-2,5.177021027E-2
2.149469626E1,-8.194446564E-4,-2.496284246E-2,5.647563934E-2
2.150269082E1,2.722573280E-2,-3.582343459E-3,4.682064056E-2
2.151068676E1,3.145766258E-2,5.897492170E-3,7.069873810E-2
2.151868155E1,3.592085838E-2,-1.556490362E-2,5.151081085E-2
2.152667733E1,1.410472393E-2,-1.540908217E-2,4.190826416E-2
2.153470474E1,1.635336876E-2,-1.522731781E-2,4.429054260E-2
2.154269922E1,-3.924369812E-4,-2.221666276E-2,4.190254211E-2
2.155069462E1,-2.740740776E-3,-7.652774453E-3,3.233528137E-2
2.155869087E1,6.872534752E-3,4.437476397E-3,8.399963379E-3
2.156668658E1,-4.776477814E-3,-1.941281557E-2,2.519607544E-2
2.157468390E1,3.995895386E-4,-2.185669541E-2,2.044963837E-2
2.158267769E1,3.011107445E-3,-1.962496340E-2,3.004646301E-2
2.159070417E1,-1.604783535E-2,-1.509200037E-2,3.005123138E-2
2.159869904E1,-4.228711128E-2,-1.047343016E-2,2.048110962E-2
2.160669528E1,-4.961979389E-2,6.139487028E-3,3.243255615E-2
2.161469130E1,-3.805434704E-2,-1.307153702E-2,5.393409729E-2
2.162268586E1,-4.349362850E-2,-1.788447797E-2,6.104469299E-2
2.163068118E1,-1.557397842E-2,-3.463642299E-2,6.335067749E-2
2.163867728E1,-2.841162682E-2,-3.236047924E-2,2.973365784E-2
2.164670407E1,-2.885103226E-3,-3.771990538E-3,3.682518005E-2
2.165469970E1,2.265965939E-2,-8.674710989E-3,1.518821716E-2
2.166269479E1,3.627383709E-2,-4.025533795E-3,1.270771027E-2
2.167069050E1,3.806853294E-2,-1.366798580E-2,5.457878113E-3
2.167868598E1,1.112604141E-2,-1.139773428E-2,2.214908600E-2
2.168668200E1,1.206755638E-3,-4.297003150E-3,7.744789124E-3
2.169467856E1,1.057112217E-2,2.683147788E-3,1.729393005E-2
2.170270358E1,1.285898685E-2,-1.901103556E-2,4.361438751E-2
2.171069829E1,-2.072215080E-2,2.420112491E-3,5.557632446E-2
2.171869523E1,-2.080678940E-2,2.284348011E-5,5.556678772E-2
2.172669063E1,-3.059232235E-2,-2.394728363E-2,6.272697449E-2
2.173468757E1,-2.144443989E-2,-3.351375461E-2,6.986236572E-2
2.174268144E1,2.001762390E-3,-1.675938070E-2,2.431774139E-2
2.175067661E1,1.833856106E-2,-2.393178642E-2,1.948356628E-2
2.175870278E1,2.276575565E-2,-4.071147740E-2,2.423191071E-2
2.176669911E1,3.940606117E-2,4.689365625E-3,7.458686829E-3
2.177469536E1,1.785039902E-2,1.876758039E-2,2.662658691E-3
2.178268991E1,1.427650452E-3,4.035428166E-3,-2.098083496E-3
2.179068562E1,-4.135000706E-2,1.074880362E-2,3.204345703E-4
2.179868164E1,-5.795049667E-2,2.000598609E-2,3.145503998E-2
2.180667697E1,-7.499086857E-2,-1.869335771E-3,7.211971283E-2
2.181470468E1,-8.057630062E-2,-1.890933514E-2,5.766010284E-2
2.182269885E1,-8.901238441E-2,-7.143855095E-3,6.709671021E-2
2.183069433E1,-1.027876139E-1,-2.164737880E-2,7.886791229E-2
2.184668575E1,-2.885901928E-2,-3.631488979E-2,4.958057404E-2
2.185468207E1,6.511092186E-3,-1.723535359E-2,4.207897186E-2
2.186267686E1,8.236885071E-3,-1.249970496E-2,2.020072937E-2
2.187070272E1,5.092573166E-2,-2.200801671E-2,1.511383057E-2
2.187869874E1,7.958161831E-2,-1.483546197E-2,1.006126404E-2
2.188669476E1,8.230245113E-2,1.805618405E-3,3.138446808E-2
2.189469140E1,9.063881636E-2,8.799582720E-3,2.646064758E-2
2.190268487E1,5.388033390E-2,-3.434538841E-3,3.115272522E-2
2.191068089E1,2.728462219E-2,-8.483320475E-3,3.590774536E-2
2.191867699E1,3.695118427E-2,-3.918841481E-3,2.154636383E-2
2.192670347E1,8.333444595E-3,-6.375238299E-3,4.071044922E-2
2.193469949E1,-3.120064735E-3,-4.012301564E-3,6.949615479E-2
2.194269489E1,-7.387280464E-3,-1.826265454E-2,5.518913269E-2
2.195068898E1,-2.863514423E-2,-1.812453568E-2,5.043506622E-2
2.195868562E1,1.244521141E-2,-5.148889124E-2,4.329681396E-2
2.196668048E1,1.284253597E-2,-2.504643798E-2,2.179336548E-2
2.197467804E1,2.280664444E-2,-2.266630530E-2,-4.500389099E-3
2.198270267E1,4.020166397E-2,-8.311465383E-3,-6.828308105E-3
2.199069930E1,2.649629116E-2,3.755539656E-3,1.000404358E-2
2.199869317E1,2.249944210E-2,-2.239775658E-2,2.206325531E-2
2.200668949E1,9.124994278E-3,-1.273111999E-2,1.498985291E-2
2.201468644E1,3.201878071E-2,6.504550576E-3,4.865455627E-2
2.202268053E1,4.778265953E-3,-7.895082235E-4,4.881191254E-2
2.203067632E1,-1.534545422E-2,-1.273301244E-2,4.656982422E-2
2.203870249E1,-4.054450989E-2,4.028737545E-3,5.866336823E-2
2.204669843E1,-5.865263939E-2,4.049345851E-3,4.680538177E-2
2.205469453E1,-3.412592411E-2,1.601393521E-2,3.729152679E-2
2.206268993E1,-3.138279915E-2,-3.107205033E-3,3.014755249E-2
2.207068495E1,-2.158844471E-2,4.221856594E-3,3.256893158E-2
2.207868073E1,7.963180542E-5,-1.476107538E-2,1.821994781E-2
2.208667637E1,1.700961590E-2,-5.010649562E-3,2.063655853E-2
2.209470408E1,1.750016212E-2,-1.683503389E-2,3.026962280E-2
2.210269856E1,2.297997475E-2,-9.683743119E-3,3.273773193E-2
2.211069281E1,2.310395241E-3,-2.468243241E-3,5.438137054E-2
2.211868936E1,1.280856133E-2,2.367511392E-3,4.490566254E-2
2.212668546E1,-1.276946068E-2,-9.612068534E-3,5.935192108E-2
2.213468109E1,-2.401733398E-2,4.731521010E-3,5.224704742E-2
2.214267688E1,-4.258894920E-2,2.342551947E-3,2.836799622E-2
2.215070266E1,-3.260660172E-2,-7.241249084E-3,1.883602142E-2
2.215869815E1,-6.057143211E-3,-1.676602662E-2,2.843570709E-2
2.216669416E1,-2.978253365E-2,-1.900242269E-2,3.804016113E-2
2.217469010E1,-5.783915520E-3,-2.359502017E-2,2.608013153E-2
2.218268466E1,-9.243488312E-4,-1.154905558E-2,3.805923462E-2
2.219068060E1,6.223320961E-3,-1.144307852E-2,3.566551208E-2
2.219867608E1,1.590764523E-2,-6.653532386E-3,4.764652252E-2
2.220670287E1,4.150867462E-3,-1.868158579E-3,3.569984436E-2
2.221469919E1,6.759643555E-3,1.482112706E-2,5.726909637E-2
2.222269390E1,2.278447151E-3,2.861589193E-3,3.096675873E-2
2.223068962E1,7.377147675E-3,-1.949027181E-3,3.339290619E-2
2.223868471E1,7.719993591E-3,-1.398229599E-2,1.906394958E-2
2.224668050E1,2.022910118E-2,-2.048268914E-3,4.306411743E-2
2.225467713E1,6.408572197E-3,-1.884815097E-2,2.875709534E-2
2.226270230E1,-1.943910122E-2,-2.199843526E-3,2.401828766E-2
2.227069717E1,-1.180374622E-2,4.956454039E-3,2.646255493E-2
2.227869380E1,-6.493210793E-3,-7.021352649E-3,3.609561920E-2
2.228668890E1,-1.290678978E-3,2.872198820E-4,3.374958038E-2
2.229468584E1,-1.779222488E-2,7.549792528E-3,4.335594177E-2
2.230268093E1,-2.482271194E-2,-1.403433084E-2,2.421760559E-2
2.231070672E1,-1.992976665E-2,-2.591985464E-2,4.099178314E-2
2.231870189E1,-1.500189304E-2,-6.748497486E-3,1.945877075E-2
2.232669791E1,-1.036036015E-2,-2.332213521E-2,4.817676544E-2
2.233469424E1,-3.453981876E-2,-1.114022732E-2,2.182102203E-2
2.234268895E1,-8.354902267E-3,-2.768984437E-2,3.617382050E-2
2.235068350E1,1.303839684E-2,-1.795789599E-2,3.137207031E-2
2.235868067E1,1.774704456E-2,-1.537181437E-2,2.657890320E-2
2.236670654E1,4.185688496E-2,-2.245791256E-2,9.840011597E-3
2.237470317E1,8.752465248E-3,-1.268646121E-2,2.664852142E-2
2.238269773E1,2.373504639E-2,1.813516021E-3,3.629684448E-2
2.239069305E1,5.351781845E-3,-2.799496055E-3,3.877830505E-2
2.239868884E1,-1.554894447E-2,-5.118548870E-3,7.955265045E-2
2.240668486E1,-2.922356129E-2,-2.183014154E-2,4.611015320E-2
2.241468142E1,-1.910555363E-2,-9.873449802E-3,4.856300354E-2
2.242270666E1,-3.067278862E-2,4.542171955E-3,4.382038116E-2
2.243070145E1,-2.575314045E-2,2.125397325E-3,2.228641510E-2
2.243869778E1,-1.857352257E-2,2.371151745E-2,1.031494141E-2
2.244669318E1,5.226254463E-3,-9.198486805E-5,1.748561859E-2
2.245468989E1,1.470565796E-2,4.883110523E-3,2.945041656E-2
2.246268460E1,1.234698296E-2,2.464950085E-4,3.424549103E-2
2.247068039E1,7.449865341E-3,-2.841533720E-2,2.465820312E-2
2.247870625E1,-9.433388710E-3,-1.405218244E-2,1.985645294E-2
2.248670196E1,-1.676130295E-2,-1.407100260E-2,3.660011292E-2
2.249469890E1,-1.209235191E-2,-1.409263909E-2,3.419208527E-2
2.250269238E1,-2.601146698E-3,-1.178213954E-2,4.375743866E-2
2.251068817E1,-7.545113564E-3,-7.207542658E-3,3.655338287E-2
2.251868388E1,6.687641144E-3,-5.046114326E-3,5.408287048E-3
2.252668013E1,-5.405545235E-3,-1.243884861E-2,3.651523590E-2
2.253470669E1,-1.026761532E-2,-6.122738123E-4,2.213954926E-2
2.254270147E1,-8.017301559E-3,-1.980978251E-2,2.930450439E-2
2.255069742E1,-1.291286945E-2,1.138749719E-2,3.647804260E-2
2.255869312E1,-1.003026962E-3,-5.283847451E-3,5.083751678E-2
2.256668853E1,-3.399729729E-3,-1.709993184E-2,5.562973022E-2
2.257468493E1,-5.758643150E-3,-3.134468198E-2,6.521320343E-2
2.258268026E1,2.075016499E-2,-2.655391395E-2,6.044292450E-2
2.259070528E1,1.136624813E-2,-5.080267787E-3,5.327892303E-2
2.259870129E1,-3.995895386E-4,-1.232513785E-2,2.457046509E-2
2.260669670E1,3.340983391E-2,-1.712341607E-2,1.023674011E-2
2.261469333E1,1.482117176E-2,-2.850919962E-3,1.269149780E-2
2.262268842E1,1.551532745E-2,-1.242709160E-2,7.953643799E-4
2.263068413E1,-1.014590263E-2,-1.015634835E-2,-1.110363007E-2
2.263867977E1,-3.097045422E-2,8.880868554E-3,2.009677887E-2
2.264670632E1,-5.191338062E-2,-7.836356759E-3,3.213500977E-2
2.265470203E1,-4.444813728E-2,-5.381584167E-3,5.371570587E-2
2.266269713E1,-2.528858185E-2,-2.695429325E-2,5.371570587E-2
2.267069253E1,-2.318382263E-2,-4.835279286E-2,5.608177185E-2
2.267868855E1,5.056381226E-3,-2.205391228E-2,7.039260864E-2
2.268668457E1,1.632249355E-2,-2.929054201E-2,5.594825745E-2
2.269468120E1,1.807355881E-2,-5.762279034E-4,2.714729309E-2
2.270270614E1,2.479565144E-2,8.959591389E-3,2.230739594E-2
2.271070155E1,2.434194088E-2,1.376761496E-2,5.498886108E-3
2.271869695E1,1.703286171E-2,-5.595237017E-4,1.985073090E-2
2.272669258E1,2.189600468E-2,1.913994551E-3,7.890701294E-3
2.273468891E1,1.739144325E-2,-5.190268159E-3,3.665351868E-2
2.274268346E1,-3.617286682E-3,-1.724597812E-2,4.149913788E-2
2.275067948E1,-8.000135422E-3,-3.167456388E-2,6.787872314E-2
2.275870535E1,-1.230907440E-2,-1.025083661E-2,4.159164429E-2
2.276670129E1,-4.072213173E-2,1.653507352E-3,4.162502289E-2
2.277469792E1,-5.509102345E-2,-3.230258822E-3,4.880523682E-2
2.278269248E1,-3.375840187E-2,1.345482469E-2,4.159736633E-2
2.279068788E1,-1.976597309E-2,-2.725268900E-2,2.719116211E-2
2.279868298E1,-1.313054562E-2,-3.323554993E-3,2.713108063E-2
2.280667922E1,-6.408452988E-3,-2.481584251E-2,1.032161713E-2
2.281470693E1,1.712989807E-2,-8.116096258E-3,3.182411194E-2
2.282270141E1,4.079723358E-2,-8.925050497E-4,3.179550171E-2
2.283069620E1,7.218837738E-3,-1.766720414E-2,3.418254852E-2
2.283869199E1,4.899144173E-3,-1.533423364E-2,5.094909668E-2
2.284668770E1,3.867232800E-2,-1.538591087E-2,3.661060333E-2
2.285468526E1,3.055453300E-3,-1.553586125E-2,3.424453735E-2
2.286267881E1,-1.103293896E-2,-1.085153222E-2,4.384899139E-2
2.287070560E1,-2.030897141E-2,-8.642628789E-3,2.233123779E-2
2.287870100E1,-5.760312080E-3,-8.807763457E-3,3.910541534E-2
2.288669702E1,-2.478218079E-2,-6.529808044E-3,2.475261688E-2
2.289469265E1,-2.244651318E-2,5.196928978E-4,1.516628265E-2
2.290268836E1,-1.777839661E-2,-1.155008376E-2,1.994037628E-2
2.291068284E1,-3.000926971E-2,-1.634192467E-2,1.512336731E-2
2.291867979E1,5.582213402E-3,-1.871798933E-2,3.903007507E-2
2.292670534E1,1.963222027E-2,-1.865316927E-2,3.660297394E-2
2.293470236E1,2.508401871E-3,-1.868295670E-2,4.135131836E-2
2.294269684E1,7.080554962E-3,-6.771147251E-3,1.977729797E-2
2.295069217E1,-5.057692528E-3,-1.395711303E-2,2.454757690E-2
2.295868734E1,6.805419922E-3,1.700326800E-2,4.368591309E-2
2.296668297E1,9.044051170E-3,1.311153173E-4,3.648376465E-2
2.297467960E1,-3.059387207E-3,-7.119208574E-3,3.646850586E-2
2.298270608E1,-5.560398102E-3,-1.917387545E-2,1.490688324E-2
2.299070002E1,-8.124709129E-3,-7.293343544E-3,1.009750366E-2
2.299869658E1,-3.538846970E-3,-2.642744780E-2,2.204799652E-2
2.300669229E1,1.565194130E-2,-2.878098190E-2,4.599475861E-2
2.301468900E1,-3.557562828E-3,-4.074813426E-2,3.641128540E-2
2.302268310E1,1.807796955E-2,-2.641734481E-2,4.599761963E-2
2.303067911E1,-1.278662682E-2,-4.983603954E-3,4.841709137E-2
2.303870413E1,9.085297585E-3,-2.702936530E-3,2.450752258E-2
2.304670100E1,1.436412334E-2,6.821483374E-3,2.934837341E-2
2.305469701E1,-1.141166687E-2,1.881097257E-2,2.701568604E-2
2.306269211E1,1.086807251E-2,-3.465414047E-4,4.146194458E-2
2.307068728E1,-7.418155670E-3,-1.232545078E-2,4.873847961E-2
2.307868353E1,3.066778183E-3,-3.625981510E-2,4.883766174E-2
2.308667901E1,-8.820295334E-4,-4.105737805E-2,2.977657318E-2
2.309470641E1,-9.642839432E-3,-3.635172546E-2,2.986431122E-2
2.310269997E1,-4.079818726E-3,-1.975683868E-2,2.994537354E-2
2.311069591E1,-1.070678234E-2,1.478984952E-3,2.042293549E-2
2.311869224E1,-3.130316734E-3,-1.045778394E-3,8.493423462E-3
2.312668733E1,-1.245880127E-2,1.560986042E-2,3.729820251E-3
2.313468466E1,-7.528543472E-3,1.328854263E-2,3.726577759E-2
2.314267852E1,-2.525329590E-3,-1.997123659E-2,3.729438782E-2
2.315070400E1,9.595513344E-3,-1.968990266E-2,5.647087097E-2
2.315870010E1,4.925727844E-3,-3.360098600E-2,6.128311157E-2
2.316669542E1,1.483654976E-2,-2.133308351E-2,6.850910187E-2
2.317469244E1,2.247405052E-2,-2.350728214E-2,6.616973877E-2
2.318268684E1,2.541542053E-2,-1.877611876E-2,3.510379791E-2
2.319068263E1,2.597534657E-2,-3.807698190E-2,2.558517456E-2
2.319867888E1,1.473534107E-2,-3.110633790E-2,-3.069877625E-3
2.320670444E1,1.216888428E-3,1.892915368E-2,-1.255798340E-2
2.321470115E1,-3.607749939E-2,3.300653398E-2,-1.245307922E-2
2.322269593E1,-3.760433197E-2,4.127487540E-3,1.397609711E-2
2.323069126E1,-5.853247643E-2,-5.443841219E-3,4.756450653E-2
2.323868705E1,-5.827844143E-2,-1.963788271E-2,8.351039886E-2
2.324668245E1,-4.148411751E-2,-1.467317343E-2,8.591079712E-2
2.325467908E1,-1.781678200E-2,-1.221998036E-2,8.827686310E-2
2.326270464E1,-4.014015198E-3,-4.979088902E-3,8.342647552E-2
2.327069973E1,3.368163109E-2,-5.086168647E-3,4.744434357E-2
2.327869575E1,8.388066292E-2,1.150555909E-2,2.827739716E-2
2.328669169E1,7.456374168E-2,-7.749870420E-3,-5.214691162E-3
2.329468833E1,7.993984222E-2,1.371259987E-2,1.639556885E-2
2.330268258E1,2.843046188E-2,-3.130942583E-3,-2.178478241E-2
2.331070782E1,9.437799454E-4,-1.984119415E-2,2.384471893E-2
2.331870500E1,-9.294152260E-3,-1.990187168E-2,2.882480621E-2
2.332670009E1,-1.958107948E-2,-4.653610289E-2,1.942825317E-2
2.333469680E1,-5.882203579E-2,-3.783091903E-3,1.240062714E-2
2.334269182E1,-7.179105282E-2,-1.131437719E-2,4.367351532E-2
2.335068722E1,-8.530545235E-2,-1.637069881E-2,1.982021332E-2
2.335868232E1,-8.277213573E-2,-2.211272717E-3,2.701282501E-2
2.336670818E1,-5.904340744E-2,-4.743173718E-3,4.613971710E-2
2.337470481E1,-3.327000141E-2,2.633118629E-2,3.889369965E-2
2.338269960E1,-2.455377579E-2,-1.432533562E-2,4.598140717E-2
2.339069531E1,-1.682281494E-3,-1.664817333E-2,4.346942902E-2
2.339869079E1,1.395261288E-2,-2.374590933E-2,4.574012756E-2
2.340668704E1,4.189014435E-2,-2.607955039E-2,3.607654572E-2
2.341468367E1,4.844641685E-2,-1.411780715E-2,3.361320496E-2
2.342270838E1,4.572975636E-2,-1.175940037E-2,3.836441040E-2
2.343070440E1,3.130304813E-2,2.444386482E-4,7.233619690E-3
2.343869981E1,4.375076294E-2,1.219023764E-2,9.680747986E-3
2.344669575E1,6.604170799E-2,-6.858170033E-3,1.934146881E-2
2.345469269E1,4.313492775E-2,-9.114012122E-3,3.621959686E-2
2.346268655E1,3.481471539E-2,-3.054945171E-2,3.396797180E-2
2.347068142E1,-4.449963570E-3,-2.570818365E-2,4.370594025E-2
2.347870943E1,-1.000010967E-2,-3.040651977E-2,4.867839813E-2
2.348670361E1,-4.448878765E-2,-8.957952261E-3,4.644107819E-2
2.349470078E1,-6.744289398E-2,-6.617411971E-3,3.936862946E-2
2.350269556E1,-6.457388401E-2,4.125982523E-4,3.462982178E-2
2.351069066E1,-6.463718414E-2,-9.185582399E-3,3.222751617E-2
2.351868668E1,-6.748330593E-2,-2.056747675E-3,3.696441650E-2
2.352668208E1,-2.745950222E-2,-9.253576398E-3,2.491760254E-2
2.353470925E1,-1.389539242E-2,-9.229838848E-3,1.525115967E-2
2.354270373E1,1.866948605E-2,-6.756350398E-3,2.232933044E-2
2.355069906E1,2.512514591E-2,-4.185572267E-3,2.464675903E-2
2.355869569E1,4.363429546E-2,-1.122945547E-2,4.373073578E-2
2.356669117E1,4.320442677E-2,-2.069956064E-2,4.847335815E-2
2.357468750E1,3.350162506E-2,-1.827056706E-2,4.606628418E-2
2.358268190E1,2.405023575E-2,-8.659914136E-3,5.326366425E-2
2.359070807E1,7.715821266E-3,-3.873005509E-3,5.570507050E-2
2.359870347E1,3.448605537E-3,-6.310254335E-3,4.139614105E-2
2.360669957E1,-1.277017593E-2,-1.659676433E-3,3.666496277E-2
2.361469705E1,-2.193212509E-2,-1.748099923E-3,3.670978546E-2
2.362269091E1,-3.361916542E-2,-1.375348866E-2,1.519393921E-2
2.363068570E1,-3.339993954E-2,-2.572667599E-2,1.761150360E-2
2.363868233E1,-2.857327461E-2,-4.076406360E-3,3.198432922E-2
2.364670851E1,-3.356599808E-2,-1.119191945E-2,2.478027344E-2
2.365470422E1,-2.671337128E-2,3.265425563E-3,4.868698120E-2
2.366269939E1,-2.702665329E-2,-1.106017828E-2,2.950000763E-2
2.367069510E1,3.620028496E-3,-8.725166321E-3,5.578136444E-2
2.367869081E1,1.743686199E-2,-6.443664432E-3,6.050491333E-2
2.368668613E1,1.940035820E-2,-1.618540287E-2,3.890609741E-2
2.369468338E1,4.067790508E-2,-1.625183225E-2,4.366302490E-2
2.370270832E1,3.585290909E-2,5.281612277E-3,3.647518158E-2
2.371070257E1,4.325652122E-2,-1.149503887E-2,4.607677460E-2
2.371869913E1,5.280375481E-3,-1.864050329E-2,2.696132660E-2
2.372669546E1,2.494847775E-2,-1.626364887E-2,2.941226959E-2
2.373469178E1,-3.122091293E-3,-1.147933304E-2,1.990985870E-2
2.374268634E1,-2.405452728E-2,1.012082398E-2,1.279640198E-2
2.375068197E1,-3.074836731E-2,-6.571397185E-3,1.045894623E-2
2.375870784E1,-4.247879982E-2,7.167011499E-4,2.964210510E-2
2.376670424E1,-2.564680576E-2,-8.780330420E-3,3.683376312E-2
2.377470026E1,-4.242980480E-2,5.680814385E-3,2.965068817E-2
2.378269504E1,-1.873338223E-2,-1.100686193E-2,3.441333771E-2
2.379068975E1,-2.438545227E-3,-8.752197027E-3,4.632854462E-2
2.379868608E1,9.141564369E-3,-3.278286755E-2,4.149436951E-2
2.380668218E1,2.792751789E-2,-3.283359110E-2,5.342388153E-2
2.381470896E1,2.047550678E-2,-4.160955548E-3,2.466297150E-2
2.382270375E1,6.039857864E-3,-8.918717504E-3,1.507854462E-2
2.383069938E1,1.557695866E-2,1.279193163E-2,3.183650970E-2
2.383869509E1,1.321744919E-2,-1.113469899E-2,5.504608154E-3
2.384668988E1,-3.293275833E-3,3.275662661E-3,3.426456451E-2
2.385468621E1,1.755714417E-3,-1.118887961E-2,3.189659119E-2
2.386268138E1,-2.182841301E-2,-8.859112859E-3,3.911876678E-2
2.387070724E1,-1.670765877E-2,-1.130720973E-2,3.675937653E-2
2.387870295E1,-1.630425453E-2,-1.138785481E-2,3.201389313E-2
2.388669836E1,-1.820921898E-3,-1.389575005E-2,3.681373596E-2
2.389469530E1,-2.082049847E-2,-4.359900951E-3,4.161834717E-2
2.390269001E1,-1.360404491E-2,-1.919463277E-3,4.401779175E-2
2.391068541E1,-8.673191071E-3,-4.218503833E-3,2.967071533E-2
2.391868143E1,2.500021458E-2,-1.360440254E-2,4.405689240E-2
2.392670798E1,3.662705421E-3,-3.008468449E-2,3.690433502E-2
2.393470423E1,1.338207722E-2,-2.496767044E-2,4.171466827E-2
2.394269902E1,4.261016846E-3,-2.709701657E-2,2.980232239E-2
2.395069327E1,1.667296886E-2,-5.690455437E-4,2.506637573E-2
2.395869044E1,2.922689915E-2,-7.634609938E-3,5.147075653E-2
2.396668561E1,8.359551430E-3,2.021327615E-3,3.718376160E-2
2.397468217E1,4.418015480E-3,-3.837049007E-4,4.206657410E-2
2.398270742E1,-1.126384735E-2,1.977175474E-3,3.979301453E-2
2.399070282E1,-3.890514374E-2,4.362031817E-3,2.555084229E-2
2.399869853E1,-5.258691311E-2,-1.232819259E-2,2.562904358E-2
2.400669486E1,-7.629489899E-2,2.614971995E-2,3.044700623E-2
2.401469026E1,-6.681728363E-2,-7.159009576E-3,3.283405304E-2
2.402268659E1,-5.756211281E-2,3.789961338E-4,1.365280151E-2
2.403068053E1,-2.945959568E-2,8.380115032E-4,3.992938995E-2
2.403870754E1,-6.420493126E-3,-2.262605727E-2,3.983783722E-2
2.404670272E1,1.890957355E-2,-1.987624168E-2,3.494548798E-2
2.405469935E1,3.462433815E-2,-4.354701936E-2,3.962230682E-2
2.406269414E1,6.269609928E-2,-3.858919442E-2,4.194641113E-2
2.407068977E1,3.126323223E-2,-3.600332141E-2,6.346416473E-2
2.407868579E1,1.212573051E-2,-2.858680487E-2,6.107711792E-2
2.408668119E1,5.149602890E-3,-1.165455580E-2,6.110382080E-2
2.409470829E1,-1.134407520E-2,4.379153252E-4,5.155944824E-2
2.410270277E1,1.057183743E-2,5.265131593E-3,2.526569366E-2
2.411069786E1,6.068468094E-3,-1.737564802E-3,1.333045959E-2
2.411869419E1,2.084815502E-2,2.251906693E-2,-9.813308716E-4
2.412668967E1,3.816473484E-2,1.581583917E-2,1.486778259E-3
2.413468592E1,2.223753929E-2,1.630784571E-2,1.356220245E-2
2.414268109E1,1.127779484E-2,7.168233395E-3,3.523349762E-2
2.415070718E1,1.709282398E-2,-1.399087906E-2,4.972362518E-2
2.415870358E1,-2.503597736E-2,-2.079257369E-2,6.181144714E-2
2.416669860E1,-5.309009552E-2,-8.594751358E-3,6.668186188E-2
2.417469462E1,-5.019831657E-2,-1.330761611E-2,4.040336609E-2
2.418269041E1,-6.918704510E-2,-1.579236984E-2,2.605533600E-2
2.419068489E1,-3.086912632E-2,-6.318941712E-3,1.647758484E-2
2.419868083E1,-5.266737938E-2,7.882356644E-3,1.405048370E-2
2.420670708E1,-3.888535500E-2,1.733641326E-2,-2.778053284E-3
2.421470371E1,-3.253352642E-2,4.532486200E-4,1.914978027E-3
2.422269842E1,-3.835666180E-2,2.964586020E-4,2.334213257E-2
2.423069383E1,-2.046012878E-2,-6.789475679E-3,3.996276855E-2
2.423868892E1,-1.213037968E-2,-2.096952498E-2,6.855773926E-2
2.424668532E1,-1.675486565E-3,-2.290593088E-2,9.712791443E-2
2.425471296E1,3.744995594E-2,-8.141875267E-3,8.977794647E-2
2.426270682E1,4.086482525E-2,-2.703279257E-2,8.244705200E-2
2.427070192E1,4.461431503E-2,-6.463825703E-4,6.317901611E-2
2.427869855E1,6.792604923E-2,-2.452796698E-2,2.240848541E-2
2.428669395E1,5.583333969E-2,6.488159299E-3,-1.830863953E-2
2.429469066E1,3.926610947E-2,-6.431043148E-4,-1.828575134E-2
2.430268537E1,1.098918915E-2,-5.339220166E-3,-1.583957672E-2
2.431071093E1,1.647496223E-2,-3.646457195E-2,-1.336669922E-2
2.431870695E1,5.330204964E-3,-4.607304931E-2,2.503204346E-2
2.432670273E1,-9.121894836E-4,-1.745879650E-2,5.865287781E-2
2.433469875E1,-1.189696789E-2,-3.383412957E-3,6.115150452E-2
2.434269385E1,-5.911207199E-2,-5.956918001E-3,6.601047516E-2
2.435068856E1,-7.094621658E-2,2.501447499E-2,7.320499420E-2
2.435868434E1,-6.884062290E-2,1.292158663E-2,5.401611328E-2
2.436671144E1,-7.460606098E-2,-1.342639327E-2,4.432964325E-2
2.437470715E1,-5.191576481E-2,1.048427820E-2,4.658222198E-2
2.438270186E1,-1.989305019E-2,-1.575174928E-2,1.768684387E-2
2.439069826E1,2.317786217E-3,-2.281801403E-2,5.526542664E-3
2.439869397E1,1.735424995E-2,-4.179869592E-2,2.943038940E-3
2.440668961E1,2.285265923E-2,-2.974946797E-2,1.951694489E-2
2.441468624E1,2.865397930E-2,-2.739521861E-2,2.893924713E-2
2.442271064E1,3.719544411E-2,-2.043604851E-2,1.445484161E-2
2.443070597E1,2.913820744E-2,-1.576572657E-3,9.562492371E-3
2.443870176E1,1.670527458E-2,1.483954489E-2,3.344535828E-2
2.444669747E1,9.199500084E-3,2.400204539E-3,3.818702698E-2
2.445469433E1,-1.276993752E-2,1.390166581E-2,5.249500275E-2
2.446268881E1,-4.434216022E-2,6.448045373E-3,5.004501343E-2
2.447068452E1,-5.695164204E-2,3.247615695E-2,4.757308960E-2
2.447871077E1,-5.562031269E-2,8.497044444E-3,5.463695526E-2
2.448670679E1,-3.781163692E-2,-1.787459850E-2,3.533363342E-2
2.449470311E1,-5.140471458E-2,-3.952524066E-2,3.515338898E-2
2.450269782E1,-2.209258080E-2,-2.276344597E-2,3.495407104E-2
2.451069269E1,1.197767258E-2,-2.277100086E-2,3.953933716E-2
2.451868801E1,3.897082806E-2,-2.272762358E-2,1.780223846E-2
2.452668434E1,7.585251331E-2,-3.218099475E-2,2.004241943E-2
2.453471174E1,1.085640192E-1,-3.208136559E-2,4.389858246E-2
2.454270591E1,7.967674732E-2,-3.206460178E-2,5.585384369E-2
2.455070201E1,7.296586037E-2,-4.160551727E-2,5.590534210E-2
2.455869733E1,7.393443584E-2,-2.015823126E-2,3.685569763E-2
2.456669335E1,5.623912811E-2,-1.566803455E-2,5.137348175E-2
2.457469029E1,3.899121284E-2,3.064036369E-3,2.044868469E-2
2.458268485E1,5.675554276E-4,2.168440819E-2,1.589870453E-2
2.459070972E1,-3.777575493E-2,3.552238643E-2,1.135826111E-2
2.459870604E1,-7.863795757E-2,2.079750597E-2,1.638507843E-2
2.460670206E1,-7.664489746E-2,3.702253103E-3,3.575229645E-2
2.461469808E1,-9.207856655E-2,8.207723498E-3,2.392196655E-2
2.462269317E1,-8.169460297E-2,-1.109305024E-2,4.795074463E-2
2.463068888E1,-5.978429317E-2,2.243277431E-2,-1.665306091E-2
2.463868405E1,7.831215858E-3,3.495298326E-2,1.103172302E-1
2.464671076E1,-1.612544060E-3,-8.184881508E-2,7.203483582E-2
2.465470686E1,-5.089676380E-2,-1.318085939E-1,5.273342133E-2
2.466270218E1,-2.331280708E-2,-7.921028137E-2,2.147960663E-2
2.467069736E1,5.567550659E-2,8.863687515E-3,-7.264137268E-3
2.467869245E1,1.282279491E-1,5.133187771E-2,-5.508232117E-2
2.468668878E1,8.382511139E-2,3.187608719E-2,9.918212891E-5
2.469468564E1,8.112788200E-3,3.203502297E-2,2.596855164E-3
2.470271035E1,-5.052971840E-2,2.750161290E-2,6.498718262E-2
2.471070575E1,-1.310253143E-2,-8.117988706E-3,8.670997620E-2
2.471870170E1,1.223146915E-2,-5.833536386E-2,1.108083725E-1
2.472669741E1,-2.994871140E-2,-2.510179579E-2,1.109037399E-1
2.473469343E1,-5.543994904E-2,1.042015851E-2,6.310558319E-2
2.474268829E1,-6.707775593E-2,5.211085081E-4,3.440475464E-2
2.475068308E1,-5.017924309E-2,1.937891543E-2,2.244281769E-2
2.475870956E1,-1.184487343E-2,-7.171109319E-3,-2.065467834E-2
2.476670650E1,-3.141665459E-2,-1.924511790E-2,-2.549171448E-2
2.477470244E1,-2.713251114E-2,1.663573086E-2,-6.395339966E-3
2.478269723E1,3.937125206E-3,-2.620518208E-4,1.753711700E-2
2.479069240E1,6.335854530E-3,-2.425149083E-2,4.387378693E-2
2.479868872E1,3.663063049E-3,-9.887367487E-3,6.539058685E-2
2.480668412E1,-1.581847668E-2,-5.079060793E-3,8.929634094E-2
2.481471176E1,-1.396059990E-2,-2.652597427E-2,5.811405182E-2
2.482270532E1,2.613353729E-2,-5.013942719E-3,5.325698853E-2
2.483070072E1,4.749119282E-2,-1.717762649E-2,5.562496185E-2
2.483869589E1,3.545677662E-2,1.366722584E-2,2.209377289E-2
2.484669252E1,1.643669605E-2,1.100637019E-2,2.688980103E-2
2.485468916E1,-3.125989437E-2,-8.442029357E-3,-6.614685059E-3
2.486268333E1,-9.547710419E-3,-1.370674372E-2,-6.607055664E-3
2.487070973E1,-5.969166756E-2,-2.370974422E-2,1.494789124E-2
2.487870513E1,-5.981457233E-2,-2.492293715E-3,5.607604980E-4
2.488670215E1,-6.501948833E-2,-2.621263266E-4,1.966476440E-2
2.489469817E1,-3.948771954E-2,9.321555495E-3,3.872871399E-2
2.490269288E1,-3.106474876E-2,4.673212767E-3,5.536270142E-2
2.491068767E1,3.453373909E-3,-1.414774358E-2,6.958103180E-2
2.491868399E1,1.142537594E-2,-1.869745553E-2,7.898426056E-2
2.492670986E1,4.358708858E-2,-3.765396774E-2,7.165527344E-2
2.493470688E1,6.432533264E-2,-2.562050521E-2,7.396221161E-2
2.494270128E1,7.106494904E-2,-3.050059080E-2,2.602577209E-2
2.495069676E1,5.201470852E-2,-3.544890881E-2,9.274482727E-3
2.495869247E1,3.336000443E-2,1.471367478E-2,1.411533356E-2
2.496668787E1,-4.277586937E-3,-1.172916591E-2,-7.360458374E-3
2.497468481E1,-3.504514694E-3,-1.642772555E-2,2.304077148E-3
2.498270975E1,-2.188205719E-2,-2.586141229E-2,1.196956635E-2
2.499070423E1,-3.796458244E-2,-6.690129638E-3,4.317092896E-2
2.499870141E1,-4.225015640E-2,-1.911565661E-3,4.561996460E-2
2.500669589E1,-4.929757118E-2,-1.924172044E-3,3.127002716E-2
2.501469436E1,-4.231369495E-2,2.445651591E-2,3.364372253E-2
2.502268761E1,-2.361536026E-2,7.845059037E-3,4.077816010E-2
2.503068309E1,6.652474403E-3,5.584001541E-3,3.110885620E-2
2.503870980E1,1.794111729E-2,-6.261438131E-3,3.103637695E-2
2.504670528E1,1.023197174E-2,5.853831768E-3,5.252838135E-2
2.505470222E1,3.373241425E-2,-2.528922260E-2,5.726814270E-2
2.506269701E1,2.644395828E-2,-3.485018015E-2,3.810310364E-2
2.507069141E1,4.918336868E-3,-1.335477829E-2,2.134418488E-2
2.507868805E1,1.232755184E-2,-2.295501530E-2,2.615737915E-2
2.508668314E1,3.010869026E-3,-2.555829287E-2,2.618217468E-2
2.509471093E1,8.805990219E-4,-2.093501389E-2,1.902484894E-2
2.510270541E1,8.329391479E-3,-1.920625567E-3,1.186847687E-2
2.511070104E1,-8.020401001E-3,-9.080886841E-3,2.388572693E-2
2.511869614E1,-1.241695881E-2,2.841651440E-3,3.350448608E-2
2.512669193E1,-4.077827930E-2,1.001584530E-2,4.791069031E-2
2.513468856E1,-3.594338894E-2,4.685372114E-4,6.946468353E-2
2.514271412E1,-3.835105896E-2,-4.278481007E-3,6.228160858E-2
2.515070852E1,-9.988665581E-3,-9.068369865E-3,5.984592438E-2
2.515870484E1,-1.056146622E-2,-1.941263676E-3,4.541587830E-2
2.516670086E1,2.230107784E-2,-2.589802444E-2,2.618885040E-2
2.517469788E1,1.468873024E-2,-1.386743784E-2,1.896095276E-2
2.518269205E1,2.644515038E-2,4.873275757E-4,1.654243469E-2
2.519068707E1,9.603977203E-3,5.280524492E-3,1.892757416E-2
2.519868309E1,1.933872700E-2,5.290716887E-3,2.133941650E-2
2.520670957E1,1.726436615E-2,-1.628777385E-2,2.616310120E-2
2.521470589E1,5.710721016E-3,-2.037316561E-3,3.099441528E-2
2.522270014E1,-2.491676807E-2,2.563014627E-3,4.541110992E-2
2.523069555E1,-3.175759315E-2,3.354160488E-2,4.305171967E-2
2.523869179E1,-2.679479122E-2,-1.442797482E-2,5.982780457E-2
2.524668750E1,-2.218782902E-2,-1.699934900E-2,3.825664520E-2
2.525471529E1,-2.481186390E-2,-2.418656647E-2,6.456756592E-2
2.526270916E1,-1.337635517E-2,-3.620970249E-2,3.577613831E-2
2.527070479E1,3.011822701E-3,-9.811893106E-3,4.611968994E-3
2.527870050E1,4.849994183E-2,4.824087024E-3,7.644367218E-2
2.528669598E1,1.492345333E-2,-5.475012958E-2,2.855968475E-2
2.529469284E1,7.287979126E-3,-5.707228184E-2,3.808784485E-2
2.530268732E1,1.206719875E-2,-6.891280413E-3,2.371978760E-2
2.531071288E1,2.230894566E-2,9.626641870E-3,2.378749847E-2
2.531870836E1,4.466176033E-2,7.087484002E-3,2.866268158E-2
2.532670376E1,-2.863407135E-4,-9.771719575E-3,2.153778076E-2
2.533470186E1,-5.025637150E-2,1.185272634E-2,5.748558044E-2
2.534269572E1,-4.986464977E-2,4.679381847E-3,5.034637451E-2
2.535069174E1,-6.492972374E-3,-2.887640893E-2,5.037689209E-2
2.535868722E1,-2.066612244E-2,-1.946526766E-2,5.757808685E-2
2.536671339E1,-8.628726006E-3,-2.847969532E-3,4.561042786E-2
2.537471025E1,-3.761124611E-2,-7.734194398E-3,5.515670776E-2
2.538270443E1,-4.534244537E-3,-6.360858679E-4,4.552936554E-2
2.539069921E1,-1.715993881E-2,1.698881388E-3,3.587913513E-2
2.539869623E1,-5.880713463E-3,-1.984298229E-2,1.185989380E-2
2.540669156E1,1.746332645E-2,-1.979011297E-2,3.573703766E-2
2.541468819E1,1.940762997E-2,-2.216631174E-2,2.371692657E-2
2.542271282E1,2.403664589E-2,-1.962924004E-2,2.370262146E-2
2.543070830E1,2.887606621E-2,-1.493407786E-2,3.807067871E-2
2.543870424E1,1.472616196E-2,-3.122076392E-3,5.245590210E-2
2.544670034E1,-1.637220383E-3,1.583293080E-3,5.249881744E-2
2.545469697E1,3.495097160E-3,1.107585430E-2,5.014038086E-2
2.546269114E1,-1.057481766E-2,-5.839437246E-3,4.059314728E-2
2.547068678E1,-5.489706993E-3,-1.094877720E-3,4.062461853E-2
2.547871295E1,-3.162348270E-2,-2.749277651E-2,4.543399811E-2
2.548670866E1,1.949787140E-3,-2.041204274E-2,4.065036774E-2
2.549470506E1,2.131855488E-2,-1.809336245E-2,2.391338348E-2
2.550269985E1,4.800558090E-3,-3.496193886E-2,3.111934662E-2
2.551069518E1,1.960992813E-4,-1.584412158E-2,1.438045502E-2
2.551869089E1,-1.979827881E-3,-2.059657872E-2,3.355884552E-2
2.552668691E1,-1.626098156E-2,-3.848180175E-3,1.920318604E-2
2.553471369E1,-2.090919018E-2,-1.570814848E-2,2.879810333E-2
2.554270794E1,-1.769304276E-3,-1.224815845E-3,3.598022461E-2
2.555070388E1,-2.351534367E-2,-8.264377713E-3,5.032730103E-2
2.555870052E1,-1.898252964E-2,-1.055072248E-2,5.987834930E-2
2.556669561E1,-2.655935287E-2,-5.663901567E-3,5.744266510E-2
2.557469232E1,-1.249885559E-2,-8.034735918E-3,4.543781281E-2
2.558268734E1,2.081739902E-2,-5.747556686E-3,4.301929474E-2
2.559071259E1,2.066135406E-2,6.171748042E-3,2.863502502E-2
2.559870861E1,2.300584316E-2,-3.380939364E-3,4.778385162E-2
2.560670463E1,2.796936035E-2,-8.220434189E-3,2.625370026E-2
2.561470103E1,1.999497414E-3,-1.061937213E-2,4.305458069E-2
2.562269520E1,4.932284355E-3,-1.547200978E-2,1.677608490E-2
2.563069022E1,-3.984332085E-3,-3.604128957E-3,1.684761047E-2
2.563868685E1,-8.032798767E-3,5.865573883E-3,3.129291534E-2
2.564671302E1,-1.939642429E-2,1.531964540E-2,2.417564392E-2
2.565470935E1,-4.283785820E-2,9.998977184E-4,3.141403198E-2
2.566270360E1,-3.539061546E-2,-8.647128940E-3,5.059528351E-2
2.567069954E1,-3.774797916E-2,-6.247013807E-3,4.581165314E-2
2.567869586E1,-2.123165131E-2,-1.586893201E-2,4.817867279E-2
2.568669157E1,-1.204574108E-2,-1.104059815E-2,4.334735870E-2
2.569468698E1,-1.244664192E-2,-1.105435193E-2,3.372478485E-2
2.570271223E1,1.830744743E-2,-2.302911878E-2,2.171325684E-2
2.571070740E1,3.367662430E-3,-1.821891963E-2,1.446723938E-2
2.571870280E1,1.253652573E-2,8.073419333E-3,2.878570557E-2
2.572669913E1,-1.402914524E-2,-1.827068627E-2,1.678848267E-2
2.573469568E1,2.173805237E-2,3.310546279E-3,2.395629883E-2
2.574269047E1,7.384896278E-3,-1.427620649E-3,2.874755859E-2
2.575068626E1,1.701951027E-2,-1.577293873E-2,2.157115936E-2
2.575871304E1,-1.404714584E-2,3.377944231E-3,3.833770752E-2
2.576670845E1,-2.341103554E-2,-2.541589737E-2,5.033016205E-2
2.577470416E1,5.341887474E-3,-1.579648256E-2,5.512142181E-2
2.578269925E1,-1.136934757E-2,-1.827627420E-2,2.639579773E-2
2.579069435E1,-2.343094349E-2,-1.347361505E-2,4.075050354E-2
2.579869037E1,-2.603638172E-2,-2.776786685E-2,2.636337280E-2
2.580668638E1,4.871010780E-3,-1.103490591E-2,2.873325348E-2
2.581471248E1,-9.703636169E-3,-3.971445560E-2,1.913452148E-2
2.582270788E1,6.777405739E-3,-6.097942591E-3,1.910591125E-2
2.583070328E1,9.066462517E-3,-6.071090698E-3,2.867126465E-2
2.583869907E1,1.610171795E-2,-1.791886985E-2,3.584003448E-2
2.584669478E1,1.843392849E-2,-2.970862389E-2,4.301929474E-2
2.585469111E1,1.610159874E-2,-2.713388205E-2,4.063606262E-2
2.586268582E1,1.868009567E-3,-3.184780478E-2,3.347015381E-2
2.587071168E1,4.615068436E-3,-1.254402101E-2,3.830146790E-2
2.587870832E1,1.216685772E-2,-1.728895307E-2,4.313182831E-2
2.588670318E1,-1.620256901E-2,1.623894274E-2,4.796028137E-2
2.589470066E1,-2.531254292E-2,-5.429729819E-3,3.843212128E-2
2.590269429E1,-1.296508312E-2,1.601815224E-3,4.565334320E-2
2.591069085E1,-2.952563763E-2,1.103979349E-2,2.173137665E-2
2.591868594E1,-4.620754719E-2,-8.915811777E-4,3.849983215E-2
2.592671212E1,-6.322360039E-2,1.349651814E-2,3.128814697E-2
2.593470875E1,-6.120038033E-2,-3.175854683E-3,4.082584381E-2
2.594270300E1,-1.402199268E-2,1.699894667E-3,1.441383362E-2
2.595069894E1,-3.008008003E-3,-2.972364426E-3,2.867507935E-2
2.595869442E1,2.232527733E-2,-1.970137656E-2,3.574752808E-2
2.596669074E1,1.186716557E-2,-1.965564489E-2,4.283332825E-2
2.597468707E1,3.033971786E-2,-1.246672869E-2,3.078651428E-2
2.598271170E1,2.024912834E-2,-1.963976026E-2,3.073024750E-2
2.599070734E1,1.040589809E-2,-3.153824806E-2,3.549098969E-2
2.599870282E1,1.747119427E-2,-1.714602113E-2,5.702590942E-2
2.600669914E1,5.568265915E-3,-1.704242826E-2,5.942916870E-2
2.601469601E1,1.773619652E-2,-9.640559554E-3,6.424617767E-2
2.602268995E1,1.318430901E-2,-1.918974519E-2,4.751300812E-2
2.603068474E1,3.912687302E-3,4.859194160E-3,2.360725403E-2
2.603871206E1,4.397392273E-3,1.694239676E-2,2.366352081E-2
2.604670723E1,2.879965305E-2,2.738341689E-3,9.352684021E-3
2.605470441E1,-4.136562347E-3,1.969724894E-2,2.618026733E-2
2.606269827E1,1.805841923E-2,-6.480157375E-3,-8.010864258E-5
2.607069460E1,-1.489734650E-2,-1.821957529E-2,1.914119720E-2
2.607868938E1,-3.351652622E-2,3.449663520E-3,2.399158478E-2
2.608668602E1,-3.563833237E-2,8.301228285E-3,4.078197479E-2
2.609471319E1,-3.080296516E-2,-6.144732237E-3,5.754470825E-2
2.610270759E1,-9.196758270E-3,-1.337875426E-2,5.994415283E-2
2.611070246E1,5.049347878E-3,-2.306340635E-2,3.359317780E-2
2.611869870E1,8.201599121E-5,-1.352080703E-2,1.920700073E-2
2.612669441E1,9.586095810E-3,-2.073411644E-2,9.621620178E-3
2.613469136E1,-9.614825249E-3,-1.560151577E-3,3.355884552E-2
2.614268584E1,2.379655838E-3,-6.320461631E-3,2.637863159E-2
2.615071147E1,-4.697322845E-3,1.011699438E-3,4.794216156E-2
2.616670343E1,5.473256111E-3,8.314743638E-3,4.322242737E-2
2.617470068E1,8.379578590E-3,-1.077577472E-2,6.482887268E-2
2.618269393E1,-2.963542938E-3,-8.354827762E-3,4.095745087E-2
2.619068902E1,-2.140617371E-2,-2.019219100E-2,4.103851318E-2
2.619868512E1,-1.370298862E-2,-1.286651194E-2,3.631114960E-2
2.620671213E1,-1.079797745E-2,-1.277600229E-2,3.397655487E-2
2.621470761E1,-1.996040344E-2,-2.985864878E-3,1.726818085E-2
2.622270263E1,-2.210342884E-2,6.848588586E-3,1.011943817E-2
2.623069803E1,2.161145210E-3,-1.456907392E-2,3.888893127E-2
2.623869436E1,5.082726479E-3,-1.195654273E-2,2.458763123E-2
2.624668976E1,4.399847984E-2,-2.144776285E-2,4.141616821E-2
2.625471724E1,2.080190182E-2,-7.027864456E-3,2.474212646E-2
2.626271103E1,4.694223404E-3,-9.476199746E-3,3.438949585E-2
2.627070612E1,-1.144444942E-2,6.268918514E-5,3.445911407E-2
2.627870283E1,-3.972554207E-2,-1.428698003E-2,4.169082642E-2
2.628669854E1,-3.472483158E-2,4.920035601E-3,3.213977814E-2
2.629469549E1,-1.075088978E-2,-2.090722322E-3,4.411792755E-2
2.630268935E1,-2.049565315E-2,-2.109375596E-2,3.931522369E-2
2.631071575E1,-3.928303719E-3,-1.614616811E-2,3.450870514E-2
2.631871185E1,1.991891861E-2,-5.437110364E-2,2.971172333E-2
2.632670664E1,5.549788475E-3,-3.752739727E-2,3.450107574E-2
2.633470319E1,2.475428581E-2,-1.107993722E-2,1.535511017E-2
2.633870043E1,2.263808250E-2,-8.600518107E-3,2.257061005E-2
2.634071498E1,1.306128502E-2,-6.206318736E-3,2.257061005E-2
2.634269806E1,1.306128502E-2,3.370493650E-3,2.735900879E-2
2.635069338E1,1.100766659E-2,-2.046249807E-2,3.218841553E-2
2.635868978E1,-7.751107216E-3,1.230388880E-3,3.223514557E-2
2.636671557E1,-2.163171768E-2,-2.028775215E-2,3.947353363E-2
2.637471221E1,-3.073573112E-2,8.431941271E-3,5.149745941E-2
2.638270645E1,-3.276336193E-2,3.595978022E-3,4.674816132E-2
2.639070216E1,-2.057087421E-2,8.274376392E-3,3.719425201E-2
2.639869780E1,-3.970170021E-2,-3.667667508E-3,3.959178925E-2
2.640669382E1,-2.793276310E-2,-2.513301373E-2,3.957080841E-2
2.641469022E1,-1.153016090E-2,-1.301153004E-2,3.713989258E-2
2.642271516E1,4.723310471E-3,-1.291000843E-2,2.511501312E-2
2.643071049E1,8.901715279E-3,-3.305405378E-3,1.547050476E-2
2.643870743E1,2.042651176E-2,-2.233962715E-2,2.021121979E-2
2.644670229E1,1.998400688E-2,-3.658258915E-2,3.213500977E-2
2.645469923E1,7.661700249E-3,-1.252345741E-2,3.449344635E-2
2.646269333E1,2.773642540E-3,-5.239874125E-3,2.730178833E-2
2.647068934E1,1.716339588E-2,-5.228221416E-3,3.448772430E-2
2.647871521E1,3.419101238E-2,-7.706820965E-3,4.409217834E-2
2.648671154E1,2.031397820E-2,-5.374133587E-3,5.132770538E-2
2.649470755E1,1.858425140E-2,-1.502385736E-2,3.942966461E-2
2.650270211E1,2.439022064E-4,-3.170013428E-3,3.951835632E-2
2.651069744E1,-2.292287350E-2,-1.290635765E-2,4.439067841E-2
2.651869322E1,-3.184664249E-2,1.336666942E-2,3.248977661E-2
2.652668947E1,-3.119134903E-2,6.191790104E-3,3.974723816E-2
2.653471595E1,-2.840471268E-2,-1.053451002E-2,3.021526337E-2
2.654271105E1,-1.863932610E-2,1.578748226E-3,1.348018646E-2
2.655070622E1,-2.098572254E-2,-7.911220193E-3,2.545833588E-2
2.655870247E1,-9.301424026E-3,-5.794018507E-4,2.542972565E-2
2.656669764E1,-1.192259789E-2,-3.160865605E-2,2.061748505E-2
2.657469458E1,2.149903774E-2,2.025514841E-3,3.258037567E-2
2.658268875E1,-9.727478027E-5,-5.113482475E-3,5.173015594E-2
2.659071462E1,-9.722828865E-3,-5.142360926E-3,2.778148651E-2
2.659871063E1,1.177525520E-2,-2.829432487E-4,3.256607056E-2
2.660670573E1,1.172494888E-2,-7.427453995E-3,5.171489716E-2
2.661470290E1,-2.139806747E-4,-2.762526274E-4,4.453563690E-2
2.662269738E1,-1.299381256E-5,-1.465466619E-2,3.498077393E-2
2.663069317E1,-1.407194138E-2,6.813436747E-3,3.022480011E-2
2.663868880E1,5.366563797E-3,-5.131304264E-3,3.504562378E-2
2.664671536E1,-1.838505268E-2,9.187847376E-3,3.027820587E-2
2.665471099E1,-6.189227104E-3,-4.550814629E-4,2.551364899E-2
2.666270555E1,-8.370876312E-3,4.364892840E-3,2.793216705E-2
2.667070118E1,-1.062500477E-2,-1.464197040E-2,4.710483551E-2
2.667869820E1,-1.016259193E-3,-7.288008928E-3,5.190086365E-2
2.668669322E1,-8.213043213E-3,-1.196837425E-2,3.035354614E-2
2.669468924E1,-2.271342278E-2,-7.087752223E-3,3.034114838E-2
2.670271510E1,-3.670096397E-3,-1.420782506E-2,4.229927063E-2
2.671071050E1,-3.887176514E-3,-9.403496981E-3,2.551746368E-2
2.671870590E1,2.461540699E-2,2.551585436E-3,2.309608459E-2
2.672670131E1,7.735371590E-3,-9.364262223E-3,3.744888306E-2
2.673469863E1,7.504105568E-3,-9.356185794E-3,2.784633636E-2
2.674269281E1,1.462578773E-2,1.823753119E-4,4.459857941E-2
2.675068759E1,1.461267471E-2,-7.029190660E-3,3.262519836E-2
2.675871461E1,2.737045288E-3,1.453064382E-2,3.742504120E-2
2.676671032E1,-1.380825043E-2,-1.170921326E-2,4.223918915E-2
2.677470734E1,5.582928658E-3,-1.167307794E-2,5.663204193E-2
2.678270174E1,-1.105642319E-2,-1.403436065E-2,3.031063080E-2
2.679069715E1,-2.060091496E-2,2.848774195E-3,3.510570526E-2
2.679869262E1,-1.339447498E-2,-1.146900654E-2,3.510856628E-2
2.680668833E1,-1.351475716E-2,-1.618053019E-2,4.706859589E-2
2.681471574E1,-6.477475166E-3,-1.135727763E-2,3.029346466E-2
2.682271014E1,-1.906752586E-3,-1.607975364E-2,2.787590027E-2
2.683070554E1,7.489442825E-3,1.030160487E-2,1.349163055E-2
2.683870187E1,-1.651310921E-2,-1.664280891E-3,2.306175232E-2
2.684669704E1,-7.092356682E-3,-1.122510433E-2,2.543926239E-2
2.685469367E1,-1.442027092E-2,5.607351661E-3,3.500080109E-2
2.686268838E1,-9.753704071E-3,-3.777772188E-3,2.062702179E-2
2.687071433E1,-5.129814148E-3,-8.432641625E-3,4.455280304E-2
2.687870996E1,1.390397549E-2,-8.323922753E-3,4.933071136E-2
2.688670636E1,4.230260849E-3,-3.466263413E-3,6.368637085E-2
2.689470176E1,4.132151604E-3,6.028905511E-3,6.367301941E-2
2.690269678E1,-7.070302963E-4,1.228615642E-3,3.014850616E-2
2.691069226E1,-7.704496384E-4,-1.318976283E-2,3.492927551E-2
2.691868797E1,3.871202469E-3,5.888909101E-3,2.293872833E-2
2.692671445E1,1.414656639E-3,8.225351572E-3,3.011417389E-2
2.693471039E1,1.494169235E-3,-3.021790087E-2,1.336002350E-2
2.694270556E1,-1.038479805E-2,-8.689209819E-3,2.055263519E-2
2.695070089E1,-7.893919945E-3,-8.660063148E-3,3.492927551E-2
2.695869668E1,-1.740872860E-2,-1.338744164E-2,3.254318237E-2
2.696669293E1,-1.504945755E-2,-6.091043353E-3,3.972434998E-2
2.697468864E1,1.722931862E-3,5.932882428E-3,3.254413605E-2
2.698271458E1,-3.231167793E-3,-1.240104437E-3,3.970909119E-2
2.699070936E1,3.741192818E-2,1.079718769E-2,2.773284912E-2
2.699870561E1,6.275057793E-3,-1.070529222E-2,4.209709167E-2
2.700670163E1,1.100099087E-2,-2.265264094E-2,2.772617340E-2
2.701469796E1,1.826059818E-2,-2.739873528E-2,1.336956024E-2
2.702269213E1,4.115700722E-3,-1.308287680E-2,2.297115326E-2
2.703068784E1,-2.867341042E-3,8.404403925E-3,2.778053284E-2
2.703871378E1,-1.221752167E-2,5.899146199E-3,4.456233978E-2
2.704670972E1,-7.273912430E-3,8.173763752E-3,3.021240234E-2
2.705470674E1,-1.201379299E-2,9.380131960E-4,3.979396820E-2
2.706270084E1,-3.356099129E-2,-1.819463074E-2,2.542877197E-2
2.707069632E1,-2.656090260E-2,-6.123453379E-3,3.259277344E-2
2.707869203E1,-1.976203918E-2,-6.014078856E-3,3.734016418E-2
2.708668804E1,-2.496707439E-2,-1.319302619E-2,2.771759033E-2
2.709471506E1,-3.283452988E-2,-1.068472862E-2,3.003787994E-2
2.710270954E1,-2.171838284E-2,-2.014240623E-2,2.994441986E-2
2.711070533E1,-1.071929932E-3,-1.277816296E-2,1.787662506E-2
2.711870158E1,3.579854965E-4,-4.130959511E-2,2.734947205E-2
2.712669698E1,1.140403748E-2,-2.447168529E-2,3.443145752E-2
2.713469369E1,2.031946182E-2,-5.565881729E-4,2.238559723E-2
2.714268717E1,2.234828472E-2,-1.751518250E-2,4.867649078E-2
2.715071280E1,2.704405785E-2,-2.003434300E-2,4.866313934E-2
2.715870913E1,5.507588387E-3,-1.774246991E-2,5.105590820E-2
2.716670484E1,-1.102399826E-2,-1.533611119E-2,3.911113739E-2
2.717470147E1,1.077604294E-2,1.345546544E-2,6.308269501E-2
2.718269626E1,-2.019429207E-2,-8.064970374E-3,6.310081482E-2
2.719069197E1,-9.628534317E-4,-3.292620182E-3,3.677272797E-2
2.719868768E1,-1.520717144E-2,-1.773180068E-2,2.960205078E-2
2.720671408E1,1.690983772E-3,-5.834847689E-3,2.243328094E-2
2.721470987E1,2.110922337E-2,1.573416591E-2,-1.479148865E-3
2.722270527E1,-1.226389408E-2,-1.297441125E-2,-6.250381470E-3
2.723070037E1,-2.416372299E-2,1.096858084E-2,1.051712036E-2
2.723869600E1,-2.649545670E-2,-1.070113480E-2,1.770305634E-2
2.724669233E1,-5.293810368E-2,-1.179441810E-3,2.247905731E-2
2.725471881E1,-4.595315456E-2,-2.046971023E-2,2.963638306E-2
2.726271367E1,-2.724778652E-2,-8.600816131E-3,2.958393097E-2
2.727070908E1,-2.311515808E-2,-1.345907152E-2,3.190231323E-2
2.727870448E1,-1.905250549E-2,-1.592470706E-2,3.421497345E-2
2.728670019E1,1.723527908E-3,-1.837252080E-2,4.609775543E-2
2.729469705E1,-1.389026642E-3,-2.316917479E-2,5.320072174E-2
2.730269161E1,1.243662834E-2,-2.323850989E-2,6.032180786E-2
2.731068640E1,3.844654560E-2,6.142258644E-4,3.634071350E-2
2.731871380E1,1.431763172E-2,1.719278097E-2,2.434635162E-2
2.732670912E1,1.919341087E-2,2.100616693E-4,2.195549011E-2
2.733470576E1,2.678525448E-2,-4.721194506E-3,3.157520294E-2
2.734270055E1,1.000165939E-3,-1.676662266E-2,2.445220947E-2
2.735069626E1,-1.019430161E-2,-9.574234486E-3,2.214431763E-2
2.735869174E1,-2.859044075E-2,-3.818596900E-2,2.702045441E-2
2.736668829E1,-3.518128395E-2,-3.578968346E-2,2.469253540E-2
2.737471416E1,-3.951442242E-2,-1.422142982E-2,3.192615509E-2
2.738270841E1,-2.243673801E-2,-2.621246874E-2,1.041412354E-2
2.739070350E1,-1.517534256E-2,-7.153332233E-3,3.436279297E-2
2.739869983E1,-1.263058186E-2,-2.440392971E-3,2.719402313E-2
2.740669615E1,-2.462506294E-2,1.645919681E-2,1.042652130E-2
2.741469155E1,-3.201282024E-2,2.106390893E-2,1.997661591E-2
2.742271765E1,-4.915952682E-2,-2.944171429E-3,3.190231323E-2
2.743071305E1,-1.385796070E-2,-2.220118046E-2,2.464962006E-2
2.743870853E1,-2.908706665E-4,-3.025680780E-3,3.892612457E-2
2.744670455E1,-3.373861313E-3,-2.688570321E-2,6.518840790E-2
2.745470080E1,-1.639723778E-3,-4.351152480E-2,5.554008484E-2
2.746269535E1,1.701915264E-2,-2.911388874E-2,4.590892792E-2
2.747069106E1,2.860760689E-2,-1.487492025E-2,5.543994904E-2
2.747871754E1,4.048776627E-2,-6.865859032E-4,3.387928009E-2
2.748671326E1,3.108942509E-2,-3.180414438E-3,1.474285126E-2
2.749470927E1,2.792716026E-3,1.527667046E-3,1.239490509E-2
2.750270406E1,-1.488566399E-3,3.899872303E-3,2.442169189E-2
2.751069977E1,-3.677952290E-2,-3.349259496E-3,5.082511902E-2
2.751869548E1,-4.101228714E-2,-1.294605434E-2,4.849338531E-2
2.752669119E1,-3.811872005E-2,1.335456967E-3,4.854679108E-2
2.753471944E1,-5.955088139E-2,-1.556359231E-2,5.334568024E-2
2.754271307E1,-5.249190331E-2,1.068817079E-2,5.093479156E-2
2.755070755E1,-4.083359241E-2,-1.579384506E-2,2.695465088E-2
2.755870411E1,-2.953386307E-2,-1.099643111E-2,2.209186554E-2
2.756669959E1,-3.983461857E-2,3.423586488E-3,2.919578552E-2
2.757469676E1,-1.923036575E-2,-3.474295139E-2,2.191066742E-2
2.758269155E1,3.827214241E-3,-2.745485306E-2,1.702594757E-2
2.759071711E1,3.426516056E-2,-1.302139461E-2,2.413463593E-2
2.759871282E1,2.899706364E-2,-1.021996140E-3,2.647590637E-2
2.760670822E1,4.311311245E-2,1.441255212E-3,3.363132477E-2
2.761470516E1,4.750251770E-3,-1.297661662E-2,3.362560272E-2
2.762269941E1,1.917111874E-2,-1.305949688E-2,4.559993744E-2
2.763069481E1,5.134463310E-3,-1.801890135E-2,4.563236237E-2
2.763869075E1,1.046025753E-2,-2.530935407E-2,3.132438660E-2
2.764671700E1,-2.014732361E-2,8.501857519E-4,3.856086731E-2
2.765471425E1,-2.441477776E-2,-6.571486592E-3,2.664184570E-2
2.766270865E1,-2.392685413E-2,5.045980215E-4,1.951217651E-2
2.767070382E1,-2.590239048E-2,7.523015141E-3,9.978294373E-3
2.767869892E1,-2.082777023E-2,-2.125969529E-2,1.958560944E-2
2.768669578E1,-2.800321579E-2,-2.843502164E-2,2.437496185E-2
2.769469188E1,-3.044247627E-2,-2.117264271E-2,3.394889832E-2
2.770271674E1,-2.586543560E-2,-2.836352587E-2,1.716423035E-2
2.771071215E1,-2.384626865E-2,3.249645233E-4,2.909374237E-2
2.771870786E1,2.103209496E-3,-6.863132119E-3,4.820442200E-2
2.772670395E1,1.652836800E-3,-6.808429956E-3,4.576015472E-2
2.773470020E1,-3.513813019E-3,-2.089694142E-3,3.613948822E-2
2.774269468E1,-3.846764565E-3,-3.085990250E-2,2.892017365E-2
2.775069047E1,-4.014253616E-3,-9.401500225E-3,3.129291534E-2
2.775871718E1,5.339145660E-3,-9.453043342E-3,2.408504486E-2
2.776671266E1,-4.333257675E-3,2.407178283E-3,2.407264709E-2
2.777470868E1,-1.915693283E-3,-1.437562704E-2,3.125667572E-2
2.778270369E1,-1.843214035E-3,2.341315150E-3,3.126335144E-2
2.779069917E1,-1.602172852E-3,-7.380604744E-3,2.649784088E-2
2.779869573E1,8.083820343E-3,-7.486596704E-3,3.369140625E-2
2.780669113E1,-3.681540489E-3,-7.550567389E-3,3.610610962E-2
2.781471823E1,-2.281832695E-2,-1.964452863E-2,2.892303467E-2
2.782271271E1,-3.247213364E-2,-7.710874081E-3,2.891445160E-2
2.783070780E1,-8.596539497E-3,-5.392044783E-3,4.087543488E-2
2.783870290E1,1.530373096E-2,-1.505081356E-2,3.847503662E-2
2.784669961E1,-1.586842537E-2,1.367832720E-2,4.565238953E-2
2.785469647E1,-1.838147640E-2,-6.745010614E-4,2.648544312E-2
2.786269064E1,-1.368784904E-2,-5.429923534E-3,1.689910889E-2
2.787071658E1,-2.330148220E-2,-1.023754478E-2,2.647113800E-2
2.787871283E1,-1.856327057E-2,-2.466751635E-2,2.167606354E-2
2.788670762E1,-1.616001129E-2,-6.656646729E-4,2.167797089E-2
2.789470464E1,-2.327632904E-2,-3.147736192E-3,3.604888916E-2
2.790269904E1,-2.551174164E-2,-1.986232400E-2,2.409648895E-2
2.791069483E1,-2.779686451E-2,-7.914930582E-3,4.326152802E-2
2.791869046E1,-3.485870361E-2,-1.268623769E-2,3.369903564E-2
2.792671702E1,-3.016304970E-2,-1.740373671E-2,2.411365509E-2
2.793471265E1,-3.288495541E-2,-1.253141463E-2,2.647209167E-2
2.794270775E1,-4.292488098E-2,-1.235763729E-2,4.557895660E-2
2.795070315E1,-1.973211765E-2,-1.233364642E-2,2.634239197E-2
2.795869955E1,-6.093859673E-3,-5.162462592E-3,3.823280334E-2
2.796669526E1,-6.727814674E-3,-7.583826780E-3,2.619075775E-2
2.797469190E1,1.906549931E-2,-1.478819549E-2,1.416015625E-2
2.798271684E1,2.107334137E-2,-2.809315920E-3,3.327083588E-2
2.799071193E1,2.079939842E-2,-2.431243658E-2,3.084659576E-2
2.799870703E1,1.838862896E-2,-7.636770606E-3,2.366065979E-2
2.800670389E1,2.089869976E-2,-1.732562482E-2,2.845954895E-2
2.801470022E1,1.411497593E-2,1.828774810E-3,4.286861420E-2
2.802269439E1,-9.407758713E-3,4.122480750E-3,4.530715942E-2
2.803068987E1,-1.595735550E-3,-2.229617536E-2,3.340435028E-2
2.803871635E1,-2.487969398E-2,6.393313408E-3,4.544639587E-2
2.804671198E1,-3.157043457E-2,3.909349442E-3,2.155685425E-2
2.805470862E1,-4.800355434E-2,-3.405272961E-3,2.398490906E-2
2.806270310E1,-5.970788002E-2,6.054595113E-3,3.837776184E-2
2.807069888E1,-3.570151329E-2,-1.310291886E-2,3.838539124E-2
2.807869390E1,-3.100490570E-2,-1.549026370E-2,3.837490082E-2
2.808669022E1,-5.048251152E-2,-2.745214105E-2,2.636718750E-2
2.809471709E1,-3.420007229E-2,-5.913987756E-3,3.589057922E-2
2.810271218E1,-2.049601078E-2,-8.401125669E-3,3.102684021E-2
2.811070728E1,-1.414048672E-2,-1.556742191E-2,1.896572113E-2
2.811870322E1,-1.510155201E-2,1.072295010E-2,3.801155090E-2
2.812669832E1,1.270437241E-2,-2.751804888E-2,1.396846771E-2
2.813469564E1,1.675248146E-2,-1.784859598E-2,2.107143402E-2
2.814269035E1,1.849770546E-2,-8.246034384E-3,3.057670593E-2
2.815071629E1,-3.411412239E-3,-9.333342314E-4,3.293418884E-2
2.815871108E1,6.011128426E-3,-1.287905872E-2,3.531169891E-2
2.816670764E1,1.085412502E-2,-1.295967400E-2,3.531551361E-2
2.817470404E1,-8.060812950E-3,-1.301287115E-2,5.688953400E-2
2.818269790E1,-1.016712189E-2,-2.977694571E-2,3.297901154E-2
2.819069361E1,-7.454037666E-3,-1.779283583E-2,5.216789246E-2
2.819872102E1,-1.433086395E-2,-9.193271399E-4,4.502105713E-2
2.820671604E1,-1.893401146E-2,-1.997870207E-2,1.870822906E-2
2.821471267E1,-2.137780190E-3,8.830249310E-3,2.350234985E-2
2.822270630E1,-4.526019096E-3,1.725882292E-3,6.745338440E-3
2.823070263E1,-2.130460739E-2,6.526231766E-3,1.632022858E-2
2.823869857E1,-2.371346951E-2,-1.006406546E-2,2.829360962E-2
2.824669405E1,-1.897799969E-2,-2.827987075E-3,2.589416504E-2
2.825472168E1,-4.063487053E-2,-5.141675472E-3,3.546047211E-2
2.826271501E1,-1.696729660E-2,-2.191001177E-2,5.218982697E-2
2.827071072E1,-1.734232903E-2,-2.199612558E-2,4.017448425E-2
2.827870735E1,1.108992100E-2,-3.887391090E-2,4.971599579E-2
2.828670298E1,1.310586929E-3,-1.028086245E-2,3.293228149E-2
2.829469970E1,5.961418152E-3,-1.036174595E-2,3.770351410E-2
2.830269379E1,-6.136298180E-3,-8.161678910E-3,4.486751556E-2
2.831068927E1,-8.559346199E-3,6.008118391E-3,1.852321625E-2
2.831871544E1,-1.364469528E-3,1.538187265E-2,1.852035522E-2
2.832671169E1,-1.280307770E-3,-1.442328095E-3,2.092170715E-2
2.833470748E1,-8.425354958E-3,-6.262391806E-3,2.092552185E-2
2.834270280E1,-2.986466885E-2,-1.098276675E-2,4.966926575E-2
2.835069759E1,-3.459489346E-2,-8.625760674E-3,2.812862396E-2
2.835869361E1,-1.776540279E-2,-1.447618008E-3,4.728889465E-2
2.836669024E1,-8.176207542E-3,-8.645117283E-3,4.489517212E-2
2.837471711E1,-1.305365562E-2,-6.293118000E-3,4.727935791E-2
2.838271066E1,-3.227567673E-2,-2.304334939E-2,2.093505859E-2
2.839070699E1,-1.279830933E-3,5.631864071E-3,6.554603577E-3
2.839870262E1,-2.294480801E-2,-2.312146127E-2,8.935928345E-3
2.840669810E1,1.056325436E-2,-4.003956914E-3,1.372241974E-2
2.841469497E1,1.787817478E-2,-1.842886209E-2,1.373481750E-2
2.842271998E1,8.676052094E-3,-1.815900207E-3,2.574443817E-2
2.843071500E1,6.808519363E-3,2.439980209E-2,1.382923126E-2
2.843871110E1,-9.369134903E-3,1.228709519E-2,2.346706390E-2
2.844670765E1,-2.809560299E-2,9.816437960E-3,2.830123901E-2
2.845470367E1,-4.223573208E-2,-9.436815977E-3,5.465888977E-2
2.846269784E1,-6.135320663E-2,-7.093474269E-3,3.790378571E-2
2.847069302E1,-4.714632034E-2,-1.434291899E-2,4.027843475E-2
2.847871980E1,-5.710041523E-2,-2.868168056E-2,3.305435181E-2
2.848671551E1,-2.648091316E-2,-7.134065032E-3,3.539276123E-2
2.849471122E1,-7.036924362E-4,-1.674596965E-2,2.336025238E-2
2.850270693E1,-2.050518990E-2,-9.589761496E-3,1.610469818E-2
2.851070164E1,5.357265472E-4,-9.595200419E-3,1.844310760E-2
2.851869805E1,1.682138443E-2,-2.156503499E-2,1.599597931E-2
2.852669307E1,1.650512218E-2,-2.397015691E-3,2.314472198E-2
2.853472085E1,6.752252579E-3,-9.649038315E-3,3.509426117E-2
2.854271556E1,2.597713470E-2,4.680439830E-3,4.228401184E-2
2.855071066E1,1.913809776E-2,-2.405710518E-2,5.429267883E-2
2.855870675E1,-2.595770359E-2,-1.929970086E-2,4.475879669E-2
2.856670216E1,-3.764009476E-2,-4.322479665E-2,4.000282288E-2
2.857469879E1,-4.931294918E-2,-9.691238403E-3,3.524780273E-2
2.858269296E1,-3.715002537E-2,-4.960209131E-3,1.611328125E-2
2.859071883E1,-3.238570690E-2,-1.688818634E-2,1.371860504E-2
2.859871484E1,-4.221034050E-2,-1.682576537E-2,1.608657837E-2
2.860670994E1,-5.452752113E-2,-1.194478571E-2,1.605033875E-2
2.861470773E1,-2.632367611E-2,-1.177544892E-2,1.839065552E-2
2.862270228E1,-1.724302769E-2,-3.083965182E-2,2.312564850E-2
2.863069730E1,6.215333939E-3,-9.234279394E-3,3.025627136E-2
2.863869363E1,1.305675507E-2,-2.834649384E-2,3.979587555E-2
2.864671980E1,1.988291740E-2,-1.401978731E-2,4.215049744E-2
2.865471674E1,-1.845121384E-3,-6.850361824E-3,5.410099030E-2
2.866271122E1,1.243269444E-2,-1.164388657E-2,5.169773102E-2
2.867070578E1,1.738142967E-2,-2.119660378E-2,5.171585083E-2
2.867870141E1,8.492469788E-4,-6.795346737E-3,4.455852509E-2
2.868669843E1,-1.799106598E-2,-1.878495514E-2,3.740978241E-2
2.869469406E1,-3.673446178E-2,-9.328439832E-3,1.830005646E-2
2.870271869E1,-2.190673351E-2,-2.373205125E-2,2.074337006E-2
2.871071471E1,-3.351235390E-2,-3.108103573E-2,6.414413452E-3
2.871871081E1,-3.809297085E-2,-2.156431973E-2,8.831024170E-3
2.872670613E1,-3.790509701E-2,9.482085705E-3,1.363849640E-2
2.873470307E1,-3.305399418E-2,4.641801119E-3,2.082633972E-2
2.874269794E1,-2.828812599E-2,-2.376511693E-3,3.758716583E-2
2.875069272E1,-1.164424419E-2,-2.613116801E-2,4.715538025E-2
2.875871913E1,-2.144455910E-2,-1.971334219E-3,5.910587311E-2
2.876671492E1,-7.381081581E-3,-2.349247038E-2,4.710292816E-2
2.877471178E1,-4.267692566E-4,-2.826194465E-2,4.468345642E-2
2.878270572E1,1.770138741E-3,-3.313577175E-2,2.311229706E-2
2.879070143E1,1.132798195E-2,-9.287029505E-3,1.113700867E-2
2.879869806E1,-1.494181156E-2,1.459696889E-2,-8.277893066E-4
2.880669339E1,-3.159999847E-2,-7.070735097E-3,1.593971252E-2
2.881472087E1,-2.900123596E-2,-9.468853474E-3,1.117420197E-2
2.882271466E1,-2.167510986E-2,1.950711012E-4,6.402969360E-3
2.883070952E1,-3.344190121E-2,-9.398892522E-3,4.473304749E-2
2.883870677E1,-3.572511673E-2,-6.973579526E-3,5.432224274E-2
2.884670156E1,-3.327941895E-2,-1.174025238E-2,4.954051971E-2
2.885469850E1,-3.335094452E-2,-1.414276659E-2,5.910873413E-2
2.886269329E1,-2.162873745E-2,-2.607902884E-2,5.189990997E-2
2.887071907E1,-2.799630165E-3,2.527877688E-3,3.989028931E-2
2.887871448E1,-3.203988075E-3,-2.625863254E-2,2.547931671E-2
2.888671026E1,-1.772689819E-2,1.443740726E-2,1.588439941E-2
2.889470720E1,-1.541256905E-2,-1.667997241E-2,1.108741760E-2
2.890270168E1,-3.314852715E-3,-1.191464067E-2,1.110172272E-2
2.891069670E1,-1.273667812E-2,9.716004133E-3,2.787971497E-2
2.891869249E1,-3.401780128E-2,-7.091209292E-3,3.269672394E-2
2.892671928E1,-4.582405090E-2,-9.439662099E-3,2.792835236E-2
2.893471622E1,-5.767691135E-2,-1.417219639E-2,2.075862885E-2
2.894270970E1,-5.547952652E-2,-1.173417270E-2,3.510284424E-2
2.895070572E1,-4.150974751E-2,9.952381253E-3,2.069759369E-2
2.895870112E1,-3.970694542E-2,-1.966804266E-3,4.218196869E-2
2.896669691E1,-2.238273621E-3,-1.863579452E-2,3.730297089E-2
2.897469346E1,4.227638245E-3,-1.383350790E-2,3.004074097E-2
2.898271902E1,2.758514881E-2,-2.096511424E-2,3.237342834E-2
2.899071357E1,1.990926266E-2,-2.340754867E-2,2.992343903E-2
2.899870982E1,2.195906639E-2,-2.343147993E-2,1.073074341E-2
2.900670530E1,1.224267483E-2,-2.584503591E-2,1.789855957E-2
2.901470224E1,9.975314140E-3,4.701763391E-4,1.551723480E-2
2.902269611E1,5.393028259E-3,5.217179656E-3,1.074981689E-2
2.903069305E1,-8.565545082E-3,-6.776481867E-3,4.910182953E-2
2.903871799E1,-1.280331612E-2,-4.360705614E-3,1.564407349E-2
2.904671401E1,-3.857707977E-2,-2.028867602E-3,3.006935120E-2
2.905471003E1,-4.755067825E-2,-1.416783035E-2,3.013229370E-2
2.906270574E1,-3.505730629E-2,-1.186075807E-2,3.737068176E-2
2.907070053E1,-2.515673637E-2,-1.430974901E-2,3.740501404E-2
2.907869708E1,-6.091988087E-2,-7.166787982E-3,4.220962524E-2
2.908669187E1,-6.094050407E-2,-1.186257601E-2,4.460239410E-2
2.909471996E1,-3.971123695E-2,-2.136835456E-2,3.020381927E-2
2.910271383E1,-5.214715004E-2,-2.371159196E-2,2.776050568E-2
2.911070977E1,-7.295012474E-3,-1.887834072E-2,6.142616272E-3
2.911870525E1,1.456499100E-3,-1.908019185E-3,2.042198181E-2
2.912670127E1,-6.668567657E-3,6.921440363E-4,2.750682831E-2
2.913469728E1,-5.094528198E-3,-2.542100847E-2,3.220939636E-2
2.914269207E1,1.369714737E-3,-1.576609910E-2,1.297855377E-2
2.915071755E1,2.956616879E-2,-3.487044573E-2,3.446865082E-2
2.915871457E1,1.256072521E-2,-2.052217722E-2,4.641246796E-2
2.916670959E1,5.414128304E-3,-3.715321422E-3,5.359935760E-2
2.917470568E1,-2.077758312E-2,-8.502513170E-3,6.079864502E-2
2.918270132E1,-3.831863403E-3,1.074527204E-2,5.124473572E-2
2.919069618E1,-1.563405991E-2,1.081727445E-2,6.323623657E-2
2.919869181E1,-2.749657631E-2,-1.053273678E-3,5.606651306E-2
2.920671829E1,-2.258217335E-2,-1.024514437E-3,3.213977814E-2
2.921471500E1,-2.016234398E-2,1.403763890E-3,5.805969238E-3
2.922270948E1,-3.384590149E-3,-3.259032965E-3,1.778316498E-2
2.923070366E1,-3.123402596E-3,-3.426298499E-2,5.843162537E-3
2.923870052E1,-2.801060677E-3,-3.026247025E-3,2.024555206E-2
2.924669600E1,-9.615182877E-3,-7.692798972E-3,1.789474487E-2
2.925469286E1,-4.753816128E-2,-7.584333420E-3,1.075649261E-2
2.926271850E1,-2.811598778E-2,-7.473424077E-3,5.149078369E-2
2.927071328E1,-6.384944916E-2,-1.216229796E-2,4.432868958E-2
2.927870961E1,-4.465699196E-2,-4.943460226E-3,5.869960785E-2
2.928670494E1,-3.042972088E-2,-4.950061440E-3,4.431915283E-2
2.929470103E1,-3.048181534E-2,-1.452898979E-2,4.431343079E-2
2.930269612E1,-1.391196251E-2,-3.128634393E-2,2.992725372E-2
2.931072160E1,-2.179861069E-3,-1.692853868E-2,2.990055084E-2
2.931871862E1,-1.193308830E-2,-7.345587015E-3,1.312351227E-2
2.932671433E1,-9.664177895E-3,-1.212182641E-2,1.789855957E-2
2.933471066E1,-1.676976681E-2,1.430387795E-2,2.509117126E-2
2.934270452E1,-4.542827606E-3,7.180660963E-3,4.906177521E-2
2.935070046E1,-1.611459255E-2,-4.767879844E-3,3.474044800E-2
2.935869687E1,-1.564502716E-2,-1.670497656E-2,3.718757629E-2
2.936672235E1,-1.513063908E-2,-2.375702560E-2,4.682445526E-2
2.937471906E1,-2.665162086E-2,-1.892599463E-2,3.729820251E-2
2.938271384E1,-3.575134277E-2,-3.326933086E-2,4.453277588E-2
2.939070856E1,-3.779852390E-2,-2.073109150E-3,2.302551270E-2
2.939870496E1,-3.991544247E-2,-9.281411767E-3,8.689880371E-3
2.940670090E1,-2.528214455E-2,2.609938383E-4,1.590156555E-2
2.941469730E1,1.348018646E-3,-9.278282523E-3,6.358146667E-3
2.942272217E1,1.602053642E-2,2.623721957E-3,1.117897034E-2
2.943071726E1,1.173090935E-2,-1.171238720E-2,2.559852600E-2
2.943871336E1,-2.130806446E-2,1.458965242E-2,2.565097809E-2
2.944670960E1,-4.965615273E-2,-4.589021206E-3,2.090454102E-2
2.945470632E1,-4.709327221E-2,1.934833825E-2,2.571105957E-2
2.946270010E1,-4.720151424E-2,-6.901159883E-3,4.485511780E-2
2.947069581E1,-3.563630581E-2,3.464370966E-4,5.199527740E-2
2.947872229E1,-1.933109760E-2,-1.641072333E-2,5.673313141E-2
2.948671777E1,-2.217769623E-2,-2.118881047E-2,2.795314789E-2
2.949471402E1,-1.282477379E-2,-2.360552549E-2,3.271675110E-2
2.950270912E1,6.353378296E-3,-9.326726198E-3,-8.020401001E-4
2.951070483E1,8.888602257E-3,-1.897853613E-2,2.794265747E-2
2.951869992E1,-2.810835838E-3,-2.380275726E-2,2.797126770E-2
2.952669532E1,-1.915335655E-2,-7.049635053E-3,3.280544281E-2
2.953472250E1,-2.102327347E-2,-1.176565886E-2,4.483604431E-2
2.954271759E1,-1.326084137E-2,-4.713028669E-3,4.250335693E-2
2.955071238E1,-1.019489765E-2,-6.723403931E-5,4.257392883E-2
2.955870894E1,-4.056715965E-2,9.389713407E-3,4.026031494E-2
2.956670411E1,-4.243099689E-2,9.336262941E-3,3.074169159E-2
2.957470105E1,-5.412125587E-2,-2.670273185E-3,3.077125549E-2
2.958269584E1,-7.556974888E-2,-1.220440865E-2,1.162910461E-2
2.959072170E1,-6.620991230E-2,-2.168168128E-2,2.357864380E-2
2.959871710E1,-5.222463608E-2,-4.053115845E-6,1.156806946E-2
2.960671281E1,-5.506503582E-2,-7.062256336E-3,1.152133942E-2
2.961470945E1,-1.025152206E-2,-1.637245715E-2,2.103042603E-2
2.962270416E1,-1.333057880E-2,-4.289209843E-3,3.532218933E-2
2.963069925E1,-2.077221870E-3,-4.243478179E-3,3.285026550E-2
2.963869527E1,4.456400871E-3,5.891621113E-4,3.756809235E-2
2.964672182E1,8.746623993E-3,6.357878447E-4,3.990745544E-2
2.965471869E1,-1.560640335E-2,-1.854519546E-2,4.704570770E-2
2.966271325E1,1.530158520E-2,-1.137505472E-2,4.223251343E-2
2.967070865E1,1.282358170E-2,-1.607967913E-2,5.419540405E-2
2.967672128E1,1.768124104E-2,-2.796572447E-2,4.462814331E-2
2.967870405E1,2.007544041E-2,-3.035992384E-2,3.744602203E-2
2.968669976E1,-1.308417320E-2,7.590353489E-4,3.030204773E-2
2.969469663E1,-1.739490032E-2,3.059118986E-3,2.077674866E-2
2.970272218E1,-3.109753132E-2,-1.376044750E-2,2.803039551E-2
2.971071666E1,-3.053224087E-2,6.230175495E-4,2.809429169E-2
2.971871268E1,-3.970921040E-2,-1.372095942E-2,6.589889526E-3
2.972670870E1,-3.939223289E-2,-2.567765117E-2,2.338600159E-2
2.973470510E1,-4.874742031E-2,-2.807469666E-2,3.298664093E-2
2.974269897E1,-1.249265671E-2,-1.126366854E-2,3.063106537E-2
2.975069529E1,-3.148818016E-2,1.027297974E-2,2.825450897E-2
2.975872231E1,-4.575085640E-2,7.935836911E-3,2.108383179E-2
2.976671710E1,-2.662491798E-2,-8.769020438E-3,3.065872192E-2
2.977471373E1,-3.166794777E-2,-1.496329904E-3,9.085655212E-3
2.978270829E1,-3.208255768E-2,5.770638585E-3,2.101230621E-2
2.979070300E1,-1.824200153E-2,-1.080667973E-2,1.856422424E-2
2.979869963E1,-1.627147198E-2,-1.783835888E-2,2.330970764E-2
2.980669572E1,-4.721760750E-3,-1.023545861E-3,1.847553253E-2
2.981472282E1,-1.698315144E-2,-1.049304008E-2,1.844596863E-2
2.982271699E1,-1.014471054E-2,-2.959237993E-2,3.756332397E-2
2.983071262E1,-3.180146217E-3,-1.517027617E-2,4.472255707E-2
2.983870841E1,-1.280057430E-2,-1.258082688E-2,2.317428589E-2
2.984670343E1,-1.038229465E-2,-2.938136458E-3,3.754425049E-2
2.985470068E1,6.513714790E-3,1.136927307E-2,3.276920319E-2
2.986269462E1,-2.867817879E-3,-2.223818004E-2,3.518295288E-2
2.987072079E1,4.763126373E-3,-1.513083279E-2,2.326011658E-2
2.987871704E1,5.248785019E-4,-3.229364753E-3,1.374244690E-2
2.988671306E1,-2.046132088E-2,8.706226945E-3,2.338027954E-2
2.989470916E1,-5.827748775E-2,8.715480566E-3,1.864624023E-2
2.990270417E1,-7.005047798E-2,-7.846802473E-4,2.106380463E-2
2.991069896E1,-6.770360470E-2,-1.971508563E-2,4.021739960E-2
2.991869467E1,-5.600416660E-2,-2.433985472E-2,5.216217041E-2
2.992672115E1,-3.493726254E-2,-2.180343866E-2,4.971790314E-2
2.993471871E1,-4.027700424E-2,-9.741336107E-3,3.289985657E-2
2.994271257E1,-2.168679237E-2,-2.401216328E-2,4.481029510E-2
2.995070744E1,-7.856488228E-3,-9.538739920E-3,3.278350830E-2
2.995870338E1,1.559615135E-2,-4.729315639E-3,2.075862885E-2
2.996669939E1,1.528310776E-2,-1.190266013E-2,2.072429657E-2
2.997469695E1,1.752424240E-2,-4.681333899E-3,2.549648285E-2
2.998272097E1,-1.113402843E-2,4.967525601E-3,1.832389832E-2
2.999071706E1,-3.666639328E-3,7.494837046E-3,2.793502808E-2
2.999871216E1,-2.484500408E-2,1.234942675E-2,2.318859100E-2
3.000670779E1,-1.474308968E-2,-9.172722697E-3,5.197811127E-2
3.001470450E1,-1.901161671E-2,-1.631435752E-2,4.485321045E-2
3.002269868E1,-3.785979748E-2,-2.349041402E-2,4.009819031E-2
3.003069408E1,-4.249513149E-2,-2.361063659E-2,4.011249542E-2
3.003872110E1,-4.009997845E-2,2.381801605E-4,4.489898682E-2
3.004671619E1,-3.059983253E-2,-4.572540522E-3,2.334213257E-2
3.005471344E1,-3.326463699E-2,1.941311359E-2,3.528404236E-2
3.006270769E1,-3.363621235E-2,5.100563169E-3,3.045654297E-2
3.007070332E1,-6.039559841E-2,-2.089679241E-3,1.604366302E-2
3.007869903E1,-3.932666779E-2,5.058348179E-3,2.796173096E-2
3.008669420E1,-2.310788631E-2,3.668516874E-4,3.748130798E-2
3.009472215E1,-4.629969597E-3,-6.659343839E-3,2.783393860E-2
3.010271578E1,1.801848412E-3,-2.326971292E-2,3.733158112E-2
3.011071149E1,-8.419394493E-3,-1.117342710E-2,3.486919403E-2
3.011870781E1,2.215635777E-2,-1.342497766E-2,2.762985229E-2
3.012670322E1,2.483129501E-4,-1.826837659E-2,3.237724304E-2
3.013469916E1,-4.766583443E-3,-2.555452287E-2,4.192733765E-2
3.014269394E1,-1.186287403E-2,-2.079345286E-2,2.278137207E-2
3.015072050E1,-1.877832413E-2,-2.088837326E-2,4.435634613E-2
3.015871675E1,-1.833558083E-2,-8.960753679E-3,4.919242859E-2
3.016671162E1,-1.315176487E-2,-1.854790747E-2,6.599617004E-2
3.017470848E1,-1.287078857E-2,-1.126679778E-2,4.208660126E-2
3.018270388E1,-3.905594349E-2,7.990598679E-3,3.971099854E-2
3.019069844E1,-2.945888042E-2,2.240969241E-2,3.971385956E-2
3.019869415E1,-5.525231361E-3,2.489627898E-2,8.591651917E-3
3.020672055E1,-1.272225380E-2,9.861290455E-4,2.774333954E-2
3.021471596E1,-1.993787289E-2,8.167207241E-3,1.337528229E-2
3.022271167E1,-2.945685387E-2,9.626448154E-4,8.592605591E-3
3.023070714E1,-2.934086323E-2,-1.824845374E-2,2.775764465E-2
3.023870255E1,-3.412032127E-2,-2.794626355E-2,3.972721100E-2
3.024669857E1,-3.674066067E-2,-2.087605000E-2,2.294063568E-2
3.025469520E1,-2.987349033E-2,-1.859331131E-2,2.050781250E-2
3.026272014E1,-3.020417690E-2,-1.148219407E-2,3.483581543E-2
3.027071524E1,-1.871132851E-2,-1.636992395E-2,2.520370483E-2
3.027871187E1,-2.635049820E-2,-1.166784763E-2,3.712272644E-2
3.028670789E1,-5.168199539E-3,4.986450076E-3,1.313877106E-2
3.029470321E1,-2.697885036E-2,9.726077318E-3,2.507972717E-2
3.030269838E1,-1.763546467E-2,-1.187139750E-2,3.941822052E-2
3.031069371E1,-3.455281258E-3,2.505943179E-3,3.700447083E-2
3.031872057E1,-3.551125526E-3,-9.401172400E-3,3.220748901E-2
3.032671559E1,-3.644585609E-3,1.651346684E-4,3.937816620E-2
3.033471261E1,-3.633499146E-3,-1.419822872E-2,3.698539734E-2
3.034270740E1,-1.302158833E-2,2.508804202E-3,4.897594452E-2
3.035070211E1,-4.391801357E-2,-2.861106396E-2,3.463554382E-2
3.035869851E1,-1.738643646E-2,-2.143543959E-2,3.226375580E-2
3.036669422E1,-1.954674721E-2,-1.202328503E-2,8.343696594E-3
3.037472070E1,-4.323029518E-2,-7.323548198E-3,1.794624329E-2
3.038271603E1,-1.437687874E-2,-1.213771105E-2,1.317119598E-2
3.039071058E1,-4.700541496E-3,-1.211455464E-2,2.036476135E-2
3.039870745E1,-1.416432858E-2,9.267553687E-3,8.402824402E-3
3.040670262E1,-2.126562595E-2,4.432469606E-3,1.080417633E-2
3.041469956E1,-3.563416004E-2,-2.189256251E-2,1.080417633E-2
3.042272481E1,-5.263769627E-2,4.432737827E-3,2.993106842E-2
3.043071898E1,-2.432966232E-2,2.175375819E-3,4.904079437E-2
3.043871561E1,-3.682374954E-2,-3.369241953E-2,4.419612885E-2
3.044671125E1,-3.957748413E-2,-3.841176629E-2,4.894638062E-2
3.045470826E1,-4.111647606E-3,-4.320043325E-2,4.171562195E-2
3.046270236E1,5.177021027E-3,-4.800492525E-2,2.731800079E-2
3.047069807E1,2.403295040E-2,-1.461647451E-2,1.052284241E-2
3.047872463E1,9.656190872E-3,-1.466582716E-2,1.770401001E-2
3.048671972E1,2.908110619E-2,-9.915485978E-3,1.294422150E-2
3.049471666E1,-1.555204391E-3,-2.592876554E-3,2.976036072E-2
3.050271076E1,-2.722215652E-2,2.621969581E-2,2.265357971E-2
3.051070678E1,-3.384208679E-2,-1.925006509E-2,4.186916351E-2
3.051870164E1,-6.679749489E-2,-9.682714939E-3,4.432392120E-2
3.052669789E1,-5.432546139E-2,-9.715974331E-3,4.198551178E-2
3.053472498E1,-6.848347187E-2,2.122774720E-3,4.679298401E-2
3.054271954E1,-6.850945950E-2,-7.455721498E-3,3.242492676E-2
3.055071548E1,-4.738783836E-2,-2.690851688E-3,3.477191925E-2
3.055871066E1,-3.128504753E-2,-2.417093515E-2,2.991199493E-2
3.056670729E1,-2.245914936E-2,9.359017015E-3,1.546478271E-2
3.057470331E1,7.525682449E-4,-2.169543505E-2,2.735710144E-2
3.058269809E1,1.208412647E-2,-9.680479765E-3,2.250099182E-2
3.059072334E1,3.080570698E-2,4.670634866E-3,2.963447571E-2
3.059871990E1,2.583789825E-2,-7.452711463E-3,3.200626373E-2
3.060671469E1,9.253740311E-3,-2.190493047E-2,4.160022736E-2
3.061471286E1,3.588199615E-5,1.625055075E-2,4.642486572E-2
3.062270649E1,-1.630222797E-2,6.527721882E-3,4.886150360E-2
3.063070189E1,-2.067172527E-2,-1.755689085E-2,3.932762146E-2
3.063869791E1,-2.024042606E-2,-8.101180196E-3,2.740097046E-2
3.064672431E1,-3.425347805E-2,-1.297181845E-2,2.504348755E-2
3.065472041E1,-2.436065674E-2,1.321867108E-3,2.747154236E-2
3.066271489E1,-6.253612041E-2,-1.159831882E-3,3.541946411E-3
3.067071021E1,-4.084432125E-2,-2.513656020E-2,2.271080017E-2
3.067870600E1,-3.368461132E-2,-8.413210511E-3,2.270698547E-2
3.068670194E1,-2.426743507E-2,8.319362998E-3,4.423618317E-2
3.069469835E1,-1.728153229E-2,3.443121910E-3,3.463554382E-2
3.070272329E1,-1.978969574E-2,1.008197665E-3,4.180526733E-2
3.071071984E1,-8.015990257E-3,-6.223037839E-3,4.178237915E-2
3.071871494E1,3.830552101E-3,5.557596684E-3,3.936958313E-2
3.072671096E1,-1.084804535E-3,-6.643965840E-3,1.780319214E-2
3.073470705E1,-1.294219494E-2,3.946274519E-4,1.541805267E-2
3.074270276E1,-1.028513908E-2,3.522932529E-4,2.502250671E-2
3.075069693E1,-3.156745434E-2,-1.407137513E-2,8.292198181E-3
3.075872426E1,-2.407717705E-2,-1.168054342E-2,1.790237427E-2
3.076671943E1,-5.248761177E-2,1.236440241E-2,3.230571747E-2
3.077471568E1,-4.986882210E-2,2.859726548E-3,2.993679047E-2
3.078271054E1,-6.413602829E-2,-1.861067116E-2,3.234386444E-2
3.079070626E1,-3.790247440E-2,-2.818867564E-2,3.233242035E-2
3.079870250E1,-4.051816463E-2,-4.270270467E-3,5.146121979E-2
3.080669706E1,-3.356981277E-2,-1.626710594E-2,2.749347687E-2
3.081472446E1,-2.834320068E-3,-2.584968507E-2,2.744960785E-2
3.082271925E1,-1.255071163E-2,-4.365324974E-3,2.264499664E-2
3.083071427E1,-7.904171944E-3,1.467940211E-2,1.783943176E-2
3.083871036E1,-1.034951210E-2,1.935073733E-2,2.980041504E-2
3.084670577E1,-2.462732792E-2,4.944011569E-3,3.220462799E-2
3.085470294E1,-3.173339367E-2,-1.411364973E-2,1.784992218E-2
3.086269773E1,-2.453827858E-2,-2.125088871E-2,3.461074829E-2
3.087072336E1,-3.413248062E-2,-1.398512721E-2,4.418754578E-2
3.087871899E1,-2.459132671E-2,-1.402333379E-2,3.700065613E-2
3.088671470E1,-1.268577576E-2,-4.597127438E-3,2.741336823E-2
3.089471134E1,8.868813515E-3,-1.668849587E-2,2.501678467E-2
3.090270582E1,-2.703750134E-2,-1.431418955E-2,1.783466339E-2
3.091070091E1,-1.743435860E-2,-1.439194381E-2,3.699016571E-2
3.091869662E1,-2.687001228E-2,-1.930284500E-2,2.742576599E-2
3.092672256E1,-1.477098465E-2,-1.209415495E-2,2.025699615E-2
3.093472012E1,-1.942837238E-2,9.530916810E-3,3.942680359E-2
3.094271460E1,-2.458095551E-4,-1.197192073E-2,1.788330078E-2
3.095071031E1,-2.655553818E-2,-3.105607629E-2,2.746486664E-2
3.095870602E1,-2.408111095E-2,-2.377328277E-2,4.423522949E-2
3.096670165E1,-3.831458092E-2,-1.175169647E-2,2.749156952E-2
3.097469806E1,-2.375400066E-2,-2.266183496E-3,3.708839417E-2
3.098272323E1,-1.392316818E-2,-2.861903608E-2,4.190349579E-2
3.099071809E1,-4.166364670E-3,-4.839882255E-3,3.713130951E-2
3.099871465E1,-3.274643421E-2,-4.934072495E-3,2.996349335E-2
3.100671067E1,-5.643582344E-2,-7.459059358E-3,1.801776886E-2
3.101470615E1,-6.841993332E-2,-2.697020769E-3,1.083183289E-2
3.102270155E1,-4.936909676E-2,-2.413085103E-2,2.279472351E-2
3.103069657E1,-4.723608494E-2,-9.502604604E-3,1.319503784E-2
3.103872343E1,-5.967950821E-2,-1.167501509E-2,-1.216888428E-3
3.104671937E1,-5.071115494E-2,-4.200726748E-3,1.787662506E-2
3.105471478E1,-5.936384201E-3,-1.825861633E-2,2.259349823E-2
3.106270987E1,4.084110260E-4,-1.091457903E-2,4.644680023E-2
3.107070496E1,1.177120209E-2,-1.088346541E-2,3.919792175E-2
3.107870098E1,3.057003021E-2,-2.291622758E-2,3.676414490E-2
3.108669669E1,2.097284794E-2,-1.828256249E-2,4.393959045E-2
3.109472410E1,6.723523140E-3,-4.017576575E-3,4.395103455E-2
3.110271865E1,-1.226711273E-2,-1.693159342E-3,3.439044952E-2
3.111071459E1,-1.685225964E-2,-4.017680883E-3,4.638576508E-2
3.111870969E1,-3.093898296E-2,-1.588910818E-3,4.641723633E-2
3.112670578E1,-1.872932911E-2,-3.942832351E-3,2.250194550E-2
3.113470234E1,6.068944931E-4,-6.264686584E-3,2.731227875E-2
3.114269682E1,-1.116657257E-2,8.180052042E-3,1.775836945E-2
3.115072245E1,-3.752112389E-3,-8.644938469E-3,1.059913635E-2
3.115871878E1,-1.063394547E-2,3.275692463E-3,1.053810120E-3
3.116671410E1,-2.239918709E-2,1.045368612E-2,2.741432190E-2
3.117471074E1,-3.422796726E-2,-8.708670735E-3,3.461170197E-2
3.118270491E1,-3.917193413E-2,-3.271754086E-2,1.065063477E-2
3.119070062E1,-5.143737793E-2,-2.070713043E-2,3.934955597E-2
3.119869664E1,-4.459953308E-2,-1.359081268E-2,1.536846161E-2
3.120672250E1,-2.828717232E-2,-1.842306554E-2,3.447151184E-2
3.121471983E1,-7.248282433E-3,-2.083434165E-2,2.244567871E-2
3.122271400E1,-1.974320412E-2,-1.613360643E-2,1.759719849E-2
3.123070871E1,-2.010083199E-2,-2.332648635E-2,2.713489532E-2
3.123870504E1,1.073563099E-2,-1.382870972E-2,4.146671295E-2
3.124670052E1,1.537311077E-2,-1.148895919E-2,5.102539062E-2
3.125472730E1,-3.790974617E-3,-4.371613264E-3,4.144668579E-2
3.126272263E1,-1.080214977E-2,5.127936602E-3,2.949237823E-2
3.127071865E1,-1.287555695E-2,-1.406641304E-2,2.952575684E-2
3.127871405E1,1.845240593E-3,-1.177045703E-2,4.153442383E-2
3.128670984E1,-2.408254147E-2,-4.641935229E-3,3.200054169E-2
3.129470701E1,-3.079974651E-2,-2.854746580E-2,1.768779755E-2
3.130270057E1,-3.759181499E-2,-9.444311261E-3,2.012252808E-2
3.131069597E1,-3.960227966E-2,-7.048502564E-3,2.734851837E-2
3.131872252E1,-2.741730213E-2,-1.424220204E-2,3.694820404E-2
3.132671847E1,-3.205287457E-2,-1.418948174E-2,1.781272888E-2
3.133471572E1,3.954291344E-3,-2.131998539E-3,1.782512665E-2
3.134270927E1,1.841032505E-2,1.724809408E-4,3.938007355E-2
3.135070506E1,1.784086227E-3,-9.531989694E-3,3.460407257E-2
3.135870046E1,-2.431094646E-2,4.700466990E-3,1.547336578E-2
3.136669610E1,-5.286324024E-2,1.897294819E-2,3.464508057E-2
3.137472442E1,-4.568457603E-2,-1.466113329E-2,3.464221954E-2
3.138271798E1,-3.631675243E-2,-7.603317499E-3,3.222274780E-2
3.139071284E1,-4.375004768E-2,-7.720157504E-3,2.261543274E-2
3.139870970E1,-1.308798790E-2,-4.830922186E-2,3.932571411E-2
3.140670449E1,-1.827585697E-2,-2.185504138E-2,3.928565979E-2
3.141470151E1,-9.169459343E-3,-3.623630106E-2,2.965545654E-2
3.142272676E1,-1.192986965E-2,-2.828389406E-4,2.243423462E-2
3.143072209E1,-2.643823624E-3,-1.943798363E-2,8.037567139E-3
3.143871841E1,6.910920143E-3,6.880372763E-3,1.042842865E-2
3.144671389E1,2.240777016E-3,-3.352165222E-4,2.241230011E-2
3.145471045E1,4.969000816E-3,4.361301661E-3,3.202342987E-2
3.146270523E1,-2.328956127E-2,-5.233675241E-3,2.968025208E-2
3.147069979E1,-3.964495659E-2,-1.487366855E-2,4.169464111E-2
3.147916739E1,-4.162561893E-2,-5.371719599E-4,3.455543518E-2
3.148716395E1,-5.343723297E-2,-1.251676679E-2,4.415035248E-2
3.149515966E1,-5.581140518E-2,-5.339547992E-3,3.457546234E-2
3.150315483E1,-3.682923317E-2,-1.729348302E-2,2.976894379E-2
3.151115108E1,-5.388534069E-2,-1.717078686E-2,2.495002747E-2
3.151914594E1,-3.750395775E-2,-1.229147613E-2,1.772880554E-2
3.152714189E1,-2.858614922E-2,-2.417297661E-2,1.286983490E-2
3.153516836E1,-2.672922611E-2,-4.977941513E-3,1.520633698E-2
3.154316284E1,-8.996725082E-4,-4.969716072E-3,3.180503845E-3
3.155115863E1,8.162260056E-3,7.060632110E-3,2.706718445E-2
3.155915457E1,3.018021584E-3,7.015123963E-3,3.181552887E-2
3.156715059E1,1.242232323E-2,-1.697975397E-2,4.376602173E-2
3.157514730E1,2.923166752E-2,1.973107457E-3,4.376697540E-2
3.158314147E1,5.588889122E-3,1.131553948E-2,4.618930817E-2
3.159116818E1,6.018638611E-3,-5.594313145E-3,4.623317719E-2
3.159916336E1,-5.272984505E-3,-1.054389775E-2,3.433227539E-2
3.160715960E1,-3.110563755E-2,-1.070119441E-2,2.001857758E-2
3.161515570E1,-3.065228462E-2,-5.907297134E-3,2.246284485E-2
3.162315041E1,-5.188596249E-2,-1.073846221E-2,2.010154724E-2
3.163114581E1,-5.888605118E-2,-5.880102515E-3,1.054668427E-2
3.163914129E1,-5.167806149E-2,-1.059685647E-2,2.731132507E-2
3.164716770E1,-3.740537167E-2,-1.772810519E-2,1.772499084E-2
3.165516494E1,-2.329432964E-2,-8.174598217E-3,4.642772675E-2
3.166315888E1,-2.124643326E-2,-3.364175558E-3,2.962970734E-2
3.167115460E1,-2.884495258E-2,-9.934604168E-4,2.479553223E-2
3.167915000E1,8.971333504E-3,1.385301352E-3,4.868316650E-2
3.168714602E1,1.093101501E-2,-1.301150024E-2,2.708721161E-2
3.169514265E1,-3.798842430E-3,-5.847305059E-3,4.141235352E-2
3.170316698E1,5.607366562E-3,-2.029885352E-2,4.617977142E-2
3.171116238E1,-3.976941109E-3,1.322275400E-2,4.617977142E-2
3.171915893E1,-3.881216049E-3,-3.683581948E-3,2.942752838E-2
3.172715464E1,-1.561284065E-2,5.814969540E-3,1.987457275E-2
3.173515128E1,-1.524984837E-2,-1.817175746E-2,4.385566711E-2
3.174314545E1,-2.687323093E-2,-1.502260566E-3,2.234458923E-2
3.175114124E1,-4.817795753E-2,-3.266417980E-2,2.715873718E-2
3.175916795E1,-3.359293938E-2,3.285229206E-3,3.197193146E-2
3.176716273E1,-4.076445103E-2,-1.593801379E-2,2.957630157E-2
3.177515998E1,-2.895820141E-2,-6.352737546E-3,3.434753418E-2
3.178315516E1,-3.160929680E-2,-3.026553988E-2,1.516628265E-2
3.179114964E1,-1.776146889E-2,8.055806160E-3,2.229309082E-2
3.179914565E1,-6.148338318E-3,-8.630573750E-3,3.662109375E-2
3.180714106E1,1.273655891E-2,-1.573172212E-2,3.419780731E-2
3.181516869E1,1.963686943E-2,-1.335324347E-2,2.698516846E-2
3.182316263E1,-4.309415817E-3,-1.261070371E-3,3.656387329E-2
3.183115834E1,-4.276514053E-3,-3.672942519E-3,2.698993683E-2
3.183915436E1,-1.843690872E-2,-1.232534647E-3,4.616832733E-2
3.184714968E1,-1.814866066E-2,-1.795692742E-2,3.422832489E-2
3.185514540E1,-3.697252274E-2,-2.268570662E-2,2.229499817E-2
3.186314088E1,-2.948725224E-2,-1.298153400E-2,2.711963654E-2
3.187116666E1,-4.355108738E-2,-1.520852745E-2,2.954959869E-2
3.187916245E1,-3.378605843E-2,-1.034587622E-2,3.436088562E-2
3.188715847E1,-2.895247936E-2,4.051670432E-3,2.239608765E-2
3.189515510E1,-2.413809299E-2,1.675099134E-3,2.718734741E-2
3.190314989E1,-3.603792191E-2,-1.023709774E-2,2.001380920E-2
3.191114560E1,-1.921963692E-2,1.876696944E-3,3.438854218E-2
3.191914069E1,-1.682758331E-2,2.030909061E-3,3.199768066E-2
3.192716740E1,-1.212763786E-2,-7.393598557E-3,5.593395233E-2
3.193516350E1,-4.872918129E-3,-7.306203246E-3,5.115509033E-2
3.194315882E1,9.562611580E-3,-1.679593325E-2,3.440475464E-2
3.195115369E1,1.963376999E-4,-1.910428703E-2,4.400634766E-2
3.195914878E1,1.480031013E-2,-1.427161694E-2,3.685188293E-2
3.196714534E1,-6.449699402E-3,-2.325206995E-3,2.730751038E-2
3.197514113E1,-2.043330669E-2,-9.511262178E-3,2.974224091E-2
3.198316692E1,-2.709865570E-2,-2.144263685E-2,3.219413757E-2
3.199116209E1,-3.376793861E-2,-1.663132012E-2,1.788616180E-2
3.199915895E1,-3.570985794E-2,2.519726753E-3,2.511787415E-2
3.200715382E1,-5.217480659E-2,-1.421172917E-2,2.036285400E-2
3.201515037E1,-6.399607658E-2,7.402241230E-3,1.080417633E-2
3.202314493E1,-8.310437202E-2,-6.834983826E-3,2.038860321E-2
3.203114025E1,-7.618510723E-2,5.592107773E-4,8.394241333E-3
3.203916673E1,-4.550361633E-2,7.854253054E-4,2.510929108E-2
3.204716306E1,-2.698218822E-2,-3.488174081E-2,2.265167236E-2
3.205515915E1,-1.087391376E-2,-1.315152645E-2,3.216075897E-2
3.206315363E1,2.682137489E-2,-2.251020074E-2,2.491569519E-2
3.207114927E1,9.510040283E-3,-1.282687485E-2,3.443431854E-2
3.207914413E1,9.229540825E-3,-3.180682659E-3,2.722263336E-2
3.208714069E1,4.467368126E-3,-2.227737010E-2,3.201580048E-2
3.209516748E1,1.415944099E-2,-1.744535565E-2,2.724075317E-2
3.210316265E1,2.497673035E-3,-1.262424886E-2,4.403400421E-2
3.211115736E1,-9.029507637E-3,4.266113043E-3,4.408550262E-2
3.211915315E1,-6.217718124E-3,4.415482283E-3,3.216457367E-2
3.212714970E1,-2.971041203E-2,-2.448409796E-4,2.982139587E-2
3.213514611E1,1.859068871E-3,-2.530187368E-3,2.029609680E-2
3.214314028E1,-1.923239231E-2,-4.826188087E-3,1.077270508E-2
3.215116614E1,-4.554271698E-3,9.616911411E-3,1.559638977E-2
3.215916208E1,-4.501450062E-2,-4.642710090E-3,2.520275116E-2
3.216715810E1,-2.801597118E-2,9.842500091E-3,1.804924011E-2
3.217515420E1,-3.991544247E-2,4.155486822E-4,3.481864929E-2
3.218314990E1,-3.515791893E-2,-1.389715075E-2,1.805782318E-2
3.219114431E1,-3.775715828E-2,-6.723180413E-3,4.197788239E-2
3.219914063E1,-4.033458233E-2,2.787619829E-3,1.801395416E-2
3.220716688E1,-7.067918777E-3,-1.162628829E-2,2.756214142E-2
3.221516259E1,-4.872798920E-3,-9.259313345E-3,4.669284821E-2
3.222315761E1,-1.700234413E-2,-4.525288939E-3,2.512645721E-2
3.223115271E1,-9.931087494E-3,-1.180613041E-2,3.229427338E-2
3.223914911E1,-1.223921776E-2,-7.116854191E-3,4.187774658E-2
3.224714443E1,-7.361769676E-3,-7.222950459E-3,3.230857849E-2
3.225514107E1,-2.288699150E-3,-2.640599012E-2,3.712844849E-2
3.226316608E1,-2.112376690E-2,-1.466274261E-5,3.716373444E-2
3.227116149E1,-1.594936848E-2,6.321072578E-5,2.284336090E-2
3.227915720E1,-2.030575275E-2,1.691311598E-2,3.725814819E-2
3.228715376E1,-2.467393875E-2,-4.544392228E-3,3.012371063E-2
3.229515016E1,-3.144192696E-2,-1.160268486E-2,3.735542297E-2
3.230314402E1,-2.882838249E-2,-1.864804327E-2,3.498744965E-2
3.231113966E1,-4.789543152E-2,-2.815002203E-2,1.823902130E-2
3.231916621E1,-5.268466473E-2,-2.083927393E-2,2.781963348E-2
3.232716246E1,-3.360462189E-2,-2.073998749E-2,3.020668030E-2
3.233314286E1,-1.689660549E-2,-2.075469494E-2,1.104736328E-2
3.233515817E1,2.256989479E-3,-3.272569180E-2,-3.317832947E-3
3.234315327E1,2.134716511E-2,-6.285473704E-3,2.780246735E-2
3.235114805E1,1.188397408E-2,3.341495991E-3,8.662223816E-3
3.235914415E1,-1.406955719E-2,1.049093902E-2,2.306938171E-2
3.236716994E1,-2.081346512E-2,1.993146539E-2,3.508567810E-2
3.237516749E1,-3.951716423E-2,1.507544518E-2,3.992176056E-2
3.238316166E1,-3.678297997E-2,-1.838783920E-2,5.911350250E-2
3.239115745E1,-3.659343719E-2,-1.355053484E-2,4.716491699E-2
3.239915247E1,-4.369735718E-2,-2.783200145E-2,3.999328613E-2
3.240714880E1,-5.083012581E-2,-3.495740891E-2,3.042316437E-2
3.241514604E1,-2.684867382E-2,-8.577600121E-3,2.324581146E-2
3.242316983E1,-1.249384880E-2,-1.100718975E-2,2.085018158E-2
3.243116585E1,-3.172636032E-2,-1.340888441E-2,1.687049866E-3
3.243916179E1,-1.724362373E-2,3.374889493E-3,-6.933212280E-4
3.244715727E1,-1.229965687E-2,-2.037535608E-2,1.129913330E-2
3.245515414E1,-2.418911457E-2,-5.815371871E-3,3.286075592E-2
3.246314862E1,-2.305865288E-3,-2.003160119E-2,4.487133026E-2
3.247114402E1,-2.135705948E-2,-5.657076836E-3,4.009437561E-2
3.247917019E1,-2.589833736E-2,-1.522979140E-2,5.209350586E-2
3.248716567E1,-4.723560810E-2,-5.635306239E-3,4.254055023E-2
3.249516292E1,-4.952275753E-2,-1.517604291E-2,4.015827179E-2
3.250315678E1,-3.993916512E-2,-5.502566695E-3,3.776741028E-2
3.251115211E1,-3.529548645E-2,-3.101184964E-3,2.099227905E-2
3.251914820E1,-2.353286743E-2,-1.978716254E-2,1.857662201E-2
3.252714445E1,-1.431453228E-2,-7.760748267E-3,2.811527252E-2
3.253517162E1,-1.459050179E-2,-1.485501230E-2,2.569198608E-2
3.254316541E1,-2.675890923E-2,-5.254581571E-3,1.848888397E-2
3.255116143E1,-7.742404938E-3,-1.479168236E-2,3.044509888E-2
3.255915652E1,-1.022183895E-2,-1.716262102E-2,3.761959076E-2
3.256715231E1,-1.984155178E-2,-2.424433827E-2,5.198192596E-2
3.257514918E1,-1.031565666E-2,-3.856940567E-2,5.915927887E-2
3.258314373E1,4.082441330E-3,-9.906619787E-3,2.564239502E-2
3.259116960E1,-1.018285751E-2,-2.194689214E-2,2.325916290E-2
3.259916554E1,-9.922981262E-3,-4.477500916E-4,3.765106201E-2
3.260716102E1,-2.365231514E-3,1.766547561E-3,2.092933655E-2
3.261515796E1,-2.818334103E-2,-7.921561599E-3,1.140594482E-2
3.262315244E1,-2.514576912E-2,-3.201380372E-3,2.105331421E-2
3.263114753E1,-1.740753651E-2,-1.046739519E-2,1.871871948E-2
3.263914347E1,-2.889347076E-2,-5.699962378E-3,2.116489410E-2
3.264717026E1,-3.093481064E-2,-1.995392144E-2,1.641845703E-2
3.265516574E1,-3.552055359E-2,-7.623285055E-4,1.644134521E-2
3.266316114E1,-4.254567623E-2,-1.736509800E-2,1.885700226E-2
3.267115624E1,-3.068208694E-2,-2.931740880E-2,4.278850555E-2
3.267915280E1,-5.004036427E-2,-1.724760234E-2,4.037284851E-2
3.268714820E1,-1.927685738E-2,-1.481415331E-2,3.554534912E-2
3.269514514E1,-2.204716206E-2,1.625654101E-2,2.592563629E-2
3.270316985E1,-5.603075027E-3,1.617191732E-2,2.349567413E-2
3.271116517E1,1.095128059E-2,1.717329025E-3,1.868247986E-2
3.271916150E1,-8.334040642E-3,-6.885081530E-4,3.303241730E-2
3.272715667E1,6.115078926E-3,-7.869943976E-3,2.585887909E-2
3.273515354E1,-1.291847229E-2,-5.625188351E-3,2.108001709E-2
3.274314802E1,-1.266157627E-2,6.330698729E-3,4.505062103E-2
3.275114257E1,-2.184879780E-2,-1.769070327E-2,2.833271027E-2
3.275916936E1,-3.581559658E-2,-9.844899178E-4,3.555774689E-2
3.276716569E1,-4.753065109E-2,-8.127927780E-3,3.798198700E-2
3.277516255E1,-4.975986481E-2,-1.770736277E-2,2.363491058E-2
3.278315680E1,-5.449151993E-2,-3.322169185E-3,3.321838379E-2
3.279115189E1,-4.964888096E-2,-2.960671484E-2,1.167678833E-2
3.279914784E1,-4.256498814E-2,8.751899004E-3,3.560924530E-2
3.280714301E1,-6.897807121E-3,-1.519566774E-2,3.079319000E-2
3.281517095E1,-2.395403385E-2,-7.969409227E-3,3.315639496E-2
3.282316520E1,-3.380548954E-2,-1.026983559E-2,2.355098724E-2
3.283115998E1,-5.365729332E-3,-3.024935722E-3,2.112579346E-2
3.283915600E1,-2.735066414E-2,-1.240918040E-2,2.587032318E-2
3.284715225E1,-3.803730011E-3,-2.660392225E-2,2.343750000E-2
3.285514858E1,-1.611995697E-2,4.727974534E-3,1.143264771E-2
3.286314313E1,2.701878548E-3,-2.386729419E-2,3.534030914E-2
3.287116869E1,1.215553284E-2,-1.914581656E-2,3.053665161E-2
3.287916532E1,-1.416575909E-2,7.102787495E-3,2.574825287E-2
3.288716157E1,5.211830139E-3,-1.209455729E-2,2.816677094E-2
3.289515759E1,-2.565324306E-2,4.634782672E-3,1.143455505E-2
3.290315145E1,-3.735852242E-2,2.210080624E-3,2.103996277E-2
3.291114686E1,-5.865526199E-2,2.256572247E-3,2.585697174E-2
3.291914418E1,-4.415845871E-2,-1.683218777E-2,2.108478546E-2
3.292716966E1,-2.029955387E-2,7.198020816E-3,2.107810974E-2
3.293516630E1,-6.029963493E-3,-7.065847516E-3,5.219459534E-2
3.294316047E1,-3.259527683E-2,-1.420716941E-2,3.301715851E-2
3.295115556E1,-2.092278004E-2,7.357016206E-3,2.580070496E-2
3.295915158E1,-4.434227943E-3,7.308900356E-3,4.492378235E-2
3.296714737E1,-1.177418232E-2,8.215010166E-5,4.251194000E-2
3.297514393E1,-2.632641792E-2,-4.793480039E-3,3.051757812E-2
3.298316925E1,-2.411448956E-2,-1.208159328E-2,2.810096741E-2
3.299116427E1,-9.961843491E-3,-1.224802434E-2,3.046798706E-2
3.299916090E1,-3.165137768E-2,4.498630762E-3,1.369285583E-2
3.300715638E1,-5.105602741E-2,4.508048296E-3,1.127052307E-2
3.301515302E1,-2.985119820E-2,-1.871287823E-4,3.517723083E-2
3.302314711E1,-1.597976685E-2,-1.206383109E-2,1.357746124E-2
3.303114313E1,-3.562033176E-2,-7.113113999E-3,2.070999146E-2
3.303916868E1,-2.408897877E-2,-1.419021189E-2,3.263568878E-2
3.304716509E1,4.188179970E-3,-1.407714188E-2,3.498172760E-2
3.305516072E1,-1.764667034E-2,-2.364094555E-2,2.537345886E-2
3.306315612E1,-5.892038345E-3,-1.415371895E-2,3.971290588E-2
3.307115091E1,-2.989149094E-2,-9.344562888E-3,3.970718384E-2
3.307914670E1,-3.222620487E-2,-2.170503139E-3,6.126213074E-2
3.308714264E1,-8.224368095E-3,-1.417392492E-2,3.971958160E-2
3.310316460E1,4.227519035E-3,2.501755953E-3,2.540493011E-2
3.311116000E1,2.080917358E-3,2.466812730E-3,2.543067932E-2
3.311915625E1,-7.255434990E-3,-3.993511200E-6,8.697509766E-3
3.312715173E1,-1.174008846E-2,9.565040469E-3,-8.028984070E-3
3.313514829E1,-1.865339279E-2,2.299189568E-3,2.072906494E-2
3.314314223E1,-4.713392258E-2,-1.204071939E-2,1.596832275E-2
3.315116809E1,-5.659222603E-2,7.049188018E-3,1.119232178E-2
3.315916380E1,-6.141257286E-2,-7.360264659E-3,1.358127594E-2
3.316716036E1,-5.926740170E-2,-9.774029255E-3,2.552413940E-2
3.317515645E1,-6.205832958E-2,-9.860187769E-3,2.308559418E-2
3.318315178E1,-3.628242016E-2,-2.429528534E-2,1.344490051E-2
3.319114634E1,-2.960407734E-2,-1.475745440E-2,3.493595123E-2
3.319914258E1,-8.649587631E-3,-1.238527894E-2,3.008174896E-2
3.320716876E1,5.301237106E-4,1.954421401E-3,3.722095490E-2
3.321516539E1,-9.394407272E-3,1.631247997E-2,4.675960541E-2
3.322315987E1,-1.361370087E-4,-4.744231701E-4,3.954029083E-2
3.323115496E1,6.908774376E-3,-7.600754499E-3,5.628681183E-2
3.323915190E1,1.180756092E-2,-3.367513418E-4,5.390548706E-2
3.324714669E1,-7.108330727E-3,-9.948045015E-3,3.238391876E-2
3.325517325E1,-1.864814758E-2,-7.579714060E-3,1.327705383E-2
3.326316927E1,-1.810991764E-2,-7.571190596E-3,3.009510040E-2
3.327116436E1,-2.221667767E-2,-1.244457066E-2,-3.350257874E-3
3.327916007E1,-3.349137306E-2,-1.245716214E-2,3.909111023E-3
3.328715632E1,-3.762221336E-2,-7.753640413E-3,2.313327789E-2
3.329515242E1,-4.434466362E-2,-7.826909423E-3,1.599884033E-2
3.330314651E1,-3.934001923E-2,-1.264584064E-2,1.602172852E-2
3.331114168E1,-1.752138138E-2,-3.057017922E-3,1.605129242E-2
3.331916839E1,-2.464377880E-2,4.067942500E-3,2.324008942E-2
3.332716441E1,-4.363811016E-2,2.797660232E-2,2.804565430E-2
3.333516051E1,-5.318164825E-2,1.110953093E-2,2.325916290E-2
3.334315499E1,-6.777715683E-2,1.586051285E-2,2.323246002E-2
3.335115031E1,-5.859100819E-2,1.511856914E-3,2.797794342E-2
3.335914672E1,-3.770494461E-2,-2.715304494E-2,2.790641785E-2
3.336717312E1,-2.884531021E-2,-3.183326125E-2,3.980064392E-2
3.337516890E1,2.307474613E-2,-2.701181173E-2,4.450702667E-2
3.338316431E1,9.459257126E-4,-3.176520765E-2,3.965568542E-2
3.339115902E1,5.437970161E-3,-2.226312459E-2,3.243923187E-2
3.339915504E1,2.465879917E-2,2.310264111E-2,1.807880402E-2
3.340715044E1,2.496576309E-2,3.819450736E-3,1.092624664E-2
3.341514769E1,1.360058784E-2,1.560787857E-2,2.535438538E-2
3.342317301E1,-3.352546692E-2,1.071929932E-2,3.980064392E-2
3.343116780E1,-5.441343784E-2,8.274912834E-3,3.747749329E-2
3.343916405E1,-8.253765106E-2,-3.683149815E-3,3.754520416E-2
3.344715922E1,-7.729220390E-2,1.120075583E-3,2.562427521E-2
3.345515578E1,-8.192694187E-2,1.065927744E-2,3.042888641E-2
3.346315095E1,-7.492709160E-2,-8.514076471E-3,3.998470306E-2
3.347114566E1,-3.950405121E-2,-2.283999324E-2,2.077770233E-2
3.347917306E1,-3.777503967E-2,-2.034458518E-2,1.591873169E-2
3.348716824E1,-1.937234402E-2,-1.195937395E-3,2.301883698E-2
3.349516418E1,1.579582691E-2,1.283690333E-3,2.054405212E-2
3.350315927E1,2.223730087E-2,-1.544298232E-2,2.285861969E-2
3.351115506E1,2.715468407E-3,-1.546275616E-2,5.154800415E-2
3.351915038E1,9.726881981E-3,-2.032846212E-2,4.195022583E-2
3.352714586E1,2.105236053E-4,3.538876772E-3,4.434967041E-2
3.353517296E1,-9.125709534E-3,-1.325215399E-2,4.198074341E-2
3.354316798E1,-2.309107780E-2,1.297573745E-2,2.526283264E-2
3.355116338E1,-1.780796051E-2,-3.024497628E-2,1.813220978E-2
3.355915917E1,-1.006805897E-2,-6.447091699E-3,2.058410645E-2
3.356715449E1,-4.054617882E-2,-8.976981044E-3,-3.290176392E-3
3.357515113E1,-4.467594624E-2,-1.622541249E-2,2.072334290E-2
3.358314591E1,-7.040476799E-2,-1.870894432E-2,-7.591247559E-4
3.359117247E1,-4.586696625E-2,-1.388351619E-2,2.085494995E-2
3.359916849E1,-5.988764763E-2,5.042254925E-4,2.568149567E-2
3.360716297E1,-5.254495144E-2,7.730707526E-3,4.006576538E-2
3.361515991E1,-3.358960152E-2,-1.147277653E-2,4.004192352E-2
3.362315462E1,-3.389644623E-2,1.722870767E-2,4.479598999E-2
3.363114979E1,-8.368492126E-4,-4.347428679E-3,5.192852020E-2
3.363914604E1,-6.153821945E-3,5.204930902E-3,3.271579742E-2
3.364717252E1,5.211830139E-4,3.938972950E-4,3.265857697E-2
3.365516831E1,-2.160072327E-3,-1.398949325E-2,1.107883453E-2
3.366316340E1,-2.422690392E-3,-1.158699393E-2,1.823329926E-2
3.367115880E1,-2.576112747E-3,5.093634129E-3,3.976249695E-2
3.367915482E1,-1.834630966E-4,-4.398137331E-3,1.821613312E-2
3.368714984E1,-9.675860405E-3,-1.637282968E-2,2.061939240E-2
3.369514778E1,-9.313941002E-3,-1.878584921E-2,1.587009430E-2
3.370317149E1,-1.369225979E-2,3.357082605E-4,3.746318817E-2
3.371116712E1,-3.011894226E-2,-2.150788903E-3,2.552604675E-2
3.371916345E1,-2.499294281E-2,-1.424866915E-2,3.034877777E-2
3.372715885E1,-7.024335861E-2,1.206430793E-2,3.037452698E-2
3.373515556E1,-6.299889088E-2,-4.714533687E-3,1.841068268E-2
3.374315035E1,-4.629421234E-2,-2.369076014E-3,5.910396576E-2
3.375114606E1,-3.213930130E-2,-3.104014695E-2,4.711151123E-2
3.375917216E1,-1.563513279E-2,-2.134521306E-2,3.750896454E-2
3.376716733E1,-1.594054699E-2,2.606406808E-3,1.562118530E-3
3.377516327E1,-6.599545479E-3,-2.105429769E-3,2.069187164E-2
3.378315898E1,-1.392149925E-2,-1.413859427E-2,2.067565918E-2
3.379115346E1,3.173351288E-4,1.644045115E-4,2.544879913E-2
3.379915009E1,-1.391685009E-2,1.931171119E-2,2.785682678E-2
3.380714519E1,-2.573835850E-2,7.462501526E-5,2.547740936E-2
3.381517321E1,-4.001247883E-2,-1.180872321E-2,3.027820587E-2
3.382316738E1,-5.201041698E-2,2.510696650E-4,3.027725220E-2
3.383116317E1,-3.781294823E-2,-2.099797130E-3,2.307701111E-2
3.383915880E1,-2.370750904E-2,-1.399153471E-2,4.220390320E-2
3.384715451E1,-3.838217258E-2,-1.875162125E-2,3.259372711E-2
3.385515053E1,-1.481676102E-2,-1.155796647E-2,2.536964417E-2
3.386314570E1,-1.275312901E-2,7.512152195E-3,2.533149719E-2
3.387117149E1,-3.392100334E-3,-6.907477975E-3,3.727817535E-2
3.387916689E1,1.563155651E-2,-1.179985702E-2,2.528953552E-2
3.388716260E1,-3.528237343E-3,-2.209678292E-3,1.810646057E-2
3.389515985E1,-2.738833427E-2,-2.218082547E-3,2.050971985E-2
3.390315379E1,-1.518070698E-2,-9.370833635E-3,2.293109894E-2
3.391114981E1,-7.772088051E-3,-2.123340964E-3,3.253364563E-2
3.391914513E1,-2.792358398E-3,-1.642568409E-2,2.297973633E-2
3.392717138E1,-1.680529118E-2,-3.078244627E-2,3.259563446E-2
3.393516794E1,-4.037284851E-2,-3.075025976E-2,4.700279236E-2
3.394316303E1,-4.710996151E-2,-4.487961531E-3,2.071380615E-2
3.395115813E1,-1.560401917E-2,-1.893749833E-2,4.469585419E-2
3.395915361E1,-1.997387409E-2,1.441559196E-2,2.079582214E-2
3.396715016E1,-2.925193310E-2,7.070139050E-3,3.040122986E-2
3.397514688E1,-4.584169388E-2,9.322971106E-3,1.605224609E-2
3.398317143E1,-5.296790600E-2,-1.225829124E-2,2.324104309E-2
3.399116691E1,-5.793154240E-2,-1.940397918E-2,2.322292328E-2
3.399916285E1,-6.301331520E-2,7.098808885E-3,1.646041870E-3
3.400715795E1,-4.195129871E-2,-2.145437896E-2,4.469203949E-2
3.401515520E1,-2.593541145E-2,-9.322240949E-3,3.024864197E-2
3.402314968E1,-2.438998222E-2,-1.397690177E-2,2.776432037E-2
3.403114423E1,-1.281499863E-3,-2.830137312E-2,3.725051880E-2
3.403917133E1,1.940834522E-2,-3.788146377E-2,2.757930756E-2
3.404716673E1,3.317856789E-2,-1.638577878E-2,2.990627289E-2
3.405516398E1,6.531596184E-3,7.571861148E-3,1.790237427E-2
3.406315777E1,-7.954239845E-3,-4.285901785E-3,5.140972137E-2
3.407115386E1,-1.752078533E-2,-2.329936624E-2,4.423141479E-2
3.407914988E1,-2.693092823E-2,-1.606307924E-2,3.227996826E-2
3.408714497E1,-1.720011234E-2,3.138586879E-3,3.469181061E-2
3.409517322E1,-7.323741913E-3,1.031586528E-2,3.951358795E-2
3.410316678E1,2.544879913E-3,5.457237363E-3,3.954315186E-2
3.411116188E1,-6.872057915E-3,-8.918508887E-3,6.042480469E-3
3.411915766E1,-4.249215126E-3,1.254402101E-2,1.276969910E-3
3.412715299E1,-4.233598709E-2,2.980187535E-3,8.484840393E-3
3.413514939E1,-4.937911034E-2,7.788568735E-3,1.568222046E-2
3.414314533E1,-4.944181442E-2,1.265566051E-2,1.807212830E-2
3.415117089E1,-5.229675770E-2,-1.600329578E-2,1.802253723E-2
3.415916691E1,-2.887427807E-2,-3.989517689E-3,2.754402161E-2
3.416716269E1,-1.762139797E-2,-2.547506988E-2,3.464794159E-2
3.417515902E1,3.170609474E-3,-3.274834156E-2,2.738094330E-2
3.418315435E1,-1.163733006E-2,-1.132862270E-2,2.972412109E-2
3.419114852E1,1.188123226E-2,-1.798778772E-3,1.291656494E-2
3.419914461E1,6.775021553E-3,-3.050863743E-2,2.245998383E-2
3.420717078E1,-2.877593040E-3,-1.818999648E-3,4.160404205E-2
3.421516765E1,9.139299393E-3,-1.155002415E-2,3.681755066E-2
3.422316251E1,1.906251907E-2,9.938403964E-3,2.727699280E-2
3.423115761E1,-1.166665554E-2,-9.265363216E-3,1.055908203E-2
3.423915362E1,-3.976404667E-2,5.031302571E-3,2.738761902E-2
3.424714926E1,-2.472400665E-2,-1.414133608E-2,2.267169952E-2
3.425514589E1,-4.323589802E-2,-1.187804341E-2,2.752780914E-2
3.426317114E1,-4.509317875E-2,-2.364039421E-3,3.237438202E-2
3.427116539E1,-3.269016743E-2,-9.497568011E-3,2.523994446E-2
3.427916195E1,-3.486216068E-2,-2.138906717E-2,2.526569366E-2
3.428715743E1,-5.873346329E-2,-1.173770428E-2,8.516311646E-3
3.429515529E1,-4.921555519E-2,-1.161627471E-2,1.330089569E-2
3.430314885E1,-1.356828213E-2,-1.969337463E-3,1.806163788E-2
3.431117525E1,-2.091825008E-2,2.192436159E-2,2.283096313E-2
3.431917042E1,5.285382271E-3,3.010332584E-4,2.760314941E-2
3.432716636E1,4.080533981E-4,-4.544883966E-3,3.238010406E-2
3.433516276E1,-9.196281433E-3,7.331177592E-3,3.237533569E-2
3.434315748E1,-1.411926746E-2,1.204603910E-2,3.475189209E-2
3.435115288E1,-2.152037621E-2,-1.193490624E-2,4.191017151E-2
3.435914897E1,-2.180111408E-2,-2.152262628E-2,5.863857269E-2
3.436717507E1,-2.449429035E-2,-3.828792274E-2,4.663467407E-2
3.437517147E1,-1.029253006E-2,-2.396881580E-2,2.985572815E-2
3.438316626E1,-1.274955273E-2,-5.273501575E-2,3.463649750E-2
3.439116166E1,1.605212688E-2,-2.645994723E-2,1.070117950E-2
3.439915799E1,-4.742145538E-4,7.037594914E-3,1.149177551E-3
3.440715300E1,-1.697409153E-2,-2.584651113E-3,8.359909058E-3
3.441514995E1,-1.179254055E-2,2.222359180E-3,2.276802063E-2
3.442317496E1,-3.771901131E-2,2.247482538E-3,2.760219574E-2
3.443116975E1,-3.736484051E-2,-4.878088832E-3,4.679584503E-2
3.443916577E1,-4.191851616E-2,-2.391517162E-3,4.203605652E-2
3.444716171E1,-4.175412655E-2,-4.654660821E-3,5.642223358E-2
3.445515896E1,-5.378127098E-2,-9.457156062E-3,4.683876038E-2
3.446315228E1,-3.956913948E-2,-1.656897366E-2,1.569843292E-2
3.447114923E1,-3.268349171E-2,7.277265191E-3,2.284717560E-2
3.447917471E1,-4.019272327E-2,-2.291321754E-3,1.562881470E-2
3.448717103E1,-9.566783905E-3,-1.900018752E-2,1.078605652E-2
3.449516713E1,-1.474165916E-2,-1.888367534E-2,1.074600220E-2
3.450316153E1,-7.467269897E-4,-6.759449840E-3,2.028560638E-2
3.451115701E1,-2.249491215E-2,-2.107332647E-2,2.744770050E-2
3.451915295E1,1.089560986E-2,-1.930713654E-3,4.179954529E-2
3.452714897E1,8.574843407E-3,-2.604424953E-2,2.983188629E-2
3.453517514E1,2.553248405E-2,-1.180310547E-2,4.900455475E-2
3.454316993E1,-2.895951271E-3,-4.761472344E-3,4.664039612E-2
3.455116625E1,-7.270812988E-3,-5.026936531E-3,3.710269928E-2
3.455916227E1,-2.603018284E-2,1.876431704E-2,2.277851105E-2
3.456715706E1,-2.811813354E-2,2.018839121E-3,2.281188965E-2
3.457515369E1,-3.265523911E-2,-1.007817686E-2,1.086425781E-2
3.458314756E1,-5.147933960E-2,-1.486596465E-2,1.329517365E-2
3.459117373E1,-2.973961830E-2,-7.705286145E-3,1.810455322E-2
3.459917067E1,-2.723503113E-2,-1.009410620E-2,3.727054596E-2
3.460716577E1,-2.970957756E-2,-2.198421955E-2,2.289867401E-2
3.461516186E1,-2.031779289E-2,-4.458725452E-4,1.090717316E-2
3.462315749E1,-1.832866669E-2,-1.959672570E-2,2.762126923E-2
3.463115228E1,-2.106213570E-2,-5.219176412E-3,2.758502960E-2
3.463914807E1,-1.911628246E-2,-1.475305855E-2,2.514171600E-2
3.464717509E1,-2.907669544E-2,1.150667667E-2,2.988624573E-2
3.465517110E1,-1.257324219E-2,9.048298001E-3,1.549148560E-2
3.466316535E1,-3.282904625E-3,1.815706491E-3,4.179668427E-2
3.467116045E1,1.080644131E-2,-5.397811532E-3,2.740001678E-2
3.467915677E1,-3.709197044E-3,-1.732277870E-2,3.217315674E-2
3.468715210E1,-2.045714855E-2,-5.803108215E-4,1.062583923E-2
3.469514904E1,-1.557159424E-2,-1.494212449E-2,2.978992462E-2
3.470317436E1,-2.736973763E-2,-2.443100512E-2,3.459930420E-2
3.471117008E1,-1.764976978E-2,-3.692954779E-4,5.887031555E-3
3.471916486E1,-4.633498192E-2,-2.609863877E-3,4.659652710E-2
3.472716111E1,-4.636049271E-2,-2.646565437E-2,4.180812836E-2
3.473515713E1,-3.685188293E-2,-1.203314960E-2,3.461933136E-2
3.474315222E1,-3.692722321E-2,-1.678384840E-2,2.742958069E-2
3.475114763E1,-1.108765602E-3,-6.002187729E-5,3.460121155E-2
3.475917449E1,-2.521181107E-2,2.367094159E-3,3.218936920E-2
3.476716959E1,-3.243815899E-2,-7.250264287E-3,4.176044464E-2
3.477516653E1,-2.537977695E-2,1.676534116E-2,1.062393188E-2
3.478316070E1,-1.130092144E-2,1.677672565E-2,1.777553558E-2
3.479115672E1,-1.392495632E-2,2.399027348E-3,2.014350891E-2
3.479915235E1,7.440447807E-3,-7.181003690E-3,2.730655670E-2
3.480714806E1,4.963994026E-3,-1.912468672E-2,3.448009491E-2
3.481517523E1,2.729058266E-3,-1.681171358E-2,3.928470612E-2
3.482316902E1,-8.871555328E-3,-9.657546878E-3,3.214263916E-2
3.483116442E1,-2.276432514E-2,-2.888008952E-2,2.979850769E-2
3.483916136E1,-5.115604401E-2,-9.871512651E-3,2.025508881E-2
3.484715654E1,-3.649616241E-2,-2.716973424E-3,1.789283752E-2
3.485515279E1,-5.561244488E-2,-1.714123785E-2,3.704929352E-2
3.486314726E1,-6.054103374E-2,6.837114692E-3,3.224658966E-2
3.487117405E1,-2.254402637E-2,-2.658486366E-3,1.066589355E-2
3.487916976E1,-3.485274315E-2,-2.213418484E-4,2.739048004E-2
3.488716524E1,-2.565121651E-2,-1.205655932E-2,2.735137939E-2
3.489516180E1,-2.372288704E-2,4.704162478E-3,3.448295593E-2
3.490315597E1,-1.466560364E-2,-2.433896065E-3,4.400348663E-2
3.491115137E1,1.369237900E-2,-2.156935632E-2,3.438663483E-2
3.491914739E1,8.531093597E-3,-1.913248003E-2,3.674125671E-2
3.492717456E1,3.380656242E-3,-7.091343403E-3,2.952003479E-2
3.493517050E1,-8.636236191E-3,-1.193469763E-2,2.951431274E-2
3.494316529E1,-1.339077950E-3,-1.434981823E-2,1.755619049E-2
3.495116108E1,1.467943192E-3,-1.194912195E-2,1.281261444E-2
3.495915618E1,6.698489189E-3,-1.443223655E-2,2.961826324E-2
3.496715188E1,-9.473919868E-3,-2.603024244E-3,2.488994598E-2
3.497514821E1,-1.837897301E-2,-9.880319238E-3,2.735710144E-2
3.498317346E1,-2.246963978E-2,-3.750324249E-4,2.024841309E-2
3.499116886E1,-4.584944248E-2,2.108563483E-2,2.988529205E-2
3.499916488E1,-5.506634712E-2,2.817107737E-2,3.950023651E-2
3.500716059E1,-5.731821060E-2,-6.059557199E-4,2.514839172E-2
3.501515815E1,-6.689071655E-2,-3.021180630E-3,2.993679047E-2
3.502315132E1,-6.957697868E-2,-2.208630741E-2,2.272510529E-2
3.503114711E1,-5.806207657E-2,-1.246543229E-2,1.788711548E-2
3.503917359E1,-6.584239006E-2,-1.713086665E-2,2.261257172E-2
3.504716984E1,-4.025042057E-2,-1.451231539E-2,2.493000031E-2
3.505516562E1,1.958012581E-3,-7.105469704E-3,1.286792755E-2
3.506316072E1,5.881547928E-3,-1.160867512E-2,1.038455963E-2
3.507115512E1,9.829163551E-3,-2.817447484E-2,1.987361908E-2
3.507915214E1,1.630234718E-2,-1.850388944E-2,2.937507629E-2
3.508714746E1,1.825332642E-2,-1.373969018E-2,3.650951385E-2
3.509517464E1,8.539080620E-3,7.738098502E-3,2.930927277E-2
3.510316935E1,-8.054018021E-3,-4.250541329E-3,3.890419006E-2
3.511116452E1,-1.501321793E-2,-4.197493196E-3,6.047725677E-2
3.511916046E1,-4.105770588E-2,-2.088756859E-2,4.375171661E-2
3.512715617E1,-3.112721443E-2,-3.958448768E-3,3.900623322E-2
3.513515219E1,-3.089451790E-2,8.056432009E-3,2.945518494E-2
3.514314728E1,-1.137423515E-2,-6.230890751E-3,1.992034912E-2
3.515117322E1,-2.057266235E-2,3.340110183E-3,1.517295837E-2
3.515916824E1,-1.302719116E-2,1.531681418E-2,8.031845093E-3
3.516716464E1,-3.052592278E-3,1.539601386E-2,-3.894805908E-3
3.517516182E1,-1.689755917E-2,4.899129272E-2,5.741119385E-3
3.518315599E1,-3.801238537E-2,5.942210555E-3,2.494239807E-2
3.519115170E1,-3.050994873E-2,1.167729497E-3,2.497768402E-2
3.519914710E1,-4.946231842E-2,-1.080408692E-2,2.500057220E-2
3.520717366E1,-2.554202080E-2,-1.321482658E-2,4.175662994E-2
3.521516968E1,-3.526496887E-2,-1.576060057E-2,2.976608276E-2
3.522316446E1,-1.166987419E-2,-6.345093250E-3,2.493667603E-2
3.523115948E1,-2.154743671E-2,-4.097655416E-3,3.447628021E-2
3.523915558E1,-2.429175377E-2,6.113052368E-4,2.485942841E-2
3.524715129E1,1.666188240E-3,-2.103503048E-2,2.002716064E-2
3.525517892E1,-1.540422440E-2,-9.150505066E-3,2.238559723E-2
3.526317340E1,-3.661155701E-3,1.719196141E-2,1.278495789E-2
3.527116826E1,-1.359939575E-3,1.721879840E-2,2.235221863E-2
3.527916420E1,-1.260519028E-3,2.874940634E-3,3.912258148E-2
3.528715999E1,-1.062726974E-2,5.354285240E-4,4.393482208E-2
3.529515624E1,-1.748216152E-2,-4.183411598E-3,4.157924652E-2
3.530315103E1,-1.227748394E-2,-2.324150503E-2,3.204917908E-2
3.531114643E1,-3.814017773E-2,-2.798478305E-2,4.407215118E-2
3.531917299E1,-1.602721214E-2,-3.744176030E-2,2.498340607E-2
3.532716870E1,-1.310861111E-2,-8.624151349E-3,3.940868378E-2
3.533516618E1,-1.266682148E-2,-2.533182502E-2,1.072788239E-2
3.534315920E1,-2.660799026E-2,-6.158784032E-3,2.753448486E-2
3.535115514E1,-1.894080639E-2,-3.807395697E-3,1.801013947E-2
3.535915092E1,6.077289581E-4,1.766496897E-2,-8.284568787E-3
3.536714663E1,-1.340532303E-2,3.910410404E-2,1.329994202E-2
3.537517396E1,-2.030277252E-2,1.990436018E-2,3.008937836E-2
3.538316882E1,-3.907942772E-2,2.466276288E-2,3.793716431E-3
3.539116354E1,-5.328714848E-2,1.746815443E-2,2.775287628E-2
3.539916017E1,-3.899347782E-2,7.951110601E-3,6.126594543E-2
3.540715596E1,-4.661059380E-2,-2.790398896E-2,5.164241791E-2
3.541515228E1,-3.742408752E-2,-3.976993263E-2,3.962993622E-2
3.542317722E1,-1.165938377E-2,-2.294965088E-2,3.478050232E-2
3.543916803E1,1.815319061E-3,-2.050675452E-2,4.186630249E-2
3.544716374E1,-3.223180771E-3,8.205950260E-3,5.925178528E-3
3.545516037E1,8.698701859E-3,2.016434073E-2,2.267932892E-2
3.546315547E1,1.610326767E-2,-3.701999784E-3,5.945205688E-3
3.547115025E1,-7.555365562E-3,-1.187890768E-3,2.273941040E-2
3.547917727E1,-3.354918957E-2,1.270577312E-3,5.390262604E-2
3.548717306E1,-1.404273510E-2,6.183505058E-3,5.394363403E-2
3.549516877E1,-1.134204865E-2,3.909394145E-3,6.355857849E-2
3.550316379E1,-3.020191193E-2,-1.033221185E-2,4.204559326E-2
3.551115981E1,-3.979575634E-2,-1.023148000E-2,5.401611328E-2
3.551915490E1,-3.986740112E-2,-1.738293469E-2,2.048969269E-2
3.552715007E1,-4.726481438E-2,9.054228663E-3,1.807498932E-2
3.553517778E1,-3.551280499E-2,-1.004540920E-2,1.565742493E-2
3.554317249E1,-1.191580296E-2,-1.241977513E-2,2.280330658E-2
3.555116790E1,-1.464903355E-2,-1.003102958E-2,3.612518311E-3
3.555916368E1,6.660938263E-3,-4.730820656E-4,1.795101166E-2
3.556716001E1,-7.815241814E-3,-1.241469383E-2,2.512168884E-2
3.557515595E1,1.734852791E-3,-7.573902607E-3,3.709125519E-2
3.558315043E1,1.361107826E-2,4.421085119E-3,4.905223846E-2
3.559117630E1,-1.028442383E-2,1.160857081E-2,5.145168304E-2
3.559917262E1,-1.980280876E-2,-5.133613944E-3,5.145931244E-2
3.560716872E1,-1.956236362E-2,-3.912895918E-4,2.754116058E-2
3.561516473E1,-1.925003529E-2,-2.876400948E-3,3.715133667E-2
3.562315921E1,-7.004141808E-3,-1.737146080E-2,3.238964081E-2
3.563115454E1,-1.375067234E-2,-1.514090598E-2,1.806831360E-2
3.563915063E1,-1.814544201E-2,-7.839649916E-4,6.140708923E-3
3.564717673E1,-3.917813301E-2,1.838921010E-2,6.196975708E-3
3.565517398E1,-3.391993046E-2,-1.746413112E-2,2.779865265E-2
3.566316784E1,-3.835678101E-2,-1.255486906E-2,3.262901306E-2
3.567116324E1,-3.095686436E-2,-7.756263018E-3,3.744125366E-2
3.567915957E1,-4.292309284E-2,1.868396997E-3,3.744316101E-2
3.568715443E1,-4.052031040E-2,6.604373455E-3,4.223060608E-2
3.569515130E1,-1.913774014E-2,1.813441515E-3,2.305984497E-2
3.570317662E1,-2.410340309E-2,6.581574678E-3,2.303886414E-2
3.571117133E1,-1.944029331E-2,1.138605177E-2,2.302551270E-2
3.571916828E1,-9.946227074E-3,-5.332991481E-3,1.822948456E-2
3.572716376E1,-1.474237442E-2,6.698727608E-3,1.583480835E-2
3.573516008E1,-3.886222839E-4,9.175792336E-3,2.780723572E-2
3.574315510E1,-1.947951317E-2,-2.662113309E-2,3.260421753E-2
3.575115058E1,-2.171564102E-2,1.892547309E-2,3.501796722E-2
3.575917583E1,-3.832864761E-2,-5.004093051E-3,2.066802979E-2
3.576717269E1,-2.148282528E-2,-7.397785783E-3,3.025531769E-2
3.577516940E1,-2.147257328E-2,-4.934445024E-3,3.025722504E-2
3.578316357E1,-4.067647457E-2,-9.738057852E-3,3.982925415E-2
3.579115798E1,-2.172696590E-2,1.677538455E-2,3.023338318E-2
3.579915430E1,-1.961958408E-2,-1.183250546E-2,2.302265167E-2
3.580714948E1,-2.474856377E-2,-4.492789507E-3,1.819992065E-2
3.581517742E1,-8.338451385E-3,-4.398122430E-3,3.492259979E-2
3.582317105E1,-1.335453987E-2,-4.226490855E-3,4.208469391E-2
3.583116738E1,1.509582996E-2,-1.609407365E-2,2.769088745E-2
3.583916308E1,1.246333122E-2,1.029108465E-2,3.724288940E-2
3.584715933E1,-1.891493797E-3,1.983843744E-2,4.442596436E-2
3.585515481E1,1.745212078E-2,-4.196211696E-3,4.444408417E-2
3.586315045E1,-6.238460541E-3,5.857795477E-4,2.771282196E-2
3.587117539E1,-1.306450367E-2,-9.025201201E-3,2.535629272E-2
3.587917148E1,-2.236866951E-2,2.915084362E-3,1.102066040E-2
3.588716750E1,-2.439284325E-2,5.306944251E-3,2.063846588E-2
3.589516436E1,-2.407050133E-2,5.397185683E-3,2.546405792E-2
3.590315861E1,-4.061257839E-2,6.441026926E-4,3.746032715E-2
3.591115394E1,-2.123153210E-2,-1.607128978E-2,3.030395508E-2
3.591915004E1,-4.015922546E-2,7.032155991E-4,3.032875061E-2
3.592717590E1,-3.054952621E-2,-1.606824994E-2,1.836109161E-2
3.593517307E1,-2.106440067E-2,-8.830592036E-3,2.314090729E-2
3.594316724E1,-3.799462318E-2,3.203764558E-3,3.748893738E-2
3.595116242E1,-1.434755325E-2,-1.345005631E-2,2.548694611E-2
3.595915843E1,-3.614425659E-2,-6.196230650E-3,2.306747437E-2
3.596715445E1,-7.776975632E-3,-8.574068546E-3,3.499794006E-2
3.597515070E1,-3.181576729E-3,-1.810140908E-2,3.737354279E-2
3.598317572E1,2.546989918E-2,1.057370007E-2,2.539157867E-2
3.599117143E1,1.116478443E-2,-1.425236464E-3,6.243705750E-3
3.599916745E1,2.096891403E-2,1.052613556E-2,4.218196869E-2
3.600716339E1,-5.021452904E-3,-6.250262260E-3,2.067184448E-2
3.601515918E1,7.320880890E-3,-1.470357180E-3,3.268337250E-2
3.602315396E1,-4.228472710E-3,-1.581189036E-2,4.948902130E-2
3.603114898E1,-1.822400093E-2,1.110434532E-3,3.516864777E-2
3.603917577E1,-1.549410820E-2,3.598764539E-3,1.844978333E-2
3.604717178E1,-3.920805454E-2,1.323945820E-2,1.608085632E-2
3.605516819E1,-3.671336174E-2,-1.168504357E-3,3.763961792E-2
3.606316290E1,-2.729129791E-2,1.188129187E-3,4.719829559E-2
3.607115746E1,-3.707492352E-2,8.338034153E-3,3.759860992E-2
3.607915370E1,-3.008031845E-2,1.075021923E-2,2.800083160E-2
3.608714911E1,-3.993427753E-2,-1.550890505E-2,3.276062012E-2
3.609517682E1,-3.795850277E-2,-2.265913785E-2,3.750324249E-2
3.610317130E1,-3.127169609E-2,-8.239820600E-3,2.308559418E-2
3.611116670E1,-2.219104767E-2,-3.367647529E-3,1.824378967E-2
3.611916249E1,1.105308533E-3,-1.518964767E-2,1.817607880E-2
3.612715843E1,-1.906991005E-3,-6.355047226E-4,1.811218262E-2
3.613515483E1,-9.696841240E-3,-1.498013735E-2,2.522850037E-2
3.614314962E1,1.867055893E-3,-7.764205337E-3,2.279090881E-2
3.615117664E1,1.853811741E-2,-7.801532745E-3,3.475093842E-2
3.615917088E1,2.098774910E-2,-7.102042437E-4,2.517795563E-2
3.616716690E1,-1.239025593E-2,1.658946276E-3,5.152988434E-2
3.617516323E1,-2.898192406E-2,-2.459846437E-2,4.436683655E-2
3.618315855E1,-1.455843449E-2,-2.914458513E-3,5.155944824E-2
3.619115250E1,-1.452147961E-2,2.031549811E-3,4.199028015E-2
3.619914905E1,-2.441644669E-3,-7.295355201E-3,4.200744629E-2
3.620717522E1,-1.438677311E-2,2.102553844E-5,3.961944580E-2
3.621517193E1,-7.152557373E-6,-7.055327296E-3,1.328754425E-2
3.622316703E1,-4.712820053E-3,7.490724325E-3,8.513450623E-3
3.623116151E1,-2.221822739E-3,5.199760199E-3,3.737449646E-3
3.623915783E1,-1.875770092E-2,1.006868482E-2,1.094627380E-2
3.624715347E1,-4.002130032E-2,2.992123365E-3,2.055644989E-2
3.625518118E1,-2.775895596E-2,-1.613467932E-3,1.819896698E-2
3.626317535E1,-3.479361534E-2,-4.041627049E-3,3.257942200E-2
3.627117022E1,-2.985084057E-2,-8.767545223E-3,2.302169800E-2
3.627916646E1,3.710031509E-3,-3.974243999E-3,4.217910767E-2
3.628716194E1,-5.898714066E-3,-2.313125134E-2,3.738689423E-2
3.629515919E1,-2.506530285E-2,-1.124598086E-2,3.020095825E-2
3.630315390E1,-1.784479618E-2,-8.797615767E-3,2.541828156E-2
3.631114877E1,-8.204579353E-3,1.523613930E-2,3.500366211E-2
3.631917548E1,-2.728784084E-2,9.139478207E-4,3.740692139E-2
3.632717088E1,-1.995837688E-2,-3.734156489E-3,3.981971741E-2
3.633516697E1,-7.767200470E-3,-6.074026227E-3,2.787494659E-2
3.634316238E1,-2.702474594E-3,-1.318360865E-2,2.551269531E-2
3.635115709E1,1.091957092E-4,-6.052210927E-3,3.513431549E-2
3.635915280E1,-1.873242855E-2,-3.600880504E-3,2.080440521E-2
3.636714943E1,-8.821368217E-3,-1.150518656E-3,2.084350586E-2
3.637517630E1,1.170039177E-3,1.368612051E-3,2.567958832E-2
3.638317101E1,-2.477192879E-2,-1.765859127E-2,2.812099457E-2
3.639116648E1,-2.675199509E-2,-7.112920284E-4,1.620006561E-2
3.639916243E1,-2.383863926E-2,-1.008971035E-2,9.078979492E-3
3.640715752E1,2.857446671E-3,-2.813085914E-3,2.827548981E-2
3.641515485E1,5.660533905E-3,-2.706795931E-4,2.832317352E-2
3.642317948E1,1.322507858E-2,-2.161711454E-4,1.400184631E-2
3.643117427E1,6.589412689E-3,1.173084974E-2,1.645469666E-2
3.643917144E1,-1.447284222E-2,2.143719792E-2,2.848339081E-2
3.644716630E1,-3.553462029E-2,7.021605968E-3,1.417064667E-2
3.645516325E1,-2.085161209E-2,4.588752985E-3,2.378177643E-2
3.646315734E1,-3.507089615E-2,-2.553626895E-3,3.337574005E-2
3.647115220E1,-1.101148129E-2,-1.913987100E-2,3.818130493E-2
3.647917961E1,-2.769184113E-2,-2.147230506E-2,4.537391663E-2
3.648717470E1,-3.599882126E-3,-2.851095796E-2,3.821086884E-2
3.649517126E1,-1.782083511E-2,-1.653520763E-2,1.428508759E-2
3.650316612E1,6.193518639E-3,-6.992369890E-3,1.908016205E-2
3.651116122E1,-1.274752617E-2,1.461242139E-2,2.389431000E-2
3.651915685E1,-7.709622383E-3,-2.048015594E-3,4.771232605E-3
3.652715379E1,2.198696136E-3,1.246821880E-2,7.205009460E-3
3.653517996E1,-1.168847084E-2,7.514506578E-4,2.162837982E-2
3.654317414E1,-2.089619637E-2,1.777279377E-2,3.843498230E-2
3.655116992E1,-3.236889839E-2,-1.313355565E-2,4.567813873E-2
3.655916587E1,-4.393792152E-2,1.576665044E-2,4.093837738E-2
3.656716158E1,-3.646886349E-2,8.693858981E-3,4.576110840E-2
3.657515852E1,-2.918434143E-2,-7.958918810E-3,3.140926361E-2
3.658315277E1,-3.182911873E-2,-1.265285909E-2,3.377914429E-2
3.659117894E1,-8.262991905E-3,-2.972230315E-3,2.176856995E-2
3.659917465E1,-1.347053051E-2,1.634651423E-2,1.693725586E-2
3.660717036E1,-1.863455772E-2,9.355321527E-3,1.211166382E-2
3.661516668E1,9.738445282E-3,-2.394527197E-3,7.288932800E-3
3.662316116E1,4.554629326E-3,-1.415166259E-2,5.034542084E-2
3.663115741E1,4.351973534E-3,-9.192839265E-3,3.356838226E-2
3.663915258E1,1.639366150E-2,-9.117707610E-3,4.794311523E-2
3.664717899E1,2.849483490E-2,4.761964083E-4,4.316902161E-2
3.665517562E1,2.889883518E-2,5.291372538E-3,4.321479797E-2
3.666317048E1,7.969617844E-3,2.433231473E-2,4.328060150E-2
3.667116520E1,-5.536913872E-3,-4.419386387E-3,1.464557648E-2
3.667916121E1,-1.421558857E-2,9.996175766E-3,-1.159095764E-2
3.668715662E1,-2.787876129E-2,1.016411185E-2,1.961612701E-2
3.669515302E1,-3.198766708E-2,7.224678993E-4,1.969528198E-2
3.670317827E1,-4.347896576E-2,-6.261497736E-3,3.651142120E-2
3.671117452E1,-2.156054974E-2,1.076519489E-3,2.697944641E-2
3.671917000E1,-2.614653111E-2,1.078699529E-2,2.700519562E-2
3.672716571E1,-2.850258350E-2,-1.784381270E-2,3.419589996E-2
3.673516234E1,-3.087723255E-2,6.257236004E-3,2.701854706E-2
3.674315674E1,-9.370446205E-3,1.354582608E-2,1.983356476E-2
3.675115184E1,-4.701018333E-3,-7.627606392E-4,2.700424194E-2
3.675917893E1,-4.811525345E-3,1.129801571E-2,1.981163025E-2
3.676717403E1,9.410023689E-3,1.138663292E-2,1.979827881E-2
3.677517066E1,6.992459297E-3,-2.815425396E-3,2.458763123E-2
3.678316576E1,2.274632454E-3,1.642532647E-2,1.502132416E-2
3.679116154E1,-4.730343819E-3,2.135019004E-2,1.983261108E-2
3.679915687E1,-9.198546410E-3,-1.433287561E-2,2.466201782E-2
3.680715266E1,-2.330303192E-2,-6.953805685E-3,3.666687012E-2
3.681517944E1,-1.585972309E-2,-1.640665531E-2,4.148674011E-2
3.682317423E1,-2.768826485E-2,5.311146379E-3,6.305503845E-2
3.683116986E1,-3.231012821E-2,5.333289504E-3,2.716064453E-2
3.683916565E1,-2.265822887E-2,-1.816213131E-3,1.519870758E-2
3.684716098E1,-1.792585850E-2,7.812857628E-3,3.913593292E-2
3.685515761E1,-8.417129517E-3,-1.712009311E-3,2.237033844E-2
3.686315271E1,-3.651618958E-3,7.565915585E-4,1.997566223E-2
3.687117857E1,-1.086854935E-2,1.046384871E-2,1.758003235E-2
3.687917397E1,-2.047598362E-2,1.068368554E-3,2.955245972E-2
3.688716999E1,-1.809859276E-2,-1.257523894E-3,4.391765594E-2
3.689516639E1,-3.006052971E-2,-1.549245417E-2,2.955627441E-2
3.690316118E1,-1.093935966E-2,1.421719790E-3,3.434467316E-2
3.691115589E1,5.974650383E-3,-7.941424847E-3,3.436756134E-2
3.691317128E1,-1.207947731E-3,1.635387540E-3,2.718448639E-2
3.691515505E1,-5.996346474E-3,1.635387540E-3,2.479076385E-2
3.691716914E1,1.555144787E-2,8.817985654E-3,3.197288513E-2
3.691915191E1,-5.996346474E-3,8.817985654E-3,2.239608765E-2
3.692717816E1,-1.785778999E-2,2.089758217E-2,2.480506897E-2
3.693517479E1,-3.935015202E-2,2.097454667E-2,8.053779602E-3
3.694316989E1,-3.455317020E-2,9.035825729E-3,2.002620697E-2
3.695116552E1,-2.979242802E-2,-4.579275846E-4,2.960300446E-2
3.695916092E1,-2.516782284E-2,-9.886458516E-3,4.155826569E-2
3.696715602E1,-2.783024311E-2,2.192080021E-3,2.477169037E-2
3.697515357E1,-2.108466625E-2,7.044076920E-3,3.669548035E-2
3.698317767E1,-2.207279205E-3,-9.610131383E-3,2.469635010E-2
3.699117330E1,1.181924343E-2,-4.719793797E-3,2.705478668E-2
3.699916994E1,2.837800980E-2,-7.182493806E-3,4.379081726E-2
3.700716534E1,4.519963264E-2,-1.212519407E-2,2.224540710E-2
3.701516197E1,1.904487610E-2,-2.560973167E-3,4.141902924E-2
3.702315714E1,5.025625229E-3,-7.365122437E-3,7.939338684E-3
3.703115185E1,3.143191338E-3,1.650573313E-2,5.599975586E-3
3.703917780E1,1.273393631E-3,1.422744989E-2,1.763153076E-2
3.704717350E1,-7.716894150E-3,9.422913194E-3,3.924560547E-2
3.705517037E1,-9.524106979E-3,-7.354855537E-3,3.452205658E-2
3.706316516E1,-3.063881397E-2,4.600256681E-3,2.978038788E-2
3.707116002E1,-2.549088001E-2,-2.414238453E-2,2.263832092E-2
3.707915627E1,-3.488671780E-2,-9.824827313E-3,3.223323822E-2
3.708715206E1,-1.337301731E-2,2.603247762E-2,8.286476135E-3
3.709517854E1,-2.074527740E-2,-2.783834934E-3,3.938865662E-2
3.710317386E1,-2.342224121E-2,1.866428554E-2,1.780605316E-2
3.711116957E1,-3.577399254E-2,1.856133342E-3,2.973365784E-2
3.711916467E1,-1.707708836E-2,4.285857081E-3,1.053047180E-2
3.712716069E1,-3.182089329E-2,9.054854512E-3,3.305435181E-3
3.713515763E1,-1.072907448E-2,-2.866759896E-3,2.001476288E-2
3.714315249E1,-1.124703884E-2,-5.207255483E-3,2.235317230E-2
3.715117766E1,-1.663267612E-2,-1.225863397E-2,3.665447235E-2
3.715917399E1,-1.500332355E-2,-2.584517002E-3,2.699470520E-2
3.716716947E1,1.131415367E-3,-4.860743880E-3,3.889942169E-2
3.717516602E1,5.387425423E-3,-2.157136798E-2,3.644657135E-2
3.718316020E1,1.466655731E-2,-4.977390170E-3,2.922821045E-2
3.719115537E1,2.672910690E-3,-9.885907173E-3,7.674217224E-3
3.719915108E1,7.628560066E-3,1.157422364E-2,2.923870087E-2
3.720717779E1,-1.697421074E-3,-1.001326740E-2,3.165912628E-2
3.721517473E1,-3.476345539E-2,1.149572432E-2,4.368019104E-2
3.722316898E1,-3.923749924E-2,-4.498511553E-4,6.047439575E-2
3.723116346E1,-1.982891560E-2,-3.381073475E-4,4.374694824E-2
3.723916040E1,-2.459895611E-2,1.649899781E-2,4.614448547E-2
3.724715634E1,-1.743662357E-2,7.022485137E-3,4.135608673E-2
3.725515213E1,1.529455185E-3,1.177561283E-2,3.026962280E-3
3.726317761E1,-2.497005463E-2,1.418595016E-2,2.455711365E-2
3.727117309E1,1.165032387E-3,2.376866341E-2,2.214050293E-2
3.727916911E1,-1.825404167E-2,9.335801005E-3,2.689838409E-2
3.728716420E1,-1.368939877E-2,-5.082204938E-3,2.208328247E-2
3.729516114E1,-2.836763859E-2,4.448398948E-3,2.204799652E-2
3.730315501E1,-2.622008324E-2,1.987233758E-3,1.962471008E-2
3.731115033E1,-1.925134659E-2,1.800715923E-3,2.199077606E-2
3.731917720E1,-3.540515900E-4,-7.883489132E-3,1.477718353E-2
3.732717314E1,-1.015841961E-2,1.559376717E-3,3.390216827E-2
3.733516946E1,-2.235412598E-2,6.282016635E-3,2.669334412E-2
3.734316433E1,-2.011001110E-2,-5.887791514E-3,2.906608582E-2
3.735115996E1,3.682494164E-3,-3.487721086E-3,2.426147461E-2
3.735915544E1,-1.317143440E-3,-8.385300636E-3,4.338932037E-2
3.736715177E1,-1.411914825E-3,1.069799066E-2,2.422332764E-2
3.737517878E1,3.318071365E-3,5.939975381E-3,4.815959930E-2
3.738317234E1,-8.615851402E-3,1.543471217E-2,3.858470917E-2
3.739116805E1,-3.576278687E-3,1.308178902E-2,4.579544067E-2
3.739916446E1,-1.301991940E-2,1.059310138E-2,2.426052094E-2
3.740716078E1,-7.717609406E-4,-2.295376360E-2,2.429103851E-2
3.741515611E1,4.268884659E-3,-1.339939237E-2,2.910614014E-2
3.742318197E1,-7.377743721E-3,-3.019735217E-2,2.195930481E-2
3.743117706E1,-1.668822765E-2,-2.311770618E-2,1.480388641E-2
3.743917308E1,-1.401412487E-2,-8.831441402E-3,4.673004150E-4
3.744716887E1,5.443215370E-3,1.497279108E-2,1.965141296E-2
3.745516543E1,-2.292644978E-2,2.907663584E-3,1.490116119E-2
3.746315991E1,-4.666221142E-2,7.530942559E-3,1.731395721E-2
3.747115469E1,-2.970695496E-2,2.643868327E-3,2.691078186E-2
3.747918148E1,-4.656088352E-2,7.356226444E-3,2.929306030E-2
3.748717727E1,-3.017020226E-2,-1.184865832E-2,2.685546875E-2
3.749517359E1,-2.825748920E-2,-1.172636449E-2,3.398799896E-2
3.750316807E1,-3.118574619E-2,-1.417280734E-2,4.350376129E-2
3.751116378E1,-2.467024326E-2,-7.072389126E-3,4.342842102E-2
3.751915949E1,1.784348488E-2,-1.199196279E-2,2.660083771E-2
3.752715551E1,2.942132950E-2,-7.337585092E-3,3.613090515E-2
3.753518253E1,2.927005291E-2,2.364182472E-2,2.174472809E-2
3.754317670E1,2.460289001E-2,1.643465459E-2,9.787559509E-3
3.755117180E1,1.297914982E-2,2.216324210E-3,9.829521179E-3
3.755916782E1,2.067768574E-2,9.613081813E-3,2.425670624E-2
3.756716391E1,9.453415871E-3,-3.090222180E-2,4.828643799E-2
3.757516024E1,5.738854408E-3,-3.077322245E-2,5.319690704E-2
3.758315464E1,1.659011841E-2,-1.871754229E-2,5.812931061E-2
3.759118112E1,5.780220032E-3,-4.514850676E-2,3.431415558E-2
3.759917660E1,-1.611709595E-4,-2.161666751E-3,2.008438110E-2
3.760717262E1,-1.092863083E-2,-1.062750816E-4,1.781654358E-2
3.761516917E1,4.712700844E-3,6.625995040E-3,-3.599166870E-3
3.762316365E1,3.489971161E-3,2.043795586E-2,-8.269309998E-3
3.763115913E1,-2.647721767E-2,1.989813149E-2,-1.772975922E-2
3.763915484E1,-3.007197380E-2,3.380480409E-2,-5.636215210E-3
3.764718094E1,-2.169585228E-2,1.439528167E-2,2.561759949E-2
3.765517826E1,-1.340210438E-2,2.361059189E-3,4.010581970E-2
3.766317205E1,-2.678382397E-2,2.168835700E-2,4.740333557E-2
3.767116838E1,-3.766512871E-2,7.512599230E-3,7.865428925E-2
3.767916409E1,-2.472019196E-2,1.023370028E-2,8.595466614E-2
3.768715864E1,-4.066133499E-2,-3.917932510E-3,7.168769836E-2
3.769515589E1,-3.752410412E-2,-3.845348954E-3,5.740642548E-2
3.770318045E1,-2.480053902E-2,2.495430410E-2,2.397441864E-2
3.771117585E1,-7.115364075E-3,9.456127882E-4,-1.422977448E-2
3.771917225E1,-2.053201199E-2,1.519753039E-2,-1.173019409E-2
3.772716850E1,-1.944339275E-2,-8.925095201E-3,-2.597618103E-2
3.773516452E1,-4.937374592E-2,1.004253328E-2,-1.866340637E-2
3.774315900E1,-5.538392067E-2,2.666810155E-2,3.014564514E-3
3.775115479E1,-6.880855560E-2,2.403479815E-2,3.902912140E-2
3.775918158E1,-7.053101063E-2,1.442512870E-2,5.586433411E-2
3.776717667E1,-5.594849586E-2,1.697364450E-2,9.898853302E-2
3.777517323E1,-5.381870270E-2,7.841721177E-3,1.037569046E-1
3.778316801E1,-3.521728516E-2,-3.645166755E-3,1.228590012E-1
3.779116311E1,9.491801262E-3,-5.423367023E-3,1.036319733E-1
3.779915913E1,3.754353523E-2,-9.520143270E-3,7.723522186E-2
3.780715545E1,5.136573315E-2,-2.085456252E-2,3.409194946E-2
3.781518193E1,5.356061459E-2,-8.301123977E-3,-4.223823547E-3
3.782317580E1,4.667687416E-2,1.779288054E-3,-3.051280975E-2
3.783117182E1,2.108073235E-2,1.663041115E-2,-5.196571350E-2
3.783916760E1,3.639829159E-2,1.219314337E-2,-3.987789154E-2
3.784716331E1,1.855790615E-2,7.800593972E-3,-2.535438538E-2
3.785516018E1,-3.029108047E-2,5.613267422E-3,-2.039813995E-2
3.786315473E1,-4.327189922E-2,9.461194277E-4,-3.478050232E-3
3.787118021E1,-6.846153736E-2,1.056671143E-3,1.341438293E-2
3.787917631E1,-1.059621572E-1,-6.060570478E-3,3.026771545E-2
3.788717263E1,-1.032931805E-1,-1.798070967E-2,2.311801910E-2
3.789516888E1,-1.324502230E-1,-1.550839841E-2,5.659008026E-2
3.790316344E1,-1.191161871E-1,-1.057150960E-2,3.732204437E-2
3.791115884E1,-1.111723185E-1,3.278069198E-2,2.995967865E-2
3.791915517E1,-6.559133530E-2,9.453475475E-3,3.928852081E-2
3.792718003E1,-4.246580601E-2,-1.591064036E-2,1.979541779E-2
3.793517728E1,3.027999401E-2,-3.859148920E-2,1.220512390E-2
3.794317184E1,9.078061581E-2,-3.226515651E-2,2.199172974E-3
3.795116655E1,1.565687060E-1,-1.144495606E-2,-1.253414154E-2
3.795916349E1,2.163454294E-1,-4.334902763E-2,-7.982254028E-3
3.796715889E1,2.583568096E-1,-3.700336814E-2,2.066612244E-2
3.797515553E1,2.919176221E-1,-6.182159483E-2,6.344795227E-3
3.798318054E1,2.810135484E-1,-2.236345410E-2,3.043460846E-2
3.799117625E1,2.734606862E-1,-3.343972564E-2,4.744243622E-2
3.799917189E1,2.337933779E-1,-3.560557961E-2,8.374691010E-2
3.800716760E1,1.717900634E-1,-3.604497015E-2,9.387969971E-2
3.801516392E1,3.053820133E-2,3.399103880E-3,7.072162628E-2
3.802315840E1,-9.434080124E-2,6.432414055E-3,3.820800781E-2
3.803115357E1,-2.629761696E-1,4.750744998E-2,3.504753113E-3
3.803918028E1,-3.789542913E-1,8.395163715E-2,-6.008148193E-5
3.804717599E1,-4.249676466E-1,9.221011400E-2,-1.423835754E-3
3.805517294E1,-4.797575474E-1,9.126240015E-2,3.774261475E-2
3.806316688E1,-4.997982979E-1,7.124112546E-2,6.959533691E-2
3.807116313E1,-5.106309652E-1,4.652145505E-2,1.157751083E-1
3.807915822E1,-4.718673229E-1,1.708346605E-2,9.962940216E-2
3.808715362E1,-3.722816706E-1,-1.228940487E-2,9.528636932E-2
3.809518103E1,-2.631969452E-1,3.876522183E-3,2.600288391E-2
3.810317651E1,-1.521074772E-1,1.542544365E-2,-2.685451508E-2
3.811117091E1,-5.684852600E-3,1.509720087E-2,-7.288455963E-2
3.811916793E1,1.021564007E-1,1.238100231E-2,-7.374286652E-2
3.812716302E1,1.817846298E-1,-4.685878754E-3,-4.848098755E-2
3.813515896E1,2.250053287E-1,-2.550795674E-3,-4.721164703E-2
3.814315444E1,2.373413444E-1,-5.185186863E-3,1.980781555E-3
3.815117992E1,2.046595216E-1,-4.840184748E-2,4.166126251E-2
3.815917563E1,1.727169156E-1,-6.019198895E-2,5.510711670E-2
3.816717080E1,1.319898367E-1,-4.310202599E-2,9.738445282E-2
3.817516798E1,1.662532687E-1,-5.676831305E-2,9.666824341E-2
3.818316246E1,2.086257339E-1,-2.715423703E-2,6.493949890E-2
3.819115763E1,2.352402210E-1,-4.529671371E-2,5.008983612E-2
3.819918403E1,2.506796122E-1,-2.993962169E-2,5.687808990E-2
3.820717982E1,1.881201863E-1,8.789345622E-3,5.419254303E-2
3.821517637E1,1.195642948E-1,3.694489598E-3,5.640792847E-2
3.822317093E1,1.095950603E-1,1.244176924E-2,4.437351227E-2
3.823116695E1,6.213915348E-2,2.100658417E-2,4.918479919E-2
3.823916258E1,-1.817941666E-2,2.957361937E-2,5.885887146E-2
3.824715837E1,-8.147108555E-2,4.316565394E-2,6.377983093E-2
3.825518547E1,-1.138525009E-1,8.109183609E-2,7.108116150E-2
3.826317964E1,-1.015113592E-1,9.078150988E-2,8.549118042E-2
3.827117504E1,-6.876027584E-2,6.248441339E-2,9.738540649E-2
3.827917129E1,-2.252233028E-2,3.914250433E-2,7.806205750E-2
3.828716669E1,1.370120049E-2,-4.643943906E-2,4.193019867E-2
3.829516309E1,5.467796326E-2,-8.187857270E-2,2.015781403E-2
3.830315850E1,8.639132977E-2,-7.937660813E-2,-1.116561890E-2
3.831118405E1,9.242463112E-2,-1.105773002E-1,-2.805423737E-2
3.831917976E1,9.203743935E-2,-7.235814631E-2,-2.570629120E-2
3.832717486E1,9.015750885E-2,-5.323509872E-2,3.080368042E-3
3.833517241E1,5.100595951E-2,-2.685078979E-2,3.916835785E-2
3.834316682E1,4.825663567E-2,-1.014320552E-2,6.573009491E-2
3.835116160E1,2.771258354E-3,2.321493626E-2,7.796573639E-2
3.835915824E1,-2.147114277E-2,4.216696322E-2,7.580089569E-2
3.836718441E1,-6.293261051E-2,3.955927491E-2,7.119083405E-2
3.837518043E1,-1.124361753E-1,8.365020156E-3,5.451583862E-2
3.838317552E1,-1.005332470E-1,1.088047028E-2,3.775119781E-2
3.839117093E1,-1.039137840E-1,-1.998314261E-2,6.523132324E-3
3.839916602E1,-1.029990911E-1,-3.879095614E-2,-1.278781891E-2
3.840716204E1,-8.598244190E-2,-2.866807580E-2,-7.286930084E-2
3.841515836E1,-4.706621170E-3,-4.938006401E-2,-5.876541138E-2
3.842318369E1,5.219614506E-2,-4.111680388E-2,-8.061504364E-2
3.843117909E1,1.211464405E-1,-6.382250786E-2,-5.217361450E-2
3.843917542E1,1.812235713E-1,-6.037242711E-2,-4.041862488E-2
3.844717113E1,2.209489346E-1,-4.029196501E-2,-1.656150818E-2
3.845516776E1,2.117522955E-1,-1.782087982E-2,2.181148529E-2
3.846316278E1,1.704546809E-1,2.849976718E-2,6.991672516E-2
3.847115703E1,1.013652086E-1,3.891554475E-2,1.157302856E-1
3.847918382E1,1.136255264E-2,6.337122619E-2,1.280899048E-1
3.848717922E1,-8.559560776E-2,5.393406749E-2,1.141309738E-1
3.849517647E1,-1.757402420E-1,5.864621699E-2,9.294223785E-2
3.850317064E1,-2.168135643E-1,1.749645174E-2,5.485057831E-2
3.851116512E1,-2.114744186E-1,-3.816273808E-2,-9.746551514E-3
3.851916198E1,-1.812741756E-1,-6.991264224E-2,-3.141307831E-2
3.852715831E1,-1.681947708E-1,-8.009164035E-2,-4.833316803E-2
3.853518487E1,-1.650065184E-1,-8.501705527E-2,-6.288051605E-2
3.854317927E1,-1.215932369E-1,-7.005786896E-2,-4.633808136E-2
3.855117467E1,-6.680572033E-2,-4.726697505E-2,8.460044861E-3
3.855917069E1,4.922914505E-2,-1.902674139E-2,8.471393585E-2
3.856716586E1,1.453813910E-1,-5.761453509E-2,1.393451691E-1
3.857516273E1,2.368899584E-1,-6.494367123E-2,1.844224930E-1
3.858315728E1,2.408126593E-1,-1.268306375E-2,1.936912537E-1
3.859118307E1,2.388105392E-1,5.816407502E-2,1.480188370E-1
3.859917916E1,2.378005981E-1,9.970071912E-2,9.286308289E-2
3.860717511E1,1.724426150E-1,1.120862216E-1,2.815151215E-2
3.861517143E1,2.398824692E-2,1.432959139E-1,4.210472107E-3
3.862316630E1,-9.059453011E-2,1.218955964E-1,-3.884410858E-2
3.863116170E1,-2.030713558E-1,6.975179911E-2,-5.797863007E-2
3.863915741E1,-2.755626440E-1,4.886117578E-2,-6.042861938E-2
3.864718327E1,-2.962957621E-1,6.310582161E-3,-4.382705688E-2
3.865518075E1,-2.604858875E-1,2.008706331E-3,-2.972126007E-2
3.866317400E1,-2.277127504E-1,-1.174509525E-4,-2.766323090E-2
3.867116979E1,-1.716428995E-1,3.342024982E-2,-4.004478455E-2
3.867916604E1,-1.403380632E-1,4.759082198E-2,-2.857780457E-2
3.868716121E1,-8.845710754E-2,5.460105836E-2,2.827835083E-2
3.869515846E1,4.489421844E-4,-9.940981865E-3,3.951740265E-2
3.870116855E1,5.192077160E-2,-5.006778240E-2,5.061340332E-2
3.870318271E1,8.543962240E-2,-5.006778240E-2,6.497955322E-2
3.871117942E1,1.170263886E-1,-5.144891143E-2,8.320045471E-2
3.871917451E1,1.748846769E-1,-6.696799397E-2,9.185314178E-2
3.872716992E1,1.971969008E-1,-1.039050817E-1,1.077365875E-1
3.873516709E1,2.278278470E-1,-1.240524054E-1,9.741020203E-2
3.874316126E1,2.645093799E-1,-1.202495992E-1,9.679603577E-2
3.875115705E1,2.692693472E-1,-5.920821428E-2,3.887939453E-2
3.875918314E1,2.468580604E-1,6.203263998E-3,-1.410007477E-2
3.876717924E1,1.945964098E-1,7.592168450E-2,-2.386856079E-2
3.877517549E1,1.364781260E-1,9.016922116E-2,-5.506324768E-2
3.878317027E1,8.410573006E-2,6.121154130E-2,-7.658672333E-2
3.879116544E1,1.331102848E-2,1.569369435E-2,-2.141761780E-2
3.879916077E1,-3.277105093E-2,-3.284335136E-3,3.144073486E-2
3.880715710E1,-8.792620897E-2,-3.634959459E-2,9.872436523E-2
3.881518450E1,-1.217387915E-1,-4.539620876E-2,1.252870560E-1
3.882317844E1,-1.636267900E-1,-6.388521194E-2,1.565523148E-1
3.883117438E1,-1.708456278E-1,-6.307825446E-2,1.445999146E-1
3.883916986E1,-1.314159036E-1,-9.323263168E-2,1.157674789E-1
3.884716588E1,-7.358843088E-2,-9.459415078E-2,4.376506805E-2
3.885516244E1,-4.643678665E-3,-4.818862677E-2,4.043579102E-4
3.886315668E1,5.724841356E-2,-6.954610348E-3,-4.774093628E-2
3.887118309E1,1.078420281E-1,1.714754105E-2,-6.231021881E-2
3.887917826E1,1.549434662E-1,3.884373605E-2,-3.844261169E-2
3.888717482E1,1.721807122E-1,1.782795787E-2,-2.640914917E-2
3.889517122E1,1.280506253E-1,-2.401110530E-2,3.361797333E-2
3.890316593E1,1.181226969E-1,-4.845294356E-2,8.654880524E-2
3.891116072E1,1.064665914E-1,-1.010905206E-1,1.635055542E-1
3.891915643E1,1.049712300E-1,-9.367802739E-2,1.663084030E-1
3.892718352E1,1.110783815E-1,-6.724137068E-2,1.547851562E-1
3.893517869E1,8.878427744E-2,-7.719963789E-3,1.265258789E-1
3.894317371E1,1.175498962E-2,2.000477910E-2,6.715965271E-2
3.895117011E1,-5.547487736E-2,7.085007429E-2,6.093978882E-4
3.895916490E1,-1.327419281E-1,1.019740105E-1,-8.515548706E-2
3.897515817E1,-2.619456053E-1,1.322438717E-1,-1.780500412E-1
3.898318280E1,-2.563186884E-1,1.384242773E-1,-1.492624283E-1
3.899117782E1,-2.392449379E-1,1.035804152E-1,-1.013841629E-1
3.899917391E1,-1.751883030E-1,5.213357508E-2,-4.401874542E-2
3.900717016E1,-9.766983986E-2,4.175412655E-2,3.481101990E-2
3.901516595E1,-1.386713982E-2,8.105337620E-4,1.111726761E-1
3.902316066E1,7.613629103E-2,-3.458109498E-2,1.802711487E-1
3.903115699E1,1.752063632E-1,-5.977526307E-2,2.158184052E-1
3.903918324E1,2.101395726E-1,-9.204354882E-2,2.083253860E-1
3.904717795E1,2.102923393E-1,-6.238499284E-2,1.746053696E-1
3.905517489E1,1.728623509E-1,-7.375749946E-2,1.122198105E-1
3.906316937E1,1.001516581E-1,-3.529688716E-2,1.636505127E-2
3.907116454E1,3.070068359E-2,1.721131802E-2,-8.898639679E-2
3.907916110E1,2.944707870E-3,4.310905933E-2,-1.487550735E-1
3.908715619E1,-5.064141750E-2,2.830335498E-2,-1.773471832E-1
3.909518398E1,-7.784068584E-2,2.816843987E-2,-1.388883591E-1
3.910317838E1,-1.437367201E-1,1.840710640E-3,-7.173347473E-2
3.911117409E1,-1.769178510E-1,-2.431347966E-2,1.210403442E-2
3.911916957E1,-1.536570191E-1,-3.840234876E-2,7.429218292E-2
3.912716466E1,-1.098309159E-1,-4.757750034E-2,1.531419754E-1
3.913516161E1,-4.329419136E-2,-5.191013217E-2,1.911678314E-1
3.914315632E1,5.399107933E-3,-2.511596680E-2,1.692285538E-1
3.915118164E1,2.726495266E-2,-2.700281143E-2,1.256952286E-1
3.915917789E1,7.310312986E-2,-1.946827769E-2,7.498073578E-2
3.916717360E1,1.217072010E-1,-1.210191846E-2,9.934425354E-3
3.917516993E1,1.638445854E-1,1.680868864E-2,-3.349113464E-2
3.918316471E1,1.759200692E-1,2.905687690E-2,-7.920074463E-2
3.919116012E1,1.771810055E-1,1.504418254E-2,-6.493854523E-2
3.919915590E1,1.555956602E-1,1.315024495E-2,-2.901363373E-2
3.920718231E1,1.251255870E-1,-3.184139729E-2,-2.031326294E-4
3.921517894E1,5.707740784E-2,-4.113820195E-2,3.824996948E-2
3.922317404E1,6.472766399E-3,-8.176550269E-2,6.718921661E-2
3.923116859E1,-6.522804499E-2,-2.465867996E-2,7.221794128E-2
3.923916484E1,-9.643882513E-2,-1.342254877E-2,6.045722961E-2
3.924715994E1,-1.305897832E-1,-2.338021994E-3,2.469444275E-2
3.925515634E1,-1.632497907E-1,4.128426313E-3,-1.576423645E-3
3.926318243E1,-1.393490434E-1,3.253880143E-2,1.277446747E-2
3.927117791E1,-8.250403404E-2,2.546122670E-2,4.384136200E-2
3.927917355E1,-4.770052433E-2,6.810307503E-3,5.332088470E-2
3.928716872E1,2.505344152E-2,-2.113887668E-2,1.082639694E-1
3.929516535E1,4.969859123E-2,-3.707835078E-2,1.105127335E-1
3.930316037E1,6.261157990E-2,-6.040859222E-2,9.841537476E-2
3.931115547E1,8.545553684E-2,-5.064019561E-2,7.915782928E-2
3.931918225E1,8.009326458E-2,-2.199339867E-2,3.600120544E-2
3.932717773E1,5.117166042E-2,1.529663801E-3,-9.519577026E-3
3.933517406E1,2.998191118E-2,4.423189163E-2,-5.498600006E-2
3.934316915E1,1.642751694E-2,3.910586238E-2,-7.167434692E-2
3.935116456E1,2.011913061E-2,1.509732008E-2,-3.802680969E-2
3.935916019E1,7.305860519E-3,1.044380665E-2,7.620811462E-3
3.936715528E1,6.676197052E-3,-1.567620039E-2,5.329513550E-2
3.937518300E1,-1.065832376E-2,-4.422923923E-2,8.460807800E-2
3.938317755E1,-6.666362286E-3,-6.110695004E-2,8.476543427E-2
3.939117295E1,1.552762389E-1,-9.217131138E-2,-3.053331375E-1
3.939916890E1,-1.037052870E0,4.738320708E-1,-2.471179962E-1
3.940716437E1,-7.494490147E-1,1.217719465E-1,-1.836175919E-1
3.941516070E1,-3.360831738E-1,-1.170006692E-1,-1.395998001E-1
3.942318587E1,3.209601045E-1,-1.317597628E-1,1.739606857E-1
3.943118197E1,6.332820654E-1,-1.225033402E-1,2.018756866E-1
3.943917729E1,4.757874608E-1,-5.331709981E-2,3.159370422E-1
3.944717370E1,2.237497568E-1,-1.422826648E-1,3.846359253E-1
3.945516964E1,1.500626802E-1,-2.103860974E-1,4.342861176E-1
3.946316381E1,1.613023281E-1,-1.382432878E-1,3.978309631E-1
3.947115929E1,2.634965777E-1,-6.474775076E-2,3.637380600E-1
3.947918631E1,2.430399656E-1,-1.826515794E-2,1.978931427E-1
3.948718179E1,1.682060361E-1,3.988012671E-2,5.365753174E-2
3.949517842E1,7.881927490E-2,7.130880654E-2,-1.191015244E-1
3.950317290E1,-3.393477201E-2,1.191437393E-1,-2.436962128E-1
3.951116861E1,1.374411583E-1,2.356082201E-3,-3.178358078E-1
3.951916370E1,9.248101711E-2,5.130565166E-2,-3.319549561E-1
3.952715972E1,-9.215933084E-2,6.001995504E-2,-2.357702255E-1
