"Time (s)","X (m/s^2)","Y (m/s^2)","Z (m/s^2)"
1.014416666E-3,-4.575684814E0,-3.318898315E0,7.987988892E0
1.100941667E-2,-4.605772247E0,-3.344195709E0,8.042924652E0
2.100441667E-2,-4.523892517E0,-3.244053955E0,8.123457184E0
3.099941667E-2,-4.350852356E0,-3.154390411E0,8.256231079E0
4.099441667E-2,-4.251758423E0,-3.169209595E0,8.340206451E0
5.098841667E-2,-4.200864258E0,-3.184477844E0,8.398734741E0
6.098341667E-2,-4.201313324E0,-3.166664886E0,8.437354431E0
7.097841667E-2,-4.223317566E0,-3.122806091E0,8.391549683E0
8.097341667E-2,-4.274810486E0,-3.134781189E0,8.305478668E0
9.096741667E-2,-4.339026947E0,-3.152444458E0,8.267457733E0
1.009624167E-1,-4.335883484E0,-3.185825043E0,8.266110535E0
1.109574167E-1,-4.336482239E0,-3.185825043E0,8.219707031E0
1.209524167E-1,-4.380490723E0,-3.159629517E0,8.216114502E0
1.309474167E-1,-4.408482513E0,-3.174598389E0,8.243208160E0
1.409414167E-1,-4.382885742E0,-3.194057922E0,8.250692596E0
1.509364167E-1,-4.366569672E0,-3.201242981E0,8.266409912E0
1.609314167E-1,-4.375251617E0,-3.207380219E0,8.265811157E0
1.709264167E-1,-4.364324341E0,-3.214565277E0,8.245004425E0
1.809204167E-1,-4.328399048E0,-3.180735626E0,8.216563568E0
1.909154167E-1,-4.314927063E0,-3.137774963E0,8.225095825E0
2.009104167E-1,-4.356241150E0,-3.125650177E0,8.346493378E0
2.109054167E-1,-4.272565155E0,-3.134481812E0,8.382119293E0
2.208994167E-1,-4.180207214E0,-3.166964264E0,8.383765869E0
2.308944167E-1,-4.181554413E0,-3.162473602E0,8.358917542E0
2.408894167E-1,-4.186643829E0,-3.156486053E0,8.347391510E0
2.508844167E-1,-4.254303131E0,-3.151845703E0,8.356522522E0
2.608794167E-1,-4.291725311E0,-3.157384186E0,8.340056763E0
2.708734167E-1,-4.271517334E0,-3.164868622E0,8.306975555E0
2.808684167E-1,-4.306694183E0,-3.170556793E0,8.238268433E0
2.908634167E-1,-4.337679749E0,-3.166365509E0,8.192613373E0
3.008584167E-1,-4.351002045E0,-3.198398895E0,8.167765045E0
3.108524167E-1,-4.357588348E0,-3.235671387E0,8.190667419E0
3.208474167E-1,-4.327051849E0,-3.256029053E0,8.180488586E0
3.308424167E-1,-4.279301147E0,-3.261118469E0,8.199049988E0
3.408374167E-1,-4.231101379E0,-3.239712982E0,8.252937927E0
3.508324167E-1,-4.156107330E0,-3.212469635E0,8.258326721E0
3.608264167E-1,-4.125720520E0,-3.187770996E0,8.234376526E0
3.708214167E-1,-4.139940948E0,-3.150498505E0,8.228239288E0
3.808164167E-1,-4.098477173E0,-3.070864105E0,8.253686371E0
3.908114167E-1,-4.124223633E0,-3.049458618E0,8.244555359E0
4.008054167E-1,-4.187991028E0,-3.063080292E0,8.221652985E0
4.108004167E-1,-4.285139008E0,-3.074456635E0,8.184081116E0
4.207954167E-1,-4.388723602E0,-3.103346558E0,8.197702789E0
4.307904167E-1,-4.471501465E0,-3.102448425E0,8.143665161E0
4.407844167E-1,-4.551435242E0,-3.109184418E0,8.034242706E0
4.507794167E-1,-4.697681122E0,-3.099454651E0,7.902516632E0
4.607744167E-1,-4.823419647E0,-3.061882782E0,7.832162933E0
4.707694167E-1,-4.939877472E0,-2.981949005E0,7.851772156E0
4.807644167E-1,-5.073549500E0,-2.963537292E0,7.931406555E0
4.907584167E-1,-5.190755768E0,-2.955903168E0,8.013435974E0
5.007534167E-1,-5.198689270E0,-2.907404022E0,8.013435974E0
5.107484167E-1,-5.191953278E0,-2.829116821E0,7.924820251E0
5.207434167E-1,-5.174290009E0,-2.747237091E0,7.834408264E0
5.307374167E-1,-5.141358490E0,-2.672392731E0,7.815098419E0
5.407324167E-1,-5.081333313E0,-2.648741913E0,7.797435150E0
5.507274167E-1,-5.000800781E0,-2.630928955E0,7.813002777E0
5.607224167E-1,-4.981640625E0,-2.605032806E0,7.942184143E0
5.707164167E-1,-5.009931793E0,-2.607427826E0,8.111033020E0
5.807114167E-1,-5.101840668E0,-2.647095337E0,8.166567535E0
5.907064167E-1,-5.212460632E0,-2.628983002E0,8.119864655E0
6.007014167E-1,-5.358556824E0,-2.622546387E0,7.987839203E0
6.106964167E-1,-5.479205933E0,-2.580483856E0,7.805668030E0
6.206904167E-1,-5.548811188E0,-2.515219574E0,7.679031372E0
6.306854167E-1,-5.587131500E0,-2.484383698E0,7.596852264E0
6.406804167E-1,-5.568719788E0,-2.469714203E0,7.612120514E0
6.506754167E-1,-5.561534729E0,-2.440225525E0,7.725584564E0
6.606694167E-1,-5.578150177E0,-2.415975952E0,7.885152740E0
6.706644167E-1,-5.540129242E0,-2.351310425E0,7.951913910E0
6.806594167E-1,-5.580694885E0,-2.283202057E0,7.938142548E0
6.906544167E-1,-5.623505859E0,-2.224075012E0,7.887697449E0
7.006494167E-1,-5.718857574E0,-2.169288940E0,7.825426941E0
7.106434167E-1,-5.836512909E0,-2.135908356E0,7.817194061E0
7.206384167E-1,-5.898184662E0,-2.094594269E0,7.814200287E0
7.306334167E-1,-6.016588440E0,-2.030078430E0,7.837102661E0
7.406284167E-1,-6.153553619E0,-2.023941193E0,7.767497406E0
7.506224167E-1,-6.172115021E0,-1.960622864E0,7.657925262E0
7.606174167E-1,-6.199508057E0,-1.920655975E0,7.646399231E0
7.706124167E-1,-6.199208679E0,-1.870061188E0,7.649243317E0
7.806074167E-1,-6.201304321E0,-1.857487335E0,7.699987793E0
7.906014167E-1,-6.180647278E0,-1.801803131E0,7.706424408E0
8.005964167E-1,-6.169420624E0,-1.736987915E0,7.718399506E0
8.105914167E-1,-6.178252258E0,-1.723366241E0,7.723638611E0
8.205864167E-1,-6.267167358E0,-1.768272858E0,7.748037872E0
8.305814167E-1,-6.242768097E0,-1.579515381E0,7.489375763E0
8.405754167E-1,-6.246809692E0,-1.540596313E0,7.486980743E0
8.505704167E-1,-6.294710083E0,-1.590592346E0,7.503296814E0
8.605654167E-1,-6.326444092E0,-1.643282776E0,7.510182495E0
8.705604167E-1,-6.325545959E0,-1.661395111E0,7.441625061E0
8.805544167E-1,-6.294710083E0,-1.643731842E0,7.490722961E0
8.905494167E-1,-6.694229279E0,-1.792672119E0,7.383695526E0
9.005444167E-1,-6.303990784E0,-1.488205261E0,7.419920197E0
9.105394167E-1,-6.090384979E0,-1.436862030E0,7.649093628E0
9.205344167E-1,-6.164630585E0,-1.578617249E0,7.696844330E0
9.305284167E-1,-6.049519958E0,-1.634600830E0,7.709118805E0
9.405234167E-1,-5.903723145E0,-1.613794098E0,7.683821411E0
9.505184167E-1,-5.936504974E0,-1.663939819E0,7.726033630E0
9.605134167E-1,-6.016139374E0,-1.686692505E0,7.738158417E0
9.705074167E-1,-5.948929138E0,-1.651216278E0,7.760911102E0
9.805024167E-1,-5.960604858E0,-1.592238922E0,7.780819702E0
9.904974167E-1,-6.142925720E0,-1.502575378E0,7.593708801E0
1.000492417E0,-6.331383820E0,-1.491049347E0,7.478448486E0
1.010486417E0,-6.423741760E0,-1.426533508E0,7.386689301E0
1.020481417E0,-6.547983398E0,-1.373094635E0,7.273674316E0
1.030476417E0,-6.467899933E0,-1.344204712E0,7.304809570E0
1.040471417E0,-6.277795258E0,-1.381177826E0,7.404352570E0
1.050465417E0,-6.120622101E0,-1.458866272E0,7.473059692E0
1.060460417E0,-6.014492798E0,-1.502425690E0,7.483537903E0
1.070455417E0,-6.015241241E0,-1.479223938E0,7.585924988E0
1.080450417E0,-6.017187195E0,-1.426533508E0,7.577841797E0
1.090445417E0,-6.023324432E0,-1.391805725E0,7.596403198E0
1.100439417E0,-5.997577972E0,-1.376387787E0,7.690707092E0
1.110434417E0,-5.947731628E0,-1.377585297E0,7.750732269E0
1.120429417E0,-5.929469604E0,-1.413061523E0,7.679480438E0
1.130424417E0,-6.061345367E0,-1.315015411E0,7.490872650E0
1.140418417E0,-6.173013153E0,-1.278641052E0,7.467371521E0
1.150413417E0,-6.187982025E0,-1.314716034E0,7.540419617E0
1.160408417E0,-6.190077667E0,-1.296903076E0,7.501799927E0
1.170403417E0,-6.097120972E0,-1.312919769E0,7.539371796E0
1.180397417E0,-6.077511749E0,-1.328188019E0,7.595355377E0
1.190392417E0,-6.098617859E0,-1.279389496E0,7.617958374E0
1.200387417E0,-6.005661163E0,-1.222807159E0,7.719597015E0
1.210382417E0,-6.008954315E0,-1.206940155E0,7.743247833E0
1.220377417E0,-5.816604309E0,-1.033750305E0,7.762108612E0
1.230371417E0,-5.801186371E0,-1.043779449E0,7.874524841E0
1.240366417E0,-5.855223999E0,-1.000070343E0,7.799979858E0
1.250361417E0,-5.877377930E0,-1.038091278E0,7.889793091E0
1.260356417E0,-6.024222565E0,-9.508227539E-1,7.686964874E0
1.270350417E0,-6.047574005E0,-8.801696777E-1,7.757767639E0
1.280345417E0,-6.155948639E0,-8.662486267E-1,7.676786041E0
1.290340417E0,-6.206244049E0,-7.711962891E-1,7.620353394E0
1.300335417E0,-6.242169342E0,-7.467970276E-1,7.739804993E0
1.310329417E0,-6.160888367E0,-6.954537964E-1,7.757019196E0
1.320324417E0,-6.081852722E0,-6.357279968E-1,7.846233673E0
1.330318750E0,-6.068530426E0,-6.065386963E-1,7.907007294E0
1.340313750E0,-6.098168793E0,-5.399272156E-1,7.926317139E0
1.350307750E0,-6.109694824E0,-4.697232056E-1,7.962691498E0
1.360302750E0,-6.183641052E0,-4.697232056E-1,7.862849121E0
1.370297750E0,-6.411916351E0,-4.309538269E-1,7.613617401E0
1.380292750E0,-6.631958771E0,-3.736230469E-1,7.464527435E0
1.390287750E0,-6.719077606E0,-3.579057312E-1,7.478897552E0
1.400281750E0,-6.780449982E0,-3.382965088E-1,7.438930664E0
1.410276750E0,-6.797364807E0,-3.418890381E-1,7.378606110E0
1.420271750E0,-6.796766052E0,-3.287164307E-1,7.381001129E0
1.430266750E0,-6.766678619E0,-2.546205139E-1,7.355104980E0
1.440260750E0,-6.741979980E0,-1.818717957E-1,7.348967743E0
1.450255750E0,-6.655310211E0,-1.871109009E-1,7.439080353E0
1.460250750E0,-6.602619781E0,-2.052232361E-1,7.437284088E0
1.470245750E0,-6.582411804E0,-2.390528870E-1,7.379354553E0
1.480239750E0,-6.633605347E0,-2.333647156E-1,7.364685059E0
1.490234750E0,-6.589297485E0,-2.412982178E-1,7.402406616E0
1.500229750E0,-6.595883789E0,-2.152523804E-1,7.398365021E0
1.510224750E0,-6.620582428E0,-1.933978271E-1,7.359595642E0
1.520219750E0,-6.606212311E0,-1.637594604E-1,7.295828247E0
1.530213750E0,-6.655759277E0,-1.344204712E-1,7.236401825E0
1.540208750E0,-6.642436981E0,-1.315763855E-1,7.189998322E0
1.550203750E0,-6.704857178E0,-1.255888367E-1,7.158114624E0
1.560198750E0,-6.738836517E0,-9.041198730E-2,7.182214508E0
1.570192750E0,-6.666686554E0,-8.786727905E-2,7.216343536E0
1.580187750E0,-6.678661652E0,-6.286926270E-2,7.204967194E0
1.590182750E0,-6.681655426E0,-3.293151855E-2,7.219786377E0
1.600177750E0,-6.640940094E0,-8.831634521E-3,7.270530853E0
1.610171750E0,-6.664740601E0,9.430389404E-3,7.320526886E0
1.620166750E0,-6.656657410E0,8.517288208E-2,7.284302216E0
1.630161750E0,-6.641239471E0,1.817221069E-1,7.271279297E0
1.640156750E0,-6.650071106E0,2.505789185E-1,7.263345795E0
1.650150750E0,-6.693480835E0,2.501298523E-1,7.210355988E0
1.660145750E0,-6.673572235E0,2.725831604E-1,7.172634430E0
1.670140750E0,-6.635551300E0,2.896476746E-1,7.232210541E0
1.680135750E0,-6.662644958E0,2.821632385E-1,7.239694977E0
1.690130750E0,-6.620582428E0,2.758763123E-1,7.277715912E0
1.700124750E0,-6.615792389E0,2.576142883E-1,7.336992645E0
1.710119750E0,-6.638694763E0,2.430944824E-1,7.371870117E0
1.720114750E0,-6.567742310E0,3.450325012E-1,7.394772491E0
1.730109750E0,-6.606362000E0,3.589535522E-1,7.372917938E0
1.740103750E0,-6.630611572E0,4.802014160E-1,7.287595367E0
1.750098750E0,-6.631060638E0,6.102809143E-1,7.270979919E0
1.760093750E0,-6.652615814E0,7.005432129E-1,7.391479340E0
1.770088750E0,-6.638245697E0,8.053253174E-1,7.405550079E0
1.780082750E0,-6.553970947E0,7.864645386E-1,7.424261169E0
1.790077750E0,-6.581214294E0,7.342231750E-1,7.473209381E0
1.800072750E0,-6.569538574E0,7.379653931E-1,7.489824829E0
1.810067750E0,-6.549929352E0,7.137158203E-1,7.573650513E0
1.820061750E0,-6.551426239E0,7.279362488E-1,7.586673431E0
1.830056750E0,-6.601122894E0,7.640112305E-1,7.544610901E0
1.840051750E0,-6.618935852E0,8.526269531E-1,7.506589966E0
1.850046750E0,-6.636000366E0,9.126521301E-1,7.546407166E0
1.860041750E0,-6.709198151E0,9.264234924E-1,7.571704559E0
1.870035750E0,-6.731202393E0,9.696835327E-1,7.589517517E0
1.880030750E0,-6.711742859E0,1.082698517E0,7.758815460E0
1.890025750E0,-6.649622040E0,1.163231049E0,7.847880249E0
1.900020750E0,-6.679559784E0,1.229094086E0,7.937693481E0
1.910014750E0,-6.717431030E0,1.216071167E0,7.991880798E0
1.920009750E0,-6.753955078E0,1.134191437E0,8.115523682E0
1.930004750E0,-6.717431030E0,1.040785675E0,8.121062164E0
1.939999750E0,-6.689439240E0,8.852590942E-1,8.131390686E0
1.949993750E0,-6.632707214E0,7.345225525E-1,7.916886749E0
1.959988750E0,-6.896608429E0,6.861730957E-1,7.419770508E0
1.969983750E0,-6.961573334E0,6.842271423E-1,6.925198975E0
1.979978750E0,-6.903045044E0,5.779481506E-1,6.847660217E0
1.989972750E0,-6.777905273E0,4.626878357E-1,7.692503357E0
1.999967750E0,-6.583309937E0,5.716612244E-1,8.292904816E0
2.009962750E0,-6.654112701E0,5.807922363E-1,8.435857544E0
2.019957750E0,-6.780300293E0,5.650749207E-1,8.524922333E0
2.029952750E0,-6.930587769E0,6.655160522E-1,8.407416687E0
2.039946750E0,-7.132667542E0,7.705975342E-1,8.168663177E0
2.049941750E0,-7.537874908E0,9.270222473E-1,7.847880249E0
2.059936750E0,-7.945926361E0,1.231638794E0,7.370672607E0
2.069931750E0,-8.287366333E0,1.587149506E0,7.014563141E0
2.079925750E0,-8.691376190E0,1.776206360E0,6.692732391E0
2.089920750E0,-8.819360046E0,1.953437805E0,6.325995026E0
2.099915750E0,-8.839568024E0,2.066003723E0,6.110592957E0
2.109910750E0,-8.936716003E0,2.056573334E0,5.989195404E0
2.119904750E0,-9.043444061E0,2.012864227E0,5.940845947E0
2.129899750E0,-9.170679474E0,1.907034302E0,5.961053925E0
2.139894750E0,-9.171577606E0,1.795815582E0,5.937702484E0
2.149889750E0,-8.749156036E0,1.732946320E0,5.888005829E0
2.159883750E0,-8.139024811E0,1.757495270E0,5.781876526E0
2.169878750E0,-7.562274170E0,1.793570251E0,5.650000763E0
2.179873750E0,-7.109465790E0,1.842219086E0,5.560187531E0
2.189868750E0,-6.845265198E0,1.907333679E0,5.570965118E0
2.199863750E0,-6.727460175E0,1.912123718E0,5.644911346E0
2.209857750E0,-6.655609589E0,1.866768036E0,5.648503876E0
2.219852750E0,-6.642736359E0,1.759141846E0,5.600304108E0
2.229847750E0,-6.739584961E0,1.545835419E0,5.553451538E0
2.239842750E0,-6.852300568E0,1.284029846E0,5.542224884E0
2.249836750E0,-7.101382599E0,9.910890198E-1,5.570665741E0
2.259831750E0,-7.334447937E0,7.470964050E-1,5.628146210E0
2.269826750E0,-7.362739105E0,5.667214966E-1,5.709127808E0
2.279821750E0,-7.247329102E0,4.867877197E-1,5.784570923E0
2.289815750E0,-7.069049835E0,3.882925415E-1,5.847440186E0
2.299810750E0,-6.994953918E0,2.481838989E-1,5.885012054E0
2.309805750E0,-6.979236603E0,7.379653931E-2,5.912405090E0
2.319800750E0,-7.040309601E0,-1.047821045E-1,5.840404816E0
2.329795250E0,-7.163204041E0,-2.938389587E-1,5.758674774E0
2.339790250E0,-7.448660431E0,-5.677693176E-1,5.626948700E0
2.349785250E0,-7.761210480E0,-8.803193665E-1,5.480702820E0
2.359780250E0,-7.921078033E0,-1.103654938E0,5.406307526E0
2.369775250E0,-7.908653870E0,-1.204096069E0,5.329367523E0
2.379769250E0,-7.838300171E0,-1.259630585E0,5.347330170E0
2.389764250E0,-7.777077484E0,-1.321452026E0,5.479804688E0
2.399759250E0,-7.659721527E0,-1.331032104E0,5.646557922E0
2.409754250E0,-7.496111755E0,-1.310973816E0,5.841003571E0
2.419748250E0,-7.437284088E0,-1.319655762E0,6.088888092E0
2.429743250E0,-7.507937164E0,-1.408121796E0,6.319857788E0
2.439738250E0,-7.448959808E0,-1.516047363E0,6.409371643E0
2.449733250E0,-7.269932098E0,-1.557511139E0,6.439608765E0
2.459727250E0,-7.128775635E0,-1.531614990E0,6.521787872E0
2.469722250E0,-6.984176331E0,-1.491348724E0,6.529122620E0
2.479717250E0,-6.923402710E0,-1.501976624E0,6.510710907E0
2.489712250E0,-6.906338196E0,-1.524878998E0,6.601871338E0
2.499706250E0,-6.744225311E0,-1.407373352E0,6.762038269E0
2.509701250E0,-6.858587494E0,-1.319206696E0,6.821315002E0
2.519696250E0,-6.900949402E0,-1.278042297E0,6.856641541E0
2.529691250E0,-6.815327454E0,-1.261875916E0,6.852001190E0
2.539686250E0,-6.908134460E0,-1.305884399E0,6.881190491E0
2.549680250E0,-7.088209991E0,-1.348246307E0,6.884184265E0
2.559675250E0,-7.045099640E0,-1.287472687E0,6.863377533E0
2.569670250E0,-6.874604187E0,-1.188378754E0,6.825057220E0
2.579665250E0,-6.772965546E0,-1.160836029E0,6.913373566E0
2.589659250E0,-6.789580994E0,-1.347797241E0,6.841522980E0
2.599654250E0,-6.654561768E0,-1.318907318E0,7.184010773E0
2.609649250E0,-6.586603088E0,-1.227297821E0,7.366032257E0
2.619644250E0,-6.820416870E0,-1.259929962E0,7.423812103E0
2.629638250E0,-6.666836243E0,-1.237027588E0,7.501799927E0
2.639633250E0,-6.473737793E0,-1.174457703E0,7.408094788E0
2.649628250E0,-6.423143005E0,-1.119521942E0,7.256011047E0
2.659623250E0,-6.419999542E0,-1.107097778E0,7.116650848E0
2.669618250E0,-6.462361450E0,-1.149309998E0,7.065457306E0
2.679612250E0,-6.520290985E0,-1.229992218E0,7.067253571E0
2.689607250E0,-6.509962463E0,-1.306183777E0,7.040758667E0
2.699602250E0,-6.508315887E0,-1.356030121E0,7.062164154E0
2.709597250E0,-6.530469818E0,-1.380279694E0,7.096442871E0
2.719591250E0,-6.568341064E0,-1.383273468E0,7.150181122E0
2.729586250E0,-6.621480560E0,-1.412313080E0,7.211254120E0
2.739581250E0,-6.678511963E0,-1.474882965E0,7.281009064E0
2.749576250E0,-6.737639008E0,-1.591640167E0,7.261100464E0
2.759570250E0,-6.749464417E0,-1.693578186E0,7.214996338E0
2.769565250E0,-6.536157990E0,-1.639241180E0,7.315587158E0
2.779560250E0,-6.472839661E0,-1.586401062E0,7.390581207E0
2.789555250E0,-6.475234680E0,-1.534010010E0,7.447612610E0
2.799549250E0,-6.480324097E0,-1.470541992E0,7.485932922E0
2.809544250E0,-6.555617523E0,-1.497186584E0,7.514224091E0
2.819539250E0,-6.582860870E0,-1.571731567E0,7.484286346E0
2.829534250E0,-6.517596588E0,-1.589095459E0,7.393724670E0
2.839529250E0,-6.409371643E0,-1.557810516E0,7.226522369E0
2.849523250E0,-6.348448334E0,-1.515747986E0,7.153324585E0
2.859518250E0,-6.347699890E0,-1.463955688E0,7.125931549E0
2.869513250E0,-6.400240631E0,-1.466650085E0,7.020850067E0
2.879508250E0,-6.433770905E0,-1.323098602E0,7.169191589E0
2.889502250E0,-6.512507172E0,-1.258133698E0,7.419321442E0
2.899497250E0,-6.783144379E0,-1.425934753E0,7.597301331E0
2.909492250E0,-6.678511963E0,-1.452130280E0,7.629334717E0
2.919487250E0,-6.491101685E0,-1.369352417E0,7.579488373E0
2.929481250E0,-6.443051605E0,-1.264869690E0,7.441475372E0
2.939476250E0,-6.326444092E0,-1.114133148E0,7.300618286E0
2.949471250E0,-6.224955139E0,-1.000968475E0,7.193441162E0
2.959466250E0,-6.308930511E0,-9.452842712E-1,7.158264313E0
2.969460250E0,-6.517895966E0,-9.788145447E-1,7.192393341E0
2.979455250E0,-6.675069122E0,-1.016985168E0,7.229366455E0
2.989450250E0,-6.773564301E0,-1.026714935E0,7.231312408E0
2.999445250E0,-6.829847260E0,-1.020428009E0,7.220385132E0
3.009439250E0,-6.859186249E0,-9.857002258E-1,7.173682251E0
3.019434250E0,-6.863976288E0,-9.797126770E-1,7.119944000E0
3.029429250E0,-6.838080139E0,-9.337582397E-1,7.077282715E0
3.039424250E0,-6.977290649E0,-8.505313110E-1,7.056026917E0
3.049419250E0,-7.167095947E0,-8.075706482E-1,7.029382324E0
3.059413250E0,-7.171885986E0,-8.207432556E-1,6.950346680E0
3.069408250E0,-7.134314117E0,-8.002359009E-1,6.888974304E0
3.079403250E0,-7.135661316E0,-7.605683899E-1,6.802603912E0
3.089398250E0,-7.111711121E0,-7.388635254E-1,6.718628540E0
3.099392250E0,-7.016209717E0,-6.755451965E-1,6.757697296E0
3.109387250E0,-6.914571075E0,-6.487509155E-1,6.853049011E0
3.119382250E0,-6.899602203E0,-6.879693604E-1,6.892566833E0
3.129377250E0,-6.915918274E0,-7.767347717E-1,6.926546173E0
3.139371250E0,-6.880891113E0,-8.141569519E-1,6.911277924E0
3.149366250E0,-6.855294342E0,-9.690847778E-1,6.851103058E0
3.159361250E0,-6.831194458E0,-9.996212769E-1,7.122039642E0
3.169356250E0,-6.924749908E0,-1.025068359E0,7.285649414E0
3.179350250E0,-6.996001740E0,-1.078357544E0,7.279212799E0
3.189345250E0,-6.782395935E0,-1.054257660E0,7.242688751E0
3.199340250E0,-6.701264648E0,-1.045426025E0,7.112309875E0
3.209335250E0,-6.698270874E0,-1.054557037E0,6.925648041E0
3.219330250E0,-6.694378967E0,-1.077609100E0,6.847510529E0
3.229324250E0,-6.705455933E0,-1.153351593E0,6.949747925E0
3.239319250E0,-6.784341888E0,-1.246308289E0,7.105573883E0
3.249314250E0,-6.847660217E0,-1.299298096E0,7.214247894E0
3.259309250E0,-6.859485626E0,-1.359922028E0,7.298971710E0
3.269303250E0,-6.855444031E0,-1.407523041E0,7.366032257E0
3.279298250E0,-6.831942902E0,-1.468146973E0,7.371720428E0
3.289293250E0,-6.831044769E0,-1.541494446E0,7.384443970E0
3.299288250E0,-6.765780487E0,-1.552122345E0,7.303911438E0
3.309282250E0,-6.683302002E0,-1.553170166E0,7.161707153E0
3.319277250E0,-6.560257874E0,-1.520238647E0,7.102280731E0
3.329272750E0,-6.533912659E0,-1.464105377E0,7.221882019E0
3.339267750E0,-6.512058105E0,-1.403780823E0,7.191195831E0
3.349261750E0,-6.456673279E0,-1.410067749E0,7.067702637E0
3.359256750E0,-6.539451141E0,-1.512155457E0,7.077582092E0
3.369251750E0,-6.642436981E0,-1.475032654E0,7.260202332E0
3.379246750E0,-6.839127960E0,-1.437610474E0,7.214547272E0
3.389241750E0,-6.883585510E0,-1.374292145E0,7.170239410E0
3.399235750E0,-6.720724182E0,-1.301693115E0,7.184908905E0
3.409230750E0,-6.707551575E0,-1.302291870E0,7.187154236E0
3.419225750E0,-6.770570526E0,-1.292562103E0,7.161557465E0
3.429220750E0,-6.726861420E0,-1.261127472E0,7.125332794E0
3.439214750E0,-6.663094025E0,-1.229393463E0,7.126829681E0
3.449209750E0,-6.663842468E0,-1.250649261E0,7.130721588E0
3.459204750E0,-6.702312469E0,-1.276395721E0,7.128625946E0
3.469199750E0,-6.739734650E0,-1.306183777E0,7.147636414E0
3.479193750E0,-6.775360565E0,-1.329984283E0,7.171287231E0
3.489188750E0,-6.807693329E0,-1.326541443E0,7.145540771E0
3.499183750E0,-6.876550140E0,-1.364113312E0,7.131470032E0
3.509178750E0,-6.965764618E0,-1.389859772E0,7.040758667E0
3.519172750E0,-7.049590302E0,-1.390907593E0,7.030879211E0
3.529167750E0,-7.077731781E0,-1.447489929E0,7.110663300E0
3.539162750E0,-6.982080688E0,-1.457818451E0,7.104376373E0
3.549157750E0,-6.862329712E0,-1.440903625E0,6.987619171E0
3.559151750E0,-6.739435272E0,-1.396296387E0,6.793323212E0
3.569146750E0,-6.642137604E0,-1.429527283E0,6.638096008E0
3.579141750E0,-6.648274841E0,-1.597927094E0,6.525380402E0
3.589136750E0,-6.842570801E0,-1.798959045E0,6.490203552E0
3.599131750E0,-7.084018707E0,-1.914219360E0,6.470594330E0
3.609125750E0,-7.298971710E0,-1.897005157E0,6.428382111E0
3.619120750E0,-7.463479614E0,-1.836231537E0,6.338419189E0
3.629115750E0,-7.543413391E0,-1.707948303E0,6.288423157E0
3.639110750E0,-7.556735687E0,-1.544338531E0,6.213578796E0
3.649104750E0,-7.549550629E0,-1.384021912E0,6.168821869E0
3.659099750E0,-7.505542145E0,-1.244512024E0,6.155200195E0
3.669094750E0,-7.464677124E0,-1.075812836E0,6.203699341E0
3.679089750E0,-7.395670624E0,-8.786727905E-1,6.233038330E0
3.689083750E0,-7.330556030E0,-6.891668701E-1,6.267766113E0
3.699078750E0,-7.304959259E0,-5.252577209E-1,6.283034363E0
3.709073750E0,-7.272177429E0,-3.823049927E-1,6.253545685E0
3.719068750E0,-7.231761475E0,-2.538720703E-1,6.183042297E0
3.729062750E0,-7.225025482E0,-1.336720276E-1,6.123316498E0
3.739057750E0,-7.270979919E0,-9.370513916E-2,6.150709534E0
3.749052750E0,-7.317233734E0,-1.034349060E-1,6.324498138E0
3.759047750E0,-7.280410309E0,-7.783813477E-2,6.506070557E0
3.769042750E0,-7.186705170E0,-1.152603149E-2,6.622229004E0
3.779036750E0,-7.093598785E0,6.331832886E-2,6.775659943E0
3.789031750E0,-6.952442322E0,1.624122620E-1,7.031477966E0
3.799026750E0,-6.847360840E0,2.097138977E-1,7.291337585E0
3.809021750E0,-6.773863678E0,2.055226135E-1,7.568860474E0
3.819015750E0,-6.734495544E0,2.269281006E-1,7.794890442E0
3.829010750E0,-6.743327179E0,2.531236267E-1,7.979756012E0
3.839005750E0,-6.935677185E0,3.037184143E-1,8.090675354E0
3.849000750E0,-7.233707428E0,3.631448364E-1,8.293653259E0
3.858994750E0,-7.527696075E0,4.526586914E-1,8.279283142E0
3.868989750E0,-7.759414215E0,4.947212219E-1,8.120014343E0
3.878984750E0,-7.956703949E0,4.637356567E-1,7.895032196E0
3.888979750E0,-8.090974731E0,3.537144470E-1,7.696245575E0
3.898973750E0,-8.127349091E0,2.647993469E-1,7.496261444E0
3.908968750E0,-8.027357025E0,2.447410583E-1,7.289241943E0
3.918963750E0,-7.809260559E0,3.146456909E-1,7.096293182E0
3.928958750E0,-7.569608917E0,3.833528137E-1,6.893015900E0
3.938953750E0,-7.388784943E0,3.829037476E-1,6.717880096E0
3.948947750E0,-7.292684784E0,2.944377136E-1,6.600673828E0
3.958942750E0,-7.302115173E0,1.080752563E-1,6.442452850E0
3.968937750E0,-7.356901245E0,-1.454974365E-1,6.195915527E0
3.978932750E0,-7.533683624E0,-5.278024292E-1,6.015839996E0
3.988926750E0,-7.780071259E0,-9.672885132E-1,5.896837463E0
3.998921750E0,-7.852520599E0,-1.323996735E0,5.744154968E0
4.008916750E0,-7.762557678E0,-1.619781647E0,5.687572632E0
4.018911750E0,-7.597001953E0,-1.819915466E0,5.746100922E0
4.028905750E0,-7.438631287E0,-2.002835083E0,6.059848480E0
4.038900750E0,-7.234455872E0,-2.181413727E0,6.427483978E0
4.048895750E0,-6.875801697E0,-2.224673767E0,6.658303986E0
4.058890750E0,-6.462960205E0,-2.206411743E0,6.797215118E0
4.068885750E0,-6.132746887E0,-2.186802521E0,6.910230103E0
4.078879750E0,-5.956862640E0,-2.158661041E0,6.997947693E0
4.088874750E0,-5.894741821E0,-2.135758667E0,7.175628204E0
4.098869750E0,-5.897585907E0,-2.118394775E0,7.330106964E0
4.108864750E0,-5.859415283E0,-2.151925049E0,7.426506500E0
4.118858750E0,-5.852230225E0,-2.202370148E0,7.371121674E0
4.128853750E0,-5.755980377E0,-2.104773102E0,7.516918488E0
4.138848750E0,-5.866899719E0,-2.029629364E0,7.381899261E0
4.148843750E0,-6.138734436E0,-1.936522980E0,7.163503418E0
4.158837750E0,-6.317013702E0,-1.790576477E0,7.032525787E0
4.168832750E0,-6.501579895E0,-1.675016785E0,7.015012207E0
4.178827750E0,-6.682703247E0,-1.684447174E0,7.042704620E0
4.188822750E0,-6.837631073E0,-1.761985931E0,7.049290924E0
4.198816750E0,-6.850504303E0,-1.820813599E0,7.056625671E0
4.208811750E0,-6.741979980E0,-1.763482819E0,7.004234619E0
4.218806750E0,-6.606811066E0,-1.608854370E0,6.964716797E0
4.228801750E0,-6.502028961E0,-1.385668488E0,6.911577301E0
4.238796750E0,-6.439908142E0,-1.218615875E0,6.954687653E0
4.248790750E0,-6.371201019E0,-1.116977234E0,7.058571625E0
4.258785750E0,-6.489155731E0,-1.076561279E0,7.143744507E0
4.268780750E0,-6.684499512E0,-1.102906494E0,7.249873810E0
4.278775750E0,-6.747219086E0,-1.035396881E0,7.231761475E0
4.288769750E0,-6.851103058E0,-9.279203796E-1,7.167095947E0
4.298764750E0,-7.065157928E0,-8.680448914E-1,7.064259796E0
4.308759750E0,-7.331154785E0,-8.030799866E-1,6.993457031E0
4.318754750E0,-7.491471405E0,-7.399113464E-1,6.942413177E0
4.328748750E0,-7.593259735E0,-6.821315002E-1,6.902745667E0
4.338743125E0,-7.679630127E0,-6.408174133E-1,6.867568817E0
4.348738125E0,-7.703879700E0,-7.280859375E-1,6.871011658E0
4.358733125E0,-7.685917053E0,-8.599617004E-1,6.974446564E0
4.368727125E0,-7.571554871E0,-9.545649719E-1,7.023544464E0
4.378722125E0,-7.350913696E0,-1.004261627E0,7.042704620E0
4.388717125E0,-7.028334503E0,-1.093775482E0,7.074139252E0
4.398712125E0,-6.829248505E0,-1.280587006E0,6.930438080E0
4.408706125E0,-6.777156830E0,-1.376088409E0,7.343728638E0
4.418701125E0,-6.860982513E0,-1.528621216E0,7.432643738E0
4.428696125E0,-6.811435547E0,-1.712738342E0,7.329208832E0
4.438691125E0,-6.665039978E0,-1.850751343E0,7.286248169E0
4.448686125E0,-6.670279083E0,-2.010169830E0,7.191495209E0
4.458680125E0,-6.711144104E0,-2.153122559E0,6.951244812E0
4.468675125E0,-6.663692780E0,-2.280357971E0,6.686146088E0
4.478670125E0,-6.548432465E0,-2.405048676E0,6.454727325E0
4.488665125E0,-6.444398804E0,-2.558629303E0,6.394253082E0
4.498659125E0,-6.385122070E0,-2.720891876E0,6.408922577E0
4.508654125E0,-6.373446350E0,-2.886297913E0,6.364165649E0
4.518649125E0,-6.399791565E0,-3.030448151E0,6.331383820E0
4.528644125E0,-6.376589813E0,-3.084785156E0,6.318211212E0
4.538638125E0,-6.279142456E0,-3.024161224E0,6.336024170E0
4.548633125E0,-6.133944397E0,-2.779270477E0,6.313421173E0
4.558628125E0,-5.969436493E0,-2.532134399E0,6.338119812E0
4.568623125E0,-6.007457428E0,-2.476450195E0,6.403084717E0
4.578617125E0,-6.209836578E0,-2.509830780E0,6.431375885E0
4.588612125E0,-6.276747437E0,-2.430645447E0,6.433172150E0
4.598607125E0,-6.319708099E0,-2.268233185E0,6.377637634E0
4.608602125E0,-6.394702148E0,-2.007774811E0,6.369404755E0
4.618597125E0,-6.622378693E0,-1.723515930E0,6.477929077E0
4.628591125E0,-7.088359680E0,-1.505269775E0,6.682254181E0
4.638586125E0,-7.543862457E0,-1.327140198E0,6.930737457E0
4.648581125E0,-7.791148224E0,-1.188229065E0,7.094796295E0
4.658576125E0,-7.809260559E0,-1.048868866E0,7.128775635E0
4.668570125E0,-7.636220398E0,-8.711883545E-1,7.094646606E0
4.678565125E0,-7.424859924E0,-6.336323547E-1,6.972051544E0
4.688560125E0,-7.270979919E0,-3.600013733E-1,6.865024109E0
4.698555125E0,-7.161407776E0,-1.360670471E-1,6.834936676E0
4.708549125E0,-7.131619720E0,-5.927673340E-2,6.946604462E0
4.718544125E0,-7.250173187E0,-1.763333130E-1,7.187453613E0
4.728539125E0,-7.454947357E0,-4.843927002E-1,7.423812103E0
4.738534125E0,-7.527396698E0,-8.152047729E-1,7.494914246E0
4.748529125E0,-7.572453003E0,-1.182840271E0,7.365283813E0
4.758523125E0,-7.638465729E0,-1.346899109E0,7.578889618E0
4.768518125E0,-7.406298523E0,-1.376687164E0,7.535779266E0
4.778513125E0,-7.103328552E0,-1.472188568E0,7.397317200E0
4.788508125E0,-6.941964111E0,-1.673968964E0,7.323221283E0
4.798502125E0,-6.904990997E0,-1.975442047E0,7.121889954E0
4.808497125E0,-6.843768311E0,-2.269430695E0,6.967411194E0
4.818492125E0,-6.814579010E0,-2.589914246E0,6.980134735E0
4.828487125E0,-6.921606445E0,-2.867736511E0,7.145540771E0
4.838481125E0,-7.019053802E0,-2.981799316E0,7.328011322E0
4.848476125E0,-6.896907806E0,-2.927761688E0,7.303462372E0
4.858471125E0,-6.759493561E0,-2.801574097E0,7.165748749E0
4.868466125E0,-6.630611572E0,-2.663411407E0,6.958130493E0
4.878460125E0,-6.505920868E0,-2.399510193E0,6.707551575E0
4.888455125E0,-6.433471527E0,-2.006128235E0,6.477929077E0
4.898450125E0,-6.440506897E0,-1.585203552E0,6.296057281E0
4.908445125E0,-6.496640167E0,-1.173858948E0,6.290818176E0
4.918440125E0,-6.582112427E0,-7.867639160E-1,6.395899658E0
4.928434125E0,-6.762038269E0,-5.319937134E-1,6.546187134E0
4.938429125E0,-7.001240845E0,-4.236190796E-1,6.638844452E0
4.948424125E0,-7.178023224E0,-3.347039795E-1,6.664441223E0
4.958419125E0,-7.331304474E0,-3.071612549E-1,6.624624023E0
4.968413125E0,-7.329358521E0,-1.722917175E-1,6.517297211E0
4.978408125E0,-7.226073303E0,1.179547119E-1,6.447841644E0
4.988403125E0,-7.231462097E0,3.757186890E-1,6.488706665E0
4.998398125E0,-7.200027466E0,5.617817688E-1,6.555018768E0
5.008392125E0,-7.243137817E0,6.700067139E-1,6.654112701E0
5.018387125E0,-7.279063110E0,6.117778015E-1,6.764283600E0
5.028382125E0,-7.225474548E0,5.628295898E-1,6.814279633E0
5.038377125E0,-7.105124817E0,5.658233643E-1,6.815477142E0
5.048371125E0,-7.133116608E0,5.611830139E-1,6.806495819E0
5.058366125E0,-7.205715637E0,5.587879944E-1,6.694378967E0
5.068361125E0,-7.246580658E0,6.168672180E-1,6.540798340E0
5.078356125E0,-7.364984436E0,6.560856628E-1,6.442602539E0
5.088351125E0,-7.572153625E0,6.277944946E-1,6.472091217E0
5.098345125E0,-7.695646820E0,6.098318481E-1,6.463409271E0
5.108340125E0,-7.715555420E0,5.544470215E-1,6.400090942E0
5.118335125E0,-7.716752930E0,5.125341797E-1,6.354435883E0
5.128330125E0,-7.663314056E0,4.429289246E-1,6.318211212E0
5.138324125E0,-7.559879150E0,4.210743713E-1,6.223308563E0
5.148319125E0,-7.459438019E0,4.640350342E-1,6.136489105E0
5.158314125E0,-7.489525452E0,5.210664368E-1,6.076763306E0
5.168309125E0,-7.611072693E0,5.587879944E-1,5.972729645E0
5.178303125E0,-7.805668030E0,6.038442993E-1,5.917494507E0
5.188298125E0,-8.050858154E0,6.096821594E-1,5.895490265E0
5.198293125E0,-8.176147614E0,5.863307190E-1,5.813760223E0
5.208288125E0,-8.189469910E0,5.551954651E-1,5.731431427E0
5.218282125E0,-8.224646759E0,5.405259705E-1,5.610333252E0
5.228277125E0,-8.177943878E0,5.388793945E-1,5.494773560E0
5.238272125E0,-8.135581970E0,5.724096680E-1,5.446424103E0
5.248267125E0,-8.127498779E0,6.490502930E-1,5.486390991E0
5.258262125E0,-8.202043762E0,7.378157043E-1,5.557942200E0
5.268256125E0,-8.291108551E0,7.626640320E-1,5.625002747E0
5.278251125E0,-8.353079681E0,7.080276489E-1,5.637277222E0
5.288246125E0,-8.365503845E0,6.243516541E-1,5.557942200E0
5.298241125E0,-8.398585052E0,5.490582275E-1,5.397625580E0
5.308235125E0,-8.461454315E0,4.808001709E-1,5.304818573E0
5.318230125E0,-8.505313110E0,4.308041382E-1,5.262157288E0
5.328225125E0,-8.446934509E0,4.117936707E-1,5.246889038E0
5.338220250E0,-8.343798981E0,3.739224243E-1,5.297932892E0
5.348214250E0,-8.347990265E0,2.875520325E-1,5.374124451E0
5.358209250E0,-8.371641083E0,1.785786438E-1,5.456453247E0
5.368204250E0,-8.422984314E0,8.711883545E-2,5.529351654E0
5.378199250E0,-8.448581085E0,6.137237549E-3,5.596561890E0
5.388193250E0,-8.429869995E0,-2.664459229E-2,5.613626404E0
5.398188250E0,-8.391250305E0,-8.472381592E-2,5.657485199E0
5.408183250E0,-8.352630615E0,-1.293310547E-1,5.645510101E0
5.418178250E0,-8.346643066E0,-2.080673218E-1,5.665269012E0
5.428173250E0,-8.431217194E0,-2.989283752E-1,5.728287964E0
5.438167250E0,-8.472531281E0,-3.737727356E-1,5.728138275E0
5.448162250E0,-8.430169373E0,-4.149371338E-1,5.680237885E0
5.458157250E0,-8.426876221E0,-4.619393921E-1,5.634882202E0
5.468152250E0,-8.446335754E0,-5.468128967E-1,5.640720062E0
5.478146250E0,-8.401279449E0,-5.480104065E-1,5.645959167E0
5.488141250E0,-8.380323029E0,-5.426216125E-1,5.648503876E0
5.498136250E0,-8.426277466E0,-5.584886169E-1,5.654641113E0
5.508131250E0,-8.372838593E0,-5.551954651E-1,5.603896637E0
5.518125250E0,-8.311466217E0,-5.266049194E-1,5.544170837E0
5.528120250E0,-8.297545166E0,-5.336402893E-1,5.492378540E0
5.538115250E0,-8.248596954E0,-5.031037903E-1,5.440286865E0
5.548110250E0,-8.225544891E0,-4.787045288E-1,5.386698303E0
5.558104250E0,-8.273295593E0,-4.861889648E-1,5.344635773E0
5.568099250E0,-8.264314270E0,-5.084925842E-1,5.328918457E0
5.578094250E0,-8.219707031E0,-4.836442566E-1,5.314099274E0
5.588089250E0,-8.183482361E0,-4.498146057E-1,5.356012115E0
5.598084250E0,-8.180338898E0,-4.652325439E-1,5.400769043E0
5.608078250E0,-8.195457458E0,-4.468208313E-1,5.413043518E0
5.618073250E0,-8.167765045E0,-3.984713745E-1,5.438640289E0
5.628068250E0,-8.128845978E0,-3.764671326E-1,5.465284882E0
5.638063250E0,-8.156688080E0,-4.158352661E-1,5.513484650E0
5.648057250E0,-8.116571503E0,-4.149371338E-1,5.563780060E0
5.658052250E0,-8.016130371E0,-3.845503235E-1,5.613925781E0
5.668047250E0,-8.039032745E0,-4.201762390E-1,5.689967651E0
5.678042250E0,-8.087831268E0,-4.402345276E-1,5.799090729E0
5.688036250E0,-8.120463409E0,-4.245172119E-1,5.850433960E0
5.698031250E0,-8.150550842E0,-3.805087280E-1,5.852230225E0
5.708026250E0,-8.257428589E0,-4.266128540E-1,5.887556763E0
5.718021250E0,-8.344248047E0,-4.974156189E-1,5.929469604E0
5.728016250E0,-8.304430847E0,-5.481600952E-1,5.967191162E0
5.738010250E0,-8.213120728E0,-5.689668274E-1,5.909860382E0
5.748005250E0,-8.197403412E0,-6.283932495E-1,5.849386139E0
5.758000250E0,-8.218509521E0,-6.724017334E-1,5.811963959E0
5.767995250E0,-8.260721741E0,-6.885681152E-1,5.850733337E0
5.777989250E0,-8.261470184E0,-6.689588928E-1,5.860912170E0
5.787984250E0,-8.237819366E0,-6.857240295E-1,5.798641663E0
5.797979250E0,-8.196205902E0,-7.396119690E-1,5.763764191E0
5.807974250E0,-8.196505280E0,-8.196954346E-1,5.757626953E0
5.817968250E0,-8.217461700E0,-8.967851257E-1,5.764812012E0
5.827963250E0,-8.178991699E0,-9.222322083E-1,5.763764191E0
5.837958250E0,-8.121211853E0,-9.216334534E-1,5.702691193E0
5.847953250E0,-8.142467651E0,-9.678872681E-1,5.682034149E0
5.857947250E0,-8.166567535E0,-9.843530273E-1,5.703289948E0
5.867942250E0,-8.128546600E0,-9.848020935E-1,5.720354462E0
5.877937250E0,-8.083490295E0,-9.931846619E-1,5.675597534E0
5.887932250E0,-8.047265625E0,-1.005010071E0,5.622757416E0
5.897927250E0,-7.988288269E0,-9.922865295E-1,5.641618195E0
5.907921250E0,-7.914192352E0,-9.810598755E-1,5.632337494E0
5.917916250E0,-7.841593323E0,-9.473799133E-1,5.617069244E0
5.927911250E0,-7.797884216E0,-9.409432983E-1,5.609584808E0
5.937906250E0,-7.772736511E0,-8.958869934E-1,5.608686676E0
5.947900250E0,-7.780520325E0,-8.590635681E-1,5.585634613E0
5.957895250E0,-7.774383087E0,-8.427474976E-1,5.564528503E0
5.967890250E0,-7.783813477E0,-8.500822449E-1,5.502707062E0
5.977885250E0,-7.793094177E0,-8.722361755E-1,5.494773560E0
5.987879250E0,-7.755671997E0,-8.505313110E-1,5.506000214E0
5.997874250E0,-7.742349701E0,-7.800279236E-1,5.532195740E0
6.007869250E0,-7.783214722E0,-7.396119690E-1,5.570516052E0
6.017864250E0,-7.929310913E0,-7.447013855E-1,5.625900879E0
6.027859250E0,-8.030799866E0,-7.244934082E-1,5.696254578E0
6.037853250E0,-8.016878815E0,-6.683601379E-1,5.757177887E0
6.047848250E0,-7.997718658E0,-5.891748047E-1,5.787564697E0
6.057843250E0,-8.047864380E0,-5.387297058E-1,5.771398315E0
6.067838250E0,-8.139773254E0,-4.987628174E-1,5.798641663E0
6.077832250E0,-8.187074890E0,-4.089495850E-1,5.824986877E0
6.087827250E0,-8.199499054E0,-3.122506714E-1,5.868396606E0
6.097822250E0,-8.276588745E0,-2.649490356E-1,5.903423767E0
6.107817250E0,-8.363258514E0,-2.489323425E-1,5.908064117E0
6.117811250E0,-8.433612213E0,-2.278262329E-1,5.953719177E0
6.127806250E0,-8.462352448E0,-1.942959595E-1,5.986950073E0
6.137801250E0,-8.457113342E0,-1.362167358E-1,6.002068634E0
6.147796250E0,-8.437055054E0,-1.279838562E-1,5.993087311E0
6.157790250E0,-8.470735016E0,-1.442999268E-1,6.015091553E0
6.167785250E0,-8.438551941E0,-1.118174744E-1,6.041436768E0
6.177780250E0,-8.337512054E0,-9.744735718E-2,6.031856689E0
6.187775250E0,-8.258326721E0,-7.933502197E-2,6.001918945E0
6.197769250E0,-8.230783997E0,-5.239105225E-2,6.025120697E0
6.207764250E0,-8.172405396E0,9.131011963E-3,6.080505524E0
6.217759250E0,-8.085585938E0,4.326004028E-2,6.090684357E0
6.227754250E0,-7.997419281E0,7.604187012E-2,6.054609375E0
6.237749250E0,-7.926317139E0,1.163081360E-1,5.979465637E0
6.247743250E0,-7.831115112E0,1.577719116E-1,5.915997620E0
6.257738250E0,-7.713010712E0,2.230361938E-1,5.832321625E0
6.267733250E0,-7.551346893E0,2.956352234E-1,5.794001312E0
6.277728250E0,-7.460785217E0,3.513194275E-1,5.795947266E0
6.287722250E0,-7.421417084E0,3.764671326E-1,5.783972168E0
6.297717250E0,-7.347620544E0,4.113446045E-1,5.824687500E0
6.307712250E0,-7.295678558E0,3.827540588E-1,5.853128357E0
6.317707250E0,-7.175628204E0,3.597019958E-1,5.844446411E0
6.327701250E0,-7.072492676E0,2.865042114E-1,5.839207306E0
6.337696375E0,-7.026089172E0,2.225871277E-1,5.844596100E0
6.347691375E0,-7.013066254E0,1.077758789E-1,5.848338318E0
6.357686375E0,-7.162904663E0,-7.214996338E-2,5.840704193E0
6.367680375E0,-7.357799377E0,-1.758842468E-1,5.848338318E0
6.377675375E0,-7.570207672E0,-2.772235107E-1,5.882617035E0
6.387670375E0,-7.781119080E0,-3.134481812E-1,5.904022522E0
6.397665375E0,-7.815397797E0,-2.662962341E-1,5.917344818E0
6.407660375E0,-7.814200287E0,-2.068698120E-1,5.916296997E0
6.417654375E0,-7.905061340E0,-1.645079041E-1,5.920188904E0
6.427649375E0,-8.053103485E0,-9.774673462E-2,5.920937347E0
6.437644375E0,-8.240513763E0,1.377136230E-2,5.910010071E0
6.447639375E0,-8.381221161E0,6.541397095E-2,5.897885284E0
6.457633375E0,-8.490493927E0,7.229965210E-2,5.912854156E0
6.467628375E0,-8.549471283E0,4.041595459E-3,5.886508942E0
6.477623375E0,-8.527766418E0,-9.565109253E-2,5.800437927E0
6.487618375E0,-8.446485443E0,-1.520837402E-1,5.783672791E0
6.497612375E0,-8.307125244E0,-9.789642334E-2,5.844745789E0
6.507607375E0,-8.179141388E0,1.197509766E-2,5.906267853E0
6.517602375E0,-8.064030762E0,1.395098877E-1,5.935157776E0
6.527597375E0,-8.021668854E0,2.389031982E-1,5.935157776E0
6.537591375E0,-8.043074341E0,2.600093079E-1,5.908213806E0
6.547586375E0,-8.116421814E0,1.992356873E-1,5.883215790E0
6.557581375E0,-8.128696289E0,9.475296021E-2,5.873186646E0
6.567576375E0,-8.164471893E0,-7.185058594E-2,5.903274078E0
6.577571375E0,-8.195756836E0,-2.851570129E-1,5.935157776E0
6.587565375E0,-8.061336365E0,-4.435276794E-1,5.946384430E0
6.597560375E0,-7.875722351E0,-4.685256958E-1,5.880521393E0
6.607555375E0,-7.684270477E0,-4.273612976E-1,5.803880768E0
6.617550375E0,-7.554490356E0,-4.375401306E-1,5.867797852E0
6.627544375E0,-7.475305023E0,-5.167254639E-1,6.027366028E0
6.637539375E0,-7.495363312E0,-6.629713440E-1,6.171665955E0
6.647534375E0,-7.569309540E0,-8.337661743E-1,6.342760162E0
6.657529375E0,-7.725434875E0,-1.023721161E0,6.440357208E0
6.667523375E0,-7.898325348E0,-1.223405914E0,6.449338531E0
6.677518375E0,-7.903265076E0,-1.301693115E0,6.422544250E0
6.687513375E0,-7.749834137E0,-1.313518524E0,6.398893433E0
6.697508375E0,-7.586224365E0,-1.278641052E0,6.404431915E0
6.707503375E0,-7.427404633E0,-1.182989960E0,6.377487946E0
6.717497375E0,-7.179520111E0,-1.089135132E0,6.362968140E0
6.727492375E0,-6.948251038E0,-9.744735718E-1,6.322552185E0
6.737487375E0,-6.839726715E0,-9.066645813E-1,6.358028412E0
6.747482375E0,-6.817872162E0,-9.553134155E-1,6.472989349E0
6.757476375E0,-6.858437805E0,-1.080453186E0,6.600075073E0
6.767471375E0,-6.946754150E0,-1.204545135E0,6.812483368E0
6.777466375E0,-7.245233459E0,-1.381926270E0,6.971752167E0
6.787461375E0,-7.477849731E0,-1.544637909E0,7.006180573E0
6.797455375E0,-7.538922729E0,-1.548829193E0,6.854545898E0
6.807450375E0,-7.523804169E0,-1.376387787E0,6.688690796E0
6.817445375E0,-7.430099030E0,-1.175505524E0,6.601422272E0
6.827440375E0,-7.307803345E0,-1.010249176E0,6.540648651E0
6.837434375E0,-7.148684235E0,-8.509803772E-1,6.477480011E0
6.847429375E0,-7.037914581E0,-7.530839539E-1,6.490502930E0
6.857424375E0,-7.040459290E0,-7.032376099E-1,6.532415771E0
6.867419375E0,-7.171736298E0,-7.614665222E-1,6.480024719E0
6.877414375E0,-7.266339569E0,-9.081614685E-1,6.454278259E0
6.887408375E0,-7.343578949E0,-1.008752289E0,6.620582428E0
6.897403375E0,-7.539371796E0,-1.047671356E0,6.772666168E0
6.907398375E0,-7.712711334E0,-9.608518982E-1,6.818021851E0
6.917393375E0,-7.732470245E0,-7.949967957E-1,6.744225311E0
6.927387375E0,-7.683971100E0,-6.577322388E-1,6.593488770E0
6.937382375E0,-7.576195221E0,-5.664221191E-1,6.462810516E0
6.947377375E0,-7.381150818E0,-5.514532471E-1,6.397845612E0
6.957372375E0,-7.243886261E0,-6.506968689E-1,6.522686005E0
6.967366375E0,-7.220385132E0,-8.625064087E-1,6.712640991E0
6.977361375E0,-7.182214508E0,-1.077758789E0,6.821614380E0
6.987356375E0,-7.163054352E0,-1.276246033E0,7.056625671E0
6.997351375E0,-7.393724670E0,-1.709594879E0,7.378007355E0
7.007345375E0,-7.550149384E0,-2.188149719E0,7.565267944E0
7.017340375E0,-7.426506500E0,-2.496658173E0,7.704029388E0
7.027335375E0,-7.103627930E0,-2.639760590E0,7.769293671E0
7.037330375E0,-6.720424805E0,-2.603984985E0,7.761509857E0
7.047325375E0,-6.416107635E0,-2.546055450E0,7.798782349E0
7.057319375E0,-6.331084442E0,-2.496658173E0,8.024213562E0
7.067314375E0,-6.351142731E0,-2.410736847E0,8.402177582E0
7.077309375E0,-6.451583862E0,-2.336191864E0,8.612190857E0
7.087304375E0,-6.529272308E0,-2.208806763E0,8.587342529E0
7.097298375E0,-6.471492462E0,-2.084714813E0,8.459807739E0
7.107293375E0,-6.363267517E0,-1.970951385E0,8.221054230E0
7.117288375E0,-6.249653778E0,-1.815424805E0,7.860005035E0
7.127283375E0,-6.045178986E0,-1.558558960E0,7.430099030E0
7.137277375E0,-5.808371429E0,-1.204844513E0,7.045099640E0
7.147272375E0,-5.704337769E0,-8.280780029E-1,6.790329437E0
7.157267375E0,-5.662424927E0,-4.900808716E-1,6.641239471E0
7.167262375E0,-5.733078003E0,-2.182461548E-1,6.575526123E0
7.177256375E0,-6.002817078E0,-7.469467163E-2,6.516548767E0
7.187251375E0,-6.367159424E0,-4.370910645E-2,6.335575104E0
7.197246375E0,-6.769971771E0,-5.433700562E-2,6.071673889E0
7.207241375E0,-7.218588867E0,-1.712438965E-1,5.703888702E0
7.217236375E0,-7.677534485E0,-2.704875183E-1,5.367238770E0
7.227230375E0,-8.136031036E0,-3.359014893E-1,5.024451599E0
7.237225375E0,-8.535849609E0,-2.646496582E-1,4.711003418E0
7.247220375E0,-8.789571991E0,-1.438508606E-1,4.445305939E0
7.257215375E0,-8.967102814E0,-3.502716064E-2,4.264931030E0
7.267209375E0,-9.123677216E0,-2.110610962E-2,4.143982544E0
7.277204375E0,-9.274563446E0,-1.255888367E-1,4.029320984E0
7.287199375E0,-9.285640411E0,-2.079176331E-1,3.947740631E0
7.297194375E0,-9.218879242E0,-2.631527710E-1,4.019142151E0
7.307188375E0,-9.129664764E0,-2.902464294E-1,4.184697876E0
7.317183375E0,-9.003327484E0,-2.754272461E-1,4.398902435E0
7.327178375E0,-8.825197906E0,-2.082170105E-1,4.603826294E0
7.337173750E0,-8.655750275E0,-1.200503540E-1,4.791985016E0
7.347167750E0,-8.533454590E0,-2.529739380E-2,4.924459534E0
7.357162750E0,-8.366102600E0,1.029858398E-1,4.947212219E0
7.367157750E0,-8.211923218E0,2.670446777E-1,4.848567352E0
7.377152750E0,-8.065078583E0,3.691323853E-1,4.799918518E0
7.387147750E0,-7.897277527E0,4.324507141E-1,4.835843811E0
7.397141750E0,-7.743846588E0,4.427792358E-1,4.952002258E0
7.407136750E0,-7.582631836E0,4.215234375E-1,5.168901215E0
7.417131750E0,-7.493417358E0,4.779560852E-1,5.318440247E0
7.427126750E0,-7.465275879E0,5.545967102E-1,5.350323944E0
7.437120750E0,-7.495662689E0,5.990542603E-1,5.364394684E0
7.447115750E0,-7.598349152E0,5.444178772E-1,5.501359863E0
7.457110750E0,-7.612719269E0,4.394860840E-1,5.640121307E0
7.467105750E0,-7.596403198E0,3.314108276E-1,5.747148743E0
7.477099750E0,-7.659122772E0,1.959425354E-1,5.860612793E0
7.487094750E0,-7.722590790E0,6.047424316E-2,5.952222290E0
7.497089750E0,-7.770491180E0,-5.598358154E-2,5.938600616E0
7.507084750E0,-7.768545227E0,-1.489402771E-1,5.941594391E0
7.517078750E0,-7.718698883E0,-1.895059204E-1,6.045029297E0
7.527073750E0,-7.705376587E0,-2.165995789E-1,6.125412140E0
7.537068750E0,-7.834557953E0,-2.776725769E-1,6.174809418E0
7.547063750E0,-8.055049438E0,-4.281097412E-1,6.120771790E0
7.557058750E0,-8.171656952E0,-5.697152710E-1,6.112838287E0
7.567052750E0,-8.144712982E0,-6.373745728E-1,5.992638245E0
7.577047750E0,-8.352031860E0,-8.300239563E-1,6.262976074E0
7.587042750E0,-8.782386932E0,-9.123527527E-1,6.457870789E0
7.597037750E0,-8.913514252E0,-8.559201050E-1,6.451134796E0
7.607031750E0,-8.754993896E0,-6.854246521E-1,6.305038605E0
7.617026750E0,-8.560099182E0,-5.207670593E-1,6.205046539E0
7.627021750E0,-8.400231628E0,-4.739144897E-1,6.157894592E0
7.637016750E0,-8.277786255E0,-5.101391602E-1,6.038742371E0
7.647010750E0,-8.295449524E0,-6.402186584E-1,6.070476379E0
7.657005750E0,-8.331225128E0,-7.179071045E-1,6.021378479E0
7.667000750E0,-8.316555634E0,-7.185058594E-1,5.827830963E0
7.676995750E0,-8.441545715E0,-1.205742645E0,5.847739563E0
7.686989750E0,-9.319320374E0,-1.968107300E0,5.421875153E0
7.696984750E0,-9.040300598E0,-8.324189758E-1,6.187233582E0
7.706979750E0,-8.229736176E0,-7.646099854E-1,6.284680939E0
7.716974750E0,-8.024213562E0,-1.254840546E0,6.396199036E0
7.726968750E0,-8.078550568E0,-1.608405304E0,6.645131378E0
7.736963750E0,-7.927065582E0,-1.561552734E0,6.608008575E0
7.746958750E0,-7.727081451E0,-1.322499847E0,6.441105652E0
7.756953750E0,-7.755821686E0,-1.169368286E0,6.153703308E0
7.766948750E0,-7.858957214E0,-1.090332642E0,5.855223999E0
7.776942750E0,-7.948770447E0,-1.017134857E0,5.464237061E0
7.786937750E0,-8.146658936E0,-1.039139099E0,5.294340363E0
7.796932750E0,-8.281827850E0,-1.107546844E0,5.264701996E0
7.806927750E0,-8.236322479E0,-1.210233307E0,5.386997681E0
7.816921750E0,-8.173602905E0,-1.282682648E0,5.529052277E0
7.826916750E0,-8.077502747E0,-1.289568329E0,5.614674225E0
7.836911750E0,-7.946674805E0,-1.210233307E0,5.768254852E0
7.846906750E0,-7.767497406E0,-1.114432526E0,6.001918945E0
7.856900750E0,-7.685018921E0,-1.069974976E0,6.203399963E0
7.866895750E0,-7.741750946E0,-1.142574005E0,6.255940704E0
7.876890750E0,-7.779771881E0,-1.222807159E0,6.268963623E0
7.886885750E0,-7.818840637E0,-1.220412140E0,6.164031830E0
7.896879750E0,-7.831863556E0,-1.198108521E0,6.118975525E0
7.906874750E0,-7.877817993E0,-1.151705017E0,6.059549103E0
7.916869750E0,-7.929759979E0,-1.118623810E0,5.939049683E0
7.926864750E0,-7.909252625E0,-1.076411591E0,5.893095245E0
7.936859750E0,-7.920179901E0,-1.059496765E0,5.893095245E0
7.946853750E0,-7.873177643E0,-1.090332642E0,5.902825012E0
7.956848750E0,-7.852071533E0,-1.138831787E0,5.862109680E0
7.966843750E0,-7.934400330E0,-1.154249725E0,5.767955475E0
7.976838750E0,-7.992928619E0,-1.074914703E0,5.656886444E0
7.986832750E0,-8.071664886E0,-9.846524048E-1,5.575455780E0
7.996827750E0,-8.146509247E0,-9.931846619E-1,5.628295898E0
8.006822750E0,-8.148455200E0,-1.085392914E0,5.826783142E0
8.016817750E0,-8.103847961E0,-1.186732178E0,5.879174194E0
8.026811750E0,-7.992629242E0,-1.250948639E0,5.700445862E0
8.036806750E0,-8.004155273E0,-1.215771790E0,5.502856750E0
8.046801750E0,-8.119265900E0,-1.136436768E0,5.352120209E0
8.056796750E0,-8.284821625E0,-1.200952606E0,5.420677643E0
8.066791750E0,-8.197702789E0,-1.312770081E0,5.668262787E0
8.076785750E0,-7.938441925E0,-1.358275452E0,5.996979218E0
8.086780750E0,-7.620652771E0,-1.331481171E0,6.214027863E0
8.096775750E0,-7.449708252E0,-1.341809692E0,6.276897125E0
8.106770750E0,-7.507637787E0,-1.361119537E0,6.225404205E0
8.116764750E0,-7.672594757E0,-1.409319305E0,6.139632568E0
8.126759750E0,-7.813601532E0,-1.409468994E0,6.007158051E0
8.136754750E0,-7.933951263E0,-1.374292145E0,5.900280304E0
8.146749750E0,-7.941735077E0,-1.315314789E0,5.841003571E0
8.156743750E0,-8.001311188E0,-1.251697083E0,5.799839172E0
8.166738750E0,-7.995922394E0,-1.170116730E0,5.910758514E0
8.176733750E0,-7.933053131E0,-1.171463928E0,6.023623810E0
8.186728750E0,-7.893834686E0,-1.213526459E0,5.973478088E0
8.196722750E0,-7.862998810E0,-1.246907043E0,5.901926880E0
8.206717750E0,-7.849077759E0,-1.281934204E0,5.883814545E0
8.216712750E0,-7.822732544E0,-1.262774048E0,5.883066101E0
8.226707750E0,-7.794291687E0,-1.271605682E0,5.917793884E0
8.236701750E0,-7.787855072E0,-1.301094360E0,5.936654663E0
8.246696750E0,-7.820786591E0,-1.335822144E0,5.904920654E0
8.256691750E0,-7.808063049E0,-1.374890900E0,5.891748047E0
8.266686750E0,-7.803123322E0,-1.356179810E0,5.863007812E0
8.276681750E0,-7.775281219E0,-1.344803467E0,5.774691467E0
8.286675750E0,-7.779472504E0,-1.377734985E0,5.724246368E0
8.296670750E0,-7.812254333E0,-1.384620667E0,5.753884735E0
8.306665750E0,-7.830815735E0,-1.411414948E0,5.769602051E0
8.316660750E0,-7.841144257E0,-1.367556152E0,5.776936798E0
8.326654750E0,-7.847131805E0,-1.328337708E0,5.765261078E0
8.336648875E0,-7.843988342E0,-1.317111053E0,5.796845398E0
8.346643875E0,-7.854017487E0,-1.311871948E0,5.849685516E0
8.356638875E0,-7.834258575E0,-1.333277435E0,5.893244934E0
8.366632875E0,-7.829618225E0,-1.345402222E0,5.975723419E0
8.376627875E0,-7.802823944E0,-1.349593506E0,6.021079102E0
8.386622875E0,-7.774233398E0,-1.314566345E0,6.042185211E0
8.396617875E0,-7.801177368E0,-1.299447784E0,6.045178986E0
8.406611875E0,-7.740254059E0,-1.250948639E0,6.079607391E0
8.416606875E0,-7.717201996E0,-1.227297821E0,6.044131165E0
8.426601875E0,-7.771688690E0,-1.212628326E0,6.056405640E0
8.436596875E0,-7.796686707E0,-1.210981750E0,6.026168518E0
8.446591875E0,-7.863148499E0,-1.230890350E0,5.970783691E0
8.456585875E0,-7.862849121E0,-1.239871674E0,5.891298981E0
8.466580875E0,-7.834408264E0,-1.249302063E0,5.954916687E0
8.476575875E0,-7.820936279E0,-1.266965332E0,5.948629761E0
8.486570875E0,-7.795638885E0,-1.271006927E0,5.855822754E0
8.496564875E0,-7.812104645E0,-1.284329224E0,5.855673065E0
8.506559875E0,-7.848628693E0,-1.279389496E0,5.916895752E0
8.516554875E0,-7.832761688E0,-1.278042297E0,5.911057892E0
8.526549875E0,-7.801027679E0,-1.282383270E0,5.896837463E0
8.536543875E0,-7.809559937E0,-1.276545410E0,5.896238708E0
8.546538875E0,-7.804470520E0,-1.291065216E0,5.912854156E0
8.556533875E0,-7.790848846E0,-1.293909302E0,5.909710693E0
8.566528875E0,-7.789202271E0,-1.285227356E0,5.920188904E0
8.576522875E0,-7.782017212E0,-1.303938446E0,5.942193146E0
8.586517875E0,-7.768395538E0,-1.307830353E0,5.940995636E0
8.596512875E0,-7.741750946E0,-1.311273193E0,5.971981201E0
8.606507875E0,-7.756121063E0,-1.275347900E0,5.992787933E0
8.616502875E0,-7.749983826E0,-1.261127472E0,5.987997894E0
8.626496875E0,-7.733069000E0,-1.229692841E0,6.004014587E0
8.636491875E0,-7.789801025E0,-1.244961090E0,6.033203888E0
8.646486875E0,-7.820786591E0,-1.211879883E0,6.039790192E0
8.656481875E0,-7.824678497E0,-1.188678131E0,6.042035522E0
8.666475875E0,-7.802374878E0,-1.184935913E0,6.028264160E0
8.676470875E0,-7.812703400E0,-1.218915253E0,6.024671631E0
8.686465875E0,-7.799231415E0,-1.231189728E0,6.031257935E0
8.696460875E0,-7.765551453E0,-1.246607666E0,6.031557312E0
8.706454875E0,-7.768545227E0,-1.251547394E0,6.028264160E0
8.716449875E0,-7.760462036E0,-1.258882141E0,6.042334900E0
8.726444875E0,-7.766150208E0,-1.258882141E0,6.046077118E0
8.736439875E0,-7.744894409E0,-1.261576538E0,6.034401398E0
8.746433875E0,-7.721243591E0,-1.264121246E0,6.040089569E0
8.756428875E0,-7.675139465E0,-1.283281403E0,6.054010620E0
8.766423875E0,-7.672744446E0,-1.310225372E0,6.064488831E0
8.776418875E0,-7.672744446E0,-1.309327240E0,6.058052216E0
8.786413875E0,-7.665709076E0,-1.316961365E0,6.037993927E0
8.796407875E0,-7.649393005E0,-1.324445801E0,6.026617584E0
8.806402875E0,-7.657326508E0,-1.330433350E0,6.049370270E0
8.816397875E0,-7.697443085E0,-1.320404205E0,6.051166534E0
8.826392875E0,-7.758216705E0,-1.292562103E0,6.067931671E0
8.836386875E0,-7.870333557E0,-1.264270935E0,6.036646729E0
8.846381875E0,-7.903863831E0,-1.222657471E0,5.984555054E0
8.856376875E0,-7.934250641E0,-1.181493073E0,5.904471588E0
8.866371875E0,-7.958200836E0,-1.176852722E0,5.854026489E0
8.876365875E0,-7.944279785E0,-1.200353851E0,5.884113922E0
8.886360875E0,-7.920179901E0,-1.187330933E0,5.878874817E0
8.896355875E0,-7.853867798E0,-1.225351868E0,5.904471588E0
8.906350875E0,-7.821385345E0,-1.264121246E0,5.949378204E0
8.916344875E0,-7.790998535E0,-1.284329224E0,6.020330658E0
8.926339875E0,-7.748037872E0,-1.269809418E0,6.070775757E0
8.936334875E0,-7.743547211E0,-1.243613892E0,6.146368561E0
8.946329875E0,-7.748786316E0,-1.236129456E0,6.144721985E0
8.956324875E0,-7.779921570E0,-1.255439301E0,6.141877899E0
8.966318875E0,-7.801327057E0,-1.279838562E0,6.126310272E0
8.976313875E0,-7.873327332E0,-1.294807434E0,6.130800934E0
8.986308875E0,-7.929759979E0,-1.281784515E0,6.107898560E0
8.996303875E0,-7.933951263E0,-1.311422882E0,6.022276611E0
9.006297875E0,-7.956554260E0,-1.401385803E0,6.027366028E0
9.016292875E0,-7.987090759E0,-1.433119812E0,6.124963074E0
9.026287875E0,-7.976762238E0,-1.344803467E0,6.532266083E0
9.036282875E0,-8.048912201E0,-1.319057007E0,7.160210266E0
9.046276875E0,-8.220455475E0,-1.472787323E0,7.505392456E0
9.056271875E0,-8.482111359E0,-1.576820984E0,6.836283875E0
9.066266875E0,-8.769064636E0,-1.449136505E0,5.392236786E0
9.076261875E0,-8.665629730E0,-1.146016846E0,4.538412323E0
9.086255875E0,-9.012757874E0,-1.494791565E0,5.288203125E0
9.096250875E0,-1.005668701E1,-2.153871002E0,5.604046326E0
9.106245875E0,-1.033615585E1,-2.492167511E0,5.634582825E0
9.116240875E0,-1.042537033E1,-2.517315216E0,5.624703369E0
9.126235875E0,-1.035052597E1,-2.111808472E0,5.411396942E0
9.136229875E0,-9.939929810E0,-1.337019653E0,5.015170898E0
9.146224875E0,-9.735604706E0,-7.647596741E-1,4.849764862E0
9.156219875E0,-9.740544434E0,-4.806504822E-1,4.923860779E0
9.166214875E0,-9.752669220E0,-3.394940186E-1,5.157225494E0
9.176208875E0,-9.684560852E0,-2.029779053E-1,5.423521729E0
9.186203875E0,-9.561516724E0,-6.167175293E-2,5.765410767E0
9.196198875E0,-9.375004578E0,9.580078125E-2,5.913303223E0
9.206193875E0,-8.993747406E0,1.950444031E-1,6.055058441E0
9.216187875E0,-8.720864868E0,2.835104370E-1,5.992638245E0
9.226182875E0,-8.459658051E0,4.806504822E-1,5.919590149E0
9.236177875E0,-8.152047729E0,7.098239136E-1,5.882018280E0
9.246172875E0,-7.866591339E0,9.080117798E-1,5.815556488E0
9.256167875E0,-7.777077484E0,9.472302246E-1,5.697003021E0
9.266161875E0,-7.659272461E0,8.587641907E-1,5.519322510E0
9.276156875E0,-7.466323700E0,7.875123596E-1,5.442981262E0
9.286151875E0,-7.269932098E0,7.461982727E-1,5.474116516E0
9.296146875E0,-7.020251312E0,7.839198303E-1,5.462889862E0
9.306140875E0,-6.769223328E0,8.487350464E-1,5.502257996E0
9.316135875E0,-6.560108185E0,8.589138794E-1,5.621859283E0
9.326130875E0,-6.394552460E0,8.442443848E-1,5.716761932E0
9.336127625E0,-6.252497864E0,7.955955505E-1,5.782475281E0
9.346121625E0,-6.175258484E0,6.975494385E-1,5.918542328E0
9.356116625E0,-6.120921478E0,5.099894714E-1,6.116281128E0
9.366111625E0,-5.972430267E0,3.725752258E-1,6.222410431E0
9.376106625E0,-5.753435669E0,3.487747192E-1,6.259982300E0
9.386100625E0,-5.464985504E0,4.041595459E-1,6.292764130E0
9.396095625E0,-5.237159271E0,4.327500916E-1,6.361022186E0
9.406090625E0,-5.125491486E0,3.661386108E-1,6.501130829E0
9.416085625E0,-5.158423004E0,2.089654541E-1,6.642436981E0
9.426080625E0,-5.250331879E0,6.436614990E-2,6.715634766E0
9.436074625E0,-5.446873169E0,-4.894821167E-2,6.686295776E0
9.446069625E0,-5.762117615E0,-1.995350647E-1,6.613097992E0
9.456064625E0,-6.132896576E0,-4.122427368E-1,6.627917175E0
9.466059625E0,-6.469097443E0,-6.523434448E-1,6.659202118E0
9.476053625E0,-6.663243713E0,-8.806187439E-1,6.697372742E0
9.486048625E0,-6.724167023E0,-9.889933777E-1,6.695127411E0
9.496043625E0,-6.650370483E0,-9.629475403E-1,6.706803131E0
9.506038625E0,-6.552024994E0,-8.746311951E-1,6.753206635E0
9.516032625E0,-6.503974915E0,-7.836204529E-1,6.771318970E0
9.526027625E0,-6.468498688E0,-7.116201782E-1,6.799460449E0
9.536022625E0,-6.486910400E0,-6.976991272E-1,6.915319519E0
9.546017625E0,-6.498885498E0,-7.087760925E-1,7.039860535E0
9.556011625E0,-6.496490479E0,-7.777825928E-1,7.114555206E0
9.566006625E0,-6.564748535E0,-8.750802612E-1,7.131470032E0
9.576001625E0,-6.656358032E0,-1.029259644E0,7.189848633E0
9.585996625E0,-6.777605896E0,-1.225202179E0,7.156917114E0
9.595991625E0,-6.836134186E0,-1.338666229E0,7.076234894E0
9.605985625E0,-6.909182281E0,-1.448986816E0,7.078929291E0
9.615980625E0,-7.024592285E0,-1.536704407E0,7.162455597E0
9.625975625E0,-7.137607269E0,-1.615141296E0,7.180268555E0
9.635970625E0,-7.261549530E0,-1.710343323E0,7.144193573E0
9.645964625E0,-7.338788910E0,-1.815275116E0,7.066654816E0
9.655959625E0,-7.532186737E0,-1.980381775E0,7.069349213E0
9.665954625E0,-7.894583130E0,-2.294728088E0,7.120393066E0
9.675949625E0,-8.258775787E0,-2.652184753E0,7.140601044E0
9.685943625E0,-8.409212952E0,-2.829116821E0,7.020101624E0
9.695938625E0,-8.165220337E0,-2.718347168E0,6.826554108E0
9.705933625E0,-7.727829895E0,-2.482737122E0,6.554120636E0
9.715928625E0,-7.485034790E0,-2.256557465E0,6.326593781E0
9.725922625E0,-7.587272186E0,-2.116149445E0,6.245013428E0
9.735917625E0,-7.965834961E0,-2.160756683E0,6.258784790E0
9.745912625E0,-8.310867462E0,-2.231409760E0,6.246660004E0
9.755907625E0,-8.557704163E0,-2.218835907E0,6.194268951E0
9.765902625E0,-8.658744049E0,-2.046693878E0,6.159391479E0
9.775896625E0,-8.565787354E0,-1.701661377E0,6.064937897E0
9.785891625E0,-8.376880188E0,-1.295256500E0,5.971831512E0
9.795886625E0,-8.191715240E0,-9.553134155E-1,5.857918396E0
9.805881625E0,-8.027357025E0,-7.114704895E-1,5.852828979E0
9.815875625E0,-7.794591064E0,-5.432203674E-1,5.908962250E0
9.825870625E0,-7.486232300E0,-5.242098999E-1,6.013295288E0
9.835865625E0,-7.184160461E0,-6.240522766E-1,6.167923737E0
9.845860625E0,-7.037166138E0,-7.508386230E-1,6.364315338E0
9.855854625E0,-7.060667267E0,-7.985893250E-1,6.587201843E0
9.865849625E0,-7.076833649E0,-8.036787415E-1,6.797215118E0
9.875844625E0,-7.007378082E0,-7.228468323E-1,6.820865936E0
9.885839625E0,-6.903643799E0,-6.815327454E-1,6.702761536E0
9.895833625E0,-6.860084381E0,-7.185058594E-1,6.479126587E0
9.905828625E0,-6.838678894E0,-8.288264465E-1,6.241570587E0
9.915823625E0,-6.882687378E0,-9.562115479E-1,6.050867157E0
9.925818625E0,-7.021299133E0,-1.186881866E0,6.040987701E0
9.935813625E0,-7.195087738E0,-1.536554718E0,6.165828094E0
9.945807625E0,-7.223229218E0,-1.914967804E0,6.500981140E0
9.955802625E0,-7.037764893E0,-2.190095673E0,6.980883179E0
9.965797625E0,-6.525530090E0,-2.308948517E0,7.384294281E0
9.975792625E0,-5.935307465E0,-2.335892487E0,7.769143982E0
9.985786625E0,-5.461692352E0,-2.465822296E0,7.991282043E0
9.995781625E0,-5.155129852E0,-2.567311249E0,7.852520599E0
1.000577662E1,-5.213658142E0,-2.620301056E0,7.758965149E0
1.001577162E1,-5.792654114E0,-2.800675964E0,7.836354218E0
1.002576562E1,-6.481820984E0,-2.840792542E0,7.796537018E0
1.003576062E1,-7.062313843E0,-2.674338684E0,7.525600433E0
1.004575562E1,-7.477101288E0,-2.457589417E0,7.104226685E0
1.005575062E1,-7.664361877E0,-2.246977386E0,6.629863129E0
1.006574462E1,-7.745193787E0,-2.071841583E0,6.219416656E0
1.007573962E1,-7.827372894E0,-1.873354340E0,5.973029022E0
1.008573462E1,-7.896978149E0,-1.614841919E0,5.874982910E0
1.009572962E1,-7.959398346E0,-1.238674164E0,5.778283997E0
1.010572462E1,-8.040829010E0,-8.695417786E-1,5.743705902E0
1.011571862E1,-8.052804108E0,-5.414241028E-1,5.710325317E0
1.012571362E1,-7.999664612E0,-2.571652222E-1,5.707181854E0
1.013570862E1,-7.909552002E0,-8.801696777E-2,5.746100922E0
1.014570362E1,-7.810607758E0,-3.143463135E-3,5.747747498E0
1.015569762E1,-7.730823669E0,3.996688843E-2,5.781128082E0
1.016569262E1,-7.771688690E0,-2.874023438E-2,5.958808594E0
1.017568762E1,-7.805518341E0,-1.196012878E-1,6.048621826E0
1.018568262E1,-7.680977325E0,-9.086105347E-2,6.121819611E0
1.019567662E1,-7.109166412E0,5.583389282E-2,6.042484589E0
1.020567162E1,-6.689738617E0,-8.652008057E-2,6.417005768E0
1.021566662E1,-6.901997223E0,-3.712280273E-1,7.032974854E0
1.022566162E1,-7.155719604E0,-6.885681152E-1,7.466473389E0
1.023565562E1,-7.563172302E0,-9.274713135E-1,7.712861023E0
1.024565062E1,-7.920778656E0,-9.268725586E-1,7.617359619E0
1.025564562E1,-8.136330414E0,-7.569758606E-1,7.255262604E0
1.026564062E1,-8.175548859E0,-5.330415344E-1,6.908433838E0
1.027563462E1,-8.081244965E0,-3.858975220E-1,6.589447174E0
1.028562962E1,-7.998167725E0,-2.712359619E-1,6.424190826E0
1.029562462E1,-7.904462585E0,-2.112107849E-1,6.403533783E0
1.030561962E1,-7.855664063E0,-1.942959595E-1,6.425388336E0
1.031561462E1,-7.835456085E0,-1.558259583E-1,6.446943512E0
1.032560862E1,-7.793692932E0,-1.287322998E-1,6.362070007E0
1.033560362E1,-7.699389038E0,-1.008901978E-1,6.267915802E0
1.034559687E1,-7.620203705E0,-9.325607300E-2,6.217021637E0
1.035559187E1,-7.491172028E0,-1.001417542E-1,6.092031555E0
1.036558587E1,-7.440128174E0,-1.498384094E-1,5.901178436E0
1.037558087E1,-7.498955841E0,-2.273771667E-1,5.794001312E0
1.038557587E1,-7.613168335E0,-3.353027344E-1,5.707032166E0
1.039557087E1,-7.648045807E0,-4.375401306E-1,5.712720337E0
1.040556487E1,-7.610773315E0,-5.554948425E-1,5.845793610E0
1.041555987E1,-7.502398682E0,-6.816824341E-1,6.068081360E0
1.042555487E1,-7.416926422E0,-8.587641907E-1,6.266269226E0
1.043554987E1,-7.434589691E0,-1.153650970E0,6.413413239E0
1.044554487E1,-7.408244476E0,-1.406475220E0,6.459517365E0
1.045553887E1,-7.278763733E0,-1.604962463E0,6.509363708E0
1.046553387E1,-7.067702637E0,-1.791624298E0,6.521787872E0
1.047552887E1,-6.960824890E0,-1.977837067E0,6.511159973E0
1.048552387E1,-7.066205750E0,-2.149530029E0,6.511609039E0
1.049551787E1,-7.225923615E0,-2.241139526E0,6.531068573E0
1.050551287E1,-7.324867859E0,-2.265538788E0,6.503974915E0
1.051550787E1,-7.240593109E0,-2.241289215E0,6.418352966E0
1.052550287E1,-7.175328827E0,-2.335892487E0,6.262976074E0
1.053549687E1,-7.365882568E0,-2.399061127E0,6.326144714E0
1.054549187E1,-7.747588806E0,-2.472558289E0,6.532415771E0
1.055548687E1,-7.922724609E0,-2.387684784E0,6.609355774E0
1.056548187E1,-7.883506165E0,-2.200873260E0,6.566993866E0
1.057547587E1,-7.839497681E0,-2.079625397E0,6.533912659E0
1.058547087E1,-7.739206238E0,-2.000889130E0,6.453829193E0
1.059546587E1,-7.561675415E0,-1.917512512E0,6.429729309E0
1.060546087E1,-7.383994904E0,-1.879491577E0,6.432274017E0
1.061545487E1,-7.265142059E0,-1.752256165E0,6.435267792E0
1.062544987E1,-7.219187622E0,-1.610351257E0,6.460116119E0
1.063544487E1,-7.188651123E0,-1.491348724E0,6.422693939E0
1.064543987E1,-7.206464081E0,-1.413061523E0,6.405629425E0
1.065543387E1,-7.297025757E0,-1.385967865E0,6.397695923E0
1.066542887E1,-7.488327942E0,-1.418150940E0,6.343508606E0
1.067542387E1,-7.604935455E0,-1.411714325E0,6.319708099E0
1.068541887E1,-7.594157867E0,-1.348096619E0,6.217021637E0
1.069541387E1,-7.654632111E0,-1.350791016E0,6.093678131E0
1.070540787E1,-7.679929504E0,-1.328786774E0,6.034551086E0
1.071540287E1,-7.546556854E0,-1.249451752E0,5.951324158E0
1.072539787E1,-7.453749847E0,-1.256337433E0,6.022575989E0
1.073539287E1,-7.320526886E0,-1.267863464E0,5.970933380E0
1.074538687E1,-7.206164703E0,-1.165326691E0,5.868097229E0
1.075538187E1,-7.268285522E0,-1.135089569E0,5.893694000E0
1.076537687E1,-7.179370422E0,-1.098715210E0,5.882467346E0
1.077537187E1,-6.786437531E0,-9.618997192E-1,5.789360962E0
1.078536587E1,-6.588998108E0,-9.810598755E-1,5.783373413E0
1.079536087E1,-6.706054688E0,-1.078806610E0,5.755830688E0
1.080535587E1,-6.894961853E0,-1.149160309E0,5.797893219E0
1.081535087E1,-7.107819214E0,-1.182690582E0,6.044580231E0
1.082534587E1,-7.328161011E0,-1.162781982E0,6.356381836E0
1.083533987E1,-7.520061951E0,-1.157093811E0,6.597680054E0
1.084533487E1,-7.635771332E0,-1.155147858E0,6.763684845E0
1.085532987E1,-7.609276428E0,-1.139879608E0,6.887477417E0
1.086532487E1,-7.483088837E0,-1.114731903E0,6.966513062E0
1.087531887E1,-7.293732605E0,-1.077309723E0,7.015161896E0
1.088531387E1,-7.099736023E0,-1.020877075E0,7.021598511E0
1.089530887E1,-6.948400726E0,-9.518705750E-1,7.085216217E0
1.090530387E1,-6.768624573E0,-9.015751648E-1,7.216493225E0
1.091529787E1,-6.696025543E0,-9.035211182E-1,7.411088562E0
1.092529287E1,-6.688241730E0,-9.279203796E-1,7.533683624E0
1.093528787E1,-6.669680328E0,-9.479786682E-1,7.575895844E0
1.094528287E1,-6.743626556E0,-9.666897583E-1,7.443271637E0
1.095527687E1,-6.897207184E0,-9.987231445E-1,7.224875793E0
1.096527187E1,-7.041507111E0,-1.050814819E0,7.099736023E0
1.097526687E1,-7.156018982E0,-1.110989685E0,7.120093689E0
1.098526187E1,-7.181765442E0,-1.160686340E0,7.130122833E0
1.099525587E1,-7.075037384E0,-1.259780273E0,7.018904114E0
1.100525087E1,-7.265740814E0,-1.390608215E0,7.094347229E0
1.101524587E1,-7.401508484E0,-1.428479462E0,7.420668640E0
1.102524087E1,-7.525899811E0,-1.468596039E0,7.381300507E0
1.103523587E1,-7.344177704E0,-1.369801483E0,7.289840698E0
1.104522987E1,-7.121740265E0,-1.309776306E0,7.217091980E0
1.105522487E1,-7.099286957E0,-1.332379303E0,7.070696411E0
1.106521987E1,-7.051985321E0,-1.316212921E0,6.901997223E0
1.107521487E1,-6.967860260E0,-1.238075409E0,6.653513947E0
1.108520887E1,-6.966662750E0,-1.153052216E0,6.519991608E0
1.109520387E1,-7.089108124E0,-1.095721436E0,6.606362000E0
1.110519887E1,-7.176526337E0,-1.025068359E0,6.746620331E0
1.111519387E1,-7.239844666E0,-1.013392639E0,6.866820374E0
1.112518787E1,-7.330256653E0,-1.100661163E0,7.045249329E0
1.113518287E1,-7.322772217E0,-1.174906769E0,7.277865601E0
1.114517787E1,-7.226222992E0,-1.167721710E0,7.357350311E0
1.115517287E1,-7.058272247E0,-1.150657196E0,7.270231476E0
1.116516687E1,-6.964267731E0,-1.069076843E0,7.109316101E0
1.117516187E1,-7.200027466E0,-9.891430664E-1,7.040309601E0
1.118515687E1,-7.343578949E0,-9.885443115E-1,7.099736023E0
1.119515187E1,-7.298073578E0,-9.425898743E-1,7.093748474E0
1.120514687E1,-7.343728638E0,-8.966354370E-1,7.077282715E0
1.121514087E1,-7.298073578E0,-8.265811157E-1,7.031178589E0
1.122513587E1,-7.209607544E0,-7.789801025E-1,6.904541931E0
1.123513087E1,-7.126081238E0,-7.256909180E-1,6.801406403E0
1.124512587E1,-7.079378357E0,-6.741979980E-1,6.742578735E0
1.125511987E1,-7.042255554E0,-6.264472961E-1,6.669830017E0
1.126511487E1,-6.994355164E0,-5.608836365E-1,6.579717407E0
1.127510987E1,-6.912774811E0,-4.978646851E-1,6.629114685E0
1.128510487E1,-6.817572784E0,-4.529580688E-1,6.714287567E0
1.129509887E1,-6.804549866E0,-4.402345276E-1,6.810986481E0
1.130509387E1,-6.843169556E0,-5.210664368E-1,6.889273682E0
1.131508887E1,-6.876999207E0,-6.026467896E-1,6.876849518E0
1.132508387E1,-6.903045044E0,-7.232958984E-1,6.777755585E0
1.133507787E1,-6.922205200E0,-8.559201050E-1,6.708898773E0
1.134507287E1,-6.987768860E0,-9.608518982E-1,6.703809357E0
1.135506787E1,-7.071893921E0,-1.032552795E0,6.618337097E0
1.136506287E1,-7.167994080E0,-1.181193695E0,6.560856628E0
1.137505787E1,-7.308701477E0,-1.376088409E0,6.545289001E0
1.138505187E1,-7.397017822E0,-1.567240906E0,6.293811951E0
1.139504687E1,-7.364535370E0,-1.729653168E0,5.972729645E0
1.140504187E1,-7.353458405E0,-1.918410645E0,5.864953766E0
1.141503687E1,-7.429051208E0,-2.219883728E0,5.978866882E0
1.142503087E1,-7.507338409E0,-2.530637512E0,6.114933929E0
1.143502587E1,-7.455246735E0,-2.789598999E0,6.245911560E0
1.144502087E1,-7.352410583E0,-2.958148499E0,6.386319580E0
1.145501587E1,-7.217541046E0,-2.977009277E0,6.396498413E0
1.146500987E1,-7.088509369E0,-2.868484955E0,6.367159424E0
1.147500487E1,-6.990014191E0,-2.686313782E0,6.348298645E0
1.148499987E1,-6.949598236E0,-2.535128174E0,6.268963623E0
1.149499487E1,-7.005282440E0,-2.475701752E0,6.293063507E0
1.150498887E1,-7.270979919E0,-2.450104980E0,6.388864288E0
1.151498387E1,-7.403005371E0,-2.451452179E0,6.516997833E0
1.152497887E1,-7.330855408E0,-2.374063110E0,6.563251648E0
1.153497387E1,-7.320676575E0,-2.274370422E0,6.597081299E0
1.154496887E1,-7.257657623E0,-2.164049835E0,6.619983673E0
1.155496287E1,-7.062313843E0,-1.994901581E0,6.622678070E0
1.156495787E1,-6.814279633E0,-1.872156830E0,6.641239471E0
1.157495287E1,-6.677913208E0,-1.811832275E0,6.701713715E0
1.158494787E1,-6.589297485E0,-1.771416321E0,6.768175507E0
1.159494187E1,-6.573879547E0,-1.735640717E0,6.912475433E0
1.160493687E1,-6.564898224E0,-1.716181183E0,7.032076721E0
1.161493187E1,-6.628964996E0,-1.732646942E0,7.096143494E0
1.162492687E1,-6.617588654E0,-1.681752777E0,7.116501160E0
1.163492087E1,-6.638994141E0,-1.607207794E0,7.139702911E0
1.164491587E1,-6.668782196E0,-1.561552734E0,7.084916840E0
1.165491087E1,-6.824757843E0,-1.485361176E0,7.083719330E0
1.166490587E1,-6.984775085E0,-1.333876190E0,7.094796295E0
1.167489987E1,-7.318131866E0,-1.344204712E0,7.005132751E0
1.168489487E1,-7.441774750E0,-1.293909302E0,6.953490143E0
1.169488987E1,-7.331903229E0,-1.163231049E0,6.902146912E0
1.170488487E1,-7.222780151E0,-1.022523651E0,6.868317261E0
1.171487887E1,-7.149432678E0,-9.156459045E-1,6.936725006E0
1.172487387E1,-7.063062286E0,-8.321195984E-1,7.020550690E0
1.173486887E1,-6.883884888E0,-7.825726318E-1,7.161258087E0
1.174486387E1,-6.779402161E0,-8.111631775E-1,7.299420776E0
1.175485887E1,-6.743626556E0,-8.714877319E-1,7.380851440E0
1.176485287E1,-6.711593170E0,-8.671467590E-1,7.373816071E0
1.177484787E1,-6.741979980E0,-8.466394043E-1,7.311994629E0
1.178484287E1,-6.873706055E0,-8.566685486E-1,7.199578400E0
1.179483787E1,-6.959328003E0,-9.029223633E-1,7.156617737E0
1.180483187E1,-7.051536255E0,-9.449848938E-1,7.171436920E0
1.181482687E1,-7.047943726E0,-9.377998352E-1,7.238497467E0
1.182482187E1,-7.044351196E0,-9.722282410E-1,7.296576691E0
1.183481687E1,-6.930737457E0,-9.392967224E-1,7.353159027E0
1.184481087E1,-6.666237488E0,-8.277786255E-1,7.564968567E0
1.185480587E1,-6.658453674E0,-8.863069153E-1,7.691605225E0
1.186480087E1,-6.601721649E0,-9.303153992E-1,7.718399506E0
1.187479587E1,-6.391109619E0,-9.032217407E-1,7.745044098E0
1.188478987E1,-6.280339966E0,-9.223818970E-1,7.727979584E0
1.189478487E1,-6.237229614E0,-9.292675781E-1,7.718249817E0
1.190477987E1,-6.146218872E0,-9.385482788E-1,7.670499115E0
1.191477487E1,-6.069877625E0,-9.015751648E-1,7.624694366E0
1.192476987E1,-6.062393188E0,-9.108558655E-1,7.578590240E0
1.193476387E1,-6.141877899E0,-9.626481628E-1,7.565267944E0
1.194475887E1,-6.216722260E0,-9.858499146E-1,7.552544403E0
1.195475387E1,-6.228397980E0,-1.006057892E0,7.540120239E0
1.196474887E1,-6.265969849E0,-1.002315674E0,7.524552612E0
1.197474287E1,-6.263724518E0,-9.656419373E-1,7.425458679E0
1.198473787E1,-6.194119263E0,-9.258247375E-1,7.338190155E0
1.199473287E1,-6.049669647E0,-9.330097961E-1,7.363038483E0
1.200472787E1,-5.920188904E0,-9.892927551E-1,7.398664398E0
1.201472187E1,-5.745651855E0,-9.681866455E-1,7.726033630E0
1.202471687E1,-5.641767883E0,-8.849597168E-1,7.975714417E0
1.203471187E1,-5.722899170E0,-8.990304565E-1,8.020770721E0
1.204470687E1,-5.631439362E0,-8.652008057E-1,8.085735626E0
1.205470087E1,-5.634732513E0,-9.086105347E-1,8.011490021E0
1.206469587E1,-5.789061584E0,-9.699829102E-1,7.839946747E0
1.207469087E1,-5.819897461E0,-9.678872681E-1,7.710166626E0
1.208468587E1,-5.843697968E0,-9.294172668E-1,7.553741913E0
1.209467987E1,-5.965843964E0,-9.154962158E-1,7.484885101E0
1.210467487E1,-6.037694550E0,-9.213340759E-1,7.498506775E0
1.211466987E1,-6.092031555E0,-9.644444275E-1,7.632927246E0
1.212466487E1,-6.114335175E0,-1.017434235E0,7.812104645E0
1.213465987E1,-6.101012878E0,-1.034648438E0,7.946076050E0
1.214465387E1,-6.127956848E0,-1.036594391E0,7.993677063E0
1.215464887E1,-6.086493073E0,-1.043180695E0,7.982899475E0
1.216464387E1,-6.002966766E0,-1.057101746E0,7.942333832E0
1.217463887E1,-5.950575714E0,-1.060843964E0,7.838898926E0
1.218463287E1,-5.866450653E0,-1.074765015E0,7.706574097E0
1.219462787E1,-5.819598083E0,-1.088087311E0,7.662266235E0
1.220462287E1,-5.832770691E0,-1.131946106E0,7.788304138E0
1.221461787E1,-5.989943848E0,-1.176703033E0,7.890691223E0
1.222461187E1,-6.066135406E0,-1.150208130E0,7.964637451E0
1.223460687E1,-6.081403656E0,-1.111887817E0,7.974666595E0
1.224460187E1,-6.171965332E0,-1.179696808E0,7.843688965E0
1.225459687E1,-6.214626617E0,-1.210083618E0,7.634274445E0
1.226459087E1,-6.048322449E0,-1.161584473E0,7.445816345E0
1.227458587E1,-5.766308899E0,-1.145268402E0,7.232958984E0
1.228458087E1,-5.742508392E0,-1.278940430E0,7.234605560E0
1.229457587E1,-5.802084503E0,-1.215023346E0,7.486381989E0
1.230457087E1,-6.021528168E0,-1.231040039E0,7.533234558E0
1.231456487E1,-6.114634552E0,-1.346000977E0,7.589218140E0
1.232455987E1,-6.090384979E0,-1.357826385E0,7.658823395E0
1.233455487E1,-6.275998993E0,-1.366807709E0,7.673792267E0
1.234455000E1,-6.376589813E0,-1.355281677E0,7.614066467E0
1.235454400E1,-6.373596039E0,-1.317859497E0,7.525750122E0
1.236453900E1,-6.246510315E0,-1.298849030E0,7.436685333E0
1.237453400E1,-6.098767548E0,-1.264570312E0,7.437882843E0
1.238452900E1,-5.975274353E0,-1.206191711E0,7.471413116E0
1.239452300E1,-5.913003845E0,-1.146166534E0,7.438631287E0
1.240451800E1,-5.947731628E0,-1.108145599E0,7.416776733E0
1.241451300E1,-6.003565521E0,-1.069376221E0,7.377408600E0
1.242450800E1,-5.994135132E0,-1.096469879E0,7.467820587E0
1.243450200E1,-6.058800659E0,-1.140628052E0,7.573351135E0
1.244449700E1,-6.128854980E0,-1.154249725E0,7.619754639E0
1.245449200E1,-6.184688873E0,-1.159788208E0,7.557035065E0
1.246448700E1,-6.282136230E0,-1.229992218E0,7.506739655E0
1.247448200E1,-6.287075958E0,-1.225800934E0,7.623496857E0
1.248447600E1,-6.396348724E0,-1.196162567E0,7.757318573E0
1.249447100E1,-6.417305145E0,-1.159339142E0,7.763755188E0
1.250446600E1,-6.318510590E0,-1.097966766E0,7.775730286E0
1.251446100E1,-6.305188293E0,-1.089434509E0,7.899373169E0
1.252445500E1,-6.321055298E0,-1.074765015E0,8.005652161E0
1.253445000E1,-6.271208954E0,-1.037043457E0,7.975864105E0
1.254444500E1,-6.208489380E0,-9.906399536E-1,7.873027954E0
1.255444000E1,-6.185587006E0,-9.672885132E-1,7.729626160E0
1.256443400E1,-6.142177277E0,-9.550140381E-1,7.622748413E0
1.257442900E1,-6.145919495E0,-9.422904968E-1,7.561825104E0
1.258442400E1,-6.184239807E0,-9.488768005E-1,7.547904053E0
1.259441900E1,-6.230044556E0,-9.496252441E-1,7.549101563E0
1.260441300E1,-6.252198486E0,-9.521699524E-1,7.558981018E0
1.261440800E1,-6.227350159E0,-9.668394470E-1,7.555089111E0
1.262440300E1,-6.228098602E0,-9.982740784E-1,7.547305298E0
1.263439800E1,-6.209387512E0,-9.797126770E-1,7.539970551E0
1.264439300E1,-6.172564087E0,-9.454339600E-1,7.529941406E0
1.265438700E1,-6.174959106E0,-9.175918579E-1,7.568710785E0
1.266438200E1,-6.179599457E0,-8.966354370E-1,7.577692108E0
1.267437700E1,-6.156397705E0,-8.893006897E-1,7.602989502E0
1.268437200E1,-6.150110779E0,-9.180409241E-1,7.616311798E0
1.269436600E1,-6.155349884E0,-9.318122864E-1,7.636070709E0
1.270436100E1,-6.183641052E0,-9.325607300E-1,7.665559387E0
1.271435600E1,-6.217321014E0,-9.428892517E-1,7.679480438E0
1.272435100E1,-6.306685181E0,-9.333091736E-1,7.672295380E0
1.273434500E1,-6.385421448E0,-9.313632202E-1,7.635471954E0
1.274434000E1,-6.420747986E0,-9.066645813E-1,7.624993744E0
1.275433500E1,-6.435417480E0,-8.758287048E-1,7.634124756E0
1.276433000E1,-6.380781097E0,-8.896000671E-1,7.623047791E0
1.277432400E1,-6.299350433E0,-8.647517395E-1,7.684270477E0
1.278431900E1,-6.286177826E0,-8.234376526E-1,7.756270752E0
1.279431400E1,-6.235133972E0,-8.268804932E-1,7.807314606E0
1.280430900E1,-6.216572571E0,-8.057743835E-1,7.837851105E0
1.281430400E1,-6.236481171E0,-8.226892090E-1,7.886050873E0
1.282429800E1,-6.261179810E0,-8.566685486E-1,7.838898926E0
1.283429300E1,-6.302493896E0,-8.756790161E-1,7.760611725E0
1.284428800E1,-6.290967865E0,-9.050180054E-1,7.714357910E0
1.285428300E1,-6.303990784E0,-9.316625977E-1,7.691455536E0
1.286427700E1,-6.306086426E0,-9.515711975E-1,7.671546936E0
1.287427200E1,-6.255192261E0,-9.618997192E-1,7.685917053E0
1.288426700E1,-6.240822144E0,-9.797126770E-1,7.702233124E0
1.289426200E1,-6.226751404E0,-9.861492920E-1,7.710915070E0
1.290425600E1,-6.181994476E0,-9.804611206E-1,7.738607483E0
1.291425100E1,-6.139033813E0,-9.560618591E-1,7.696844330E0
1.292424600E1,-6.134992218E0,-9.505233765E-1,7.656578064E0
1.293424100E1,-6.118975525E0,-9.581575012E-1,7.642357635E0
1.294423500E1,-6.144123230E0,-9.981243896E-1,7.618706818E0
1.295423000E1,-6.157295837E0,-1.021475830E0,7.600594482E0
1.296422500E1,-6.140081635E0,-1.019829254E0,7.592361603E0
1.297422000E1,-6.155499573E0,-1.012943573E0,7.624844055E0
1.298421500E1,-6.153852997E0,-1.003363495E0,7.633526001E0
1.299420900E1,-6.134243774E0,-1.012344818E0,7.607180786E0
1.300420400E1,-6.105204163E0,-1.009351044E0,7.598199463E0
1.301419900E1,-6.065985718E0,-1.013991394E0,7.591912537E0
1.302419400E1,-6.064189453E0,-1.015488281E0,7.597600708E0
1.303418800E1,-5.999074860E0,-1.018032990E0,7.590265961E0
1.304418300E1,-5.977519684E0,-1.025517426E0,7.590715027E0
1.305417800E1,-5.971831512E0,-1.028960266E0,7.592810669E0
1.306417300E1,-5.976621552E0,-1.010548553E0,7.550897827E0
1.307416700E1,-5.990093536E0,-9.722282410E-1,7.540868683E0
1.308416200E1,-5.985153809E0,-9.517208862E-1,7.527546387E0
1.309415700E1,-5.967789917E0,-9.288185120E-1,7.508685608E0
1.310415200E1,-5.955964508E0,-9.310638428E-1,7.523654480E0
1.311414600E1,-5.955515442E0,-9.283694458E-1,7.505093079E0
1.312414100E1,-5.923931122E0,-9.425898743E-1,7.499404907E0
1.313413600E1,-5.942941589E0,-9.485774231E-1,7.504793701E0
1.314413100E1,-5.958958282E0,-9.710307312E-1,7.525301056E0
1.315412500E1,-5.982309723E0,-1.017284546E0,7.535779266E0
1.316412000E1,-6.050567780E0,-1.047222290E0,7.502548370E0
1.317411500E1,-6.156397705E0,-1.073717194E0,7.511080627E0
1.318411000E1,-6.310128021E0,-1.113384705E0,7.471413116E0
1.319410500E1,-6.457721100E0,-1.111289062E0,7.475754089E0
1.320409900E1,-6.607858887E0,-1.125958557E0,7.435038757E0
1.321409400E1,-6.668931885E0,-1.073417816E0,7.420518951E0
1.322408900E1,-6.667285309E0,-1.058149567E0,7.460336151E0
1.323408400E1,-6.639892273E0,-1.087189178E0,7.483687592E0
1.324407800E1,-6.578220520E0,-1.052461395E0,7.531887360E0
1.325407300E1,-6.505621490E0,-1.024918671E0,7.637118530E0
1.326406800E1,-6.432274017E0,-1.023721161E0,7.733218689E0
1.327406300E1,-6.402036896E0,-1.028361511E0,7.796986084E0
1.328405700E1,-6.396648102E0,-1.059047699E0,7.796087952E0
1.329405200E1,-6.367608490E0,-1.052611084E0,7.754474487E0
1.330404700E1,-6.364465027E0,-1.007704468E0,7.668104095E0
1.331404200E1,-6.368356934E0,-9.867480469E-1,7.615713043E0
1.332403600E1,-6.394702148E0,-9.611512756E-1,7.589816895E0
1.333403100E1,-6.442602539E0,-9.545649719E-1,7.567662964E0
1.334402587E1,-6.424490204E0,-9.773176575E-1,7.572003937E0
1.335402087E1,-6.393504639E0,-1.001866608E0,7.579188995E0
1.336401587E1,-6.380481720E0,-1.044976959E0,7.592960358E0
1.337400987E1,-6.362968140E0,-1.044378204E0,7.599995728E0
1.338400487E1,-6.326144714E0,-1.043180695E0,7.592211914E0
1.339399987E1,-6.300697632E0,-1.044677582E0,7.578141174E0
1.340399487E1,-6.316265259E0,-1.068927155E0,7.601492615E0
1.341398887E1,-6.299200745E0,-1.068627777E0,7.606881409E0
1.342398387E1,-6.282435608E0,-1.069525909E0,7.579787750E0
1.343397887E1,-6.287525024E0,-1.087338867E0,7.562872925E0
1.344397387E1,-6.306984558E0,-1.113235016E0,7.580087128E0
1.345396787E1,-6.261778564E0,-1.121018829E0,7.563771057E0
1.346396287E1,-6.299500122E0,-1.123713226E0,7.524402924E0
1.347395787E1,-6.304888916E0,-1.104253693E0,7.511230316E0
1.348395287E1,-6.288572845E0,-1.091530151E0,7.456444244E0
1.349394687E1,-6.297853546E0,-1.072519684E0,7.454797668E0
1.350394187E1,-6.332132263E0,-1.100212097E0,7.459438019E0
1.351393687E1,-6.335874481E0,-1.092128906E0,7.459138641E0
1.352393187E1,-6.354585571E0,-1.085243225E0,7.452402649E0
1.353392587E1,-6.372099152E0,-1.094074860E0,7.458988953E0
1.354392087E1,-6.355334015E0,-1.097218323E0,7.471113739E0
1.355391587E1,-6.318660278E0,-1.098565521E0,7.486980743E0
1.356391087E1,-6.325845337E0,-1.109492798E0,7.510631561E0
1.357390587E1,-6.298452301E0,-1.093775482E0,7.524702301E0
1.358389987E1,-6.300098877E0,-1.103056183E0,7.540269928E0
1.359389487E1,-6.292913818E0,-1.111289062E0,7.532785492E0
1.360388987E1,-6.298302612E0,-1.144819336E0,7.515122223E0
1.361388487E1,-6.312672729E0,-1.166075134E0,7.479496307E0
1.362387887E1,-6.313271484E0,-1.161584473E0,7.479645996E0
1.363387387E1,-6.350843353E0,-1.139879608E0,7.464078369E0
1.364386887E1,-6.344556427E0,-1.143023071E0,7.466174011E0
1.365386387E1,-6.309828644E0,-1.128802643E0,7.459737396E0
1.366385787E1,-6.298751678E0,-1.117575989E0,7.431146851E0
1.367385287E1,-6.278693390E0,-1.126856689E0,7.437733154E0
1.368384787E1,-6.276148682E0,-1.123713226E0,7.425159302E0
1.369384287E1,-6.274801483E0,-1.105451202E0,7.436535645E0
1.370383687E1,-6.272556152E0,-1.119222565E0,7.444319458E0
1.371383187E1,-6.289770355E0,-1.160237274E0,7.463329926E0
1.372382687E1,-6.289021912E0,-1.160536652E0,7.476652222E0
1.373382187E1,-6.253545685E0,-1.179098053E0,7.464826813E0
1.374381687E1,-6.244714050E0,-1.163530426E0,7.456893311E0
1.375381087E1,-6.236032104E0,-1.166823578E0,7.494764557E0
1.376380587E1,-6.212231598E0,-1.179696808E0,7.515571289E0
1.377380087E1,-6.206393738E0,-1.186133423E0,7.527546387E0
1.378379587E1,-6.194119263E0,-1.195264435E0,7.454647980E0
1.379378987E1,-6.158343658E0,-1.250798950E0,7.397167511E0
1.380378487E1,-6.164630585E0,-1.288370819E0,7.400011597E0
1.381377987E1,-6.164780273E0,-1.345851288E0,7.423961792E0
1.382377487E1,-6.144572296E0,-1.318607941E0,7.399113464E0
1.383376887E1,-6.128705292E0,-1.269060974E0,7.381300507E0
1.384376387E1,-6.126609650E0,-1.239272919E0,7.392826538E0
1.385375887E1,-6.123316498E0,-1.230740662E0,7.425009613E0
1.386375387E1,-6.103407898E0,-1.279988251E0,7.416776733E0
1.387374787E1,-6.152206421E0,-1.320703583E0,7.420818329E0
1.388374287E1,-6.178252258E0,-1.360221405E0,7.435188446E0
1.389373787E1,-6.240672455E0,-1.331032104E0,7.425608368E0
1.390373287E1,-6.334078217E0,-1.330433350E0,7.370073853E0
1.391372787E1,-6.466103668E0,-1.306183777E0,7.322772217E0
1.392372187E1,-6.576573944E0,-1.260828094E0,7.260501709E0
1.393371687E1,-6.659800873E0,-1.268162842E0,7.177873535E0
1.394371187E1,-6.737788696E0,-1.315614166E0,7.152127075E0
1.395370687E1,-6.810088348E0,-1.364712067E0,7.123536530E0
1.396370087E1,-6.798412628E0,-1.370699615E0,7.119345245E0
1.397369587E1,-6.765032043E0,-1.355581055E0,7.114555206E0
1.398369087E1,-6.739734650E0,-1.339264984E0,7.109765167E0
1.399368587E1,-6.735094299E0,-1.336869965E0,7.172484741E0
1.400367987E1,-6.736291809E0,-1.326541443E0,7.219037933E0
1.401367487E1,-6.793472900E0,-1.307530975E0,7.263495483E0
1.402366987E1,-6.824608154E0,-1.344055023E0,7.288194122E0
1.403366487E1,-6.800059204E0,-1.382974091E0,7.284601593E0
1.404365887E1,-6.828200684E0,-1.459465027E0,7.261699219E0
1.405365387E1,-6.837481384E0,-1.476679230E0,7.193890228E0
1.406364887E1,-6.831643524E0,-1.511706390E0,7.125931549E0
1.407364387E1,-6.808890839E0,-1.571881256E0,7.079378357E0
1.408363887E1,-6.783443756E0,-1.607357483E0,7.069947968E0
1.409363287E1,-6.762487335E0,-1.623374176E0,7.052284698E0
1.410362787E1,-6.734794922E0,-1.621877289E0,7.047644348E0
1.411362287E1,-6.753955078E0,-1.571432190E0,7.043303375E0
1.412361787E1,-6.815477142E0,-1.520837402E0,7.035070496E0
1.413361187E1,-6.936425629E0,-1.522783356E0,6.995702362E0
1.414360687E1,-7.045698395E0,-1.542691956E0,6.919211426E0
1.415360187E1,-7.092401276E0,-1.551673279E0,6.812483368E0
1.416359687E1,-7.088359680E0,-1.607207794E0,6.722670135E0
1.417359087E1,-7.108417969E0,-1.687590637E0,6.650520172E0
1.418358587E1,-7.142397308E0,-1.764979706E0,6.610104218E0
1.419358087E1,-7.143445129E0,-1.808539124E0,6.598877563E0
1.420357587E1,-7.148833923E0,-1.892664185E0,6.617588654E0
1.421356987E1,-7.151977386E0,-1.936073914E0,6.609804840E0
1.422356487E1,-7.123536530E0,-1.870510254E0,6.590345306E0
1.423355987E1,-7.041507111E0,-1.634750519E0,6.486161957E0
1.424355487E1,-7.003785553E0,-1.409618683E0,6.322402496E0
1.425354987E1,-7.041956177E0,-1.214274902E0,6.214327240E0
1.426354387E1,-7.119944000E0,-1.027912445E0,6.218668213E0
1.427353887E1,-7.210355988E0,-8.337661743E-1,6.308481445E0
1.428353387E1,-7.250921631E0,-6.771917725E-1,6.414760437E0
1.429352887E1,-7.303013306E0,-5.780978394E-1,6.528224487E0
1.430352287E1,-7.349416809E0,-5.397775269E-1,6.629563751E0
1.431351787E1,-7.374714203E0,-5.143304443E-1,6.771169281E0
1.432351287E1,-7.445217590E0,-4.845423889E-1,6.775510254E0
1.433350787E1,-7.532785492E0,-4.186793518E-1,6.694678345E0
1.434350250E1,-7.526648254E0,-3.784130859E-1,6.737788696E0
1.435349750E1,-7.522007904E0,-3.188369751E-1,6.789880371E0
1.436349250E1,-7.495812378E0,-2.273771667E-1,6.837631073E0
1.437348750E1,-7.425009613E0,-1.962419128E-1,6.911277924E0
1.438348150E1,-7.290439453E0,-2.486329651E-1,6.891069946E0
1.439347650E1,-7.273674316E0,-2.835104370E-1,6.919959869E0
1.440347150E1,-7.490872650E0,-3.094065857E-1,7.188800812E0
1.441346650E1,-7.815547485E0,-3.553610229E-1,7.381450195E0
1.442346150E1,-8.008047180E0,-3.255729675E-1,7.433392181E0
1.443345550E1,-8.099207611E0,-2.772235107E-1,7.389982452E0
1.444345050E1,-8.106242981E0,-1.670526123E-1,7.173233185E0
1.445344550E1,-8.026159515E0,-7.394622803E-2,6.924899597E0
1.446344050E1,-7.951764221E0,-1.167572021E-2,6.810238037E0
1.447343450E1,-7.912096710E0,2.544708252E-3,6.787335663E0
1.448342950E1,-7.868237915E0,-2.424957275E-2,6.783892822E0
1.449342450E1,-7.828720093E0,-7.289840698E-2,6.791526947E0
1.450341950E1,-7.803422699E0,-9.430389404E-2,6.794969788E0
1.451341350E1,-7.732021179E0,-1.556762695E-1,6.763235779E0
1.452340850E1,-7.580985260E0,-1.797761536E-1,6.680008850E0
1.453340350E1,-7.413932648E0,-1.781295776E-1,6.578070831E0
1.454339850E1,-7.222480774E0,-1.438508606E-1,6.478078766E0
1.455339250E1,-7.057374115E0,-1.038839722E-1,6.417305145E0
1.456338750E1,-6.910828857E0,-8.038284302E-2,6.358477478E0
1.457338250E1,-6.824458466E0,-1.422042847E-1,6.337221680E0
1.458337750E1,-6.804250488E0,-2.954855347E-1,6.339017944E0
1.459337250E1,-6.869664459E0,-5.535488892E-1,6.345753937E0
1.460336650E1,-7.034471741E0,-9.235794067E-1,6.361620941E0
1.461336150E1,-7.160210266E0,-1.250798950E0,6.350394287E0
1.462335650E1,-7.282206573E0,-1.563648376E0,6.245462494E0
1.463335150E1,-7.332052917E0,-1.810485077E0,6.118975525E0
1.464334550E1,-7.293582916E0,-1.991608429E0,6.024222565E0
1.465334050E1,-7.175029449E0,-2.131268005E0,6.013145599E0
1.466333550E1,-7.061415710E0,-2.208956451E0,6.058351593E0
1.467333050E1,-6.977739716E0,-2.302062836E0,6.076164551E0
1.468332450E1,-6.867119751E0,-2.338586884E0,6.059549103E0
1.469331950E1,-6.473288727E0,-2.259551239E0,6.008505249E0
1.470331450E1,-6.154002686E0,-2.361938324E0,5.887257385E0
1.471330950E1,-6.529721375E0,-2.659070435E0,6.095624084E0
1.472330350E1,-7.212002563E0,-2.850522308E0,6.390660553E0
1.473329850E1,-7.616012421E0,-2.825673981E0,6.453829193E0
1.474329350E1,-7.745792542E0,-2.523602142E0,6.428831177E0
1.475328850E1,-7.651638336E0,-2.176623688E0,6.211632843E0
1.476328250E1,-7.568710785E0,-1.935026093E0,5.982309723E0
1.477327750E1,-7.498656464E0,-1.817520447E0,5.944887543E0
1.478327250E1,-7.407496033E0,-1.780098267E0,6.020929413E0
1.479326750E1,-7.375013580E0,-1.786834259E0,6.247707825E0
1.480326250E1,-7.370073853E0,-1.822310486E0,6.475384369E0
1.481325650E1,-7.362739105E0,-1.817819824E0,6.599326630E0
1.482325150E1,-7.303761749E0,-1.746118927E0,6.614594879E0
1.483324650E1,-7.247778168E0,-1.608554993E0,6.610104218E0
1.484324150E1,-7.305408325E0,-1.549278259E0,6.631659393E0
1.485323550E1,-7.411537628E0,-1.464255066E0,6.682403870E0
1.486323050E1,-7.492070160E0,-1.378483429E0,6.744973755E0
1.487322550E1,-7.635022888E0,-1.307980042E0,6.809040527E0
1.488322050E1,-7.736362152E0,-1.193318481E0,6.793472900E0
1.489321450E1,-7.709567871E0,-1.076561279E0,6.796017609E0
1.490320950E1,-7.697742462E0,-9.934840393E-1,6.755302277E0
1.491320450E1,-7.609276428E0,-9.247769165E-1,6.769522705E0
1.492319950E1,-7.478897552E0,-8.170010376E-1,6.740183716E0
1.493319450E1,-7.281607819E0,-6.911128235E-1,6.717730408E0
1.494318850E1,-7.198231201E0,-5.824388123E-1,6.680457916E0
1.495318350E1,-7.256759491E0,-5.225633240E-1,6.704857178E0
1.496317850E1,-7.332052917E0,-4.851411438E-1,6.725963287E0
1.497317350E1,-7.404352570E0,-4.382885742E-1,6.730154572E0
1.498316750E1,-7.510631561E0,-4.590953064E-1,6.732399902E0
1.499316250E1,-7.605534210E0,-4.659809875E-1,6.733447723E0
1.500315750E1,-7.516020355E0,-3.800596619E-1,6.900650024E0
1.501315250E1,-7.688910828E0,-4.225712585E-1,6.900500336E0
1.502314650E1,-7.644303589E0,-4.264631653E-1,6.841373291E0
1.503314150E1,-7.444918213E0,-3.721261597E-1,6.864125977E0
1.504313650E1,-7.388036499E0,-3.570075989E-1,6.774911499E0
1.505313150E1,-7.309449921E0,-3.463796997E-1,6.630761261E0
1.506312550E1,-7.256460114E0,-3.421884155E-1,6.429130554E0
1.507312050E1,-7.254663849E0,-3.896397400E-1,6.296356659E0
1.508311550E1,-7.324418793E0,-4.839436340E-1,6.258036346E0
1.509311050E1,-7.381599884E0,-6.090834045E-1,6.237079926E0
1.510310550E1,-7.450756073E0,-7.509883118E-1,6.284381561E0
1.511309950E1,-7.538024597E0,-8.951385498E-1,6.312822418E0
1.512309450E1,-7.632927246E0,-1.036444702E0,6.286177826E0
1.513308950E1,-7.663314056E0,-1.123264160E0,6.317762146E0
1.514308450E1,-7.596852264E0,-1.160536652E0,6.422843628E0
1.515307850E1,-7.589667206E0,-1.210233307E0,6.443350983E0
1.516307350E1,-7.501650238E0,-1.240171051E0,6.474785614E0
1.517306850E1,-7.383246460E0,-1.236279144E0,6.469097443E0
1.518306350E1,-7.234904938E0,-1.255738678E0,6.438710632E0
1.519305750E1,-7.116501160E0,-1.309177551E0,6.436914368E0
1.520305250E1,-7.110812988E0,-1.410816193E0,6.503825226E0
1.521304750E1,-7.189549255E0,-1.575922852E0,6.570736084E0
1.522304250E1,-7.289691010E0,-1.748963013E0,6.676865387E0
1.523303650E1,-7.276817780E0,-1.836830292E0,6.737040253E0
1.524303150E1,-7.233108673E0,-1.863474884E0,6.699169006E0
1.525302650E1,-7.234156494E0,-1.940863953E0,6.615043945E0
1.526302150E1,-6.921606445E0,-1.787283325E0,6.854396210E0
1.527301650E1,-6.784641266E0,-1.710792389E0,6.853797455E0
1.528301050E1,-6.790628815E0,-1.710193634E0,6.854845276E0
1.529300550E1,-6.552174683E0,-1.660347290E0,6.900200958E0
1.530300050E1,-6.419251099E0,-1.643582153E0,6.860683136E0
1.531299550E1,-6.459816742E0,-1.689237213E0,6.816524963E0
1.532298950E1,-6.480773163E0,-1.713037720E0,6.845265198E0
1.533298450E1,-6.527476044E0,-1.665736084E0,6.965016174E0
1.534297904E1,-6.539600830E0,-1.576970673E0,6.990163879E0
1.535297404E1,-6.628815308E0,-1.554217987E0,7.088808746E0
1.536296804E1,-6.670578461E0,-1.426084442E0,7.084617462E0
1.537296304E1,-6.794670410E0,-1.386267242E0,7.182813263E0
1.538295804E1,-6.942562866E0,-1.453776855E0,7.251520386E0
1.539295304E1,-6.987170105E0,-1.431024170E0,7.198231201E0
1.540294704E1,-7.035818939E0,-1.363215179E0,7.189100189E0
1.541294204E1,-7.129224701E0,-1.268761597E0,7.157366180E0
1.542293704E1,-7.183561707E0,-1.152453461E0,7.090754700E0
1.543293204E1,-7.148684235E0,-9.925859070E-1,7.026238861E0
1.544292604E1,-7.123536530E0,-8.533753967E-1,7.005881195E0
1.545292104E1,-7.106172638E0,-7.614665222E-1,6.964716797E0
1.546291604E1,-7.188651123E0,-7.035369873E-1,6.996750183E0
1.547291104E1,-7.269782410E0,-6.942562866E-1,7.029681702E0
1.548290604E1,-7.303312683E0,-6.008505249E-1,6.904841309E0
1.549290004E1,-7.291038208E0,-3.999682617E-1,6.824009399E0
1.550289504E1,-7.569459229E0,-4.206253052E-1,6.899901581E0
1.551289004E1,-7.635771332E0,-3.849993896E-1,6.816824341E0
1.552288504E1,-7.495513000E0,-2.396516418E-1,6.649771729E0
1.553287904E1,-7.460785217E0,-1.451980591E-1,6.566993866E0
1.554287404E1,-7.429051208E0,-9.026229858E-2,6.488407288E0
1.555286904E1,-7.377707977E0,-6.885681152E-2,6.475234680E0
1.556286404E1,-7.314239960E0,-1.212478638E-1,6.510561218E0
1.557285804E1,-7.316634979E0,-2.221380615E-1,6.570586395E0
1.558285304E1,-7.353907471E0,-3.285667419E-1,6.583908691E0
1.559284804E1,-7.388036499E0,-4.469705200E-1,6.527476044E0
1.560284304E1,-7.441774750E0,-5.227130127E-1,6.428382111E0
1.561283704E1,-7.707921295E0,-6.394702148E-1,6.533912659E0
1.562283204E1,-7.831115112E0,-7.161108398E-1,6.618486786E0
1.563282704E1,-7.721393280E0,-7.062313843E-1,6.597979431E0
1.564282204E1,-7.577991486E0,-6.965016174E-1,6.571933594E0
1.565281604E1,-7.427704010E0,-6.560856628E-1,6.496789856E0
1.566281104E1,-7.262148285E0,-6.885681152E-1,6.406826935E0
1.567280604E1,-7.130422211E0,-7.801776123E-1,6.416856079E0
1.568280104E1,-7.004833374E0,-8.523275757E-1,6.430477753E0
1.569279604E1,-6.976392517E0,-9.163943481E-1,6.410868530E0
1.570279004E1,-7.029981079E0,-9.895921326E-1,6.457421722E0
1.571278504E1,-7.196285248E0,-1.104253693E0,6.477929077E0
1.572278004E1,-7.298372955E0,-1.175954590E0,6.503525848E0
1.573277504E1,-7.341483307E0,-1.219813385E0,6.533613281E0
1.574276904E1,-7.354206848E0,-1.289418640E0,6.551426239E0
1.575276404E1,-7.282655640E0,-1.371597748E0,6.491700439E0
1.576275904E1,-7.142996063E0,-1.375190277E0,6.575226746E0
1.577275404E1,-6.949298859E0,-1.270557861E0,6.757547607E0
1.578274804E1,-7.032525787E0,-1.287921753E0,6.804699554E0
1.579274304E1,-6.936126251E0,-1.252595215E0,6.796915741E0
1.580273804E1,-6.781647491E0,-1.218466187E0,6.746620331E0
1.581273304E1,-6.733447723E0,-1.261726227E0,6.737489319E0
1.582272704E1,-6.731801147E0,-1.312470703E0,6.727011108E0
1.583272204E1,-6.851103058E0,-1.396595764E0,6.779102783E0
1.584271704E1,-6.995552673E0,-1.415755920E0,6.845115509E0
1.585271204E1,-7.135511627E0,-1.374890900E0,6.896907806E0
1.586270704E1,-7.198680267E0,-1.290765839E0,6.827152863E0
1.587270104E1,-7.316036224E0,-1.317859497E0,6.754404144E0
1.588269604E1,-7.229516144E0,-1.183289337E0,6.642436981E0
1.589269104E1,-7.186256104E0,-1.072819061E0,6.769822083E0
1.590268604E1,-7.318431244E0,-1.134640503E0,6.850055237E0
1.591268004E1,-7.249574432E0,-1.109492798E0,6.836134186E0
1.592267504E1,-7.228168945E0,-1.094074860E0,6.846762085E0
1.593267004E1,-7.248825989E0,-1.032702484E0,6.784042511E0
1.594266504E1,-7.156018982E0,-9.379495239E-1,6.702462158E0
1.595265904E1,-7.050039368E0,-8.527766418E-1,6.680607605E0
1.596265404E1,-7.055128784E0,-8.161029053E-1,6.712341614E0
1.597264904E1,-7.112459564E0,-8.020321655E-1,6.710695038E0
1.598264404E1,-7.167844391E0,-7.893086243E-1,6.743925934E0
1.599263804E1,-7.269033966E0,-7.491920471E-1,6.680906982E0
1.600263304E1,-7.131320343E0,-6.074368286E-1,6.738836517E0
1.601262804E1,-7.239545288E0,-6.168672180E-1,6.778354340E0
1.602262304E1,-7.341183929E0,-6.364764404E-1,6.766678619E0
1.603261804E1,-7.166497192E0,-5.436694336E-1,6.736740875E0
1.604261204E1,-7.063062286E0,-4.734654236E-1,6.681056671E0
1.605260704E1,-7.068451080E0,-4.529580688E-1,6.594686279E0
1.606260204E1,-7.078779602E0,-4.569996643E-1,6.549779663E0
1.607259704E1,-7.108417969E0,-5.057981873E-1,6.531517639E0
1.608259104E1,-7.098089447E0,-5.427713013E-1,6.500981140E0
1.609258604E1,-7.152725830E0,-6.086343384E-1,6.539750519E0
1.610258104E1,-7.235204315E0,-7.132667542E-1,6.597081299E0
1.611257604E1,-7.303761749E0,-7.445516968E-1,6.583908691E0
1.612257004E1,-7.430398407E0,-8.029302979E-1,6.735393677E0
1.613256504E1,-7.504045258E0,-8.394543457E-1,6.806944885E0
1.614256004E1,-7.456743622E0,-7.897576904E-1,6.798861694E0
1.615255504E1,-7.458090820E0,-7.997868347E-1,6.782545624E0
1.616254904E1,-7.400310974E0,-8.207432556E-1,6.743327179E0
1.617254404E1,-7.241790619E0,-8.153544617E-1,6.699468384E0
1.618253904E1,-7.079378357E0,-8.637039185E-1,6.604865112E0
1.619253404E1,-7.085216217E0,-8.713380432E-1,6.581064606E0
1.620252804E1,-7.238796844E0,-9.957293701E-1,6.737639008E0
1.621252304E1,-7.258256378E0,-1.060843964E0,6.766678619E0
1.622251804E1,-7.246281281E0,-1.146316223E0,6.822811890E0
1.623251304E1,-7.278763733E0,-1.183588715E0,6.826404419E0
1.624250804E1,-7.253017273E0,-1.204395447E0,6.751859436E0
1.625250204E1,-7.212751007E0,-1.265468445E0,6.690487061E0
1.626249704E1,-7.158414001E0,-1.302142181E0,6.655609589E0
1.627249204E1,-7.100484467E0,-1.354233856E0,6.666387177E0
1.628248704E1,-7.006479950E0,-1.363364868E0,6.673721924E0
1.629248104E1,-6.930737457E0,-1.385518799E0,6.662195892E0
1.630247604E1,-6.931785278E0,-1.448238373E0,6.698570251E0
1.631247104E1,-6.954388275E0,-1.478924561E0,6.713539124E0
1.632246604E1,-6.965614929E0,-1.456471252E0,6.755002899E0
1.633246004E1,-6.949897614E0,-1.475481720E0,6.787635040E0
1.634245504E1,-7.026388550E0,-1.543889465E0,6.830296326E0
1.635245004E1,-7.059170380E0,-1.594334564E0,6.843019867E0
1.636244504E1,-7.032525787E0,-1.544338531E0,6.800657959E0
1.637243904E1,-7.007827148E0,-1.455573120E0,6.791976013E0
1.638243404E1,-6.978937225E0,-1.312470703E0,6.816974030E0
1.639242904E1,-6.996450806E0,-1.183738403E0,6.884184265E0
1.640242404E1,-7.044949951E0,-1.152752838E0,6.935228119E0
1.641241904E1,-7.103029175E0,-1.227597198E0,6.970704346E0
1.642241304E1,-7.188950500E0,-1.305585022E0,6.979985046E0
1.643240804E1,-7.219487000E0,-1.335672455E0,6.975793762E0
1.644240304E1,-7.225025482E0,-1.323996735E0,6.928941193E0
1.645239804E1,-7.223079529E0,-1.288370819E0,6.854845276E0
1.646239204E1,-7.174131317E0,-1.223106537E0,6.782994690E0
1.647238704E1,-7.123386841E0,-1.200952606E0,6.714736633E0
1.648238204E1,-7.152725830E0,-1.212628326E0,6.699019318E0
1.649237704E1,-7.194189606E0,-1.231489105E0,6.745722198E0
1.650237104E1,-7.232509918E0,-1.254092102E0,6.793472900E0
1.651236604E1,-7.258256378E0,-1.269210663E0,6.830595703E0
1.652236104E1,-7.282356262E0,-1.250649261E0,6.838978271E0
1.653235604E1,-7.301217041E0,-1.233285370E0,6.816824341E0
1.654235004E1,-7.284451904E0,-1.201551361E0,6.772516479E0
1.655234504E1,-7.269333344E0,-1.160536652E0,6.689888306E0
1.656234004E1,-7.252418518E0,-1.099014587E0,6.613846436E0
1.657233504E1,-7.204817505E0,-1.083746338E0,6.593937836E0
1.658233004E1,-7.174730072E0,-1.076561279E0,6.550228729E0
1.659232404E1,-7.144043884E0,-1.070424042E0,6.543492737E0
1.660231904E1,-7.110363922E0,-1.077010345E0,6.547534332E0
1.661231404E1,-7.064110107E0,-1.094673615E0,6.506220245E0
1.662230904E1,-6.992858276E0,-1.073417816E0,6.477330322E0
1.663230304E1,-6.953939209E0,-1.037342834E0,6.436914368E0
1.664229804E1,-6.949298859E0,-9.605525208E-1,6.421945496E0
1.665229304E1,-6.950496368E0,-8.505313110E-1,6.434369659E0
1.666228804E1,-6.962022400E0,-8.231382751E-1,6.504573669E0
1.667228204E1,-7.033423920E0,-8.527766418E-1,6.651268616E0
1.668227704E1,-7.101083221E0,-8.768765259E-1,6.699169006E0
1.669227204E1,-7.190297699E0,-8.363108826E-1,6.618636475E0
1.670226704E1,-7.257807312E0,-8.014334106E-1,6.509214020E0
1.671226104E1,-7.331005096E0,-7.411088562E-1,6.336622925E0
1.672225604E1,-7.444768524E0,-6.764433289E-1,6.201154633E0
1.673225104E1,-7.547904053E0,-6.469546509E-1,6.213578796E0
1.674224604E1,-7.526947632E0,-5.957611084E-1,6.217470703E0
1.675224004E1,-7.486831055E0,-5.176235962E-1,6.250402222E0
1.676223504E1,-7.476801910E0,-5.295986938E-1,6.267167358E0
1.677223004E1,-7.475754089E0,-5.272036743E-1,6.288872223E0
1.678222504E1,-7.453450470E0,-5.025050354E-1,6.285728760E0
1.679222004E1,-7.519313507E0,-4.758604431E-1,6.230493622E0
1.680221404E1,-7.614216156E0,-4.415817261E-1,6.129004669E0
1.681220904E1,-7.718549194E0,-3.498225403E-1,6.078409882E0
1.682220404E1,-7.770940247E0,-2.978805542E-1,6.066135406E0
1.683219904E1,-7.824079742E0,-3.309617615E-1,6.089337158E0
1.684219304E1,-7.844437408E0,-3.606001282E-1,6.074368286E0
1.685218804E1,-7.812853088E0,-3.800596619E-1,6.020779724E0
1.686218304E1,-7.859705658E0,-4.168830872E-1,5.986650696E0
1.687217804E1,-7.907156982E0,-4.279600525E-1,5.946983185E0
1.688217204E1,-7.932454376E0,-4.366419983E-1,5.996979218E0
1.689216704E1,-7.941884766E0,-4.797523499E-1,6.007906494E0
1.690216204E1,-7.920179901E0,-4.827461243E-1,6.035898285E0
1.691215704E1,-7.878416748E0,-4.447251892E-1,6.049370270E0
1.692215104E1,-7.829019470E0,-3.489244080E-1,6.070027313E0
1.693214604E1,-7.800578613E0,-3.405418396E-1,6.097420349E0
1.694214104E1,-7.838449860E0,-4.222718811E-1,6.120322723E0
1.695213604E1,-7.840545502E0,-4.878355408E-1,6.087091827E0
1.696213104E1,-7.804470520E0,-5.444178772E-1,6.026467896E0
1.697212504E1,-7.744894409E0,-5.415737915E-1,6.011648712E0
1.698212004E1,-7.666906586E0,-4.977149963E-1,5.934708710E0
1.699211504E1,-7.612419891E0,-4.047583008E-1,5.869594116E0
1.700211004E1,-7.631430359E0,-3.695814514E-1,5.880820770E0
1.701210404E1,-7.700736237E0,-4.111949158E-1,5.863307190E0
1.702209904E1,-7.737859039E0,-4.707710266E-1,5.800138550E0
1.703209404E1,-7.743547211E0,-5.162763977E-1,5.770949249E0
1.704208904E1,-7.726482697E0,-5.984555054E-1,5.769901428E0
1.705208304E1,-7.794141998E0,-7.135661316E-1,5.764662323E0
1.706207804E1,-7.797435150E0,-8.035290527E-1,5.736820221E0
1.707207304E1,-7.782017212E0,-8.837622070E-1,5.834117889E0
1.708206804E1,-7.862998810E0,-9.725276184E-1,6.022725677E0
1.709206204E1,-7.871680756E0,-1.002615051E0,6.046376495E0
1.710205704E1,-7.801177368E0,-1.003213806E0,6.080355835E0
1.711205204E1,-9.248517609E0,-1.833537140E0,6.449039154E0
1.712204704E1,-1.062804886E1,-1.978286133E0,6.188281403E0
1.713204204E1,-7.819738770E0,-5.833369446E-1,7.361990662E0
1.714203604E1,-6.961423645E0,-7.509883118E-1,7.283853149E0
1.715203104E1,-7.211403809E0,-1.130748596E0,7.058272247E0
1.716202604E1,-7.549850006E0,-1.205592957E0,7.080875244E0
1.717202104E1,-7.303612061E0,-1.139729919E0,6.833290100E0
1.718201504E1,-7.210505676E0,-1.019529877E0,6.693181458E0
1.719201004E1,-7.373666382E0,-9.990225220E-1,6.549480286E0
1.720200504E1,-7.363337860E0,-1.052012329E0,6.400240631E0
1.721200004E1,-7.319928131E0,-1.103954315E0,6.392157440E0
1.722199404E1,-7.322772217E0,-1.130449219E0,6.384373627E0
1.723198904E1,-7.289840698E0,-1.122815094E0,6.350843353E0
1.724198404E1,-7.089407501E0,-1.184187469E0,6.323600006E0
1.725197904E1,-6.967411194E0,-1.237925720E0,6.303990784E0
1.726197304E1,-7.067852325E0,-1.265618134E0,6.268514557E0
1.727196804E1,-7.277416534E0,-1.307081909E0,6.165229340E0
1.728196304E1,-7.371421051E0,-1.301393738E0,6.134543152E0
1.729195804E1,-7.343129883E0,-1.315464478E0,6.165379028E0
1.730195304E1,-7.455546112E0,-1.354383545E0,6.266718292E0
1.731194704E1,-7.592960358E0,-1.399888916E0,6.319109344E0
1.732194204E1,-7.723788300E0,-1.452729034E0,6.397246857E0
1.733193704E1,-7.892188110E0,-1.513203278E0,6.532864838E0
1.734193204E1,-7.859106903E0,-1.516496429E0,6.605314178E0
1.735192592E1,-7.695347443E0,-1.406924286E0,6.544390869E0
1.736192092E1,-7.541766815E0,-1.347198486E0,6.462960205E0
1.737191592E1,-7.471113739E0,-1.363963623E0,6.481072540E0
1.738191092E1,-7.528594208E0,-1.445693665E0,6.349945221E0
1.739190492E1,-7.662266235E0,-1.550326080E0,6.298601990E0
1.740189992E1,-7.772287445E0,-1.594933319E0,6.307583313E0
1.741189492E1,-7.785909119E0,-1.552122345E0,6.303541718E0
1.742188992E1,-7.721842346E0,-1.505569153E0,6.309080200E0
1.743188392E1,-7.671247559E0,-1.437760162E0,6.292015686E0
1.744187892E1,-7.591313782E0,-1.335672455E0,6.313421173E0
1.745187392E1,-7.571405182E0,-1.356778564E0,6.420149231E0
1.746186892E1,-7.571854248E0,-1.418001251E0,6.376140747E0
1.747186292E1,-7.472011871E0,-1.405427399E0,6.389313354E0
1.748185792E1,-7.345973969E0,-1.317111053E0,6.393055573E0
1.749185292E1,-7.246880035E0,-1.255439301E0,6.437363434E0
1.750184792E1,-7.165898438E0,-1.282832336E0,6.484066315E0
1.751184292E1,-7.114255829E0,-1.342707825E0,6.323899384E0
1.752183692E1,-7.208709412E0,-1.391506348E0,6.155948639E0
1.753183192E1,-7.503147125E0,-1.498234406E0,6.139782257E0
1.754182692E1,-7.750432892E0,-1.603764954E0,6.186485138E0
1.755182192E1,-7.818391571E0,-1.613345032E0,6.198609924E0
1.756181592E1,-7.816295929E0,-1.578467560E0,6.182443542E0
1.757181092E1,-7.780670013E0,-1.512454834E0,6.056106262E0
1.758180592E1,-7.803123322E0,-1.474433899E0,5.991590424E0
1.759180092E1,-7.863597565E0,-1.480571136E0,5.935157776E0
1.760179492E1,-7.889044647E0,-1.515448608E0,5.886808319E0
1.761178992E1,-7.865543518E0,-1.617386627E0,5.899831238E0
1.762178492E1,-7.743397522E0,-1.690883789E0,5.887257385E0
1.763177992E1,-7.725883942E0,-1.736838226E0,5.931864624E0
1.764177392E1,-7.718848572E0,-1.778601379E0,6.010002136E0
1.765176892E1,-7.655829620E0,-1.752256165E0,6.069428558E0
1.766176392E1,-7.589966583E0,-1.718725891E0,6.090384979E0
1.767175892E1,-7.509284363E0,-1.678010559E0,6.123017120E0
1.768175292E1,-7.564818878E0,-1.630708923E0,6.127358093E0
1.769174792E1,-7.636519775E0,-1.604513397E0,6.086942139E0
1.770174292E1,-7.677085419E0,-1.614991608E0,6.094875641E0
1.771173792E1,-7.646548920E0,-1.592538300E0,6.068680115E0
1.772173292E1,-7.582931213E0,-1.532812500E0,6.098468170E0
1.773172692E1,-7.568261719E0,-1.520538025E0,6.067183228E0
1.774172192E1,-7.577392731E0,-1.593137054E0,6.071823578E0
1.775171692E1,-7.599396973E0,-1.648372192E0,6.082152100E0
1.776171192E1,-7.628137207E0,-1.656904449E0,6.046526184E0
1.777170592E1,-7.647746429E0,-1.634151764E0,6.034401398E0
1.778170092E1,-7.651039581E0,-1.628164215E0,6.023324432E0
1.779169592E1,-7.619155884E0,-1.621128845E0,6.023623810E0
1.780169092E1,-7.629185028E0,-1.644629974E0,6.064488831E0
1.781168492E1,-7.623496857E0,-1.636097717E0,6.099665680E0
1.782167992E1,-7.589367828E0,-1.606010284E0,6.077362061E0
1.783167492E1,-7.591912537E0,-1.578018494E0,6.097869415E0
1.784166992E1,-7.605683899E0,-1.552272034E0,6.111341400E0
1.785166392E1,-7.589816895E0,-1.528022461E0,6.134243774E0
1.786165892E1,-7.583679657E0,-1.500928802E0,6.165379028E0
1.787165392E1,-7.601193237E0,-1.473685455E0,6.186335449E0
1.788164892E1,-7.613617401E0,-1.448537750E0,6.181844788E0
1.789164392E1,-7.626340942E0,-1.427431641E0,6.181994476E0
1.790163792E1,-7.625891876E0,-1.442101135E0,6.168672180E0
1.791163292E1,-7.650291138E0,-1.424437866E0,6.168223114E0
1.792162792E1,-7.661517792E0,-1.383572845E0,6.161636810E0
1.793162292E1,-7.661667480E0,-1.370400238E0,6.161487122E0
1.794161692E1,-7.717351685E0,-1.376836853E0,6.191873932E0
1.795161192E1,-7.715705109E0,-1.375938721E0,6.211483154E0
1.796160692E1,-7.666307831E0,-1.365310822E0,6.171366577E0
1.797160192E1,-7.678432617E0,-1.359922028E0,6.148314514E0
1.798159592E1,-7.664212189E0,-1.374741211E0,6.139183502E0
1.799159092E1,-7.644004211E0,-1.380429382E0,6.114035797E0
1.800158592E1,-7.659272461E0,-1.409768372E0,6.154302063E0
1.801158092E1,-7.665709076E0,-1.389710083E0,6.108197937E0
1.802157492E1,-7.646399231E0,-1.407822418E0,6.129753113E0
1.803156992E1,-7.676336975E0,-1.420695648E0,6.076912994E0
1.804156492E1,-7.679630127E0,-1.448388062E0,6.067183228E0
1.805155992E1,-7.676187286E0,-1.388063507E0,6.015241241E0
1.806155492E1,-7.698640594E0,-1.347348175E0,5.886958008E0
1.807154892E1,-7.787555695E0,-1.442699890E0,6.010750580E0
1.808154392E1,-7.797734528E0,-1.447489929E0,6.013744354E0
1.809153892E1,-7.684420166E0,-1.475930786E0,6.097420349E0
1.810153392E1,-7.641459503E0,-1.442400513E0,6.086193695E0
1.811152792E1,-7.666756897E0,-1.359622650E0,6.110742645E0
1.812152292E1,-7.654332733E0,-1.350641327E0,6.228996735E0
1.813151792E1,-7.633226624E0,-1.362766113E0,6.173013153E0
1.814151292E1,-7.680079193E0,-1.349443817E0,6.041736145E0
1.815150692E1,-7.757168884E0,-1.380878448E0,5.982309723E0
1.816150192E1,-7.801626434E0,-1.412911835E0,5.935457153E0
1.817149692E1,-7.836204529E0,-1.405577087E0,5.885012054E0
1.818149192E1,-7.866142273E0,-1.379531250E0,5.843548279E0
1.819148592E1,-7.868986359E0,-1.375339966E0,5.877976685E0
1.820148092E1,-7.808811493E0,-1.369202728E0,5.942642212E0
1.821147592E1,-7.743397522E0,-1.334325256E0,6.018534393E0
1.822147092E1,-7.693700867E0,-1.343605957E0,6.028862915E0
1.823146592E1,-7.668253784E0,-1.386566620E0,6.039341125E0
1.824145992E1,-7.699688416E0,-1.428928528E0,5.995182953E0
1.825145492E1,-7.731123047E0,-1.426084442E0,5.944887543E0
1.826144992E1,-7.750881958E0,-1.433419189E0,5.844147034E0
1.827144492E1,-7.805218964E0,-1.451980591E0,5.863905945E0
1.828143892E1,-7.783663788E0,-1.475332031E0,5.926775208E0
1.829143392E1,-7.712561646E0,-1.470242615E0,5.957162018E0
1.830142892E1,-7.730075226E0,-1.421593781E0,5.886958008E0
1.831142392E1,-7.787855072E0,-1.386267242E0,5.877976685E0
1.832141792E1,-7.857909393E0,-1.374441833E0,5.868097229E0
1.833141292E1,-7.878865814E0,-1.369202728E0,5.910758514E0
1.834140792E1,-7.839647369E0,-1.344803467E0,5.958209839E0
1.835140300E1,-7.748187561E0,-1.346000977E0,6.044131165E0
1.836139700E1,-7.657476196E0,-1.360820160E0,6.111790466E0
1.837139200E1,-7.631130981E0,-1.376088409E0,6.162984009E0
1.838138700E1,-7.665709076E0,-1.377734985E0,6.143075409E0
1.839138200E1,-7.726482697E0,-1.368454285E0,6.092480621E0
1.840137600E1,-7.841144257E0,-1.341959381E0,6.040688324E0
1.841137100E1,-7.814799042E0,-1.352736969E0,6.084996185E0
1.842136600E1,-7.707322540E0,-1.307231598E0,6.024521942E0
1.843136100E1,-7.722890167E0,-1.319206696E0,6.013894043E0
1.844135500E1,-7.786807251E0,-1.325643311E0,6.036347351E0
1.845135000E1,-7.755073242E0,-1.355431366E0,6.106850739E0
1.846134500E1,-7.672744446E0,-1.390159149E0,6.095773773E0
1.847134000E1,-7.647896118E0,-1.409169617E0,6.063890076E0
1.848133500E1,-7.681875458E0,-1.426683197E0,6.042634277E0
1.849132900E1,-7.715854797E0,-1.417701874E0,6.050418091E0
1.850132400E1,-7.721692657E0,-1.401236115E0,5.996530151E0
1.851131900E1,-7.732320557E0,-1.382824402E0,5.966592407E0
1.852131400E1,-7.737260284E0,-1.386865997E0,6.002667389E0
1.853130800E1,-7.722890167E0,-1.381626892E0,6.042185211E0
1.854130300E1,-7.686815186E0,-1.375639343E0,6.025869141E0
1.855129800E1,-7.694149933E0,-1.383572845E0,6.007158051E0
1.856129300E1,-7.718249817E0,-1.388961639E0,6.005661163E0
1.857128700E1,-7.719147949E0,-1.378932495E0,6.016588440E0
1.858128200E1,-7.699389038E0,-1.365759888E0,6.003864899E0
1.859127700E1,-7.718698883E0,-1.373394012E0,6.001020813E0
1.860127200E1,-7.733218689E0,-1.388063507E0,6.012846222E0
1.861126600E1,-7.691754913E0,-1.397643585E0,6.025420074E0
1.862126100E1,-7.691904602E0,-1.396895142E0,6.033353577E0
1.863125600E1,-7.683372345E0,-1.389560394E0,6.045478363E0
1.864125100E1,-7.727380829E0,-1.412911835E0,6.048322449E0
1.865124600E1,-7.733368378E0,-1.387913818E0,6.021977234E0
1.866124000E1,-7.717651062E0,-1.373094635E0,6.027515717E0
1.867123500E1,-7.749235382E0,-1.369202728E0,6.040538635E0
1.868123000E1,-7.754773865E0,-1.382974091E0,6.024222565E0
1.869122500E1,-7.731721802E0,-1.355730743E0,6.007158051E0
1.870121900E1,-7.757468262E0,-1.353036346E0,6.020779724E0
1.871121400E1,-7.756420441E0,-1.355880432E0,6.026767273E0
1.872120900E1,-7.719297638E0,-1.362466736E0,6.034850464E0
1.873120400E1,-7.714806976E0,-1.362017670E0,6.037095795E0
1.874119800E1,-7.709418182E0,-1.363364868E0,6.045927429E0
1.875119300E1,-7.716453552E0,-1.369053040E0,6.024521942E0
1.876118800E1,-7.713310089E0,-1.356928253E0,6.018085327E0
1.877118300E1,-7.719896393E0,-1.372046814E0,6.008505249E0
1.878117700E1,-7.742798767E0,-1.361568604E0,6.020480347E0
1.879117200E1,-7.748337250E0,-1.347797241E0,6.044580231E0
1.880116700E1,-7.747888184E0,-1.334474945E0,6.000122681E0
1.881116200E1,-7.738607483E0,-1.328337708E0,5.994434509E0
1.882115700E1,-7.720046082E0,-1.348994751E0,6.039790192E0
1.883115100E1,-7.717351685E0,-1.371897125E0,6.044131165E0
1.884114600E1,-7.692952423E0,-1.368603973E0,6.021528168E0
1.885114100E1,-7.714806976E0,-1.360969849E0,6.041586456E0
1.886113600E1,-7.698939972E0,-1.364113312E0,6.038892059E0
1.887113000E1,-7.720944214E0,-1.362915802E0,6.033203888E0
1.888112500E1,-7.721992035E0,-1.350791016E0,6.021827545E0
1.889112000E1,-7.714956665E0,-1.352287903E0,6.027216339E0
1.890111500E1,-7.736362152E0,-1.349144440E0,6.037993927E0
1.891110900E1,-7.735763397E0,-1.334924011E0,6.047723694E0
1.892110400E1,-7.713908844E0,-1.322200470E0,6.057004395E0
1.893109900E1,-7.707023163E0,-1.335822144E0,6.045328674E0
1.894109400E1,-7.710016937E0,-1.331032104E0,6.030210114E0
1.895108800E1,-7.743996277E0,-1.327439575E0,6.010451202E0
1.896108300E1,-7.743696899E0,-1.340312805E0,6.020630035E0
1.897107800E1,-7.733667755E0,-1.318158875E0,6.018384705E0
1.898107300E1,-7.714208221E0,-1.299896851E0,6.043532410E0
1.899106700E1,-7.692054291E0,-1.296903076E0,6.098468170E0
1.900106200E1,-7.667205963E0,-1.311422882E0,6.110592957E0
1.901105700E1,-7.670948181E0,-1.355880432E0,6.132148132E0
1.902105200E1,-7.694000244E0,-1.378034363E0,6.078559570E0
1.903104700E1,-7.728428650E0,-1.390159149E0,5.995482330E0
1.904104100E1,-7.773784332E0,-1.380728760E0,5.946983185E0
1.905103600E1,-7.785310364E0,-1.364861755E0,5.986650696E0
1.906103100E1,-7.779173126E0,-1.332229614E0,5.978717194E0
1.907102600E1,-7.731123047E0,-1.319057007E0,5.980214081E0
1.908102000E1,-7.722740479E0,-1.344653778E0,6.002068634E0
1.909101500E1,-7.722291412E0,-1.360670471E0,6.026168518E0
1.910101000E1,-7.706723785E0,-1.350641327E0,6.043382721E0
1.911100500E1,-7.697443085E0,-1.331630859E0,5.994733887E0
1.912099900E1,-7.700586548E0,-1.370400238E0,5.981710968E0
1.913099400E1,-7.735913086E0,-1.370400238E0,6.017785950E0
1.914098900E1,-7.769293671E0,-1.350641327E0,6.068979492E0
1.915098400E1,-7.698041840E0,-1.324745178E0,6.041736145E0
1.916097800E1,-7.682623901E0,-1.284029846E0,6.014792175E0
1.917097300E1,-7.713459778E0,-1.329834595E0,6.052663422E0
1.918096800E1,-7.729626160E0,-1.351838837E0,6.045178986E0
1.919096300E1,-7.741152191E0,-1.350192261E0,6.002667389E0
1.920095700E1,-7.764353943E0,-1.356329498E0,5.992039490E0
1.921095200E1,-7.783514099E0,-1.354084167E0,5.981561279E0
1.922094700E1,-7.819289703E0,-1.326691132E0,5.945635986E0
1.923094200E1,-7.839797058E0,-1.299148407E0,5.937403107E0
1.924093700E1,-7.832462311E0,-1.303339691E0,5.910309448E0
1.925093100E1,-7.845934296E0,-1.309626617E0,5.900429993E0
1.926092600E1,-7.855364685E0,-1.291364594E0,5.933960266E0
1.927092100E1,-7.844587097E0,-1.275048523E0,5.931116180E0
1.928091600E1,-7.824828186E0,-1.287173309E0,5.942492523E0
1.929091000E1,-7.784112854E0,-1.307980042E0,5.931415558E0
1.930090500E1,-7.776029663E0,-1.323098602E0,5.952671356E0
1.931090000E1,-7.783214722E0,-1.328786774E0,5.983357544E0
1.932089500E1,-7.734565887E0,-1.358275452E0,5.985153809E0
1.933088900E1,-7.737709351E0,-1.365909576E0,5.970334625E0
1.934088400E1,-7.768545227E0,-1.384321289E0,5.943839722E0
1.935087912E1,-7.791746979E0,-1.398990784E0,5.853278046E0
1.936087412E1,-7.860903168E0,-1.411714325E0,5.811514893E0
1.937086812E1,-7.873027954E0,-1.428329773E0,5.784570923E0
1.938086312E1,-7.876171417E0,-1.407373352E0,5.799689484E0
1.939085812E1,-7.861052856E0,-1.386716309E0,5.879323883E0
1.940085312E1,-7.785160675E0,-1.367556152E0,6.007906494E0
1.941084812E1,-7.711513824E0,-1.366807709E0,6.058650970E0
1.942084212E1,-7.650740204E0,-1.383273468E0,6.092779999E0
1.943083712E1,-7.666158142E0,-1.385818176E0,6.071823578E0
1.944083212E1,-7.696844330E0,-1.392853546E0,6.021677856E0
1.945082712E1,-7.752378845E0,-1.371448059E0,5.963299255E0
1.946082112E1,-7.834408264E0,-1.341510315E0,5.870941315E0
1.947081612E1,-7.964038696E0,-1.314266968E0,5.766009521E0
1.948081112E1,-8.024512939E0,-1.298399963E0,5.775140533E0
1.949080612E1,-8.024512939E0,-1.261726227E0,5.820645905E0
1.950080012E1,-7.911348267E0,-1.261875916E0,5.870941315E0
1.951079512E1,-7.807763672E0,-1.295106812E0,5.933960266E0
1.952079012E1,-7.798782349E0,-1.330433350E0,5.958958282E0
1.953078512E1,-7.786208496E0,-1.328188019E0,5.993087311E0
1.954077912E1,-7.783514099E0,-1.327738953E0,5.989494781E0
1.955077412E1,-7.784561920E0,-1.344504089E0,5.986650696E0
1.956076912E1,-7.789501648E0,-1.376537476E0,6.000422058E0
1.957076412E1,-7.783663788E0,-1.380579071E0,5.953569489E0
1.958075812E1,-7.784711609E0,-1.397493896E0,5.914351044E0
1.959075312E1,-7.822882233E0,-1.401984558E0,5.892346802E0
1.960074812E1,-7.815547485E0,-1.395997009E0,5.905369720E0
1.961074312E1,-7.794890442E0,-1.388961639E0,5.901926880E0
1.962073812E1,-7.810308380E0,-1.383872223E0,5.893244934E0
1.963073212E1,-7.812553711E0,-1.384920044E0,5.869444427E0
1.964072712E1,-7.809110870E0,-1.398541718E0,5.869145050E0
1.965072212E1,-7.834707642E0,-1.412013702E0,5.827830963E0
1.966071712E1,-7.864346008E0,-1.417552185E0,5.804030457E0
1.967071112E1,-7.845036163E0,-1.408870239E0,5.849086761E0
1.968070612E1,-7.801177368E0,-1.408870239E0,5.868396606E0
1.969070112E1,-7.764653320E0,-1.410217438E0,5.892346802E0
1.970069612E1,-7.775131531E0,-1.426832886E0,5.860163727E0
1.971069012E1,-7.825576630E0,-1.447190552E0,5.871240692E0
1.972068512E1,-7.846383362E0,-1.457369385E0,5.850583649E0
1.973068012E1,-7.835755463E0,-1.455573120E0,5.845194855E0
1.974067512E1,-7.836952972E0,-1.432071991E0,5.869743805E0
1.975066912E1,-7.838150482E0,-1.390009460E0,5.831722870E0
1.976066412E1,-7.841892700E0,-1.352437592E0,5.839806061E0
1.977065912E1,-7.853269043E0,-1.362167358E0,5.867648163E0
1.978065412E1,-7.867639160E0,-1.371148682E0,5.899980927E0
1.979064912E1,-7.854017487E0,-1.337917786E0,5.913003845E0
1.980064312E1,-7.854765930E0,-1.329086151E0,5.949378204E0
1.981063812E1,-7.833809509E0,-1.318458252E0,5.976621552E0
1.982063312E1,-7.803722076E0,-1.337169342E0,5.980064392E0
1.983062812E1,-7.797135773E0,-1.371597748E0,5.920488281E0
1.984062212E1,-7.790100403E0,-1.370250549E0,5.890700226E0
1.985061712E1,-7.830216980E0,-1.363364868E0,5.925877075E0
1.986061212E1,-7.864495697E0,-1.363664246E0,5.981561279E0
1.987060712E1,-7.796836395E0,-1.376836853E0,5.994733887E0
1.988060112E1,-7.753726044E0,-1.386416931E0,5.949228516E0
1.989059612E1,-7.738607483E0,-1.396595764E0,5.907914429E0
1.990059112E1,-7.785010986E0,-1.420545959E0,5.939199371E0
1.991058612E1,-7.797884216E0,-1.399290161E0,5.932463379E0
1.992058012E1,-7.813900909E0,-1.374142456E0,5.869893494E0
1.993057512E1,-7.834707642E0,-1.383722534E0,5.856122131E0
1.994057012E1,-7.836653595E0,-1.402733002E0,5.890999603E0
1.995056512E1,-7.817044373E0,-1.378184052E0,5.905669098E0
1.996055912E1,-7.779771881E0,-1.386267242E0,5.908662872E0
1.997055412E1,-7.762258301E0,-1.409468994E0,5.943540344E0
1.998054912E1,-7.766449585E0,-1.391506348E0,5.966442719E0
1.999054412E1,-7.766150208E0,-1.373244324E0,5.951324158E0
2.000053912E1,-7.779921570E0,-1.388063507E0,5.939947815E0
2.001053312E1,-7.824229431E0,-1.421743469E0,5.895789642E0
2.002052812E1,-7.852370911E0,-1.407672729E0,5.839057617E0
2.003052312E1,-7.883655853E0,-1.387165375E0,5.817951508E0
2.004051812E1,-7.889194336E0,-1.370250549E0,5.832022247E0
2.005051212E1,-7.902965698E0,-1.361119537E0,5.816753998E0
2.006050712E1,-7.877069550E0,-1.354233856E0,5.836961975E0
2.007050212E1,-7.835755463E0,-1.343905334E0,5.892945557E0
2.008049712E1,-7.794890442E0,-1.336720276E0,5.954916687E0
2.009049112E1,-7.765701141E0,-1.308578796E0,5.959107971E0
2.010048612E1,-7.767198029E0,-1.345551910E0,5.967041473E0
2.011048112E1,-7.782915344E0,-1.365610199E0,5.925428009E0
2.012047612E1,-7.825277252E0,-1.389111328E0,5.900879059E0
2.013047012E1,-7.824678497E0,-1.414708099E0,5.877826996E0
2.014046512E1,-7.883655853E0,-1.427431641E0,5.869444427E0
2.015046012E1,-7.914791107E0,-1.410217438E0,5.885311432E0
2.016045512E1,-7.833210754E0,-1.395997009E0,5.831573181E0
2.017044912E1,-7.832462311E0,-1.364412689E0,5.836961975E0
2.018044412E1,-7.865543518E0,-1.373693390E0,5.868546295E0
2.019043912E1,-7.821834412E0,-1.410516815E0,5.903723145E0
2.020043412E1,-7.750732269E0,-1.434017944E0,6.002068634E0
2.021042912E1,-7.711064758E0,-1.410367126E0,5.987548828E0
2.022042312E1,-7.727081451E0,-1.422042847E0,6.001020813E0
2.023041812E1,-7.737709351E0,-1.429826660E0,5.961802368E0
2.024041312E1,-7.775430908E0,-1.408271484E0,5.937702484E0
2.025040812E1,-7.799381104E0,-1.420396271E0,5.975723419E0
2.026040212E1,-7.776927795E0,-1.400487671E0,5.950725403E0
2.027039712E1,-7.792046356E0,-1.378633118E0,5.900729370E0
2.028039212E1,-7.866741028E0,-1.376986542E0,5.910010071E0
2.029038712E1,-7.847431183E0,-1.394051056E0,5.914500732E0
2.030038112E1,-7.777676239E0,-1.375639343E0,5.927673340E0
2.031037612E1,-7.754624176E0,-1.394350433E0,5.979615326E0
2.032037112E1,-7.727680206E0,-1.409768372E0,5.982309723E0
2.033036612E1,-7.713609467E0,-1.396745453E0,5.998027039E0
2.034036012E1,-7.767198029E0,-1.396296387E0,5.998925171E0
2.035035529E1,-7.785609741E0,-1.393601990E0,5.964945831E0
2.036035029E1,-7.796537018E0,-1.374142456E0,5.926475830E0
2.037034529E1,-7.798183594E0,-1.385518799E0,5.906417542E0
2.038034029E1,-7.822283478E0,-1.399140472E0,5.889652405E0
2.039033429E1,-7.826923828E0,-1.394649811E0,5.880371704E0
2.040032929E1,-7.813302155E0,-1.402882690E0,5.909111938E0
2.041032429E1,-7.805368652E0,-1.396595764E0,5.926775208E0
2.042031929E1,-7.786058807E0,-1.403930511E0,5.920488281E0
2.043031329E1,-7.788004761E0,-1.413061523E0,5.904321899E0
2.044030829E1,-7.799081726E0,-1.397793274E0,5.932313690E0
2.045030329E1,-7.794890442E0,-1.407523041E0,5.976920929E0
2.046029829E1,-7.823930054E0,-1.387165375E0,5.979765015E0
2.047029229E1,-7.819738770E0,-1.381926270E0,5.966592407E0
2.048028729E1,-7.781568146E0,-1.358724518E0,5.953419800E0
2.049028229E1,-7.744445343E0,-1.342707825E0,5.928571472E0
2.050027729E1,-7.721393280E0,-1.370699615E0,5.910309448E0
2.051027129E1,-7.717950439E0,-1.425485687E0,5.934259644E0
2.052026629E1,-7.761809235E0,-1.448388062E0,5.923332367E0
2.053026129E1,-7.770940247E0,-1.416803741E0,5.972430267E0
2.054025629E1,-7.789202271E0,-1.388063507E0,5.958808594E0
2.055025129E1,-7.811505890E0,-1.363364868E0,5.963448944E0
2.056024529E1,-7.822133789E0,-1.334474945E0,6.003415833E0
2.057024029E1,-7.816295929E0,-1.328786774E0,6.027366028E0
2.058023529E1,-7.760611725E0,-1.319506073E0,5.999523926E0
2.059023029E1,-7.763306122E0,-1.303040314E0,5.933062134E0
2.060022429E1,-7.839347992E0,-1.312770081E0,5.952970734E0
2.061021929E1,-7.859705658E0,-1.313069458E0,5.950575714E0
2.062021429E1,-7.847431183E0,-1.308728485E0,5.927373962E0
2.063020929E1,-7.813601532E0,-1.315464478E0,5.935008087E0
2.064020329E1,-7.781268768E0,-1.316961365E0,5.965095520E0
2.065019829E1,-7.758965149E0,-1.336271210E0,5.969286804E0
2.066019329E1,-7.788304138E0,-1.330133972E0,5.917943573E0
2.067018829E1,-7.817343750E0,-1.331331482E0,5.913602600E0
2.068018229E1,-7.813152466E0,-1.344504089E0,5.904920654E0
2.069017729E1,-7.813751221E0,-1.358125763E0,5.857918396E0
2.070017229E1,-7.844287720E0,-1.366358643E0,5.883215790E0
2.071016729E1,-7.811206512E0,-1.365310822E0,5.892795868E0
2.072016129E1,-7.775430908E0,-1.365909576E0,5.904022522E0
2.073015629E1,-7.775281219E0,-1.376687164E0,5.923631744E0
2.074015129E1,-7.774383087E0,-1.367406464E0,5.929170227E0
2.075014629E1,-7.773484955E0,-1.399140472E0,5.924080811E0
2.076014129E1,-7.790998535E0,-1.365161133E0,5.912854156E0
2.077013529E1,-7.777676239E0,-1.358574829E0,5.907165985E0
2.078013029E1,-7.775281219E0,-1.381477203E0,5.917344818E0
2.079012529E1,-7.786956940E0,-1.369352417E0,5.925577698E0
2.080012029E1,-7.790699158E0,-1.369352417E0,5.911057892E0
2.081011429E1,-7.813002777E0,-1.367855530E0,5.903573456E0
2.082010929E1,-7.823930054E0,-1.328936462E0,5.908213806E0
2.083010429E1,-7.825726318E0,-1.326391754E0,5.904770966E0
2.084009929E1,-7.823780365E0,-1.350641327E0,5.876030731E0
2.085009329E1,-7.837851105E0,-1.404678955E0,5.876479797E0
2.086008829E1,-7.859705658E0,-1.390009460E0,5.910159760E0
2.087008329E1,-7.834707642E0,-1.356329498E0,5.919590149E0
2.088007829E1,-7.808362427E0,-1.343306580E0,5.947282562E0
2.089007229E1,-7.824828186E0,-1.329235840E0,5.941145325E0
2.090006729E1,-7.818092194E0,-1.325343933E0,5.920637970E0
2.091006229E1,-7.834108887E0,-1.340911560E0,5.949677582E0
2.092005729E1,-7.811505890E0,-1.363065491E0,5.942342834E0
2.093005129E1,-7.801776123E0,-1.349743195E0,5.946234741E0
2.094004629E1,-7.797884216E0,-1.337917786E0,5.917344818E0
2.095004129E1,-7.805368652E0,-1.339714050E0,5.907914429E0
2.096003629E1,-7.833210754E0,-1.336869965E0,5.906866608E0
2.097003129E1,-7.834408264E0,-1.344504089E0,5.899681549E0
2.098002529E1,-7.808063049E0,-1.335822144E0,5.900429993E0
2.099002029E1,-7.803572388E0,-1.352736969E0,5.911357269E0
2.100001529E1,-7.781418457E0,-1.378333740E0,5.895490265E0
2.101001029E1,-7.789351959E0,-1.407972107E0,5.915847931E0
2.102000429E1,-7.802075500E0,-1.408271484E0,5.933062134E0
2.102999929E1,-7.767497406E0,-1.381028137E0,5.936355286E0
2.103999429E1,-7.785010986E0,-1.379082184E0,5.944438477E0
2.104998929E1,-7.816744995E0,-1.337319031E0,5.890700226E0
2.105998329E1,-7.835605774E0,-1.327589264E0,5.902375946E0
2.106997829E1,-7.840545502E0,-1.318907318E0,5.909411316E0
2.107997329E1,-7.857610016E0,-1.322948914E0,5.885311432E0
2.108996829E1,-7.822433167E0,-1.329984283E0,5.895939331E0
2.109996229E1,-7.812404022E0,-1.307381287E0,5.952521667E0
2.110995729E1,-7.772137756E0,-1.300345917E0,5.963748322E0
2.111995229E1,-7.787705383E0,-1.336121521E0,5.977819061E0
2.112994729E1,-7.801327057E0,-1.350641327E0,5.946085052E0
2.113994229E1,-7.825576630E0,-1.346300354E0,5.910608826E0
2.114993629E1,-7.845185852E0,-1.344504089E0,5.898334351E0
2.115993129E1,-7.876021729E0,-1.358125763E0,5.871240692E0
2.116992629E1,-7.872129822E0,-1.343605957E0,5.880671082E0
2.117992129E1,-7.868537292E0,-1.352736969E0,5.876779175E0
2.118991529E1,-7.860005035E0,-1.315913544E0,5.879174194E0
2.119991029E1,-7.857011261E0,-1.319506073E0,5.853727112E0
2.120990529E1,-7.864196320E0,-1.332229614E0,5.850284271E0
2.121990029E1,-7.879015503E0,-1.351539459E0,5.843697968E0
2.122989429E1,-7.881560211E0,-1.351090393E0,5.853727112E0
2.123988929E1,-7.855065308E0,-1.353335724E0,5.850733337E0
2.124988429E1,-7.859705658E0,-1.357377319E0,5.844446411E0
2.125987929E1,-7.857160950E0,-1.340612183E0,5.851781158E0
2.126987329E1,-7.841892700E0,-1.351539459E0,5.866300964E0
2.127986829E1,-7.853867798E0,-1.337618408E0,5.865402832E0
2.128986329E1,-7.881410522E0,-1.314416656E0,5.896837463E0
2.129985829E1,-7.901319122E0,-1.302291870E0,5.903573456E0
2.130985229E1,-7.887098694E0,-1.310375061E0,5.840255127E0
2.131984729E1,-7.866741028E0,-1.333277435E0,5.943091278E0
2.132984229E1,-7.804021454E0,-1.334774323E0,5.968688049E0
2.133983729E1,-7.783813477E0,-1.335971832E0,5.869893494E0
2.134983275E1,-7.821085968E0,-1.337019653E0,5.819747772E0
2.135982675E1,-7.886949005E0,-1.322499847E0,5.857918396E0
2.136982175E1,-7.902666321E0,-1.310524750E0,5.791007538E0
2.137981675E1,-7.923772430E0,-1.295406189E0,5.731431427E0
2.138981175E1,-7.947722626E0,-1.340462494E0,5.783972168E0
2.139980575E1,-7.910599823E0,-1.365310822E0,5.838159485E0
2.140980075E1,-7.845485229E0,-1.367855530E0,5.851930847E0
2.141979575E1,-7.805368652E0,-1.358574829E0,5.882916412E0
2.142979075E1,-7.779622192E0,-1.346000977E0,5.934559021E0
2.143978475E1,-7.792495422E0,-1.367107086E0,5.886658630E0
2.144977975E1,-7.820187836E0,-1.386566620E0,5.906417542E0
2.145977475E1,-7.849077759E0,-1.370849304E0,5.913452911E0
2.146976975E1,-7.868237915E0,-1.341061249E0,5.832621002E0
2.147976375E1,-7.905510406E0,-1.353635101E0,5.786666565E0
2.148975875E1,-7.925718384E0,-1.333427124E0,5.745202789E0
2.149975375E1,-7.918084259E0,-1.323248291E0,5.736071777E0
2.150974875E1,-7.907306671E0,-1.343007202E0,5.833968201E0
2.151974375E1,-7.855664063E0,-1.333726501E0,5.847440186E0
2.152973775E1,-7.831414490E0,-1.321901093E0,5.870641937E0
2.153973275E1,-7.801925812E0,-1.329235840E0,5.931415558E0
2.154972775E1,-7.808961182E0,-1.334924011E0,5.894592133E0
2.155972275E1,-7.844287720E0,-1.365011444E0,5.863606567E0
2.156971675E1,-7.867190094E0,-1.390757904E0,5.852679291E0
2.157971175E1,-7.852520599E0,-1.376088409E0,5.887856140E0
2.158970675E1,-7.809709625E0,-1.332978058E0,5.853727112E0
2.159970175E1,-7.848179626E0,-1.391805725E0,5.932762756E0
2.160969575E1,-7.822882233E0,-1.434167633E0,6.042933655E0
2.161969075E1,-7.769742737E0,-1.363664246E0,5.953419800E0
2.162968575E1,-7.780819702E0,-1.307830353E0,5.962251434E0
2.163968075E1,-7.829468536E0,-1.234333191E0,5.841302948E0
2.164967475E1,-8.033643951E0,-1.290017395E0,5.820496216E0
2.165966975E1,-7.968080292E0,-1.286424866E0,5.767805786E0
2.166966475E1,-7.937094727E0,-1.280587006E0,5.732928314E0
2.167965975E1,-7.936945038E0,-1.321751404E0,5.831124115E0
2.168965475E1,-7.868686981E0,-1.373693390E0,5.944288788E0
2.169964875E1,-7.747588806E0,-1.336420898E0,5.945635986E0
2.170964375E1,-7.708819427E0,-1.337468719E0,5.931864624E0
2.171963875E1,-7.734266510E0,-1.363963623E0,5.955216064E0
2.172963375E1,-7.813451843E0,-1.370699615E0,5.842500458E0
2.173962775E1,-7.936645660E0,-1.337319031E0,5.735772400E0
2.174962275E1,-7.956554260E0,-1.323397980E0,5.764213257E0
2.175961775E1,-7.918982391E0,-1.298849030E0,5.815706177E0
2.176961275E1,-7.859555969E0,-1.301393738E0,5.856571198E0
2.177960675E1,-7.811505890E0,-1.331930237E0,5.859564972E0
2.178960175E1,-7.796686707E0,-1.353036346E0,5.876479797E0
2.179959675E1,-7.798932037E0,-1.344204712E0,5.845943298E0
2.180959175E1,-7.808362427E0,-1.349443817E0,5.803282013E0
2.181958575E1,-7.864645386E0,-1.347946930E0,5.874234467E0
2.182958075E1,-7.837701416E0,-1.307231598E0,5.934409332E0
2.183957575E1,-7.755372620E0,-1.280437317E0,6.046975250E0
2.184957075E1,-7.705226898E0,-1.315314789E0,6.114933929E0
2.185956475E1,-7.673642578E0,-1.367705841E0,6.052962799E0
2.186955975E1,-7.682623901E0,-1.401385803E0,6.055956573E0
2.187955475E1,-7.734865265E0,-1.377435608E0,6.014792175E0
2.188954975E1,-7.785460052E0,-1.326242065E0,5.924380188E0
2.189954475E1,-7.829169159E0,-1.305585022E0,5.915099487E0
2.190953875E1,-7.850275269E0,-1.321452026E0,5.953419800E0
2.191953375E1,-7.807464294E0,-1.304088135E0,5.962850189E0
2.192952875E1,-7.788453827E0,-1.285975800E0,5.974525909E0
2.193952375E1,-7.754773865E0,-1.290316772E0,6.020480347E0
2.194951775E1,-7.748486938E0,-1.291813660E0,6.027964783E0
2.195951275E1,-7.744894409E0,-1.314416656E0,5.994584198E0
2.196950775E1,-7.754324799E0,-1.296903076E0,5.981112213E0
2.197950275E1,-7.776778107E0,-1.303339691E0,5.996380463E0
2.198949675E1,-7.764952698E0,-1.328786774E0,6.000871124E0
2.199949175E1,-7.766748962E0,-1.321751404E0,5.990542603E0
2.200948675E1,-7.760312347E0,-1.310225372E0,6.010750580E0
2.201948175E1,-7.741451569E0,-1.285077667E0,5.956413574E0
2.202947575E1,-7.795938263E0,-1.339115295E0,5.943690033E0
2.203947075E1,-7.806865540E0,-1.384171600E0,5.999673615E0
2.204946575E1,-7.783663788E0,-1.378483429E0,6.008205872E0
2.205946075E1,-7.765850830E0,-1.333427124E0,6.034700775E0
2.206945575E1,-7.747888184E0,-1.249900818E0,5.983357544E0
2.207944975E1,-7.809110870E0,-1.182540894E0,5.937103729E0
2.208944475E1,-7.826624451E0,-1.166374512E0,5.862558746E0
2.209943975E1,-7.888146515E0,-1.287472687E0,5.908812561E0
2.210943475E1,-7.861052856E0,-1.382974091E0,5.945186920E0
2.211942875E1,-7.792196045E0,-1.380429382E0,5.971681824E0
2.212942375E1,-7.745193787E0,-1.348695374E0,5.947132874E0
2.213941875E1,-7.729775848E0,-1.326541443E0,6.001320190E0
2.214941375E1,-7.757767639E0,-1.288819885E0,6.033203888E0
2.215940775E1,-7.801027679E0,-1.282233582E0,5.948180695E0
2.216940275E1,-7.840096436E0,-1.283131714E0,5.861810303E0
2.217939775E1,-7.831863556E0,-1.313518524E0,5.920188904E0
2.218939275E1,-7.834258575E0,-1.321601715E0,5.919440460E0
2.219938675E1,-7.813451843E0,-1.311871948E0,5.841003571E0
2.220938175E1,-7.817792816E0,-1.321751404E0,5.911956024E0
2.221937675E1,-7.766898651E0,-1.305884399E0,6.010600891E0
2.222937175E1,-7.727380829E0,-1.272204437E0,5.967191162E0
2.223936675E1,-7.706125031E0,-1.268462219E0,5.967939606E0
2.224936075E1,-7.746391296E0,-1.313069458E0,6.000721436E0
2.225935575E1,-7.743846588E0,-1.352736969E0,5.991889801E0
2.226935075E1,-7.748636627E0,-1.343755646E0,5.982459412E0
2.227934575E1,-7.796836395E0,-1.318158875E0,5.930667114E0
2.228933975E1,-7.795489197E0,-1.314716034E0,5.987848206E0
2.229933475E1,-7.806865540E0,-1.302291870E0,6.009253693E0
2.230932975E1,-7.795938263E0,-1.283580780E0,5.950875092E0
2.231932475E1,-7.771239624E0,-1.285526733E0,5.985303497E0
2.232931875E1,-7.775879974E0,-1.289867706E0,6.029611359E0
2.233931375E1,-7.766150208E0,-1.310973816E0,6.010002136E0
2.234930787E1,-7.739954681E0,-1.286424866E0,6.061345367E0
2.235930287E1,-7.723039856E0,-1.300794983E0,6.070925446E0
2.236929687E1,-7.727231140E0,-1.312321014E0,6.026168518E0
2.237929187E1,-7.749983826E0,-1.332828369E0,6.008355560E0
2.238928687E1,-7.768096161E0,-1.330882416E0,6.002368011E0
2.239928187E1,-7.772287445E0,-1.310824127E0,5.967640228E0
2.240927687E1,-7.768694916E0,-1.310674438E0,5.965544586E0
2.241927087E1,-7.760761414E0,-1.310824127E0,5.964347076E0
2.242926587E1,-7.770491180E0,-1.304836578E0,5.991590424E0
2.243926087E1,-7.749684448E0,-1.286574554E0,5.982309723E0
2.244925587E1,-7.776927795E0,-1.305734711E0,5.985902252E0
2.245924987E1,-7.738158417E0,-1.310375061E0,5.953719177E0
2.246924487E1,-7.753576355E0,-1.293460236E0,6.012846222E0
2.247923987E1,-7.766150208E0,-1.305585022E0,5.953270111E0
2.248923487E1,-7.789052582E0,-1.341061249E0,5.951174469E0
2.249922887E1,-7.801925812E0,-1.405277710E0,6.042634277E0
2.250922387E1,-7.776778107E0,-1.384620667E0,6.026018829E0
2.251921887E1,-7.738158417E0,-1.319955139E0,6.045178986E0
2.252921387E1,-7.742200012E0,-1.254391479E0,6.036497040E0
2.253920787E1,-7.758815460E0,-1.218915253E0,6.024372253E0
2.254920287E1,-7.766150208E0,-1.207838287E0,5.970783691E0
2.255919787E1,-7.825576630E0,-1.291214905E0,5.968538361E0
2.256919287E1,-7.818391571E0,-1.376986542E0,5.996979218E0
2.257918787E1,-7.782466278E0,-1.409918060E0,6.011199646E0
2.258918187E1,-7.724985809E0,-1.368304596E0,5.983058167E0
2.259917687E1,-7.708070984E0,-1.304537201E0,5.977369995E0
2.260917187E1,-7.747588806E0,-1.300645294E0,5.952222290E0
2.261916687E1,-7.767497406E0,-1.327140198E0,5.934259644E0
2.262916087E1,-7.785609741E0,-1.333576813E0,5.904471588E0
2.263915587E1,-7.800877991E0,-1.323697357E0,5.901627502E0
2.264915087E1,-7.801925812E0,-1.324146423E0,5.920039215E0
2.265914587E1,-7.763006744E0,-1.365759888E0,5.989045715E0
2.266913987E1,-7.734865265E0,-1.353485413E0,5.958808594E0
2.267913487E1,-7.715256042E0,-1.353784790E0,5.946085052E0
2.268912987E1,-7.724087677E0,-1.342558136E0,5.965694275E0
2.269912487E1,-7.750582581E0,-1.324894867E0,5.984704742E0
2.270911887E1,-7.737260284E0,-1.336570587E0,6.013744354E0
2.271911387E1,-7.738308105E0,-1.356479187E0,6.043083344E0
2.272910887E1,-7.756420441E0,-1.345551910E0,6.045478363E0
2.273910387E1,-7.733368378E0,-1.332978058E0,6.029162292E0
2.274909887E1,-7.731572113E0,-1.316961365E0,6.046376495E0
2.275909287E1,-7.741601257E0,-1.322948914E0,6.005511475E0
2.276908787E1,-7.759414215E0,-1.324894867E0,5.997877350E0
2.277908287E1,-7.790848846E0,-1.315614166E0,5.992189178E0
2.278907787E1,-7.780969391E0,-1.314117279E0,5.976621552E0
2.279907187E1,-7.781119080E0,-1.301094360E0,5.970184937E0
2.280906687E1,-7.771988068E0,-1.306782532E0,5.967640228E0
2.281906187E1,-7.763306122E0,-1.296304321E0,5.992338867E0
2.282905687E1,-7.774682465E0,-1.298250275E0,6.003715210E0
2.283905087E1,-7.770940247E0,-1.293609924E0,5.985902252E0
2.284904587E1,-7.767497406E0,-1.309776306E0,5.983956299E0
2.285904087E1,-7.761360168E0,-1.335073700E0,6.024521942E0
2.286903587E1,-7.764952698E0,-1.333726501E0,6.042185211E0
2.287902987E1,-7.726931763E0,-1.329984283E0,6.009104004E0
2.288902487E1,-7.768994293E0,-1.336570587E0,5.979615326E0
2.289901987E1,-7.796836395E0,-1.326691132E0,6.005960541E0
2.290901487E1,-7.798782349E0,-1.300645294E0,6.014642487E0
2.291900887E1,-7.774832153E0,-1.309027863E0,5.988746338E0
2.292900387E1,-7.746990051E0,-1.324894867E0,6.001918945E0
2.293899887E1,-7.745044098E0,-1.346150665E0,6.039790192E0
2.294899387E1,-7.744295654E0,-1.312021637E0,6.024971008E0
2.295898887E1,-7.786807251E0,-1.318009186E0,6.001020813E0
2.296898287E1,-7.809110870E0,-1.342408447E0,5.992039490E0
2.297897787E1,-7.790399780E0,-1.368304596E0,6.018534393E0
2.298897287E1,-7.758965149E0,-1.354982300E0,6.075565796E0
2.299896787E1,-7.774981842E0,-1.355281677E0,6.083050232E0
2.300896187E1,-7.717501373E0,-1.301393738E0,5.997278595E0
2.301895687E1,-7.774083710E0,-1.331930237E0,6.049070892E0
2.302895187E1,-7.738757172E0,-1.316811676E0,6.020180969E0
2.303894687E1,-7.739355927E0,-1.285526733E0,5.928272095E0
2.304894087E1,-7.797135773E0,-1.381477203E0,5.991590424E0
2.305893587E1,-7.747738495E0,-1.443448334E0,6.007008362E0
2.306893087E1,-7.734715576E0,-1.444795532E0,5.986051941E0
2.307892587E1,-7.727680206E0,-1.418899384E0,5.979166260E0
2.308891987E1,-7.720195770E0,-1.380279694E0,5.960455170E0
2.309891487E1,-7.710466003E0,-1.397194519E0,5.973029022E0
2.310890987E1,-7.691156158E0,-1.413660278E0,5.974974976E0
2.311890487E1,-7.659272461E0,-1.436562653E0,5.990542603E0
2.312889987E1,-7.663164368E0,-1.436862030E0,5.990243225E0
2.313889387E1,-7.723788300E0,-1.407223663E0,5.996380463E0
2.314888887E1,-7.751480713E0,-1.410666504E0,5.985303497E0
2.315888387E1,-7.768096161E0,-1.402283936E0,5.946833496E0
2.316887887E1,-7.752827911E0,-1.407822418E0,5.952671356E0
2.317887287E1,-7.752678223E0,-1.401685181E0,5.959407349E0
2.318886787E1,-7.770341492E0,-1.397044830E0,5.992638245E0
2.319886287E1,-7.769293671E0,-1.379531250E0,5.987548828E0
2.320885787E1,-7.764803009E0,-1.388362885E0,6.039939880E0
2.321885187E1,-7.755073242E0,-1.375789032E0,6.061045990E0
2.322884687E1,-7.739954681E0,-1.336570587E0,6.074667664E0
2.323884187E1,-7.770790558E0,-1.329684906E0,6.149362335E0
2.324883687E1,-7.803422699E0,-1.309476929E0,6.225254517E0
2.325883087E1,-7.844287720E0,-1.276395721E0,6.189478912E0
2.326882587E1,-7.878117371E0,-1.309476929E0,6.174659729E0
2.327882087E1,-7.905360718E0,-1.315165100E0,6.230044556E0
2.328881587E1,-7.946525116E0,-1.237925720E0,6.126759338E0
2.329881087E1,-7.962841187E0,-1.188079376E0,6.274202728E0
2.330880487E1,-7.952063599E0,-1.094224548E0,6.223458252E0
2.331879987E1,-7.892188110E0,-1.126108246E0,6.298302612E0
2.332879487E1,-7.799381104E0,-1.262774048E0,6.538553009E0
2.333878987E1,-7.703580322E0,-1.272204437E0,6.608457642E0
2.334878417E1,-7.607929230E0,-1.184486847E0,6.733597412E0
2.335877917E1,-7.583080902E0,-1.180445251E0,6.868616638E0
2.336877417E1,-7.579638062E0,-1.266965332E0,6.757846985E0
2.337876917E1,-7.677534485E0,-1.497935028E0,6.739285583E0
2.338876317E1,-7.944279785E0,-1.783690796E0,6.485413513E0
2.339875817E1,-8.178392944E0,-2.053429871E0,5.896388397E0
2.340875317E1,-8.234226837E0,-2.115700378E0,5.069956970E0
2.341874817E1,-8.218359833E0,-2.101779327E0,4.742737427E0
2.342874317E1,-8.500972137E0,-2.315085754E0,5.103337555E0
2.343873717E1,-9.079668732E0,-2.650089111E0,5.358107758E0
2.344873217E1,-9.464069366E0,-2.883603516E0,5.439239044E0
2.345872717E1,-9.328601074E0,-2.792892151E0,5.261109467E0
2.346872217E1,-9.307794342E0,-2.509381714E0,5.316344604E0
2.347871617E1,-9.683063965E0,-2.279310150E0,5.612578583E0
2.348871117E1,-9.379345551E0,-1.805844727E0,5.503904572E0
2.349870617E1,-9.062903595E0,-1.387315063E0,5.476661224E0
2.350870117E1,-9.005872192E0,-1.055904236E0,5.551954651E0
2.351869517E1,-8.962462463E0,-7.710466003E-1,5.610333252E0
2.352869017E1,-8.927435303E0,-5.647755432E-1,5.616021423E0
2.353868517E1,-8.869356079E0,-4.194277954E-1,5.608387299E0
2.354868017E1,-8.859626312E0,-3.528163147E-1,5.604645081E0
2.355867417E1,-8.804391174E0,-2.553689575E-1,5.627697144E0
2.356866917E1,-8.616831207E0,-1.052311707E-1,5.657485199E0
2.357866417E1,-8.372389526E0,3.712280273E-2,5.695955200E0
2.358865917E1,-8.148305511E0,1.791773987E-1,5.758375397E0
2.359865417E1,-7.896678772E0,2.743794250E-1,5.868695984E0
2.360864817E1,-7.685767365E0,2.980302429E-1,5.956413574E0
2.361864317E1,-7.511829071E0,3.318598938E-1,5.996979218E0
2.362863817E1,-7.335346069E0,3.728746033E-1,6.000871124E0
2.363863317E1,-7.204368439E0,3.902384949E-1,5.979166260E0
2.364862717E1,-7.143445129E0,3.591032410E-1,5.964047699E0
2.365862217E1,-7.102131042E0,2.704875183E-1,5.895340576E0
2.366861717E1,-7.092700653E0,1.465452576E-1,5.818400574E0
2.367861217E1,-6.963070221E0,-1.077758789E-2,5.843548279E0
2.368860617E1,-6.716383209E0,-1.856140137E-1,5.908213806E0
2.369860117E1,-6.440955963E0,-3.252735901E-1,6.106850739E0
2.370859617E1,-6.112838287E0,-4.375401306E-1,6.410419464E0
2.371859117E1,-5.826034698E0,-5.339396667E-1,6.609355774E0
2.372858517E1,-5.630840607E0,-5.764512634E-1,6.690187683E0
2.373858017E1,-5.516029358E0,-6.137237549E-1,6.755901031E0
2.374857517E1,-5.515280914E0,-6.697073364E-1,6.848258972E0
2.375857017E1,-5.649851074E0,-7.557783508E-1,6.931036835E0
2.376856417E1,-5.819897461E0,-8.646020508E-1,7.010222168E0
2.377855917E1,-6.090684357E0,-1.003513184E0,7.101083221E0
2.378855417E1,-6.415508881E0,-1.107397156E0,7.111711121E0
2.379854917E1,-6.732250214E0,-1.226998444E0,7.046596527E0
2.380854417E1,-6.977889404E0,-1.273851013E0,6.904242554E0
2.381853817E1,-7.134463806E0,-1.306782532E0,6.745123444E0
2.382853317E1,-7.268734589E0,-1.304836578E0,6.632856903E0
2.383852817E1,-7.329508209E0,-1.299597473E0,6.547534332E0
2.384852317E1,-7.391179962E0,-1.275198212E0,6.494245148E0
2.385851717E1,-7.429350586E0,-1.300345917E0,6.519991608E0
2.386851217E1,-7.433541870E0,-1.347797241E0,6.575226746E0
2.387850717E1,-7.376061401E0,-1.401834869E0,6.578968964E0
2.388850217E1,-7.309000854E0,-1.381477203E0,6.583908691E0
2.389849617E1,-7.275021515E0,-1.332079926E0,6.618486786E0
2.390849117E1,-7.218139801E0,-1.281335449E0,6.577172699E0
2.391848617E1,-7.181016998E0,-1.255588989E0,6.617888031E0
2.392848117E1,-7.194339294E0,-1.332079926E0,6.640790405E0
2.393847517E1,-7.224726105E0,-1.419348450E0,6.666836243E0
2.394847017E1,-7.241640930E0,-1.476828918E0,6.674919434E0
2.395846517E1,-7.241191864E0,-1.504371643E0,6.672973480E0
2.396846017E1,-7.225773926E0,-1.554217987E0,6.651268616E0
2.397845517E1,-7.259154510E0,-1.628613281E0,6.618786163E0
2.398844917E1,-7.259603577E0,-1.671573944E0,6.581813049E0
2.399844417E1,-7.229216766E0,-1.679806824E0,6.576424255E0
2.400843917E1,-7.252717896E0,-1.719474335E0,6.576873322E0
2.401843417E1,-7.264393616E0,-1.775308228E0,6.562353516E0
2.402842817E1,-7.251520386E0,-1.826202393E0,6.551725616E0
2.403842317E1,-7.234455872E0,-1.802701263E0,6.535409546E0
2.404841817E1,-7.234156494E0,-1.759590912E0,6.515201569E0
2.405841317E1,-7.230713654E0,-1.707499237E0,6.535259857E0
2.406840717E1,-7.241491241E0,-1.658251648E0,6.557563477E0
2.407840217E1,-7.246430969E0,-1.637744293E0,6.599775696E0
2.408839717E1,-7.262597351E0,-1.646725616E0,6.606511688E0
2.409839217E1,-7.266788635E0,-1.598226471E0,6.626120911E0
2.410838617E1,-7.240892487E0,-1.539997559E0,6.616091766E0
2.411838117E1,-7.222031708E0,-1.458566895E0,6.556365967E0
2.412837617E1,-7.231162720E0,-1.400038605E0,6.540049896E0
2.413837117E1,-7.226222992E0,-1.343605957E0,6.530170441E0
2.414836617E1,-7.274722137E0,-1.309925995E0,6.543043671E0
2.415836017E1,-7.271728363E0,-1.278191986E0,6.583160248E0
2.416835517E1,-7.303013306E0,-1.258882141E0,6.565347290E0
2.417835017E1,-7.336543579E0,-1.212179260E0,6.473288727E0
2.418834517E1,-7.404951324E0,-1.116378479E0,6.189029846E0
2.419833917E1,-7.511380005E0,-1.070723419E0,6.071075134E0
2.420833417E1,-7.493866425E0,-1.058299255E0,6.144123230E0
2.421832917E1,-7.370223541E0,-1.041085052E0,6.295907593E0
2.422832417E1,-7.232809296E0,-1.048569489E0,6.526128845E0
2.423831817E1,-7.183561707E0,-1.061891785E0,6.650370483E0
2.424831317E1,-7.255711670E0,-1.089733887E0,6.734196167E0
2.425830817E1,-7.349865875E0,-1.118623810E0,6.732399902E0
2.426830317E1,-7.428452454E0,-1.123413849E0,6.679709473E0
2.427829717E1,-7.445966034E0,-1.085392914E0,6.567293243E0
2.428829217E1,-7.460336151E0,-1.005309448E0,6.413862305E0
2.429828717E1,-7.524851990E0,-9.226812744E-1,6.315367126E0
2.430828217E1,-7.579338684E0,-8.750802612E-1,6.312822418E0
2.431827717E1,-7.582332458E0,-8.485853577E-1,6.234385529E0
2.432827117E1,-7.610473938E0,-8.104147339E-1,6.169121246E0
2.433826617E1,-7.644602966E0,-7.837701416E-1,6.095474396E0
2.434826117E1,-7.709567871E0,-7.652087402E-1,6.040239258E0
2.435825554E1,-7.760761414E0,-7.538323975E-1,6.060596924E0
2.436824954E1,-7.747439117E0,-7.798782349E-1,6.171067200E0
2.437824454E1,-7.789801025E0,-7.762857056E-1,6.215524750E0
2.438823954E1,-7.833360443E0,-7.867639160E-1,6.173761597E0
2.439823454E1,-7.808212738E0,-8.050259399E-1,6.209088135E0
2.440822854E1,-7.759114838E0,-7.923023987E-1,6.228248291E0
2.441822354E1,-7.695048065E0,-7.797285461E-1,6.225853271E0
2.442821854E1,-7.680977325E0,-7.771838379E-1,6.240223389E0
2.443821354E1,-7.681875458E0,-8.250842285E-1,6.276148682E0
2.444820854E1,-7.721243591E0,-9.702822876E-1,6.302793274E0
2.445820254E1,-7.692054291E0,-1.135688324E0,6.349346466E0
2.446819754E1,-7.541467438E0,-1.221609650E0,6.353687439E0
2.447819254E1,-7.311695251E0,-1.165027313E0,6.215674438E0
2.448818754E1,-7.145989838E0,-1.173709259E0,5.975124664E0
2.449818154E1,-7.265591125E0,-1.347497864E0,5.814209290E0
2.450817654E1,-7.502698059E0,-1.562001801E0,5.669310608E0
2.451817154E1,-7.765551453E0,-1.759740601E0,5.635630646E0
2.452816654E1,-8.077053680E0,-1.803898773E0,5.840105438E0
2.453816054E1,-8.363258514E0,-1.779499512E0,6.063590698E0
2.454815554E1,-8.355923767E0,-1.655856628E0,6.114933929E0
2.455815054E1,-8.146060181E0,-1.550924835E0,6.133495331E0
2.456814554E1,-7.996221771E0,-1.527124329E0,6.163732452E0
2.457813954E1,-7.770491180E0,-1.397194519E0,6.172713776E0
2.458813454E1,-7.529342651E0,-1.221459961E0,6.150709534E0
2.459812954E1,-7.368876343E0,-1.079405365E0,6.087391205E0
2.460812454E1,-7.331753540E0,-9.975256348E-1,6.080804901E0
2.461811954E1,-7.417076111E0,-9.657916260E-1,6.097719727E0
2.462811354E1,-7.568112030E0,-9.536668396E-1,6.111790466E0
2.463810854E1,-7.716752930E0,-9.485774231E-1,6.126459961E0
2.464810354E1,-7.823480988E0,-9.617500305E-1,6.139632568E0
2.465809854E1,-7.848029938E0,-9.539662170E-1,6.126609650E0
2.466809254E1,-7.806266785E0,-9.226812744E-1,6.158343658E0
2.467808754E1,-7.732769623E0,-8.858578491E-1,6.179898834E0
2.468808254E1,-7.639663239E0,-8.125103760E-1,6.226302338E0
2.469807754E1,-7.455845490E0,-7.455995178E-1,6.309529266E0
2.470807154E1,-7.247778168E0,-7.173083496E-1,6.430178375E0
2.471806654E1,-7.118147736E0,-7.682025146E-1,6.478677521E0
2.472806154E1,-7.095993805E0,-8.403524780E-1,6.489305420E0
2.473805654E1,-7.072492676E0,-9.925859070E-1,6.465804291E0
2.474805054E1,-6.932533722E0,-1.058598633E0,6.850504303E0
2.475804554E1,-6.816375275E0,-1.108894043E0,7.035070496E0
2.476804054E1,-6.869814148E0,-1.253044281E0,7.065756683E0
2.477803554E1,-6.909930725E0,-1.323847046E0,7.150031433E0
2.478802954E1,-7.060517578E0,-1.340462494E0,7.003635864E0
2.479802454E1,-7.263495483E0,-1.322799225E0,6.755601654E0
2.480801954E1,-7.413184204E0,-1.255439301E0,6.525679779E0
2.481801454E1,-7.560178528E0,-1.235979767E0,6.311924286E0
2.482800954E1,-7.693401489E0,-1.237177277E0,6.154152374E0
2.483800354E1,-7.783214722E0,-1.216669922E0,6.081104279E0
2.484799854E1,-7.833659821E0,-1.197809143E0,6.052214355E0
2.485799354E1,-7.859256592E0,-1.201850739E0,6.054309998E0
2.486798854E1,-7.870483246E0,-1.221459961E0,6.048172760E0
2.487798254E1,-7.961044922E0,-1.303489380E0,5.983656921E0
2.488797754E1,-8.016729126E0,-1.385219421E0,5.890999603E0
2.489797254E1,-7.951614532E0,-1.382075958E0,5.874084778E0
2.490796754E1,-7.900570679E0,-1.342707825E0,5.933361511E0
2.491796154E1,-8.007598114E0,-1.461261292E0,6.122418365E0
2.492795654E1,-8.095166016E0,-1.508413239E0,6.245761871E0
2.493795154E1,-8.189469910E0,-1.528770905E0,6.242917786E0
2.494794654E1,-8.205336914E0,-1.515298920E0,6.189778290E0
2.495794054E1,-8.061336365E0,-1.443598022E0,6.154152374E0
2.496793554E1,-7.929610291E0,-1.460812225E0,5.999673615E0
2.497793054E1,-8.001161499E0,-1.536554718E0,5.861810303E0
2.498792554E1,-8.076903992E0,-1.578317871E0,5.886658630E0
2.499792054E1,-8.002658386E0,-1.516496429E0,6.011199646E0
2.500791454E1,-7.916437683E0,-1.452729034E0,6.175707550E0
2.501790954E1,-7.878716125E0,-1.387315063E0,6.303392029E0
2.502790454E1,-7.852221222E0,-1.315314789E0,6.309379578E0
2.503789954E1,-7.827672272E0,-1.163829803E0,6.120771790E0
2.504789354E1,-7.825876007E0,-9.238787842E-1,5.812712402E0
2.505788854E1,-7.778125305E0,-6.662644958E-1,5.469625854E0
2.506788354E1,-7.687413940E0,-4.308041382E-1,5.259612579E0
2.507787854E1,-7.530839539E0,-4.067042542E-1,5.414989471E0
2.508787254E1,-7.261399841E0,-5.255570984E-1,5.749543762E0
2.509786754E1,-7.004683685E0,-6.812333679E-1,6.154152374E0
2.510786254E1,-6.762786713E0,-8.125103760E-1,6.636299744E0
2.511785754E1,-6.509962463E0,-8.919950867E-1,7.009174347E0
2.512785154E1,-6.301595764E0,-9.044192505E-1,7.212601318E0
2.513784654E1,-6.120921478E0,-9.148974609E-1,7.351213074E0
2.514784154E1,-5.904621277E0,-1.041234741E0,7.276069336E0
2.515783654E1,-5.880671082E0,-1.309027863E0,7.804620209E0
2.516783154E1,-6.164331207E0,-1.598076782E0,7.932304688E0
2.517782554E1,-6.586303711E0,-1.939067688E0,7.917036438E0
2.518782054E1,-6.876250763E0,-2.087858276E0,7.823181610E0
2.519781554E1,-7.124434662E0,-2.059118042E0,7.497908020E0
2.520781054E1,-7.328759766E0,-1.951641541E0,7.103627930E0
2.521780454E1,-7.565567322E0,-1.789828033E0,6.652915192E0
2.522779954E1,-7.694000244E0,-1.659449158E0,6.328240356E0
2.523779454E1,-7.743397522E0,-1.618284760E0,6.119574280E0
2.524778954E1,-7.825426941E0,-1.655706940E0,6.046077118E0
2.525778354E1,-7.892188110E0,-1.707050171E0,6.095324707E0
2.526777854E1,-7.890391846E0,-1.703008575E0,6.223757629E0
2.527777354E1,-7.808961182E0,-1.680555267E0,6.329886932E0
2.528776854E1,-7.707621918E0,-1.628463593E0,6.396648102E0
2.529776354E1,-7.592062225E0,-1.542991333E0,6.409072266E0
2.530775754E1,-7.477550354E0,-1.484762421E0,6.382427673E0
2.531775254E1,-7.441774750E0,-1.420845337E0,6.352040863E0
2.532774754E1,-7.463329926E0,-1.392254791E0,6.308780823E0
2.533774254E1,-7.555089111E0,-1.431772614E0,6.249354401E0
2.534773654E1,-7.627837830E0,-1.469793549E0,6.166875916E0
2.535773250E1,-7.687114563E0,-1.503922577E0,6.124663696E0
2.536772750E1,-7.701634369E0,-1.531614990E0,6.139482880E0
2.537772250E1,-7.691455536E0,-1.571731567E0,6.187233582E0
2.538771650E1,-7.633076935E0,-1.578168182E0,6.220165100E0
2.539771150E1,-7.528145142E0,-1.571132813E0,6.223308563E0
2.540770650E1,-7.482340393E0,-1.563049622E0,6.260131989E0
2.541770150E1,-7.457042999E0,-1.570833435E0,6.296206970E0
2.542769550E1,-7.394473114E0,-1.562001801E0,6.302643585E0
2.543769050E1,-7.305857391E0,-1.502425690E0,6.333928528E0
2.544768550E1,-7.287894745E0,-1.485211487E0,6.346652069E0
2.545768050E1,-7.297774200E0,-1.442550201E0,6.322552185E0
2.546767550E1,-7.317233734E0,-1.398541718E0,6.290069733E0
2.547766950E1,-7.323520660E0,-1.378184052E0,6.226452026E0
2.548766450E1,-7.326364746E0,-1.369352417E0,6.195616150E0
2.549765950E1,-7.324269104E0,-1.345701599E0,6.204298096E0
2.550765450E1,-7.277715912E0,-1.299747162E0,6.207441559E0
2.551764850E1,-7.259154510E0,-1.236877899E0,6.208938446E0
2.552764350E1,-7.273524628E0,-1.237776031E0,6.233786774E0
2.553763850E1,-7.308402100E0,-1.228944397E0,6.243217163E0
2.554763350E1,-7.324119415E0,-1.176852722E0,6.198759613E0
2.555762750E1,-7.321574707E0,-1.099164276E0,6.188880157E0
2.556762250E1,-7.366481323E0,-1.116977234E0,6.243965607E0
2.557761750E1,-7.416327667E0,-1.155147858E0,6.312523041E0
2.558761250E1,-7.470365295E0,-1.230141907E0,6.342011719E0
2.559760750E1,-7.515571289E0,-1.268611908E0,6.354435883E0
2.560760150E1,-7.558831329E0,-1.290765839E0,6.339467010E0
2.561759650E1,-7.600145416E0,-1.309626617E0,6.297703857E0
2.562759150E1,-7.617060242E0,-1.326691132E0,6.241420898E0
2.563758650E1,-7.641160126E0,-1.355730743E0,6.182593231E0
2.564758050E1,-7.662116547E0,-1.395547943E0,6.164929962E0
2.565757550E1,-7.688162384E0,-1.447938995E0,6.209537201E0
2.566757050E1,-7.693551178E0,-1.545386353E0,6.264323273E0
2.567756550E1,-7.694748688E0,-1.609752502E0,6.298601990E0
2.568755950E1,-7.680228882E0,-1.629361725E0,6.355633392E0
2.569755450E1,-7.660170593E0,-1.605710907E0,6.323001251E0
2.570754950E1,-7.597001953E0,-1.576072540E0,6.305188293E0
2.571754450E1,-7.587272186E0,-1.536255341E0,6.254892883E0
2.572753850E1,-7.578889618E0,-1.547781372E0,6.233188019E0
2.573753350E1,-7.574099579E0,-1.562301178E0,6.256539459E0
2.574752850E1,-7.535779266E0,-1.551523590E0,6.299799500E0
2.575752350E1,-7.495513000E0,-1.573378143E0,6.335425415E0
2.576751750E1,-7.484286346E0,-1.563798065E0,6.374494171E0
2.577751250E1,-7.471413116E0,-1.538800049E0,6.376589813E0
2.578750750E1,-7.443571014E0,-1.519939270E0,6.369704132E0
2.579750250E1,-7.424560547E0,-1.481918335E0,6.384972382E0
2.580749750E1,-7.369175720E0,-1.444795532E0,6.386469269E0
2.581749150E1,-7.326664124E0,-1.419049072E0,6.391259308E0
2.582748650E1,-7.323221283E0,-1.374292145E0,6.396648102E0
2.583748150E1,-7.346572723E0,-1.388662262E0,6.397246857E0
2.584747650E1,-7.360493774E0,-1.390907593E0,6.370901642E0
2.585747050E1,-7.392676849E0,-1.381776581E0,6.371051331E0
2.586746550E1,-7.405250702E0,-1.353934479E0,6.386469269E0
2.587746050E1,-7.395970001E0,-1.329535217E0,6.366410980E0
2.588745550E1,-7.397317200E0,-1.302291870E0,6.329587555E0
2.589744950E1,-7.387737122E0,-1.298699341E0,6.343807983E0
2.590744450E1,-7.359895020E0,-1.287772064E0,6.323899384E0
2.591743950E1,-7.344926147E0,-1.282682648E0,6.298302612E0
2.592743450E1,-7.342680817E0,-1.285377045E0,6.265969849E0
2.593742850E1,-7.354655914E0,-1.281036072E0,6.265520782E0
2.594742350E1,-7.358847198E0,-1.291214905E0,6.278693390E0
2.595741850E1,-7.363487549E0,-1.344204712E0,6.252797241E0
2.596741350E1,-7.362888794E0,-1.360670471E0,6.257437592E0
2.597740850E1,-7.381749573E0,-1.356778564E0,6.264023895E0
2.598740250E1,-7.356751556E0,-1.365161133E0,6.271807709E0
2.599739750E1,-7.361691284E0,-1.360371094E0,6.268215179E0
2.600739250E1,-7.404801636E0,-1.414708099E0,6.339167633E0
2.601738750E1,-7.431895294E0,-1.484612732E0,6.403683472E0
2.602738150E1,-7.445217590E0,-1.531764679E0,6.422993317E0
2.603737650E1,-7.543563080E0,-1.622625732E0,6.388714600E0
2.604737150E1,-7.686665497E0,-1.677561493E0,6.349047089E0
2.605736650E1,-7.636519775E0,-1.622326355E0,6.262077942E0
2.606736050E1,-7.297923889E0,-1.492246857E0,6.164031830E0
2.607735550E1,-7.201823730E0,-1.545536041E0,6.314019928E0
2.608735050E1,-7.507188721E0,-1.754202118E0,6.554270325E0
2.609734550E1,-7.709717560E0,-1.847308502E0,6.647975464E0
2.610733950E1,-7.805218964E0,-1.807491302E0,6.654561768E0
2.611733450E1,-7.829468536E0,-1.677262115E0,6.576274567E0
2.612732950E1,-7.744595032E0,-1.536105652E0,6.444997559E0
2.613732450E1,-7.688761139E0,-1.484463043E0,6.244863739E0
2.614731950E1,-7.694598999E0,-1.478475494E0,6.121220856E0
2.615731350E1,-7.628586273E0,-1.464255066E0,6.135890350E0
2.616730850E1,-7.540569305E0,-1.405128021E0,6.259084167E0
2.617730350E1,-7.453001404E0,-1.385967865E0,6.422544250E0
2.618729850E1,-7.430548096E0,-1.372795258E0,6.479425964E0
2.619729250E1,-7.485184479E0,-1.390009460E0,6.442752228E0
2.620728750E1,-7.562274170E0,-1.390159149E0,6.427483978E0
2.621728250E1,-7.603438568E0,-1.356778564E0,6.357579346E0
2.622727750E1,-7.566166077E0,-1.319356384E0,6.284680939E0
2.623727150E1,-7.539072418E0,-1.290616150E0,6.175707550E0
2.624726650E1,-7.547904053E0,-1.235231323E0,6.091133423E0
2.625726150E1,-7.483388214E0,-1.159039764E0,6.039939880E0
2.626725650E1,-7.460635529E0,-1.132245483E0,5.952222290E0
2.627725050E1,-7.470964050E0,-1.115180969E0,5.873186646E0
2.628724550E1,-7.472910004E0,-1.144969025E0,5.808371429E0
2.629724050E1,-7.370223541E0,-1.269510040E0,5.790708160E0
2.630723550E1,-7.280559998E0,-1.424437866E0,6.152505798E0
2.631723050E1,-7.082671509E0,-1.530118103E0,6.975045319E0
2.632722450E1,-7.002438354E0,-1.678309937E0,7.391030273E0
2.633721950E1,-6.924151154E0,-1.772015076E0,7.737110596E0
2.634721450E1,-6.862479401E0,-1.744172974E0,7.810907135E0
2.635720942E1,-6.843468933E0,-1.617686005E0,7.636220398E0
2.636720342E1,-6.853198700E0,-1.421144714E0,7.262148285E0
2.637719842E1,-6.901548157E0,-1.279239807E0,6.846762085E0
2.638719342E1,-7.052135010E0,-1.219663696E0,6.495742035E0
2.639718842E1,-7.234605560E0,-1.232536926E0,6.278693390E0
2.640718242E1,-7.356901245E0,-1.258732452E0,6.184239807E0
2.641717742E1,-7.425608368E0,-1.241967316E0,6.177054749E0
2.642717242E1,-7.535779266E0,-1.248104553E0,6.168971558E0
2.643716742E1,-7.643405457E0,-1.265019379E0,6.184688873E0
2.644716142E1,-7.673941956E0,-1.251846771E0,6.250551910E0
2.645715642E1,-7.594756622E0,-1.258882141E0,6.320755920E0
2.646715142E1,-7.476502533E0,-1.229094086E0,6.357729034E0
2.647714642E1,-7.423662415E0,-1.207089844E0,6.356232147E0
2.648714142E1,-7.397915955E0,-1.196012878E0,6.354435883E0
2.649713542E1,-7.394024048E0,-1.170266418E0,6.344556427E0
2.650713042E1,-7.453001404E0,-1.154998169E0,6.286028137E0
2.651712542E1,-7.530240784E0,-1.164877625E0,6.249504089E0
2.652712042E1,-7.585625610E0,-1.176253967E0,6.249354401E0
2.653711442E1,-7.601342926E0,-1.190624084E0,6.234535217E0
2.654710942E1,-7.588170319E0,-1.221759338E0,6.285579071E0
2.655710442E1,-7.542814636E0,-1.222358093E0,6.348897400E0
2.656709942E1,-7.601492615E0,-1.282083893E0,6.442752228E0
2.657709342E1,-7.513176270E0,-1.257085876E0,6.558162231E0
2.658708842E1,-7.157366180E0,-1.084794159E0,6.610253906E0
2.659708342E1,-6.649921417E0,-9.855505371E-1,6.530918884E0
2.660707842E1,-6.355932770E0,-1.158441010E0,6.433471527E0
2.661707342E1,-6.711892548E0,-1.421444092E0,6.753805389E0
2.662706742E1,-7.337292023E0,-1.573228455E0,7.141199799E0
2.663706242E1,-7.688162384E0,-1.496138763E0,7.107968903E0
2.664705742E1,-7.828869781E0,-1.319955139E0,7.061864777E0
2.665705242E1,-7.845485229E0,-1.153052216E0,6.804549866E0
2.666704642E1,-7.780520325E0,-1.009051666E0,6.478527832E0
2.667704142E1,-7.689808960E0,-8.836125183E-1,6.273753662E0
2.668703642E1,-7.644902344E0,-8.110134888E-1,6.226452026E0
2.669703142E1,-7.570057983E0,-7.911048889E-1,6.287375336E0
2.670702542E1,-7.507937164E0,-7.890092468E-1,6.378685455E0
2.671702042E1,-7.463329926E0,-7.605683899E-1,6.450086975E0
2.672701542E1,-7.461833038E0,-7.878117371E-1,6.499484253E0
2.673701042E1,-7.450606384E0,-7.936495972E-1,6.513105927E0
2.674700442E1,-7.425907745E0,-8.009843445E-1,6.525530090E0
2.675699942E1,-7.399412842E0,-7.810757446E-1,6.506369934E0
2.676699442E1,-7.406298523E0,-7.765850830E-1,6.485413513E0
2.677698942E1,-7.459887085E0,-8.099656677E-1,6.453380127E0
2.678698442E1,-7.490722961E0,-8.226892090E-1,6.455176392E0
2.679697842E1,-7.455845490E0,-8.390052795E-1,6.416856079E0
2.680697342E1,-7.392676849E0,-8.773255920E-1,6.377038879E0
2.681696842E1,-7.351213074E0,-8.849597168E-1,6.387068024E0
2.682696342E1,-7.324568481E0,-9.029223633E-1,6.362070007E0
2.683695742E1,-7.264992371E0,-9.262738037E-1,6.364315338E0
2.684695242E1,-7.242988129E0,-9.574090576E-1,6.358477478E0
2.685694742E1,-7.267986145E0,-1.058149567E0,6.403982849E0
2.686694242E1,-7.337741089E0,-1.172811127E0,6.449488220E0
2.687693642E1,-7.359745331E0,-1.260977783E0,6.482868805E0
2.688693142E1,-7.375911713E0,-1.324296112E0,6.506968689E0
2.689692642E1,-7.388635254E0,-1.407972107E0,6.434070282E0
2.690692142E1,-7.401358795E0,-1.472188568E0,6.344855804E0
2.691691542E1,-7.464078369E0,-1.555265808E0,6.322252808E0
2.692691042E1,-7.547305298E0,-1.655257874E0,6.324198761E0
2.693690542E1,-7.637268219E0,-1.734742584E0,6.375092926E0
2.694690042E1,-7.699688416E0,-1.788031769E0,6.446644135E0
2.695689542E1,-7.740852814E0,-1.797013092E0,6.465504913E0
2.696688942E1,-7.643106079E0,-1.859582977E0,6.404431915E0
2.697688442E1,-7.507937164E0,-1.899549866E0,6.396348724E0
2.698687942E1,-7.322772217E0,-1.888173523E0,6.378086700E0
2.699687442E1,-7.128775635E0,-1.922302551E0,6.341862030E0
2.700686842E1,-7.050787811E0,-2.048340454E0,6.332731018E0
2.701686342E1,-6.959178314E0,-2.201921082E0,6.331084442E0
2.702685842E1,-6.681655426E0,-2.306403809E0,6.264922028E0
2.703685342E1,-6.358327789E0,-2.428100739E0,6.106850739E0
2.704684742E1,-6.398743744E0,-2.595003662E0,6.507118378E0
2.705684242E1,-6.699468384E0,-2.852318573E0,6.826853485E0
2.706683742E1,-6.838529205E0,-2.848576355E0,6.945706329E0
2.707683242E1,-6.849755859E0,-2.633024597E0,6.738537140E0
2.708682642E1,-6.859635315E0,-2.439626770E0,6.265071716E0
2.709682142E1,-6.954987030E0,-2.368075562E0,5.876779175E0
2.710681642E1,-7.157815247E0,-2.376458130E0,5.645659790E0
2.711681142E1,-7.344626770E0,-2.292033691E0,5.713319092E0
2.712680642E1,-7.301666107E0,-2.054028625E0,5.946833496E0
2.713680042E1,-7.234156494E0,-1.875150604E0,6.223009186E0
2.714679542E1,-7.052284698E0,-1.826052704E0,6.478527832E0
2.715679042E1,-6.949747925E0,-1.875150604E0,6.622528381E0
2.716678542E1,-7.079378357E0,-1.947450256E0,6.716832275E0
2.717677942E1,-7.358547821E0,-1.946851501E0,6.731801147E0
2.718677442E1,-7.631729736E0,-1.842368774E0,6.684948578E0
2.719676942E1,-7.741002502E0,-1.573827209E0,6.491401062E0
2.720676442E1,-7.664511566E0,-1.285526733E0,6.326893158E0
2.721675842E1,-7.508386230E0,-9.921368408E-1,6.185287628E0
2.722675342E1,-7.370223541E0,-7.467970276E-1,6.018235016E0
2.723674842E1,-7.305707703E0,-6.144721985E-1,5.840255127E0
2.724674342E1,-7.268884277E0,-5.921685791E-1,5.826034698E0
2.725673742E1,-7.090155945E0,-6.201603699E-1,6.027366028E0
2.726673242E1,-6.706653442E0,-6.746470642E-1,6.412664795E0
2.727672742E1,-6.126310272E0,-7.261399841E-1,6.792574768E0
2.728672242E1,-6.001918945E0,-9.469308472E-1,7.604636078E0
2.729671742E1,-6.427633667E0,-1.253044281E0,8.420738983E0
2.730671142E1,-6.929090881E0,-1.406475220E0,8.578361206E0
2.731670642E1,-7.152875519E0,-1.336720276E0,8.428672485E0
2.732670142E1,-7.223229218E0,-1.159937897E0,7.983947296E0
2.733669642E1,-7.268285522E0,-1.013841705E0,7.488777008E0
2.734669042E1,-7.186405792E0,-8.922944641E-1,7.106771393E0
2.735668554E1,-7.094945984E0,-7.349716187E-1,6.691385193E0
2.736668054E1,-7.126979370E0,-7.509883118E-1,6.394702148E0
2.737667554E1,-7.361541595E0,-9.819580078E-1,6.338119812E0
2.738666954E1,-7.860005035E0,-1.307530975E0,6.548133087E0
2.739666454E1,-8.157586212E0,-1.564396820E0,6.860832825E0
2.740665954E1,-8.079897766E0,-1.690883789E0,7.078929291E0
2.741665454E1,-7.884254608E0,-1.687291260E0,7.218289490E0
2.742664954E1,-7.657775574E0,-1.560355225E0,7.243886261E0
2.743664354E1,-7.416627045E0,-1.376687164E0,7.063960419E0
2.744663854E1,-7.260651398E0,-1.319356384E0,6.807094574E0
2.745663354E1,-7.145391083E0,-1.351389771E0,6.637347565E0
2.746662854E1,-7.054380341E0,-1.434616699E0,6.487060089E0
2.747662254E1,-6.929240570E0,-1.473236389E0,6.319109344E0
2.748661754E1,-6.880591736E0,-1.520238647E0,6.193370819E0
2.749661254E1,-6.744075623E0,-1.529369659E0,6.095624084E0
2.750660754E1,-6.551276550E0,-1.526675262E0,5.986950073E0
2.751660154E1,-6.370302887E0,-1.673519897E0,5.976771240E0
2.752659654E1,-6.339616699E0,-1.980232086E0,5.993985443E0
2.753659154E1,-6.685247955E0,-2.332000580E0,5.988147583E0
2.754658654E1,-7.398664398E0,-2.596799927E0,6.437962189E0
2.755658054E1,-7.995922394E0,-2.587070160E0,6.640341339E0
2.756657554E1,-8.060438232E0,-2.253713379E0,6.444099426E0
2.757657054E1,-8.034093018E0,-2.019151154E0,6.345454559E0
2.758656554E1,-7.914192352E0,-1.795965271E0,6.192173309E0
2.759656054E1,-7.600893860E0,-1.611698456E0,6.086942139E0
2.760655454E1,-7.308701477E0,-1.534309387E0,6.135291595E0
2.761654954E1,-7.098388824E0,-1.470541992E0,6.267317047E0
2.762654454E1,-7.066056061E0,-1.422491913E0,6.337071991E0
2.763653954E1,-7.168892212E0,-1.429227905E0,6.349047089E0
2.764653354E1,-7.357649689E0,-1.475481720E0,6.341412964E0
2.765652854E1,-7.464078369E0,-1.482666779E0,6.342760162E0
2.766652354E1,-7.579638062E0,-1.530716858E0,6.330186310E0
2.767651854E1,-7.643106079E0,-1.489402771E0,6.387367401E0
2.768651254E1,-7.626790009E0,-1.391506348E0,6.412964172E0
2.769650754E1,-7.504644012E0,-1.295256500E0,6.434219971E0
2.770650254E1,-7.411387939E0,-1.218316498E0,6.434219971E0
2.771649754E1,-7.335495758E0,-1.192270660E0,6.442602539E0
2.772649254E1,-7.214846649E0,-1.202150116E0,6.502927094E0
2.773648654E1,-7.146738281E0,-1.240919495E0,6.552623749E0
2.774648154E1,-7.183112640E0,-1.269360352E0,6.529272308E0
2.775647654E1,-7.216343536E0,-1.256187744E0,6.462211761E0
2.776647154E1,-7.316185913E0,-1.271306305E0,6.413413239E0
2.777646554E1,-7.420968018E0,-1.261875916E0,6.385571136E0
2.778646054E1,-7.485633545E0,-1.322350159E0,6.358477478E0
2.779645554E1,-7.453600159E0,-1.362766113E0,6.313870239E0
2.780645054E1,-7.350015564E0,-1.361718292E0,6.277495880E0
2.781644454E1,-7.323670349E0,-1.371448059E0,6.333180084E0
2.782643954E1,-7.328759766E0,-1.382225647E0,6.425687714E0
2.783643454E1,-7.290738831E0,-1.411115570E0,6.528823242E0
2.784642954E1,-7.144642639E0,-1.384021912E0,6.635700989E0
2.785642354E1,-7.006629639E0,-1.361269226E0,6.716532898E0
2.786641854E1,-6.989864502E0,-1.402433624E0,6.707102509E0
2.787641354E1,-7.087461548E0,-1.449585571E0,6.683900757E0
2.788640854E1,-7.204817505E0,-1.481319580E0,6.624174957E0
2.789640254E1,-7.334897003E0,-1.484313354E0,6.503226471E0
2.790639754E1,-7.396269379E0,-1.455573120E0,6.381529541E0
2.791639254E1,-7.457641754E0,-1.407672729E0,6.327042847E0
2.792638754E1,-7.486082611E0,-1.415456543E0,6.320755920E0
2.793638254E1,-7.493267670E0,-1.469943237E0,6.418502655E0
2.794637654E1,-7.473808136E0,-1.518891449E0,6.616091766E0
2.795637154E1,-7.369175720E0,-1.478176117E0,6.770869904E0
2.796636654E1,-7.094796295E0,-1.370998993E0,6.845115509E0
2.797636154E1,-6.643185425E0,-1.325792999E0,6.752907257E0
2.798635554E1,-6.563251648E0,-1.420246582E0,7.204518127E0
2.799635054E1,-6.717730408E0,-1.526974640E0,7.787555695E0
2.800634554E1,-6.896907806E0,-1.520687714E0,7.848778381E0
2.801634054E1,-7.009324036E0,-1.421593781E0,7.917036438E0
2.802633454E1,-7.112160187E0,-1.244661713E0,7.691006470E0
2.803632954E1,-7.290738831E0,-1.109193420E0,7.274871826E0
2.804632454E1,-7.402705994E0,-9.876461792E-1,6.900650024E0
2.805631954E1,-7.443571014E0,-8.672964478E-1,6.633006592E0
2.806631354E1,-7.506440277E0,-8.202941895E-1,6.535259857E0
2.807630854E1,-7.556585999E0,-7.921527100E-1,6.534960480E0
2.808630354E1,-7.533234558E0,-7.629634094E-1,6.621330872E0
2.809629854E1,-7.474556580E0,-7.523355103E-1,6.728807373E0
2.810629354E1,-7.396568756E0,-8.023315430E-1,6.830895081E0
2.811628754E1,-7.297923889E0,-8.810678101E-1,6.921456757E0
2.812628254E1,-7.190297699E0,-9.024732971E-1,6.906338196E0
2.813627754E1,-7.087012482E0,-8.713380432E-1,6.841822357E0
2.814627254E1,-7.027286682E0,-8.901988220E-1,6.812183990E0
2.815626654E1,-7.043453064E0,-9.406439209E-1,6.766977997E0
2.816626154E1,-7.060966644E0,-1.015488281E0,6.706503754E0
2.817625654E1,-7.131919098E0,-1.144669647E0,6.712341614E0
2.818625154E1,-7.213499451E0,-1.265318756E0,6.712640991E0
2.819624554E1,-7.192842407E0,-1.367705841E0,6.683900757E0
2.820624054E1,-7.120692444E0,-1.433419189E0,6.621779938E0
2.821623554E1,-7.079228668E0,-1.481768646E0,6.573879547E0
2.822623054E1,-6.993157654E0,-1.528022461E0,6.546336823E0
2.823622554E1,-6.891219635E0,-1.528022461E0,6.499484253E0
2.824621954E1,-6.777456207E0,-1.549128571E0,6.511159973E0
2.825621454E1,-6.673422546E0,-1.598076782E0,6.557264099E0
2.826620954E1,-6.537804565E0,-1.644929352E0,6.601272583E0
2.827620454E1,-6.397995300E0,-1.723515930E0,6.608307953E0
2.828619854E1,-6.382427673E0,-1.906734924E0,6.683900757E0
2.829619354E1,-6.518794098E0,-2.091151428E0,6.759643250E0
2.830618854E1,-6.666686554E0,-2.164199524E0,6.783144379E0
2.831618354E1,-6.707252197E0,-2.134860535E0,6.743027802E0
2.832617754E1,-6.485413513E0,-2.152074738E0,6.537056122E0
2.833617254E1,-6.604266357E0,-2.249522095E0,6.513405304E0
2.834616754E1,-7.048243103E0,-2.386636963E0,6.769223328E0
2.835616262E1,-7.400760040E0,-2.504441986E0,6.820267181E0
2.836615662E1,-7.462282104E0,-2.374512177E0,6.828050995E0
2.837615162E1,-7.483537903E0,-2.205812988E0,6.799610138E0
2.838614662E1,-7.480843506E0,-2.024240570E0,6.593788147E0
2.839614162E1,-7.370672607E0,-1.892664185E0,6.413113861E0
2.840613662E1,-7.247778168E0,-1.850451965E0,6.368806000E0
2.841613062E1,-7.153773651E0,-1.845961304E0,6.446045380E0
2.842612562E1,-7.094047852E0,-1.863474884E0,6.504873047E0
2.843612062E1,-7.041806488E0,-1.834435272E0,6.582561493E0
2.844611562E1,-7.035369873E0,-1.827848969E0,6.730004883E0
2.845610962E1,-7.029831390E0,-1.869612122E0,6.808591461E0
2.846610462E1,-7.047794037E0,-1.907034302E0,6.845714264E0
2.847609962E1,-7.096293182E0,-1.952689362E0,6.874454498E0
2.848609462E1,-7.118746490E0,-2.039059753E0,6.876849518E0
2.849608862E1,-7.107819214E0,-2.126777344E0,6.838529205E0
2.850608362E1,-6.997049561E0,-2.168690186E0,6.771768036E0
2.851607862E1,-6.843768311E0,-2.142195282E0,6.790329437E0
2.852607362E1,-6.653813324E0,-2.085612946E0,6.865173798E0
2.853606762E1,-6.543792114E0,-2.012115784E0,6.985822906E0
2.854606262E1,-6.564449158E0,-1.973196716E0,7.152725830E0
2.855605762E1,-6.643933868E0,-2.056573334E0,7.343878326E0
2.856605262E1,-6.668033752E0,-2.226619720E0,7.456144867E0
2.857604762E1,-6.569837952E0,-2.362537079E0,7.643704834E0
2.858604162E1,-6.353687439E0,-2.379451904E0,7.762857056E0
2.859603662E1,-6.165079651E0,-2.283351746E0,7.818241882E0
2.860603162E1,-6.080206146E0,-2.143392792E0,7.763605499E0
2.861602662E1,-6.092031555E0,-1.981429596E0,7.695796509E0
2.862602062E1,-6.212680664E0,-1.895957336E0,7.627987518E0
2.863601562E1,-6.369404755E0,-1.870360565E0,7.562872925E0
2.864601062E1,-6.542594604E0,-1.881287842E0,7.495213623E0
2.865600562E1,-6.620133362E0,-1.801054688E0,7.325167236E0
2.866599962E1,-6.643335114E0,-1.612746277E0,7.230863342E0
2.867599462E1,-6.705605621E0,-1.413510590E0,7.094047852E0
2.868598962E1,-6.803052979E0,-1.225651245E0,6.925797729E0
2.869598462E1,-6.966962128E0,-1.114731903E0,6.816375275E0
2.870597962E1,-7.110663300E0,-1.075064392E0,6.662345581E0
2.871597362E1,-7.202123108E0,-1.043929138E0,6.522686005E0
2.872596862E1,-7.294481049E0,-1.005309448E0,6.491550751E0
2.873596362E1,-7.411088562E0,-9.608518982E-1,6.452032928E0
2.874595862E1,-7.537725220E0,-9.559121704E-1,6.370602264E0
2.875595262E1,-7.692952423E0,-9.463320923E-1,6.249653778E0
2.876594762E1,-7.861950989E0,-9.231303406E-1,6.087241516E0
2.877594262E1,-8.029153290E0,-8.910969543E-1,5.939648438E0
2.878593762E1,-8.110733643E0,-8.485853577E-1,5.835165710E0
2.879593162E1,-8.209378510E0,-7.846682739E-1,5.695955200E0
2.880592662E1,-8.337961121E0,-7.304809570E-1,5.572462006E0
2.881592162E1,-8.465196533E0,-6.462062073E-1,5.451513519E0
2.882591662E1,-8.542735291E0,-4.812492371E-1,5.363496552E0
2.883591162E1,-8.531059570E0,-3.415896606E-1,5.409450989E0
2.884590562E1,-8.422834625E0,-2.161505127E-1,5.549110565E0
2.885590062E1,-8.222102051E0,-1.116677856E-1,5.658533020E0
2.886589562E1,-8.025111694E0,-3.397933960E-2,5.743705902E0
2.887589062E1,-7.865244141E0,-2.380050659E-2,5.832471313E0
2.888588462E1,-7.701035614E0,1.586700439E-2,5.876779175E0
2.889587962E1,-7.514673157E0,6.376739502E-2,5.959407349E0
2.890587462E1,-7.361391907E0,5.792953491E-2,5.933062134E0
2.891586962E1,-7.333998871E0,2.020797729E-2,5.854325867E0
2.892586362E1,-7.366331635E0,-2.395019531E-3,5.839356995E0
2.893585862E1,-7.413932648E0,1.137634277E-2,5.844596100E0
2.894585362E1,-7.541617126E0,-1.167572021E-2,5.842201080E0
2.895584862E1,-7.717651062E0,-2.739303589E-2,5.794600067E0
2.896584262E1,-7.852819977E0,-1.886077881E-2,5.720354462E0
2.897583762E1,-7.948171692E0,-8.681945801E-3,5.637576599E0
2.898583262E1,-8.043523407E0,6.436614990E-3,5.588778076E0
2.899582762E1,-8.101602631E0,2.395019531E-3,5.574407959E0
2.900582162E1,-8.083190918E0,3.068618774E-2,5.603746948E0
2.901581662E1,-8.020770721E0,5.478607178E-2,5.698948975E0
2.902581162E1,-7.893235931E0,8.158035278E-2,5.791905670E0
2.903580662E1,-7.764054565E0,1.119671631E-1,5.813460846E0
2.904580162E1,-7.690108337E0,1.136137390E-1,5.818101196E0
2.905579562E1,-7.714357910E0,4.266128540E-2,5.803282013E0
2.906579062E1,-7.783963165E0,-2.155517578E-2,5.701643372E0
2.907578562E1,-7.951165466E0,-1.131646729E-1,5.552104340E0
2.908578062E1,-8.280480652E0,-3.519181824E-1,5.396727448E0
2.909577462E1,-8.608448639E0,-5.119354248E-1,5.215753784E0
2.910576962E1,-8.906478882E0,-4.986131287E-1,5.058131561E0
2.911576462E1,-9.160201263E0,-3.483256531E-1,4.984784088E0
2.912575962E1,-9.341025238E0,-2.022294617E-1,4.962779846E0
2.913575362E1,-9.418414307E0,-1.053808594E-1,5.037624207E0
2.914574862E1,-9.331145782E0,-1.032852173E-2,5.266498260E0
2.915574362E1,-9.030570831E0,5.837860107E-2,5.530698853E0
2.916573862E1,-8.706345062E0,9.475296021E-2,5.814808044E0
2.917573362E1,-8.423732758E0,1.296304321E-1,6.089636536E0
2.918572762E1,-8.149652710E0,1.713935852E-1,6.321803741E0
2.919572262E1,-7.961793365E0,1.589694214E-1,6.478078766E0
2.920571762E1,-7.871381378E0,9.460327148E-2,6.603517914E0
2.921571262E1,-7.801776123E0,3.562591553E-2,6.627168732E0
2.922570662E1,-7.771539001E0,-1.646575928E-3,6.552024994E0
2.923570162E1,-7.816894684E0,-2.035766602E-2,6.493347015E0
2.924569662E1,-7.876321106E0,-3.787124634E-2,6.388564911E0
2.925569162E1,-7.938741302E0,-1.210981750E-1,6.267616425E0
2.926568562E1,-8.028404846E0,-1.749861145E-1,6.171965332E0
2.927568062E1,-8.150999908E0,-2.511776733E-1,6.077362061E0
2.928567562E1,-8.133935394E0,-3.092568970E-1,5.954467621E0
2.929567062E1,-8.044122162E0,-3.629951477E-1,5.763165436E0
2.930566462E1,-8.003855896E0,-3.953279114E-1,5.549859009E0
2.931565962E1,-7.922125854E0,-3.701802063E-1,5.349874878E0
2.932565462E1,-7.864346008E0,-3.097059631E-1,5.193300476E0
2.933564962E1,-7.900121613E0,-3.378474426E-1,5.089566193E0
2.934564462E1,-7.986192627E0,-4.188290405E-1,5.000800781E0
2.935563875E1,-8.095764771E0,-5.625302124E-1,4.931943970E0
2.936563375E1,-8.112380219E0,-6.650669861E-1,4.842879181E0
2.937562875E1,-8.026608582E0,-6.718029785E-1,4.840783539E0
2.938562375E1,-7.944728851E0,-6.491999817E-1,4.950505371E0
2.939561775E1,-7.940836945E0,-6.857240295E-1,5.175337830E0
2.940561275E1,-7.894732819E0,-7.158114624E-1,5.477259979E0
2.941560775E1,-7.706125031E0,-7.000941467E-1,5.748795319E0
2.942560275E1,-7.497908020E0,-6.595285034E-1,5.888005829E0
2.943559675E1,-7.387437744E0,-6.548881531E-1,6.025569763E0
2.944559175E1,-7.318730621E0,-6.973997498E-1,6.261329498E0
2.945558675E1,-7.179370422E0,-7.225474548E-1,6.566993866E0
2.946558175E1,-6.999594269E0,-7.734416199E-1,6.757697296E0
2.947557675E1,-6.900200958E0,-8.144563293E-1,6.929240570E0
2.948557075E1,-6.808591461E0,-8.449928284E-1,7.163054352E0
2.949556575E1,-6.638844452E0,-8.205935669E-1,7.378755798E0
2.950556075E1,-6.596632233E0,-8.523275757E-1,7.446714478E0
2.951555575E1,-6.606511688E0,-8.961863708E-1,7.481292572E0
2.952554975E1,-6.640790405E0,-8.777746582E-1,7.531288605E0
2.953554475E1,-6.673422546E0,-8.575666809E-1,7.531438293E0
2.954553975E1,-6.673123169E0,-8.499325562E-1,7.468868408E0
2.955553475E1,-6.757697296E0,-8.548722839E-1,7.314389648E0
2.956552875E1,-6.828649750E0,-9.065148926E-1,7.142247620E0
2.957552375E1,-6.887627106E0,-9.355545044E-1,7.044201508E0
2.958551875E1,-6.919510803E0,-9.210346985E-1,6.955136719E0
2.959551375E1,-6.921007690E0,-9.129515076E-1,6.882986755E0
2.960550775E1,-6.930438080E0,-9.639953613E-1,6.896907806E0
2.961550275E1,-6.994355164E0,-1.009949799E0,6.838678894E0
2.962549775E1,-7.092550964E0,-1.098266144E0,6.766977997E0
2.963549275E1,-7.179669800E0,-1.152603149E0,6.706054688E0
2.964548775E1,-7.261848907E0,-1.167871399E0,6.664141846E0
2.965548175E1,-7.343728638E0,-1.216819611E0,6.680158539E0
2.966547675E1,-7.445516968E0,-1.320104828E0,6.678961029E0
2.967547175E1,-7.469616852E0,-1.375040588E0,6.608906708E0
2.968546675E1,-7.448810120E0,-1.370400238E0,6.465953979E0
2.969546075E1,-7.312144318E0,-1.363813934E0,6.295159149E0
2.970545575E1,-7.616311798E0,-1.543590088E0,6.471342773E0
2.971545075E1,-7.941435699E0,-1.659299469E0,6.611002350E0
2.972544575E1,-8.113278351E0,-1.753753052E0,6.747518463E0
2.973543975E1,-8.176896057E0,-1.755399628E0,6.789281616E0
2.974543475E1,-8.204588470E0,-1.660047913E0,6.650220795E0
2.975542975E1,-8.214916992E0,-1.485361176E0,6.432423706E0
2.976542475E1,-8.247848511E0,-1.344953156E0,6.269861755E0
2.977541975E1,-8.201295319E0,-1.245559845E0,6.192023621E0
2.978541375E1,-8.100255432E0,-1.183439026E0,6.148613892E0
2.979540875E1,-7.980654144E0,-1.151705017E0,6.149961090E0
2.980540375E1,-7.825576630E0,-1.108444977E0,6.182144165E0
2.981539875E1,-7.718399506E0,-1.091530151E0,6.196065216E0
2.982539275E1,-7.637268219E0,-1.082548828E0,6.246660004E0
2.983538775E1,-7.600893860E0,-1.086889801E0,6.290219421E0
2.984538275E1,-7.629035339E0,-1.134191437E0,6.330635376E0
2.985537775E1,-7.616611176E0,-1.153201904E0,6.299649811E0
2.986537175E1,-7.566315765E0,-1.139280853E0,6.274801483E0
2.987536675E1,-7.561825104E0,-1.107846222E0,6.256090393E0
2.988536175E1,-7.566166077E0,-1.089584198E0,6.267616425E0
2.989535675E1,-7.580087128E0,-1.094374237E0,6.245163116E0
2.990535175E1,-7.567064209E0,-1.118623810E0,6.251300354E0
2.991534575E1,-7.562124481E0,-1.116228790E0,6.262377319E0
2.992534075E1,-7.499105530E0,-1.125958557E0,6.287225647E0
2.993533575E1,-7.419770508E0,-1.119971008E0,6.314618683E0
2.994533075E1,-7.400460663E0,-1.137334900E0,6.325545959E0
2.995532475E1,-7.329059143E0,-1.158740387E0,6.332281952E0
2.996531975E1,-7.317682800E0,-1.189127197E0,6.382427673E0
2.997531475E1,-7.349716187E0,-1.210532684E0,6.452781372E0
2.998530975E1,-7.360793152E0,-1.212328949E0,6.517895966E0
2.999530375E1,-7.418123932E0,-1.183289337E0,6.547833710E0
3.000529875E1,-7.479196930E0,-1.125060425E0,6.525081024E0
3.001529375E1,-7.517367554E0,-1.121916962E0,6.511309662E0
3.002528875E1,-7.549101563E0,-1.174757080E0,6.532266083E0
3.003528275E1,-7.570357361E0,-1.222956848E0,6.555318146E0
3.004527775E1,-7.602091370E0,-1.260079651E0,6.598129120E0
3.005527275E1,-7.564070435E0,-1.237177277E0,6.646029510E0
3.006526775E1,-7.453899536E0,-1.179098053E0,6.668183441E0
3.007526175E1,-7.296277313E0,-1.115630035E0,6.608607330E0
3.008525675E1,-7.187303925E0,-1.063837738E0,6.498735809E0
3.009525175E1,-7.146738281E0,-1.015039215E0,6.361022186E0
3.010524675E1,-7.204967194E0,-9.789642334E-1,6.216572571E0
3.011524175E1,-7.264992371E0,-9.286688232E-1,6.140231323E0
3.012523575E1,-7.328460388E0,-9.229806519E-1,6.124364319E0
3.013523075E1,-7.334148560E0,-9.351054382E-1,6.195915527E0
3.014522575E1,-7.245532837E0,-9.162446594E-1,6.285429382E0
3.015522075E1,-7.200326843E0,-9.620494080E-1,6.410120087E0
3.016521475E1,-7.297325134E0,-1.041384430E0,6.609804840E0
3.017520975E1,-7.383994904E0,-1.093925171E0,6.726112976E0
3.018520475E1,-7.433392181E0,-1.093476105E0,6.744225311E0
3.019519975E1,-7.470065918E0,-1.054257660E0,6.706503754E0
3.020519375E1,-7.542066193E0,-9.978250122E-1,6.634802856E0
3.021518875E1,-7.595505066E0,-9.668394470E-1,6.556665344E0
3.022518375E1,-7.664062500E0,-9.129515076E-1,6.499334564E0
3.023517875E1,-7.659721527E0,-8.557704163E-1,6.449787598E0
3.024517375E1,-7.627987518E0,-7.976911926E-1,6.440955963E0
3.025516775E1,-7.556436310E0,-7.438032532E-1,6.520590363E0
3.026516275E1,-7.455695801E0,-6.936575317E-1,6.547085266E0
3.027515775E1,-7.337890778E0,-6.274951172E-1,6.532266083E0
3.028515275E1,-7.250921631E0,-5.879772949E-1,6.594835968E0
3.029514675E1,-7.231162720E0,-6.147715759E-1,6.658753052E0
3.030514175E1,-7.285499725E0,-6.306385803E-1,6.703959045E0
3.031513675E1,-7.309749298E0,-5.950126648E-1,6.696773987E0
3.032513175E1,-7.404352570E0,-5.995033264E-1,6.640341339E0
3.033512575E1,-7.503446503E0,-6.550378418E-1,6.622977448E0
3.034512075E1,-7.591613159E0,-6.762936401E-1,6.584058380E0
3.035511500E1,-7.604486389E0,-6.483018494E-1,6.557413788E0
3.036511000E1,-7.572303314E0,-5.990542603E-1,6.546486511E0
3.037510400E1,-7.556585999E0,-5.143304443E-1,6.553222504E0
3.038509900E1,-7.510930939E0,-4.620890808E-1,6.537205811E0
3.039509400E1,-7.450905762E0,-4.472698975E-1,6.546486511E0
3.040508900E1,-7.466772766E0,-5.170248413E-1,6.592890015E0
3.041508400E1,-7.528444519E0,-6.014492798E-1,6.656807098E0
3.042507800E1,-7.611671448E0,-6.715036011E-1,6.640341339E0
3.043507300E1,-7.681426392E0,-7.005432129E-1,6.533463593E0
3.044506800E1,-7.792196045E0,-6.918612671E-1,6.402785339E0
3.045506300E1,-7.902516632E0,-7.232958984E-1,6.322252808E0
3.046505700E1,-7.870483246E0,-6.846762085E-1,6.247558136E0
3.047505200E1,-7.763904877E0,-6.483018494E-1,6.169720001E0
3.048504700E1,-7.644902344E0,-6.210585022E-1,6.134842529E0
3.049504200E1,-7.566016388E0,-6.191125488E-1,6.160289612E0
3.050503600E1,-7.527247009E0,-6.897656250E-1,6.159241791E0
3.051503100E1,-7.599247284E0,-8.399034119E-1,6.191275177E0
3.052502600E1,-7.707322540E0,-1.015188904E0,6.251749420E0
3.053502100E1,-7.782017212E0,-1.114282837E0,6.261329498E0
3.054501500E1,-7.783663788E0,-1.042581940E0,6.205645294E0
3.055501000E1,-7.750881958E0,-9.303153992E-1,6.130052490E0
3.056500500E1,-7.695646820E0,-8.146060181E-1,6.080355835E0
3.057500000E1,-7.667056274E0,-7.846682739E-1,6.061045990E0
3.058499500E1,-7.646099854E0,-8.569679260E-1,6.108048248E0
3.059498900E1,-7.670349426E0,-1.013542328E0,6.187383270E0
3.060498400E1,-7.624844055E0,-1.108444977E0,6.216422882E0
3.061497900E1,-7.511380005E0,-1.092877350E0,6.228847046E0
3.062497400E1,-7.484136658E0,-1.031055908E0,6.241420898E0
3.063496800E1,-7.482490082E0,-1.006506958E0,6.224955139E0
3.064496300E1,-7.444469147E0,-9.849517822E-1,6.219716034E0
3.065495800E1,-7.446864166E0,-1.033899994E0,6.239924011E0
3.066495300E1,-7.464826813E0,-1.110690308E0,6.295458527E0
3.067494700E1,-7.459587708E0,-1.188528442E0,6.358627167E0
3.068494200E1,-7.457042999E0,-1.230141907E0,6.412066040E0
3.069493700E1,-7.447013855E0,-1.261576538E0,6.435567169E0
3.070493200E1,-7.429500275E0,-1.279838562E0,6.439010010E0
3.071492700E1,-7.424261169E0,-1.250499573E0,6.415808258E0
3.072492100E1,-7.346722412E0,-1.198557587E0,6.404431915E0
3.073491600E1,-7.181316376E0,-1.116977234E0,6.345903625E0
3.074491100E1,-7.062912598E0,-1.081501007E0,6.348298645E0
3.075490600E1,-7.035070496E0,-1.094673615E0,6.367009735E0
3.076490000E1,-6.998097382E0,-1.091829529E0,6.408772888E0
3.077489500E1,-6.999594269E0,-1.146016846E0,6.499783630E0
3.078489000E1,-7.064259796E0,-1.230441284E0,6.592590637E0
3.079488500E1,-7.155719604E0,-1.309177551E0,6.630012817E0
3.080487900E1,-7.176975403E0,-1.349144440E0,6.672823792E0
3.081487400E1,-7.145091705E0,-1.322350159E0,6.697372742E0
3.082486900E1,-7.109765167E0,-1.303190002E0,6.721023560E0
3.083486400E1,-7.080725555E0,-1.288969574E0,6.746919708E0
3.084485800E1,-7.052434387E0,-1.266216888E0,6.752158813E0
3.085485300E1,-7.004234619E0,-1.255139923E0,6.770121460E0
3.086484800E1,-6.984026642E0,-1.265318756E0,6.762637024E0
3.087484300E1,-6.975045319E0,-1.266815643E0,6.745722198E0
3.088483800E1,-6.991660767E0,-1.277742920E0,6.725364532E0
3.089483200E1,-7.007378082E0,-1.305285645E0,6.718029785E0
3.090482700E1,-7.038962402E0,-1.318158875E0,6.693181458E0
3.091482200E1,-7.061715088E0,-1.310674438E0,6.640491028E0
3.092481700E1,-7.058571625E0,-1.331930237E0,6.591842194E0
3.093481100E1,-7.091952209E0,-1.346899109E0,6.578220520E0
3.094480600E1,-6.992109833E0,-1.286724243E0,6.643933868E0
3.095480100E1,-7.036567383E0,-1.301842804E0,6.736441498E0
3.096479600E1,-7.081923065E0,-1.391356659E0,6.895410919E0
3.097479000E1,-7.037016449E0,-1.420545959E0,7.025640106E0
3.098478500E1,-7.025490417E0,-1.407672729E0,7.050338745E0
3.099478000E1,-6.975644073E0,-1.392105103E0,7.092550964E0
3.100477500E1,-6.860533447E0,-1.345551910E0,7.073241119E0
3.101476900E1,-6.785838776E0,-1.350791016E0,6.928043060E0
3.102476400E1,-6.625821533E0,-1.282982025E0,6.969057770E0
3.103475900E1,-6.557563477E0,-1.208586731E0,7.228168945E0
3.104475400E1,-6.865173798E0,-1.352736969E0,7.408543854E0
3.105474900E1,-6.926995239E0,-1.391955414E0,7.437583466E0
3.106474300E1,-6.895261230E0,-1.353036346E0,7.344028015E0
3.107473800E1,-6.965914307E0,-1.265318756E0,7.182813263E0
3.108473300E1,-6.996151428E0,-1.181493073E0,7.058871002E0
3.109472800E1,-6.959477692E0,-1.102457428E0,6.925348663E0
3.110472200E1,-6.860832825E0,-1.043330383E0,6.876101074E0
3.111471700E1,-6.778054962E0,-1.049467621E0,6.890920258E0
3.112471200E1,-6.629414062E0,-1.061592407E0,6.857389984E0
3.113470700E1,-6.465953979E0,-1.027463379E0,6.835984497E0
3.114470100E1,-6.379583588E0,-1.021026764E0,6.904990997E0
3.115469600E1,-6.442003784E0,-1.057999878E0,7.034621429E0
3.116469100E1,-6.554420013E0,-1.127754822E0,7.066654816E0
3.117468600E1,-6.650669861E0,-1.158590698E0,7.058421936E0
3.118468100E1,-6.750512238E0,-1.180894318E0,7.030130768E0
3.119467500E1,-6.871011658E0,-1.239272919E0,7.020401001E0
3.120467000E1,-6.990762634E0,-1.279090118E0,7.018305359E0
3.121466500E1,-7.048692169E0,-1.287173309E0,6.988217926E0
3.122466000E1,-7.048392792E0,-1.265318756E0,7.001240845E0
3.123465400E1,-6.986271973E0,-1.193468170E0,6.995702362E0
3.124464900E1,-6.875352631E0,-1.143621826E0,7.031927032E0
3.125464400E1,-6.734944611E0,-1.125359802E0,7.102430420E0
3.126463900E1,-6.638245697E0,-1.138682098E0,7.202721863E0
3.127463300E1,-6.598129120E0,-1.155896301E0,7.306605835E0
3.128462800E1,-6.682553558E0,-1.201551361E0,7.399712219E0
3.129462300E1,-6.777755585E0,-1.204694824E0,7.411238251E0
3.130461800E1,-6.874155121E0,-1.157692566E0,7.370522919E0
3.131461200E1,-6.969656525E0,-1.124910736E0,7.319029999E0
3.132460700E1,-7.030130768E0,-1.090182953E0,7.220834198E0
3.133460200E1,-7.069648590E0,-1.093176727E0,7.122189331E0
3.134459700E1,-7.034621429E0,-1.110091553E0,7.078480225E0
3.135459250E1,-6.981931000E0,-1.096020813E0,7.100783844E0
3.136458650E1,-6.895859985E0,-1.063388672E0,7.128775635E0
3.137458150E1,-6.809639282E0,-1.047671356E0,7.192093964E0
3.138457650E1,-6.734944611E0,-1.071172485E0,7.216792603E0
3.139457150E1,-6.690786438E0,-1.077758789E0,7.220235443E0
3.140456550E1,-6.626420288E0,-1.090781708E0,7.228019257E0
3.141456050E1,-6.582711182E0,-1.148112488E0,7.194788361E0
3.142455550E1,-6.572382660E0,-1.169368286E0,7.173532562E0
3.143455050E1,-6.587800598E0,-1.196761322E0,7.177424469E0
3.144454450E1,-6.637197876E0,-1.220711517E0,7.167844391E0
3.145453950E1,-6.665489044E0,-1.229692841E0,7.166497192E0
3.146453450E1,-6.679260406E0,-1.222657471E0,7.165449371E0
3.147452950E1,-6.672524414E0,-1.181044006E0,7.148534546E0
3.148452450E1,-6.644083557E0,-1.171314240E0,7.101831665E0
3.149451850E1,-6.602769470E0,-1.180445251E0,7.109914856E0
3.150451350E1,-6.561754761E0,-1.204994202E0,7.116351471E0
3.151450850E1,-6.504274292E0,-1.236877899E0,7.118297424E0
3.152450350E1,-6.474336548E0,-1.256936188E0,7.101831665E0
3.153449750E1,-6.478228455E0,-1.263372803E0,7.003037109E0
3.154449250E1,-6.460565186E0,-1.279988251E0,6.980284424E0
3.155448750E1,-6.392905884E0,-1.204245758E0,7.009174347E0
3.156448250E1,-6.517147522E0,-1.252146149E0,7.129973145E0
3.157447650E1,-6.553521881E0,-1.277742920E0,7.181316376E0
3.158447150E1,-6.567143555E0,-1.221459961E0,7.199877777E0
3.159446650E1,-6.637347565E0,-1.185834045E0,7.206464081E0
3.160446150E1,-6.663094025E0,-1.147663422E0,7.200775909E0
3.161445550E1,-6.675817566E0,-1.090332642E0,7.209906921E0
3.162445050E1,-6.655759277E0,-1.048868866E0,7.206613770E0
3.163444550E1,-6.637197876E0,-1.033301239E0,7.197033691E0
3.164444050E1,-6.680457916E0,-1.031804352E0,7.195087738E0
3.165443450E1,-6.701863403E0,-1.051862640E0,7.201224976E0
3.166442950E1,-6.767127686E0,-1.069376221E0,7.213200073E0
3.167442450E1,-6.796466675E0,-1.104253693E0,7.229665833E0
3.168441950E1,-6.785389709E0,-1.140777740E0,7.251670074E0
3.169441450E1,-6.785240021E0,-1.175056458E0,7.239545288E0
3.170440850E1,-6.778354340E0,-1.193019104E0,7.216044159E0
3.171440350E1,-6.735393677E0,-1.169967041E0,7.133715363E0
3.172439850E1,-6.723867645E0,-1.127605133E0,7.091802521E0
3.173439350E1,-6.725364532E0,-1.103505249E0,7.088209991E0
3.174438750E1,-6.762637024E0,-1.111139374E0,7.122937775E0
3.175438250E1,-6.773414612E0,-1.117875366E0,7.099885712E0
3.176437750E1,-6.742129669E0,-1.109941864E0,7.091054077E0
3.177437250E1,-6.720424805E0,-1.152004395E0,7.075636139E0
3.178436650E1,-6.727460175E0,-1.200653229E0,7.039261780E0
3.179436150E1,-6.742728424E0,-1.248254242E0,7.054380341E0
3.180435650E1,-6.790329437E0,-1.301094360E0,7.057074738E0
3.181435150E1,-6.759493561E0,-1.230590973E0,7.001689911E0
3.182434650E1,-6.804998932E0,-1.145118713E0,7.075187073E0
3.183434050E1,-7.004084930E0,-1.187929688E0,7.154821472E0
3.184433550E1,-6.959627380E0,-1.122216339E0,7.143744507E0
3.185433050E1,-6.892566833E0,-1.111887817E0,7.155869293E0
3.186432550E1,-6.885082397E0,-1.116378479E0,7.147486725E0
3.187431950E1,-6.885980530E0,-1.129401398E0,7.139553223E0
3.188431450E1,-6.849606171E0,-1.102457428E0,7.131020966E0
3.189430950E1,-6.868317261E0,-1.065334625E0,7.095095673E0
3.190430450E1,-6.917864227E0,-1.019978943E0,7.075336761E0
3.191429850E1,-6.911128235E0,-1.009500732E0,7.050787811E0
3.192429350E1,-6.841972046E0,-9.839039612E-1,7.000043335E0
3.193428850E1,-6.802454224E0,-9.687854004E-1,6.949897614E0
3.194428350E1,-6.815926208E0,-9.797126770E-1,6.940167847E0
3.195427850E1,-6.842421112E0,-9.789642334E-1,6.921307068E0
3.196427250E1,-6.862479401E0,-9.928852844E-1,6.933581543E0
3.197426750E1,-6.844367065E0,-1.027912445E0,6.968159637E0
3.198426250E1,-6.806795197E0,-1.052461395E0,7.012916565E0
3.199425750E1,-6.790778503E0,-1.098266144E0,7.060218201E0
3.200425150E1,-6.780749359E0,-1.085392914E0,7.138505402E0
3.201424650E1,-6.750063171E0,-1.072369995E0,7.148684235E0
3.202424150E1,-6.729406128E0,-1.039588165E0,7.145091705E0
3.203423650E1,-6.738686829E0,-1.081351318E0,7.151827698E0
3.204423050E1,-6.771019592E0,-1.165925446E0,7.162605286E0
3.205422550E1,-6.784641266E0,-1.210382996E0,7.158713379E0
3.206422050E1,-6.826554108E0,-1.216669922E0,7.181166687E0
3.207421550E1,-6.867718506E0,-1.227447510E0,7.185208282E0
3.208420950E1,-6.907835083E0,-1.225351868E0,7.198231201E0
3.209420450E1,-6.926695862E0,-1.220262451E0,7.156468048E0
3.210419950E1,-6.898554382E0,-1.162931671E0,7.143894196E0
3.211419450E1,-6.856641541E0,-1.119372253E0,7.122937775E0
3.212418950E1,-6.818770294E0,-1.125509491E0,7.118746490E0
3.213418350E1,-6.810387726E0,-1.151405640E0,7.137906647E0
3.214417850E1,-6.814279633E0,-1.145418091E0,7.151528320E0
3.215417350E1,-6.837631073E0,-1.109492798E0,7.147786102E0
3.216416850E1,-6.840924225E0,-1.077758789E0,7.094945984E0
3.217416250E1,-6.826703796E0,-1.036444702E0,7.072492676E0
3.218415750E1,-6.825955353E0,-1.048270111E0,7.060667267E0
3.219415250E1,-6.835535431E0,-1.054107971E0,7.032974854E0
3.220414750E1,-6.837780762E0,-1.079255676E0,7.032076721E0
3.221414150E1,-6.822811890E0,-1.055455170E0,7.046446838E0
3.222413650E1,-6.828649750E0,-1.023721161E0,7.063661041E0
3.223413150E1,-6.815626831E0,-1.010099487E0,7.070846100E0
3.224412650E1,-6.832391968E0,-1.026864624E0,7.068900146E0
3.225412150E1,-6.838529205E0,-1.061592407E0,7.051985321E0
3.226411550E1,-6.844965820E0,-1.084494781E0,7.077133026E0
3.227411050E1,-6.840924225E0,-1.114432526E0,7.081923065E0
3.228410550E1,-6.831344147E0,-1.119372253E0,7.082521820E0
3.229410050E1,-6.847360840E0,-1.104852448E0,7.034471741E0
3.230409450E1,-6.843169556E0,-1.092428284E0,7.008126526E0
3.231408950E1,-6.860982513E0,-1.085392914E0,7.041207733E0
3.232408450E1,-6.854096832E0,-1.082099762E0,7.004533997E0
3.233407950E1,-6.836882629E0,-1.071322174E0,6.968758392E0
3.234407350E1,-6.813082123E0,-1.065783691E0,6.981032867E0
3.235406850E1,-6.787036285E0,-1.063837738E0,7.006929016E0
3.236406279E1,-6.786886597E0,-1.057999878E0,7.012916565E0
3.237405779E1,-6.824308777E0,-1.006057892E0,7.042255554E0
3.238405179E1,-6.832990723E0,-9.749226379E-1,7.075636139E0
3.239404679E1,-6.826254730E0,-9.741741943E-1,7.081923065E0
3.240404179E1,-6.834786987E0,-9.886940002E-1,7.124584351E0
3.241403679E1,-6.816974030E0,-1.020877075E0,7.166796570E0
3.242403179E1,-6.808441772E0,-1.029109955E0,7.147187347E0
3.243402579E1,-6.800358582E0,-1.023870850E0,7.123087463E0
3.244402079E1,-6.787784729E0,-1.053060150E0,7.101382599E0
3.245401579E1,-6.821614380E0,-1.072220306E0,7.063810730E0
3.246401079E1,-6.845714264E0,-1.076411591E0,7.021897888E0
3.247400479E1,-6.886579285E0,-1.086590424E0,7.039561157E0
3.248399979E1,-6.946005707E0,-1.147214355E0,7.093449097E0
3.249399479E1,-6.948400726E0,-1.190025330E0,7.159461823E0
3.250398979E1,-6.964267731E0,-1.212029572E0,7.221882019E0
3.251398379E1,-6.952891388E0,-1.203347626E0,7.240593109E0
3.252397879E1,-6.946305084E0,-1.166973267E0,7.283553772E0
3.253397379E1,-6.943610687E0,-1.160536652E0,7.282655640E0
3.254396879E1,-6.931934967E0,-1.228345642E0,7.135212250E0
3.255396279E1,-6.847510529E0,-1.215023346E0,7.088209991E0
3.256395779E1,-6.718179474E0,-1.047072601E0,7.110214233E0
3.257395279E1,-6.818171539E0,-1.107846222E0,7.185058594E0
3.258394779E1,-6.749614105E0,-1.130748596E0,7.235054626E0
3.259394279E1,-6.712191925E0,-1.103505249E0,7.157665558E0
3.260393679E1,-6.741830292E0,-1.134341125E0,7.138505402E0
3.261393179E1,-6.796167297E0,-1.108894043E0,7.139702911E0
3.262392679E1,-6.841522980E0,-1.085841980E0,7.143145752E0
3.263392179E1,-6.866221619E0,-1.087039490E0,7.112160187E0
3.264391579E1,-6.893165588E0,-1.103505249E0,7.061415710E0
3.265391079E1,-6.920109558E0,-1.062340851E0,7.044201508E0
3.266390579E1,-6.865772552E0,-1.036145325E0,7.012317810E0
3.267390079E1,-6.853947144E0,-1.037193146E0,6.974895630E0
3.268389479E1,-6.892117767E0,-1.047072601E0,7.014263763E0
3.269388979E1,-6.877448273E0,-1.088237000E0,6.986721039E0
3.270388479E1,-6.946305084E0,-1.173709259E0,6.986571350E0
3.271387979E1,-6.962770844E0,-1.124910736E0,7.104526062E0
3.272387479E1,-7.218888245E0,-1.214274902E0,7.168892212E0
3.273386879E1,-7.341333618E0,-1.241667938E0,7.198380890E0
3.274386379E1,-7.357050934E0,-1.178050232E0,7.148983612E0
3.275385879E1,-7.416926422E0,-1.125210114E0,7.062912598E0
3.276385379E1,-7.409741364E0,-1.083596649E0,7.034771118E0
3.277384779E1,-7.351811829E0,-1.041983185E0,7.046446838E0
3.278384279E1,-7.235653381E0,-1.059945831E0,7.108118591E0
3.279383779E1,-7.220684509E0,-1.050814819E0,7.161108398E0
3.280383279E1,-7.185208282E0,-9.946815491E-1,7.119195557E0
3.281382679E1,-7.167395325E0,-8.767268372E-1,7.034471741E0
3.282382179E1,-7.133415985E0,-7.822732544E-1,6.989565125E0
3.283381679E1,-7.071295166E0,-7.192543030E-1,6.978937225E0
3.284381179E1,-6.970105591E0,-6.578819275E-1,6.994205475E0
3.285380679E1,-6.895710297E0,-6.629713440E-1,7.044051819E0
3.286380079E1,-6.837182007E0,-6.647676086E-1,7.130871277E0
3.287379579E1,-6.741530914E0,-6.610253906E-1,7.179969177E0
3.288379079E1,-6.654262390E0,-6.620732117E-1,7.212002563E0
3.289378579E1,-6.603368225E0,-6.319857788E-1,7.240293732E0
3.290377979E1,-6.555767212E0,-6.140231323E-1,7.198231201E0
3.291377479E1,-6.546336823E0,-6.170169067E-1,7.124734039E0
3.292376979E1,-6.583160248E0,-6.369255066E-1,7.062014465E0
3.293376479E1,-6.613247681E0,-6.586303711E-1,7.107519836E0
3.294375879E1,-6.667584686E0,-7.060816956E-1,7.198380890E0
3.295375379E1,-6.734196167E0,-7.981402588E-1,7.276219025E0
3.296374879E1,-6.752158813E0,-8.312214661E-1,7.313192139E0
3.297374379E1,-6.670129395E0,-8.186476135E-1,7.329807587E0
3.298373779E1,-6.533613281E0,-8.180488586E-1,7.371271362E0
3.299373279E1,-6.409970398E0,-8.208929443E-1,7.446714478E0
3.300372779E1,-6.314468994E0,-8.202941895E-1,7.492369537E0
3.301372279E1,-6.221212921E0,-8.372090149E-1,7.538473663E0
3.302371779E1,-6.167774048E0,-8.939410400E-1,7.633226624E0
3.303371179E1,-6.138884125E0,-9.559121704E-1,7.742649078E0
3.304370679E1,-6.103557587E0,-1.039887543E0,7.783813477E0
3.305370179E1,-6.046226807E0,-1.087039490E0,7.864645386E0
3.306369679E1,-5.946683807E0,-1.090632019E0,7.820786591E0
3.307369079E1,-5.645659790E0,-1.030606842E0,7.653284912E0
3.308368579E1,-5.187761993E0,-9.440867615E-1,7.524103546E0
3.309368079E1,-4.992567902E0,-1.012793884E0,7.561525726E0
3.310367579E1,-5.091212769E0,-1.122964783E0,7.696994019E0
3.311366979E1,-5.176685028E0,-1.172362061E0,7.829019470E0
3.312366479E1,-5.207520905E0,-1.229243774E0,7.929460602E0
3.313365979E1,-5.274282074E0,-1.301842804E0,8.037086792E0
3.314365479E1,-5.383405151E0,-1.360820160E0,8.101303253E0
3.315364879E1,-5.526058502E0,-1.338815918E0,8.128696289E0
3.316364379E1,-5.655239868E0,-1.263073425E0,8.106093292E0
3.317363879E1,-5.727240143E0,-1.232237549E0,8.105494537E0
3.318363379E1,-5.827980652E0,-1.259480896E0,8.116122437E0
3.319362879E1,-5.913303223E0,-1.319206696E0,8.111482086E0
3.320362279E1,-5.918841705E0,-1.364263000E0,8.089926910E0
3.321361779E1,-5.901926880E0,-1.391805725E0,8.067024536E0
3.322361279E1,-5.897735596E0,-1.432820435E0,8.112829285E0
3.323360779E1,-5.851332092E0,-1.469643860E0,8.165220337E0
3.324360179E1,-5.803880768E0,-1.474134521E0,8.211025085E0
3.325359679E1,-5.723348236E0,-1.475182343E0,8.213869171E0
3.326359179E1,-5.661526794E0,-1.454525299E0,8.166866913E0
3.327358679E1,-5.524262238E0,-1.381177826E0,8.135282593E0
3.328358079E1,-5.438939667E0,-1.316961365E0,8.092920685E0
3.329357579E1,-5.470523987E0,-1.330732727E0,8.002209320E0
3.330357079E1,-5.431455231E0,-1.324296112E0,7.965685272E0
3.331356579E1,-5.456602936E0,-1.335522766E0,7.983198853E0
3.332355979E1,-5.470673676E0,-1.384770355E0,7.999814301E0
3.333355479E1,-5.426216125E0,-1.396296387E0,7.967481537E0
3.334354979E1,-5.402864685E0,-1.404529266E0,7.913743286E0
3.335354479E1,-5.411247253E0,-1.415606232E0,7.874524841E0
3.336354004E1,-5.474415894E0,-1.405277710E0,7.890092468E0
3.337353404E1,-5.500611420E0,-1.403930511E0,7.941435699E0
3.338352904E1,-5.485492859E0,-1.403331757E0,7.999963989E0
3.339352404E1,-5.531297607E0,-1.440304871E0,7.998467102E0
3.340351904E1,-5.558091888E0,-1.446891174E0,7.996970215E0
3.341351304E1,-5.556595001E0,-1.390757904E0,7.966882782E0
3.342350804E1,-5.555996246E0,-1.384171600E0,7.982749786E0
3.343350304E1,-5.581143951E0,-1.405427399E0,8.003556519E0
3.344349804E1,-5.626200256E0,-1.431173859E0,8.009095001E0
3.345349204E1,-5.592819672E0,-1.425335999E0,7.996221771E0
3.346348704E1,-5.451513519E0,-1.407073975E0,7.472161560E0
3.347348204E1,-5.493725739E0,-1.288370819E0,7.900420990E0
3.348347704E1,-5.576353912E0,-1.282532959E0,7.946525116E0
3.349347104E1,-5.563181305E0,-1.332379303E0,8.106392670E0
3.350346604E1,-5.680836639E0,-1.465003510E0,8.299940186E0
3.351346104E1,-5.586532745E0,-1.545386353E0,8.272098083E0
3.352345604E1,-5.550757141E0,-1.388362885E0,8.263266449E0
3.353345104E1,-5.700146484E0,-1.391206970E0,8.244854736E0
3.354344504E1,-5.696404266E0,-1.424437866E0,8.150850220E0