"Time (s)","X (m/s^2)","Y (m/s^2)","Z (m/s^2)"
4.798416659E-3,1.572607919E-1,-1.034530324E-1,-2.875046700E-1
1.473841665E-2,-9.826976806E-2,-4.535831362E-2,-2.830976236E-1
2.467841667E-2,-1.389446081E-1,-5.305032581E-2,-5.630985618E-2
3.461741665E-2,9.302306145E-2,-1.133921295E-1,1.516826212E-1
4.455741667E-2,2.432481180E-1,-9.538153589E-2,2.223994321E-1
5.449741666E-2,1.959190004E-1,1.193796784E-2,2.429523951E-1
6.443641667E-2,1.742517042E-1,1.516203484E-1,2.208569366E-1
7.437641665E-2,1.130564994E-1,2.399159360E-1,1.119747645E-1
8.431641664E-2,-9.502880260E-2,2.390517175E-1,5.606310368E-3
9.425541665E-2,-2.450475986E-1,2.170854825E-1,-1.059673351E-1
1.041954166E-1,-3.077585480E-1,1.779506528E-1,-1.908958036E-1
1.141354167E-1,-3.082716411E-1,1.524793044E-1,-2.073937225E-1
1.240744167E-1,-2.314668556E-1,1.179386321E-1,-2.095086604E-1
1.340144167E-1,-2.061441725E-1,5.982432514E-2,-1.830763221E-1
1.439544166E-1,-2.732561749E-1,2.170281798E-2,-1.676250547E-1
1.538934167E-1,-2.863537918E-1,-2.377185524E-2,-1.117718661E-1
1.638334166E-1,-1.949876851E-1,-2.956761539E-2,-1.087430084E-1
1.737734167E-1,-8.552400738E-2,6.088237882E-2,-1.494910848E-1
1.837124166E-1,-3.707456321E-2,1.200597095E-1,-1.378545409E-1
1.936524167E-1,-2.575756967E-2,8.346900344E-2,-2.136268544E-1
2.035924167E-1,-5.875267670E-2,3.925820589E-2,-2.903961182E-1
2.135314167E-1,-1.135618450E-1,1.031565785E-2,-3.464101052E-1
2.234714167E-1,-4.823952913E-2,3.426322192E-2,-4.084800535E-1
2.334114166E-1,-1.478402697E-2,7.695900589E-2,-4.545145977E-1
2.433504167E-1,-7.815293424E-2,8.807631701E-2,-4.750973815E-1
2.532904166E-1,8.304807700E-2,1.052852574E-1,-5.408522451E-1
2.632304167E-1,1.945849581E-1,9.439452589E-2,-6.144435471E-1
2.731694166E-1,2.165903695E-1,3.771278679E-2,-6.214157671E-1
2.831094167E-1,4.519231117E-1,-5.511556238E-2,-6.975161093E-1
2.930484167E-1,3.965517336E-1,-1.525605807E-1,-7.666319525E-1
3.029884167E-1,9.274414927E-2,-1.873792881E-1,-8.663152850E-1
3.129284166E-1,-1.885945588E-1,-1.404050964E-1,-8.854807037E-1
3.228674167E-1,-2.523838808E-1,-5.627769649E-2,-8.871155852E-1
3.328074166E-1,-1.162770727E-1,-2.482523113E-2,-8.787312627E-1
3.427474167E-1,1.071675492E-1,-5.424783558E-2,-8.482596678E-1
3.526864166E-1,2.352851605E-1,-1.297356820E-1,-8.210350317E-1
3.626264167E-1,2.148022909E-1,-1.988667279E-1,-7.597304839E-1
3.725664167E-1,1.537493196E-1,-1.885273889E-1,-6.885318625E-1
3.825054167E-1,1.056349940E-1,-1.324330026E-1,-5.900296676E-1
3.924454167E-1,1.392689093E-1,-4.469143867E-2,-5.021863621E-1
4.023854166E-1,1.586028010E-1,3.156239301E-2,-4.317794538E-1
4.123244167E-1,1.162179427E-1,5.358066827E-2,-3.559960306E-1
4.222644166E-1,6.837609731E-2,-7.472741604E-4,-2.347545987E-1
4.322044167E-1,7.058546774E-2,-1.014810589E-1,-1.204830480E-1
4.421434166E-1,9.274955794E-2,-1.598377329E-1,-4.208007216E-2
4.520834167E-1,7.698034823E-2,-1.520363778E-1,2.817539334E-2
4.620234167E-1,5.230524436E-2,-1.308946002E-1,1.075343889E-1
4.719624167E-1,5.930779673E-2,-1.367266130E-1,1.435549915E-1
4.819024166E-1,7.292355001E-2,-1.618076599E-1,1.332422572E-1
4.918424167E-1,3.714823812E-2,-1.850059032E-1,1.382901585E-1
5.017814166E-1,-2.409067467E-2,-2.066423553E-1,1.893492150E-1
5.117214167E-1,-3.394743573E-2,-2.507631058E-1,2.526792383E-1
5.216614167E-1,-5.610586144E-3,-2.574230844E-1,2.956755692E-1
5.316004167E-1,-4.742493890E-3,-2.270140547E-1,3.329205787E-1
5.415404167E-1,-5.031810466E-2,-1.498237914E-1,3.516924798E-1
5.514794167E-1,-1.335446679E-1,-4.800797939E-2,3.779248434E-1
5.614187083E-1,-1.983540733E-1,1.362108886E-2,4.146675771E-1
5.713587083E-1,-2.101061728E-1,9.799933434E-3,4.369390368E-1
5.812977083E-1,-2.005986732E-1,-4.472184420E-2,4.752862465E-1
5.912377083E-1,-2.405401263E-1,-7.302470684E-2,4.599852526E-1
6.011777083E-1,-3.260846354E-1,-7.198565662E-2,4.339452624E-1
6.111167083E-1,-3.846222808E-1,-8.532432497E-2,4.109785688E-1
6.210567083E-1,-3.707924098E-1,-1.076180041E-1,3.668519711E-1
6.309967083E-1,-3.283107801E-1,-6.926845551E-2,3.021443439E-1
6.409357083E-1,-3.256806294E-1,-3.827587366E-3,2.626966882E-1
6.508757083E-1,-3.671056307E-1,7.050631106E-2,2.098536462E-1
6.608157083E-1,-4.154349511E-1,9.044707060E-2,2.148495072E-1
6.707547083E-1,-4.438804127E-1,5.941238880E-2,2.580271018E-1
6.806947083E-1,-5.099256271E-1,2.610372484E-2,3.413592803E-1
6.906347083E-1,-5.877829115E-1,3.674682677E-2,5.206963080E-1
7.005737083E-1,-5.448322255E-1,3.134633839E-2,6.006663376E-1
7.105137083E-1,-4.350646753E-1,-2.270181477E-2,6.325026727E-1
7.204537083E-1,-3.663206054E-1,-6.077420533E-2,6.085489690E-1
7.303927083E-1,-3.502648821E-1,-3.351974845E-2,5.885555845E-1
7.403327083E-1,-3.669494004E-1,6.208515108E-2,5.927030146E-1
7.502727083E-1,-4.120237586E-1,1.778939348E-1,5.889017397E-1
7.602117083E-1,-4.736702223E-1,2.663628924E-1,6.672813267E-1
7.701517083E-1,-4.375299711E-1,2.202020484E-1,8.390263295E-1
7.800907083E-1,-3.419469986E-1,1.483842069E-1,1.031338329E0
7.900307083E-1,-3.107719471E-1,1.131062007E-1,1.099357819E0
7.999707083E-1,-3.146535481E-1,1.048043239E-1,1.085700477E0
8.099097083E-1,-2.729822511E-1,8.554885805E-2,9.657091802E-1
8.198497083E-1,-2.161115191E-1,9.898166656E-2,8.216425574E-1
8.297897083E-1,-1.575836678E-1,1.261191791E-1,6.171747816E-1
8.397287083E-1,-8.822162032E-2,1.349946678E-1,4.455782980E-1
8.496687083E-1,3.420292251E-3,2.511729956E-2,2.268345451E-1
8.596087083E-1,6.458015800E-2,-1.072858822E-1,4.813720286E-2
8.695477083E-1,5.242160395E-2,-9.078387022E-2,-7.958996058E-2
8.794877083E-1,2.554875098E-2,-3.979614973E-2,-2.341435647E-1
8.894277083E-1,7.502343133E-4,-2.531844378E-3,-3.410996640E-1
8.993667083E-1,-1.233908683E-2,5.774008512E-2,-4.058031982E-1
9.093067083E-1,-8.343183707E-2,1.176436400E-1,-4.292136955E-1
9.192467083E-1,-1.731598098E-1,1.576847881E-1,-4.306807619E-1
9.291857083E-1,-2.182450219E-1,1.916033167E-1,-4.124082130E-1
9.391257083E-1,-2.162207889E-1,2.237565708E-1,-3.708695930E-1
9.490657083E-1,-2.395199699E-1,1.639033020E-1,-3.035277951E-1
9.590047083E-1,-1.985446560E-1,1.024280155E-1,-2.183204144E-1
9.689447083E-1,-1.311704426E-1,4.807229877E-2,-1.799398756E-1
9.788847083E-1,-2.642079011E-2,1.879587471E-2,-1.019497132E-1
9.888237083E-1,2.615232982E-2,3.875943840E-2,-4.438562930E-2
9.987637083E-1,5.922001541E-2,4.504694939E-2,-1.519165099E-2
1.008702708E0,6.276562080E-2,4.993522167E-2,7.714290082E-2
1.018642708E0,3.062230691E-2,7.323403716E-2,1.186704111E-1
1.028582708E0,1.196018726E-2,1.372014070E-1,1.452957076E-1
1.038521708E0,-2.761954241E-2,2.219749242E-1,1.942813414E-1
1.048461708E0,-6.562512852E-2,2.602379340E-1,2.038567418E-1
1.058401708E0,-7.853943519E-2,2.841840363E-1,2.244009340E-1
1.068340708E0,-4.008544073E-2,2.800974172E-1,2.036591059E-1
1.078280708E0,1.466481686E-2,2.120463520E-1,2.044414634E-1
1.088220708E0,6.666717544E-2,1.162093180E-1,1.786219132E-1
1.098159708E0,1.099798407E-1,5.060355842E-2,1.170226657E-1
1.108099708E0,1.189958087E-1,4.740922451E-3,8.576929808E-2
1.118039708E0,1.604726674E-1,-4.625381470E-2,5.338858724E-2
1.127978708E0,1.664137309E-1,-8.758953631E-2,-3.235264421E-3
1.137918708E0,1.236750430E-1,-1.160268849E-1,-4.119655788E-2
1.147858708E0,7.265764788E-2,-1.153889537E-1,-4.598191917E-2
1.157797708E0,5.929734483E-3,-7.198682606E-2,-9.580896735E-2
1.167737708E0,-1.287179741E-1,1.528052866E-2,-1.342959255E-1
1.177677708E0,-2.509863232E-1,1.165566427E-1,-9.002665579E-2
1.187616708E0,-3.281550980E-1,1.679659474E-1,-6.347152591E-2
1.197556708E0,-3.513340455E-1,1.535899830E-1,-1.813280046E-2
1.207495708E0,-2.596406409E-1,8.429229140E-2,1.245515406E-2
1.217435708E0,-1.366371506E-1,4.586731374E-2,6.338791072E-2
1.227375708E0,-3.731656484E-2,3.775547147E-3,1.071145588E-1
1.237314708E0,4.884610467E-2,-3.724267066E-2,1.622900552E-1
1.247254708E0,1.446474706E-1,-5.493342161E-2,1.663170326E-1
1.257194708E0,2.126836985E-1,-3.683278084E-2,1.890159237E-1
1.267133708E0,2.253959839E-1,-4.078315973E-2,1.808958954E-1
1.277073708E0,2.103076825E-1,-5.598650515E-2,1.625426549E-1
1.287013708E0,1.584294310E-1,-3.055696428E-2,1.430310810E-1
1.296952708E0,4.429412037E-3,1.029051483E-2,1.059100324E-1
1.306892708E0,-1.589018860E-1,4.481890798E-2,7.508818924E-2
1.316832708E0,-1.999988951E-1,9.606916845E-2,6.168812513E-2
1.326771708E0,-1.906446657E-1,1.143037105E-1,5.330672622E-2
1.336711708E0,-1.367543873E-1,1.098645043E-1,5.229691207E-2
1.346651708E0,-6.520610243E-2,1.001364917E-1,5.982052445E-2
1.356590708E0,2.824424431E-2,6.320196927E-2,4.581176519E-2
1.366530708E0,9.397805795E-2,4.542467952E-2,2.829467654E-2
1.376470708E0,8.040096939E-2,1.209964335E-2,1.027355790E-2
1.386409708E0,6.939080849E-2,-4.350328445E-4,-2.194518507E-2
1.396349708E0,6.136097342E-2,-1.089979470E-2,-3.664742410E-2
1.406288708E0,8.348815307E-2,2.159376740E-2,-9.161534429E-2
1.416228708E0,3.634658486E-2,8.338363409E-2,-1.087231278E-1
1.426168708E0,-1.562843800E-2,1.612317091E-1,-1.176114804E-1
1.436107708E0,-1.469683036E-1,1.704849279E-1,-8.231008530E-2
1.446047708E0,-2.138522646E-1,1.143452257E-1,-4.952416241E-2
1.455987708E0,-1.806707776E-1,9.100255609E-2,-1.860584021E-2
1.465926708E0,-8.567661971E-2,8.381398916E-2,1.767613292E-3
1.475866708E0,-5.296554118E-3,9.871737242E-2,4.224437892E-2
1.485806708E0,2.721016422E-2,7.777498484E-2,8.924195945E-2
1.495745708E0,3.166004151E-2,2.969216108E-2,1.090283525E-1
1.505685708E0,3.358450636E-2,-9.309936762E-3,1.136932611E-1
1.515625708E0,3.344388083E-2,-1.743581235E-2,1.008364034E-1
1.525564708E0,3.919710249E-2,2.185104489E-3,5.002234519E-2
1.535504708E0,3.558249995E-2,4.164503932E-2,-8.839235902E-3
1.545444708E0,-2.955051228E-2,9.109143376E-2,-6.079759419E-2
1.555383708E0,-1.251885948E-1,1.212735915E-1,-9.104816437E-2
1.565323708E0,-1.750969192E-1,1.201936108E-1,-7.965427995E-2
1.575262708E0,-1.806915352E-1,9.883431673E-2,-3.861033440E-2
1.585202708E0,-1.162530260E-1,5.569940686E-2,-2.453491688E-3
1.595142708E0,-5.963823751E-2,5.877036452E-2,2.204283357E-2
1.605081708E0,-4.756227538E-2,7.158395290E-2,3.877522588E-2
1.615021708E0,-1.552684262E-2,7.911165833E-2,8.488987684E-2
1.624961708E0,-2.266380787E-3,5.199519575E-2,9.954066038E-2
1.634900708E0,-9.647759646E-3,2.526347995E-2,1.165040177E-1
1.644840708E0,4.369463459E-2,6.417903900E-3,1.208596087E-1
1.654780708E0,8.126664966E-2,-1.770303011E-2,1.177401191E-1
1.664719708E0,1.081856225E-1,-2.145343423E-2,1.166332412E-1
1.674659708E0,1.261207871E-1,1.710895300E-3,1.247234488E-1
1.684599708E0,1.135976592E-1,-8.810584545E-3,1.277312565E-1
1.694538708E0,1.425384530E-1,4.345650673E-3,7.652251124E-2
1.704478708E0,1.868226331E-1,4.884179235E-2,2.026937306E-2
1.714418708E0,1.949799375E-1,8.942848563E-2,-1.180786729E-2
1.724357708E0,1.473011564E-1,8.648441255E-2,-3.401559234E-2
1.734297708E0,7.802012935E-2,6.118117154E-2,-5.648351848E-2
1.744236708E0,5.057037547E-2,5.426800847E-2,-6.302655280E-2
1.754176708E0,7.246322796E-2,5.977491617E-2,-7.792818189E-2
1.764116708E0,1.282713930E-1,6.800954998E-2,-6.165187240E-2
1.774055708E0,1.760352512E-1,6.643255591E-2,-7.074312329E-2
1.783995708E0,1.554014504E-1,7.403101265E-2,-8.231593251E-2
1.793935708E0,1.031894691E-1,7.218972445E-2,-6.770140171E-2
1.803874708E0,5.666448981E-2,4.661283374E-2,-4.553460717E-2
1.813814708E0,2.763204083E-2,2.424898803E-2,-1.477883756E-2
1.823754708E0,1.379796714E-2,3.288532555E-2,-1.424907982E-2
1.833693708E0,1.636825696E-2,4.362022877E-2,-1.915840209E-2
1.843633708E0,-1.721127927E-3,7.706045508E-2,-1.022678018E-3
1.853573708E0,-3.654363602E-3,1.075542694E-1,-1.839007795E-2
1.863512708E0,-4.764720619E-2,1.122145003E-1,-3.857525110E-2
1.873452708E0,-1.012106252E-1,1.005878967E-1,-4.253673971E-2
1.883392708E0,-1.347477691E-1,1.032635826E-1,-2.358532906E-2
1.893331708E0,-1.067561245E-1,1.067777592E-1,-1.334860861E-2
1.903271708E0,-6.389515668E-2,8.437883019E-2,2.526231050E-2
1.913210708E0,-2.696048811E-2,4.426459193E-2,4.035163522E-2
1.923150708E0,-1.444832370E-2,1.891457319E-2,6.175770700E-2
1.933090708E0,-3.627714917E-2,2.293862700E-2,7.038644314E-2
1.943029708E0,-7.588238731E-2,3.439215302E-2,7.031159878E-2
1.952969708E0,-9.368935168E-2,3.269704521E-2,8.996642947E-2
1.962909708E0,-6.836023673E-2,1.256098866E-2,1.178266579E-1
1.972848708E0,-9.292541295E-3,-4.218181372E-3,1.268483269E-1
1.982788708E0,6.551512778E-2,-1.170027852E-3,9.765844166E-2
1.992728708E0,8.364675879E-2,3.160946310E-2,8.161309719E-2
2.002667708E0,4.392092183E-2,6.355514109E-2,7.175001383E-2
2.012607708E0,-2.310015634E-2,5.102163434E-2,6.614662707E-2
2.022547708E0,-5.240990952E-2,2.351165414E-2,7.041509449E-2
2.032486708E0,-3.179730490E-2,1.523725927E-2,9.791688859E-2
2.042426708E0,1.878505737E-2,2.683579624E-2,1.260618764E-1
2.052366708E0,8.021955952E-2,5.119237304E-2,1.184610808E-1
2.062305708E0,1.194741109E-1,7.860704362E-2,1.049212682E-1
2.072245708E0,1.531067106E-1,1.061906987E-1,7.377373517E-2
2.082185708E0,1.593722945E-1,1.009270352E-1,2.085994184E-2
2.092124708E0,6.467999920E-2,6.039647520E-2,-3.829516947E-2
2.102064708E0,-6.376534849E-2,3.507452309E-2,-7.372461855E-2
2.112003708E0,-1.683783223E-1,3.632816613E-2,-8.831576049E-2
2.121943708E0,-2.231423208E-1,3.584460139E-2,-1.130781341E-1
2.131883708E0,-2.474554820E-1,2.614991784E-2,-9.674569130E-2
2.141822708E0,-2.413790555E-1,1.866840541E-2,-7.529576540E-2
2.151762708E0,-1.541863990E-1,6.951754689E-3,-3.324960709E-2
2.161702708E0,-3.434566766E-2,2.316666842E-2,3.304203093E-2
2.171641708E0,7.953192696E-2,3.684564471E-2,4.693501532E-2
2.181581708E0,1.275270425E-1,4.201458335E-2,6.249737978E-2
2.191521708E0,1.089804053E-1,5.067255557E-2,3.729704976E-2
2.201460708E0,6.681013986E-2,6.944854975E-2,2.411976457E-2
2.211400708E0,2.517811060E-2,7.923035681E-2,9.678311348E-3
2.221340708E0,1.219480678E-2,8.378767669E-2,-1.014784276E-2
2.231279708E0,-1.632250249E-2,8.833388686E-2,-3.545985460E-2
2.241219708E0,-3.301791117E-2,9.967573106E-2,-4.496274948E-2
2.251159708E0,-3.951679900E-2,1.058445436E-1,-4.835179567E-2
2.261098708E0,-2.291479960E-2,8.970973670E-2,-3.818056405E-2
2.271038708E0,7.567758858E-3,8.348596036E-2,-3.022308826E-2
2.280977708E0,1.390497118E-2,6.824811637E-2,-1.200433373E-2
2.290917708E0,2.144466341E-4,6.566481650E-2,7.698444128E-3
2.300857708E0,1.514867395E-3,6.316396236E-2,2.170954227E-2
2.310796708E0,4.871724665E-2,5.890426576E-2,3.539728940E-2
2.320736708E0,6.832544580E-2,5.684838474E-2,3.615216494E-2
2.330676708E0,4.969183132E-2,4.614739537E-2,4.464232206E-2
2.340615708E0,3.017324075E-2,3.796070874E-2,6.336042881E-2
2.350555708E0,2.321373850E-2,3.235147476E-2,4.979488850E-2
2.360495708E0,1.205125764E-2,2.320935309E-2,2.582364321E-2
2.370434708E0,-1.015763685E-2,3.366417468E-2,6.663486958E-3
2.380374708E0,-2.991684034E-2,3.698773205E-2,-1.847720146E-2
2.390314708E0,-5.380607843E-3,4.958088040E-2,-3.044937551E-2
2.400253708E0,1.056167945E-2,3.655036032E-2,-1.527292728E-3
2.410193708E0,2.382623434E-2,2.112657487E-2,2.342570007E-2
2.420132708E0,3.408546656E-2,2.625399828E-3,3.722337484E-2
2.430072708E0,4.959827587E-2,8.565586209E-3,7.022564471E-2
2.440012708E0,4.376977131E-2,9.729182124E-3,5.271498799E-2
2.449951708E0,2.441563368E-2,1.796849370E-2,6.228746474E-2
2.459891708E0,1.270994648E-2,1.716216266E-2,3.797064900E-2
2.469831708E0,2.323098779E-3,4.345065951E-2,6.636005044E-3
2.479770708E0,-5.265417695E-3,7.106296599E-2,-2.863615394E-2
2.489710708E0,-1.436865538E-2,7.351938128E-2,-3.704035699E-2
2.499650708E0,1.132167131E-3,8.070794821E-2,-5.060063481E-2
2.509589708E0,-1.187686443E-2,8.306846917E-2,-3.876879394E-2
2.519529708E0,-2.696165755E-2,7.281946957E-2,-2.794267416E-2
2.529469708E0,-2.885878667E-2,5.304535568E-2,-8.531087637E-4
2.539408708E0,-8.205105364E-4,6.063854992E-2,-2.488574982E-3
2.549348708E0,2.180879876E-2,9.735847950E-2,7.981449366E-4
2.559288208E0,1.656223834E-3,8.790060818E-2,2.036234379E-2
2.569228208E0,-9.818936884E-4,6.433691382E-2,3.705146670E-2
2.579168208E0,-5.746935904E-3,4.906398654E-2,5.074272215E-2
2.589107208E0,-9.603466988E-3,4.790272951E-2,3.914067686E-2
2.599047208E0,-2.045166001E-2,4.473119974E-2,3.093937218E-2
2.608987208E0,-4.984502837E-2,4.563634872E-2,2.878701210E-2
2.618926208E0,-4.719609350E-2,5.479542732E-2,1.329306006E-2
2.628866208E0,-2.445700273E-2,6.653897524E-2,1.155819118E-2
2.638806208E0,-4.832577556E-3,7.305569708E-2,8.401279449E-3
2.648745208E0,-7.834976614E-3,7.420759857E-2,1.201427400E-2
2.658685208E0,-1.323795006E-2,6.095196068E-2,1.536297441E-2
2.668625208E0,-2.186288550E-2,6.039998353E-2,7.265750170E-3
2.678564208E0,-4.012140110E-2,5.782603920E-2,2.432558656E-2
2.688504208E0,-3.393592402E-2,4.496918142E-2,3.759642720E-2
2.698444208E0,-3.594488114E-2,4.717241228E-2,4.978962600E-2
2.708383208E0,-4.197482228E-2,4.816468477E-2,4.209235132E-2
2.718323208E0,-3.586360484E-2,5.194432497E-2,1.793808818E-2
2.728262208E0,-3.418618485E-2,7.258499622E-2,9.052659273E-3
2.738202208E0,-2.681489244E-2,8.881628215E-2,-1.637220383E-5
2.748142208E0,-1.861197978E-2,8.094125211E-2,2.566927671E-3
2.758081208E0,7.513672113E-3,6.510056019E-2,1.386959553E-3
2.768021208E0,1.093429327E-3,5.819558322E-2,8.179085255E-3
2.777961208E0,-3.802955970E-2,4.819859862E-2,2.109324574E-2
2.787900208E0,-6.043433592E-2,4.034111023E-2,3.382731199E-2
2.797840208E0,-4.547321141E-2,3.248654544E-2,3.661526442E-2
2.807780208E0,-1.801380962E-2,2.825783908E-2,4.664557815E-2
2.817719208E0,6.989761591E-3,3.803262949E-2,3.136212587E-2
2.827659208E0,2.428407133E-2,3.564521134E-2,2.088157654E-2
2.837599208E0,3.030611873E-3,5.015156865E-2,-1.317962408E-3
2.847538208E0,-1.904935151E-2,6.401180863E-2,-1.497004151E-2
2.857478208E0,-1.339670196E-2,6.162322104E-2,-1.010691226E-2
2.867417208E0,2.268909708E-2,6.563791931E-2,-4.204148054E-4
2.877357208E0,3.254779503E-2,6.720146477E-2,3.943362236E-3
2.887297208E0,2.655015975E-2,4.969022334E-2,6.075257063E-4
2.897236208E0,-1.084863156E-2,4.801908910E-2,1.115882635E-2
2.907176208E0,-2.612784460E-2,2.889810920E-2,1.654469669E-2
2.917116208E0,-1.664249137E-2,3.787183106E-2,1.262413859E-2
2.927055208E0,-5.000977367E-3,3.415300190E-2,1.998461366E-2
2.936995208E0,1.914963126E-4,2.765966892E-2,2.449340165E-2
2.946935208E0,-9.337418675E-3,3.998326063E-2,7.971509099E-3
2.956874208E0,-3.387350500E-2,3.760753691E-2,-3.780809641E-3
2.966814208E0,-3.906539395E-2,5.125844657E-2,-1.395496488E-2
2.976754208E0,-3.167012796E-2,5.080645680E-2,-3.375012875E-3
2.986693208E0,-1.812695324E-2,5.583681643E-2,5.046147108E-3
2.996633208E0,-9.412701577E-3,5.666829050E-2,2.379407465E-2
3.006572208E0,1.458661035E-2,5.693258464E-2,3.367002189E-2
3.016512208E0,2.999300033E-2,4.309631824E-2,4.562348485E-2
3.026452208E0,2.549122900E-2,3.308939338E-2,2.515004396E-2
3.036391208E0,8.163443953E-3,4.697711527E-2,2.212761819E-2
3.046331208E0,-1.982103780E-2,4.501420498E-2,1.003499150E-2
3.056271208E0,-4.128850535E-2,3.818875015E-2,8.914664984E-3
3.066210208E0,-4.151420787E-2,3.826242507E-2,1.809070051E-2
3.076150208E0,-2.224149272E-2,4.611231208E-2,4.752032161E-3
3.086090208E0,-2.017113984E-2,4.687888205E-2,-4.797055721E-3
3.096029208E0,-2.450012594E-2,5.392068386E-2,-8.079682589E-3
3.105969208E0,-2.768071890E-2,4.571879447E-2,-1.094832659E-2
3.115909208E0,-2.409900695E-2,5.217119694E-2,-4.108253717E-3
3.125848208E0,-1.573705003E-2,3.822792649E-2,2.245330811E-3
3.135788208E0,-2.463578135E-3,4.277881444E-2,-5.337923169E-3
3.145727208E0,1.129389703E-2,5.406218648E-2,5.450774431E-3
3.155667208E0,1.293681845E-2,5.780732810E-2,1.932095468E-2
3.165607208E0,1.518785030E-2,5.366749942E-2,1.419470072E-2
3.175546208E0,7.063728869E-3,4.562874734E-2,2.808534622E-2
3.185486208E0,-1.530245572E-2,4.761797011E-2,2.734216511E-2
3.195426208E0,-3.484034210E-2,4.172339201E-2,2.938167393E-2
3.205365208E0,-4.119948149E-2,3.771395624E-2,2.501789689E-2
3.215305208E0,-2.526274905E-2,3.209361255E-2,7.103782296E-3
3.225245208E0,-3.061455935E-3,3.142118275E-2,1.733114719E-3
3.235184208E0,-4.723819345E-3,3.582998335E-2,-7.403744459E-3
3.245124208E0,-3.374574333E-3,4.839798868E-2,-1.650318146E-2
3.255064208E0,5.292168707E-3,6.165011823E-2,-1.806321859E-2
3.265003208E0,1.557040438E-2,5.273369908E-2,-1.976183474E-2
3.274943208E0,5.563625693E-3,5.064215004E-2,-6.817853451E-3
3.284882208E0,-3.840451241E-3,4.284956574E-2,-1.024432182E-3
3.294822208E0,-6.948831081E-3,4.069369733E-2,1.553605199E-3
3.304762208E0,-1.339260891E-2,4.421372116E-2,6.436614990E-3
3.314701208E0,-3.029033124E-2,4.850908577E-2,1.619444847E-2
3.324641208E0,-3.094434232E-2,4.072410285E-2,3.221698880E-2
3.334581208E0,-2.139159992E-2,3.297595739E-2,1.076881707E-2
3.344520208E0,-1.380951539E-2,4.173684061E-2,-4.547964334E-3
3.354460208E0,-1.275979400E-2,4.749868691E-2,1.712649465E-2
3.364400208E0,-1.130310640E-2,2.945359468E-2,-4.219350815E-3
3.374339208E0,2.440452397E-2,5.518192828E-2,-1.021742463E-2
3.384279208E0,3.659874603E-2,6.116479933E-2,-3.240117610E-2
3.394219208E0,2.105085343E-2,4.938558340E-2,-2.947405994E-2
3.404158208E0,-3.609632403E-3,3.799813092E-2,-1.727618337E-2
3.414098208E0,-1.924640268E-2,3.824371397E-2,-1.582315028E-2
3.424037208E0,-2.061962128E-2,3.290345192E-2,-9.119317532E-3
3.433977208E0,-1.527950540E-2,2.082544327E-2,8.256853223E-3
3.443917208E0,-2.429766610E-2,2.378764272E-2,1.222594321E-2
3.453856208E0,-3.221596554E-2,2.166685760E-2,1.359477639E-2
3.463796208E0,-2.744712263E-2,1.969049871E-2,2.005010247E-3
3.473736208E0,-3.740010694E-2,3.647025347E-2,-6.950000525E-3
3.483675208E0,-3.920982018E-2,4.010195911E-2,2.364614010E-3
3.493615208E0,-1.687345639E-2,4.185846269E-2,3.509498835E-3
3.503555208E0,5.599439889E-3,3.517509520E-2,2.214691401E-2
3.513494208E0,2.879651383E-2,3.213454306E-2,2.931209207E-2
3.523434208E0,2.733310193E-2,2.773626745E-2,2.292459369E-2
3.533373208E0,1.361173332E-2,2.684339762E-2,2.210072100E-2
3.543313208E0,1.055407807E-2,3.543237269E-2,3.838112354E-3
3.553253208E0,-1.167835146E-3,4.309748769E-2,-8.983077407E-3
3.563192042E0,-6.666849107E-3,5.097836494E-2,-2.666447282E-2
3.573132042E0,-1.170203269E-2,5.979245782E-2,-2.359351516E-2
3.583072042E0,-3.547374174E-2,5.588885665E-2,-2.340698898E-2
3.593011042E0,-6.330531880E-2,4.920841277E-2,-3.530958116E-2
3.602951042E0,-4.982383221E-2,4.297761977E-2,-2.697028220E-2
3.612891042E0,-3.246505693E-2,2.873321772E-2,-2.837653756E-3
3.622830042E0,-5.716091841E-3,1.951449752E-2,5.377099514E-3
3.632770042E0,1.030747175E-2,2.245155394E-2,1.567463100E-2
3.642710042E0,9.045350254E-3,2.414022982E-2,4.466688037E-3
3.652649042E0,1.520276070E-3,4.046624064E-2,-1.058813810E-2
3.662589042E0,-9.037456512E-3,4.350153029E-2,-1.650610507E-2
3.672528042E0,-1.632133305E-2,4.928793490E-2,-2.183233380E-2
3.682468042E0,-8.889960498E-3,4.735250652E-2,-1.367079020E-2
3.692408042E0,3.427930176E-4,5.014045894E-2,-1.085827947E-3
3.702347042E0,2.455392033E-3,4.261801600E-2,1.333106697E-2
3.712287042E0,7.840677649E-3,3.074641407E-2,8.021210432E-3
3.722227042E0,3.556715101E-3,8.540443182E-3,2.038807154E-2
3.732166042E0,-1.747148037E-3,1.167805910E-2,1.112783611E-2
3.742106042E0,-1.082787395E-2,3.005468845E-3,2.000800252E-2
3.752046042E0,-1.717999667E-2,-1.999747753E-4,1.174881041E-2
3.761985042E0,-1.428270131E-2,6.452402472E-3,2.613120675E-3
3.771925042E0,1.209759682E-2,1.271009266E-2,-4.516389370E-3
3.781864042E0,2.637006551E-2,2.116692066E-2,-1.460108221E-2
3.791804042E0,2.737374008E-2,2.928811848E-2,-2.109032214E-2
3.801744042E0,2.108242840E-2,3.467925131E-2,-3.652053952E-2
3.811683042E0,5.449312627E-3,4.142927706E-2,-2.986874700E-2
3.821623042E0,6.437492073E-3,4.076620281E-2,-3.626969397E-2
3.831563042E0,9.589433670E-3,4.517617285E-2,-2.072954893E-2
3.841502042E0,4.411870390E-3,4.472652197E-2,-2.147097588E-2
3.851442042E0,-3.607732058E-4,5.211389422E-2,-2.077047944E-2
3.861382042E0,-4.212334156E-3,6.403168917E-2,-1.180377424E-2
3.871321042E0,-1.657963380E-2,5.039422810E-2,2.205569744E-3
3.881261042E0,-3.641645908E-2,3.790048242E-2,1.460634470E-2
3.891201042E0,-6.996193528E-2,2.204517245E-2,3.702340007E-2
3.901140042E0,-6.704212815E-2,1.467943490E-2,3.337707639E-2
3.911080042E0,-6.948626429E-2,1.909232855E-2,2.157447159E-2
3.921019042E0,-6.077215880E-2,3.045756161E-2,2.330407798E-2
3.930959042E0,-4.234158888E-2,3.208016396E-2,-1.920810342E-3
3.940899042E0,-1.780930325E-2,4.014990628E-2,-2.272169530E-2
3.950838042E0,-6.769029200E-3,4.249697864E-2,-2.038514793E-2
3.960778042E0,4.313490987E-3,4.598718166E-2,-2.266614676E-2
3.970718042E0,1.950791940E-2,4.419501007E-2,-1.351583898E-2
3.980657042E0,2.009994999E-2,4.893710196E-2,-2.754798710E-2
3.990597042E0,3.433163434E-2,4.640759647E-2,-1.095417380E-2
4.000537042E0,1.725060180E-2,5.070763886E-2,-4.206486940E-3
4.010476042E0,-1.544425070E-2,3.888690770E-2,2.680363655E-3
4.020416042E0,-1.415771708E-2,2.879402876E-2,6.058300138E-3
4.030355042E0,-2.429810464E-3,1.705983639E-2,1.834505439E-2
4.040295042E0,-1.875552893E-2,1.445080876E-2,2.061201990E-2
4.050235042E0,-1.478965491E-2,2.749243855E-2,4.898212552E-3
4.060174042E0,-1.311311200E-2,3.893660903E-2,-2.620955944E-2
4.070114042E0,-1.532335952E-2,4.720808029E-2,-4.267648816E-2
4.080054042E0,-9.040087759E-3,5.128534377E-2,-4.258877993E-2
4.089993042E0,-2.240945399E-4,4.602109551E-2,-2.364614010E-2
4.099933042E0,8.930160105E-4,4.669469476E-2,-1.947473645E-2
4.109873042E0,3.269616812E-3,4.387692153E-2,-9.825661182E-3
4.119812042E0,1.262560040E-3,3.533063114E-2,-6.864631176E-4
4.129752042E0,-9.339026660E-3,2.787309229E-2,8.361518383E-3
4.139691042E0,-2.135549337E-2,2.380869269E-2,2.438873649E-3
4.149631042E0,-3.332883686E-2,2.309942544E-2,-4.531592131E-3
4.159571042E0,-4.148497179E-2,2.911387146E-2,-8.325265646E-3
4.169510042E0,-4.651065364E-2,3.064525723E-2,-2.405193686E-2
4.179450042E0,-3.877961129E-2,3.045288384E-2,-1.689962268E-2
4.189390042E0,-3.092402324E-2,2.603999019E-2,-9.321631193E-3
4.199329042E0,-2.218214348E-2,2.911328673E-2,1.236218333E-2
4.209269042E0,9.358468652E-3,2.570962250E-2,2.297487974E-2
4.219209042E0,2.770571575E-2,3.197900712E-2,2.056231856E-2
4.229148042E0,3.903440371E-2,2.387652040E-2,2.200482666E-2
4.239088042E0,4.063025504E-2,3.224388599E-2,1.257911503E-2
4.249027042E0,1.201734379E-2,3.910559356E-2,6.395684481E-3
4.258967042E0,-2.589658722E-2,3.947513759E-2,1.309717834E-2
4.268907042E0,-3.525827184E-2,3.443308353E-2,-4.850265384E-3
4.278846042E0,-5.668817103E-2,2.642766058E-2,-2.923607826E-3
4.288786042E0,-6.055493474E-2,2.832683623E-2,1.574655175E-3
4.298726042E0,-5.189886287E-2,3.480321229E-2,-1.181371450E-2
4.308665042E0,-6.075183973E-2,2.824205160E-2,-1.871459842E-2
4.318605042E0,-5.254161805E-2,3.747772872E-2,-1.933615744E-2
4.328545042E0,-1.947020486E-2,3.007807732E-2,-3.090779722E-2
4.338484042E0,-1.020076007E-2,3.391969800E-2,-2.303569078E-2
4.348424042E0,5.385431796E-3,3.508680224E-2,-1.458529472E-2
4.358364042E0,2.251148790E-2,4.203680277E-2,-2.479570270E-2
4.368303042E0,6.135921925E-3,6.002108395E-2,-2.239600539E-2
4.378243042E0,-7.751946151E-3,5.164962530E-2,-1.769659817E-2
4.388182042E0,2.152213901E-3,3.854659975E-2,5.409843922E-3
4.398122042E0,1.158172622E-2,2.338126123E-2,1.762935519E-2
4.408062042E0,6.412495226E-3,4.625732303E-3,1.396958292E-2
4.418001042E0,-3.508329391E-3,1.066239774E-2,1.764748156E-2
4.427941042E0,-1.535756573E-2,9.775375128E-3,4.280161858E-4
4.437881042E0,-2.422720715E-2,2.013020933E-2,-1.838715434E-2
4.447820042E0,-1.683808073E-2,3.497512043E-2,-2.263515651E-2
4.457760042E0,-6.169981956E-3,4.153628111E-2,-3.444828629E-2
4.467699042E0,-5.700158179E-3,4.266830206E-2,-3.285608947E-2
4.477639042E0,-1.898634776E-2,5.142801583E-2,-2.962725699E-2
4.487579042E0,-2.312339902E-2,3.882083416E-2,-1.415786326E-2
4.497518042E0,-2.513937280E-2,2.927817822E-2,1.368306935E-2
4.507458042E0,-3.915821850E-2,2.091607511E-2,9.360807538E-3
4.517398042E0,-6.323105916E-2,2.134116769E-2,2.754389405E-2
4.527337042E0,-7.693956390E-2,7.012565732E-3,3.157730341E-2
4.537277042E0,-8.109386444E-2,-9.185975790E-4,4.636666596E-2
4.547217042E0,-8.545822620E-2,-9.356714487E-3,5.199694991E-2
4.557156042E0,-7.061740816E-2,-1.438415051E-2,5.224428713E-2
4.567096667E0,-4.821497083E-2,-3.964996934E-3,4.413946152E-2
4.577036667E0,-1.979984164E-2,1.472621262E-2,3.467281938E-2
4.586975667E0,-6.430913955E-3,4.196839035E-2,5.787574053E-3
4.596915667E0,7.920199782E-3,4.076094031E-2,-8.572018147E-3
4.606854667E0,2.403541848E-2,6.073269010E-2,-3.186323225E-2
4.616794667E0,2.628791213E-2,6.617703259E-2,-1.161373973E-2
4.626734667E0,5.859187827E-2,5.263663530E-2,-3.684973776E-2
4.636673667E0,8.781918570E-2,3.637026608E-2,-2.693578362E-2
4.646613667E0,6.449522719E-2,2.024423003E-2,-1.985129714E-2
4.656553667E0,3.772594303E-2,1.423387706E-2,-3.371679962E-2
4.666492667E0,2.762268528E-2,2.417589784E-2,-3.757771611E-2
4.676432667E0,4.990452379E-3,2.226444304E-2,-2.871216774E-2
4.686372667E0,-2.090671957E-2,1.598102510E-2,-4.490953982E-2
4.696311667E0,-2.791285336E-2,2.793741167E-2,-5.098655105E-2
4.706251667E0,-4.220593348E-2,5.290560722E-2,-4.524224639E-2
4.716190667E0,-1.247313425E-2,4.767468810E-2,-3.361038029E-2
4.726130667E0,5.225539684E-2,1.982849300E-2,-1.481158197E-2
4.736070667E0,8.570395544E-2,9.750816822E-3,-1.864150822E-2
4.746009667E0,7.158804595E-2,1.790709794E-2,-2.637854397E-2
4.755949667E0,4.817111671E-2,3.502540648E-2,-3.875183702E-2
4.765889667E0,4.487723395E-2,7.262241840E-2,-4.471482754E-2
4.775828667E0,4.598703548E-2,9.367005587E-2,-4.690285563E-2
4.785768667E0,3.872479364E-2,8.872623503E-2,-4.172339201E-2
4.795708667E0,4.461323217E-2,7.160851121E-2,-3.956810832E-2
4.805647667E0,3.737554863E-2,6.390480459E-2,-1.960746825E-2
4.815587667E0,1.234040245E-2,4.215433180E-2,-9.149723053E-3
4.825526667E0,-1.743873596E-2,3.088148475E-2,-9.454947710E-4
4.835466667E0,-4.353471324E-2,2.396422863E-2,-2.381220102E-2
4.845406667E0,-5.245654106E-2,3.367294550E-2,-1.647043705E-2
4.855345667E0,-6.816420883E-2,4.839272618E-2,-5.170108080E-3
4.865285667E0,-8.762154981E-2,6.176647782E-2,-7.958060503E-3
4.875225667E0,-7.767119676E-2,5.916972935E-2,1.695751011E-2
4.885164667E0,-6.520551771E-2,6.223951757E-2,3.142352164E-2
4.895104667E0,-4.082116663E-2,7.864855886E-2,2.370812058E-2
4.905043667E0,-3.268695876E-2,9.281811655E-2,2.101781666E-2
4.914983667E0,-2.476237357E-2,8.235335469E-2,1.921102703E-2
4.924923667E0,-2.476500481E-2,6.993386865E-2,2.748425245E-2
4.934862667E0,-2.735166684E-2,5.666595161E-2,1.611960411E-2
4.944802667E0,-3.618900239E-2,4.230752885E-2,1.090388775E-2
4.954742667E0,-2.322835654E-2,3.735142887E-2,-8.101902008E-3
4.964681667E0,-6.952339411E-4,3.310167253E-2,-2.781169653E-2
4.974621667E0,1.064324811E-2,2.648203969E-2,-4.674965858E-2
4.984561667E0,2.490563035E-2,1.027472734E-2,-4.691221118E-2
4.994500667E0,6.734384447E-3,5.256062150E-3,-7.023500025E-2
5.004440667E0,1.297204792E-2,1.986065269E-2,-6.391357541E-2
5.014379667E0,3.152657881E-2,2.199897945E-2,-6.686758876E-2
5.024319667E0,3.938932970E-2,3.060081840E-2,-4.703617215E-2
5.034259667E0,4.673635617E-2,2.087923765E-2,-3.399337292E-2
5.044198667E0,4.800637141E-2,1.873857200E-2,-2.446299613E-2
5.054138667E0,5.112790748E-2,9.864252806E-3,-1.538694799E-2
5.064078667E0,6.825630248E-2,2.311930597E-2,-5.986964107E-3
5.074017667E0,5.209445223E-2,1.925897419E-2,-8.747434616E-3
5.083957667E0,5.160957187E-2,1.009931087E-2,-1.948584616E-2
5.093897667E0,5.124762923E-2,1.583367527E-2,-2.004483998E-2
5.103836667E0,4.132461190E-2,1.033553839E-2,-3.074992239E-2
5.113776667E0,3.160975546E-2,2.240068316E-2,-4.610763431E-2
5.123715667E0,3.503943980E-3,3.276662707E-2,-4.713323593E-2
5.133655667E0,-1.790022746E-2,2.956352234E-2,-3.659012139E-2
5.143595667E0,-3.278738469E-2,3.797181845E-2,-2.021557868E-2
5.153534667E0,-4.821029305E-2,3.780049503E-2,3.865594268E-3
5.163474667E0,-6.073766023E-2,3.367469966E-2,2.007115245E-2
5.173414667E0,-6.847148001E-2,3.454827368E-2,2.014482737E-2
5.183353667E0,-6.113541707E-2,3.131534815E-2,2.854259849E-2
5.193293667E0,-5.793567449E-2,2.390751064E-2,2.394902587E-2
5.203233667E0,-6.680677772E-2,2.752869129E-2,2.868994832E-2
5.213172667E0,-6.834079474E-2,1.999455392E-2,2.783391595E-2
5.223112667E0,-5.673787236E-2,2.611600399E-2,2.772808135E-2
5.233051667E0,-6.652187213E-2,2.702583075E-2,2.919280887E-2
5.242991667E0,-5.036996216E-2,2.099325836E-2,2.956469178E-2
5.252931667E0,-4.590824425E-2,2.531552017E-2,3.082710564E-2
5.262870667E0,-3.218994543E-2,2.010272741E-2,2.782105207E-2
5.272810667E0,-2.761932313E-2,3.396647573E-2,1.327084064E-2
5.282750667E0,-3.426234484E-2,4.267064095E-2,1.486537635E-2
5.292689667E0,-1.590588838E-2,2.787893951E-2,1.843802512E-2
5.302629667E0,-2.955036610E-3,3.085809588E-2,9.128673077E-3
5.312569667E0,2.180572897E-3,3.658368945E-2,-1.510803580E-2
5.322508667E0,1.683705747E-2,3.645329654E-2,-3.226025820E-2
5.332448667E0,2.206914604E-2,3.838053882E-2,-4.460080683E-2
5.342387667E0,1.895009503E-2,3.544582129E-2,-5.006853819E-2
5.352327667E0,1.958057106E-2,4.672042251E-2,-3.722629845E-2
5.362267667E0,4.063844115E-2,4.913006008E-2,-4.262620211E-2
5.372206667E0,1.333793744E-2,5.272258937E-2,-3.821740150E-2
5.382146667E0,1.359623820E-3,4.523113668E-2,-3.538267136E-2
5.392086667E0,2.437265664E-3,4.359040797E-2,-1.574713647E-2
5.402025667E0,-1.042880148E-2,3.792854905E-2,6.815514565E-3
5.411965667E0,-2.656258509E-2,2.405661464E-2,1.046768546E-2
5.421904667E0,-5.392053768E-2,4.025983393E-2,-1.143598437E-2
5.431844667E0,-2.990850806E-2,4.820795417E-2,-9.183636904E-3
5.441784667E0,-6.819315255E-3,1.984544992E-2,1.816671431E-2
5.451723667E0,-1.035278767E-2,5.813886523E-3,1.371698320E-2
5.461663667E0,-1.494489849E-2,1.405378282E-2,-3.280872703E-3
5.471603667E0,-3.068063289E-2,1.321178377E-2,8.826956749E-3
5.481542667E0,-5.917338386E-2,1.994836092E-2,7.914791107E-3
5.491482667E0,-6.560853705E-2,2.221532643E-2,1.443092823E-2
5.501422667E0,-4.965250880E-2,1.815326571E-2,1.244345963E-2
5.511361667E0,-2.953472480E-2,1.085067809E-2,6.378142834E-3
5.521301667E0,5.449604988E-4,1.431690753E-2,-1.025601625E-2
5.531240667E0,-3.822909594E-3,2.007641494E-2,-2.980910540E-3
5.541180667E0,-1.740379885E-2,1.859122217E-2,1.581087112E-3
5.551120667E0,-3.265304491E-2,5.375345349E-3,1.495249987E-2
5.561058792E0,-3.174833447E-2,-6.426090002E-4,2.684749067E-2
5.570998792E0,-8.898146600E-3,1.013147056E-2,3.443893075E-2
5.580938792E0,4.839155674E-3,2.667032003E-2,3.075576961E-2
5.590877792E0,3.205940634E-2,2.719773889E-2,1.644529402E-2
5.600817792E0,5.103917599E-2,2.786490619E-2,1.948292255E-3
5.610756792E0,3.434859127E-2,3.308763921E-2,-2.485768318E-2
5.620696792E0,4.486714751E-3,3.589605689E-2,-2.946353495E-2
5.630636792E0,2.605957836E-3,2.856423318E-2,-2.175456583E-2
5.640575792E0,-5.180925429E-3,2.413204372E-2,-2.002262056E-2
5.650515792E0,-7.782059312E-3,3.368639410E-2,-2.039625764E-2
5.660455792E0,-1.573076427E-2,3.908746719E-2,-2.462847233E-2
5.670394792E0,-1.519311279E-2,4.637894511E-2,-2.268953562E-2
5.680334792E0,-3.761879280E-2,4.587433040E-2,-3.838638604E-2
5.690274792E0,-5.717977569E-2,3.922019899E-2,-2.083596826E-2
5.700213792E0,-5.237511858E-2,3.260816753E-2,-8.267962933E-3
5.710153792E0,-3.973212272E-2,4.251393557E-2,1.862104297E-2
5.720092792E0,-2.388192907E-2,2.582656682E-2,4.557319880E-3
5.730032792E0,-8.910718113E-3,4.748582304E-2,-5.025097132E-3
5.739972792E0,1.280189395E-2,4.370325923E-2,-1.083313644E-2
5.749911792E0,1.417745143E-2,4.711861789E-2,-2.980910540E-2
5.759851792E0,-1.401475266E-2,4.602635801E-2,-2.863907754E-2
5.769791792E0,-1.549044371E-2,3.549201429E-2,-2.964947641E-2
5.779730792E0,-8.080267310E-3,4.111820519E-2,-1.962559462E-2
5.789670792E0,-2.294008881E-3,2.994593024E-2,6.105662584E-3
5.799610792E0,2.085292518E-2,8.591898680E-3,2.917175889E-3
5.809549792E0,2.088245362E-2,1.912682712E-2,-3.869102597E-3
5.819489792E0,1.598058656E-2,3.274967015E-2,-1.113777637E-2
5.829428792E0,-1.414792299E-2,6.372003257E-2,-9.129842520E-3
5.839368792E0,-3.275741771E-2,4.361847460E-2,-5.678815842E-3
5.849308792E0,-4.173274755E-2,5.043223500E-3,2.258136213E-2
5.859247792E0,-2.344075665E-2,-8.610025048E-3,4.148248672E-2
5.869187792E0,-1.288010046E-2,-2.726556659E-3,3.551364899E-2
5.879127792E0,-5.937555134E-3,2.289828122E-2,2.055237830E-2
5.889066792E0,3.787680119E-3,2.194284618E-2,-2.146512866E-3
5.899006792E0,5.387916863E-3,2.260942876E-2,-3.012543976E-2
5.908945792E0,4.249171615E-3,3.486285388E-2,-2.997925937E-2
5.918885792E0,1.831859574E-2,4.524049222E-2,-3.504879534E-2
5.928825792E0,1.173594654E-2,4.282208383E-2,-2.591252089E-2
5.938764792E0,8.766438067E-3,4.567961812E-2,-1.246041656E-2
5.948704792E0,1.063433111E-2,3.095925272E-2,-1.213472664E-2
5.958644792E0,2.290471315E-2,2.911094785E-2,-3.296660185E-3
5.968583792E0,-3.048884422E-3,2.613705397E-2,-7.549924850E-3
5.978523792E0,-1.336644262E-2,2.285033405E-2,-5.706882477E-4
5.988462792E0,-3.303837642E-2,3.414423108E-2,-7.136526704E-3
5.998402792E0,-4.607313573E-2,3.950612783E-2,-1.342286825E-2
6.008342792E0,-3.510989875E-2,3.953887224E-2,-1.091382802E-2
6.018281792E0,-2.771346331E-2,3.637494385E-2,2.465186119E-3
6.028221792E0,-1.248848319E-2,3.602411091E-2,-7.371584773E-3
6.038161792E0,-1.285583451E-2,5.125142992E-2,-1.896018147E-2
6.048100792E0,-1.068359390E-2,4.706950128E-2,-1.328604341E-2
6.058040792E0,1.226014942E-3,4.251510501E-2,-1.627163172E-2
6.067980792E0,6.268215179E-4,4.233208716E-2,-2.481207490E-2
6.077919792E0,2.061508968E-2,4.707476377E-2,-2.520559251E-2
6.087859792E0,1.871825293E-2,4.099307477E-2,-2.549152136E-2
6.097798792E0,1.052162603E-2,3.645914376E-2,-1.320886016E-2
6.107738792E0,-6.149516702E-3,3.388286054E-2,-1.742411792E-2
6.117678792E0,-1.515466735E-2,3.250993431E-2,-4.964286089E-3
6.127617792E0,-1.096060574E-3,2.776608825E-2,1.576994061E-3
6.137557792E0,-1.072949454E-2,2.466764867E-2,-5.019834638E-3
6.147497792E0,-1.343032345E-2,2.962842643E-2,-9.552596211E-3
6.157436792E0,-1.499459982E-2,2.356486380E-2,-2.009512603E-2
6.167376792E0,-7.506801635E-3,1.767262459E-2,-1.907654107E-2
6.177315792E0,-1.110459343E-2,1.885493159E-2,-1.612486660E-2
6.187255792E0,3.822617233E-3,1.996005535E-2,-2.246149421E-2
6.197195792E0,1.154342696E-2,2.953077793E-2,-1.801293254E-2
6.207134792E0,1.386798754E-2,3.180008233E-2,-1.092844605E-2
6.217074792E0,1.379445881E-2,3.160887837E-2,-1.133482754E-2
6.227014792E0,1.850863025E-2,2.805377126E-2,-1.692359626E-2
6.236953792E0,5.522841364E-3,3.496634960E-2,-2.416537285E-2
6.246893792E0,-1.280291721E-2,4.447509170E-2,-2.475126386E-2
6.256833792E0,-2.113154501E-2,2.516758561E-2,-1.274225235E-2
6.266772792E0,-3.302200422E-2,1.875260532E-2,-1.056591868E-3
6.276712792E0,-3.218322113E-2,1.016479969E-2,-1.486362219E-3
6.286651792E0,-3.503300786E-2,1.404384255E-2,4.756709933E-3
6.296591792E0,-4.084397078E-2,3.192521274E-2,-3.685500026E-3
6.306531792E0,-3.081716537E-2,4.339160264E-2,-5.369498134E-3
6.316470792E0,-1.107111812E-2,3.950145006E-2,-1.507061362E-2
6.326410792E0,1.025660098E-2,2.914953947E-2,-1.136815667E-2
6.336350792E0,2.530616462E-2,2.056114912E-2,2.046525478E-4
6.346289792E0,1.937621087E-2,2.328595161E-2,7.773873210E-3
6.356229792E0,1.580663189E-2,2.870164275E-2,-1.192539632E-2
6.366168792E0,4.776151925E-3,3.171178937E-2,-1.373335540E-2
6.376108792E0,-8.899316043E-3,2.476120412E-2,-1.233996391E-2
6.386048792E0,-2.245725498E-2,1.867483735E-2,-1.516592324E-2
6.395987792E0,-1.630496085E-2,2.058336854E-2,-1.055539370E-2
6.405927792E0,-1.090593427E-2,2.002612889E-2,-3.206145287E-2
6.415867792E0,-4.853773713E-3,3.409336030E-2,-3.201584458E-2
6.425806792E0,-2.485066652E-6,3.697019041E-2,-3.297771156E-2
6.435746792E0,4.847487956E-3,3.164747000E-2,-3.857115805E-2
6.445685792E0,-1.586408079E-2,3.129078984E-2,-3.057918370E-2
6.455625792E0,-1.925093427E-2,2.087280571E-2,-1.542612433E-2
6.465565792E0,-1.100548312E-2,2.190834761E-2,-1.222535849E-2
6.475504792E0,-6.221437454E-3,2.463607371E-2,-1.433327973E-2
6.485444792E0,-1.913092017E-2,3.197725296E-2,-1.838247657E-2
6.495384792E0,-6.731168479E-3,3.419627130E-2,-6.402701139E-4
6.505323792E0,2.744975388E-3,3.492717326E-2,-6.851767302E-3
6.515263792E0,1.335357875E-3,2.648847163E-2,-1.131553173E-2
6.525203792E0,9.179105312E-3,1.252181232E-2,-2.371630669E-3
6.535142792E0,6.118380278E-3,9.207610488E-3,4.322846532E-3
6.545082792E0,-1.298081875E-3,2.339938760E-2,8.618795872E-4
6.555021792E0,-1.937884212E-2,2.022493422E-2,5.098187327E-3
6.564961792E0,-1.843817130E-2,1.632893443E-2,-7.559280396E-3
6.574901792E0,-2.653101012E-2,2.422910750E-2,1.557698250E-3
6.584840792E0,-4.006146714E-2,1.699317813E-2,-2.331284881E-3
6.594780792E0,-3.251987457E-2,1.960980713E-2,-6.458249688E-3
6.604720792E0,-1.592445329E-2,1.299543679E-2,4.476628304E-3
6.614659792E0,-1.534967199E-2,2.233636379E-2,-1.069338799E-2
6.624599792E0,-2.376147643E-2,3.421205878E-2,-1.180552840E-2
6.634538792E0,-7.276713699E-3,3.695381820E-2,-2.762575507E-2
6.644478792E0,-1.559510887E-2,3.302682817E-2,-2.034129381E-2
6.654418792E0,-3.345659852E-2,3.310576558E-2,-8.126460314E-3
6.664357792E0,-2.555481747E-2,1.804918528E-2,-8.986585736E-3
6.674297792E0,-8.880166411E-3,1.608744442E-2,-1.727676809E-2
6.684237792E0,-1.097960919E-2,1.690956295E-2,-1.241363883E-2
6.694176792E0,-7.309896648E-3,2.483254015E-2,-1.333983779E-2
6.704116792E0,-1.213034123E-2,2.470507085E-2,-2.142829120E-2
6.714055792E0,-1.421063438E-2,2.457643211E-2,-3.096685410E-2
6.723995792E0,-1.303929090E-3,2.851628602E-2,-7.876784205E-3
6.733935792E0,8.624496907E-3,2.437762678E-2,-1.178623259E-2
6.743874792E0,2.266980127E-2,3.859396219E-2,-3.010614395E-2
6.753814792E0,6.678982079E-3,3.663456023E-2,-2.449807942E-2
6.763754792E0,-3.189071417E-3,3.512597859E-2,-3.960260689E-2
6.773693792E0,9.325431883E-3,3.876820922E-2,-3.801450312E-2
6.783633792E0,-3.457312435E-3,3.639307022E-2,-2.974595547E-2
6.793572792E0,-2.848237216E-2,2.429693520E-2,-2.088040709E-2
6.803512792E0,-2.520705432E-2,1.868126929E-2,-1.759602606E-2
6.813452792E0,-2.258940205E-2,1.777436614E-2,-1.729489446E-2
6.823391792E0,-4.519137561E-2,2.686152399E-2,-7.863335609E-3
6.833331792E0,-4.514503643E-2,3.515696883E-2,-6.541864872E-3
6.843271792E0,-3.692911372E-2,3.754848003E-2,-1.710602939E-2
6.853210792E0,-3.879203662E-2,5.347804964E-2,-7.005549073E-3
6.863150792E0,-3.031795934E-2,4.587023735E-2,1.143364549E-2
6.873089792E0,-9.743215442E-3,4.834653318E-2,1.754749417E-3
6.883029792E0,2.217395738E-2,6.910941124E-2,-7.000871301E-3
6.892969792E0,3.650504440E-2,8.579853415E-2,-9.673633575E-3
6.902908792E0,1.451600522E-2,5.025389493E-2,6.004505754E-3
6.912848792E0,7.715985775E-3,-9.232753515E-3,2.676270604E-3
6.922788792E0,-5.841076076E-3,-3.826827228E-2,3.970259428E-3
6.932727792E0,-3.252309054E-2,-1.022619545E-2,-2.008284688E-2
6.942667792E0,-4.333429992E-2,2.697554469E-2,-7.210084677E-2
6.952607792E0,-2.677323103E-2,2.731526792E-2,-6.388550878E-2
6.962546792E0,4.612137526E-3,1.271710932E-2,-3.206437647E-2
6.972486792E0,4.221733555E-2,-5.671799183E-5,-1.764163435E-2
6.982425792E0,3.489413649E-2,1.398478568E-2,3.220646381E-3
6.992365792E0,-4.310275018E-3,3.545576155E-2,7.381525040E-3
7.002305792E0,-2.163177431E-2,3.432140172E-2,7.042386532E-3
7.012244792E0,-2.822114781E-2,1.740891516E-2,-9.160248041E-3
7.022184792E0,-2.196184963E-2,2.027229667E-2,-1.552786589E-2
7.032124792E0,-2.726425096E-2,1.886662602E-2,-7.298494577E-3
7.042063792E0,-2.589380980E-2,2.913667560E-2,4.970133305E-4
7.052003792E0,-1.838057622E-2,2.390868008E-2,2.278075218E-3
7.061942792E0,8.069157600E-5,1.518288016E-2,-6.665825844E-4
7.071882792E0,7.313697338E-3,1.537174523E-2,2.610781789E-3
7.081822792E0,5.317019373E-3,2.750062466E-2,-1.379124284E-2
7.091761792E0,-5.754829645E-3,2.880455375E-2,-1.528579116E-2
7.101701792E0,-1.070785984E-2,4.489199817E-2,-8.609440327E-3
7.111641792E0,-1.562259078E-2,5.062168479E-2,-3.318294883E-3
7.121580792E0,-2.497097299E-2,4.510074377E-2,-1.587460577E-2
7.131520792E0,-2.086315781E-2,3.355892479E-2,-1.316325188E-2
7.141459792E0,-2.764841303E-2,4.612459123E-2,-4.287821710E-2
7.151399792E0,-2.720650971E-2,5.378152013E-2,-4.721743584E-2
7.161339792E0,-1.288960218E-2,3.619777322E-2,-3.052948236E-2
7.171278792E0,-6.472867727E-3,1.448355317E-2,-2.354439855E-2
7.181218792E0,-4.513758123E-3,1.288726330E-2,-3.928744197E-3
7.191158792E0,1.227622926E-3,1.494255960E-2,1.450109482E-4
7.201097792E0,1.112198889E-2,2.339821815E-2,-1.787259936E-2
7.211037792E0,1.800430790E-2,2.523892164E-2,-1.738318741E-2
7.220976792E0,1.411137789E-2,3.444126964E-2,-2.767253280E-2
7.230916792E0,2.383471280E-3,4.062470019E-2,-3.764612854E-2
7.240856792E0,-5.928345770E-3,4.351556361E-2,-1.890287876E-2
7.250795792E0,6.316162348E-3,2.328653634E-2,-1.285802722E-3
7.260735792E0,-3.791626990E-3,2.734158039E-3,1.691833377E-2
7.270675792E0,5.591692328E-3,-2.186273932E-3,1.979399443E-2
7.280614792E0,3.552768230E-3,1.097697794E-2,9.236261845E-3
7.290554792E0,-4.562728554E-3,1.834037662E-2,-6.953508854E-3
7.300493792E0,-8.142393976E-3,2.722288191E-2,-1.875903726E-2
7.310433792E0,1.707533151E-3,2.061494350E-2,-4.065802932E-2
7.320373792E0,-7.407983691E-3,1.624239564E-2,-4.997030497E-2
7.330312792E0,-8.095908612E-3,2.396539807E-2,-4.108663023E-2
7.340252792E0,-1.360237777E-2,2.474366248E-2,-4.578486800E-2
7.350192792E0,-8.748604059E-3,2.523132026E-2,-3.703626394E-2
7.360131792E0,1.686921716E-3,2.446241140E-2,-2.389347732E-2
7.370071792E0,4.195815772E-3,1.445490181E-2,-2.046876311E-2
7.380011792E0,-3.548236638E-3,2.083245993E-2,-1.441631019E-2
7.389950792E0,-9.168580323E-3,2.794501305E-2,-5.512170196E-3
7.399890792E0,-2.041964650E-2,2.724802494E-2,-3.680237532E-3
7.409829792E0,-2.540337458E-2,8.876073360E-3,9.668955803E-3
7.419769792E0,-1.679641932E-2,5.005801320E-3,1.946947396E-2
7.429709792E0,3.193895370E-3,1.129974425E-2,1.865554154E-2
7.439648792E0,5.868119448E-3,1.362342775E-2,8.951502442E-3
7.449588792E0,8.452734947E-3,1.759134829E-2,-2.562834620E-3
7.459527792E0,1.186122313E-2,2.774269938E-2,-2.466998756E-2
7.469467792E0,1.920342565E-2,3.373960376E-2,-4.243675232E-2
7.479407792E0,9.646444023E-3,3.336362779E-2,-4.472125947E-2
7.489346792E0,-1.105708480E-2,4.420670450E-2,-4.702798605E-2
7.499286792E0,-1.939287543E-2,3.973475397E-2,-4.311035156E-2
7.509226792E0,-1.304791555E-2,2.277198136E-2,-2.698899329E-2
7.519165792E0,-1.945237085E-2,2.263866484E-2,-2.364380121E-2
7.529105792E0,-1.987424746E-2,4.149593532E-2,-1.762584686E-2
7.539044792E0,-1.925926656E-2,4.518786728E-2,-2.030971885E-2
7.548984792E0,-2.105640829E-2,3.131008565E-2,-1.284165502E-2
7.558924792E0,-2.745998651E-2,1.340064883E-2,-2.199137807E-3
7.568863667E0,-1.825690761E-2,8.507114053E-3,1.087932944E-2
7.578803667E0,-6.246580482E-3,2.858703732E-3,5.698696375E-3
7.588743667E0,-1.711772382E-3,4.809334874E-3,6.169397235E-3
7.598682667E0,1.076984033E-2,8.017117381E-3,-1.006656647E-2
7.608622667E0,1.428533256E-2,1.183827281E-2,-1.359243751E-2
7.618562667E0,1.919713989E-2,1.306443393E-2,-1.567930877E-2
7.628501667E0,1.770054504E-2,2.821047664E-2,-3.232165396E-2
7.638441667E0,1.583002076E-2,2.886302590E-2,-3.570894599E-2
7.648380667E0,1.425975099E-2,2.700010300E-2,-3.654860616E-2
7.658320667E0,2.291684613E-2,3.476228178E-2,-4.578837633E-2
7.668260667E0,2.202456102E-2,3.554171562E-2,-3.704678893E-2
7.678199667E0,5.270534009E-3,4.089951932E-2,-3.270932436E-2
7.688139667E0,-5.565379858E-3,3.053416014E-2,-3.719706237E-2
7.698078667E0,-2.957901746E-2,2.221883476E-2,-1.550447702E-2
7.708018667E0,-3.812735438E-2,2.676270604E-3,-7.090333700E-3
7.717958667E0,-3.411557972E-2,1.111848056E-2,1.801351726E-2
7.727897667E0,-3.379062071E-2,1.849766672E-2,7.166347504E-3
7.737837667E0,-2.403103307E-2,2.952259183E-2,7.054665685E-3
7.747777667E0,-5.650603026E-3,2.694338500E-2,1.355852365E-2
7.757716667E0,1.044020355E-3,3.697779179E-2,1.231657505E-2
7.767656667E0,-4.216573387E-3,3.691698074E-2,-6.385744214E-3
7.777595667E0,2.161569446E-3,3.354839981E-2,-1.476597369E-2
7.787535667E0,-1.235355869E-2,3.103058875E-2,-3.458277225E-2
7.797475667E0,-2.121735290E-2,2.965707779E-2,-2.612769842E-2
7.807414667E0,-3.360453308E-2,3.764905214E-2,-3.388753831E-2
7.817354667E0,-4.517427251E-2,4.187425017E-2,-4.537439346E-2
7.827294667E0,-4.176490724E-2,2.476354301E-2,-3.817647099E-2
7.837233667E0,-5.372567922E-3,2.596689999E-2,-1.456190586E-2
7.847173667E0,3.155713052E-2,2.441680312E-2,-8.060386777E-3
7.857113667E0,2.825359985E-2,3.205151260E-2,-1.947122812E-4
7.867052667E0,1.044151917E-2,4.478323996E-2,-1.156871617E-2
7.876992667E0,6.999848038E-3,6.577182055E-2,-4.196429729E-2
7.886931667E0,6.715965718E-3,6.504208803E-2,-1.908823550E-2
7.896871667E0,-5.560702085E-3,2.983775675E-2,3.144632578E-3
7.906811667E0,9.572330564E-3,5.771201849E-4,-6.182845831E-3
7.916750667E0,9.079995006E-3,-2.370461226E-3,-1.717210293E-2
7.926690667E0,-6.080519557E-3,1.744282901E-2,-1.243293464E-2
7.936629667E0,-1.958627209E-2,2.435131431E-2,-3.679711282E-2
7.946569667E0,-1.231306672E-2,1.986942351E-2,-4.460723877E-2
7.956509667E0,3.381444812E-3,-3.473246098E-4,-2.397066057E-2
7.966448667E0,1.683720365E-2,-1.339772522E-2,7.427718043E-3
7.976388667E0,1.045131326E-2,-6.321424842E-3,1.373803318E-2
7.986328667E0,-1.886267915E-2,1.949520171E-2,-9.946113825E-4
7.996267667E0,-4.331968188E-2,2.332863629E-2,1.110269308E-2
8.006207667E0,-3.488609657E-2,1.656340778E-2,8.294275403E-3
8.016146667E0,-1.158479601E-2,2.971730411E-2,-1.110269308E-2
8.026086667E0,1.367473707E-2,4.456338465E-2,-9.050320387E-3
8.036026667E0,1.742046341E-2,3.103585124E-2,-1.562259078E-2
8.045965667E0,1.142005071E-2,2.104471385E-2,-1.970511675E-2
8.055905667E0,-1.134199038E-2,1.676747561E-2,-1.660609245E-2
8.065845667E0,-2.530177921E-2,1.531970501E-2,-1.705165029E-2
8.075784667E0,-2.330290854E-2,1.282294393E-2,-1.770536900E-3
8.085724667E0,-3.757654667E-2,1.443794489E-2,-2.050267696E-2
8.095663667E0,-4.510235175E-2,2.273865223E-2,-1.752819836E-2
8.105603667E0,-3.149091080E-2,2.567161560E-2,-3.827587366E-3
8.115543667E0,-2.740458414E-2,2.003548443E-2,-7.631201148E-3
8.125482667E0,-1.517791003E-2,2.837361395E-2,-5.378268957E-3
8.135422667E0,-5.842976421E-3,3.118027747E-2,-1.169910908E-2
8.145362667E0,4.445199519E-3,3.139837861E-2,-1.956946135E-2
8.155301667E0,1.397279888E-2,3.405359924E-2,-1.080565453E-2
8.165241667E0,1.332331941E-2,2.818124056E-2,-2.095525146E-2
8.175180667E0,1.992497206E-2,3.101129293E-2,-2.848295689E-2
8.185120667E0,2.547631860E-2,3.256782174E-2,-2.650601327E-2
8.195060667E0,3.490948543E-2,3.658778250E-2,-2.104354441E-2
8.204999667E0,5.325351655E-3,3.316072941E-2,-1.064134777E-2
8.214939667E0,-2.793814257E-2,2.666856587E-2,-1.197158933E-2
8.224879667E0,-3.732029244E-2,2.320642948E-2,-2.775088549E-3
8.234818667E0,-2.764095783E-2,2.285676599E-2,-7.332993150E-3
8.244758667E0,-1.573705003E-2,2.271467865E-2,-1.210256696E-2
8.254697667E0,-3.042832553E-2,2.412502706E-2,-2.246032476E-2
8.264637667E0,-2.921108142E-2,3.907811165E-2,-2.425132692E-2
8.274577667E0,-1.664322227E-2,3.127734125E-2,-2.798126578E-2
8.284516667E0,-5.961236358E-3,3.115805805E-2,-2.625984550E-2
8.294456667E0,1.216045439E-2,2.240886927E-2,-1.926599085E-2
8.304396667E0,4.436721057E-3,1.688208103E-2,-2.318187118E-2
8.314335667E0,-2.115668803E-3,2.017757177E-2,-1.587635994E-2
8.324275667E0,-3.726430535E-3,1.718789041E-2,-1.243410408E-2
8.334214667E0,-1.186019987E-2,1.633945942E-2,-7.640556693E-3
8.344154667E0,-1.065728143E-2,1.156403840E-2,-8.905309439E-3
8.354094667E0,-1.358454376E-3,2.271000087E-2,-8.471446037E-3
8.364033667E0,3.725407273E-3,2.934015870E-2,-3.544816017E-2
8.373973667E0,-1.607545763E-3,2.779006183E-2,-3.496459544E-2
8.383913667E0,-1.983814090E-3,3.713157356E-2,-4.035806715E-2
8.393852667E0,-2.157461777E-2,2.524535358E-2,-2.071668506E-2
8.403792667E0,-3.043914288E-2,1.898766339E-2,-1.008176923E-2
8.413731667E0,-3.155523017E-2,1.381638587E-2,-1.168273687E-3
8.423671667E0,-2.993862122E-2,1.922213674E-2,1.155409813E-3
8.433611667E0,-2.288731769E-2,1.796147704E-2,5.242028832E-3
8.443550667E0,-1.262530804E-2,1.707094610E-2,1.896778286E-2
8.453490667E0,1.348806471E-3,2.295675337E-2,5.467146635E-3
8.463429667E0,1.771969467E-2,2.203406274E-2,-7.862750888E-3
8.473369667E0,3.130657732E-2,3.156853259E-2,-2.050209224E-2
8.483309667E0,1.769747525E-2,3.935176134E-2,-4.046799481E-2
8.493248667E0,4.749254733E-3,3.792621017E-2,-4.151289225E-2
8.503188667E0,-2.817773223E-2,3.297712684E-2,-3.798468232E-2
8.513128667E0,-4.121293008E-2,2.565407395E-2,-1.524778426E-2
8.523067667E0,-3.764057368E-2,1.382574141E-2,-2.647619247E-3
8.533007667E0,-2.142668322E-2,1.557230473E-2,-1.129682064E-3
8.542946667E0,-8.502290100E-3,1.992731094E-2,8.715274930E-3
8.552886667E0,1.261039764E-2,1.943731427E-2,-3.818231821E-3
8.562827333E0,1.462973356E-2,3.437110305E-2,-2.755558848E-2
8.572766333E0,2.308480740E-3,3.678658783E-2,-3.852028728E-2
8.582706333E0,-1.452243716E-2,3.253858566E-2,-4.063288629E-2
8.592646333E0,-9.988067597E-3,2.192588925E-2,-1.218325853E-2
8.602585333E0,2.402913272E-3,1.944959342E-2,-1.315331161E-2
8.612525333E0,1.119113222E-2,2.213405013E-2,-1.452682257E-2
8.622464333E0,2.081550300E-2,3.741633296E-2,-3.618257046E-2
8.632404333E0,1.935369909E-2,4.355824828E-2,-5.029599488E-2
8.642344333E0,2.220100075E-2,4.763200343E-2,-5.604790092E-2
8.652283333E0,7.759839892E-3,3.266547024E-2,-2.726381242E-2
8.662223333E0,-1.846024454E-2,2.146980643E-2,-3.103117347E-3
8.672163333E0,-2.324794471E-2,1.139973164E-2,1.247971237E-2
8.682102333E0,-2.818036348E-2,4.388920069E-3,1.443852961E-2
8.692042333E0,-1.877131641E-2,2.556051850E-2,1.167922854E-2
8.701981333E0,-1.348280221E-2,2.456298351E-2,-1.320652127E-2
8.711921333E0,-4.987674952E-3,2.729889572E-2,-9.468981028E-3
8.721861333E0,-1.873637930E-2,3.303092122E-2,-2.352451801E-2
8.731800333E0,-3.206174523E-2,1.549161315E-2,-2.090964317E-2
8.741740333E0,-2.088508487E-2,1.802111864E-3,-1.288141608E-2
8.751680333E0,-1.111248717E-2,-8.154526949E-3,6.870478392E-4
8.761619333E0,-3.339637220E-3,-4.869561195E-3,5.179463625E-3
8.771559333E0,1.923704714E-2,1.192598104E-2,-7.679733038E-3
8.781498333E0,1.300318435E-2,2.837829173E-2,-2.089677930E-2
8.791438333E0,8.178208172E-3,2.716967225E-2,-2.951206684E-2
8.801378333E0,1.914436877E-2,2.299417555E-2,-1.781061888E-2
8.811317333E0,1.569801986E-2,1.508347750E-2,-1.468118906E-2
8.821257333E0,-1.561206579E-4,1.164589942E-2,-8.547459841E-3
8.831196333E0,-1.443823725E-3,1.538343966E-2,6.695646644E-3
8.841136333E0,-1.382676467E-2,2.594117224E-2,-1.102843344E-2
8.851076333E0,-1.504547060E-2,3.792445600E-2,-1.857894301E-2
8.861015333E0,-1.209248051E-2,3.929972112E-2,-2.850400686E-2
8.870955333E0,-1.599549696E-2,2.321870863E-2,-2.131310105E-2
8.880895333E0,-4.635380208E-3,2.484423459E-2,-1.192773521E-2
8.890834333E0,7.588224113E-4,3.062069893E-2,-1.360647082E-3
8.900774333E0,-8.114034981E-3,4.172514617E-2,-7.664530277E-3
8.910713333E0,-2.285296530E-2,3.549903095E-2,-7.493791580E-3
8.920653333E0,-1.971432611E-2,3.240409970E-2,-1.764923573E-2
8.930593333E0,-1.853245765E-2,3.741750240E-2,-2.849640548E-2
8.940532333E0,-2.102863401E-2,3.312915444E-2,-1.782231331E-2
8.950472333E0,-9.901674986E-3,3.070139050E-2,-3.283211589E-2
8.960412333E0,-8.128653020E-3,2.717844307E-2,-3.518211186E-2
8.970351333E0,-5.336022824E-3,2.827713490E-2,-2.915889502E-2
8.980291333E0,-9.418256432E-3,2.041730762E-2,-3.269646049E-2
8.990230333E0,-5.951734632E-3,1.973844588E-2,-1.023262739E-2
9.000170333E0,7.470402718E-3,1.376434565E-2,-8.332282305E-4
9.010110333E0,6.923541874E-3,1.244755268E-2,-2.908405066E-3
9.020049333E0,-4.164825529E-3,2.146045089E-2,-6.072333455E-3
9.029989333E0,-6.610423476E-3,1.694581568E-2,-6.051868200E-4
9.039929333E0,7.545831800E-4,1.825091422E-2,-3.877288699E-3
9.049868333E0,1.645815790E-2,1.576409340E-2,-2.362742901E-2
9.059808333E0,6.665094942E-3,2.628323436E-2,-2.707319319E-2
9.069747333E0,-1.631738618E-2,3.518562019E-2,-2.632065654E-2
9.079687333E0,-1.827576488E-2,3.686786413E-2,-3.801274896E-2
9.089627333E0,-5.890923589E-3,3.410330057E-2,-3.354079843E-2
9.099566333E0,-3.579373062E-3,3.054936290E-2,-2.520734668E-2
9.109506333E0,-1.553312838E-3,2.745092332E-2,-2.168732285E-2
9.119445333E0,-6.329610944E-5,2.436534762E-2,-8.135815859E-3
9.129385333E0,-1.116028816E-2,1.686336994E-2,-2.514302731E-3
9.139325333E0,-1.801380962E-2,7.189736366E-3,8.162128329E-3
9.149264333E0,-2.971467286E-2,1.462271690E-2,6.740085483E-3
9.159204333E0,-2.659971491E-2,2.017698705E-2,9.356714487E-3
9.169144333E0,-1.914626911E-2,2.240536094E-2,-1.052498817E-3
9.179083333E0,-1.030513287E-2,1.916541874E-2,7.733527422E-3
9.189023333E0,7.371146232E-3,1.979048610E-2,-5.688171387E-3
9.198962333E0,1.518156454E-2,2.625399828E-2,-1.027823567E-2
9.208902333E0,1.213341102E-2,3.501605093E-2,-1.440520048E-2
9.218842333E0,-4.734198153E-3,2.397183001E-2,-2.536171317E-2
9.228781333E0,-1.359331459E-2,2.227262914E-2,-2.354264438E-2
9.238721333E0,-2.805318654E-2,2.291465342E-2,-3.434245169E-2
9.248660333E0,-2.883481309E-2,1.481450558E-2,-1.983258605E-2
9.258600333E0,-3.579884693E-2,2.174345613E-2,-1.043961883E-2
9.268540333E0,-1.440300778E-2,2.345259726E-2,-1.281183422E-2
9.278479333E0,-4.802902937E-3,2.178204775E-2,-2.183701158E-2
9.288419333E0,1.107564971E-2,2.984360397E-2,-2.846073747E-2
9.298359333E0,1.329379097E-2,2.775848687E-2,-2.477231383E-2
9.308298333E0,1.179427251E-2,3.480204284E-2,-1.845264316E-2
9.318238333E0,8.153211325E-3,2.823211133E-2,-2.591485977E-2
9.328177333E0,1.174997985E-2,2.246324837E-2,-2.138560653E-2
9.338117333E0,7.894325852E-3,3.111186504E-2,-2.869579554E-2
9.348057333E0,3.067010790E-3,3.604925394E-2,-4.017855763E-2
9.357996333E0,-4.060160369E-3,3.163869917E-2,-3.488682747E-2
9.367936333E0,5.258985758E-3,2.895599663E-2,-2.888056755E-2
9.377876333E0,7.146466970E-3,2.376776218E-2,-9.194746614E-3
9.387815333E0,-7.185935676E-3,6.241902709E-3,-1.069338799E-2
9.397755333E0,-1.324701324E-2,8.172653317E-3,-3.771454096E-4
9.407694333E0,-1.418592989E-2,2.103243470E-2,-1.498056650E-2
9.417634333E0,-2.539343432E-2,3.457634032E-2,-1.733173192E-2
9.427574333E0,-3.512510151E-2,2.902557850E-2,-1.392748296E-2
9.437513333E0,-2.856744915E-2,1.881400108E-2,-2.233811796E-2
9.447453333E0,-6.426674724E-3,1.779073834E-2,-7.436488867E-3
9.457393333E0,-2.413730621E-3,1.156053007E-2,6.420242786E-4
9.467332333E0,2.742636502E-3,1.692476571E-2,-8.349823952E-4
9.477272333E0,-9.593819082E-4,2.215393066E-2,-1.941275597E-2
9.487211333E0,5.318919718E-3,3.018274248E-2,-2.275853276E-2
9.497151333E0,6.053330004E-4,2.523950636E-2,-2.459748209E-2
9.507091333E0,3.839281797E-3,2.122656226E-2,-1.700545728E-2
9.517030333E0,-5.229457319E-3,1.950163364E-2,-2.774737716E-2
9.526970333E0,-4.768989086E-3,2.151716888E-2,-2.812744617E-2
9.536909333E0,-1.195404768E-2,1.875319004E-2,-2.340640426E-2
9.546849333E0,-1.927110717E-2,2.194635451E-2,-5.641393661E-3
9.556789333E0,-2.524564594E-2,1.808777690E-2,-4.932711124E-3
9.566728417E0,-3.069232732E-2,8.118858933E-3,-5.625606179E-3
9.576668417E0,-3.169468626E-2,1.286796749E-2,2.894956470E-3
9.586608417E0,-2.398732513E-2,1.512616217E-2,2.239483595E-3
9.596547417E0,-2.121939942E-2,5.755414367E-3,-1.822577119E-2
9.606487417E0,-2.503660798E-2,2.066522956E-2,-1.258437753E-2
9.616426417E0,-2.023092762E-2,1.954665720E-2,-2.690947115E-2
9.626366417E0,-8.032027781E-3,1.981329024E-2,-2.039801180E-2
9.636306417E0,1.683764219E-2,1.606756389E-2,-3.063882530E-2
9.646245417E0,3.191790372E-2,1.388012052E-2,-4.472593725E-2
9.656185417E0,2.377726391E-2,1.335153222E-2,-1.950865030E-2
9.666124417E0,2.407591045E-2,1.635115385E-2,-2.810171843E-2
9.676064417E0,1.409690604E-2,1.979282498E-2,-2.611249566E-2
9.686004417E0,1.749720812E-2,2.040853679E-2,-2.010038853E-2
9.695943417E0,2.462350219E-2,3.426468372E-2,-2.377243996E-2
9.705883417E0,5.732902586E-3,3.399395764E-2,-2.167328954E-2
9.715823417E0,-7.265165448E-3,2.521962583E-2,-1.638214409E-2
9.725762417E0,-1.309864014E-2,1.882628024E-2,-1.900812864E-2
9.735702417E0,-1.660755426E-2,3.102708042E-2,-6.822531223E-3
9.745641417E0,-8.883820921E-3,3.039908946E-2,-1.295392156E-2
9.755581417E0,-1.314424843E-2,3.027688265E-2,-1.800591588E-2
9.765521417E0,-2.132011771E-2,3.328644454E-2,-3.144866467E-2
9.775460417E0,-1.283113003E-2,3.246257186E-2,-3.436408639E-2
9.785400417E0,-1.287322998E-2,2.399872720E-2,-2.231648326E-2
9.795340417E0,-1.478848547E-2,1.720075428E-2,-2.837536812E-2
9.805279417E0,-5.707321018E-3,1.711713910E-2,-3.386941195E-2
9.815219417E0,-1.381331608E-2,2.166101038E-2,-3.336304307E-2
9.825158417E0,-1.534908727E-2,2.722346663E-2,-2.878818154E-2
9.835098417E0,-2.051919535E-2,2.161189377E-2,-1.053258955E-2
9.845038417E0,-9.336249232E-3,8.241065741E-3,-1.664702296E-3
9.854977417E0,-4.663885385E-3,1.735687494E-2,2.513133287E-3
9.864917417E0,2.155576050E-3,2.454310298E-2,-1.679320335E-3
9.874856417E0,1.795212150E-2,2.823386550E-2,-1.094657242E-2
9.884796417E0,2.271307066E-2,2.852096379E-2,-2.275151610E-2
9.894736417E0,2.021557868E-2,2.609963179E-2,-3.116858304E-2
9.904675417E0,1.170334831E-2,2.276730359E-2,-3.336070418E-2
9.914615417E0,-1.069821194E-2,3.249297738E-3,-2.644637167E-2
9.924555417E0,-1.443312094E-2,-7.268089056E-4,-1.445957959E-2
9.934494417E0,-1.687009424E-2,-8.603008389E-3,-2.267959535E-2
9.944434417E0,-1.441601783E-2,1.008761644E-2,-7.469817996E-3
9.954373417E0,-8.672151715E-3,2.238080263E-2,-1.060509503E-2
9.964313417E0,1.087918326E-2,2.404199660E-2,-1.954139471E-3
9.974253417E0,1.542451635E-2,2.822918773E-2,5.035622120E-3
9.984192417E0,-4.190114737E-3,2.532078266E-2,1.524076760E-2
9.994132417E0,-1.918851525E-2,2.660073817E-2,3.008801758E-2
1.000407242E1,-1.083532915E-2,3.256489813E-2,2.003373027E-2
1.001401142E1,-3.412800506E-2,2.470273197E-2,5.199344158E-3
1.002395142E1,-4.615221933E-2,2.446825862E-2,-2.872912467E-2
1.003389042E1,-4.602489620E-2,3.475818872E-2,-4.858509958E-2
1.004383042E1,-4.815079764E-2,3.324843764E-2,-6.294176817E-2
1.005377042E1,-4.564804316E-2,3.215208471E-2,-6.068825126E-2
1.006370942E1,-2.570538327E-2,2.744215250E-2,-5.592452466E-2
1.007364942E1,-3.200327307E-3,3.027337432E-2,-4.349802196E-2
1.008358842E1,1.961740851E-2,2.978454709E-2,-4.010897577E-2
1.009352842E1,3.773515239E-2,3.287246168E-2,-3.845362902E-2
1.010346842E1,3.653603464E-2,2.754740238E-2,-3.229592621E-2
1.011340742E1,3.520286947E-2,1.653768003E-2,-3.128143430E-2
1.012334742E1,2.913682178E-2,2.140022457E-2,-3.304904759E-2
1.013328742E1,2.481470615E-2,2.118095398E-2,-3.161764920E-2
1.014322642E1,2.995645523E-2,2.678434074E-2,-2.068043232E-2
1.015316642E1,2.968996838E-2,3.034237146E-2,-1.198796153E-2
1.016310542E1,2.271292448E-2,2.084356964E-2,-1.386667192E-2
1.017304542E1,-4.734344333E-3,1.813455462E-2,-5.040299892E-3
1.018298542E1,-8.232733458E-3,1.185756862E-2,-1.831698775E-2
1.019292442E1,-2.824161306E-2,9.214627147E-3,-3.196088076E-3
1.020286442E1,-4.463545159E-2,1.467124879E-2,-8.637506962E-3
1.021280342E1,-3.920104936E-2,2.440101564E-2,6.173490286E-3
1.022274342E1,-4.517865792E-2,2.882268012E-2,-5.966498852E-3
1.023268342E1,-3.275171667E-2,2.994066775E-2,-8.631659746E-3
1.024262242E1,-2.366017342E-2,2.316549897E-2,-7.330069542E-3
1.025256242E1,-1.598848030E-2,3.269704521E-2,1.088926971E-2
1.026250242E1,5.540967733E-3,2.524418414E-2,-1.241246939E-2
1.027244142E1,9.063622802E-3,2.747197330E-2,-1.772641897E-2
1.028238142E1,1.282455191E-2,2.969683886E-2,-2.695215583E-2
1.029232042E1,1.095125020E-2,2.785496593E-2,-3.551715732E-2
1.030226042E1,2.193758368E-2,2.098916531E-2,-4.095272899E-2
1.031220042E1,1.157763317E-2,2.124293447E-2,-3.406763256E-2
1.032213942E1,1.177234545E-2,2.146395922E-2,-3.369458020E-2
1.033207942E1,9.363877326E-3,1.918179095E-2,-2.611132622E-2
1.034201842E1,7.766125649E-3,2.351984024E-2,-1.176927567E-2
1.035195842E1,2.696004957E-3,1.509751081E-2,-4.493000507E-3
1.036189842E1,-1.169194624E-2,1.563136160E-2,1.240077496E-2
1.037183742E1,-1.368131518E-2,1.279897034E-2,1.066590607E-2
1.038177742E1,-1.271798640E-2,2.191887259E-2,-7.373923659E-3
1.039171742E1,-9.728305042E-4,2.601543188E-2,-1.624414980E-2
1.040165642E1,-3.756689876E-3,1.387953579E-2,-3.041604638E-2
1.041159642E1,4.244493842E-3,1.699551702E-2,-3.867114544E-2
1.042153542E1,2.187735736E-3,3.259121060E-2,-4.117433846E-2
1.043147542E1,-1.178535551E-2,2.791168392E-2,-6.141915321E-2
1.044141542E1,-1.960834533E-2,4.089191794E-2,-4.786764622E-2
1.045135442E1,-1.025133848E-2,4.903825879E-2,-4.151347697E-2
1.046129442E1,-1.255528763E-2,3.349168181E-2,-3.101304710E-2
1.047123442E1,-7.430934012E-3,1.940456986E-2,-1.664936185E-2
1.048117342E1,-1.139490768E-2,2.028457582E-2,-3.194918633E-3
1.049111342E1,-1.105913132E-2,2.323157251E-2,-1.218793631E-2
1.050105242E1,-1.388626009E-2,2.715563893E-2,-1.481333613E-2
1.051099242E1,-2.252157435E-2,1.275745511E-2,8.186101913E-6
1.052093242E1,-4.604536146E-3,1.542144656E-2,-9.376595020E-3
1.053087142E1,-6.358700842E-3,2.440452397E-2,-1.497471929E-2
1.054081142E1,-2.830052376E-3,2.549561441E-2,-1.739663601E-2
1.055075042E1,-4.309105575E-3,7.066360116E-3,-2.076346278E-2
1.056069042E1,-9.891588539E-3,1.028759122E-2,-2.746378720E-2
1.057062996E1,-3.081921190E-3,3.197257519E-3,-2.174462557E-2
1.058056896E1,2.622183859E-3,6.313238740E-3,-1.149738014E-2
1.059050896E1,9.050174206E-3,1.476305008E-2,1.464142799E-3
1.060044796E1,1.285305709E-2,2.257668436E-2,5.298746824E-3
1.061038796E1,1.412511885E-2,2.025767863E-2,-3.573818207E-3
1.062032796E1,1.820252851E-2,2.668493807E-2,-2.063423932E-2
1.063026696E1,5.350202322E-5,3.057333648E-2,-2.827304184E-2
1.064020696E1,-5.003900975E-3,3.044118941E-2,-1.569743514E-2
1.065014696E1,-1.579829961E-2,2.382740378E-2,-1.214115858E-2
1.066008596E1,-1.965629250E-2,1.218267381E-2,-1.566702962E-2
1.067002596E1,-3.460879236E-2,2.686795592E-3,-2.129906774E-2
1.067996496E1,-4.569555178E-2,3.175038099E-4,-1.747381926E-2
1.068990496E1,-4.425377458E-2,5.786404610E-3,-6.526077390E-3
1.069984496E1,-2.465215355E-2,1.040102720E-2,6.215590239E-4
1.070978396E1,8.298953176E-3,1.683647275E-2,1.587226689E-2
1.071972396E1,2.459017307E-2,1.986474574E-2,2.103828192E-3
1.072966296E1,2.213024944E-2,2.008167744E-2,-6.590396762E-3
1.073960296E1,1.087494403E-2,3.651059926E-2,-1.315214217E-2
1.074954296E1,-1.811613590E-3,3.531016588E-2,-1.493144989E-2
1.075948196E1,-1.444934696E-2,3.142469108E-2,-1.967471123E-2
1.076942196E1,-2.252040491E-2,2.713985145E-2,-2.972022772E-2
1.077936196E1,-3.170097202E-2,2.929104209E-2,-2.912732005E-2
1.078930096E1,-3.399936631E-2,2.457000017E-2,-2.280414104E-2
1.079924096E1,-1.309864014E-2,2.582832098E-2,-2.409462154E-2
1.080917996E1,-5.293338150E-3,2.427705467E-2,-3.566333771E-2
1.081911996E1,1.072057754E-2,2.780000210E-2,-2.780877292E-2
1.082905996E1,2.198947772E-2,3.917342126E-2,-3.027922153E-2
1.083899896E1,2.113461480E-2,4.093752623E-2,-4.468383729E-2
1.084893896E1,1.571029902E-2,4.318402648E-2,-4.502472997E-2
1.085887796E1,6.060346663E-3,3.745667875E-2,-3.575455427E-2
1.086881796E1,-1.849766672E-3,2.517752588E-2,-2.260182738E-2
1.087875796E1,9.892027080E-4,1.730775833E-2,-2.140197873E-2
1.088869696E1,5.967083573E-3,1.481742918E-2,-2.860165536E-2
1.089863696E1,-2.293277979E-3,1.788312435E-2,-1.992964983E-2
1.090857696E1,-8.452150226E-3,1.727033615E-2,-6.253597140E-3
1.091851596E1,-4.763434231E-3,2.070732951E-2,1.026771069E-3
1.092845596E1,-4.180466831E-3,1.207566977E-2,-1.811116576E-2
1.093839496E1,-4.167164415E-3,1.545126736E-2,-4.535685182E-3
1.094833496E1,-2.061757475E-2,2.140724123E-2,-9.513419867E-3
1.095827496E1,-9.420156777E-3,3.544874489E-2,-7.148805857E-3
1.096821396E1,-1.760011911E-3,1.646575928E-2,-6.208573580E-3
1.097815396E1,-7.566150874E-3,2.533013821E-3,-3.811215162E-3
1.098809296E1,-1.554189920E-3,8.535765409E-3,7.718324661E-3
1.099803296E1,4.746111855E-3,2.109324574E-2,5.175955296E-3
1.100797296E1,5.440103263E-3,1.233587086E-2,3.931667805E-3
1.101791196E1,-6.612981632E-3,1.300888538E-2,-8.535765409E-3
1.102785196E1,-1.482042588E-2,6.488655210E-3,-2.740005255E-3
1.103779196E1,-2.230968587E-2,-1.429059505E-3,1.309191585E-2
1.104773096E1,-3.293809667E-2,-1.048990488E-3,6.467020512E-3
1.105767096E1,-3.077828139E-2,-7.068699002E-3,9.353206158E-3
1.106760996E1,-1.835850298E-2,6.039589047E-3,2.344733477E-3
1.107754996E1,1.570796013E-2,1.344391823E-2,-1.471919596E-2
1.108748996E1,4.848598927E-2,2.062371433E-2,-3.703217089E-2
1.109742896E1,7.512780413E-2,3.330398619E-2,-7.011630177E-2
1.110736896E1,7.566954866E-2,5.242145777E-2,-7.453913569E-2
1.111730796E1,6.374546796E-2,5.468608439E-2,-8.224693537E-2
1.112724796E1,4.823894441E-2,5.848852873E-2,-8.226681590E-2
1.113718796E1,3.258514412E-2,4.760159791E-2,-7.058934152E-2
1.114712696E1,1.152537368E-2,5.502112985E-2,-7.142081559E-2
1.115706696E1,-1.028700650E-2,4.705312908E-2,-5.021705747E-2
1.116700596E1,-2.239015818E-2,4.179648221E-2,-3.195971131E-2
1.117694596E1,-5.178586543E-2,2.029334664E-2,-9.222228527E-3
1.118688596E1,-6.381994687E-2,1.277441204E-2,2.032667577E-2
1.119682496E1,-8.845200062E-2,1.757029831E-2,2.463022649E-2
1.120676496E1,-9.747228093E-2,2.404316604E-2,2.324852943E-2
1.121670496E1,-8.607035659E-2,1.535654247E-2,1.974604726E-2
1.122664396E1,-7.050082929E-2,1.495600820E-2,2.423670888E-2
1.123658396E1,-6.606608167E-2,1.255572617E-2,3.149953544E-2
1.124652296E1,-5.151572406E-2,1.230254173E-3,2.605226934E-2
1.125646296E1,-3.452941641E-2,-9.404661655E-3,2.917351305E-2
1.126640296E1,-2.978673980E-2,-2.462847233E-3,3.078500569E-2
1.127634196E1,-2.495182335E-2,4.577200413E-3,2.192355037E-2
1.128628196E1,-2.068043232E-2,3.038213253E-3,1.650318146E-2
1.129622096E1,-7.696178332E-3,-8.429930806E-3,8.388415575E-3
1.130616096E1,7.753773406E-3,-4.761387706E-3,-2.079269886E-3
1.131610096E1,7.461997345E-3,8.730477691E-3,-2.294798255E-2
1.132603996E1,2.340165339E-2,2.170369506E-2,-4.903241158E-2
1.133597996E1,4.368286707E-2,4.378219664E-2,-6.922752500E-2
1.134591996E1,5.196106263E-2,4.062177658E-2,-7.421929300E-2
1.135585896E1,5.341168374E-2,4.855644822E-2,-8.085997581E-2
1.136579896E1,3.461580902E-2,5.299740851E-2,-7.138631701E-2
1.137573796E1,3.888924658E-2,4.230635941E-2,-5.832129836E-2
1.138567796E1,2.134401821E-2,3.802385867E-2,-3.022659659E-2
1.139561796E1,-1.580853224E-2,2.854903042E-2,-1.645581901E-2
1.140555696E1,-5.804509051E-2,1.871109009E-2,4.814012647E-3
1.141549696E1,-7.513511315E-2,1.289486468E-2,2.302399635E-2
1.142543596E1,-7.280748278E-2,1.343163908E-2,1.709024191E-2
1.143537596E1,-6.270378649E-2,1.441397130E-2,2.041847706E-2
1.144531596E1,-5.354894713E-2,2.902733266E-2,1.351057649E-2
1.145525496E1,-2.922767289E-2,4.233968854E-2,9.062014818E-3
1.146519496E1,5.962698162E-3,4.814948201E-2,-7.996652126E-3
1.147513396E1,3.084216222E-2,3.116215110E-2,-1.030864120E-3
1.148507396E1,2.669034675E-2,2.387944400E-2,-8.069157600E-5
1.149501396E1,7.301783636E-3,1.950397253E-2,-1.495133042E-3
1.150495296E1,-2.813811734E-2,1.003265262E-2,-7.552263737E-3
1.151489296E1,-4.059582956E-2,1.901163697E-2,-1.036243558E-2
1.152483296E1,-3.717469677E-2,2.596222222E-2,-1.330007672E-2
1.153477196E1,-3.983335264E-2,2.672411442E-2,-2.358182073E-2
1.154471196E1,-2.403783046E-2,2.273631334E-2,-1.180260479E-2
1.155465096E1,-7.573606074E-4,1.685810745E-2,1.830178499E-3
1.156459096E1,1.756635144E-2,1.891281903E-2,-3.993648291E-3
1.157453108E1,3.745974854E-2,1.411927164E-2,-5.528542399E-3
1.158447008E1,5.497625247E-2,3.186147809E-3,-2.902323961E-2
1.159441008E1,6.739149928E-2,1.291474521E-2,-4.099249005E-2
1.160434908E1,7.327452913E-2,2.369174838E-2,-5.791842520E-2
1.161428908E1,7.774560258E-2,3.954471946E-2,-7.368602693E-2
1.162422908E1,6.782390088E-2,4.892599225E-2,-9.086923957E-2
1.163416808E1,4.671530619E-2,5.067138612E-2,-8.109971166E-2
1.164410808E1,1.669511631E-2,5.107542872E-2,-7.728031039E-2
1.165404808E1,-3.174599558E-3,5.356809676E-2,-6.004330337E-2
1.166398708E1,-6.125689298E-3,4.785302818E-2,-3.317359328E-2
1.167392708E1,-2.290200882E-2,3.501254261E-2,-1.052031040E-2
1.168386608E1,-3.795588478E-2,2.379407465E-2,-3.987801075E-4
1.169380608E1,-5.706612043E-2,2.414549232E-2,-6.314408183E-3
1.170374608E1,-5.928279988E-2,2.691356421E-2,1.494548321E-3
1.171368508E1,-6.089699686E-2,4.018382013E-2,-1.481625974E-2
1.172362508E1,-5.020170853E-2,3.460440695E-2,-1.981387496E-2
1.173356408E1,-4.001753993E-2,3.144281745E-2,-3.103994429E-2
1.174350408E1,-1.393128365E-2,2.537574649E-2,-2.364964843E-2
1.175344408E1,4.493585229E-4,1.602312505E-2,-2.687380314E-2
1.176338308E1,1.423665449E-2,9.304089546E-3,8.004838228E-4
1.177332308E1,3.058707744E-2,-9.408169985E-4,-1.571146846E-3
1.178326308E1,3.455053948E-2,5.302839875E-3,-8.770823479E-5
1.179320208E1,3.927209303E-2,6.270554066E-3,1.238206387E-2
1.180314208E1,3.627108268E-2,1.136406362E-2,1.454787254E-2
1.181308108E1,3.492790416E-2,-3.814138770E-3,2.068861842E-2
1.182302108E1,2.529556654E-2,7.169855833E-3,2.273748279E-2
1.183296108E1,1.413308568E-2,1.459932804E-2,2.258428574E-2
1.184290008E1,9.001642317E-3,6.679274440E-3,4.255018830E-3
1.185284008E1,-3.115615770E-3,1.232008338E-2,-3.136446476E-3
1.186277908E1,-3.610765301E-2,2.136748016E-2,-1.412219524E-2
1.187271908E1,-4.216734186E-2,2.286144376E-2,-1.347256958E-2
1.188265908E1,-4.088234313E-2,2.142946064E-2,-3.228715539E-2
1.189259808E1,-4.724579483E-2,2.606688738E-2,-2.956352234E-2
1.190253808E1,-4.638895847E-2,2.041730762E-2,-2.797366440E-2
1.191247708E1,-3.159776866E-2,1.839183211E-2,-3.261576891E-2
1.192241708E1,-1.982841991E-2,2.913082838E-2,-2.955241263E-2
1.193235708E1,-2.243181959E-2,4.138834655E-2,-3.005819678E-2
1.194229608E1,-9.808192626E-3,3.840334296E-2,-3.160303116E-2
1.195223608E1,1.975627989E-4,3.349519014E-2,-2.106400967E-2
1.196217508E1,1.429117978E-2,3.142469108E-2,-1.862572074E-2
1.197211508E1,1.873411350E-2,2.563770175E-2,-2.008986354E-2
1.198205508E1,3.299927317E-2,2.817480862E-2,-2.147682309E-2
1.199199408E1,2.217329957E-2,3.491898715E-2,-2.962140977E-2
1.200193408E1,2.385883257E-3,3.547037959E-2,-2.704980433E-2
1.201187408E1,-1.546829738E-2,2.371806085E-2,-3.004182458E-2
1.202181308E1,-2.947259814E-2,2.491849422E-2,-1.346204460E-2
1.203175308E1,-3.400170520E-2,1.742528737E-2,-8.102486730E-3
1.204169208E1,-1.989354327E-2,1.831464887E-2,-1.018818855E-2
1.205163208E1,-1.348901488E-2,1.769718289E-2,-1.304630756E-2
1.206157208E1,7.635440379E-3,2.716499448E-2,-2.334559321E-2
1.207151108E1,2.244015187E-3,3.609076917E-2,-3.163811445E-2
1.208145108E1,-7.235490829E-3,3.841620684E-2,-1.467007935E-2
1.209139008E1,-1.355194554E-2,3.158782840E-2,-1.703995585E-2
1.210133008E1,-2.160151497E-2,2.768598139E-2,-8.998864889E-4
1.211127008E1,-3.219221123E-2,2.491966367E-2,2.777427435E-3
1.212120908E1,-3.156319700E-2,1.925137281E-2,-2.379816771E-3
1.213114908E1,-3.070599519E-2,1.861461103E-2,-5.586429834E-3
1.214108808E1,-2.146922171E-2,1.180552840E-2,-1.069338799E-2
1.215102808E1,-3.606124073E-2,2.312047541E-2,-1.076589346E-2
1.216096808E1,-4.359208904E-2,1.664994657E-2,-5.823826790E-3
1.217090708E1,-4.161470689E-2,1.816145182E-2,-1.830997109E-2
1.218084708E1,-5.065442920E-2,5.309271812E-3,-1.009521782E-2
1.219078708E1,-2.886668041E-2,-4.959608316E-3,7.914791107E-3
1.220072608E1,-8.534449786E-3,-2.253516912E-3,9.427465796E-3
1.221066608E1,1.922403708E-2,2.714862227E-3,1.348952651E-2
1.222060508E1,3.370276630E-2,1.359770000E-2,1.667450488E-2
1.223054508E1,4.684613764E-2,1.848012507E-2,7.042386532E-3
1.224048508E1,5.887181371E-2,2.253107607E-2,3.246958852E-3
1.225042408E1,3.484933220E-2,2.067809343E-2,-3.635798693E-3
1.226036408E1,1.728985123E-2,1.637512743E-2,-1.452272952E-2
1.227030308E1,4.776371196E-3,1.105240703E-2,-1.876254559E-2
1.228024308E1,-2.256974079E-2,9.913954139E-3,-1.711655438E-2
1.229018308E1,-5.368679523E-2,2.381161630E-2,-1.509809554E-2
1.230012208E1,-5.003637850E-2,2.465829313E-2,-2.516173840E-2
1.231006208E1,-3.636237234E-2,4.422249198E-2,-3.995811760E-2
1.232000108E1,-1.149708778E-2,4.213328183E-2,-3.820395291E-2
1.232994108E1,-8.877242804E-3,3.996513426E-2,-2.486236095E-2
1.233988108E1,-1.962786041E-2,3.782212973E-2,-1.178857148E-2
1.234982008E1,-6.665021852E-3,3.873663425E-2,-2.261176765E-2
1.235976008E1,-4.542848021E-3,3.884656191E-2,-2.993774414E-2
1.236969908E1,-1.124171063E-2,3.152584791E-2,-3.424421847E-2
1.237963908E1,-3.743168190E-3,3.344256520E-2,-4.163334489E-2
1.238957908E1,1.354112819E-2,4.241745651E-2,-5.367685497E-2
1.239951808E1,1.429344557E-2,3.529788673E-2,-5.012116313E-2
1.240945808E1,1.518616922E-2,3.619484961E-2,-4.620586753E-2
1.241939808E1,6.082127541E-3,2.515530646E-2,-2.491966367E-2
1.242933708E1,-9.170188308E-3,3.508329391E-3,6.416149735E-3
1.243927708E1,-1.800218828E-2,-7.568635941E-3,1.317611575E-2
1.244921608E1,-2.862599440E-2,-1.349537373E-3,1.468001962E-2
1.245915608E1,-2.103331178E-2,1.006364286E-2,4.974811077E-3
1.246909608E1,-7.037124038E-3,2.073656559E-2,5.189988613E-3
1.247903508E1,-2.505166456E-3,2.203640163E-2,-1.590442657E-3
1.248897508E1,8.510330021E-3,2.297078669E-2,-9.642058611E-3
1.249891408E1,2.489042759E-2,2.007992327E-2,-1.201193511E-2
1.250885408E1,3.533582054E-2,1.764455795E-2,-1.683179498E-2
1.251879408E1,2.629500188E-2,2.805727959E-2,-2.786198258E-2
1.252873308E1,2.310739227E-2,3.046925604E-2,-2.781754375E-2
1.253867308E1,8.082094565E-3,3.443834603E-2,-2.671592832E-2
1.254861208E1,-6.691334322E-3,2.032842994E-2,-1.152603149E-2
1.255855208E1,-1.330468141E-2,4.067907929E-3,-1.129565120E-2
1.256849246E1,-1.673326939E-2,8.969628811E-3,7.151144743E-3
1.257843146E1,-2.620210424E-2,1.124887347E-2,-2.163469791E-4
1.258837146E1,-2.313158512E-2,2.812920034E-2,-1.435491443E-2
1.259831146E1,-1.359733455E-2,4.364420235E-2,-2.292868674E-2
1.260825046E1,-7.142154649E-3,4.426810026E-2,-3.665034771E-2
1.261819046E1,-2.308904663E-2,3.950145006E-2,-2.433669627E-2
1.262812946E1,-2.205014259E-2,2.873263299E-2,-2.372858584E-2
1.263806946E1,-2.338571973E-2,2.830461681E-2,-1.545126736E-2
1.264800946E1,-3.949282542E-3,3.550487816E-2,-1.929815054E-2
1.265794846E1,-7.753115594E-3,2.820112109E-2,-2.329940021E-2
1.266788846E1,-1.365010567E-2,3.544640601E-2,-2.118446231E-2
1.267782746E1,-8.588317260E-3,3.510843694E-2,-1.717678070E-2
1.268776746E1,-4.487007111E-3,2.656857848E-2,-1.839417100E-2
1.269770746E1,-1.107418790E-2,1.667625904E-2,-1.154708147E-2
1.270764646E1,3.865886629E-3,3.021490216E-2,-2.781754375E-2
1.271758646E1,1.459742770E-2,2.345961392E-2,-1.610790968E-2
1.272752546E1,2.386029437E-2,3.127149403E-2,-2.768071890E-2
1.273746546E1,2.242531456E-2,2.832800567E-2,-3.358172894E-2
1.274740546E1,1.595434718E-2,2.966467917E-2,-2.745326221E-2
1.275734446E1,1.058996536E-2,1.999338448E-2,-3.398635626E-2
1.276728446E1,-5.577220470E-3,2.106342494E-2,-2.708254874E-2
1.277722346E1,-2.065550856E-2,1.856724858E-2,-1.985714436E-2
1.278716346E1,-2.300199620E-2,1.583250582E-2,-6.835395098E-3
1.279710346E1,-1.688595481E-2,2.715388477E-2,-2.262872458E-4
1.280704246E1,-1.311545089E-2,2.087631404E-2,-1.743639708E-3
1.281698246E1,-2.174857244E-2,1.992263317E-2,-1.169092298E-2
1.282692246E1,-2.739946783E-2,2.412034929E-2,-1.693470597E-2
1.283686146E1,-1.870714322E-2,2.395604253E-2,-2.336722791E-2
1.284680146E1,-2.878364995E-3,2.389347732E-2,-1.459231138E-2
1.285674046E1,-3.339564130E-3,2.078919053E-2,-2.295733809E-2
1.286668046E1,6.957309544E-3,1.790885210E-2,-2.348534167E-2
1.287662046E1,-1.523857489E-3,1.829476833E-2,-1.719432235E-2
1.288655946E1,-8.572383597E-3,2.231239021E-2,-2.088157654E-2
1.289649946E1,-5.895674452E-3,3.259354949E-2,-1.932972550E-2
1.290643846E1,-1.301641367E-2,2.040327430E-2,-1.671017289E-2
1.291637846E1,-1.736535341E-2,2.045122147E-2,-7.652835846E-3
1.292631846E1,-1.467921562E-2,3.026869655E-2,1.618509293E-3
1.293625746E1,2.785174996E-3,2.909340620E-2,6.314992905E-3
1.294619746E1,1.291737646E-2,7.251132131E-3,5.462468863E-3
1.295613646E1,7.000652030E-3,2.076755583E-2,7.041801810E-3
1.296607646E1,-6.374780685E-3,2.142127454E-2,5.437910557E-4
1.297601646E1,-2.508733258E-2,2.293336451E-2,-7.323052883E-3
1.298595546E1,-3.235293657E-2,1.411576331E-2,7.272766829E-3
1.299589546E1,-1.455620483E-2,1.223062098E-2,1.067935467E-2
1.300583446E1,-4.547379613E-3,2.145928144E-3,-1.354215145E-2
1.301577446E1,1.177336872E-3,2.326256275E-2,-2.974770963E-2
1.302571446E1,-2.482581586E-3,3.444419324E-2,-4.871256888E-2
1.303565346E1,1.290041953E-2,3.152467847E-2,-6.250088811E-2
1.304559346E1,2.919522084E-2,2.985646784E-2,-4.937155008E-2
1.305553346E1,3.790442929E-2,2.985939145E-2,-3.552826703E-2
1.306547246E1,2.164675780E-2,2.517635643E-2,-2.520383835E-2
1.307541246E1,1.121685997E-2,2.663874507E-2,-1.786675215E-2
1.308535146E1,1.436660886E-3,2.782339096E-2,-1.844913483E-2
1.309529146E1,-8.739394695E-3,2.566167533E-2,-1.430404365E-2
1.310523146E1,-2.225779183E-2,1.097113073E-2,-4.715779424E-3
1.311517046E1,-9.809873700E-3,2.225625694E-2,-1.898532450E-2
1.312511046E1,-9.773036242E-3,2.746086359E-2,-1.535888135E-2
1.313504946E1,-2.073634632E-2,1.683705747E-2,-2.303159773E-2
1.314498946E1,-2.838523529E-2,1.544892848E-2,-1.997408867E-2
1.315492946E1,-2.783793591E-2,1.072671711E-2,-9.441499114E-3
1.316486846E1,-2.876252688E-2,1.231482089E-2,-1.248380542E-2
1.317480846E1,-1.820501357E-2,2.476646662E-2,-2.740823865E-2
1.318474746E1,-8.626104891E-3,2.274216056E-2,-1.772817314E-2
1.319468746E1,4.388627708E-3,1.449817121E-2,-6.008598804E-3
1.320462746E1,1.103939697E-2,1.678267837E-2,-4.880086184E-3
1.321456646E1,1.458536781E-2,2.885367036E-2,1.961156130E-3
1.322450646E1,1.922067493E-2,1.844036400E-2,8.140493631E-3
1.323444546E1,2.146710210E-2,2.061377406E-2,-1.381112337E-2
1.324438546E1,5.145111233E-3,1.347140014E-2,-2.040268958E-2
1.325432546E1,-5.985940844E-3,1.387076497E-2,-1.273406625E-2
1.326426446E1,-4.797567353E-3,8.825202584E-3,-2.803155184E-2
1.327420446E1,-3.846152276E-3,8.591313958E-3,-2.263398707E-2
1.328414446E1,-9.235604033E-3,1.777319670E-2,-1.305098534E-2
1.329408346E1,1.316939145E-3,2.372741640E-2,-2.362099707E-2
1.330402346E1,-2.141104192E-3,2.770527720E-2,-3.995402455E-3
1.331396246E1,-5.605871826E-3,3.522304237E-2,-6.376388669E-3
1.332390246E1,-9.426003993E-3,2.788303256E-2,-3.399571180E-3
1.333384246E1,-2.100473352E-2,1.990158319E-2,-1.492209435E-3
1.334378146E1,-2.444333486E-2,1.833979189E-2,-1.633127332E-3
1.335372146E1,-2.724327408E-2,2.501672745E-2,-9.980027676E-3
1.336366046E1,-2.933701582E-2,2.234221101E-2,-2.557455182E-2
1.337360046E1,-1.929508075E-2,2.801284075E-2,-2.876011491E-2
1.338354046E1,-8.839089721E-3,1.973961532E-2,-2.417589784E-2
1.339347946E1,-2.271643281E-3,1.996064007E-2,-3.402202427E-2
1.340341946E1,6.649453640E-3,2.349411249E-2,-3.671115875E-2
1.341335846E1,6.094187424E-3,2.432149351E-2,-3.553937674E-2
1.342329846E1,-8.419259638E-4,2.877941072E-2,-3.182113230E-2
1.343323846E1,-1.313576996E-3,2.830344737E-2,-1.138452888E-2
1.344317746E1,8.763441369E-3,3.208191812E-2,-6.047190428E-3
1.345311746E1,-8.012147248E-4,1.485251248E-2,-1.180377424E-2
1.346305646E1,5.403411984E-3,2.339529455E-2,-4.822198749E-3
1.347299646E1,-2.052372694E-3,3.130131483E-2,-1.239492774E-2
1.348293646E1,-3.931960166E-3,3.110426366E-2,-2.178964913E-2
1.349287546E1,-7.185497135E-3,3.121711493E-2,-3.024530768E-2
1.350281546E1,-8.341857120E-3,2.373034000E-2,-7.204939127E-3
1.351275546E1,-4.388116077E-3,2.687204897E-2,-1.215402246E-2
1.352269446E1,-8.267232031E-3,1.864033878E-2,-2.787309229E-2
1.353263446E1,8.846544921E-3,2.612302065E-2,-2.610898733E-2
1.354257346E1,1.157975279E-2,3.002311349E-2,-3.094346523E-2
1.355251346E1,-5.195616558E-3,2.504420936E-2,-3.329638481E-2
1.356245346E1,9.063184261E-5,2.092893898E-2,-2.117627621E-2
1.357239158E1,-8.514276892E-3,1.735278189E-2,-6.851182580E-3
1.358233158E1,-2.047468342E-2,1.510277331E-2,-1.289603412E-2
1.359227058E1,-1.523068115E-2,1.101498485E-2,-4.409970045E-3
1.360221058E1,-9.558662698E-3,1.364155412E-2,-9.467226863E-3
1.361215058E1,-5.977096930E-3,1.774513006E-2,4.640935063E-3
1.362208958E1,1.046373859E-2,1.709258080E-2,3.394893408E-3
1.363202958E1,2.725350671E-2,2.199430168E-2,4.701161385E-3
1.364196858E1,1.476911657E-2,1.420288682E-2,-1.905607581E-3
1.365190858E1,1.470684372E-2,1.745043039E-2,-4.134566188E-3
1.366184858E1,-1.129682064E-3,2.325963914E-2,-1.893854678E-2
1.367178758E1,-1.312575661E-2,2.770937026E-2,-1.955016553E-2
1.368172758E1,-1.594608799E-2,2.246149421E-2,-2.926940739E-2
1.369166658E1,-1.744385228E-2,2.555116296E-2,-2.702758491E-2
1.370160658E1,-2.269808717E-2,2.461560845E-2,-2.603648186E-2
1.371154658E1,-1.312751077E-2,2.310702682E-2,-2.649314940E-2
1.372148558E1,-1.489139646E-3,2.816194475E-2,-3.447986126E-2
1.373142558E1,-1.682828665E-3,2.978337765E-2,-3.048036575E-2
1.374136458E1,-6.206088513E-4,2.777018130E-2,-2.176801443E-2
1.375130458E1,-7.661168128E-3,3.044586718E-2,-2.006530523E-2
1.376124458E1,-8.407053575E-3,3.232340813E-2,-2.242874980E-2
1.377118358E1,-1.803617522E-2,2.819878221E-2,-2.332805157E-2
1.378112358E1,-1.502288572E-2,3.442782104E-2,-3.334667087E-2
1.379106258E1,2.398089319E-3,4.074222922E-2,-1.559218526E-2
1.380100258E1,5.447850823E-3,3.314494193E-2,-2.327718079E-2
1.381094258E1,1.124792330E-2,1.705983639E-2,-1.850059032E-2
1.382088158E1,-1.010837406E-4,7.918299437E-3,-1.607224166E-2
1.383082158E1,-7.918884158E-3,8.487818241E-3,-1.367546797E-2
1.384076058E1,-1.851557381E-2,1.009989560E-2,-1.561206579E-2
1.385070058E1,-5.275284871E-3,1.117402911E-2,-1.075536847E-2
1.386064058E1,3.316175267E-3,1.648856342E-2,-1.063608527E-2
1.387057958E1,4.093489498E-3,1.435549915E-2,-1.304338396E-2
1.388051958E1,3.677313924E-3,2.642824531E-2,-1.621608317E-2
1.389045958E1,3.269470632E-3,2.121603727E-2,-4.497093558E-3
1.390039858E1,3.336201981E-3,2.483663321E-2,4.841494560E-4
1.391033858E1,-4.187775850E-3,2.316082120E-2,-2.531844378E-3
1.392027758E1,-1.176686369E-2,1.934317410E-2,-2.399814248E-2
1.393021758E1,-6.619925201E-3,1.659673691E-2,-1.712707937E-2
1.394015658E1,-9.618011937E-3,2.324502110E-2,-8.009516001E-3
1.395009658E1,-3.197089411E-2,1.246509433E-2,-8.651540279E-3
1.396003658E1,-2.752898365E-2,7.481512427E-3,-1.319950461E-2
1.396997558E1,-1.213107213E-2,8.685454130E-3,-9.118732810E-3
1.397991558E1,-1.589046635E-2,6.958186626E-3,-1.587811410E-2
1.398985558E1,-1.301458642E-2,1.791528404E-2,-1.250836372E-2
1.399979458E1,-5.023196787E-3,2.079094470E-2,-7.818896770E-3
1.400973458E1,1.062000543E-3,2.199137807E-2,-2.441972673E-2
1.401967358E1,1.029051483E-2,1.561615884E-2,-3.676963091E-2
1.402961358E1,9.619766101E-3,2.287430763E-2,-3.536045194E-2
1.403955358E1,-1.592708454E-3,3.036108255E-2,-2.672879219E-2
1.404949258E1,-1.741578564E-2,2.797834218E-2,-2.375489831E-2
1.405943258E1,-2.036307469E-2,2.110318601E-2,-9.981781840E-3
1.406937158E1,-6.530389711E-3,1.956946135E-2,-6.560575962E-3
1.407931158E1,-2.106861435E-2,3.070431411E-2,-1.697856009E-2
1.408925158E1,-1.308336429E-2,2.766668558E-2,-9.847880602E-3
1.409919058E1,1.118279994E-3,2.598561108E-2,-1.000517070E-2
1.410913058E1,2.022164516E-2,6.462342739E-3,-2.021207035E-2
1.411906958E1,3.687510006E-2,2.974244714E-2,-2.642883003E-2
1.412900958E1,2.778012156E-3,3.978387058E-2,-2.812159896E-2
1.413894958E1,-1.714798316E-2,9.956638813E-3,-3.557212114E-2
1.414888858E1,-1.528981112E-2,-1.709725857E-3,-3.086043477E-2
1.415882858E1,-2.025870189E-2,1.445548654E-2,-1.217156410E-2
1.416876758E1,-2.686737120E-2,3.340748191E-2,-9.932665229E-3
1.417870758E1,-3.391823620E-2,3.140890360E-2,-7.938179970E-3
1.418864758E1,-2.058928885E-2,3.230586648E-2,-1.784804106E-2
1.419858658E1,-1.452521458E-2,3.627203286E-2,-1.793691874E-2
1.420852658E1,-2.167124301E-3,3.273797572E-2,-2.777018130E-2
1.421846658E1,1.111022137E-2,3.159075201E-2,-4.430084467E-2
1.422840558E1,1.697154343E-2,2.545877695E-2,-3.576741815E-2
1.423834558E1,2.167614006E-2,2.412561178E-2,-4.070656121E-2
1.424828458E1,1.979238644E-2,2.216796398E-2,-2.701296687E-2
1.425822458E1,1.403792225E-2,1.646575928E-2,-1.302525759E-2
1.426816458E1,2.467525005E-4,1.789189517E-2,-1.551675618E-2
1.427810358E1,-1.001935020E-2,1.555067003E-2,-5.449604988E-3
1.428804358E1,-7.468867823E-3,9.780637622E-3,8.056878448E-3
1.429798258E1,4.201151356E-3,6.930119991E-3,7.151144743E-3
1.430792258E1,1.624838904E-2,1.384211361E-2,9.008805156E-3
1.431786258E1,8.311378509E-3,1.664351463E-2,-7.176872492E-3
1.432780158E1,9.434701726E-3,1.647686899E-2,-5.836690664E-3
1.433774158E1,-9.120779335E-3,1.755217195E-2,-1.297263265E-2
1.434768058E1,-2.442338124E-2,2.430453658E-2,-1.859239161E-2
1.435762058E1,-3.478113905E-2,1.899117172E-2,-1.382574141E-2
1.436756058E1,-3.171113156E-2,2.180192828E-2,-1.854035139E-2
1.437749958E1,-3.085085995E-2,2.549502969E-2,-2.340231121E-2
1.438743958E1,-2.264984764E-2,2.332220435E-2,-2.886594951E-2
1.439737858E1,-1.206397533E-2,3.377234817E-2,-3.487571776E-2
1.440731858E1,-3.001375794E-3,3.158958256E-2,-3.942017376E-2
1.441725858E1,-3.968724534E-3,3.490904689E-2,-5.016092420E-2
1.442719758E1,-4.802829847E-3,3.880212307E-2,-5.344238162E-2
1.443713758E1,-1.033590384E-2,5.012350202E-2,-5.131107152E-2
1.444707658E1,-8.887036890E-4,3.271458685E-2,-2.747197330E-2
1.445701658E1,2.385883257E-2,2.298365057E-2,-1.188271165E-2
1.446695658E1,2.635632455E-2,7.649912238E-3,6.127297282E-3
1.447689558E1,4.005890898E-2,5.080645680E-3,1.290480494E-2
1.448683558E1,3.791334629E-2,1.706977665E-2,1.173477709E-2
1.449677458E1,1.087625965E-2,2.344908893E-2,1.290012717E-2
1.450671458E1,-1.704287946E-2,3.410914779E-2,-4.707008600E-3
1.451665458E1,-4.406892948E-2,4.318461120E-2,-2.484248042E-2
1.452659358E1,-6.290756196E-2,4.156668663E-2,-4.061359048E-2
1.453653358E1,-6.346509397E-2,3.206613064E-2,-4.997030497E-2
1.454647258E1,-4.869692758E-2,1.760128856E-2,-5.287286282E-2
1.455641258E1,-3.589196384E-2,-4.065569043E-3,-5.054567099E-2
1.456635258E1,1.578653209E-2,-1.540624380E-2,-4.601758718E-2
1.457629179E1,4.653660066E-2,-2.718604445E-2,-2.431856990E-2
1.458623179E1,4.786026411E-2,-2.713166535E-2,9.602297544E-3
1.459617079E1,5.103544839E-2,-1.532379806E-2,2.525061607E-2
1.460611079E1,4.399364658E-2,-2.022434950E-2,4.659529209E-2
1.461605079E1,2.446650445E-2,-2.444486976E-2,6.041869462E-2
1.462598979E1,4.097217098E-3,-9.392382503E-3,7.811178446E-2
1.463592979E1,-2.273835987E-2,-5.275357962E-3,6.279383361E-2
1.464586879E1,-4.220834546E-2,-2.734158039E-3,3.838989437E-2
1.465580879E1,-6.468153410E-2,2.441797256E-3,1.720367789E-2
1.466574879E1,-7.225228965E-2,1.536414385E-2,-6.294527650E-3
1.467568779E1,-6.458922118E-2,2.163235903E-2,-4.499315500E-2
1.468562779E1,-5.108770788E-2,3.763326466E-2,-5.274480879E-2
1.469556679E1,-2.391825490E-2,2.787660062E-2,-6.449829698E-2
1.470550679E1,-1.029029556E-2,1.780067861E-2,-7.311007619E-2
1.471544679E1,4.377284110E-2,2.030737996E-2,-8.316143990E-2
1.472538579E1,7.372520328E-2,4.133981466E-2,-7.247156024E-2
1.473532579E1,8.276894554E-2,5.303775430E-2,-5.439372361E-2
1.474526479E1,8.193133190E-2,6.749031723E-2,-5.455159843E-2
1.475520479E1,7.451377340E-2,7.254406571E-2,-6.477253139E-2
1.476514479E1,6.237802349E-2,7.623131990E-2,-6.213426769E-2
1.477508379E1,2.361493059E-2,8.359354913E-2,-6.059703469E-2
1.478502379E1,-3.782052174E-3,8.678262055E-2,-5.313364863E-2
1.479496379E1,-3.557365604E-2,7.123195052E-2,-4.297294199E-2
1.480490279E1,-4.652044773E-2,6.487602711E-2,-4.358046770E-2
1.481484279E1,-6.612572327E-2,6.542332649E-2,-3.220354021E-2
1.482478179E1,-8.008478120E-2,4.445755005E-2,-9.247956276E-3
1.483472179E1,-8.382232144E-2,1.093429327E-2,-2.644929528E-2
1.484466179E1,-5.022443958E-2,3.128260374E-3,2.724159300E-2
1.485460079E1,-2.293541104E-2,-3.056515038E-2,2.821047664E-2
1.486454079E1,8.693420961E-3,-4.844184279E-2,5.051701963E-2
1.487447979E1,3.645505071E-2,-5.122277856E-2,4.658359766E-2
1.488441979E1,5.363409720E-2,-2.789472699E-2,7.901342511E-3
1.489435979E1,4.028709657E-2,-1.271827877E-2,-9.820398688E-3
1.490429879E1,2.698818929E-2,-2.203815579E-3,-8.636922240E-3
1.491423879E1,2.166225292E-2,1.277499676E-2,-5.444927216E-3
1.492417779E1,2.619062908E-2,1.527409673E-2,4.826291800E-3
1.493411779E1,4.084294751E-2,1.235282779E-2,-7.500223517E-3
1.494405779E1,2.328222401E-2,1.267383993E-2,-1.403448701E-2
1.495399679E1,2.453637868E-4,1.583250582E-2,-1.097814739E-2
1.496393679E1,-1.173740834E-2,2.367128313E-2,-1.266974688E-2
1.497387579E1,-6.527173743E-3,1.499167621E-2,-4.052705169E-3
1.498381579E1,3.524993956E-3,8.761467934E-3,-1.813864768E-2
1.499375579E1,-1.653080955E-3,1.946655035E-2,-2.966526389E-2
1.500369479E1,3.313836381E-3,3.239591360E-2,-3.823962092E-2
1.501363479E1,-7.474276498E-3,5.697936237E-2,-4.072059453E-2
1.502357379E1,-1.546939373E-2,5.651626289E-2,-5.030710459E-2
1.503351379E1,-2.446613900E-2,5.838737190E-2,-4.562114596E-2
1.504345379E1,-2.063584730E-2,5.236473978E-2,-3.106040955E-2
1.505339279E1,-1.595705152E-3,4.259813547E-2,-2.894137859E-2
1.506333279E1,-5.998000726E-3,4.499607861E-2,-2.943488359E-2
1.507327179E1,-1.776625313E-2,4.888213813E-2,-3.107912064E-2
1.508321179E1,-2.176114395E-2,4.303960025E-2,-2.865486503E-2
1.509315179E1,-3.527391315E-2,4.458151102E-2,-3.661584914E-2
1.510309079E1,-2.408241548E-2,4.201809168E-2,-3.393840909E-2
1.511303079E1,-3.570448749E-2,3.403722703E-2,-2.598970413E-2
1.512296979E1,-4.759246163E-2,3.442957520E-2,-2.696034193E-2
1.513290979E1,-5.241933815E-2,2.629375935E-2,-1.695692539E-2
1.514284979E1,-3.623475686E-2,1.582198083E-2,-1.553254366E-2
1.515278879E1,-2.743148133E-3,1.769718289E-2,-1.686629355E-2
1.516272879E1,5.441711247E-3,1.808777690E-2,-1.075478375E-2
1.517266779E1,7.498030812E-3,1.059340060E-2,-1.634881496E-2
1.518260779E1,3.762434766E-2,7.092672586E-4,4.670755863E-3
1.519254779E1,6.825798355E-2,-9.143875837E-3,-5.351371765E-3
1.520248679E1,7.155932151E-2,-1.605645418E-3,-2.531844378E-3
1.521242679E1,5.955783829E-2,6.909070015E-3,-8.113596439E-3
1.522236579E1,5.015478462E-2,1.391812742E-2,-2.214632928E-2
1.523230579E1,3.683870114E-2,2.063657820E-2,-2.496585667E-2
1.524224579E1,2.098156393E-2,2.373794138E-2,-1.932738662E-2
1.525218479E1,3.956079930E-3,2.267199397E-2,-1.324628234E-2
1.526212479E1,2.843135521E-3,2.701530576E-2,-1.134125948E-2
1.527206379E1,-1.334919333E-2,3.922780037E-2,-1.199965596E-2
1.528200379E1,-2.457102343E-2,4.170292675E-2,-3.329989314E-2
1.529194379E1,-4.215564743E-2,4.170234203E-2,-4.204498887E-2
1.530188279E1,-5.391381338E-2,3.649773538E-2,-4.908386707E-2
1.531182279E1,-8.168933026E-2,4.099716783E-2,-5.143210888E-2
1.532176179E1,-8.935824595E-2,4.918677807E-2,-5.553568482E-2
1.533170179E1,-7.414313301E-2,5.732961059E-2,-5.978310227E-2
1.534164179E1,-5.269700781E-2,5.910307109E-2,-6.902345717E-2
1.535158079E1,-3.786064826E-2,5.032990873E-2,-5.630283952E-2
1.536152079E1,-2.385773621E-2,2.348300278E-2,-2.255095661E-2
1.537146079E1,-2.762195438E-2,-1.732529998E-3,1.756035805E-2
1.538139979E1,-4.501924820E-2,-2.085234046E-2,5.925568342E-2
1.539133979E1,-6.262199856E-2,-4.756534517E-2,7.914966524E-2
1.540127879E1,-6.693987496E-2,-5.241327167E-2,9.113061011E-2
1.541121879E1,-5.183695547E-2,-6.886967540E-2,1.051393694E-1
1.542115879E1,-3.545620009E-2,-6.439421654E-2,1.005077899E-1
1.543109779E1,-8.109503388E-3,-6.411588907E-2,8.372803509E-2
1.544103779E1,4.031384759E-2,-4.652337134E-2,5.484220505E-2
1.545097679E1,7.249334112E-2,-1.008001506E-2,1.918296039E-2
1.546091679E1,9.295874208E-2,1.239024997E-3,-1.300537705E-2
1.547085679E1,1.062403270E-1,3.504821062E-3,-4.439556956E-2
1.548079579E1,9.619181380E-2,8.449226618E-3,-5.143737137E-2
1.549073579E1,7.554814585E-2,1.016596913E-2,-6.683484435E-2
1.550067479E1,3.914447755E-2,2.386950374E-2,-7.919936657E-2
1.551061479E1,1.990531079E-2,4.248294532E-2,-9.860276699E-2
1.552055479E1,-4.700430483E-4,4.751038134E-2,-1.105977452E-1
1.553049379E1,-1.689333692E-3,6.181676388E-2,-1.078285038E-1
1.554043379E1,-6.699374244E-3,5.857155919E-2,-1.124986750E-1
1.555037279E1,-1.974115022E-2,6.016141713E-2,-7.916369855E-2
1.556031279E1,-2.836060390E-2,5.060180426E-2,-6.547244310E-2
1.557025292E1,-3.555180207E-2,5.282900870E-2,-4.262269378E-2
1.558019192E1,-4.313586004E-2,5.746000350E-2,-1.882569551E-2
1.559013192E1,-4.000738040E-2,5.650339901E-2,-1.377604008E-2
1.560007092E1,-1.535741955E-2,6.067480266E-2,-9.280700684E-3
1.561001092E1,-2.597040832E-3,5.607830644E-2,-2.132421076E-2
1.561995092E1,-9.433020651E-4,4.128952861E-2,-7.153483629E-3
1.562988992E1,1.455298886E-2,3.050024629E-2,2.620722055E-3
1.563982992E1,2.660380796E-2,2.339237094E-2,1.227973759E-2
1.564976892E1,2.848120272E-2,1.568281710E-2,1.267910242E-2
1.565970892E1,1.448823094E-2,1.653709531E-2,9.365485311E-3
1.566964892E1,-2.128423043E-2,2.287840068E-2,4.961947203E-3
1.567958792E1,-1.666032538E-2,3.302039623E-2,1.065362692E-3
1.568952792E1,-9.339026660E-3,4.868450224E-2,-4.142167568E-3
1.569946692E1,4.026977420E-3,5.655017674E-2,-1.057702839E-2
1.570940692E1,2.442038454E-2,5.470479548E-2,-3.243567467E-2
1.571934692E1,3.207168549E-2,6.709036767E-2,-3.625039816E-2
1.572928592E1,1.588812746E-2,5.745883405E-2,-3.605860949E-2
1.573922592E1,1.735446297E-2,4.354421496E-2,-3.227019846E-2
1.574916492E1,1.310309865E-2,2.513893425E-2,-3.277305901E-2
1.575910492E1,-9.303066283E-3,1.453793228E-2,-2.935419202E-2
1.576904492E1,-1.017210871E-2,1.254344702E-2,-3.546453238E-2
1.577898392E1,8.002572432E-3,2.709892094E-2,-5.082867622E-2
1.578892392E1,1.845300861E-2,4.010429800E-2,-5.927205563E-2
1.579886292E1,2.752891056E-2,4.053699195E-2,-5.329503179E-2
1.580880292E1,3.923598647E-2,3.295549214E-2,-3.381912589E-2
1.581874292E1,2.872525088E-2,2.508630931E-2,-2.088333070E-2
1.582868192E1,1.643359959E-3,1.225810289E-2,8.852684498E-4
1.583862192E1,-2.582970969E-2,4.508203268E-3,8.290182352E-3
1.584856092E1,-5.098764740E-2,9.289471507E-3,5.242613554E-3
1.585850092E1,-3.818275675E-2,1.859122217E-2,-8.815847039E-3
1.586844092E1,-2.022603057E-2,2.240068316E-2,-1.113543749E-2
1.587837992E1,-7.656344175E-3,6.723128557E-3,-1.854327500E-2
1.588831992E1,1.938425079E-3,-1.659439802E-3,-1.895316482E-2
1.589825892E1,4.348793551E-3,-1.094364882E-2,-3.001609683E-2
1.590819892E1,2.561504379E-2,-4.471950531E-3,-3.983941913E-2
1.591813892E1,2.042352028E-2,9.512835145E-3,-4.923940301E-2
1.592807792E1,1.328333907E-2,1.577227950E-2,-5.790731549E-2
1.593801792E1,1.943285577E-2,1.315915883E-2,-5.710624695E-2
1.594795692E1,3.263199493E-2,6.044851542E-3,-3.673220873E-2
1.595789692E1,2.656397380E-2,5.996904373E-3,-3.242573440E-2
1.596783692E1,1.433664188E-2,1.229084730E-3,-1.479813337E-2
1.597777592E1,1.604951061E-2,-6.959356070E-3,9.735614061E-3
1.598771592E1,1.491149627E-2,-3.072711825E-3,2.601718605E-2
1.599765492E1,-3.127017841E-3,9.719826579E-3,2.642999947E-2
1.600759492E1,-2.311777107E-2,1.332580447E-3,3.211115420E-2
1.601753492E1,-4.429200076E-2,6.753534079E-3,3.869921207E-2
1.602747392E1,-6.324494630E-2,1.039225638E-2,4.418214619E-2
1.603741392E1,-7.001214825E-2,8.333451748E-3,2.721469581E-2
1.604735292E1,-6.751911476E-2,-3.294321299E-3,3.658135056E-2
1.605729292E1,-5.311837278E-2,-1.148568571E-2,1.913618267E-2
1.606723292E1,-5.213107042E-2,-8.274979591E-3,7.020167112E-3
1.607717192E1,-3.543865845E-2,9.587679505E-3,-5.057841539E-3
1.608711192E1,-2.008840173E-2,1.403273284E-2,-2.873146355E-2
1.609705092E1,-6.303737015E-3,2.124351919E-2,-3.465527773E-2
1.610699092E1,6.433106661E-3,2.376659274E-2,-5.070529997E-2
1.611693092E1,2.628082238E-2,4.935985565E-2,-5.899080455E-2
1.612686992E1,3.790896088E-2,5.756174505E-2,-6.758328795E-2
1.613680992E1,6.320408888E-2,5.661683500E-2,-7.313346505E-2
1.614674892E1,5.115297742E-2,3.854659975E-2,-5.084037066E-2
1.615668892E1,3.821623206E-2,3.678892672E-2,-3.583933890E-2
1.616662892E1,2.624427728E-2,2.941207945E-2,-3.323206544E-2
1.617656792E1,7.704949155E-3,3.124927461E-2,-1.393099129E-2
1.618650792E1,-2.571291156E-2,2.490796924E-2,2.316666842E-3
1.619644692E1,-3.777089350E-2,2.613237619E-2,2.334091544E-2
1.620638692E1,-4.905316919E-2,2.157973409E-2,2.368765533E-2
1.621632692E1,-4.390835032E-2,1.340240300E-2,4.160176992E-2
1.622626592E1,-3.211912103E-2,-5.180633068E-4,2.717259586E-2
1.623620592E1,-1.487875186E-2,3.018917441E-3,1.335504055E-2
1.624614492E1,8.325704187E-4,6.693307757E-3,-1.126816928E-2
1.625608492E1,2.267871827E-2,1.039985776E-2,-3.306366563E-2
1.626602492E1,4.811534889E-2,2.781520486E-2,-4.334540963E-2
1.627596392E1,5.750634268E-2,2.985354424E-2,-6.590747595E-2
1.628590392E1,3.980185077E-2,3.414306164E-2,-6.761018515E-2
1.629584292E1,1.540558599E-2,3.590599716E-2,-5.995033264E-2
1.630578292E1,2.193217501E-3,3.681056142E-2,-6.352298141E-2
1.631572292E1,-3.170945048E-3,4.181519330E-2,-3.531776726E-2
1.632566192E1,-2.058892339E-2,3.616210520E-2,-2.599262774E-2
1.633560192E1,-2.104478694E-2,3.130599260E-2,-1.765040517E-2
1.634554092E1,-1.304528430E-2,2.924601853E-2,-1.333048224E-2
1.635548092E1,-2.733164012E-2,3.700293481E-2,-1.288960218E-2
1.636542092E1,-3.659918457E-2,2.676446021E-2,-5.560702085E-3
1.637535992E1,-2.765199445E-2,2.148793280E-2,5.435571671E-3
1.638529992E1,-3.271751046E-2,1.260016501E-2,1.259022474E-2
1.639523892E1,-3.903805822E-2,1.297789514E-2,1.738961935E-2
1.640517892E1,-2.708371818E-2,1.261595249E-2,1.488584161E-2
1.641511892E1,-4.576688781E-3,1.924961865E-2,1.360296249E-2
1.642505792E1,1.756795943E-3,3.256372869E-2,9.149138331E-3
1.643499792E1,1.451914810E-2,2.402211607E-2,-2.592070699E-3
1.644493692E1,2.728822455E-2,1.873915672E-2,-1.664234519E-2
1.645487692E1,4.535487838E-2,2.964187503E-2,-1.514136493E-2
1.646481692E1,4.084747910E-2,3.764495909E-2,-2.230829716E-2
1.647475592E1,2.479511797E-2,3.387876749E-2,-3.201467514E-2
1.648469592E1,4.219058454E-3,3.441846550E-2,-4.105447054E-2
1.649463492E1,-7.025941238E-3,3.011374533E-2,-4.235079825E-2
1.650457492E1,-2.071544252E-2,2.122831643E-2,-3.564638078E-2
1.651451492E1,-2.892829545E-2,1.945368648E-2,-4.411958098E-2
1.652445392E1,-1.942320786E-2,2.180251300E-2,-3.512948692E-2
1.653439392E1,-2.535747394E-2,2.189957678E-2,-4.078491390E-2
1.654433292E1,-1.056569941E-2,2.248312891E-2,-2.902265489E-2
1.655427292E1,6.579213962E-3,2.089093208E-2,-3.274908543E-2
1.656421292E1,7.131044939E-3,3.503066897E-2,-1.807842135E-2
1.657415233E1,8.687646836E-3,2.297195613E-2,-2.349060416E-2
1.658409233E1,9.601493552E-3,1.408945084E-2,-1.244579852E-2
1.659403133E1,1.063995905E-2,1.873155534E-2,-1.334510028E-2
1.660397133E1,1.985794835E-2,2.649607301E-2,-1.679320335E-3
1.661391133E1,1.069265708E-2,2.370987475E-2,1.526123285E-4
1.662385033E1,3.051866502E-2,2.464133620E-2,-8.383737803E-3
1.663379033E1,2.182575569E-2,1.792990208E-2,-1.828716695E-2
1.664372933E1,4.472973794E-3,1.403799534E-2,-2.552075744E-2
1.665366933E1,-1.892692544E-2,7.791999578E-3,-3.240526915E-2
1.666360933E1,-4.022211939E-2,1.976651251E-2,-2.523950636E-2
1.667354833E1,-3.805294856E-2,1.959401965E-2,-2.465069175E-2
1.668348833E1,-3.268301189E-2,1.585823357E-2,-1.039751887E-2
1.669342733E1,-3.170031421E-2,7.609566450E-3,-6.760550737E-3
1.670336733E1,-2.480030738E-2,1.003323734E-2,6.385159492E-3
1.671330733E1,-1.791952327E-2,2.421741307E-2,6.344228983E-3
1.672324633E1,-2.807840265E-2,9.783561230E-3,5.750151873E-3
1.673318633E1,-1.939616449E-2,9.932665229E-3,7.942857742E-3
1.674312533E1,-6.300521046E-3,7.752823234E-3,1.156403840E-2
1.675306533E1,4.392574579E-3,1.488467216E-2,3.240526915E-3
1.676300533E1,1.042061538E-2,1.893503845E-2,-1.295041323E-2
1.677294433E1,1.831947282E-2,1.747674286E-2,-1.899234116E-2
1.678288433E1,2.613917358E-2,1.134301364E-2,-2.420922697E-2
1.679282333E1,2.939439163E-2,1.852164030E-2,-2.675451994E-2
1.680276333E1,2.448675044E-2,3.056339622E-2,-3.075986266E-2
1.681270333E1,2.630282253E-2,2.821398497E-2,-2.660366178E-2
1.682264233E1,2.542559400E-2,2.246324837E-2,-1.931276858E-2
1.683258233E1,5.236912519E-3,2.324969888E-2,-9.253218770E-3
1.684252133E1,1.223054789E-2,1.162192583E-2,9.759002924E-4
1.685246133E1,1.837348647E-2,1.821992397E-2,3.197842240E-3
1.686240133E1,1.061167315E-2,3.367002189E-2,9.183636904E-3
1.687234033E1,6.500349641E-3,3.948741674E-2,-9.768358469E-3
1.688228033E1,2.755719647E-3,4.996328831E-2,-2.402153134E-2
1.689221933E1,3.258141652E-3,3.608843029E-2,-2.533715487E-2
1.690215933E1,-1.327690713E-2,2.684690595E-2,-3.425006568E-2
1.691209933E1,-3.394622974E-2,2.993365109E-2,-3.715496242E-2
1.692203833E1,-4.159899250E-2,4.484171212E-2,-4.527557552E-2
1.693197833E1,-4.275301360E-2,3.843667209E-2,-3.962073326E-2
1.694191733E1,-4.687179230E-2,3.099316657E-2,-4.005050361E-2
1.695185733E1,-3.476462066E-2,2.652004659E-2,-3.088148475E-2
1.696179733E1,-3.296075463E-2,2.691824198E-2,-2.293161035E-2
1.697173633E1,-2.509668812E-2,3.354664564E-2,-2.745209277E-2
1.698167633E1,-1.805400923E-2,3.288474083E-2,-2.772515774E-2
1.699161533E1,-2.389757037E-3,3.448044598E-2,-3.054585457E-2
1.700155533E1,8.512303457E-3,3.481666088E-2,-5.109764814E-2
1.701149533E1,7.671254575E-3,3.923657119E-2,-3.766483963E-2
1.702143433E1,1.291174851E-2,4.156844079E-2,-4.104979277E-2
1.703137433E1,2.660066508E-2,4.436633348E-2,-4.968963861E-2
1.704131333E1,5.025323711E-2,3.564871967E-2,-4.987090230E-2
1.705125333E1,5.767064944E-2,1.821992397E-2,-5.408382118E-2
1.706119333E1,6.793719068E-2,2.414432287E-2,-5.514742970E-2
1.707113233E1,7.523809724E-2,1.433737278E-2,-4.392837703E-2
1.708107233E1,6.584169477E-2,1.950046420E-2,-2.745150805E-2
1.709101133E1,5.262187108E-2,2.908054233E-2,-8.460336328E-3
1.710095133E1,2.725094855E-2,3.693452239E-2,1.322464764E-2
1.711089033E1,2.727821119E-2,3.748533010E-2,3.372790933E-2
1.712083033E1,8.494323269E-3,4.050073922E-2,3.368814826E-2
1.713077033E1,-7.048599198E-3,2.821340024E-2,2.633702874E-2
1.714070933E1,-3.323667012E-2,8.148095012E-3,3.268710494E-2
1.715064933E1,-6.332878076E-2,5.891654491E-3,3.650650620E-2
1.716058833E1,-7.361096330E-2,6.961110234E-3,3.767127156E-2
1.717052833E1,-9.393734671E-2,-1.355560005E-2,4.419091702E-2
1.718046833E1,-9.165364355E-2,-2.497813582E-2,2.451912940E-2
1.719040733E1,-6.721674062E-2,-8.400110006E-3,6.024386287E-3
1.720034733E1,-5.236707866E-2,1.387251914E-2,-2.278835356E-2
1.721028633E1,-1.254973277E-2,3.536045194E-2,-4.749050081E-2
1.722022633E1,2.372829348E-2,4.474114001E-2,-6.175302923E-2
1.723016633E1,4.015721530E-2,3.799813092E-2,-6.993620753E-2
1.724010533E1,5.118681818E-2,3.375363708E-2,-6.343878150E-2
1.725004533E1,2.849881746E-2,3.272335768E-2,-5.738515913E-2
1.725998433E1,7.838192582E-3,3.882902026E-2,-5.336695254E-2
1.726992433E1,-1.882152937E-2,3.317359328E-2,-2.712874174E-2
1.727986433E1,-4.746250726E-2,3.145802021E-2,-1.111965001E-2
1.728980333E1,-5.317033991E-2,2.537340760E-2,-8.545120955E-3
1.729974333E1,-3.987252899E-2,9.679480791E-3,2.072136283E-2
1.730968233E1,-3.714589924E-2,1.298023403E-2,1.562960744E-2
1.731962233E1,-1.999557719E-2,3.251051903E-3,5.206360817E-3
1.732956233E1,-2.703240886E-2,6.127882004E-4,-4.835647345E-4
1.733950133E1,-1.804918528E-2,1.022619545E-2,-1.038991749E-2
1.734944133E1,-9.941216782E-3,7.379186153E-4,-9.290640950E-3
1.735938033E1,-1.895915821E-2,-2.583299875E-3,-2.040502846E-2
1.736932033E1,-1.371829882E-2,4.146260619E-3,-2.910510063E-2
1.737926033E1,-2.851716310E-2,1.335679471E-2,-2.844378054E-2
1.738919933E1,-1.822577119E-2,3.188545167E-2,-2.281700492E-2
1.739913933E1,-7.957914323E-3,2.801108658E-2,-1.321996987E-2
1.740907833E1,-2.800889388E-3,1.321178377E-2,2.370461226E-3
1.741901833E1,-1.346569911E-2,7.816557884E-3,1.228850842E-2
1.742895833E1,-2.590491951E-2,1.104363620E-2,2.208727241E-2
1.743889733E1,-3.349416688E-2,3.687254190E-3,4.597665668E-3
1.744883733E1,-4.314258434E-2,4.589479566E-3,1.296853960E-2
1.745877633E1,-4.607189320E-2,2.601426244E-3,7.677394152E-3
1.746871633E1,-3.079187617E-2,9.466642141E-3,-1.207333088E-2
1.747865633E1,-1.037157185E-2,1.510335803E-2,-8.013024330E-3
1.748859533E1,-6.376681030E-3,2.376951635E-2,-9.914538860E-3
1.749853533E1,4.413990006E-3,1.905724525E-2,-4.097728729E-3
1.750847433E1,1.553144731E-2,1.013147056E-2,9.926233292E-3
1.751841433E1,1.775010020E-2,1.365441799E-2,1.686336994E-3
1.752835433E1,1.036090069E-2,2.349820554E-2,6.233131886E-4
1.753829333E1,2.628118783E-2,2.873497188E-2,-2.714277506E-3
1.754823333E1,4.624219336E-2,3.623928845E-2,-6.827208996E-3
1.755817233E1,4.041186154E-2,3.774962425E-2,-1.996824145E-2
1.756811233E1,2.271343611E-2,2.835080981E-2,-2.816837668E-2
1.757805204E1,9.654264674E-3,3.937281132E-2,-2.273280501E-2
1.758799104E1,1.434168510E-2,4.773549914E-2,-3.661175609E-2
1.759793104E1,-1.341570541E-3,3.995577872E-2,-3.300226986E-2
1.760787004E1,2.375431359E-5,3.537214637E-2,-2.789063394E-2
1.761781004E1,-1.965395361E-4,2.069563508E-2,-1.379592061E-2
1.762775004E1,-2.479022093E-2,1.843802512E-2,-3.256899118E-3
1.763768904E1,-2.347752102E-2,1.811642826E-2,-1.600558341E-2
1.764762904E1,-3.095903344E-2,2.378647327E-2,-1.947473645E-2
1.765756804E1,-2.339726798E-2,4.027328253E-2,-3.770869374E-2
1.766750804E1,-1.483365521E-2,5.969890237E-2,-4.566090703E-2
1.767744804E1,-2.644988000E-3,5.732551754E-2,-5.046614885E-2
1.768738704E1,1.494840682E-2,5.283777952E-2,-4.202043056E-2
1.769732704E1,3.082878672E-2,4.173216283E-2,-3.905706167E-2
1.770726604E1,3.846408091E-2,4.165907264E-2,-3.830394030E-2
1.771720604E1,2.709131956E-2,2.651302993E-2,-3.641061187E-2
1.772714604E1,2.890644148E-2,2.514653563E-2,-4.356701910E-2
1.773708504E1,2.372208081E-2,2.731936097E-2,-2.990032196E-2
1.774702504E1,2.844692342E-2,3.577326536E-2,-2.211007655E-2
1.775696404E1,3.190971762E-2,3.217956662E-2,-1.817548513E-2
1.776690404E1,2.811085470E-2,1.815034211E-2,-1.359477639E-3
1.777684404E1,2.379436702E-2,7.888478637E-3,1.112666667E-2
1.778678304E1,5.866876915E-3,8.064479828E-3,2.349645138E-2
1.779672304E1,-5.889388695E-3,1.422393680E-2,1.193124354E-2
1.780666204E1,-1.884331025E-2,1.635933995E-2,1.016304553E-2
1.781660204E1,-2.363196060E-2,6.011522412E-3,1.495951653E-2
1.782654104E1,-3.740953557E-2,5.991641879E-3,5.288221836E-3
1.783648104E1,-2.841344811E-2,3.945116401E-3,5.909780860E-3
1.784642104E1,-2.860355571E-2,1.957706273E-2,3.563293219E-3
1.785636004E1,-2.030211747E-2,4.309748769E-2,-2.227672219E-2
1.786630004E1,-1.776910365E-2,3.980609000E-2,-3.707017779E-2
1.787623904E1,-1.136296727E-2,2.878525794E-2,-4.030485749E-2
1.788617904E1,-4.769793078E-3,3.149368823E-2,-3.969323874E-2
1.789611904E1,-3.887521327E-3,2.960269868E-2,-5.053690016E-2
1.790605804E1,4.607971385E-3,3.049206018E-2,-2.970619440E-2
1.791599804E1,-4.754444137E-3,1.621725261E-2,-1.966944873E-2
1.792593704E1,-8.806564584E-3,1.904730499E-2,-8.528748751E-3
1.793587704E1,-2.616848275E-2,1.669204652E-2,-8.215337992E-3
1.794581704E1,-1.892955668E-2,2.055705607E-2,-9.775375128E-3
1.795575604E1,-3.713712841E-3,1.723583758E-2,4.997030497E-3
1.796569604E1,4.903621227E-4,8.461505771E-3,-3.032366037E-3
1.797563504E1,1.448355317E-2,1.283697724E-2,-1.124536514E-2
1.798557504E1,1.862367421E-2,1.898240089E-2,-5.443173051E-3
1.799551504E1,1.190463871E-2,2.165691733E-2,-1.212770998E-2
1.800545404E1,4.661692679E-3,2.078041971E-2,-1.835791826E-2
1.801539404E1,1.059530094E-2,1.801585615E-2,-2.173585474E-2
1.802533304E1,-4.856258780E-3,1.975423336E-2,-2.617681503E-2
1.803527304E1,-1.606917188E-2,1.902391613E-2,-2.480973601E-2
1.804521304E1,-1.310821496E-2,1.488584161E-2,-2.532019794E-2
1.805515204E1,-1.288982145E-2,1.873272479E-2,-3.440443218E-2
1.806509204E1,8.219138682E-3,3.152058542E-2,-3.213863611E-2
1.807503104E1,1.216732487E-2,3.294321299E-2,-3.590950549E-2
1.808497104E1,1.796498537E-2,3.417872965E-2,-3.259238005E-2
1.809491104E1,1.489000775E-2,3.348349571E-2,-3.140071750E-2
1.810485004E1,2.030145966E-2,3.029208541E-2,-2.246968031E-2
1.811479004E1,9.302920103E-4,2.302224219E-2,-2.094765007E-2
1.812472904E1,1.140060872E-2,2.571371555E-2,-1.768081069E-2
1.813466904E1,-3.973329216E-3,2.037462294E-2,2.999621630E-4
1.814460904E1,-1.232081428E-2,2.546520889E-2,1.994485259E-3
1.815454804E1,-1.806848109E-2,1.275277734E-2,4.039256573E-3
1.816448804E1,-1.355450369E-2,1.818191707E-2,7.498469353E-3
1.817442704E1,-1.006861299E-2,1.413388968E-2,8.512961268E-3
1.818436704E1,-1.228602335E-2,9.872438908E-3,-2.034831047E-3
1.819430704E1,-5.952465534E-3,4.924525023E-3,-8.931621909E-3
1.820424604E1,-1.656516194E-3,2.099033475E-2,-1.246450961E-2
1.821418604E1,-1.209598884E-2,3.976282060E-2,-2.063833237E-2
1.822412504E1,-1.670067117E-2,4.715077758E-2,-2.872152328E-2
1.823406504E1,-1.085075118E-2,3.344782770E-2,-3.711110830E-2
1.824400504E1,-1.273991346E-2,2.642298281E-2,-1.934902132E-2
1.825394404E1,-1.371910281E-2,2.469630003E-2,-7.365152836E-3
1.826388404E1,-1.730556563E-3,1.601376951E-2,-3.673805594E-3
1.827382304E1,7.962299734E-3,1.899701893E-2,-5.999827981E-3
1.828376304E1,-1.865334883E-3,2.123942614E-2,-1.262121499E-2
1.829370204E1,2.109894678E-3,2.157271743E-2,-1.234815001E-2
1.830364204E1,-5.024000779E-3,1.761649132E-2,-2.626452327E-2
1.831358204E1,-8.393678069E-4,1.729372501E-2,-2.458988070E-2
1.832352104E1,1.204687223E-2,1.331703365E-2,-2.105465412E-2
1.833346104E1,7.381744310E-3,6.137237549E-3,-2.101255417E-2
1.834340004E1,6.400508434E-3,1.247328043E-2,-3.169600189E-2
1.835334004E1,-4.941555038E-3,1.760538161E-2,-1.738143325E-2
1.836328004E1,-1.257129438E-2,2.300586998E-2,-2.180660605E-2
1.837321904E1,-7.135868892E-3,2.980384290E-2,-1.987468600E-2
1.838315904E1,-1.104341693E-2,2.858820677E-2,-1.412570357E-2
1.839309804E1,-6.650623083E-3,3.206145287E-2,-1.714637518E-2
1.840303804E1,-1.971812680E-2,2.469162226E-2,-2.393323839E-2
1.841297804E1,-1.769148186E-2,2.378998160E-2,-2.155459106E-2
1.842291704E1,-2.010798991E-2,3.136621892E-2,-1.452740729E-2
1.843285704E1,-4.431495108E-2,3.366417468E-2,-1.817548513E-2
1.844279604E1,-3.863401562E-2,2.698314607E-2,-1.907186329E-2
1.845273604E1,-2.555006661E-2,2.324911416E-2,-1.713117242E-2
1.846267604E1,-1.793523766E-2,2.079269886E-2,-4.918677807E-3
1.847261504E1,-5.374029726E-3,1.735278189E-2,-1.165057719E-2
1.848255504E1,-8.097297326E-3,2.358532906E-2,-4.241570234E-3
1.849249404E1,8.119882196E-3,2.736263037E-2,-1.935896158E-2
1.850243404E1,1.261646412E-2,1.884849966E-2,-1.849357367E-2
1.851237404E1,1.235545903E-2,2.620546639E-2,-2.032726049E-2
1.852231304E1,1.283076458E-2,2.132830381E-2,-1.251421094E-2
1.853225304E1,5.054771751E-3,2.237846375E-2,-8.650370836E-3
1.854219204E1,8.083629459E-3,1.955659747E-2,-1.944257677E-2
1.855213204E1,9.090227634E-4,2.084824741E-2,-1.114830136E-2
1.856207204E1,-3.273709863E-3,1.637512743E-2,-3.230586648E-3
1.857201104E1,1.187057868E-3,1.960512936E-2,-8.086114526E-3
1.858195167E1,5.026851296E-3,2.075001419E-2,-1.442625046E-2
1.859189067E1,8.213656917E-3,1.745803177E-2,-5.281205177E-3
1.860183067E1,4.808019251E-3,1.148334682E-2,-1.426077425E-2
1.861177067E1,1.611134492E-2,1.166285634E-2,-3.375773013E-2
1.862170967E1,6.092725620E-3,2.145518839E-2,-3.379983008E-2
1.863164967E1,7.994093969E-3,3.247543573E-2,-3.355132341E-2
1.864158867E1,1.555600561E-2,3.181762397E-2,-2.269830644E-2
1.865152867E1,1.848173305E-2,2.747898996E-2,-3.411148667E-2
1.866146767E1,9.932445958E-3,2.998627603E-2,-1.656282306E-2
1.867140767E1,1.504313171E-2,3.296484768E-2,-2.429342687E-2
1.868134767E1,9.018818513E-3,2.665453255E-2,-4.312204599E-2
1.869128667E1,-1.591904461E-4,3.605977893E-2,-4.845587611E-2
1.870122667E1,-1.882503770E-2,5.404698372E-2,-5.602977455E-2
1.871116567E1,-2.395355746E-2,6.380423248E-2,-1.741183877E-2
1.872110567E1,-3.839632630E-2,-2.065821290E-3,1.314571023E-2
1.873104567E1,-4.890406519E-2,-5.273837686E-2,3.952717781E-4
1.874098467E1,-3.696536645E-2,-2.204049468E-2,-1.400934398E-2
1.875092467E1,-2.724444352E-2,2.385196209E-2,-1.556645751E-2
1.876086367E1,-1.378510326E-2,2.713108063E-2,-3.355717063E-3
1.877080367E1,1.019081980E-2,1.146112740E-2,-9.322800636E-3
1.878074367E1,3.892242953E-2,1.260074973E-2,-6.132559776E-3
1.879068267E1,2.737213209E-2,1.664526880E-2,-9.215211868E-3
1.880062267E1,2.030869558E-2,1.554716170E-2,-2.195512533E-2
1.881056167E1,2.641238473E-2,3.065344334E-2,-1.599447370E-2
1.882050167E1,3.034631833E-2,3.441437244E-2,-1.992029428E-2
1.883044167E1,1.022020206E-2,2.276496470E-2,-2.447001278E-2
1.884038067E1,3.747334331E-4,2.164931595E-2,-1.805444777E-2
1.885032067E1,-3.994452283E-3,2.284624100E-2,-9.766019583E-3
1.886025967E1,-6.666410565E-3,2.445188642E-2,-1.078109622E-2
1.887019967E1,-1.079702988E-2,3.292099357E-2,-1.973376811E-2
1.888013967E1,-2.229938015E-2,3.999086201E-2,-3.467281938E-2
1.889007867E1,-3.725926213E-2,2.978688598E-2,-2.881215513E-2
1.890001867E1,-4.249390885E-2,2.824731410E-2,-3.102883458E-2
1.890995767E1,-3.156984821E-2,2.397007585E-2,-2.729948044E-2
1.891989767E1,-2.785481974E-2,3.295841575E-2,-2.926063657E-2
1.892983767E1,-1.813798986E-2,4.074339867E-2,-2.359877765E-2
1.893977667E1,-7.656709626E-3,2.589614868E-2,-2.115990400E-2
1.894971667E1,1.120874695E-2,3.321569324E-2,-1.753813863E-2
1.895965567E1,3.202958554E-2,1.947824478E-2,-1.778372169E-2
1.896959567E1,3.902468272E-2,9.512835145E-3,-1.729080141E-2
1.897953567E1,2.513440266E-2,1.252882898E-2,-2.046642423E-2
1.898947467E1,2.680173621E-2,2.313509345E-2,-2.757546902E-2
1.899941467E1,1.725813009E-2,1.954490304E-2,-2.932378650E-2
1.900935367E1,3.398255557E-3,3.297011018E-2,-3.127500236E-2
1.901929367E1,1.212281294E-2,2.865661919E-2,-3.886117995E-2
1.902923267E1,8.060240597E-3,2.559209347E-2,-3.129312873E-2
1.903917267E1,-1.586788148E-4,3.400331318E-2,-2.378062606E-2
1.904911267E1,-1.412321851E-3,3.862729132E-2,-1.560095608E-2
1.905905167E1,-2.453272417E-3,2.567044616E-2,-1.780184805E-2
1.906899167E1,-1.260667004E-2,2.416654229E-2,-2.798886716E-2
1.907893067E1,-3.050316989E-2,2.781520486E-2,-2.522371888E-2
1.908887067E1,-2.840080351E-2,2.062254488E-2,-2.308714628E-2
1.909881067E1,-5.120772198E-2,9.126918912E-3,-1.786032021E-2
1.910874967E1,-4.897554740E-2,-6.297451258E-4,-5.737287998E-3
1.911868967E1,-3.162378877E-2,4.923355579E-3,-2.080439329E-3
1.912862867E1,-2.681935094E-2,2.112949848E-2,6.014446020E-3
1.913856867E1,-4.316414595E-3,2.029159248E-2,-4.413478374E-3
1.914850867E1,-2.625326738E-3,2.597391665E-2,-6.075257063E-3
1.915844767E1,6.600629389E-3,3.072127104E-2,-1.200024068E-2
1.916838767E1,1.049143977E-2,2.007933855E-2,-1.680665195E-2
1.917832667E1,3.038871065E-3,1.480807364E-2,-1.522439539E-2
1.918826667E1,-1.172651790E-2,1.558166027E-2,-1.299075902E-2
1.919820667E1,-5.007555485E-3,2.275268555E-2,-1.572433233E-2
1.920814567E1,1.220094636E-3,1.682887137E-2,-2.064301014E-2
1.921808567E1,3.097343221E-3,2.004367054E-2,-2.198436141E-2
1.922802467E1,2.330553979E-3,2.476646662E-2,-1.586466551E-2
1.923796467E1,7.901269421E-3,1.762409270E-2,-1.962091684E-2
1.924790467E1,-6.488216668E-4,1.864443183E-2,-1.211309195E-2
1.925784367E1,1.058857664E-3,2.000040114E-2,-1.281417310E-2
1.926778367E1,9.108354002E-3,1.626403034E-2,-2.148442447E-2
1.927772267E1,2.755354196E-3,2.467057228E-2,-2.217381120E-2
1.928766267E1,-2.913521379E-3,2.504654825E-2,-2.265152872E-2
1.929760267E1,6.362355351E-3,2.920567274E-2,-8.887767792E-3
1.930754167E1,-6.191031933E-3,1.435082138E-2,-1.696101844E-2
1.931748167E1,-9.038260505E-3,8.986585736E-3,-1.404325783E-2
1.932742067E1,-1.022553764E-2,5.829089284E-3,-1.460926831E-2
1.933736067E1,-9.322215915E-3,1.482327640E-2,-2.158441186E-2
1.934729967E1,-2.528569937E-2,1.412219524E-2,-2.232057631E-2
1.935723967E1,-2.211131908E-2,2.336781263E-2,-2.103945136E-2
1.936717967E1,-8.994991109E-3,2.157154799E-2,-1.689026713E-2
1.937711867E1,-1.224889353E-2,2.307252824E-2,-1.437362552E-2
1.938705867E1,-1.103347667E-2,1.715631545E-2,-1.301005483E-2
1.939699767E1,4.570914656E-3,1.712006271E-2,-7.114892006E-3
1.940693767E1,1.456132114E-2,1.880523026E-2,-2.468226671E-2
1.941687767E1,2.733390592E-2,1.965950847E-2,-1.195872545E-2
1.942681667E1,3.084647454E-2,2.140841067E-2,-1.426018953E-2
1.943675667E1,2.726015791E-2,1.275862455E-2,-2.068627954E-2
1.944669567E1,2.047760703E-2,1.286212027E-2,-1.972441256E-2
1.945663567E1,1.479389414E-2,2.667441308E-2,-1.361933470E-2
1.946657567E1,1.235955209E-2,2.378939688E-2,-2.108505964E-2
1.947651467E1,4.384753928E-3,2.127801776E-2,-1.320652127E-2
1.948645467E1,-6.999482587E-3,2.066756845E-2,-8.498343229E-3
1.949639367E1,-6.063635722E-3,1.902976334E-2,-1.171197295E-2
1.950633367E1,2.884139121E-3,2.175515056E-2,1.152486205E-3
1.951627367E1,-1.604987606E-3,1.680899084E-2,-4.981827736E-4
1.952621267E1,-1.519961782E-2,2.841454446E-2,-7.158161402E-3
1.953615267E1,-1.496331722E-2,1.905139804E-2,-9.474243522E-3
1.954609167E1,-1.898868665E-2,2.146045089E-2,-2.727433741E-2
1.955603167E1,-8.958665282E-3,2.778596878E-2,-3.603639007E-2
1.956597167E1,-1.360866353E-3,2.384143710E-2,-3.772272706E-2
1.957591008E1,-1.817373097E-2,2.653057158E-2,-3.858519137E-2
1.958585008E1,-1.529375799E-2,1.697154343E-2,-3.329463065E-2
1.959578908E1,-9.186341241E-3,1.071268380E-2,-3.158256590E-2
1.960572908E1,5.172373876E-3,1.592489183E-2,-1.705281973E-2
1.961566808E1,3.223657697E-2,1.486479163E-2,-1.665111601E-2
1.962560808E1,3.869131833E-2,2.412444234E-2,-2.474892497E-2
1.963554808E1,4.403413855E-2,3.285842836E-2,-2.473079860E-2
1.964548708E1,4.567837559E-2,3.591301382E-2,-3.271984935E-2
1.965542708E1,2.939819232E-2,4.621346891E-2,-8.099563122E-3
1.966536608E1,2.066544883E-2,4.458326519E-2,1.238440275E-3
1.967530608E1,-5.373591185E-4,3.631881058E-2,-1.590442657E-3
1.968524608E1,-1.546486214E-2,2.551023245E-2,-1.198679209E-3
1.969518508E1,-5.185617819E-2,2.206154466E-2,3.815308213E-3
1.970512508E1,-7.850566752E-2,2.257668436E-2,6.627818942E-3
1.971506408E1,-8.944807380E-2,2.485592902E-2,-4.514635205E-3
1.972500408E1,-8.963576943E-2,1.595061958E-2,-6.056545973E-3
1.973494408E1,-7.268198691E-2,3.428982675E-2,-4.494169950E-3
1.974488308E1,-5.102726229E-2,4.523464501E-2,-3.653340340E-3
1.975482308E1,-6.487558857E-3,3.621005237E-2,-1.691716433E-2
1.976476208E1,1.564079024E-2,3.183048785E-2,-2.689192951E-2
1.977470208E1,3.599779844E-2,3.394250214E-2,-5.113390088E-2
1.978464208E1,5.777290262E-2,3.946695149E-2,-4.737355649E-2
1.979458108E1,7.159301609E-2,3.953185558E-2,-4.176022947E-2
1.980452108E1,6.520274028E-2,3.754964948E-2,-5.211447895E-2
1.981446008E1,5.488730170E-2,4.093460262E-2,-4.267473400E-2
1.982440008E1,4.983106814E-2,3.951197505E-2,-4.248353004E-2
1.983434008E1,1.935274892E-2,3.849222064E-2,-3.984935939E-2
1.984427908E1,-2.217264175E-3,2.151950777E-2,-3.254267871E-2
1.985421908E1,-1.035775781E-2,6.519060731E-3,-1.719315290E-2
1.986415808E1,-3.111478865E-2,-2.903142571E-3,-8.156281114E-3
1.987409808E1,-4.402544081E-2,3.429976702E-3,-1.411517859E-3
1.988403708E1,-4.587433040E-2,1.051037014E-2,1.049692154E-2
1.989397708E1,-3.894501440E-2,1.487999439E-2,5.855401754E-3
1.990391708E1,-3.043373421E-2,7.413100004E-3,9.045642614E-3
1.991385608E1,-3.089924566E-2,3.964996934E-3,-1.019052744E-2
1.992379608E1,-2.570845306E-2,1.012737751E-2,-7.363983393E-3
1.993373508E1,-1.149504125E-2,1.289837301E-2,-7.937010527E-3
1.994367508E1,-9.753228799E-3,2.110610962E-2,-9.376595020E-3
1.995361508E1,-3.984146565E-4,1.538110077E-2,1.151316762E-3
1.996355408E1,1.730015695E-2,1.979750276E-2,6.724298000E-4
1.997349408E1,2.477224074E-2,1.754924834E-2,-3.394893408E-3
1.998343308E1,2.793163754E-2,4.865468144E-3,-4.152692556E-3
1.999337308E1,1.809303939E-2,-8.303046227E-5,-5.981701612E-4
2.000331308E1,5.442661420E-3,1.041973829E-2,-1.198152959E-2
2.001325208E1,4.737779573E-3,7.388541698E-3,-6.232547164E-3
2.002319208E1,-1.339524016E-3,7.193829417E-3,-1.576116979E-2
2.003313108E1,-7.065629214E-4,1.590676546E-2,-2.126749277E-2
2.004307108E1,-2.918856964E-3,3.288181722E-2,-2.569734335E-2
2.005301108E1,-4.092612416E-3,3.926697671E-2,-2.382740378E-2
2.006295008E1,-5.888073072E-3,4.340212762E-2,-3.962424159E-2
2.007289008E1,-1.842603832E-3,3.710584581E-2,-4.596964002E-2
2.008282908E1,-1.188205384E-2,3.566743076E-2,-3.712514162E-2
2.009276908E1,-2.318611041E-2,3.181879342E-2,-2.693987668E-2
2.010270808E1,-1.309966341E-2,3.370744407E-2,-3.868634820E-2
2.011264808E1,-3.251344264E-2,2.727141380E-2,-2.385196209E-2
2.012258808E1,-3.899924733E-2,2.825608492E-2,-3.151766181E-2
2.013252708E1,-2.439005211E-2,3.843784153E-2,-2.621599138E-2
2.014246708E1,-7.817434967E-3,2.638439119E-2,-1.932738662E-2
2.015240608E1,-1.537598446E-3,8.180254698E-3,-1.737324715E-2
2.016234608E1,1.515481353E-2,1.704931140E-2,-2.208727241E-2
2.017228608E1,1.806146443E-2,2.214691401E-2,-2.026703417E-2
2.018222508E1,9.609533474E-3,2.617798448E-2,-1.759719551E-2
2.019216508E1,9.476363137E-3,2.220538616E-2,-1.428767145E-2
2.020210408E1,2.479950339E-2,1.270307600E-2,-1.486829996E-2
2.021204408E1,1.953715548E-2,3.931667805E-3,1.416195631E-3
2.022198408E1,2.067400038E-2,5.177709460E-3,-1.672303677E-4
2.023192308E1,2.587005548E-2,1.943614483E-2,-7.924731374E-3
2.024186308E1,1.850826479E-2,2.857066512E-2,-2.442498922E-2
2.025180208E1,1.264825836E-2,1.879061222E-2,-3.067683220E-2
2.026174208E1,7.588516474E-3,1.999221504E-2,-2.807482123E-2
2.027168108E1,-1.541318737E-2,2.464075148E-2,-1.990859985E-2
2.028162108E1,-1.914290696E-2,2.484657347E-2,-1.720133901E-2
2.029156108E1,-1.500505172E-2,2.109090686E-2,-8.565001488E-3
2.030150008E1,-1.947678298E-2,2.404141188E-2,2.473372221E-3
2.031144008E1,-2.165962167E-2,2.014775097E-2,1.177395344E-2
2.032137908E1,-2.932130143E-2,2.032258272E-2,9.583586454E-4
2.033131908E1,-2.929747403E-2,2.212352514E-2,-4.601173997E-3
2.034125908E1,-2.653729588E-2,2.234922767E-2,-1.391403437E-2
2.035119808E1,-1.424345188E-2,2.776901186E-2,-1.787493825E-2
2.036113808E1,-6.031914577E-3,2.493895948E-2,-1.885493159E-2
2.037107708E1,2.296493948E-3,2.122597754E-2,-2.405486047E-2
2.038101708E1,1.140835628E-2,2.574704468E-2,-2.074709058E-2
2.039095708E1,2.097798251E-2,3.037277699E-2,-3.068735719E-2
2.040089608E1,1.912543841E-2,2.614290118E-2,-3.697428346E-2
2.041083608E1,1.082436562E-2,2.655512989E-2,-2.182765603E-2
2.042077508E1,1.195382841E-2,2.987634838E-2,-1.844270289E-2
2.043071508E1,-1.014163010E-2,3.069145024E-2,-1.394327044E-2
2.044065508E1,-1.486713052E-2,3.065695167E-2,-2.811926007E-3
2.045059408E1,-4.319192022E-3,2.461093068E-2,-3.353378177E-3
2.046053408E1,6.580091044E-3,2.889986336E-2,-1.988988876E-2
2.047047308E1,-1.372633874E-4,2.761230648E-2,-2.657033265E-2
2.048041308E1,-1.349011123E-2,2.856364846E-2,-2.903376460E-2
2.049035208E1,-2.504026249E-2,1.672069788E-2,-1.734751940E-2
2.050029208E1,-2.339251712E-2,1.374271095E-2,-1.368891656E-2
2.051023208E1,-2.020424969E-2,9.556689262E-3,-6.881003380E-3
2.052017108E1,1.120180339E-3,2.144407868E-2,2.826544046E-3
2.053011108E1,1.926796429E-2,1.484900415E-2,1.365909576E-3
2.054005008E1,2.742256433E-2,1.298842013E-2,5.432063341E-4
2.054999008E1,4.016774029E-2,1.991210818E-2,5.893408656E-3
2.055993008E1,4.043853946E-2,2.261001348E-2,-3.625273705E-3
2.056986908E1,3.950729728E-2,2.657793403E-2,-1.675987422E-2
2.057980942E1,3.015438348E-2,3.777359784E-2,-2.360754848E-2
2.058974842E1,1.560278334E-2,4.089074850E-2,-2.389640093E-2
2.059968842E1,-1.839460954E-2,3.767302573E-2,-3.082359731E-2
2.060962842E1,-4.581636988E-2,2.592129171E-2,-1.629735947E-2
2.061956742E1,-4.788643040E-2,1.552786589E-2,-3.616502881E-3
2.062950742E1,-5.088809855E-2,1.936305463E-2,-1.731945276E-2
2.063944642E1,-4.930964269E-2,2.398060083E-2,-1.266623855E-2
2.064938642E1,-4.353032783E-2,1.988988876E-2,-6.472867727E-3
2.065932542E1,-3.483734541E-2,1.301648676E-2,-1.060918808E-2
2.066926542E1,-5.679692924E-3,1.331761837E-2,-7.591440082E-3
2.067920542E1,6.121815518E-3,1.878885806E-2,-6.740670204E-3
2.068914442E1,1.963173419E-2,2.479862630E-2,-1.554131448E-2
2.069908442E1,2.549904965E-2,2.970619440E-2,-2.222175837E-2
2.070902342E1,2.544847123E-2,3.619426489E-2,-1.388713717E-2
2.071896342E1,2.633564003E-2,2.165867150E-2,-1.334919333E-3
2.072890342E1,3.710058331E-2,2.361047208E-2,-9.313445091E-3
2.073884242E1,2.947237886E-2,2.643526196E-2,1.392222047E-3
2.074878242E1,1.851023823E-2,1.999221504E-2,-4.721626639E-3
2.075872142E1,1.460488290E-2,1.183885753E-2,-1.641254961E-2
2.076866142E1,9.850584939E-3,1.611083329E-2,-1.476421952E-2
2.077860142E1,-9.198693484E-3,1.681659222E-2,-2.532546043E-2
2.078854042E1,-1.883622050E-2,1.729840279E-2,-2.505648851E-2
2.079848042E1,-1.928170525E-2,1.199614763E-2,-1.900695920E-2
2.080841942E1,-1.589258596E-2,1.140850246E-2,-1.810999632E-2
2.081835942E1,-1.880413391E-2,2.108330548E-2,-2.399112582E-2
2.082829942E1,-7.404694632E-3,2.553128242E-2,-2.281525075E-2
2.083823842E1,-1.580568172E-2,2.753687739E-2,-2.063423932E-2
2.084817842E1,-2.302582361E-2,1.926189780E-2,-4.805826545E-3
2.085811742E1,-1.842698850E-2,2.908054233E-2,-1.262121499E-2
2.086805742E1,-4.515731558E-3,1.888299823E-2,-6.878079772E-3
2.087799642E1,-8.617334068E-3,1.508523166E-2,-2.635924816E-3
2.088793642E1,-1.669453159E-3,1.482269168E-2,-1.191779494E-2
2.089787642E1,1.174172066E-2,1.453325450E-2,1.777553558E-4
2.090781542E1,2.286042050E-2,1.743815124E-2,1.230254173E-3
2.091775542E1,2.118928626E-2,1.452214479E-2,-5.397564769E-3
2.092769442E1,2.477114439E-2,1.812695324E-2,-2.289184928E-2
2.093763442E1,2.773356311E-2,2.445188642E-2,-2.017464817E-2
2.094757442E1,1.696057990E-2,3.548382819E-2,-2.116516650E-2
2.095751342E1,5.884126201E-3,3.216144025E-2,-2.518395782E-2
2.096745342E1,4.245370924E-3,2.896242857E-2,-2.144875646E-2
2.097739242E1,-1.149336018E-2,3.928568780E-2,-2.257493019E-2
2.098733242E1,-1.263035126E-2,2.882852733E-2,-2.366543591E-2
2.099727242E1,-1.447609797E-2,3.363961637E-2,-1.815092683E-2
2.100721142E1,-2.790781014E-2,2.674867272E-2,-8.562662601E-3
2.101715142E1,-3.157730341E-2,2.762984812E-2,-4.261450768E-3
2.102709042E1,-5.713453285E-2,2.658144236E-2,-9.767189026E-3
2.103703042E1,-4.793101542E-2,2.504128575E-2,-4.494169950E-3
2.104696942E1,-4.061008215E-2,1.879470527E-2,-2.818942666E-3
2.105690942E1,-2.681569643E-2,1.641021073E-2,-7.240022421E-3
2.106684942E1,-5.675892234E-3,1.229669452E-2,-1.119741797E-3
2.107678842E1,5.843707323E-3,6.133729219E-3,-1.681074500E-3
2.108672842E1,2.868051969E-2,1.312115192E-3,-1.740482211E-2
2.109666742E1,3.834187411E-2,2.053600609E-2,-3.280521870E-2
2.110660742E1,3.925382048E-2,1.950631142E-2,-3.785896719E-2
2.111654742E1,4.539003477E-2,2.778421462E-2,-3.936637938E-2
2.112648642E1,4.300532095E-2,3.061192811E-2,-3.499733984E-2
2.113642642E1,2.723136038E-2,3.184802949E-2,-3.023478270E-2
2.114636542E1,3.470782958E-2,2.913959920E-2,-3.580834866E-2
2.115630542E1,2.508777112E-2,2.689076006E-2,-3.136388004E-2
2.116624542E1,1.008396193E-2,2.067166150E-2,-2.772164941E-2
2.117618442E1,-4.580781832E-3,3.738008022E-2,-2.348592639E-2
2.118612442E1,-2.170559540E-2,3.483888030E-2,-9.252634048E-3
2.119606342E1,-3.274565019E-2,2.542895615E-2,2.060558796E-3
2.120600342E1,-4.494528092E-2,1.771823287E-2,9.477751851E-3
2.121594342E1,-3.641119659E-2,1.381872475E-2,8.318833709E-3
2.122588242E1,-2.775125094E-2,1.320008934E-2,-6.697400808E-3
2.123582242E1,-2.983088627E-2,1.858829856E-2,-1.087406695E-2
2.124576142E1,-3.108957253E-2,2.793390334E-2,-1.043143272E-2
2.125570142E1,-2.358547524E-2,3.525929511E-2,-2.065762818E-2
2.126564042E1,-2.658246562E-2,2.917526722E-2,-2.196097255E-2
2.127558042E1,-8.452077135E-3,3.304320037E-2,-3.055287123E-2
2.128552042E1,7.354993299E-3,3.434712946E-2,-3.548441291E-2
2.129545942E1,2.968572915E-2,3.652404785E-2,-3.464007497E-2
2.130539942E1,3.469014175E-2,4.158013523E-2,-4.509489655E-2
2.131533842E1,3.737174794E-2,3.577385008E-2,-3.875476062E-2
2.132527842E1,1.901185624E-2,1.027180374E-2,-2.263106346E-2
2.133521842E1,-4.625147581E-4,6.794464588E-4,-2.336898208E-2
2.134515742E1,-4.022957459E-3,1.084716976E-2,-2.391394258E-2
2.135509742E1,-8.682165071E-3,1.328487396E-2,-3.017163277E-3
2.136503642E1,8.480070680E-3,1.973376811E-2,-1.605060697E-3
2.137497642E1,2.382806160E-2,2.408117294E-2,9.510496259E-3
2.138491642E1,3.645819359E-2,3.219418466E-2,3.838112354E-3
2.139485542E1,3.118020438E-2,2.315029621E-2,-7.630616426E-4
2.140479542E1,2.427296162E-2,2.911913395E-2,3.432315588E-4
2.141473442E1,4.035602063E-3,3.448804736E-2,-2.596163750E-3
2.142467442E1,-1.216717869E-2,2.951440573E-2,2.089794874E-3
2.143461342E1,-2.212133244E-2,3.053649902E-2,-1.987936378E-2
2.144455342E1,-4.024938203E-2,2.879461348E-2,-2.434254348E-2
2.145449342E1,-4.003603175E-2,2.503251493E-2,-3.555457950E-2
2.146443242E1,-4.722876482E-2,2.105173051E-2,-3.255320370E-2
2.147437242E1,-4.133572161E-2,1.833745301E-2,-4.097027063E-2
2.148431142E1,-2.568535656E-2,3.290929914E-2,-3.819284320E-2
2.149425142E1,1.198167577E-2,2.868000805E-2,-3.281282008E-2
2.150419142E1,1.875845253E-2,3.322446406E-2,-2.289126456E-2
2.151413042E1,3.073230766E-2,2.407357156E-2,-2.880104542E-2
2.152407042E1,3.779113948E-2,2.598444164E-2,-2.747021914E-2
2.153400942E1,3.118005820E-2,2.243459702E-2,-2.957112372E-2
2.154394942E1,1.844518796E-2,2.289652705E-2,-3.492074132E-2
2.155388942E1,1.694106482E-2,2.779883265E-2,-2.390458703E-2
2.156382842E1,9.376960471E-3,2.624639690E-2,-1.386842608E-2
2.157376842E1,8.248740211E-3,1.183944225E-2,-2.614290118E-3
2.158370692E1,-2.215144560E-3,1.143364549E-2,8.209490776E-4
2.159364692E1,-1.908333845E-2,6.882172823E-4,9.764850140E-5
2.160358592E1,-2.795086026E-2,7.952213287E-4,1.355910838E-2
2.161352592E1,-3.458321080E-2,9.830338955E-3,-3.484940529E-4
2.162346592E1,-2.188020788E-2,1.551967978E-2,-1.421399653E-2
2.163340492E1,-1.853925504E-2,2.514302731E-2,-2.188788235E-2
2.164334492E1,-1.483562864E-2,3.108379841E-2,-2.397241473E-2
2.165328392E1,-5.088100880E-3,2.136689544E-2,-3.828230560E-2
2.166322392E1,9.876239598E-3,2.252230525E-2,-1.913676739E-2
2.167316392E1,1.408572324E-2,1.419645488E-2,-2.359760821E-2
2.168310292E1,1.632951915E-2,2.026352584E-2,-3.496634960E-2
2.169304292E1,1.984055288E-2,2.508338571E-2,-2.845956802E-2
2.170298192E1,1.721676104E-2,3.009211063E-2,-1.759778023E-2
2.171292192E1,1.394860603E-2,2.403381050E-2,-1.470165431E-2
2.172286192E1,-2.268938944E-3,9.832677841E-3,1.272295654E-2
2.173280092E1,-6.476302966E-3,1.561908245E-2,1.107871950E-2
2.174274092E1,-1.304294541E-2,1.732296109E-2,-1.040219665E-3
2.175267992E1,-8.504555896E-3,1.755275667E-2,-1.241948605E-3
2.176261992E1,6.789494455E-3,1.431515336E-2,-9.472489357E-3
2.177255892E1,-7.059197277E-3,1.571263790E-2,-2.872737050E-3
2.178249892E1,-8.954864591E-3,1.502208173E-2,-1.589039326E-2
2.179243892E1,-5.408966839E-3,1.330884755E-2,-1.811525881E-2
2.180237792E1,1.223566420E-2,1.509458721E-2,-2.455421269E-2
2.181231792E1,1.418819569E-2,2.321812391E-2,-3.608375251E-2
2.182225692E1,1.558750749E-2,3.474181652E-2,-3.334608614E-2
2.183219692E1,8.437751457E-3,3.394659519E-2,-3.322095573E-2
2.184213692E1,4.146260619E-3,3.522304237E-2,-1.830178499E-2
2.185207592E1,6.469140127E-3,3.322504878E-2,-1.943497539E-2
2.186201592E1,8.100878745E-3,2.943079054E-2,-2.085234046E-2
2.187195492E1,1.576555520E-4,3.036166728E-2,-2.468519032E-2
2.188189492E1,-1.624561161E-2,3.116273582E-2,-2.067400038E-2
2.189183492E1,-1.426771782E-2,2.649782717E-2,-5.485857725E-3
2.190177392E1,-2.192165002E-2,1.857601941E-2,-9.805780649E-4
2.191171392E1,-3.026964672E-2,5.020419359E-3,5.716238022E-3
2.192165292E1,-3.275537118E-2,1.185406029E-2,9.495878220E-3
2.193159292E1,-2.555562146E-2,1.689377546E-2,8.221769929E-3
2.194153192E1,-1.215548426E-2,2.409988403E-2,-2.699074745E-3
2.195147192E1,-1.950119510E-3,2.100261390E-2,-1.358542085E-2
2.196141192E1,9.369505271E-3,2.063657820E-2,-8.603593111E-3
2.197135092E1,2.072348244E-2,1.878359556E-2,-1.724051535E-2
2.198129092E1,2.565794773E-2,1.907595634E-2,-2.300937831E-2
2.199122992E1,2.084466599E-2,7.483851314E-3,-1.902859390E-2
2.200116992E1,1.461877003E-2,3.607732058E-3,-1.632659554E-2
2.201110992E1,1.166029818E-2,1.157690227E-2,-1.030513287E-2
2.202104892E1,6.040685400E-3,2.089034736E-2,-6.712603569E-3
2.203098892E1,1.415647455E-2,2.178964913E-2,-9.732690454E-3
2.204092792E1,1.545806475E-2,1.671075761E-2,-2.130959272E-2
2.205086792E1,1.184455857E-2,2.515998423E-2,-3.166033387E-2
2.206080692E1,2.129892156E-2,3.290637553E-2,-4.080011666E-2
2.207074692E1,1.487261228E-2,4.309573352E-2,-4.215491652E-2
2.208068692E1,2.113519952E-2,4.389680207E-2,-2.941558778E-2
2.209062592E1,1.114691265E-2,3.744907737E-2,-4.177367806E-2
2.210056592E1,-5.528469309E-3,2.433611155E-2,-3.530899644E-2
2.211050492E1,-3.541695066E-2,1.390818715E-2,-1.879470527E-2
2.212044492E1,-5.588673703E-2,6.000997424E-3,-6.297451258E-3
2.213038492E1,-6.212388888E-2,8.085529804E-3,-3.496634960E-3
2.214032392E1,-4.552342437E-2,1.002505124E-2,1.793165624E-2
2.215026392E1,-2.678470619E-2,1.651370645E-2,1.972265840E-2
2.216020292E1,-1.333757199E-2,3.335778058E-2,1.127050817E-2
2.217014292E1,-1.370148808E-3,3.706842363E-2,8.829295635E-4
2.218008292E1,8.043868393E-3,3.027454376E-2,6.290434599E-3
2.219002192E1,2.008781701E-2,2.276496470E-2,-7.270427942E-3
2.219996192E1,1.864567436E-2,2.207674742E-2,-2.019394398E-2
2.220990092E1,2.342979312E-2,1.925429642E-2,-2.391628146E-2
2.221984092E1,1.318583675E-2,2.177736998E-2,-3.310810447E-2
2.222977992E1,-6.626210958E-3,2.356544852E-2,-3.014064252E-2
2.223971992E1,-8.925993964E-3,1.548401177E-2,-2.029919386E-2
2.224965992E1,-6.282175407E-3,1.530391753E-2,-1.750071645E-2
2.225959892E1,1.144387811E-2,1.890638709E-2,-1.850059032E-2
2.226953892E1,9.203078896E-3,3.097270131E-2,-2.272578835E-2
2.227947792E1,1.482305713E-2,2.682994902E-2,-1.760011911E-2
2.228941792E1,2.223593786E-2,2.045239091E-2,-2.718136668E-2
2.229935792E1,1.103676572E-2,2.871216774E-2,-3.409277558E-2
2.230929692E1,8.158473819E-3,2.860165536E-2,-3.461902499E-2
2.231923692E1,-9.154766276E-3,2.984184980E-2,-3.233744144E-2
2.232917592E1,-8.298514634E-3,2.552192688E-2,-2.335027099E-2
2.233911592E1,-4.549206868E-3,1.198503792E-2,-1.558282971E-2
2.234905492E1,-1.357511513E-2,1.084015310E-2,-2.770995498E-3
2.235899492E1,-1.080112293E-2,1.855321527E-3,6.147762537E-3
2.236893492E1,-1.456249058E-2,-5.847215652E-7,1.088517666E-2
2.237887392E1,-2.055405937E-2,2.996113300E-3,2.535937428E-3
2.238881392E1,-2.600958467E-2,8.518223763E-3,4.681280851E-3
2.239875292E1,-1.604877971E-2,3.192287385E-2,-8.248082399E-3
2.240869292E1,9.335810691E-4,3.560194194E-2,-1.457944751E-2
2.241863292E1,1.819222279E-2,3.721694291E-2,-3.422375321E-2
2.242857192E1,1.282513663E-2,2.877941072E-2,-3.522830486E-2
2.243851192E1,6.478422582E-3,2.848704994E-2,-1.492443323E-2
2.244845092E1,-1.876444593E-3,1.131845534E-2,-1.378071785E-2
2.245839092E1,-1.126181044E-2,8.870226145E-3,-3.308354616E-3
2.246833092E1,-1.694333062E-2,1.358425140E-2,-8.244574070E-3
2.247826992E1,-2.346991964E-2,9.045642614E-3,-1.204000175E-2
2.248820992E1,-2.118131943E-2,1.810707271E-2,-1.110970974E-3
2.249814892E1,-2.761859223E-2,2.233987212E-2,-8.900046945E-3
2.250808892E1,-2.452329554E-2,3.156970203E-2,-4.625732303E-3
2.251802792E1,-2.070608698E-2,2.633059680E-2,-1.152193844E-2
2.252796792E1,7.660071775E-3,2.789765060E-2,-5.224487185E-3
2.253790792E1,2.474987514E-2,2.601601660E-2,-8.528748751E-3
2.254784692E1,1.903371021E-2,3.053532958E-2,-1.545360625E-2
2.255778692E1,1.063805871E-2,1.847895563E-2,-2.236969292E-2
2.256772592E1,4.978977218E-3,2.733807206E-2,-2.354147494E-2
2.257766929E1,-4.946452081E-3,3.184510589E-2,-2.189314485E-2
2.258760929E1,-1.010727771E-2,2.073071837E-2,-2.638497591E-2
2.259754829E1,-1.716267429E-2,1.374563456E-2,-1.240896106E-2
2.260748829E1,-2.600768432E-3,1.910811603E-2,-1.625935256E-2
2.261742729E1,-5.863441676E-3,3.058503091E-2,-1.950631142E-2
2.262736729E1,-6.441073492E-3,3.432023227E-2,-2.091490567E-2
2.263730729E1,1.370879710E-3,3.155216038E-2,-1.852339447E-2
2.264724629E1,-6.295770183E-3,2.515472174E-2,-3.207548618E-2
2.265718629E1,5.265198424E-3,2.969099164E-2,-2.437528789E-2
2.266712529E1,-3.207417056E-3,3.953010142E-2,-1.903853416E-2
2.267706529E1,-2.885600924E-4,2.865486503E-2,-1.680255890E-2
2.268700429E1,5.099941492E-3,3.442548215E-2,-2.827128768E-2
2.269694429E1,-1.113931127E-2,2.624230385E-2,-2.419285476E-2
2.270688429E1,-2.460515656E-2,3.515404522E-2,-1.602955699E-2
2.271682329E1,-1.284019321E-2,2.432675600E-2,-5.544914603E-3
2.272676329E1,-6.530170441E-3,1.667801321E-2,6.695061922E-4
2.273670229E1,-1.303848691E-2,6.004505754E-3,-4.332202077E-3
2.274664229E1,-2.246492945E-2,9.526283741E-3,-1.281358838E-2
2.275658229E1,-1.751964681E-2,1.703060031E-2,-1.342286825E-2
2.276652129E1,-9.816597998E-3,1.797901869E-2,-1.845322788E-2
2.277646129E1,-1.429037578E-2,1.849357367E-2,-1.764689684E-2
2.278640029E1,-2.226838991E-3,1.348952651E-2,-1.368716240E-2
2.279634029E1,1.579698399E-3,2.819819748E-2,-1.725454867E-2
2.280627929E1,7.358574718E-3,3.454008758E-2,-6.615539789E-3
2.281621929E1,1.967661157E-2,1.810824215E-2,-1.265571356E-2
2.282615929E1,3.071849361E-2,2.027171195E-2,-2.438405871E-2
2.283609829E1,1.129170433E-2,1.575006008E-2,-1.808485329E-2
2.284603829E1,-4.740045369E-3,2.063190043E-2,-9.734444618E-3
2.285597729E1,-1.503077947E-2,1.253467619E-2,-1.252590537E-2
2.286591729E1,-1.724994399E-2,4.877162576E-3,-1.577111006E-2
2.287585729E1,-1.646904834E-2,9.470150471E-3,-3.188896000E-2
2.288579629E1,5.517213419E-3,2.013020933E-2,-2.618675530E-2
2.289573629E1,1.080258474E-2,2.036058962E-2,-2.166861176E-2
2.290567529E1,3.301805735E-2,2.747898996E-2,-3.052188098E-2
2.291561529E1,3.713573970E-2,2.686444759E-2,-1.951683640E-2
2.292555429E1,4.705948792E-2,2.937875032E-2,-1.126466095E-2
2.293549429E1,5.087428451E-2,3.188428223E-2,-1.519925237E-2
2.294543429E1,2.227255605E-2,2.673814774E-2,-2.050852418E-2
2.295537329E1,4.619227275E-3,3.411791861E-2,-1.661369383E-2
2.296531329E1,-1.683121026E-2,4.471950531E-2,-4.169415593E-2
2.297525229E1,-2.202785008E-2,3.906466305E-2,-3.871499956E-2
2.298519229E1,-2.308897354E-2,2.420221031E-2,-2.727082908E-2
2.299513229E1,-2.480483897E-2,2.261410654E-2,-2.824146688E-2
2.300507129E1,-4.842371643E-3,3.169015467E-2,-2.258428574E-2
2.301501129E1,1.998505220E-3,3.468334436E-2,-2.646274388E-2
2.302495029E1,1.519764438E-3,4.110651076E-2,-2.778947711E-2
2.303489029E1,1.649170630E-2,3.569374323E-2,-2.419227004E-2
2.304482929E1,1.682909064E-2,3.039090335E-2,-1.183242559E-2
2.305476929E1,5.985867754E-3,3.256431341E-2,-2.014482737E-2
2.306470929E1,-1.746344045E-3,2.731585264E-2,-2.120785117E-2
2.307464829E1,-3.110207096E-3,2.519272864E-2,-2.379992187E-2
2.308458829E1,-9.027296975E-3,1.752352059E-2,-4.619300365E-5
2.309452729E1,-1.291489139E-2,1.747498870E-2,-5.584090948E-3
2.310446729E1,-5.767547339E-3,2.353328884E-2,-1.281651199E-2
2.311440729E1,-7.391830757E-3,2.143121481E-2,-1.561966717E-2
2.312434629E1,-9.270760417E-4,1.982907772E-2,-1.581671834E-3
2.313428629E1,1.431032941E-3,1.299017429E-2,-1.721712649E-2
2.314422529E1,5.769082233E-3,1.111321807E-2,-2.432792544E-2
2.315416529E1,-2.130579203E-4,2.415894091E-2,-2.986289978E-2
2.316410529E1,-9.535273835E-3,2.061085045E-2,-2.369350255E-2
2.317404429E1,1.216440126E-3,1.738026381E-2,-2.591719866E-2
2.318398429E1,-2.471544966E-3,1.546530068E-2,-1.631139278E-2
2.319392329E1,-1.530406371E-2,6.942983866E-3,4.613453150E-4
2.320386329E1,-7.185497135E-4,3.296075463E-3,-1.818484068E-3
2.321380229E1,-2.732988596E-3,-6.215590239E-4,-3.795427680E-3
2.322374229E1,2.198699266E-3,1.034080088E-2,6.299205422E-3
2.323368229E1,5.507200062E-3,1.324569762E-2,-3.337005973E-3
2.324362129E1,-2.353504300E-5,1.539454937E-2,5.432063341E-3
2.325356129E1,-8.008054197E-3,1.447244346E-2,-1.657510221E-2
2.326350029E1,-1.374095678E-5,1.731419027E-2,-2.331050992E-2
2.327344029E1,4.222639874E-3,1.921921313E-2,-1.785447299E-2
2.328338029E1,1.064587936E-2,2.504537880E-2,-2.179023385E-2
2.329331929E1,-6.812006235E-3,1.999630809E-2,-2.536288261E-2
2.330325929E1,-1.490535669E-2,2.232174575E-2,-2.289769650E-2
2.331319829E1,-2.132823072E-2,2.087514460E-2,-1.520042181E-2
2.332313829E1,-1.679093756E-2,1.579976141E-2,-2.206680715E-2
2.333307729E1,-1.917784408E-2,1.134067476E-2,-1.027648151E-2
2.334301729E1,-2.297173686E-2,1.669847846E-2,2.080439329E-3
2.335295729E1,-3.346178792E-2,2.129438996E-2,3.952717781E-4
2.336289629E1,-3.222188585E-2,2.440101564E-2,-1.007592201E-2
2.337283629E1,-1.791214116E-2,1.958934188E-2,5.298746824E-3
2.338277529E1,-2.384034075E-2,1.724226952E-2,4.581878185E-3
2.339271529E1,-6.779188737E-3,2.710535288E-2,-8.308893442E-3
2.340265529E1,-6.376242489E-3,1.836084187E-2,-1.283463836E-2
2.341259429E1,-1.626666158E-2,2.945885718E-2,-1.486362219E-2
2.342253429E1,-5.375199169E-3,3.473772347E-2,-1.706568360E-2
2.343247329E1,8.313571215E-3,3.984117329E-2,-6.762889624E-3
2.344241329E1,1.521679401E-2,2.870982885E-2,-1.837662935E-2
2.345235229E1,1.254227757E-2,2.910568535E-2,-1.998578310E-2
2.346229229E1,-4.810285047E-3,3.092066109E-2,-2.321812391E-2
2.347223229E1,1.939229071E-3,2.441855729E-2,-2.563477814E-2
2.348217129E1,4.135808721E-3,2.061201990E-2,-2.968689859E-2
2.349211129E1,-5.163310692E-3,2.106868744E-2,-2.696151137E-2
2.350205029E1,-9.355545044E-6,1.212887943E-2,-2.825374603E-2
2.351199029E1,-4.296972603E-4,1.152837038E-2,-2.821047664E-2
2.352193029E1,7.016658783E-5,2.799939215E-2,-1.886019409E-2
2.353186929E1,-2.992458791E-3,3.162992835E-2,-1.514545798E-2
2.354180929E1,-3.031050414E-3,2.492024839E-2,-6.383990049E-3
2.355174829E1,-1.430360511E-2,2.034246325E-2,-2.950505018E-3
2.356168829E1,-2.230910115E-2,1.056825757E-2,-2.057459772E-2
2.357162729E1,-1.884192154E-3,1.349245012E-2,-2.148033142E-2
2.358156404E1,1.566732198E-2,2.308363795E-2,-2.456883073E-2
2.359150404E1,3.226347417E-3,3.249590099E-2,-2.742578030E-2
2.360144304E1,2.507505342E-3,3.218716800E-2,-3.539378107E-2
2.361138304E1,-8.830245808E-3,2.630194545E-2,-3.756543696E-2
2.362132204E1,-2.180185519E-2,1.488642633E-2,-1.962559462E-2
2.363126204E1,-2.545322210E-2,1.168098271E-2,-1.411517859E-2
2.364120204E1,-1.577805363E-2,1.383451223E-3,9.302335382E-3
2.365114104E1,-9.071808904E-3,1.684582829E-3,1.194878519E-2
2.366108104E1,-1.434760541E-4,2.248605251E-2,1.027765095E-2
2.367102004E1,4.668270797E-3,2.089093208E-2,1.149445653E-2
2.368096004E1,1.826231629E-2,1.941977262E-2,-3.555107117E-4
2.369089904E1,1.948379964E-2,2.696618915E-2,-1.027765095E-2
2.370083904E1,1.675709680E-2,2.391335785E-2,-7.462216616E-3
2.371077904E1,6.718743145E-3,2.849932909E-2,-2.158441186E-2
2.372071804E1,-1.283419982E-2,3.099316657E-2,-3.479151785E-2
2.373065804E1,-2.482669294E-2,2.572307110E-2,-3.926288366E-2
2.374059704E1,-3.080225497E-2,2.511963844E-2,-2.600081384E-2
2.375053704E1,-2.306806974E-2,2.441037118E-2,-2.241237760E-2
2.376047704E1,-1.513559081E-2,2.183174908E-2,-2.412034929E-2
2.377041604E1,2.332308143E-3,2.886244118E-2,-1.244462907E-2
2.378035604E1,1.557910211E-2,3.112005115E-2,-2.055413246E-2
2.379029504E1,1.165240444E-2,2.957638621E-2,-2.877941072E-2
2.380023504E1,1.300274581E-2,4.028029919E-2,-3.766308546E-2
2.381017404E1,1.029928565E-2,4.384710073E-2,-3.814080298E-2
2.382011404E1,1.283303037E-2,3.671408236E-2,-3.317885578E-2
2.383005404E1,7.045456320E-3,2.761172175E-2,-1.821875453E-2
2.383999304E1,-2.689134479E-3,2.329004467E-2,-2.935419202E-2
2.384993304E1,-2.414169163E-4,1.901573002E-2,-2.620371222E-2
2.385987204E1,5.647533238E-3,1.158625782E-2,-9.764265418E-3
2.386981204E1,3.871076033E-3,1.447010458E-2,-7.554602623E-3
2.387975204E1,7.404256091E-3,9.426881075E-3,-8.355671167E-4
2.388969104E1,-4.262693301E-3,1.157690227E-2,-9.185391068E-3
2.389963104E1,-4.569891393E-3,2.289711177E-2,-1.163420498E-2
2.390957004E1,-2.167051211E-3,3.888106048E-2,-2.157096326E-2
2.391951004E1,-2.878876626E-3,3.363786221E-2,-2.417355895E-2
2.392944904E1,6.925588399E-3,2.823269606E-2,-3.310693502E-2
2.393938904E1,1.595551662E-2,2.591252089E-2,-3.134341478E-2
2.394932904E1,2.520522706E-2,2.645046473E-2,-2.044420481E-2
2.395926804E1,8.667035401E-3,1.974663198E-2,-1.291240633E-2
2.396920804E1,8.174261302E-3,1.598862648E-2,-7.677978873E-3
2.397914704E1,-7.627619728E-3,1.104539037E-2,-3.596622348E-3
2.398908704E1,-1.363928832E-2,1.172425210E-2,5.225656629E-3
2.399902704E1,-1.865027905E-2,1.294748962E-2,-6.958771348E-3
2.400896604E1,-1.032530576E-2,1.051095486E-2,-8.211829662E-3
2.401890604E1,-5.414594784E-3,1.286270499E-2,-1.199088514E-2
2.402884504E1,-1.002395488E-2,2.325846970E-2,-1.384971499E-2
2.403878504E1,8.393093348E-3,2.679428101E-2,-1.658270359E-3
2.404872404E1,1.887861282E-2,1.908297300E-2,-1.358425140E-2
2.405866404E1,1.310032122E-2,1.195697129E-2,-5.474163294E-3
2.406860404E1,6.464243084E-3,4.889441729E-3,-1.650084257E-3
2.407854304E1,-8.521001190E-3,1.482093751E-2,-1.431749225E-2
2.408848304E1,-1.700852707E-2,2.080088496E-2,-2.778012156E-2
2.409842204E1,-1.912331879E-2,1.923441589E-2,-1.347841680E-2
2.410836204E1,-5.962478891E-3,2.009337187E-2,-2.369584143E-2
2.411830204E1,-7.606277391E-3,1.944900870E-2,-2.938225865E-2
2.412824104E1,-1.138182454E-2,2.465653896E-2,-2.876128435E-2
2.413818104E1,-9.428854510E-3,2.869287193E-2,-1.916366458E-2
2.414812004E1,-4.070319906E-3,2.840401947E-2,-1.974721670E-2
2.415806004E1,-5.962478891E-3,2.465770841E-2,-2.948926270E-2
2.416799904E1,9.267105907E-4,2.986465394E-2,-2.263574123E-2
2.417793904E1,-5.133124441E-3,3.110601783E-2,-1.571965456E-2
2.418787904E1,5.249337852E-4,2.843676388E-2,-1.913559794E-2
2.419781804E1,-1.258101538E-3,2.577394187E-2,-2.063073099E-2
2.420775804E1,7.666065171E-3,2.090262651E-2,-3.272978961E-2
2.421769704E1,-1.980013400E-3,1.509224832E-2,-1.659673691E-2
2.422763704E1,4.242228046E-3,2.007992327E-2,-2.247318864E-2
2.423757704E1,4.865321964E-3,2.105874717E-2,-3.042891026E-2
2.424751604E1,-6.394734308E-3,2.405661464E-2,-2.794852138E-2
2.425745604E1,-2.024985798E-2,1.913033545E-2,-6.590981483E-3
2.426739504E1,-1.562390640E-2,8.902970552E-3,1.843627095E-3
2.427733504E1,-1.130719945E-2,1.453442395E-2,-4.371963143E-3
2.428727404E1,-1.190171510E-2,1.209321141E-2,-1.517703295E-2
2.429721404E1,-1.661581345E-2,2.156394660E-2,-9.865422249E-3
2.430715404E1,-1.297263265E-2,2.711529315E-2,-1.879762888E-2
2.431709304E1,2.981860712E-3,1.668210626E-2,-2.154582024E-2
2.432703304E1,-9.792185873E-3,2.192881286E-2,-8.740417957E-3
2.433697204E1,-2.476434700E-2,1.748668313E-2,-1.149153292E-2
2.434691204E1,-1.523506656E-2,1.754398584E-2,-2.440276980E-2
2.435685204E1,-2.194240764E-3,2.282519102E-2,-2.057635188E-2
2.436679104E1,-5.045123845E-3,2.181713104E-2,-2.241413176E-2
2.437673104E1,-1.303015463E-2,1.468820572E-2,-1.868887067E-2
2.438667004E1,-1.984705791E-2,9.534469843E-3,-1.430755198E-2
2.439661004E1,-3.299583793E-2,-2.572774887E-4,-2.137157321E-2
2.440654904E1,-3.940460555E-2,-1.764748156E-2,-1.966886401E-2
2.441648904E1,-2.556234576E-2,-5.032698512E-3,3.373843431E-3
2.442642904E1,-1.751094908E-2,3.283211589E-3,1.949461699E-3
2.443636804E1,-1.293038651E-3,1.204526424E-2,1.073548794E-2
2.444630804E1,1.671265796E-2,1.334334612E-2,1.772232592E-2
2.445624704E1,1.426238224E-2,-4.028146863E-3,1.339363217E-2
2.446618704E1,3.266547024E-3,-9.778883457E-3,1.215811551E-2
2.447612604E1,-1.145301439E-2,8.208321333E-3,-6.031987667E-3
2.448606604E1,-8.628224507E-3,2.522313416E-2,-2.741642475E-2
2.449600604E1,-6.913455427E-3,3.313909471E-2,-5.040241420E-2
2.450594504E1,-1.225393675E-2,3.593406379E-2,-6.176764727E-2
2.451588504E1,-6.560137421E-3,2.582715154E-2,-5.626132429E-2
2.452582404E1,-2.553479075E-3,1.405612171E-2,-6.441175818E-2
2.453576404E1,1.242708743E-2,1.420581043E-2,-4.662569761E-2
2.454570404E1,1.456475638E-2,2.891331196E-2,-3.873546481E-2
2.455564304E1,2.062773429E-2,3.734207332E-2,-3.735786080E-2
2.456558304E1,3.507284202E-2,4.480019689E-2,-2.278016746E-2
2.457552204E1,2.948253840E-2,3.757947028E-2,-1.348192513E-2
2.458546267E1,2.563550904E-2,3.242456496E-2,-1.573017955E-2
2.459540167E1,1.814332545E-2,2.729772627E-2,-1.542027712E-2
2.460534167E1,-7.328096107E-3,2.685743093E-2,-1.610966384E-2
2.461528167E1,-1.987358965E-2,4.507852435E-2,-1.588162243E-2
2.462522067E1,-1.860467076E-2,4.523172140E-2,-2.921210468E-2
2.463516067E1,-2.425015748E-2,5.501937568E-2,-2.195161700E-2
2.464509967E1,-2.700222261E-2,3.938625991E-2,-2.602303326E-2
2.465503967E1,-2.715037644E-2,2.576166272E-2,-2.070966840E-2
2.466497967E1,-1.251172587E-2,2.052957416E-2,-8.669081926E-3
2.467491867E1,-1.290809400E-2,2.572833359E-2,-1.894673288E-2
2.468485867E1,-1.495520420E-2,4.159533799E-2,-1.992614150E-2
2.469479767E1,-1.981036663E-3,3.984585106E-2,-2.478634715E-2
2.470473767E1,1.518470742E-2,3.196380436E-2,-2.535352707E-2
2.471467667E1,3.503300786E-2,3.621765375E-2,-1.757614553E-2
2.472461667E1,5.356546551E-2,3.631237864E-2,-1.461160719E-2
2.473455667E1,5.471502811E-2,2.100027502E-2,-1.724636257E-2
2.474449567E1,4.901128851E-2,3.393197715E-2,-1.234756529E-2
2.475443567E1,3.969886668E-2,4.174970448E-2,-2.159201324E-2
2.476437467E1,2.260358155E-2,3.909039080E-2,-1.561557412E-2
2.477431467E1,7.396654710E-3,2.398703277E-2,-1.461570024E-2
2.478425467E1,-6.159237698E-3,1.842633069E-2,-1.844387233E-2
2.479419367E1,-1.987877905E-2,2.143413842E-2,-1.789072573E-2
2.480413367E1,-2.264516987E-2,2.434137404E-2,-1.712006271E-2
2.481407267E1,-2.164003350E-2,2.161598682E-2,-7.893741131E-3
2.482401267E1,-1.905015551E-2,2.103945136E-2,-8.904724717E-3
2.483395167E1,-1.709396951E-2,2.548158109E-2,-1.848772645E-2
2.484389167E1,-1.119719870E-2,2.513133287E-2,-1.862864435E-2
2.485383167E1,-2.713173844E-2,3.778470755E-2,-1.916717291E-2
2.486377067E1,-2.549291007E-2,3.304144621E-2,-2.977928460E-2
2.487371067E1,-2.005872712E-2,2.729538739E-2,-3.060081840E-2
2.488364967E1,-1.435118683E-2,1.240603745E-2,-3.158081174E-2
2.489358967E1,-1.635115385E-2,1.863799989E-2,-1.920868814E-2
2.490352867E1,-1.924523324E-2,1.461745441E-2,-1.616521239E-2
2.491346867E1,-6.635201052E-3,3.064701140E-2,-1.494080544E-2
2.492340867E1,1.225868762E-3,3.151239932E-2,-1.299543679E-2
2.493334767E1,1.388816044E-2,2.512314677E-2,-2.563770175E-2
2.494328767E1,1.355019137E-2,1.319716573E-2,-1.612779021E-2
2.495322667E1,1.820369795E-2,5.068366528E-3,-1.961799324E-2
2.496316667E1,2.171626657E-2,-8.244574070E-4,-9.205271602E-3
2.497310667E1,1.812702633E-2,-7.367491722E-5,-6.705586910E-3
2.498304567E1,2.702882744E-2,3.366826773E-3,-6.619632840E-3
2.499298567E1,2.516546600E-2,1.201953650E-2,-6.909070015E-3
2.500292467E1,1.775653213E-2,1.047177851E-2,2.182765603E-3
2.501286467E1,2.101226181E-2,7.013150454E-3,3.670881987E-3
2.502280367E1,5.195470378E-3,7.475080490E-3,8.332282305E-4
2.503274367E1,-1.284852549E-2,-2.791460752E-3,7.349365354E-3
2.504268367E1,-2.376520403E-2,8.542782068E-4,1.164531469E-2
2.505262267E1,-2.179885849E-2,3.835188746E-3,-1.441338658E-3
2.506256267E1,-6.564303562E-3,2.126573861E-2,-4.108838439E-3
2.507250167E1,-9.421472400E-3,3.490144551E-2,-1.219787657E-2
2.508244167E1,-2.161284395E-2,3.252162874E-2,-2.312456846E-2
2.509238167E1,-2.994644187E-2,2.814732671E-2,-2.555993378E-2
2.510232067E1,-2.719751962E-2,2.700010300E-2,-1.960512936E-2
2.511226067E1,-3.673615560E-2,2.500327885E-2,-1.369944155E-2
2.512219967E1,-5.126465924E-2,2.263047874E-2,-1.005954981E-2
2.513213967E1,-3.743942946E-2,1.512733161E-2,-8.940392733E-3
2.514207867E1,-3.251914367E-2,2.755792737E-3,-1.850059032E-3
2.515201867E1,-2.158170752E-2,2.327776551E-3,5.128592849E-3
2.516195867E1,-2.015089385E-2,1.236101389E-2,2.821866274E-3
2.517189767E1,-6.769833192E-3,7.107290626E-3,1.025601625E-3
2.518183767E1,1.971520320E-2,4.885348678E-3,-5.807454586E-3
2.519177667E1,5.301290363E-2,1.026888013E-2,-5.671799183E-3
2.520171667E1,4.558050781E-2,1.973669171E-2,-1.544425070E-2
2.521165567E1,3.041845836E-2,1.660784662E-2,-1.002914429E-2
2.522159567E1,2.912359245E-2,1.267559409E-2,-1.506301224E-2
2.523153567E1,2.763101757E-2,1.910285354E-2,-2.037988544E-2
2.524147467E1,1.045357905E-2,2.065821290E-2,-3.760812163E-2
2.525141467E1,1.070303589E-2,2.796606302E-2,-4.477739275E-2
2.526135367E1,-8.487379700E-3,3.363669276E-2,-4.834770262E-2
2.527129367E1,-1.153699502E-2,2.930566013E-2,-4.694729447E-2
2.528123367E1,-9.410655051E-3,3.801041007E-2,-3.906407833E-2
2.529117267E1,-8.388196304E-3,3.870096624E-2,-3.532010615E-2
2.530111267E1,-1.727355212E-2,3.559024751E-2,-2.943605304E-2
2.531105167E1,-5.188672990E-4,3.322504878E-2,-1.979574859E-2
2.532099167E1,-7.008107230E-3,4.384417713E-2,-1.318079352E-2
2.533093067E1,-1.345056944E-2,3.429976702E-2,-1.476421952E-2
2.534087067E1,-1.994887255E-2,3.700527370E-2,-7.354043126E-3
2.535081067E1,-1.679239936E-2,3.967160404E-2,-1.446659625E-2
2.536074967E1,-1.940807819E-2,4.439089179E-2,-2.295441449E-2
2.537068967E1,-5.055648834E-3,3.885123968E-2,-2.539153397E-2
2.538062867E1,-3.545605391E-3,2.660950899E-2,-2.303627551E-2
2.539056867E1,5.586356744E-3,6.097476482E-3,-2.068627954E-2
2.540050867E1,1.991386235E-2,1.103311121E-2,-6.074672341E-3
2.541044767E1,2.384479925E-2,1.480865836E-2,-6.110340357E-3
2.542038767E1,2.801766470E-2,3.108555257E-2,-9.129842520E-3
2.543032667E1,3.501729347E-2,2.738192618E-2,-1.349128067E-2
2.544026667E1,6.620517232E-2,3.750170231E-2,-2.792045474E-2
2.545020567E1,6.122897252E-2,2.622768581E-2,-1.772700369E-2
2.546014567E1,5.118162878E-2,1.354799867E-2,-4.280161858E-3
2.547008567E1,5.685576685E-2,1.679378808E-2,-8.414143324E-3
2.548002467E1,7.554178700E-2,1.535420358E-2,-6.878664494E-3
2.548996467E1,6.453623079E-2,3.189597666E-2,-1.823512673E-2
2.549990367E1,2.195746422E-2,3.843491793E-2,-2.210364461E-2
2.550984367E1,-2.011624910E-2,4.653097272E-2,-2.128211081E-2
2.551978267E1,-4.418580070E-2,4.290569901E-2,-2.385722458E-2
2.552972267E1,-5.973405875E-2,4.127666473E-2,-1.976885140E-2
2.553966267E1,-7.867340952E-2,2.592947781E-2,-1.564013243E-2
2.554960167E1,-1.055135912E-1,2.441621840E-2,-2.154698968E-3
2.555954167E1,-1.135628682E-1,2.412210345E-2,-1.360647082E-3
2.556948067E1,-1.071711306E-1,2.714745283E-2,1.246626377E-2
2.557942067E1,-8.122528061E-2,2.338009179E-2,1.047762573E-2
2.558935946E1,-5.389948770E-2,1.865144849E-2,-3.329989314E-3
2.559929846E1,-1.747930102E-2,1.609972358E-2,-1.582665861E-2
2.560923846E1,9.824126288E-3,3.244970798E-2,-3.085049450E-2
2.561917746E1,3.522231147E-2,3.425825179E-2,-4.900025189E-2
2.562911746E1,6.065689556E-2,3.686552525E-2,-5.911710441E-2
2.563905646E1,7.190152980E-2,2.712406397E-2,-6.539642930E-2
2.564899646E1,7.292486563E-2,3.099316657E-2,-4.381201744E-2
2.565893646E1,5.893642545E-2,1.807491302E-2,-3.204098761E-2
2.566887546E1,5.910745651E-2,7.649912238E-3,-1.262881637E-2
2.567881546E1,5.398719594E-2,-9.390628338E-4,4.341557622E-3
2.568875446E1,3.079092599E-2,-7.945781350E-3,2.842857778E-2
2.569869446E1,1.166621849E-2,-1.212712526E-2,3.570426822E-2
2.570863346E1,-8.504044265E-4,-4.378395081E-3,3.190357804E-2
2.571857346E1,-3.623080999E-3,5.254307985E-3,1.965600014E-2
2.572851346E1,-1.297628716E-2,5.611572862E-3,1.417482018E-2
2.573845246E1,-1.669562794E-2,1.460400581E-2,-8.782517910E-3
2.574839246E1,-2.095569000E-2,3.211349308E-2,-1.585121691E-2
2.575833146E1,-4.928340331E-2,2.424781859E-2,-2.412970483E-2
2.576827146E1,-5.309242576E-2,2.157096326E-2,-1.130149841E-2
2.577821146E1,-5.063951880E-2,1.536765218E-2,5.847215652E-7
2.578815046E1,-4.096149981E-2,1.592255294E-2,7.352288961E-3
2.579809046E1,-3.198909357E-2,2.625575244E-2,8.379644752E-3
2.580802946E1,-2.742351450E-2,3.981252193E-2,-1.412745774E-2
2.581796946E1,-1.662100285E-2,3.630653143E-2,-2.599847496E-2
2.582790846E1,-2.521977201E-3,3.434245169E-2,-3.064174891E-2
2.583784846E1,1.320783690E-2,3.656673253E-2,-2.585404873E-2
2.584778846E1,2.935594618E-2,2.438932121E-2,-3.531016588E-2
2.585772746E1,2.878065325E-2,3.531133533E-2,-4.564628899E-2
2.586766746E1,2.017143220E-2,3.207840979E-2,-5.210687757E-2
2.587760646E1,2.130864255E-2,3.435531557E-2,-4.006278276E-2
2.588754646E1,1.765712947E-2,2.803330600E-2,-2.182297826E-2
2.589748646E1,1.983887181E-3,7.774457932E-3,-1.412161052E-2
2.590742546E1,-1.886823401E-3,8.908233047E-3,2.431272268E-3
2.591736546E1,-2.429883555E-3,2.420513391E-2,-2.786782980E-3
2.592730446E1,3.003276139E-3,2.463899732E-2,1.081384063E-2
2.593724446E1,1.408608869E-2,2.444019198E-2,9.243863225E-3
2.594718346E1,2.545906931E-2,2.008518577E-2,-6.984499097E-3
2.595712346E1,1.637322709E-2,1.977879167E-2,-8.829295635E-4
2.596706346E1,6.278520897E-3,1.954080999E-2,-1.929347277E-2
2.597700246E1,-8.504044265E-4,2.520617723E-2,-2.204166412E-2
2.598694246E1,-8.117543310E-3,2.701881409E-2,-3.208425701E-2
2.599688146E1,-1.679188773E-2,2.187034070E-2,-1.647102177E-2
2.600682146E1,-1.861534193E-2,1.928587139E-2,-1.215928495E-2
2.601676046E1,-2.478927076E-2,1.935954630E-2,-6.059469581E-3
2.602670046E1,-1.321353793E-2,1.417774379E-2,-9.049735665E-3
2.603664046E1,-5.295823216E-3,2.300353110E-2,-1.768022597E-2
2.604657946E1,7.102612853E-3,3.110426366E-2,-2.900745213E-2
2.605651946E1,1.511644118E-2,4.281506717E-2,-2.940506279E-2
2.606645846E1,1.679327644E-2,4.280278802E-2,-3.426059067E-2
2.607639846E1,1.246772557E-2,3.034412563E-2,-3.229826510E-2
2.608633846E1,9.388801083E-3,2.907644928E-2,-2.948458493E-2
2.609627746E1,1.361363366E-2,3.094346523E-2,-2.325437665E-2
2.610621746E1,1.636343300E-3,2.120960534E-2,-1.622193038E-2
2.611615646E1,-9.791966602E-3,1.970804036E-2,-7.660437226E-3
2.612609646E1,-3.171675950E-3,2.517694116E-2,-6.785109043E-3
2.613603546E1,1.441579856E-2,2.584469318E-2,-1.173945487E-2
2.614597546E1,9.831216037E-3,1.829710722E-2,-5.494043827E-3
2.615591546E1,4.374594390E-3,2.142185926E-2,-1.562376022E-2
2.616585446E1,-7.884312496E-3,2.499801636E-2,-1.905666053E-2
2.617579446E1,-4.974664897E-3,2.868351638E-2,-2.203581691E-2
2.618573346E1,-1.342184499E-2,3.298414350E-2,-1.407834113E-2
2.619567346E1,-2.527868271E-2,2.881624818E-2,-1.459640443E-2
2.620561246E1,-1.103223413E-2,2.433552682E-2,-1.014784276E-2
2.621555246E1,-1.034474775E-2,1.250368595E-2,7.583838701E-4
2.622549246E1,-4.029608667E-3,6.644775867E-3,-7.948704958E-3
2.623543146E1,8.464283198E-3,1.129915953E-2,-1.527702034E-2
2.624537146E1,1.966352843E-2,2.076521695E-2,-2.202178359E-2
2.625531046E1,1.370682366E-2,2.644812584E-2,-1.264986634E-2
2.626525046E1,1.383136936E-2,2.001501918E-2,-2.381220102E-2
2.627519046E1,1.536677510E-2,6.716696620E-3,-3.878458142E-3
2.628512946E1,9.792332053E-3,1.419996321E-2,-1.439116716E-2
2.629506946E1,1.110210836E-2,1.688500464E-2,-9.919216633E-3
2.630500846E1,3.089888021E-3,2.961146951E-2,-9.472489357E-3
2.631494846E1,9.255411476E-4,1.398244679E-2,-1.340766549E-2
2.632488746E1,-4.463983700E-3,2.023838282E-2,-1.203649342E-2
2.633482746E1,-1.785081849E-2,2.310410321E-2,-1.624122620E-2
2.634476746E1,-1.947985277E-2,2.438756704E-2,-1.288433969E-2
2.635470646E1,-2.680663325E-2,1.891048014E-2,-1.264635801E-2
2.636464646E1,-1.467468403E-2,2.361865819E-2,-8.808245659E-3
2.637458546E1,-5.200001970E-3,2.818241000E-2,-1.632425666E-2
2.638452546E1,1.162609197E-2,2.541960061E-2,-3.271400213E-2
2.639446446E1,1.407790259E-2,3.767536461E-2,-2.962082505E-2
2.640440446E1,1.041535288E-3,3.804315448E-2,-3.017163277E-2
2.641434446E1,-5.509685129E-3,2.312632263E-2,-3.169483244E-2
2.642428346E1,2.954817340E-3,2.825550020E-2,-3.159133673E-2
2.643422346E1,1.355377279E-2,2.448580027E-2,-2.989213586E-2
2.644416246E1,8.845594749E-3,2.091958344E-2,-1.405670643E-2
2.645410246E1,-5.363431647E-3,3.481958449E-2,-1.412687302E-2
2.646404246E1,-8.176965639E-3,2.986289978E-2,-9.998738766E-4
2.647398146E1,-3.538442552E-3,1.891808152E-2,2.575698495E-3
2.648392146E1,2.629785240E-4,2.135286212E-2,-1.597693205E-2
2.649386046E1,1.047652937E-2,2.262930930E-2,-2.176333666E-2
2.650380046E1,-9.584682807E-3,2.607565820E-2,-1.053258955E-2
2.651373946E1,-1.954526849E-2,3.266488552E-2,-1.767847180E-2
2.652367946E1,-2.405924588E-2,2.278426051E-2,-1.361407220E-2
2.653361946E1,-2.382747687E-2,1.331878781E-2,-7.026599050E-3
2.654355846E1,-1.550411157E-2,1.357255697E-2,-8.235218525E-3
2.655349846E1,-1.119369037E-2,1.994719148E-2,-1.046534657E-2
2.656343746E1,9.318853766E-3,2.290939093E-2,-1.551500201E-2
2.657337746E1,1.318876036E-2,2.843851805E-2,-3.326130152E-2
2.658331717E1,2.293979645E-2,2.445305586E-2,-2.794384360E-2
2.659325717E1,1.880786151E-2,2.174111724E-2,-2.093186259E-2
2.660319717E1,2.278630704E-2,1.574128926E-2,-2.045531452E-2
2.661313617E1,2.119732618E-2,2.719598472E-2,-2.809002399E-2
2.662307617E1,1.316347115E-2,2.931618512E-2,-1.424849510E-2
2.663301517E1,1.106366292E-3,2.465536952E-2,-1.394911766E-2
2.664295517E1,-5.338800251E-3,2.446475029E-2,-8.269132376E-3
2.665289517E1,-1.277960144E-2,1.957063079E-2,-8.901801109E-3
2.666283417E1,-1.292578183E-2,2.289594233E-2,-6.224361062E-3
2.667277417E1,-1.314958401E-2,2.489919841E-2,-7.524197102E-3
2.668271317E1,-1.230144538E-2,3.061777532E-2,-1.259958029E-2
2.669265317E1,-1.671843208E-2,3.571186960E-2,-2.622827053E-2
2.670259217E1,-1.227820270E-2,2.927525461E-2,-3.836884439E-2
2.671253217E1,-1.451337397E-2,3.956635416E-2,-3.588611662E-2
2.672247217E1,-2.019423634E-2,2.571079195E-2,-2.130374551E-2
2.673241117E1,-2.753483087E-2,1.595178902E-2,-2.423086166E-3
2.674235117E1,-2.504537880E-2,1.185406029E-2,-1.105533063E-2
2.675229017E1,-2.461531609E-3,5.203437209E-3,4.574276805E-3
2.676223017E1,1.260579295E-2,1.617047489E-2,-7.527120709E-3
2.677217017E1,1.457681626E-2,2.561723650E-2,3.905940056E-4
2.678210917E1,2.197676003E-2,3.259062588E-2,-9.066107869E-3
2.679204917E1,3.347706378E-2,3.107210398E-2,2.314327955E-3
2.680198817E1,2.842558108E-2,1.094657242E-2,-7.513672113E-4
2.681192817E1,1.567821242E-2,1.355735421E-2,-1.150556624E-2
2.682186717E1,5.764112100E-3,2.743338168E-2,-1.146638989E-2
2.683180717E1,-1.181612648E-2,3.546219349E-2,-1.605002224E-2
2.684174717E1,-1.548116125E-2,2.301639497E-2,-2.598970413E-2
2.685168617E1,-1.923858203E-2,1.384620667E-2,-1.589799464E-2
2.686162617E1,-1.760362744E-2,1.183651865E-2,-1.084541559E-2
2.687156517E1,-1.658898935E-2,1.498875260E-2,-2.288132429E-2
2.688150517E1,-1.857178017E-2,2.313567817E-2,-2.468402088E-2
2.689144417E1,-1.021325849E-2,3.984935939E-2,-3.112005115E-2
2.690138417E1,-3.231975362E-3,4.182337940E-2,-2.040444374E-2
2.691132417E1,1.254081577E-2,3.576507926E-2,-3.123641074E-2
2.692126317E1,2.370037302E-2,3.342209995E-2,-2.835431814E-2
2.693120317E1,3.072046705E-2,2.897646189E-2,-2.893085361E-2
2.694114217E1,1.486581489E-2,3.038564086E-2,-1.816905320E-2
2.695108217E1,2.439312190E-3,2.147682309E-2,-8.167975545E-3
2.696102117E1,5.684224516E-3,1.820589066E-2,-3.042306304E-3
2.697096117E1,1.858325534E-2,2.114470124E-2,-8.186101913E-3
2.698090117E1,1.677419990E-4,1.929931998E-2,-5.661858916E-3
2.699084017E1,-1.345035017E-2,1.812636852E-2,-1.875552893E-2
2.700078017E1,-1.705333136E-2,1.502792895E-2,-1.246801794E-2
2.701071917E1,-1.372721583E-2,8.960273266E-3,-1.282703698E-2
2.702065917E1,-1.568771414E-2,2.014775097E-2,-2.241647065E-2
2.703059917E1,-1.254724771E-2,2.030094802E-2,-2.190951705E-2
2.704053817E1,-2.330831721E-2,1.376843870E-2,-1.202772260E-2
2.705047817E1,-2.185038708E-2,2.140665650E-2,-1.388889134E-2
2.706041717E1,-1.153450996E-2,2.447059751E-2,-1.149796486E-2
2.707035717E1,-4.326647222E-3,2.555934906E-2,-2.246383309E-2
2.708029617E1,-1.720250845E-3,3.501897454E-2,-2.673463941E-2
2.709023617E1,-1.388786808E-3,3.719179988E-2,-1.823395729E-2
2.710017617E1,-3.698948622E-3,3.171471298E-2,-1.320067406E-2
2.711011517E1,-1.197217405E-3,1.759310246E-2,-2.747606635E-3
2.712005517E1,-8.143636510E-3,6.803820133E-3,-5.998073816E-3
2.712999417E1,-1.626300707E-2,8.881920576E-4,1.064193249E-2
2.713993417E1,-3.356236003E-2,5.113390088E-3,1.664936185E-2
2.714987317E1,-2.331328735E-2,4.024638534E-3,5.116898417E-3
2.715981317E1,-1.547524095E-2,-7.202600241E-3,9.521605968E-3
2.716975317E1,7.257344797E-3,1.776384115E-3,9.185975790E-4
2.717969217E1,3.578327872E-2,1.337433636E-2,-1.575766146E-2
2.718963217E1,4.487014420E-2,2.242231786E-2,-2.725328743E-2
2.719957117E1,4.445616134E-2,3.483478725E-2,-4.667130589E-2
2.720951117E1,4.175328590E-2,3.618666351E-2,-4.283904076E-2
2.721945017E1,3.322943419E-2,3.833025277E-2,-4.742442727E-2
2.722939017E1,3.275390938E-2,2.821807802E-2,-4.587608457E-2
2.723933017E1,5.982578695E-3,3.357763588E-2,-3.637085080E-2
2.724926917E1,-2.013284057E-2,3.192638218E-2,-2.862562895E-2
2.725920917E1,-3.234869733E-2,3.592236936E-2,-3.166968942E-2
2.726914817E1,-4.495427102E-2,3.608901501E-2,-1.243761241E-2
2.727908817E1,-4.844615512E-2,2.661652565E-2,-1.085126281E-2
2.728902817E1,-5.456914008E-2,2.265913010E-2,-1.805854082E-2
2.729896717E1,-4.216361426E-2,2.447761416E-2,-4.914584756E-3
2.730890717E1,-3.208593808E-2,2.306200325E-2,-1.487531662E-2
2.731884617E1,-2.512607038E-2,1.797960341E-2,-1.249199152E-2
2.732878617E1,-1.280167468E-2,2.228958607E-2,-1.685284495E-2
2.733872517E1,4.422103018E-3,2.248371363E-2,-2.636977315E-2
2.734866517E1,1.015866011E-2,1.859940827E-2,-2.218082786E-2
2.735860517E1,3.364334397E-2,1.947415173E-2,-1.793457985E-2
2.736854417E1,4.264717899E-2,1.767262459E-2,-2.450275719E-2
2.737848417E1,4.623919666E-2,1.785622716E-2,-1.566176713E-2
2.738842317E1,3.870023534E-2,1.936656296E-2,-1.110210836E-2
2.739836317E1,1.928470194E-2,1.916074097E-2,-7.272766829E-3
2.740830217E1,1.791067936E-2,1.051680207E-2,-1.114830136E-2
2.741824217E1,1.634596445E-2,9.625686407E-3,-5.340846777E-3
2.742818217E1,1.750846401E-2,1.293228686E-2,4.509372711E-3
2.743812117E1,6.521838158E-4,1.560212553E-2,-4.801733494E-3
2.744806117E1,-1.481984116E-2,5.141456723E-3,5.917382240E-4
2.745800017E1,-1.291291796E-2,3.763267994E-3,-6.164134741E-3
2.746794017E1,-1.260447733E-2,1.923500061E-2,-1.339012384E-2
2.747787917E1,-1.582768187E-2,2.605636239E-2,-1.725396395E-2
2.748781917E1,-2.246653743E-2,2.722171247E-2,-1.537583828E-2
2.749775917E1,-2.181830049E-2,3.022191882E-2,-1.886428714E-2
2.750769817E1,-1.299032047E-2,3.086218894E-2,-1.867015958E-2
2.751763817E1,-1.420252137E-2,1.967646539E-2,-2.177152276E-2
2.752757717E1,-2.770308450E-2,2.432090878E-2,-8.740417957E-3
2.753751717E1,-2.350697637E-2,3.200122654E-2,-2.468928337E-2
2.754745717E1,-1.935406454E-2,3.505171895E-2,-2.223228335E-2
2.755739617E1,-6.916817576E-3,2.695215583E-2,-2.419636309E-2
2.756733617E1,-9.224567413E-3,2.990383029E-2,-2.497228861E-2
2.757727517E1,-1.125684030E-2,2.859346926E-2,-2.055530190E-2
2.758721454E1,-1.254549354E-2,2.276437998E-2,-1.973493755E-2
2.759715354E1,-8.452296406E-3,6.242487431E-3,-2.466706395E-2
2.760709354E1,3.396939933E-3,1.563253105E-2,-1.907244802E-2
2.761703354E1,1.611558415E-2,1.734868884E-2,-1.765742183E-2
2.762697254E1,4.026692368E-2,2.673522413E-2,-2.132713437E-2
2.763691254E1,4.388598472E-2,2.811458230E-2,-1.391812742E-2
2.764685154E1,4.796704888E-2,1.843627095E-2,9.923309684E-3
2.765679154E1,3.462962307E-2,1.992204845E-2,-5.876451731E-3
2.766673054E1,1.747783922E-2,1.359126806E-2,8.539858460E-3
2.767667054E1,-3.481578380E-3,2.395194948E-2,1.136640251E-2
2.768661054E1,-2.491023503E-2,2.461502373E-2,1.826670170E-3
2.769654954E1,-4.138951600E-2,1.424674094E-2,-2.807832956E-3
2.770648954E1,-5.155395024E-2,1.907420218E-2,-1.069338799E-2
2.771642854E1,-5.713913754E-2,1.573485732E-2,-2.415484786E-3
2.772636854E1,-5.310163513E-2,1.513551772E-2,-2.034480214E-2
2.773630754E1,-2.955270499E-2,2.071083784E-2,-2.923256993E-2
2.774624754E1,-2.447717562E-3,2.115756512E-2,-4.219526231E-2
2.775618754E1,6.009768248E-3,2.994183719E-2,-4.635614097E-2
2.776612654E1,6.375219226E-3,2.690011561E-2,-4.128718972E-2
2.777606654E1,2.637854397E-2,3.269587576E-2,-3.838580132E-2
2.778600554E1,3.628285021E-2,1.849942088E-2,-2.829584599E-2
2.779594554E1,3.991806418E-2,1.909057438E-2,-1.723934591E-2
2.780588554E1,3.724939495E-2,2.348885000E-2,-1.352227092E-2
2.781582454E1,2.445283659E-2,2.341459036E-2,-1.031682730E-2
2.782576454E1,2.972987562E-2,2.078217387E-2,-1.834154606E-2
2.783570354E1,1.615300633E-2,2.217965841E-2,-1.083489060E-2
2.784564354E1,-2.269012034E-3,2.118738592E-2,-9.149138331E-3
2.785558254E1,-1.427626938E-2,1.651429117E-2,-1.558224499E-2
2.786552254E1,-2.662200741E-2,1.942211151E-2,-1.378071785E-2
2.787546254E1,-4.231703058E-2,2.847652495E-2,-1.807432830E-2
2.788540154E1,-4.072154470E-2,3.918043792E-2,-2.337775290E-2
2.789534154E1,-2.679267302E-2,2.983132482E-2,-2.207440853E-2
2.790528054E1,-6.178314239E-3,2.514828980E-2,-1.876839280E-2
2.791522054E1,5.167769194E-3,2.418700755E-2,-2.236735404E-2
2.792515954E1,1.475764140E-2,2.819468915E-2,-2.731877625E-2
2.793509954E1,2.206644170E-2,2.896652162E-2,-1.531619668E-2
2.794503954E1,2.193875313E-2,3.152117014E-2,-1.069338799E-2
2.795497854E1,1.681549586E-2,2.588094592E-2,-7.970924377E-3
2.796491854E1,9.355764315E-3,1.870173454E-2,-5.344355106E-4
2.797485754E1,-4.212991968E-3,1.106293201E-2,-6.440123320E-3
2.798479754E1,-1.105079904E-2,1.810064077E-2,-4.402953386E-3
2.799473754E1,-2.375796810E-2,1.595003486E-2,4.363777041E-3
2.800467654E1,-2.022120662E-2,2.212001681E-3,-6.378727555E-3
2.801461654E1,-1.466737501E-2,1.856490970E-2,2.681533098E-3
2.802455554E1,-1.489746295E-2,1.549336731E-2,4.305889606E-3
2.803449554E1,1.200945005E-3,2.260825932E-2,-2.472787499E-3
2.804443454E1,4.268979058E-3,3.158256590E-2,-7.862750888E-3
2.805437454E1,5.854159221E-3,3.306892812E-2,-1.672771454E-2
2.806431454E1,6.811275333E-3,2.661243260E-2,-2.157856464E-2
2.807425354E1,1.158567309E-2,2.388178289E-2,-2.393733144E-2
2.808419354E1,7.781182230E-3,2.510502040E-2,-3.598142624E-2
2.809413254E1,4.567187056E-3,2.505005658E-2,-4.091764569E-2
2.810407254E1,7.112406939E-4,3.072010159E-2,-4.176958501E-2
2.811401154E1,-1.415172368E-3,3.207373202E-2,-3.599955261E-2
2.812395154E1,-5.716238022E-3,3.961605549E-2,-4.034578800E-2
2.813389154E1,-9.535639286E-3,3.616385937E-2,-4.039899766E-2
2.814383054E1,-1.804450750E-2,2.893845499E-2,-3.251636624E-2
2.815377054E1,-2.731694899E-2,2.217030287E-2,-2.849231243E-2
2.816370954E1,-2.634280287E-2,1.589565575E-2,-1.540448964E-2
2.817364954E1,-1.533870846E-2,9.878870845E-3,-1.059223115E-2
2.818358854E1,-9.802418500E-3,7.076300383E-3,-9.114639759E-3
2.819352854E1,-8.525678962E-3,3.380860090E-3,-8.862624764E-3
2.820346854E1,8.381252736E-4,-5.350202322E-4,-8.507114053E-3
2.821340754E1,1.495527729E-2,7.880292535E-3,-5.991641879E-3
2.822334754E1,1.182891726E-3,2.084415436E-2,-1.124419570E-2
2.823328654E1,7.282195464E-3,1.484608054E-2,-2.050560057E-2
2.824322654E1,2.054258421E-2,1.130968451E-2,-1.774337590E-2
2.825316654E1,5.190354064E-3,2.084298491E-2,-2.466121674E-2
2.826310554E1,5.323670581E-3,1.572433233E-2,-1.678033948E-2
2.827304554E1,1.481340922E-2,2.991669416E-2,-2.133473575E-2
2.828298454E1,1.681403406E-2,1.970160842E-2,-6.586303711E-3
2.829292454E1,1.615322560E-2,2.700536549E-2,-1.147048295E-2
2.830286354E1,-4.213722870E-3,3.246783435E-2,-1.775507033E-2
2.831280354E1,3.320049047E-3,1.906777024E-2,-1.596991539E-2
2.832274354E1,5.350933224E-4,1.419177711E-2,-1.818834901E-2
2.833268254E1,-1.008937061E-2,8.987170458E-3,-2.406713963E-2
2.834262254E1,-1.038925968E-2,1.876137614E-2,-1.913150489E-2
2.835256154E1,-1.356203198E-2,2.177620053E-2,-2.092660010E-2
2.836250154E1,-4.614476413E-3,2.930799901E-2,-3.209829032E-2
2.837244054E1,2.337862998E-3,3.752976894E-2,-2.687848091E-2
2.838238054E1,1.376288384E-4,4.118252456E-2,-2.070966840E-2
2.839232054E1,-2.210686058E-3,3.958272636E-2,-2.371279836E-2
2.840225954E1,-1.151002474E-2,3.967569709E-2,-1.366026521E-2
2.841219954E1,-1.171160750E-2,2.820579886E-2,-7.060512900E-3
2.842213854E1,-1.778796092E-2,1.617807627E-2,5.170692801E-3
2.843207854E1,-4.465730555E-2,5.921475291E-3,5.896332264E-3
2.844201754E1,-4.530503087E-2,1.399238706E-3,2.717201114E-3
2.845195754E1,-3.744059891E-2,1.655346751E-3,3.346946239E-3
2.846189754E1,-2.472992152E-2,-5.502814651E-3,6.606768966E-3
2.847183654E1,-1.301005483E-3,1.022093296E-3,1.276037872E-2
2.848177654E1,2.890885346E-2,8.261530995E-3,-9.121656418E-4
2.849171554E1,2.841359429E-2,2.724159300E-2,-7.078054547E-3
2.850165554E1,3.419451714E-2,2.619786501E-2,-2.149261057E-2
2.851159454E1,1.893036067E-2,2.224105418E-2,-2.570202112E-2
2.852153454E1,1.585954919E-2,2.061143517E-2,-2.372741640E-2
2.853147454E1,8.163151592E-3,3.233334839E-2,-2.337249041E-2
2.854141354E1,1.614416242E-3,2.328887522E-2,-4.080479443E-2
2.855135354E1,5.291583985E-3,1.764280379E-2,-4.152049363E-2
2.856129254E1,-2.009834200E-3,2.011383712E-2,-4.443650007E-2
2.857123254E1,7.970705107E-3,2.797658801E-2,-6.579403996E-2
2.858117154E1,1.833211742E-2,3.233978033E-2,-7.329952598E-2
2.859111242E1,2.652413964E-2,4.202276945E-2,-6.983388126E-2
2.860105242E1,1.571950838E-2,5.017437279E-2,-6.286224604E-2
2.861099142E1,7.140327394E-3,3.364078581E-2,-5.220920384E-2
2.862093142E1,8.023622409E-3,3.077389598E-2,-3.228364706E-2
2.863087042E1,-1.874770828E-2,2.260475099E-2,4.666078091E-4
2.864081042E1,-2.281393513E-2,9.259650707E-3,2.098858058E-2
2.865075042E1,-1.638141319E-2,2.694396973E-3,1.929698110E-2
2.866068942E1,8.611486852E-3,-7.396727800E-4,3.765723825E-2
2.867062942E1,2.081104450E-2,8.118858933E-3,2.191945732E-2
2.868056842E1,1.995822810E-2,1.016363025E-2,1.374797344E-2
2.869050842E1,2.684873320E-2,1.706743777E-2,-4.075509310E-3
2.870044742E1,1.320067406E-2,1.053960621E-2,-2.345142782E-2
2.871038742E1,-2.467963547E-3,1.797901869E-2,-2.420864224E-2
2.872032742E1,-2.462774143E-3,1.590384185E-2,-3.342385411E-2
2.873026642E1,-1.774198718E-2,2.808768511E-2,-2.987284005E-2
2.874020642E1,-1.347322740E-2,2.941617250E-2,-4.242973566E-2
2.875014542E1,6.985083818E-3,3.452839315E-2,-3.748649955E-2
2.876008542E1,3.649320379E-3,3.327591956E-2,-3.414306164E-2
2.877002442E1,5.144307241E-3,3.626969397E-2,-2.434195876E-2
2.877996442E1,1.618991688E-2,3.141124249E-2,-2.870281219E-2
2.878990442E1,1.079381391E-2,3.552008092E-2,-2.003723860E-2
2.879984342E1,-2.409125939E-3,3.845655262E-2,-1.716216266E-2
2.880978342E1,-3.733469121E-2,3.167729080E-2,-2.068511009E-2
2.881972242E1,-5.368613742E-2,1.737441659E-2,-3.375012875E-3
2.882966242E1,-6.079744801E-2,1.252941370E-2,-4.050951004E-3
2.883960142E1,-6.584045224E-2,7.224234939E-3,4.021714926E-3
2.884954142E1,-5.132210813E-2,1.161490917E-2,-3.254560232E-3
2.885948142E1,-4.280278802E-2,1.748142064E-2,-6.562914848E-3
2.886942042E1,-3.000469476E-2,2.111371100E-2,-1.249842346E-2
2.887936042E1,-1.997313850E-2,2.087514460E-2,-9.866006970E-3
2.888929942E1,-5.356049538E-4,1.658211887E-2,-1.235165834E-2
2.889923942E1,9.567945153E-3,1.711187661E-2,-2.454778075E-2
2.890917842E1,3.706842363E-2,3.504821062E-3,-2.922496855E-2
2.891911842E1,6.052898772E-2,8.441625237E-3,-3.194509327E-2
2.892905842E1,6.156694159E-2,1.587519050E-2,-3.089551806E-2
2.893899742E1,6.205145650E-2,1.579800725E-2,-3.628665090E-2
2.894893742E1,4.924261898E-2,1.710719883E-2,-3.467866659E-2
2.895887642E1,3.376248099E-2,1.954139471E-2,-3.501605093E-2
2.896881642E1,1.906250775E-2,3.233100951E-2,-1.225459456E-2
2.897875542E1,-2.546974048E-3,1.361056387E-2,-1.381404698E-2
2.898869542E1,-2.868527055E-2,5.858325362E-3,-1.138803720E-2
2.899863542E1,-4.616778754E-2,4.437451959E-3,-5.274188519E-3
2.900857442E1,-5.316149600E-2,-3.156327009E-3,-5.519771576E-4
2.901851442E1,-6.685384780E-2,5.344355106E-4,2.971554995E-3
2.902845342E1,-6.843734689E-2,3.248128295E-3,4.568429589E-3
2.903839342E1,-6.182151474E-2,1.556528807E-3,4.255603552E-3
2.904833342E1,-5.270833679E-2,3.432315588E-3,4.599419832E-3
2.905827242E1,-3.685229592E-2,9.071955085E-3,6.354753971E-3
2.906821242E1,-2.191572972E-2,1.955191970E-2,3.869687319E-3
2.907815142E1,1.225503311E-3,1.035717309E-2,2.821866274E-3
2.908809142E1,2.620210424E-3,1.359302223E-2,1.634296775E-3
2.909803042E1,2.299454100E-2,2.263047874E-2,1.534075499E-2
2.910797042E1,4.525562190E-2,1.103545010E-2,2.388002872E-3
2.911791042E1,6.086512953E-2,1.395788848E-2,-1.231891394E-2
2.912784942E1,6.228432186E-2,3.054410040E-2,-3.244970798E-2
2.913778942E1,5.362971179E-2,5.308920979E-2,-4.696366668E-2
2.914772842E1,2.268588111E-2,6.518592954E-2,-6.093032598E-2
2.915766842E1,5.912119746E-3,4.202920139E-2,-5.378268957E-2
2.916760742E1,-1.486654580E-4,3.735025942E-2,-7.187572896E-2
2.917754742E1,-6.404309124E-3,3.186674058E-2,-6.888663232E-2
2.918748742E1,-2.063782074E-2,4.703324854E-2,-7.267855167E-2
2.919742642E1,-3.236755461E-2,4.426576138E-2,-4.909322262E-2
2.920736642E1,-3.901540026E-2,4.085040271E-2,-3.508680224E-2
2.921730542E1,-3.888237610E-2,2.162592709E-2,-1.105240703E-2
2.922724542E1,-4.251298539E-2,1.123250127E-2,-2.411391735E-3
2.923718442E1,-3.489625610E-2,1.885200799E-2,7.671546936E-3
2.924712442E1,-1.515232846E-2,2.375197470E-2,-4.425172806E-3
2.925706442E1,-2.383471280E-4,1.718964458E-2,-1.153597176E-2
2.926700342E1,3.319603197E-2,1.898006201E-2,-1.275394678E-2
2.927694342E1,4.376523972E-2,1.997584283E-2,-1.182482421E-2
2.928688242E1,5.211557530E-2,2.441738784E-2,-2.035123408E-2
2.929682242E1,5.064682782E-2,2.141484261E-2,-1.527526617E-2
2.930676142E1,3.636741556E-2,2.332454324E-2,-1.417715907E-2
2.931670142E1,3.686801031E-2,1.443151295E-2,-1.850994587E-2
2.932664142E1,2.158441186E-2,2.309591711E-2,-1.428007007E-2
2.933658042E1,1.223712601E-2,1.681366861E-2,-5.727932453E-3
2.934652042E1,-6.914332509E-4,1.440227687E-2,-1.683237970E-2
2.935645942E1,-1.923514679E-3,1.529456198E-2,-1.161373973E-2
2.936639942E1,-2.833195254E-3,1.382924974E-2,-1.067818522E-2
2.937633842E1,-1.183776118E-2,1.991678596E-2,-1.910402298E-2
2.938627842E1,-4.504329488E-3,2.551432550E-2,-2.757313013E-2
2.939621842E1,-1.131699353E-2,1.933323383E-2,-1.620204985E-2
2.940615742E1,-2.844743505E-3,2.441914201E-2,-1.853976667E-2
2.941609742E1,3.472515196E-4,3.563351691E-2,-7.435319424E-3
2.942603642E1,-7.079881802E-3,2.390400231E-2,-1.356320143E-2
2.943597642E1,-4.375690743E-3,2.247611225E-2,-1.212303221E-2
2.944591642E1,4.245078564E-3,2.812920034E-2,-1.137283444E-2
2.945585542E1,2.079416066E-4,2.261235237E-2,-1.761005938E-2
2.946579542E1,1.560190625E-2,2.504537880E-2,-1.571614623E-2
2.947573442E1,1.017247416E-2,2.514068842E-2,-2.458637238E-2
2.948567442E1,5.410136282E-4,1.698440731E-2,-1.695867956E-2
2.949561342E1,-5.781580657E-3,7.335916758E-3,-2.711646259E-2
2.950555342E1,-1.111475296E-2,1.239083469E-2,-2.109090686E-2
2.951549342E1,-5.165430307E-3,3.778997004E-2,-1.945251703E-2
2.952543242E1,4.189822376E-3,4.194792509E-2,-3.468451381E-2
2.953537242E1,-6.978651881E-4,2.606162488E-2,-3.390683413E-2
2.954531142E1,1.143861562E-4,2.165107012E-2,-4.004407167E-2
2.955525142E1,-6.083296984E-3,1.946830451E-2,-2.140548706E-2
2.956519042E1,-1.942737401E-3,1.668035209E-2,-8.759129047E-3
2.957513042E1,8.125510141E-3,1.442391157E-2,-1.084249198E-2
2.958506971E1,-3.801567256E-3,1.337784469E-2,-1.532906055E-2
2.959500871E1,-1.240749925E-2,1.239609718E-2,-1.389298439E-2
2.960494871E1,-8.220527396E-3,1.256098866E-2,-2.130140662E-2
2.961488771E1,2.972943708E-3,1.181488395E-2,-9.734444618E-3
2.962482771E1,1.222206943E-2,1.527585089E-2,-1.468820572E-3
2.963476671E1,1.304104507E-2,1.150556624E-2,-7.331823707E-3
2.964470671E1,1.297862604E-2,1.570737541E-2,-2.828882933E-3
2.965464671E1,4.550961033E-3,2.104412913E-2,9.115809202E-3
2.966458571E1,7.818019688E-3,1.919407010E-2,-9.823322296E-5
2.967452571E1,1.001313753E-2,1.536589801E-2,-1.727852225E-3
2.968446471E1,-3.669127822E-3,1.399121761E-2,-9.263159037E-3
2.969440471E1,-1.189791441E-2,1.995128453E-2,-1.017532468E-2
2.970434371E1,-2.934110887E-2,2.591135144E-2,-2.332103491E-2
2.971428371E1,-2.168849230E-2,1.753813863E-2,-2.879227459E-2
2.972422371E1,-2.501796998E-2,1.568457127E-2,-2.411567152E-2
2.973416271E1,-2.536332116E-2,2.050560057E-2,-2.139905512E-2
2.974410271E1,-1.465473041E-2,3.802795172E-2,-2.798243523E-2
2.975404171E1,-1.569831222E-2,3.084406257E-2,-2.051846445E-2
2.976398171E1,1.978770867E-3,2.971905828E-2,-1.418242157E-2
2.977392071E1,-2.953940257E-3,2.672996163E-2,-8.936884403E-3
2.978386071E1,-5.935216248E-3,2.771521747E-2,-6.502103806E-3
2.979380071E1,-8.624716178E-3,3.316306829E-2,-5.169523358E-3
2.980373971E1,-1.552589245E-2,1.865144849E-2,-9.546748996E-3
2.981367971E1,-2.746437192E-3,1.840469599E-2,-1.039927304E-2
2.982361871E1,-9.562536478E-3,2.270649254E-2,-2.107219577E-2
2.983355871E1,-5.857229009E-3,1.311296582E-2,-2.080088496E-2
2.984349871E1,6.667141467E-3,1.811408937E-2,-1.366728187E-2
2.985343771E1,-6.680955514E-3,2.244044423E-2,-6.465851068E-3
2.986337771E1,-3.210706115E-3,8.268547654E-3,-1.911571741E-2
2.987331671E1,-5.332953036E-3,1.806965053E-2,-2.637035787E-2
2.988325671E1,5.677646399E-4,1.443911433E-2,-1.875669837E-2
2.989319571E1,1.099715084E-3,1.702182949E-2,-3.459622085E-2
2.990313571E1,3.700702786E-3,1.953671694E-2,-3.288474083E-2
2.991307571E1,1.727727972E-2,2.796781719E-2,-2.107219577E-2
2.992301471E1,2.465361536E-2,2.374554276E-2,-2.010506630E-2
2.993295471E1,6.631400362E-3,3.133522868E-2,-1.217390299E-2
2.994289371E1,-3.163197488E-3,3.476579010E-2,-1.651078284E-2
2.995283371E1,-4.303989261E-3,3.630360782E-2,-1.447770596E-2
2.996277271E1,-8.730623871E-3,3.051486433E-2,-1.273406625E-2
2.997271271E1,-3.124540083E-2,2.075118363E-2,-1.344684184E-2
2.998265271E1,-2.045743413E-2,1.392572880E-2,-7.569220662E-3
2.999259171E1,-2.469030663E-2,1.445665598E-2,-1.403331757E-4
3.000253171E1,-2.989140496E-2,2.056173384E-2,-1.599447370E-2
3.001247071E1,-2.919127397E-2,1.297906458E-2,-1.319248796E-2
3.002241071E1,-1.474353500E-2,1.074952126E-2,-2.072604060E-2
3.003234971E1,2.532356009E-3,1.642658293E-2,-6.579287052E-3
3.004228971E1,1.750349388E-2,2.691765726E-2,-4.144506454E-3
3.005222971E1,2.811699428E-2,3.203221679E-2,-2.767487168E-3
3.006216871E1,3.894318715E-2,2.443609893E-2,2.055296302E-3
3.007210871E1,2.565692447E-2,3.028799236E-2,-6.964618564E-3
3.008204771E1,3.800324723E-3,2.310761154E-2,-9.601712823E-3
3.009198771E1,-6.565838456E-3,2.699659467E-2,-2.188028097E-3
3.010192671E1,-3.470834121E-3,2.268485785E-2,-1.360179305E-2
3.011186671E1,-1.237614356E-2,2.587392926E-2,-1.823278785E-2
3.012180671E1,-2.633724801E-2,2.539738119E-2,-1.603481948E-2
3.013174571E1,-1.738611102E-2,2.247377336E-2,-3.796538651E-2
3.014168571E1,-1.886121735E-2,2.042432427E-2,-4.308930159E-2
3.015162471E1,-1.047711410E-2,2.334033072E-2,-4.022767425E-2
3.016156471E1,-4.916046560E-3,2.883905232E-2,-2.580259323E-2
3.017150371E1,-3.973621577E-3,3.489969134E-2,-3.614280939E-2
3.018144371E1,8.642330915E-3,3.470264018E-2,-3.809460998E-2
3.019138371E1,6.706829444E-3,3.972949147E-2,-2.364146233E-2
3.020132271E1,1.381426625E-2,2.789765060E-2,-6.321424842E-3
3.021126271E1,1.425507322E-2,2.672586858E-2,-6.069994569E-3
3.022120171E1,2.319005728E-3,2.409988403E-2,3.168021441E-3
3.023114171E1,2.868790179E-4,2.555174768E-2,-8.215922713E-3
3.024108171E1,1.201478563E-2,1.735044301E-2,-2.013956487E-2
3.025102071E1,1.288141608E-2,1.992029428E-2,-2.559267819E-2
3.026096071E1,1.027480043E-2,1.903678000E-2,-2.373677194E-2
3.027089971E1,-7.339717448E-4,1.363161385E-2,-2.879285932E-2
3.028083971E1,-1.716406301E-2,1.261829138E-2,-2.990266085E-2
3.029077871E1,-1.548554666E-2,1.800240755E-2,-2.369233310E-2
3.030071871E1,-2.661857218E-2,1.591729045E-2,-2.298832834E-2
3.031065871E1,-2.655103683E-2,1.256975949E-2,-1.124653459E-2
3.032059771E1,-2.014913969E-2,6.955847740E-3,-8.344561458E-3
3.033053771E1,-9.607048407E-3,1.875845253E-2,-1.104422092E-2
3.034047671E1,-9.655945748E-4,2.392095923E-2,-1.081384063E-2
3.035041671E1,5.973442420E-3,1.468118906E-2,-9.756664038E-3
3.036035571E1,1.079607971E-2,1.031799674E-2,-8.234049082E-3
3.037029571E1,1.687528364E-2,8.516469598E-3,-1.089453220E-2
3.038023571E1,1.609943122E-2,7.362229228E-3,-1.205929756E-2
3.039017471E1,1.100606784E-2,1.043669522E-2,-9.747893214E-3
3.040011471E1,1.140499413E-3,1.756269693E-2,-5.183556676E-3
3.041005371E1,-4.427000061E-3,1.272997320E-2,-1.119800270E-2
3.041999371E1,-2.917468250E-3,1.036302030E-2,-1.622485399E-2
3.042993271E1,3.365218788E-3,1.500454009E-2,-1.586349607E-2
3.043987271E1,-9.636796117E-3,1.467183352E-2,-1.399238706E-2
3.044981271E1,-2.442301579E-2,1.937357962E-2,-5.722085238E-3
3.045975171E1,-3.197688751E-2,2.041262984E-2,-3.366826773E-3
3.046969171E1,-2.124629661E-2,3.162758946E-2,-1.863624573E-2
3.047963071E1,-1.021852098E-2,1.920342565E-2,-2.433961987E-2
3.048957071E1,-1.244433671E-3,2.523775220E-2,-3.342385411E-2
3.049950971E1,-5.222586840E-3,2.315029621E-2,-2.010331213E-2
3.050944971E1,-3.371869996E-3,2.626569271E-2,-2.431096852E-2
3.051938971E1,-8.525532782E-3,2.010974407E-2,-9.952545762E-3
3.052932871E1,-9.377472103E-3,1.355969310E-2,-1.441514075E-2
3.053926871E1,-1.135821640E-3,1.787727714E-2,-2.406538546E-2
3.054920771E1,7.510163784E-3,1.264051080E-2,-3.096276104E-2
3.055914771E1,1.005238697E-2,1.849474311E-2,-3.244386077E-2
3.056908671E1,1.023372374E-2,2.257493019E-2,-2.285325766E-2
3.057902671E1,2.031395808E-3,2.130900800E-2,-1.279663146E-2
3.058896704E1,9.376741201E-3,1.748259008E-2,-2.086345017E-2
3.059890604E1,6.883634627E-4,1.117753744E-2,-3.711812496E-3
3.060884604E1,-6.362647712E-3,1.658036470E-2,-1.304630756E-2
3.061878504E1,-1.040000394E-2,1.669672430E-2,8.180254698E-4
3.062872504E1,-1.067964703E-2,1.852807224E-2,1.322640181E-3
3.063866404E1,-7.743540779E-3,1.187335610E-2,-5.452528596E-3
3.064860404E1,-1.415355094E-2,1.135470808E-2,-6.352999806E-3
3.065854404E1,-1.979925692E-2,2.085818768E-2,-1.866606653E-2
3.066848304E1,-2.136302166E-2,2.637854397E-2,-1.995420814E-2
3.067842304E1,-1.778920345E-2,1.739488184E-2,-1.686453938E-2
3.068836204E1,-1.581598744E-3,2.634930789E-2,-1.366026521E-2
3.069830204E1,9.088765830E-3,1.929522693E-2,-1.900169671E-2
3.070824204E1,1.309198894E-2,2.623002470E-2,-2.895014942E-2
3.071818104E1,1.942532748E-2,2.457818627E-2,-2.789121866E-2
3.072812104E1,2.093018152E-2,2.831221819E-2,-1.772115648E-2
3.073806004E1,1.855051093E-2,2.631305516E-2,-1.528169811E-2
3.074800004E1,-4.012651742E-4,2.295967698E-2,-2.125930667E-2
3.075793904E1,-3.165609464E-3,3.213922083E-2,-8.846837282E-3
3.076787904E1,-1.727267504E-3,2.245330811E-2,-2.291172981E-2
3.077781804E1,-4.043495804E-3,3.962131798E-2,-2.556402683E-2
3.078775804E1,-1.851491600E-2,3.002252877E-2,-3.145100355E-2
3.079769804E1,-2.530653007E-2,2.502082050E-2,-3.150245905E-2
3.080763704E1,-2.818862267E-2,2.647853136E-2,-2.116341233E-2
3.081757704E1,-2.749733560E-2,1.848948061E-2,-2.174462557E-2
3.082751604E1,-1.632476829E-2,6.161211133E-3,-1.045072854E-2
3.083745604E1,-1.256128103E-2,1.992146373E-2,-6.437199712E-3
3.084739604E1,-4.736463949E-3,1.577227950E-2,3.913541436E-3
3.085733504E1,1.594133712E-2,1.794335067E-2,2.729480267E-3
3.086727504E1,2.578307815E-2,1.168507576E-2,-5.124499798E-3
3.087721404E1,3.842841290E-2,1.555183947E-2,-4.242154956E-3
3.088715404E1,3.982370473E-2,2.820053637E-2,-1.033963144E-2
3.089709304E1,2.095115840E-2,2.924017131E-2,-1.344274879E-2
3.090703304E1,1.157456338E-2,4.076620281E-2,-1.789481878E-2
3.091697304E1,7.402721196E-3,3.319522798E-2,-1.631548584E-2
3.092691204E1,-1.167710893E-2,1.340181828E-2,-2.125521362E-2
3.093685204E1,-2.143369988E-2,1.404793561E-2,-2.322631001E-2
3.094679104E1,-3.675815575E-2,1.565416574E-2,-2.820696831E-2
3.095673104E1,-3.517407194E-2,1.151843011E-2,-2.515472174E-2
3.096667004E1,-3.246805362E-2,1.783225358E-2,-2.893319249E-2
3.097661004E1,-2.043974631E-2,3.506575227E-2,-3.580133200E-2
3.098655004E1,-1.590464585E-2,3.747948289E-2,-3.608609140E-2
3.099648904E1,-1.954431832E-4,3.458511114E-2,-3.735435247E-2
3.100642904E1,5.781580657E-3,2.840285003E-2,-3.325136125E-2
3.101636804E1,2.369569525E-2,2.386658013E-2,-1.754047751E-2
3.102630804E1,1.677032612E-2,2.782046735E-2,-1.748609841E-2
3.103624704E1,2.239052363E-2,2.433786571E-2,-5.087077618E-4
3.104618704E1,2.544174694E-2,1.711655438E-2,-8.245743513E-3
3.105612704E1,1.344596475E-2,1.739663601E-2,-7.297325134E-4
3.106606604E1,1.803332470E-2,2.173585474E-2,-5.186480284E-3
3.107600604E1,4.583632350E-3,2.109850824E-2,-1.638389826E-2
3.108594504E1,5.730271339E-4,1.337609053E-2,-1.310828805E-2
3.109588504E1,-1.067014530E-2,1.829769194E-2,-2.008226216E-2
3.110582404E1,-3.042671755E-3,2.047928810E-2,-2.034597158E-2
3.111576404E1,-7.162839174E-4,2.431798518E-2,-1.624824286E-2
3.112570404E1,1.105854660E-4,2.373501778E-2,-1.552201867E-2
3.113564304E1,-2.777135074E-3,1.302057981E-2,-2.164112985E-2
3.114558304E1,-1.070471697E-2,1.171782017E-2,-2.564237952E-2
3.115552204E1,-2.000485964E-2,2.358591378E-2,-2.203406274E-2
3.116546204E1,-9.885156602E-3,1.979224026E-2,-2.420279503E-2
3.117540104E1,-1.175955467E-2,1.625233591E-2,-1.638155937E-2
3.118534104E1,-2.078027353E-2,1.308723807E-2,-5.129177570E-3
3.119528104E1,-1.776939601E-2,1.169326186E-2,-1.217214882E-2
3.120522004E1,-2.180704460E-2,1.412336469E-2,3.495465517E-3
3.121516004E1,-8.656291142E-3,5.636715889E-4,1.427890062E-3
3.122509904E1,-2.199357077E-3,7.852810621E-3,-1.183184087E-2
3.123503904E1,3.663207516E-3,1.572959483E-2,-9.405831099E-3
3.124497804E1,8.821986616E-5,1.817080736E-2,-1.029460788E-2
3.125491804E1,7.989927828E-3,1.845264316E-2,-1.620438874E-2
3.126485804E1,9.543898478E-3,2.782514513E-2,-1.186107695E-2
3.127479704E1,9.360734448E-3,2.405719936E-2,-2.812978506E-2
3.128473704E1,-5.498940870E-3,3.591476798E-2,-2.672177553E-2
3.129467604E1,-5.730782971E-3,3.154280484E-2,-2.864434004E-2
3.130461604E1,3.465133086E-3,2.801751852E-2,-3.481081367E-2
3.131455604E1,-7.636609823E-3,2.381687880E-2,-2.432324767E-2
3.132449504E1,1.983448640E-3,2.741642475E-2,-2.802278101E-2
3.133443504E1,-1.280320957E-2,2.294388950E-2,-2.091022789E-2
3.134437404E1,-1.479937591E-2,1.918296039E-2,-1.549044371E-2
3.135431404E1,-1.007270604E-2,3.008509398E-2,-1.454494894E-2
3.136425304E1,-1.828526661E-2,2.261293709E-2,-2.747080386E-2
3.137419304E1,-2.270013370E-2,2.212352514E-2,-2.439049065E-2
3.138413304E1,-1.759946130E-2,2.010097325E-2,-1.113953054E-2
3.139407204E1,-1.445943341E-2,1.737909436E-2,-1.073081017E-2
3.140401204E1,-2.069746234E-2,1.374914289E-2,-1.610440135E-2
3.141395104E1,-4.176885411E-3,1.182073116E-2,-1.962676406E-2
3.142389104E1,-4.921966866E-3,2.096460700E-2,-7.429472208E-3
3.143383004E1,-3.601811752E-3,1.807900608E-2,-1.371756792E-2
3.144377004E1,7.802451476E-3,2.427120745E-2,-1.185815334E-2
3.145371004E1,1.760655105E-2,2.270239949E-2,-1.285159528E-2
3.146364904E1,1.211133778E-2,1.796440065E-2,-2.903434932E-2
3.147358904E1,2.303561769E-2,2.190951705E-2,-3.293327272E-2
3.148352804E1,2.017610997E-2,2.158265769E-2,-2.977460682E-2
3.149346804E1,1.601172298E-2,1.723291397E-2,-3.019619107E-2
3.150340704E1,7.488090545E-3,2.914193809E-2,-1.705048084E-2
3.151334704E1,-1.621140540E-3,3.181645453E-2,-2.930799901E-2
3.152328704E1,-6.055230349E-3,2.645689666E-2,-2.400457442E-2
3.153322604E1,-8.792750537E-3,2.810931981E-2,-1.930692136E-2
3.154316604E1,-1.455591246E-2,2.607039571E-2,-2.306200325E-2
3.155310504E1,-1.168368705E-2,3.133347452E-2,-1.768490374E-2
3.156304504E1,-1.454736091E-2,2.040912151E-2,-1.606347084E-2
3.157298404E1,-1.493788183E-2,1.777495086E-2,-1.434965193E-2
3.158292404E1,-9.990918115E-3,1.324920595E-2,-1.706276000E-2
3.159286417E1,-1.775609359E-2,1.086354196E-2,-6.686875820E-3
3.160280317E1,-7.320860177E-3,7.886139750E-3,-9.344435334E-3
3.161274317E1,6.109974906E-3,1.558107555E-2,-1.841522098E-2
3.162268217E1,1.190573506E-2,2.480154991E-2,-2.076989472E-2
3.163262217E1,2.176187485E-2,2.207323909E-2,-1.179383397E-2
3.164256117E1,2.594307259E-2,2.140899539E-2,-1.083255172E-2
3.165250117E1,2.715885490E-2,2.279595494E-2,-1.229143202E-2
3.166244117E1,1.780075170E-2,2.047402561E-2,-1.435023665E-2
3.167238017E1,3.003568500E-3,1.745043039E-2,-9.665447474E-3
3.168232017E1,-7.137111425E-3,2.860399425E-2,-1.742411792E-2
3.169225917E1,-7.165397331E-3,2.229894161E-2,-2.120141923E-2
3.170219917E1,-1.109911166E-2,1.980451941E-2,-2.340991259E-2
3.171213817E1,-1.033707328E-2,2.125930667E-2,-2.552543521E-2
3.172207817E1,3.173576295E-4,2.083129048E-2,-3.581068754E-2
3.173201817E1,-5.227410793E-4,2.982196927E-2,-4.865526617E-2
3.174195717E1,1.849401221E-3,2.845839858E-2,-4.389914095E-2
3.175189717E1,1.090988114E-2,2.534300208E-2,-3.868751764E-2
3.176183617E1,1.206660658E-2,3.230879009E-2,-4.677597106E-2
3.177177617E1,1.422320589E-2,2.856306374E-2,-2.502842188E-2
3.178171517E1,-3.196161166E-3,3.364780247E-2,-2.668727696E-2
3.179165517E1,-5.956924036E-3,2.870748997E-2,-1.502091229E-2
3.180159517E1,-5.446608290E-3,3.368873298E-2,-1.500863314E-2
3.181153417E1,9.537320361E-3,2.072779477E-2,-8.279072642E-3
3.182147417E1,1.458054386E-2,1.767613292E-2,5.893993378E-4
3.183141317E1,5.211623311E-3,2.282986879E-2,-2.640602589E-3
3.184135317E1,-2.076134317E-2,1.317611575E-2,-5.884053111E-3
3.185129217E1,-2.755317651E-2,1.936597824E-3,-7.870352268E-4
3.186123217E1,-2.554370776E-2,-3.870272040E-3,-1.041330636E-2
3.187117217E1,-2.440956719E-2,9.285378456E-3,-1.572491705E-2
3.188111117E1,-1.380754195E-2,1.264518857E-2,-1.432684779E-2
3.189105117E1,6.329757124E-3,1.910109937E-2,-1.688091159E-2
3.190099017E1,1.383290425E-2,2.055588663E-2,-2.971438050E-2
3.191093017E1,2.061954819E-2,1.792873263E-2,-2.477933049E-2
3.192086917E1,2.080315076E-2,2.441446424E-2,-3.913541436E-3
3.193080917E1,3.242792711E-2,2.094121814E-2,-1.023204267E-2
3.194074917E1,2.245630480E-2,1.930633664E-2,-1.298081875E-2
3.195068817E1,-5.808185488E-3,2.297137141E-2,-2.122656226E-2
3.196062817E1,-1.161593243E-2,1.457769334E-2,-1.292117715E-2
3.197056717E1,-2.702517293E-2,1.133482754E-2,-6.024971008E-3
3.198050717E1,-4.288479522E-2,5.106958151E-3,-2.939395308E-3
3.199044617E1,-2.815704770E-2,3.634044528E-3,1.138043582E-2
3.200038617E1,-2.105216905E-3,3.298999071E-3,1.005721092E-4
3.201032617E1,-1.134710670E-2,8.570848703E-3,-1.212712526E-3
3.202026517E1,-8.284188956E-3,1.923675478E-2,-1.118338466E-2
3.203020517E1,-1.058631085E-2,2.988278031E-2,-2.299709916E-2
3.204014417E1,-1.137151882E-2,2.790583670E-2,-1.552903533E-2
3.205008417E1,3.025349379E-3,3.601358593E-2,-2.705272794E-2
3.206002317E1,-4.854066074E-3,2.574295163E-2,-2.959041953E-2
3.206996317E1,1.785958931E-3,2.391043425E-2,-2.850108325E-2
3.207990317E1,5.047316551E-3,2.982372344E-2,-3.027980626E-2
3.208984217E1,7.146393880E-3,3.632816613E-2,-2.640719533E-2
3.209978217E1,-5.700669810E-3,3.038447142E-2,-2.693110585E-2
3.210972117E1,-8.419332728E-3,2.351633191E-2,-1.280306339E-2
3.211966117E1,-1.238871507E-2,2.130725384E-2,-1.197041988E-2
3.212960017E1,-1.526781097E-2,2.924251020E-2,-1.697329760E-2
3.213954017E1,-1.776354879E-2,3.174336433E-2,-1.036009669E-2
3.214948017E1,-1.862645164E-2,2.656740904E-2,-1.032793701E-2
3.215941917E1,-1.620482728E-2,2.075586140E-2,-9.408169985E-3
3.216935917E1,-1.868645869E-2,1.622368455E-2,-1.001043320E-2
3.217929817E1,-1.307839416E-2,9.016406536E-4,-3.739879131E-3
3.218923817E1,-1.067650415E-2,1.875202060E-3,-7.783813477E-3
3.219917717E1,5.376807153E-3,4.295949340E-3,-1.774045229E-2
3.220911717E1,6.965422556E-3,1.223471403E-2,-2.201242805E-2
3.221905717E1,8.906771243E-3,1.432217002E-2,-1.135880113E-2
3.222899617E1,2.202112578E-2,2.035240352E-2,-8.754451275E-3
3.223893617E1,1.974005386E-2,2.195863366E-2,-2.075761557E-2
3.224887517E1,2.630033746E-2,2.443902254E-2,-9.354375601E-3
3.225881517E1,2.126164556E-2,2.141718149E-2,-8.405957222E-3
3.226875417E1,2.010608956E-2,1.643009126E-2,-2.011793017E-2
3.227869417E1,1.573127590E-2,2.790583670E-2,-2.748425245E-2
3.228863417E1,-2.116180435E-3,3.943362236E-2,-2.299592972E-2
3.229857317E1,-1.310953058E-2,3.293561161E-2,-1.973903060E-2
3.230851317E1,-3.715730131E-2,2.120492756E-2,-2.778012156E-2
3.231845217E1,-4.547759682E-2,8.165051937E-3,-2.074533641E-2
3.232839217E1,-4.739621446E-2,1.555417836E-2,-1.640904129E-2
3.233833117E1,-5.417905770E-2,1.335562527E-2,-8.853269219E-3
3.234827117E1,-3.269163653E-2,8.565001488E-3,-6.705002189E-3
3.235821117E1,-1.910745822E-2,2.400808275E-2,-4.038087130E-3
3.236815017E1,-1.581759542E-2,3.111829698E-2,-5.943694711E-3
3.237809017E1,-1.471926905E-2,2.781695902E-2,-5.547838211E-3
3.238802917E1,-1.279736236E-3,2.746378720E-2,-1.074659765E-2
3.239796917E1,9.386973828E-3,1.893445373E-2,-4.225782752E-3
3.240790817E1,1.932490155E-2,1.795036733E-2,-1.308957696E-2
3.241784817E1,1.653672986E-2,2.091198206E-2,-1.715456128E-2
3.242778817E1,1.325490698E-2,1.924026310E-2,-1.284574807E-2
3.243772717E1,1.095395453E-2,2.496468723E-2,-2.677440047E-2
3.244766717E1,1.487546280E-2,2.408234239E-2,-2.487054706E-2
3.245760617E1,1.752922162E-2,1.826670170E-2,-3.407347977E-2
3.246754617E1,1.980546959E-2,2.037462294E-2,-2.712991118E-2
3.247748517E1,1.597218119E-2,3.128260374E-2,-4.295130730E-2
3.248742517E1,9.113031775E-3,3.382204950E-2,-4.622691751E-2
3.249736517E1,1.407958366E-2,2.830520153E-2,-3.198660851E-2
3.250730417E1,1.021676682E-2,3.449155569E-2,-3.106508732E-2
3.251724417E1,7.006426156E-4,3.825190008E-2,-2.571605444E-2
3.252718317E1,-7.066360116E-3,2.726965964E-2,-2.928928792E-2
3.253712317E1,-6.208719760E-3,2.859814703E-2,-1.440520048E-2
3.254706217E1,-8.361152932E-3,2.169667840E-2,-1.736038327E-3
3.255700217E1,-1.617127888E-2,1.983024716E-2,-6.616709232E-3
3.256694217E1,-1.397440687E-2,2.314152539E-2,4.169064760E-4
3.257688117E1,-1.854678333E-2,1.325505316E-2,8.183178306E-3
3.258682104E1,-1.280832589E-2,1.680782139E-2,-3.189071417E-3
3.259676004E1,4.611918256E-3,2.173468530E-2,-6.627234221E-3
3.260670004E1,9.208122119E-3,2.485768318E-2,-1.529573143E-2
3.261663904E1,1.047696792E-2,2.899926603E-2,-1.996941090E-2
3.262657904E1,4.191503450E-3,2.961907089E-2,-2.785262704E-2
3.263651904E1,1.752849072E-3,2.037579238E-2,-3.293911994E-2
3.264645804E1,-1.069309562E-2,1.430579782E-2,-2.706910014E-2
3.265639804E1,-4.452654719E-3,2.578505158E-2,-2.387885928E-2
3.266633704E1,6.408986896E-3,2.502900660E-2,-1.722940564E-2
3.267627704E1,1.608744442E-2,2.695800304E-2,-1.251596510E-2
3.268621704E1,7.576237321E-3,1.910168409E-2,1.088166833E-3
3.269615604E1,6.309657320E-3,1.621549845E-2,-5.531466007E-4
3.270609604E1,-5.826969668E-3,1.851286948E-2,-1.661778688E-3
3.271603504E1,-6.383186057E-3,1.877599418E-2,-2.848763466E-3
3.272597504E1,-3.268008828E-3,5.876451731E-3,-5.232088566E-3
3.273591404E1,5.593592674E-4,4.198300838E-3,-5.343185663E-3
3.274585404E1,-8.459459245E-4,9.613991976E-3,-2.108915269E-2
3.275579404E1,3.968066722E-3,7.003210187E-3,-1.144358575E-2
3.276573304E1,1.153151326E-2,8.073835373E-3,-8.626981974E-3
3.277567304E1,1.213275321E-2,1.934843659E-2,-1.699961007E-2
3.278561204E1,1.648088895E-2,2.042490900E-2,-1.196574211E-2
3.279555204E1,1.789438024E-2,3.018683553E-2,-1.981562912E-2
3.280549104E1,7.082732320E-3,3.926756144E-2,-2.253984690E-2
3.281543104E1,1.467358768E-3,3.223219156E-2,-3.032132149E-2
3.282537104E1,-5.405750871E-3,2.109558463E-2,-1.734576523E-2
3.283531004E1,-1.576270469E-2,2.036936045E-2,-8.623473644E-3
3.284525004E1,-1.660265721E-2,2.330290854E-2,-1.941509485E-2
3.285518904E1,-1.490579523E-2,2.980325818E-2,-2.047870338E-2
3.286512904E1,-1.893898532E-2,2.513893425E-2,-2.581253350E-2
3.287506804E1,-2.480944365E-2,2.526464939E-2,-2.423027694E-2
3.288500804E1,-2.291384943E-2,2.451620579E-2,-1.438941300E-2
3.289494804E1,-8.545267135E-3,1.593483210E-2,-1.508581638E-2
3.290488704E1,-2.985807583E-3,2.360637903E-2,-5.990472436E-3
3.291482704E1,2.280319087E-2,2.954481125E-2,-2.502549827E-2
3.292476604E1,2.300565071E-2,2.780351043E-2,-2.798535883E-2
3.293470604E1,3.165134378E-2,3.754087865E-2,-2.185046017E-2
3.294464504E1,2.540542111E-2,3.565573633E-2,-1.737207770E-2
3.295458504E1,2.334917463E-2,1.717268765E-2,-1.127460122E-2
3.296452504E1,1.033298023E-2,5.810962915E-3,-5.963575244E-3
3.297446404E1,-1.229092039E-2,7.417777777E-3,-1.150498152E-2
3.298440404E1,-2.282979570E-2,9.448515773E-3,-1.284925640E-2
3.299434304E1,-1.864808634E-2,1.805035472E-2,-1.619678736E-3
3.300428304E1,-3.052261189E-2,1.836668909E-2,-3.984292746E-3
3.301422204E1,-2.612638280E-2,2.759359539E-2,-1.821524620E-2
3.302416204E1,-1.520356469E-2,2.503251493E-2,-2.278893828E-2
3.303410104E1,-9.057848677E-3,2.516349256E-2,-3.215500832E-2
3.304404104E1,-6.236420944E-3,1.984895825E-2,-5.296992660E-2
3.305398104E1,-4.780683517E-3,1.881107748E-2,-5.695071101E-2
3.306392004E1,-4.891999885E-3,1.021216214E-2,-5.715185523E-2
3.307386004E1,1.208180934E-3,8.652709723E-3,-3.762624800E-2
3.308379904E1,1.094598770E-3,1.238849580E-2,-1.299134374E-2
3.309373904E1,1.534017026E-3,1.205695868E-3,8.407126665E-3
3.310367904E1,-5.928711221E-3,-4.028146863E-3,2.199488640E-2
3.311361804E1,-1.436522014E-2,3.274440765E-3,3.630302310E-2
3.312355804E1,-7.512210310E-3,1.262589276E-2,3.341625273E-2
3.313349704E1,-1.245603114E-2,1.925780475E-2,2.175982833E-2
3.314343704E1,-3.654926397E-2,3.145158827E-2,1.423387706E-2
3.315337604E1,-6.520069376E-2,4.383949935E-2,-6.465851068E-3
3.316331604E1,-7.938391931E-2,3.593757212E-2,-1.143072188E-2
3.317325504E1,-8.474376954E-2,4.098664284E-2,-2.067107677E-2
3.318319504E1,-8.356862538E-2,4.148891866E-2,-2.595169723E-2
3.319313504E1,-6.348833665E-2,4.297761977E-2,-1.508581638E-2
3.320307404E1,-3.661869965E-2,3.443015993E-2,-3.041253805E-2
3.321301404E1,-2.291684613E-2,3.715379298E-2,-1.301531732E-2
3.322295304E1,-7.628131360E-3,4.349626780E-2,-1.117227495E-2
3.323289304E1,-7.016658783E-5,4.837635398E-2,-2.023136616E-2
3.324283304E1,1.267661735E-2,4.274957836E-2,-2.576224744E-2
3.325277204E1,7.180088460E-3,3.574402928E-2,-2.416771173E-2
3.326271204E1,1.562215224E-2,2.792513251E-2,-2.779649377E-2
3.327265104E1,3.081511885E-2,1.206397533E-2,-2.636977315E-2
3.328259104E1,4.277128614E-2,1.211192250E-2,-2.288249373E-2
3.329253004E1,4.455103241E-2,6.205649972E-3,-1.838247657E-2
3.330247004E1,4.910316288E-2,6.033157110E-3,-1.214466691E-2
3.331240904E1,5.573653668E-2,2.732988596E-3,-1.074308932E-2
3.332234904E1,5.686102934E-2,1.353279591E-2,-1.537408412E-2
3.333228904E1,5.224757619E-2,8.080267310E-3,-2.299651444E-2
3.334222804E1,4.789235070E-2,1.510277331E-2,-1.715806961E-2
3.335216804E1,3.528809264E-2,1.326850176E-2,-7.493206859E-3
3.336210704E1,2.422888823E-2,2.704044878E-2,-2.237086236E-2
3.337204704E1,7.713281438E-3,2.745092332E-2,-1.502675951E-2
3.338198604E1,-1.068812549E-2,2.869579554E-2,-3.068150997E-2
3.339192604E1,-1.131677426E-2,3.783499360E-2,-3.302565873E-2
3.340186604E1,-3.257198788E-2,3.489618301E-2,-2.764095783E-2
3.341180504E1,-2.961073861E-2,3.404424369E-2,-3.495933294E-2
3.342174504E1,-3.481973067E-2,3.366651356E-2,-2.096168339E-2
3.343168404E1,-3.924768090E-2,2.792337835E-2,-1.272938848E-2
3.344162404E1,-3.433616593E-2,2.831748068E-2,-1.414324522E-2
3.345156304E1,-4.223889716E-2,2.406889379E-2,-1.656983972E-2
3.346150304E1,-3.397853561E-2,3.138960779E-2,-5.311025977E-3
3.347144304E1,-8.167902455E-3,3.351448596E-2,-1.137985110E-2
3.348138204E1,2.127333999E-2,4.667832255E-2,-1.542261600E-2
3.349132204E1,3.610779919E-2,4.168480039E-2,-1.956887662E-2
3.350126104E1,3.734660491E-2,4.062002242E-2,-1.250660956E-2
3.351120104E1,3.122698210E-2,3.685733914E-2,-1.190726995E-2
3.352114004E1,1.590968907E-2,2.643058419E-2,-2.438288927E-3
3.353108004E1,1.295450628E-3,1.808309913E-2,4.151523113E-4
3.354102004E1,-3.597426340E-3,-4.069662094E-4,1.341935992E-3
3.355095904E1,-6.461319476E-3,-1.476714313E-2,-4.488907456E-3
3.356089904E1,-1.851623163E-2,1.855789304E-2,-1.364564717E-2
3.357083804E1,-2.388521813E-2,1.934434354E-2,-1.211543083E-2
3.358077804E1,-1.916936561E-3,1.327902675E-3,-2.261703014E-2
3.359071758E1,2.583204858E-2,1.227739871E-2,-3.128201902E-2
3.360065758E1,3.403335325E-2,1.832868218E-2,-3.547564209E-2
3.361059758E1,3.810586587E-2,2.798769772E-2,-3.626793981E-2
3.362053658E1,4.354816183E-2,2.028340638E-2,-2.680480599E-2
3.363047658E1,3.900180548E-2,1.519574404E-2,-1.868887067E-2
3.364041558E1,2.745954797E-2,-6.834810376E-3,-4.784191847E-3
3.365035558E1,6.703321114E-3,1.368599296E-2,-1.496711791E-2
3.366029458E1,9.004419744E-3,5.097368717E-2,-5.370082855E-3
3.367023458E1,-1.054932721E-2,4.720164835E-2,-1.510978997E-2
3.368017458E1,-2.927057683E-2,3.892023683E-2,-3.476754427E-3
3.369011358E1,-2.921510138E-2,3.655562282E-2,-1.854970694E-2
3.370005358E1,-1.958049797E-2,2.385079265E-2,-1.684933662E-2
3.370999258E1,-1.617990352E-2,1.174764097E-2,-2.258896351E-2
3.371993258E1,-1.599301189E-2,6.917840838E-3,-2.196623504E-2
3.372987158E1,-1.942912817E-2,1.141259551E-2,-2.174462557E-2
3.373981158E1,-1.232929274E-2,1.652013838E-2,-2.072019339E-2
3.374975158E1,-1.496989533E-2,1.070157409E-2,-1.684816718E-2
3.375969058E1,7.621699423E-3,1.498173594E-2,-2.833736122E-2
3.376963058E1,1.047777191E-2,3.359868586E-2,-3.224973321E-2
3.377956958E1,1.254549354E-2,4.404999912E-2,-4.441194177E-2
3.378950958E1,7.812830284E-3,4.893417835E-2,-4.750628829E-2
3.379944858E1,2.603545859E-3,4.951597631E-2,-3.557095170E-2
3.380938858E1,-2.396547116E-2,3.550429344E-2,-3.686669469E-2
3.381932858E1,-4.792107515E-2,2.078275859E-2,-8.857362270E-3
3.382926758E1,-7.129042268E-2,2.280998826E-3,2.235156655E-2
3.383920758E1,-7.887565009E-2,-5.129762292E-3,3.560428083E-2
3.384914658E1,-8.233749412E-2,-1.557522833E-2,4.802084327E-2
3.385908658E1,-6.776520945E-2,-1.330592394E-2,5.140111864E-2
3.386902558E1,-3.792270184E-2,-2.161247849E-2,5.370492160E-2
3.387896558E1,-1.138343252E-2,-2.447936833E-2,4.997556746E-2
3.388890558E1,1.312590279E-2,-1.307729781E-2,2.388002872E-2
3.389884458E1,2.443617202E-2,8.988339901E-3,-1.447770596E-3
3.390878458E1,4.607152775E-2,3.697194457E-2,-2.105523884E-2
3.391872358E1,4.945801578E-2,5.726061344E-2,-3.664859354E-2
3.392866358E1,5.755860217E-2,6.246229649E-2,-3.629659116E-2
3.393860258E1,5.830865376E-2,5.429490566E-2,-3.293444216E-2
3.394854258E1,4.695789255E-2,3.801801145E-2,-2.864492476E-2
3.395848258E1,2.655352190E-2,4.310918212E-2,-2.894079387E-2
3.396842158E1,-1.021888644E-2,5.026091158E-2,-3.061426699E-2
3.397836158E1,-4.838856004E-2,4.941715837E-2,-2.949861825E-2
3.398830058E1,-6.839422368E-2,3.665853381E-2,-2.677089214E-2
3.399824058E1,-6.541733310E-2,3.168781579E-2,-2.558800042E-2
3.400818058E1,-9.429797374E-2,3.236667752E-2,-2.254335523E-2
3.401811958E1,-8.692390390E-2,2.711236954E-2,-1.709608912E-2
3.402805958E1,-7.244912155E-2,4.061066687E-2,-1.390117049E-2
3.403799858E1,-3.947893828E-2,3.546336293E-2,-2.345902920E-2
3.404793858E1,-2.926999211E-2,3.881440222E-2,-2.524242997E-2
3.405787758E1,-1.531013019E-2,3.800924063E-2,-1.841288209E-2
3.406781758E1,-6.145423651E-4,2.043894231E-2,-1.594009459E-2
3.407775658E1,2.238789238E-2,6.792125702E-3,-1.032910645E-2
3.408769658E1,3.165667936E-2,-3.673805594E-3,-7.271012664E-3
3.409763658E1,5.055656143E-2,2.951674461E-3,-1.266506910E-3
3.410757558E1,6.675605312E-2,1.051037014E-2,-1.451278925E-2
3.411751558E1,9.638586827E-2,2.630545378E-2,-3.057626009E-2
3.412745458E1,1.119159999E-1,3.541833937E-2,-4.647951722E-2
3.413739458E1,1.300050925E-1,3.843959570E-2,-4.126204669E-2
3.414733358E1,1.303674737E-1,2.750705659E-2,-4.329395413E-2
3.415727358E1,1.086258448E-1,2.956936955E-2,-3.453950286E-2
3.416721358E1,8.973846115E-2,3.790808380E-2,-2.998627603E-2
3.417715258E1,5.379613817E-2,5.053046823E-2,-3.145217299E-2
3.418709258E1,2.511868827E-2,4.443591535E-2,-4.425932944E-2
3.419703158E1,8.084214181E-3,3.749468565E-2,-4.237301767E-2
3.420697158E1,-2.068978786E-2,3.086160421E-2,-3.369165659E-2
3.421691058E1,-3.946212754E-2,2.886536479E-2,-2.809353232E-2
3.422685058E1,-6.685421325E-2,2.889226198E-2,-3.877990365E-2
3.423679058E1,-9.224852465E-2,4.300919473E-2,-2.432324767E-2
3.424672958E1,-1.275494081E-1,4.157253385E-2,-1.316559076E-2
3.425666958E1,-1.358879761E-1,2.173293114E-2,1.348952651E-2
3.426660858E1,-1.274320983E-1,6.448894143E-3,1.731886804E-2
3.427654858E1,-1.147195206E-1,-1.316208243E-3,1.714871407E-2
3.428648758E1,-8.405335955E-2,7.514256835E-3,5.858910084E-3
3.429642758E1,-5.047192298E-2,1.081208646E-2,-9.199424386E-3
3.430636758E1,-1.318612911E-2,9.431558847E-3,-1.409003556E-2
3.431630658E1,1.262881637E-2,1.467768073E-2,-7.083317041E-3
3.432624658E1,4.112894945E-2,1.233177781E-2,-1.007826090E-2
3.433618558E1,5.100884356E-2,3.759759665E-3,-1.332463503E-2
3.434612558E1,5.921497218E-2,-7.818896770E-3,-1.075887680E-3
3.435606458E1,6.725979075E-2,-9.145045280E-3,9.670125246E-3
3.436600458E1,5.466415733E-2,-7.425963879E-3,3.402611732E-2
3.437594458E1,2.106678709E-2,-1.167747438E-2,3.079903901E-2
3.438588358E1,-1.032647520E-2,-1.706451416E-2,4.662920594E-2
3.439582358E1,-2.552835882E-2,-4.012476325E-2,5.260155201E-2
3.440576258E1,-4.092305437E-2,-3.696083486E-2,5.248987019E-2
3.441570258E1,-4.083498068E-2,-1.491975546E-2,4.465284705E-2
3.442564158E1,6.399192810E-3,-8.125290871E-3,1.064661026E-2
3.443558158E1,5.144592293E-2,1.166870356E-2,-8.864378929E-3
3.444552158E1,7.004386939E-2,3.809227109E-2,-4.799628496E-2
3.445546058E1,5.472021751E-2,4.914584756E-2,-8.223991871E-2
3.446540058E1,4.604375347E-2,6.938949287E-2,-9.355077267E-2
3.447533958E1,1.654206544E-2,8.620783925E-2,-6.265759349E-2
3.448527958E1,-1.344231024E-2,8.562838018E-2,-4.615850508E-2
3.449521858E1,-2.880798899E-2,5.885456443E-2,-8.067988157E-3
3.450515858E1,-2.923783243E-2,3.457867920E-2,3.718829155E-4
3.451509858E1,-1.813828222E-2,2.476237357E-2,2.071785450E-2
3.452503758E1,-1.446491517E-2,2.590725839E-2,-9.916293025E-3
3.453497758E1,-1.890536383E-2,3.401910067E-2,-5.584090948E-3
3.454491658E1,-1.499547690E-2,1.232768476E-2,-4.075509310E-2
3.455485658E1,-7.421578467E-3,2.174579501E-2,-5.422590852E-2
3.456479558E1,-4.006256349E-2,1.485309720E-2,-5.268341303E-2
3.457473558E1,-5.823556356E-2,3.146679103E-2,-5.198993325E-2
3.458467558E1,-7.370824635E-2,5.870721459E-2,-3.556802809E-2
3.459461371E1,-5.346927881E-2,4.716188729E-2,-3.438338220E-2
3.460455371E1,-1.626044892E-2,1.898357034E-2,-7.487359643E-3
3.461449271E1,6.355484873E-3,3.390800357E-2,4.129303694E-3
3.462443271E1,7.770730332E-3,3.742627323E-2,-1.365909576E-2
3.463437171E1,-8.516104147E-3,4.734841347E-2,-4.364829540E-2
3.464431171E1,-4.862544537E-3,4.639297843E-2,-2.106634855E-2
3.465425171E1,1.289113708E-2,3.051369488E-2,-2.637094259E-3
3.466419071E1,2.383990221E-2,2.710710704E-2,-2.533013821E-3
3.467413071E1,1.136252873E-2,4.027503669E-2,-1.591845989E-2
3.468406971E1,-3.609040372E-2,7.960633278E-2,-1.322815597E-2
3.469400971E1,-1.092190448E-1,1.060468572E-1,-1.362985969E-3
3.470394871E1,-1.248618816E-1,9.542305112E-2,-4.509372711E-3
3.471388871E1,-1.008371343E-1,7.154770017E-2,1.358191252E-2
3.472382871E1,-8.123054311E-2,3.183282673E-2,-4.447392225E-3
3.473376771E1,-4.075443529E-2,2.875075936E-3,-2.351282358E-2
3.474370771E1,-2.577686548E-2,-1.848129451E-2,-9.308182597E-3
3.475364671E1,-1.197144315E-2,-3.565398216E-2,-2.337833762E-2
3.476358671E1,2.306682721E-2,-3.787241578E-2,-2.202178359E-2
3.477352571E1,3.574446782E-2,-1.634764552E-2,-3.061017394E-2
3.478346571E1,2.626496181E-2,5.457206368E-3,-2.149670362E-2
3.479340571E1,2.886872694E-2,-2.602010965E-3,-4.338634014E-3
3.480334471E1,5.187043078E-2,-2.019043565E-2,1.716157794E-2
3.481328471E1,5.358841583E-2,-2.795261443E-2,2.576166272E-2
3.482322371E1,6.686444588E-2,-4.643449366E-2,4.375296056E-2
3.483316371E1,8.008814335E-2,-4.473236918E-2,4.703149438E-2
3.484310271E1,5.759368546E-2,-1.515422881E-2,1.576292396E-2
3.485304271E1,3.257118389E-2,4.007096887E-3,-1.130559146E-2
3.486298271E1,6.069044396E-2,2.790876031E-2,-4.507033825E-3
3.487292171E1,9.048091136E-2,4.746535778E-2,-9.941436052E-3
3.488286171E1,7.442664988E-2,8.338129520E-2,-6.496958256E-2
3.489280071E1,5.092457056E-2,1.158269101E-1,-8.957408130E-2
3.490274071E1,3.702910110E-2,1.073455238E-1,-9.920912325E-2
3.491267971E1,2.689404912E-2,8.359121025E-2,-1.011322725E-1
3.492261971E1,3.936711028E-3,7.232947290E-2,-1.031735355E-1
3.493255871E1,-2.548019238E-2,6.792476535E-2,-7.950576067E-2
3.494249871E1,-6.314663999E-2,3.445179462E-2,-5.194198608E-2
3.495243871E1,-9.562719204E-2,8.109503388E-3,-1.700428784E-2
3.496237771E1,-8.965389580E-2,-6.767567396E-3,1.332580447E-2
3.497231771E1,-7.904989712E-2,-4.645612836E-3,5.375988543E-2
3.498225671E1,-9.099532016E-2,7.659852505E-5,6.578702331E-2
3.499219671E1,-8.926374033E-2,6.160626411E-3,5.656947255E-2
3.500213571E1,-9.478109993E-2,5.299916267E-3,3.706666946E-2
3.501207571E1,-6.433508657E-2,2.108038187E-2,1.948350728E-2
3.502201571E1,-5.171204433E-2,4.555214882E-2,2.247552752E-2
3.503195471E1,-2.567278504E-2,5.224311769E-2,-3.346946239E-3
3.504189471E1,-3.620961383E-3,5.202969432E-2,-1.324569762E-2
3.505183371E1,-1.659622528E-2,4.634737015E-2,7.353458405E-3
3.506177371E1,-2.707918659E-2,-4.712212622E-2,1.314395607E-2
3.507171271E1,1.720886730E-2,-9.668020248E-2,-4.447333753E-2
3.508165271E1,6.358985893E-2,3.581828892E-2,-3.690353215E-2
3.509159271E1,7.496283956E-2,9.218544781E-2,-5.291028500E-2
3.510153171E1,4.630987488E-2,2.357597351E-3,-4.129946887E-2
3.511147171E1,9.079410285E-3,-3.735318303E-2,-4.161931157E-2
3.512141071E1,1.933067568E-2,-1.333574474E-2,-5.945682764E-2
3.513135071E1,7.130664870E-2,2.354556799E-2,-4.818924308E-2
3.514128971E1,6.829372466E-2,4.404532135E-2,-2.801985741E-2
3.515122971E1,3.043892361E-2,3.426994622E-2,-3.515872300E-2
3.516116971E1,1.689691834E-2,1.985655963E-2,-7.740544081E-3
3.517110871E1,2.994344518E-2,2.593240142E-3,-4.584801793E-3
3.518104871E1,4.094644323E-2,-1.160204530E-2,4.817520976E-3
3.519098771E1,2.961490475E-2,-1.308139086E-2,1.141493440E-2
3.520092771E1,8.220600486E-3,-7.711308002E-3,1.396899819E-2
3.521086671E1,-2.779780939E-2,1.971154869E-2,9.367239475E-3
3.522080671E1,-5.141464032E-2,3.339578748E-2,7.032446265E-3
3.523074671E1,-3.857875943E-2,2.551315606E-2,-2.975063324E-3
3.524068571E1,-5.420076549E-3,2.757079124E-2,-1.774279118E-2
3.525062571E1,1.566695653E-2,3.366008162E-2,-4.526797414E-2
3.526056471E1,1.852317519E-2,4.873127997E-2,-5.679634452E-2
3.527050471E1,1.178235881E-2,6.198750257E-2,-7.497007549E-2
3.528044371E1,2.043762669E-2,6.179980695E-2,-6.839663565E-2
3.529038371E1,3.103044257E-2,4.534632683E-2,-4.846698582E-2
3.530032371E1,1.941078253E-2,2.544708252E-2,-2.149611890E-2
3.531026271E1,7.236879542E-3,1.501564980E-2,5.957143307E-3
3.532020271E1,-1.582329646E-3,1.513025522E-2,1.972207367E-2
3.533014171E1,-1.121883340E-2,9.101191163E-3,2.364614010E-2
3.534008171E1,-3.904522106E-2,2.787309229E-2,1.574362814E-2
3.535002071E1,-4.278510019E-2,5.568128049E-2,-5.053748488E-2
3.535996071E1,5.765435033E-2,7.869942963E-2,-1.685442370E-1
3.536990071E1,-1.008279249E-2,8.928873718E-2,3.752216756E-2
3.537983971E1,-1.057237255E-1,3.720583320E-3,-5.170166552E-2
3.538977971E1,-3.785801701E-2,-5.797514319E-3,-2.161657155E-2
3.539971871E1,-2.534482934E-2,3.171529770E-3,-9.780637622E-3
3.540965871E1,-1.594667271E-2,1.459523499E-2,-2.745969415E-2
3.541959771E1,-2.763861895E-2,2.015418291E-2,-4.399912834E-2
3.542953771E1,-1.659030497E-2,1.332229614E-2,-2.239366651E-2
3.543947771E1,-4.414121568E-2,1.225167096E-2,3.482309282E-2
3.544941671E1,-2.440693595E-2,-2.914895475E-2,8.732231855E-3
3.545935671E1,4.364639506E-2,-1.663298965E-2,1.705866694E-2
3.546929571E1,3.204420358E-3,-1.054252982E-3,1.966067791E-2
3.547923571E1,-3.603412427E-2,-3.465644717E-3,-1.475837231E-3
3.548917471E1,-2.145168006E-2,-1.123834848E-3,2.205979049E-2
3.549911471E1,2.387535095E-2,-1.935720742E-2,5.859845638E-2
3.550905471E1,5.037829444E-2,-3.415358663E-2,6.697868586E-2
3.551899371E1,-2.138107494E-3,-3.573350430E-2,5.256588399E-2
3.552893371E1,-3.504250959E-2,-8.011270165E-3,4.451485276E-2
3.553887271E1,-1.026953794E-2,1.341819048E-2,-6.186354160E-3
3.554881271E1,2.140724123E-2,4.239757597E-2,-4.258351743E-2
3.555875171E1,5.307532266E-2,2.539211869E-2,-5.090059698E-2
3.556869171E1,6.962637819E-2,1.026712596E-2,-5.600404680E-2
3.557863171E1,3.624930181E-2,1.131026924E-2,-4.813895702E-2
3.558857096E1,-2.914522715E-2,-7.046479583E-3,-4.520248532E-2
3.559851096E1,-2.064008653E-2,1.223939180E-2,-5.145023525E-2
3.560844996E1,-1.474477753E-2,6.126127839E-2,-5.186187923E-2
3.561838996E1,-2.129307434E-2,7.526360571E-2,-2.965473890E-2
3.562832896E1,-6.680005342E-3,3.902841032E-2,8.596576452E-3
3.563826896E1,5.600375444E-2,1.861344159E-2,1.152486205E-2
3.564820896E1,1.168663258E-1,2.088800848E-2,2.039859653E-2
3.565814796E1,1.078105237E-1,4.501888275E-2,6.645945311E-3
3.566808796E1,5.660652928E-2,5.821254015E-2,-2.738484979E-2
3.567802696E1,3.383761771E-2,9.006466269E-2,-7.399300575E-2
3.568796696E1,-2.940389335E-2,7.950868428E-2,-3.675091982E-2
3.569790596E1,-6.835702077E-2,2.836776674E-2,-3.155566871E-2
3.570784596E1,-5.725608185E-2,1.054077566E-2,-4.329278469E-3
3.571778596E1,-7.923452295E-2,1.202246010E-2,1.927300751E-2
3.572772496E1,-8.118822388E-2,2.818357944E-2,1.068403244E-2
3.573766496E1,-3.908512831E-2,1.730892777E-2,-1.032618284E-2
3.574760396E1,-2.567702428E-2,3.159952283E-2,-1.767087042E-2
3.575754396E1,-2.011529893E-2,4.291213095E-2,-2.546462417E-2
3.576748296E1,3.521434464E-2,4.528902411E-2,-5.318451941E-2
3.577742296E1,7.150311515E-2,3.156210065E-2,-5.907208085E-2
3.578736296E1,5.189177312E-2,7.513672113E-3,-5.056028903E-2
3.579730196E1,4.033051215E-2,6.698570251E-3,-4.466454148E-2
3.580724196E1,1.581240602E-2,2.348241806E-2,-5.596896350E-2
3.581718096E1,-2.770432703E-2,3.119314134E-2,-5.848677456E-2
3.582712096E1,-5.353842214E-2,2.549970746E-2,-2.553946853E-2
3.583705996E1,-5.083678924E-2,2.407181740E-2,-3.934825301E-2
3.584699996E1,-6.512665339E-2,7.098285913E-2,-5.102572739E-2
3.585693896E1,-6.239074118E-2,6.150803089E-2,-2.426302135E-2
3.586687896E1,-3.474291287E-2,6.949883580E-2,-5.629816175E-2
3.587681896E1,1.785154939E-2,7.624301434E-2,-4.758814931E-2
3.588675796E1,6.680633917E-2,5.930363059E-2,-2.387476623E-2
3.589669796E1,6.534833595E-2,2.986465394E-2,2.059155464E-2
3.590663696E1,4.730360918E-2,1.449758649E-2,5.009777427E-2
3.591657696E1,5.214671172E-2,1.083079755E-2,9.176620245E-2
3.592651596E1,5.143196270E-2,-1.477766812E-2,1.352355731E-1
3.593645596E1,6.954473644E-2,-5.258693397E-2,1.601178145E-1
3.594639596E1,1.060520466E-1,-4.942943752E-2,1.579999530E-1
3.595633496E1,-8.939245217E-2,-1.073279822E-1,5.328918457E-2