"Time (s)","Linear Acceleration x (m/s^2)","Linear Acceleration y (m/s^2)","Linear Acceleration z (m/s^2)"
1.516545700E-2,1.243436337E-2,8.254230022E-3,-1.442117691E-1
2.316117100E-2,2.279216051E-2,-5.811393261E-3,-1.395454407E-1
3.115749900E-2,-9.343802929E-3,-6.894546747E-2,-3.104591370E-2
3.918213600E-2,-1.276642084E-2,-5.957847834E-2,5.581665039E-2
4.717792600E-2,-3.832304478E-2,-2.097147703E-2,1.323089600E-1
5.517417700E-2,-2.796649933E-2,2.721226215E-2,1.704950333E-1
6.316958200E-2,-3.133952618E-3,2.969890833E-2,1.680307388E-1
7.116629600E-2,-4.256367683E-3,6.907451153E-2,1.457548141E-1
7.916070100E-2,1.608711481E-2,8.642229438E-2,1.111450195E-1
8.718410700E-2,2.382981777E-2,5.518025160E-2,6.309604645E-2
9.518266600E-2,2.712392807E-2,3.294652700E-2,1.397418976E-2
1.031783800E-1,6.341308355E-2,-2.375245094E-4,-5.455017090E-4
1.111755550E-1,4.211622477E-2,-2.128994465E-2,-8.758544922E-3
1.191694220E-1,6.475502253E-2,-1.614904404E-2,-4.059791565E-3
1.271645970E-1,4.709577560E-2,-5.255955458E-2,9.743690491E-3
1.351605410E-1,5.110585690E-2,-3.543031216E-2,2.614212036E-2
1.431874080E-1,2.552431822E-2,-1.897341013E-2,5.970668793E-2
1.511836600E-1,9.705245495E-3,-1.237338781E-2,4.538440704E-2
1.591779120E-1,-1.564711332E-2,2.279633284E-2,5.260562897E-2
1.671732400E-1,-5.308127403E-2,1.732885838E-2,4.545497894E-2
1.751692610E-1,-5.504745245E-2,4.314690828E-2,4.546165466E-2
1.831653590E-1,-5.717790127E-2,2.923566103E-2,6.997108459E-2
1.911610730E-1,-2.659934759E-2,1.004230976E-2,6.034564972E-2
1.991868630E-1,-3.245353699E-2,2.209872007E-2,7.702064514E-2
2.071822680E-1,-5.024671555E-5,4.319906235E-3,5.805492401E-2
2.151780580E-1,1.764482260E-2,-2.899330854E-2,5.315589905E-2
2.231740020E-1,4.734820127E-2,-2.877968550E-2,4.347229004E-2
2.311701000E-1,6.244748831E-2,-2.242964506E-2,4.023551941E-2
2.391648900E-1,5.934453011E-2,-2.481502295E-2,4.257202148E-2
2.471599110E-1,4.771649837E-2,-2.585852146E-2,3.220272064E-2
2.551863940E-1,5.847340822E-2,-1.168125868E-2,2.428436279E-2
2.631821070E-1,4.466813803E-2,-2.150106430E-2,1.713275909E-2
2.711058200E-1,1.939392090E-2,1.274424791E-2,1.650238037E-2
2.791741490E-1,6.490111351E-3,3.632366657E-2,1.659774780E-2
2.851853190E-1,-2.537417412E-2,3.442585468E-2,1.608943939E-2
2.871690160E-1,-3.016257286E-2,3.682005405E-2,2.087783813E-2
2.951650370E-1,-6.185460091E-2,1.506471634E-2,2.340316772E-2
3.031603660E-1,-6.545841694E-2,1.187753677E-2,3.883075714E-2
3.111877710E-1,-7.373386621E-2,1.441764832E-2,7.725238800E-2
3.191816390E-1,-7.507395744E-2,-4.627287388E-3,8.691978455E-2
3.271774290E-1,-5.041819811E-2,-1.880323887E-2,7.262229919E-2
3.351733730E-1,-5.007797480E-2,-3.072416782E-2,6.786441803E-2
3.431690860E-1,-1.887148619E-2,-1.868575811E-2,6.308555603E-2
3.511660300E-1,-9.246051311E-3,-5.219101906E-2,4.633045197E-2
3.591602050E-1,1.722282171E-2,-2.589243650E-2,2.239799500E-2
3.671858420E-1,2.964210510E-2,-1.166105270E-2,5.666732788E-3
3.751821690E-1,3.047209978E-2,2.547562122E-3,5.724906921E-3
3.831769600E-1,7.012254000E-2,9.953975677E-6,3.431320190E-3
3.911739040E-1,3.827285767E-2,1.881915331E-2,2.509593964E-2
3.991693090E-1,6.684601307E-3,1.615118980E-2,1.566123962E-2
4.071637920E-1,-2.950215340E-2,-3.248155117E-3,5.652236938E-2
4.151598130E-1,-2.003955841E-2,-3.582417965E-3,5.429649353E-2
4.231862190E-1,-1.523512602E-2,-1.593101025E-2,6.644344330E-2
4.311831630E-1,-1.767385006E-2,-1.397264004E-2,9.773921967E-2
4.391777220E-1,-2.971124649E-2,-1.077651978E-4,1.026916504E-1
4.471731280E-1,2.071225643E-2,-7.791042328E-3,7.174968719E-2
4.551697640E-1,8.966743946E-3,-2.007895708E-2,5.758380890E-2
4.631647850E-1,9.141921997E-3,-2.031975985E-2,6.257343292E-2
4.711611910E-1,-9.932816029E-3,-6.123602390E-3,2.206897736E-2
4.791860580E-1,-1.444178820E-2,-2.297192812E-2,1.749992371E-2
4.871815410E-1,-2.609443665E-2,-1.813530922E-3,-2.538871765E-2
4.951774850E-1,-2.089989185E-2,7.327377796E-3,-1.559925079E-2
5.031738130E-1,-3.972637653E-2,1.880306005E-2,-8.213043213E-3
5.111701420E-1,-3.702676296E-2,2.993613482E-2,-5.636215210E-3
5.191646240E-1,-5.347502232E-2,2.668380737E-3,-1.263809204E-2
5.271597220E-1,-2.933317423E-2,-1.023870707E-2,3.781127930E-2
5.351862810E-1,-7.572174072E-3,-8.831381798E-3,6.431770325E-2
5.431816100E-1,1.186811924E-2,-8.904933929E-5,4.535007477E-2
5.511783230E-1,5.067896843E-2,-5.417823792E-3,9.584999084E-2
5.591734210E-1,5.608713627E-2,-1.771187782E-2,9.609317780E-2
5.671679040E-1,1.857942343E-2,3.618240356E-3,9.157085419E-2
5.751644630E-1,7.420539856E-3,1.109838486E-3,7.029628754E-2
5.831596380E-1,-3.726416826E-2,-1.094973087E-2,3.226470947E-2
5.911869670E-1,-8.436375856E-2,-8.733570576E-3,2.056217194E-2
5.991820650E-1,-9.111827612E-2,-1.844465733E-3,-7.934570312E-3
6.071774700E-1,-1.031410694E-1,-9.221613407E-3,-3.168010712E-2
6.151738760E-1,-1.302515864E-1,-2.371335030E-2,-4.351329803E-2
6.231680510E-1,-1.482807398E-1,-2.154827118E-3,-2.665424347E-2
6.311649180E-1,-1.094157696E-1,1.936590672E-2,-3.378868103E-2
6.391597080E-1,-8.793681860E-2,2.909189463E-2,1.888561249E-2
6.471858830E-1,-4.566103220E-2,2.673947811E-2,4.515171051E-2
6.551816730E-1,-4.703289270E-2,7.765054703E-3,6.658744812E-2
6.631773870E-1,-2.748739719E-2,5.607664585E-3,9.275913239E-2
6.711739460E-1,-1.318788528E-2,2.016085386E-2,8.776378632E-2
6.791681200E-1,-1.406848431E-3,2.749598026E-2,9.233283997E-2
6.871636020E-1,1.986378431E-2,-1.290595531E-2,7.056617737E-2
6.951602390E-1,4.371649027E-2,-2.680593729E-2,4.403686523E-2
7.031860290E-1,7.997310162E-2,-3.835827112E-2,5.345821381E-2
7.111818190E-1,6.203120947E-2,-2.603852749E-2,5.337333679E-2
7.191765330E-1,1.026801467E-1,-1.861739159E-2,5.577468872E-2
7.271720150E-1,8.453243971E-2,-2.333152294E-2,4.150199890E-2
7.351683440E-1,8.425086737E-2,-4.199981689E-3,4.647445679E-2
7.431634420E-1,6.079274416E-2,-1.150232553E-2,5.629634857E-2
7.511613090E-1,-2.858400345E-3,2.608895302E-4,5.179405212E-2
7.591859450E-1,-4.956591129E-2,4.830181599E-3,3.773212433E-2
7.671803510E-1,-1.012188792E-1,1.898545027E-2,3.323459625E-2
7.751773720E-1,-1.224472523E-1,2.140146494E-2,2.629470825E-2
7.831723930E-1,-1.253516674E-1,3.130871058E-2,2.887439728E-2
7.911691060E-1,-1.289932728E-1,2.917474508E-2,7.442474365E-3
7.991632810E-1,-1.070357561E-1,1.538825035E-2,2.666473389E-2
8.071589950E-1,-9.260261059E-2,-7.346868515E-4,2.431106567E-2
8.151854770E-1,-4.265284538E-2,-1.924669743E-2,1.473903656E-2
8.231811910E-1,-3.116720915E-2,2.886176109E-3,4.824638367E-2
8.311772120E-1,-4.366737604E-2,3.371715546E-3,3.386020660E-2
8.391726160E-1,-4.902714491E-2,-3.419458866E-3,6.016731262E-2
8.471683300E-1,-3.043264151E-2,-1.517015696E-2,6.012916565E-2
8.551637350E-1,-3.349471092E-2,-2.928835154E-2,5.529403687E-2
8.631588330E-1,-4.393690825E-2,-1.717537642E-2,6.719589233E-2
8.711862390E-1,-1.868706942E-2,2.100825310E-3,1.203918457E-2
8.791809520E-1,-5.884349346E-3,-1.446390152E-2,2.148723602E-2
8.871730500E-1,-9.870827198E-3,-1.182007790E-2,4.600524902E-3
8.951729940E-1,2.689439058E-2,2.188920975E-2,1.405143738E-2
9.031680920E-1,5.189388990E-2,2.211749554E-2,2.591609955E-2
9.111644210E-1,5.091387033E-2,1.764452457E-2,4.500102997E-2
9.191592880E-1,4.296499491E-2,1.788991690E-2,4.494667053E-2
9.271856940E-1,1.857531071E-2,-1.064854860E-2,6.646537781E-2
9.351817150E-1,-3.159642220E-3,1.419305801E-3,9.039592743E-2
9.431765820E-1,-2.709341049E-2,-1.058214903E-2,9.757900238E-2
9.511734490E-1,-3.190493584E-2,-2.261918783E-2,6.405353546E-2
9.591683160E-1,-3.198474646E-2,-2.999234200E-2,6.164169312E-2
9.671627990E-1,-3.208065033E-2,-1.584905386E-2,4.965019226E-2
9.751591270E-1,-1.284998655E-2,5.554616451E-3,3.049564362E-2
9.831852250E-1,-1.758831739E-2,-1.725375652E-3,4.964733124E-2
9.911824770E-1,-1.521474123E-2,-2.568662167E-2,5.922317505E-2
9.991770360E-1,-5.703389645E-3,-3.777301311E-2,6.878852844E-2
1.007171518E0,1.440525055E-3,-3.812921047E-2,4.961109161E-2
1.015168385E0,-1.771670580E-2,-2.532005310E-4,2.803993225E-2
1.023163791E0,-8.091151714E-3,-5.461513996E-3,6.473541260E-3
1.031160427E0,1.836991310E-2,2.038913965E-2,4.063606262E-3
1.039185141E0,-3.158450127E-4,7.764101028E-4,4.079818726E-3
1.047180239E0,-4.508495331E-3,-1.884186268E-2,1.607799530E-2
1.055176798E0,-2.782833576E-2,1.179599762E-2,5.441379547E-2
1.063171896E0,-3.899556398E-2,-5.377233028E-3,8.079910278E-2
1.071168917E0,-2.619171143E-2,3.707826138E-3,8.563423157E-2
1.079163400E0,-6.185770035E-3,-3.033864498E-2,1.096229553E-1
1.087158728E0,-2.788007259E-3,-2.381759882E-2,1.048879623E-1
1.095185211E0,1.287126541E-2,-1.508712769E-2,7.862186432E-2
1.103180386E0,2.498090267E-3,1.495045424E-2,4.757976532E-2
1.111177330E0,-2.185171843E-2,2.822262049E-2,4.602432251E-3
1.119171197E0,-7.693886757E-3,4.142284393E-2,-1.681327820E-2
1.127166910E0,-3.885883093E-2,4.278481007E-2,-2.383899689E-2
1.135163239E0,-3.628784418E-2,2.996659279E-2,-2.365303040E-2
1.143189414E0,-3.117823601E-2,-4.162669182E-3,-6.683349609E-3
1.151185666E0,-3.780931234E-2,3.633499146E-4,4.145240784E-2
1.159181070E0,-4.444783926E-2,-2.121657133E-2,8.241844177E-2
1.167175630E0,-4.175209999E-2,-5.238872766E-2,1.137866974E-1
1.175172266E0,-4.664504528E-2,-4.559922218E-2,9.482002258E-2
1.183167903E0,-2.805978060E-2,-3.904974461E-2,6.622314453E-2
1.191164616E0,-4.110240936E-2,-1.841878891E-2,4.235267639E-2
1.199189252E0,-4.975551367E-2,1.163762808E-2,-1.029109955E-2
1.207184043E0,-4.923307896E-2,5.373200774E-2,-4.381561279E-2
1.215180910E0,-5.601346493E-2,3.621202707E-2,-3.424167633E-2
1.223175777E0,-6.296068430E-2,1.650410891E-2,-1.030635834E-2
1.231173952E0,-7.750439644E-2,1.141482592E-2,2.796745300E-2
1.239167434E0,-9.501677752E-2,1.849943399E-2,7.338333130E-2
1.247162609E0,-8.678090572E-2,1.714885235E-3,4.452991486E-2
1.255189400E0,-1.006215811E-1,-2.928763628E-2,3.718185425E-2
1.263183882E0,-5.962961912E-2,-2.434062958E-2,8.009433746E-2
1.271182057E0,-6.387156248E-2,-8.432942629E-2,8.949661255E-2
1.279176232E0,-7.540899515E-2,-6.790834665E-2,1.707038879E-1
1.287171330E0,-5.691146851E-2,1.554882526E-2,1.081609726E-1
1.295167351E0,-2.771925926E-2,8.258128166E-2,2.636623383E-2
1.303162755E0,7.061558962E-2,7.559144497E-2,-5.065250397E-2
1.311190161E0,1.504043341E-1,-7.697403431E-3,-3.901195526E-2
1.319184644E0,2.225276232E-1,-7.689470053E-2,-1.524448395E-2
1.327179972E0,1.583009362E-1,-8.388584852E-2,3.986930847E-2
1.335175763E0,6.193125248E-2,-5.257326365E-2,8.313560486E-2
1.343171707E0,-1.281213760E-2,7.281064987E-3,1.455507278E-1
1.351168958E0,-7.105284929E-2,6.696978211E-2,9.780216217E-2
1.359163210E0,-5.274051428E-2,-6.005096436E-2,2.371501923E-2
1.367188462E0,-2.842950821E-2,-4.324567318E-2,1.003637314E-1
1.375185021E0,7.399320602E-4,3.304213285E-2,2.223968506E-3
1.383179889E0,-1.100838184E-3,6.638196111E-2,-7.913875580E-2
1.391177448E0,-2.240335941E-2,3.310841322E-2,-7.670974731E-2
1.399170931E0,-3.645223379E-2,1.409959793E-2,2.334594727E-3
1.407166721E0,-3.354233503E-2,1.944482327E-3,7.160186768E-3
1.415193742E0,-5.257809162E-2,2.326464653E-2,3.588962555E-2
1.423188840E0,-3.343957663E-2,4.709461331E-2,-3.051757812E-5
1.431185169E0,-1.676398516E-2,-1.030027866E-2,5.024242401E-2
1.439180574E0,-2.771556377E-3,-4.608434439E-2,1.004953384E-1
1.447174749E0,9.110629559E-3,-1.036584377E-2,8.371734619E-2
1.455172001E0,-1.681333780E-2,-9.133815765E-4,7.177734375E-2
1.463167406E0,-1.909351349E-2,1.371330023E-2,7.898426056E-2
1.471163734E0,-1.585483551E-4,4.467308521E-3,7.179832458E-2
1.479188755E0,3.082877398E-2,-2.155792713E-2,5.264949799E-2
1.487184084E0,-2.431583405E-2,-3.084945679E-2,2.632045746E-2
1.495180720E0,-9.786844254E-3,5.283534527E-3,1.916408539E-2
1.503175511E0,-1.905000210E-2,2.857029438E-3,1.200771332E-2
1.511172224E0,-2.820575237E-2,2.695798874E-3,6.675720215E-5
1.519167245E0,-3.972357512E-2,1.463204622E-2,7.287025452E-3
1.527161420E0,-5.373239517E-2,2.118349075E-4,4.801845551E-2
1.535188902E0,-7.501858473E-2,-7.006406784E-3,8.634757996E-2
1.543184539E0,-5.579984188E-2,1.579523087E-5,8.155632019E-2
1.551180560E0,-4.364854097E-2,-2.886688709E-2,8.395957947E-2
1.559175735E0,-1.272392273E-2,6.972849369E-3,7.436084747E-2
1.567171063E0,-1.058441401E-2,-2.565979958E-3,7.194519043E-2
1.575167084E0,-3.770589828E-3,2.363681793E-3,5.276584625E-2
1.583162567E0,2.716726065E-2,-1.168084145E-2,3.121757507E-2
1.591190588E0,3.442990780E-2,-4.286229610E-3,2.165889740E-2
1.599184147E0,2.289986610E-2,1.015299559E-2,1.930904388E-2
1.607176399E0,2.609217167E-2,1.264607906E-2,-2.161979675E-3
1.615175882E0,-1.852613688E-2,1.275134087E-2,1.228713989E-2
1.623171594E0,-2.453184128E-2,-6.375908852E-3,5.211830139E-3
1.631167307E0,-5.227589607E-2,1.993942261E-2,3.403091431E-2
1.639162329E0,-8.498322964E-2,3.189027309E-3,3.170967102E-2
1.647188196E0,-1.037719250E-1,7.836222649E-4,4.371452332E-2
1.655184294E0,-9.454941750E-2,1.275461912E-2,6.523036957E-2
1.663179699E0,-7.126820087E-2,-8.691489697E-3,3.644466400E-2
1.671176566E0,-4.138040543E-2,-2.043068409E-2,3.873920441E-2
1.679171357E0,-4.532426596E-2,-1.291209459E-2,3.143405914E-2
1.687165916E0,2.234208584E-2,-2.938693762E-2,2.410793304E-2
1.695162553E0,3.270179033E-2,-3.160965443E-2,3.354930878E-2
1.703188420E0,5.787491798E-2,-3.161883354E-2,3.823280334E-2
1.711185595E0,4.552459717E-2,-5.618453026E-3,9.450912476E-3
1.719179769E0,4.833829403E-2,1.559889317E-2,2.144145966E-2
1.727175175E0,1.105988026E-2,1.051813364E-2,3.588294983E-2
1.735170888E0,-1.412504911E-2,1.270592213E-2,7.428455353E-2
1.743166679E0,-3.939616680E-2,2.933698893E-2,6.240177155E-2
1.751163238E0,-6.491947174E-2,1.978337765E-2,6.726455688E-2
1.759187875E0,-5.008512735E-2,-1.478254795E-3,7.211112976E-2
1.767180896E0,-2.846503258E-2,-1.154541969E-3,6.974029541E-2
1.775179377E0,-9.536504745E-3,3.928124905E-3,6.255245209E-2
1.783175014E0,-1.451414824E-2,6.616652012E-3,2.903270721E-2
1.791171958E0,1.185059547E-2,1.157581806E-2,1.467800140E-2
1.799165825E0,4.966139793E-3,-9.825646877E-3,5.136489868E-3
1.807161846E0,8.103668690E-3,4.583239555E-3,7.599830627E-3
1.815188636E0,-2.842128277E-3,7.039427757E-3,1.248359680E-2
1.823184426E0,-6.452679634E-3,-4.915118217E-3,2.935028076E-2
1.831180140E0,-2.914828062E-2,-2.406615019E-2,5.101108551E-2
1.839175545E0,-1.823264360E-2,-1.202774048E-2,7.029056549E-2
1.847170643E0,-3.102457523E-2,9.427249432E-3,6.563949585E-2
1.855166357E0,-2.227485180E-2,-2.695500851E-3,7.056236267E-2
1.863161685E0,-2.081388235E-2,6.787300110E-3,6.111431122E-2
1.871189706E0,-3.607237339E-2,1.153457165E-2,5.167102814E-2
1.879184266E0,-2.973264456E-2,-5.225360394E-3,3.984260559E-2
1.887179056E0,-6.598055363E-3,-7.618904114E-3,3.280448914E-2
1.895174385E0,-2.487063408E-3,-1.710605621E-2,2.099609375E-2
1.903170406E0,-1.051312685E-2,-2.739369869E-3,3.550434113E-2
1.911168042E0,8.205771446E-4,1.960575581E-3,1.650714874E-2
1.919162140E0,-1.876181364E-2,-1.254206896E-2,1.428604126E-2
1.927188007E0,-3.352296352E-2,-1.035332680E-2,3.361415863E-2
1.935183720E0,-2.913177013E-2,1.573246717E-2,1.223945618E-2
1.943179741E0,-5.109447241E-2,-1.136064529E-3,1.720523834E-2
1.951176146E0,-4.452103376E-2,-1.095235348E-3,2.455520630E-2
1.959170321E0,-2.866429090E-2,1.824164391E-2,4.864597321E-2
1.967166034E0,-3.937852383E-2,1.120477915E-2,5.834865570E-2
1.975162363E0,-2.149760723E-2,2.576899529E-2,6.804084778E-2
1.983187615E0,-1.790571213E-2,6.762802601E-3,7.773780823E-2
1.991185174E0,-2.394908667E-2,-3.127318621E-2,6.349372864E-2
1.999179349E0,-1.560044289E-2,-3.338837624E-2,5.643463135E-2
2.007174140E0,-4.603862762E-3,-5.498307943E-2,4.698944092E-2
2.015170468E0,-3.887033463E-2,-1.211148500E-2,4.473781586E-2
2.023167028E0,-1.082491875E-2,1.388150454E-2,1.854515076E-2
2.031163049E0,-1.396667957E-2,3.038644791E-2,-2.861022949E-3
2.039188070E0,-5.562382936E-2,6.291806698E-3,-9.914398193E-3
2.047183398E0,-4.238861799E-2,1.095736027E-2,1.653480530E-2
2.055179189E0,-5.318832397E-2,3.871083260E-3,2.383327484E-2
2.063173902E0,-3.533685207E-2,1.842367649E-2,4.310131073E-2
2.071170846E0,-4.394114017E-2,1.868444681E-2,5.278396606E-2
2.079166329E0,-3.587687016E-2,1.170897484E-2,7.921504974E-2
2.083164185E0,-5.190849304E-2,-9.759724140E-3,7.689476013E-2
2.085178267E0,-4.233169556E-2,2.211332321E-3,8.407783508E-2
2.087160810E0,-2.796649933E-2,-2.577066422E-3,9.604835510E-2
2.095187524E0,-3.468430042E-2,4.654586315E-3,6.975936890E-2
2.103183314E0,-2.965444326E-2,7.020592690E-3,7.217407227E-2
2.111179873E0,-1.282370090E-2,6.970345974E-3,3.387165070E-2
2.119175356E0,-1.288753748E-2,1.167255640E-2,7.524490356E-3
2.127169531E0,-2.970468998E-2,4.037961364E-2,9.912490845E-3
2.135165859E0,-3.917717934E-2,2.846682072E-2,9.924888611E-3
2.143161188E0,-4.880392551E-2,1.431983709E-2,1.950836182E-2
2.151188978E0,-2.026593685E-2,1.220697165E-2,3.386974335E-2
2.159183769E0,-8.606791496E-3,-4.324436188E-3,4.342937469E-2
2.167178251E0,-1.614391804E-3,-8.847415447E-3,6.976222992E-2
2.175174503E0,5.493998528E-3,-1.343560219E-2,7.215881348E-2
2.183170216E0,-6.422281265E-3,-1.332086325E-2,7.695865631E-2
2.191166545E0,-1.101809740E-2,-1.319354773E-2,6.980133057E-2
2.199192105E0,-5.919754505E-3,1.070350409E-2,5.306911469E-2
2.207187279E0,-3.147721291E-3,1.301473379E-2,2.197551727E-2
2.215183300E0,2.187013626E-3,1.044631004E-2,1.483726501E-2
2.223179245E0,1.023083925E-2,2.456784248E-2,7.722854614E-3
2.231175342E0,-7.320046425E-4,1.245939732E-2,1.738929749E-2
2.239170056E0,1.011121273E-2,2.664297819E-2,2.947235107E-2
2.247165230E0,-2.443575859E-2,1.696407795E-2,3.438663483E-2
2.255191405E0,-8.726477623E-3,1.618862152E-4,4.169464111E-2
2.263187656E0,-4.090893269E-2,-4.609584808E-3,5.618953705E-2
2.271183754E0,-2.524507046E-2,-9.288966656E-3,6.589794159E-2
2.279179160E0,-2.649682760E-2,3.532767296E-4,6.122303009E-2
2.287174258E0,-1.576924324E-2,-2.829551697E-2,7.091522217E-2
2.295169356E0,-3.865677118E-2,-1.142805815E-2,4.708003998E-2
2.303166223E0,-3.518652916E-2,7.763862610E-3,4.239845276E-2
2.311192705E0,-2.933263779E-2,1.489114761E-2,2.573966980E-2
2.319187496E0,-3.072500229E-2,2.844095230E-3,1.625633240E-2
2.327182286E0,-2.753472328E-2,1.461726427E-2,1.392841339E-2
2.335178692E0,-4.328536987E-2,3.836393356E-2,4.439353943E-3
2.343174713E0,-6.368660927E-2,-3.369379044E-2,4.538536072E-3
2.351170118E0,-7.715141773E-2,-1.949030161E-2,6.207942963E-2
2.359165447E0,-5.473440886E-2,1.381224394E-2,4.778671265E-2
2.367191314E0,-4.230225086E-2,5.671766400E-2,1.909160614E-2
2.375187412E0,-1.819700003E-2,6.548941135E-3,3.108406067E-2
2.383183049E0,-2.789133787E-2,-2.199083567E-2,7.178401947E-2
2.391179993E0,-2.349269390E-2,-1.244002581E-2,5.259037018E-2
2.399174166E0,2.198451757E-2,1.868987083E-2,5.498409271E-2
2.407169034E0,2.198350430E-2,3.555989265E-2,1.907730103E-2
2.415165901E0,1.495623589E-2,-7.346332073E-3,3.586196899E-2
2.423192691E0,2.727407217E-2,-1.678073406E-2,4.547977448E-2
2.431187789E0,1.841646433E-2,-9.679973125E-3,3.118038177E-2
2.439182887E0,5.171239376E-3,9.387552738E-3,9.737014771E-3
2.447178062E0,-3.193986416E-2,1.171231270E-2,1.942729950E-2
2.455174314E0,-2.590668201E-2,1.156604290E-2,3.630161285E-2
2.463169796E0,-2.715462446E-2,-5.330085754E-3,2.922344208E-2
2.471166356E0,-6.453549862E-2,4.218280315E-3,5.086135864E-2
2.479191607E0,-6.610238552E-2,2.098178864E-2,5.573177338E-2
2.487187090E0,-8.470618725E-2,2.350133657E-2,4.382038116E-2
2.495182496E0,-6.762933731E-2,1.164859533E-2,5.104064941E-2
2.503178517E0,-3.415822983E-2,9.495079517E-3,3.668403625E-2
2.511175153E0,-3.175610304E-2,1.702523232E-2,5.346202850E-2
2.519169251E0,-3.147959709E-3,-1.955807209E-3,5.345916748E-2
2.527164964E0,-3.323376179E-3,-9.010791779E-3,4.866027832E-2
2.535191524E0,1.581168175E-2,-1.610976458E-2,1.753902435E-2
2.543186853E0,1.873373985E-3,-8.874714375E-3,2.955436707E-2
2.551184104E0,-1.179140806E-2,-8.957803249E-3,6.553268433E-2
2.559177970E0,-2.527242899E-2,-1.623362303E-2,4.406642914E-2
2.567173376E0,-5.067694187E-2,-1.643097401E-2,5.133056641E-2
2.575168782E0,-6.887835264E-2,1.465618610E-2,4.663467407E-2
2.583165187E0,-6.583327055E-2,1.466959715E-2,4.909324646E-2
2.591192593E0,-5.117070675E-2,3.634488583E-2,3.715896606E-2
2.599187306E0,-4.644876719E-2,3.652065992E-2,3.955554962E-2
2.607182097E0,-2.520310879E-2,5.493044853E-3,3.952980042E-2
2.615178118E0,-2.793759108E-2,8.464455605E-4,2.753353119E-2
2.623174446E0,-1.143515110E-2,5.687296391E-3,3.948211670E-2
2.631169929E0,-2.363383770E-2,1.520371437E-2,3.227424622E-2
2.639164950E0,-3.114908934E-2,2.464926243E-2,2.983951569E-2
2.647190817E0,-5.303055048E-2,1.963794231E-2,4.655456543E-2
2.655186838E0,-4.850757122E-2,-9.458184242E-3,2.256679535E-2
2.663182628E0,-4.427391291E-2,-1.458078623E-2,4.164791107E-2
2.671178957E0,-4.002475739E-2,-1.248645782E-2,3.439617157E-2
2.679174055E0,-3.128486872E-2,-1.998388767E-2,3.908634186E-2
2.687169076E0,-6.335729361E-2,-1.548182964E-2,3.179550171E-2
2.695165097E0,-6.677126884E-2,-1.438200474E-3,3.886032104E-2
2.703190733E0,-3.457182646E-2,-1.363921165E-2,4.829502106E-2
2.711187601E0,-5.295222998E-2,-8.944869041E-3,4.573726654E-2
2.719182698E0,-4.519957304E-2,7.791519165E-3,4.555797577E-2
2.727174103E0,-2.318596840E-2,1.238179207E-2,4.296398163E-2
2.735173586E0,-5.132299662E-2,7.515013218E-3,5.236053467E-2
2.743169530E0,-1.972717047E-2,5.096197128E-3,3.541374207E-2
2.751165012E0,-4.827439785E-3,1.461601257E-2,3.283500671E-2
2.759190880E0,1.729023457E-2,-2.168715000E-3,2.308082581E-2
2.767186593E0,5.886077881E-3,1.220339537E-2,3.966426849E-2
2.775182537E0,1.868379116E-2,-1.999616623E-3,4.191493988E-2
2.783177943E0,1.490896940E-2,1.718300581E-2,5.614852905E-2
2.791174041E0,2.099418640E-2,2.879142761E-3,4.886436462E-2
2.799169677E0,2.975314856E-2,-1.842737198E-3,4.400062561E-2
2.807164544E0,2.445143461E-2,5.191564560E-4,4.395008087E-2
2.815191334E0,5.020320415E-3,7.600128651E-3,4.870605469E-2
2.823186355E0,1.681596041E-2,3.389269114E-2,3.432178497E-2
2.831183376E0,2.371728420E-3,1.467686892E-2,2.952194214E-2
2.839177782E0,-2.144992352E-2,2.654564381E-2,1.516342163E-2
2.847172572E0,-1.183927059E-2,2.156442404E-2,2.473354340E-2
2.855168363E0,-2.360457182E-2,4.673004150E-3,3.192806244E-2
2.863164691E0,-2.357244492E-2,2.847421169E-2,4.389572144E-2
2.871191097E0,-2.364569902E-2,9.310781956E-3,3.670501709E-2
2.879186886E0,-2.146506310E-2,-5.041420460E-3,5.583858490E-2
2.887181676E0,-1.704418659E-2,1.180452108E-2,5.101966858E-2
2.895177697E0,-2.472352982E-2,-6.544589996E-5,3.421783447E-2
2.903173642E0,1.789742708E-2,-1.191020012E-2,2.460289001E-2
2.911171201E0,1.283454895E-2,-2.387934923E-2,3.654575348E-2
2.919164760E0,5.773842335E-3,2.321183681E-3,4.133987427E-2
2.927190397E0,1.332879066E-2,6.913244724E-3,3.657627106E-2
2.935186956E0,1.947700977E-3,3.777304292E-2,3.422546387E-2
2.943181439E0,-3.342050314E-2,1.721739769E-3,2.469348907E-2
2.951178691E0,-5.453890562E-2,1.842272282E-2,3.670215607E-2
2.959173481E0,-7.825577259E-2,-5.586326122E-3,4.390430450E-2
2.967168271E0,-7.115781307E-2,6.383419037E-3,3.910732269E-2
2.975164600E0,-6.679695845E-2,6.461679935E-3,3.667545319E-2
2.983191159E0,-3.865242004E-2,2.323347330E-2,1.028442383E-2
2.991186796E0,-2.510792017E-2,-3.392833471E-2,5.092144012E-2
2.999181278E0,-4.712820053E-3,-9.758114815E-3,8.434295654E-2
3.007177299E0,3.016269207E-2,7.075190544E-3,5.072784424E-2
3.015173320E0,6.302630901E-2,9.496092796E-3,1.475429535E-2
3.023169033E0,4.378271103E-2,-2.153128386E-2,3.629875183E-2
3.031166054E0,6.337243319E-2,-7.239878178E-3,3.873062134E-2
3.039190382E0,-9.725034237E-3,-3.144741058E-4,4.600620270E-2
3.047183327E0,-8.466899395E-3,2.814978361E-2,5.329704285E-2
3.055182424E0,-7.188433409E-2,3.034305573E-2,4.143238068E-2
3.063177753E0,-7.331854105E-2,-1.768046618E-2,4.870033264E-2
3.071175005E0,-7.787960768E-2,-9.616017342E-4,4.872035980E-2
3.079168257E0,-7.538545132E-2,2.529227734E-2,2.238845825E-2
3.095189607E0,-4.515355825E-2,1.591455936E-2,4.864978790E-2
3.103186166E0,1.626777649E-2,-1.029419899E-2,2.463436127E-2
3.111182572E0,2.495807409E-2,-2.951622009E-3,2.695178986E-2
3.119177593E0,4.105550051E-2,9.090662003E-3,2.689266205E-2
3.127172383E0,3.834551573E-2,1.955330372E-3,1.968193054E-2
3.135168404E0,1.211071014E-2,1.383250952E-2,3.884029388E-2
3.143164425E0,1.252925396E-2,2.098923922E-2,3.409099579E-2
3.151190984E0,-6.078660488E-3,-1.976668835E-2,4.371738434E-2
3.159185467E0,-3.172683716E-2,-1.019728184E-2,6.293678284E-2
3.167181719E0,-2.631169558E-2,-2.223169804E-2,4.623317719E-2
3.175177201E0,-2.831369638E-2,-7.045865059E-4,4.866409302E-2
3.183173452E0,-4.480469227E-2,-5.545377731E-3,4.150485992E-2
3.191169473E0,-3.286534548E-2,1.118946075E-2,2.474212646E-2
3.199194417E0,-3.531974554E-2,8.827090263E-3,1.755428314E-2
3.207189515E0,-4.027450085E-2,8.887529373E-3,2.472496033E-2
3.215186767E0,-3.812587261E-2,1.140844822E-2,2.470779419E-2
3.223181326E0,-1.699632406E-2,-5.241572857E-3,3.903770447E-2
3.231178809E0,-3.069698811E-3,6.928443909E-3,4.618835449E-2
3.239172984E0,-1.767349243E-2,-7.389724255E-3,5.813980103E-2
3.247167774E0,-1.763683558E-2,2.202451229E-3,6.053924561E-2
3.255194564E0,-5.475282669E-3,1.407516003E-2,6.773471832E-2
3.263189970E0,1.890629530E-2,-1.236462593E-2,5.579948425E-2
3.271187529E0,7.381141186E-3,2.098900080E-2,6.062316895E-2
3.279181089E0,3.034651279E-3,3.035604954E-2,4.628753662E-2
3.287176879E0,-1.321786642E-2,3.254896402E-2,1.998996735E-2
3.295172516E0,-2.452588081E-2,1.321119070E-2,2.722644806E-2
3.303168537E0,-7.069408894E-3,8.274257183E-3,3.686332703E-2
3.311194711E0,-4.953008890E-2,-6.190717220E-3,2.734184265E-2
3.319189502E0,-5.635613203E-2,-8.604645729E-3,4.174041748E-2
3.327185215E0,-7.538288832E-2,-8.565485477E-3,3.217792511E-2
3.335181544E0,-7.309347391E-2,1.291298866E-2,1.061725616E-2
3.343177025E0,-5.187702179E-2,1.046228409E-2,5.793571472E-3
3.351173662E0,-2.376770973E-2,1.049882174E-2,8.130073547E-3
3.359168144E0,-7.887065411E-3,3.379225731E-3,2.480792999E-2
3.367193935E0,-6.577968597E-3,-3.750562668E-3,2.710056305E-2
3.375190032E0,-2.746939659E-3,-1.321166754E-2,5.813980103E-2
3.383185438E0,-6.027638912E-3,6.101787090E-3,6.763935089E-2
3.391182075E0,1.716113091E-2,-2.008682489E-2,5.321025848E-2
3.399176865E0,7.070899010E-3,-1.991218328E-2,7.471847534E-2
3.407172193E0,-5.077123642E-4,-5.388498306E-3,7.947635651E-2
3.415167984E0,-6.461739540E-4,-4.537701607E-4,6.271171570E-2
3.423194159E0,1.847159863E-2,2.025306225E-3,6.271266937E-2
3.431190795E0,1.390916109E-2,2.027869225E-3,4.118537903E-2
3.439185585E0,7.933378220E-5,-1.234740019E-2,3.644847870E-2
3.447180068E0,2.478247881E-2,6.785511971E-3,1.976108551E-2
3.455176320E0,3.055220842E-2,1.395505667E-2,3.422069550E-2
3.463172418E0,1.012289524E-2,2.342909575E-2,2.235031128E-2
3.471168977E0,-4.152202606E-2,8.900761604E-3,2.244091034E-2
3.479194613E0,-7.419896126E-2,2.073460817E-2,2.730274200E-2
3.487189404E0,-8.788770437E-2,2.775251865E-2,3.933048248E-2
3.495185732E0,-8.757972717E-2,2.520960569E-2,3.456497192E-2
3.503182060E0,-6.850069761E-2,-3.580152988E-3,5.131340027E-2
3.511178312E0,-6.892746687E-2,-1.318418980E-2,3.690528870E-2
3.519172256E0,-2.158021927E-2,-1.549714804E-2,2.728080750E-2
3.527167046E0,-5.485355854E-3,-3.481268883E-3,4.158401489E-2
3.535194375E0,1.314473152E-2,-1.303011179E-2,4.632377625E-2
3.543190165E0,3.187537193E-3,-8.248388767E-3,3.192234039E-2
3.551185879E0,2.454310656E-2,1.239359379E-3,3.429317474E-2
3.559180900E0,1.030248404E-2,1.076966524E-2,3.430271149E-2
3.567176382E0,-1.084154844E-2,1.547509432E-2,2.954959869E-2
3.575171788E0,-1.255542040E-2,5.832433701E-3,4.158210754E-2
3.583167809E0,-2.847999334E-2,5.790114403E-3,5.363178253E-2
3.591194522E0,-3.481864929E-2,5.638122559E-3,3.455066681E-2
3.599190005E0,-4.363983870E-2,1.277536154E-2,5.377578735E-2
3.607184718E0,-6.232160330E-2,1.511359215E-2,5.860614777E-2
3.615180201E0,-5.248773098E-2,3.105938435E-3,5.623435974E-2
3.623176837E0,-4.548060894E-2,-1.841902733E-2,3.467082977E-2
3.631172858E0,-1.476657391E-2,-1.628994942E-3,2.745056152E-2
3.639167341E0,2.081197500E-2,-1.542687416E-3,1.784515381E-2
3.647193438E0,1.832497120E-2,-6.328344345E-3,3.220176697E-2
3.655189767E0,1.138335466E-2,8.035480976E-3,4.419708252E-2
3.663185249E0,-1.295804977E-4,-4.044294357E-3,4.423522949E-2
3.671182116E0,-5.470311642E-2,-1.792490482E-3,5.624580383E-2
3.679176291E0,-6.144481897E-2,-6.712913513E-3,4.670429230E-2
3.687171081E0,-5.396634340E-2,-9.202897549E-3,4.433441162E-2
3.695167794E0,-3.230011463E-2,1.940715313E-2,5.630970001E-2
3.703193354E0,-3.241562843E-2,-9.412229061E-3,2.756404877E-2
3.711190221E0,-2.306902409E-2,-7.068276405E-3,3.232765198E-2
3.719184704E0,-2.095448971E-2,2.168238163E-2,2.033042908E-2
3.727180109E0,-6.845951080E-3,1.449906826E-2,5.941390991E-3
3.735176207E0,-1.907211542E-2,1.694029570E-2,1.549530029E-2
3.743171920E0,6.928563118E-3,7.477343082E-3,3.462219238E-2
3.751168557E0,-5.326092243E-3,7.659554482E-3,1.545143127E-2
3.759193732E0,-1.031005383E-2,2.445644140E-2,4.655838013E-2
3.767187291E0,8.713245392E-3,5.296528339E-3,4.894065857E-2
3.775184312E0,-9.491443634E-4,1.248079538E-2,5.850887299E-2
3.783180333E0,-1.771402359E-2,2.840816975E-3,5.850505829E-2
3.791176662E0,-1.278769970E-2,-2.057194710E-3,4.893589020E-2
3.799171452E0,-5.565279722E-2,1.229220629E-2,2.980327606E-2
3.815194186E0,-5.341154337E-2,1.941663027E-2,3.696823120E-2
3.823189360E0,-4.170161486E-2,-6.758272648E-3,2.258586884E-2
3.831185381E0,-4.448705912E-2,-6.652414799E-3,3.691864014E-2
3.839180787E0,-2.094072104E-2,-8.965790272E-3,3.927993774E-2
3.847175193E0,-6.754517555E-3,-6.569266319E-3,5.123329163E-2
3.855171829E0,1.705759764E-2,-2.086895704E-2,3.207015991E-2
3.863167542E0,4.101020098E-2,-1.606243849E-2,4.883289337E-2
3.871194717E0,-1.686692238E-3,2.948343754E-3,2.252674103E-2
3.879189431E0,-3.232061863E-3,7.622301579E-3,3.696727753E-2
3.887184605E0,-2.375018597E-2,2.650469542E-2,2.268791199E-2
3.895180550E0,-3.221422434E-2,4.782447219E-2,2.517795563E-2
3.903175724E0,-4.803067446E-2,2.370417118E-2,3.004837036E-2
3.911172669E0,-4.476177692E-2,2.614498138E-2,3.013610840E-2
3.919167074E0,-2.498275042E-2,-4.831612110E-3,5.653953552E-2
3.927192634E0,-3.660231829E-2,-1.889455318E-2,6.856060028E-2
3.935188732E0,-2.445745468E-2,-3.290581703E-2,8.296203613E-2
3.943184983E0,-9.961783886E-3,-1.824337244E-2,5.904769897E-2
3.951181697E0,-2.650141716E-3,3.534138203E-3,4.949569702E-2
3.959175256E0,9.587466717E-3,-1.323223114E-2,2.557849884E-2
3.967171507E0,7.779836655E-3,1.063275337E-2,1.126670837E-2
3.975197682E0,-2.018207312E-2,1.989889145E-2,1.611328125E-2
3.983193087E0,-1.200085878E-2,3.170222044E-2,1.380729675E-2
3.991189801E0,-4.689121246E-2,7.576823235E-3,3.783893585E-2
3.999184822E0,-4.840290546E-2,2.667170763E-2,2.116298676E-2
4.007179612E0,-4.534029961E-2,2.737343311E-3,4.038238525E-2
4.015175325E0,-4.023176432E-2,2.192503214E-2,5.956840515E-2
4.023171116E0,-3.295660019E-2,-9.092748165E-3,9.070873260E-2
4.031197906E0,-3.782898188E-2,-1.620489359E-2,8.112716675E-2
4.039192696E0,-4.508358240E-2,6.158947945E-4,6.436347961E-2
4.047188409E0,-3.806346655E-2,7.823169231E-3,6.195545197E-2
4.063179836E0,-2.681189775E-2,3.438889980E-2,2.040863037E-3
4.071175780E0,-2.023929358E-2,1.542192698E-2,-7.584571838E-3
4.079171263E0,-2.324622869E-2,-1.029372215E-3,-5.234718323E-3
4.087166053E0,2.775788307E-4,-5.649626255E-3,3.543567657E-2
4.095192843E0,-1.182502508E-2,-1.023113728E-2,3.064441681E-2
4.103188787E0,2.530336380E-3,-2.936184406E-3,5.459213257E-2
4.111185501E0,2.412199974E-4,2.336496115E-2,5.938816071E-2
4.119179676E0,-2.844983339E-2,1.836836338E-3,7.375907898E-2
4.127175080E0,-1.173472404E-2,1.145070791E-2,5.939102173E-2
4.135170794E0,-4.650413990E-3,1.612591743E-2,5.458736420E-2
4.143196891E0,5.035758018E-3,8.883237839E-3,4.741096497E-2
4.151194220E0,5.413055420E-3,-3.179013729E-3,2.828979492E-2
4.159188395E0,-1.551300287E-2,-8.035898209E-4,4.032135010E-2
4.167183416E0,-3.139430285E-2,-7.615089417E-4,4.040813446E-2
4.175179514E0,-3.774261475E-2,2.323663235E-2,3.091621399E-2
4.183175227E0,-4.646253586E-2,4.480841756E-2,2.381801605E-2
4.191172171E0,-5.778151751E-2,-6.258487701E-4,3.346061707E-2
4.199198039E0,-6.229633093E-2,2.109241486E-2,3.828525543E-2
4.207193060E0,-6.708174944E-2,4.475653172E-3,5.265808105E-2
4.215188542E0,-6.009763479E-2,-2.734065056E-4,3.109359741E-2
4.223183948E0,-5.104154348E-2,-2.169013023E-4,4.541110992E-2
4.231181123E0,-2.544742823E-2,1.662963629E-2,3.576660156E-2
4.239175682E0,-1.187402010E-2,1.196014881E-2,2.133083344E-2
4.247170703E0,3.979384899E-3,-7.033646107E-3,2.603912354E-2
4.255197263E0,2.480244637E-2,-6.912529469E-3,3.794574738E-2
4.263192668E0,5.320501328E-2,-3.312939405E-2,4.989051819E-2
4.271189843E0,2.939260006E-2,-4.281342030E-2,4.989814758E-2
4.279184095E0,-1.176774502E-3,-2.617752552E-2,6.670475006E-2
4.287178884E0,-1.231485605E-2,-9.327530861E-3,5.960845947E-2
4.295175521E0,-5.222219229E-2,9.891688824E-3,5.729389191E-2
4.303171465E0,-5.401539803E-2,7.703959942E-3,5.736351013E-2
4.311198255E0,-4.184824228E-2,-8.894979954E-3,2.866172791E-2
4.319193045E0,-4.194176197E-2,2.003550529E-2,4.063415527E-2
4.327187220E0,-1.107442379E-2,2.022713423E-2,2.625370026E-2
4.335183626E0,-4.176199436E-3,2.031672001E-2,2.862453461E-2
4.343179570E0,1.718354225E-2,3.484791517E-2,1.664447784E-2
4.351177437E0,7.616579533E-3,1.103693247E-2,4.538249969E-2
4.359171073E0,6.281733513E-4,1.107990742E-2,3.822040558E-2
4.367196556E0,-3.263431787E-2,6.267488003E-3,5.260944366E-2
4.375192654E0,-3.478747606E-2,2.058196068E-2,3.826522827E-2
4.383187983E0,-5.376195908E-2,1.202762127E-3,6.939601898E-2
4.391184927E0,-3.691959381E-2,-3.738164902E-3,4.545402527E-2
4.399179486E0,-5.370134115E-2,-3.937840462E-3,3.825855255E-2
4.407174584E0,-2.996939421E-2,1.514971256E-2,4.781150818E-2
4.415170605E0,-4.221379757E-2,2.705526352E-2,2.623367310E-2
4.423197011E0,-1.389008760E-2,-1.732528210E-3,2.140235901E-2
4.431193955E0,-1.905846596E-2,1.991891861E-2,2.615928650E-2
4.439187513E0,1.422530413E-2,-1.557767391E-3,3.571701050E-2
4.447183227E0,-2.667307854E-4,8.283853531E-4,3.570461273E-2
4.455179940E0,1.421064138E-2,7.971644402E-3,5.247211456E-2
4.463174653E0,1.679736376E-2,7.465481758E-4,4.051780701E-2
4.471171674E0,-2.579563856E-2,-6.489694118E-3,4.056453705E-2
4.479196849E0,-1.584386826E-2,1.253694296E-2,3.101730347E-2
4.483195014E0,-3.702604771E-2,-6.655573845E-3,3.583908081E-2
4.485179096E0,-3.463184834E-2,-1.144403219E-2,2.626228333E-2
4.487191639E0,-2.984344959E-2,-1.867175102E-3,3.105068207E-2
4.495188045E0,-7.044672966E-4,-4.305481911E-3,4.784774780E-2
4.503183451E0,-4.358530045E-2,7.581412792E-3,3.828716278E-2
4.511180703E0,-5.072653294E-3,2.702176571E-3,3.830242157E-2
4.519174800E0,-2.448976040E-3,-1.175385714E-2,2.395534515E-2
4.527170206E0,5.077302456E-3,-2.207398415E-3,3.116989136E-2
4.535196766E0,1.267075539E-2,1.929467916E-2,3.839015961E-2
4.543192094E0,-6.059587002E-3,1.457464695E-2,3.364658356E-2
4.551189731E0,-2.483886480E-2,2.170097828E-2,4.086303711E-2
4.559183598E0,-6.274318695E-2,1.448231936E-2,3.611278534E-2
4.567178388E0,-5.052506924E-2,2.648383379E-2,3.613853455E-2
4.575174640E0,-6.244373322E-2,-4.687726498E-3,5.290031433E-2
4.583170661E0,-3.635960817E-2,-4.729211330E-3,3.850746155E-2
4.591197836E0,-4.860752821E-2,-9.578943253E-3,3.847789764E-2
4.599191702E0,-3.945183754E-2,9.710073471E-3,2.886581421E-2
4.607187031E0,-2.085441351E-2,-2.291023731E-3,3.359889984E-2
4.615183436E0,4.935145378E-3,1.562237740E-4,2.875995636E-2
4.623179150E0,-2.882599831E-3,-6.975591183E-3,3.109550476E-2
4.631175401E0,6.474196911E-3,2.394318581E-4,2.149868011E-2
4.639170807E0,-2.912104130E-3,2.268552780E-4,4.306411743E-2
4.647193059E0,-1.443469524E-2,9.682834148E-3,3.591918945E-2
4.655192157E0,-1.141464710E-2,9.435653687E-3,5.512142181E-2
4.663187793E0,-2.504611015E-2,2.052247524E-3,6.236553192E-2
4.671184506E0,-3.621762991E-2,6.496906281E-3,6.003093719E-2
4.679179220E0,-2.110207081E-2,2.059668303E-2,6.248569489E-2
4.687174010E0,-3.966963291E-2,1.565688848E-2,3.859233856E-2
4.695170646E0,-4.415154457E-2,3.599047661E-3,3.382968903E-2
4.703196514E0,-4.887002707E-2,1.154303551E-3,2.425575256E-2
4.711193150E0,-4.657489061E-2,2.019828558E-2,1.705837250E-2
4.719187325E0,-3.730601072E-2,3.518939018E-3,1.703262329E-2
4.727183038E0,-2.811419964E-2,2.737617493E-2,1.699066162E-2
4.735179136E0,-1.411050558E-2,1.011490822E-3,2.892398834E-2
4.743174542E0,-4.945814610E-3,3.394961357E-3,2.648925781E-2
4.751170870E0,-1.001548767E-2,3.381311893E-3,3.843212128E-2
4.759196352E0,6.616055965E-3,1.284146309E-2,5.517196655E-2
4.767191219E0,6.693482399E-3,-3.986716270E-3,6.235980988E-2
4.775184702E0,-5.081117153E-3,1.026433706E-2,5.997848511E-2
4.783183492E0,-2.416849136E-3,6.196498871E-4,6.000137329E-2
4.791179205E0,-1.147836447E-2,1.244854927E-2,5.525588989E-2
4.799174303E0,-3.009068966E-2,1.475054026E-2,4.333305359E-2
4.807168863E0,-4.140913486E-2,5.101382732E-3,3.621101379E-2
4.815196192E0,-1.433366537E-2,-2.181887627E-3,2.670192719E-2
4.823191905E0,-2.805429697E-2,-7.109522820E-3,2.196884155E-2
4.831188541E0,-4.648768902E-2,-1.264810562E-4,1.963520050E-2
4.839182793E0,-3.636735678E-2,1.164126396E-2,2.686119080E-2
4.847178199E0,-4.075890779E-2,1.624971628E-2,3.886127472E-2
4.855174143E0,-4.048514366E-2,-5.828142166E-4,2.930736542E-2
4.863170241E0,-2.111083269E-2,-7.801592350E-3,4.129886627E-2
4.871196723E0,-2.583372593E-2,-5.404233932E-3,5.327606201E-2
4.879191821E0,-1.144385338E-2,4.157841206E-3,4.848957062E-2
4.887183765E0,-3.068566322E-2,8.923292160E-3,5.326747894E-2
4.895182632E0,-4.758459330E-2,6.531953812E-3,5.085945129E-2
4.903178883E0,-2.625900507E-2,2.324455976E-2,2.210521698E-2
4.911175597E0,-3.382164240E-2,6.506383419E-3,3.164577484E-2
4.919170002E0,-2.464979887E-2,1.374453306E-2,2.203273773E-2
4.927195331E0,-2.267646790E-2,1.134192944E-2,3.156757355E-2
4.935191583E0,-3.873050213E-3,-2.994775772E-3,3.632259369E-2
4.943187296E0,7.810771465E-3,8.956611156E-3,2.910995483E-2
4.951184932E0,-6.736338139E-3,-7.862746716E-3,5.303096771E-2
4.959179107E0,-6.756424904E-3,-3.165185452E-3,4.823684692E-2
4.967173898E0,-1.625788212E-2,6.234705448E-3,4.105186462E-2
4.975169842E0,-2.557998896E-2,1.085561514E-2,3.627967834E-2
4.983195709E0,-2.069538832E-2,1.084411144E-2,3.868293762E-2
4.991192653E0,5.794644356E-3,3.634333611E-3,4.827308655E-2
4.999187212E0,-4.184466600E-2,1.210927963E-3,3.393077850E-2
5.015178870E0,-2.450251579E-2,-1.236259937E-3,4.116821289E-2
5.023174352E0,-4.095387459E-2,5.831778049E-3,3.400897980E-2
5.031170681E0,-4.068428278E-2,9.381175041E-4,1.487636566E-2
5.039195318E0,-3.817498684E-2,-4.020512104E-3,2.206325531E-2
5.047190723E0,-3.321194649E-2,2.943933010E-2,3.883552551E-2
5.055187360E0,-3.545182943E-2,3.640916944E-2,3.165721893E-2
5.063182995E0,-3.290146589E-2,2.803444862E-3,3.645706177E-2
5.071179093E0,-3.516840935E-2,9.880125523E-3,5.801200867E-2
5.079174114E0,-5.669224262E-2,1.217627525E-2,6.758594513E-2
5.087199750E0,-5.189990997E-2,7.251501083E-3,4.603099823E-2
5.095195387E0,-4.715484381E-2,3.341034055E-2,3.883457184E-2
5.103191177E0,-3.796482086E-2,3.100556135E-2,3.640270233E-2
5.111187736E0,-1.708644629E-2,1.909714937E-2,2.915668488E-2
5.119182834E0,8.354783058E-3,2.393871546E-2,2.188968658E-2
5.127177394E0,7.544636726E-3,2.153694630E-2,1.223278046E-2
5.135173646E0,1.178455353E-2,-1.689887047E-2,2.414226532E-2
5.143199897E0,1.873695850E-2,-1.230680943E-2,3.129196167E-2
5.151196842E0,-1.235818863E-2,2.333462238E-2,3.128051758E-2
5.159190940E0,-3.842872381E-2,4.094898701E-3,6.721687317E-2
5.167186961E0,-4.779261351E-2,2.081805468E-2,6.005287170E-2
5.175182982E0,-4.531782866E-2,1.642107964E-3,6.245326996E-2
5.183178387E0,-2.628719807E-2,1.135152578E-2,5.765914917E-2
5.191174485E0,-9.827435017E-3,1.142191887E-2,4.566287994E-2
5.199199429E0,-4.553198814E-4,1.868444681E-2,4.325199127E-2
5.207191989E0,-1.512140036E-2,-1.955121756E-2,2.646732330E-2
5.215191779E0,-3.229200840E-3,-7.608354092E-3,2.885246277E-2
5.223186799E0,-1.506239176E-2,1.380795240E-2,1.210021973E-2
5.231182820E0,-1.702404022E-2,1.600098610E-2,7.343292236E-3
5.239176995E0,-3.325057030E-2,-8.229434490E-3,2.174568176E-2
5.247172785E0,-6.164824963E-2,5.884587765E-3,3.134250641E-2
5.255199883E0,-6.617403030E-2,1.041316986E-2,3.374767303E-2
5.263194981E0,-5.658167601E-2,1.018750668E-2,3.613281250E-2
5.271191540E0,-3.531557322E-2,5.260348320E-3,3.849220276E-2
5.279186715E0,-2.138793468E-2,9.865701199E-3,3.604507446E-2
5.287181736E0,-3.870803118E-2,7.357954979E-3,3.359031677E-2
5.295177527E0,-2.252531052E-2,2.636617422E-2,3.352546692E-2
5.303173855E0,-8.571028709E-3,1.442176104E-2,3.588104248E-2
5.311200646E0,2.828180790E-3,9.642481804E-3,5.019092560E-2
5.319195667E0,-9.677588940E-3,1.685053110E-2,5.253314972E-2
5.327190226E0,-5.247592926E-3,1.697713137E-2,5.489921570E-2
5.335186478E0,-7.801353931E-3,-1.172131300E-2,3.812599182E-2
5.343182499E0,-1.974254847E-2,1.699805260E-2,3.334045410E-2
5.351178289E0,-2.191579342E-2,1.630783081E-4,3.814601898E-2
5.359173618E0,-1.677680016E-2,1.195770502E-2,4.535388947E-2
5.367195562E0,-2.815401554E-2,2.274811268E-3,2.864742279E-2
5.375194968E0,-1.805293560E-2,1.167339087E-2,1.432418823E-2
5.383190603E0,-1.522088051E-2,4.387557507E-3,4.309177399E-2
5.391186932E0,4.348397255E-3,1.841127872E-3,3.115463257E-2
5.399182030E0,-9.388446808E-3,-7.106065750E-4,3.839015961E-2
5.407177204E0,-2.547752857E-2,-1.282554865E-2,3.844833374E-2
5.415173841E0,-6.793957949E-2,1.325368881E-2,5.765056610E-2
5.423199400E0,-8.672404289E-2,1.076030731E-2,3.613471985E-2
5.431195729E0,-6.998974085E-2,2.975210547E-2,3.372955322E-2
5.439190750E0,-4.890686274E-2,8.184969425E-3,2.889442444E-2
5.447182771E0,-4.961031675E-2,-1.331788301E-2,2.403926849E-2
5.455182484E0,-1.457810402E-2,-1.294136047E-3,1.916694641E-2
5.463177044E0,6.270647049E-3,-3.230446577E-2,3.346920013E-2
5.471173680E0,3.224980831E-2,-3.520429134E-3,3.343677521E-2
5.479200086E0,1.063632965E-2,-8.307278156E-3,4.061412811E-2
5.487194030E0,1.070749760E-2,8.472263813E-3,2.625656128E-2
5.495190897E0,-9.410381317E-4,2.029263973E-2,2.867412567E-2
5.503186380E0,-2.454346418E-2,2.256447077E-2,3.349018097E-2
5.511183632E0,-1.205563545E-2,2.725863457E-2,5.029487610E-2
5.519178114E0,-4.997998476E-2,5.525231361E-3,6.468868256E-2
5.527172519E0,-6.414496899E-2,-1.369518042E-2,5.512809753E-2
5.535200310E0,-8.091962337E-2,1.504826546E-2,6.709861755E-2
5.543195715E0,-6.211501360E-2,1.030451059E-2,1.918220520E-2
5.551191966E0,-5.536669493E-2,-1.586556435E-3,9.567260742E-3
5.559186141E0,-4.631119967E-2,8.130013943E-3,2.149391174E-2
5.567181239E0,-1.579201221E-2,1.306247711E-2,1.904773712E-2
5.575177260E0,-4.548907280E-3,2.521127462E-2,2.856254578E-2
5.583172743E0,-1.486814022E-2,1.824313402E-2,5.004882812E-2
5.591200995E0,1.547533274E-2,1.129442453E-2,5.477237701E-2
5.599194323E0,9.993612766E-3,-3.031849861E-3,4.991912842E-2
5.607188114E0,9.600281715E-3,1.134586334E-2,6.185245514E-2
5.615186981E0,2.638918161E-2,2.311313152E-2,5.226707458E-2
5.623181771E0,9.973049164E-3,6.094455719E-3,4.031658173E-2
5.631178407E0,3.692579269E-2,2.249693871E-2,3.556919098E-2
5.639172505E0,-1.732927561E-2,2.230226994E-2,2.127361298E-2
5.647198142E0,-9.313344955E-3,-1.731038094E-3,3.571605682E-2
5.655194470E0,-2.777749300E-2,-8.908212185E-3,3.099536896E-2
5.663189491E0,-4.160130024E-2,-8.920729160E-3,3.344154358E-2
5.671187436E0,-4.836332798E-2,7.852494717E-3,3.108978271E-2
5.679181610E0,-2.646386623E-2,3.073334694E-3,3.351879120E-2
5.687176938E0,-4.305958748E-2,1.036173105E-2,3.114700317E-2
5.695172728E0,-5.520474911E-2,1.746797562E-2,2.633762360E-2
5.703198519E0,-3.856223822E-2,3.158390522E-3,4.780769348E-3
5.711196155E0,-1.015573740E-2,2.231752872E-2,1.671981812E-2
5.719190330E0,1.101481915E-2,1.269078255E-2,3.583431244E-2
5.727185043E0,1.078075171E-2,1.742172241E-2,2.144336700E-2
5.735181987E0,8.403599262E-3,6.322264671E-4,3.341388702E-2
5.743177085E0,-1.298654079E-2,1.254451275E-2,4.539775848E-2
5.751173491E0,-3.916555643E-2,1.246786118E-2,5.498600006E-2
5.759199281E0,-3.897047043E-2,2.676504850E-2,5.739498138E-2
5.767193533E0,-4.369205236E-2,-2.371412516E-2,4.302597046E-2
5.775190708E0,-4.134619236E-2,-6.967961788E-3,6.217575073E-2
5.783185883E0,-5.125510693E-2,1.694518328E-2,2.862167358E-2
5.791182134E0,-4.207432270E-2,7.327497005E-3,2.379226685E-2
5.799177232E0,-3.285354376E-2,2.511501312E-3,1.896762848E-2
5.807172100E0,-6.776511669E-3,1.448690891E-2,1.415348053E-2
5.815199428E0,5.005717278E-3,2.400767803E-2,1.652717590E-2
5.823194526E0,-4.592418671E-3,-2.310514450E-3,2.849674225E-2
5.831190624E0,7.425010204E-3,2.160000801E-2,3.328800201E-2
5.839185338E0,-1.877099276E-2,2.162563801E-2,3.809070587E-2
5.847181050E0,-3.052401543E-2,1.521110535E-4,5.008792877E-2
5.855176532E0,-3.996908665E-2,-4.547834396E-3,5.249881744E-2
5.863172169E0,-2.549457550E-2,9.755373001E-3,4.532432556E-2
5.871199267E0,-3.994119167E-2,3.131791949E-2,2.376937866E-2
5.879193826E0,-3.043788671E-2,7.404208183E-3,2.136993408E-2
5.887189770E0,-3.057068586E-2,2.411043644E-2,9.382247925E-3
5.895186407E0,-4.035872221E-2,2.167779207E-2,6.965637207E-3
5.903181505E0,-3.105950356E-2,1.220721006E-2,3.567409515E-2
5.911177526E0,-3.132969141E-2,-9.304821491E-3,3.325557709E-2
5.919173008E0,-2.909040451E-2,1.470381021E-2,4.521465302E-2
5.927197952E0,-2.204042673E-2,-2.011716366E-3,4.520416260E-2
5.935194204E0,-3.904008865E-2,5.221426487E-3,4.278850555E-2
5.943189994E0,-3.935897350E-2,-1.986861229E-3,5.472755432E-2
5.951186862E0,-2.543175220E-2,2.725005150E-3,1.876735687E-2
5.959181113E0,-1.644128561E-2,-2.164661884E-3,1.391601562E-2
5.975203232E0,-2.962887287E-3,-4.661321640E-3,1.621913910E-2
5.983198407E0,6.211578846E-3,-1.414543390E-2,6.607055664E-3
5.991194967E0,-2.278512716E-2,-2.847814560E-2,4.249572754E-2
5.999189218E0,-3.496384621E-2,-2.162516117E-3,4.008102417E-2
6.007184546E0,-3.014564514E-2,-1.651918888E-2,4.966068268E-2
6.015181183E0,-4.683536291E-2,-4.475235939E-3,5.445957184E-2
6.023176973E0,-3.969395161E-2,-4.454016685E-3,5.206203461E-2
6.031173609E0,-3.504914045E-2,7.640659809E-3,7.120895386E-2
6.039198861E0,-2.327686548E-2,-6.660759449E-3,5.203914642E-2
6.047193959E0,3.919601440E-4,1.724296808E-2,3.764533997E-2
6.055189903E0,2.648121119E-2,3.398022056E-2,2.804279327E-2
6.063185386E0,2.875769138E-2,3.151163459E-2,1.845073700E-2
6.071182560E0,4.330033064E-2,9.909629822E-3,1.367664337E-2
6.079177043E0,1.984930038E-2,1.940149069E-2,2.808570862E-2
6.087171833E0,3.942430019E-3,-1.657336950E-2,3.055953979E-2
6.095198931E0,-2.623492479E-2,-2.388536930E-3,3.543186188E-2
6.103194337E0,-5.650824308E-2,-1.926583052E-2,4.987430573E-2
6.111191281E0,-8.005052805E-2,4.624307156E-3,4.751586914E-2
6.119184917E0,-5.844759941E-2,-5.134403706E-3,4.751205444E-2
6.127180938E0,-6.829220057E-2,9.057819843E-3,3.550624847E-2
6.135176882E0,-4.719883204E-2,1.616358757E-2,2.109336853E-2
6.143202442E0,-3.573077917E-2,1.848477125E-2,2.343368530E-2
6.151199155E0,-3.151762486E-2,-1.993542910E-2,2.337169647E-2
6.159193869E0,-1.053535938E-2,2.071714401E-2,4.486179352E-2
6.167186504E0,1.067900658E-2,2.555137873E-2,2.807140350E-2
6.175184756E0,3.390252590E-3,6.442904472E-3,1.848697662E-2
6.183180392E0,1.067894697E-2,-2.462583780E-2,4.004859924E-2
6.191177952E0,-1.074719429E-2,-2.699184418E-2,5.203247070E-2
6.199202357E0,-3.441423178E-2,1.132440567E-2,6.163787842E-2
6.207198301E0,-2.920073271E-2,2.563333511E-2,4.730987549E-2
6.215193707E0,-2.892088890E-2,-7.483959198E-4,4.015350342E-2
6.223189420E0,-3.824067116E-2,-1.994013786E-2,4.735851288E-2
6.231186134E0,-4.038268328E-2,1.356869936E-2,2.104663849E-2
6.239180847E0,-1.389306784E-2,2.071177959E-2,-5.277633667E-3
6.247175406E0,-1.611018181E-2,2.548456192E-2,1.149845123E-2
6.255202197E0,7.449984550E-4,-8.720755577E-4,3.066158295E-2
6.263198141E0,-1.428246498E-3,-8.732676506E-4,2.589416504E-2
6.271195085E0,8.467912674E-3,3.881216049E-3,3.789424896E-2
6.279189644E0,-1.266592741E-2,1.576679945E-2,4.990196228E-2
6.287184973E0,-4.110527039E-2,6.122052670E-3,4.753208160E-2
6.295180994E0,-4.812490940E-2,1.088511944E-2,4.036521912E-2
6.303175861E0,-4.815232754E-2,-1.303958893E-2,4.754543304E-2
6.311203267E0,-2.673441172E-2,6.031334400E-3,3.555774689E-2
6.319197979E0,-2.218532562E-2,3.611564636E-3,3.313827515E-2
6.327193154E0,-2.960586548E-2,6.022393703E-3,3.551006317E-2
6.335189175E0,1.093488932E-2,1.270890236E-3,2.113151550E-2
6.343185427E0,-3.547489643E-3,1.255214214E-3,2.351284027E-2
6.351180910E0,-8.282423019E-3,1.806646585E-2,2.591514587E-2
6.359176623E0,-2.245587111E-2,6.046235561E-3,2.593135834E-2
6.367201567E0,-1.516234875E-2,2.034145594E-2,2.593898773E-2
6.375197896E0,-3.889590502E-2,1.795732975E-2,2.595996857E-2
6.383193609E0,-3.633117676E-2,2.752700448E-2,3.076457977E-2
6.391190476E0,-4.095470905E-2,1.801788807E-2,4.993820190E-2
6.399184959E0,-2.892726660E-2,8.476078510E-3,4.755020142E-2
6.407179518E0,-3.860127926E-2,-3.525972366E-3,4.753971100E-2
6.415176462E0,-3.146034479E-2,1.227080822E-3,4.274463654E-2
6.423201945E0,-3.640717268E-2,2.260833979E-2,2.356719971E-2
6.431198274E0,-2.224159241E-2,3.401577473E-3,9.180068970E-3
6.439193371E0,-1.053088903E-2,2.017033100E-2,2.352046967E-2
6.455184567E0,-2.549362183E-2,1.073300838E-3,2.585887909E-2
6.463180204E0,5.448281765E-3,3.487408161E-3,3.063106537E-2
6.479202399E0,2.242338657E-2,-6.300747395E-3,6.655502319E-2
6.487196881E0,2.281266451E-2,5.415976048E-3,4.263591766E-2
6.495192902E0,-5.518198013E-4,1.954364777E-2,4.747009277E-2
6.503189308E0,-1.909762621E-2,9.715497494E-3,4.272747040E-2
6.511186175E0,-4.013389349E-2,2.339661121E-3,3.079700470E-2
6.519179811E0,-5.886036158E-2,1.186275482E-2,4.041290283E-2
6.527175525E0,-6.332379580E-2,1.424169540E-2,9.319305420E-3
6.535201930E0,-4.642248154E-2,1.187288761E-2,2.369976044E-2
6.543198028E0,-4.882800579E-2,-1.558065414E-4,2.848434448E-2
6.551194357E0,-4.422694445E-2,2.140825987E-2,9.312629700E-3
6.559188763E0,-3.023779392E-2,-7.128834724E-3,2.365112305E-2
6.567184553E0,5.331635475E-3,-2.159595490E-3,1.644420624E-2
6.575179882E0,-1.656770706E-2,7.604479790E-3,4.754352570E-2
6.583175980E0,-7.339060307E-3,-6.666898727E-3,4.272651672E-2
6.591202770E0,-2.608895302E-4,6.322264671E-4,4.511642456E-2
6.599198175E0,-2.513527870E-4,1.511001587E-2,3.315162659E-2
6.607192043E0,-5.022823811E-3,1.275175810E-2,4.273223877E-2
6.615188679E0,-2.411991358E-2,7.913351059E-3,4.034137726E-2
6.623184392E0,-3.609591722E-2,5.587816238E-3,3.076744080E-2
6.631181259E0,-3.618633747E-2,1.034659147E-2,2.118110657E-2
6.639175203E0,-3.160017729E-2,2.484869957E-2,2.116775513E-2
6.647200762E0,-4.865384102E-2,1.064145565E-2,3.551292419E-2
6.655197091E0,-2.266430855E-2,1.078391075E-2,3.069782257E-2
6.663193035E0,-2.786248922E-2,1.410007477E-3,4.024410248E-2
6.671189671E0,-2.600663900E-2,-2.001470327E-2,4.977416992E-2
6.679184462E0,-9.748876095E-3,-7.940113544E-3,3.057765961E-2
6.687178944E0,4.169285297E-3,2.330505848E-2,3.532886505E-2
6.695175581E0,-5.748748779E-3,1.825869083E-3,3.529834747E-2
6.703201755E0,1.079553366E-2,1.624172926E-2,2.570343018E-2
6.711198161E0,8.372426033E-3,1.386272907E-2,3.288364410E-2
6.719192951E0,-3.422021866E-3,2.340865135E-2,4.247570038E-2
6.727187434E0,-6.863474846E-4,1.142364740E-2,3.053760529E-2
6.735184301E0,-9.802401066E-3,-5.342602730E-3,3.537082672E-2
6.743179784E0,-6.768345833E-3,2.571034431E-2,4.979515076E-2
6.751176420E0,-1.321703196E-2,2.084577084E-2,5.704498291E-2
6.759201672E0,-2.214795351E-2,-9.229183197E-4,4.751968384E-2
6.767196385E0,-2.158510685E-2,1.093715429E-2,4.517555237E-2
6.775193098E0,-5.695962906E-2,2.518802881E-2,3.325080872E-2
6.783188427E0,-5.915081501E-2,1.790899038E-2,3.087234497E-2
6.791185447E0,-7.834386826E-2,-6.067276001E-3,9.319305420E-3
6.799180160E0,-7.873272896E-2,3.528594971E-3,3.561878204E-2
6.807174335E0,-4.593700171E-2,2.748206258E-2,1.639366150E-2
6.815201818E0,-4.196816683E-2,2.035331726E-2,2.110576630E-2
6.823197839E0,-6.985366344E-3,1.319307089E-2,2.340888977E-2
6.831193552E0,-5.523979664E-3,-1.004099846E-3,2.572154999E-2
6.839188343E0,2.473074198E-2,-1.044058800E-2,4.958534241E-2
6.847183979E0,4.827320576E-3,-5.594193935E-3,6.148719788E-2
6.855179077E0,3.319120407E-2,-7.910907269E-3,4.948329926E-2
6.863175790E0,4.281997681E-3,-3.193318844E-3,5.185699463E-2
6.871202811E0,-1.240938902E-2,1.555442810E-3,4.707241058E-2
6.879197294E0,-2.179509401E-2,2.071255445E-2,3.751468658E-2
6.887189622E0,-5.031406879E-2,1.601725817E-2,3.275108337E-2
6.895188490E0,-3.818637133E-2,1.855111122E-2,1.840877533E-2
6.903184203E0,-1.436740160E-2,2.593147755E-2,2.798366547E-2
6.911180224E0,-1.700264215E-2,2.376919985E-2,3.754901886E-2
6.919174399E0,-5.280077457E-3,1.680332422E-2,3.753566742E-2
6.927200574E0,-2.227258682E-2,2.166545391E-2,2.315235138E-2
6.935197441E0,-3.178536892E-3,2.175110579E-2,3.033351898E-2
6.943192615E0,-1.753783226E-2,-4.581928253E-3,2.554607391E-2
6.951188867E0,-3.154277802E-3,-4.587113857E-3,2.315235138E-2
6.959183426E0,-3.912484646E-2,1.206320524E-2,4.229450226E-2
6.967178832E0,-1.039046049E-2,2.138781548E-2,2.312850952E-2
6.975175468E0,-3.181964159E-2,2.352684736E-2,2.791595459E-2
6.983201028E0,-3.175479174E-2,1.611149311E-2,3.269863129E-2
6.991198202E0,-3.417903185E-2,-5.564868450E-3,3.987216949E-2
6.999192070E0,-3.685277700E-2,1.451194286E-3,4.462432861E-2
7.007188091E0,-2.517950535E-2,-1.053994894E-2,4.938316345E-2
7.015184189E0,-1.337665319E-2,-3.384530544E-3,3.739356995E-2
7.023179210E0,-1.108270884E-2,1.303911209E-3,1.583099365E-2
7.031175846E0,-6.232917309E-3,6.063103676E-3,3.259468079E-2
7.039201098E0,-2.520042658E-2,1.283824444E-3,2.064323425E-2
7.047194119E0,-2.976745367E-2,3.648281097E-3,2.305698395E-2
7.055191986E0,-4.631888866E-2,1.321917772E-2,3.983592987E-2
7.063188238E0,-3.432601690E-2,-5.946815014E-3,5.420303345E-2
7.071184259E0,-3.443467617E-2,-1.313602924E-2,3.743267059E-2
7.079179972E0,-3.441917896E-2,-5.904734135E-3,2.546596527E-2
7.087173839E0,-8.015513420E-3,1.805877686E-2,2.547359467E-2
7.095200937E0,1.126986742E-2,3.683388233E-3,3.745651245E-2
7.103196419E0,9.198963642E-3,3.654241562E-3,2.312183380E-2
7.111193055E0,4.323840141E-2,-1.315855980E-2,3.514099121E-2
7.119187538E0,2.719932795E-2,8.226633072E-3,3.759670258E-2
7.127182866E0,-1.256477833E-2,8.089482784E-3,3.049850464E-2
7.135179887E0,-4.286533594E-2,1.509767771E-2,1.141738892E-2
7.143174908E0,-8.530235291E-2,2.459025383E-2,2.823638916E-2
7.151201776E0,-9.685391188E-2,1.974493265E-2,1.869678497E-2
7.159195951E0,-7.309389114E-2,7.726848125E-3,2.107143402E-2
7.167191356E0,-5.677044392E-2,-1.743972301E-3,5.694675446E-2
7.175187993E0,-2.887260914E-2,-1.825642586E-2,4.011821747E-2
7.183183090E0,-3.501236439E-3,-3.005355597E-2,3.045749664E-2
7.191179112E0,4.170536995E-4,8.386850357E-3,1.840686798E-2
7.199204979E0,2.133482695E-2,3.623604774E-3,2.313518524E-2
7.207200307E0,3.058159351E-2,1.280725002E-3,8.741378784E-3
7.215196328E0,1.851612329E-2,-9.614825249E-4,1.592254639E-2
7.223192119E0,-2.954781055E-3,1.596462727E-2,3.509235382E-2
7.231188447E0,-2.741217613E-3,1.377701759E-2,3.272914886E-2
7.239183468E0,-3.120982647E-2,6.863653660E-3,5.671024323E-2
7.247178028E0,-4.534310102E-2,1.673346758E-2,5.435371399E-2
7.255205357E0,-6.440567970E-2,-1.175904274E-2,6.155872345E-2
7.263201377E0,-7.404381037E-2,3.122091293E-4,5.198001862E-2
7.271197705E0,-5.988633633E-2,-6.868481636E-3,4.717159271E-2
7.279192188E0,-1.730644703E-2,-2.048015594E-3,4.472923279E-2
7.287187363E0,-1.322877407E-2,-4.411816597E-3,2.071952820E-2
7.295183615E0,-1.641720533E-2,7.579743862E-3,8.671760559E-3
7.303178789E0,-2.778828144E-3,1.253509521E-2,1.427650452E-3
7.311206195E0,1.818352938E-2,1.508206129E-2,1.574325562E-2
7.319200062E0,2.496850491E-2,9.444952011E-4,3.726482391E-2
7.327196006E0,1.518523693E-2,-8.505046368E-3,4.922199249E-2
7.335192027E0,1.058709621E-2,-8.458137512E-3,3.487777710E-2
7.343187510E0,-1.295858622E-2,-3.720581532E-3,4.449081421E-2
7.351184069E0,-7.488846779E-3,-8.491039276E-3,5.892372131E-2
7.359178860E0,-4.331409931E-3,-1.404106617E-3,3.505039215E-2
7.367201958E0,-3.708612919E-2,9.379982948E-4,2.793884277E-2
7.375200517E0,-4.830628633E-2,2.725017071E-2,2.801132202E-2
7.383196230E0,-5.484151840E-2,-1.518189907E-3,2.567863464E-2
7.391192174E0,-5.678582191E-2,5.761981010E-3,1.615047455E-2
7.399187042E0,-4.473555088E-2,-8.534789085E-3,1.796722412E-3
7.415209161E0,-4.495233297E-2,-1.090347767E-3,3.291320801E-2
7.423205258E0,-1.886916161E-2,-2.246588469E-2,2.332019806E-2
7.431201279E0,-4.853188992E-3,-1.276803017E-2,3.526401520E-2
7.439196376E0,-5.132257938E-3,1.724958420E-3,5.918502808E-2
7.447190859E0,-1.018655300E-2,2.111876011E-2,6.156730652E-2
7.455188034E0,-5.634367466E-3,4.500627518E-3,5.436801910E-2
7.463182824E0,1.349163055E-2,-1.694953442E-2,4.718780518E-2
7.471179768E0,6.370663643E-3,-4.981994629E-3,3.761577606E-2
7.479205328E0,-2.870082855E-3,6.924688816E-3,2.088642120E-2
7.487199887E0,-1.202839613E-2,6.898641586E-3,1.613807678E-2
7.495196447E0,-2.825558186E-2,1.411628723E-2,1.619148254E-2
7.503191929E0,-4.931348562E-2,-2.880489826E-2,1.385402679E-2
7.511187643E0,-3.219085932E-2,4.898548126E-3,2.826404572E-2
7.519183279E0,-5.111378431E-2,-1.412022114E-2,3.308200836E-2
7.527177454E0,-3.902077675E-2,2.953410149E-4,4.267311096E-2
7.535204244E0,-4.135292768E-2,5.137383938E-3,3.071117401E-2
7.543200265E0,-3.889894485E-2,1.719290018E-2,3.072166443E-2
7.551196902E0,-3.183573484E-2,-1.146930456E-2,2.353000641E-2
7.559191769E0,-2.006614208E-2,1.487636566E-2,3.548240662E-2
7.567186789E0,1.202702522E-3,1.254445314E-2,1.869869232E-2
7.575182810E0,-6.213128567E-3,7.898628712E-3,3.544330597E-2
7.583178292E0,-8.768022060E-3,-6.211280823E-3,3.065204620E-2
7.591206006E0,-1.851791143E-2,-6.106078625E-3,2.585315704E-2
7.599199873E0,-6.575942039E-3,3.606498241E-3,3.303909302E-2
7.607195201E0,-8.925020695E-3,1.083081961E-2,4.262256622E-2
7.615191607E0,1.002073288E-3,1.328992844E-2,3.787231445E-2
7.623186397E0,-3.357470036E-3,1.334244013E-2,2.594566345E-2
7.631183880E0,-1.238447428E-2,1.413762569E-3,3.797149658E-2
7.639178132E0,-9.351193905E-3,1.448750496E-3,3.324794769E-2
7.647203922E0,-1.591712236E-2,1.387536526E-3,2.612304688E-2
7.655200635E0,-2.713364363E-2,1.085573435E-2,2.140331268E-2
7.663195656E0,-2.398842573E-2,6.116092205E-3,2.866077423E-2
7.671192600E0,-2.809917927E-2,1.376569271E-3,1.915359497E-2
7.679186545E0,-5.390399694E-2,6.240963936E-3,3.596973419E-2
7.687181642E0,-5.836081505E-2,2.786189318E-2,3.121662140E-2
7.695177971E0,-5.098539591E-2,-9.094476700E-4,3.602218628E-2
7.703204146E0,-4.862034321E-2,1.580864191E-2,4.798793793E-2
7.711201321E0,-5.599540472E-2,2.049487829E-2,2.881050110E-2
7.719195880E0,-3.966790438E-2,2.765774727E-2,3.594970703E-2
7.727190670E0,-4.265993834E-2,1.418411732E-3,3.110790253E-2
7.735186921E0,-3.385317326E-2,3.847956657E-3,2.863979340E-2
7.743182404E0,-3.226864338E-2,2.072989941E-2,2.856731415E-2
7.751178117E0,2.795100212E-3,8.896410465E-3,2.609729767E-2
7.759203984E0,2.352064848E-2,8.986473083E-3,3.320312500E-2
7.767197852E0,1.329958439E-2,-1.480287313E-2,2.357101440E-2
7.775195334E0,-1.105535030E-2,-2.907222509E-2,3.311252594E-2
7.783191124E0,5.635678768E-3,-1.476967335E-2,3.789138794E-2
7.791188299E0,-2.289623022E-2,2.010345459E-3,4.270076752E-2
7.799181859E0,-1.288515329E-2,-1.238042116E-2,4.752922058E-2
7.807177264E0,-2.202188969E-2,-5.203783512E-3,4.996681213E-2
7.815204055E0,-3.827500343E-2,1.641219854E-2,4.283714294E-2
7.823199230E0,-3.536146879E-2,2.597093582E-2,3.330993652E-2
7.831196097E0,-1.825153828E-2,3.324106336E-2,2.137851715E-2
7.839190656E0,-2.284890413E-2,3.564020991E-2,4.055118561E-2
7.847185446E0,-1.787936687E-2,2.135431767E-2,2.860164642E-2
7.855182083E0,-1.046001911E-2,2.385467291E-2,2.623653412E-2
7.863177412E0,8.900344372E-3,4.737436771E-3,2.386379242E-2
7.871205125E0,-2.776443958E-3,2.415359020E-3,4.544448853E-2
7.879199607E0,-3.825718164E-2,2.315759659E-3,2.632808685E-2
7.887194166E0,-3.772366047E-2,-4.954695702E-3,2.637577057E-2
7.895190495E0,-5.162328482E-2,1.165455580E-2,3.838348389E-2
7.903186131E0,-6.073558331E-2,8.998990059E-3,2.644538879E-2
7.911183075E0,-6.998503208E-2,1.481711864E-3,2.167129517E-2
7.919177327E0,-4.822945595E-2,-3.492414951E-3,1.210594177E-2
7.927203194E0,-5.780297518E-2,3.573656082E-3,1.210021973E-2
7.935199523E0,-5.319619179E-2,1.549291611E-2,1.926231384E-2
7.943195236E0,-2.717393637E-2,1.557654142E-2,3.599548340E-2
7.951192180E0,-8.480131626E-3,6.157517433E-3,4.553508759E-2
7.959186355E0,-4.057466984E-3,-5.600690842E-3,4.790401459E-2
7.967181761E0,9.961366653E-3,1.789689064E-3,4.548740387E-2
7.975208474E0,2.169644833E-2,-1.727026701E-2,7.898807526E-2
7.983203572E0,1.702594757E-2,-1.483732462E-2,4.787635803E-2
7.991200901E0,5.698204041E-4,-5.922913551E-4,4.311180115E-2
7.999194768E0,1.075029373E-3,6.437122822E-3,1.921081543E-2
8.007189866E0,-1.970189810E-2,1.353597641E-2,9.705543518E-3
8.015186118E0,-2.616924047E-2,6.271243095E-3,2.413654327E-2
8.023181831E0,-4.000598192E-2,6.188213825E-3,1.700210571E-2
8.031209544E0,-6.230592728E-3,1.101213694E-2,1.942348480E-2
8.039203719E0,-3.240156174E-2,1.342016459E-2,2.662277222E-2
8.047198508E0,-1.308363676E-2,1.582664251E-2,4.100513458E-2
8.055195222E0,-1.532435417E-2,-9.548068047E-4,3.862380981E-2
8.063190935E0,-2.725231647E-2,-9.193420410E-4,4.820728302E-2
8.071187187E0,-3.453236818E-2,-8.864998817E-4,4.580593109E-2
8.079181977E0,-2.995353937E-2,8.749842644E-3,2.902793884E-2
8.087207306E0,-1.353436708E-2,1.836788654E-2,3.139209747E-2
8.095203942E0,-1.852738857E-2,-3.131628036E-3,2.179718018E-2
8.103198656E0,-1.146882772E-2,8.952856064E-3,3.615665436E-2
8.111196215E0,-1.399314404E-2,2.097642422E-2,2.178096771E-2
8.119190159E0,-2.849680185E-2,1.886367798E-3,2.177047729E-2
8.135182124E0,-1.177096367E-2,3.063303232E-2,1.937294006E-2
8.143177530E0,-2.121824026E-2,6.720066071E-3,4.572391510E-2
8.151204397E0,-3.063684702E-2,2.597963810E-2,3.377342224E-2
8.159198880E0,-3.051680326E-2,9.277462959E-3,6.970214844E-2
8.167193901E0,-3.997534513E-2,6.902515888E-3,5.056095123E-2
8.175190537E0,-4.725307226E-2,4.600703716E-3,5.055618286E-2
8.183186250E0,-4.498904943E-2,-4.988491535E-3,4.336071014E-2
8.191182347E0,-4.281109571E-2,1.171475649E-2,1.700019836E-2
8.199207291E0,-4.790782928E-2,2.065479755E-3,2.654361725E-2
8.207203005E0,-1.715016365E-2,-2.620220184E-4,1.214504242E-2
8.215199256E0,-2.226948738E-2,6.953120232E-3,1.450824738E-2
8.223195047E0,1.815325022E-2,-2.618908882E-3,2.166461945E-2
8.231191068E0,1.092088223E-2,-2.598226070E-3,3.602504730E-2
8.239186166E0,-9.170770645E-4,1.639306545E-2,5.518341064E-2
8.247181264E0,-1.024419069E-2,1.863920689E-2,2.886390686E-2
8.255207746E0,-2.422672510E-2,1.136851311E-2,4.326248169E-2
8.263203460E0,-1.671886444E-2,6.446897984E-3,3.610515594E-2
8.271200019E0,-3.809982538E-2,1.361119747E-2,3.851413727E-2
8.279195194E0,-4.276657104E-2,-5.604207516E-3,3.373432159E-2
8.287190292E0,-3.318649530E-2,6.322801113E-3,4.091644287E-2
8.295186544E0,-3.085023165E-2,-1.038348675E-2,2.654743195E-2
8.303181718E0,-1.653575897E-2,-1.276201010E-2,1.936054230E-2
8.311208509E0,-1.656389236E-2,-6.988644600E-4,2.602577209E-3
8.319203530E0,-1.895332336E-2,-5.368709564E-3,1.936912537E-2
8.327195012E0,-9.420514107E-3,1.864939928E-2,2.415657043E-2
8.335193803E0,-2.614003420E-2,9.127378464E-3,2.895164490E-2
8.343190131E0,-2.849906683E-2,9.080827236E-3,3.852939606E-2
8.351187074E0,-1.638072729E-2,2.342212200E-2,3.854274750E-2
8.359181557E0,-1.153773069E-2,1.145368814E-2,2.657794952E-2
8.367206809E0,-2.346879244E-2,9.013533592E-3,3.615665436E-2
8.375202830E0,-2.107554674E-2,1.785814762E-3,2.418231964E-2
8.383198851E0,-2.825790644E-2,4.069447517E-3,3.854274750E-2
8.391195410E0,-1.635605097E-2,1.566946507E-3,2.895259857E-2
8.399190585E0,-4.337012768E-3,6.271243095E-3,7.406234741E-3
8.407185068E0,-1.859581470E-2,1.339340210E-2,9.806632996E-3
8.415181089E0,-2.326655388E-2,3.830432892E-3,2.897262573E-2
8.423208417E0,-2.568262815E-2,3.767669201E-3,3.854370117E-2
8.431203515E0,-3.047382832E-2,2.774542570E-2,3.136348724E-2
8.439198075E0,-3.315174580E-2,-8.191347122E-3,2.894020081E-2
8.447193711E0,-4.541981220E-2,8.537769318E-3,2.890968323E-2
8.455190117E0,-2.421021461E-2,1.327419281E-2,4.323863983E-2
8.463185446E0,1.819610596E-3,1.330077648E-3,1.687431335E-2
8.471181159E0,6.433129311E-3,3.691256046E-3,3.121948242E-2
8.479207411E0,1.841211319E-2,5.990207195E-3,3.360939026E-2
8.487199355E0,-5.438923836E-3,-1.076972485E-2,3.840637207E-2
8.495198530E0,-1.476132870E-2,8.324742317E-3,4.082393646E-2
8.503193551E0,-9.697675705E-3,1.779621840E-2,2.408504486E-2
8.511190878E0,-1.891219616E-2,1.282894611E-2,3.129482269E-2
8.519185592E0,-5.914819241E-2,1.991486549E-2,1.936340332E-2
8.527180382E0,-3.246325254E-2,-1.798033714E-3,3.375530243E-2
8.535207172E0,-2.732980251E-2,-1.616477966E-2,3.378868103E-2
8.543202962E0,-4.865920544E-2,1.257866621E-2,3.381061554E-2
8.551199291E0,-4.625070095E-2,1.502233744E-2,4.578590393E-2
8.559194389E0,-2.488082647E-2,1.023387909E-2,4.337406158E-2
8.567188564E0,-2.272611856E-2,2.694559097E-2,3.137683868E-2
8.575185508E0,-2.780562639E-2,5.322515965E-3,2.416229248E-2
8.583180914E0,-1.609820127E-2,2.940833569E-3,3.850173950E-2
8.591207935E0,-1.634860039E-2,5.479454994E-4,3.608417511E-2
8.599203110E0,-1.399332285E-2,3.010392189E-3,2.411174774E-2
8.607198131E0,-2.846044302E-2,5.654692650E-4,2.649307251E-2
8.615193921E0,-5.008649826E-2,1.489728689E-2,3.606128693E-2
8.623189019E0,-2.641272545E-2,1.244175434E-2,3.363704681E-2
8.631185655E0,-1.231878996E-2,1.000326872E-2,2.882003784E-2
8.639181061E0,-5.466818810E-3,-9.143233299E-3,3.118228912E-2
8.647206313E0,-5.686104298E-3,-1.157391071E-2,3.355312347E-2
8.655202641E0,-1.054596901E-2,2.624869347E-3,2.874851227E-2
8.663197970E0,-1.280039549E-2,2.561926842E-3,5.030727386E-2
8.671195298E0,-2.713519335E-2,1.920080185E-2,3.833293915E-2
8.679189165E0,-2.941024303E-2,-2.360165119E-3,3.355503082E-2
8.687184494E0,-5.098819733E-2,2.637583017E-2,5.270671844E-2
8.695180822E0,-2.467149496E-2,1.696223021E-2,5.031871796E-2
8.703206689E0,-7.972061634E-3,1.465851068E-2,6.468296051E-2
8.711203634E0,6.157279015E-3,1.710301638E-2,3.353691101E-2
8.719197885E0,5.861401558E-3,7.521390915E-3,2.632617950E-2
8.727190445E0,1.772201061E-2,2.183187008E-2,1.912879944E-2
8.735188927E0,3.440082073E-3,1.462537050E-2,9.558677673E-3
8.743184718E0,3.862321377E-3,1.692128181E-2,1.917266846E-2
8.751181662E0,-2.194100618E-2,7.310211658E-3,2.879905701E-2
8.759206606E0,-2.604293823E-2,2.382874489E-3,3.125476837E-2
8.767201396E0,-6.852704287E-2,-4.940330982E-3,3.848934174E-2
8.775198340E0,-7.529670000E-2,-1.004236937E-2,3.851413727E-2
8.783194054E0,-5.835163593E-2,8.857607841E-3,3.851985931E-2
8.791190305E0,-6.312650442E-2,-3.383994102E-3,3.132438660E-2
8.799184557E0,-3.695785999E-2,1.082879305E-2,3.369331360E-2
8.807179655E0,-2.785027027E-2,1.066684723E-3,3.842639923E-2
8.815206676E0,-1.873058081E-2,1.785248518E-2,1.922893524E-2
8.823202465E0,-2.872508764E-2,5.836427212E-3,3.594493866E-2
8.831198179E0,-5.155920982E-3,-3.741741180E-3,3.112030029E-2
8.839193584E0,1.627886295E-2,3.465116024E-3,3.829288483E-2
8.847188913E0,1.976549625E-3,1.303839684E-2,3.590488434E-2
8.855185011E0,7.023870945E-3,-8.574545383E-3,5.029201508E-2
8.863180032E0,-6.882965565E-3,-3.762066364E-3,5.273246765E-2
8.871207207E0,-1.607221365E-2,-1.581484079E-2,4.558372498E-2
8.879201997E0,-4.670614004E-2,1.282405853E-2,4.802131653E-2
8.887196787E0,-2.955794334E-2,-1.571476460E-3,4.087638855E-2
8.895193116E0,-2.198147774E-2,7.682442665E-4,3.851699829E-2
8.903189368E0,-2.415806055E-2,-8.992791176E-3,2.655792236E-2
8.911186004E0,9.585201740E-3,-1.869559288E-3,7.424354553E-3
8.919180179E0,-1.639729738E-2,3.389450908E-2,2.420997620E-2
8.927206123E0,-2.797842026E-2,2.659070492E-2,5.088806152E-3
8.935202375E0,-4.204291105E-2,7.379472256E-3,1.948070526E-2
8.943198088E0,-6.105071306E-2,2.531528473E-3,5.540561676E-2
8.951194186E0,-3.954827785E-2,1.001358032E-4,4.103374481E-2
8.959188669E0,-3.982180357E-2,1.037120819E-4,5.297756195E-2
8.967184074E0,-9.039223194E-3,-1.672542095E-2,3.857517242E-2
8.975180094E0,1.591444016E-4,4.684627056E-3,4.092502594E-2
8.983206192E0,2.384638786E-2,-1.211977005E-2,2.653312683E-2
8.991202829E0,1.638090611E-2,6.962418556E-3,1.692390442E-2
8.999197619E0,1.638907194E-2,3.081610799E-2,2.889156342E-2
9.007193025E0,-7.297337055E-3,4.314959049E-3,1.454353333E-2
9.015188507E0,-2.843046188E-2,2.586317062E-2,1.697826385E-2
9.023184836E0,-2.789437771E-2,1.142019033E-2,3.618049622E-2
9.031211857E0,-5.611747503E-2,2.090013027E-2,2.904224396E-2
9.039206416E0,-6.296116114E-2,8.930265903E-3,3.386402130E-2
9.047198668E0,-7.481271029E-2,-6.052851677E-4,4.345512390E-2
9.055197766E0,-6.535190344E-2,1.895129681E-3,2.190208435E-2
9.063193480E0,-4.888677597E-2,1.146632433E-2,3.623771667E-2
9.071190193E0,-1.586371660E-2,2.589660883E-2,5.773925781E-2
9.079184675E0,-6.846129894E-3,1.878011227E-2,3.135204315E-2
9.087210466E0,-2.700567245E-3,-3.992319107E-4,2.410411835E-2
9.095203179E0,-5.581378937E-3,4.349112511E-3,3.602600098E-2
9.103201585E0,3.558516502E-3,6.627798080E-3,3.597736359E-2
9.111197913E0,1.049715281E-2,6.483435631E-3,1.200389862E-2
9.119193088E0,2.484989166E-2,-3.244876862E-3,3.354167938E-2
9.127188186E0,-1.255691051E-3,1.326370239E-2,3.355121613E-2
9.135184822E0,-5.584239960E-3,-1.210570335E-3,5.274486542E-2
9.143210073E0,-2.174574137E-2,-1.338964701E-2,5.039882660E-2
9.151207633E0,-3.304308653E-2,3.208935261E-3,4.806232452E-2
9.159202346E0,-5.636155605E-2,5.505502224E-3,5.769634247E-2
9.167197752E0,-6.540709734E-2,1.738661528E-2,4.098415375E-2
9.175193157E0,-3.886586428E-2,1.021212339E-2,3.861045837E-2
9.183188563E0,-5.552875996E-2,6.598830223E-4,2.665042877E-2
9.191185507E0,-4.604381323E-2,-4.122912884E-3,2.903556824E-2
9.199210759E0,-3.193575144E-2,2.459317446E-2,5.067825317E-3
9.207205318E0,1.239776611E-3,1.978111267E-2,9.820938110E-3
9.215201570E0,1.303046942E-2,5.418241024E-3,1.459121704E-2
9.223197899E0,2.236533165E-2,-1.129955053E-2,2.893543243E-2
9.231194228E0,8.089542389E-4,-1.123768091E-2,4.090881348E-2
9.239188710E0,-1.835280657E-2,-4.085063934E-3,4.569530487E-2
9.247183885E0,-6.234526634E-3,5.397856236E-3,4.091644287E-2
9.255210675E0,-5.974829197E-3,2.191042900E-2,3.853511810E-2
9.263205389E0,-8.025467396E-3,2.412360907E-2,2.658843994E-2
9.271202717E0,-7.503867149E-3,1.682615280E-2,4.339313507E-2
9.279196815E0,-4.543673992E-2,2.154755592E-2,1.709079742E-2
9.287192221E0,-5.951350927E-2,2.372205257E-3,1.711845398E-2
9.295188318E0,-6.897747517E-2,1.914370060E-2,2.670764923E-2
9.303183647E0,-4.034507275E-2,1.925021410E-2,1.951980591E-2
9.311211360E0,-5.030280352E-2,-2.212047577E-3,3.864002228E-2
9.319205535E0,-4.355454445E-2,-2.846932411E-2,1.944732666E-2
9.335197269E0,-3.913342953E-3,7.654726505E-3,2.174854279E-2
9.343192752E0,-1.627135277E-2,2.821326256E-3,2.410125732E-2
9.351190003E0,-4.488468170E-3,2.713561058E-3,3.365421295E-2
9.359184178E0,9.914338589E-3,1.220756769E-2,2.647209167E-2
9.367209661E0,1.023894548E-2,2.892306447E-2,2.889537811E-2
9.375206374E0,5.890488625E-3,2.168053389E-2,4.330062866E-2
9.383200857E0,-2.234369516E-2,2.398687601E-2,5.531692505E-2
9.391197416E0,-2.178353071E-2,2.469122410E-3,6.255626678E-2
9.399192591E0,-4.031723738E-2,-9.672880173E-3,4.824352264E-2
9.407187304E0,-4.213625193E-2,2.125620842E-3,2.913761139E-2
9.415184325E0,-3.444403410E-2,2.358078957E-2,1.721286774E-2
9.423210193E0,-2.209812403E-2,4.255953431E-2,1.484584808E-2
9.431206444E0,-5.772703886E-2,8.957445621E-3,2.923488617E-2
9.439201235E0,-4.068720341E-2,4.086017609E-3,2.925872803E-2
9.447196024E0,-4.780101776E-2,-7.825195789E-4,3.644466400E-2
9.455192660E0,-2.407014370E-2,1.835310459E-2,3.402709961E-2
9.463188451E0,-4.122549295E-2,-3.177374601E-3,1.483631134E-2
9.471184472E0,-3.450167179E-2,1.547843218E-3,3.872966766E-2
9.479210262E0,-2.303934097E-2,-5.496621132E-3,3.629207611E-2
9.487204821E0,-4.508078098E-3,-1.733204722E-2,2.426624298E-2
9.495200535E0,-1.481777430E-2,2.590820193E-2,1.941299438E-2
9.503196786E0,1.338601112E-3,1.151326299E-2,1.216983795E-2
9.511193731E0,-6.188035011E-3,-1.241791248E-2,3.847217560E-2
9.519188213E0,-8.867561817E-3,-1.954126358E-2,5.281257629E-2
9.527183003E0,-9.153783321E-3,-2.427136898E-2,7.672977448E-2
9.535209794E0,-2.606827021E-2,6.921291351E-3,3.362178802E-2
9.543205507E0,-3.575944901E-2,2.202749252E-3,3.361320496E-2
9.551201913E0,-2.613854408E-2,1.415884495E-2,3.601169586E-2
9.559196626E0,-2.599549294E-2,6.987869740E-3,1.926708221E-2
9.575188360E0,-1.903992891E-2,5.015954375E-2,2.164268494E-2
9.583183227E0,-1.217269897E-2,4.310604930E-2,2.640724182E-2
9.591210864E0,2.814871073E-2,4.969775677E-3,3.116703033E-2
9.599205346E0,3.762555122E-2,-1.890504360E-2,3.834342957E-2
9.607200136E0,2.362477779E-2,-2.214968204E-3,3.358650208E-2
9.615196772E0,-9.300708771E-3,1.196718216E-2,2.884674072E-2
9.623192562E0,-1.577246189E-2,9.273350239E-3,3.129673004E-2
9.631188814E0,-3.671914339E-2,1.624315977E-2,3.373908997E-2
9.639183989E0,-4.582363367E-2,6.432563066E-3,3.856182098E-2
9.647209164E0,-6.464576721E-2,1.435607672E-3,3.140163422E-2
9.655204877E0,-5.717813969E-2,3.631502390E-3,7.477760315E-3
9.663201283E0,-8.589577675E-2,1.064676046E-2,7.470130920E-3
9.671196919E0,-6.446534395E-2,1.311871409E-2,1.225090027E-2
9.679191479E0,-5.518203974E-2,3.224769235E-2,3.376865387E-2
9.687187192E0,-2.696645260E-2,-3.622561693E-3,3.611373901E-2
9.695183136E0,-6.001472473E-3,2.750483155E-2,3.126907349E-2
9.703209388E0,2.955001593E-2,8.500069380E-3,4.321098328E-2
9.711206024E0,2.695846558E-2,6.140232086E-3,2.882862091E-2
9.719200430E0,1.276642084E-2,-1.296928525E-2,4.800128937E-2
9.727195528E0,-8.225381374E-3,-1.778164506E-2,5.284309387E-2
9.735192472E0,-7.552325726E-3,-2.982047200E-2,4.332923889E-2
9.743187570E0,-3.571373224E-2,1.071113348E-2,3.379917145E-2
9.751184822E0,-4.483765364E-2,-1.101499796E-2,2.186489105E-2
9.759209535E0,-3.025490046E-2,2.718788385E-2,7.515907288E-3
9.767201555E0,-1.591640711E-2,1.521992683E-2,3.299713135E-4
9.775200653E0,-1.116526127E-2,-1.504629850E-3,1.948261261E-2
9.783196597E0,1.287704706E-2,3.318488598E-3,2.667713165E-2
9.791193003E0,-1.325666904E-3,8.118629456E-3,4.824066162E-2
9.799188331E0,-1.802545786E-2,2.006128430E-2,2.669811249E-2
9.807182814E0,-5.165141821E-2,1.292571425E-2,4.823684692E-2
9.815209681E0,-5.197966099E-2,1.535764337E-2,4.341793060E-2
9.823205087E0,-2.595567703E-2,1.021087170E-3,4.578399658E-2
9.831201415E0,-3.105485439E-2,-1.419931650E-3,5.772018433E-2
9.839196513E0,-3.131347895E-2,-3.836691380E-3,4.332923889E-2
9.847190996E0,-1.008343697E-2,-2.058869600E-2,3.850936890E-2
9.855187863E0,6.332099438E-3,-1.459836960E-3,3.129196167E-2
9.863182961E0,8.639156818E-3,-1.586565375E-2,9.733200073E-3
9.871210751E0,1.107060909E-2,2.477967739E-2,1.931095123E-2
9.879205772E0,1.669824123E-3,5.522429943E-3,9.745597839E-3
9.887199947E0,-2.659678459E-2,2.697986364E-2,2.415275574E-2
9.895196045E0,-2.609318495E-2,2.211228013E-2,4.095840454E-2
9.903191374E0,-3.037297726E-2,3.162911534E-2,2.903366089E-2
9.911188626E0,-4.912579060E-2,1.243460178E-2,5.301380157E-2
9.919182492E0,-4.166203737E-2,1.252621412E-2,5.543994904E-2
9.927208128E0,-6.303632259E-2,5.929768085E-4,5.306434631E-2
9.935204765E0,-6.051325798E-2,-1.840770245E-3,5.307579041E-2
9.943200170E0,-5.569934845E-2,3.157684207E-2,3.870773315E-2
9.951197037E0,-4.144036770E-2,2.192685008E-2,1.953983307E-2
9.959191520E0,-3.462845087E-2,2.664586902E-2,5.134582520E-3
9.967186618E0,-1.511156559E-3,1.226308942E-2,1.227664948E-2
9.975213716E0,4.230737686E-4,5.059778690E-3,1.223087311E-2
9.983209121E0,2.399510145E-2,-4.529416561E-3,2.416419983E-2
9.991205835E0,-2.163648605E-5,1.640617847E-4,2.654647827E-2
9.999199933E0,-2.159178257E-3,4.773139954E-3,5.529308319E-2
1.000719472E1,7.874727249E-3,9.458661079E-3,5.293750763E-2
1.001519167E1,-2.280271053E-2,-2.663433552E-4,5.297374725E-2
1.002318676E1,-4.386883974E-2,1.986205578E-3,5.780315399E-2
1.003118379E1,-5.298602581E-2,9.060055017E-3,4.587268829E-2
1.003920896E1,-5.260574818E-2,1.133912802E-2,4.111671448E-2
1.004720383E1,-6.660592556E-2,6.537288427E-3,3.157520294E-2
1.005520070E1,-3.782093525E-2,4.135251045E-3,2.679157257E-2
1.006319579E1,-3.551840782E-2,8.915126324E-3,2.199363708E-2
1.007119281E1,-2.611857653E-2,6.562709808E-3,1.718997955E-2
1.007918760E1,-4.870474339E-3,1.622685790E-2,2.434635162E-2
1.008718209E1,4.455506802E-3,6.778091192E-3,1.714611053E-2
1.009520949E1,-2.921491861E-2,-1.712793112E-2,3.389167786E-2
1.010320428E1,-1.244384050E-2,-1.702898741E-2,4.347515106E-2
1.011120092E1,-1.461130381E-2,-3.669857979E-4,4.588699341E-2
1.011919632E1,-1.438385248E-2,6.670296192E-3,3.632545471E-2
1.012719081E1,3.184676170E-4,-5.296289921E-3,3.875255585E-2
1.013518714E1,-8.902728558E-3,1.856487989E-2,1.963043213E-2
1.014321331E1,-1.816189289E-2,1.130938530E-2,2.444648743E-2
1.015120964E1,-3.702467680E-2,1.363790035E-2,3.165531158E-2
1.015920404E1,-2.969735861E-2,1.357945800E-2,3.645515442E-2
1.016719668E1,-4.161083698E-2,8.833646774E-3,1.252079010E-2
1.017519578E1,-4.883879423E-2,4.091322422E-3,1.970005035E-2
1.018319157E1,-3.222864866E-2,1.858726144E-2,3.405761719E-2
1.019118813E1,-3.009366989E-2,-1.006883383E-2,4.121875763E-2
1.019921315E1,-1.611602306E-2,-2.189031243E-2,4.358196259E-2
1.020720794E1,-1.898133755E-2,-2.686560154E-3,4.832649231E-2
1.021520519E1,-1.706349850E-2,1.646926999E-2,3.630924225E-2
1.022320029E1,-7.839918137E-3,-9.891659021E-3,4.584980011E-2
1.023119654E1,-1.277697086E-2,1.880866289E-2,3.625583649E-2
1.023919079E1,1.600605249E-2,4.409283400E-3,3.625965118E-2
1.024718620E1,9.006440639E-3,-5.138963461E-3,4.585552216E-2
1.025521291E1,-1.219284534E-2,1.634895802E-2,4.109859467E-2
1.026320832E1,-7.100224495E-3,4.337072372E-3,3.633880615E-2
1.027120472E1,-1.865887642E-2,-5.225896835E-3,2.201461792E-2
1.027920005E1,-3.731817007E-2,1.870545745E-2,2.924537659E-2
1.029519086E1,-2.677488327E-2,1.145464182E-2,3.412628174E-2
1.030318658E1,-3.350925446E-2,2.097585797E-2,3.895664215E-2
1.031121429E1,-5.941402912E-2,4.188030958E-3,3.181552887E-2
1.031920823E1,-5.661600828E-2,1.135352254E-2,4.143142700E-2
1.032720325E1,-6.600952148E-2,1.378551126E-2,1.751041412E-2
1.033519989E1,-6.143385172E-2,2.337500453E-2,2.706527710E-2
1.034319591E1,-5.956393480E-2,4.346579313E-3,1.265525818E-2
1.035119139E1,-6.508821249E-2,1.873642206E-2,2.934265137E-2
1.035918672E1,-2.282088995E-2,1.641204953E-2,1.968669891E-2
1.036721205E1,-6.964564323E-3,1.172831655E-2,1.481533051E-2
1.037520807E1,1.849156618E-2,2.384158969E-2,5.158424377E-3
1.038320371E1,2.002924681E-2,2.475202084E-3,2.184200287E-2
1.039120165E1,1.225674152E-2,-2.373597026E-2,3.376102448E-2
1.039919521E1,2.390450239E-2,-2.843150496E-2,4.091644287E-2
1.040719000E1,1.432192326E-2,-4.584759474E-3,5.288219452E-2
1.041518656E1,-9.328365326E-3,1.546144485E-4,5.769634247E-2
1.042321220E1,-2.816337347E-2,2.561092377E-3,3.618144989E-2
1.043120914E1,-2.313280106E-2,2.177032828E-2,3.381252289E-2
1.043920386E1,-4.209887981E-2,7.565915585E-3,6.257152557E-2
1.044719895E1,-1.574534178E-2,3.160476685E-2,2.187633514E-2
1.045519567E1,-1.584762335E-2,2.464470267E-2,1.230049133E-2
1.046319015E1,3.251552582E-3,2.250409126E-2,1.470184326E-2
1.047118825E1,5.634963512E-3,5.962789059E-3,2.428913116E-2
1.047921288E1,1.774382591E-2,1.085928082E-2,1.712608337E-2
1.048720521E1,-2.496653795E-2,1.331678033E-2,3.871440887E-2
1.049520400E1,-3.033101559E-3,-3.442019224E-3,4.354095459E-2
1.050319879E1,-4.822212458E-2,-5.779087543E-3,3.639221191E-2
1.051119612E1,-7.189375162E-2,-3.308266401E-3,5.318069458E-2
1.051919030E1,-3.127890825E-2,-3.357201815E-3,3.880500793E-2
1.052718570E1,-3.139495850E-2,1.804652810E-2,4.118061066E-2
1.053521303E1,-2.686697245E-2,-3.531754017E-3,1.721096039E-2
1.054320782E1,-1.279699802E-2,1.798379421E-2,1.239204407E-2
1.055120453E1,-3.464460373E-3,1.078468561E-2,1.236724854E-2
1.055919902E1,-1.808798313E-2,8.413612843E-3,5.159378052E-3
1.056719411E1,-1.350700855E-2,1.095736027E-2,2.190685272E-2
1.057519044E1,-4.189193249E-3,-1.522955298E-2,4.822540283E-2
1.058318608E1,-1.379537582E-2,-5.557030439E-3,5.780315399E-2
1.059121287E1,-8.952498436E-3,-1.501816511E-2,3.866195679E-2
1.059920827E1,-1.612490416E-2,1.756489277E-3,5.302810669E-2
1.060720345E1,-2.796357870E-2,-3.028005362E-3,3.388786316E-2
1.061519970E1,-1.602154970E-2,1.608943939E-2,3.388309479E-2
1.062319518E1,-4.005938768E-2,-5.371153355E-3,1.233100891E-2
1.063119059E1,-3.063493967E-2,-5.281060934E-3,9.925842285E-3
1.063918623E1,-6.781101227E-3,4.308611155E-3,3.414154053E-4
1.064720848E1,7.670044899E-3,1.634311676E-2,2.908325195E-2
1.065520719E1,2.695971727E-2,-1.474475861E-2,3.149318695E-2
1.066320352E1,3.403782845E-3,-2.820342779E-3,2.674102783E-2
1.067119985E1,2.297478914E-2,2.112045884E-2,4.354095459E-2
1.067915978E1,-2.447533607E-2,2.351066470E-2,4.118919373E-2
1.068715510E1,-5.035620928E-2,2.349817753E-2,4.362773895E-2
1.069515081E1,-3.821825981E-2,1.159393787E-2,3.885936737E-2
1.070317737E1,-5.016130209E-2,1.648432016E-2,2.689647675E-2
1.071117392E1,-4.072386026E-2,4.540979862E-3,3.167247772E-2
1.071916809E1,-2.899461985E-2,-1.316666603E-4,2.207756042E-2
1.072716049E1,-3.884828091E-2,-2.638477087E-2,2.444839478E-2
1.073515920E1,-1.276528835E-2,2.397477627E-3,1.963806152E-2
1.074315529E1,-1.057940722E-2,1.682567596E-2,1.483154297E-2
1.075115162E1,-2.033513784E-2,2.648964524E-2,1.481914520E-2
1.075917709E1,3.437578678E-3,1.709091663E-2,1.481151581E-2
1.076717196E1,8.017003536E-3,3.395542502E-2,3.873729706E-2
1.077516797E1,-1.607638597E-2,5.477190018E-3,2.676486969E-2
1.078316368E1,-1.606035233E-2,3.276169300E-3,5.311298370E-2
1.079116093E1,-1.826375723E-2,-6.112635136E-3,5.553627014E-2
1.079915479E1,-2.260726690E-2,-6.114363670E-3,6.276321411E-2
1.080714980E1,-1.258122921E-2,3.507494926E-3,6.280994415E-2
1.081517690E1,-5.765134096E-2,1.294523478E-2,3.411293030E-2
1.082317199E1,-6.228125095E-2,8.294582367E-4,1.496696472E-2
1.083116962E1,-5.271428823E-2,4.140034318E-2,-6.587028503E-3
1.083916371E1,-3.846883774E-2,2.455133200E-2,-1.815795898E-3
1.084715858E1,-2.825021744E-3,7.737040520E-3,1.491355896E-2
1.085515582E1,-1.268607378E-2,7.827341557E-3,2.446746826E-2
1.086315092E1,-2.734082937E-2,-4.096031189E-3,4.598903656E-2
1.087117824E1,-2.748274803E-2,-8.770227432E-3,5.795097351E-2
1.087917218E1,1.165866852E-3,-1.588982344E-2,5.315876007E-2
1.088716696E1,5.970656872E-3,5.632102489E-3,6.513023376E-2
1.089516390E1,6.056785583E-3,1.035523415E-2,5.316352844E-2
1.090315861E1,-5.794525146E-3,7.889747620E-3,4.838371277E-2
1.091115624E1,-5.563080311E-3,1.023405790E-2,1.967334747E-2
1.091915003E1,-1.483172178E-2,-4.222691059E-3,1.730537415E-2
1.092717597E1,-1.925063133E-2,5.164146423E-4,2.974510193E-3
1.093517260E1,-4.278868437E-2,2.858281136E-3,7.800102234E-3
1.094316792E1,-5.683368444E-2,1.960885525E-2,3.043174744E-3
1.095116486E1,-3.513461351E-2,-1.144605875E-2,1.503276825E-2
1.095915880E1,-4.466450214E-2,-2.087599039E-2,3.659248352E-2
1.096715420E1,-3.273135424E-2,8.661746979E-4,5.096435547E-2
1.097515022E1,-3.781235218E-2,1.059073210E-2,4.615402222E-2
1.098317600E1,-3.562766314E-2,-1.249909401E-3,5.811023712E-2
1.099117394E1,-3.600084782E-2,6.004989147E-3,4.610729218E-2
1.099916842E1,-5.396604538E-4,-1.105546951E-3,2.691173553E-2
1.100716290E1,6.274223328E-3,-8.235991001E-3,4.363727570E-2
1.101515914E1,1.087045670E-2,2.291560173E-2,1.728343964E-2
1.102315400E1,-5.947828293E-3,1.094537973E-2,2.924823761E-2
1.103115179E1,-1.533603668E-2,-2.008998394E-2,1.251316071E-2
1.103917650E1,-1.263409853E-2,3.846883774E-3,1.014804840E-2
1.104717090E1,-2.400898933E-2,-5.757808685E-3,2.935981750E-2
1.105516814E1,-3.288525343E-2,1.101607084E-2,3.182411194E-2
1.106316324E1,-4.418611526E-2,3.757476807E-3,3.906917572E-2
1.107116025E1,-5.337733030E-2,1.330941916E-2,3.671169281E-2
1.107915404E1,-7.961529493E-2,3.245237470E-2,3.432655334E-2
1.108714913E1,-7.749712467E-2,1.099884510E-2,2.472686768E-2
1.109517653E1,-3.024542332E-2,1.596629620E-2,2.706909180E-2
1.110317224E1,-2.377498150E-2,1.738250256E-3,2.939891815E-2
1.111116772E1,6.642282009E-3,-1.243656874E-2,3.891563416E-2
1.111916312E1,6.190478802E-3,-1.230370998E-2,2.451229095E-2
1.112715813E1,1.314055920E-2,-2.652406693E-4,2.928161621E-2
1.113515415E1,2.755385637E-2,4.518032074E-3,2.210330963E-2
1.114314955E1,1.577830315E-2,-9.904205799E-3,1.254367828E-2
1.115117726E1,-4.783272743E-4,1.154178381E-2,1.258754730E-2
1.115917181E1,-4.705488682E-3,9.154260159E-3,3.179740906E-2
1.116716721E1,-2.323347330E-2,2.826198936E-2,3.185749054E-2
1.117516323E1,-4.421412945E-2,2.340865135E-2,4.388046265E-2
1.118315863E1,-6.535047293E-2,2.343332767E-2,4.392242432E-2
1.119115526E1,-5.092102289E-2,1.156979799E-2,3.435802460E-2
1.119918082E1,-5.111503601E-2,-2.318024635E-4,2.477073669E-2
1.120717252E1,-4.429185390E-2,-1.450836658E-2,2.234554291E-2
1.121517185E1,-3.983092308E-2,1.437765360E-2,1.753234863E-2
1.122316755E1,-2.099049091E-2,4.795908928E-3,2.947139740E-2
1.123116272E1,5.032360554E-3,2.636075020E-2,2.225971222E-2
1.123915843E1,2.343118191E-3,9.626626968E-3,3.659725189E-2
1.124715345E1,-2.617478371E-3,4.935383797E-3,4.137325287E-2
1.125518062E1,2.282083035E-3,1.455658674E-2,3.659820557E-2
1.126317563E1,-4.072922468E-2,-9.210228920E-3,4.140377045E-2
1.127117265E1,-5.506652594E-2,-2.045333385E-3,2.704048157E-2
1.127916682E1,-5.037784576E-2,2.705097198E-3,1.505661011E-2
1.128716222E1,-4.340827465E-2,1.699638367E-2,2.221584320E-2
1.129515816E1,-5.800753832E-2,7.511675358E-3,1.262092590E-2
1.130315418E1,-3.460645676E-3,3.894567490E-4,2.995491028E-3
1.131118135E1,-1.771628857E-3,7.743537426E-3,2.934455872E-3
1.131917605E1,-7.074058056E-3,-1.126563549E-2,1.965045929E-2
1.132717115E1,2.036333084E-3,-1.835393906E-2,2.200412750E-2
1.133516632E1,-5.348086357E-3,-1.594620943E-2,3.634929657E-2
1.134316202E1,-6.593465805E-4,-6.327807903E-3,4.591846466E-2
1.135115950E1,-5.301177502E-3,-1.584780216E-2,5.311870575E-2
1.135915398E1,-1.233810186E-2,5.687713623E-3,4.116058350E-2
1.136717715E1,-9.705543518E-3,2.730035782E-2,4.358196259E-2
1.137517555E1,-9.672105312E-3,2.973404527E-2,4.358768463E-2
1.138317103E1,-2.484798431E-3,1.291722059E-2,3.879642487E-2
1.139116735E1,-1.342296600E-4,1.790922880E-2,2.443695068E-2
1.139916337E1,-1.203876734E-2,1.199543476E-3,4.360008240E-2
1.140715723E1,-2.373981476E-2,1.088666916E-2,1.490211487E-2
1.141515355E1,-3.529179096E-2,1.338541508E-3,1.255130768E-2
1.142317964E1,-4.927438498E-2,-8.340060711E-3,1.737213135E-2
1.143117597E1,-6.094807386E-2,5.915224552E-3,4.612636566E-2
1.143917145E1,-6.806695461E-2,5.807518959E-3,2.936744690E-2
1.144716346E1,-5.137956142E-2,3.298342228E-3,2.935409546E-2
1.145516217E1,-5.391824245E-2,-1.350188255E-2,3.652000427E-2
1.146315788E1,-3.026813269E-2,3.142356873E-3,2.212047577E-2
1.147115420E1,-1.386660337E-2,3.412523866E-2,1.728916168E-2
1.147917976E1,-7.170021534E-3,1.490598917E-2,2.681541443E-2
1.148717485E1,1.960456371E-3,2.687078714E-2,1.479911804E-2
1.149315371E1,-1.029598713E-2,1.016050577E-2,3.632259369E-2
1.149516810E1,-3.113389015E-3,7.766306400E-3,4.350471497E-2
1.150316657E1,3.035897017E-2,-4.172742367E-3,5.068492889E-2
1.151116351E1,1.866030693E-2,7.806658745E-3,4.831695557E-2
1.151915768E1,-1.431208849E-2,5.352437496E-3,4.118537903E-2
1.152715224E1,-6.487965584E-3,-1.949727535E-3,4.363632202E-2
1.153517925E1,-2.982127666E-2,9.836971760E-3,3.171634674E-2
1.154317496E1,-4.127228260E-2,-1.421695948E-2,1.021385193E-2
1.155117159E1,-5.036503077E-2,9.669601917E-3,1.983547211E-2
1.155916645E1,-2.610242367E-2,1.197957993E-2,2.465152740E-2
1.156716178E1,-2.353835106E-2,7.067978382E-3,5.508422852E-3
1.157515787E1,-6.592512131E-3,2.144217491E-3,1.749134064E-2
1.158315388E1,-1.550912857E-3,1.953601837E-3,1.750659943E-2
1.159118059E1,-6.080865860E-3,2.105271816E-2,2.710628510E-2
1.159917515E1,-2.497118711E-2,2.580225468E-2,2.952480316E-2
1.160716770E1,-4.409694672E-2,-5.373060703E-3,3.910160065E-2
1.161516587E1,-5.869370699E-2,1.135462523E-2,5.104827881E-2
1.162316104E1,-4.466998577E-2,-7.797002792E-3,3.904247284E-2
1.163115921E1,-3.320461512E-2,-1.010334492E-2,3.899669647E-2
1.163915338E1,-1.696151495E-2,-7.662177086E-3,3.415966034E-2
1.164717855E1,6.463766098E-3,6.721556187E-3,2.453327179E-2
1.165517464E1,2.300810814E-2,-2.743303776E-3,1.733493805E-2
1.166317035E1,1.333808899E-2,-3.522038460E-4,2.211380005E-2
1.167116752E1,1.587390900E-3,1.400512457E-2,3.889465332E-2
1.167916108E1,-9.963572025E-3,-2.854585648E-3,2.935409546E-2
1.168715709E1,-2.618300915E-2,1.617479324E-2,3.418922424E-2
1.169515342E1,-5.204355717E-2,1.369965076E-2,2.944469452E-2
1.170317874E1,-5.642437935E-2,1.598304510E-2,4.145050049E-2
1.171117598E1,-5.140376091E-2,1.614689827E-3,3.907871246E-2
1.171917016E1,-5.369192362E-2,-5.623102188E-3,2.711582184E-2
1.172716556E1,-4.896950722E-2,2.550780773E-2,2.471446991E-2
1.173516188E1,-5.880093575E-2,1.357430220E-2,3.187465668E-2
1.174315728E1,-2.319914103E-2,6.381034851E-3,1.508331299E-2
1.175115422E1,-1.883041859E-2,1.635730267E-3,1.025581360E-2
1.175917847E1,-2.640998363E-2,1.121932268E-2,2.458190918E-2
1.176717356E1,6.664037704E-3,4.122436047E-3,1.496601105E-2
1.177517080E1,1.352542639E-2,-1.977860928E-2,2.690696716E-2
1.178316590E1,8.556783199E-3,-2.999544144E-3,3.167915344E-2
1.179116222E1,2.299958467E-2,2.805021405E-2,2.928829193E-2
1.179915708E1,-2.458441257E-2,3.974497318E-3,4.128265381E-2
1.180715187E1,-1.677274704E-4,1.823282242E-2,3.414058685E-2
1.181517958E1,-3.310322762E-2,3.706157207E-3,3.897857666E-2
1.182317459E1,-3.018981218E-2,8.343994617E-3,3.423404694E-2
1.183117184E1,-3.456848860E-2,3.475070000E-3,2.948188782E-2
1.183916539E1,-2.956646681E-2,3.486990929E-3,4.386806488E-2
1.184716110E1,-4.388654232E-2,-1.333183050E-2,2.232265472E-2
1.185515689E1,-2.718609571E-2,1.541161537E-2,1.274108887E-2
1.186315221E1,-2.014130354E-2,3.416299820E-3,7.543563843E-4
1.187117992E1,-8.349895477E-3,1.776921749E-2,3.130912781E-3
1.187917532E1,-2.289271355E-2,1.063561440E-2,1.987457275E-2
1.188716980E1,-3.503930569E-2,-8.428335190E-3,1.267910004E-2
1.189516612E1,-2.554959059E-2,-6.021678448E-3,3.182506561E-2
1.190316129E1,-1.119190454E-2,-5.981683731E-3,4.140377045E-2
1.191115792E1,-1.349622011E-2,5.991697311E-3,4.141235352E-2
1.191915271E1,-1.344728470E-2,8.257627487E-3,4.619979858E-2
1.192717818E1,-2.296942472E-2,2.258574963E-2,5.338478088E-2
1.193517458E1,-8.596420288E-3,8.196115494E-3,4.859542847E-2
1.194317022E1,-1.816976070E-2,1.299345493E-2,2.704906464E-2
1.195116654E1,-3.731131554E-2,1.771819592E-2,2.465248108E-2
1.195916102E1,-3.258663416E-2,5.693018436E-3,1.746177673E-2
1.196715680E1,-2.550989389E-2,1.756906509E-2,2.941703796E-2
1.197515243E1,-4.476535320E-2,1.973867416E-2,2.221202850E-2
1.198317891E1,-4.968142509E-2,2.205759287E-2,6.475448608E-4
1.199117462E1,-2.353298664E-2,7.647752762E-3,2.935791016E-2
1.199917040E1,-2.617055178E-2,1.478821039E-2,2.214908600E-2
1.200716457E1,-1.931148767E-2,2.804338932E-3,2.929782867E-2
1.201516120E1,1.392269135E-2,-9.141087532E-3,2.687740326E-2
1.202315660E1,-3.006815910E-3,1.237052679E-2,4.601287842E-2
1.203115377E1,-7.851362228E-3,1.710444689E-2,4.121685028E-2
1.203917848E1,-2.442407608E-2,-2.221226692E-3,4.361915588E-2
1.204717358E1,-1.207357645E-2,-4.744112492E-3,4.365062714E-2
1.205516959E1,-6.867468357E-3,1.419460773E-2,1.973915100E-2
1.206316522E1,-1.344954967E-2,1.635250449E-2,2.936267853E-2
1.207116285E1,-1.758438349E-2,6.532251835E-3,1.504993439E-2
1.207915641E1,-1.933103800E-2,6.422340870E-3,3.905105591E-2
1.208718189E1,-2.808523178E-2,-3.294706345E-3,-3.970146179E-3
1.209517790E1,3.541815281E-2,3.686547279E-3,6.078815460E-2
1.210317307E1,2.495628595E-2,-1.586571336E-2,3.936862946E-2
1.211117086E1,-1.202231646E-2,5.309283733E-3,4.905891418E-2
1.211916418E1,-4.195964336E-2,4.325157404E-2,1.564121246E-2
1.212716074E1,-5.002254248E-2,6.702256203E-2,1.417160034E-3
1.213515614E1,-2.202463150E-2,1.184675097E-2,3.030872345E-2
1.214318292E1,-3.732794523E-2,-2.171957493E-2,9.270191193E-2
1.215117986E1,-4.369693995E-2,-1.960200071E-2,4.249095917E-2
1.215917441E1,-8.864372969E-2,-5.490660667E-3,6.619453430E-3
1.216716666E1,-8.813959360E-2,1.829931140E-2,-2.914428711E-3
1.217516514E1,-7.099503279E-2,2.536344528E-2,-1.963996887E-2
1.218316031E1,-4.237508774E-2,1.341089606E-2,9.078979492E-3
1.219115632E1,-5.256742239E-2,1.835265756E-2,2.339076996E-2
1.219918211E1,-3.424286842E-2,6.590217352E-3,3.289508820E-2
1.220717759E1,-3.998935223E-3,-5.250602961E-3,5.196666718E-2
1.221517414E1,-2.467751503E-3,-2.667152882E-2,5.428028107E-2
1.222316923E1,2.318394184E-2,-4.331466556E-2,5.182456970E-2
1.223116594E1,3.469586372E-3,-2.535164356E-3,6.613731384E-2
1.223915980E1,-1.696884632E-3,-9.608209133E-3,6.610488892E-2
1.224715582E1,2.442187071E-2,1.199525595E-2,5.411434174E-2
1.225518199E1,5.157649517E-3,7.297635078E-3,4.453086853E-2
1.226317731E1,1.713269949E-2,2.656158805E-2,8.625030518E-3
1.227117487E1,5.311071873E-3,4.024803638E-4,-1.050472260E-2
1.227916904E1,8.196592331E-3,2.938657999E-2,1.527786255E-3
1.228716390E1,-1.042276621E-2,3.194859624E-2,1.595497131E-2
1.229516053E1,-3.156387806E-2,1.538008451E-2,2.318954468E-2
1.230315562E1,-3.598904610E-2,-1.806390285E-2,2.801704407E-2
1.231118325E1,-4.766011238E-2,-2.280786633E-2,3.523159027E-2
1.231917781E1,-3.322857618E-2,5.875021219E-3,4.002475739E-2
1.232717221E1,-6.204539537E-2,-1.413285732E-3,3.522205353E-2
1.233516892E1,-5.495423079E-2,2.466508746E-2,1.365184784E-2
1.234316432E1,-1.933884621E-2,6.079971790E-4,6.433486938E-3
1.235116064E1,-1.721739769E-2,-1.853567362E-2,1.119518280E-2
1.235915573E1,-7.886886597E-4,1.254296303E-2,1.594829559E-2
1.236718129E1,6.148338318E-3,1.488089561E-2,1.352691650E-2
1.237517792E1,-2.746957541E-2,1.486036181E-2,1.351547241E-2
1.238317386E1,-2.742576599E-2,2.928042412E-2,3.507041931E-2
1.239117018E1,-3.691667318E-2,1.021593809E-2,2.311325073E-2
1.239916443E1,-3.441506624E-2,-1.548826694E-3,5.186462402E-2
1.240715944E1,-3.909105062E-2,-1.574519277E-2,5.667304993E-2
1.241515554E1,-1.982080936E-2,-1.090046763E-2,4.950428009E-2
1.242318202E1,-1.015299559E-2,1.026451588E-3,3.514671326E-2
1.243117834E1,-5.717277527E-4,-3.835439682E-3,6.412506104E-3
1.243917305E1,-1.727962494E-2,-1.478433609E-3,8.810997009E-3
1.244716791E1,-1.480174065E-2,1.294273138E-2,1.121520996E-2
1.245516446E1,-5.180597305E-3,-1.328229904E-3,1.601314545E-2
1.246315994E1,-7.438719273E-3,5.892604589E-3,1.124000549E-2
1.247115588E1,2.526819706E-3,1.311808825E-2,2.325248718E-2
1.247918151E1,5.273282528E-3,5.897521973E-3,4.004478455E-2
1.248717630E1,-2.779090405E-2,2.497327328E-2,4.008769989E-2
1.249517324E1,-4.662013054E-2,2.238988876E-2,3.053283691E-2
1.250316887E1,-4.403567314E-2,7.849037647E-3,2.336025238E-2
1.251116519E1,-4.170376062E-2,5.276471376E-3,1.855659485E-2
1.251915974E1,-4.657179117E-2,2.192100883E-2,3.530216217E-2
1.252715476E1,-1.571440697E-2,-2.098649740E-3,2.090644836E-2
1.253518193E1,-1.129627228E-2,5.086958408E-3,2.086925507E-2
1.254317694E1,-2.360290289E-2,-9.275883436E-3,2.083587646E-2
1.255117365E1,-1.446294785E-2,1.471275091E-2,-7.524490356E-4
1.255916898E1,-3.871917725E-4,2.859383821E-3,4.012107849E-3
1.256716292E1,1.919031143E-3,6.740987301E-4,1.598453522E-2
1.257515978E1,-1.232415438E-2,1.987022161E-2,2.318191528E-2
1.258315464E1,-3.119003773E-2,2.230599523E-2,4.236698151E-2
1.259118142E1,-1.642268896E-2,4.138943553E-2,4.958534241E-2
1.259917713E1,-3.522849083E-2,1.498657465E-2,5.440521240E-2
1.260717223E1,-4.212540388E-2,2.925068140E-3,4.964065552E-2
1.261516878E1,-4.433470964E-2,1.004642248E-2,3.289794922E-2
1.262316387E1,-4.681539536E-2,5.105078220E-3,2.569770813E-2
1.263116050E1,-4.931342602E-2,1.221561432E-2,2.568435669E-2
1.263915537E1,-4.718661308E-2,1.217040420E-2,1.368427277E-2
1.264717777E1,-3.786945343E-2,9.775251150E-3,1.844692230E-2
1.265517694E1,-2.391391993E-2,2.646148205E-3,2.319717407E-2
1.266317226E1,-5.331039429E-4,-1.407074928E-2,1.835441589E-2
1.267116897E1,2.287566662E-2,-6.794720888E-3,1.830577850E-2
1.267916368E1,1.543998718E-2,7.671654224E-3,1.589012146E-2
1.268715877E1,2.256244421E-2,7.694512606E-3,3.503894806E-2
1.269515548E1,8.375465870E-3,-1.940667629E-3,4.463100433E-2
1.270318126E1,-5.461335182E-3,-6.834208965E-3,3.989028931E-2
1.271117736E1,-1.438266039E-2,2.171385288E-2,3.994655609E-2
1.271917245E1,-3.042829037E-2,2.160352468E-2,3.522396088E-2
1.272716723E1,-4.425573349E-2,7.081031799E-3,3.766441345E-2
1.273516379E1,-4.869639874E-2,-9.717285633E-3,2.812099457E-2
1.274315865E1,-4.136133194E-2,-1.445424557E-2,2.574348450E-2
1.275115582E1,-4.368144274E-2,9.566426277E-3,2.815055847E-2
1.275918114E1,-2.943927050E-2,2.419114113E-3,2.813911438E-2
1.276717616E1,-1.059341431E-2,1.917180419E-2,4.166603088E-3
1.277517194E1,-2.996206284E-2,-4.744321108E-3,1.132774353E-2
1.278316788E1,9.543299675E-4,4.901230335E-3,1.849460602E-2
1.279116459E1,3.201723099E-3,2.487719059E-3,3.044891357E-2
1.279915907E1,-8.889257908E-3,7.167726755E-3,1.367187500E-2
1.280715416E1,-6.511628628E-3,1.672202349E-2,3.521728516E-2
1.281518126E1,1.029568911E-2,2.630174160E-2,5.437564850E-2
1.283117260E1,-2.780127525E-2,9.509474039E-3,3.763580322E-2
1.283916807E1,-3.490704298E-2,1.184797287E-2,2.806377411E-2
1.284716370E1,-2.997738123E-2,3.818288445E-2,2.568340302E-2
1.285515980E1,-1.802194118E-2,1.422235370E-2,1.371097565E-2
1.286315397E1,-3.001117706E-2,-1.419484615E-4,-3.050804138E-3
1.287118190E1,-1.816970110E-2,2.294659615E-3,1.848602295E-2
1.287917615E1,-3.743028641E-2,-2.482384443E-3,1.847553253E-2
1.288716817E1,-3.978842497E-2,4.622817039E-3,1.847553253E-2
1.289516788E1,-3.249996901E-2,4.529684782E-3,4.721164703E-2
1.290316320E1,-2.048516273E-2,-5.162984133E-3,3.045082092E-2
1.291116014E1,-3.726774454E-2,6.717503071E-3,2.805042267E-2
1.291915431E1,-3.967481852E-2,6.752461195E-3,3.044414520E-2
1.292718048E1,-2.551996708E-2,1.163333654E-2,4.000377655E-2
1.293517596E1,-1.147717237E-2,-2.680450678E-3,3.039741516E-2
1.294317166E1,-1.652091742E-2,-2.925693989E-4,5.910205841E-2
1.295116891E1,-2.625334263E-2,-7.439881563E-3,3.754138947E-2
1.295916339E1,-7.170081139E-3,-9.859055281E-3,3.513813019E-2
1.296715871E1,1.142621040E-4,-2.672114968E-2,3.035449982E-2
1.297515419E1,-3.788566589E-2,-4.932284355E-4,3.277492523E-2
1.298318028E1,-3.993880749E-2,6.599605083E-3,4.074096680E-3
1.299117791E1,-4.675281048E-2,2.328145504E-2,2.326011658E-2
1.299917139E1,-1.761674881E-2,1.610743999E-2,2.090740204E-2
1.300716656E1,-2.215188742E-2,8.949846029E-3,2.572250366E-2
1.301516350E1,-1.483571529E-2,1.627829671E-2,4.010868073E-2
1.302315790E1,-1.243990660E-2,9.196579456E-3,3.053665161E-2
1.303115584E1,-5.137383938E-3,-3.350079060E-4,2.815723419E-2
1.303918047E1,-7.370293140E-3,9.197890759E-3,4.253673553E-2
1.304717525E1,-2.159917355E-2,1.380544901E-2,1.859855652E-2
1.305517158E1,-6.963908672E-3,1.362922788E-2,2.340602875E-2
1.306316752E1,-2.814322710E-2,8.734315634E-3,1.625442505E-2
1.307116323E1,-2.787142992E-2,-5.683660507E-3,3.303813934E-2
1.307915863E1,-5.632394552E-2,8.804976940E-3,2.349567413E-2
1.308718426E1,-5.143749714E-2,1.136347651E-2,1.633071899E-2
1.309518089E1,-6.122314930E-2,-7.582694292E-3,3.068637848E-2
1.310317598E1,-5.464857817E-2,1.881760359E-2,2.105140686E-2
1.311117284E1,-3.152835369E-2,4.521638155E-3,9.002685547E-3
1.311916740E1,1.130819321E-3,1.180389524E-2,1.849746704E-2
1.312716157E1,9.806632996E-3,-7.246553898E-3,3.038311005E-2
1.313515851E1,4.276990891E-3,-3.119111061E-2,4.467296600E-2
1.314318460E1,8.494496346E-3,7.198452950E-3,2.786159515E-2
1.315118038E1,1.787424088E-2,-1.670712233E-2,4.939079285E-2
1.315917609E1,-6.042718887E-3,9.720206261E-3,5.418682098E-2
1.316717111E1,-1.062965393E-2,1.452952623E-2,6.139087677E-2
1.317516412E1,-2.475672960E-2,1.937696338E-2,4.705238342E-2
1.318316229E1,-1.738113165E-2,1.469457150E-2,4.468250275E-2
1.319115862E1,-5.206406116E-3,1.970481873E-2,1.837921143E-2
1.319918479E1,-1.462960243E-2,1.276406646E-2,2.798366547E-2
1.320717919E1,1.420080662E-2,2.256962657E-2,1.842784882E-2
1.321517651E1,9.752452374E-3,8.308172226E-3,1.607322693E-2
1.322317099E1,-2.556496859E-2,1.071304083E-2,6.556510925E-3
1.323116754E1,-4.164159298E-2,-3.602057695E-3,2.578163147E-2
1.323916294E1,-6.022530794E-2,-1.329594851E-2,3.301525116E-2
1.324715834E1,-6.708222628E-2,5.718022585E-3,4.979991913E-2
1.325518398E1,-6.688010693E-2,-1.365122199E-2,1.389694214E-2
1.326317992E1,-5.737698078E-2,1.489123702E-2,1.627349854E-2
1.327117601E1,-4.330134392E-2,9.982317686E-3,9.056091309E-3
1.327917110E1,-3.895062208E-2,7.689744234E-3,9.017944336E-3
1.328716558E1,-1.570552588E-2,5.534648895E-3,1.614189148E-2
1.329516182E1,-2.115625143E-2,3.407478333E-3,3.045463562E-2
1.330315784E1,9.392917156E-3,1.084458828E-2,4.238033295E-2
1.331118524E1,3.053009510E-2,1.105135679E-2,3.995609283E-2
1.331917949E1,2.792960405E-2,2.783954144E-2,4.472541809E-2
1.332717458E1,6.466388702E-3,8.724719286E-3,2.558135986E-2
1.333517121E1,-5.221068859E-3,8.714824915E-3,4.715824127E-2
1.334316653E1,-1.203823090E-2,2.317652106E-2,4.241085052E-2
1.335116378E1,-9.239315987E-3,1.727402210E-3,2.809143066E-2
1.335915772E1,-6.433308125E-3,8.848845959E-3,2.094745636E-2
1.336718043E1,-4.186159372E-2,8.879303932E-3,3.057384491E-2
1.337517952E1,-5.624532700E-3,-5.508154631E-3,1.863479614E-2
1.338317523E1,-1.504182816E-2,8.845239878E-3,2.104377747E-2
1.339117225E1,-5.327463150E-4,4.048913717E-3,9.086608887E-3
1.339916642E1,9.137749672E-3,1.719295979E-3,4.501247406E-2
1.340716151E1,2.112984657E-3,9.074002504E-3,3.546047211E-2
1.341515783E1,-2.159363031E-2,1.871463656E-2,3.548717499E-2
1.342318362E1,-3.089362383E-2,1.894623041E-3,4.269504547E-2
1.343118033E1,-5.216121674E-2,-2.887219191E-3,3.793525696E-2
1.343917442E1,-5.204343796E-2,-5.315661430E-3,2.597332001E-2
1.344716990E1,-2.816992998E-2,-5.433619022E-3,1.159572601E-2
1.345516622E1,-4.510194063E-2,-6.644725800E-4,2.833747864E-2
1.346316223E1,-2.386379242E-2,4.211485386E-3,2.591514587E-2
1.347115887E1,-2.421820164E-2,-1.241770387E-2,2.109813690E-2
1.347918350E1,-1.747024059E-2,-2.420353889E-2,2.824783325E-2
1.348717913E1,-5.614161491E-3,9.420037270E-3,3.302955627E-2
1.349517545E1,6.388843060E-3,1.902920008E-2,3.782272339E-2
1.350317093E1,-1.738518476E-2,3.101250529E-2,4.981136322E-2
1.351116695E1,-1.954472065E-2,1.428353786E-2,3.307723999E-2
1.351916196E1,-3.126150370E-2,2.627041936E-2,3.549671173E-2
1.352715705E1,-3.106850386E-2,2.149277925E-2,3.551769257E-2
1.353518361E1,-3.563207388E-2,4.679143429E-3,1.877784729E-2
1.354317901E1,-3.310054541E-2,2.380919456E-2,2.836704254E-2
1.355117533E1,-3.550136089E-2,1.421833038E-2,2.597141266E-2
1.355917012E1,-4.041379690E-2,2.386116982E-2,2.356815338E-2
1.356716490E1,-5.738830566E-2,1.200020313E-2,3.312873840E-2
1.357516184E1,-3.394174576E-2,2.410769463E-2,2.111530304E-2
1.358315717E1,-3.224277496E-2,-9.237706661E-3,3.063106537E-2
1.359118456E1,-1.150786877E-2,2.968370914E-3,2.577304840E-2
1.359917874E1,1.637959480E-2,-1.630723476E-3,5.203533173E-2
1.360717106E1,1.577430964E-2,1.525998116E-2,4.479789734E-2
1.361516961E1,2.751713991E-2,1.278072596E-2,3.519439697E-2
1.362316563E1,1.086407900E-2,1.746016741E-2,2.083396912E-2
1.363116218E1,1.606470346E-2,3.158077598E-2,4.719924927E-2
1.363915728E1,-1.197999716E-2,2.664604783E-2,1.852989197E-2
1.364718291E1,-1.356583834E-2,1.932513714E-2,2.099800110E-2
1.365517862E1,-2.709281445E-2,2.170890570E-2,3.544712067E-2
1.366317432E1,-2.400612831E-2,1.447367668E-2,3.790760040E-2
1.367117088E1,-5.214947462E-2,2.541244030E-3,2.839279175E-2
1.367916566E1,-5.177986622E-2,2.576351166E-3,3.321933746E-2
1.368716114E1,-4.199028015E-2,1.214748621E-2,2.126884460E-2
1.369515685E1,-4.443967342E-2,1.455008984E-2,1.647567749E-2
1.370318333E1,-3.984260559E-2,2.173274755E-2,1.885128021E-2
1.371117996E1,-2.581906319E-2,9.837448597E-3,2.121448517E-2
1.371917405E1,-2.378940582E-2,9.871602058E-3,2.026557922E-3
1.372716976E1,2.190470695E-3,-6.885051727E-3,1.156711578E-2
1.373516524E1,1.144570112E-2,2.693831921E-3,2.829456329E-2
1.374316087E1,-5.376279354E-3,-4.438161850E-3,4.265689850E-2
1.375115811E1,-7.699608803E-3,9.930253029E-3,3.308677673E-2
1.375918336E1,-3.331303596E-4,2.901634574E-2,5.225563049E-2
1.376717784E1,-2.521336079E-3,1.207798719E-2,3.790187836E-2
1.377517447E1,-2.368581295E-2,2.635386586E-2,4.272365570E-2
1.378316987E1,-2.104705572E-2,-7.294237614E-3,3.795337677E-2
1.379116650E1,-2.800232172E-2,9.411692619E-3,-5.122184753E-3
1.379916067E1,-2.781546116E-2,3.332594037E-2,1.165390015E-2
1.380715646E1,-2.046728134E-2,2.131938934E-2,2.124595642E-2
1.381518286E1,-3.713148832E-2,-1.935088634E-2,1.886367798E-2
1.382317864E1,-3.951340914E-2,7.006347179E-3,6.895065308E-3
1.383117520E1,-6.353926659E-2,1.423841715E-2,1.646518707E-2
1.383916967E1,-3.018701077E-2,1.425439119E-2,2.842044830E-2
1.384716484E1,-3.534585238E-2,7.104337215E-3,4.275035858E-2
1.385516055E1,-1.412320137E-2,7.117092609E-3,5.468940735E-2
1.386315657E1,-7.316410542E-3,-2.408802509E-3,3.549957275E-2
1.387118328E1,-5.100309849E-3,7.115960121E-3,4.266357422E-2
1.387917868E1,2.030432224E-3,1.668196917E-2,3.308010101E-2
1.389516925E1,-4.551291466E-3,1.427042484E-2,2.595615387E-2
1.390316495E1,5.525410175E-3,1.423096657E-2,4.036998749E-2
1.391116243E1,-1.313012838E-2,-1.611709595E-4,2.126502991E-2
1.391915629E1,-3.884696960E-2,6.981015205E-3,2.850818634E-2
1.392718185E1,-4.078465700E-2,1.887315512E-2,2.376174927E-2
1.393517825E1,-3.319758177E-2,2.123057842E-3,1.661968231E-2
1.394317365E1,-4.003769159E-2,2.122998238E-3,1.665401459E-2
1.395117051E1,-3.995227814E-2,2.609041333E-2,2.624130249E-2
1.395916499E1,-1.836150885E-2,9.331882000E-3,3.821754456E-2
1.396715985E1,-2.564728260E-2,3.328016400E-2,3.341865540E-2
1.397518748E1,-2.821791172E-2,2.200722694E-3,3.340339661E-2
1.398318265E1,-1.405465603E-2,6.962180138E-3,2.619838715E-2
1.399117890E1,-2.621388435E-2,9.407103062E-3,2.378845215E-2
1.399917368E1,-3.369104862E-2,-4.847407341E-3,1.658153534E-2
1.400716878E1,-4.852396250E-2,-1.917636395E-2,2.371978760E-2
1.401516510E1,-3.461939096E-2,7.279157639E-3,1.170730591E-2
1.402316081E1,-4.089295864E-3,2.649369836E-2,1.404476166E-2
1.403115690E1,-3.570079803E-2,7.389247417E-3,2.357578278E-2
1.403918184E1,-7.634580135E-3,-6.893038750E-3,1.393699646E-2
1.404717693E1,-3.495395184E-3,-4.316329956E-3,1.866912842E-2
1.405517410E1,-1.114475727E-2,1.251757145E-2,3.777980804E-2
1.406316920E1,5.157589912E-4,-1.852959394E-2,3.775215149E-2
1.407116675E1,-1.157069206E-2,-4.096269608E-3,3.534984589E-2
1.407916038E1,-3.545993567E-2,1.749259233E-2,5.211734772E-2
1.408718617E1,-2.346843481E-2,2.232563496E-2,5.451488495E-2
1.409518164E1,-2.577769756E-2,1.049453020E-2,5.692577362E-2
1.410317766E1,-1.849007607E-2,5.807101727E-3,3.778743744E-2
1.411117421E1,8.742213249E-4,3.224137425E-2,4.499626160E-2
1.411916869E1,1.785230637E-2,2.748635411E-2,2.826023102E-2
1.412716440E1,1.582664251E-2,2.748385072E-2,1.632595062E-2
1.413515957E1,-1.716148853E-2,1.063251495E-2,1.876926422E-2
1.414318689E1,-9.402394295E-3,2.249675989E-2,1.403331757E-2
1.415118298E1,-3.522944450E-2,2.007830143E-2,1.168918610E-2
1.415917808E1,-6.122958660E-2,1.762038469E-2,2.129650116E-2
1.416717248E1,-5.370903015E-2,5.600810051E-3,3.569316864E-2
1.417516880E1,-6.796598434E-2,7.923543453E-3,5.245971680E-2
1.418316428E1,-6.089979410E-2,-4.147052765E-3,4.525947571E-2
1.419116122E1,-5.161851645E-2,1.008802652E-2,3.325271606E-2
1.419918647E1,-3.279286623E-2,1.227986813E-2,3.081512451E-2
1.420718148E1,-1.397132874E-2,2.171832323E-2,1.401519775E-2
1.421517811E1,-7.173299789E-3,2.164292336E-2,2.115440369E-2
1.422317328E1,-2.704858780E-3,4.909992218E-3,9.153366089E-3
1.423116984E1,-1.253676414E-2,5.033195019E-3,3.068161011E-2
1.423916470E1,-1.508927345E-2,1.474130154E-2,3.546047211E-2
1.424715918E1,1.575767994E-3,-1.922070980E-3,4.982089996E-2
1.425518627E1,-1.278859377E-2,1.484000683E-2,4.742813110E-2
1.426318252E1,-4.847002029E-2,7.663488388E-3,4.745197296E-2
1.427117853E1,-1.957964897E-2,5.752444267E-4,3.071308136E-2
1.427917209E1,-3.376108408E-2,-1.832187176E-3,3.791332245E-2
1.428716810E1,-2.651059628E-2,-6.548225880E-3,2.116394043E-2
1.429516473E1,-2.414977551E-2,7.872641087E-3,2.834701538E-2
1.430315990E1,-9.719550610E-3,7.845401764E-3,4.409790039E-3
1.431118630E1,9.523093700E-3,3.052473068E-3,1.399517059E-2
1.431918147E1,2.172017097E-2,5.447328091E-3,2.359485626E-2
1.432717649E1,1.733070612E-2,1.260107756E-2,1.645088196E-2
1.433517289E1,1.126646996E-3,2.695736289E-2,2.847766876E-2
1.434316852E1,-3.422212601E-2,2.212119102E-2,3.571414948E-2
1.435116492E1,-5.782663822E-2,-1.816928387E-3,4.771900177E-2
1.435916032E1,-6.003236771E-2,5.342304707E-3,5.731391907E-2
1.437518159E1,-1.037144661E-2,-1.139962673E-2,2.852249146E-2
1.438317722E1,-2.290642262E-2,-2.095919847E-2,1.649475098E-2
1.439117323E1,-3.059279919E-2,-1.895785332E-3,4.468917847E-3
1.439916863E1,7.317304611E-3,-6.660699844E-3,4.430770874E-3
1.440716319E1,-1.668930054E-6,2.448076010E-2,9.205818176E-3
1.441515982E1,7.113933563E-3,5.347132683E-3,2.835369110E-2
1.442318560E1,-9.448230267E-3,1.495182514E-2,4.034519196E-2
1.443118193E1,-1.624745131E-2,2.215671539E-2,4.517364502E-2
1.443917710E1,-3.506147861E-2,2.223521471E-2,6.436729431E-2
1.444717219E1,-4.182273149E-2,1.748442650E-2,6.201648712E-2
1.445516782E1,-4.404944181E-2,7.882654667E-3,6.682014465E-2
1.446316391E1,-5.127602816E-2,1.024776697E-2,4.287242889E-2
1.447116024E1,-5.617898703E-2,3.168156743E-2,2.130699158E-2
1.447918518E1,-2.779412270E-2,1.977151632E-2,1.888084412E-2
1.448718050E1,-4.261338711E-2,6.500482559E-4,2.077102661E-3
1.449517682E1,-1.681870222E-2,-1.120299101E-2,1.878929138E-2
1.450317284E1,4.229962826E-3,1.995605230E-2,2.352905273E-2
1.451116893E1,-8.095502853E-3,-3.984749317E-3,2.828121185E-2
1.451916402E1,6.069958210E-3,6.774067879E-4,4.022598267E-2
1.452715935E1,2.284711599E-2,1.490885019E-2,4.979705811E-2
1.453518613E1,3.868877888E-3,2.672502398E-2,6.417369843E-2
1.454318092E1,-4.218220711E-4,2.579748631E-3,2.590465546E-2
1.455117824E1,-7.002174854E-3,2.427399158E-3,2.835273743E-2
1.455917272E1,-2.793997526E-2,2.261698246E-3,2.601051331E-2
1.456716750E1,-2.742266655E-2,4.520118237E-3,2.126693726E-2
1.457516291E1,-4.855167866E-2,9.264945984E-3,3.088378906E-2
1.458315946E1,-6.985348463E-2,2.038598061E-3,1.654052734E-2
1.459118601E1,-4.348802567E-2,2.118211985E-2,1.175498962E-2
1.459918103E1,-2.696675062E-2,1.398813725E-2,1.173019409E-2
1.460717704E1,-2.496331930E-2,-4.061460495E-4,6.900787354E-3
1.461517222E1,-1.342558861E-2,-1.003256440E-2,4.461288452E-3
1.462316815E1,1.740109921E-2,-4.743933678E-4,2.597713470E-2
1.463116448E1,1.017236710E-2,8.955746889E-3,3.793716431E-2
1.463915903E1,-8.942544460E-3,6.496667862E-3,2.836132050E-2
1.464718451E1,3.136515617E-3,2.559417486E-2,3.794574738E-2
1.465518091E1,-2.545070648E-2,1.594629884E-2,4.513835907E-2
1.466317662E1,-6.221055984E-3,1.605629921E-3,3.317737579E-2
1.467117294E1,-1.106923819E-2,1.121339202E-2,4.274940491E-2
1.467916765E1,-4.232645035E-2,1.669108868E-3,3.076648712E-2
1.468716313E1,-3.523343801E-2,1.604178548E-2,4.272842407E-2
1.469515937E1,-2.821826935E-2,8.855134249E-3,1.637458801E-2
1.470318501E1,-2.603083849E-2,8.863538504E-3,2.114391327E-2
1.471118195E1,-2.143216133E-2,1.851516962E-2,2.591609955E-2
1.471917642E1,-4.081332684E-2,2.088192105E-2,2.110385895E-2
1.472717113E1,-2.667611837E-2,1.133567095E-2,2.108287811E-2
1.473516776E1,-2.686655521E-2,1.617109776E-2,3.782558441E-2
1.474316324E1,-2.477449179E-2,1.132532954E-2,4.018592834E-2
1.475115926E1,-3.481984138E-3,6.558895111E-3,4.734420776E-2
1.475918442E1,-1.088094711E-2,1.377847791E-2,5.450725555E-2
1.476718021E1,-1.442134380E-3,1.127311587E-2,4.012203217E-2
1.477517676E1,-8.701324463E-3,1.358035207E-2,3.292751312E-2
1.478317193E1,-6.208300591E-3,-5.655586720E-3,2.575111389E-2
1.479116764E1,-1.794385910E-2,2.537447214E-2,2.337551117E-2
1.479916273E1,-3.433436155E-2,-3.379195929E-3,3.059387207E-2
1.480715814E1,-3.410726786E-2,8.604049683E-3,2.822303772E-2
1.481518492E1,-2.429944277E-2,6.218433380E-3,1.388168335E-2
1.482318024E1,-1.456403732E-2,1.502335072E-3,1.629447937E-2
1.483117634E1,-1.696324348E-2,-1.524144411E-2,2.347850800E-2
1.483917143E1,-5.050075054E-2,1.343923807E-2,2.586841583E-2
1.484716683E1,-3.382688761E-2,3.492391109E-2,3.303909302E-2
1.485516308E1,-3.381383419E-2,8.489876986E-3,4.021739960E-2
1.486315909E1,-2.186399698E-2,8.465051651E-3,4.260826111E-2
1.487118596E1,-3.874242306E-2,2.756673098E-2,4.259395599E-2
1.487918074E1,-3.174895048E-2,1.079830527E-2,4.496765137E-2
1.488717522E1,-3.449875116E-2,3.585159779E-3,1.859569550E-2
1.489517177E1,-4.923141003E-2,1.250952482E-3,1.616668701E-2
1.490316786E1,-1.384133101E-2,2.758863568E-2,1.850891113E-2
1.491116411E1,-1.433306932E-2,1.323217154E-2,1.606559753E-2
1.491915890E1,1.145792007E-2,-3.526777029E-3,4.040718079E-3
1.492718414E1,1.103305817E-2,-3.460586071E-3,2.075958252E-2
1.493518085E1,2.037560940E-2,-2.024585009E-2,2.791786194E-2
1.494317594E1,1.795840263E-2,-1.553127170E-2,4.227828979E-2
1.495117188E1,-1.296782494E-2,-1.277983189E-3,4.947376251E-2
1.495916698E1,-3.433829546E-2,3.424197435E-3,4.709339142E-2
1.496716238E1,-3.902393579E-2,2.731713653E-2,3.752422333E-2
1.497515839E1,-3.177094460E-2,2.502018213E-2,2.795982361E-2
1.498318495E1,-2.946323156E-2,1.558884978E-2,3.274726868E-2
1.499118127E1,-2.497088909E-2,1.350164413E-2,2.794456482E-2
1.499917575E1,-3.778576851E-3,1.853933930E-2,2.313327789E-2
1.500717115E1,1.008474827E-2,2.110433578E-2,2.309226990E-2
1.501516716E1,2.456307411E-4,1.169276237E-2,3.920555115E-3
1.502316218E1,3.122508526E-2,1.654803753E-2,2.066802979E-2
1.503115881E1,4.998683929E-3,-2.325773239E-4,1.349639893E-2
1.503918413E1,5.263090134E-4,-3.811120987E-4,3.267383575E-2
1.504717946E1,-3.990739584E-2,-1.011067629E-2,4.226970673E-2
1.505517586E1,-3.948205709E-2,-1.504084468E-2,3.033351898E-2
1.506317157E1,-7.024741173E-2,1.469463110E-3,3.514480591E-2
1.507116789E1,-4.377311468E-2,1.276314259E-3,3.036117554E-2
1.507916237E1,-6.059169769E-2,2.747353911E-2,2.555847168E-2
1.508715708E1,-6.553709507E-2,2.498421073E-2,2.553844452E-2
1.509518455E1,-4.426044226E-2,2.731308341E-2,3.029632568E-2
1.510317988E1,-3.270405531E-2,1.072078943E-3,2.547168732E-2
1.511117620E1,-1.176518202E-2,1.076000929E-2,3.978157043E-2
1.511917076E1,-2.870440483E-3,-1.122057438E-3,4.690074921E-2
1.512716616E1,1.079815626E-2,8.458405733E-3,3.964805603E-2
1.513516217E1,1.516467333E-2,8.399277925E-3,3.481483459E-2
1.514318834E1,1.259768009E-2,5.962640047E-3,3.958415985E-2
1.515118497E1,1.982700825E-2,1.149773598E-3,2.522182465E-2
1.515918037E1,8.206009865E-3,-1.326858997E-3,4.201221466E-2
1.516717508E1,-1.514565945E-2,-3.842353821E-3,3.009319305E-2
1.517517048E1,-7.433533669E-3,8.420050144E-4,3.493022919E-2
1.518316680E1,-3.309971094E-2,8.107423782E-4,3.870964050E-3
1.519116313E1,-3.512084484E-2,1.511809230E-2,3.024101257E-2
1.519918814E1,-2.526485920E-2,1.985499263E-2,1.536369324E-3
1.520718108E1,-1.304119825E-2,-1.731604338E-3,1.592445374E-2
1.521517956E1,-2.238440514E-2,2.455946803E-2,2.073383331E-2
1.522317465E1,-4.121559858E-2,4.605627060E-2,3.273487091E-2
1.523117244E1,-6.034129858E-2,7.615596056E-3,3.512477875E-2
1.523916599E1,-5.567252636E-2,-4.424780607E-3,2.313804626E-2
1.524716086E1,-4.880344868E-2,9.803831577E-3,3.267669678E-2
1.525518826E1,-8.619785309E-3,7.336914539E-3,2.543830872E-2
1.526318273E1,7.590711117E-3,-1.422989368E-2,1.580524445E-2
1.527117998E1,-2.516686916E-3,2.537935972E-3,2.532958984E-2
1.527917530E1,1.871031523E-2,-4.650175571E-3,2.529811859E-2
1.528717009E1,6.584286690E-3,-1.900753379E-2,2.528285980E-2
1.529516610E1,2.027332783E-3,1.201304793E-2,2.769470215E-2
1.530316220E1,-4.706263542E-3,4.730582237E-3,1.815795898E-2
1.531118960E1,-8.937060833E-3,1.666849852E-2,3.257751465E-2
1.531918377E1,-4.424601793E-2,1.663598418E-2,3.263664246E-2
1.532717886E1,-5.811697245E-2,2.612546086E-2,5.422878265E-2
1.533517511E1,-6.746530533E-2,1.879736781E-2,4.227352142E-2
1.534317089E1,-6.741535664E-2,9.255141020E-3,5.424976349E-2
1.535116806E1,-5.081844330E-2,1.171922684E-2,4.226779938E-2
1.535916162E1,-2.962893248E-2,-2.576351166E-3,3.505229950E-2
1.536718717E1,-2.779495716E-2,-2.477973700E-3,2.063560486E-2
1.537518380E1,-2.604472637E-2,2.622517943E-2,3.732967377E-2
1.538317928E1,2.117037773E-3,6.992906332E-3,1.811599731E-2
1.539117614E1,1.599907875E-2,9.314566851E-3,-1.090049744E-3
1.539917008E1,2.768588066E-2,1.164433360E-2,1.803112030E-2
1.540716610E1,8.443534374E-3,3.066349030E-2,2.040958405E-2
1.541516150E1,1.518070698E-3,1.378616691E-2,2.521800995E-2
1.542318736E1,-1.250565052E-2,1.844853163E-2,3.721714020E-2
1.543118368E1,1.466274261E-5,6.328463554E-3,4.684162140E-2
1.543917939E1,-1.153153181E-2,3.881603479E-3,4.209232330E-2
1.544717410E1,-4.704910517E-2,2.772289515E-2,4.930877686E-2
1.545517050E1,-3.486394882E-2,2.287426591E-2,2.299118042E-2
1.546316652E1,-3.716498613E-2,2.039444447E-2,1.820755005E-2
1.547116276E1,-2.045440674E-2,3.954100609E-2,2.299118042E-2
1.547918747E1,-3.976821899E-2,1.271128654E-3,6.217002869E-3
1.548718310E1,-1.838332415E-2,-5.834907293E-3,2.535820007E-2
1.549517858E1,-1.385593414E-2,8.575946093E-3,1.575851440E-2
1.550317452E1,1.226907969E-2,2.300685644E-2,1.574039459E-2
1.551117153E1,-7.013380527E-3,-3.378719091E-3,1.811981201E-2
1.551916570E1,-9.450256824E-3,1.326382160E-3,2.768802643E-2
1.552716080E1,2.478718758E-3,1.322948933E-2,2.768039703E-2
1.553518727E1,-4.701793194E-3,2.031514049E-2,4.922294617E-2
1.554318360E1,-1.902025938E-2,2.013286948E-2,3.964138031E-2
1.555117954E1,-7.017552853E-3,8.094578981E-3,5.161285400E-2
1.555917378E1,-6.896317005E-3,-1.593887806E-3,3.725433350E-2
1.556716949E1,9.983718395E-3,-1.667261124E-3,3.007888794E-2
1.557516551E1,-1.613837481E-2,6.608366966E-4,3.728008270E-2
1.558316122E1,-1.359009743E-2,7.709681988E-3,1.813507080E-2
1.559118854E1,-3.014069796E-2,1.958248019E-2,1.575660706E-2
1.559918302E1,-3.251218796E-2,1.959824562E-2,1.575946808E-2
1.560717842E1,-2.776479721E-2,1.489576697E-2,1.097202301E-2
1.561517389E1,-6.387680769E-2,7.696330547E-3,2.771091461E-2
1.562316991E1,-2.585059404E-2,1.008749008E-2,2.528667450E-2
1.563116623E1,-3.808695078E-2,-1.913338900E-3,3.244304657E-2
1.563916071E1,-1.682126522E-2,1.236534119E-2,3.001499176E-2
1.564718688E1,9.292125702E-3,2.787500620E-3,2.999305725E-2
1.565518251E1,1.823782921E-3,2.668499947E-2,3.953933716E-2
1.566317768E1,4.086136818E-3,1.221361756E-2,2.515506744E-2
1.567117554E1,1.842784882E-2,4.983812571E-3,1.557350159E-2
1.567916933E1,6.686747074E-3,2.412417531E-2,3.235530853E-2
1.568716442E1,-2.159279585E-2,1.690879464E-2,2.282238007E-2
1.569516105E1,-2.588737011E-2,4.961997271E-3,3.244972229E-2
1.570318730E1,-4.221403599E-2,2.907812595E-4,3.010463715E-2
1.571118362E1,-3.717684746E-2,1.465234160E-2,1.815891266E-2
1.571917864E1,-3.951287270E-2,7.516443729E-3,2.774333954E-2
1.572717319E1,-3.946191072E-2,5.172580481E-3,5.408668518E-2
1.573516975E1,-3.708124161E-2,4.459917545E-4,3.014659882E-2
1.574316461E1,-3.611028194E-3,1.228767633E-2,4.689502716E-2
1.575116178E1,-1.319181919E-2,4.996925592E-3,4.928302765E-2
1.575918672E1,-2.030336857E-2,1.210057735E-2,2.773857117E-2
1.576718212E1,-2.748709917E-2,1.679575443E-2,3.012752533E-2
1.577517821E1,-4.183095694E-2,2.381226420E-2,2.293872833E-2
1.578317354E1,-2.761340141E-2,2.629604936E-2,1.380920410E-3
1.579117109E1,-5.429828167E-2,7.146805525E-3,2.768325806E-2
1.579916557E1,-4.745566845E-2,4.774242640E-3,3.483200073E-2
1.581518783E1,-5.481302738E-3,2.525866032E-3,3.472709656E-2
1.582318254E1,-1.347243786E-3,-9.375870228E-3,2.269458771E-2
1.583117886E1,-6.914019585E-3,-1.409500837E-2,3.219699860E-2
1.583917372E1,-1.465541124E-2,-9.301960468E-3,2.735328674E-2
1.584716882E1,-3.073871136E-3,-9.303599596E-3,4.168033600E-2
1.585516445E1,1.421630383E-3,-2.210348845E-3,5.361652374E-2
1.586316054E1,-1.140415668E-3,-2.175509930E-3,4.641914368E-2
1.587118848E1,-3.941452503E-2,2.710491419E-3,6.079292297E-2
1.587918211E1,-1.782375574E-2,5.174338818E-3,4.164695740E-2
1.588717774E1,-1.290023327E-2,2.205011249E-2,4.884815216E-2
1.589517407E1,3.932237625E-3,1.254069805E-2,4.646587372E-2
1.590316954E1,6.412386894E-3,7.804274559E-3,2.732276917E-2
1.591116617E1,8.976757526E-3,1.982954144E-2,2.015972137E-2
1.591916088E1,1.169127226E-2,3.176096082E-2,2.019023895E-2
1.592718613E1,-2.173483372E-3,2.974569798E-3,1.305484772E-2
1.593518315E1,-2.803027630E-2,1.969408989E-2,1.788902283E-2
1.594317785E1,-6.348800659E-2,1.241120696E-2,4.426574707E-2
1.595117387E1,-6.564158201E-2,-1.158645749E-2,3.949832916E-2
1.595916927E1,-7.988840342E-2,-4.409909248E-3,4.190349579E-2
1.596716382E1,-5.610603094E-2,-2.032488585E-3,3.231048584E-2
1.597519092E1,-5.403780937E-2,3.097355366E-4,2.748680115E-2
1.598318655E1,-3.539943695E-2,1.225340366E-2,2.025127411E-2
1.599118326E1,-1.916939020E-2,-2.052187920E-3,1.301860809E-2
1.599917804E1,-5.616545677E-4,9.922653437E-3,2.972412109E-2
1.600717252E1,1.102131605E-2,-1.403129101E-2,3.686714172E-2
1.601516884E1,1.809167862E-2,9.942412376E-3,3.925228119E-2
1.602316455E1,6.222605705E-3,1.240187883E-2,3.208351135E-2
1.603116172E1,-7.822453976E-3,-1.929670572E-3,4.648208618E-2
1.603918666E1,-1.940524578E-2,-6.742238998E-3,4.651927948E-2
1.604718091E1,-1.171314716E-2,1.960340142E-2,4.178237915E-2
1.605517723E1,-3.751242161E-2,-6.709426641E-3,3.225994110E-2
1.606317232E1,-4.193115234E-2,1.724484563E-2,2.990341187E-2
1.607117042E1,-4.886752367E-2,-1.142752171E-2,2.274799347E-2
1.607916405E1,-3.694510460E-2,6.380975246E-4,3.471851349E-2
1.608718983E1,-5.148291588E-2,-1.564085484E-3,2.274131775E-2
1.609518592E1,-1.830303669E-2,3.390014172E-3,2.750396729E-2
1.610318132E1,2.933311462E-2,8.294761181E-3,3.227329254E-2
1.611117880E1,2.451670170E-2,-3.581076860E-3,3.466892242E-2
1.611917336E1,5.467176437E-3,5.995333195E-3,2.270889282E-2
1.612716806E1,-6.223201752E-3,3.228604794E-2,4.667663574E-2
1.613516447E1,-4.192441702E-2,1.800987124E-2,4.909610748E-2
1.614319087E1,-4.653984308E-2,5.948692560E-3,3.953266144E-2
1.615121608E1,-3.941816092E-2,8.289337158E-3,3.234100342E-2
1.615921172E1,-4.903084040E-2,6.018489599E-3,3.713226318E-2
1.616720652E1,-2.042996883E-2,1.306712627E-3,1.797008514E-2
1.617520323E1,-2.070522308E-2,-1.529264450E-2,1.316261292E-2
1.618319864E1,-2.572757006E-2,1.554608345E-3,1.314258575E-2
1.619119520E1,-1.159399748E-2,-3.111332655E-3,2.030849457E-2
1.619922046E1,-4.527568817E-3,4.152297974E-3,2.987766266E-2
1.620721533E1,2.557635307E-3,3.297752142E-2,2.987289429E-2
1.621521136E1,-1.181876659E-2,1.629960537E-2,3.466415405E-2
1.622320730E1,-2.841240168E-2,9.167522192E-3,5.144309998E-2
1.623120371E1,-1.872903109E-2,6.806313992E-3,6.821537018E-2
1.623919874E1,-4.491746426E-2,6.840795279E-3,5.626106262E-2
1.624719353E1,-4.719650745E-2,1.640489697E-2,6.345462799E-2
1.625522009E1,-3.757452965E-2,1.635748148E-2,4.190826416E-2
1.626321581E1,-2.084720135E-2,-2.815902233E-3,2.753829956E-2
1.627121245E1,-2.825385332E-2,-1.958721876E-2,2.990913391E-2
1.627920817E1,-9.486556053E-3,4.334867001E-3,2.029323578E-2
1.628720265E1,-3.614342213E-2,-2.755969763E-3,8.296012878E-3
1.629519830E1,-7.688939571E-3,7.047444582E-3,2.025032043E-2
1.630319432E1,1.584351063E-3,7.120579481E-3,1.782989502E-2
1.631122119E1,8.646011353E-3,4.055857658E-2,1.063060760E-2
1.631921537E1,1.345843077E-2,1.655191183E-2,3.696537018E-2
1.632721078E1,-3.162264824E-3,6.967693567E-3,3.458499908E-2
1.633520680E1,-9.986102581E-3,2.123147249E-2,4.179954529E-2
1.634320275E1,-2.868980169E-2,1.158192754E-2,4.902267456E-2
1.635119970E1,-2.340877056E-2,2.346029878E-2,5.146026611E-2
1.635919365E1,-2.536129951E-2,-4.415512085E-4,5.629634857E-2
1.636721982E1,-3.458845615E-2,4.271537066E-3,3.238487244E-2
1.637521585E1,-2.709448338E-2,1.381534338E-2,1.804924011E-2
1.638321180E1,-1.975739002E-2,1.136296988E-2,1.327323914E-2
1.639120851E1,-2.921509743E-2,8.919596672E-3,-3.478050232E-3
1.639920262E1,-3.399199247E-2,2.567648888E-2,-3.476142883E-3
1.640719718E1,-2.203172445E-2,3.522738814E-2,8.492469788E-3
1.641519443E1,-2.694189548E-2,2.323657274E-2,6.085395813E-3
1.642322000E1,-2.951103449E-2,6.556212902E-3,3.719615936E-2
1.643121725E1,-2.968245745E-2,-1.017656922E-2,5.393886566E-2
1.643921197E1,-2.036619186E-2,1.140305400E-2,4.673290253E-2
1.644720584E1,-8.550405502E-3,1.902282238E-3,4.672050476E-2
1.645520310E1,-8.820295334E-3,1.627790928E-2,3.472328186E-2
1.646319797E1,-1.905739307E-3,1.397803426E-2,3.709602356E-2
1.647119453E1,-4.451870918E-3,-1.239487529E-2,3.468513489E-2
1.647922079E1,-1.162564754E-2,9.249866009E-3,4.187297821E-2
1.648721212E1,-9.133398533E-3,1.397016644E-2,2.033138275E-2
1.649521130E1,-1.607841253E-2,2.108979225E-2,2.274703979E-2
1.650320701E1,-3.731679916E-2,2.100059390E-2,3.474330902E-2
1.651120419E1,-2.977496386E-2,1.611030102E-2,3.477382660E-2
1.651919745E1,-2.948319912E-2,1.795411110E-3,2.522850037E-2
1.652719324E1,-4.837024212E-2,-5.373358727E-3,2.525711060E-2
1.653522034E1,-3.868776560E-2,8.971393108E-3,4.681396484E-2
1.654321514E1,-3.628247976E-2,8.988410234E-3,3.005599976E-2
1.655121208E1,-2.683657408E-2,1.792520285E-3,4.919624329E-2
1.655920711E1,-1.748591661E-2,-1.248997450E-2,4.199600220E-2
1.656720160E1,-5.802333355E-3,1.624947786E-2,2.999591827E-2
1.657519800E1,-1.800948381E-2,1.146918535E-2,2.997303009E-2
1.658319364E1,9.579062462E-4,-5.080103874E-4,3.474235535E-2
1.659122021E1,-3.844082355E-3,2.108293772E-2,2.995491028E-2
1.659921469E1,-1.087599993E-2,1.871123910E-2,2.997112274E-2
1.660721133E1,-1.292532682E-2,9.079039097E-3,3.957939148E-2
1.661520674E1,-1.974022388E-2,-2.872318029E-3,3.722381592E-2
1.662320269E1,-4.327470064E-2,1.866164804E-2,3.726291656E-2
1.663119910E1,-5.728065968E-2,1.863083243E-2,2.053833008E-2
1.663919320E1,-3.792476654E-2,-2.908647060E-3,4.689502716E-2
1.664722000E1,-4.266583920E-2,9.043633938E-3,4.929256439E-2
1.665521548E1,-3.078263998E-2,8.943229914E-3,3.730869293E-2
1.666321081E1,-2.139395475E-2,1.603558660E-2,2.052497864E-2
1.667120776E1,-1.917946339E-2,2.073159814E-2,2.529048920E-2
1.667920194E1,-7.419288158E-3,8.707910776E-3,2.766132355E-2
1.668719712E1,-1.480346918E-2,2.073085308E-2,2.524948120E-2
1.669519376E1,-1.009732485E-2,-1.278135180E-2,4.918384552E-2
1.670321963E1,-4.385626316E-2,-1.278096437E-2,3.240108490E-2
1.671121588E1,-4.886394739E-2,-3.196597099E-3,3.956127167E-2
1.671921068E1,-5.154550076E-2,1.353290677E-2,2.756023407E-2
1.672720609E1,-1.622855663E-3,3.985336423E-2,3.470611572E-2
1.673520211E1,-2.101123333E-3,1.353996992E-2,1.071739197E-2
1.674319760E1,-9.840726852E-3,1.630187035E-3,1.545333862E-2
1.675119424E1,-7.660388947E-4,4.122585058E-3,1.780319214E-2
1.675921888E1,-1.024246216E-3,-3.176453710E-2,4.890251160E-2
1.676721460E1,8.496105671E-3,-3.662246466E-2,2.974033356E-2
1.677521093E1,-1.285690069E-2,-1.983293891E-2,5.609798431E-2
1.678320664E1,-3.191751242E-2,-1.032188535E-2,5.610370636E-2
1.679120267E1,-2.939331532E-2,1.608273387E-2,4.893684387E-2
1.679919739E1,-1.735407114E-2,-5.263686180E-4,4.416275024E-2
1.680719218E1,-2.227711678E-2,4.512757063E-3,3.937435150E-2
1.681521998E1,-1.282596588E-2,2.156943083E-2,3.458786011E-2
1.682321531E1,1.571738720E-2,1.224333048E-2,2.740097046E-2
1.683121226E1,1.092529297E-2,1.955199242E-2,2.261829376E-2
1.683920590E1,-3.198087215E-3,2.924361825E-2,1.307201385E-2
1.684720223E1,-7.610619068E-3,5.376696587E-3,2.029514313E-2
1.685519856E1,-4.303967953E-2,4.847943783E-4,2.991485596E-2
1.686319358E1,-5.444717407E-2,1.228258014E-2,2.517318726E-2
1.687122007E1,-4.671961069E-2,1.694178581E-2,4.437446594E-2
1.687921486E1,-5.361652374E-2,1.194864511E-2,3.242206573E-2
1.688720997E1,-6.077373028E-2,1.906335354E-2,2.284526825E-2
1.689520638E1,-4.891371727E-2,1.173353195E-2,1.803779602E-2
1.690320263E1,-3.966546059E-2,4.526674747E-3,3.476238251E-2
1.691119835E1,-4.967981577E-2,1.177728176E-2,3.232860565E-2
1.691919345E1,-3.592270613E-2,2.311289310E-3,4.185104370E-2
1.692721940E1,-2.454632521E-2,2.158382535E-2,3.700923920E-2
1.693521565E1,-1.303225756E-2,-2.313375473E-3,3.935909271E-2
1.694321045E1,8.226811886E-3,1.448693871E-2,4.412078857E-2
1.695120716E1,9.236931801E-4,4.849374294E-3,4.410648346E-2
1.695920165E1,8.327245712E-3,-2.382606268E-3,2.497196198E-2
1.696719706E1,-3.236770630E-3,1.662531495E-2,3.218746185E-2
1.697519362E1,-9.852945805E-3,-7.338941097E-3,4.660797119E-2
1.698321895E1,-3.803408146E-2,4.569202662E-3,4.187202454E-2
1.699121621E1,-3.981703520E-2,1.650705934E-2,2.277755737E-2
1.699921039E1,-4.663807154E-2,2.130022645E-2,3.239059448E-2
1.700720572E1,-2.970999479E-2,-5.015343428E-3,2.762031555E-2
1.701520236E1,-2.016627789E-2,1.885977387E-2,2.521800995E-2
1.702319723E1,-1.085758209E-3,2.365118265E-2,1.324081421E-2
1.703122456E1,-8.293926716E-3,3.555431962E-2,2.999401093E-2
1.703921882E1,-3.392994404E-3,6.836920977E-3,3.000640869E-2
1.704721423E1,-2.253037691E-2,2.595096827E-2,3.240013123E-2
1.705521056E1,-2.500534058E-2,1.389247179E-2,4.914665222E-2
1.706320628E1,-3.464108706E-2,6.592929363E-3,3.476905823E-2
1.707120315E1,-2.753752470E-2,-6.929934025E-4,4.193973541E-2
1.707919679E1,-2.289170027E-2,-1.026639342E-2,3.234863281E-2
1.708719274E1,-8.558869362E-3,1.735657454E-3,2.995204926E-2
1.709521922E1,-3.809392452E-3,-3.071010113E-3,3.952407837E-2
1.710321525E1,-1.378774643E-3,-7.772386074E-3,2.756214142E-2
1.711121196E1,-1.560825109E-2,4.252552986E-3,4.433631897E-2
1.711920614E1,-2.734881639E-2,2.822783589E-2,2.520847321E-2
1.712720086E1,-3.659182787E-2,1.871138811E-3,3.960514069E-2
1.713519812E1,-2.435177565E-2,2.100858092E-2,5.399608612E-2
1.714322406E1,-2.420085669E-2,1.876026392E-3,5.161952972E-2
1.715122070E1,-5.516451597E-2,6.601691246E-3,4.205513000E-2
1.715921457E1,-5.034524202E-2,1.855409145E-2,3.487491608E-2
1.716721060E1,-3.368937969E-2,-3.078460693E-3,4.204273224E-2
1.717520601E1,-4.354846478E-2,1.127535105E-2,4.440784454E-2
1.718320165E1,-3.679549694E-2,-6.386637688E-4,1.324367523E-2
1.719119798E1,-4.924792051E-2,2.574148774E-2,2.995586395E-2
1.719922354E1,-2.343302965E-2,1.909077168E-3,2.272796631E-2
1.720721680E1,-1.190358400E-2,1.957833767E-3,4.184055328E-2
1.721521405E1,-4.892170429E-3,1.927018166E-3,3.703308105E-2
1.722321039E1,2.365082502E-2,-5.371570587E-4,2.982807159E-2
1.723120680E1,1.648473740E-2,-7.034242153E-4,4.418563843E-2
1.723920182E1,9.696543217E-3,2.063179016E-2,4.182052612E-2
1.724719661E1,-1.836425066E-2,6.070733070E-3,3.948307037E-2
1.725522349E1,-8.143424988E-3,5.909562111E-3,3.714561462E-2
1.726321859E1,-2.668517828E-2,1.059901714E-2,3.959465027E-2
1.727121546E1,-5.964112282E-2,1.291576028E-2,3.007125854E-2
1.727921033E1,-4.732710123E-2,9.705722332E-4,2.531719208E-2
1.728720535E1,-4.962456226E-2,1.029133797E-3,1.096534729E-2
1.729520115E1,-5.682379007E-2,5.843877792E-3,3.011798859E-2
1.730319709E1,-4.030311108E-2,5.918174982E-3,1.333904266E-2
1.731122489E1,-2.146452665E-2,8.301556110E-3,2.048969269E-2
1.731921899E1,-1.944398880E-2,-1.557666063E-2,1.566696167E-2
1.732721440E1,-7.773399353E-3,-1.312965155E-2,3.958225250E-2
1.733521042E1,-6.762146950E-4,-3.611326218E-3,2.041721344E-2
1.734320560E1,-1.027625799E-2,1.549127698E-2,3.238296509E-2
1.735120247E1,-3.037393093E-3,1.543816924E-2,5.153942108E-2
1.735919734E1,-2.446448803E-2,9.893178940E-4,4.915237427E-2
1.736722260E1,-4.111903906E-2,2.963957191E-2,3.000640869E-2
1.737521916E1,-4.106235504E-2,8.071511984E-3,4.437541962E-2
1.738321403E1,-1.709419489E-2,8.099585772E-3,3.001499176E-2
1.739121098E1,-1.474046707E-2,1.283439994E-2,1.564216614E-2
1.739920578E1,-1.479381323E-2,-3.953397274E-3,3.479003906E-2
1.740720111E1,-3.160798550E-2,1.513618231E-2,2.759838104E-2
1.741519752E1,-5.085492134E-2,1.741307974E-2,2.518844604E-2
1.742322331E1,-3.667175770E-2,6.422996521E-4,1.559257507E-2
1.743122057E1,-2.969008684E-2,2.217811346E-2,3.472614288E-2
1.743921444E1,-2.760666609E-2,1.028883457E-2,3.709411621E-2
1.744720954E1,-2.798593044E-2,1.990738511E-2,4.663467407E-2
1.745520587E1,-1.402449608E-2,7.987558842E-3,4.420185089E-2
1.746320166E1,2.424955368E-3,-1.591640711E-2,5.375003815E-2
1.747119761E1,-9.717404842E-3,3.131508827E-3,5.133342743E-2
1.747922348E1,1.420885324E-2,1.014107466E-2,3.695774078E-2
1.748721835E1,1.432919502E-2,-1.924782991E-3,3.935909271E-2
1.749521492E1,-9.387075901E-3,1.488214731E-2,2.023029327E-2
1.750321002E1,-3.300422430E-2,9.961724281E-3,2.983283997E-2
1.751120666E1,-2.549391985E-2,1.234355569E-2,3.225994110E-2
1.751920184E1,-3.724008799E-2,2.669972181E-2,1.791667938E-2
1.752719602E1,-2.509850264E-2,1.710933447E-2,2.990341187E-2
1.753522281E1,-3.940892220E-2,2.768635750E-3,2.272796631E-2
1.754321914E1,-2.033209801E-2,1.720055938E-2,3.469467163E-2
1.755121509E1,-2.040845156E-2,1.717945933E-2,5.144596100E-2
1.755920996E1,-1.093828678E-2,7.568031549E-3,4.424953461E-2
1.756720568E1,-3.258144855E-2,2.694398165E-3,4.184246063E-2
1.757520163E1,-2.083891630E-2,9.697318077E-3,5.378150940E-2
1.758319680E1,-2.340823412E-2,1.430338621E-2,3.460121155E-2
1.759122391E1,-1.649880409E-2,2.378576994E-2,3.696346283E-2
1.759921839E1,-3.594923019E-2,1.421046257E-2,2.735710144E-2
1.760721372E1,-3.627282381E-2,1.180958748E-2,3.450679779E-2
1.761520952E1,-1.757013798E-2,2.375811338E-2,2.488422394E-2
1.762320554E1,-2.038240433E-2,1.904490590E-2,2.005767822E-2
1.763120272E1,-1.128351688E-2,9.552001953E-3,1.283168793E-2
1.763919690E1,-4.584074020E-3,-2.418130636E-3,2.954292297E-2
1.764722254E1,1.411193609E-2,-2.324968576E-3,3.668498993E-2
1.765521941E1,-7.735371590E-3,4.782080650E-3,6.777667999E-2
1.766321428E1,-3.078341484E-3,-1.215499640E-2,4.620552063E-2
1.767121115E1,-2.220815420E-2,-2.624422312E-3,5.338859558E-2
1.767920564E1,-2.220362425E-2,2.109140158E-3,3.183937073E-2
1.768720020E1,-2.934920788E-2,1.651996374E-2,3.663349152E-2
1.769519677E1,-3.654801846E-2,1.902636886E-2,4.381942749E-2
1.770322294E1,-5.533754826E-3,3.112995625E-2,3.663349152E-2
1.771121997E1,-7.624030113E-4,9.719491005E-3,4.382038116E-2
1.771921353E1,1.565754414E-3,7.449120283E-3,3.424358368E-2
1.772720886E1,1.708924770E-3,2.659806609E-2,2.468013763E-2
1.773520527E1,1.392394304E-2,2.039372921E-4,2.470207214E-2
1.774320191E1,-1.906639338E-2,7.196277380E-3,2.474498749E-2
1.775119794E1,-2.562069893E-2,2.850309014E-2,1.521778107E-2
1.775922312E1,-4.655653238E-2,2.594146132E-2,4.639530182E-2
1.776721737E1,-8.680504560E-2,6.583005190E-3,2.727699280E-2
1.777521424E1,-7.687884569E-2,-5.506962538E-3,3.209400177E-2
1.778320965E1,-7.678854465E-2,6.369233131E-3,2.491474152E-2
1.779120575E1,-5.775880814E-2,-8.077502251E-3,3.447628021E-2
1.779920086E1,-3.898131847E-2,-3.376185894E-3,4.161643982E-2
1.780719596E1,-3.232800961E-2,1.582711935E-2,4.396057129E-2
1.781522237E1,-1.780152321E-3,-5.656421185E-3,4.869461060E-2
1.782321908E1,9.554862976E-3,1.359334588E-2,3.666496277E-2
1.783121449E1,4.290938377E-3,-7.837653160E-3,4.141235352E-2
1.783921013E1,1.123696566E-2,2.335608006E-2,3.181552887E-2
1.784720470E1,1.858997345E-2,-5.292236805E-3,3.423023224E-2
1.785520072E1,4.606664181E-3,4.330277443E-3,7.018375397E-2
1.786319698E1,-2.596056461E-2,-1.965284348E-2,6.305503845E-2
1.787122346E1,-2.049988508E-2,4.223644733E-3,3.678226471E-2
1.787921887E1,-3.658664227E-2,4.043161869E-3,4.162883759E-2
1.788721397E1,-3.594982624E-2,-1.520857215E-2,2.492713928E-2
1.789521061E1,-4.021000862E-2,1.374363899E-3,2.018260956E-2
1.790320487E1,-3.756457567E-2,2.521803975E-2,1.062583923E-2
1.791120143E1,-1.353716850E-2,2.754577994E-2,1.541996002E-2
1.791919622E1,8.291065693E-3,1.314884424E-2,2.502250671E-2
1.792722186E1,1.811140776E-2,2.757266164E-2,3.223323822E-2
1.793521781E1,-3.658819199E-2,2.038177848E-2,3.705787659E-2
1.794321445E1,-3.148561716E-2,8.349388838E-3,5.623912811E-2
1.795121025E1,-5.528974533E-2,-8.494794369E-3,4.906558990E-2
1.795920496E1,-3.866052628E-2,1.052179933E-2,5.383491516E-2
1.796720037E1,-2.459037304E-2,-2.064982057E-2,2.986049652E-2
1.797522748E1,-2.981531620E-2,-6.289511919E-3,2.023983002E-2
1.798322265E1,-6.286919117E-3,-1.353392005E-2,2.019500732E-2
1.799121922E1,7.808327675E-3,3.142237663E-3,2.495193481E-2
1.799921340E1,1.019597054E-2,1.028954983E-2,8.191108704E-3
1.800720857E1,-6.472647190E-3,-6.432324648E-3,2.256679535E-2
1.801520460E1,-2.318704128E-2,5.574643612E-3,5.369758606E-2
1.802320032E1,-2.063935995E-2,-1.688599586E-3,5.610370636E-2
1.803119726E1,-3.482288122E-2,2.706059813E-2,3.936290741E-2
1.803922190E1,-8.353114128E-3,7.879197598E-3,4.655838013E-2
1.804721724E1,-3.205221891E-2,2.214929461E-2,3.939437866E-2
1.805521364E1,-4.380357265E-2,7.715165615E-3,4.898929596E-2
1.806320959E1,-4.142963886E-2,2.681246400E-2,4.180240631E-2
1.807120600E1,-3.198850155E-2,1.723080873E-2,2.981758118E-2
1.807920049E1,-3.231775761E-2,-1.892775297E-3,1.781463623E-2
1.808722328E1,-1.593053341E-2,1.979747415E-2,1.778507233E-2
1.809522231E1,-2.575469017E-2,6.478726864E-4,2.015495300E-2
1.810321718E1,-1.875877380E-2,5.389094353E-3,1.295185089E-2
1.811121497E1,-1.655650139E-2,5.375266075E-3,3.926753998E-2
1.811920915E1,-2.153533697E-2,-4.288733006E-3,3.924369812E-2
1.812720517E1,-1.436972618E-2,9.984791279E-3,2.966022491E-2
1.813520058E1,2.432703972E-3,1.949605346E-2,3.923892975E-2
1.814319638E1,-1.890671253E-2,7.454246283E-3,4.404449463E-2
1.815122340E1,-1.841485500E-3,9.822696447E-3,5.365085602E-2
1.815921881E1,-1.352065802E-2,-2.120852470E-3,5.128669739E-2
1.816721153E1,-2.747577429E-2,2.627581358E-3,4.414367676E-2
1.817520963E1,-3.431272507E-2,1.695239544E-2,3.938674927E-2
1.818320473E1,-3.638690710E-2,2.175351977E-2,3.702640533E-2
1.819120199E1,-2.659529448E-2,1.695370674E-2,1.071071625E-2
1.819922601E1,-4.810041189E-2,4.993021488E-3,2.747535706E-2
1.821521814E1,-2.889496088E-2,1.215308905E-2,2.987289429E-2
1.822321316E1,-1.219958067E-2,-2.204626799E-3,3.944301605E-2
1.823121080E1,-5.128800869E-3,1.769363880E-4,4.900836945E-2
1.823920460E1,-5.301952362E-3,4.921734333E-3,4.659557343E-2
1.824719978E1,-5.439460278E-3,1.200914383E-2,3.460502625E-2
1.825522680E1,-5.481123924E-3,1.425147057E-2,5.614089966E-2
1.826322221E1,-6.265640259E-4,1.892426610E-2,4.177665710E-2
1.827121823E1,-1.237577200E-2,1.650589705E-2,3.461456299E-2
1.827921334E1,-1.704949141E-2,-5.060791969E-3,4.180812836E-2
1.828720844E1,-7.369041443E-3,9.394615889E-3,3.224658966E-2
1.829520454E1,-4.561364651E-2,2.097398043E-3,2.266979218E-2
1.830320018E1,-3.116625547E-2,1.405486465E-2,2.986049652E-2
1.831122674E1,-2.646499872E-2,-5.154013634E-3,3.463649750E-2
1.831922207E1,-2.172040939E-2,-1.005953550E-2,2.505016327E-2
1.832721387E1,-2.179622650E-2,1.383781433E-2,1.785755157E-2
1.833521351E1,-3.373771906E-2,-5.946755409E-4,2.503967285E-2
1.834320869E1,-3.120183945E-2,1.850566268E-2,2.026271820E-2
1.835120556E1,-1.667433977E-2,2.325078845E-2,2.506542206E-2
1.835919974E1,-2.383005619E-2,-5.927681923E-4,3.943824768E-2
1.836722599E1,-3.588545322E-2,1.628842950E-2,4.901218414E-2
1.837522263E1,-4.560679197E-2,-1.219764352E-2,5.140495300E-2
1.838321796E1,-1.960909367E-2,-7.236808538E-3,4.898452759E-2
1.839121406E1,-1.521021128E-2,7.136046886E-3,3.697586060E-2
1.839920886E1,-3.609657288E-3,1.666074991E-2,3.933048248E-2
1.840720365E1,-2.062785625E-2,9.373962879E-3,2.254009247E-2
1.841519998E1,3.313481808E-3,-2.579778433E-3,2.254104614E-2
1.842322609E1,-1.424252987E-3,1.651617885E-2,2.733135223E-2
1.843122365E1,-8.355915546E-3,3.086718917E-2,3.693199158E-2
1.843921729E1,-2.715498209E-2,2.359294891E-2,4.893398285E-2
1.844721262E1,-2.439773083E-2,-5.111634731E-3,4.418277740E-2
1.845520842E1,-3.376686573E-2,-2.748191357E-3,6.814479828E-2
1.846320444E1,-3.359210491E-2,6.824910641E-3,2.985477448E-2
1.847120131E1,-9.530842304E-3,2.358323336E-2,4.183769226E-2
1.847922595E1,-1.899677515E-2,6.841510534E-3,5.621528625E-2
1.848722082E1,-1.184058189E-2,-2.803385258E-3,4.663181305E-2
1.849521777E1,-3.099656105E-2,1.627466083E-2,4.662799835E-2
1.850321310E1,-1.891422272E-2,6.696939468E-3,4.424476624E-2
1.851120944E1,-1.638573408E-2,-7.717847824E-3,3.467845917E-2
1.851920461E1,-4.261416197E-2,1.147401333E-2,3.947925568E-2
1.852719941E1,-4.270440340E-2,-5.460381508E-4,2.989101410E-2
1.853522705E1,-4.994016886E-2,2.343270183E-2,4.185962677E-2
1.854120776E1,-4.784512520E-2,-2.893894911E-3,4.422378540E-2
1.854322192E1,-4.784512520E-2,9.077101946E-3,2.507019043E-2
1.855121825E1,-3.156447411E-2,1.622939110E-2,3.220367432E-2
1.855921235E1,-2.253097296E-2,2.811688185E-2,5.808830261E-3
1.856720815E1,-1.639962196E-3,3.288489580E-2,1.053047180E-2
1.857520356E1,2.449154854E-3,-5.378574133E-3,2.003955841E-2
1.858319989E1,1.142865419E-2,-1.011633873E-2,2.716541290E-2
1.859122753E1,6.277024746E-3,-1.006606221E-2,4.628562927E-2
1.859922201E1,-1.134693623E-3,-1.716434956E-2,5.344867706E-2
1.860721681E1,-3.232812881E-2,-2.784937620E-3,7.020378113E-2
1.861521260E1,-3.455913067E-2,6.834238768E-3,4.867267609E-2
1.862320832E1,-1.779663563E-2,1.173073053E-2,6.064987183E-2
1.863120527E1,-1.303786039E-2,1.670241356E-2,5.347347260E-2
1.863919968E1,-2.038776875E-2,4.878222942E-3,2.473354340E-2
1.864722585E1,5.904257298E-3,1.452031732E-2,2.473258972E-2
1.865522157E1,2.990490198E-2,2.417248487E-2,7.983207703E-3
1.866321706E1,1.470148563E-3,2.661520243E-2,2.477455139E-2
1.867121400E1,1.994967461E-3,9.836524725E-3,2.003669739E-2
1.867920811E1,-2.851110697E-2,1.937332749E-2,1.770305634E-2
1.868720421E1,-3.028583527E-2,2.488046885E-3,4.648971558E-2
1.869523062E1,-6.101065874E-2,1.434347034E-2,5.370521545E-2
1.870322634E1,-7.760280371E-2,-1.204136014E-2,4.414272308E-2
1.871122274E1,-6.811749935E-2,9.456127882E-3,5.370807648E-2
1.871921723E1,-5.881661177E-2,-4.953563213E-3,3.931236267E-2
1.872721233E1,-4.256761074E-2,-9.808778763E-3,4.165267944E-2
1.873520859E1,-7.380664349E-3,1.419627666E-2,2.482414246E-2
1.874320346E1,-3.432750702E-3,4.601478577E-3,1.516246796E-2
1.875120125E1,7.806718349E-3,-4.634261131E-5,4.622173309E-2
1.875922559E1,9.655952454E-5,-2.303779125E-3,2.941703796E-2
1.876722007E1,7.154405117E-3,9.880602360E-3,4.378032684E-2
1.877521710E1,1.923614740E-2,1.000401378E-2,4.619216919E-2
1.878321274E1,2.792000771E-3,7.655978203E-3,6.298542023E-2
1.879120938E1,-2.550232410E-2,1.010364294E-2,4.866600037E-2
1.879920386E1,-4.900199175E-2,-9.129643440E-3,5.828189850E-2
1.880719904E1,-2.238863707E-2,-1.870998740E-2,5.112743378E-2
1.881522553E1,-2.208065987E-2,-1.384037733E-2,4.876804352E-2
1.882322124E1,-2.431577444E-2,-8.971601725E-3,3.442287445E-2
1.883121781E1,-1.463991404E-2,6.377398968E-4,2.246379852E-2
1.883921329E1,-7.457017899E-3,1.514866948E-2,1.289367676E-2
1.884720778E1,-5.030691624E-3,1.995611191E-2,1.768684387E-2
1.885520350E1,1.661223173E-2,1.522642374E-2,2.009296417E-2
1.886319983E1,-9.546875954E-3,8.101910353E-3,3.687381744E-2
1.887122662E1,-1.635783911E-2,2.728542686E-2,4.170036316E-2
1.887922103E1,-3.991192579E-2,1.296696067E-2,4.652976990E-2
1.888721590E1,-6.360197067E-2,1.768958569E-2,4.176330566E-2
1.889521254E1,-5.395752192E-2,-1.817664504E-2,5.853080750E-2
1.890320795E1,-4.920685291E-2,1.056322455E-2,5.852794647E-2
1.891120521E1,-1.113384962E-2,-6.193339825E-3,4.174518585E-2
1.891919908E1,-2.818959951E-2,-1.382321119E-3,2.735233307E-2
1.893522213E1,-2.147316933E-3,1.067653298E-2,1.775074005E-2
1.894321692E1,-1.175993681E-2,1.800107956E-2,1.296615601E-2
1.895121418E1,-2.839106321E-2,1.571887732E-2,1.777267456E-2
1.895920866E1,-1.629644632E-2,3.880560398E-3,2.018547058E-2
1.896720323E1,-3.043258190E-2,-1.276689768E-2,5.133914948E-2
1.897519956E1,-2.296561003E-2,1.610174775E-2,5.855655670E-2
1.898322512E1,-3.477603197E-2,8.958280087E-3,5.139255524E-2
1.899122207E1,-5.842059851E-2,1.134461164E-2,5.142211914E-2
1.899921686E1,-4.859310389E-2,2.092307806E-2,5.862903595E-2
1.900721196E1,-2.694797516E-2,4.165768623E-3,3.230285645E-2
1.901520853E1,-4.375189543E-2,1.857236028E-2,4.666614532E-2
1.902320332E1,-5.577129126E-2,1.143014431E-2,2.990341187E-2
1.903120088E1,-2.964693308E-2,-4.645287991E-4,2.749252319E-2
1.903922583E1,-1.555675268E-2,1.391306520E-2,2.507114410E-2
1.904721786E1,-8.655250072E-3,2.115005255E-2,2.504539490E-2
1.905521665E1,-1.125538349E-2,1.392334700E-2,3.220558167E-2
1.906321214E1,5.369782448E-3,-4.509091377E-4,3.698062897E-2
1.907120939E1,1.039713621E-2,6.627649069E-3,4.178714752E-2
1.907920349E1,1.316499710E-2,4.092961550E-3,2.745246887E-2
1.908722944E1,-1.025551558E-2,1.116165519E-2,4.665184021E-2
1.909522516E1,-3.122740984E-2,1.339045167E-2,4.909515381E-2
1.910322111E1,-4.733943939E-2,2.296784520E-2,5.873680115E-2
1.911121844E1,-5.155259371E-2,8.598029613E-3,4.921722412E-2
1.911921254E1,-6.300723553E-2,1.336225867E-2,4.687404633E-2
1.912720703E1,-3.873652220E-2,8.559793234E-3,2.535820007E-2
1.913520336E1,-3.846609592E-2,3.646135330E-3,2.298450470E-2
1.914322931E1,-1.205152273E-2,5.984872580E-3,6.230354309E-3
1.915122587E1,-4.834771156E-3,6.097257137E-3,2.778720856E-2
1.915922190E1,-4.952430725E-3,1.566159725E-2,1.341056824E-2
1.916721615E1,-3.126442432E-2,6.159484386E-3,3.735828400E-2
1.917520940E1,-2.647501230E-2,-8.093833923E-3,3.975772858E-2
1.918320843E1,-1.459127665E-2,3.917992115E-3,5.650997162E-2
1.919120415E1,-2.186673880E-2,1.571893692E-3,6.129264832E-2
1.919721586E1,-1.961594820E-2,-7.598698139E-4,5.888557434E-2
1.919922979E1,-5.250751972E-3,-7.598698139E-4,6.367492676E-2
1.920722427E1,-1.497030258E-2,4.047483206E-3,3.493118286E-2
1.921522145E1,1.116365194E-2,4.105895758E-3,3.491401672E-2
1.922321632E1,3.842055798E-3,9.127914906E-3,4.927730560E-2
1.923121289E1,-1.541537046E-2,9.190022945E-3,3.729915619E-2
1.923920799E1,-1.554322243E-2,-1.697844267E-2,2.053451538E-2
1.924720317E1,-1.313632727E-2,7.040709257E-3,2.532863617E-2
1.925522988E1,-1.545041800E-2,-2.440214157E-3,3.970623016E-2
1.926322568E1,-3.460943699E-2,-1.672324538E-2,3.252792358E-2
1.927122224E1,-2.022850513E-2,1.197603345E-2,3.013324738E-2
1.927921619E1,-2.500748634E-2,1.438537240E-2,3.492355347E-2
1.928721121E1,-3.697568178E-2,7.192730904E-3,3.971195221E-2
1.929520754E1,-3.456223011E-2,1.203337312E-2,4.450511932E-2
1.930320395E1,-3.945505619E-2,9.724110365E-3,4.689311981E-2
1.931123098E1,-3.714203835E-2,1.705092192E-2,5.646991730E-2
1.931922523E1,-1.338940859E-2,3.877878189E-4,3.969478607E-2
1.932722095E1,3.135502338E-3,5.276709795E-3,2.052307129E-2
1.933521628E1,5.916953087E-4,-4.270315170E-3,4.445171356E-2
1.934321138E1,-2.818387747E-2,-1.132485271E-2,3.248310089E-2
1.935120833E1,-1.755058765E-3,1.028302312E-2,2.291870117E-2
1.935920290E1,3.226399422E-3,1.515007019E-2,3.970050812E-2
1.936722877E1,-1.316487789E-2,2.955192327E-2,2.776908875E-2
1.937522602E1,-1.516890526E-2,5.565613508E-3,4.695892334E-2
1.938322012E1,-4.347705841E-2,1.507470012E-2,3.023910522E-2
1.939121738E1,-4.070287943E-2,1.026302576E-2,4.942989349E-2
1.939921163E1,-3.565758467E-2,1.027998328E-2,5.663871765E-2
1.940720697E1,-4.981434345E-2,7.392168045E-4,3.990173340E-2
1.941523376E1,-3.303217888E-2,-8.775264025E-3,3.511905670E-2
1.942322917E1,-1.159524918E-2,8.024215698E-3,4.708194733E-2
1.943122496E1,-2.854132652E-2,2.475541830E-2,2.551269531E-2
1.943922068E1,-1.662254333E-2,2.721762657E-2,3.029918671E-2
1.944721570E1,-1.902782917E-2,2.002942562E-2,1.832771301E-2
1.945521212E1,-2.861201763E-2,1.289010048E-2,4.227066040E-2
1.946320783E1,-3.342163563E-2,1.301017404E-2,3.030395508E-2
1.947120416E1,-4.560488462E-2,1.311147213E-2,5.183601379E-2
1.947922942E1,-4.584330320E-2,-5.994588137E-3,3.984260559E-2
1.948722421E1,-4.142796993E-2,-1.175761223E-3,4.699039459E-2
1.949522108E1,-6.010115147E-3,1.795402169E-2,3.017997742E-2
1.950321588E1,-1.372689009E-2,1.080688834E-2,2.534008026E-2
1.951121252E1,-1.908051968E-2,1.384943724E-3,1.571369171E-2
1.951920708E1,2.013146877E-3,6.262719631E-3,1.806735992E-2
1.952720241E1,-3.030896187E-3,-1.523503661E-2,3.959178925E-2
1.953522952E1,-5.386650562E-3,1.624286175E-3,4.199600220E-2
1.954322492E1,4.314839840E-3,-1.032724977E-2,5.876827240E-2
1.955122218E1,-3.625333309E-2,8.927792311E-3,4.920959473E-2
1.955921605E1,-5.285418034E-2,1.851209998E-2,6.598567963E-2
1.956721123E1,-4.784023762E-2,1.619899273E-2,3.728199005E-2
1.957520718E1,-1.909571886E-2,1.156058908E-2,5.165576935E-2
1.958320320E1,-1.444935799E-2,2.609974146E-2,2.770900726E-2
1.959122976E1,-2.889633179E-4,2.383127809E-2,2.290725708E-2
1.959922487E1,2.591270208E-2,4.073569179E-2,3.008270264E-2
1.960721720E1,4.432559013E-3,1.683437824E-2,1.572608948E-2
1.961521561E1,1.191598177E-2,1.925480366E-2,3.251743317E-2
1.962321194E1,3.465414047E-4,2.168154716E-2,3.016471863E-2
1.963120889E1,-3.271442652E-2,4.836767912E-3,3.020668030E-2
1.963920307E1,-2.520531416E-2,-2.410680056E-3,4.699516296E-2
1.964722863E1,-6.319540739E-2,9.493499994E-3,3.265857697E-2
1.965522466E1,-4.642903805E-2,9.372174740E-3,4.462337494E-2
1.966322006E1,-3.942787647E-2,-1.237756014E-2,4.459476471E-2
1.967121670E1,-5.169183016E-2,2.346149087E-2,2.301502228E-2
1.967921150E1,-2.807223797E-2,1.141402125E-2,2.776718140E-2
1.968720637E1,-1.419991255E-2,-7.713735104E-3,3.011322021E-2
1.969520293E1,-2.427482605E-2,6.632685661E-3,3.485012054E-2
1.970322950E1,-7.846474648E-3,1.862102747E-2,2.284717560E-2
1.971122614E1,2.297419310E-2,9.103089571E-3,4.915523529E-2
1.971922024E1,-3.483116627E-3,-2.723276615E-3,4.196929932E-2
1.972721542E1,3.824472427E-3,-2.604722977E-3,3.959274292E-2
1.973521083E1,-3.132104874E-3,-7.377177477E-3,5.398082733E-2
1.974320685E1,-1.236122847E-2,-9.788453579E-3,5.401515961E-2
1.975120380E1,-2.149415016E-2,-2.636462450E-3,4.926967621E-2
1.975922905E1,-3.069728613E-2,9.270548820E-3,5.409240723E-2
1.976722100E1,-2.087748051E-2,1.876074076E-2,2.059364319E-2
1.977522018E1,-3.516256809E-2,2.112892270E-2,2.299499512E-2
1.978321551E1,-2.800530195E-2,1.868194342E-2,1.820182800E-2
1.979121338E1,-1.644790173E-3,1.626223326E-2,1.580810547E-2
1.979920733E1,-3.809869289E-3,1.384866238E-2,2.540683746E-2
1.980720235E1,-1.558405161E-2,2.099868655E-2,2.303123474E-2
1.981522946E1,-3.451460600E-2,2.574563026E-2,3.981018066E-2
1.982322486E1,-3.675287962E-2,6.451755762E-3,5.179023743E-2
1.983122151E1,-6.061840057E-2,-3.183808923E-2,4.701042175E-2
1.983921568E1,-2.735751867E-2,1.124820113E-2,3.501224518E-2
1.984721086E1,-3.238517046E-2,-3.245413303E-3,3.977012634E-2
1.985520781E1,-1.594495773E-2,-8.558332920E-4,4.213237762E-2
1.986320260E1,1.241242886E-2,3.914266825E-3,2.054595947E-2
1.987123001E1,5.026519299E-3,3.857254982E-3,1.094627380E-2
1.987922481E1,2.631068230E-3,2.299898863E-2,4.207038879E-2
1.988721960E1,-2.062618732E-3,1.340463758E-2,2.771377563E-2
1.989521278E1,-1.610285044E-2,8.531868458E-3,4.928970337E-2
1.990321126E1,-2.771240473E-2,1.812118292E-2,4.693222046E-2
1.991120821E1,-3.219157457E-2,1.807978749E-2,5.174922943E-2
1.991920209E1,-4.154163599E-2,1.804330945E-2,5.416393280E-2
1.992722765E1,-4.862380028E-2,1.559159160E-2,4.220104218E-2
1.993522467E1,-3.430145979E-2,8.391916752E-3,4.698371887E-2
1.994322062E1,-4.407298565E-2,3.602415323E-3,5.654144287E-2
1.995121641E1,-3.731805086E-2,8.375793695E-3,3.734493256E-2
1.995921121E1,-3.063863516E-2,1.200526953E-3,5.405235291E-2
1.996720623E1,-1.449513435E-2,2.033865452E-2,4.201984406E-2
1.997523303E1,6.384909153E-3,-1.267880201E-3,3.716182709E-2
1.998322874E1,1.306724548E-2,1.066488028E-2,3.711032867E-2
1.999122600E1,-3.900825977E-3,3.426849842E-3,4.666328430E-2
1.999922018E1,1.051992178E-2,2.012479305E-2,3.708934784E-2
2.000721474E1,-1.139402390E-3,2.952566743E-2,4.668807983E-2
2.001521038E1,6.502926350E-3,6.076395512E-4,3.714656830E-2
2.002320671E1,-2.164965868E-2,1.961529255E-2,4.198646545E-2
2.003120335E1,-4.493594170E-2,3.386417031E-2,3.486251831E-2
2.003922807E1,-5.870991945E-2,1.216918230E-2,5.646228790E-2
2.004722317E1,-3.909826279E-2,4.944771528E-3,4.932308197E-2
2.005522043E1,-7.720190287E-2,1.210227609E-2,3.497695923E-2
2.006321584E1,-5.090868473E-2,7.221400738E-3,4.693984985E-2
2.007121209E1,-3.196191788E-2,-1.151859760E-4,3.493976593E-2
2.007920635E1,-4.175227880E-2,-9.786963463E-3,3.252029419E-2
2.008720145E1,5.820512772E-3,-1.700621843E-2,3.009223938E-2
2.009522886E1,-1.614809036E-3,1.643222570E-2,1.090908051E-2
2.010322388E1,-6.590783596E-3,-5.138516426E-3,2.046585083E-2
2.011122114E1,1.486438513E-2,-2.733170986E-3,3.482246399E-2
2.011921532E1,-6.716907024E-3,4.417598248E-3,3.002929688E-2
2.012721103E1,5.405485630E-3,9.243696928E-3,5.159473419E-2
2.013520706E1,-6.407082081E-3,9.161174297E-3,5.399990082E-2
2.014320247E1,-1.581722498E-2,1.628804207E-2,5.162048340E-2
2.014921395E1,-2.042561769E-2,4.310190678E-3,5.642604828E-2
2.015122995E1,-3.239661455E-2,4.310190678E-3,4.445457458E-2
2.015922413E1,-3.701484203E-2,-5.315780640E-3,5.883407593E-2
2.016721885E1,-2.502977848E-2,4.072219133E-3,3.248977661E-2
2.017521526E1,-4.428672791E-2,2.315238118E-2,2.529335022E-2
2.018321098E1,-4.453796148E-2,3.494238853E-2,2.286434174E-2
2.019120792E1,-2.794879675E-2,1.571947336E-2,1.566123962E-2
2.019923279E1,-3.781139851E-2,3.783822060E-3,3.239440918E-2
2.020722766E1,-1.671528816E-2,-8.053243160E-3,3.953742981E-2
2.021522430E1,-3.148472309E-2,-3.184109926E-3,5.147361755E-2
2.022321994E1,2.320730686E-2,-7.121562958E-4,4.904460907E-2
2.023121566E1,-3.156721592E-3,1.667320728E-3,5.861854553E-2
2.023921084E1,1.769542694E-3,3.950208426E-3,5.862617493E-2
2.024720617E1,1.641976833E-2,3.830850124E-3,5.864906311E-2
2.025523274E1,-9.529471397E-3,1.093018055E-2,3.952980042E-2
2.026322838E1,-3.298497200E-2,1.090461016E-2,2.999973297E-2
2.027122509E1,-2.532231808E-2,1.804742217E-2,3.244113922E-2
2.027921981E1,-4.893863201E-2,1.078847051E-2,3.725814819E-2
2.028721437E1,-2.945613861E-2,8.488237858E-3,3.011322021E-2
2.029521155E1,-3.404480219E-2,1.329928637E-3,5.168247223E-2
2.030320604E1,-4.105341434E-2,-8.286744356E-3,3.493785858E-2
2.031123291E1,-2.663087845E-2,-1.551485062E-2,3.733634949E-2
2.031922793E1,-1.458090544E-2,5.958616734E-3,4.931068420E-2
2.032722304E1,-2.885812521E-2,8.317053318E-3,3.255844116E-2
2.033522006E1,-4.080075026E-2,8.292496204E-3,4.213714600E-2
2.034321539E1,-3.127855062E-2,1.109421253E-3,4.452514648E-2
2.035121242E1,-6.262421608E-2,5.901098251E-3,4.689884186E-2
2.035920652E1,-2.955162525E-2,-8.316040039E-3,3.010082245E-2
2.037522788E1,-2.344781160E-2,1.822438836E-2,2.521514893E-2
2.038322382E1,-1.316070557E-4,3.984898329E-3,3.234195709E-2
2.039121962E1,3.936111927E-3,-5.590796471E-3,3.226947784E-2
2.039921564E1,5.795955658E-3,-1.759365201E-2,3.221511841E-2
2.040720951E1,6.873011589E-4,-2.240902185E-2,3.936386108E-2
2.041520585E1,3.013551235E-3,-3.381490707E-3,5.371570587E-2
2.042323264E1,-3.765714169E-2,6.100654602E-3,4.653167725E-2
2.043122897E1,-3.990924358E-2,-3.443032503E-3,5.612468719E-2
2.043922338E1,-4.944014549E-2,-9.550452232E-4,6.092262268E-2
2.044721879E1,-2.802008390E-2,-5.629628897E-3,4.176139832E-2
2.045521551E1,-4.027920961E-2,2.085956931E-2,4.892253876E-2
2.046321053E1,-1.188403368E-2,6.642848253E-3,4.650306702E-2
2.047120686E1,-1.224088669E-2,1.635336876E-2,2.732086182E-2
2.047923243E1,3.279328346E-2,1.400747895E-2,3.924846649E-2
2.048722514E1,1.818168163E-2,6.864309311E-3,3.443813324E-2
2.049522355E1,1.350492239E-2,2.360054851E-2,5.120754242E-2
2.050321927E1,4.233241081E-3,1.638072729E-2,2.489948273E-2
2.051121630E1,-3.355097771E-2,-5.250334740E-3,4.170703888E-2
2.051921101E1,-4.032248259E-2,4.191488028E-3,5.610561371E-2
2.052720580E1,-7.819807529E-2,4.046857357E-3,4.656505585E-2
2.053523229E1,-3.973776102E-2,1.438438892E-3,4.896354675E-2
2.054322739E1,-5.413740873E-2,1.094013453E-2,2.980232239E-2
2.055122496E1,-4.711222649E-2,1.352518797E-3,2.020931244E-2
2.055921890E1,-3.544342518E-2,8.588582277E-3,3.215312958E-2
2.056721424E1,-5.026096106E-2,1.096698642E-2,3.689575195E-2
2.057521057E1,-1.953363419E-2,8.638143539E-3,3.925323486E-2
2.058320667E1,-5.455493927E-3,8.651942015E-3,3.683185577E-2
2.059123308E1,3.871917725E-3,8.620679379E-3,4.398727417E-2
2.059922787E1,2.299714088E-2,8.708029985E-3,5.117225647E-2
2.060722274E1,-3.139972687E-3,3.883659840E-3,4.879570007E-2
2.061521908E1,-1.001185179E-2,1.819929481E-2,5.840110779E-2
2.062321533E1,-1.214796305E-2,-1.000374556E-3,7.039546967E-2
2.063121136E1,-1.901650429E-2,6.166994572E-3,3.690719604E-2
2.063920592E1,-3.783875704E-2,-1.068267226E-2,4.411792755E-2
2.064723141E1,-4.243874550E-2,1.317343116E-2,4.413223267E-2
2.065522843E1,-2.324533463E-2,1.304352283E-2,4.173564911E-2
2.066322407E1,-1.595687866E-2,2.023476362E-2,2.498722076E-2
2.067121956E1,-1.444578171E-3,1.296445727E-2,1.781463623E-2
2.067921497E1,8.381426334E-3,1.524719596E-2,1.543998718E-2
2.068720999E1,1.596093178E-2,2.225491405E-2,2.983570099E-2
2.069520579E1,-7.557868958E-3,1.978963614E-2,4.902839661E-2
2.070323258E1,-3.827619553E-2,1.014035940E-2,3.948783875E-2
2.071122883E1,-4.535377026E-2,7.729858160E-3,5.865192413E-2
2.071922363E1,-4.793792963E-2,-1.928091049E-3,4.426288605E-2
2.072721850E1,-2.452236414E-2,-4.358261824E-3,5.378532410E-2
2.073521506E1,-2.999484539E-2,2.818346024E-3,4.174613953E-2
2.074321055E1,-4.329919815E-3,-1.958549023E-3,2.252674103E-2
2.075120657E1,2.371013165E-3,1.954749227E-2,1.529312134E-2
2.075923175E1,1.652604342E-2,9.892255068E-3,3.202819824E-2
2.076722778E1,1.404029131E-2,2.654418349E-2,3.440666199E-2
2.077522318E1,1.891958714E-2,4.330050945E-2,3.441619873E-2
2.078321829E1,-1.189976931E-2,1.502335072E-4,6.078052521E-2
2.079121562E1,-3.543579578E-2,1.689752936E-2,6.081962585E-2
2.079920972E1,-4.707521200E-2,3.597056866E-2,7.521438599E-2
2.080720490E1,-4.209607840E-2,1.193070412E-2,5.607509613E-2
2.081523254E1,-4.920488596E-2,-2.505451441E-3,5.607891083E-2
2.082322710E1,-6.135964394E-2,7.004916668E-3,5.366230011E-2
2.083122436E1,-5.443930626E-2,-2.165138721E-4,3.926849365E-2
2.083921908E1,-3.573411703E-2,-2.650350332E-3,3.204059601E-2
2.084721387E1,-1.798272133E-4,2.132883668E-2,2.961158752E-2
2.085520689E1,-5.502402782E-3,4.649132490E-3,2.477359772E-2
2.086320623E1,3.616571426E-3,-4.852950573E-3,1.755046844E-2
2.087123248E1,1.045447588E-2,2.314269543E-3,2.469635010E-2
2.087922751E1,1.043093204E-2,-4.928618670E-3,3.905773163E-2
2.088722230E1,2.744871378E-2,1.647400856E-2,5.822849274E-2
2.089521802E1,1.550436020E-3,1.156827807E-2,6.305599213E-2
2.090321443E1,-1.461195946E-2,1.384052634E-2,5.592632294E-2
2.091121107E1,-1.870894432E-2,1.365321875E-2,5.119800568E-2
2.091920578E1,-4.920053482E-2,3.923892975E-3,4.167556763E-2
2.092723112E1,-5.098438263E-2,2.059039474E-2,4.412651062E-2
2.093522776E1,-5.549544096E-2,6.223261356E-3,3.218364716E-2
2.094322317E1,-3.152453899E-2,2.542459965E-2,8.246421814E-3
2.095121980E1,-5.075615644E-2,-8.857250214E-4,2.021026611E-2
2.095921398E1,-2.462565899E-2,-1.283079386E-2,1.779747009E-2
2.096720962E1,-8.078396320E-3,6.338298321E-3,2.735424042E-2
2.097520626E1,-2.020710707E-2,1.586407423E-3,2.973365784E-2
2.098323213E1,-1.328235865E-2,3.937989473E-3,4.407119751E-2
2.099122816E1,-1.585292816E-2,-5.700439215E-3,4.883861542E-2
2.099922295E1,-1.127773523E-2,8.611649275E-3,5.599784851E-2
2.100721844E1,5.220174789E-4,-1.535415649E-2,6.076717377E-2
2.101521446E1,-1.621639729E-2,-5.725830793E-3,4.880046844E-2
2.102320949E1,-9.003102779E-3,-5.811423063E-3,3.922367096E-2
2.103120644E1,-1.361685991E-2,2.291896939E-2,4.642295837E-2
2.103923169E1,-3.871858120E-3,1.816794276E-2,2.968215942E-2
2.104722679E1,-4.926609993E-2,3.493386507E-2,2.490425110E-2
2.105522320E1,-5.637884140E-2,6.276845932E-3,1.773262024E-2
2.106321823E1,-4.214012623E-2,6.308645010E-3,3.687477112E-2
2.107121556E1,-3.031641245E-2,8.740484715E-3,3.207302094E-2
2.107920974E1,-4.497426748E-2,1.666903496E-3,4.162693024E-2
2.109523163E1,-1.434761286E-2,1.847800612E-2,3.439712524E-2
2.110322727E1,-1.928335428E-2,1.124009490E-2,3.437900543E-2
2.111122453E1,4.574239254E-3,-7.872879505E-4,4.155063629E-2
2.111723501E1,4.567384720E-3,1.834261417E-2,3.676033020E-2
2.111921902E1,1.174998283E-2,1.834261417E-2,4.154872894E-2
2.112721327E1,9.466171265E-3,1.118344069E-2,5.353164673E-2
2.113520983E1,-1.183336973E-2,1.593989134E-2,6.313323975E-2
2.114323571E1,-1.384687424E-2,1.353079081E-2,5.119800568E-2
2.115123358E1,-2.066516876E-2,2.065145969E-2,3.686714172E-2
2.115922745E1,-1.304513216E-2,1.528173685E-3,2.494049072E-2
2.116722201E1,-1.735293865E-2,-8.066684008E-3,3.935241699E-2
2.117521857E1,-4.078483582E-2,-8.940100670E-4,2.982616425E-2
2.118321460E1,-2.363449335E-2,2.772313356E-2,2.746582031E-2
2.119121101E1,-2.080267668E-2,2.268874645E-2,2.031421661E-2
2.119923588E1,-4.899317026E-2,1.298716664E-2,1.796817780E-2
2.120722852E1,-4.880583286E-2,1.062905788E-2,6.587314606E-2
2.121522670E1,-7.047992945E-2,1.318219304E-2,6.826305389E-2
2.122322280E1,-5.905526876E-2,3.652423620E-3,3.468990326E-2
2.123121913E1,-5.044531822E-2,-2.494224906E-2,2.263069153E-2
2.123921385E1,3.553450108E-3,-1.280391216E-2,1.774311066E-2
2.124720933E1,5.135595798E-3,2.784889936E-2,2.484226227E-2
2.125523636E1,-1.242071390E-2,1.580467820E-2,8.000373840E-3
2.126323123E1,-2.026528120E-2,1.112359762E-2,7.939338684E-3
2.127122810E1,-1.373457909E-2,1.365661621E-2,4.140090942E-2
2.127922259E1,5.316734314E-5,-1.731997728E-2,5.811023712E-2
2.128721776E1,-1.245075464E-2,-2.888560295E-3,5.087757111E-2
2.129521433E1,-1.028460264E-2,1.405373216E-2,5.804634094E-2
2.130320889E1,-2.957433462E-2,4.733592272E-3,6.283569336E-2
2.131123745E1,-1.283103228E-2,5.009144545E-3,7.481765747E-2
2.131923163E1,-1.759988070E-2,2.891302109E-3,5.807399750E-2
2.132722650E1,-2.240717411E-2,5.452275276E-3,3.413867950E-2
2.133522307E1,-3.463149071E-3,5.573332310E-3,2.694225311E-2
2.134321817E1,1.775985956E-2,1.051944494E-2,1.255226135E-2
2.135121488E1,1.278990507E-2,2.010041475E-2,1.013946533E-2
2.135920929E1,2.020913363E-2,8.070826530E-3,-1.378154755E-2
2.136723516E1,-3.177165985E-3,1.527419686E-2,5.428314209E-3
2.137523157E1,-2.628248930E-2,2.244019508E-2,4.381847382E-2
2.138322637E1,-3.031051159E-2,1.282986999E-2,6.065177917E-2
2.139122355E1,-7.536846399E-2,1.520061493E-2,7.266426086E-2
2.139921803E1,-7.029968500E-2,5.552232265E-3,6.311225891E-2
2.140721290E1,-5.834954977E-2,1.995983720E-2,5.114078522E-2
2.141520924E1,-6.093007326E-2,-6.427019835E-3,3.914833069E-2
2.142323565E1,-4.211288691E-2,1.510319114E-2,3.193187714E-2
2.143123198E1,-3.056228161E-2,7.929831743E-3,1.752471924E-2
2.143922708E1,-2.140384912E-2,-1.481205225E-3,1.988601685E-2
2.144722218E1,7.006406784E-3,2.971109748E-2,2.704048157E-2
2.145521797E1,1.878970861E-2,1.543402672E-2,1.984310150E-2
2.146321300E1,1.645237207E-2,1.783096790E-2,3.182125092E-2
2.147120995E1,7.126688957E-3,1.063433290E-2,5.339241028E-2
2.147923520E1,-2.588629723E-2,-1.095795631E-2,4.865169525E-2
2.148723038E1,-3.236627579E-2,-1.454323530E-3,5.350589752E-2
2.149522664E1,-4.383009672E-2,1.288703084E-2,5.834388733E-2
2.150322243E1,-5.304795504E-2,8.185088634E-3,4.401969910E-2
2.151121930E1,-4.582053423E-2,1.093655825E-3,4.402828217E-2
2.151921356E1,-3.155678511E-2,1.317068934E-2,2.247619629E-2
2.152720866E1,-1.260644197E-2,1.088318229E-2,3.443145752E-2
2.153523484E1,1.350569725E-2,8.566975594E-3,1.765537262E-2
2.154323109E1,2.785766125E-2,3.800094128E-3,2.244281769E-2
2.155122781E1,3.040671349E-2,8.635401726E-3,2.724933624E-2
2.155922230E1,6.887316704E-3,1.580610871E-2,3.926086426E-2
2.156721709E1,-2.188086510E-3,3.015026450E-2,4.170513153E-2
2.157521404E1,-3.524488211E-2,-1.036494970E-3,3.935241699E-2
2.158320883E1,-6.120455265E-2,-2.259621024E-2,3.938961029E-2
2.159123624E1,-6.574863195E-2,8.361518383E-3,4.180049896E-2
2.159923042E1,-5.840885639E-2,-1.323151588E-2,3.942012787E-2
2.160722544E1,-4.886007309E-2,-1.216381788E-3,2.265930176E-2
2.161522247E1,-3.485327959E-2,-1.552581787E-2,2.741527557E-2
2.162321757E1,-3.049165010E-2,-5.803257227E-3,4.174518585E-2
2.163121482E1,2.546072006E-3,8.719444275E-3,2.494525909E-2
2.163920954E1,1.162171364E-2,1.847136021E-2,1.772117615E-2
2.164723487E1,8.969485760E-3,9.062498808E-3,2.728176117E-2
2.165523090E1,2.565252781E-2,1.398029923E-2,2.728080750E-2
2.166322623E1,-5.413353443E-3,2.126178145E-2,4.883861542E-2
2.167122295E1,-2.674877644E-2,2.137005329E-2,6.323242188E-2
2.167921774E1,-3.858542442E-2,9.474962950E-3,6.085491180E-2
2.168721284E1,-5.058479309E-2,-2.376943827E-3,5.846309662E-2
2.169520918E1,-3.879237175E-2,1.215007901E-2,6.084823608E-2
2.170323474E1,-3.909617662E-2,7.430464029E-3,4.406166077E-2
2.171123200E1,-4.666167498E-2,7.529199123E-3,4.402828217E-2
2.171922702E1,-3.510195017E-2,-1.398193836E-2,4.159545898E-2
2.172722189E1,-3.071647882E-2,7.547080517E-3,3.197765350E-2
2.173521784E1,9.563207626E-3,-1.407915354E-2,2.474784851E-2
2.174321325E1,-5.124866962E-3,3.619000316E-2,2.232265472E-2
2.175121027E1,1.383030415E-2,2.657717466E-2,2.469444275E-2
2.175923545E1,1.755893230E-3,-2.087652683E-3,3.665924072E-2
2.176723001E1,-5.301535130E-3,-1.166573167E-2,4.864215851E-2
2.177522696E1,-2.653002739E-3,1.944756508E-2,7.500267029E-2
2.178322229E1,-4.718422890E-3,5.088925362E-3,7.024765015E-2
2.179121809E1,-4.260003567E-3,9.869515896E-3,5.353260040E-2
2.179921288E1,9.621977806E-4,-4.564076662E-3,5.117988586E-2
2.181523508E1,-3.645044565E-2,1.217678189E-2,2.971935272E-2
2.182323019E1,-4.562246799E-2,3.125017881E-2,3.215026855E-2
2.183122706E1,-3.571045399E-2,2.641564608E-2,-1.338005066E-3
2.183922247E1,-2.572274208E-2,1.209264994E-2,1.546382904E-2
2.184721664E1,-5.434769392E-2,-9.361982346E-3,2.984428406E-2
2.185521398E1,-4.704010487E-2,1.224407554E-2,5.140876770E-2
2.186320900E1,-3.029602766E-2,1.704609394E-2,5.858993530E-2
2.187123610E1,-2.549266815E-2,7.481217384E-3,3.943824768E-2
2.187923067E1,5.524873734E-3,-4.448413849E-3,4.900646210E-2
2.188722546E1,-4.220128059E-3,5.016803741E-3,4.180240631E-2
2.189522172E1,-1.143980026E-2,7.343530655E-3,2.982330322E-2
2.190321720E1,-1.377409697E-2,1.925289631E-2,4.658603668E-2
2.191121315E1,-8.906960487E-3,2.885010839E-2,3.223037720E-2
2.191920894E1,-4.105567932E-3,2.644056082E-2,2.983570099E-2
2.192723389E1,-5.663442612E-2,-6.938785315E-3,3.225135803E-2
2.193523022E1,-3.986585140E-2,-2.007812262E-3,5.859565735E-2
2.194322617E1,-2.087581158E-2,1.241356134E-2,5.858230591E-2
2.195122289E1,-2.339351177E-2,1.964813471E-2,4.181289673E-2
2.195921737E1,-3.075808287E-2,5.265146494E-3,5.137157440E-2
2.196721271E1,9.867727757E-3,-6.774902344E-3,3.220653534E-2
2.197520912E1,-1.652061939E-2,1.233273745E-2,2.980422974E-2
2.198323522E1,-9.332895279E-3,1.460409164E-2,2.501106262E-2
2.199123094E1,-1.633781195E-2,2.170082927E-2,2.023506165E-2
2.199922573E1,-1.131391525E-2,2.161753178E-2,4.180240631E-2
2.200722060E1,-2.541673183E-2,2.407225966E-2,3.943729401E-2
2.201521786E1,-3.000342846E-2,-1.412719488E-2,3.946304321E-2
2.202321319E1,-1.301145554E-2,-6.796360016E-3,5.625343323E-2
2.203124060E1,-5.551636219E-3,7.671564817E-3,4.431533813E-2
2.203923508E1,-5.192160606E-4,5.373179913E-3,5.152702332E-2
2.204722988E1,-2.415895462E-2,1.255485415E-2,3.958606720E-2
2.205522652E1,-3.594726324E-2,2.686205506E-2,2.284240723E-2
2.206322170E1,-1.422756910E-2,5.267381668E-3,2.285671234E-2
2.207121864E1,-4.512500763E-2,1.480776072E-2,2.048397064E-2
2.207921305E1,-4.986071587E-2,1.479068398E-2,1.091098785E-2
2.208723869E1,-3.796577454E-2,1.954761147E-2,1.808547974E-2
2.209523495E1,-6.695693731E-2,5.294293165E-3,2.524662018E-2
2.210323036E1,-3.624010086E-2,1.019605994E-2,2.521133423E-2
2.211122730E1,-2.720063925E-2,1.515471935E-2,2.516651154E-2
2.211922064E1,-1.589542627E-2,-3.780573606E-3,2.750587463E-2
2.212721689E1,-7.044970989E-3,8.354157209E-3,3.462409973E-2
2.213521330E1,1.378101110E-2,-2.020534873E-2,3.934955597E-2
2.214323948E1,-3.533601761E-3,-1.046904922E-2,4.887866974E-2
2.215123551E1,8.185267448E-3,1.550525427E-3,3.927898407E-2
2.215922999E1,-2.292752266E-2,-2.721375227E-2,4.406738281E-2
2.216722194E1,-1.078140736E-2,-3.199726343E-3,4.169368744E-2
2.217522081E1,-2.964800596E-2,4.017412663E-3,3.693580627E-2
2.218321706E1,-1.501649618E-2,1.367470622E-2,4.414939880E-2
2.219121378E1,-2.201199532E-2,-5.479454994E-4,3.220462799E-2
2.219923865E1,-5.133926868E-3,9.234338999E-3,3.940868378E-2
2.220723383E1,-2.616047859E-4,4.057991505E-2,2.506351471E-2
2.221523070E1,9.405255318E-3,1.915010810E-2,2.507877350E-2
2.222322527E1,-4.781484604E-3,2.643960714E-2,3.228473663E-2
2.223122183E1,-2.207398415E-3,1.926845312E-2,3.469657898E-2
2.223921670E1,-1.393365860E-2,2.491742373E-3,2.993202209E-2
2.224721203E1,-2.561306953E-2,9.649544954E-3,2.995967865E-2
2.225523883E1,-4.940092564E-2,2.631545067E-5,2.757930756E-2
2.226323454E1,-2.302581072E-2,4.750549793E-3,2.757930756E-2
2.227123057E1,-3.750580549E-2,-1.181364059E-4,3.235244751E-2
2.227922667E1,-4.246550798E-2,-7.368683815E-3,2.275562286E-2
2.228722046E1,-2.829754353E-2,-2.274513245E-4,2.512741089E-2
2.229521441E1,-2.132385969E-2,4.550457001E-3,3.707695007E-2
2.230321282E1,-2.146971226E-2,2.215892076E-3,2.509403229E-2
2.231123969E1,-1.678353548E-2,9.429544210E-3,4.184627533E-2
2.231923441E1,-2.645593882E-2,1.664224267E-2,5.380821228E-2
2.232722920E1,-2.415233850E-2,4.730075598E-3,2.746677399E-2
2.233522561E1,-1.211690903E-2,2.398908138E-3,5.860042572E-2
2.234322125E1,4.817843437E-3,4.851788282E-3,5.383205414E-2
2.235121820E1,7.437169552E-3,-1.189824939E-2,3.470230103E-2
2.235921207E1,-1.861196756E-2,9.633690119E-3,4.191303253E-2
2.236723856E1,-3.028237820E-2,8.106231689E-5,2.518463135E-2
2.237523458E1,-3.960818052E-2,-1.188510656E-2,3.957462311E-2
2.238323007E1,-2.986449003E-2,5.016356707E-3,2.283954620E-2
2.239122632E1,-3.470903635E-2,1.696792245E-2,1.804447174E-2
2.239922089E1,-2.524852753E-2,1.464465261E-2,1.564121246E-2
2.240721591E1,-8.513867855E-3,1.000401378E-2,2.522373199E-2
2.241521255E1,1.793938875E-2,1.709491014E-2,3.480720520E-2
2.242323881E1,-8.224368095E-3,1.224938035E-2,5.397510529E-2
2.243123537E1,-7.975637913E-3,2.564638853E-3,5.160140991E-2
2.243922962E1,-4.376596212E-2,-4.759907722E-3,4.681682587E-2
2.244722473E1,-4.855829477E-2,9.585440159E-3,2.766227722E-2
2.245522136E1,-3.911638260E-2,7.031977177E-3,4.200649261E-2
2.246321678E1,-3.219544888E-2,-9.752839804E-3,3.719043732E-2
2.247121334E1,-2.298134565E-2,-1.213058829E-2,2.757740021E-2
2.247923890E1,-1.844412088E-2,1.186454296E-2,2.276802063E-2
2.248723039E1,-1.682043076E-3,9.364157915E-3,1.557922363E-2
2.249522980E1,-6.454169750E-3,1.654350758E-2,2.036857605E-2
2.250322551E1,1.755201817E-2,1.895454526E-2,3.234767914E-2
2.251122208E1,-1.571136713E-2,1.419177651E-2,3.716278076E-2
2.251921726E1,-2.978026867E-2,-2.112984657E-4,4.916095734E-2
2.252721236E1,-4.625558853E-2,-2.689242363E-3,6.115722656E-2
2.253523854E1,-6.053888798E-2,1.866677403E-2,5.636692047E-2
2.254323448E1,-4.624199867E-2,8.949160576E-3,3.959274292E-2
2.255123112E1,-5.847853422E-2,6.492733955E-3,3.716945648E-2
2.255922561E1,-4.223239422E-2,2.558568120E-2,2.753829956E-2
2.256722017E1,-2.119451761E-2,1.853802800E-2,2.270603180E-2
2.257521704E1,-9.827911854E-3,-1.945805550E-2,4.181480408E-2
2.258321253E1,1.365661621E-2,-2.544671297E-3,3.938293457E-2
2.259123986E1,8.543729782E-3,1.434102654E-2,4.414463043E-2
2.259923435E1,-1.181542873E-3,1.660117507E-2,4.172992706E-2
2.260722891E1,1.570177078E-2,4.468321800E-3,4.652214050E-2
2.261522555E1,1.841282845E-2,8.968055248E-3,4.414463043E-2
2.262322065E1,-1.206743717E-2,1.351946592E-2,3.940773010E-2
2.263121729E1,-3.296279907E-2,-5.987495184E-3,2.748489380E-2
2.263921201E1,-3.004974127E-2,8.194267750E-3,3.470897675E-2
2.264723788E1,-5.594176054E-2,3.444239497E-2,3.474903107E-2
2.265523391E1,-4.842597246E-2,2.005493641E-2,4.914665222E-2
2.266322939E1,-5.797034502E-2,1.044210792E-2,4.436016083E-2
2.267122626E1,-4.853278399E-2,5.675971508E-3,4.434680939E-2
2.267922075E1,-3.213196993E-2,-1.110246778E-2,3.473281860E-2
2.268721585E1,-2.054196596E-2,-3.949016333E-3,2.272319794E-2
2.269521164E1,-6.578087807E-3,-1.117298007E-2,2.028560638E-2
2.270323721E1,7.630407810E-3,2.463763952E-2,2.505397797E-2
2.271123469E1,7.525265217E-3,1.014250517E-2,1.306629181E-2
2.271922949E1,7.637858391E-3,-9.039551020E-3,1.786422729E-2
2.272722428E1,-2.083927393E-2,2.889066935E-3,2.506923676E-2
2.273122368E1,-1.477003098E-3,1.473578811E-2,3.226757050E-2
2.273323730E1,-3.871202469E-3,1.473578811E-2,4.902648926E-2
2.273522038E1,-1.105380058E-2,9.947389364E-3,4.663276672E-2
2.274321641E1,-4.422622919E-2,-6.917655468E-3,4.666137695E-2
2.275121305E1,-2.963620424E-2,1.220300794E-2,4.907608032E-2
2.275923769E1,-3.183978796E-2,9.798496962E-3,5.627822876E-2
2.276723302E1,-2.711558342E-2,-4.668772221E-3,4.668903351E-2
2.277522912E1,-4.884225130E-2,-7.035911083E-3,3.709602356E-2
2.278322576E1,-3.955161572E-2,2.169910073E-2,1.073074341E-2
2.279122202E1,-3.035366535E-2,-2.194792032E-3,2.266693115E-2
2.279921620E1,-1.879936457E-2,1.454350352E-2,1.304817200E-2
2.280721099E1,7.015168667E-3,-6.920129061E-3,1.299953461E-2
2.281523809E1,4.324913025E-3,1.462104917E-2,3.451728821E-2
2.282323419E1,2.561098337E-2,2.174031734E-2,2.251720428E-2
2.283123045E1,-1.752549410E-2,4.982829094E-3,4.166698456E-2
2.283922440E1,-2.463561296E-2,1.850426197E-4,4.885578156E-2
2.284722011E1,-1.018005610E-2,-7.048964500E-3,5.365085602E-2
2.285521644E1,-2.666294575E-2,-2.388268709E-3,5.846023560E-2
2.286321239E1,-3.113335371E-2,1.912289858E-2,6.088447571E-2
2.287123896E1,-2.124351263E-2,9.455323219E-3,3.696918488E-2
2.287923398E1,-2.579677105E-2,2.616357803E-2,2.980709076E-2
2.288722631E1,-3.039658070E-2,-2.606689930E-3,1.785373688E-2
2.289522511E1,-2.057057619E-2,4.477232695E-3,1.069068909E-2
2.290322059E1,-2.998507023E-2,1.865416765E-2,5.908966064E-3
2.291121785E1,-1.536470652E-2,2.575445175E-2,2.987194061E-2
2.291921195E1,-2.957630157E-2,1.613241434E-2,2.030849457E-2
2.292723782E1,-4.619610310E-2,1.612100005E-2,4.426383972E-2
2.293523362E1,-4.610651731E-2,1.846465468E-2,5.384635925E-2
2.294322956E1,-3.433138132E-2,1.692682505E-3,6.579780579E-2
2.295122528E1,-6.581258774E-2,-3.122985363E-3,5.857753754E-2
2.295922046E1,-5.440133810E-2,2.311214805E-2,2.499771118E-2
2.296721556E1,-4.541695118E-2,2.787315845E-2,3.451442719E-2
2.297521128E1,-1.007735729E-2,3.971904516E-3,1.530551910E-2
2.298323776E1,5.900740623E-3,1.602593064E-2,3.678035736E-2
2.299123440E1,7.724821568E-3,1.603540778E-2,3.432941437E-2
2.299922943E1,1.933163404E-2,-5.523055792E-3,3.189849854E-2
2.301522086E1,-1.418763399E-2,-5.873858929E-3,5.103397369E-2
2.302321627E1,-2.599030733E-2,-1.307606697E-3,5.582809448E-2
2.303121299E1,-5.471897125E-2,1.018494368E-3,5.821895599E-2
2.303923794E1,-5.961841345E-2,1.539838314E-2,4.863166809E-2
2.304723265E1,-3.849518299E-2,2.025398612E-2,4.859352112E-2
2.305522968E1,-3.897869587E-2,3.652751446E-3,4.615879059E-2
2.306322501E1,1.042485237E-3,2.768668532E-2,4.130744934E-2
2.307122134E1,1.962769032E-2,6.208181381E-3,3.646659851E-2
2.307921614E1,2.873402834E-2,6.211489439E-3,2.923679352E-2
2.308724116E1,3.343772888E-2,6.097078323E-3,2.204036713E-2
2.309523842E1,1.467466354E-4,1.080554724E-2,2.684783936E-2
2.310323344E1,-1.764655113E-3,8.280783892E-3,2.928256989E-2
2.311122954E1,-2.278935909E-2,1.048225164E-2,3.171920776E-2
2.311922434E1,-5.586802959E-2,-6.509333849E-3,3.654003143E-2
2.312721967E1,-6.281542778E-2,3.003209829E-3,3.895282745E-2
2.313521569E1,-9.393417835E-2,-4.373908043E-3,3.655052185E-2
2.314324226E1,-5.350953341E-2,5.075097084E-3,4.369926453E-2
2.315123951E1,-5.161601305E-2,5.009025335E-3,2.449131012E-2
2.315923307E1,-1.390451193E-2,-6.905376911E-3,1.725292206E-2
2.316722872E1,-7.298350334E-3,5.031555891E-3,2.437686920E-2
2.317522443E1,1.714229584E-3,1.700526476E-2,3.150367737E-2
2.318322015E1,8.475959301E-3,5.160242319E-3,3.146934509E-2
2.319121710E1,5.894660950E-3,9.960561991E-3,3.863334656E-2
2.319924205E1,-1.187443733E-3,2.714842558E-3,4.342746735E-2
2.320723507E1,-5.870699883E-3,9.794592857E-3,4.343318939E-2
2.321523348E1,-2.700883150E-2,2.414941788E-3,3.149318695E-2
2.322322866E1,-3.621351719E-2,-4.970073700E-3,4.109668732E-2
2.323122614E1,-5.024766922E-2,-2.191200852E-2,3.633117676E-2
2.323922032E1,-4.531836510E-2,-1.000258327E-2,3.394794464E-2
2.324721581E1,-3.573942184E-2,9.110122919E-3,1.718711853E-2
2.325524283E1,-2.160787582E-2,1.929461956E-3,3.631782532E-2
2.326323740E1,-1.220530272E-2,1.392722130E-2,1.714897156E-2
2.327123373E1,2.598011494E-2,-7.525950670E-3,2.911186218E-2
2.327922914E1,9.252250195E-3,4.390388727E-3,2.671813965E-2
2.328722362E1,-2.896028757E-2,1.149040461E-2,2.911663055E-2
2.329521965E1,-3.826409578E-2,3.534260392E-2,2.674579620E-2
2.330321560E1,-4.299068451E-2,2.083179355E-2,3.153324127E-2
2.331124308E1,-3.824597597E-2,2.066144347E-2,3.152084351E-2
2.331923749E1,-2.641236782E-2,-8.177518845E-3,3.389453888E-2
2.332723298E1,-4.343396425E-2,2.049371600E-2,3.626060486E-2
2.333522962E1,-1.751232147E-2,-1.544407010E-2,3.621864319E-2
2.334322403E1,3.646910191E-3,-1.315793395E-2,2.180957794E-2
2.335122136E1,2.007937431E-2,3.569632769E-3,4.332160950E-2
2.335921608E1,6.538629532E-4,5.902796984E-3,1.695632935E-2
2.336723895E1,5.432367325E-4,1.303651929E-2,1.454925537E-2
2.337523743E1,-1.380938292E-2,1.553767920E-2,2.892017365E-2
2.338323315E1,-1.140183210E-2,1.794663072E-2,3.371047974E-2
2.339123002E1,-1.620668173E-2,1.555886865E-2,4.089260101E-2
2.339922428E1,-2.329927683E-2,5.971223116E-3,5.047798157E-2
2.340721961E1,-3.535538912E-2,2.027857304E-2,4.807186127E-2
2.341521563E1,-5.457705259E-2,-3.752440214E-3,4.806041718E-2
2.342324127E1,-2.598416805E-2,1.293286681E-2,4.564952850E-2
2.343123822E1,-3.828769922E-2,1.759901643E-2,5.039882660E-2
2.343923363E1,-2.212899923E-2,-1.119795442E-2,2.878761292E-2
2.344722804E1,-2.999538183E-2,2.227610350E-2,2.632427216E-2
2.345522437E1,-1.152193546E-2,7.789731026E-4,1.668262482E-2
2.346321978E1,9.213328362E-3,-6.432741880E-3,2.138900757E-2
2.347121681E1,-1.050472260E-3,5.465894938E-3,3.568363190E-2
2.347924260E1,-1.829671860E-2,5.636513233E-4,2.844619751E-2
2.348723686E1,-1.733541489E-3,1.710155606E-2,2.602195740E-2
2.349321557E1,7.410645485E-4,1.453784108E-2,3.320312500E-2
2.349523042E1,-6.441533566E-3,9.749442339E-3,2.362632751E-2
2.350322890E1,-3.277617693E-2,1.665669680E-2,2.600765228E-2
2.351122516E1,-4.236137867E-2,2.597936988E-2,2.359867096E-2
2.351922057E1,-5.679911375E-2,1.380819082E-2,2.597713470E-2
2.352721421E1,-6.427472830E-2,1.593324542E-2,3.072261810E-2
2.353524223E1,-4.794901609E-2,2.295395732E-2,2.827739716E-2
2.354323726E1,-3.656214476E-2,1.075378060E-2,2.342033386E-2
2.355123367E1,-1.818484068E-2,1.289546490E-2,1.614856720E-2
2.355922869E1,-1.414626837E-2,5.433738232E-3,2.563762665E-2
2.356722356E1,-2.221405506E-2,-1.996129751E-3,2.075004578E-2
2.357521990E1,-3.982579708E-2,4.932999611E-3,2.544212341E-2
2.358321523E1,-3.364473581E-2,9.493976831E-3,3.969764709E-2
2.359124325E1,-2.282476425E-2,4.515230656E-3,4.675674438E-2
2.359923720E1,-4.313981533E-2,-1.000487804E-2,2.748298645E-2
2.360723230E1,-3.483718634E-2,-5.341589451E-3,4.650497437E-2
2.361522802E1,-2.648997307E-2,4.068493843E-3,2.243518829E-2
2.362322428E1,-2.776002884E-2,1.520484686E-3,3.427505493E-2
2.363122030E1,-1.706975698E-2,3.786951303E-3,1.977920532E-2
2.363921509E1,-1.359671354E-2,-1.131623983E-3,1.725006104E-2
2.364724066E1,6.666719913E-3,-5.989968777E-3,2.909374237E-2
2.365523707E1,1.267594099E-2,1.074248552E-2,3.376674652E-2
2.366323271E1,2.372258902E-2,1.202881336E-3,4.325580597E-2
2.367122942E1,-1.305139065E-2,8.281856775E-3,4.077243805E-2
2.367922383E1,-1.135510206E-2,-1.406401396E-3,3.591156006E-2
2.368721870E1,-4.075711966E-2,9.848773479E-4,3.584671021E-2
2.369521534E1,-1.518380642E-2,1.012742519E-3,2.140903473E-2
2.370324144E1,-3.734797239E-2,1.109570265E-3,4.529666901E-2
2.371123785E1,-2.848166227E-2,1.070630550E-2,3.565216064E-2
2.371923226E1,-1.257461309E-2,3.700661659E-2,4.275131226E-2
2.372722806E1,5.526602268E-3,-1.349359751E-3,1.946449280E-3
2.373522431E1,-2.867132425E-2,-1.568898559E-2,2.821922302E-2
2.374321949E1,2.348464727E-2,8.272498846E-3,2.816963196E-2
2.375121575E1,3.768491745E-2,1.311251521E-2,3.294563293E-2
2.375924162E1,3.791439533E-2,-1.151293516E-3,3.297233582E-2
2.376723618E1,-4.867434502E-3,6.115853786E-3,4.737186432E-2
2.377523251E1,-1.873141527E-2,1.099741459E-2,5.939579010E-2
2.378322700E1,-2.532613277E-2,1.104730368E-2,4.748344421E-2
2.379122487E1,-8.107602596E-3,-3.566324711E-3,2.596759796E-2
2.379921897E1,-3.628414869E-2,-3.672927618E-3,1.643848419E-2
2.380721407E1,-2.144092321E-2,8.178144693E-3,6.900787354E-3
2.381524156E1,-3.287994862E-2,2.009126544E-2,1.652717590E-2
2.382323666E1,-4.215043783E-2,4.149129987E-2,1.415443420E-2
2.383123299E1,-2.272891998E-2,7.922530174E-3,2.854347229E-2
2.383922779E1,-2.721959352E-2,7.965892553E-3,3.096771240E-2
2.384722320E1,-5.339658260E-2,5.665332079E-3,4.774856567E-2
2.385521976E1,-5.099374056E-2,-3.746867180E-3,5.254554749E-2
2.386321486E1,-3.919833899E-2,1.073375344E-2,5.492782593E-2
2.387124235E1,-5.640810728E-2,2.028894424E-2,2.854824066E-2
2.387923653E1,-4.260361195E-2,3.597915173E-3,1.652622223E-2
2.388723186E1,-2.883964777E-2,-3.547340631E-3,1.886463165E-2
2.389522858E1,-1.039552689E-2,-5.879998207E-3,-3.538131714E-4
2.390322368E1,-1.345467567E-2,1.814958453E-2,-1.238536835E-2
2.391122001E1,3.402233124E-4,-2.247542143E-2,2.108192444E-2
2.391921473E1,-2.397847176E-2,-5.632638931E-3,1.626110077E-2
2.392723967E1,-3.865838051E-2,-7.944464684E-3,4.736042023E-2
2.393523662E1,-3.417319059E-2,1.132085919E-2,4.733753204E-2
2.394323203E1,-1.296180487E-2,9.170114994E-3,6.886577606E-2
2.395122936E1,-1.343059540E-2,9.428173304E-3,5.925655365E-2
2.395922323E1,-4.449665546E-3,2.174755931E-2,5.921745300E-2
2.396721887E1,2.141100168E-2,7.721751928E-3,3.764057159E-2
2.397521498E1,2.101302147E-2,5.636453629E-3,4.240608215E-2
2.398324085E1,2.809929848E-2,1.089066267E-3,8.890151978E-3
2.399123779E1,4.279017448E-2,8.429199457E-3,1.371765137E-2
2.399923190E1,2.746045589E-3,3.696262836E-3,6.600379944E-3
2.400722707E1,6.101191044E-3,1.083520055E-2,2.823829651E-2
2.401522333E1,-3.850179911E-2,1.313400269E-2,4.377365112E-3
2.402321936E1,-5.449980497E-2,-8.485555649E-3,2.599334717E-2
2.403124646E1,-7.543790340E-2,1.061537862E-2,1.886749268E-2
2.403924102E1,-6.795823574E-2,1.540440321E-2,2.368450165E-2
2.404723574E1,-3.919243813E-2,-1.271486282E-3,2.369213104E-2
2.405523299E1,-2.265578508E-2,1.567798853E-2,3.325653076E-2
2.406322786E1,-2.537018061E-2,-8.106261492E-3,3.083992004E-2
2.407122473E1,7.771015167E-3,1.359874010E-2,5.475330353E-2
2.407921868E1,-6.799995899E-3,8.966445923E-3,3.079891205E-2
2.408724201E1,1.949089766E-2,6.731271744E-3,1.643753052E-2
2.409524058E1,2.199834585E-2,1.649504900E-2,1.406383514E-2
2.410323660E1,5.708038807E-3,1.187220216E-2,2.848339081E-2
2.411123347E1,-5.537152290E-3,2.518326044E-3,4.053401947E-2
2.411922734E1,-1.648432016E-2,-4.595577717E-3,2.387714386E-2
2.412722244E1,-3.942614794E-2,3.143236041E-2,4.073905945E-2
2.413521878E1,-3.614908457E-2,1.471853256E-2,3.603744507E-2
2.414324472E1,-4.749196768E-2,-1.872631907E-2,3.131389618E-2
2.415124167E1,-6.639814377E-2,2.951502800E-3,3.373908997E-2
2.415923677E1,-4.238969088E-2,7.965236902E-3,1.699733734E-2
2.416722872E1,-4.182577133E-3,1.290631294E-2,2.896595001E-2
2.417522759E1,2.200174332E-2,2.043452859E-2,2.178573608E-2
2.418322323E1,6.276249886E-2,1.836320758E-2,2.899074554E-2
2.419122026E1,4.632377625E-2,6.651043892E-3,3.382301331E-2
2.419924482E1,1.127904654E-2,1.154944301E-2,4.109477997E-2
2.420723992E1,-4.188001156E-3,6.777465343E-3,3.403854370E-2
2.421523633E1,-2.810060978E-3,-4.290342331E-4,3.417015076E-2
2.422323228E1,-2.536356449E-2,1.874530315E-2,3.430652618E-2
2.423122830E1,-4.574334621E-2,-2.835661173E-3,2.005290985E-2
2.423922317E1,-4.482227564E-2,-3.612935543E-4,2.014732361E-2
2.424721820E1,-8.239895105E-2,-2.569258213E-4,2.022361755E-2
2.425524476E1,-6.523537636E-2,-2.279579639E-4,1.786994934E-2
2.426324040E1,-5.062496662E-2,1.177036762E-2,1.550197601E-2
2.427123735E1,-4.102510214E-2,-1.451388001E-2,1.071739197E-2
2.427923153E1,-3.387272358E-2,3.346818686E-2,2.029609680E-2
2.428722732E1,-1.482027769E-2,9.611666203E-3,4.662704468E-2
2.429522335E1,1.380133629E-2,2.654418349E-2,3.465461731E-2
2.430321906E1,8.917570114E-3,3.864294291E-2,5.619907379E-2
2.431124586E1,4.250168800E-3,-4.310429096E-3,4.664134979E-2
2.431924065E1,4.635810852E-3,-1.136499643E-2,5.626201630E-2
2.432723598E1,-1.877516508E-2,-2.323383093E-2,6.829071045E-2
2.433523139E1,-3.740882874E-2,1.271852851E-2,3.242969513E-2
2.434322742E1,-5.127865076E-2,2.464598417E-2,2.768707275E-2
2.435122375E1,-5.102175474E-2,-6.407856941E-3,2.292823792E-2
2.435921854E1,-6.048995256E-2,3.223359585E-3,1.336383820E-2
2.436724442E1,-4.371803999E-2,-8.636444807E-3,1.400947571E-3
2.437524052E1,-1.985883713E-2,1.056781411E-2,-3.394126892E-3
2.438323623E1,-1.981282234E-2,3.481000662E-3,1.576900482E-2
2.439123318E1,-2.877771854E-3,3.535151482E-3,3.973102570E-2
2.439922728E1,-1.226341724E-2,1.190334558E-3,3.975296021E-2
2.440722215E1,7.338643074E-3,3.678262234E-3,3.022384644E-2
2.441515954E1,-4.176676273E-3,-8.188217878E-3,6.139945984E-2
2.442317609E1,-3.245216608E-2,3.251498938E-2,4.468345642E-2
2.443117364E1,-1.762449741E-2,1.103499532E-2,2.318477631E-2
2.443916788E1,-3.872507811E-2,3.256139159E-2,4.956436157E-2
2.444716297E1,-2.391433716E-2,2.290567756E-2,3.523826599E-2
2.445515898E1,-3.064012527E-2,3.731429577E-3,1.612854004E-2
2.446315430E1,-4.199165106E-2,3.713101149E-3,1.140022278E-2
2.447115093E1,-1.277911663E-2,1.337078214E-2,4.257583618E-2
2.447917625E1,-1.721835136E-2,2.539271116E-2,2.585315704E-2
2.448717157E1,-9.649276733E-3,3.879934549E-3,2.828693390E-2
2.449516727E1,-1.407694817E-2,-7.430613041E-4,1.396560669E-2
2.450316328E1,-2.562588453E-2,1.697003841E-3,2.598094940E-2
2.451115968E1,-3.710585833E-2,-6.631314754E-4,1.645469666E-2
2.451915438E1,-1.029330492E-2,-6.150603294E-4,5.241584778E-2
2.452714924E1,-2.183687687E-2,1.385578513E-2,4.767417908E-2
2.453517656E1,-3.110885620E-2,3.781950474E-2,4.291725159E-2
2.454317172E1,-3.086942434E-2,9.040296078E-3,4.054450989E-2
2.455116866E1,-2.349245548E-2,1.806974411E-3,3.098487854E-2
2.455916313E1,-6.485342979E-3,2.096426487E-2,2.861499786E-2
2.456715822E1,-2.521771193E-2,6.559878588E-3,3.344249725E-2
2.457515423E1,-2.001833916E-2,-5.979537964E-4,2.151393890E-2
2.458314963E1,-3.872960806E-2,2.576106787E-2,2.634716034E-2
2.459117694E1,-5.764418840E-2,9.075433016E-3,2.397918701E-2
2.459917180E1,-4.571932554E-2,1.400491595E-2,1.440525055E-2
2.460716628E1,-4.356509447E-2,-2.613782883E-3,3.354263306E-2
2.461516283E1,-1.287347078E-2,4.722982645E-3,2.632617950E-2
2.462315830E1,-1.797991991E-2,7.390499115E-3,2.870178223E-2
2.463115492E1,9.549260139E-4,-4.432141781E-3,4.305267334E-2
2.463914932E1,-3.972053528E-3,1.232558489E-2,4.782772064E-2
2.464717310E1,1.763427258E-2,1.457270980E-2,4.782581329E-2
2.465517119E1,1.075744629E-3,2.881923318E-2,2.868652344E-2
2.466316697E1,-1.023232937E-3,2.868965268E-2,3.349685669E-2
2.467116321E1,-5.580782890E-4,2.151772380E-2,3.354358673E-2
2.467915830E1,-7.252037525E-3,-7.106691599E-3,3.120326996E-2
2.468715339E1,-4.511493444E-2,-7.036089897E-3,4.082775116E-2
2.469514917E1,-4.954594374E-2,-2.140432596E-3,2.171516418E-2
2.470317503E1,-3.495502472E-2,7.521778345E-3,3.131771088E-2
2.471117189E1,-3.480356932E-2,1.474627852E-2,2.654743195E-2
2.471916728E1,-2.992200851E-2,9.972989559E-3,4.092216492E-2
2.472716122E1,-2.748686075E-2,1.947838068E-2,2.176952362E-2
2.473515784E1,-1.322066784E-2,1.467385888E-2,2.415180206E-2
2.474315355E1,-8.387327194E-3,2.608656883E-3,3.612327576E-2
2.475115017E1,-1.309317350E-2,1.799762249E-4,3.373527527E-2
2.475917534E1,-3.473579884E-3,1.221027970E-2,3.613662720E-2
2.476717050E1,-5.130851269E-2,-6.885141134E-3,3.135585785E-2
2.477516644E1,-5.855387449E-2,7.490545511E-3,4.332160950E-2
2.478316214E1,-6.355500221E-2,-1.158216596E-2,2.175712585E-2
2.479115877E1,-3.777843714E-2,-6.629049778E-3,2.170944214E-2
2.479915263E1,-2.185481787E-2,7.001161575E-4,1.684665680E-2
2.480714810E1,-3.013575077E-2,-1.344442368E-2,1.435470581E-2
2.481517519E1,6.947755814E-3,-2.528554201E-2,2.621173859E-2
2.482317112E1,2.007317543E-2,-2.514374256E-2,1.652050018E-2
2.483116683E1,2.875483036E-2,-2.756771445E-2,2.840137482E-2
2.483916138E1,9.272396564E-3,5.853503942E-3,3.794097900E-2
2.484715739E1,-1.006174088E-2,8.164972067E-3,4.989051819E-2
2.485515301E1,-1.238572598E-2,1.772648096E-2,4.750156403E-2
2.486314902E1,-1.960128546E-2,3.221455216E-2,5.947685242E-2
2.487117558E1,-1.734268665E-2,-3.535419703E-3,4.989433289E-2
2.487917097E1,-3.198605776E-2,-9.661614895E-4,3.790473938E-2
2.488716291E1,-3.950965405E-2,2.067434788E-2,3.069400787E-2
2.489516138E1,1.534122229E-2,2.791100740E-2,5.940628052E-2
2.490315739E1,-1.385867596E-3,3.504040837E-2,3.546428680E-2
2.491115409E1,3.824055195E-3,5.162546039E-2,1.394939423E-2
2.491914849E1,-2.436625957E-2,5.140867829E-2,-3.747940063E-4
2.493517067E1,-3.321188688E-2,3.899979591E-2,4.463195801E-3
2.494316575E1,-4.260021448E-2,1.261714101E-2,1.884460449E-2
2.495116269E1,-4.243469238E-2,7.765084505E-3,4.758739471E-2
2.495915716E1,-4.721838236E-2,-4.365742207E-3,4.039859772E-2
2.496715256E1,-1.836955547E-2,-2.227008343E-3,4.997348785E-2
2.497517903E1,-1.118004322E-2,-7.193177938E-3,4.038906097E-2
2.498317450E1,-1.845020056E-2,-4.956811666E-3,2.361202240E-2
2.499117205E1,-2.104276419E-2,9.377032518E-3,2.359104156E-2
2.499916591E1,-1.866656542E-2,9.281933308E-3,1.879596710E-2
2.500716092E1,-9.014010429E-3,1.646232605E-2,2.119731903E-2
2.501515763E1,-1.840364933E-2,-9.884685278E-3,3.318595886E-2
2.502315241E1,-2.771139145E-2,-1.224553585E-2,3.560924530E-2
2.503118042E1,-4.639261961E-2,-3.160238266E-4,3.325939178E-2
2.503917451E1,-3.409844637E-2,-9.887278080E-3,4.286766052E-2
2.504716682E1,-4.594212770E-2,-3.738403320E-4,3.330039978E-2
2.505516591E1,-4.359894991E-2,1.871097088E-2,5.005168915E-2
2.506316170E1,1.626610756E-3,3.536036611E-2,2.128982544E-2
2.507115801E1,6.229579449E-3,1.745760441E-3,1.408386230E-2
2.507915241E1,8.421778679E-3,4.104614258E-3,3.082180023E-2
2.508714788E1,1.562231779E-2,4.225352407E-2,2.842044830E-2
2.509517497E1,6.244361401E-3,3.257599473E-2,2.604198456E-2
2.510317006E1,-3.027677536E-3,3.012421727E-2,4.282760620E-2
2.511116669E1,-3.404420614E-2,-5.740940571E-3,5.481243134E-2
2.511916108E1,-2.206802368E-2,1.317548752E-2,3.804111481E-2
2.512715648E1,-2.696996927E-2,-6.146252155E-3,2.844429016E-2
2.513515257E1,-2.238082886E-2,8.095502853E-3,2.123641968E-2
2.514317842E1,-3.452849388E-2,1.515302062E-2,1.881790161E-2
2.515117567E1,-1.808136702E-2,-8.974373341E-3,3.553771973E-2
2.515917006E1,8.211135864E-4,1.247557998E-2,2.832508087E-2
2.516716492E1,5.455613136E-3,4.121112823E-2,1.155090332E-2
2.517516147E1,1.994681358E-2,3.882277012E-2,2.832221985E-2
2.518315664E1,-6.281316280E-3,1.497653127E-2,4.270362854E-2
2.519115318E1,-1.247525215E-3,2.686795592E-2,3.793525696E-2
2.519917820E1,-2.484327555E-2,1.951521635E-2,4.274940491E-2
2.520717352E1,-3.649115562E-2,3.123930097E-2,2.361392975E-2
2.521516991E1,-5.055636168E-2,-1.446831226E-2,3.320980072E-2
2.522316492E1,-5.271118879E-2,-2.701669931E-3,3.322315216E-2
2.523116155E1,-5.503535271E-2,2.576872706E-2,2.603530884E-2
2.523915633E1,-5.987387896E-2,2.570304275E-2,1.405525208E-2
2.524715142E1,-6.487822533E-2,1.124393940E-2,3.318309784E-2
2.525517858E1,-4.132819176E-2,1.723349094E-3,3.314685822E-2
2.526317429E1,-5.884170532E-3,-7.822066545E-3,4.267883301E-2
2.527117022E1,-6.238698959E-3,-1.011642814E-2,6.180477142E-2
2.527916477E1,1.735281944E-2,6.740689278E-3,5.698490143E-2
2.528715978E1,1.957136393E-2,-2.798169851E-3,4.739284515E-2
2.529515680E1,9.998440742E-3,1.862895489E-2,3.781032562E-2
2.530315181E1,-4.054188728E-3,-7.791638374E-3,2.107810974E-2
2.531117928E1,8.278965950E-3,1.121971011E-2,2.349948883E-2
2.531917344E1,-1.766920090E-2,3.952860832E-3,2.114009857E-2
2.532716946E1,-3.646653891E-2,6.207942963E-3,3.313827515E-2
2.533516454E1,-3.626787663E-2,1.579266787E-2,3.315925598E-2
2.534316025E1,-4.589390755E-2,-5.711287260E-3,2.357959747E-2
2.535115711E1,-4.125410318E-2,-1.041406393E-2,2.117538452E-2
2.535915127E1,-2.962726355E-2,1.356607676E-2,3.311347961E-2
2.536717436E1,-1.086598635E-2,-1.513847709E-2,1.631736755E-2
2.537517406E1,-2.320086956E-2,8.900970221E-3,2.346897125E-2
2.538316915E1,7.550954819E-3,-7.857352495E-3,3.061485291E-2
2.539116609E1,2.544641495E-3,6.515830755E-3,3.298854828E-2
2.539916002E1,-1.666170359E-2,-7.826447487E-3,4.256057739E-2
2.540715534E1,-2.128595114E-2,3.760758042E-2,4.257392883E-2
2.541515227E1,2.956986427E-4,2.555239201E-2,4.257297516E-2
2.542317782E1,-2.852261066E-2,1.110488176E-2,3.537845612E-2
2.543117414E1,-2.140849829E-2,3.255403042E-2,2.818298340E-2
2.543916923E1,-2.383637428E-2,1.574051380E-2,3.296566010E-2
2.544716370E1,-1.425582170E-2,1.087158918E-2,3.535747528E-2
2.545516064E1,-1.885873079E-2,-1.078963280E-3,2.579879761E-2
2.546315573E1,-3.311860561E-2,-1.296770573E-2,3.060245514E-2
2.547115243E1,-1.154857874E-2,1.459866762E-3,3.060722351E-2
2.547917760E1,-3.084617853E-2,-1.290768385E-2,2.819824219E-2
2.548717268E1,-1.658707857E-2,-8.121639490E-3,2.100563049E-2
2.549516877E1,-9.432494640E-3,-5.706936121E-3,4.244804382E-3
2.550316409E1,-9.518682957E-3,-3.323405981E-3,2.338886261E-2
2.551116110E1,-1.188606024E-2,1.581186056E-2,2.578544617E-2
2.551915558E1,-2.139747143E-3,8.562594652E-3,3.058719635E-2
2.552715090E1,-1.865035295E-2,8.569091558E-3,4.258251190E-2
2.553517737E1,-8.922457695E-3,8.608698845E-3,3.062820435E-2
2.554317284E1,-3.031897545E-2,2.774396539E-2,3.064346313E-2
2.555116978E1,-2.303934097E-2,2.056941390E-2,4.262351990E-2
2.555916417E1,-1.337319613E-2,3.247267008E-2,4.023456573E-2
2.556715903E1,-3.495562077E-2,1.801416278E-2,3.783226013E-2
2.557515527E1,-4.450714588E-2,8.484840393E-3,4.023170471E-2
2.558315074E1,-4.224824905E-2,1.082175970E-2,3.542709351E-2
2.559117845E1,-4.725372791E-2,-6.037890911E-3,2.103519440E-2
2.559917261E1,-4.765260220E-2,5.825281143E-3,1.380729675E-2
2.560716516E1,-2.654194832E-2,8.241593838E-3,1.616001129E-2
2.561516464E1,-2.935534716E-2,-1.290649176E-3,-3.031730652E-3
2.562315942E1,1.257359982E-3,1.557266712E-2,8.893966675E-3
2.563115597E1,-1.594233513E-2,3.620207310E-3,2.561187744E-2
2.563915113E1,1.722836494E-2,1.316216588E-2,3.275775909E-2
2.564717691E1,2.891510725E-2,5.865931511E-3,2.314662933E-2
2.565517262E1,-6.930649281E-3,9.817481041E-4,5.187892914E-2
2.566316832E1,-6.828784943E-3,1.521509886E-2,4.230594635E-2
2.567116464E1,-3.546482325E-2,3.162860870E-3,4.709911346E-2
2.567915950E1,-2.578061819E-2,1.514115930E-2,4.471683502E-2
2.568715420E1,-5.452609062E-2,5.664199591E-3,3.035449982E-2
2.569515083E1,-2.356499434E-2,1.779460907E-2,2.795219421E-2
2.570317645E1,-7.021009922E-3,-3.594964743E-3,1.596832275E-2
2.571117400E1,2.238750458E-3,1.330071688E-2,2.552127838E-2
2.571916840E1,1.151800156E-2,3.008502722E-2,8.733749390E-3
2.572716356E1,1.381254196E-2,2.051311731E-2,-8.535385132E-4
2.573515981E1,1.152980328E-2,2.045589685E-2,3.943443298E-3
2.574315459E1,9.384691715E-3,-1.196444035E-3,2.551078796E-2
2.575115152E1,-2.383297682E-2,2.981999516E-2,3.271675110E-2
2.575917676E1,-4.021555185E-2,3.340333700E-3,1.838207245E-2
2.576716947E1,-3.992629051E-2,5.680918694E-3,4.234886169E-2
2.577516817E1,-5.412817001E-2,-1.361891627E-2,5.911731720E-2
2.578316364E1,-6.370931864E-2,7.739633322E-3,5.192470551E-2
2.579115996E1,-5.189180374E-2,7.597327232E-3,4.711341858E-2
2.579915467E1,-2.812045813E-2,1.699474454E-2,3.032875061E-2
2.580714976E1,-1.884609461E-2,2.644982934E-2,1.832199097E-2
2.581517723E1,-1.925188303E-2,4.076358676E-2,1.588535309E-2
2.582317255E1,-1.481014490E-2,2.151530981E-2,1.584720612E-2
2.583116825E1,8.934140205E-3,1.193284988E-2,3.258705139E-2
2.583916373E1,-2.998352051E-3,-9.644597769E-3,1.822280884E-2
2.584715781E1,-1.001811028E-2,6.898462772E-3,4.695892334E-2
2.585515452E1,-1.918673515E-2,-4.338920116E-4,4.938602448E-2
2.586315022E1,-2.838963270E-2,-1.021209359E-2,4.701805115E-2
2.587117754E1,-5.915051699E-2,-5.618870258E-3,4.943847656E-2
2.587917178E1,-3.488183022E-2,1.537412405E-3,5.425739288E-2
2.589317634E1,-2.031207085E-2,8.522093296E-3,2.793121338E-2
2.589516311E1,-1.312947273E-2,3.733694553E-3,3.032588959E-2
2.590315882E1,-1.552826166E-2,1.558679342E-2,1.595401764E-2
2.591115552E1,1.803398132E-2,8.307576180E-3,3.981590271E-3
2.591915053E1,1.108258963E-2,1.305967569E-2,6.397247314E-3
2.592717577E1,-1.728111506E-2,2.977529168E-2,-1.032924652E-2
2.593517117E1,-2.159523964E-2,1.294136047E-2,2.802181244E-2
2.594316664E1,-5.468547344E-2,2.963453531E-2,3.763675690E-2
2.595116473E1,-5.700129271E-2,8.026689291E-3,3.524780273E-2
2.595915920E1,-6.181675196E-2,-8.784830570E-3,4.481983185E-2
2.596715398E1,-5.259007215E-2,1.752784848E-2,2.563095093E-2
2.597518053E1,-2.924793959E-2,7.917910814E-3,4.711627960E-2
2.598317501E1,1.135706902E-3,-1.589715481E-3,2.071189880E-2
2.599117310E1,1.235866547E-2,3.260970116E-3,1.345920563E-2
2.599916672E1,-1.505613327E-4,-8.565276861E-3,2.059650421E-2
2.600716212E1,1.390475035E-2,8.142322302E-3,2.535152435E-2
2.601515867E1,1.859045029E-2,3.192365170E-3,2.772712708E-2
2.602315406E1,4.466235638E-3,1.269617677E-2,1.098823547E-2
2.603115138E1,-3.096348047E-2,5.423069000E-3,3.018474579E-2
2.603917624E1,-1.370787621E-2,7.769525051E-3,4.459667206E-2
2.604717164E1,-5.879759789E-2,1.484233141E-2,5.181217194E-2
2.605516734E1,-4.176098108E-2,-1.397672296E-2,3.507614136E-2
2.606316274E1,-4.640704393E-2,-4.445791245E-3,3.987598419E-2
2.607115944E1,-6.086826324E-2,7.478028536E-3,3.028774261E-2
2.607915353E1,-2.525383234E-2,1.468425989E-2,2.547073364E-2
2.608717792E1,-1.124995947E-2,2.416560054E-2,2.064228058E-2
2.609517540E1,-2.377843857E-2,1.228871942E-2,1.101589203E-2
2.610317149E1,-7.488965988E-3,1.238292456E-2,3.491592407E-2
2.611116804E1,-1.270276308E-2,7.495641708E-3,3.487014771E-2
2.611916220E1,1.106464863E-2,4.943042994E-3,3.244972229E-2
2.612715798E1,2.074474096E-2,-6.407499313E-6,3.963565826E-2
2.613515338E1,3.070014715E-2,2.129381895E-2,4.205322266E-2
2.614317977E1,-7.162690163E-3,-5.192011595E-3,3.490734100E-2
2.615117702E1,5.406796932E-3,1.141813397E-2,5.171775818E-2
2.615917095E1,-3.002810478E-2,2.076157928E-2,4.935836792E-2
2.616716604E1,-4.380524158E-2,3.798007965E-3,4.222393036E-2
2.617516259E1,-3.620946407E-2,1.564931870E-2,2.549934387E-2
2.618315768E1,-2.165150642E-2,1.071783900E-2,8.750915527E-3
2.619115492E1,-5.033838749E-2,1.305508614E-2,6.358146667E-3
2.619917993E1,-2.169340849E-2,8.218377829E-3,6.347656250E-3
2.620717463E1,-3.141510487E-2,2.976575494E-2,3.939628601E-3
2.621517157E1,-1.484680176E-2,2.258908749E-2,6.314277649E-3
2.622316612E1,-2.463966608E-2,-1.091110706E-2,2.544879913E-2
2.623116328E1,-1.524090767E-2,5.762487650E-3,4.218578339E-2
2.623915753E1,-1.291733980E-2,1.294031739E-2,3.739070892E-2
2.624715285E1,-5.794882774E-3,-3.864645958E-3,5.174636841E-2
2.625517993E1,-5.742132664E-3,3.208845854E-3,3.977584839E-2
2.626317479E1,-8.032441139E-3,-3.967195749E-3,4.457569122E-2
2.627117173E1,-2.717798948E-2,7.988095284E-3,3.978633881E-2
2.627916651E1,-2.484476566E-2,1.506632566E-2,6.257057190E-3
2.628716183E1,-2.973508835E-2,1.993680000E-2,2.061653137E-2
2.629515784E1,-2.031791210E-2,-1.591205597E-3,1.820659637E-2
2.630315362E1,-1.105433702E-2,8.224844933E-4,8.600234985E-3
2.631118070E1,-3.039437532E-2,-6.358385086E-3,-9.946823120E-4
2.631917510E1,-3.279209137E-2,1.284366846E-2,1.337242126E-2
2.632716988E1,-1.121163368E-2,8.002668619E-3,2.534389496E-2
2.633516628E1,5.706310272E-3,7.985204458E-3,1.817607880E-2
2.634316229E1,-1.798939705E-2,8.000403643E-3,2.538490295E-2
2.635115792E1,-2.253746986E-2,5.547463894E-3,3.737545013E-2
2.635915308E1,-1.281279325E-2,-4.136621952E-3,3.738403320E-2
2.636717886E1,-1.986819506E-2,-1.725554466E-3,3.021526337E-2
2.637517457E1,-3.408288956E-2,5.439758301E-3,3.022956848E-2
2.638317127E1,-1.011431217E-2,-1.843503118E-2,1.108169556E-2
2.639116759E1,-1.002192497E-2,-3.995060921E-3,1.827716827E-2
2.639916175E1,-2.976655960E-4,1.992288232E-2,2.068424225E-2
2.640715615E1,-1.915061474E-2,5.495458841E-3,2.310466766E-2
2.641515339E1,-2.826154232E-2,1.978674531E-2,2.793598175E-2
2.642317894E1,-5.388373137E-2,-1.897871494E-3,4.236412048E-2
2.643117595E1,-4.850161076E-2,9.949862957E-3,3.283977509E-2
2.643917073E1,-6.730800867E-2,2.416539192E-2,4.483795166E-2
2.644716544E1,-7.912421227E-2,1.207008958E-2,2.329826355E-2
2.645516176E1,-6.735706329E-2,1.683562994E-2,3.524875641E-2
2.646315692E1,-5.355846882E-2,1.693332195E-2,3.040981293E-2
2.647115378E1,-2.094495296E-2,9.872823954E-3,3.511524200E-2
2.647917910E1,-4.418492317E-4,-6.812304258E-3,2.304458618E-2
2.648717103E1,-6.205439568E-3,-9.061366320E-3,3.492736816E-2
2.649516989E1,1.696586609E-2,-1.380103827E-2,2.527809143E-2
2.650316583E1,2.612113953E-2,-2.573290467E-2,4.439258575E-2
2.651116245E1,2.596557140E-2,-8.993893862E-3,3.001022339E-2
2.651915731E1,-1.453745365E-2,2.905428410E-3,6.115150452E-2
2.652715209E1,-2.365356684E-2,-1.900732517E-3,5.880069733E-2
2.653517979E1,-1.860755682E-2,-1.390588284E-2,4.685306549E-2
2.654317481E1,-4.006743431E-2,1.010835171E-2,3.250026703E-2
2.655117089E1,-4.740154743E-2,3.407901525E-2,4.445743561E-2
2.655916598E1,-4.403054714E-3,1.511046290E-2,2.051639557E-2
2.656716069E1,1.939898729E-2,2.972334623E-2,8.543014526E-3
2.657515647E1,9.736239910E-3,2.260115743E-2,1.572036743E-2
2.658315271E1,-2.361375093E-2,1.090496778E-3,2.292060852E-2
2.659117980E1,7.195472717E-4,-1.293659210E-3,2.535438538E-2
2.659917458E1,-4.673975706E-2,5.806386471E-3,2.539253235E-2
2.660716905E1,-3.680914640E-2,-8.599191904E-3,1.584815979E-2
2.661317929E1,-4.626107216E-2,-6.341993809E-3,3.979587555E-2
2.661516575E1,-4.386687279E-2,-1.553595066E-3,4.218959808E-2
2.662316084E1,-5.096679926E-2,7.731020451E-4,3.261661530E-2
2.663115716E1,-4.153889418E-2,-1.125714183E-2,3.020572662E-2
2.663915256E1,-3.215944767E-2,2.701383829E-2,2.779006958E-2
2.664717803E1,-3.011733294E-2,1.979893446E-2,2.536010742E-2
2.665517435E1,3.002524376E-3,1.742807031E-2,2.771568298E-2
2.666316913E1,2.262592316E-4,5.661368370E-3,2.529525757E-2
2.667116637E1,-1.455008984E-2,3.686839342E-2,2.525901794E-2
2.667916092E1,-3.826618195E-4,1.779353619E-2,3.960800171E-2
2.668715594E1,-5.195319653E-3,8.252173662E-3,3.003120422E-2
2.669515225E1,-4.979491234E-3,1.779714227E-2,2.526283264E-2
2.670317811E1,-2.614462376E-2,2.008306980E-2,2.529430389E-2
2.671117451E1,-2.333092690E-2,-1.112100482E-2,3.490829468E-2
2.671916921E1,-1.824671030E-2,3.228157759E-3,3.972434998E-2
2.672716407E1,-2.752679586E-2,5.740940571E-3,4.454898834E-2
2.673516062E1,-2.261704206E-2,3.475278616E-3,4.217147827E-2
2.674315663E1,-1.770621538E-2,1.073837280E-3,4.218387604E-2
2.675115264E1,-1.290160418E-2,1.087933779E-3,2.782058716E-2
2.675917827E1,-1.039600372E-2,1.167953014E-3,3.501892090E-2
2.676717336E1,-7.337331772E-4,1.320764422E-2,1.827049255E-2
2.677516991E1,4.218220711E-3,1.318901777E-3,2.786827087E-2
2.678316469E1,-2.636671066E-3,1.561313868E-2,3.268527985E-2
2.679116170E1,-1.654863358E-2,8.409202099E-3,3.751659393E-2
2.679915586E1,-4.976266623E-2,1.314389706E-2,1.120853424E-2
2.680715118E1,-5.683147907E-2,-6.074130535E-3,3.276348114E-2
2.681517835E1,-5.681049824E-2,1.106262207E-3,2.079486847E-2
2.682317313E1,-2.590084076E-2,1.149326563E-3,2.316951752E-2
2.683117037E1,-2.391153574E-2,-5.911886692E-3,2.553081512E-2
2.683916507E1,-2.679198980E-2,-2.246111631E-2,2.070522308E-2
2.684716016E1,-1.515877247E-2,3.977239132E-3,2.307033539E-2
2.685515594E1,3.661334515E-3,1.363554597E-2,3.501319885E-2
2.686315134E1,-2.527320385E-2,4.206985235E-3,2.302932739E-2
2.687117843E1,-1.348972321E-3,1.392957568E-2,8.669853210E-3
2.687917290E1,-3.841817379E-3,1.162841916E-2,2.542400360E-2
2.688716860E1,-2.530825138E-2,6.891280413E-3,3.740501404E-2
2.689516492E1,-1.546478271E-2,2.853131294E-2,4.461956024E-2
2.690316024E1,-2.248430252E-2,1.654586196E-2,3.505802155E-2
2.691115695E1,-2.224808931E-2,6.931185722E-3,4.705047607E-2
2.691915165E1,-4.128885269E-2,9.354680777E-3,3.748512268E-2
2.692717666E1,-3.409135342E-2,6.986498833E-3,3.509426117E-2
2.693517360E1,-3.903853893E-2,-7.314413786E-3,3.029441833E-2
2.694316922E1,-4.401701689E-2,2.196431160E-5,2.788829803E-2
2.695116493E1,-1.328861713E-2,9.713858366E-3,4.461479187E-2
2.695916040E1,-3.041487932E-2,5.039691925E-3,2.064228058E-2
2.696715480E1,-4.276514053E-3,9.903758764E-3,2.062702179E-2
2.697515181E1,2.767443657E-3,-1.156294346E-2,1.582908630E-2
2.698317736E1,2.207505703E-2,2.802133560E-3,3.978633881E-2
2.699117421E1,3.248512745E-3,7.590562105E-3,3.742313385E-2
2.699916876E1,-1.295036077E-2,-6.797760725E-3,4.944896698E-2
2.700716478E1,-1.710098982E-2,1.229628921E-2,3.514385223E-2
2.701516017E1,-4.288202524E-2,1.709043980E-2,3.519821167E-2
2.702315588E1,-4.956537485E-2,2.193871140E-2,3.764438629E-2
2.703118350E1,-6.364589930E-2,1.007357240E-2,2.570629120E-2
2.703917767E1,-4.918557405E-2,5.430877209E-4,4.487228394E-2
2.704716937E1,-4.696965218E-2,-4.197388887E-3,1.852035522E-2
2.705516823E1,-2.331250906E-2,-1.785427332E-3,2.088832855E-2
2.706316393E1,-1.166540384E-2,7.789254189E-3,3.043270111E-2
2.707116087E1,1.442432404E-5,6.166100502E-4,1.843261719E-2
2.707915649E1,4.642784595E-3,3.142416477E-3,2.560710907E-2
2.708715097E1,-2.659559250E-4,-1.355588436E-2,2.320289612E-2
2.709517498E1,-2.512633801E-3,-2.541133761E-2,3.040790558E-2
2.710317291E1,-1.892042160E-2,-1.588034630E-2,3.043937683E-2
2.711116954E1,-1.378273964E-2,2.482029796E-2,4.005050659E-2
2.711916424E1,-2.774715424E-2,2.235746384E-2,3.529834747E-2
2.712715872E1,-2.968472242E-2,1.519536972E-2,3.294944763E-2
2.713515503E1,-4.865789413E-2,1.282417774E-2,3.536224365E-2
2.714318120E1,-6.057029963E-2,3.207424283E-2,3.297805786E-2
2.715117844E1,-5.352997780E-2,-1.333296299E-3,2.818202972E-2
2.715917299E1,-3.952842951E-2,-1.086932421E-2,3.533077240E-2
2.716716739E1,-3.282427788E-2,-5.921483040E-3,1.613903046E-2
2.717516378E1,-7.018685341E-3,1.819157600E-2,1.609516144E-2
2.718315918E1,-5.149304867E-3,-1.043471694E-2,1.844215393E-2
2.719115604E1,4.105508327E-3,-7.659494877E-4,2.081012726E-2
2.719918136E1,6.198823452E-3,1.837784052E-2,3.514480591E-2
2.720717360E1,1.342213154E-2,1.831090450E-2,3.035736084E-2
2.721517269E1,-3.137648106E-3,6.359159946E-3,2.319431305E-2
2.722316755E1,4.545152187E-3,2.069228888E-2,3.042602539E-2
2.723116417E1,-4.465103149E-3,1.108631492E-2,4.005718231E-2
2.723915895E1,-6.335258484E-3,8.692204952E-3,5.447292328E-2
2.724715458E1,-3.924798965E-2,-9.544491768E-4,4.016399384E-2
2.725518113E1,-4.109686613E-2,-9.832680225E-4,3.303337097E-2
2.726317676E1,-3.580492735E-2,1.419961452E-3,2.590179443E-2
2.727117338E1,-2.356588840E-2,1.100638509E-2,2.353382111E-2
2.727916816E1,-3.298741579E-2,8.607089520E-3,1.875972748E-2
2.728716264E1,-4.487764835E-2,3.983384371E-2,2.116775513E-2
2.729515896E1,-3.531795740E-2,1.835995913E-2,1.398658752E-2
2.730315466E1,-3.791332245E-2,1.672387123E-3,3.312397003E-2
2.731118182E1,-5.022734404E-2,1.745939255E-3,2.591228485E-2
2.731917568E1,-4.595798254E-2,4.266530275E-3,1.629066467E-2
2.732717131E1,-8.161187172E-3,1.159837842E-2,2.582454681E-2
2.733516824E1,-3.029030561E-2,1.885309815E-2,3.055953979E-2
2.734316372E1,-4.532039165E-3,1.894250512E-2,4.247760773E-2
2.735115965E1,2.224981785E-3,-7.332384586E-3,4.483318329E-2
2.735915482E1,1.145124435E-2,-7.310122252E-3,4.479980469E-2
2.736717998E1,2.327829599E-2,-1.688009501E-2,3.281497955E-2
2.737517692E1,-1.248109341E-2,-5.079001188E-3,1.366806030E-2
2.738317208E1,-1.704293489E-2,-9.909898043E-3,3.284168243E-2
2.739116932E1,-3.820151091E-2,1.406121254E-2,2.809238434E-2
2.739916287E1,-4.501283169E-2,1.178315282E-2,3.531837463E-2
2.740715827E1,-4.245644808E-2,1.196262240E-2,4.731369019E-2
2.741515482E1,-2.812689543E-2,2.499789000E-3,2.816200256E-2
2.742318075E1,-2.836728096E-2,3.652274609E-4,2.096939087E-2
2.743117738E1,2.411246300E-3,2.683073282E-2,3.530788422E-2
2.743917208E1,1.650822163E-2,7.850527763E-3,1.852989197E-2
2.744716656E1,2.103227377E-2,2.479159832E-2,3.287792206E-2
2.745516288E1,-1.495361328E-2,8.119434118E-3,1.850986481E-2
2.746315896E1,-5.198836327E-3,1.298347116E-2,2.092647552E-2
2.747115498E1,-3.842186928E-2,9.445548058E-4,1.376914978E-2
2.747918014E1,-2.379089594E-2,-3.992438316E-3,2.336502075E-2
2.748717523E1,-3.065210581E-2,-4.108041525E-3,1.620864868E-2
2.749517162E1,-5.680286884E-2,2.999156713E-3,9.038925171E-3
2.750316694E1,-4.722732306E-2,-1.387837529E-2,2.339839935E-2
2.751116388E1,-4.726076126E-2,-9.164869785E-3,1.860332489E-2
2.751915866E1,-4.500699043E-2,3.842115402E-4,1.619434357E-2
2.752715321E1,-1.641613245E-2,1.002380252E-2,2.576065063E-2
2.753518091E1,-2.387565374E-2,7.755368948E-3,4.010486603E-2
2.754317623E1,-1.218593121E-2,7.908552885E-3,3.290176392E-2
2.755117170E1,-7.623493671E-3,1.282623410E-2,4.246234894E-2
2.755916702E1,-1.981008053E-2,8.411705494E-4,4.004669189E-2
2.756716281E1,-1.508539915E-2,2.960991859E-2,3.764820099E-2
2.757515935E1,-3.139138222E-3,9.410083294E-4,2.807140350E-2
2.758315360E1,-3.409659863E-2,9.500682354E-4,3.048324585E-2
2.759118130E1,-9.870350361E-3,-6.192237139E-3,2.093601227E-2
2.759917608E1,-2.635848522E-2,-1.570063829E-2,2.096652985E-2
2.760717025E1,-2.379083633E-2,-1.092198491E-2,2.337741852E-2
2.761516680E1,-2.369040251E-2,2.502986789E-2,1.141834259E-2
2.762316219E1,-1.642113924E-2,8.298426867E-3,2.100467682E-2
2.763116005E1,5.255460739E-3,8.315503597E-3,2.341175079E-2
2.763915391E1,5.595743656E-3,2.509722114E-2,3.541851044E-2
2.764717923E1,-8.298337460E-3,1.545602083E-2,2.348995209E-2
2.765517578E1,-5.339092016E-2,1.303592324E-2,2.113437653E-2
2.766317094E1,-4.104107618E-2,2.252438664E-2,4.032039642E-2
2.767116818E1,-4.083263874E-2,5.620390177E-3,4.033374786E-2
2.767916173E1,-4.326802492E-2,-4.000753164E-3,3.314495087E-2
2.768715744E1,-3.861552477E-2,8.002817631E-4,2.355480194E-2
2.769515368E1,-5.331540108E-2,-1.627534628E-3,3.788566589E-2
2.770317923E1,-5.829393864E-3,-3.957122564E-3,2.827262878E-2
2.771117716E1,-1.344954967E-2,-8.667349815E-3,1.626300812E-2
2.771917125E1,-1.815736294E-3,2.006343007E-2,6.652832031E-3
2.772716611E1,-2.057254314E-3,2.004399896E-2,2.099323273E-2
2.773516274E1,-1.412284374E-2,2.001243830E-2,3.534793854E-2
2.774315744E1,-1.641786098E-2,2.240732312E-2,4.014587402E-2
2.775115507E1,-2.579683065E-2,5.617588758E-3,3.537559509E-2
2.775917931E1,-3.517228365E-2,-1.594024897E-2,5.215454102E-2
2.776717417E1,-4.933249950E-2,8.021265268E-3,3.302192688E-2
2.777517072E1,-4.683876038E-2,5.574494600E-3,3.542327881E-2
2.778316704E1,-3.482007980E-2,-6.415873766E-3,2.824401855E-2
2.779116305E1,-4.204815626E-2,-4.078388214E-3,2.823638916E-2
2.779915721E1,-3.975117207E-2,6.724894047E-4,1.889228821E-3
2.780715299E1,-3.023886681E-2,2.211195230E-2,1.863670349E-2
2.781517947E1,-2.307826281E-2,1.243886352E-2,4.257106781E-2
2.782317486E1,-1.114481688E-2,-1.388218999E-2,2.341461182E-2
2.783117149E1,-6.349921227E-3,1.481944323E-2,3.059673309E-2
2.783916596E1,-6.332159042E-3,-4.322528839E-3,3.778171539E-2
2.784716128E1,-1.398980618E-3,5.147814751E-3,3.779029846E-2
2.785515760E1,-1.317214966E-2,3.385508060E-2,4.020309448E-2
2.786315300E1,-1.764053106E-2,1.228705049E-2,2.347469330E-2
2.787118008E1,-3.648084402E-2,9.800076485E-3,2.110671997E-2
2.787917525E1,-2.665132284E-2,1.519620419E-4,2.830982208E-2
2.788716942E1,-3.604030609E-2,1.207628846E-2,1.396083832E-2
2.789516689E1,-3.588539362E-2,9.601563215E-3,2.594375610E-2
2.790316175E1,-4.774028063E-2,-1.688233018E-2,1.637077332E-2
2.791115837E1,-3.339445591E-2,4.613518715E-3,2.354907990E-2
2.791915285E1,-1.672631502E-2,2.183079720E-3,1.635551453E-2
2.792717832E1,-4.071038961E-2,6.949186325E-3,3.310966492E-2
2.793517502E1,-2.412104607E-2,6.994456053E-3,2.112388611E-2
2.794317034E1,-2.427154779E-2,1.889830828E-2,3.307628632E-2
2.795116728E1,-2.895832062E-3,-7.438540459E-3,3.784751892E-2
2.795916206E1,-7.890820503E-3,7.015943527E-3,3.543853760E-2
2.796715714E1,-1.286959648E-2,4.697531462E-3,2.824020386E-2
2.797518308E1,-2.739381790E-2,7.090181112E-3,3.540706635E-2
2.798317878E1,-2.508991957E-2,-4.946470261E-3,3.060722351E-2
2.799117572E1,-1.317083836E-2,7.000625134E-3,4.496574402E-2
2.799916988E1,-2.038705349E-2,1.889306307E-2,4.256343842E-2
2.800716497E1,-3.244251013E-2,1.175346971E-2,4.495239258E-2
2.801516183E1,-5.891048908E-2,1.651579142E-2,2.339076996E-2
2.802315692E1,-4.012739658E-2,6.970554590E-3,3.532600403E-2
2.803115331E1,-3.339242935E-2,2.200692892E-3,2.331161499E-2
2.803917909E1,-3.396058083E-2,-7.338732481E-3,4.241180420E-2
2.804717418E1,-1.288437843E-2,-9.638130665E-3,3.040027618E-2
2.805516935E1,-8.494198322E-3,-7.317453623E-3,1.838588715E-2
2.806316597E1,1.523691416E-2,-9.703844786E-3,3.033638000E-2
2.807116222E1,1.056104898E-2,6.948322058E-3,4.470729828E-2
2.807915646E1,1.325792074E-2,-2.413988113E-4,3.755378723E-2
2.808718201E1,-7.763862610E-3,2.844208479E-2,4.239177704E-2
2.809517856E1,-1.668781042E-2,2.601143718E-2,4.724216461E-2
2.810317495E1,-5.437660217E-2,2.602562308E-2,4.251575470E-2
2.811117097E1,-3.465133905E-2,4.449158907E-3,3.299331665E-2
2.811916575E1,-3.903990984E-2,-2.195930481E-2,3.542327881E-2
2.812716137E1,-1.462161541E-2,4.329264164E-3,1.631450653E-2
2.813515677E1,-3.350389004E-2,2.579554915E-2,1.873016357E-2
2.814318263E1,-2.156215906E-2,4.238992929E-3,2.830410004E-2
2.815117894E1,-2.154523134E-2,4.248133302E-2,9.149551392E-3
2.815917350E1,-3.351849318E-2,2.087184787E-2,1.632881165E-2
2.816716881E1,-1.677507162E-2,1.847049594E-2,2.111530304E-2
2.817516490E1,-4.066663980E-2,-7.899671793E-3,4.027175903E-2
2.818316122E1,-4.076868296E-2,-7.457137108E-4,3.786563873E-2
2.819115777E1,-4.566937685E-2,-5.545765162E-3,4.024887085E-2
2.819918278E1,-5.072057247E-2,-5.665689707E-3,2.585220337E-2
2.820717756E1,-3.181242943E-2,1.821282506E-2,2.821826935E-2
2.821517381E1,-1.309782267E-2,1.345616579E-2,4.234313965E-3
2.822316982E1,-6.337463856E-3,-8.029043674E-4,8.986473083E-3
2.823116552E1,1.246190071E-2,4.118144512E-3,6.565093994E-3
2.823916061E1,9.836554527E-3,-1.494008303E-2,3.527736664E-2
2.824715570E1,9.849727154E-3,-1.022014022E-2,2.809238434E-2
2.825518256E1,-9.219706059E-3,-1.261803508E-2,4.964828491E-2
2.826317818E1,-3.298938274E-2,-7.747232914E-3,4.248714447E-2
2.827117450E1,-4.965406656E-2,1.621070504E-2,3.052616119E-2
2.827916936E1,-3.774571419E-2,1.862403750E-2,4.009723663E-2
2.829516107E1,-2.425432205E-3,1.874384284E-2,2.807426453E-2
2.830315701E1,-5.171120167E-3,2.090752125E-3,1.846790314E-2
2.831118287E1,2.571767569E-2,1.407319307E-2,1.126289368E-2
2.831917865E1,2.570760250E-2,2.134659886E-2,1.844978333E-2
2.832717274E1,9.225666523E-3,2.612900734E-2,1.608181000E-2
2.833516913E1,1.459324360E-2,1.885500550E-2,2.571105957E-2
2.834316476E1,-1.124703884E-2,-3.272891045E-4,4.012393951E-2
2.835116115E1,-2.988153696E-2,-1.004156470E-2,3.298568726E-2
2.835915593E1,-7.017123699E-2,1.621472836E-2,4.259872437E-2
2.836718172E1,-6.038349867E-2,-1.988214254E-2,2.824497223E-2
2.837517773E1,-5.548924208E-2,1.104015112E-2,3.063964844E-2
2.838317374E1,-5.558848381E-2,-1.302942634E-2,2.104663849E-2
2.839116975E1,-3.901922703E-2,-3.487080336E-3,4.265785217E-3
2.839916484E1,-4.407519102E-2,8.417189121E-3,9.025573730E-3
2.840715908E1,-6.134986877E-3,1.318946481E-2,1.856422424E-2
2.841515601E1,-1.675724983E-3,2.044358850E-2,2.571868896E-2
2.842318241E1,-4.289388657E-3,1.095771790E-2,3.527927399E-2
2.843117904E1,-6.725311279E-3,1.428902149E-3,4.964256287E-2
2.843917320E1,5.225002766E-3,1.817265153E-2,3.527450562E-2
2.844716829E1,-1.818001270E-3,1.816752553E-2,5.204677582E-2
2.845516461E1,-1.458644867E-3,3.914296627E-3,3.772258759E-2
2.846316001E1,-3.569006920E-3,3.846228123E-3,3.535270691E-2
2.847115602E1,-1.282984018E-2,-5.850195885E-3,1.622486115E-2
2.847918126E1,-1.967310905E-2,-3.543794155E-3,1.146507263E-2
2.848717366E1,-2.178120613E-2,1.083558798E-2,1.388835907E-2
2.849517305E1,-1.194763184E-2,-2.031296492E-2,6.730079651E-3
2.850316837E1,-2.103149891E-3,3.556668758E-3,2.351093292E-2
2.851116600E1,5.554974079E-3,-1.286447048E-3,1.876735687E-2
2.851915986E1,-3.524661064E-3,2.500674129E-2,2.839088440E-2
2.852715494E1,-2.703827620E-2,3.922748566E-2,2.842617035E-2
2.853518172E1,-5.065548420E-2,2.242159843E-2,4.282093048E-2
2.854317712E1,-7.453995943E-2,1.275342703E-2,5.000495911E-2
2.855117436E1,-4.120445251E-2,-3.956198692E-3,4.759502411E-2
2.855916784E1,-2.734208107E-2,-1.836603880E-2,3.317737579E-2
2.856716323E1,-1.112359762E-2,-8.774608374E-3,2.833652496E-2
2.857515955E1,7.560670376E-3,-2.314952016E-2,2.350139618E-2
2.858315472E1,9.623110294E-3,-8.809655905E-3,1.628589630E-2
2.859118296E1,2.868014574E-2,-1.682519913E-3,1.387882233E-2
2.859917712E1,2.889168262E-2,7.851153612E-3,1.868534088E-2
2.860717252E1,1.725268364E-2,-6.535798311E-3,1.871681213E-2
2.861516884E1,-2.301359177E-2,2.459782362E-2,3.073215485E-2
2.862316431E1,-3.451651335E-2,2.463018894E-2,6.669330597E-2
2.863116117E1,-3.889232874E-2,1.019909978E-2,4.997158051E-2
2.863915503E1,-5.555659533E-2,1.017081738E-2,5.716133118E-2
2.864717788E1,-3.885906935E-2,1.247829199E-2,3.081417084E-2
2.865517690E1,-4.151231050E-2,-1.395261288E-2,3.796672821E-2
2.866317291E1,-3.468948603E-2,1.475876570E-2,1.877593994E-2
2.867116830E1,-1.348644495E-2,-1.629170775E-2,2.592945099E-2
2.867916378E1,-1.625108719E-2,7.747948170E-3,1.871490479E-2
2.868715856E1,-1.413452625E-2,-1.136684418E-2,1.868915558E-2
2.869515549E1,1.203185320E-2,7.823675871E-3,4.261684418E-2
2.870318127E1,1.428836584E-2,-6.500363350E-3,3.781604767E-2
2.871117828E1,-2.523243427E-3,2.220267057E-2,3.302192688E-2
2.871917176E1,-1.687258482E-2,3.649181128E-2,3.062534332E-2
2.872716723E1,2.435684204E-3,1.243314147E-2,3.781700134E-2
2.873516378E1,-1.394373178E-2,1.235163212E-2,3.066825867E-2
2.874315948E1,-3.515738249E-2,3.203153610E-4,3.069782257E-2
2.875115672E1,-8.428752422E-3,1.217406988E-2,2.594184875E-2
2.875918081E1,-2.959793806E-2,-4.721194506E-3,2.836704254E-2
2.876717675E1,-1.967698336E-2,7.221549749E-3,2.839946747E-2
2.877517214E1,-2.652311325E-2,1.198181510E-2,2.364253998E-2
2.878316785E1,-4.789686203E-2,2.411663532E-3,1.647853851E-2
2.878716639E1,-3.587013483E-2,2.415090799E-3,1.169490814E-2
2.878918024E1,-3.347593546E-2,4.809290171E-3,2.366542816E-2
2.879116547E1,-2.150493860E-2,4.809290171E-3,2.127170563E-2
2.879915925E1,-5.271172523E-2,-2.335667610E-3,2.844810486E-2
2.880715380E1,-3.854113817E-2,4.846543074E-3,2.603530884E-2
2.881518058E1,-1.960766315E-2,-2.293109894E-3,2.122783661E-2
2.882317621E1,-1.995557547E-2,9.692996740E-3,3.316402435E-2
2.883117230E1,-3.542304039E-3,2.516955137E-3,4.270744324E-2
2.883916739E1,3.392755985E-3,-1.661655307E-2,3.789615631E-2
2.884716302E1,1.028758287E-2,-2.243846655E-3,2.589702606E-2
2.885515933E1,3.031015396E-3,7.282704115E-3,3.306961060E-2
2.886315450E1,1.030927896E-2,4.011392593E-5,3.068161011E-2
2.887118182E1,-3.913879395E-3,3.110632300E-2,3.069305420E-2
2.887917691E1,-2.514547110E-2,4.703521729E-3,3.311538696E-2
2.888717107E1,-2.724325657E-2,1.181614399E-2,1.398658752E-2
2.889516801E1,-3.168004751E-2,9.387046099E-3,2.359580994E-2
2.890316348E1,-2.177667618E-2,1.408633590E-2,2.841281891E-2
2.891116011E1,-4.785281420E-2,4.483044147E-3,2.604293823E-2
2.891915450E1,-3.322553635E-2,1.890647411E-2,3.804302216E-2
2.892718005E1,-4.997289181E-2,-7.377684116E-3,2.368068695E-2
2.893517576E1,-4.767751694E-2,-9.684652090E-3,3.085899353E-2
2.894317184E1,-2.147728205E-2,-2.427041531E-3,3.563785553E-2
2.895116847E1,-7.439434528E-3,1.195347309E-2,2.124118805E-2
2.895916287E1,-2.900838852E-3,1.921492815E-2,2.840232849E-2
2.896715803E1,-5.426943302E-3,4.904210567E-3,2.120971680E-2
2.897515427E1,-7.960259914E-3,1.215669513E-2,3.077697754E-2
2.898318021E1,1.609635353E-2,2.413344383E-2,4.036521912E-2
2.899117614E1,-5.186617374E-3,9.709626436E-3,3.081130981E-2
2.899917100E1,2.351343632E-3,5.435943604E-5,4.041957855E-2
2.900716663E1,-9.277462959E-3,1.192262769E-2,3.326511383E-2
2.901516356E1,-1.147466898E-2,7.104277611E-3,4.046630859E-2
2.902315896E1,1.992493868E-2,1.675695181E-2,4.049682617E-2
2.903115566E1,-1.344686747E-2,5.418062210E-5,3.333091736E-2
2.903918060E1,-1.082491875E-2,2.417147160E-3,2.856349945E-2
2.904717476E1,-1.294726133E-2,1.675912738E-2,2.380084991E-2
2.905517193E1,-1.014256477E-2,1.908791065E-2,3.581047058E-2
2.906316709E1,-1.936274767E-2,2.380231023E-2,3.344631195E-2
2.907116433E1,-4.299080372E-2,2.214193344E-3,3.108215332E-2
2.907915850E1,-5.243611336E-2,2.290487289E-3,2.870464325E-2
2.908715297E1,-4.536753893E-2,4.781752825E-3,4.066944122E-2
2.909517998E1,-6.241834164E-2,4.928946495E-3,2.388763428E-2
2.910317600E1,-3.891766071E-2,1.703947783E-2,2.145767212E-2
2.911117301E1,-8.533060551E-3,9.961932898E-3,1.899433136E-2
2.911916625E1,-1.170718670E-2,1.481774449E-2,1.892089844E-2
2.912716195E1,9.099364281E-3,7.723987103E-3,1.645851135E-2
2.913515827E1,1.801401377E-2,5.860626698E-4,2.597236633E-2
2.914318475E1,3.909927607E-2,-2.091458440E-2,3.550529480E-2
2.915118037E1,1.982420683E-2,-1.377648115E-2,5.703926086E-2
2.915917454E1,2.232444286E-2,5.664825439E-4,4.986572266E-2
2.916717024E1,-1.579320431E-2,2.937853336E-3,5.227756500E-2
2.917516725E1,-3.226310015E-2,-8.991122246E-3,5.949115753E-2
2.918316257E1,-2.245062590E-2,1.019158959E-2,3.557395935E-2
2.919115835E1,-3.121376038E-3,1.752340794E-2,2.841567993E-2
2.919918421E1,1.595139503E-3,1.773634553E-2,2.363014221E-2
2.920717891E1,3.917157650E-3,2.267163992E-2,2.363109589E-2
2.921517523E1,2.058571577E-2,1.807725430E-2,2.363204956E-2
2.922317032E1,2.073466778E-2,1.812830567E-2,1.646709442E-2
2.923116818E1,2.103567123E-2,6.142228842E-3,3.564929962E-2
2.923916234E1,4.742264748E-3,1.801767945E-2,3.569126129E-2
2.924715720E1,-6.829202175E-3,1.546478271E-2,2.135753632E-2
2.925518367E1,-4.481554031E-2,3.431737423E-3,3.335666656E-2
2.926317930E1,-4.933536053E-2,1.049092412E-2,3.577136993E-2
2.927117593E1,-6.369495392E-2,-8.777439594E-3,4.055500031E-2
2.927917102E1,-3.980416059E-2,-2.312684059E-2,4.055023193E-2
2.928716610E1,-3.536641598E-2,-1.617819071E-3,2.854156494E-2
2.929516219E1,-9.414076805E-3,1.993125677E-2,2.610969543E-2
2.930315759E1,2.233386040E-3,3.247022629E-3,4.044723511E-2
2.931118491E1,-2.857625484E-3,-1.578378677E-2,3.084659576E-2
2.931917976E1,-5.589127541E-4,1.070624590E-2,3.563404083E-2
2.932717447E1,-5.286455154E-3,-1.218795776E-3,3.564167023E-2
2.933517056E1,-9.964525700E-3,1.281350851E-3,3.086948395E-2
2.934316595E1,-5.010783672E-3,-8.183926344E-3,3.568077087E-2
2.935116227E1,-1.441240311E-2,1.096504927E-2,3.569698334E-2
2.935915767E1,-2.148711681E-2,3.770053387E-3,1.415920258E-2
2.936718222E1,-3.329098225E-2,-9.695887566E-4,1.896572113E-2
2.937517915E1,-2.608966827E-2,-5.633652210E-3,2.855110168E-2
2.938317486E1,-3.568494320E-2,-7.346570492E-4,2.616119385E-2
2.939117179E1,2.383291721E-3,1.868724823E-3,3.093624115E-2
2.939916626E1,2.136343718E-2,1.403221488E-2,2.853393555E-2
2.940716074E1,2.361047268E-2,-2.538353205E-3,2.852916718E-2
2.941515744E1,2.848792076E-2,1.669937372E-2,3.572559357E-2
2.942318291E1,3.378170729E-2,9.470134974E-3,2.619647980E-2
2.943118016E1,1.770275831E-2,2.373039722E-2,2.625846863E-2
2.943917463E1,-2.450197935E-2,1.884323359E-2,2.394676208E-2
2.944716702E1,-3.800195456E-2,1.638168097E-2,3.121185303E-2
2.945516550E1,-4.696309566E-2,1.152899861E-2,2.648162842E-2
2.946316120E1,-4.900777340E-2,-7.604986429E-3,3.848743439E-2
2.947115837E1,-4.896610975E-2,4.510015249E-3,4.089355469E-2
2.947918361E1,-5.627465248E-2,-1.212486625E-2,3.131008148E-2
2.948717839E1,-4.939717054E-2,1.197558641E-2,4.951477051E-3
2.949517448E1,-2.573794127E-2,1.299381256E-4,2.168941498E-2
2.950317010E1,-1.178514957E-2,-4.570811987E-3,9.681701660E-3
2.951116704E1,1.657426357E-2,1.707696915E-2,1.443862915E-2
2.951916220E1,1.870614290E-2,1.724275947E-2,2.878570557E-2
2.952715598E1,1.144379377E-2,7.774502039E-3,3.836059570E-2
2.953518407E1,1.638263464E-2,5.461961031E-3,5.274486542E-2
2.954317916E1,7.255077362E-3,-1.834318042E-2,4.561424255E-2
2.955117571E1,-1.633149385E-2,1.042538881E-2,5.043983459E-2
2.955916934E1,-3.736811876E-2,1.998597383E-2,5.767154694E-2
2.956716566E1,-4.181164503E-2,2.478674054E-2,4.094696045E-2
2.957516159E1,-2.976077795E-2,9.279251099E-4,3.856468201E-2
2.958315676E1,-2.251034975E-2,5.877494812E-3,1.942634583E-2
2.959118292E1,-2.032929659E-2,-1.077708602E-2,1.701641083E-2
2.959917824E1,-1.100397110E-2,8.549422026E-3,2.418231964E-2
2.960717402E1,-1.591145992E-3,1.102101803E-2,-4.560470581E-3
2.961516996E1,1.260721684E-2,1.349651814E-2,1.697540283E-2
2.962316566E1,3.050744534E-3,1.103451848E-2,4.091644287E-2
2.963116259E1,8.151710033E-3,-5.873769522E-3,3.375625610E-2
2.963915684E1,1.336026192E-2,2.275571227E-2,3.379344940E-2
2.964718200E1,1.854360104E-3,2.501773834E-2,5.059242249E-2
2.965517801E1,-3.596591949E-2,2.011165023E-2,6.739425659E-2
2.966317403E1,-9.117841721E-3,8.190870285E-3,4.350471497E-2
2.967117034E1,-3.031140566E-2,2.262377739E-2,2.678489685E-2
2.967916520E1,-2.288740873E-2,-1.086840034E-2,2.920341492E-2
2.968715990E1,-1.313239336E-2,1.074984670E-2,1.964759827E-2
2.969515599E1,3.759026527E-3,1.805910468E-2,1.966762543E-2
2.970318185E1,-1.050412655E-2,1.095804572E-2,1.489353180E-2
2.971117902E1,1.558303833E-3,8.564472198E-3,1.729679108E-2
2.971917410E1,1.116704941E-2,1.343613863E-2,2.448654175E-2
2.972716888E1,-1.500403881E-2,6.246715784E-3,2.689838409E-2
2.973317936E1,-5.398929119E-3,1.585215330E-3,2.930068970E-2
2.973516613E1,-3.004729748E-3,-3.203183413E-3,3.648376465E-2
2.974316068E1,-3.166383505E-2,1.828658581E-2,5.085277557E-2
2.975115761E1,-1.732522249E-2,-5.652308464E-3,5.563926697E-2
2.975918185E1,-1.965886354E-2,1.833617687E-2,5.085849762E-2
2.976717733E1,-2.192074060E-2,6.440281868E-3,5.087566376E-2
2.977517388E1,-2.279281616E-4,6.456464529E-3,3.891944885E-2
2.978316874E1,2.279281616E-3,1.603114605E-2,2.935409546E-2
2.979116590E1,1.203441620E-2,1.609519124E-2,3.895187378E-2
2.979916014E1,-4.598975182E-3,1.852422953E-2,2.220726013E-2
2.980715554E1,-3.550273180E-2,1.764416695E-3,2.462291718E-2
2.981518255E1,-2.581179142E-2,6.662547588E-3,2.703380585E-2
2.982317825E1,-3.046476841E-2,1.147806644E-2,1.268386841E-2
2.983117396E1,-2.547657490E-2,1.382517815E-2,1.030731201E-2
2.983916966E1,-1.341748238E-2,-5.130171776E-4,2.707672119E-2
2.984716413E1,-1.094919443E-2,1.636546850E-2,2.709007263E-2
2.985516053E1,-3.001970053E-2,1.641702652E-2,4.864883423E-2
2.986315585E1,-2.522474527E-2,2.606740594E-2,3.428745270E-2
2.987118240E1,-1.077085733E-2,1.421260834E-2,4.387855530E-2
2.987917749E1,-3.558874130E-3,1.424598694E-2,3.191280365E-2
2.988717288E1,1.256287098E-3,4.752010107E-3,3.910255432E-2
2.989517036E1,1.320320368E-2,1.434558630E-2,2.952384949E-2
2.990316521E1,1.094561815E-2,1.436448097E-2,1.756763458E-2
2.991116061E1,-1.288259029E-2,1.440468431E-2,2.236938477E-2
2.991915624E1,1.137948036E-2,2.478748560E-3,3.198051453E-2
2.992718125E1,-7.436215878E-3,-7.169842720E-3,3.201103210E-2
2.993517695E1,-4.629790783E-3,2.399846911E-2,2.247714996E-2
2.994115942E1,-1.621794701E-2,1.203456521E-2,3.448677063E-2
2.994317358E1,-2.340054512E-2,7.246166468E-3,3.927516937E-2
2.995117044E1,-2.550691366E-2,2.405312657E-2,4.409408569E-2
2.995916437E1,-2.776652575E-2,-6.903409958E-3,4.651069641E-2
2.996715938E1,-2.297294140E-2,9.868353605E-3,4.651260376E-2
2.997518593E1,1.053279638E-2,7.466763258E-3,2.975082397E-2
2.998318156E1,2.258497477E-2,1.232513785E-2,3.215694427E-2
2.999117788E1,3.589928150E-3,-2.060443163E-3,1.780605316E-2
2.999917273E1,1.577484608E-2,9.924948215E-3,2.740573883E-2
3.000716805E1,6.564915180E-3,1.473385096E-2,1.307773590E-2
3.001516468E1,-2.414095402E-2,2.663853765E-2,2.748107910E-2
3.002316015E1,-1.904886961E-2,1.949983835E-2,3.948497772E-2
3.003115670E1,-4.766350985E-2,2.748310566E-3,4.428482056E-2
3.003918164E1,-4.775655270E-2,3.777444363E-4,5.385303497E-2
3.004717711E1,-3.121316433E-2,9.889960289E-3,2.031040192E-2
3.005517335E1,-2.200531960E-2,1.708436012E-2,2.266883850E-2
3.006316852E1,-3.266811371E-3,9.904950857E-3,1.305007935E-2
3.007116545E1,2.489203215E-2,7.592797279E-3,1.539134979E-2
3.007915993E1,2.870738506E-3,2.932131290E-3,1.295661926E-2
3.008718232E1,3.606426716E-2,7.116198540E-4,3.687477112E-2
3.009518180E1,2.150797844E-2,-1.597514749E-2,4.404163361E-2
3.010317719E1,2.492785454E-3,-1.586061716E-2,4.406070709E-2
3.011117312E1,-4.432678223E-3,-3.903716803E-3,4.408645630E-2
3.011916768E1,-1.602226496E-2,8.021831512E-3,5.609321594E-2
3.012716307E1,-2.041608095E-2,-1.476556063E-3,4.177188873E-2
3.013515931E1,-2.267342806E-2,3.212562203E-2,5.136585236E-2
3.014318556E1,-1.307493448E-2,3.221622109E-2,2.503681183E-2
3.015118249E1,-5.966663361E-3,2.518770099E-2,2.743148804E-2
3.015917696E1,8.210480213E-3,3.730759025E-2,3.460216522E-2
3.016716959E1,8.174240589E-3,2.294829488E-2,2.262878418E-2
3.017516868E1,2.266305685E-2,2.539694309E-2,2.982616425E-2
3.018316400E1,1.338338852E-2,1.116853952E-2,2.268028259E-2
3.019115939E1,1.718640327E-3,3.963053226E-3,3.707408905E-2
3.019918494E1,-1.227313280E-2,6.330668926E-3,2.992820740E-2
3.020718034E1,-3.598093987E-2,-3.411859274E-3,3.473091125E-2
3.021517635E1,-3.817021847E-2,-1.109451056E-3,2.995872498E-2
3.022317275E1,-2.138328552E-2,1.546651125E-2,3.713512421E-2
3.023116868E1,-3.097468615E-2,8.244305849E-3,1.079463959E-2
3.023916377E1,-3.364145756E-2,2.491801977E-2,1.555156708E-2
3.024715893E1,-1.471966505E-2,1.061841846E-2,2.510929108E-2
3.025518541E1,-1.511669159E-2,8.371233940E-3,2.986526489E-2
3.026318050E1,-1.132309437E-3,8.474379778E-3,3.940963745E-2
3.027117743E1,5.750656128E-3,1.809480786E-2,5.135250092E-2
3.027917275E1,2.233797312E-2,1.342979074E-2,4.894733429E-2
3.028716730E1,1.042449474E-2,3.827601671E-3,4.416275024E-2
3.029516354E1,-1.085823774E-2,6.242245436E-3,2.982616425E-2
3.030315901E1,-1.760011911E-2,6.197392941E-3,3.226184845E-2
3.031118633E1,-1.230770350E-2,-2.011278272E-2,2.991867065E-2
3.031918027E1,4.982948303E-5,-5.806803703E-3,2.756118774E-2
3.032717536E1,-3.073638678E-2,-5.793780088E-3,2.759552002E-2
3.033517198E1,-8.960366249E-3,2.775594592E-2,2.522468567E-2
3.034316738E1,-1.602816582E-2,6.300926208E-3,3.002929688E-2
3.035116424E1,5.545079708E-3,1.823207736E-2,2.763652802E-2
3.035915909E1,2.716106176E-2,2.299225330E-2,1.806545258E-2
3.036718434E1,1.060122252E-2,2.293300629E-2,2.047634125E-2
3.037518058E1,6.018519402E-3,1.320064068E-3,3.006935120E-2
3.038317605E1,-2.255100012E-2,3.748953342E-3,4.445266724E-2
3.039117329E1,-2.003741264E-2,2.286961675E-2,4.925155640E-2
3.039916738E1,-4.887789488E-2,-1.031965017E-3,1.811885834E-2
3.040716255E1,-1.801395416E-2,-1.544642448E-2,1.809024811E-2
3.041515856E1,-1.840162277E-2,-5.791723728E-3,2.044868469E-2
3.042318472E1,4.743933678E-4,6.294161081E-3,2.282142639E-2
3.043118074E1,1.454013586E-2,1.665294170E-3,3.237628937E-2
3.043917544E1,1.433879137E-2,1.611161232E-2,2.278327942E-2
3.044717122E1,7.193505764E-3,1.147583127E-2,2.279567719E-2
3.045516754E1,2.511560917E-3,1.393103600E-2,4.914474487E-2
3.046316263E1,2.793848515E-3,2.595037222E-2,3.959751129E-2
3.047115918E1,3.145694733E-3,2.350297570E-2,5.639076233E-2
3.047918450E1,-1.090353727E-2,1.865705848E-2,4.684257507E-2
3.048717928E1,-1.773750782E-2,4.178375006E-3,2.771854401E-2
3.049517614E1,-3.198426962E-2,-7.016062737E-4,4.448413849E-2
3.050317130E1,-2.236926556E-2,-7.872998714E-3,2.533531189E-2
3.051116816E1,-2.491259575E-2,2.080258727E-2,2.771186829E-2
3.051916271E1,-3.596007824E-3,1.133066416E-2,1.572227478E-2
3.052715780E1,-2.066421509E-2,9.076237679E-3,1.809310913E-2
3.053518458E1,-1.626813412E-2,6.776034832E-3,4.679012299E-2
3.054318028E1,1.211458445E-2,1.158550382E-2,5.393791199E-2
3.055117629E1,2.182424068E-3,1.910984516E-3,2.516746521E-2
3.055917076E1,1.150578260E-2,1.384308934E-2,3.711128235E-2
3.056716647E1,2.105027437E-2,1.371842623E-2,2.513027191E-2
3.057516271E1,6.758809090E-3,2.543339133E-2,3.470134735E-2
3.058315818E1,1.661455631E-2,2.768892050E-2,1.317501068E-2
3.059118496E1,1.465219259E-2,2.276200056E-2,2.518177032E-2
3.059917974E1,-3.031581640E-2,2.263128757E-2,2.522754669E-2
3.060717514E1,-1.550042629E-2,-8.512347937E-3,3.724288940E-2
3.061517084E1,-2.946603298E-2,8.264213800E-3,2.531242371E-2
3.062316739E1,-1.510959864E-2,2.246797085E-2,3.248596191E-2
3.063116341E1,-2.720218897E-2,1.274958253E-2,1.570701599E-2
3.063915826E1,-1.540309191E-2,3.417304158E-2,8.501052856E-3
3.064718035E1,-3.008270264E-2,3.012925386E-3,8.467674255E-3
3.065517952E1,5.514740944E-3,2.966701984E-3,2.519321442E-2
3.066317553E1,2.845644951E-3,7.724314928E-3,2.755832672E-2
3.067117215E1,-4.473209381E-3,5.258500576E-3,3.472328186E-2
3.067916686E1,-1.656609774E-2,1.715686917E-2,3.470802307E-2
3.068716202E1,7.284879684E-3,3.374218941E-4,4.187870026E-2
3.069518842E1,1.197999716E-2,1.882910728E-4,4.904365540E-2
3.070318382E1,-1.206350327E-2,4.849433899E-3,3.945064545E-2
3.071118075E1,-7.303357124E-3,-6.034970284E-5,3.225994110E-2
3.071917499E1,-1.931607723E-2,-1.913905144E-4,3.943061829E-2
3.072717062E1,-5.039095879E-3,2.130433917E-2,2.984237671E-2
3.073516640E1,-2.911734581E-2,2.369561791E-2,2.743434906E-2
3.074316241E1,-2.929550409E-2,9.345412254E-3,1.544570923E-2
3.075115812E1,-2.236378193E-2,-5.012422800E-3,2.978706360E-2
3.075918359E1,-8.403599262E-3,1.895689964E-2,3.693103790E-2
3.076717906E1,-1.616358757E-3,4.579424858E-3,4.407310486E-2
3.077517530E1,-4.346728325E-3,-1.216357946E-2,4.164600372E-2
3.078317108E1,2.409541607E-2,-2.951920033E-4,2.724742889E-2
3.079116702E1,2.889776230E-2,4.394650459E-3,3.682041168E-2
3.079916157E1,1.465892792E-2,-1.007941365E-2,4.161643982E-2
3.080715689E1,7.802188396E-3,1.616567373E-2,3.206729889E-2
3.081518367E1,-3.842413425E-3,-3.092288971E-3,1.054573059E-2
3.082317945E1,-1.062351465E-2,1.118379831E-2,2.494716644E-2
3.083117661E1,-1.265591383E-2,1.836892962E-2,2.977180481E-2
3.083917078E1,-2.924454212E-2,1.354861259E-2,2.499866486E-2
3.084716533E1,-4.842281342E-4,1.120251417E-2,4.415798187E-2
3.085516188E1,-2.910137177E-3,1.594722271E-3,2.739334106E-2
3.086315735E1,-2.225315571E-2,1.117026806E-2,3.216362000E-2
3.087118467E1,6.356298923E-3,8.697628975E-3,2.735900879E-2
3.087917914E1,-2.017980814E-2,6.227850914E-3,2.254676819E-2
3.088717116E1,-8.459985256E-3,1.575899124E-2,1.294326782E-2
3.089517032E1,-1.595413685E-2,6.192356348E-3,5.121898651E-2
3.090316602E1,-9.129703045E-3,-3.348529339E-3,2.963733673E-2
3.091116296E1,-9.718835354E-3,-3.313273191E-3,4.155158997E-2
3.091915712E1,-2.233839035E-2,1.121053100E-2,5.581855774E-3
3.093517892E1,7.641375065E-3,4.041045904E-3,1.743984222E-2
3.094317554E1,2.336382866E-3,-1.505649090E-2,2.936172485E-2
3.095117132E1,9.138882160E-3,-6.828606129E-4,3.171825409E-2
3.095916549E1,2.799022198E-2,-1.519334316E-2,2.928638458E-2
3.096716081E1,8.854448795E-3,-5.782753229E-3,3.406810760E-2
3.097515713E1,-1.265388727E-2,1.141458750E-3,2.448272705E-2
3.098318391E1,-3.179949522E-2,-3.759175539E-3,3.644943237E-2
3.099117992E1,-4.379642010E-2,1.053816080E-2,3.644275665E-2
3.099917408E1,-1.756662130E-2,2.740812302E-2,4.601478577E-2
3.100716956E1,-1.071554422E-2,6.019562483E-3,4.359531403E-2
3.101516557E1,5.570769310E-3,1.095327735E-2,3.876781464E-2
3.102316127E1,7.598459721E-3,2.067017555E-2,3.394889832E-2
3.103115790E1,3.368711472E-2,2.792978287E-2,4.111194611E-2
3.103918337E1,4.821121693E-3,1.610907912E-2,2.913475037E-2
3.104717792E1,1.196920872E-2,6.570458412E-3,7.585525513E-3
3.105517416E1,-9.300529957E-3,1.677125692E-3,3.873252869E-2
3.106317025E1,-1.856660843E-2,-5.638360977E-3,3.396797180E-2
3.107116711E1,-2.062702179E-2,8.547306061E-3,5.314636230E-2
3.107916097E1,-3.478741646E-2,-3.582835197E-3,1.724624634E-2
3.108715582E1,-4.194867611E-2,2.015155554E-2,2.920722961E-2
3.109518345E1,-5.161398649E-2,3.295093775E-3,1.961708069E-2
3.110317823E1,-2.077192068E-2,1.518309116E-2,3.155708313E-2
3.111117486E1,-4.271149635E-2,1.981034875E-2,3.869152069E-2
3.111916995E1,-1.682931185E-2,1.506814361E-2,2.667808533E-2
3.112716450E1,-3.049314022E-3,1.983016729E-2,5.295467377E-2
3.113516082E1,-1.317477226E-2,1.500511169E-2,3.853321075E-2
3.114315621E1,5.361974239E-3,1.503267884E-2,2.889633179E-2
3.115118392E1,1.692497730E-2,5.472481251E-3,1.928043365E-2
3.115917831E1,1.667195559E-2,-1.783341169E-3,1.925182343E-2
3.116717340E1,3.095883131E-2,7.719188929E-3,3.121089935E-2
3.117517003E1,4.818320274E-3,-4.344731569E-3,3.122615814E-2
3.118316542E1,-2.127891779E-2,-4.346996546E-3,3.364372253E-2
3.119116205E1,-1.140248775E-2,-1.631081104E-2,5.522155762E-2
3.119918668E1,-2.072322369E-2,-4.447937012E-3,3.848171234E-2
3.120718123E1,-1.332014799E-2,5.045801401E-3,2.652835846E-2
3.121517808E1,-2.051991224E-2,2.531558275E-3,4.328060150E-2
3.122317440E1,-3.801941872E-3,1.204901934E-2,7.360458374E-3
3.123117049E1,2.256178856E-2,9.468078613E-3,3.368949890E-2
3.123916496E1,2.519702911E-2,2.121925354E-2,2.173233032E-2
3.124715998E1,-3.179669380E-3,1.866486669E-2,9.787559509E-3
3.125518745E1,-2.680432796E-2,2.563655376E-2,9.808540344E-3
3.126318254E1,-4.099094868E-2,6.309390068E-3,2.418231964E-2
3.127117886E1,-4.824393988E-2,-8.081525564E-3,4.093456268E-2
3.127917295E1,-3.659158945E-2,-8.126467466E-3,2.174663544E-2
3.128716811E1,-2.046459913E-2,-1.529321074E-2,2.647304535E-2
3.129516528E1,-1.144802570E-2,-1.763778925E-2,3.599643707E-2
3.130316013E1,-1.865625381E-5,-2.234560251E-2,9.610176086E-3
3.131118807E1,9.184062481E-3,3.984421492E-3,2.633285522E-2
3.131918231E1,2.810448408E-2,6.343632936E-3,2.630805969E-2
3.132717732E1,6.488144398E-3,1.523822546E-3,2.390480042E-2
3.133517341E1,4.349172115E-3,6.241530180E-3,3.350353241E-2
3.134316873E1,4.538118839E-3,3.780424595E-3,4.070186615E-2
3.135116605E1,-1.427465677E-2,2.777823806E-2,4.552650452E-2
3.135915991E1,-3.090494871E-2,1.577505469E-2,4.793167114E-2
3.136718269E1,-4.999077320E-2,-1.532205939E-2,5.033397675E-2
3.137518147E1,-4.277104139E-2,-3.347843885E-3,4.076194763E-2
3.138317840E1,-3.813976049E-2,1.577281952E-2,4.553318024E-2
3.139117403E1,-2.646529675E-2,-1.774591208E-2,2.874374390E-2
3.139916881E1,-2.460610867E-2,1.815059781E-2,1.671886444E-2
3.140716359E1,-1.560008526E-2,6.170421839E-3,2.384471893E-2
3.141519068E1,1.503044367E-2,-8.226454258E-3,3.097724915E-2
3.142318638E1,2.169048786E-2,3.724962473E-3,2.374076843E-2
3.143118278E1,4.625678062E-3,-3.560215235E-3,2.131271362E-2
3.143917694E1,1.421403885E-2,3.478229046E-3,3.327655792E-2
3.144717234E1,1.442283392E-2,-3.931224346E-3,4.286289215E-2
3.145516866E1,-1.151204109E-2,3.081768751E-3,3.331756592E-2
3.146316436E1,-2.303701639E-2,1.014691591E-2,4.053878784E-2
3.147116122E1,-2.267760038E-2,-6.736129522E-3,3.338432312E-2
3.147918592E1,-2.712082863E-2,5.082190037E-3,3.101730347E-2
3.148718093E1,-4.356074333E-2,1.209947467E-2,1.428031921E-2
3.149517795E1,-3.618955612E-2,1.433381438E-2,1.189804077E-2
3.150317265E1,-9.802341461E-3,9.408414364E-3,1.668453217E-2
3.151116997E1,-2.680981159E-2,2.139022946E-2,9.477615356E-3
3.151916406E1,-2.937507629E-2,1.179665327E-2,9.459495544E-3
3.152715884E1,-2.251511812E-2,-4.929631948E-3,3.097724915E-2
3.153518631E1,-1.093190908E-2,-4.892736673E-3,3.094100952E-2
3.154318140E1,-1.846176386E-2,-5.844235420E-5,2.372550964E-2
3.155117833E1,2.659201622E-3,2.283453941E-3,3.565311432E-2
3.155917334E1,7.231235504E-3,-7.345676422E-3,3.562831879E-2
3.156716751E1,-2.527654171E-3,-9.836316109E-3,3.081798553E-2
3.157516444E1,2.620238066E-2,9.139865637E-3,2.841472626E-2
3.158315899E1,-2.394199371E-3,1.856911182E-2,3.560352325E-2
3.159118724E1,-3.103315830E-2,8.961796761E-3,4.758071899E-2
3.159918056E1,-2.605354786E-2,2.329555154E-2,3.323268890E-2
3.160717618E1,-3.794437647E-2,8.867830038E-3,1.887226105E-2
3.161517250E1,-4.982256889E-2,1.360869408E-2,2.845668793E-2
3.162316797E1,-4.513162374E-2,2.794978023E-2,1.647472382E-2
3.163116460E1,-1.668924093E-2,-7.954567671E-3,3.560066223E-2
3.163915961E1,-3.623664379E-2,-7.939040661E-4,3.556060791E-2
3.164718524E1,-3.227353096E-3,1.115217805E-2,2.593231201E-2
3.165518156E1,-6.119489670E-3,1.099872589E-2,1.150989532E-2
3.166317695E1,1.033306122E-2,-1.063168049E-3,6.687164307E-3
3.167117350E1,1.020193100E-2,1.234740019E-3,2.342796326E-2
3.167916798E1,2.212345600E-2,-3.657668829E-3,3.778266907E-2
3.168716284E1,-1.376652718E-2,3.527432680E-3,4.257392883E-2
3.169515908E1,-1.601088047E-2,1.540312171E-2,4.497909546E-2
3.170318555E1,-1.103967428E-2,5.841732025E-3,4.499721527E-2
3.171118187E1,1.200616360E-3,-1.805743575E-2,5.220890045E-2
3.171917642E1,8.667647839E-3,-1.813793182E-2,3.068542480E-2
3.172717205E1,-5.478858948E-4,-6.139934063E-3,3.311538696E-2
3.173516806E1,-2.405828238E-2,-1.816192269E-2,2.597427368E-2
3.174316407E1,-3.568696976E-2,2.237743139E-2,2.121162415E-2
3.175115954E1,-3.059196472E-2,3.091603518E-3,6.869316101E-3
3.175918540E1,-3.737670183E-2,2.219000459E-2,2.845382690E-2
3.176717741E1,-4.923152924E-2,1.248884201E-2,5.000686646E-2
3.177517588E1,-6.129556894E-2,2.887576818E-3,6.901741028E-3
3.178317159E1,-5.684149265E-2,-1.147451997E-2,2.123355865E-2
3.179116883E1,-4.309713840E-2,-4.228502512E-3,1.638698578E-2
3.179916330E1,-3.428846598E-2,1.737236977E-2,3.067970276E-2
3.180715831E1,1.986968517E-2,7.934212685E-3,2.580738068E-2
3.181518540E1,4.560709000E-3,1.047769189E-2,2.093315125E-2
3.182318080E1,2.776563168E-2,-1.330041885E-2,3.762912750E-2
3.183117681E1,3.198254108E-2,-1.334798336E-2,5.193519592E-2
3.183917197E1,2.696627378E-2,-1.584777236E-2,3.275394440E-2
3.184716699E1,-1.692116261E-3,-4.068881273E-3,4.232788086E-2
3.185516300E1,-1.473009586E-3,-6.651103497E-3,3.755187988E-2
3.186315870E1,-2.506095171E-2,1.007905602E-2,4.476833344E-2
3.187118556E1,-3.447967768E-2,1.008537412E-2,3.760051727E-2
3.187918057E1,-4.408907890E-2,-9.011447430E-3,3.520679474E-2
3.188717543E1,-3.234297037E-2,6.837546825E-4,1.843070984E-2
3.189517267E1,-1.600068808E-2,2.472370863E-2,3.275966644E-2
3.190316799E1,9.881019592E-3,3.447356820E-2,3.993988037E-3
3.191116431E1,3.322839737E-2,8.309215307E-3,2.788639069E-2
3.191915824E1,3.055143356E-2,8.388310671E-3,3.025627136E-2
3.192718372E1,1.371216774E-2,-1.310589910E-2,2.067470551E-2
3.193518042E1,-2.882361412E-3,-8.303165436E-3,3.984546661E-2
3.194317635E1,-1.692694426E-2,-6.002664566E-3,3.747653961E-2
3.195117267E1,-1.902252436E-2,2.501216531E-2,3.271198273E-2
3.195916776E1,-3.310996294E-2,-3.867954016E-3,3.033828735E-2
3.196716262E1,-4.486471415E-2,-4.095733166E-3,2.556037903E-2
3.197518902E1,-3.523498774E-2,-9.058028460E-3,2.076816559E-2
3.198318449E1,-2.086120844E-2,3.827512264E-4,1.836776733E-2
3.199118050E1,-4.013359547E-2,1.229226589E-2,3.987312317E-3
3.199917559E1,-3.550970554E-2,2.802670002E-3,2.791786194E-2
3.200717091E1,-2.159816027E-2,5.345195532E-3,3.745746613E-2
3.201516700E1,-1.244646311E-2,-8.898586035E-3,5.178737640E-2
3.202316270E1,-1.035761833E-2,-1.362812519E-2,4.457759857E-2
3.203115956E1,-1.767003536E-2,-8.844822645E-3,5.653572083E-2
3.203918488E1,8.684635162E-3,2.455729246E-2,4.934883118E-2
3.204717935E1,-5.640387535E-3,-4.210174084E-3,3.498649597E-2
3.205517621E1,-2.232420444E-2,-1.904308796E-3,2.780628204E-2
3.206317160E1,-1.974111795E-2,-2.593255043E-2,2.782058716E-2
3.207116800E1,-1.720291376E-2,1.960545778E-2,3.023147583E-2
3.207916216E1,-1.216900349E-2,-1.398548484E-2,1.349258423E-2
3.208715779E1,-2.645677328E-2,7.565945387E-3,2.307605743E-2
3.209518457E1,1.429975033E-2,1.468700171E-2,1.110935211E-2
3.210317974E1,9.612262249E-3,1.466333866E-2,6.328582764E-3
3.211117667E1,9.897172451E-3,2.162754536E-4,2.311134338E-2
3.211917107E1,-1.717865467E-3,7.284373045E-3,3.750610352E-2
3.213516286E1,-5.619770288E-2,-4.753619432E-3,2.798366547E-2
3.214318802E1,-3.942811489E-2,-7.173627615E-3,2.798366547E-2
3.215118504E1,-3.958886862E-2,-2.382427454E-3,3.754425049E-2
3.215917943E1,-3.995746374E-2,7.165133953E-3,1.595878601E-2
3.216717483E1,-2.609848976E-2,-1.426130533E-2,1.830959320E-2
3.217517115E1,-5.069792271E-3,7.382184267E-3,1.108169556E-2
3.218316654E1,1.598823071E-2,-2.205282450E-3,1.455307007E-3
3.219116324E1,-1.303249598E-2,5.000174046E-3,1.579380035E-2
3.219918787E1,1.352250576E-3,-1.183903217E-2,1.579189301E-2
3.220718327E1,-1.296526194E-2,-2.317309380E-3,3.734111786E-2
3.221517990E1,-1.040947437E-2,7.091671228E-3,3.016662598E-2
3.222317521E1,-4.856109619E-2,9.438127279E-3,2.778434753E-2
3.223117153E1,-2.926164865E-2,7.094323635E-3,4.695510864E-2
3.223916631E1,-3.410470486E-2,2.143391967E-2,3.497791290E-2
3.224716171E1,-4.628270864E-2,4.726588726E-3,4.693126678E-2
3.225518764E1,-4.895049334E-2,5.814433098E-5,4.451560974E-2
3.226318427E1,-2.773851156E-2,-4.588812590E-3,2.772998810E-2
3.227118021E1,-3.780764341E-2,-9.266018867E-3,1.092815399E-2
3.227917529E1,-2.162665129E-2,9.972631931E-3,1.566505432E-2
3.228717069E1,1.365327835E-2,5.130171776E-4,1.560783386E-2
3.229516609E1,1.548331976E-2,-4.201859236E-3,1.191139221E-3
3.230316210E1,8.181154728E-3,1.498386264E-2,1.075839996E-2
3.231118926E1,2.266639471E-2,-4.266321659E-3,2.991867065E-2
3.231918397E1,-1.038706303E-2,1.477682590E-2,2.756404877E-2
3.232717844E1,-4.954516888E-3,-6.918996572E-3,4.916763306E-2
3.233517453E1,-3.063243628E-2,1.691827178E-2,4.683303833E-2
3.234317023E1,-3.223460913E-2,2.512782812E-3,3.733158112E-2
3.235116686E1,-4.361140728E-2,-2.255231142E-3,3.978538513E-2
3.235916095E1,-5.519974232E-2,9.750008583E-3,2.785301208E-2
3.236718719E1,-4.785180092E-2,-2.108007669E-3,3.984642029E-2
3.237518289E1,-5.045205355E-2,-6.793469191E-3,2.307224274E-2
3.238317944E1,-3.871309757E-2,-1.937329769E-3,2.784061432E-2
3.239117584E1,-1.747077703E-2,-9.007155895E-3,1.105785370E-2
3.239917031E1,-3.502607346E-3,6.132423878E-4,8.625984192E-3
3.240716540E1,1.296371222E-2,1.012879610E-2,-3.376960754E-3
3.241516141E1,1.516479254E-2,1.485913992E-2,1.814937592E-2
3.242318750E1,7.973253727E-3,1.716840267E-2,2.532672882E-2
3.243118390E1,1.274746656E-2,-1.992017031E-3,3.729534149E-2
3.243917860E1,-2.064120770E-2,4.136860371E-4,4.449272156E-2
3.244717400E1,-2.049267292E-2,2.857208252E-3,5.169105530E-2
3.245516947E1,-2.757364511E-2,2.849817276E-3,4.930782318E-2
3.246316571E1,-1.546031237E-2,1.729106903E-2,4.932498932E-2
3.247116211E1,-1.302856207E-2,5.408436060E-3,3.736114502E-2
3.247918727E1,-1.545917988E-2,-1.700609922E-3,2.778530121E-2
3.248717967E1,-1.140892506E-3,-8.920013905E-3,-3.345489502E-3
3.249517876E1,-2.261322737E-2,5.388855934E-3,3.841400146E-3
3.250317438E1,-1.529085636E-2,7.775962353E-3,1.343154907E-2
3.251117109E1,-2.231782675E-2,7.751762867E-3,1.583957672E-2
3.251916548E1,-2.934086323E-2,2.968639135E-3,2.543258667E-2
3.252716057E1,-3.407830000E-2,5.426049232E-3,2.065277100E-2
3.253518712E1,-4.139614105E-2,-6.435215473E-3,4.698085785E-2
3.254318252E1,-2.967923880E-2,1.281720400E-2,4.696083069E-2
3.255117976E1,-1.818519831E-2,-6.211906672E-3,3.973770142E-2
3.255917485E1,-4.255652428E-3,-6.199002266E-3,5.406093597E-2
3.256716924E1,-4.676759243E-3,-3.741711378E-3,3.008174896E-2
3.257516556E1,2.371913195E-2,-8.532375097E-3,3.723049164E-2
3.258316134E1,9.390056133E-3,1.780396700E-2,1.320838928E-3
3.259118928E1,4.351139069E-5,2.026274800E-2,3.740310669E-3
3.259918229E1,-6.509602070E-3,1.788267493E-2,6.197929382E-3
3.260717768E1,-4.422283173E-2,8.225351572E-3,2.540588379E-2
3.261517400E1,-2.203875780E-2,1.067599654E-2,1.828765869E-2
3.262316963E1,-3.108340502E-2,1.072326303E-2,2.791881561E-2
3.263116626E1,-4.504132271E-2,-2.032515407E-2,3.275108337E-2
3.263916073E1,-4.225009680E-2,-8.290737867E-3,3.997707367E-2
3.264718574E1,-3.255331516E-2,8.374363184E-3,4.716587067E-2
3.265518260E1,-4.912632704E-2,5.929410458E-3,2.084541321E-2
3.266317800E1,-2.035373449E-2,1.303187013E-2,1.605796814E-2
3.267117470E1,-2.985191345E-2,1.295736432E-2,1.845550537E-2
3.267916940E1,-2.507275343E-2,3.408402205E-3,2.324390411E-2
3.268716511E1,-3.719937801E-2,8.258998394E-3,1.604938507E-2
3.269516709E1,-4.936867952E-2,-5.955904722E-3,3.040313721E-2
3.270319264E1,-3.771215677E-2,-3.446131945E-3,1.122379303E-2
3.271118927E1,-1.907068491E-2,1.581582427E-2,1.836204529E-2
3.271918382E1,-1.965218782E-2,-2.481582761E-2,3.267288208E-2
3.272717914E1,-5.873322487E-3,1.604810357E-2,2.544212341E-2
3.273517484E1,1.517379284E-2,-1.976004243E-2,3.497409821E-2
3.274317093E1,5.307435989E-3,1.142388582E-2,4.452514648E-2
3.275116748E1,7.567584515E-3,-1.003974676E-2,5.169868469E-2
3.275919280E1,-1.150649786E-2,-5.162954330E-4,4.212760925E-2
3.276718759E1,-1.840329170E-2,-1.486009359E-2,3.497505188E-2
3.277518391E1,-2.783513069E-2,-7.661908865E-3,4.217147827E-2
3.278317961E1,-3.729277849E-2,1.401287317E-2,1.824760437E-2
3.279117524E1,-3.733569384E-2,2.623158693E-2,3.501605988E-2
3.279917125E1,-2.562201023E-2,-4.651665688E-3,3.877639771E-3
3.280716611E1,3.907084465E-4,2.422496676E-2,1.103687286E-2
3.281519258E1,7.269024849E-3,1.001378894E-2,2.059078217E-2
3.282318798E1,1.909756660E-2,1.253655553E-2,2.297687531E-2
3.283118430E1,1.207637787E-2,1.974779367E-2,1.341724396E-2
3.283917878E1,7.481932640E-3,5.457669497E-3,3.020000458E-2
3.284717448E1,-2.326041460E-2,1.013979316E-2,3.502082825E-2
3.285517103E1,-3.721123934E-2,1.721954346E-2,1.590347290E-2
3.286316643E1,-4.169583321E-2,1.234695315E-2,4.226398468E-2
3.287119321E1,-4.627132416E-2,-4.591882229E-3,2.551746368E-2
3.287918776E1,-6.298840046E-2,1.200670004E-2,2.311801910E-2
3.288718277E1,-2.718615532E-2,9.535491467E-3,2.310371399E-2
3.289517917E1,-4.659533501E-2,1.413229108E-2,2.785682678E-2
3.290317480E1,-3.481054306E-2,1.878172159E-2,1.825523376E-2
3.291117181E1,-2.307903767E-2,9.155184031E-3,2.780628204E-2
3.291916590E1,-4.187405109E-3,9.224027395E-3,3.017807007E-2
3.292719145E1,3.971457481E-4,1.170504093E-2,3.016281128E-2
3.293518808E1,9.789466858E-3,-1.469850540E-4,3.972721100E-2
3.294318317E1,-1.409399509E-2,-1.450791955E-2,4.452228546E-2
3.295117949E1,-3.545832634E-2,-2.165627480E-2,3.735828400E-2
3.295917489E1,-2.322113514E-2,-2.405333519E-2,2.541351318E-2
3.296716967E1,-2.291238308E-2,-1.688498259E-2,3.502082825E-2
3.297516637E1,-1.543986797E-2,-7.308334112E-3,3.265380859E-2
3.298319154E1,-1.520049572E-2,4.615485668E-3,2.070522308E-2
3.299118909E1,-1.973432302E-2,1.653343439E-2,1.593875885E-2
3.299918326E1,-5.161046982E-3,7.028400898E-3,1.117420197E-2
3.300717866E1,-1.937049627E-2,-1.680552959E-4,1.118850708E-2
3.301517467E1,-7.226169109E-3,1.664033532E-2,2.796745300E-2
3.302316976E1,1.907348633E-4,2.387717366E-2,4.475307465E-2
3.303119754E1,-1.636791229E-2,-1.438412070E-2,1.604461670E-2
3.303919263E1,-2.809578180E-2,4.849404097E-3,3.043746948E-2
3.304718672E1,-2.782547474E-2,-9.505629539E-3,4.004192352E-2
3.305518342E1,-4.927635193E-2,-2.872279286E-2,3.765296936E-2
3.306317905E1,-2.035880089E-2,-1.434981823E-4,2.808761597E-2
3.307117537E1,-8.456528187E-3,2.104938030E-3,1.370811462E-2
3.307917046E1,-2.035474777E-2,-7.595390081E-3,8.920669556E-3
3.308719570E1,-1.556187868E-2,1.393654943E-2,4.132270813E-3
3.309119240E1,-1.073765755E-2,6.821215153E-3,1.371574402E-2
3.309317510E1,-1.313185692E-2,1.160961390E-2,1.611042023E-2
3.309519172E1,-1.073765755E-2,1.639804244E-2,2.089881897E-2
3.310318711E1,-3.223717213E-2,6.890714169E-3,2.569484711E-2
3.311118374E1,-2.754247189E-2,7.119625807E-3,2.569770813E-2
3.311917891E1,-2.283906937E-2,-4.692196846E-3,4.485034943E-2
3.312717369E1,-1.572710276E-2,-9.489804506E-3,6.160354614E-2
3.313517024E1,-2.312958241E-2,-7.082730532E-3,4.482269287E-2
3.314319618E1,-1.843649149E-2,-7.104098797E-3,4.720592499E-2
3.315119280E1,-1.861214638E-2,7.168471813E-3,2.563571930E-2
3.315918697E1,-1.624900103E-2,-1.677834988E-2,1.605606079E-2
3.316718229E1,-1.864910126E-2,1.439172029E-2,1.605796814E-2
3.317517838E1,-4.267632961E-3,-1.666003466E-2,2.085208893E-2
3.318317401E1,-2.585434914E-2,2.479016781E-3,3.760623932E-2
3.319116979E1,-2.592545748E-2,1.932090521E-2,3.281497955E-2
3.319919565E1,-3.335243464E-2,2.584248781E-3,2.560997009E-2
3.320718820E1,-1.686626673E-2,1.457822323E-2,2.079582214E-2
3.321518729E1,2.067089081E-3,-2.211898565E-3,3.274250031E-2
3.322318184E1,-1.001942158E-2,-7.104188204E-3,2.554416656E-2
3.323117962E1,-5.220115185E-3,-2.556979656E-3,3.510951996E-2
3.323917387E1,9.313523769E-3,1.890143752E-2,2.315044403E-2
3.324716919E1,-9.597301483E-3,-2.978146076E-4,2.556610107E-2
3.325519604E1,-1.174223423E-2,9.239852428E-3,1.840591431E-2
3.326319137E1,-2.344149351E-2,2.351862192E-2,3.518867493E-2
3.327118768E1,-3.511118889E-2,-2.200657129E-2,3.042793274E-2
3.327918193E1,-3.736031055E-2,-2.842009068E-3,4.001998901E-2
3.328717756E1,-2.045810223E-2,-1.716658473E-2,3.524684906E-2
3.329517418E1,-2.990269661E-2,-2.824306488E-3,2.568244934E-2
3.330316874E1,-1.788574457E-2,-5.336344242E-3,2.328586578E-2
3.331119675E1,-1.067912579E-2,4.200160503E-3,8.921623230E-3
3.331919122E1,-5.947589874E-3,1.133415103E-2,1.848983765E-2
3.332718624E1,-1.068735123E-2,2.324759960E-2,1.130962372E-2
3.333518232E1,-2.987396717E-2,1.124176383E-2,8.910179138E-3
3.334317803E1,-2.504283190E-2,-3.148466349E-3,1.848983765E-2
3.335117435E1,-3.450936079E-2,6.424427032E-3,3.526115417E-2
3.335916913E1,-3.452819586E-2,6.433248520E-3,3.286457062E-2
3.336719499E1,-2.013868093E-2,-1.036101580E-2,4.244232178E-2
3.337519062E1,-1.543092728E-2,4.004329443E-3,3.764533997E-2
3.338318640E1,-1.784694195E-2,-3.209531307E-3,2.806472778E-2
3.339118426E1,-3.709942102E-2,2.311024070E-2,3.284358978E-2
3.339917773E1,-3.237724304E-2,1.827931404E-2,2.565193176E-2
3.340717321E1,-4.199504852E-2,6.211996078E-3,2.803707123E-2
3.341516860E1,-3.732049465E-2,-9.628832340E-4,2.084445953E-2
3.342319500E1,-3.036940098E-2,1.448065042E-3,1.842784882E-2
3.343119194E1,-2.339679003E-2,1.504421234E-3,3.038120270E-2
3.343918610E1,9.958684444E-3,1.346972585E-2,3.754711151E-2
3.344718150E1,2.825856209E-3,-5.703985691E-3,3.276252747E-2
3.345517790E1,7.656276226E-3,-9.234249592E-4,1.361274719E-2
3.346317352E1,-6.553947926E-3,-8.122026920E-3,3.278064728E-2
3.347116992E1,-1.336836815E-2,-5.877524614E-3,3.041553497E-2
3.347919478E1,-1.536613703E-2,2.513730526E-2,1.368999481E-2
3.348719018E1,-5.477964878E-3,5.922794342E-3,1.850509644E-2
3.349518688E1,-3.629487753E-2,3.405570984E-3,1.134777069E-2
3.350318259E1,-1.909101009E-2,-1.376003027E-3,3.772735596E-2
3.351117860E1,-4.037332535E-2,-8.510619402E-3,3.057384491E-2
3.351917361E1,-3.784465790E-2,-1.086938381E-2,3.298282623E-2
3.352716786E1,-2.809548378E-2,-8.544683456E-3,3.060245514E-2
3.353519495E1,-2.105432749E-2,3.288298845E-3,3.536987305E-2
3.354319057E1,-3.080719709E-2,1.523944736E-2,3.535175323E-2
3.355118697E1,-3.343403339E-2,2.235874534E-2,2.814292908E-2
3.355918144E1,-2.663093805E-2,-1.590561867E-2,4.726028442E-2
3.357517286E1,-2.259689569E-2,8.454322815E-4,6.484985352E-3
3.358316887E1,-2.296710014E-2,-1.493066549E-3,3.278732300E-2
3.359119557E1,-2.579182386E-2,3.323227167E-3,6.410598755E-3
3.359919043E1,-2.330243587E-3,-1.438498497E-3,8.757591248E-3
3.360718544E1,4.389345646E-3,-6.182223558E-3,8.714675903E-3
3.361518176E1,-5.529105663E-3,-1.093921065E-2,1.107788086E-2
3.362317716E1,1.095461845E-2,-6.237477064E-3,2.780532837E-2
3.363117417E1,-1.121819019E-3,-4.043817520E-3,2.539062500E-2
3.363916888E1,-1.534664631E-2,5.500882864E-3,3.258514404E-2
3.364719351E1,-3.667020798E-2,-6.535500288E-3,5.654621124E-2
3.365518990E1,-5.078834295E-2,6.880760193E-4,4.699611664E-2
3.366318584E1,-4.119437933E-2,-1.677602530E-3,3.981685638E-2
3.367118277E1,-5.321443081E-3,7.966279984E-3,2.784442902E-2
3.367917671E1,-3.129899502E-3,3.345936537E-3,3.501605988E-2
3.368717172E1,-5.717933178E-3,1.302120090E-2,4.457950592E-2
3.369516812E1,-8.231043816E-3,1.546919346E-2,1.344490051E-2
3.370319452E1,3.655791283E-3,1.311773062E-2,-3.320693970E-3
3.371119053E1,6.211638451E-3,-1.327246428E-3,1.584529877E-2
3.371918570E1,-2.236163616E-2,-1.410424709E-3,2.064514160E-2
3.372718109E1,-5.078125000E-2,3.205448389E-3,2.305984497E-2
3.373517741E1,-5.047273636E-2,-1.129883528E-2,2.787208557E-2
3.374317250E1,-4.088401794E-2,5.264282227E-4,2.068424225E-2
3.375116905E1,-3.371840715E-2,-9.128868580E-3,2.307224274E-2
3.375919337E1,-2.679526806E-2,-2.166777849E-3,3.021907806E-2
3.376718939E1,-3.187507391E-2,-4.694074392E-3,4.215431213E-2
3.377518540E1,-2.977597713E-2,-9.557247162E-3,3.015041351E-2
3.378318149E1,-6.171345711E-3,-2.416789532E-3,1.814365387E-2
3.379117773E1,-1.364815235E-2,-1.147389412E-5,3.487586975E-2
3.379917282E1,-9.116947651E-3,-1.427137852E-2,2.527904510E-2
3.381519385E1,2.572059631E-3,-1.414760947E-2,4.441070557E-2
3.382318955E1,-4.596173763E-3,4.952251911E-3,2.525615692E-2
3.383118610E1,-2.120351791E-2,-2.142041922E-2,3.005695343E-2
3.383918065E1,-2.565503120E-2,-7.113516331E-3,3.487586975E-2
3.384717605E1,-2.047187090E-2,-7.121205330E-3,1.097297668E-2
3.385517199E1,-2.251142263E-2,-9.585559368E-3,3.015804291E-2
3.386316808E1,-3.891104460E-2,-6.335973740E-5,8.642196655E-3
3.387119509E1,-2.425074577E-2,-2.592563629E-3,3.021240234E-2
3.387918964E1,-2.166259289E-2,2.122429013E-2,1.586055756E-2
3.388718465E1,-1.414644718E-2,1.630944014E-2,6.309509277E-3
3.389518197E1,-1.869010925E-2,1.859036088E-2,1.829814911E-2
3.390317614E1,-2.091687918E-2,1.855686307E-2,1.113128662E-2
3.391117308E1,-5.672615767E-2,2.084165812E-2,3.507804871E-2
3.391916786E1,-4.491382837E-2,-1.512077451E-2,1.830005646E-2
3.392719302E1,-4.287606478E-2,-1.042094827E-2,3.741455078E-2
3.393518965E1,-3.372025490E-2,-2.485579252E-2,2.061080933E-2
3.394318512E1,-1.985198259E-2,-3.198209405E-2,1.338100433E-2
3.395118106E1,-3.536105156E-3,-7.983982563E-3,2.770614624E-2
3.395917615E1,-1.563310623E-3,-1.032534242E-2,2.527332306E-2
3.396717216E1,7.802546024E-3,3.962218761E-3,2.285385132E-2
3.397516787E1,2.935981750E-2,-5.606293678E-3,2.046203613E-2
3.398319350E1,-3.969013691E-3,-9.019970894E-4,2.765846252E-2
3.399118974E1,-3.224480152E-2,2.302056551E-2,4.206657410E-2
3.399918514E1,-2.218854427E-2,1.390695572E-3,3.732204437E-2
3.400717992E1,-4.568535089E-2,1.095962524E-2,5.891323090E-2
3.401517655E1,-5.732512474E-2,-2.019214630E-2,3.979110718E-2
3.402317171E1,-6.439995766E-2,1.086455584E-2,1.585674286E-2
3.403116865E1,-5.481910706E-2,8.368819952E-3,2.063941956E-2
3.403919328E1,-1.903218031E-2,-1.262575388E-3,-3.316879272E-3
3.404718898E1,-3.832823038E-2,-3.656476736E-3,1.582241058E-2
3.405518522E1,-2.664971352E-2,-1.078200340E-2,3.016090393E-2
3.406318070E1,-1.509112120E-2,-2.263206244E-2,3.012752533E-2
3.407117725E1,1.241981983E-3,-2.965459228E-2,2.291011810E-2
3.407917142E1,-6.214022636E-3,-1.046571136E-2,5.161476135E-2
3.408719697E1,5.609750748E-3,1.477360725E-3,4.681110382E-2
3.409519329E1,1.752924919E-2,3.726601601E-3,4.919338226E-2
3.410318907E1,5.703926086E-3,1.798939705E-2,3.723144531E-2
3.411118539E1,-5.985438824E-3,8.278667927E-3,2.528190613E-2
3.411918048E1,-1.037234068E-2,-3.861933947E-3,2.291774750E-2
3.412717495E1,-3.623956442E-2,9.735822678E-4,2.296638489E-2
3.413517181E1,-4.298961163E-2,-1.342168450E-2,1.821899414E-2
3.414319713E1,-4.733365774E-2,-1.105272770E-2,1.347351074E-2
3.415119438E1,-3.277093172E-2,-1.469522715E-3,1.349258423E-2
3.415918854E1,-4.700672626E-2,-1.098236442E-2,2.308559418E-2
3.416718140E1,-1.595455408E-2,-3.857672215E-3,1.828765869E-2
3.417518026E1,-3.289550543E-2,-1.106694341E-2,1.587486267E-2
3.418317535E1,-3.546047211E-2,-1.108312607E-2,2.064514160E-2
3.419117252E1,-1.410037279E-2,9.064078331E-4,3.259849548E-2
3.419919776E1,-9.506165981E-3,8.078455925E-3,3.257846832E-2
3.420719200E1,-4.898428917E-3,-8.731991053E-3,2.777004242E-2
3.421518948E1,-1.449120045E-2,-6.293028593E-3,4.213619232E-2
3.422318457E1,2.245485783E-3,-2.068337798E-2,2.776718140E-2
3.423118119E1,-2.515316010E-5,-8.800923824E-3,2.777385712E-2
3.423917574E1,-9.382843971E-3,-1.796394587E-3,3.497123718E-2
3.424717076E1,-1.391088963E-2,2.201166749E-2,2.301788330E-2
3.425516715E1,-2.092063427E-2,1.240664721E-2,1.585197449E-2
3.426319270E1,-2.800744772E-2,1.476919651E-2,1.346492767E-2
3.427118987E1,-4.250663519E-2,5.239158869E-3,2.303123474E-2
3.427918381E1,-4.516267776E-2,-1.919090748E-3,6.246566772E-3
3.428717943E1,-2.167475224E-2,-6.669610739E-3,1.817512512E-2
3.429517576E1,-2.940040827E-2,-1.145109534E-2,3.009319305E-2
3.430317084E1,-6.026387215E-3,-1.379555464E-2,2.285766602E-2
3.431119863E1,7.848322392E-3,2.964824438E-3,3.238582611E-2
3.431919272E1,5.212962627E-3,1.004689932E-2,3.714561462E-2
3.432718780E1,1.950955391E-2,2.775222063E-3,2.995204926E-2
3.433518390E1,1.487749815E-2,-1.410603523E-2,4.672050476E-2
3.434317960E1,8.024692535E-3,7.320195436E-3,3.238105774E-2
3.435117615E1,-1.055121422E-2,4.758507013E-3,2.764129639E-2
3.435917070E1,-2.920752764E-2,-9.617209435E-5,1.332187653E-2
3.436719656E1,-1.440834999E-2,-1.690202951E-2,3.251552582E-2
3.437519226E1,-3.079360723E-2,4.635185003E-3,1.339817047E-2
3.438318858E1,-5.690526962E-2,6.970077753E-3,2.778339386E-2
3.439118514E1,-3.765201569E-2,-2.826154232E-4,8.635520935E-3
3.439917930E1,-6.162685156E-2,2.120235562E-2,1.820564270E-2
3.440717447E1,-2.346599102E-2,9.201228619E-3,2.297878265E-2
3.441517048E1,-4.282140732E-2,-7.506132126E-3,3.972148895E-2
3.442319634E1,-3.836780787E-2,-1.931598783E-2,3.011894226E-2
3.443119328E1,-4.120773077E-2,-4.905015230E-3,3.247165680E-2
3.443918775E1,-2.492213249E-2,4.674553871E-3,2.763652802E-2
3.444718307E1,-1.552462578E-3,6.983608007E-3,2.039432526E-2
3.445517916E1,2.073049545E-4,1.894152164E-2,8.359909058E-3
3.446317456E1,-2.680003643E-3,1.180687547E-2,1.070880890E-2
3.447117211E1,-3.213226795E-3,-7.352799177E-3,1.065635681E-2
3.447919643E1,3.702163696E-3,-7.316738367E-3,1.302528381E-2
3.448718875E1,-1.236557961E-3,-3.126657009E-2,3.216362000E-2
3.449518807E1,-2.522999048E-2,-2.181610465E-2,2.975845337E-2
3.450318347E1,-1.077467203E-2,-7.550090551E-3,3.455066681E-2
3.451118017E1,-4.179155827E-2,-1.006448269E-2,3.455543518E-2
3.451917526E1,-4.403740168E-2,1.391428709E-2,4.414939880E-2
3.452716974E1,-4.643702507E-2,-3.921985626E-4,2.260398865E-2
3.453519652E1,-2.505749464E-2,1.897186041E-2,3.217411041E-2
3.455118877E1,5.368471146E-3,1.282095909E-4,2.015113831E-2
3.455918325E1,1.003730297E-2,1.698106527E-2,5.778312683E-3
3.456717841E1,5.334019661E-3,5.038976669E-3,1.296997070E-2
3.457517412E1,7.216334343E-4,2.604186535E-3,2.256202698E-2
3.458317036E1,-2.530169487E-2,4.799246788E-3,3.215980530E-2
3.459119807E1,-4.182124138E-2,-1.952052116E-4,2.020263672E-2
3.459919200E1,-3.438991308E-2,-2.842813730E-3,2.500247955E-2
3.460718648E1,-5.828785896E-2,1.789391041E-3,8.239746094E-3
3.461518303E1,-2.960151434E-2,-1.034653187E-2,1.780319214E-2
3.462317904E1,-3.933614492E-2,-5.618959665E-3,2.017974854E-2
3.463117513E1,-2.763503790E-2,1.561313868E-3,1.536560059E-2
3.463917045E1,-1.843994856E-2,1.605093479E-3,1.532936096E-2
3.464719538E1,-3.080701828E-2,1.361888647E-2,4.402351379E-2
3.465519170E1,-3.351253271E-2,8.832663298E-3,3.202152252E-2
3.466318772E1,-1.471513510E-2,8.796155453E-3,1.761913300E-2
3.467118404E1,-2.908825874E-3,1.107808948E-2,3.914642334E-2
3.467719428E1,-4.897117615E-4,-5.693256855E-3,2.957153320E-2
3.467917859E1,-1.006650925E-2,-1.527005434E-2,3.196525574E-2
3.468717337E1,-7.656872272E-3,3.821551800E-3,2.238655090E-2
3.469517031E1,-7.355272770E-3,6.179481745E-3,3.438568115E-2
3.470319586E1,-2.140957117E-2,-2.249270678E-2,3.920841217E-2
3.471119210E1,-2.837425470E-2,-1.535028219E-2,3.922653198E-2
3.471918688E1,-3.044956923E-2,-1.539820433E-2,2.010250092E-2
3.472718166E1,-4.219645262E-2,-8.292585611E-3,1.772594452E-2
3.473517837E1,-2.525418997E-2,-5.994319916E-3,5.767822266E-3
3.474317430E1,-1.330459118E-2,-5.993843079E-3,-1.417160034E-3
3.475117070E1,1.069843769E-3,1.784464717E-2,2.491569519E-2
3.475919595E1,1.323533058E-2,5.744755268E-3,1.056289673E-2
3.476719126E1,3.878116608E-3,2.474895120E-2,2.973079681E-2
3.477518759E1,-3.178375959E-2,6.164312363E-4,8.197784424E-3
3.478318298E1,-2.666831017E-2,5.722343922E-4,2.259254456E-2
3.479117938E1,-3.858882189E-2,5.288422108E-3,2.977752686E-2
3.479917347E1,-2.655208111E-2,2.910315990E-3,2.738952637E-2
3.480716856E1,-1.943272352E-2,-3.054115176E-2,4.893493652E-2
3.481519534E1,-1.959329844E-2,-2.801746130E-2,2.977180481E-2
3.482319135E1,-1.497709751E-2,-1.626074314E-3,4.412364960E-2
3.483118836E1,-3.119528294E-3,-3.970801830E-3,1.059532166E-2
3.483918284E1,1.519799232E-3,1.278758049E-2,1.004219055E-3
3.484717754E1,-1.532608271E-2,3.236144781E-3,1.057434082E-2
3.485517363E1,-5.367577076E-2,-3.843098879E-3,1.775741577E-2
3.486316957E1,-2.493679523E-2,3.403872252E-3,2.015590668E-2
3.487119604E1,-3.293752670E-3,1.788488030E-2,2.256488800E-2
3.487919083E1,-7.903575897E-4,1.276284456E-3,3.694820404E-2
3.488718592E1,-2.938646078E-2,8.486956358E-3,6.090545654E-2
3.489518231E1,-2.921980619E-2,-1.307359338E-2,5.613136292E-2
3.490317740E1,-4.112315178E-2,3.671675920E-3,5.134963989E-2
3.491117403E1,-3.153270483E-2,3.531843424E-3,1.782417297E-2
3.491916935E1,-1.978820562E-2,-1.090395451E-2,1.061725616E-2
3.492719498E1,-4.863089323E-2,8.171409369E-3,5.813598633E-3
3.493519122E1,-3.203773499E-2,2.009609342E-2,1.058292389E-2
3.494318639E1,-5.612498522E-2,-3.686577082E-3,-1.394271851E-3
3.495118325E1,-4.696822166E-2,6.100416183E-3,1.054573059E-2
3.495917772E1,-1.415121555E-2,1.677393913E-3,3.204345703E-2
3.496717258E1,-1.475507021E-2,-1.706922054E-2,3.918743134E-2
3.497516921E1,6.106734276E-3,-1.907190681E-2,5.111026764E-2
3.498319568E1,2.713584900E-2,-1.639702916E-2,6.304550171E-2
3.499119169E1,2.434009314E-2,-3.285691142E-2,4.386711121E-2
3.499918617E1,1.226031780E-2,7.965773344E-3,2.949714661E-2
3.500718126E1,2.446663380E-2,5.579262972E-3,1.515579224E-2
3.501517789E1,2.994799614E-2,-1.737415791E-3,-1.830196381E-2
3.502317359E1,-1.941037178E-2,5.445480347E-4,9.355545044E-4
3.503120122E1,-3.522944450E-2,1.249229908E-2,1.026153564E-3
3.503919415E1,-8.693200350E-2,-1.824438572E-3,1.070117950E-2
3.504718994E1,-9.349536896E-2,5.878806114E-4,3.579139709E-3
3.505518656E1,-7.644766569E-2,1.028707623E-2,1.797866821E-2
3.506318196E1,-6.695079803E-2,3.341406584E-3,4.431915283E-2
3.507117920E1,-3.628700972E-2,-1.551261544E-2,6.344223022E-2
3.507917306E1,-2.475422621E-2,6.394207478E-3,5.384063721E-2
3.508719884E1,-2.297729254E-2,-1.009666920E-2,3.464031219E-2
3.509519493E1,1.475042105E-2,-2.420058846E-2,5.375003815E-2
3.510319064E1,4.670143127E-3,-1.685196161E-2,2.258396149E-2
3.511118696E1,1.386851072E-2,9.507060051E-3,1.297092438E-2
3.511918205E1,1.625990868E-2,9.570240974E-3,1.058006287E-2
3.512717683E1,-1.238983870E-2,2.393734455E-2,2.255916595E-2
3.513517307E1,-3.875672817E-2,-7.260710001E-3,-1.575469971E-2
3.514319893E1,-1.459681988E-2,1.172837615E-2,3.932571411E-2
3.515119587E1,-6.710112095E-3,2.374488115E-2,1.784801483E-2
3.515919065E1,-6.021499634E-3,-2.415180206E-3,2.271270752E-2
3.516718574E1,-4.178637266E-2,-9.187072515E-3,2.514266968E-2
3.517518152E1,-6.532961130E-2,5.593329668E-3,4.914474487E-2
3.518317723E1,-5.544650555E-2,-2.271166444E-2,5.158901215E-2
3.519117447E1,-2.954435349E-2,-1.272839308E-2,2.283668518E-2
3.519919902E1,-3.703588247E-2,9.222626686E-3,2.522182465E-2
3.520719419E1,-2.068275213E-2,1.919633150E-2,3.652572632E-3
3.521519012E1,5.170643330E-3,-2.580440044E-2,8.419036865E-3
3.522318590E1,-2.620911598E-2,9.824931622E-4,3.628730774E-3
3.523118215E1,1.212948561E-2,-3.377109766E-3,1.322937012E-2
3.523917724E1,2.919614315E-2,-5.970299244E-4,4.679775238E-2
3.525519972E1,8.925795555E-3,-1.633751392E-2,6.612777710E-2
3.526319458E1,-2.087473869E-3,-8.605957031E-3,5.667209625E-2
3.527119083E1,-2.037167549E-2,1.269131899E-3,4.480171204E-2
3.527918568E1,-1.210671663E-2,1.847025752E-2,2.817058563E-2
3.528718008E1,-2.060723305E-2,4.528215528E-2,2.830028534E-2
3.529517640E1,-5.582350492E-2,4.336932302E-2,4.451751709E-3
3.530317211E1,-6.962847710E-2,2.234813571E-2,1.410961151E-2
3.531119989E1,-7.140344381E-2,1.579669118E-2,7.020950317E-3
3.531919429E1,-4.456913471E-2,1.649773121E-2,4.711151123E-3
3.532718976E1,-2.746093273E-2,-2.349171042E-2,3.590679169E-2
3.533518546E1,-5.120146275E-2,-1.322689652E-2,2.877807617E-2
3.534318148E1,-3.897696733E-2,-7.774710655E-3,3.362560272E-2
3.535117811E1,-4.350620508E-2,9.721904993E-3,3.368949890E-2
3.535917258E1,-2.668029070E-2,3.210991621E-3,5.767154694E-2
3.536719721E1,-2.202773094E-2,-1.511421800E-2,2.178859711E-2
3.537519468E1,-3.195017576E-2,-9.527146816E-3,4.094886780E-2
3.538319008E1,-3.003942966E-2,-3.907501698E-3,3.376102448E-2
3.539118586E1,-6.590008736E-3,-5.604147911E-3,2.177810669E-2
3.539918126E1,-4.315143824E-2,-8.213520050E-5,3.372192383E-2
3.540717635E1,-2.224135399E-2,-1.367169619E-2,1.215267181E-2
3.541517267E1,-6.136882305E-2,-1.050662994E-2,-1.422500610E-2
3.542319814E1,-7.417356968E-2,4.595816135E-3,1.206684113E-2
3.543119508E1,-4.645943642E-2,-1.385492086E-2,-2.361297607E-3
3.543918986E1,-5.732476711E-2,-6.038904190E-3,1.430416107E-2
3.544718502E1,-7.551711798E-2,-1.749175787E-2,9.403228760E-3
3.545518073E1,-5.085486174E-2,-9.841084480E-3,2.841663361E-2
3.546317667E1,-4.800409079E-2,-1.655000448E-2,6.705284119E-3
3.547117299E1,-7.272362709E-3,7.786989212E-3,-1.026439667E-2
3.547919738E1,-2.413272858E-3,-6.161987782E-3,1.107978821E-2
3.548719393E1,9.755194187E-3,-5.727052689E-3,1.567840576E-2
3.549518910E1,7.583141327E-3,1.147222519E-2,4.422092438E-2
3.550318473E1,1.756459475E-2,2.149516344E-2,4.644584656E-2
3.551118166E1,3.488475084E-2,1.706743240E-2,2.953052521E-2
3.551917591E1,1.907300949E-2,-1.730382442E-3,4.616832733E-2
3.552717100E1,2.493077517E-2,-1.595890522E-2,3.168296814E-2
3.553519801E1,2.161884308E-2,-3.997683525E-3,1.483535767E-2
3.554319464E1,1.635771990E-2,-1.366472244E-2,-1.633930206E-2
3.555119034E1,2.825647593E-2,-9.087383747E-3,-4.385948181E-3
3.555918459E1,1.658612490E-2,-1.178306341E-2,4.158020020E-4
3.556717968E1,1.945400238E-2,-7.436156273E-3,-2.111053467E-2
3.557319222E1,8.260786533E-3,-3.211915493E-3,1.963710785E-2
3.557517630E1,1.078188419E-3,1.576483250E-3,2.442550659E-2
3.558317132E1,-2.421629429E-2,-1.335918903E-2,3.886032104E-2
3.559119879E1,-2.549290657E-2,-1.170903444E-2,3.892898560E-2
3.559919319E1,-5.564421415E-2,-7.624745369E-3,5.813980103E-2
3.560718805E1,-5.732738972E-2,-5.872249603E-3,7.493400574E-2
3.561518437E1,-7.377773523E-2,-8.800625801E-3,7.732963562E-2
3.562318069E1,-4.263556004E-2,9.802579880E-3,6.772613525E-2
3.563117732E1,-4.523307085E-2,2.207994461E-3,4.134845734E-2
3.563917171E1,-9.605765343E-3,2.823245525E-2,4.370021820E-2
3.564719734E1,2.113783360E-2,2.078485489E-2,1.252365112E-2
3.565519335E1,4.003351927E-2,-5.748808384E-3,1.967239380E-2
3.566318936E1,4.262787104E-2,-1.801103354E-2,1.728248596E-2
3.567118561E1,3.858911991E-2,-2.074885368E-2,1.015472412E-2
3.567917954E1,3.983908892E-2,-1.405465603E-2,2.461528778E-2
3.568717494E1,7.852792740E-3,-1.709276438E-2,3.430652618E-2
3.569517211E1,-3.857195377E-2,-1.305437088E-2,2.962112427E-2
3.570319774E1,-7.807654142E-2,-1.144516468E-2,1.533126831E-2
3.571119436E1,-1.012575626E-1,-5.044341087E-3,1.775836945E-2
3.571918914E1,-8.899343014E-2,8.551985025E-3,-1.098346710E-2
3.572718423E1,-1.155786514E-1,1.275286078E-2,-1.461029053E-3
3.573518017E1,-9.232437611E-2,2.919769287E-2,-1.543998718E-3
3.574317503E1,-7.662886381E-2,1.006314158E-2,2.229690552E-2
3.575117189E1,-5.432498455E-2,7.745176554E-3,2.692985535E-2
3.575919721E1,-4.940938950E-2,-1.127105951E-2,5.544948578E-2
3.576719230E1,-6.472110748E-3,-9.007900953E-3,3.604316711E-2
3.577518893E1,2.688217163E-2,5.120992661E-3,3.099727631E-2
3.578318432E1,2.916407585E-2,9.546667337E-3,2.116203308E-2
3.579118126E1,4.351902008E-2,4.459142685E-3,3.767681122E-2
3.579917481E1,7.714033127E-3,-1.019111276E-2,1.350307465E-2
3.580717044E1,-1.349717379E-2,-2.001175284E-2,3.484249115E-2
3.581519753E1,-2.487045527E-2,1.148074865E-3,1.549911499E-2
3.582319231E1,-1.462298632E-2,1.285305619E-2,1.771736145E-2
3.583118901E1,-2.837151289E-2,2.222141623E-2,3.190326691E-2
3.583918441E1,-4.230624437E-2,2.939635515E-2,4.608345032E-2
3.584717881E1,-5.403262377E-2,1.973855495E-2,4.587650299E-2
3.585517490E1,-1.578623056E-2,-1.625183225E-2,4.324817657E-2
3.586317114E1,1.516473293E-2,7.627099752E-3,5.497646332E-2
3.587119769E1,3.654879332E-2,-2.368086576E-2,3.078651428E-2
3.587919247E1,2.211731672E-2,-4.803627729E-3,2.575588226E-2
3.588718749E1,-1.610475779E-2,-7.654279470E-3,2.072906494E-2
3.589518419E1,-1.828849316E-2,1.635909081E-3,3.752708435E-3
3.590317959E1,-3.950119019E-2,1.558640599E-2,2.269554138E-2
3.591117683E1,-3.896993399E-2,5.724161863E-3,2.729797363E-2
3.591917031E1,-2.916425467E-2,3.202378750E-3,3.188133240E-2
3.592719616E1,-3.157615662E-2,-6.380736828E-3,5.081272125E-2
3.593519248E1,-1.011544466E-2,-2.788490057E-2,5.058860779E-2
3.594318880E1,6.645262241E-3,-4.698589444E-2,5.037307739E-2
3.595118489E1,1.398336887E-2,-1.097095013E-2,2.383899689E-2
3.595917929E1,2.403438091E-2,1.059222221E-2,4.512786865E-3
3.597520116E1,3.035378456E-2,1.076430082E-3,-7.750511169E-3
3.598319633E1,2.698361874E-2,1.543250680E-2,-7.839202881E-3
3.599119296E1,5.035382509E-2,2.277839184E-2,1.605892181E-2
3.599918774E1,4.536986351E-2,6.194204092E-3,1.844596863E-2
3.600718306E1,3.106582165E-2,8.742421865E-3,3.042888641E-2
3.601517884E1,9.698390961E-3,1.357725263E-2,5.678558350E-2
3.602317508E1,-2.331781387E-2,4.023313522E-3,8.795547485E-2
3.603117202E1,-3.500622511E-2,-2.248653769E-2,6.163597107E-2
3.603919665E1,-6.387501955E-2,-3.722012043E-2,4.724025726E-2
3.604719151E1,-8.602660894E-2,5.583763123E-4,1.603412628E-2
3.605518806E1,-8.712410927E-2,9.734839201E-3,-1.281642914E-2
3.606318322E1,-1.004784703E-1,2.612742782E-2,-2.492904663E-2
3.607118078E1,-7.349085808E-2,2.619427443E-2,-1.071739197E-2
3.607917486E1,-3.490269184E-2,5.037844181E-3,2.502632141E-2
3.608716995E1,1.775157452E-2,-2.781340480E-2,3.920936584E-2
3.609519651E1,4.883217812E-2,-5.349329114E-2,6.775665283E-2
3.610319213E1,1.212539077E-1,-3.628751636E-2,9.635066986E-2
3.611118845E1,1.444965005E-1,-3.140342236E-2,8.432102203E-2
3.611918362E1,1.516841650E-1,-2.190676332E-2,6.037616730E-2
3.612717832E1,8.308970928E-2,-6.298422813E-4,2.212905884E-2
3.613517464E1,1.763105392E-2,4.922530055E-2,1.027679443E-2
3.614320089E1,-5.471038818E-2,2.483204007E-2,-3.506851196E-2
3.615119659E1,-7.446217537E-2,1.244512200E-2,-3.253555298E-2
3.615919260E1,-1.185657382E-1,1.922750473E-2,-2.764320374E-2
3.616718677E1,-1.560629010E-1,1.639121771E-2,-6.044387817E-3
3.617518340E1,-1.319155097E-1,1.811593771E-3,1.145362854E-3
3.618317818E1,-1.276850700E-1,1.135015488E-2,5.376625061E-2
3.619117566E1,-1.049996614E-1,-1.958817244E-2,7.760524750E-2
3.619916990E1,-6.133103371E-2,-1.212054491E-2,8.463954926E-2
3.621519208E1,1.264590025E-2,-1.197504997E-2,6.504535675E-2
3.622318717E1,3.371620178E-2,-9.676665068E-3,5.281639099E-2
3.623118441E1,3.597480059E-2,1.401281357E-2,1.906013489E-2
3.623917858E1,6.978607178E-2,1.136645675E-2,-9.867668152E-3
3.624717367E1,3.953343630E-2,-5.552440882E-3,9.144783020E-3
3.625520045E1,3.848391771E-2,-3.430980444E-2,-2.920150757E-3
3.626319585E1,4.261302948E-2,-1.983872056E-2,8.997917175E-3
3.627119271E1,4.052639008E-3,-5.339601636E-2,2.573394775E-2
3.627918664E1,4.131913185E-3,-3.434321284E-2,4.728317261E-2
3.628718258E1,-7.455766201E-3,-1.304891706E-2,4.251575470E-2
3.629517890E1,1.710325480E-2,-8.640736341E-3,2.818584442E-2
3.630317399E1,-1.381933689E-3,1.008909941E-2,4.977035522E-2
3.631120138E1,-1.982367039E-2,2.405878901E-2,4.323005676E-3
3.631919586E1,-4.321640730E-2,2.847585082E-2,1.153659821E-2
3.632719102E1,-4.527443647E-2,3.788191080E-2,-4.148483276E-4
3.633518704E1,-4.272377491E-2,1.145434380E-2,-7.587432861E-3
3.634318274E1,-4.522901773E-2,2.354824543E-2,1.635074615E-2
3.635117929E1,-2.889257669E-2,-9.677946568E-3,3.548145294E-2
3.635917346E1,-1.037311554E-2,-1.170983911E-2,5.459785461E-2
3.636719962E1,5.640923977E-3,-2.579656243E-2,4.975795746E-2
3.637318063E1,2.409577370E-2,-3.039225936E-2,4.970645905E-2
3.637519594E1,2.409577370E-2,-2.560380101E-2,4.970645905E-2
3.638319080E1,3.326249123E-2,-8.939862251E-3,2.093601227E-2
3.639118797E1,4.285240173E-2,2.199119329E-2,1.135063171E-2
3.639918283E1,4.564571381E-2,2.896785736E-5,6.575584412E-3
3.640717753E1,1.548832655E-2,-5.219936371E-3,-1.012229919E-2
3.641517478E1,4.512488842E-3,1.114425063E-2,6.705284119E-3
3.642319948E1,-3.980726004E-2,-4.175877571E-2,3.313159943E-2
3.643119696E1,-5.301159620E-2,-3.709790111E-2,3.801536560E-2
3.643919058E1,-5.945956707E-2,-2.758082747E-2,4.765415192E-2
3.644718621E1,-4.935395718E-2,-3.946694732E-2,6.207180023E-2
3.645518261E1,-2.034687996E-2,-3.629326820E-3,4.772663116E-2
3.646317770E1,3.773868084E-3,5.815416574E-3,4.055309296E-2
3.647117425E1,1.835876703E-2,8.106201887E-3,2.380752563E-2
3.647919918E1,3.082668781E-2,3.672689199E-2,9.480476379E-3
3.648719520E1,-6.603360176E-3,5.552142859E-3,9.555816650E-3
3.649519090E1,-5.632340908E-3,-4.023283720E-3,1.443004608E-2
3.650318661E1,-3.563219309E-2,-6.380051374E-3,2.410793304E-2
3.651118331E1,-5.142557621E-2,-6.348490715E-3,5.053234100E-2
3.651917802E1,-4.586064816E-2,-2.070206404E-2,4.581260681E-2
3.652717288E1,-5.015957355E-2,-3.031864762E-2,3.388309479E-2
3.653519989E1,-2.107286453E-2,-1.355716586E-2,1.955032349E-2
3.654319559E1,-1.745343208E-3,-1.120275259E-2,2.435207367E-2
3.655119130E1,-1.586484909E-2,1.027354598E-2,1.239967346E-2
3.655918670E1,1.557493210E-2,5.365014076E-4,2.842903137E-3
3.656718086E1,-1.277542114E-2,7.670015097E-3,2.873420715E-3
3.657517787E1,-1.474529505E-2,2.434194088E-2,2.206134796E-2
3.658317350E1,-2.395248413E-2,7.486194372E-3,2.208900452E-2
3.659119967E1,-3.337031603E-2,-6.933838129E-3,3.407096863E-2
3.659919484E1,-4.525208473E-2,7.352828979E-3,3.886413574E-2
3.660719108E1,-3.586888313E-2,-2.212196589E-3,2.448177338E-2
3.661518686E1,-2.183592319E-2,1.221573353E-2,3.403186798E-2
3.662318226E1,-3.099262714E-3,-1.166239381E-2,3.878688812E-2
3.663117889E1,8.337140083E-3,-4.367947578E-3,3.635120392E-2
3.663917305E1,2.228116989E-2,-2.112001181E-2,3.870677948E-2
3.664719576E1,1.487219334E-2,-2.121239901E-3,7.555961609E-3
3.665519462E1,1.476794481E-2,4.956752062E-3,1.232910156E-2
3.666319032E1,-6.617367268E-3,2.510339022E-3,9.946823120E-3
3.667118664E1,-2.325421572E-2,1.203018427E-2,5.166053772E-3
3.667918134E1,-3.739178181E-2,9.480267763E-3,2.193832397E-2
3.668717674E1,-5.407029390E-2,2.147147059E-2,2.912902832E-2
3.669517337E1,-3.978240490E-2,9.716093540E-3,2.673912048E-2
3.670319869E1,-8.663535118E-3,2.855956554E-4,4.350471497E-2
3.671119555E1,-1.623511314E-3,-1.872408390E-2,4.589366913E-2
3.671919041E1,2.700680494E-2,-2.819392085E-2,5.067825317E-2
3.672718488E1,3.662854433E-2,-2.812603116E-2,5.547428131E-2
3.673518174E1,1.536285877E-2,-3.534650803E-2,4.113292694E-2
3.674317722E1,1.833850145E-2,-1.882982254E-2,2.680683136E-2
3.675117477E1,-7.118523121E-3,7.131963968E-3,1.489448547E-2
3.675919901E1,-8.408606052E-3,2.352032065E-2,6.093978882E-4
3.676719410E1,-3.355437517E-2,3.274050355E-2,-4.090309143E-3
3.677519042E1,-5.649489164E-2,1.585033536E-2,1.993370056E-2
3.678318612E1,-7.257699966E-2,1.335757971E-2,2.477836609E-2
3.679118275E1,-9.601962566E-2,-9.392499924E-4,2.722167969E-2
3.679917692E1,-8.629363775E-2,-1.766452193E-2,5.117893219E-2
3.680717239E1,-6.025350094E-2,-2.964907885E-2,4.875659943E-2
3.681519879E1,-2.485811710E-2,-2.731910348E-2,3.194808960E-2
3.682319511E1,-1.616775990E-3,-8.179455996E-3,1.751899719E-2
3.683119089E1,4.325634241E-2,1.326110959E-2,2.703571320E-2
3.683918560E1,4.054629803E-2,3.672719002E-3,5.458831787E-3
3.684718076E1,5.512964725E-2,1.563766599E-2,1.505470276E-2
3.685517708E1,2.459323406E-2,-5.858063698E-3,1.271629333E-2
3.686317248E1,6.300210953E-3,6.048262119E-3,3.912544250E-2
3.687119988E1,-1.915216446E-2,-1.555144787E-2,3.680896759E-2
3.687919428E1,-3.731894493E-2,-1.262664795E-3,3.928661346E-2
3.688718606E1,-7.011944056E-2,1.049098372E-2,2.497482300E-2
3.689518484E1,-7.928818464E-2,2.228993177E-2,2.739810944E-2
3.690318116E1,-7.213616371E-2,-1.375770569E-2,1.051902771E-3
3.691117832E1,-6.766438484E-2,-6.640285254E-3,1.059722900E-2
3.691917257E1,-4.678124189E-2,5.300283432E-3,9.593963623E-4
3.692719843E1,-1.662790775E-2,-6.630092859E-3,1.523876190E-2
3.693519467E1,3.954291344E-3,-6.597965956E-3,2.233791351E-2
3.694318922E1,2.201128006E-2,-1.135075092E-2,3.660583496E-2
3.695118670E1,4.542988539E-2,-8.846491575E-3,4.853534698E-2
3.695918063E1,4.261147976E-2,-1.607230306E-2,4.849529266E-2
3.696717564E1,5.459618568E-2,-1.852944493E-2,5.807113647E-2
3.697517227E1,3.588199615E-2,-1.150664687E-2,4.373645782E-2
3.698319875E1,6.846189499E-4,-1.170045137E-2,3.900241852E-2
3.699119514E1,-2.468264103E-2,-7.276356220E-3,2.949428558E-2
3.699918923E1,-2.385354042E-2,1.622396708E-2,3.433513641E-2
3.700718524E1,-5.667233467E-2,2.070173621E-2,1.043987274E-2
3.701518133E1,-6.588280201E-2,3.733268380E-2,-3.981113434E-2
3.702317673E1,-2.983331680E-3,1.072586775E-1,-1.115541458E-1
3.703117336E1,-1.218364239E-1,1.154021621E-1,-1.449480057E-1
3.703919791E1,-3.284865022E-1,5.934748054E-2,1.316070557E-3
3.704719338E1,-6.930899620E-2,-1.043186486E-1,3.736019135E-2
3.705518932E1,6.380337477E-2,-8.621501923E-2,4.931259155E-2
3.706318502E1,-1.168180108E-1,1.336252689E-2,3.798484802E-3
3.707118204E1,-3.060004115E-1,5.770844221E-2,-1.529502869E-2
3.707917620E1,2.074307203E-2,-8.691975474E-2,1.450748444E-1
3.708720229E1,3.716693521E-1,-2.153891325E-1,9.692668915E-2
3.709519831E1,3.058750033E-1,-1.189091504E-1,1.756553650E-1
3.710319347E1,1.260812283E-1,-6.621393561E-2,2.257013321E-1
3.711119064E1,1.224658489E-1,-9.089970589E-2,2.447090149E-1
3.711918480E1,1.583608985E-1,-6.112799048E-2,2.278785706E-1
3.712718020E1,1.138057709E-1,1.843577623E-2,1.488609314E-1
3.713517591E1,-6.635981798E-2,8.326953650E-2,4.835128784E-2
3.714320269E1,-1.980989575E-1,1.792867184E-1,-3.055572510E-2
3.715119932E1,-9.578180313E-2,1.347245574E-1,-1.118755341E-1
3.715919379E1,1.084327102E-1,-9.521394968E-3,-1.501483917E-1
3.716718888E1,-4.451096058E-2,-3.098782897E-2,-1.788492203E-1
3.717518466E1,-1.779445410E-1,1.466020942E-2,-1.380834579E-1
