"Time (s)","X (rad/s)","Y (rad/s)","Z (rad/s)"
1.025187501E-2,-1.734350622E-2,1.057275087E-1,6.378031801E-3
2.019187502E-2,-1.234475337E-2,1.053546667E-1,1.177546009E-2
3.013087501E-2,-1.004646253E-2,8.065675944E-2,4.908673000E-3
4.007087502E-2,-6.345999427E-3,3.985180333E-2,-7.221492939E-3
5.000987501E-2,-7.204336114E-3,-7.115174085E-3,-8.512592874E-3
5.994987502E-2,-1.168656163E-4,-3.388979658E-2,-4.216648638E-3
6.988987501E-2,7.052524015E-4,-3.923342749E-2,1.930460334E-3
7.982887502E-2,5.367381964E-3,-3.556891903E-2,-6.874278188E-4
8.976887501E-2,1.019771677E-2,-2.518455870E-2,-2.003398724E-3
9.970787502E-2,1.078680810E-2,-2.232352458E-2,-8.907299489E-4
1.096478750E-1,1.485200878E-2,-1.834140718E-2,-6.438512355E-3
1.195868750E-1,1.280244067E-2,-1.741622761E-2,-9.522719309E-3
1.295268750E-1,1.529944316E-2,-1.537063159E-2,-1.377854124E-2
1.394668750E-1,1.956982352E-2,-1.994754001E-2,-1.742307656E-2
1.494058750E-1,1.718166471E-2,-2.223077603E-2,-1.774329320E-2
1.593458750E-1,1.802881621E-2,-2.118015848E-2,-1.770520955E-2
1.692848750E-1,1.521742716E-2,-2.118670195E-2,-1.610396616E-2
1.792248750E-1,1.486695558E-2,-1.580898091E-2,-1.231775060E-2
1.891638750E-1,1.238683611E-2,-1.255877782E-2,-1.035826840E-2
1.991038750E-1,1.067069452E-2,-5.580496974E-3,-1.100088842E-2
2.090428750E-1,7.766898721E-3,6.335395388E-3,-1.064893417E-2
2.189828750E-1,7.473418023E-3,1.203855593E-2,-7.805475965E-3
2.289228750E-1,9.877597913E-3,2.105589770E-2,-5.983272567E-3
2.388618750E-1,1.322332770E-2,3.015512228E-2,-6.805123761E-3
2.488018750E-1,1.637982763E-2,3.464879468E-2,-4.228851758E-3
2.587408750E-1,1.626744121E-2,3.739850596E-2,-2.236274071E-3
2.686808750E-1,2.192194387E-2,4.220186174E-2,-5.722387694E-3
2.786198750E-1,2.448683605E-2,4.429537803E-2,-6.139704026E-3
2.885598750E-1,2.967102639E-2,4.519615322E-2,-1.000899728E-2
2.984998750E-1,2.984013781E-2,4.998158664E-2,-8.530943654E-3
3.084388750E-1,3.420475125E-2,5.460930988E-2,-9.601581842E-3
3.183788750E-1,3.653155640E-2,5.360103399E-2,-8.360015228E-3
3.283178750E-1,4.363073781E-2,5.022919551E-2,-1.149859931E-2
3.382578750E-1,5.010781065E-2,4.403947666E-2,-8.255933411E-3
3.481968750E-1,5.613506585E-2,4.206393659E-2,-7.128929719E-3
3.581368750E-1,6.449553370E-2,3.782471642E-2,-8.663443848E-3
3.680758750E-1,7.000876963E-2,3.678498790E-2,-1.072384976E-2
3.780158750E-1,7.079546899E-2,4.113100097E-2,-6.950415671E-3
3.879558750E-1,7.743063569E-2,5.563554168E-2,-3.226650879E-4
3.978948750E-1,7.709321380E-2,6.765092164E-2,2.621654421E-4
4.078348750E-1,7.973935455E-2,7.129524648E-2,-1.081709750E-3
4.177738750E-1,7.596671581E-2,7.678028941E-2,-1.919474453E-4
4.277138750E-1,7.413151115E-2,8.361155540E-2,3.581127152E-3
4.376528750E-1,7.189845294E-2,8.000616729E-2,4.590198863E-3
4.475928750E-1,6.700740755E-2,7.946668565E-2,8.909333497E-3
4.575328750E-1,6.837334484E-2,7.139810920E-2,1.412433479E-2
4.674718750E-1,6.445966661E-2,7.503636926E-2,1.826117374E-2
4.774118750E-1,6.269346178E-2,7.687155157E-2,2.480509318E-2
4.873508750E-1,6.347484887E-2,7.478870451E-2,2.241420001E-2
4.972912917E-1,6.138107553E-2,6.790602952E-2,2.438201010E-2
5.072302917E-1,5.568639934E-2,6.038204208E-2,2.368301153E-2
5.171702917E-1,5.131189153E-2,5.293317884E-2,1.646797545E-2
5.271092917E-1,4.218208790E-2,4.073433951E-2,1.446098089E-2
5.370492917E-1,3.102344461E-2,2.998582274E-2,9.947988205E-3
5.469892917E-1,2.223819122E-2,1.885459572E-2,7.982217707E-3
5.569282917E-1,8.384693414E-3,9.795851074E-3,2.986660227E-3
5.668682917E-1,-1.049426384E-3,5.480861291E-3,-2.531698905E-3
5.768072917E-1,-1.091989875E-2,3.186814487E-3,-2.651008777E-3
5.867472917E-1,-1.825352386E-2,-7.760515437E-4,4.112653900E-3
5.966862917E-1,-3.003348783E-2,-4.393955693E-3,4.987768829E-3
6.066262917E-1,-3.306229040E-2,-1.353418268E-2,6.947636604E-3
6.165662917E-1,-3.630069271E-2,-1.858193800E-2,7.765493356E-3
6.265052917E-1,-3.592493758E-2,-1.795904338E-2,1.363394223E-2
6.364452917E-1,-3.570149839E-2,-1.728979126E-2,1.433488540E-2
6.463842917E-1,-3.271722049E-2,-1.656865701E-2,1.551274583E-2
6.563242917E-1,-2.836694941E-2,-1.698917150E-2,1.702595316E-2
6.662632917E-1,-1.801835932E-2,-2.182966284E-2,1.769588888E-2
6.762032917E-1,-1.449473202E-2,-2.948598564E-2,1.467905939E-2
6.861432917E-1,-1.206714753E-2,-3.054767475E-2,1.182243600E-2
6.960822917E-1,-4.359426908E-3,-2.880676836E-2,1.026741695E-2
7.060222917E-1,2.826734679E-3,-3.000929579E-2,5.606468767E-3
7.159612917E-1,5.666197278E-3,-3.685255349E-2,-1.083128154E-6
7.259012917E-1,6.976753008E-3,-4.100387171E-2,-5.134766921E-3
7.358402917E-1,5.160211120E-3,-4.495014250E-2,-2.685192041E-3
7.457802917E-1,6.548098288E-3,-4.764834791E-2,-9.254792705E-3
7.557192917E-1,4.077750258E-3,-5.216693133E-2,-1.584904641E-2
7.656592917E-1,2.490823157E-3,-5.221427232E-2,-2.206560597E-2
7.755992917E-1,1.642857678E-4,-5.448115245E-2,-2.524914965E-2
7.855382917E-1,5.803420208E-4,-5.172552913E-2,-2.891778015E-2
7.954782917E-1,-4.947315436E-3,-5.403874815E-2,-3.007944860E-2
8.054172917E-1,-9.893629700E-3,-5.441587791E-2,-2.999756485E-2
8.153572917E-1,-8.445401676E-3,-6.115367636E-2,-2.494182065E-2
8.252962917E-1,-8.211502805E-3,-6.082841381E-2,-2.421507612E-2
8.352362917E-1,-1.225684397E-2,-6.427880377E-2,-2.131329477E-2
8.451762917E-1,-1.200392656E-2,-9.226526320E-2,-1.928717457E-2
8.551152917E-1,-1.038445905E-2,-7.162869722E-2,-1.731909811E-2
8.650552917E-1,-1.022813097E-2,-6.187380105E-2,-1.532731950E-2
8.749942917E-1,-1.150937751E-2,-6.068842486E-2,-1.901127025E-2
8.849342917E-1,-7.566026412E-3,-4.971326888E-2,-1.932680979E-2
8.948732917E-1,-6.376392208E-3,-4.964855313E-2,-1.252775919E-2
9.048132917E-1,-6.549248938E-3,-4.948291928E-2,-1.201785635E-2
9.147522917E-1,-7.155942731E-4,-6.232947484E-2,-8.049746044E-3
9.246922917E-1,2.217628527E-3,-6.849014759E-2,-3.061287105E-3
9.346322917E-1,1.614019275E-4,-6.741689891E-2,1.031458378E-3
9.445712917E-1,-3.395970911E-3,-7.487605512E-2,-9.279571474E-3
9.545112917E-1,1.665100455E-3,-7.992434502E-2,-1.206470653E-2
9.644502917E-1,-1.060905401E-3,-6.725861132E-2,-6.774775684E-4
9.743902917E-1,7.748032454E-3,-6.529399753E-2,1.561440993E-2
9.843292917E-1,1.295169257E-2,-9.177263826E-2,7.309941575E-3
9.942692917E-1,1.170959324E-2,-1.019557714E-1,-8.968630806E-3
1.004209292E0,1.237812079E-2,-1.006262451E-1,-1.647270098E-2
1.014148292E0,1.694304496E-2,-9.695507586E-2,-1.320660021E-2
1.024088292E0,1.400276832E-2,-8.567593992E-2,-1.108279731E-2
1.034027292E0,1.384191401E-2,-5.956604332E-2,-1.124764699E-2
1.043967292E0,1.061062142E-2,-3.188815713E-2,-1.055465825E-2
1.053906292E0,1.138506923E-2,-1.421328820E-2,-1.420558617E-2
1.063846292E0,1.070767362E-2,3.304563463E-3,-1.729150489E-2
1.073785292E0,1.170049980E-2,1.344561484E-2,-1.715275645E-2
1.083725292E0,1.571959630E-2,2.015370503E-2,-1.655414701E-2
1.093665292E0,1.304871216E-2,2.342966199E-2,-1.317539345E-2
1.103604292E0,2.026616223E-2,2.296202444E-2,-9.175766259E-3
1.113544292E0,1.880488545E-2,2.079314739E-2,-8.943272755E-3
1.123483292E0,2.589364536E-2,1.697493345E-2,-7.858796977E-3
1.133423292E0,2.592959814E-2,1.934541389E-2,-6.137861870E-3
1.143362292E0,2.786935866E-2,1.084478106E-2,-4.778330214E-3
1.153302292E0,2.616759762E-2,5.713135935E-3,-3.649682738E-3
1.163242292E0,2.639502287E-2,-3.495285287E-3,-4.438824952E-3
1.173181292E0,2.721288055E-2,-8.831993677E-3,-6.522747688E-3
1.183121292E0,2.797070332E-2,-2.256096713E-2,-5.567623302E-3
1.193060292E0,3.030629642E-2,-3.954234719E-2,-3.998754546E-3
1.203000292E0,3.238321096E-2,-5.452883244E-2,3.211292438E-3
1.212939292E0,3.256270662E-2,-6.123546883E-2,6.279786583E-3
1.222879292E0,3.240771592E-2,-5.845191702E-2,1.321788877E-3
1.232818292E0,3.470922261E-2,-5.256872624E-2,3.931686748E-3
1.242758292E0,3.170607612E-2,-3.228892013E-2,3.320341930E-4
1.252698292E0,3.434686735E-2,-1.059108134E-2,-2.962029539E-3
1.262637292E0,3.159067035E-2,8.442159742E-3,-2.009742893E-3
1.272577292E0,3.100663982E-2,2.561049536E-2,-8.435444906E-4
1.282516292E0,2.274511941E-2,4.113153368E-2,2.226037905E-3
1.292456292E0,2.344473265E-2,4.375740886E-2,2.129365690E-3
1.302395292E0,1.965116896E-2,4.121899977E-2,5.865132436E-3
1.312335292E0,2.042827941E-2,3.093866631E-2,8.255852386E-3
1.322275292E0,1.508469135E-2,1.649531350E-2,9.866761975E-3
1.332214292E0,1.123615727E-2,1.217779797E-2,1.121405512E-2
1.342154292E0,6.545685232E-3,5.423640832E-3,1.328770816E-2
1.352093292E0,7.607487962E-3,5.935500376E-3,1.512315869E-2
1.362033292E0,4.080784041E-3,4.880477674E-3,1.499286108E-2
1.371972292E0,3.841898404E-3,5.296463147E-3,1.528953761E-2
1.381912292E0,1.118725166E-3,8.613896556E-3,2.039089426E-2
1.391851292E0,2.462822478E-3,9.205651470E-3,1.684409566E-2
1.401791292E0,3.057855880E-3,7.253612392E-3,1.932923868E-2
1.411731292E0,5.117012188E-3,8.458427154E-3,1.964402571E-2
1.421670292E0,6.084054708E-3,1.254190132E-2,1.750525087E-2
1.431610292E0,7.006040774E-3,1.425644383E-2,2.057374641E-2
1.441549292E0,5.249395967E-3,1.067899354E-2,1.740923896E-2
1.451489292E0,9.471304715E-3,1.231417432E-2,1.543130912E-2
1.461428292E0,5.070260726E-3,1.678359136E-2,1.431816630E-2
1.471368292E0,8.984042332E-3,1.874394342E-2,1.142091397E-2
1.481308292E0,1.041378081E-2,2.268876880E-2,1.283942908E-2
1.491246750E0,1.298586186E-2,2.298597619E-2,9.341632947E-3
1.501186750E0,1.401175931E-2,1.828422025E-2,8.344022557E-3
1.511125750E0,1.541844197E-2,1.155494433E-2,6.973826792E-3
1.521065750E0,2.097767033E-2,-1.916763373E-3,1.470025629E-3
1.531004750E0,2.557428740E-2,-5.280335434E-3,5.198450759E-3
1.540944750E0,2.804851905E-2,-6.734272465E-3,4.082169384E-3
1.550883750E0,2.968529798E-2,-8.164389990E-3,7.332442328E-4
1.560823750E0,3.009496257E-2,2.177292481E-3,5.302783102E-4
1.570763750E0,3.299993649E-2,5.842334591E-3,1.632827334E-3
1.580702750E0,3.121492453E-2,1.873982698E-2,-1.466586255E-3
1.590642750E0,2.927987278E-2,2.428053319E-2,3.037085291E-3
1.600581750E0,2.770344354E-2,3.326193988E-2,4.281743430E-3
1.610521750E0,2.572498098E-2,4.134410247E-2,1.912062988E-3
1.620460750E0,2.492680773E-2,4.456756264E-2,1.001654193E-3
1.630400750E0,2.479897626E-2,4.099334031E-2,1.597936265E-3
1.640340750E0,2.347327769E-2,3.521350399E-2,4.603719339E-3
1.650279750E0,2.363759466E-2,3.015056998E-2,3.436455969E-3
1.660219750E0,2.279165387E-2,2.189544588E-2,6.975699216E-5
1.670158750E0,2.366064303E-2,2.221715823E-2,2.305747010E-3
1.680098750E0,2.080049738E-2,2.097408101E-2,-1.615479589E-3
1.690037750E0,1.510985382E-2,2.273256704E-2,1.854086295E-3
1.699977750E0,1.075956225E-2,2.493791655E-2,3.630855586E-3
1.709916750E0,5.959481001E-3,2.391739190E-2,1.363422163E-2
1.719856750E0,1.942350529E-3,2.058789507E-2,1.430977322E-2
1.729796750E0,-9.629921988E-5,1.707278937E-2,2.255651727E-2
1.739735750E0,-1.251973212E-3,1.667930931E-2,2.251153253E-2
1.749675750E0,-1.031729858E-3,2.713860758E-2,2.261779271E-2
1.759614750E0,-7.201760076E-3,3.290567175E-2,2.146535181E-2
1.769554750E0,-1.811788417E-3,3.751826659E-2,1.913615130E-2
1.779493750E0,-5.154046230E-3,4.067145288E-2,2.107417956E-2
1.789433750E0,-7.785249501E-3,3.621252254E-2,1.956310123E-2
1.799373750E0,-6.498842034E-3,2.687983960E-2,1.588343270E-2
1.809312750E0,-1.789307687E-3,1.956360042E-2,9.298233315E-3
1.819252750E0,3.906358033E-4,1.739088818E-2,5.795265082E-3
1.829191750E0,2.833106555E-4,1.788916625E-2,7.720997091E-3
1.839131750E0,-3.164062742E-3,1.933373511E-2,5.539796315E-3
1.849070750E0,-2.623441163E-3,2.728034183E-2,4.730727989E-3
1.859010750E0,1.522851177E-3,3.596679121E-2,5.705804564E-3
1.868949750E0,-3.132088110E-3,4.977794364E-2,8.058973588E-3
1.878889750E0,-5.269050598E-4,5.737682432E-2,8.273057640E-3
1.888829750E0,3.848135937E-3,5.931374431E-2,1.007921342E-2
1.898768750E0,2.433078364E-3,6.333446503E-2,1.108968537E-2
1.908708750E0,4.494897556E-3,6.702294201E-2,1.151872054E-2
1.918647750E0,1.281330548E-2,6.202371418E-2,9.257967584E-3
1.928587750E0,1.607860811E-2,4.724263400E-2,3.981636837E-4
1.938526750E0,1.292997226E-2,3.807231784E-2,-5.469487980E-3
1.948466750E0,5.301347934E-3,2.653417364E-2,-3.790364601E-3
1.958406750E0,3.802346764E-3,1.194064692E-2,-2.599472180E-3
1.968345750E0,-8.579189889E-4,-9.839483537E-3,-4.463418387E-3
1.978285750E0,-3.062709700E-3,-3.412827104E-2,-9.312003851E-3
1.988224750E0,-5.316010211E-3,-4.462192580E-2,-1.179327257E-2
1.998164750E0,8.795317262E-5,-4.098867252E-2,-1.358089782E-2
2.008103750E0,5.081380252E-3,-3.793402761E-2,-1.123012602E-2
2.018043750E0,1.338049769E-3,-2.811016887E-2,-2.812443301E-3
2.027982750E0,1.278777793E-2,-2.682412788E-2,-1.324271318E-2
2.037922750E0,1.943041943E-2,-2.630649135E-2,-2.549584582E-2
2.047862750E0,1.729589701E-2,3.138481639E-3,-2.959711477E-2
2.057801750E0,2.124996483E-2,2.104138955E-2,-2.803901955E-2
2.067741750E0,2.057245746E-2,8.206284605E-3,-2.193585038E-2
2.077680750E0,1.321490295E-2,-1.029367372E-2,-2.165138908E-2
2.087620750E0,8.673680946E-3,-1.951673254E-2,-1.259184815E-2
2.097559750E0,9.241183288E-3,-2.337540314E-2,-8.950601332E-3
2.107499750E0,9.881939739E-3,-4.505326971E-2,-6.645902060E-3
2.117438750E0,1.274614222E-2,-6.826753169E-2,-1.001627091E-2
2.127378750E0,1.112214662E-2,-8.612216264E-2,-1.947049052E-2
2.137318750E0,7.388817146E-3,-8.837877214E-2,-2.662762254E-2
2.147257750E0,1.015903801E-2,-7.871016860E-2,-2.827665210E-2
2.157197750E0,1.150570344E-2,-6.641282141E-2,-2.375612780E-2
2.167136750E0,1.443331689E-2,-5.786646903E-2,-2.259259298E-2
2.177076750E0,3.086947603E-3,-4.736402631E-2,-2.299600840E-2
2.187015750E0,3.592415480E-3,-1.526654232E-2,-6.680418737E-3
2.196955750E0,1.226689294E-2,1.365968212E-2,8.717400953E-3
2.206894750E0,7.494775113E-3,1.372652687E-2,7.847612724E-3
2.216834750E0,3.562717466E-3,2.128555439E-3,-6.217584014E-3
2.226774750E0,9.156953543E-3,-8.002641611E-3,-2.130678855E-2
2.236713750E0,1.493914612E-2,-1.122193784E-2,-2.633361146E-2
2.246653750E0,1.447761990E-2,-3.357090522E-3,-1.913109049E-2
2.256592750E0,1.886025444E-2,-9.063042700E-3,-1.599572971E-2
2.266532750E0,2.324381843E-2,-1.513664797E-2,-1.363163907E-2
2.276471750E0,2.473790571E-2,-9.988945909E-3,-1.768083312E-2
2.286411750E0,1.406795159E-2,-1.863108948E-3,-1.348795369E-2
2.296351750E0,1.255697198E-2,1.985234208E-3,-1.836902276E-2
2.306290750E0,2.010410465E-2,-9.196314029E-3,-2.304713055E-2
2.316230750E0,2.628747001E-2,-2.212884650E-2,-2.097309567E-2
2.326169750E0,2.749574743E-2,-2.800218202E-2,-1.771365292E-2
2.336109750E0,2.322240174E-2,-2.976230904E-2,-2.045693994E-2
2.346048750E0,1.993499324E-2,-2.515504137E-2,-2.423330396E-2
2.355988750E0,2.033070475E-2,-1.753789745E-2,-2.126832306E-2
2.365927750E0,2.184364758E-2,1.206526719E-2,-3.456036560E-3
2.375867750E0,1.691901311E-2,6.106273457E-2,1.436079014E-2
2.385807750E0,1.981653087E-2,1.310996115E-1,2.932748944E-2
2.395746750E0,2.432219684E-2,2.020338476E-1,4.524837807E-2
2.405686750E0,2.757524699E-2,2.541753352E-1,6.057646871E-2
2.415625750E0,3.336317837E-2,2.823710740E-1,6.069565564E-2
2.425565750E0,4.311700538E-2,2.767238617E-1,4.230732843E-2
2.435504750E0,4.664607346E-2,2.651954293E-1,9.132216685E-3
2.445444750E0,3.865632415E-2,2.589987814E-1,-2.923541144E-2
2.455384750E0,1.675247401E-2,2.304497957E-1,-5.445561558E-2
2.465323750E0,-1.411196403E-2,1.592653543E-1,-6.376629323E-2
2.475263750E0,-2.660401165E-2,5.752945691E-2,-5.257013813E-2
2.485202750E0,1.900866162E-3,-2.406740561E-2,-5.203457549E-2
2.495143292E0,5.021338165E-2,-6.007083505E-2,-8.211003244E-2
2.505082292E0,7.748708129E-2,-3.761186451E-2,-1.392958313E-1
2.515022292E0,7.887467742E-2,9.340028279E-3,-1.745547354E-1
2.524961292E0,8.649371564E-2,4.326656833E-2,-1.724276692E-1
2.534901292E0,6.291323900E-2,6.202768907E-2,-1.265323907E-1
2.544841292E0,2.610862069E-2,8.166849613E-2,-5.061659217E-2
2.554780292E0,1.141776703E-2,6.669535488E-2,2.846219391E-2
2.564720292E0,2.183392271E-2,1.206357963E-3,7.456497103E-2
2.574659292E0,4.569133371E-2,-1.084109321E-1,7.037244737E-2
2.584599292E0,6.715747714E-2,-2.313456386E-1,4.320181534E-2
2.594538292E0,7.007868588E-2,-3.116431832E-1,3.543088585E-2
2.604478292E0,5.341501907E-2,-3.545288444E-1,5.473481119E-2
2.614417292E0,2.433766238E-2,-3.793943822E-1,8.708938956E-2
2.624357292E0,9.121424519E-3,-3.794181049E-1,9.889784455E-2
2.634297292E0,-2.761820797E-3,-3.444523811E-1,9.327108413E-2
2.644236292E0,-1.789709926E-2,-2.842425704E-1,8.351645619E-2
2.654176292E0,-2.140311711E-2,-2.040065378E-1,8.397710323E-2
2.664115292E0,-2.239594236E-2,-1.054181829E-1,9.743512422E-2
2.674055292E0,-3.106909432E-2,-9.051728062E-3,1.146836951E-1
2.683994292E0,-3.844578192E-2,7.819742709E-2,1.195277199E-1
2.693934292E0,-5.620988086E-2,1.385699362E-1,1.199958175E-1
2.703874292E0,-7.565309107E-2,1.735934317E-1,1.069018543E-1
2.713813292E0,-1.005685329E-1,1.864834279E-1,9.847494215E-2
2.723753292E0,-1.253242195E-1,1.948817074E-1,9.172676504E-2
2.733692292E0,-1.495015919E-1,2.078578174E-1,1.115076318E-1
2.743632292E0,-1.673088223E-1,2.303993553E-1,1.400487274E-1
2.753571292E0,-1.758901626E-1,2.901770771E-1,1.600568742E-1
2.763511292E0,-1.642918438E-1,3.967975378E-1,1.771783382E-1
2.773450292E0,-1.373173296E-1,5.376051664E-1,2.197139710E-1
2.783390292E0,-8.855217695E-2,6.801340580E-1,2.855667472E-1
2.793330292E0,-1.246430818E-2,7.933735847E-1,3.662340641E-1
2.803269292E0,7.167640328E-2,8.803156614E-1,4.621534348E-1
2.813209292E0,1.434744149E-1,9.496137500E-1,5.550726056E-1
2.823148292E0,1.805671901E-1,1.004377365E0,6.435846686E-1
2.833088292E0,2.026031166E-1,1.108624578E0,7.294572592E-1
2.843027292E0,2.421257645E-1,1.229047894E0,8.158744574E-1
2.852967292E0,2.892467678E-1,1.339925766E0,9.009584785E-1
2.862907292E0,3.424894810E-1,1.442663312E0,9.919914603E-1
2.872846292E0,3.863144815E-1,1.555670857E0,1.090156078E0
2.882786292E0,4.388242960E-1,1.696137428E0,1.182958364E0
2.892725292E0,4.925394952E-1,1.840569854E0,1.288721800E0
2.902665292E0,5.320014358E-1,1.950873494E0,1.404648900E0
2.912604292E0,5.697143078E-1,2.020506620E0,1.535411954E0
2.922544292E0,6.090393066E-1,2.040437698E0,1.651485324E0
2.932483292E0,6.321117878E-1,2.010182381E0,1.742200017E0
2.942423292E0,6.373617053E-1,1.921641588E0,1.807481885E0
2.952363292E0,6.398370862E-1,1.780874491E0,1.859379292E0
2.962302292E0,6.497323513E-1,1.622371674E0,1.914640903E0
2.972242292E0,6.504634619E-1,1.473751664E0,1.969418645E0
2.982181292E0,6.185955405E-1,1.303882718E0,2.025566101E0
2.992121292E0,5.650405288E-1,1.147719264E0,2.084121704E0
3.002060292E0,5.226256847E-1,1.015791655E0,2.151071072E0
3.012000292E0,4.960050881E-1,8.984084129E-1,2.227155447E0
3.021940292E0,4.719895124E-1,7.847146392E-1,2.298368454E0
3.031879292E0,4.409965575E-1,6.716539264E-1,2.338452339E0
3.041819292E0,3.922860026E-1,5.513019562E-1,2.333714247E0
3.051758292E0,3.384970427E-1,4.377003014E-1,2.321569920E0
3.061698292E0,2.954901755E-1,3.504910767E-1,2.315677404E0
3.071637292E0,2.685765922E-1,2.668279111E-1,2.311148167E0
3.081577292E0,2.508833408E-1,1.882699877E-1,2.308990479E0
3.091516292E0,2.327656448E-1,1.141681075E-1,2.299181461E0
3.101456292E0,2.090874761E-1,7.498846948E-2,2.273911238E0
3.111396292E0,1.986746490E-1,1.018713564E-1,2.244040012E0
3.121335292E0,1.725162864E-1,1.796825379E-1,2.232652187E0
3.131275292E0,1.235470995E-1,2.780274451E-1,2.226576328E0
3.141214292E0,6.162941083E-2,3.814124167E-1,2.248245001E0
3.151154292E0,4.862954374E-3,4.916959405E-1,2.280435324E0
3.161093292E0,-3.844883293E-2,5.873265862E-1,2.306469679E0
3.171033292E0,-7.124871016E-2,6.623826027E-1,2.316933870E0
3.180972292E0,-7.769303024E-2,7.172935605E-1,2.294667721E0
3.190912292E0,-6.261707097E-2,7.269417048E-1,2.249962091E0
3.200852292E0,-3.944437578E-2,6.939965487E-1,2.190305471E0
3.210791292E0,-2.138598450E-2,6.169246435E-1,2.126598120E0
3.220731292E0,-8.482703939E-3,4.997642040E-1,2.068015337E0
3.230670292E0,2.950151684E-3,3.729079068E-1,2.014745951E0
3.240610292E0,1.674985327E-2,2.417922318E-1,1.975960135E0
3.250549292E0,3.075069189E-2,1.261741072E-1,1.948827028E0
3.260489292E0,4.368859529E-2,4.277987778E-2,1.925241232E0
3.270428292E0,6.224709749E-2,2.684125677E-3,1.899843454E0
3.280368292E0,9.131656587E-2,-9.858829901E-3,1.860236168E0
3.290308292E0,1.175489053E-1,-2.132994309E-2,1.813932180E0
3.300247292E0,1.291405708E-1,-2.235872112E-2,1.761463046E0
3.310187292E0,1.381291747E-1,-4.095665179E-3,1.698626399E0
3.320126292E0,1.432775855E-1,3.320173360E-3,1.634878278E0
3.330066292E0,1.447483897E-1,-5.091477651E-3,1.568009019E0
3.340005292E0,1.386537552E-1,-2.753020823E-2,1.500205278E0
3.349945292E0,1.258164048E-1,-4.492716491E-2,1.433636308E0
3.359885292E0,1.100084111E-1,-5.119784176E-2,1.364693522E0
3.369824292E0,9.894812107E-2,-4.015788063E-2,1.297568560E0
3.379764292E0,9.413046390E-2,-2.198500186E-2,1.230317354E0
3.389703292E0,8.392536640E-2,5.310938694E-3,1.169745088E0
3.399643292E0,6.037210301E-2,4.753722250E-2,1.115435719E0
3.409582292E0,2.721112967E-2,8.771969378E-2,1.066704154E0
3.419522292E0,-3.486596048E-3,1.274306178E-1,1.019351006E0
3.429461292E0,-3.880416229E-2,1.774457991E-1,9.710274339E-1
3.439401292E0,-7.204253972E-2,2.309977114E-1,9.176906943E-1
3.449341292E0,-1.103130504E-1,2.903661430E-1,8.691918850E-1
3.459280292E0,-1.491954625E-1,3.344297409E-1,8.229210377E-1
3.469220292E0,-1.919094771E-1,3.649215102E-1,7.777033448E-1
3.479159292E0,-2.370945364E-1,3.882428110E-1,7.303938866E-1
3.489099292E0,-2.775097787E-1,4.081186056E-1,6.829196811E-1
3.499038750E0,-3.042969108E-1,4.102810919E-1,6.322876215E-1
3.508978750E0,-3.196679950E-1,3.915379047E-1,5.904984474E-1
3.518917750E0,-3.239136040E-1,3.779520690E-1,5.611035228E-1
3.528857750E0,-3.244844675E-1,3.683112264E-1,5.455827713E-1
3.538797750E0,-3.156638145E-1,3.462376297E-1,5.316810608E-1
3.548736750E0,-2.938800752E-1,3.240680397E-1,5.134736896E-1
3.558676750E0,-2.729356587E-1,2.932225168E-1,4.892783761E-1
3.568615750E0,-2.446069419E-1,2.596015632E-1,4.704907238E-1
3.578555750E0,-2.092670649E-1,2.343696952E-1,4.579192698E-1
3.588494750E0,-1.712014824E-1,2.203851640E-1,4.486233592E-1
3.598434750E0,-1.372733414E-1,2.194647789E-1,4.349613488E-1
3.608374750E0,-1.043237746E-1,2.377259433E-1,4.216841757E-1
3.618313750E0,-7.648441941E-2,2.577441037E-1,4.078125656E-1
3.628253750E0,-5.840875208E-2,2.689751983E-1,3.985140920E-1
3.638192750E0,-5.352718011E-2,2.610855699E-1,4.039176404E-1
3.648132750E0,-5.206893384E-2,2.425618619E-1,4.168314934E-1
3.658071750E0,-4.530317336E-2,2.264808863E-1,4.272585511E-1
3.668011750E0,-3.163933009E-2,2.087151855E-1,4.336470366E-1
3.677950750E0,-1.218360662E-2,1.978593320E-1,4.245840311E-1
3.687890750E0,9.264308028E-3,1.747453660E-1,4.098003507E-1
3.697830750E0,2.063680440E-2,1.399541050E-1,4.017634690E-1
3.707769750E0,2.812770754E-2,1.086014658E-1,3.918011189E-1
3.717709750E0,2.782890201E-2,9.273780882E-2,3.842411935E-1
3.727648750E0,1.858560927E-2,8.092086017E-2,3.723774850E-1
3.737588750E0,2.227941528E-3,8.360186219E-2,3.521070778E-1
3.747527750E0,-1.435100660E-2,8.455209434E-2,3.224031329E-1
3.757467750E0,-2.532722428E-2,7.044745982E-2,2.943174541E-1
3.767406750E0,-4.353906959E-2,5.124517530E-2,2.632481754E-1
3.777346750E0,-5.726660043E-2,3.677781671E-2,2.294606715E-1
3.787286750E0,-7.187087089E-2,2.335520089E-2,1.936346143E-1
3.797225750E0,-8.769723773E-2,6.918169558E-3,1.602604091E-1
3.807165750E0,-1.040907204E-1,4.766205326E-3,1.320069581E-1
3.817104750E0,-1.185279787E-1,2.400434762E-2,1.062584519E-1
3.827044750E0,-1.287699491E-1,4.793899134E-2,9.184312075E-2
3.836983750E0,-1.461207122E-1,7.152634859E-2,9.535849094E-2
3.846923750E0,-1.541438997E-1,8.950732648E-2,9.825164080E-2
3.856862750E0,-1.606390774E-1,1.064247787E-1,9.495650977E-2
3.866802750E0,-1.591569334E-1,1.204490960E-1,7.950069010E-2
3.876742750E0,-1.620225012E-1,1.197966188E-1,5.437776074E-2
3.886681750E0,-1.614114046E-1,1.071451753E-1,3.671077639E-2
3.896621750E0,-1.578954905E-1,8.524280787E-2,2.993835881E-2
3.906560750E0,-1.479715854E-1,7.116229832E-2,2.030804381E-2
3.916500750E0,-1.299630255E-1,6.444501132E-2,5.364249460E-3
3.926439750E0,-1.013256311E-1,6.952278316E-2,-1.275032666E-2
3.936379750E0,-7.314272970E-2,6.982505322E-2,-3.099670634E-2
3.946318750E0,-4.649356380E-2,6.372263283E-2,-4.644167051E-2
3.956258750E0,-2.401435375E-2,5.337652192E-2,-5.428441241E-2
3.966198750E0,-7.463316899E-3,4.654367268E-2,-5.654370040E-2
3.976137750E0,-6.517095957E-3,3.751422465E-2,-4.956675321E-2
3.986077750E0,-1.849361323E-2,2.396750823E-2,-3.673892841E-2
3.996016750E0,-3.245736659E-2,1.131536160E-2,-2.667856961E-2
4.005956750E0,-3.886625916E-2,7.274813950E-3,-1.809786446E-2
4.015895750E0,-3.562865406E-2,1.067034435E-2,-1.439340785E-2
4.025835750E0,-3.110358678E-2,5.209629424E-3,-1.148491167E-2
4.035775750E0,-3.939347342E-2,6.543073803E-3,-8.559428155E-3
4.045714750E0,-4.127706215E-2,1.081538294E-2,-5.102543160E-3
4.055654750E0,-4.184165224E-2,6.652862765E-3,-6.173932925E-3
4.065593750E0,-2.917945758E-2,-4.368170630E-3,-1.734391227E-2
4.075533750E0,-1.070005074E-2,-2.101931907E-2,-3.052176535E-2
4.085472750E0,3.673376748E-3,-3.090593964E-2,-4.619818181E-2
4.095412750E0,9.362155572E-3,-3.594224155E-2,-6.324454397E-2
4.105351750E0,1.163412631E-2,-2.963053435E-2,-7.944947481E-2
4.115291750E0,1.254466176E-2,-1.441136748E-2,-9.372481704E-2
4.125231750E0,1.317415386E-2,-1.389353536E-3,-1.019554213E-1
4.135170750E0,1.491159946E-2,1.734092459E-2,-1.230010465E-1
4.145110750E0,1.934874244E-2,4.100127146E-2,-1.438280642E-1
4.155049750E0,2.849217504E-2,6.666269153E-2,-1.696258485E-1
4.164989750E0,3.281147406E-2,8.172862977E-2,-1.840990782E-1
4.174928750E0,4.627481848E-2,9.225104749E-2,-1.948912591E-1
4.184868750E0,5.550961196E-2,9.535444528E-2,-1.946749240E-1
4.194807750E0,5.911552906E-2,9.754676372E-2,-1.905512959E-1
4.204747750E0,6.190573052E-2,1.019482166E-1,-1.814516336E-1
4.214687750E0,6.049851701E-2,1.097603291E-1,-1.759356856E-1
4.224626750E0,5.654144287E-2,1.155328080E-1,-1.668513566E-1
4.234566750E0,5.094560608E-2,1.240354776E-1,-1.624430269E-1
4.244505750E0,3.922867030E-2,1.334451288E-1,-1.589548737E-1
4.254445750E0,3.323788941E-2,1.351950914E-1,-1.521491706E-1
4.264384750E0,1.579837315E-2,1.262092590E-1,-1.413924843E-1
4.274324750E0,-5.454184487E-3,1.070925593E-1,-1.276881248E-1
4.284263750E0,-2.298044786E-2,7.664863020E-2,-1.108598858E-1
4.294203750E0,-4.709750041E-2,3.263350204E-2,-1.007547900E-1
4.304143750E0,-6.602569669E-2,-2.054559067E-2,-8.675637841E-2
4.314082750E0,-7.066758722E-2,-8.482843637E-2,-7.187889516E-2
4.324022750E0,-8.267142624E-2,-1.685666740E-1,-5.789737403E-2
4.333961750E0,-8.936368674E-2,-2.294050008E-1,-4.533310980E-2
4.343901750E0,-8.575719595E-2,-2.600230575E-1,-2.747931145E-2
4.353840750E0,-7.041206211E-2,-2.644300461E-1,-1.685489900E-2
4.363780750E0,-3.783456981E-2,-2.444794029E-1,-1.917147823E-2
4.373720750E0,-1.907879487E-4,-2.145923525E-1,-3.660852462E-2
4.383659750E0,3.704338148E-2,-1.793097556E-1,-6.375581771E-2
4.393599750E0,7.019813359E-2,-1.560102701E-1,-8.427999914E-2
4.403538750E0,8.479688317E-2,-1.416147202E-1,-9.836459905E-2
4.413478750E0,8.068656176E-2,-1.369424760E-1,-9.509424120E-2
4.423417750E0,6.125072390E-2,-1.364341825E-1,-8.010412008E-2
4.433357750E0,3.976540640E-2,-1.318612546E-1,-6.523968279E-2
4.443296750E0,2.517509647E-2,-1.265002191E-1,-5.185488611E-2
4.453236750E0,1.003049873E-2,-1.251311004E-1,-2.616497315E-2
4.463176750E0,-7.677604910E-3,-1.212124750E-1,6.709136069E-4
4.473115750E0,-3.150996566E-2,-1.116368100E-1,3.527176753E-2
4.483055750E0,-5.064877495E-2,-7.732518017E-2,5.629396066E-2
4.492994750E0,-6.868582964E-2,-4.720083252E-2,5.845218897E-2
4.502934250E0,-8.094973117E-2,-2.900588699E-2,5.410860851E-2
4.512873250E0,-8.808220923E-2,-1.814764738E-2,4.566132650E-2
4.522813250E0,-8.574643731E-2,-1.654318348E-2,3.658020124E-2
4.532752250E0,-8.043742180E-2,-2.974021062E-2,3.221048415E-2
4.542692250E0,-7.585363090E-2,-4.303394258E-2,3.032584861E-2
4.552632250E0,-6.679009646E-2,-5.110092461E-2,2.380190417E-2
4.562571250E0,-6.314715743E-2,-4.506087676E-2,1.203685720E-2
4.572511250E0,-6.200065836E-2,-2.809494175E-2,1.558650285E-3
4.582450250E0,-6.741352379E-2,-1.611629501E-2,-2.927086316E-3
4.592390250E0,-7.096990943E-2,-8.670629002E-3,-5.930922925E-4
4.602329250E0,-6.676555425E-2,-9.243725799E-3,7.536299527E-3
4.612269250E0,-5.953986943E-2,-9.075414389E-3,2.309847996E-2
4.622208250E0,-4.169896245E-2,-1.998599619E-2,3.470473364E-2
4.632148250E0,-1.426547393E-2,-4.144788161E-2,4.935105145E-2
4.642088250E0,8.016046137E-3,-6.092576683E-2,6.334209442E-2
4.652027250E0,3.108647838E-2,-6.134201959E-2,7.133769989E-2
4.661967250E0,4.179191962E-2,-4.461859167E-2,7.481469214E-2
4.671906250E0,4.171441868E-2,-1.854944415E-2,7.592763007E-2
4.681846250E0,3.567304835E-2,-2.115129028E-3,8.443176746E-2
4.691785250E0,3.570287675E-2,-2.175848931E-3,9.158874303E-2
4.701725250E0,4.420506582E-2,-1.854758337E-2,9.698645025E-2
4.711665250E0,6.199764460E-2,-4.888418317E-2,9.646819532E-2
4.721604250E0,8.449774235E-2,-8.839179575E-2,8.416295052E-2
4.731544250E0,1.137408465E-1,-1.196559817E-1,7.209935784E-2
4.741483250E0,1.322376132E-1,-1.410661340E-1,6.448942423E-2
4.751423250E0,1.426585615E-1,-1.435697824E-1,5.624108016E-2
4.761362250E0,1.496952921E-1,-1.262052953E-1,5.192225799E-2
4.771302250E0,1.535832435E-1,-1.049620584E-1,4.666864127E-2
4.781241250E0,1.542402953E-1,-9.312321246E-2,3.466999531E-2
4.791181250E0,1.664026827E-1,-9.980854392E-2,2.448793501E-2
4.801120250E0,1.727883965E-1,-1.213822961E-1,1.405410934E-2
4.811060250E0,1.839760691E-1,-1.487167180E-1,3.183352295E-3
4.821000250E0,1.935489029E-1,-1.768393219E-1,-5.204435438E-3
4.830939250E0,1.934034973E-1,-1.991576701E-1,-1.437236741E-2
4.840879250E0,1.912505478E-1,-2.177063376E-1,-1.663570479E-2
4.850818250E0,1.994898468E-1,-2.374406308E-1,-2.995204180E-2
4.860758250E0,2.040752023E-1,-2.632563710E-1,-4.431395233E-2
4.870697250E0,2.175585181E-1,-2.861049175E-1,-7.160948962E-2
4.880637250E0,2.401550412E-1,-3.091470003E-1,-9.805354476E-2
4.890577250E0,2.690149248E-1,-3.260000348E-1,-1.340014189E-1
4.900516250E0,2.918119729E-1,-3.421479762E-1,-1.718754172E-1
4.910456250E0,3.129628003E-1,-3.587293625E-1,-2.146931887E-1
4.920395250E0,3.317862153E-1,-3.800951838E-1,-2.539262474E-1
4.930335250E0,3.521143794E-1,-4.101721048E-1,-2.917865515E-1
4.940274250E0,3.771740198E-1,-4.540145695E-1,-3.312545419E-1
4.950214250E0,3.974382579E-1,-4.927076399E-1,-3.778910041E-1
4.960153250E0,4.207574725E-1,-5.309724808E-1,-4.277290702E-1
4.970093250E0,4.473550022E-1,-5.688961744E-1,-4.777935445E-1
4.980033250E0,4.641635716E-1,-6.026716232E-1,-5.279783010E-1
4.989972250E0,4.827154279E-1,-6.213598251E-1,-5.704708695E-1
4.999912250E0,4.984748363E-1,-6.252926588E-1,-6.119244695E-1
5.009851250E0,5.166527629E-1,-6.230419874E-1,-6.475415826E-1
5.019791250E0,5.257853866E-1,-6.108337045E-1,-6.754494905E-1
5.029730250E0,5.462680459E-1,-5.941583514E-1,-6.988877058E-1
5.039670250E0,5.639242530E-1,-5.715456605E-1,-7.202880979E-1
5.049609250E0,5.828744769E-1,-5.519583821E-1,-7.396239638E-1
5.059549250E0,5.959371328E-1,-5.459712744E-1,-7.619413137E-1
5.069489250E0,6.120803952E-1,-5.578138232E-1,-7.853991985E-1
5.079428250E0,6.272377372E-1,-5.856153369E-1,-8.087290525E-1
5.089368250E0,6.422438622E-1,-6.220601797E-1,-8.321310878E-1
5.099307250E0,6.636015773E-1,-6.511254311E-1,-8.680500388E-1
5.109247250E0,6.813451648E-1,-6.884850860E-1,-9.059122205E-1
5.119186250E0,6.933113933E-1,-7.435705662E-1,-9.450384974E-1
5.129126250E0,7.075396180E-1,-7.986221313E-1,-9.807903767E-1
5.139065250E0,7.202853560E-1,-8.366623521E-1,-1.012720823E0
5.149005250E0,7.265762687E-1,-8.516426086E-1,-1.043223858E0
5.158945250E0,7.304469943E-1,-8.534494638E-1,-1.069426298E0
5.168884250E0,7.410647273E-1,-8.622773290E-1,-1.096975327E0
5.178824250E0,7.514796853E-1,-8.800724149E-1,-1.123686671E0
5.188763250E0,7.619126439E-1,-9.047740698E-1,-1.154417157E0
5.198703250E0,7.711971402E-1,-9.402391911E-1,-1.185318232E0
5.208642250E0,7.838745713E-1,-9.798179865E-1,-1.221365452E0
5.218582250E0,8.044890165E-1,-1.023494720E0,-1.258858204E0
5.228522250E0,8.266691566E-1,-1.068848252E0,-1.305941820E0
5.238461250E0,8.529038429E-1,-1.116650105E0,-1.350397229E0
5.248401250E0,8.764908910E-1,-1.164377093E0,-1.402780056E0
5.258340250E0,8.910209537E-1,-1.212530017E0,-1.453270197E0
5.268280250E0,9.004632235E-1,-1.261930585E0,-1.500413537E0
5.278219250E0,8.975667953E-1,-1.313285708E0,-1.544762969E0
5.288159250E0,8.917739391E-1,-1.363357663E0,-1.582900167E0
5.298098250E0,8.903983831E-1,-1.402521491E0,-1.619056106E0
5.308038250E0,9.132201076E-1,-1.428924084E0,-1.650095940E0
5.317977250E0,9.609998465E-1,-1.441723228E0,-1.676858187E0
5.327917250E0,1.019896507E0,-1.446386695E0,-1.699773908E0
5.337857250E0,1.070881605E0,-1.434653044E0,-1.724365711E0
5.347796250E0,1.110050917E0,-1.417385101E0,-1.759363651E0
5.357736250E0,1.140790343E0,-1.402854800E0,-1.796342731E0
5.367675250E0,1.160295606E0,-1.386952519E0,-1.826705456E0
5.377615250E0,1.173785090E0,-1.364354372E0,-1.848587513E0
5.387554250E0,1.183503032E0,-1.328846216E0,-1.861398458E0
5.397494250E0,1.196995854E0,-1.279196739E0,-1.847843647E0
5.407434250E0,1.207666636E0,-1.227963567E0,-1.818296671E0
5.417373250E0,1.215280771E0,-1.168752193E0,-1.780745149E0
5.427313250E0,1.224742651E0,-1.118197083E0,-1.735265255E0
5.437252250E0,1.236193419E0,-1.065028191E0,-1.688978195E0
5.447192250E0,1.259319425E0,-1.007553101E0,-1.647874475E0
5.457131250E0,1.278732181E0,-9.520930052E-1,-1.600741863E0
5.467071250E0,1.298998594E0,-9.042469263E-1,-1.562624097E0
5.477010250E0,1.317899823E0,-8.609518409E-1,-1.529623747E0
5.486950250E0,1.326035500E0,-8.225253224E-1,-1.502292156E0
5.496889917E0,1.320919275E0,-7.787019610E-1,-1.473378420E0
5.506828917E0,1.311282873E0,-7.336031795E-1,-1.449356437E0
5.516768917E0,1.301364541E0,-6.796499491E-1,-1.426197529E0
5.526707917E0,1.312499523E0,-6.162009239E-1,-1.402598500E0
5.536647917E0,1.336703777E0,-5.567472577E-1,-1.371960163E0
5.546586917E0,1.373099923E0,-5.025596023E-1,-1.332671046E0
5.556526917E0,1.412646890E0,-4.509619176E-1,-1.295988560E0
5.566465917E0,1.452065110E0,-3.862628043E-1,-1.256572962E0
5.576405917E0,1.491288662E0,-3.088745773E-1,-1.220007777E0
5.586345917E0,1.525915861E0,-2.355191410E-1,-1.193162799E0
5.596284917E0,1.544768333E0,-1.828378439E-1,-1.158560514E0
5.606224917E0,1.552446127E0,-1.393758506E-1,-1.121847630E0
5.616163917E0,1.560543776E0,-1.025084555E-1,-1.078931928E0
5.626103917E0,1.570407271E0,-5.780916288E-2,-1.026713133E0
5.636042917E0,1.578151822E0,-2.039920539E-2,-9.762052298E-1
5.645982917E0,1.583118796E0,2.354002371E-2,-9.284166694E-1
5.655921917E0,1.590700030E0,6.333399564E-2,-8.913438916E-1
5.665861917E0,1.593321681E0,9.792633355E-2,-8.615159988E-1
5.675801917E0,1.599640369E0,1.201472506E-1,-8.432184458E-1
5.685740917E0,1.601990342E0,1.264640093E-1,-8.336366415E-1
5.695680917E0,1.597824693E0,1.246353388E-1,-8.253402114E-1
5.705619917E0,1.581874251E0,1.166671589E-1,-8.203960657E-1
5.715559917E0,1.555275679E0,1.011162028E-1,-8.090458512E-1
5.725498917E0,1.516791463E0,9.369797260E-2,-7.880018353E-1
5.735438917E0,1.473596334E0,1.014827341E-1,-7.603626251E-1
5.745377917E0,1.430562019E0,1.118754521E-1,-7.301389575E-1
5.755317917E0,1.384596586E0,1.179805398E-1,-7.062577605E-1
5.765257917E0,1.335615993E0,1.268094480E-1,-6.844972968E-1
5.775196917E0,1.291152596E0,1.281386167E-1,-6.684795618E-1
5.785136917E0,1.240624428E0,1.242370754E-1,-6.534036994E-1
5.795075917E0,1.188480258E0,1.048256457E-1,-6.343907118E-1
5.805015917E0,1.132700682E0,7.908806205E-2,-6.131753922E-1
5.814954917E0,1.079825640E0,4.968715459E-2,-5.958577394E-1
5.824894917E0,1.029940367E0,2.130425163E-2,-5.687193274E-1
5.834834917E0,9.768745899E-1,-9.471364319E-3,-5.499002934E-1
5.844773917E0,9.228678346E-1,-3.900448978E-2,-5.281353593E-1
5.854713917E0,8.739061952E-1,-6.000133976E-2,-5.079972148E-1
5.864652917E0,8.234166503E-1,-8.372877538E-2,-4.846831560E-1
5.874592917E0,7.655175924E-1,-1.131027415E-1,-4.586188495E-1
5.884531917E0,7.130380869E-1,-1.385122389E-1,-4.291959703E-1
5.894471917E0,6.592129469E-1,-1.455778778E-1,-3.993958533E-1
5.904410917E0,6.103151441E-1,-1.610013247E-1,-3.716997802E-1
5.914350917E0,5.659720302E-1,-1.783263981E-1,-3.489265144E-1
5.924290917E0,5.306451917E-1,-1.855161339E-1,-3.280712962E-1
5.934229917E0,5.074463487E-1,-1.863234192E-1,-3.026576936E-1
5.944169917E0,4.773851037E-1,-1.848938316E-1,-2.809577286E-1
5.954108917E0,4.528442025E-1,-1.846319288E-1,-2.565169632E-1
5.964048917E0,4.193597436E-1,-1.810806096E-1,-2.301636785E-1
5.973987917E0,3.905982375E-1,-1.772308946E-1,-2.094897181E-1
5.983927917E0,3.738536239E-1,-1.782639325E-1,-1.849729270E-1
5.993866917E0,3.568232059E-1,-1.825244725E-1,-1.652852893E-1
6.003806917E0,3.404924273E-1,-1.885101944E-1,-1.469619423E-1
6.013746917E0,3.282571137E-1,-1.874822080E-1,-1.333099604E-1
6.023685917E0,3.137042522E-1,-1.877714247E-1,-1.170534864E-1
6.033625917E0,3.076877892E-1,-1.836417764E-1,-1.038204357E-1
6.043564917E0,2.967352867E-1,-1.704434156E-1,-9.193820506E-2
6.053504917E0,2.912403345E-1,-1.529113203E-1,-8.759313822E-2
6.063443917E0,2.842088044E-1,-1.395071000E-1,-8.657447994E-2
6.073383917E0,2.800034285E-1,-1.350968778E-1,-8.047725260E-2
6.083322917E0,2.750571370E-1,-1.248634085E-1,-7.064486295E-2
6.093262917E0,2.736957073E-1,-1.138099954E-1,-6.030829996E-2
6.103202917E0,2.700426579E-1,-1.034649462E-1,-5.055073649E-2
6.113141917E0,2.571134567E-1,-9.450264275E-2,-4.373780265E-2
6.123081917E0,2.429257482E-1,-8.138364553E-2,-3.947328404E-2
6.133020917E0,2.299612761E-1,-6.522274762E-2,-3.634991869E-2
6.142960917E0,2.209794968E-1,-5.198390782E-2,-3.320392594E-2
6.152899917E0,2.145757973E-1,-3.824745864E-2,-2.784327045E-2
6.162839917E0,2.092023343E-1,-3.092988953E-2,-2.680464089E-2
6.172779917E0,2.080323547E-1,-2.057692036E-2,-1.950958371E-2
6.182718917E0,1.937010735E-1,-6.269886624E-3,-1.844272390E-2
6.192658917E0,1.850745529E-1,1.344873570E-3,-1.413062215E-2
6.202597917E0,1.752429605E-1,1.120389625E-2,-1.009193808E-2
6.212537917E0,1.668765396E-1,1.828837395E-2,-2.513797022E-3
6.222476917E0,1.698704660E-1,2.606799826E-2,4.713222850E-3
6.232416917E0,1.682946980E-1,4.073084146E-2,7.795391604E-3
6.242355917E0,1.652445793E-1,5.391162634E-2,1.507673971E-2
6.252295917E0,1.600723714E-1,7.297523320E-2,2.499513701E-2
6.262235917E0,1.518575847E-1,8.803221583E-2,3.378622979E-2
6.272174917E0,1.469320655E-1,1.036932021E-1,4.930020869E-2
6.282114917E0,1.477600485E-1,1.111058444E-1,6.236355007E-2
6.292053917E0,1.564535946E-1,1.090066805E-1,8.221726865E-2
6.301993917E0,1.593194306E-1,1.098676845E-1,1.000013277E-1
6.311932917E0,1.603581160E-1,1.040812135E-1,1.139907017E-1
6.321872917E0,1.507182717E-1,1.020170003E-1,1.258012801E-1
6.331811917E0,1.376690269E-1,9.910800308E-2,1.417420208E-1
6.341751917E0,1.168231368E-1,1.001580879E-1,1.537470222E-1
6.351691917E0,9.319183230E-2,1.050915942E-1,1.649227142E-1
6.361630917E0,6.222326681E-2,1.099089831E-1,1.755625755E-1
6.371570917E0,3.225740790E-2,1.103401780E-1,1.808722466E-1
6.381509917E0,2.328269649E-3,1.053648591E-1,1.890609413E-1
6.391449917E0,-1.741043665E-2,1.029822454E-1,1.910291761E-1
6.401388917E0,-3.734765947E-2,8.700247854E-2,1.949381679E-1
6.411328917E0,-5.315871909E-2,6.604325771E-2,1.898182034E-1
6.421267917E0,-6.858135760E-2,4.716358334E-2,1.864975095E-1
6.431207917E0,-8.203720301E-2,3.992220759E-2,1.841248274E-1
6.441147917E0,-9.673918784E-2,2.902002260E-2,1.828518361E-1
6.451086917E0,-1.139339060E-1,2.946209535E-2,1.788423508E-1
6.461026917E0,-1.312420517E-1,4.042792693E-2,1.783286184E-1
6.470965917E0,-1.468467265E-1,6.415654719E-2,1.759098768E-1
6.480905917E0,-1.571156085E-1,7.894508541E-2,1.701822132E-1
6.490844917E0,-1.603619605E-1,8.832721412E-2,1.641915739E-1
6.500785417E0,-1.611145586E-1,9.513957798E-2,1.603015065E-1
6.510724417E0,-1.536055952E-1,9.954141080E-2,1.571743935E-1
6.520664417E0,-1.517291367E-1,9.799411893E-2,1.592175663E-1
6.530604417E0,-1.559980661E-1,9.143537283E-2,1.613761038E-1
6.540543417E0,-1.609350294E-1,9.070859849E-2,1.549267173E-1
6.550483417E0,-1.694561243E-1,8.605122566E-2,1.547842622E-1
6.560422417E0,-1.739850938E-1,8.716522902E-2,1.494872421E-1
6.570362417E0,-1.734018773E-1,8.661020547E-2,1.508642733E-1
6.580301417E0,-1.710324734E-1,8.763019741E-2,1.514690816E-1
6.590241417E0,-1.689878851E-1,8.909689635E-2,1.545977741E-1
6.600181417E0,-1.680773497E-1,9.440165013E-2,1.608250439E-1
6.610120417E0,-1.731952429E-1,1.037556157E-1,1.673975736E-1
6.620060417E0,-1.836846471E-1,1.159345210E-1,1.720940620E-1
6.629999417E0,-1.968247890E-1,1.250120550E-1,1.710228175E-1
6.639939417E0,-2.112785578E-1,1.341203451E-1,1.694054753E-1
6.649878417E0,-2.266108245E-1,1.406683475E-1,1.587840021E-1
6.659818417E0,-2.371375114E-1,1.401841938E-1,1.579099596E-1
6.669757417E0,-2.431716919E-1,1.347031444E-1,1.587176919E-1
6.679697417E0,-2.490048110E-1,1.331792772E-1,1.684563458E-1
6.689636417E0,-2.544047534E-1,1.283519119E-1,1.747348607E-1
6.699576417E0,-2.631625533E-1,1.297599226E-1,1.827038378E-1
6.709516417E0,-2.723180056E-1,1.303516477E-1,1.857491583E-1
6.719455417E0,-2.790803313E-1,1.349389404E-1,1.918733716E-1
6.729395417E0,-2.856738567E-1,1.382664591E-1,1.944726408E-1
6.739334417E0,-2.898816466E-1,1.518563032E-1,1.999403834E-1
6.749274417E0,-2.946424186E-1,1.652510762E-1,2.121270597E-1
6.759213417E0,-2.906261086E-1,1.783303916E-1,2.176030576E-1
6.769153417E0,-2.937358320E-1,1.907916814E-1,2.284633070E-1
6.779093417E0,-2.906556427E-1,1.993383020E-1,2.366091162E-1
6.789032417E0,-2.874317467E-1,2.086863816E-1,2.415827811E-1
6.798972417E0,-2.816260755E-1,2.191542089E-1,2.424075603E-1
6.808911417E0,-2.782648206E-1,2.295573354E-1,2.418349385E-1
6.818851417E0,-2.781492472E-1,2.375894189E-1,2.445641458E-1
6.828790417E0,-2.834108472E-1,2.443722486E-1,2.464423031E-1
6.838730417E0,-2.991578579E-1,2.524107397E-1,2.531462908E-1
6.848669417E0,-3.118941486E-1,2.773533762E-1,2.586984336E-1
6.858609417E0,-3.261079788E-1,3.065802455E-1,2.696187198E-1
6.868548417E0,-3.416203558E-1,3.390462995E-1,2.814441919E-1
6.878488417E0,-3.541683853E-1,3.726623058E-1,2.938779593E-1
6.888428417E0,-3.721491098E-1,4.008394480E-1,3.035780787E-1
6.898367417E0,-3.888021410E-1,4.254688919E-1,3.167263865E-1
6.908307417E0,-4.087712467E-1,4.504323900E-1,3.326261342E-1
6.918246417E0,-4.292594790E-1,4.830033779E-1,3.448646963E-1
6.928186417E0,-4.589419961E-1,5.147749186E-1,3.576339781E-1
6.938125417E0,-4.835709035E-1,5.401859879E-1,3.709721565E-1
6.948065417E0,-5.140207410E-1,5.682383180E-1,3.864982128E-1
6.958005417E0,-5.327576399E-1,6.015675664E-1,4.054772258E-1
6.967944417E0,-5.540580750E-1,6.337146759E-1,4.310374558E-1
6.977884417E0,-5.756706595E-1,6.626209021E-1,4.538982809E-1
6.987823417E0,-5.974195004E-1,6.924154162E-1,4.802181423E-1
6.997763417E0,-6.216607094E-1,7.157359123E-1,5.067144632E-1
7.007702417E0,-6.527972221E-1,7.377157807E-1,5.264054537E-1
7.017642417E0,-6.833109260E-1,7.623015642E-1,5.412680507E-1
7.027581417E0,-7.162002921E-1,7.776516080E-1,5.510023236E-1
7.037521417E0,-7.373911142E-1,7.809922695E-1,5.599800944E-1
7.047461417E0,-7.600102425E-1,7.828603983E-1,5.760864019E-1
7.057400417E0,-7.804545164E-1,7.842295766E-1,5.923913717E-1
7.067340417E0,-8.043184280E-1,7.822610736E-1,6.144050360E-1
7.077279417E0,-8.269526362E-1,7.780104280E-1,6.222653389E-1
7.087219417E0,-8.539456129E-1,7.757310271E-1,6.284413934E-1
7.097158417E0,-8.686881065E-1,7.781571746E-1,6.327080727E-1
7.107098417E0,-8.838908672E-1,7.703632712E-1,6.321462989E-1
7.117037417E0,-9.048451185E-1,7.616278529E-1,6.326440573E-1
7.126977417E0,-9.220768213E-1,7.603367567E-1,6.296638846E-1
7.136917417E0,-9.327047467E-1,7.672750950E-1,6.194490194E-1
7.146856417E0,-9.383583665E-1,7.684468627E-1,6.023356318E-1
7.156796417E0,-9.214875102E-1,7.625002861E-1,5.871534944E-1
7.166735417E0,-9.051262140E-1,7.485790849E-1,5.649477839E-1
7.176675417E0,-8.862302899E-1,7.379594445E-1,5.496700406E-1
7.186614417E0,-8.711367846E-1,7.409864068E-1,5.359925628E-1
7.196554417E0,-8.635254502E-1,7.581565976E-1,5.309847593E-1
7.206493417E0,-8.584951162E-1,7.853437066E-1,5.300957561E-1
7.216433417E0,-8.563808203E-1,8.265068531E-1,5.275776982E-1
7.226373417E0,-8.580526114E-1,8.687519431E-1,5.217904449E-1
7.236312417E0,-8.584456444E-1,9.097595811E-1,5.191661716E-1
7.246252417E0,-8.602992296E-1,9.345610738E-1,5.146898627E-1
7.256191417E0,-8.521243930E-1,9.443476200E-1,5.182715654E-1
7.266131417E0,-8.450227976E-1,9.469050765E-1,5.351676941E-1
7.276070417E0,-8.417982459E-1,9.396280050E-1,5.538817644E-1
7.286010417E0,-8.464503884E-1,9.298084974E-1,5.725810528E-1
7.295950417E0,-8.444016576E-1,9.304503202E-1,5.913712978E-1
7.305889417E0,-8.442558050E-1,9.309260845E-1,6.133063436E-1
7.315829417E0,-8.515696526E-1,9.345887303E-1,6.343586445E-1
7.325768417E0,-8.674978614E-1,9.466567636E-1,6.579773426E-1
7.335708417E0,-8.930972219E-1,9.689862728E-1,6.753627062E-1
7.345647417E0,-9.206999540E-1,9.909806252E-1,6.917762160E-1
7.355587417E0,-9.523670673E-1,1.003350973E0,7.048896551E-1
7.365526417E0,-9.749513865E-1,9.988291264E-1,7.224045396E-1
7.375466417E0,-9.807538390E-1,9.841897488E-1,7.395696640E-1
7.385405417E0,-9.821175933E-1,9.435909986E-1,7.570444942E-1
7.395345417E0,-9.751949906E-1,8.968029618E-1,7.675112486E-1
7.405285417E0,-9.599426985E-1,8.428803682E-1,7.733422518E-1
7.415224417E0,-9.361189604E-1,7.983251810E-1,7.704681754E-1
7.425164417E0,-9.157478213E-1,7.613229752E-1,7.691940665E-1
7.435103417E0,-8.940364122E-1,7.474260330E-1,7.643686533E-1
7.445043417E0,-8.674211502E-1,7.540366650E-1,7.505150437E-1
7.454982417E0,-8.539019227E-1,7.709640265E-1,7.287423611E-1
7.464922417E0,-8.359600306E-1,7.910680771E-1,7.055476904E-1
7.474862417E0,-8.252173662E-1,8.082665205E-1,6.771711707E-1
7.484801417E0,-8.239306808E-1,8.167062402E-1,6.591138244E-1
7.494741417E0,-8.256912827E-1,8.232634664E-1,6.413638592E-1
7.504679750E0,-8.196124434E-1,8.213898540E-1,6.257342100E-1
7.514619750E0,-8.015394211E-1,8.100301027E-1,6.151566505E-1
7.524558750E0,-7.739596963E-1,8.002180457E-1,6.014683247E-1
7.534498750E0,-7.495350242E-1,7.860846519E-1,5.910606384E-1
7.544437750E0,-7.329507470E-1,7.641047239E-1,5.891784430E-1
7.554377750E0,-7.214184999E-1,7.524563074E-1,5.902495384E-1
7.564317750E0,-7.108528614E-1,7.419654131E-1,6.037335992E-1
7.574256750E0,-7.029570937E-1,7.363522649E-1,6.297156215E-1
7.584196750E0,-6.978051662E-1,7.343965173E-1,6.519681811E-1
7.594135750E0,-6.997354031E-1,7.443410158E-1,6.681743264E-1
7.604075750E0,-7.079676986E-1,7.559626102E-1,6.770603657E-1
7.614014750E0,-7.088654637E-1,7.700176835E-1,6.797589660E-1
7.623954750E0,-6.972067356E-1,7.729638219E-1,6.814065576E-1
7.633893750E0,-6.782985926E-1,7.638238668E-1,6.915318966E-1
7.643833750E0,-6.566078663E-1,7.418181896E-1,7.077898383E-1
7.653773750E0,-6.324402690E-1,7.152668238E-1,7.232161760E-1
7.663712750E0,-6.082537770E-1,6.892667413E-1,7.355789542E-1
7.673652750E0,-5.885440111E-1,6.718043685E-1,7.429689765E-1
7.683591750E0,-5.794510841E-1,6.774554849E-1,7.520364523E-1
7.693531750E0,-5.747281909E-1,6.942118406E-1,7.593305707E-1
7.703470750E0,-5.739663243E-1,7.117963433E-1,7.614780664E-1
7.713410750E0,-5.682098866E-1,7.262905836E-1,7.597092390E-1
7.723349750E0,-5.671700835E-1,7.386456132E-1,7.610945702E-1
7.733289750E0,-5.628525615E-1,7.439101338E-1,7.563202977E-1
7.743229750E0,-5.582000017E-1,7.436348796E-1,7.490275502E-1
7.753168750E0,-5.547429323E-1,7.393088341E-1,7.363644838E-1
7.763108750E0,-5.499588847E-1,7.331124544E-1,7.155709267E-1
7.773047750E0,-5.512222648E-1,7.338133454E-1,6.948390007E-1
7.782987750E0,-5.562417507E-1,7.428039908E-1,6.724300385E-1
7.792926750E0,-5.560241342E-1,7.571557760E-1,6.552212238E-1
7.802866750E0,-5.455661416E-1,7.771649361E-1,6.428452134E-1
7.812805750E0,-5.281423926E-1,8.028662801E-1,6.295642853E-1
7.822745750E0,-5.012814403E-1,8.174898028E-1,6.064510345E-1
7.832685750E0,-4.708087742E-1,8.249533176E-1,5.781006217E-1
7.842624750E0,-4.420661926E-1,8.258426785E-1,5.533108711E-1
7.852564750E0,-4.125996530E-1,8.213360906E-1,5.221207142E-1
7.862503750E0,-3.796210289E-1,8.160210252E-1,4.974805713E-1
7.872443750E0,-3.418837786E-1,8.048027158E-1,4.753691256E-1
7.882382750E0,-3.042083085E-1,7.910560369E-1,4.548577666E-1
7.892322750E0,-2.615588605E-1,7.755399346E-1,4.335988164E-1
7.902261750E0,-2.183248848E-1,7.624241114E-1,4.102530181E-1
7.912201750E0,-1.773633361E-1,7.539810538E-1,3.932042420E-1
7.922141750E0,-1.412670165E-1,7.497888207E-1,3.716305494E-1
7.932080750E0,-1.137397960E-1,7.533656955E-1,3.517583013E-1
7.942020750E0,-9.796972573E-2,7.604439855E-1,3.333365023E-1
7.951959750E0,-9.162341803E-2,7.725533843E-1,3.121188283E-1
7.961899750E0,-8.728783578E-2,7.751262784E-1,2.987492979E-1
7.971838750E0,-7.188916951E-2,7.682947516E-1,2.809367478E-1
7.981778750E0,-6.012217700E-2,7.429736853E-1,2.659339607E-1
7.991717750E0,-3.635080159E-2,7.027599216E-1,2.465365529E-1
8.001657750E0,-9.757257998E-3,6.592900157E-1,2.274660170E-1
8.011597750E0,1.771617681E-2,6.103647947E-1,2.095711678E-1
8.021536750E0,4.703740776E-2,5.655640960E-1,1.926151514E-1
8.031476750E0,6.474024057E-2,5.323688984E-1,1.762473583E-1
8.041415750E0,7.390227914E-2,5.151657462E-1,1.565221846E-1
8.051355750E0,7.605038583E-2,5.124613047E-1,1.403959394E-1
8.061294750E0,7.491958886E-2,5.150519013E-1,1.252364218E-1
8.071234750E0,6.813225895E-2,5.086060166E-1,1.156916469E-1
8.081173750E0,5.449430272E-2,4.930489361E-1,1.122736782E-1
8.091113750E0,4.613677040E-2,4.642756283E-1,1.130944639E-1
8.101053750E0,4.409187287E-2,4.232050776E-1,1.089537144E-1
8.110992750E0,4.507777840E-2,3.756340742E-1,9.819933772E-2
8.120932750E0,5.057725683E-2,3.253786862E-1,9.148440510E-2
8.130871750E0,5.830148607E-2,2.757573426E-1,8.650349826E-2
8.140811750E0,6.567309797E-2,2.414382398E-1,8.053952456E-2
8.150750750E0,7.477418333E-2,2.274358571E-1,7.532159239E-2
8.160690750E0,8.048442751E-2,2.217592150E-1,6.451299787E-2
8.170629750E0,8.821904659E-2,2.262447774E-1,4.882112145E-2
8.180569750E0,9.066273272E-2,2.314997017E-1,3.435336053E-2
8.190509750E0,1.021404266E-1,2.351594269E-1,1.451201178E-2
8.200448750E0,1.171761379E-1,2.297684103E-1,-4.476409405E-3
8.210388750E0,1.385024637E-1,2.255499661E-1,-2.333664894E-2
8.220327750E0,1.690299809E-1,2.212295085E-1,-3.568453342E-2
8.230267750E0,1.938375831E-1,2.145258039E-1,-4.271847382E-2
8.240206750E0,2.106135041E-1,2.102872282E-1,-4.375824332E-2
8.250146750E0,2.289629430E-1,2.108499557E-1,-4.640489072E-2
8.260085750E0,2.398075759E-1,2.137106657E-1,-4.681693017E-2
8.270025750E0,2.375601232E-1,2.254765034E-1,-5.190383643E-2
8.279965750E0,2.321711481E-1,2.355541140E-1,-5.764784664E-2
8.289904750E0,2.164438516E-1,2.446767688E-1,-5.416549742E-2
8.299844750E0,1.962359548E-1,2.455355376E-1,-5.343695730E-2
8.309783750E0,1.626287252E-1,2.407594174E-1,-4.763393104E-2
8.319723750E0,1.259670854E-1,2.351720929E-1,-4.468861222E-2
8.329662750E0,8.125260472E-2,2.168045491E-1,-4.464440048E-2
8.339602750E0,4.440747201E-2,1.909340322E-1,-4.756660759E-2
8.349542750E0,9.633778594E-3,1.663333476E-1,-4.927049950E-2
8.359481750E0,-2.206328325E-2,1.394664496E-1,-4.780302942E-2
8.369421750E0,-5.121557415E-2,1.165211946E-1,-4.482641071E-2
8.379360750E0,-6.599012762E-2,9.623097628E-2,-3.982417285E-2
8.389300750E0,-7.202911377E-2,6.934928894E-2,-3.726940230E-2
8.399239750E0,-6.479626149E-2,3.812397644E-2,-3.446496651E-2
8.409179750E0,-5.978792161E-2,6.256325170E-3,-3.025637195E-2
8.419118750E0,-4.740944132E-2,-1.200410072E-2,-2.593515627E-2
8.429058750E0,-3.251065314E-2,-1.879036799E-2,-2.567096986E-2
8.438998750E0,-1.416724920E-2,-1.677452773E-2,-1.608384214E-2
8.448937750E0,6.412861403E-3,-8.586371318E-3,-5.353966728E-3
8.458877750E0,2.635567635E-2,3.216359764E-4,-3.569648601E-3
8.468816750E0,3.959451616E-2,6.444242783E-3,4.203585908E-3
8.478756750E0,5.767696723E-2,1.738028601E-3,9.322378784E-3
8.488695750E0,6.421049684E-2,-5.049836356E-3,8.075753227E-3
8.498636125E0,9.025775641E-2,-1.356665790E-2,2.172580920E-3
8.508575125E0,1.083928123E-1,-4.670650139E-2,-6.116507575E-3
8.518515125E0,1.122266427E-1,-6.461235881E-2,-1.438847370E-2
8.528455125E0,1.070164368E-1,-6.152175739E-2,-1.142251119E-2
8.538394125E0,8.983638138E-2,-4.369615763E-2,-3.285222687E-3
8.548334125E0,7.482680678E-2,-2.829775959E-2,5.048873369E-3
8.558273125E0,6.372524053E-2,-2.156038582E-2,1.548053510E-2
8.568213125E0,5.257032812E-2,-2.070631087E-2,2.514301613E-2
8.578152125E0,4.402541369E-2,-2.400158532E-2,3.337153792E-2
8.588092125E0,3.836593032E-2,-3.233807534E-2,4.161535203E-2
8.598031125E0,2.801812999E-2,-4.218417406E-2,4.380858690E-2
8.607971125E0,2.770361118E-2,-4.946445674E-2,5.260154605E-2
8.617911125E0,1.792285591E-2,-4.997818545E-2,6.277076900E-2
8.627850125E0,1.247349568E-2,-5.130044371E-2,6.709920615E-2
8.637790125E0,5.392353050E-3,-4.807564989E-2,7.262472808E-2
8.647729125E0,6.019527558E-3,-4.248034582E-2,7.527323812E-2
8.657669125E0,6.815438624E-3,-3.653874621E-2,7.257220149E-2
8.667608125E0,1.169861108E-2,-2.914181538E-2,6.753829122E-2
8.677548125E0,1.516637765E-2,-2.812786587E-2,6.706603616E-2
8.687487125E0,1.562417485E-2,-2.593581751E-2,6.214824319E-2
8.697427125E0,1.541647594E-2,-2.409076318E-2,5.737519264E-2
8.707367125E0,1.816033199E-2,-1.262292452E-2,4.833616316E-2
8.717306125E0,1.770546287E-2,-2.825954463E-3,3.726566583E-2
8.727246125E0,1.508917380E-2,1.500870194E-2,2.980615199E-2
8.737185125E0,1.247248985E-2,3.038220294E-2,2.162787318E-2
8.747125125E0,8.345655166E-3,4.134564102E-2,9.582662024E-3
8.757064125E0,6.800130010E-3,5.352203920E-2,-2.594435588E-3
8.767004125E0,5.510225892E-4,5.825154856E-2,-1.431740355E-2
8.776943125E0,-6.285632960E-3,6.063557044E-2,-2.991208807E-2
8.786883125E0,-9.090740234E-3,6.139830127E-2,-4.000306875E-2
8.796823125E0,-1.391684264E-2,6.272462010E-2,-5.341593176E-2
8.806762125E0,-2.132655494E-2,6.555555761E-2,-6.035559624E-2
8.816702125E0,-2.066044882E-2,6.398329139E-2,-6.094805896E-2
8.826641125E0,-2.366689034E-2,5.915071815E-2,-5.684305727E-2
8.836581125E0,-2.014074847E-2,5.530922115E-2,-5.296698213E-2
8.846520125E0,-1.391374506E-2,4.261472821E-2,-4.842042923E-2
8.856460125E0,-9.540777653E-3,3.357335180E-2,-4.250865057E-2
8.866399125E0,-9.312810376E-3,2.415135503E-2,-3.836663812E-2
8.876339125E0,2.107622568E-3,1.593710110E-2,-3.059020638E-2
8.886279125E0,4.505000077E-3,1.485559065E-2,-2.958539501E-2
8.896218125E0,9.282327257E-3,1.833787188E-2,-2.180339582E-2
8.906158125E0,1.460758410E-2,2.459364012E-2,-1.375878416E-2
8.916097125E0,1.574532874E-2,2.627677470E-2,-2.605281770E-3
8.926037125E0,1.645772345E-2,2.356247976E-2,6.387680769E-3
8.935976125E0,1.435898058E-2,1.608438790E-2,1.169821806E-2
8.945916125E0,6.931690034E-3,8.681067266E-3,2.181450091E-2
8.955855125E0,-1.413607970E-5,6.614957936E-3,2.970579639E-2
8.965795125E0,-5.446984433E-3,9.273326024E-3,3.670351952E-2
8.975735125E0,-1.412824728E-2,1.616996527E-2,3.623548523E-2
8.985674125E0,-1.825082116E-2,2.130533755E-2,3.590977937E-2
8.995614125E0,-2.479443699E-2,2.747803926E-2,2.896683849E-2
9.005553125E0,-2.452518977E-2,2.936089411E-2,1.362463366E-2
9.015493125E0,-2.580776811E-2,2.971935645E-2,1.187139191E-3
9.025432125E0,-2.713988349E-2,2.581463009E-2,-1.583685167E-2
9.035372125E0,-2.612051740E-2,2.249516547E-2,-2.554493211E-2
9.045311125E0,-2.513168752E-2,1.523299143E-2,-3.050773032E-2
9.055251125E0,-3.323962167E-2,1.769009605E-2,-3.646592051E-2
9.065191125E0,-3.359328955E-2,1.968640089E-2,-3.706406802E-2
9.075130125E0,-3.831201792E-2,1.974672079E-2,-3.341951594E-2
9.085070125E0,-3.730854020E-2,2.212119475E-2,-2.430324629E-2
9.095009125E0,-3.595434874E-2,2.313424461E-2,-1.743083447E-2
9.104949125E0,-3.145493940E-2,2.068946324E-2,-6.577386521E-3
9.114888125E0,-2.898983471E-2,1.499142032E-2,1.021825708E-3
9.124828125E0,-2.724306844E-2,6.913253106E-3,9.372700006E-3
9.134768125E0,-2.294521779E-2,1.466330141E-3,1.851369813E-2
9.144707125E0,-1.621381193E-2,-7.638009265E-4,2.317636088E-2
9.154647125E0,-1.078370214E-2,1.450549811E-3,2.672673762E-2
9.164586125E0,-5.463505164E-3,7.613371126E-3,3.611597791E-2
9.174526125E0,8.314177394E-4,1.454745047E-2,3.759221360E-2
9.184465125E0,6.397956982E-3,2.553751506E-2,3.751258552E-2
9.194405125E0,3.103808500E-3,3.466407582E-2,3.346670046E-2
9.204344125E0,1.850524917E-3,3.239266574E-2,2.925357968E-2
9.214284125E0,7.624505088E-5,3.466001898E-2,1.796535589E-2
9.224224125E0,-2.236268483E-4,3.651118279E-2,9.295701981E-3
9.234163125E0,-1.915542409E-3,3.480249271E-2,-4.741333425E-3
9.244103125E0,8.586719632E-4,2.968096733E-2,-1.640837640E-2
9.254042125E0,1.960431691E-3,3.318516165E-2,-3.214840963E-2
9.263982125E0,7.528568618E-3,3.262376785E-2,-4.463730380E-2
9.273921125E0,5.645124707E-3,3.104443848E-2,-5.336861685E-2
9.283861125E0,2.237610053E-3,2.971152589E-2,-6.084517762E-2
9.293800125E0,-2.503503580E-3,3.054020554E-2,-6.710007787E-2
9.303740125E0,-4.426305648E-3,2.681151405E-2,-6.867773831E-2
9.313680125E0,-7.890886627E-3,2.320335619E-2,-6.617037952E-2
9.323619125E0,-1.011462603E-2,1.827091537E-2,-6.176285073E-2
9.333559125E0,-8.616757579E-3,1.539588906E-2,-5.516445637E-2
9.343498125E0,-1.000026986E-2,1.248878241E-2,-4.544418305E-2
9.353438125E0,-9.666692466E-3,5.387069657E-3,-3.547590226E-2
9.363377125E0,-3.769123461E-3,-3.865550738E-3,-2.558065951E-2
9.373317125E0,-2.787818201E-3,-9.419402108E-3,-1.210396830E-2
9.383256125E0,-8.831252344E-4,-1.601764932E-2,1.570831053E-3
9.393196125E0,4.342491273E-3,-2.205825597E-2,5.143011454E-3
9.403136125E0,9.780665860E-3,-2.380475774E-2,1.317057759E-2
9.413075125E0,1.374104340E-2,-2.380822599E-2,2.219465375E-2
9.423015125E0,1.893127710E-2,-2.349024452E-2,2.668767236E-2
9.432954125E0,2.120855637E-2,-1.842889935E-2,3.123932704E-2
9.442894125E0,2.364162169E-2,-1.257686969E-2,2.778493986E-2
9.452833125E0,2.524593659E-2,-5.590315443E-3,2.497304603E-2
9.462773125E0,3.004069254E-2,-1.901571173E-3,1.751726121E-2
9.472712125E0,3.160772473E-2,-8.590346202E-3,9.884780273E-3
9.482652125E0,3.227431327E-2,-2.245556191E-2,-2.518094145E-3
9.492592125E0,3.851679340E-2,-3.604693338E-2,-1.889621839E-2
9.502531125E0,3.827950731E-2,-4.654271901E-2,-3.739799932E-2
9.512471125E0,4.181782529E-2,-5.817697942E-2,-5.360554159E-2
9.522410125E0,4.453957453E-2,-7.260279357E-2,-6.835998595E-2
9.532350125E0,4.720529914E-2,-8.197136968E-2,-8.263677359E-2
9.542289125E0,5.521715060E-2,-9.957806021E-2,-9.840508550E-2
9.552229125E0,6.613953412E-2,-1.188061163E-1,-1.141368300E-1
9.562168125E0,7.620894909E-2,-1.461061686E-1,-1.321065128E-1
9.572108125E0,8.978516608E-2,-1.757700741E-1,-1.450120956E-1
9.582048125E0,1.031425148E-1,-2.111461759E-1,-1.623045355E-1
9.591987125E0,1.228576675E-1,-2.474825978E-1,-1.754417717E-1
9.601927125E0,1.437150091E-1,-2.874992490E-1,-1.952319890E-1
9.611866125E0,1.616966724E-1,-3.243649006E-1,-2.134539485E-1
9.621806125E0,1.876718253E-1,-3.659746647E-1,-2.372945696E-1
9.631745125E0,2.102486491E-1,-4.077104926E-1,-2.585786283E-1
9.641685125E0,2.397996187E-1,-4.422652721E-1,-2.849470973E-1
9.651624125E0,2.654553354E-1,-4.779458940E-1,-3.091862798E-1
9.661564125E0,2.903710902E-1,-5.018413663E-1,-3.368514776E-1
9.671504125E0,3.106719255E-1,-5.298403502E-1,-3.715481162E-1
9.681443125E0,3.223977983E-1,-5.615967512E-1,-4.053137898E-1
9.691383125E0,3.287020624E-1,-5.926422477E-1,-4.325946271E-1
9.701322125E0,3.319540620E-1,-6.292013526E-1,-4.603226483E-1
9.711262125E0,3.397409618E-1,-6.666309237E-1,-4.916381240E-1
9.721201125E0,3.532964587E-1,-7.033492327E-1,-5.305396914E-1
9.731141125E0,3.686705828E-1,-7.412869930E-1,-5.689733028E-1
9.741080125E0,3.871435821E-1,-7.804573178E-1,-6.091638803E-1
9.751020125E0,3.916416168E-1,-8.136028051E-1,-6.414575577E-1
9.760960125E0,3.972933888E-1,-8.492788076E-1,-6.724317074E-1
9.770899125E0,3.978102803E-1,-8.744220138E-1,-7.003100514E-1
9.780839125E0,3.939348459E-1,-8.946968913E-1,-7.196096778E-1
9.790778125E0,3.871185184E-1,-9.133265018E-1,-7.443678975E-1
9.800718125E0,3.811117709E-1,-9.266979694E-1,-7.678758502E-1
9.810657125E0,3.749765158E-1,-9.448100328E-1,-7.854768634E-1
9.820597125E0,3.643891215E-1,-9.602371454E-1,-8.016083837E-1
9.830536125E0,3.548112810E-1,-9.903591275E-1,-8.177135587E-1
9.840476125E0,3.488069177E-1,-1.013910055E0,-8.277300000E-1
9.850416125E0,3.462370038E-1,-1.047361374E0,-8.404616714E-1
9.860355125E0,3.501095176E-1,-1.084564924E0,-8.478902578E-1
9.870295125E0,3.610647619E-1,-1.120018482E0,-8.593654633E-1
9.880234125E0,3.723821342E-1,-1.139594078E0,-8.755489588E-1
9.890174125E0,3.860734999E-1,-1.141764283E0,-8.864415288E-1
9.900113125E0,3.959652781E-1,-1.121745229E0,-8.969013691E-1
9.910053125E0,4.049252868E-1,-1.113787889E0,-9.088647366E-1
9.919992125E0,4.238230884E-1,-1.108752370E0,-9.242580533E-1
9.929932125E0,4.350368381E-1,-1.115937591E0,-9.376789331E-1
9.939872125E0,4.465491772E-1,-1.125372648E0,-9.531236291E-1
9.949811125E0,4.595294893E-1,-1.147398472E0,-9.679013491E-1
9.959751125E0,4.668633044E-1,-1.171346188E0,-9.837517142E-1
9.969690125E0,4.851294756E-1,-1.188741088E0,-1.010864377E0
9.979630125E0,5.094153881E-1,-1.202234745E0,-1.040487289E0
9.989569125E0,5.333342552E-1,-1.198445797E0,-1.074663401E0
9.999509125E0,5.574265122E-1,-1.186722517E0,-1.109381914E0
1.000944812E1,5.807130337E-1,-1.168439746E0,-1.146278739E0
1.001938813E1,6.008267999E-1,-1.138592720E0,-1.170559287E0
1.002932813E1,6.207124591E-1,-1.110846758E0,-1.190652728E0
1.003926713E1,6.396781206E-1,-1.091241360E0,-1.207426906E0
1.004920713E1,6.685189605E-1,-1.087149024E0,-1.222397327E0
1.005914613E1,7.008076310E-1,-1.093265176E0,-1.234393835E0
1.006908613E1,7.346385717E-1,-1.100421667E0,-1.255103588E0
1.007902513E1,7.679003477E-1,-1.106078506E0,-1.272629857E0
1.008896513E1,7.935637832E-1,-1.113257647E0,-1.284089446E0
1.009890513E1,8.172014952E-1,-1.103035092E0,-1.291269541E0
1.010884413E1,8.409267664E-1,-1.095727205E0,-1.295233250E0
1.011878413E1,8.625252843E-1,-1.075923204E0,-1.290610075E0
1.012872313E1,8.825017810E-1,-1.047930241E0,-1.285186529E0
1.013866313E1,8.982219100E-1,-1.023751378E0,-1.275831938E0
1.014860213E1,9.139654636E-1,-1.006748080E0,-1.277591109E0
1.015854213E1,9.211148024E-1,-9.908950925E-1,-1.286019444E0
1.016848113E1,9.185021520E-1,-9.795876145E-1,-1.304351091E0
1.017842113E1,9.126186967E-1,-9.740951061E-1,-1.321040869E0
1.018836113E1,9.115841389E-1,-9.706904888E-1,-1.337659240E0
1.019830013E1,9.134869576E-1,-9.732828140E-1,-1.351557851E0
1.020824013E1,9.116467834E-1,-9.751368761E-1,-1.362146020E0
1.021817913E1,9.116696715E-1,-9.684891105E-1,-1.374214172E0
1.022811913E1,8.973186612E-1,-9.691846967E-1,-1.389730811E0
1.023805813E1,8.893941641E-1,-9.568665624E-1,-1.412337661E0
1.024799813E1,8.826177120E-1,-9.243531227E-1,-1.433273077E0
1.025793713E1,8.683809638E-1,-8.775656223E-1,-1.450109005E0
1.026787713E1,8.585730791E-1,-8.278236985E-1,-1.463460207E0
1.027781713E1,8.571394682E-1,-7.676639557E-1,-1.481972098E0
1.028775613E1,8.624868989E-1,-6.948356628E-1,-1.496039629E0
1.029769613E1,8.713943958E-1,-6.155238152E-1,-1.507183313E0
1.030763513E1,8.808055520E-1,-5.410369635E-1,-1.513774872E0
1.031757513E1,8.859508038E-1,-4.844357669E-1,-1.521195531E0
1.032751413E1,8.893224001E-1,-4.495848119E-1,-1.526179314E0
1.033745413E1,8.874542117E-1,-4.242949188E-1,-1.534936309E0
1.034739313E1,8.823234439E-1,-4.143606424E-1,-1.541583300E0
1.035733313E1,8.808278441E-1,-4.074116349E-1,-1.544369459E0
1.036727313E1,8.827911019E-1,-4.000232518E-1,-1.538316369E0
1.037721213E1,8.823186755E-1,-4.045226872E-1,-1.525321484E0
1.038715213E1,8.798144460E-1,-4.216407537E-1,-1.509984136E0
1.039709113E1,8.797712922E-1,-4.256844819E-1,-1.498458743E0
1.040703113E1,8.772011995E-1,-4.229889810E-1,-1.502587557E0
1.041697013E1,8.702258468E-1,-4.059530199E-1,-1.513147473E0
1.042691013E1,8.577154875E-1,-3.855474889E-1,-1.520909548E0
1.043684913E1,8.420989513E-1,-3.716902733E-1,-1.527288318E0
1.044678913E1,8.291841745E-1,-3.604379892E-1,-1.531652331E0
1.045672912E1,8.162323833E-1,-3.400134146E-1,-1.527837873E0
1.046666813E1,8.068287373E-1,-3.178487420E-1,-1.509534240E0
1.047660812E1,7.925717235E-1,-3.054416180E-1,-1.493204236E0
1.048654713E1,7.750079036E-1,-2.913013399E-1,-1.466002345E0
1.049648712E1,7.503278255E-1,-2.730379105E-1,-1.443346500E0
1.050642629E1,7.211240530E-1,-2.418212295E-1,-1.425422192E0
1.051636629E1,6.868664622E-1,-2.015880644E-1,-1.408953428E0
1.052630529E1,6.592312455E-1,-1.648339033E-1,-1.390011430E0
1.053624529E1,6.288696527E-1,-1.368161142E-1,-1.365033150E0
1.054618529E1,6.047248244E-1,-1.037572399E-1,-1.333630562E0
1.055612429E1,5.783140063E-1,-8.181519061E-2,-1.297461987E0
1.056606429E1,5.448217988E-1,-7.723298669E-2,-1.256288528E0
1.057600329E1,5.153081417E-1,-8.156115562E-2,-1.213889956E0
1.058594329E1,4.818815887E-1,-1.044248119E-1,-1.169987917E0
1.059588229E1,4.572654665E-1,-1.435727477E-1,-1.137390852E0
1.060582229E1,4.388479888E-1,-1.885017008E-1,-1.112021089E0
1.061576129E1,4.310089648E-1,-2.334473282E-1,-1.096833110E0
1.062570129E1,4.190861285E-1,-2.704555988E-1,-1.084336638E0
1.063564129E1,4.038043618E-1,-3.083630204E-1,-1.063667893E0
1.064558029E1,3.952585161E-1,-3.471666574E-1,-1.043424249E0
1.065552029E1,3.885918260E-1,-3.803126216E-1,-1.022220135E0
1.066545929E1,3.864618242E-1,-3.840767443E-1,-1.001459599E0
1.067539929E1,3.772973418E-1,-3.821763098E-1,-9.763057828E-1
1.068533829E1,3.621897995E-1,-3.781934679E-1,-9.490866065E-1
1.069527829E1,3.424824178E-1,-3.750749230E-1,-9.242473245E-1
1.070521729E1,3.346330523E-1,-3.529688418E-1,-9.006783962E-1
1.071515729E1,3.224823773E-1,-3.236405253E-1,-8.767155409E-1
1.072509729E1,3.079782128E-1,-2.957817614E-1,-8.550789952E-1
1.073503629E1,2.940133810E-1,-2.748312056E-1,-8.285959363E-1
1.074497629E1,2.867796123E-1,-2.569638491E-1,-8.048043251E-1
1.075491529E1,2.840706706E-1,-2.392240167E-1,-7.787352204E-1
1.076485529E1,2.843886912E-1,-2.168217301E-1,-7.577089667E-1
1.077479429E1,2.859216034E-1,-2.022997737E-1,-7.355272174E-1
1.078473429E1,2.934575677E-1,-1.913357973E-1,-7.091767192E-1
1.079467329E1,2.979958653E-1,-1.837111712E-1,-6.918121576E-1
1.080461329E1,3.020918965E-1,-1.675941497E-1,-6.750113368E-1
1.081455329E1,3.027547598E-1,-1.450523585E-1,-6.495728493E-1
1.082449229E1,2.980378270E-1,-1.157470867E-1,-6.172294021E-1
1.083443229E1,2.854000628E-1,-9.678538144E-2,-5.770366788E-1
1.084437129E1,2.759236693E-1,-7.654733956E-2,-5.372401476E-1
1.085431129E1,2.707198560E-1,-5.463032052E-2,-5.030012131E-1
1.086425029E1,2.665200830E-1,-3.153349459E-2,-4.808280468E-1
1.087419029E1,2.607383728E-1,-1.557077095E-2,-4.638757110E-1
1.088413029E1,2.493496984E-1,-1.303218491E-2,-4.506865442E-1
1.089406929E1,2.379247397E-1,-1.858833805E-2,-4.309525192E-1
1.090400929E1,2.307895422E-1,-2.513789758E-2,-4.050839245E-1
1.091394829E1,2.190806866E-1,-2.836564928E-2,-3.782850802E-1
1.092388829E1,2.051274627E-1,-3.706818074E-2,-3.481079042E-1
1.093382729E1,1.943914592E-1,-3.780508041E-2,-3.239615560E-1
1.094376729E1,1.860820204E-1,-3.522321209E-2,-2.994799018E-1
1.095370629E1,1.747793108E-1,-2.816929854E-2,-2.835411429E-1
1.096364629E1,1.625014842E-1,-1.523391716E-2,-2.714575231E-1
1.097358629E1,1.480154842E-1,-1.570302527E-3,-2.599619925E-1
1.098352529E1,1.341548115E-1,6.157136522E-3,-2.473763227E-1
1.099346529E1,1.194890514E-1,1.622708142E-2,-2.373934686E-1
1.100340429E1,1.062735096E-1,2.014365606E-2,-2.202134281E-1
1.101334429E1,9.316623211E-2,1.986109465E-2,-2.046142370E-1
1.102328329E1,8.625176549E-2,1.947882026E-2,-1.892167330E-1
1.103322329E1,7.510830462E-2,1.686945185E-2,-1.723245680E-1
1.104316229E1,6.284019351E-2,1.334370114E-2,-1.563274562E-1
1.105310229E1,5.438252538E-2,6.464756094E-3,-1.429423988E-1
1.106304229E1,5.063591525E-2,9.363255464E-3,-1.249665618E-1
1.107298129E1,5.434489995E-2,9.657534771E-3,-1.063532010E-1
1.108292129E1,5.610262603E-2,4.096631892E-3,-9.070637077E-2
1.109286029E1,5.653831735E-2,-7.194289938E-4,-7.320354134E-2
1.110280029E1,5.547094345E-2,-4.626790062E-3,-5.496018380E-2
1.111273929E1,5.184584856E-2,-3.351136111E-3,-3.765016794E-2
1.112267929E1,4.863088951E-2,-4.760474432E-3,-2.360886894E-2
1.113261829E1,5.398038030E-2,-9.299832396E-3,-1.824047044E-2
1.114255829E1,5.695461854E-2,-8.332825266E-3,-1.581716910E-2
1.115249829E1,5.879139900E-2,-8.546676487E-3,-1.341339853E-2
1.116243729E1,5.994002149E-2,-9.475853294E-3,-9.933979250E-3
1.117237729E1,6.183885410E-2,-6.627336610E-3,-2.903499641E-3
1.118231629E1,6.212097406E-2,-5.577680655E-3,1.007411629E-3
1.119225629E1,6.553354859E-2,-6.143602077E-3,1.496368088E-3
1.120219529E1,7.056614757E-2,-5.663688295E-3,2.626173198E-3
1.121213529E1,7.597263157E-2,-4.119587597E-3,-4.817359149E-4
1.122207529E1,8.275888860E-2,9.806323797E-4,-1.625296660E-3
1.123201429E1,8.293493092E-2,4.470172338E-3,1.342529431E-3
1.124195429E1,7.776874304E-2,1.613997854E-2,1.966787502E-3
1.125189329E1,7.645500451E-2,2.350814641E-2,1.192606986E-3
1.126183329E1,7.656936347E-2,3.436624259E-2,-6.875822321E-3
1.127177229E1,8.155000955E-2,4.880430549E-2,-1.759078354E-2
1.128171229E1,8.687325567E-2,4.677664861E-2,-2.223394066E-2
1.129165129E1,9.220942855E-2,4.777773097E-2,-2.677968889E-2
1.130159129E1,9.623686224E-2,4.463781789E-2,-2.407263964E-2
1.131153129E1,9.551727772E-2,4.621015117E-2,-2.155089378E-2
1.132147029E1,9.103406221E-2,4.447880015E-2,-1.322581619E-2
1.133141029E1,8.492130786E-2,4.472061619E-2,-6.185216829E-3
1.134134929E1,8.136784285E-2,4.511470720E-2,-1.559796743E-3
1.135128929E1,7.418982685E-2,4.022434354E-2,-4.292856902E-4
1.136122829E1,7.565961778E-2,3.625069186E-2,-1.093878411E-3
1.137116829E1,7.034900784E-2,2.707050741E-2,2.177283168E-4
1.138110729E1,7.155330479E-2,1.932120323E-2,3.512239549E-3
1.139104729E1,7.209179550E-2,1.287502144E-2,7.622828707E-3
1.140098729E1,6.339976192E-2,2.487003803E-4,1.384259481E-2
1.141092629E1,5.960714817E-2,-5.429691635E-3,1.761283167E-2
1.142086629E1,4.806841165E-2,-1.451005228E-2,1.906073652E-2
1.143080529E1,4.394663498E-2,-2.184386551E-2,2.071722224E-2
1.144074529E1,3.910421953E-2,-2.974918857E-2,2.039289661E-2
1.145068429E1,3.450174630E-2,-3.521665931E-2,2.078917623E-2
1.146062429E1,3.295845166E-2,-3.458548337E-2,2.159642428E-2
1.147056329E1,2.875971235E-2,-2.761172876E-2,1.686212420E-2
1.148050329E1,2.453872189E-2,-2.053425461E-2,8.433415554E-3
1.149044329E1,2.213308774E-2,-1.249710005E-2,2.149008214E-4
1.150038175E1,2.250433154E-2,-3.141148482E-3,-9.354636073E-3
1.151032175E1,2.135464549E-2,2.734583803E-3,-1.023720764E-2
1.152026075E1,2.420025133E-2,7.319228724E-3,1.170535572E-3
1.153020075E1,3.068345040E-2,4.408659413E-3,9.420209564E-3
1.154013975E1,3.116061166E-2,5.823551677E-3,1.718242280E-2
1.155007975E1,3.363655135E-2,7.011055015E-3,2.189115807E-2
1.156001875E1,3.915668279E-2,7.582738064E-3,2.897360176E-2
1.156995875E1,3.696117550E-2,7.835205644E-3,3.423467651E-2
1.157989875E1,4.047315195E-2,8.310678415E-3,4.150933400E-2
1.158983775E1,4.359224811E-2,9.860903956E-3,5.318942666E-2
1.159977775E1,4.737681523E-2,1.264488697E-2,5.741785094E-2
1.160971675E1,4.722901061E-2,1.039611362E-2,5.830095708E-2
1.161965675E1,4.336266220E-2,1.328912657E-2,5.819803104E-2
1.162959575E1,4.106648266E-2,1.667453721E-2,5.914265290E-2
1.163953575E1,3.808642924E-2,1.513396297E-2,6.204896420E-2
1.164947475E1,3.643286973E-2,1.968077943E-2,6.143750250E-2
1.165941475E1,3.270450607E-2,1.820755005E-2,5.912295729E-2
1.166935475E1,3.059155308E-2,1.792738400E-2,5.368265137E-2
1.167929375E1,3.036206216E-2,1.441712957E-2,4.701260105E-2
1.168923375E1,3.542606160E-2,9.784826078E-3,3.749233484E-2
1.169917275E1,3.743914515E-2,8.418357931E-3,3.514023125E-2
1.170911275E1,3.470594436E-2,8.917701431E-3,2.837526798E-2
1.171905175E1,3.566320240E-2,1.308726799E-2,3.340670839E-2
1.172899175E1,3.551673144E-2,1.910974085E-2,2.991157770E-2
1.173893075E1,3.354334459E-2,2.827555500E-2,2.628204785E-2
1.174887075E1,2.983356081E-2,3.401067108E-2,2.073441818E-2
1.175881075E1,2.686621435E-2,4.009089619E-2,1.376597770E-2
1.176874975E1,2.172151953E-2,4.420414567E-2,1.449515112E-2
1.177868975E1,1.825896651E-2,4.340983182E-2,1.292847469E-2
1.178862875E1,1.577530429E-2,3.842039779E-2,1.305044722E-2
1.179856875E1,1.120605506E-2,3.176347539E-2,1.858111098E-2
1.180850775E1,7.629429456E-3,2.651917934E-2,2.339211106E-2
1.181844775E1,3.680088557E-4,1.896961592E-2,2.711791173E-2
1.182838775E1,-4.265358672E-3,1.540470868E-2,3.469699994E-2
1.183832675E1,-8.601180278E-3,7.309821434E-3,3.542760760E-2
1.184826675E1,-1.543991081E-2,5.617116578E-3,3.841887414E-2
1.185820575E1,-1.689199731E-2,5.347474478E-3,4.081067815E-2
1.186814575E1,-2.228436619E-2,1.229592878E-2,4.584165663E-2
1.187808475E1,-2.592448518E-2,1.173175965E-2,4.973238707E-2
1.188802475E1,-2.800175175E-2,1.666153595E-2,4.821624607E-2
1.189796375E1,-2.969590388E-2,1.807503216E-2,4.841183871E-2
1.190790375E1,-2.524176799E-2,2.520671114E-2,4.911091924E-2
1.191784375E1,-2.536891773E-2,2.873635665E-2,4.846978188E-2
1.192778275E1,-2.356142923E-2,3.399956226E-2,5.324669182E-2
1.193772275E1,-2.892617695E-2,3.951780871E-2,6.094592437E-2
1.194766175E1,-3.244288266E-2,4.392240942E-2,6.643976271E-2
1.195760175E1,-3.160516173E-2,5.056449026E-2,6.981623173E-2
1.196754075E1,-2.728045359E-2,6.172765791E-2,7.421816885E-2
1.197748075E1,-2.821676433E-2,7.004185021E-2,7.710224390E-2
1.198741975E1,-3.342164680E-2,7.954880595E-2,8.114466071E-2
1.199735975E1,-3.681887314E-2,8.533707261E-2,8.918996900E-2
1.200729975E1,-4.381819442E-2,8.725401759E-2,9.809770435E-2
1.201723875E1,-5.092095211E-2,9.324420244E-2,1.111914292E-1
1.202717875E1,-6.381224841E-2,9.701471031E-2,1.226579398E-1
1.203711775E1,-7.375556976E-2,1.069241464E-1,1.343932301E-1
1.204705775E1,-7.651168108E-2,1.161208376E-1,1.522830129E-1
1.205699675E1,-7.734294981E-2,1.300586760E-1,1.733779311E-1
1.206693675E1,-7.708249241E-2,1.476619244E-1,1.986936778E-1
1.207687575E1,-7.671089470E-2,1.594675034E-1,2.311149240E-1
1.208681575E1,-6.802046299E-2,1.769210696E-1,2.569667697E-1
1.209675575E1,-6.894735992E-2,1.929084361E-1,2.831835449E-1
1.210669475E1,-7.147070765E-2,2.085334659E-1,3.105144799E-1
1.211663475E1,-7.694195956E-2,2.186654061E-1,3.344224691E-1
1.212657375E1,-8.207973093E-2,2.257821858E-1,3.620617986E-1
1.213651375E1,-9.116546810E-2,2.235692590E-1,3.834993839E-1
1.214645275E1,-9.732881933E-2,2.247117609E-1,4.008381665E-1
1.215639275E1,-1.057742685E-1,2.233386040E-1,4.143514037E-1
1.216633175E1,-1.090936363E-1,2.212978303E-1,4.305958748E-1
1.217627175E1,-1.159182861E-1,2.119069695E-1,4.476551116E-1
1.218621175E1,-1.190578938E-1,2.081244588E-1,4.650785923E-1
1.219615075E1,-1.255520880E-1,2.039037943E-1,4.806298018E-1
1.220609075E1,-1.316398084E-1,2.018073499E-1,4.986234307E-1
1.221602975E1,-1.455430984E-1,2.018342465E-1,5.110353827E-1
1.222596975E1,-1.611726582E-1,2.049448192E-1,5.227674246E-1
1.223590875E1,-1.720177233E-1,2.148047835E-1,5.371954441E-1
1.224584875E1,-1.863721609E-1,2.223465890E-1,5.491205454E-1
1.225578875E1,-1.998503357E-1,2.254431099E-1,5.632188320E-1
1.226572775E1,-2.088204026E-1,2.283395678E-1,5.712562799E-1
1.227566775E1,-2.147373110E-1,2.323613018E-1,5.806719661E-1
1.228560675E1,-2.229355872E-1,2.357355207E-1,5.923400521E-1
1.229554675E1,-2.298211902E-1,2.385880351E-1,6.002892852E-1
1.230548575E1,-2.400653064E-1,2.430794537E-1,6.122604609E-1
1.231542575E1,-2.588805854E-1,2.487543523E-1,6.254763007E-1
1.232536475E1,-2.801302075E-1,2.593063414E-1,6.351802945E-1
1.233530475E1,-2.994798720E-1,2.626551092E-1,6.427673697E-1
1.234524475E1,-3.242139816E-1,2.708419263E-1,6.461477280E-1
1.235518375E1,-3.483980894E-1,2.743138969E-1,6.499200463E-1
1.236512375E1,-3.697305620E-1,2.767962515E-1,6.564155221E-1
1.237506275E1,-4.014282823E-1,2.788961530E-1,6.644150615E-1
1.238500275E1,-4.275243282E-1,2.721237242E-1,6.706377864E-1
1.239494175E1,-4.526829720E-1,2.626726627E-1,6.727525592E-1
1.240488175E1,-4.724236429E-1,2.494892329E-1,6.804022193E-1
1.241482075E1,-4.824583828E-1,2.382592410E-1,6.821922660E-1
1.242476075E1,-4.878680706E-1,2.261754125E-1,6.795264482E-1
1.243470075E1,-4.947650433E-1,2.199719697E-1,6.757095456E-1
1.244463975E1,-5.031694174E-1,2.244737744E-1,6.772624254E-1
1.245457975E1,-5.162721872E-1,2.276618481E-1,6.830641031E-1
1.246451875E1,-5.320525169E-1,2.379962504E-1,6.885653734E-1
1.247445875E1,-5.449639559E-1,2.531247139E-1,6.907907724E-1
1.248439775E1,-5.644228458E-1,2.703236341E-1,6.952110529E-1
1.249433775E1,-5.791026354E-1,2.857890129E-1,6.999545693E-1
1.250427654E1,-6.059331894E-1,3.019354939E-1,7.046009898E-1
1.251421654E1,-6.365738511E-1,3.178601861E-1,7.173309326E-1
1.252415654E1,-6.668481231E-1,3.360572755E-1,7.306510210E-1
1.253409554E1,-6.998568177E-1,3.517114818E-1,7.480883598E-1
1.254403554E1,-7.370936275E-1,3.611294925E-1,7.691904306E-1
1.255397454E1,-7.730759978E-1,3.732249439E-1,7.916523218E-1
1.256391454E1,-8.081144094E-1,3.750790358E-1,8.151872158E-1
1.257385354E1,-8.393877149E-1,3.697062433E-1,8.367179036E-1
1.258379354E1,-8.719888330E-1,3.542117178E-1,8.599129915E-1
1.259373254E1,-8.983754516E-1,3.362888694E-1,8.826515079E-1
1.260367254E1,-9.153144956E-1,3.185359538E-1,9.054284692E-1
1.261361254E1,-9.337800145E-1,3.034729064E-1,9.215116501E-1
1.262355154E1,-9.522714019E-1,2.988816202E-1,9.411817193E-1
1.263349154E1,-9.785973430E-1,3.004001081E-1,9.640337825E-1
1.264343054E1,-1.016021609E0,3.163670897E-1,9.854261279E-1
1.265337054E1,-1.050304413E0,3.361747265E-1,1.010291219E0
1.266330954E1,-1.078413129E0,3.572696447E-1,1.030642271E0
1.267324954E1,-1.095355034E0,3.749724627E-1,1.051628947E0
1.268318954E1,-1.107917666E0,3.928366899E-1,1.068145633E0
1.269312854E1,-1.113643527E0,4.118700027E-1,1.078010321E0
1.270306854E1,-1.124351501E0,4.274636209E-1,1.087743640E0
1.271300754E1,-1.138277531E0,4.374610186E-1,1.101594448E0
1.272294754E1,-1.163266778E0,4.464947283E-1,1.121569753E0
1.273288654E1,-1.185045004E0,4.606880248E-1,1.138522029E0
1.274282654E1,-1.208877087E0,4.813746512E-1,1.149334788E0
1.275276554E1,-1.219666481E0,5.094969869E-1,1.162307262E0
1.276270554E1,-1.224101186E0,5.339727998E-1,1.176912546E0
1.277264554E1,-1.215690970E0,5.576859117E-1,1.199783921E0
1.278258454E1,-1.201189280E0,5.806359649E-1,1.223313451E0
1.279252454E1,-1.188835144E0,5.975198150E-1,1.244334340E0
1.280246354E1,-1.179647207E0,6.042736173E-1,1.254564047E0
1.281240354E1,-1.181849241E0,6.086093187E-1,1.259109855E0
1.282234254E1,-1.186733127E0,6.160035729E-1,1.267882824E0
1.283228254E1,-1.198421001E0,6.295207739E-1,1.283775210E0
1.284222154E1,-1.212193012E0,6.506302953E-1,1.295541525E0
1.285216154E1,-1.229251027E0,6.735833287E-1,1.304747939E0
1.286210154E1,-1.231716633E0,6.959703565E-1,1.304956555E0
1.287204054E1,-1.227515817E0,7.122834921E-1,1.296592474E0
1.288198054E1,-1.223106146E0,7.194085121E-1,1.291559577E0
1.289191954E1,-1.217441797E0,7.289710045E-1,1.281980991E0
1.290185954E1,-1.202550292E0,7.377629280E-1,1.269603848E0
1.291179854E1,-1.180345416E0,7.477517724E-1,1.256858349E0
1.292173854E1,-1.151691437E0,7.570592761E-1,1.243458390E0
1.293167754E1,-1.120476365E0,7.660557032E-1,1.234274387E0
1.294161754E1,-1.093922257E0,7.698478103E-1,1.229980469E0
1.295155754E1,-1.073238850E0,7.673896551E-1,1.233442187E0
1.296149654E1,-1.059025645E0,7.690472603E-1,1.242001057E0
1.297143654E1,-1.045371413E0,7.758738399E-1,1.251443863E0
1.298137554E1,-1.042714596E0,7.839347124E-1,1.260174274E0
1.299131554E1,-1.035091519E0,7.948526740E-1,1.268336892E0
1.300125454E1,-1.019797564E0,8.090260625E-1,1.274654984E0
1.301119454E1,-1.006206036E0,8.097866774E-1,1.277813911E0
1.302113354E1,-9.955450892E-1,8.068841100E-1,1.280622721E0
1.303107354E1,-9.772303700E-1,8.063250184E-1,1.284277797E0
1.304101354E1,-9.612860084E-1,8.108270764E-1,1.281323791E0
1.305095254E1,-9.502170086E-1,8.049696088E-1,1.279755712E0
1.306089254E1,-9.508457780E-1,7.952263951E-1,1.276424289E0
1.307083154E1,-9.571815133E-1,7.820024490E-1,1.275901556E0
1.308077154E1,-9.644553661E-1,7.695381045E-1,1.274497271E0
1.309071054E1,-9.668185115E-1,7.509083748E-1,1.276329875E0
1.310065054E1,-9.726380110E-1,7.351264358E-1,1.279761076E0
1.311058954E1,-9.685481787E-1,7.225846648E-1,1.276262283E0
1.312052954E1,-9.570582509E-1,7.174157500E-1,1.265205383E0
1.313046954E1,-9.407085776E-1,7.181347609E-1,1.243878603E0
1.314040854E1,-9.267083406E-1,7.235721350E-1,1.221793771E0
1.315034854E1,-9.160612822E-1,7.206023932E-1,1.206006169E0
1.316028754E1,-9.043670893E-1,7.119948268E-1,1.189394712E0
1.317022754E1,-8.959675431E-1,6.925150156E-1,1.170883298E0
1.318016654E1,-8.858872056E-1,6.778513789E-1,1.152782083E0
1.319010654E1,-8.813577890E-1,6.613261104E-1,1.129409313E0
1.320004654E1,-8.685624003E-1,6.398498416E-1,1.099322557E0
1.320998554E1,-8.513505459E-1,6.218512654E-1,1.069461465E0
1.321992554E1,-8.308588862E-1,6.138130426E-1,1.039210558E0
1.322986454E1,-8.047416210E-1,6.046202779E-1,1.009193420E0
1.323980454E1,-7.826568484E-1,6.002808809E-1,9.762710929E-1
1.324974354E1,-7.539808750E-1,5.954843760E-1,9.452447891E-1
1.325968354E1,-7.244450450E-1,5.881206989E-1,9.121593237E-1
1.326962254E1,-6.955889463E-1,5.786899328E-1,8.774982095E-1
1.327956254E1,-6.666315794E-1,5.730722547E-1,8.456188440E-1
1.328950254E1,-6.366432309E-1,5.677199364E-1,8.170772195E-1
1.329944154E1,-6.105203032E-1,5.604788065E-1,7.940827012E-1
1.330938154E1,-5.833458304E-1,5.599403977E-1,7.721743584E-1
1.331932054E1,-5.609356165E-1,5.571004152E-1,7.514256835E-1
1.332926054E1,-5.338723660E-1,5.608681440E-1,7.273856401E-1
1.333919954E1,-5.052828193E-1,5.643262863E-1,7.011561394E-1
1.334913954E1,-4.721069634E-1,5.642182231E-1,6.708023548E-1
1.335907854E1,-4.399050772E-1,5.614799261E-1,6.406872869E-1
1.336901854E1,-4.057202339E-1,5.508288145E-1,6.118213534E-1
1.337895854E1,-3.728573620E-1,5.329790115E-1,5.943824053E-1
1.338889754E1,-3.347928524E-1,5.195078850E-1,5.774778724E-1
1.339883754E1,-2.906346917E-1,5.060645342E-1,5.607298017E-1
1.340877654E1,-2.392529547E-1,4.971126318E-1,5.430164933E-1
1.341871654E1,-1.951693743E-1,4.879050255E-1,5.162509084E-1
1.342865554E1,-1.557576656E-1,4.791856706E-1,4.875494838E-1
1.343859554E1,-1.252426505E-1,4.793792963E-1,4.688841999E-1
1.344853454E1,-1.046308279E-1,4.795002341E-1,4.541130066E-1
1.345847454E1,-8.488215506E-2,4.775915444E-1,4.371819496E-1
1.346841454E1,-6.575556844E-2,4.752075672E-1,4.145717621E-1
1.347835354E1,-5.133401975E-2,4.636611640E-1,3.873561323E-1
1.348829354E1,-3.559657931E-2,4.433470666E-1,3.585079312E-1
1.349823254E1,-1.792916842E-2,4.208697081E-1,3.261888921E-1
1.350817292E1,-3.135227598E-4,3.958460391E-1,3.014952838E-1
1.351811192E1,9.892509319E-3,3.790082037E-1,2.803982496E-1
1.352805192E1,1.513873599E-2,3.636276722E-1,2.644124031E-1
1.353799192E1,1.880484447E-2,3.546235263E-1,2.503639460E-1
1.354793092E1,1.350527257E-2,3.420862854E-1,2.366459519E-1
1.355787092E1,-6.783221383E-3,3.387011588E-1,2.141563445E-1
1.356780992E1,-2.027068101E-2,3.373768926E-1,1.961208284E-1
1.357774992E1,-3.938392177E-2,3.321349919E-1,1.731824875E-1
1.358768892E1,-5.427642912E-2,3.138160706E-1,1.529353857E-1
1.359762892E1,-6.592163444E-2,2.947590351E-1,1.271447986E-1
1.360756792E1,-7.100755721E-2,2.722541392E-1,1.050533354E-1
1.361750792E1,-7.074071467E-2,2.522671223E-1,8.366203308E-2
1.362744792E1,-6.594200432E-2,2.399744689E-1,6.087472662E-2
1.363738692E1,-5.320223793E-2,2.342209667E-1,3.997157514E-2
1.364732692E1,-4.590772837E-2,2.395039946E-1,1.991652697E-2
1.365726592E1,-3.437384591E-2,2.489728630E-1,2.890937030E-3
1.366720592E1,-2.486131713E-2,2.517132163E-1,-3.867991269E-3
1.367714492E1,-9.281560779E-3,2.504061460E-1,-1.035252213E-2
1.368708492E1,5.088533275E-3,2.487120479E-1,-8.266074583E-3
1.369702392E1,2.132768929E-2,2.482798249E-1,-5.945663899E-3
1.370696392E1,3.818902746E-2,2.524376512E-1,-6.597151980E-3
1.371690392E1,4.990587384E-2,2.521177828E-1,-1.551501267E-2
1.372684292E1,6.008507684E-2,2.481524050E-1,-1.301899645E-2
1.373678292E1,6.909667701E-2,2.480304241E-1,-1.256306376E-2
1.374672192E1,6.679047644E-2,2.525906563E-1,-1.047668513E-2
1.375666192E1,6.261543930E-2,2.520010173E-1,-7.112578489E-3
1.376660092E1,5.916321650E-2,2.514969707E-1,-3.065550700E-4
1.377654092E1,5.841832981E-2,2.495991886E-1,2.854616847E-3
1.378647992E1,5.722918734E-2,2.514068782E-1,4.624723922E-3
1.379641992E1,5.935519189E-2,2.515413761E-1,-3.198045306E-3
1.380635992E1,6.346276402E-2,2.496512234E-1,-9.251157753E-3
1.381629892E1,6.765218079E-2,2.413077950E-1,-7.576295175E-3
1.382623892E1,7.414662838E-2,2.333290428E-1,8.655991405E-5
1.383617792E1,8.435878158E-2,2.264117450E-1,5.968949758E-3
1.384611792E1,9.929663688E-2,2.230534256E-1,8.221970871E-3
1.385605692E1,1.067918316E-1,2.180573344E-1,1.360501908E-2
1.386599692E1,1.195257008E-1,2.163787037E-1,2.044351958E-2
1.387593692E1,1.333664060E-1,2.202578634E-1,2.497195825E-2
1.388587592E1,1.494905651E-1,2.256124467E-1,3.138858825E-2
1.389581592E1,1.622689515E-1,2.266521454E-1,3.958899528E-2
1.390575492E1,1.806105077E-1,2.224705666E-1,4.654953629E-2
1.391569492E1,2.001296133E-1,2.115289718E-1,4.412632436E-2
1.392563392E1,2.112650126E-1,1.955584288E-1,4.268922657E-2
1.393557392E1,2.166653574E-1,1.799778640E-1,3.917837888E-2
1.394551292E1,2.217161655E-1,1.638389677E-1,3.166553378E-2
1.395545292E1,2.250951827E-1,1.506536603E-1,2.045256086E-2
1.396539292E1,2.199196965E-1,1.435028911E-1,1.149907243E-2
1.397533192E1,2.222547531E-1,1.430253983E-1,1.247115433E-4
1.398527192E1,2.204318345E-1,1.342351139E-1,-5.355403759E-3
1.399521092E1,2.206688523E-1,1.209254414E-1,-7.614829578E-3
1.400515092E1,2.151007205E-1,1.014060527E-1,-9.970441461E-3
1.401508992E1,2.068846077E-1,8.897468448E-2,-1.095581055E-2
1.402502992E1,1.977158934E-1,7.494384795E-2,-1.690943539E-2
1.403496892E1,1.878749728E-1,6.573303789E-2,-2.364723198E-2
1.404490892E1,1.719224304E-1,5.707039312E-2,-2.256447077E-2
1.405484892E1,1.508182138E-1,4.885853454E-2,-1.251449902E-2
1.406478792E1,1.225896403E-1,4.243645072E-2,-3.135401756E-3
1.407472792E1,1.019048691E-1,3.064211085E-2,2.940334380E-3
1.408466692E1,8.193604648E-2,2.112164348E-2,5.213535856E-3
1.409460692E1,6.516665220E-2,1.180031430E-2,1.159074157E-2
1.410454592E1,5.456616729E-2,6.532010622E-3,1.612267829E-2
1.411448592E1,4.267302155E-2,7.191675715E-3,1.353674941E-2
1.412442492E1,3.530473262E-2,2.236742526E-3,1.312536001E-2
1.413436492E1,2.819888666E-2,2.228599042E-4,9.549533948E-3
1.414430492E1,2.044690214E-2,3.459893167E-3,4.451966844E-3
1.415424392E1,1.858268864E-2,5.010385066E-3,1.404245384E-3
1.416418392E1,1.775223389E-2,8.264670148E-3,-2.979597077E-3
1.417412292E1,1.948701590E-2,1.230655052E-2,-5.023040809E-3
1.418406292E1,1.707263850E-2,1.635356434E-2,-7.064525038E-3
1.419400192E1,2.022129297E-2,2.556490526E-2,-6.669310853E-3
1.420394192E1,2.536712959E-2,3.555580229E-2,-5.052937195E-3
1.421388192E1,2.607366629E-2,3.881338239E-2,-7.833568379E-4
1.422382092E1,2.662169747E-2,4.043548182E-2,4.950997420E-3
1.423376092E1,2.608666942E-2,3.627882153E-2,1.195431221E-2
1.424369992E1,2.194590494E-2,3.145706654E-2,1.899116859E-2
1.425363992E1,2.107025683E-2,2.657602727E-2,2.501284331E-2
1.426357892E1,2.248746343E-2,1.827668771E-2,3.192776442E-2
1.427351892E1,2.516873367E-2,1.575227827E-2,3.148541227E-2
1.428345792E1,2.255052328E-2,9.667182341E-3,3.497068211E-2
1.429339792E1,1.970919780E-2,4.705447704E-3,4.609550536E-2
1.430333792E1,1.635470800E-2,2.867617644E-3,5.319482833E-2
1.431327692E1,1.467292197E-2,-1.715149730E-3,5.714003742E-2
1.432321692E1,1.371593773E-2,-8.241076022E-3,5.805654824E-2
1.433315592E1,1.229434274E-2,-8.967586793E-3,5.376406014E-2
1.434309592E1,1.498281211E-2,-9.251472540E-3,4.973315075E-2
1.435303492E1,1.579560898E-2,-6.250355858E-3,4.624387622E-2
1.436297492E1,1.547598280E-2,-4.866610747E-3,4.284731671E-2
1.437291392E1,1.413028874E-2,-1.121798344E-2,4.331070557E-2
1.438285392E1,1.122598350E-2,-6.972502451E-3,4.468172416E-2
1.439279392E1,9.003042243E-3,-3.531432245E-3,3.749917820E-2
1.440273292E1,8.847455494E-3,-4.520868883E-3,2.861686423E-2
1.441267292E1,1.064029522E-2,-6.996543147E-3,1.989527792E-2
1.442261192E1,1.223541610E-2,-9.913881309E-3,1.690066792E-2
1.443255192E1,1.025695354E-2,-9.220927022E-3,1.392272115E-2
1.444249092E1,8.758772165E-3,-5.721421912E-3,1.399344578E-2
1.445243092E1,8.967031725E-3,-3.182363696E-3,1.756527647E-2
1.446236992E1,7.843658328E-3,-2.136318479E-3,1.816793904E-2
1.447230992E1,5.938432645E-3,-8.776644245E-3,2.106146514E-2
1.448224992E1,5.947891623E-3,-1.257390901E-2,1.957038417E-2
1.449218892E1,8.764185011E-3,-1.584879681E-2,2.954259142E-2
1.450212892E1,1.082178578E-2,-1.571187377E-2,3.418684006E-2
1.451206854E1,1.006624755E-2,-1.607140154E-2,3.940557316E-2
1.452200854E1,1.069438178E-2,-1.769496873E-2,3.988111019E-2
1.453194754E1,1.164459810E-2,-1.642064750E-2,4.234293103E-2
1.454188754E1,8.533692919E-3,-1.782472804E-2,4.769152403E-2
1.455182754E1,7.787474897E-3,-1.617596485E-2,4.784145951E-2
1.456176654E1,4.208838567E-3,-1.692046225E-2,4.768719524E-2
1.457170654E1,4.293526988E-3,-1.952476799E-2,4.790184647E-2
1.458164554E1,5.608348176E-3,-1.512281410E-2,4.104642943E-2
1.459158554E1,7.915178314E-3,-1.090916060E-2,4.398709163E-2
1.460152454E1,7.678395603E-3,-6.166091189E-3,3.687444702E-2
1.461146454E1,1.447930001E-3,1.027639955E-3,3.527868167E-2
1.462140354E1,-1.314480789E-3,-2.397109289E-3,3.549592197E-2
1.463134354E1,-7.986231707E-3,1.241034828E-3,3.046095185E-2
1.464128354E1,-1.274352334E-2,-5.254757591E-3,2.948976867E-2
1.465122254E1,-1.142925210E-2,-3.792681731E-3,2.546359971E-2
1.466116254E1,-1.221382059E-2,-9.850308299E-3,2.636561356E-2
1.467110154E1,-1.527725346E-2,-1.123967953E-2,2.800638787E-2
1.468104154E1,-1.648272388E-2,-7.592326030E-3,2.952202410E-2
1.469098054E1,-1.974909194E-2,-4.254053812E-3,2.499438450E-2
1.470092054E1,-1.695341244E-2,-3.300235607E-3,2.316254750E-2
1.471085954E1,-2.020939253E-2,-1.604334451E-3,2.371035889E-2
1.472079954E1,-2.100408822E-2,-2.610217780E-3,1.945351809E-2
1.473073954E1,-2.139716968E-2,6.063478068E-4,1.582522690E-2
1.474067854E1,-2.024879120E-2,9.802784771E-4,1.363704540E-2
1.475061854E1,-2.037608996E-2,-1.496461686E-3,1.505278237E-2
1.476055754E1,-1.388240978E-2,5.169797689E-3,1.296811830E-2
1.477049754E1,-1.025198773E-2,5.811885931E-3,8.112909272E-3
1.478043654E1,-6.161292084E-3,4.392519593E-3,7.318235002E-3
1.479037654E1,-3.016897477E-3,2.822586335E-3,2.582868561E-3
1.480031654E1,-8.647672832E-3,-9.021884762E-4,2.746512182E-3
1.481025554E1,-8.944083005E-3,-1.115241554E-3,-8.279830217E-4
1.482019554E1,-1.450141519E-2,7.832534611E-4,-2.934296615E-3
1.483013454E1,-1.293361373E-2,4.420332611E-3,-8.902173489E-3
1.484007454E1,-1.560981385E-2,7.962036878E-3,-8.999465033E-3
1.485001354E1,-1.485773735E-2,1.040202565E-2,-3.941057250E-3
1.485995354E1,-1.355569996E-2,8.456070907E-3,-1.874084584E-3
1.486989254E1,-7.502601482E-3,6.973489188E-3,4.126131535E-5
1.487983254E1,-9.572977200E-3,3.725198098E-3,9.809052572E-4
1.488977254E1,-5.677837413E-3,-1.225351822E-3,1.815539785E-3
1.489971154E1,-5.914802197E-3,-3.154470120E-3,4.760338459E-3
1.490965154E1,-1.022113301E-2,-5.492725410E-3,5.082581192E-3
1.491959054E1,-9.093625471E-3,-3.184387926E-3,9.875770658E-3
1.492953054E1,-8.417181671E-3,-3.823546693E-3,1.686257496E-2
1.493946954E1,-8.168853819E-3,-5.133965984E-3,1.863803342E-2
1.494940954E1,-6.088925991E-3,-7.145185489E-3,2.121704072E-2
1.495934854E1,-7.538828999E-3,-1.549347863E-2,1.763964817E-2
1.496928854E1,-4.897239618E-3,-1.974228583E-2,1.424864493E-2
1.497922854E1,7.286104374E-4,-2.068457939E-2,3.854712006E-3
1.498916754E1,7.686118595E-3,-1.663657464E-2,-6.808584556E-3
1.499910754E1,1.634714007E-2,-1.332904585E-2,-1.901719905E-2
1.500904654E1,2.344819345E-2,-9.562004358E-3,-3.001179360E-2
1.501898654E1,2.699810080E-2,-3.205130342E-3,-3.978294134E-2
1.502892554E1,2.822155692E-2,5.477964878E-4,-4.003514349E-2
1.503886554E1,2.063519694E-2,3.251372837E-3,-3.032434359E-2
1.504880554E1,8.345241658E-3,5.640494637E-3,-1.568388194E-2
1.505874454E1,-8.941330016E-4,4.313671030E-3,-1.682367176E-3
1.506868454E1,-1.131161954E-2,3.699013032E-3,1.054633595E-2
1.507862354E1,-1.567311957E-2,5.023856647E-3,1.845742576E-2
1.508856354E1,-1.371329837E-2,1.274658367E-3,2.412116900E-2
1.509850254E1,-1.509873290E-2,-1.293996815E-3,2.894947119E-2
1.510844254E1,-1.547636744E-2,-2.127566375E-3,3.527954221E-2
1.511838154E1,-1.441260148E-2,4.385001026E-3,4.275181144E-2
1.512832154E1,-1.371724997E-2,7.298499346E-3,4.884166270E-2
1.513826154E1,-9.293007664E-3,4.433944821E-3,4.986071587E-2
1.514820054E1,-1.917916350E-3,2.061334439E-3,4.418098927E-2
1.515814054E1,2.823111368E-3,-2.431625966E-3,3.618658707E-2
1.516807954E1,6.749942433E-3,-6.417046767E-3,2.723410353E-2
1.517801954E1,1.003150549E-2,-8.634378202E-3,1.760633662E-2
1.518795854E1,8.626155555E-3,-1.288211998E-2,6.269260310E-3
1.519789854E1,1.683345996E-2,-9.170496836E-3,-2.548247576E-4
1.520783754E1,1.981593482E-2,-5.389074795E-3,-9.620629251E-3
1.521777754E1,2.449131384E-2,-2.377098892E-3,-1.609997451E-2
1.522771754E1,2.172482014E-2,-4.799243994E-3,-1.878950000E-2
1.523765654E1,1.856438629E-2,-1.058343332E-2,-1.745163277E-2
1.524759654E1,1.890979707E-2,-1.333181560E-2,-1.643936336E-2
1.525753554E1,1.781900041E-2,-2.374261245E-2,-1.876305230E-2
1.526747554E1,1.659021713E-2,-3.285195306E-2,-2.080969326E-2
1.527741454E1,1.561842952E-2,-4.012078419E-2,-2.373357676E-2
1.528735454E1,2.503243834E-2,-4.415840283E-2,-3.527012467E-2
1.529729354E1,3.848929703E-2,-5.400126427E-2,-4.089789093E-2
1.530723354E1,5.560756102E-2,-6.690748036E-2,-5.429758877E-2
1.531717354E1,7.326351106E-2,-8.618424088E-2,-6.626964360E-2
1.532711254E1,9.660505503E-2,-1.024819911E-1,-8.063446730E-2
1.533705254E1,1.147484109E-1,-1.185336336E-1,-9.414419532E-2
1.534699154E1,1.424228996E-1,-1.314891130E-1,-1.022292823E-1
1.535693154E1,1.605698466E-1,-1.420558393E-1,-1.119108275E-1
1.536687054E1,1.729868352E-1,-1.485904455E-1,-1.173476651E-1
1.537681054E1,1.793900132E-1,-1.456059664E-1,-1.179380715E-1
1.538675054E1,1.888556927E-1,-1.350191087E-1,-1.147100478E-1
1.539668954E1,1.927980632E-1,-1.278519034E-1,-1.099155098E-1
1.540662954E1,1.982024163E-1,-1.252787560E-1,-1.093466580E-1
1.541656854E1,1.988818347E-1,-1.264007092E-1,-1.110031307E-1
1.542650854E1,1.979675740E-1,-1.432968676E-1,-1.127573550E-1
1.543644754E1,2.068131268E-1,-1.654635519E-1,-1.242395416E-1
1.544638754E1,2.193680704E-1,-1.990723759E-1,-1.286044717E-1
1.545632654E1,2.465336323E-1,-2.379872948E-1,-1.415078491E-1
1.546626654E1,2.786710560E-1,-2.755826116E-1,-1.550625414E-1
1.547620654E1,3.127133548E-1,-3.157743216E-1,-1.714749932E-1
1.548614554E1,3.469237685E-1,-3.598235250E-1,-1.954924464E-1
1.549608554E1,3.904822469E-1,-3.884455264E-1,-2.166557312E-1
1.550602438E1,4.296599925E-1,-4.169219136E-1,-2.382963151E-1
1.551596438E1,4.667426944E-1,-4.495554864E-1,-2.647426724E-1
1.552590338E1,5.063388348E-1,-4.928853810E-1,-2.964462936E-1
1.553584338E1,5.468332767E-1,-5.475722551E-1,-3.299105763E-1
1.554578338E1,5.830816031E-1,-6.131515503E-1,-3.587166369E-1
1.555572238E1,6.245048046E-1,-6.802796125E-1,-3.866679668E-1
1.556566238E1,6.630306244E-1,-7.393605113E-1,-4.200232625E-1
1.557560138E1,7.020003200E-1,-8.001208901E-1,-4.572224617E-1
1.558554138E1,7.341744900E-1,-8.427460790E-1,-5.002288222E-1
1.559548038E1,7.664641142E-1,-8.777726293E-1,-5.430353284E-1
1.560542038E1,7.769711018E-1,-9.108546972E-1,-5.924388170E-1
1.561535938E1,7.913373113E-1,-9.454594851E-1,-6.404746175E-1
1.562529938E1,8.016253710E-1,-9.876695275E-1,-6.847451329E-1
1.563523937E1,8.198109269E-1,-1.040461779E0,-7.306076884E-1
1.564517838E1,8.364058733E-1,-1.093580365E0,-7.720707059E-1
1.565511837E1,8.591771722E-1,-1.153827786E0,-8.180108070E-1
1.566505738E1,8.718255758E-1,-1.208701134E0,-8.621836305E-1
1.567499737E1,8.827674985E-1,-1.253110647E0,-9.021561742E-1
1.568493638E1,8.860906363E-1,-1.281741500E0,-9.365831017E-1
1.569487637E1,8.885427117E-1,-1.305391669E0,-9.692525864E-1
1.570481638E1,8.907443285E-1,-1.332882404E0,-1.005644441E0
1.571475537E1,8.906986117E-1,-1.350889444E0,-1.034683466E0
1.572469538E1,8.869163990E-1,-1.353591800E0,-1.056673765E0
1.573463438E1,8.877907991E-1,-1.350482821E0,-1.067721248E0
1.574457438E1,8.863084912E-1,-1.350345135E0,-1.082371831E0
1.575451338E1,8.875912428E-1,-1.360849380E0,-1.098526835E0
1.576445338E1,8.914528489E-1,-1.378552198E0,-1.123099208E0
1.577439238E1,8.920646310E-1,-1.403926730E0,-1.150178194E0
1.578433238E1,8.953640461E-1,-1.429137468E0,-1.178884387E0
1.579427238E1,8.976424932E-1,-1.452430725E0,-1.209635377E0
1.580421138E1,9.026119709E-1,-1.468605399E0,-1.236758351E0
1.581415138E1,9.062246084E-1,-1.464332342E0,-1.265060782E0
1.582409038E1,9.176623821E-1,-1.432965159E0,-1.285475492E0
1.583403038E1,9.438346028E-1,-1.376129746E0,-1.306507707E0
1.584396938E1,9.730616808E-1,-1.316249847E0,-1.324950695E0
1.585390938E1,9.988086820E-1,-1.266856194E0,-1.343613386E0
1.586384838E1,1.020307064E0,-1.236634731E0,-1.357031703E0
1.587378838E1,1.036194444E0,-1.217986584E0,-1.369026542E0
1.588372838E1,1.045612454E0,-1.211704731E0,-1.378587365E0
1.589366737E1,1.045975804E0,-1.198950171E0,-1.381413579E0
1.590360738E1,1.048851490E0,-1.186825395E0,-1.387588978E0
1.591354637E1,1.054978490E0,-1.158993959E0,-1.396927714E0
1.592348638E1,1.070411682E0,-1.121358395E0,-1.399926662E0
1.593342537E1,1.094513297E0,-1.067887902E0,-1.404339075E0
1.594336538E1,1.120629549E0,-1.015358925E0,-1.408389807E0
1.595330437E1,1.147351623E0,-9.711185098E-1,-1.414791942E0
1.596324438E1,1.172719240E0,-9.365623593E-1,-1.425628662E0
1.597318438E1,1.189961433E0,-9.164581299E-1,-1.438987851E0
1.598312338E1,1.204831719E0,-9.067881703E-1,-1.456709027E0
1.599306338E1,1.218335986E0,-9.008603692E-1,-1.478185296E0
1.600300238E1,1.222485304E0,-8.856398463E-1,-1.498816490E0
1.601294238E1,1.221242666E0,-8.621618152E-1,-1.516224623E0
1.602288138E1,1.215712070E0,-8.283633590E-1,-1.527049661E0
1.603282138E1,1.214600086E0,-7.726742029E-1,-1.525422454E0
1.604276138E1,1.212487221E0,-7.118473053E-1,-1.510783315E0
1.605270038E1,1.210440874E0,-6.568127871E-1,-1.498754740E0
1.606264038E1,1.203420281E0,-5.943443775E-1,-1.496389031E0
1.607257938E1,1.200410604E0,-5.319836736E-1,-1.505847096E0
1.608251938E1,1.188987017E0,-4.887413979E-1,-1.529916525E0
1.609245838E1,1.181907535E0,-4.617638290E-1,-1.561497927E0
1.610239838E1,1.177192926E0,-4.386832714E-1,-1.575975418E0
1.611233738E1,1.179064989E0,-4.100089073E-1,-1.566563487E0
1.612227738E1,1.177679420E0,-3.793026805E-1,-1.520779490E0
1.613221738E1,1.167053938E0,-3.526778519E-1,-1.466873646E0
1.614215638E1,1.148835540E0,-3.329294622E-1,-1.416151881E0
1.615209638E1,1.134469628E0,-3.104963601E-1,-1.384863615E0
1.616203538E1,1.116040587E0,-2.856978178E-1,-1.370637536E0
1.617197538E1,1.101218581E0,-2.562314272E-1,-1.371904373E0
1.618191438E1,1.091858387E0,-2.298844904E-1,-1.370163798E0
1.619185438E1,1.079934955E0,-1.951546222E-1,-1.365311027E0
1.620179438E1,1.061841965E0,-1.646092385E-1,-1.344142437E0
1.621173338E1,1.037413955E0,-1.337647140E-1,-1.310588121E0
1.622167338E1,1.005500436E0,-1.057908535E-1,-1.262793183E0
1.623161238E1,9.765509963E-1,-8.787591755E-2,-1.216386080E0
1.624155238E1,9.429850578E-1,-7.818334550E-2,-1.173153877E0
1.625149138E1,9.133157134E-1,-7.486220449E-2,-1.138761044E0
1.626143138E1,8.858262897E-1,-7.373489439E-2,-1.113114715E0
1.627137038E1,8.637371063E-1,-7.405112684E-2,-1.093931437E0
1.628131038E1,8.418555260E-1,-7.059727609E-2,-1.073890090E0
1.629125038E1,8.182829022E-1,-6.327620894E-2,-1.045213342E0
1.630118938E1,7.929181457E-1,-5.703189224E-2,-1.010728121E0
1.631112938E1,7.542462349E-1,-4.684303328E-2,-9.703530073E-1
1.632106838E1,7.179292440E-1,-3.618000075E-2,-9.229719639E-1
1.633100838E1,6.758962274E-1,-1.975234970E-2,-8.774458170E-1
1.634094738E1,6.393219829E-1,-6.936952006E-3,-8.332235217E-1
1.635088738E1,6.025477052E-1,-2.484796569E-4,-7.916388512E-1
1.636082638E1,5.707184076E-1,8.675239980E-3,-7.540892959E-1
1.637076638E1,5.447036028E-1,1.497176010E-2,-7.181496620E-1
1.638070637E1,5.144798756E-1,2.057185397E-2,-6.761907339E-1
1.639064538E1,4.903994203E-1,1.242853142E-2,-6.364291906E-1
1.640058537E1,4.689412415E-1,1.649864018E-2,-5.979507565E-1
1.641052438E1,4.502305388E-1,2.021839842E-2,-5.661486983E-1
1.642046437E1,4.194041789E-1,2.409968898E-2,-5.302551389E-1
1.643040338E1,3.941516280E-1,2.749153972E-2,-4.963112772E-1
1.644034337E1,3.709102273E-1,3.743232042E-2,-4.577468336E-1
1.645028338E1,3.461450934E-1,5.330117792E-2,-4.182723463E-1
1.646022237E1,3.296100497E-1,6.844098121E-2,-3.804887533E-1
1.647016238E1,3.042045832E-1,7.438227534E-2,-3.467110693E-1
1.648010137E1,2.862021327E-1,7.601691782E-2,-3.123589754E-1
1.649004138E1,2.652120888E-1,6.770162284E-2,-2.820546925E-1
1.649998038E1,2.459712774E-1,5.119455233E-2,-2.555083036E-1
1.650992013E1,2.255128771E-1,3.837516904E-2,-2.358559966E-1
1.651986013E1,2.058496922E-1,1.836390980E-2,-2.144841254E-1
1.652979913E1,1.896085590E-1,-4.551114980E-3,-1.835232079E-1
1.653973913E1,1.789098382E-1,-2.679250389E-2,-1.518776566E-1
1.654967813E1,1.649117172E-1,-3.773491457E-2,-1.249316186E-1
1.655961813E1,1.486768275E-1,-3.432846442E-2,-1.000750065E-1
1.656955713E1,1.278948188E-1,-2.259007841E-2,-8.224613219E-2
1.657949712E1,1.084524021E-1,-1.465945132E-2,-6.788663566E-2
1.658943613E1,9.101903439E-2,-6.121378392E-4,-5.159670115E-2
1.659937612E1,7.903081179E-2,8.047130890E-3,-3.727981448E-2
1.660931613E1,7.564847916E-2,1.812068373E-2,-2.291891538E-2
1.661925512E1,7.668285072E-2,2.294499800E-2,-4.672267474E-3
1.662919513E1,7.682773471E-2,2.657705545E-2,7.593896240E-3
1.663913412E1,7.407322526E-2,2.196392789E-2,1.638765447E-2
1.664907413E1,7.995898277E-2,1.819251105E-2,2.237486653E-2
1.665901312E1,7.859864086E-2,1.253728848E-2,2.418049052E-2
1.666895313E1,7.622104138E-2,4.923369735E-3,3.080227599E-2
1.667889313E1,6.994690001E-2,5.791028030E-3,3.612859547E-2
1.668883213E1,5.800734460E-2,5.616266280E-3,4.326683283E-2
1.669877213E1,4.883595183E-2,1.625932381E-2,4.843043536E-2
1.670871113E1,3.996082023E-2,3.297184780E-2,5.223655701E-2
1.671865113E1,3.327788413E-2,4.956360906E-2,5.560865253E-2
1.672859013E1,2.628926188E-2,6.519799680E-2,5.182532966E-2
1.673853013E1,2.147107199E-2,8.351601660E-2,4.790941626E-2
1.674846913E1,1.469466649E-2,1.017703936E-1,4.730039835E-2
1.675840913E1,1.117476728E-2,1.125881523E-1,4.314506799E-2
1.676834913E1,3.946268931E-3,1.236169562E-1,3.585193306E-2
1.677828813E1,-1.319865230E-3,1.314037889E-1,3.645540401E-2
1.678822813E1,-9.568739682E-3,1.354869455E-1,3.362339735E-2
1.679816713E1,-1.380769350E-2,1.390355974E-1,3.380156308E-2
1.680810713E1,-2.156619914E-2,1.388450265E-1,3.467855603E-2
1.681804613E1,-2.390551940E-2,1.419955194E-1,2.960736677E-2
1.682798613E1,-2.735799551E-2,1.407294869E-1,2.294729650E-2
1.683792613E1,-2.479816601E-2,1.363856047E-1,1.280597784E-2
1.684786513E1,-2.940686047E-2,1.324176639E-1,4.923762754E-3
1.685780513E1,-2.986945212E-2,1.326656044E-1,-1.477943733E-3
1.686774413E1,-3.289839998E-2,1.427652538E-1,-6.113732234E-3
1.687768413E1,-3.346405551E-2,1.651999801E-1,-9.230695665E-3
1.688762313E1,-2.654599771E-2,1.885151267E-1,-5.410043523E-3
1.689756313E1,-1.836583205E-2,1.943868548E-1,1.110262051E-2
1.690750213E1,-2.398590930E-2,1.778182685E-1,3.250666708E-2
1.691744213E1,-2.692976967E-2,1.618710011E-1,5.057914183E-2
1.692738213E1,-3.008913621E-2,1.266559511E-1,5.275879800E-2
1.693732113E1,-3.450172767E-2,5.627446249E-2,3.056987561E-2
1.694726113E1,7.166625932E-3,3.180536628E-2,1.010015048E-2
1.695720013E1,1.795589179E-2,-7.176177204E-2,-4.541131109E-2
1.696714013E1,-8.217935450E-3,-1.336952150E-1,-9.182079881E-2
1.697707913E1,-3.010006621E-2,-1.264535487E-1,-1.071595401E-1
1.698701913E1,-4.291972518E-2,-1.607249677E-1,-9.809201211E-2
1.699695813E1,-5.371165276E-2,-2.265910804E-1,-7.342474908E-2
1.700689813E1,-5.292839184E-2,-2.575625181E-1,-3.998720646E-2
1.701683813E1,-4.604651779E-2,-2.400929928E-1,-2.218254842E-3
1.702677713E1,-3.722715750E-2,-1.964554787E-1,2.532833442E-2
1.703671713E1,-2.894392610E-2,-1.580012888E-1,3.963776678E-2
1.704665613E1,-3.829863667E-2,-1.406024247E-1,4.322604835E-2
1.705659613E1,-4.592220485E-2,-1.143740192E-1,3.385198861E-2
1.706653513E1,-4.547520354E-2,-7.630613446E-2,1.335090678E-2
1.707647513E1,-4.947527125E-2,-2.715377323E-2,-4.846739583E-3
1.708641512E1,-4.564792290E-2,2.952853590E-2,-1.689095423E-2
1.709635413E1,-4.608814418E-2,6.872094423E-2,-2.384074032E-2
1.710629412E1,-5.971017852E-2,1.111962646E-1,-2.722623199E-2
1.711623313E1,-7.907428592E-2,1.694758087E-1,-2.568452805E-2
1.712617312E1,-8.268535137E-2,2.182888240E-1,-1.948007941E-2
1.713611213E1,-1.093683541E-1,1.557226479E-1,-2.932898328E-2
1.714605212E1,-1.582064927E-1,4.565177113E-2,-3.706618398E-2
1.715599213E1,-1.846050769E-1,-3.253304213E-2,-4.041457549E-2
1.716593112E1,-1.567114592E-1,-1.158839166E-1,-3.434768319E-2
1.717587113E1,-1.120624989E-1,-2.860945165E-1,-2.944853343E-2
1.718581012E1,-8.261914551E-2,-4.902705848E-1,-6.876647472E-2
1.719575013E1,-5.140342936E-2,-5.886411071E-1,-1.364544481E-1
1.720568913E1,-4.198151641E-3,-5.486463308E-1,-1.852106154E-1
1.721562913E1,5.329896510E-2,-4.289702475E-1,-1.687482893E-1
1.722556813E1,7.465709746E-2,-2.815466225E-1,-9.338813275E-2
1.723550813E1,5.654520541E-2,-1.111250743E-1,6.354700308E-3
1.724544813E1,2.183461003E-2,8.953184634E-2,8.309785277E-2
1.725538713E1,-1.225358434E-2,2.579315305E-1,1.058196798E-1
1.726532713E1,-3.208982572E-2,3.590917289E-1,9.508670866E-2
1.727526613E1,-2.822424844E-2,4.009174705E-1,6.603001803E-2
1.728520613E1,1.028534025E-4,3.910356760E-1,3.552655131E-2
1.729514513E1,3.425762802E-2,3.336205781E-1,1.432006527E-2
1.730508513E1,4.239883646E-2,2.459468395E-1,1.132598985E-2
1.731502513E1,2.723878995E-2,1.184267178E-1,3.726393450E-3
1.732496413E1,-5.309337284E-3,-4.354465753E-2,-1.089968905E-2
1.733490413E1,-2.413548902E-2,-1.968375444E-1,-2.844672464E-2
1.734484312E1,-1.319791004E-2,-3.233744800E-1,-3.828218207E-2
1.735478313E1,2.506319247E-2,-3.718061745E-1,-1.875215769E-2
1.736472212E1,3.992224112E-2,-4.304623604E-1,-9.626360610E-3
1.737466213E1,-9.118804708E-3,-4.618335962E-1,-4.915352911E-2
1.738460112E1,-8.208271861E-2,-4.264827669E-1,-1.235902458E-1
1.739454113E1,-1.101582944E-1,-3.617002964E-1,-1.932942271E-1
1.740448113E1,-8.723518252E-2,-2.651125491E-1,-1.888453811E-1
1.741442013E1,-5.493076518E-2,-1.385128051E-1,-1.027051657E-1
1.742436013E1,-6.550641358E-2,-7.584576495E-3,1.921692491E-2
1.743429913E1,-8.529663086E-2,1.262366027E-1,1.054945588E-1
1.744423913E1,-7.210347056E-2,2.515805364E-1,1.318944097E-1
1.745417813E1,-2.476418950E-2,3.284020722E-1,1.060004830E-1
1.746411813E1,3.682293743E-2,3.312979341E-1,6.143096834E-2
1.747405813E1,6.830229610E-2,2.782650590E-1,2.668870054E-2
1.748399713E1,5.976081640E-2,1.914144009E-1,5.154830869E-3
1.749393713E1,2.651497908E-2,6.621839851E-2,-8.488808759E-3
1.750387613E1,-7.573492359E-3,-7.277944684E-2,-1.915747859E-2
1.751381617E1,1.920144539E-3,-1.800497174E-1,-3.420673683E-2
1.752375517E1,5.949813128E-2,-2.303859293E-1,-1.723575406E-2
1.753369517E1,4.952113330E-2,-3.362750709E-1,-2.203130722E-2
1.754363417E1,-5.095674098E-2,-4.063934386E-1,-6.709439307E-2
1.755357417E1,-1.299820393E-1,-3.632065654E-1,-1.161684543E-1
1.756351417E1,-1.314960122E-1,-2.991593480E-1,-1.688439101E-1
1.757345317E1,-7.623488456E-2,-2.499374896E-1,-1.594738364E-1
1.758339317E1,-3.469246998E-2,-1.929838806E-1,-7.378481328E-2
1.759333217E1,-3.709677234E-2,-1.069603264E-1,3.727379441E-2
1.760327217E1,-4.698148742E-2,3.106452711E-2,1.128343567E-1
1.761321117E1,-2.484129742E-2,1.927274615E-1,1.274266094E-1
1.762315117E1,3.299416602E-2,3.126486540E-1,1.112915650E-1
1.763309117E1,7.030425221E-2,3.275423944E-1,8.033151925E-2
1.764303017E1,4.736630991E-2,2.650368214E-1,4.216040671E-2
1.765297017E1,-3.370104823E-3,1.782068312E-1,3.824733663E-3
1.766290917E1,-4.011718929E-2,9.928725660E-2,-2.242706344E-2
1.767284917E1,-1.790163293E-2,2.572462149E-2,-2.058175951E-2
1.768278817E1,3.510904312E-2,-8.224027604E-2,6.212337874E-3
1.769272817E1,7.425215095E-3,-2.537305355E-1,-3.395814449E-3
1.770266717E1,-9.032915533E-2,-3.335692883E-1,-5.463145673E-2
1.771260717E1,-1.521368623E-1,-3.065832257E-1,-1.292665452E-1
1.772254717E1,-1.443095356E-1,-2.762407064E-1,-1.763158143E-1
1.773248617E1,-9.174671769E-2,-2.687710524E-1,-1.413807273E-1
1.774242617E1,-5.773970112E-2,-2.312604040E-1,-4.607337713E-2
1.775236517E1,-5.781426653E-2,-1.172462255E-1,4.674524814E-2
1.776230517E1,-5.766963214E-2,4.987381771E-2,9.176292270E-2
1.777224417E1,-1.990813948E-2,2.411766648E-1,8.776312321E-2
1.778218417E1,3.022666648E-2,3.565794528E-1,7.398818433E-2
1.779212417E1,4.505062103E-2,3.750391304E-1,5.940046161E-2
1.780206317E1,2.258814685E-2,3.336394429E-1,4.982083663E-2
1.781200317E1,-2.644783817E-2,2.464957535E-1,3.625549376E-2
1.782194217E1,-5.200367793E-2,1.270451248E-1,1.772860996E-2
1.783188217E1,-1.070470829E-2,2.996943332E-2,8.348158561E-3
1.784182117E1,4.694475606E-2,-1.154897511E-1,1.548365876E-2
1.785176117E1,1.300170459E-2,-2.765374780E-1,9.406683967E-4
1.786170117E1,-6.072518975E-2,-3.426469266E-1,-3.898511827E-2
1.787164017E1,-1.104405522E-1,-3.368079662E-1,-1.072885394E-1
1.788158017E1,-1.072725132E-1,-3.483325541E-1,-1.659716219E-1
1.789151917E1,-5.996944010E-2,-3.150126934E-1,-1.422553658E-1
1.790145917E1,-3.080398031E-2,-2.257162631E-1,-4.623170570E-2
1.791139817E1,-4.628413543E-2,-8.440095186E-2,5.330660194E-2
1.792133817E1,-5.294853449E-2,9.720096737E-2,1.018007994E-1
1.793127717E1,-4.332999513E-2,2.661167383E-1,9.405685961E-2
1.794121717E1,-2.012681775E-2,3.842608035E-1,6.268262118E-2
1.795115717E1,2.504784986E-2,4.474033117E-1,4.759501293E-2
1.796109617E1,4.388585687E-2,4.170599282E-1,4.572043568E-2
1.797103617E1,2.056695521E-2,3.156427443E-1,3.691149876E-2
1.798097517E1,-1.521853544E-2,1.815357655E-1,2.096306533E-2
1.799091517E1,-1.304193400E-2,6.424403191E-2,-4.563599825E-3
1.800085417E1,2.676193044E-2,-8.285488933E-2,-1.222849078E-2
1.801079417E1,2.782799304E-2,-2.728181779E-1,-2.699225582E-2
1.802073417E1,-1.028017420E-2,-3.801970184E-1,-3.881708533E-2
1.803067317E1,-4.422269389E-2,-3.956082165E-1,-4.692774266E-2
1.804061317E1,-7.572347671E-2,-4.162097573E-1,-8.642070740E-2
1.805055217E1,-7.245045155E-2,-4.098027050E-1,-1.167266741E-1
1.806049217E1,-4.462454095E-2,-3.131143749E-1,-9.497582167E-2
1.807043117E1,-3.493196890E-2,-1.510570198E-1,-2.955580503E-2
1.808037117E1,-3.466064110E-2,3.342089057E-2,5.594630539E-2
1.809031017E1,-3.226725757E-2,2.216464579E-1,1.062526181E-1
1.810025017E1,-2.664982527E-2,3.825096786E-1,1.105902493E-1
1.811019017E1,-1.625524089E-2,4.791586995E-1,9.245465696E-2
1.812012917E1,3.581661033E-3,4.993551672E-1,7.935933769E-2
1.813006917E1,1.490014605E-3,4.308272302E-1,7.293578982E-2
1.814000817E1,-6.632798817E-3,2.909349203E-1,6.335374713E-2
1.814994817E1,-3.152563050E-2,8.911604434E-2,3.796876222E-2
1.815988717E1,-2.764262073E-2,-1.073596105E-1,1.465807669E-3
1.816982717E1,2.471805550E-2,-2.342744172E-1,-1.865863428E-2
1.817976717E1,5.872786790E-2,-3.865905106E-1,-2.587493137E-2
1.818970617E1,1.350020338E-2,-5.219696760E-1,-4.714453220E-2
1.819964617E1,-5.980711058E-2,-5.192801952E-1,-7.652076334E-2
1.820958517E1,-1.007321775E-1,-4.387800395E-1,-1.161999926E-1
1.821952517E1,-9.981521964E-2,-3.568529189E-1,-1.339929700E-1
1.822946417E1,-6.977876276E-2,-2.393934131E-1,-7.839842141E-2
1.823940417E1,-6.256210804E-2,-8.638251573E-2,2.814076096E-2
1.824934417E1,-6.830814481E-2,9.196431935E-2,1.164985895E-1
1.825928317E1,-6.004366279E-2,2.736229300E-1,1.480768770E-1
1.826922317E1,-2.219401672E-2,4.195694923E-1,1.334438622E-1
1.827916217E1,1.267891191E-2,4.557335377E-1,9.964185208E-2
1.828910217E1,1.175000146E-2,3.824236095E-1,6.636991352E-2
1.829904117E1,-2.268330753E-2,2.331766784E-1,4.440474510E-2
1.830898117E1,-6.325469911E-2,5.360053480E-2,2.722362801E-2
1.831892017E1,-5.381794274E-2,-1.157567278E-1,2.694694698E-2
1.832886017E1,4.065063316E-3,-2.502825856E-1,2.870037034E-2
1.833880017E1,2.565093711E-2,-4.093748927E-1,1.923641190E-2
1.834873917E1,-5.149551108E-2,-5.178848505E-1,-2.638034523E-2
1.835867917E1,-1.390501559E-1,-4.458274543E-1,-6.116722524E-2
1.836861817E1,-1.786074191E-1,-3.114323616E-1,-6.049717218E-2
1.837855817E1,-1.833714843E-1,-2.194815874E-1,-3.505604342E-3
1.838849717E1,-1.935202628E-1,-1.332138032E-1,1.209532320E-1
1.839843717E1,-2.236839980E-1,3.058817238E-3,2.369304448E-1
1.840837717E1,-2.608990371E-1,1.657342911E-1,3.000460267E-1
1.841831617E1,-2.883738279E-1,3.077534139E-1,3.074415326E-1
1.842825617E1,-2.933997512E-1,3.798393011E-1,3.014712632E-1
1.843819517E1,-3.082774580E-1,3.779011071E-1,3.072160184E-1
1.844813517E1,-3.371309340E-1,3.255159259E-1,3.299594223E-1
1.845807417E1,-3.812885880E-1,2.772690058E-1,3.554828465E-1
1.846801417E1,-4.398517609E-1,2.234843224E-1,3.705315888E-1
1.847795417E1,-4.933855832E-1,1.769647896E-1,3.837904930E-1
1.848789317E1,-5.225484967E-1,1.302673221E-1,3.994554877E-1
1.849783317E1,-5.329052806E-1,9.458709508E-2,4.193493128E-1
1.850777213E1,-5.355591178E-1,7.959562540E-2,4.416381121E-1
1.851771213E1,-5.453115702E-1,9.843703359E-2,4.716763496E-1
1.852765113E1,-5.588572025E-1,1.361319572E-1,5.101095438E-1
1.853759113E1,-5.696779490E-1,1.913799196E-1,5.518862009E-1
1.854753013E1,-5.843820572E-1,2.433232665E-1,5.993551612E-1
1.855747013E1,-5.993198156E-1,2.920862138E-1,6.459467411E-1
1.856741013E1,-6.136727333E-1,3.399628997E-1,6.813484430E-1
1.857734913E1,-6.319062710E-1,3.751557767E-1,7.072746158E-1
1.858728913E1,-6.504850388E-1,3.999828398E-1,7.326558828E-1
1.859722812E1,-6.635886431E-1,4.124413133E-1,7.563020587E-1
1.860716813E1,-6.756788492E-1,4.104354382E-1,7.865909934E-1
1.861710712E1,-6.905099750E-1,3.992962241E-1,8.113328815E-1
1.862704713E1,-7.184268236E-1,3.824975491E-1,8.261291385E-1
1.863698713E1,-7.500536442E-1,3.703692853E-1,8.318300843E-1
1.864692613E1,-7.878460884E-1,3.660238087E-1,8.463112712E-1
1.865686613E1,-8.258370161E-1,3.596126437E-1,8.723540306E-1
1.866680513E1,-8.685799241E-1,3.572376370E-1,9.039250016E-1
1.867674513E1,-9.116523266E-1,3.645612895E-1,9.336245060E-1
1.868668413E1,-9.505507350E-1,3.692279458E-1,9.518831372E-1
1.869662413E1,-9.871453643E-1,3.806442320E-1,9.629641771E-1
1.870656413E1,-1.014379382E0,3.982051313E-1,9.728848934E-1
1.871650313E1,-1.040708899E0,4.148105681E-1,9.853721261E-1
1.872644313E1,-1.070282578E0,4.306925833E-1,1.003224134E0
1.873638213E1,-1.108659267E0,4.489000142E-1,1.027869463E0
1.874632213E1,-1.142573237E0,4.647690058E-1,1.048849106E0
1.875626113E1,-1.163859129E0,4.725209177E-1,1.064240694E0
1.876620113E1,-1.185207129E0,4.759798348E-1,1.070716143E0
1.877614013E1,-1.200460672E0,4.694451094E-1,1.078547597E0
1.878608013E1,-1.213621736E0,4.691289663E-1,1.092180848E0
1.879602013E1,-1.229631424E0,4.704889357E-1,1.110257030E0
1.880595913E1,-1.230220795E0,4.629657865E-1,1.136274815E0
1.881589913E1,-1.224153161E0,4.590580761E-1,1.162175417E0
1.882583813E1,-1.211563349E0,4.587046802E-1,1.177924514E0
1.883577813E1,-1.204398155E0,4.771891236E-1,1.192002058E0
1.884571713E1,-1.203171730E0,5.054271221E-1,1.201927423E0
1.885565713E1,-1.206056356E0,5.386767983E-1,1.219215393E0
1.886559712E1,-1.220688820E0,5.742784739E-1,1.237805605E0
1.887553613E1,-1.235775471E0,5.969760418E-1,1.252147436E0
1.888547612E1,-1.253267407E0,6.208374500E-1,1.258197069E0
1.889541513E1,-1.268218517E0,6.314352155E-1,1.255782723E0
1.890535512E1,-1.273723602E0,6.372691393E-1,1.255926967E0
1.891529413E1,-1.271495938E0,6.301522255E-1,1.254172921E0
1.892523413E1,-1.266046643E0,6.143929958E-1,1.252118111E0
1.893517413E1,-1.256214380E0,5.993406177E-1,1.250432730E0
1.894511313E1,-1.257664561E0,5.803525448E-1,1.243906856E0
1.895505313E1,-1.264557242E0,5.716253519E-1,1.238633633E0
1.896499213E1,-1.271100879E0,5.674721599E-1,1.233660460E0
1.897493213E1,-1.269779444E0,5.650263429E-1,1.234558463E0
1.898487113E1,-1.252858043E0,5.749450326E-1,1.229776740E0
1.899481113E1,-1.236767411E0,5.951698422E-1,1.226969838E0
1.900475013E1,-1.222090125E0,6.276915669E-1,1.217962503E0
1.901469013E1,-1.210939765E0,6.646941900E-1,1.206138134E0
1.902463013E1,-1.193932056E0,7.040346861E-1,1.200361013E0
1.903456913E1,-1.175693631E0,7.369830608E-1,1.188503027E0
1.904450913E1,-1.155864477E0,7.666085958E-1,1.175117135E0
1.905444813E1,-1.128254056E0,7.807335854E-1,1.165849209E0
1.906438812E1,-1.099133372E0,7.763028741E-1,1.157151103E0
1.907432713E1,-1.073126078E0,7.533125281E-1,1.160661221E0
1.908426712E1,-1.054152727E0,7.105818391E-1,1.164514303E0
1.909420713E1,-1.036074638E0,6.578973532E-1,1.161069632E0
1.910414612E1,-1.027446628E0,6.058269143E-1,1.160183311E0
1.911408613E1,-1.018808961E0,5.560893416E-1,1.153179049E0
1.912402512E1,-1.022083640E0,5.147943497E-1,1.144843102E0
1.913396513E1,-1.023735166E0,4.855976701E-1,1.145811677E0
1.914390412E1,-1.024358392E0,4.750171900E-1,1.154090643E0
1.915384413E1,-1.030308485E0,4.789933860E-1,1.154444218E0
1.916378312E1,-1.036786079E0,4.924077392E-1,1.152732015E0
1.917372313E1,-1.049356222E0,5.122069120E-1,1.143315911E0
1.918366313E1,-1.056261778E0,5.388446450E-1,1.133963704E0
1.919360213E1,-1.068574548E0,5.535387397E-1,1.125624657E0
1.920354213E1,-1.084891677E0,5.632603168E-1,1.113939285E0
1.921348113E1,-1.106820583E0,5.695580244E-1,1.099036217E0
1.922342113E1,-1.120574713E0,5.711386204E-1,1.085971236E0
1.923336013E1,-1.126969099E0,5.687086582E-1,1.075552940E0
1.924330013E1,-1.120068073E0,5.626094341E-1,1.059751272E0
1.925324013E1,-1.112526774E0,5.543397665E-1,1.044011474E0
1.926317913E1,-1.106928110E0,5.454482436E-1,1.028455615E0
1.927311913E1,-1.101456404E0,5.369588733E-1,1.014812469E0
1.928305813E1,-1.097770572E0,5.279086828E-1,1.002666235E0
1.929299813E1,-1.104188085E0,5.261940360E-1,9.903241396E-1
1.930293713E1,-1.103978753E0,5.172772408E-1,9.733049273E-1
1.931287713E1,-1.103491783E0,5.153951645E-1,9.496223330E-1
1.932281713E1,-1.098993421E0,5.151660442E-1,9.244945645E-1
1.933275613E1,-1.087000012E0,5.043690801E-1,8.958314061E-1
1.934269613E1,-1.073967576E0,4.911592901E-1,8.714107275E-1
1.935263513E1,-1.054365396E0,4.862162769E-1,8.448632956E-1
1.936257513E1,-1.026426435E0,4.778648615E-1,8.163597584E-1
1.937251413E1,-9.993917346E-1,4.641608894E-1,7.895637751E-1
1.938245413E1,-9.698514342E-1,4.495030940E-1,7.614192367E-1
1.939239413E1,-9.376456141E-1,4.472987354E-1,7.347581983E-1
1.940233313E1,-9.094851017E-1,4.498473704E-1,7.084161043E-1
1.941227313E1,-8.771821856E-1,4.602614939E-1,6.898153424E-1
1.942221213E1,-8.381045461E-1,4.691420794E-1,6.698799729E-1
1.943215213E1,-7.954576015E-1,4.741335511E-1,6.544156671E-1
1.944209113E1,-7.440234423E-1,4.661081135E-1,6.361343861E-1
1.945203113E1,-6.917106509E-1,4.533577263E-1,6.201369762E-1
1.946197013E1,-6.328771710E-1,4.373156428E-1,6.064320803E-1
1.947191013E1,-5.780248046E-1,4.277344644E-1,5.915247798E-1
1.948185013E1,-5.216339231E-1,4.114292860E-1,5.768699050E-1
1.949178913E1,-4.700098932E-1,4.022730589E-1,5.665075779E-1
1.950172913E1,-4.178968966E-1,3.880538940E-1,5.601125360E-1
1.951166817E1,-3.630958796E-1,3.713359833E-1,5.450692773E-1
1.952160817E1,-3.096563816E-1,3.467379808E-1,5.271166563E-1
1.953154717E1,-2.596678734E-1,3.138960004E-1,5.081251860E-1
1.954148717E1,-2.185396254E-1,2.902910709E-1,4.883783758E-1
1.955142717E1,-1.841084212E-1,2.689644694E-1,4.648535252E-1
1.956136617E1,-1.462678313E-1,2.558896840E-1,4.406539202E-1
1.957130617E1,-1.093533784E-1,2.497898191E-1,4.153612256E-1
1.958124517E1,-8.275532722E-2,2.386426181E-1,3.862805665E-1
1.959118517E1,-6.093082577E-2,2.228923142E-1,3.561622202E-1
1.960112417E1,-4.012781009E-2,2.069684714E-1,3.323559761E-1
1.961106417E1,-2.260494791E-2,1.931302249E-1,3.113408089E-1
1.962100417E1,-4.643791821E-3,1.750553548E-1,2.850191891E-1
1.963094317E1,9.989739396E-3,1.509673297E-1,2.555190325E-1
1.964088317E1,2.242323942E-2,1.360115409E-1,2.227632403E-1
1.965082217E1,3.102955222E-2,1.246662363E-1,1.906550974E-1
1.966076217E1,3.466876224E-2,1.152551621E-1,1.576009989E-1
1.967070117E1,3.041943908E-2,1.103317961E-1,1.338622123E-1
1.968064117E1,1.827089675E-2,1.140770018E-1,1.107819229E-1
1.969058017E1,-5.900310352E-4,1.306449026E-1,9.476156533E-2
1.970052017E1,-2.709088102E-2,1.476856619E-1,8.181860298E-2
1.971046017E1,-5.490104854E-2,1.618578434E-1,7.138045877E-2
1.972039917E1,-7.848893106E-2,1.626128405E-1,6.499819458E-2
1.973033917E1,-1.039774567E-1,1.459817588E-1,6.320846826E-2
1.974027817E1,-1.241663545E-1,1.219856068E-1,6.123187020E-2
1.975021817E1,-1.359433234E-1,9.551063180E-2,6.107368693E-2
1.976015717E1,-1.438891292E-1,7.211076468E-2,5.719532818E-2
1.977009717E1,-1.543729901E-1,5.964577571E-2,4.988241196E-2
1.978003717E1,-1.624460965E-1,6.111424044E-2,4.461095110E-2
1.978997617E1,-1.683847308E-1,7.474610955E-2,3.852264211E-2
1.979991617E1,-1.815316975E-1,9.091921896E-2,3.971840069E-2
1.980985517E1,-2.025149614E-1,1.135468334E-1,5.011787266E-2
1.981979517E1,-2.162749916E-1,1.336595714E-1,5.566577241E-2
1.982973417E1,-2.288945317E-1,1.460838169E-1,5.642053112E-2
1.983967417E1,-2.229570150E-1,1.442249268E-1,5.813587084E-2
1.984961417E1,-2.080929577E-1,1.285214722E-1,5.170520768E-2
1.985955317E1,-1.943167001E-1,1.083594933E-1,4.776852205E-2
1.986949317E1,-1.840283722E-1,8.859883994E-2,5.172469467E-2
1.987943217E1,-1.713599712E-1,7.274290919E-2,6.113976985E-2
1.988937217E1,-1.600951850E-1,7.180935144E-2,7.152536511E-2
1.989931117E1,-1.502255201E-1,7.211935520E-2,7.831695676E-2
1.990925117E1,-1.432787925E-1,8.393754065E-2,8.560477197E-2
1.991919117E1,-1.325678229E-1,8.985695243E-2,8.677256852E-2
1.992913017E1,-1.250034571E-1,9.295172989E-2,8.881026506E-2
1.993907017E1,-1.220201775E-1,9.078498185E-2,9.501410276E-2
1.994900917E1,-1.166170910E-1,8.631148934E-2,9.674028307E-2
1.995894917E1,-1.144008115E-1,7.542023063E-2,1.001696363E-1
1.996888817E1,-1.123115718E-1,6.139734387E-2,9.922389686E-2
1.997882817E1,-1.053170413E-1,5.390401185E-2,9.605553746E-2
1.998876717E1,-1.029416695E-1,3.870382532E-2,8.565400541E-2
1.999870717E1,-9.014651179E-2,2.951991558E-2,7.938332856E-2
2.000864717E1,-8.587609977E-2,1.943748631E-2,7.091145962E-2
2.001858617E1,-8.214741200E-2,6.831146777E-3,6.422399729E-2
2.002852617E1,-8.329308033E-2,9.609385394E-3,5.852763727E-2
2.003846517E1,-8.784627914E-2,7.641575299E-3,5.638299137E-2
2.004840517E1,-9.583536536E-2,4.200909287E-3,5.548259988E-2
2.005834417E1,-1.064057127E-1,-1.655115746E-3,4.888621718E-2
2.006828417E1,-1.136657745E-1,1.952303573E-4,4.060715437E-2
2.007822417E1,-1.186600104E-1,2.871973440E-3,3.089087829E-2
2.008816317E1,-1.163099855E-1,5.522400141E-3,3.335807845E-2
2.009810317E1,-1.168170497E-1,6.404705346E-3,3.143181652E-2
2.010804217E1,-1.135045514E-1,6.214866415E-3,3.636533022E-2
2.011798217E1,-1.108174250E-1,2.443031408E-3,3.912170231E-2
2.012792117E1,-1.049225032E-1,-3.958810121E-4,3.902112693E-2
2.013786117E1,-9.935650229E-2,-6.662298925E-3,3.499895334E-2
2.014780117E1,-8.982372284E-2,-1.006157510E-2,3.217431158E-2
2.015774017E1,-8.341535926E-2,-5.929147825E-3,2.988399565E-2
2.016768017E1,-7.894602418E-2,-6.823952775E-3,2.346693352E-2
2.017761917E1,-7.969863713E-2,-6.858840119E-3,2.243123204E-2
2.018755917E1,-7.493250072E-2,-4.703388549E-3,1.908428594E-2
2.019749817E1,-6.715793163E-2,-6.164398510E-3,1.405011211E-2
2.020743817E1,-5.756668001E-2,-4.032667726E-3,6.334692240E-3
2.021737817E1,-4.937586188E-2,-6.052675191E-3,-3.795705736E-3
2.022731717E1,-3.377194703E-2,-3.646020778E-3,-1.431612950E-2
2.023725717E1,-2.187320963E-2,-2.722702920E-3,-1.714813709E-2
2.024719617E1,-1.483773813E-2,-2.284892835E-4,-1.415866893E-2
2.025713617E1,-7.473565638E-3,1.208553091E-3,-1.167660300E-2
2.026707517E1,-1.341486350E-3,2.936478704E-4,-8.430891670E-3
2.027701517E1,9.837192483E-4,1.309909858E-3,-1.027513202E-2
2.028695517E1,-4.404791165E-3,5.475753918E-3,-1.548909117E-2
2.029689417E1,-7.391259540E-3,4.028592259E-3,-1.397534925E-2
2.030683417E1,-1.179214753E-2,-3.520599566E-4,-9.306655265E-3
2.031677317E1,-9.702898562E-3,-3.789135255E-3,-7.317007519E-3
2.032671317E1,-1.148085669E-2,-9.339462966E-3,-1.047782972E-2
2.033665217E1,-1.278127730E-2,-1.825972088E-2,-7.251411676E-3
2.034659217E1,-1.119480841E-2,-2.201182395E-2,-1.039353758E-2
2.035653217E1,-8.158005774E-3,-2.387976274E-2,-1.268172450E-2
2.036647117E1,-1.164199412E-2,-2.476717159E-2,-1.291045640E-2
2.037641117E1,-1.271311752E-2,-3.134997189E-2,-1.512806956E-2
2.038635017E1,-1.348084398E-2,-3.067612462E-2,-1.651360840E-2
2.039629017E1,-1.035828702E-2,-2.944627777E-2,-1.977837831E-2
2.040622917E1,-1.253328379E-2,-2.928487957E-2,-1.371165179E-2
2.041616917E1,-1.553253550E-2,-3.328787535E-2,-1.655430906E-2
2.042610817E1,-1.621511951E-2,-3.098450787E-2,-2.014132775E-2
2.043604817E1,-1.513148006E-2,-2.610426582E-2,-1.842731796E-2
2.044598817E1,-1.311774179E-2,-2.671216615E-2,-1.816914603E-2
2.045592717E1,-1.254702546E-2,-2.729273401E-2,-1.420343295E-2
2.046586717E1,-7.549635135E-3,-2.393159270E-2,-1.370853558E-2
2.047580617E1,-9.467910044E-3,-2.545624971E-2,-1.142434217E-2
2.048574617E1,-5.071709864E-3,-2.665694803E-2,-1.187182311E-2
2.049568517E1,-6.814216264E-3,-2.707879618E-2,-7.560697384E-3
2.050562517E1,-6.221379153E-3,-3.040852956E-2,-2.504326403E-3
2.051556525E1,-9.652063251E-3,-3.369194269E-2,-3.336830065E-3
2.052550425E1,-1.553650387E-2,-3.282284737E-2,5.051302724E-3
2.053544425E1,-2.026814222E-2,-3.220472857E-2,1.352308504E-2
2.054538325E1,-2.077729814E-2,-3.126781061E-2,2.259696089E-2
2.055532325E1,-2.589083277E-2,-3.026646189E-2,3.196196631E-2
2.056526225E1,-3.294041753E-2,-3.548937291E-2,3.928634152E-2
2.057520225E1,-3.506428748E-2,-3.407816589E-2,5.074645579E-2
2.058514225E1,-3.195818514E-2,-4.198983312E-2,5.956400931E-2
2.059508125E1,-2.382675558E-2,-5.745747313E-2,6.792074442E-2
2.060502125E1,-2.509219199E-2,-6.740639359E-2,7.195363939E-2
2.061496025E1,-2.914099395E-2,-7.527496666E-2,7.546581328E-2
2.062490025E1,-4.207644612E-2,-7.873278111E-2,8.015222847E-2
2.063483925E1,-5.907886475E-2,-7.526507974E-2,8.328410238E-2
2.064477925E1,-6.920704991E-2,-7.186730951E-2,8.384578675E-2
2.065471925E1,-7.788522542E-2,-6.607093662E-2,8.501943946E-2
2.066465825E1,-8.432933688E-2,-6.544757634E-2,8.743291348E-2
2.067459825E1,-9.423895925E-2,-6.455861032E-2,8.929233253E-2
2.068453725E1,-9.974052757E-2,-6.116682664E-2,8.926507831E-2
2.069447725E1,-1.078711599E-1,-5.446098745E-2,8.786612004E-2
2.070441625E1,-1.068116575E-1,-4.672786966E-2,8.330497891E-2
2.071435625E1,-1.140629128E-1,-3.519665077E-2,8.404108137E-2
2.072429625E1,-1.186948568E-1,-2.374709398E-2,8.712792397E-2
2.073423525E1,-1.263274848E-1,-1.059027761E-2,8.822701126E-2
2.074417525E1,-1.302034706E-1,2.242410555E-3,9.053774178E-2
2.075411425E1,-1.448332816E-1,6.409725174E-3,9.052283317E-2
2.076405425E1,-1.498351395E-1,3.550632857E-3,8.996352553E-2
2.077399325E1,-1.580579132E-1,-1.628949307E-3,9.219925106E-2
2.078393325E1,-1.609951109E-1,-1.537724398E-2,9.126906097E-2
2.079387325E1,-1.565209925E-1,-2.869145200E-2,9.252180904E-2
2.080381225E1,-1.475639939E-1,-4.282885045E-2,8.950147033E-2
2.081375225E1,-1.363116056E-1,-4.921857268E-2,8.015617728E-2
2.082369125E1,-1.246699840E-1,-5.441984907E-2,6.612271816E-2
2.083363125E1,-1.175614819E-1,-5.807610229E-2,5.775187165E-2
2.084357025E1,-1.104273722E-1,-6.298720092E-2,5.007602274E-2
2.085351025E1,-9.936806560E-2,-6.741923094E-2,4.155124724E-2
2.086345025E1,-7.891860604E-2,-7.409674674E-2,2.846404538E-2
2.087338925E1,-6.031616032E-2,-7.631515712E-2,1.230398379E-2
2.088332925E1,-3.889003396E-2,-7.632187009E-2,-6.667716429E-3
2.089326825E1,-1.830779389E-2,-7.591254264E-2,-3.006411903E-2
2.090320825E1,1.814176328E-3,-7.801733166E-2,-5.415340513E-2
2.091314725E1,1.742402837E-2,-8.331435919E-2,-7.637162507E-2
2.092308725E1,3.617418185E-2,-9.847901762E-2,-9.488864243E-2
2.093302625E1,5.615268275E-2,-1.164678782E-1,-1.133044064E-1
2.094296625E1,7.922045887E-2,-1.426326185E-1,-1.308388859E-1
2.095290625E1,1.082158908E-1,-1.726179570E-1,-1.526901126E-1
2.096284525E1,1.270486116E-1,-2.054665089E-1,-1.684277058E-1
2.097278525E1,1.474670768E-1,-2.377847582E-1,-1.839997470E-1
2.098272425E1,1.637810022E-1,-2.763407826E-1,-1.990212947E-1
2.099266425E1,1.917202175E-1,-3.184706569E-1,-2.241689861E-1
2.100260325E1,2.172476053E-1,-3.495801687E-1,-2.479950786E-1
2.101254325E1,2.445346266E-1,-3.792768121E-1,-2.765838504E-1
2.102248325E1,2.734586596E-1,-4.068900943E-1,-3.018307090E-1
2.103242225E1,3.017291725E-1,-4.307690561E-1,-3.279129267E-1
2.104236225E1,3.282260895E-1,-4.533515573E-1,-3.444707692E-1
2.105230125E1,3.560356200E-1,-4.784986973E-1,-3.659872413E-1
2.106224125E1,3.826864064E-1,-5.079942346E-1,-3.787903488E-1
2.107218025E1,4.055206180E-1,-5.423452854E-1,-3.930009604E-1
2.108212025E1,4.277301133E-1,-5.763452649E-1,-4.066578150E-1
2.109206025E1,4.479922652E-1,-6.205854416E-1,-4.158853889E-1
2.110199925E1,4.694291651E-1,-6.568390131E-1,-4.194704890E-1
2.111193925E1,4.881820977E-1,-6.898401380E-1,-4.236851931E-1
2.112187825E1,5.079345107E-1,-7.252420187E-1,-4.242287278E-1
2.113181825E1,5.249177217E-1,-7.553210855E-1,-4.256329834E-1
2.114175725E1,5.329910517E-1,-7.865238190E-1,-4.229052663E-1
2.115169725E1,5.390931368E-1,-8.125189543E-1,-4.198439717E-1
2.116163725E1,5.433722138E-1,-8.263434768E-1,-4.185631275E-1
2.117157625E1,5.494133234E-1,-8.350656033E-1,-4.154059589E-1
2.118151625E1,5.574343204E-1,-8.440667987E-1,-4.103518724E-1
2.119145525E1,5.653649569E-1,-8.537819982E-1,-4.049640298E-1
2.120139525E1,5.854315162E-1,-8.669271469E-1,-3.926651180E-1
2.121133425E1,5.999094844E-1,-8.816554546E-1,-3.830436468E-1
2.122127425E1,6.121256351E-1,-8.989879489E-1,-3.740423322E-1
2.123121425E1,6.291701198E-1,-9.278103113E-1,-3.627092838E-1
2.124115325E1,6.412099004E-1,-9.584618211E-1,-3.458203077E-1
2.125109325E1,6.489517093E-1,-9.890988469E-1,-3.318128884E-1
2.126103225E1,6.562799215E-1,-1.016364336E0,-3.135785758E-1
2.127097225E1,6.731510162E-1,-1.035926342E0,-3.045810759E-1
2.128091125E1,6.877939701E-1,-1.047494650E0,-2.944271863E-1
2.129085125E1,7.024381161E-1,-1.056200624E0,-2.887458801E-1
2.130079125E1,7.208924890E-1,-1.065252662E0,-2.837209404E-1
2.131073025E1,7.389311790E-1,-1.074113727E0,-2.776443958E-1
2.132067025E1,7.541474700E-1,-1.085376143E0,-2.705785036E-1
2.133060925E1,7.705422044E-1,-1.099162817E0,-2.588656545E-1
2.134054925E1,7.833061814E-1,-1.112978101E0,-2.424460053E-1
2.135048825E1,7.968041301E-1,-1.125604630E0,-2.263996750E-1
2.136042825E1,8.115130067E-1,-1.141031742E0,-2.165062428E-1
2.137036825E1,8.297932148E-1,-1.154441595E0,-2.071055621E-1
2.138030725E1,8.477445841E-1,-1.159348965E0,-2.007644325E-1
2.139024725E1,8.651161194E-1,-1.157950640E0,-1.930623055E-1
2.140018625E1,8.800187111E-1,-1.154163718E0,-1.918854415E-1
2.141012625E1,8.895072937E-1,-1.152806044E0,-1.906303018E-1
2.142006525E1,8.993824720E-1,-1.154793024E0,-1.913703829E-1
2.143000525E1,9.034025073E-1,-1.156068325E0,-1.921264529E-1
2.143994525E1,9.127188921E-1,-1.152129292E0,-1.877752841E-1
2.144988425E1,9.154305458E-1,-1.148182750E0,-1.906046271E-1
2.145982425E1,9.236447215E-1,-1.150248885E0,-1.919587255E-1
2.146976325E1,9.274359941E-1,-1.155061722E0,-1.963071376E-1
2.147970325E1,9.306948185E-1,-1.155761242E0,-1.974637210E-1
2.148964225E1,9.375165105E-1,-1.154284239E0,-1.999359280E-1
2.149958225E1,9.452459812E-1,-1.151129484E0,-2.057666630E-1
2.150952225E1,9.614078999E-1,-1.157617211E0,-2.066657543E-1
2.151946125E1,9.752688408E-1,-1.163726568E0,-2.119074762E-1
2.152940125E1,9.909201860E-1,-1.171318889E0,-2.161898315E-1
2.153934025E1,9.992449284E-1,-1.173255324E0,-2.251716107E-1
2.154928025E1,1.000039458E0,-1.173085690E0,-2.338314205E-1
2.155921925E1,9.998134375E-1,-1.166341662E0,-2.377928942E-1
2.156915925E1,9.995798469E-1,-1.152249575E0,-2.440742403E-1
2.157909925E1,1.002236605E0,-1.138725996E0,-2.502213717E-1
2.158903825E1,1.010588527E0,-1.126734018E0,-2.557077706E-1
2.159897825E1,1.019886136E0,-1.126787305E0,-2.656100690E-1
2.160891725E1,1.020938039E0,-1.140325427E0,-2.671869397E-1
2.161885725E1,1.021461606E0,-1.158709168E0,-2.725074589E-1
2.162879625E1,1.008258700E0,-1.172265172E0,-2.750590146E-1
2.163873625E1,9.960808754E-1,-1.171383142E0,-2.838866115E-1
2.164867625E1,9.864604473E-1,-1.145539522E0,-2.991555631E-1
2.165861525E1,9.842219949E-1,-1.112063766E0,-3.186358511E-1
2.166855525E1,9.844158292E-1,-1.084660649E0,-3.339905739E-1
2.167849425E1,9.799193740E-1,-1.062100410E0,-3.451743424E-1
2.168843425E1,9.767355919E-1,-1.049930811E0,-3.501470089E-1
2.169837325E1,9.669024944E-1,-1.047059894E0,-3.583761454E-1
2.170831325E1,9.543834925E-1,-1.050373673E0,-3.630332053E-1
2.171825325E1,9.464462399E-1,-1.065725923E0,-3.728407323E-1
2.172819225E1,9.375627041E-1,-1.075304985E0,-3.873533607E-1
2.173813225E1,9.241702557E-1,-1.075887799E0,-4.043915272E-1
2.174807125E1,9.150862098E-1,-1.074840903E0,-4.249290228E-1
2.175801125E1,9.044473171E-1,-1.053845882E0,-4.388994575E-1
2.176795025E1,8.983468413E-1,-1.028923988E0,-4.529265761E-1
2.177789025E1,8.829796314E-1,-1.002734780E0,-4.675590992E-1
2.178782925E1,8.636983633E-1,-9.726641774E-1,-4.858094752E-1
2.179776925E1,8.374796510E-1,-9.443809986E-1,-5.007684827E-1
2.180770925E1,8.088338971E-1,-9.176734686E-1,-5.169485211E-1
2.181764825E1,7.806375027E-1,-9.030491710E-1,-5.295882821E-1
2.182758825E1,7.588211298E-1,-8.966274858E-1,-5.461060405E-1
2.183752725E1,7.472097874E-1,-9.012092352E-1,-5.610370636E-1
2.184746725E1,7.352223396E-1,-9.032023549E-1,-5.750519037E-1
2.185740625E1,7.281345725E-1,-8.989790678E-1,-5.922776461E-1
2.186734625E1,7.171013951E-1,-8.825383186E-1,-5.959621072E-1
2.187728625E1,6.996831298E-1,-8.492129445E-1,-5.986980796E-1
2.188722525E1,6.773033142E-1,-8.047424555E-1,-5.921096802E-1
2.189716525E1,6.580441594E-1,-7.503012419E-1,-5.844743252E-1
2.190710425E1,6.377990246E-1,-7.005454302E-1,-5.837153196E-1
2.191704425E1,6.180708408E-1,-6.676210761E-1,-5.800744295E-1
2.192698325E1,6.055108309E-1,-6.489445567E-1,-5.847794414E-1
2.193692325E1,5.966901779E-1,-6.405907869E-1,-5.890571475E-1
2.194686325E1,5.863917470E-1,-6.482796073E-1,-5.934215784E-1
2.195680225E1,5.800995231E-1,-6.509709954E-1,-5.962337852E-1
2.196674225E1,5.693169236E-1,-6.502817273E-1,-5.968601704E-1
2.197668125E1,5.655395389E-1,-6.426120400E-1,-5.928181410E-1
2.198662125E1,5.518322587E-1,-6.275265813E-1,-5.873596668E-1
2.199656025E1,5.472264290E-1,-6.082118750E-1,-5.745041370E-1
2.200650025E1,5.373117328E-1,-5.864109397E-1,-5.646080971E-1
2.201644025E1,5.293343067E-1,-5.591893792E-1,-5.523133874E-1
2.202637925E1,5.231885314E-1,-5.434588790E-1,-5.420543551E-1
2.203631925E1,5.203948021E-1,-5.350992680E-1,-5.331151485E-1
2.204625825E1,5.148857832E-1,-5.328784585E-1,-5.232121348E-1
2.205619825E1,5.099621415E-1,-5.273210406E-1,-5.118346810E-1
2.206613725E1,5.152322650E-1,-5.180652738E-1,-5.033245683E-1
2.207607725E1,5.134110451E-1,-5.136167407E-1,-4.936488867E-1
2.208601725E1,5.160257816E-1,-5.029599071E-1,-4.880737960E-1
2.209595625E1,5.150768757E-1,-4.894951880E-1,-4.786159992E-1
2.210589625E1,5.140507817E-1,-4.732147455E-1,-4.696054459E-1
2.211583525E1,5.189010501E-1,-4.556857646E-1,-4.606061578E-1
2.212577525E1,5.198518038E-1,-4.434176385E-1,-4.484528303E-1
2.213571425E1,5.190262794E-1,-4.271941483E-1,-4.344273210E-1
2.214565425E1,5.148836970E-1,-4.074313641E-1,-4.218518734E-1
2.215559425E1,5.079365969E-1,-3.869974017E-1,-4.061338305E-1
2.216553325E1,4.973399043E-1,-3.675419390E-1,-3.925906122E-1
2.217547325E1,4.887613654E-1,-3.472445905E-1,-3.790293634E-1
2.218541225E1,4.796536267E-1,-3.279481232E-1,-3.701301515E-1
2.219535225E1,4.742566645E-1,-3.101894855E-1,-3.596399426E-1
2.220529125E1,4.625166357E-1,-2.936610878E-1,-3.496677279E-1
2.221523125E1,4.527635276E-1,-2.731314003E-1,-3.419848979E-1
2.222517125E1,4.386160076E-1,-2.529467940E-1,-3.255214989E-1
2.223511025E1,4.250988960E-1,-2.195033431E-1,-3.041679859E-1
2.224505025E1,4.045374095E-1,-1.894820631E-1,-2.799587846E-1
2.225498925E1,3.840035796E-1,-1.551294625E-1,-2.602147460E-1
2.226492925E1,3.589477539E-1,-1.247302741E-1,-2.365834415E-1
2.227486825E1,3.324779868E-1,-9.371120483E-2,-2.210859507E-1
2.228480825E1,3.057526350E-1,-7.027139515E-2,-2.074361891E-1
2.229474825E1,2.868665457E-1,-5.186068639E-2,-1.981952488E-1
2.230468725E1,2.655389011E-1,-3.545375168E-2,-1.851446927E-1
2.231462725E1,2.469383627E-1,-3.434769809E-2,-1.736052483E-1
2.232456625E1,2.272253782E-1,-3.714401275E-2,-1.637156010E-1
2.233450625E1,2.018593252E-1,-4.522373900E-2,-1.505229026E-1
2.234444525E1,1.813599020E-1,-5.168616399E-2,-1.388859600E-1
2.235438525E1,1.609650403E-1,-5.164554343E-2,-1.300763488E-1
2.236432525E1,1.406933367E-1,-4.382623360E-2,-1.223070994E-1
2.237426425E1,1.210466027E-1,-3.608447313E-2,-1.161371320E-1
2.238420425E1,1.035467088E-1,-2.693278529E-2,-1.056152508E-1
2.239414325E1,9.378617257E-2,-1.483783312E-2,-9.658666700E-2
2.240408325E1,8.852615952E-2,-7.992710918E-3,-8.030623198E-2
2.241402225E1,8.115000278E-2,7.693574764E-3,-6.751932949E-2
2.242396225E1,7.710546255E-2,9.595070966E-3,-5.860146508E-2
2.243390225E1,6.815503538E-2,1.791365445E-2,-5.392540246E-2
2.244384125E1,5.384027585E-2,2.206738666E-2,-4.683447257E-2
2.245378125E1,4.227712750E-2,2.904144675E-2,-4.066693783E-2
2.246372025E1,3.746639192E-2,4.226909950E-2,-3.660934418E-2
2.247366025E1,2.727256715E-2,4.923800007E-2,-3.408122063E-2
2.248359925E1,1.374291070E-2,5.200449377E-2,-2.979672700E-2
2.249353925E1,4.503749311E-3,5.981169641E-2,-2.940570563E-2
2.250347925E1,-5.616795737E-3,6.387062371E-2,-2.889490873E-2
2.251341817E1,-1.175941527E-2,6.417444348E-2,-2.495286427E-2
2.252335817E1,-2.197317034E-2,6.247907504E-2,-2.551372536E-2
2.253329717E1,-1.831991598E-2,5.925473198E-2,-2.251221612E-2
2.254323717E1,-2.049438842E-2,5.424639210E-2,-1.994386502E-2
2.255317617E1,-2.941851132E-2,5.091703311E-2,-2.175110951E-2
2.256311617E1,-2.934607305E-2,5.256366730E-2,-2.145762742E-2
2.257305617E1,-2.910011262E-2,5.759613961E-2,-1.914775372E-2
2.258299517E1,-2.946549654E-2,5.896713585E-2,-1.356203854E-2
2.259293517E1,-2.965047956E-2,5.744230002E-2,-1.181916147E-2
2.260287417E1,-3.042465821E-2,6.294439733E-2,-9.298481047E-3
2.261281417E1,-2.554666996E-2,7.213244587E-2,-6.968412548E-3
2.262275317E1,-2.071383223E-2,7.019712776E-2,-4.417370073E-3
2.263269317E1,-1.811126620E-2,6.294013560E-2,-4.459517077E-3
2.264263317E1,-1.493118610E-2,6.284905225E-2,8.117314428E-5
2.265257217E1,-1.407730114E-2,5.709934980E-2,5.758951418E-3
2.266251217E1,-1.274066139E-2,5.307238549E-2,9.145692922E-3
2.267245117E1,-1.117184199E-2,4.869225994E-2,1.535298862E-2
2.268239117E1,-4.025515635E-3,4.677505046E-2,1.426002756E-2
2.269233117E1,2.272651996E-3,4.233399779E-2,1.606569812E-2
2.270227017E1,5.858598277E-3,3.266698867E-2,1.676877216E-2
2.271221017E1,4.657953046E-3,2.716188505E-2,2.161384933E-2
2.272214917E1,5.016148556E-3,2.545693144E-2,2.005616575E-2
2.273208917E1,3.018321004E-3,2.603543550E-2,2.246837690E-2
2.274202817E1,5.118223839E-3,1.814422384E-2,2.079324797E-2
2.275196817E1,4.078217316E-3,1.612739637E-2,2.166042104E-2
2.276190817E1,4.045460373E-3,1.838655397E-2,2.051525936E-2
2.277184717E1,3.219018457E-3,1.805303991E-2,1.948872954E-2
2.278178717E1,3.361231182E-3,1.208143216E-2,1.909085177E-2
2.279172617E1,-3.703682683E-3,1.208163798E-2,1.943368092E-2
2.280166617E1,-8.004155010E-3,1.106217876E-2,2.104302868E-2
2.281160517E1,-1.022555493E-2,1.504432783E-2,1.926526427E-2
2.282154517E1,-1.007854939E-2,1.767206937E-2,1.769053750E-2
2.283148517E1,-2.004462294E-2,1.652345434E-2,1.730122976E-2
2.284142417E1,-2.874410339E-2,1.738205925E-2,1.244175993E-2
2.285136417E1,-3.152999282E-2,1.613762230E-2,1.217918377E-2
2.286130317E1,-3.521554172E-2,1.613229513E-2,1.036290824E-2
2.287124317E1,-3.417703882E-2,8.448946290E-3,1.021033339E-2
2.288118217E1,-3.004301339E-2,6.021741778E-3,1.537473500E-2
2.289112217E1,-3.383012116E-2,3.348619677E-3,1.404499542E-2
2.290106217E1,-3.129718453E-2,3.954222426E-3,1.582425274E-2
2.291100117E1,-3.630865365E-2,2.945228480E-3,1.612134650E-2
2.292094117E1,-3.802186623E-2,3.886922263E-3,1.698554121E-2
2.293088017E1,-3.606135398E-2,1.085125655E-2,1.688716561E-2
2.294082017E1,-3.190363199E-2,1.473148353E-2,1.498700120E-2
2.295075917E1,-2.176731639E-2,1.689427160E-2,1.517693326E-2
2.296069917E1,-1.337063499E-2,1.352697052E-2,1.440168638E-2
2.297063917E1,-1.038090326E-2,1.121329889E-2,2.028742060E-2
2.298057817E1,-7.407483645E-3,8.796745911E-3,2.533704042E-2
2.299051817E1,-8.861612529E-3,1.753585041E-2,3.131875396E-2
2.300045717E1,-6.388601847E-3,2.695172653E-2,3.077387251E-2
2.301039717E1,-4.496396519E-3,3.157287836E-2,3.056659736E-2
2.302033617E1,-2.208208665E-3,3.400168195E-2,2.411216125E-2
2.303027617E1,3.589296248E-3,3.308514133E-2,1.989156008E-2
2.304021617E1,1.167305559E-2,2.876043692E-2,1.747634076E-2
2.305015517E1,1.067149360E-2,2.175498754E-2,1.576441340E-2
2.306009517E1,1.238790061E-2,1.983351633E-2,1.875594258E-2
2.307003417E1,1.577840745E-2,1.393919252E-2,1.886110008E-2
2.307997417E1,1.586336084E-2,1.975074224E-2,2.093623579E-2
2.308991317E1,1.694324613E-2,2.546025440E-2,1.868914254E-2
2.309985317E1,1.145952940E-2,3.689293563E-2,2.125483193E-2
2.310979317E1,1.040080190E-2,4.600216076E-2,2.180484310E-2
2.311973217E1,6.080621388E-3,5.044830963E-2,2.067433298E-2
2.312967217E1,3.664686112E-3,5.437787995E-2,2.472043969E-2
2.313961117E1,-9.204782546E-4,6.036812440E-2,2.560354397E-2
2.314955117E1,-7.499247789E-3,5.865496024E-2,3.082729876E-2
2.315949017E1,-1.099624485E-2,6.655496359E-2,3.228937462E-2
2.316943017E1,-1.920321584E-2,7.357496023E-2,3.378224000E-2
2.317937017E1,-2.441076189E-2,7.801099122E-2,3.583074361E-2
2.318930917E1,-3.202321753E-2,8.573373407E-2,3.889596835E-2
2.319924917E1,-4.005930573E-2,9.262200445E-2,4.010637477E-2
2.320918817E1,-4.491396993E-2,1.007553115E-1,4.023642838E-2
2.321912817E1,-5.279825628E-2,1.109746620E-1,4.583812505E-2
2.322906717E1,-5.970687047E-2,1.260669678E-1,5.157766491E-2
2.323900717E1,-7.446344942E-2,1.426406205E-1,5.742942914E-2
2.324894717E1,-8.457142860E-2,1.613781005E-1,6.429847330E-2
2.325888617E1,-9.027752280E-2,1.746094823E-1,7.040403783E-2
2.326882617E1,-9.646877646E-2,1.861082911E-1,7.640961558E-2
2.327876517E1,-1.009202451E-1,1.944549084E-1,8.301878721E-2
2.328870517E1,-1.071294397E-1,1.991175264E-1,9.269648045E-2
2.329864417E1,-1.218210310E-1,2.058308125E-1,9.923906624E-2
2.330858417E1,-1.388287097E-1,2.205792367E-1,1.082215756E-1
2.331852417E1,-1.613260359E-1,2.407881021E-1,1.143473759E-1
2.332846317E1,-1.865004152E-1,2.666060328E-1,1.272737235E-1
2.333840317E1,-2.273437083E-1,2.911007404E-1,1.362009048E-1
2.334834217E1,-2.809660137E-1,3.188047409E-1,1.458533108E-1
2.335828217E1,-3.452076018E-1,3.429082036E-1,1.554683745E-1
2.336822117E1,-4.162721932E-1,3.607257903E-1,1.686727703E-1
2.337816117E1,-4.889687598E-1,3.714223802E-1,1.809382290E-1
2.338810117E1,-5.531087518E-1,3.855492175E-1,1.924918741E-1
2.339804017E1,-6.111771464E-1,3.921807408E-1,1.991588324E-1
2.340798017E1,-6.431692243E-1,4.101970196E-1,1.986415088E-1
2.341791917E1,-6.556618214E-1,4.209654927E-1,1.960321367E-1
2.342785917E1,-6.494244933E-1,4.177471995E-1,1.922511011E-1
2.343779817E1,-6.381196380E-1,4.141479433E-1,1.954463571E-1
2.344773817E1,-6.271136403E-1,4.247105718E-1,1.930684745E-1
2.345767817E1,-6.224483252E-1,4.460678101E-1,2.028904706E-1
2.346761717E1,-6.167984009E-1,4.683007300E-1,2.150238901E-1
2.347755717E1,-6.161440611E-1,4.770236611E-1,2.301913947E-1
2.348749617E1,-6.053532958E-1,4.887430370E-1,2.446033955E-1
2.349743617E1,-5.907820463E-1,5.042096376E-1,2.521302700E-1
2.350737617E1,-5.746724010E-1,5.108326077E-1,2.549670637E-1
2.351731517E1,-5.429496169E-1,5.113388300E-1,2.577165067E-1
2.352725517E1,-5.067033172E-1,4.986962080E-1,2.622733414E-1
2.353719417E1,-4.731405377E-1,4.840632081E-1,2.719107866E-1
2.354713417E1,-4.463678002E-1,4.677560627E-1,2.742376924E-1
2.355707317E1,-4.274665415E-1,4.622132480E-1,2.803754807E-1
2.356701317E1,-4.206011891E-1,4.626267850E-1,2.825061977E-1
2.357695317E1,-4.198275506E-1,4.789282680E-1,2.861968279E-1
2.358689217E1,-4.248687625E-1,4.960826933E-1,2.865665853E-1
2.359683217E1,-4.253973961E-1,5.152864456E-1,2.857785523E-1
2.360677117E1,-4.171414375E-1,5.238587856E-1,2.854777277E-1
2.361671117E1,-4.107421339E-1,5.136642456E-1,2.783724070E-1
2.362665017E1,-4.018346667E-1,4.884400964E-1,2.714628577E-1
2.363659017E1,-3.954302967E-1,4.616740048E-1,2.653290629E-1
2.364653017E1,-3.927547634E-1,4.393088818E-1,2.643596232E-1
2.365646917E1,-3.961827755E-1,4.154634774E-1,2.646637559E-1
2.366640917E1,-4.077953100E-1,4.131882191E-1,2.614847124E-1
2.367634817E1,-4.157765210E-1,4.277519882E-1,2.579469979E-1
2.368628817E1,-4.315243065E-1,4.456793666E-1,2.549948096E-1
2.369622717E1,-4.401167333E-1,4.652501345E-1,2.515425384E-1
2.370616717E1,-4.500428438E-1,4.799214900E-1,2.484069765E-1
2.371610717E1,-4.533838034E-1,4.833300710E-1,2.444087714E-1
2.372604617E1,-4.606704712E-1,4.805742502E-1,2.418128252E-1
2.373598617E1,-4.622537196E-1,4.791012704E-1,2.429446727E-1
2.374592517E1,-4.724972844E-1,4.737429619E-1,2.372938693E-1
2.375586517E1,-4.802841246E-1,4.723461270E-1,2.336993963E-1
2.376580417E1,-4.803290069E-1,4.772760272E-1,2.286816388E-1
2.377574417E1,-4.860398769E-1,4.867363870E-1,2.216258496E-1
2.378568417E1,-4.879839718E-1,4.915202260E-1,2.154466957E-1
2.379562317E1,-4.827367365E-1,5.036022067E-1,2.172597796E-1
2.380556317E1,-4.776346982E-1,5.103029609E-1,2.178974301E-1
2.381550217E1,-4.841729999E-1,5.232845545E-1,2.251934260E-1
2.382544217E1,-4.934344292E-1,5.387918353E-1,2.263359725E-1
2.383538117E1,-5.024095178E-1,5.601903200E-1,2.266350389E-1
2.384532117E1,-5.149938464E-1,5.729840994E-1,2.265791446E-1
2.385526117E1,-5.260936618E-1,5.869257450E-1,2.282960862E-1
2.386520017E1,-5.417439938E-1,6.036543846E-1,2.261495292E-1
2.387514017E1,-5.537708402E-1,6.175917983E-1,2.236802429E-1
2.388507917E1,-5.710602403E-1,6.289438605E-1,2.213664204E-1
2.389501917E1,-5.905508399E-1,6.357301474E-1,2.237792462E-1
2.390495817E1,-6.071941257E-1,6.395785213E-1,2.237260342E-1
2.391489817E1,-6.217259169E-1,6.508516669E-1,2.220548987E-1
2.392483817E1,-6.395537853E-1,6.599574685E-1,2.203341275E-1
2.393477717E1,-6.542943716E-1,6.700530052E-1,2.186307758E-1
2.394471717E1,-6.689846516E-1,6.840926409E-1,2.145177871E-1
2.395465617E1,-6.877660751E-1,7.038583755E-1,2.154168785E-1
2.396459617E1,-7.135289311E-1,7.273327708E-1,2.130486965E-1
2.397453617E1,-7.261432409E-1,7.430678010E-1,2.095069587E-1
2.398447517E1,-7.349150181E-1,7.478477955E-1,2.105211616E-1
2.399441517E1,-7.397569418E-1,7.539077997E-1,2.070539892E-1
2.400435417E1,-7.386939526E-1,7.538091540E-1,2.028636187E-1
2.401429417E1,-7.347623110E-1,7.588779330E-1,2.027685493E-1
2.402423317E1,-7.364096045E-1,7.647857666E-1,2.001533955E-1
2.403417317E1,-7.462952733E-1,7.805732489E-1,2.029278725E-1
2.404411317E1,-7.596235871E-1,8.051257133E-1,2.041531950E-1
2.405405217E1,-7.807248831E-1,8.355952501E-1,2.119296342E-1
2.406399217E1,-8.026552796E-1,8.640904427E-1,2.154809386E-1
2.407393117E1,-8.197136521E-1,8.775681853E-1,2.146841288E-1
2.408387117E1,-8.255189657E-1,8.756070733E-1,2.201186270E-1
2.409381017E1,-8.249757290E-1,8.569183350E-1,2.224153429E-1
2.410375017E1,-8.275489807E-1,8.407077789E-1,2.289076895E-1
2.411369017E1,-8.414112926E-1,8.342536092E-1,2.341783494E-1
2.412362917E1,-8.604196906E-1,8.355707526E-1,2.377525270E-1
2.413356917E1,-8.730918169E-1,8.457850218E-1,2.422133237E-1
2.414350817E1,-8.880357146E-1,8.623236418E-1,2.433809936E-1
2.415344817E1,-9.015262127E-1,8.829882145E-1,2.443900704E-1
2.416338717E1,-9.151735306E-1,8.967913985E-1,2.381708473E-1
2.417332717E1,-9.278310537E-1,9.060671926E-1,2.357039601E-1
2.418326717E1,-9.331233501E-1,8.961530328E-1,2.357105315E-1
2.419320617E1,-9.329544902E-1,8.726372719E-1,2.439072132E-1
2.420314617E1,-9.277459979E-1,8.504481912E-1,2.449784577E-1
2.421308517E1,-9.255046844E-1,8.287039995E-1,2.421259582E-1
2.422302517E1,-9.134188890E-1,8.149204254E-1,2.400228828E-1
2.423296417E1,-9.079149365E-1,8.100252748E-1,2.391307205E-1
2.424290417E1,-9.062587023E-1,8.110452890E-1,2.441108376E-1
2.425284417E1,-9.059761167E-1,8.210270405E-1,2.470775992E-1
2.426278317E1,-9.084019661E-1,8.286587000E-1,2.559706867E-1
2.427272317E1,-9.086996913E-1,8.227395415E-1,2.668374479E-1
2.428266217E1,-9.048238397E-1,8.140960932E-1,2.696367502E-1
2.429260217E1,-8.959826827E-1,7.891082168E-1,2.703337073E-1
2.430254217E1,-8.854817748E-1,7.557748556E-1,2.656652629E-1
2.431248117E1,-8.709099889E-1,7.234214544E-1,2.653326392E-1
2.432242117E1,-8.550116420E-1,6.967627406E-1,2.655748129E-1
2.433236017E1,-8.406990170E-1,6.814163327E-1,2.675503492E-1
2.434230017E1,-8.278644681E-1,6.776215434E-1,2.702614963E-1
2.435223917E1,-8.138809800E-1,6.783099174E-1,2.755550742E-1
2.436217917E1,-8.032972813E-1,6.757677794E-1,2.834590375E-1
2.437211917E1,-7.849488854E-1,6.665402055E-1,2.886420786E-1
2.438205817E1,-7.630476356E-1,6.600733995E-1,2.947870791E-1
2.439199817E1,-7.380903363E-1,6.435961723E-1,2.951146364E-1
2.440193717E1,-7.110664248E-1,6.265184283E-1,2.899058461E-1
2.441187717E1,-6.936160922E-1,6.151954532E-1,2.920340002E-1
2.442181617E1,-6.741034985E-1,6.102482677E-1,2.924939096E-1
2.443175617E1,-6.631861329E-1,6.030507684E-1,2.944095433E-1
2.444169617E1,-6.466683149E-1,5.945559144E-1,2.997327447E-1
2.445163517E1,-6.273609400E-1,5.849123597E-1,3.054561317E-1
2.446157517E1,-6.068013906E-1,5.688894391E-1,3.121452630E-1
2.447151417E1,-5.862976909E-1,5.559056997E-1,3.138379753E-1
2.448145417E1,-5.651456714E-1,5.395095348E-1,3.124510050E-1
2.449139317E1,-5.487658978E-1,5.277228951E-1,3.099856973E-1
2.450133317E1,-5.292367935E-1,5.145045519E-1,3.180643320E-1
2.451127317E1,-5.123243928E-1,5.036273599E-1,3.247384727E-1
2.452121204E1,-4.920846522E-1,4.942633510E-1,3.257495165E-1
2.453115204E1,-4.740476012E-1,4.852669537E-1,3.256459236E-1
2.454109104E1,-4.553045332E-1,4.733900130E-1,3.220878839E-1
2.455103104E1,-4.378384650E-1,4.655890763E-1,3.231733739E-1
2.456097004E1,-4.274552166E-1,4.607393742E-1,3.218072951E-1
2.457091004E1,-4.261598587E-1,4.582770169E-1,3.218989074E-1
2.458085004E1,-4.199363589E-1,4.558078945E-1,3.277284801E-1
2.459078904E1,-4.106035531E-1,4.509697258E-1,3.299730122E-1
2.460072904E1,-4.024393559E-1,4.453307986E-1,3.303110600E-1
2.461066804E1,-3.936825991E-1,4.353868365E-1,3.300205171E-1
2.462060804E1,-3.850777745E-1,4.221500754E-1,3.296797872E-1
2.463054804E1,-3.764992058E-1,4.038954377E-1,3.283500671E-1
2.464048704E1,-3.760802448E-1,3.904086351E-1,3.302614391E-1
2.465042704E1,-3.687696159E-1,3.823139369E-1,3.321877122E-1
2.466036604E1,-3.609117568E-1,3.775939643E-1,3.310887218E-1
2.467030604E1,-3.549215198E-1,3.704881072E-1,3.261850476E-1
2.468024504E1,-3.501633406E-1,3.624351323E-1,3.242762089E-1
2.469018504E1,-3.476234972E-1,3.580986857E-1,3.229699135E-1
2.470012504E1,-3.483272195E-1,3.505235016E-1,3.277136087E-1
2.471006404E1,-3.462789953E-1,3.405116200E-1,3.216993809E-1
2.472000404E1,-3.410706520E-1,3.271707892E-1,3.190809786E-1
2.472994304E1,-3.336012661E-1,3.079161346E-1,3.091622889E-1
2.473988304E1,-3.279451728E-1,2.914874256E-1,2.985017002E-1
2.474982204E1,-3.189530075E-1,2.753193676E-1,2.903625667E-1
2.475976204E1,-3.119163811E-1,2.617223561E-1,2.803443074E-1
2.476970204E1,-3.070744872E-1,2.514303029E-1,2.711721063E-1
2.477964104E1,-3.067995310E-1,2.421700656E-1,2.628434896E-1
2.478958104E1,-2.995232344E-1,2.313507050E-1,2.543048859E-1
2.479952004E1,-2.977010906E-1,2.224989235E-1,2.451123148E-1
2.480946004E1,-2.877704203E-1,2.152777612E-1,2.385505587E-1
2.481939904E1,-2.739567459E-1,2.070146501E-1,2.224630117E-1
2.482933904E1,-2.630737126E-1,1.981436610E-1,2.125286162E-1
2.483927904E1,-2.522101104E-1,1.878391355E-1,1.979943216E-1
2.484921804E1,-2.417284697E-1,1.797668189E-1,1.864013374E-1
2.485915804E1,-2.354944348E-1,1.759370267E-1,1.785214096E-1
2.486909704E1,-2.274314463E-1,1.666993201E-1,1.768002063E-1
2.487903704E1,-2.199718952E-1,1.561202407E-1,1.652359217E-1
2.488897704E1,-2.088414878E-1,1.467424631E-1,1.584677696E-1
2.489891604E1,-1.939177513E-1,1.315061003E-1,1.492006630E-1
2.490885604E1,-1.790394634E-1,1.235475093E-1,1.410279423E-1
2.491879504E1,-1.586699784E-1,1.234516948E-1,1.315532327E-1
2.492873504E1,-1.407389045E-1,1.243174821E-1,1.238716096E-1
2.493867404E1,-1.245724410E-1,1.281924099E-1,1.147394925E-1
2.494861404E1,-1.135176569E-1,1.278808266E-1,1.111085415E-1
2.495855404E1,-1.039230973E-1,1.318110973E-1,1.058796048E-1
2.496849304E1,-8.800432086E-2,1.271100938E-1,1.001098678E-1
2.497843304E1,-7.628598064E-2,1.255837381E-1,9.425937384E-2
2.498837204E1,-6.128040329E-2,1.180299595E-1,9.433820099E-2
2.499831204E1,-5.267787352E-2,1.125456765E-1,9.219475091E-2
2.500825104E1,-4.356000945E-2,1.095991507E-1,9.720149636E-2
2.501819104E1,-3.829494864E-2,1.099725142E-1,9.587120265E-2
2.502813104E1,-3.036964871E-2,1.102630645E-1,9.695270658E-2
2.503807004E1,-2.491189539E-2,1.116866618E-1,9.396892786E-2
2.504801004E1,-2.176403999E-2,1.170010045E-1,9.345040470E-2
2.505794904E1,-2.753544226E-2,1.190755144E-1,9.136287123E-2
2.506788904E1,-2.937089279E-2,1.219927445E-1,9.344705939E-2
2.507782804E1,-3.578078747E-2,1.200665608E-1,9.418916702E-2
2.508776804E1,-4.371967167E-2,1.259313673E-1,9.243574739E-2
2.509770804E1,-5.163575709E-2,1.265829653E-1,8.787049353E-2
2.510764704E1,-5.841962993E-2,1.240670905E-1,8.398228139E-2
2.511758704E1,-6.052819639E-2,1.210532933E-1,8.172486722E-2
2.512752604E1,-6.049250811E-2,1.212418377E-1,7.503233850E-2
2.513746604E1,-5.813335255E-2,1.211658046E-1,6.990094483E-2
2.514740504E1,-5.433728546E-2,1.181527004E-1,6.066909432E-2
2.515734504E1,-5.345046520E-2,1.097418815E-1,4.769807309E-2
2.516728504E1,-5.663720518E-2,1.026786491E-1,3.907422721E-2
2.517722404E1,-5.753046274E-2,9.068238735E-2,3.286190704E-2
2.518716404E1,-5.679303408E-2,8.157358319E-2,3.071699664E-2
2.519710304E1,-5.583742633E-2,7.303585857E-2,2.628889121E-2
2.520704304E1,-4.815394059E-2,6.710340083E-2,2.496955916E-2
2.521698304E1,-4.297216237E-2,6.068547443E-2,2.136075497E-2
2.522692204E1,-3.425004333E-2,5.683960393E-2,1.464799233E-2
2.523686204E1,-2.535049617E-2,4.660383239E-2,1.135248132E-2
2.524680104E1,-1.757540181E-2,4.049933702E-2,9.519161656E-3
2.525674104E1,-1.233910583E-2,2.905917168E-2,1.353431679E-2
2.526668004E1,-1.092470065E-2,2.485910058E-2,1.398758590E-2
2.527662004E1,-9.868239053E-3,2.032531425E-2,1.574145257E-2
2.528656004E1,-1.046079118E-2,2.048297226E-2,1.911514439E-2
2.529649904E1,-1.417831797E-2,1.987787336E-2,2.754976787E-2
2.530643904E1,-1.230478566E-2,1.986775175E-2,3.203959018E-2
2.531637804E1,-1.172526088E-2,1.736520976E-2,3.889098018E-2
2.532631804E1,-1.051219087E-2,1.026335824E-2,3.784089535E-2
2.533625704E1,-7.441730704E-3,1.083948836E-2,3.670458496E-2
2.534619704E1,-5.348751787E-3,1.097291335E-2,3.823243827E-2
2.535613704E1,-5.608914886E-3,1.779996604E-2,3.839640692E-2
2.536607604E1,-6.776710507E-3,2.169696987E-2,4.562848806E-2
2.537601604E1,-1.031143032E-2,2.761485986E-2,5.028796569E-2
2.538595504E1,-1.697918586E-2,3.142211586E-2,5.375060812E-2
2.539589504E1,-2.611779422E-2,2.887830138E-2,5.450633168E-2
2.540583504E1,-3.486761078E-2,2.359325811E-2,5.201254785E-2
2.541577404E1,-4.081559554E-2,2.483798005E-2,5.206700414E-2
2.542571404E1,-4.235596582E-2,2.067572623E-2,5.423774570E-2
2.543565304E1,-4.261189699E-2,1.788899489E-2,5.429686606E-2
2.544559304E1,-4.181747511E-2,1.571798697E-2,5.178896710E-2
2.545553204E1,-4.613791779E-2,2.183234878E-2,5.022254586E-2
2.546547204E1,-4.334905371E-2,2.331040241E-2,4.454069212E-2
2.547541204E1,-4.396094382E-2,2.516244724E-2,4.159502685E-2
2.548535104E1,-3.753712773E-2,2.443647012E-2,3.725434095E-2
2.549529104E1,-3.151704744E-2,2.606873214E-2,3.256243095E-2
2.550523004E1,-2.809728310E-2,2.213071659E-2,2.942762151E-2
2.551517000E1,-3.129030019E-2,1.773153432E-2,2.641968429E-2
2.552510900E1,-2.827800252E-2,1.508328691E-2,2.590569481E-2
2.553504900E1,-2.759213559E-2,1.593505219E-2,2.280823141E-2
2.554498900E1,-2.935860865E-2,1.475793496E-2,1.992003247E-2
2.555492800E1,-2.273990028E-2,1.437527034E-2,1.404763572E-2
2.556486800E1,-2.124160528E-2,1.515158173E-2,1.335787773E-2
2.557480700E1,-1.863855869E-2,1.753671840E-2,1.420587301E-2
2.558474700E1,-1.568378136E-2,2.209258825E-2,1.210410707E-2
2.559468700E1,-1.679368690E-2,1.653865352E-2,1.415266842E-2
2.560462600E1,-1.903926395E-2,1.600548811E-2,1.435213909E-2
2.561456600E1,-1.789612137E-2,1.132003497E-2,1.374562178E-2
2.562450500E1,-2.203067765E-2,9.459017776E-3,1.252243109E-2
2.563444500E1,-1.379916072E-2,5.416867323E-3,1.227320638E-2
2.564438400E1,-1.251924597E-2,6.642986089E-3,9.615904652E-3
2.565432400E1,-1.369608194E-2,6.507201120E-3,4.143779632E-3
2.566426400E1,-9.821981192E-3,1.249665022E-2,-1.736746170E-3
2.567420300E1,-2.770197112E-3,1.507592201E-2,-7.322193123E-3
2.568414300E1,-4.298052285E-3,1.279971935E-2,-1.064741705E-2
2.569408200E1,-1.073747501E-2,1.565895602E-2,-1.209936198E-2
2.570402200E1,-1.155905984E-2,1.297182683E-2,-8.521937765E-3
2.571396100E1,-1.748857647E-2,1.036115270E-2,-4.604867660E-3
2.572390100E1,-2.027956955E-2,5.878785625E-3,1.331850886E-3
2.573384100E1,-2.284245752E-2,7.159107365E-3,3.611807711E-3
2.574378000E1,-2.088343538E-2,3.188068047E-3,4.754836205E-3
2.575372000E1,-2.097002044E-2,9.000897408E-4,9.890243411E-3
2.576365900E1,-1.828741841E-2,-4.757263698E-3,1.033978537E-2
2.577359900E1,-2.522625029E-2,-6.568677258E-3,1.151052304E-2
2.578353800E1,-2.581134439E-2,-6.655229721E-3,7.969317958E-3
2.579347800E1,-2.305535972E-2,-5.007102154E-3,5.658875220E-3
2.580341800E1,-1.932800002E-2,5.201859400E-3,4.628231749E-3
2.581335700E1,-2.057627030E-2,3.963662311E-3,-1.438288018E-3
2.582329700E1,-2.298882790E-2,-1.766394824E-3,-1.998084597E-3
2.583323600E1,-2.102179267E-2,-6.387201138E-3,-4.460523836E-3
2.584317600E1,-1.884332672E-2,-8.674057201E-3,-2.217609435E-3
2.585311600E1,-1.871630549E-2,-1.487072371E-2,5.716932938E-4
2.586305500E1,-1.850485057E-2,-1.910328493E-2,5.143275019E-3
2.587299500E1,-1.813743636E-2,-8.876814507E-3,9.572100826E-3
2.588293400E1,-2.065545507E-2,-3.437041771E-3,1.346724015E-2
2.589287400E1,-2.863860130E-2,-1.410745550E-3,2.392292395E-2
2.590281300E1,-2.906816825E-2,6.353612989E-4,2.713230066E-2
2.591275300E1,-2.951281518E-2,-8.135754615E-4,2.917873114E-2
2.592269300E1,-2.990802750E-2,-6.289034616E-3,3.031643294E-2
2.593263200E1,-2.764357440E-2,-1.244523376E-2,3.183318675E-2
2.594257200E1,-2.948195301E-2,-1.682693139E-2,3.435226902E-2
2.595251100E1,-2.842295170E-2,-1.804945990E-2,3.131650761E-2
2.596245100E1,-2.807221189E-2,-1.812163182E-2,3.112263232E-2
2.597239000E1,-2.670396492E-2,-1.471845340E-2,2.981265634E-2
2.598233000E1,-2.584642544E-2,-7.826725021E-3,3.031572700E-2
2.599227000E1,-2.275525965E-2,-4.491063766E-3,2.737662941E-2
2.600220900E1,-2.547381632E-2,-5.106520839E-3,2.538485080E-2
2.601214900E1,-2.133443952E-2,-5.217528902E-3,2.300630137E-2
2.602208800E1,-2.432463691E-2,-9.001880884E-3,2.275383472E-2
2.603202800E1,-1.935737394E-2,-1.499596518E-2,1.937115565E-2
2.604196800E1,-2.018082328E-2,-1.740852371E-2,1.585418545E-2
2.605190700E1,-1.968915015E-2,-2.268123068E-2,1.163504273E-2
2.606184700E1,-1.434471924E-2,-1.944069564E-2,8.274933323E-3
2.607178600E1,-9.276347235E-3,-1.751407236E-2,5.811878480E-3
2.608172600E1,-1.105746813E-2,-1.311133429E-2,5.779920612E-3
2.609166500E1,-1.565978304E-2,-1.570134051E-2,6.404374260E-3
2.610160500E1,-2.002044395E-2,-1.159661077E-2,7.183348760E-3
2.611154500E1,-2.271141484E-2,-1.061479375E-2,1.235004421E-2
2.612148400E1,-2.250555344E-2,-1.128218137E-2,1.153831277E-2
2.613142400E1,-2.194222435E-2,-8.577194996E-3,1.190081425E-2
2.614136300E1,-1.945989206E-2,-1.309551392E-2,1.076604147E-2
2.615130300E1,-1.891708374E-2,-1.066767611E-2,9.889746085E-3
2.616124200E1,-2.145081572E-2,-1.103519183E-2,1.049082167E-2
2.617118200E1,-1.948436536E-2,-1.685558818E-2,1.297851466E-2
2.618112200E1,-1.928968914E-2,-1.503478549E-2,1.537695713E-2
2.619106100E1,-2.261431143E-2,-1.870525628E-2,1.823007502E-2
2.620100100E1,-2.056713775E-2,-1.979768649E-2,1.632644795E-2
2.621094000E1,-1.832172647E-2,-2.056942321E-2,2.058773488E-2
2.622088000E1,-1.547933556E-2,-1.771824434E-2,1.833310165E-2
2.623081900E1,-1.178113837E-2,-1.795433834E-2,1.834293455E-2
2.624075900E1,-1.073078718E-2,-1.698681340E-2,1.981166750E-2
2.625069900E1,-1.222671382E-2,-1.430613361E-2,1.871341281E-2
2.626063800E1,-1.522862911E-2,-1.464621909E-2,2.040904760E-2
2.627057800E1,-1.944558695E-2,-1.880802214E-2,1.816421002E-2
2.628051700E1,-2.016969956E-2,-1.994785480E-2,2.238265797E-2
2.629045700E1,-1.929525658E-2,-2.050700411E-2,1.602828689E-2
2.630039700E1,-1.761160791E-2,-1.916663349E-2,1.508606039E-2
2.631033600E1,-1.087927725E-2,-2.072739601E-2,1.394695602E-2
2.632027600E1,-1.104173157E-2,-1.642692462E-2,9.152732790E-3
2.633021500E1,-7.340969983E-3,-1.320575736E-2,8.884299546E-3
2.634015500E1,-8.175870404E-3,-1.164248213E-2,8.268576115E-3
2.635009400E1,-8.104939945E-3,-7.535845041E-3,1.509133726E-4
2.636003400E1,-1.102855802E-2,-1.125734672E-2,-3.915467300E-3
2.636997400E1,-7.443115115E-3,-1.379874256E-2,-6.628728472E-3
2.637991300E1,-7.082522847E-3,-1.122053619E-2,-1.076621655E-2
2.638985300E1,-7.432875689E-3,-9.328522719E-3,-1.535629109E-2
2.639979200E1,-3.121749964E-3,-6.719158031E-3,-1.827351749E-2
2.640973200E1,-2.846755087E-3,-2.790007275E-3,-2.330801636E-2
2.641967200E1,2.553603146E-3,-8.110124618E-4,-2.597304061E-2
2.642961100E1,1.260779798E-3,-6.735292263E-4,-2.665648796E-2
2.643955100E1,1.901269890E-3,-7.703742012E-3,-2.710256912E-2
2.644949000E1,2.452326007E-4,-1.286155917E-2,-2.426040918E-2
2.645943000E1,6.134813651E-3,-1.935674250E-2,-2.639147267E-2
2.646936900E1,8.956879377E-3,-2.640964463E-2,-2.741857059E-2
2.647930900E1,1.537722908E-2,-2.543466166E-2,-3.821955621E-2
2.648924900E1,1.934145018E-2,-3.960179538E-2,-4.620019346E-2
2.649918800E1,2.591253258E-2,-4.667381942E-2,-6.296372414E-2
2.650912800E1,3.188935295E-2,-5.589271337E-2,-7.566683739E-2
2.651906725E1,3.837655112E-2,-6.447927654E-2,-8.973152190E-2
2.652900725E1,4.458227754E-2,-7.054722309E-2,-1.116224751E-1
2.653894725E1,5.301117897E-2,-8.222359419E-2,-1.287295669E-1
2.654888625E1,6.533894688E-2,-9.329622984E-2,-1.605381370E-1
2.655882625E1,6.934593618E-2,-1.060839295E-1,-1.868847907E-1
2.656876525E1,8.258727938E-2,-1.265579611E-1,-2.099828571E-1
2.657870525E1,9.242127091E-2,-1.352960616E-1,-2.385103703E-1
2.658864425E1,1.051581502E-1,-1.486796737E-1,-2.682896852E-1
2.659858425E1,1.223232895E-1,-1.560345292E-1,-2.999597192E-1
2.660852425E1,1.368582845E-1,-1.544632912E-1,-3.308348954E-1
2.661846325E1,1.557352990E-1,-1.542164087E-1,-3.569530547E-1
2.662840325E1,1.677177548E-1,-1.550845653E-1,-3.807048202E-1
2.663834225E1,1.768673062E-1,-1.552518010E-1,-4.018596411E-1
2.664828225E1,1.825193465E-1,-1.662461013E-1,-4.189639688E-1
2.665822125E1,1.841302961E-1,-1.774063557E-1,-4.366231263E-1
2.666816125E1,1.882543564E-1,-1.912284940E-1,-4.497002959E-1
2.667810125E1,1.947679222E-1,-2.031946033E-1,-4.661477208E-1
2.668804025E1,2.012680918E-1,-2.127006352E-1,-4.807719588E-1
2.669798025E1,2.073906958E-1,-2.255061716E-1,-4.937966764E-1
2.670791925E1,2.072751671E-1,-2.292795181E-1,-5.134858489E-1
2.671785925E1,2.052010894E-1,-2.412139475E-1,-5.337426662E-1
2.672779925E1,2.042894065E-1,-2.434718162E-1,-5.495578051E-1
2.673773825E1,2.020478249E-1,-2.502453029E-1,-5.696564317E-1
2.674767825E1,2.049525082E-1,-2.526925504E-1,-5.936927199E-1
2.675761725E1,2.063392103E-1,-2.552875280E-1,-6.242836714E-1
2.676755725E1,2.123726904E-1,-2.541593611E-1,-6.579605341E-1
2.677749625E1,2.139133364E-1,-2.615283430E-1,-6.931901574E-1
2.678743625E1,2.189626843E-1,-2.676107287E-1,-7.292383909E-1
2.679737625E1,2.207134515E-1,-2.801440954E-1,-7.643924356E-1
2.680731525E1,2.170169652E-1,-2.973340154E-1,-8.036094308E-1
2.681725525E1,2.113140672E-1,-3.150738776E-1,-8.417054415E-1
2.682719425E1,2.076104283E-1,-3.220699728E-1,-8.830559254E-1
2.683713425E1,2.132403553E-1,-3.194997609E-1,-9.265128970E-1
2.684707425E1,2.291371673E-1,-3.021323085E-1,-9.735329747E-1
2.685701325E1,2.579983771E-1,-2.847823501E-1,-1.025328040E0
2.686695325E1,2.763361931E-1,-2.670493722E-1,-1.064373374E0
2.687689225E1,2.901654541E-1,-2.569352090E-1,-1.090854764E0
2.688683225E1,2.921375632E-1,-2.512141764E-1,-1.098177075E0
2.689677125E1,2.875052691E-1,-2.461970448E-1,-1.097908616E0
2.690671125E1,2.823316455E-1,-2.466267794E-1,-1.097889781E0
2.691665125E1,2.802429497E-1,-2.548309267E-1,-1.109758139E0
2.692659025E1,2.835367620E-1,-2.631319165E-1,-1.134101629E0
2.693653025E1,2.970645726E-1,-2.709919810E-1,-1.165103436E0
2.694646925E1,3.273276687E-1,-2.749853730E-1,-1.202293396E0
2.695640925E1,3.672465980E-1,-2.751505077E-1,-1.238151431E0
2.696634825E1,4.052291811E-1,-2.813348472E-1,-1.265218973E0
2.697628825E1,4.393272400E-1,-2.845104039E-1,-1.288368583E0
2.698622825E1,4.612862766E-1,-2.882476449E-1,-1.305886388E0
2.699616725E1,4.715887010E-1,-2.895741761E-1,-1.315533519E0
2.700610725E1,4.862840474E-1,-2.897839844E-1,-1.326481462E0
2.701604625E1,4.982775748E-1,-2.827433944E-1,-1.338546395E0
2.702598625E1,5.205208063E-1,-2.736151814E-1,-1.352772117E0
2.703592625E1,5.437701941E-1,-2.595704794E-1,-1.367299080E0
2.704586525E1,5.685216784E-1,-2.488900572E-1,-1.382165909E0
2.705580525E1,6.079694629E-1,-2.379511148E-1,-1.397125125E0
2.706574425E1,6.498665810E-1,-2.265928239E-1,-1.407782674E0
2.707568425E1,6.864134073E-1,-2.223983407E-1,-1.415329099E0
2.708562325E1,7.103163004E-1,-2.453644127E-1,-1.412719846E0
2.709556325E1,7.202357650E-1,-2.847799957E-1,-1.398622870E0
2.710550325E1,7.231339812E-1,-3.274025917E-1,-1.372144341E0
2.711544225E1,7.237164378E-1,-3.811784685E-1,-1.340601087E0
2.712538225E1,7.312211990E-1,-4.304882884E-1,-1.309372425E0
2.713532125E1,7.380043268E-1,-4.798398614E-1,-1.283101678E0
2.714526125E1,7.436777949E-1,-5.139960051E-1,-1.263532996E0
2.715520025E1,7.436104417E-1,-5.372206569E-1,-1.251506925E0
2.716514025E1,7.379803061E-1,-5.374451280E-1,-1.238732100E0
2.717508025E1,7.349461317E-1,-5.204442739E-1,-1.226211429E0
2.718501925E1,7.269102335E-1,-4.845537543E-1,-1.216059089E0
2.719495925E1,7.272668481E-1,-4.314716458E-1,-1.208731413E0
2.720489825E1,7.238227725E-1,-3.831954002E-1,-1.200364113E0
2.721483825E1,7.248355746E-1,-3.459700048E-1,-1.194519520E0
2.722477825E1,7.214701772E-1,-3.219883144E-1,-1.182868004E0
2.723471725E1,7.139241099E-1,-3.020684123E-1,-1.154738307E0
2.724465725E1,7.188009024E-1,-2.872122824E-1,-1.125624657E0
2.725459625E1,7.251312137E-1,-2.857869565E-1,-1.088098884E0
2.726453625E1,7.418310642E-1,-2.917751074E-1,-1.047305465E0
2.727447525E1,7.585804462E-1,-3.029747605E-1,-1.014665246E0
2.728441525E1,7.765496373E-1,-3.173432350E-1,-9.808380604E-1
2.729435525E1,7.867836356E-1,-3.334004879E-1,-9.529212117E-1
2.730429425E1,7.923570275E-1,-3.442435563E-1,-9.171507359E-1
2.731423425E1,8.028815985E-1,-3.351832330E-1,-8.849376440E-1
2.732417325E1,8.110118508E-1,-3.162126839E-1,-8.514620662E-1
2.733411325E1,8.142257333E-1,-2.900990546E-1,-8.178079128E-1
2.734405325E1,8.159194589E-1,-2.612902820E-1,-7.834147215E-1
2.735399225E1,8.305876255E-1,-2.425730675E-1,-7.529793382E-1
2.736393225E1,8.427263498E-1,-2.208454013E-1,-7.211812735E-1
2.737387125E1,8.503549695E-1,-2.060270458E-1,-6.972935200E-1
2.738381125E1,8.536180258E-1,-2.052106112E-1,-6.767968535E-1
2.739375025E1,8.535637259E-1,-2.120000720E-1,-6.585211754E-1
2.740369025E1,8.560079932E-1,-2.287965566E-1,-6.418646574E-1
2.741363025E1,8.546207547E-1,-2.453787327E-1,-6.203956008E-1
2.742356925E1,8.517425656E-1,-2.631813884E-1,-5.988640189E-1
2.743350925E1,8.476678729E-1,-2.755131423E-1,-5.784043074E-1
2.744344825E1,8.411128521E-1,-2.757914066E-1,-5.604087710E-1
2.745338825E1,8.340908885E-1,-2.652948201E-1,-5.460996628E-1
2.746332825E1,8.377189040E-1,-2.436033487E-1,-5.401772261E-1
2.747326725E1,8.376698494E-1,-2.436209321E-1,-5.393891931E-1
2.748320725E1,8.277924657E-1,-2.497105449E-1,-5.306616426E-1
2.749314625E1,8.108193278E-1,-2.513707578E-1,-5.112215877E-1
2.750308625E1,7.941988111E-1,-2.427850217E-1,-4.796233177E-1
2.751302525E1,7.749105692E-1,-2.406893820E-1,-4.533096850E-1
2.752296513E1,7.608504891E-1,-2.322124392E-1,-4.407074749E-1
2.753290513E1,7.507560253E-1,-2.222002745E-1,-4.408070743E-1
2.754284413E1,7.393612266E-1,-2.047287971E-1,-4.485259354E-1
2.755278413E1,7.291085720E-1,-1.964370459E-1,-4.576563239E-1
2.756272313E1,7.233902216E-1,-2.018071413E-1,-4.636104107E-1
2.757266312E1,7.187347412E-1,-2.212468833E-1,-4.688288867E-1
2.758260313E1,7.127748132E-1,-2.405317128E-1,-4.622322917E-1
2.759254212E1,7.049989104E-1,-2.531127334E-1,-4.517721832E-1
2.760248213E1,6.955611706E-1,-2.664202750E-1,-4.400552511E-1
2.761242112E1,6.854758263E-1,-2.795035839E-1,-4.337885678E-1
2.762236113E1,6.796270609E-1,-2.871814072E-1,-4.251220524E-1
2.763230012E1,6.798790097E-1,-2.885715663E-1,-4.245910347E-1
2.764224013E1,6.791891456E-1,-2.812511623E-1,-4.233540893E-1
2.765218013E1,6.789981723E-1,-2.778955996E-1,-4.274268746E-1
2.766211913E1,6.827461720E-1,-2.691224217E-1,-4.288949966E-1
2.767205913E1,6.877276301E-1,-2.604123056E-1,-4.359273314E-1
2.768199813E1,7.016561031E-1,-2.458971739E-1,-4.436420798E-1
2.769193813E1,7.052375078E-1,-2.191297412E-1,-4.537277520E-1
2.770187813E1,7.210369110E-1,-1.993947029E-1,-4.596646428E-1
2.771181713E1,7.276721597E-1,-1.859185696E-1,-4.599498510E-1
2.772175713E1,7.314924002E-1,-1.820802689E-1,-4.552860856E-1
2.773169613E1,7.419929504E-1,-1.769049466E-1,-4.456113577E-1
2.774163613E1,7.491054535E-1,-1.788389385E-1,-4.410612881E-1
2.775157513E1,7.561524510E-1,-1.857293248E-1,-4.390423298E-1
2.776151513E1,7.667942643E-1,-1.935107112E-1,-4.348072410E-1
2.777145513E1,7.713394761E-1,-1.966476440E-1,-4.352847338E-1
2.778139413E1,7.713055015E-1,-1.976955235E-1,-4.297935069E-1
2.779133413E1,7.653765082E-1,-1.851275265E-1,-4.196687043E-1
2.780127313E1,7.553308010E-1,-1.690444052E-1,-4.167169929E-1
2.781121313E1,7.457751036E-1,-1.488019973E-1,-4.091293812E-1
2.782115312E1,7.363929152E-1,-1.309885681E-1,-4.016794264E-1
2.783109213E1,7.281475067E-1,-1.083564833E-1,-3.942286968E-1
2.784103212E1,7.175791860E-1,-8.997729421E-2,-3.823385537E-1
2.785097113E1,7.087888718E-1,-7.680290192E-2,-3.687095642E-1
2.786091112E1,6.920758486E-1,-6.690768898E-2,-3.575699627E-1
2.787085013E1,6.796702743E-1,-6.127323955E-2,-3.533267379E-1
2.788079012E1,6.722088456E-1,-5.822642893E-2,-3.498975337E-1
2.789073013E1,6.665509939E-1,-5.864880607E-2,-3.468431532E-1
2.790066913E1,6.557088494E-1,-6.119231880E-2,-3.508475125E-1
2.791060913E1,6.470538378E-1,-6.564113498E-2,-3.529694974E-1
2.792054813E1,6.361597180E-1,-7.203318179E-2,-3.571362495E-1
2.793048813E1,6.238662601E-1,-6.637796015E-2,-3.532989025E-1
2.794042813E1,6.110345125E-1,-6.089590862E-2,-3.446545899E-1
2.795036713E1,5.999166369E-1,-5.633657798E-2,-3.319931030E-1
2.796030713E1,5.879081488E-1,-4.909707978E-2,-3.227595091E-1
2.797024613E1,5.773404241E-1,-4.176379740E-2,-3.182715476E-1
2.798018613E1,5.676876903E-1,-3.148839623E-2,-3.196196854E-1
2.799012513E1,5.570065379E-1,-2.485792525E-2,-3.267199397E-1
2.800006513E1,5.409791470E-1,-2.455242351E-2,-3.359444439E-1
2.801000513E1,5.222011805E-1,-2.503259107E-2,-3.484618366E-1
2.801994413E1,4.958225191E-1,-1.691379398E-2,-3.554810584E-1
2.802988413E1,4.717834890E-1,-1.396487653E-2,-3.629059792E-1
2.803982313E1,4.374009967E-1,-1.011023764E-2,-3.603749871E-1
2.804976313E1,4.136296213E-1,9.525334463E-4,-3.540292084E-1
2.805970313E1,3.964118063E-1,1.006998960E-2,-3.449909985E-1
2.806964213E1,3.848073483E-1,2.288698405E-2,-3.369610310E-1
2.807958213E1,3.760330379E-1,3.858815879E-2,-3.306659460E-1
2.808952113E1,3.718556166E-1,5.592267588E-2,-3.252892792E-1
2.809946113E1,3.580411077E-1,7.447224110E-2,-3.233028948E-1
2.810940013E1,3.405513167E-1,8.318663388E-2,-3.229311109E-1
2.811934013E1,3.187961280E-1,9.344845265E-2,-3.174266517E-1
2.812928013E1,2.962015867E-1,9.528470784E-2,-3.077324927E-1
2.813921913E1,2.773467898E-1,1.002945080E-1,-3.030038178E-1
2.814915913E1,2.636799812E-1,9.812349826E-2,-2.956199348E-1
2.815909813E1,2.600451708E-1,9.492839128E-2,-2.811540961E-1
2.816903813E1,2.538368106E-1,9.514996409E-2,-2.732189596E-1
2.817897813E1,2.392440140E-1,9.643384814E-2,-2.633677423E-1
2.818891713E1,2.226314843E-1,1.011561677E-1,-2.572656572E-1
2.819885713E1,1.985273957E-1,1.122197211E-1,-2.537508905E-1
2.820879613E1,1.842693537E-1,1.249943823E-1,-2.534382343E-1
2.821873613E1,1.679960191E-1,1.335983425E-1,-2.510258257E-1
2.822867513E1,1.554045975E-1,1.417207122E-1,-2.488393933E-1
2.823861513E1,1.375578046E-1,1.488136202E-1,-2.498760074E-1
2.824855512E1,1.207537949E-1,1.499995142E-1,-2.489114255E-1
2.825849413E1,1.062214077E-1,1.478849798E-1,-2.456378043E-1
2.826843412E1,8.335896581E-2,1.440878510E-1,-2.446681559E-1
2.827837313E1,6.505915523E-2,1.380350739E-1,-2.333377153E-1
2.828831312E1,4.790680110E-2,1.339617819E-1,-2.233045250E-1
2.829825313E1,3.503255919E-2,1.250670999E-1,-2.131061256E-1
2.830819212E1,2.400014922E-2,1.179735139E-1,-2.047680318E-1
2.831813213E1,1.775983907E-2,1.053951532E-1,-1.934803873E-1
2.832807112E1,3.394749016E-3,9.507513046E-2,-1.858871877E-1
2.833801113E1,-5.393723957E-3,8.760169148E-2,-1.750210226E-1
2.834795012E1,-1.389666460E-2,8.428366482E-2,-1.609121263E-1
2.835789013E1,-2.283588052E-2,8.169193566E-2,-1.422019005E-1
2.836783013E1,-3.251327574E-2,8.281046152E-2,-1.317298263E-1
2.837776913E1,-3.869730979E-2,8.280995488E-2,-1.225218102E-1
2.838770913E1,-3.955192119E-2,8.180993795E-2,-1.126215011E-1
2.839764813E1,-3.912419826E-2,7.387507707E-2,-9.978332371E-2
2.840758813E1,-3.980783373E-2,6.801213324E-2,-8.760256320E-2
2.841752813E1,-3.726323321E-2,6.320875138E-2,-7.212681323E-2
2.842746713E1,-3.277207911E-2,5.818096548E-2,-5.878198147E-2
2.843740713E1,-2.705587633E-2,5.348420516E-2,-4.855016619E-2
2.844734613E1,-2.231864631E-2,5.022050068E-2,-4.217614979E-2
2.845728613E1,-2.523543499E-2,4.990671948E-2,-4.061444104E-2
2.846722513E1,-2.661122195E-2,4.778178409E-2,-3.881547600E-2
2.847716513E1,-3.231798112E-2,4.965011775E-2,-3.259515390E-2
2.848710513E1,-3.407167271E-2,5.200435221E-2,-2.997273952E-2
2.849704413E1,-3.551416472E-2,5.179864168E-2,-2.566021308E-2
2.850698413E1,-3.575464711E-2,5.244685709E-2,-2.029793710E-2
2.851692325E1,-3.337713704E-2,5.478226393E-2,-2.095488086E-2
2.852686325E1,-3.007215261E-2,5.219180882E-2,-2.116367221E-2
2.853680325E1,-3.509961814E-2,5.040201917E-2,-1.950565539E-2
2.854674225E1,-3.759979084E-2,4.343838617E-2,-1.962603070E-2
2.855668225E1,-4.620316997E-2,4.151682556E-2,-2.274571732E-2
2.856662125E1,-5.354284123E-2,3.734418750E-2,-2.383948117E-2
2.857656125E1,-6.108079478E-2,3.916162997E-2,-2.535786480E-2
2.858650025E1,-6.451654434E-2,3.708169982E-2,-2.519967034E-2
2.859644025E1,-6.952766329E-2,4.173175618E-2,-2.186682820E-2
2.860638025E1,-7.432481647E-2,3.799587116E-2,-2.545064315E-2
2.861631925E1,-8.812355995E-2,2.420886606E-2,-2.810006030E-2
2.862625925E1,-9.518120438E-2,9.958824143E-3,-3.063032962E-2
2.863619825E1,-9.837330133E-2,-3.137866501E-3,-2.803105116E-2
2.864613825E1,-8.880189806E-2,-6.557631306E-3,-2.954612300E-2
2.865607825E1,-7.079251856E-2,-1.217952743E-2,-2.662928961E-2
2.866601725E1,-5.323323235E-2,-1.321283355E-2,-3.053241782E-2
2.867595725E1,-3.840943426E-2,-1.168595348E-2,-3.575530648E-2
2.868589625E1,-3.081569634E-2,-1.086996030E-2,-4.617226124E-2
2.869583625E1,-2.697354183E-2,-1.183719747E-2,-4.872294143E-2
2.870577525E1,-2.728380263E-2,-1.104783639E-2,-5.273978785E-2
2.871571525E1,-2.823217213E-2,-1.597258821E-2,-5.670404807E-2
2.872565525E1,-2.256869152E-2,-1.680589281E-2,-6.034112349E-2
2.873559425E1,-1.858883537E-2,-1.551526412E-2,-5.924819410E-2
2.874553425E1,-8.596389554E-3,-2.238542214E-2,-5.868307501E-2
2.875547325E1,3.960670903E-3,-2.529921010E-2,-5.918703601E-2
2.876541325E1,1.021057740E-2,-3.180211782E-2,-6.198867783E-2
2.877535325E1,2.025761828E-2,-2.936612442E-2,-6.753125787E-2
2.878529225E1,2.755041793E-2,-3.455476090E-2,-6.640633941E-2
2.879523225E1,3.853451833E-2,-3.290580586E-2,-6.209073588E-2
2.880517125E1,3.578666598E-2,-2.943304367E-2,-6.015861407E-2
2.881511125E1,2.756696939E-2,-2.531135455E-2,-5.491362140E-2
2.882505125E1,2.085100859E-2,-1.451969333E-2,-5.013085157E-2
2.883499025E1,1.069303695E-2,-8.155439049E-3,-4.697591811E-2
2.884493025E1,1.175084431E-2,-3.538050223E-3,-4.342379421E-2
2.885486925E1,7.558471523E-3,-4.832411651E-3,-3.802580014E-2
2.886480925E1,1.630541403E-3,-1.294668298E-3,-3.411894292E-2
2.887474825E1,-6.121774670E-3,4.480028525E-3,-2.973100543E-2
2.888468825E1,-1.269845106E-2,1.038984861E-2,-2.335166931E-2
2.889462825E1,-2.154960297E-2,9.067717940E-3,-1.974763535E-2
2.890456725E1,-2.116663940E-2,1.207655668E-2,-1.864135824E-2
2.891450725E1,-2.649512514E-2,1.405894104E-2,-1.531108748E-2
2.892444625E1,-3.232851252E-2,1.131002512E-2,-1.398323569E-2
2.893438625E1,-3.827624023E-2,8.229254745E-3,-5.389885046E-3
2.894432625E1,-4.234288633E-2,7.176772691E-3,-1.560525037E-3
2.895426525E1,-3.454212472E-2,1.787904650E-3,3.179861233E-4
2.896420525E1,-2.886346914E-2,9.221108630E-4,2.580648288E-4
2.897414425E1,-2.227174118E-2,-1.110032387E-2,2.296738327E-3
2.898408425E1,-2.083416842E-2,-1.623809338E-2,3.910347819E-3
2.899402325E1,-2.032003179E-2,-1.330179628E-2,6.842871197E-3
2.900396325E1,-1.344188582E-2,-1.475641504E-2,1.101391390E-2
2.901390325E1,-1.028644294E-2,-1.103824936E-2,1.674128324E-2
2.902384225E1,-1.006273739E-2,-4.826958757E-3,1.720067859E-2
2.903378225E1,-1.212827861E-2,-1.826588996E-4,1.688407548E-2
2.904372125E1,-1.187448017E-2,8.242784068E-3,1.464009658E-2
2.905366125E1,-1.307525113E-2,5.251407623E-3,1.783400588E-2
2.906360125E1,-1.570112631E-2,5.181366578E-3,2.125963010E-2
2.907354025E1,-1.746324450E-2,1.904625446E-3,1.960727572E-2
2.908348025E1,-2.533794567E-2,-1.067728270E-3,1.851191744E-2
2.909341925E1,-3.463423997E-2,-5.462812260E-4,1.377868000E-2
2.910335925E1,-3.904230520E-2,-1.931923907E-3,1.855852082E-2
2.911329925E1,-4.665591195E-2,-2.910837531E-3,1.953111961E-2
2.912323825E1,-5.414871499E-2,-5.702629220E-3,2.411814779E-2
2.913317825E1,-6.603547931E-2,-1.014533825E-2,2.965955995E-2
2.914311725E1,-7.901360095E-2,-7.782314904E-3,3.709856793E-2
2.915305725E1,-8.421088755E-2,-1.064588409E-2,3.722744063E-2
2.916299625E1,-9.175162762E-2,-8.561694995E-3,3.703755885E-2
2.917293625E1,-9.152553231E-2,-6.956607569E-3,3.429317102E-2
2.918287625E1,-9.219664335E-2,-8.655438200E-3,3.337251768E-2
2.919281525E1,-9.367497265E-2,-1.459536329E-2,2.699792758E-2
2.920275525E1,-8.714064211E-2,-1.888038963E-2,2.174111456E-2
2.921269425E1,-8.021833003E-2,-2.653251216E-2,1.988301426E-2
2.922263425E1,-7.242166251E-2,-2.472262830E-2,1.795089245E-2
2.923257425E1,-6.843774766E-2,-2.887433767E-2,1.439009514E-2
2.924251325E1,-6.665929407E-2,-2.077806368E-2,1.576588489E-2
2.925245325E1,-6.122124195E-2,-1.104219165E-2,1.299919654E-2
2.926239225E1,-5.964411795E-2,1.883992925E-3,1.293874253E-2
2.927233225E1,-5.424430221E-2,5.294675939E-3,1.305769384E-2
2.928227125E1,-5.242296681E-2,1.584319025E-2,1.074180845E-2
2.929221125E1,-4.639107734E-2,1.990989596E-2,9.303931147E-3
2.930215125E1,-3.726308793E-2,1.717615873E-2,9.314850904E-3
2.931209025E1,-2.851140499E-2,8.986151777E-3,9.117556736E-3
2.932203025E1,-2.732177079E-2,-1.259876974E-2,7.594761439E-3
2.933196925E1,-3.713375703E-2,-3.765225783E-2,-4.503922537E-4
2.934190925E1,-4.601832852E-2,-4.911716655E-2,-1.178054512E-2
2.935184925E1,-5.485469103E-2,-4.571283236E-2,-8.957548998E-3
2.936178825E1,-6.443887949E-2,-4.320466891E-2,1.600346155E-2
2.937172825E1,-4.891800135E-2,-3.642964736E-2,3.861612827E-2
2.938166725E1,-2.221261896E-2,-1.471556537E-2,5.481187627E-2
2.939160725E1,-1.823494956E-2,-2.255409211E-2,3.447765857E-2
2.940154625E1,-3.671755269E-2,-3.072014265E-2,-4.244171083E-3
2.941148625E1,-5.962045491E-2,-4.167263955E-2,-2.883783728E-2
2.942142625E1,-8.736340702E-2,-9.345940500E-2,-4.655824602E-2
2.943136525E1,-8.768691868E-2,-1.289298981E-1,-4.620987922E-2
2.944130525E1,-5.266581476E-2,-1.201039106E-1,-4.753780551E-3
2.945124425E1,-2.559641749E-2,-1.064427793E-1,5.081967264E-2
2.946118425E1,-2.031776495E-2,-7.823644578E-2,8.548284322E-2
2.947112425E1,-1.870590635E-2,-2.472466230E-2,8.549493551E-2
2.948106325E1,-1.739536598E-2,3.834298626E-2,5.298838764E-2
2.949100325E1,-1.671916619E-2,9.234687686E-2,2.996554598E-2
2.950094225E1,-1.069456339E-2,1.338048428E-1,2.977353334E-2
2.951088225E1,-5.428569857E-3,1.403105259E-1,3.156656772E-2
2.952082138E1,-6.781721953E-3,1.470054388E-1,2.722961083E-2
2.953076138E1,-1.442604326E-2,1.603857428E-1,1.790415868E-2
2.954070138E1,-1.875527762E-2,1.665032804E-1,1.414936874E-2
2.955064038E1,-2.725007758E-2,1.216563880E-1,3.010375425E-3
2.956058038E1,-5.049361289E-2,5.319023877E-2,-1.080210973E-2
2.957051938E1,-4.830065742E-2,2.807162702E-2,-1.579153165E-2
2.958045938E1,-9.811589494E-3,1.734548062E-2,-1.687996462E-2
2.959039938E1,2.979469113E-2,-1.167920604E-2,-8.169957437E-3
2.960033838E1,1.889996603E-2,-8.199863881E-2,-3.293655813E-2
2.961027838E1,-2.253056504E-2,-1.225889400E-1,-8.489109576E-2
2.962021738E1,-4.681646079E-2,-1.124154031E-1,-1.336679608E-1
2.963015738E1,-4.269365221E-2,-1.066278815E-1,-1.483680457E-1
2.964009737E1,-1.694967225E-2,-9.818646312E-2,-1.062243208E-1
2.965003638E1,3.674135776E-3,-6.560929865E-2,-2.978182212E-2
2.965997637E1,1.848805230E-3,-8.078626357E-3,3.389063105E-2
2.966991538E1,-1.011522301E-2,6.840272993E-2,5.433001742E-2
2.967985537E1,-9.161811322E-3,1.480783969E-1,4.061287642E-2
2.968979438E1,9.485680610E-3,2.208839655E-1,1.868499815E-2
2.969973437E1,3.606802225E-2,2.564446330E-1,9.626789019E-3
2.970967438E1,4.833706096E-2,2.670837939E-1,1.264802925E-2
2.971961337E1,3.865380585E-2,2.603774071E-1,1.628244482E-2
2.972955338E1,7.786578499E-3,2.261868417E-1,7.405737415E-4
2.973949238E1,-3.490682319E-2,1.841821373E-1,-2.186167613E-2
2.974943238E1,-3.861633316E-2,1.591990292E-1,-3.844833001E-2
2.975937238E1,2.265927382E-2,1.589428335E-1,-1.317972410E-2
2.976931138E1,4.069425166E-2,6.080074608E-2,-4.062583670E-3
2.977925138E1,-1.534824446E-2,-4.975932091E-2,-5.214542523E-2
2.978919038E1,-6.775321066E-2,-6.017146260E-2,-1.082910225E-1
2.979913038E1,-6.518272310E-2,-3.750849515E-2,-1.380880773E-1
2.980906938E1,-3.385659680E-2,-7.139116526E-2,-1.086660102E-1
2.981900938E1,4.526400007E-4,-1.087787449E-1,-3.024283983E-2
2.982894938E1,1.564021967E-2,-1.002325937E-1,3.733568266E-2
2.983888838E1,1.251020655E-2,-3.049666062E-2,5.292928964E-2
2.984882838E1,3.418878652E-3,6.862109900E-2,2.673052438E-2
2.985876738E1,6.153146271E-3,1.827090532E-1,4.998331424E-3
2.986870738E1,3.868776187E-2,2.692150176E-1,1.588618942E-2
2.987864738E1,5.088344216E-2,2.937472463E-1,3.456453606E-2
2.988858638E1,1.617793739E-2,2.762244642E-1,3.502109647E-2
2.989852638E1,-4.199082404E-2,2.464087754E-1,1.662584208E-2
2.990846538E1,-6.229039282E-2,2.416274250E-1,-7.967548445E-3
2.991840538E1,-3.479964286E-2,1.948023885E-1,-1.404461451E-2
2.992834538E1,-3.336977959E-2,6.750865281E-2,-2.430829778E-2
2.993828438E1,-7.097121328E-2,-5.309259146E-2,-4.997557774E-2
2.994822438E1,-8.264984190E-2,-9.204012156E-2,-8.875197917E-2
2.995816338E1,-5.499956757E-2,-1.050470024E-1,-1.019596606E-1
2.996810338E1,-6.171445362E-3,-1.328822225E-1,-7.317144424E-2
2.997804238E1,2.403732389E-2,-1.363374144E-1,-1.530415006E-2
2.998798238E1,2.699330822E-2,-8.727037907E-2,2.128509060E-2
2.999792238E1,2.261320502E-2,1.613163762E-2,2.218150906E-2
3.000786138E1,3.237942234E-2,1.608482301E-1,1.370713394E-2
3.001780138E1,5.058692396E-2,2.532990575E-1,1.883398555E-2
3.002774038E1,3.075941280E-2,2.488366514E-1,1.880007051E-2
3.003768038E1,-1.267248299E-2,2.361799777E-1,3.172374796E-3
3.004762038E1,-2.748042904E-2,2.681119144E-1,-1.996222511E-2
3.005755938E1,-5.366889387E-2,2.055443823E-1,-4.595015198E-2
3.006749937E1,-8.672341704E-2,1.015034914E-1,-6.090473011E-2
3.007743838E1,-8.162266761E-2,3.512286767E-2,-4.442082718E-2
3.008737837E1,-5.867993087E-2,-6.783159077E-2,-5.250930786E-2
3.009731838E1,-3.919570893E-2,-1.569801122E-1,-7.812438905E-2
3.010725737E1,-8.275331929E-3,-1.694087833E-1,-8.701685816E-2
3.011719738E1,1.810167916E-2,-1.473785788E-1,-6.296611577E-2
3.012713637E1,2.808732912E-2,-1.108138114E-1,-3.068841249E-2
3.013707638E1,2.524227276E-2,-5.216380954E-2,-7.981498726E-3
3.014701537E1,2.507553250E-2,6.345274299E-2,9.830016643E-4
3.015695538E1,3.272626176E-2,1.822209209E-1,8.457696065E-3
3.016689538E1,1.046516467E-2,1.950967759E-1,7.850494236E-3
3.017683438E1,-3.186817840E-2,1.870066226E-1,-2.232499421E-3
3.018677438E1,-4.452589527E-2,1.867390275E-1,-9.186891839E-3
3.019671338E1,-7.934858650E-2,1.121580079E-1,-2.553576976E-2
3.020665338E1,-1.042021438E-1,3.386945650E-2,-3.463634849E-2
3.021659338E1,-9.402966499E-2,-3.521294147E-2,-3.050285764E-2
3.022653238E1,-8.565959334E-2,-1.401440650E-1,-4.473051429E-2
3.023647238E1,-7.346417755E-2,-2.216991186E-1,-6.668108702E-2
3.024641138E1,-5.770443380E-2,-2.097927779E-1,-6.407564878E-2
3.025635138E1,-3.492375836E-2,-1.554144919E-1,-3.551697731E-2
3.026629038E1,-2.942669764E-2,-1.077252030E-1,-1.744353212E-3
3.027623038E1,-3.215643764E-2,-3.780390322E-2,2.137694508E-2
3.028617038E1,-1.910600066E-2,9.408159554E-2,3.602711111E-2
3.029610938E1,-1.001423690E-2,1.676380932E-1,4.446853325E-2
3.030604938E1,-4.071280360E-2,1.405917257E-1,2.766707540E-2
3.031598838E1,-6.786905974E-2,1.017450020E-1,3.973997664E-3
3.032592838E1,-6.672452390E-2,5.168685690E-2,-1.724731922E-2
3.033586837E1,-9.149778634E-2,-6.397316605E-2,-4.198116064E-2
3.034580738E1,-1.104099303E-1,-1.330874562E-1,-4.472718015E-2
3.035574737E1,-1.114096791E-1,-1.765055060E-1,-3.576217964E-2
3.036568638E1,-1.191390902E-1,-2.497105449E-1,-4.872730374E-2
3.037562637E1,-1.263767630E-1,-2.762683928E-1,-6.275657564E-2
3.038556638E1,-1.276499480E-1,-2.395934910E-1,-5.742444098E-2
3.039550538E1,-1.274861544E-1,-1.645416170E-1,-2.168188989E-2
3.040544538E1,-1.201732159E-1,-7.913915068E-2,3.889361024E-2
3.041538438E1,-1.207601875E-1,9.918285534E-3,8.245600760E-2
3.042532438E1,-1.293097585E-1,1.112999469E-1,9.257972986E-2
3.043526438E1,-1.405064762E-1,2.147315294E-1,9.041856974E-2
3.044520338E1,-1.495561451E-1,2.836946547E-1,1.021520272E-1
3.045514338E1,-1.645854414E-1,3.098841906E-1,1.205209121E-1
3.046508238E1,-1.758516878E-1,3.135838211E-1,1.425536722E-1
3.047502238E1,-1.840920448E-1,3.139084578E-1,1.587318480E-1
3.048496138E1,-2.013124228E-1,3.044306934E-1,1.637943685E-1
3.049490138E1,-2.323182821E-1,2.795948386E-1,1.682618260E-1
3.050484138E1,-2.698712945E-1,2.505157292E-1,1.807539910E-1
3.051478038E1,-3.056111634E-1,2.162347436E-1,2.008219659E-1
3.052471988E1,-3.424401283E-1,1.933333129E-1,2.245063782E-1
3.053465887E1,-3.646026850E-1,1.731044799E-1,2.488359511E-1
3.054459888E1,-3.821322620E-1,1.619813889E-1,2.776276171E-1
3.055453888E1,-3.937894702E-1,1.513945162E-1,3.081021905E-1
3.056447788E1,-3.989509642E-1,1.469490975E-1,3.345759213E-1
3.057441788E1,-4.014394283E-1,1.493166536E-1,3.646560609E-1
3.058435688E1,-4.006716013E-1,1.578675956E-1,3.899163604E-1
3.059429688E1,-4.064788818E-1,1.705242693E-1,4.244580865E-1
3.060423588E1,-4.081637561E-1,1.711698771E-1,4.546549022E-1
3.061417588E1,-4.162563086E-1,1.681618392E-1,4.843297005E-1
3.062411588E1,-4.264838994E-1,1.673344970E-1,5.073876977E-1
3.063405488E1,-4.365466535E-1,1.718354970E-1,5.262231827E-1
3.064399488E1,-4.450984597E-1,1.666342169E-1,5.502249002E-1
3.065393388E1,-4.543329775E-1,1.466131061E-1,5.767989755E-1
3.066387388E1,-4.655895531E-1,1.343045235E-1,6.003419161E-1
3.067381388E1,-4.754443169E-1,1.273933500E-1,6.139181852E-1
3.068375288E1,-4.872292280E-1,1.303062141E-1,6.357172728E-1
3.069369288E1,-5.065134764E-1,1.355752945E-1,6.598985195E-1
3.070363188E1,-5.202659965E-1,1.412333846E-1,6.921232343E-1
3.071357188E1,-5.363200307E-1,1.480132639E-1,7.247067690E-1
3.072351188E1,-5.543182492E-1,1.546951234E-1,7.607871294E-1
3.073345088E1,-5.819972754E-1,1.710980535E-1,7.946849465E-1
3.074339088E1,-6.073417068E-1,1.918636411E-1,8.358018994E-1
3.075332988E1,-6.363259554E-1,2.133928984E-1,8.766409159E-1
3.076326988E1,-6.646454930E-1,2.383949161E-1,9.187862277E-1
3.077320888E1,-6.953770518E-1,2.613574862E-1,9.579600096E-1
3.078314888E1,-7.289912701E-1,2.779679000E-1,9.941452146E-1
3.079308888E1,-7.545807958E-1,2.847480476E-1,1.024357438E0
3.080302788E1,-7.877042294E-1,2.813411653E-1,1.057763696E0
3.081296788E1,-8.209801912E-1,2.694940865E-1,1.096257091E0
3.082290688E1,-8.555274010E-1,2.610292137E-1,1.135115266E0
3.083284688E1,-8.894515634E-1,2.552059591E-1,1.171005607E0
3.084278688E1,-9.285328984E-1,2.557801902E-1,1.196566939E0
3.085272588E1,-9.612535834E-1,2.581147254E-1,1.218319893E0
3.086266587E1,-9.833908081E-1,2.701277435E-1,1.235703230E0
3.087260488E1,-1.008384109E0,2.800690532E-1,1.257014632E0
3.088254487E1,-1.031481147E0,2.815982103E-1,1.272883058E0
3.089248488E1,-1.054574013E0,2.858374119E-1,1.287980318E0
3.090242387E1,-1.072290182E0,2.987094820E-1,1.301615119E0
3.091236388E1,-1.090852618E0,2.997792959E-1,1.308766246E0
3.092230287E1,-1.114400983E0,2.898719311E-1,1.313727617E0
3.093224288E1,-1.135706782E0,2.696588039E-1,1.305935025E0
3.094218187E1,-1.156095266E0,2.472649962E-1,1.290041447E0
3.095212188E1,-1.176167488E0,2.210770696E-1,1.275099516E0
3.096206188E1,-1.188844919E0,1.890506446E-1,1.265650153E0
3.097200088E1,-1.194399834E0,1.786171794E-1,1.270177841E0
3.098194088E1,-1.192890644E0,1.801473945E-1,1.282954454E0
3.099187988E1,-1.190749168E0,1.989908516E-1,1.298649788E0
3.100181988E1,-1.188813567E0,2.442336529E-1,1.309562325E0
3.101175988E1,-1.189023256E0,3.145285547E-1,1.320789099E0
3.102169888E1,-1.194452286E0,3.880728781E-1,1.329542637E0
3.103163888E1,-1.195125580E0,4.693858325E-1,1.338576078E0
3.104157788E1,-1.193711042E0,5.379309654E-1,1.350102544E0
3.105151788E1,-1.188277721E0,5.885888338E-1,1.362696409E0
3.106145788E1,-1.177732587E0,6.239590049E-1,1.380754828E0
3.107139688E1,-1.167344332E0,6.453732252E-1,1.390020251E0
3.108133688E1,-1.156968951E0,6.456140280E-1,1.400956750E0
3.109127588E1,-1.141750097E0,6.311453581E-1,1.413108230E0
3.110121588E1,-1.119674206E0,6.101860404E-1,1.417189121E0
3.111115587E1,-1.098591089E0,5.864431262E-1,1.413489461E0
3.112109488E1,-1.084043860E0,5.588178039E-1,1.408700228E0
3.113103487E1,-1.074506044E0,5.424358845E-1,1.403725743E0
3.114097388E1,-1.067050815E0,5.405535698E-1,1.398654103E0
3.115091387E1,-1.057059646E0,5.471649170E-1,1.394056678E0
3.116085288E1,-1.048676729E0,5.660769939E-1,1.394572496E0
3.117079287E1,-1.036315084E0,5.842962265E-1,1.391345859E0
3.118073288E1,-1.027239203E0,5.929467678E-1,1.386315465E0
3.119067188E1,-1.013899684E0,5.907869339E-1,1.374179721E0
3.120061188E1,-9.971774220E-1,5.818452835E-1,1.357249379E0
3.121055088E1,-9.798117876E-1,5.585023761E-1,1.327493072E0
3.122049088E1,-9.552298188E-1,5.315443873E-1,1.293810248E0
3.123043088E1,-9.257824421E-1,5.047569871E-1,1.255727530E0
3.124036988E1,-8.960836530E-1,4.810130000E-1,1.219352961E0
3.125030988E1,-8.739993572E-1,4.666785300E-1,1.191721439E0
3.126024888E1,-8.534100056E-1,4.688966870E-1,1.168778777E0
3.127018888E1,-8.345404267E-1,4.816985130E-1,1.150746465E0
3.128012888E1,-8.120426536E-1,4.935672879E-1,1.126596451E0
3.129006788E1,-7.846233249E-1,5.025858283E-1,1.095183492E0
3.130000788E1,-7.579004169E-1,5.002731085E-1,1.057132840E0
3.130994688E1,-7.301419973E-1,4.900790751E-1,1.018152952E0
3.131988688E1,-7.048420906E-1,4.598454237E-1,9.752551913E-1
3.132982588E1,-6.808283925E-1,4.264600575E-1,9.377133846E-1
3.133976588E1,-6.544644833E-1,3.860091567E-1,8.986300230E-1
3.134970588E1,-6.218969226E-1,3.467674851E-1,8.620019555E-1
3.135964488E1,-5.928358436E-1,3.209613860E-1,8.261343837E-1
3.136958488E1,-5.601921082E-1,3.056775033E-1,7.927724123E-1
3.137952388E1,-5.340420008E-1,3.072736263E-1,7.661757469E-1
3.138946388E1,-5.101720691E-1,3.200256228E-1,7.430824041E-1
3.139940388E1,-4.848905802E-1,3.493495584E-1,7.218167782E-1
3.140934288E1,-4.607868493E-1,3.745374680E-1,7.051989436E-1
3.141928288E1,-4.304694533E-1,4.044875205E-1,6.801192760E-1
3.142922188E1,-3.999086022E-1,4.266953468E-1,6.597777605E-1
3.143916188E1,-3.704608083E-1,4.377564192E-1,6.368036270E-1
3.144910188E1,-3.482692242E-1,4.379657507E-1,6.156951189E-1
3.145904088E1,-3.250705898E-1,4.268162251E-1,5.941472650E-1
3.146898088E1,-3.091019988E-1,4.060206711E-1,5.701383352E-1
3.147891988E1,-2.924829125E-1,3.863707185E-1,5.496830940E-1
3.148885988E1,-2.779790759E-1,3.632180095E-1,5.240038037E-1
3.149879888E1,-2.582040429E-1,3.527078629E-1,5.029742122E-1
3.150873888E1,-2.483106703E-1,3.553934097E-1,4.798234105E-1
3.151867900E1,-2.329736799E-1,3.623432815E-1,4.604780078E-1
3.152861800E1,-2.239452899E-1,3.708150685E-1,4.340322912E-1
3.153855800E1,-2.160324007E-1,3.720330000E-1,4.066664577E-1
3.154849700E1,-2.045869380E-1,3.689812720E-1,3.785226941E-1
3.155843700E1,-1.930297464E-1,3.640170097E-1,3.469198048E-1
3.156837700E1,-1.835646033E-1,3.552101851E-1,3.225705028E-1
3.157831600E1,-1.755345017E-1,3.416255713E-1,2.947812974E-1
3.158825600E1,-1.625193805E-1,3.277222812E-1,2.685965896E-1
3.159819500E1,-1.514654011E-1,3.200709820E-1,2.423765957E-1
3.160813500E1,-1.440503597E-1,3.086974323E-1,2.214161754E-1
3.161807500E1,-1.367668211E-1,3.029896021E-1,1.971123666E-1
3.162801400E1,-1.328796744E-1,2.965785861E-1,1.798737198E-1
3.163795400E1,-1.254751533E-1,2.917933762E-1,1.590086520E-1
3.164789300E1,-1.179767549E-1,2.818424702E-1,1.407470852E-1
3.165783300E1,-1.095010117E-1,2.722402811E-1,1.192855388E-1
3.166777300E1,-9.535589814E-2,2.589876056E-1,9.951103479E-2
3.167771200E1,-8.391246200E-2,2.467056811E-1,8.377198130E-2
3.168765200E1,-6.418403238E-2,2.307575941E-1,6.992594153E-2
3.169759100E1,-5.177472159E-2,2.176411152E-1,6.126309931E-2
3.170753100E1,-3.621307015E-2,2.118559480E-1,5.800072849E-2
3.171747000E1,-1.843857765E-2,2.081153691E-1,4.867572710E-2
3.172741000E1,-2.001015004E-3,2.051739097E-1,4.154378176E-2
3.173735000E1,1.307524741E-2,2.061044276E-1,3.614760190E-2
3.174728900E1,2.590395883E-2,2.065766156E-1,3.311905637E-2
3.175722900E1,3.553264961E-2,2.076060772E-1,3.810544685E-2
3.176716800E1,4.032766819E-2,2.071655691E-1,4.610212147E-2
3.177710800E1,4.637529701E-2,2.048691958E-1,5.891784281E-2
3.178704800E1,5.454054847E-2,2.042409480E-1,6.793024391E-2
3.179698700E1,6.356690824E-2,2.053233087E-1,7.494257390E-2
3.180692700E1,7.457162440E-2,2.074093521E-1,7.498411834E-2
3.181686600E1,8.660019189E-2,2.153619528E-1,7.596791536E-2
3.182680600E1,9.649836272E-2,2.227841914E-1,7.303097844E-2
3.183674600E1,1.044361964E-1,2.283198982E-1,7.451827824E-2
3.184668500E1,1.084141582E-1,2.355330735E-1,8.033595234E-2
3.185662500E1,1.060275584E-1,2.407934368E-1,8.544058353E-2
3.186656400E1,1.067506000E-1,2.441897690E-1,8.483231813E-2
3.187650400E1,9.992587566E-2,2.417870015E-1,8.845523000E-2
3.188644400E1,1.015642434E-1,2.384242266E-1,8.598354459E-2
3.189638300E1,1.064693704E-1,2.347760051E-1,8.446950465E-2
3.190632300E1,1.054403260E-1,2.313666195E-1,8.418454230E-2
3.191626200E1,1.017979309E-1,2.286947221E-1,8.048053831E-2
3.192620200E1,9.813262522E-2,2.315155417E-1,7.983871549E-2
3.193614100E1,9.744431823E-2,2.352818698E-1,7.823586464E-2
3.194608100E1,9.576359391E-2,2.281565815E-1,7.588748634E-2
3.195602100E1,9.674458951E-2,2.178383768E-1,7.156810164E-2
3.196596000E1,9.754913300E-2,2.024170756E-1,5.687623471E-2
3.197590000E1,9.681795537E-2,1.880853921E-1,4.488448426E-2
3.198583900E1,8.477541059E-2,1.724574268E-1,4.322266951E-2
3.199577900E1,6.821119785E-2,1.536049992E-1,4.272130504E-2
3.200571900E1,4.725425318E-2,1.357631534E-1,3.877343237E-2
3.201565800E1,2.995738946E-2,1.253904402E-1,2.926750854E-2
3.202559800E1,1.425033156E-2,1.161207855E-1,1.792989857E-2
3.203553700E1,2.191113308E-4,9.971676767E-2,3.845948726E-3
3.204547700E1,-9.841511026E-3,8.377162367E-2,-4.018631764E-3
3.205541700E1,-1.568770409E-2,6.972151995E-2,-1.348933205E-2
3.206535600E1,-2.266758308E-2,4.913448170E-2,-1.809447072E-2
3.207529600E1,-2.573445812E-2,3.383096680E-2,-2.535827458E-2
3.208523500E1,-3.129433841E-2,2.116470411E-2,-3.039431572E-2
3.209517500E1,-3.657742962E-2,1.157386601E-2,-3.480814770E-2
3.210511500E1,-4.231227934E-2,-9.102346376E-4,-3.458923474E-2
3.211505400E1,-4.195887968E-2,-1.010053698E-2,-3.345526010E-2
3.212499400E1,-4.019000754E-2,-1.580369659E-2,-2.840857208E-2
3.213493300E1,-3.850496560E-2,-1.867491752E-2,-2.048421465E-2
3.214487300E1,-3.677950799E-2,-2.230587229E-2,-1.020840742E-2
3.215481300E1,-3.518284112E-2,-2.039266378E-2,-5.622621626E-3
3.216475200E1,-3.180888295E-2,-1.660937816E-2,-3.215390258E-3
3.217469200E1,-2.862575650E-2,-1.553976536E-2,6.616571918E-3
3.218463100E1,-2.620201558E-2,-1.693153381E-2,1.457143389E-2
3.219457100E1,-2.036128566E-2,-1.919370890E-2,2.043720894E-2
3.220451000E1,-2.020495757E-2,-2.115352824E-2,2.776649408E-2
3.221445000E1,-2.426762134E-2,-2.134690061E-2,3.224477172E-2
3.222439000E1,-2.701680362E-2,-2.338901162E-2,3.762435913E-2
3.223432900E1,-2.812355198E-2,-1.806138456E-2,3.782510757E-2
3.224426900E1,-2.548409440E-2,-9.562438354E-3,3.809249029E-2
3.225420800E1,-2.434002608E-2,-5.222153850E-4,3.769792244E-2
3.226414800E1,-2.270750888E-2,2.870119177E-3,3.463901579E-2
3.227408800E1,-2.860706486E-2,3.445017152E-3,3.217495605E-2
3.228402700E1,-2.972665615E-2,8.459216915E-3,2.685901895E-2
3.229396700E1,-2.761304937E-2,2.123117447E-3,2.173231915E-2
3.230390600E1,-3.252418339E-2,7.621480152E-3,1.355082076E-2
3.231384600E1,-3.352539614E-2,8.299662732E-3,5.929942243E-3
3.232378600E1,-3.824957833E-2,6.928133778E-3,4.128047731E-3
3.233372500E1,-3.856357187E-2,3.560003825E-3,-2.054041252E-3
3.234366500E1,-3.524367511E-2,9.916968644E-3,-8.206209168E-3
3.235360400E1,-3.267770633E-2,1.203877199E-2,-1.233072672E-2
3.236354400E1,-3.809164837E-2,2.535111457E-2,-1.114242431E-2
3.237348300E1,-3.562866524E-2,3.183589131E-2,-2.592570148E-3
3.238342300E1,-3.658340871E-2,3.452781588E-2,7.227570284E-3
3.239336300E1,-3.515725583E-2,3.908085451E-2,1.515692659E-2
3.240330200E1,-2.983279526E-2,3.777963296E-2,1.605813950E-2
3.241324200E1,-2.477932349E-2,3.191546351E-2,1.999635249E-2
3.242318100E1,-2.172920294E-2,2.228760347E-2,2.148239687E-2
3.243312100E1,-1.515225321E-2,1.968120039E-2,2.095997706E-2
3.244306100E1,-6.710032467E-3,1.427551452E-2,2.352486737E-2
3.245300000E1,-1.236167271E-3,1.055322867E-2,1.767927594E-2
3.246294000E1,5.014005583E-3,5.821058527E-3,1.090073213E-2
3.247287900E1,8.962666616E-3,5.841267295E-3,6.612950005E-3
3.248281900E1,1.007746533E-2,3.872126341E-3,4.956730176E-3
3.249275900E1,9.977072477E-3,6.248495542E-3,4.550424870E-3
3.250269800E1,1.206605602E-2,1.802880317E-3,4.232177045E-3
3.251263800E1,1.225724258E-2,2.352456562E-3,5.520820152E-3
3.252257688E1,9.915258735E-3,-4.803190939E-3,4.024123773E-3
3.253251688E1,5.902518053E-3,-9.386949241E-3,7.136351429E-3
3.254245688E1,2.305386122E-3,-1.477292646E-2,8.344095200E-3
3.255239588E1,-5.181641318E-4,-2.115455270E-2,1.413697377E-2
3.256233588E1,-5.512922537E-3,-2.566514909E-2,1.712317578E-2
3.257227488E1,-1.172557939E-2,-3.139482811E-2,1.901541650E-2
3.258221488E1,-1.395864133E-2,-3.332562000E-2,1.726811752E-2
3.259215488E1,-9.461229667E-3,-3.816232458E-2,1.323899720E-2
3.260209388E1,-6.422828883E-3,-4.428067058E-2,9.345189668E-3
3.261203388E1,-3.316619433E-3,-4.801709205E-2,1.162471902E-2
3.262197288E1,-1.259594224E-3,-4.981392622E-2,7.669392508E-3
3.263191288E1,2.587317489E-3,-5.204576254E-2,1.052850299E-2
3.264185288E1,4.276027903E-3,-5.126971751E-2,1.268060319E-2
3.265179188E1,4.688303918E-3,-4.811432958E-2,1.192076970E-2
3.266173188E1,6.940539461E-3,-4.388336837E-2,1.694562286E-2
3.267167088E1,1.159175020E-2,-4.085268825E-2,1.603428833E-2
3.268161088E1,1.501258090E-2,-3.347945958E-2,1.518633775E-2
3.269154988E1,1.415756345E-2,-3.002870828E-2,1.237631962E-2
3.270148988E1,1.739330404E-2,-3.058903664E-2,4.827590194E-3
3.271142988E1,1.562817767E-2,-2.373318374E-2,4.109036643E-3
3.272136888E1,1.495652832E-2,-2.397872880E-2,4.534609616E-3
3.273130888E1,1.525235921E-2,-2.113943920E-2,6.462710444E-3
3.274124788E1,1.418869197E-2,-1.941397786E-2,4.286109004E-3
3.275118788E1,1.363091357E-2,-2.233553678E-2,5.812310614E-3
3.276112788E1,1.147401985E-2,-2.088864148E-2,8.877342567E-3
3.277106688E1,1.260922477E-2,-2.430146933E-2,4.359466955E-3
3.278100688E1,9.924758226E-3,-2.069554850E-2,2.296316437E-3
3.279094588E1,1.039928012E-2,-1.839105785E-2,-5.142280832E-3
3.280088588E1,8.069014177E-3,-1.873913407E-2,-1.305586286E-2
3.281082587E1,7.593816146E-3,-2.688652277E-2,-2.557356283E-2
3.282076488E1,8.734447882E-3,-4.101645574E-2,-3.450021148E-2
3.283070487E1,1.097468100E-2,-5.709936470E-2,-4.983811826E-2
3.284064388E1,1.303143986E-2,-8.016420156E-2,-6.047797948E-2
3.285058387E1,1.599606685E-2,-9.947213531E-2,-8.139157295E-2
3.286052388E1,2.042170800E-2,-1.115098894E-1,-1.008339673E-1
3.287046287E1,1.892750710E-2,-1.262927949E-1,-1.195222512E-1
3.288040288E1,3.322015703E-2,-1.328031570E-1,-1.398083568E-1
3.289034187E1,5.282015726E-2,-1.398505718E-1,-1.626322120E-1
3.290028188E1,7.258880138E-2,-1.523301452E-1,-1.823379993E-1
3.291022188E1,9.447380155E-2,-1.655295342E-1,-1.981517524E-1
3.292016088E1,1.134379059E-1,-1.841889769E-1,-2.060365677E-1
3.293010088E1,1.263054311E-1,-2.040800452E-1,-2.112671435E-1
3.294003988E1,1.358770877E-1,-2.215141654E-1,-2.113395929E-1
3.294997988E1,1.455560625E-1,-2.313831598E-1,-2.171730846E-1
3.295991988E1,1.625060141E-1,-2.370551527E-1,-2.272057384E-1
3.296985888E1,1.758271456E-1,-2.466734350E-1,-2.293118089E-1
3.297979888E1,1.904921085E-1,-2.554211318E-1,-2.350959331E-1
3.298973788E1,2.049959749E-1,-2.629588842E-1,-2.408241481E-1
3.299967788E1,2.186137736E-1,-2.752152681E-1,-2.499039322E-1
3.300961688E1,2.307709605E-1,-2.857602239E-1,-2.719113827E-1
3.301955688E1,2.448393703E-1,-3.021138906E-1,-2.865350246E-1
3.302949688E1,2.543744445E-1,-3.166087568E-1,-3.087956905E-1
3.303943588E1,2.660720944E-1,-3.370093703E-1,-3.362656832E-1
3.304937588E1,2.805073857E-1,-3.540239334E-1,-3.648422360E-1
3.305931488E1,2.897363007E-1,-3.741126657E-1,-3.953258395E-1
3.306925488E1,3.019138575E-1,-3.992017508E-1,-4.318536818E-1
3.307919487E1,3.097249269E-1,-4.222128093E-1,-4.706042707E-1
3.308913388E1,3.128829896E-1,-4.451217949E-1,-5.040599704E-1
3.309907387E1,3.202320039E-1,-4.644949734E-1,-5.430734158E-1
3.310901288E1,3.250210285E-1,-4.837568998E-1,-5.801537633E-1
3.311895287E1,3.379128873E-1,-5.011183023E-1,-6.152337193E-1
3.312889288E1,3.496813774E-1,-5.170810223E-1,-6.452434659E-1
3.313883188E1,3.615716100E-1,-5.275850296E-1,-6.745843291E-1
3.314877188E1,3.782355189E-1,-5.390174389E-1,-7.031677961E-1
3.315871088E1,3.922312260E-1,-5.498546362E-1,-7.276195884E-1
3.316865088E1,4.044366181E-1,-5.636832714E-1,-7.507416606E-1
3.317859088E1,4.135427773E-1,-5.740045905E-1,-7.712269425E-1
3.318852988E1,4.242716134E-1,-5.871635079E-1,-7.908065915E-1
3.319846988E1,4.269414544E-1,-5.993146896E-1,-8.089216948E-1
3.320840888E1,4.362511635E-1,-6.065486073E-1,-8.263481855E-1
3.321834888E1,4.449999034E-1,-6.081596017E-1,-8.417812586E-1
3.322828888E1,4.597130716E-1,-6.046375632E-1,-8.573745489E-1
3.323822788E1,4.756467640E-1,-6.109061241E-1,-8.750920296E-1
3.324816788E1,4.847636819E-1,-6.134245992E-1,-8.958639503E-1
3.325810688E1,4.834898710E-1,-6.105654240E-1,-9.138485193E-1
3.326804688E1,4.753339589E-1,-6.120595336E-1,-9.318304062E-1
3.327798588E1,4.497793317E-1,-6.073178053E-1,-9.548813701E-1
3.328792588E1,4.087035358E-1,-6.021950841E-1,-9.759525061E-1
3.329786588E1,3.535662293E-1,-5.902076960E-1,-9.996826649E-1
3.330780488E1,3.020874560E-1,-5.632289052E-1,-1.021024704E0
3.331774488E1,2.622593641E-1,-5.368859768E-1,-1.042182922E0
3.332768388E1,2.322371900E-1,-5.142322779E-1,-1.064529777E0
3.333762388E1,2.155178636E-1,-4.954838753E-1,-1.088196754E0
3.334756388E1,1.912212521E-1,-4.951786995E-1,-1.106365085E0
3.335750288E1,1.723175943E-1,-5.032048821E-1,-1.123340607E0
3.336744288E1,1.453523338E-1,-5.144540071E-1,-1.133767962E0
3.337738188E1,1.263810396E-1,-5.199989676E-1,-1.142642736E0
3.338732188E1,1.179407015E-1,-5.188713670E-1,-1.148698092E0
3.339726188E1,1.164852828E-1,-5.030649304E-1,-1.155848384E0
3.340720088E1,1.269132644E-1,-4.777283669E-1,-1.166692853E0
3.341714088E1,1.360827982E-1,-4.476575553E-1,-1.174794078E0
3.342707988E1,1.521818489E-1,-4.178664088E-1,-1.189139724E0
3.343701988E1,1.657474488E-1,-3.850040734E-1,-1.203444958E0
3.344695988E1,1.784268171E-1,-3.749672771E-1,-1.215747237E0
3.345689888E1,1.950859427E-1,-3.796291351E-1,-1.226031542E0
3.346683887E1,2.121276110E-1,-3.974707127E-1,-1.243781209E0
3.347677788E1,2.374572158E-1,-4.118909240E-1,-1.259449363E0
3.348671787E1,2.585875392E-1,-4.208562970E-1,-1.273791790E0
3.349665788E1,2.807639539E-1,-4.336000681E-1,-1.283044338E0
3.350659687E1,3.095294237E-1,-4.415213168E-1,-1.290601611E0
3.351653688E1,3.397597671E-1,-4.444489181E-1,-1.303246021E0
3.352647600E1,3.782418668E-1,-4.353697896E-1,-1.311425447E0
3.353641600E1,4.208804071E-1,-4.261030555E-1,-1.325165749E0
3.354635600E1,4.593797028E-1,-4.200375974E-1,-1.324373841E0
3.355629500E1,4.873964489E-1,-4.098821580E-1,-1.324190855E0
3.356623500E1,5.119356513E-1,-3.996871710E-1,-1.325266600E0
3.357617400E1,5.317253470E-1,-3.828413486E-1,-1.319989800E0
3.358611400E1,5.536460876E-1,-3.556621969E-1,-1.311501503E0
3.359605300E1,5.743228793E-1,-3.327470422E-1,-1.300658703E0
3.360599300E1,5.923814774E-1,-3.228205740E-1,-1.278684020E0
3.361593300E1,6.229013205E-1,-3.263098598E-1,-1.261697054E0
3.362587200E1,6.642627120E-1,-3.273815215E-1,-1.243018985E0
3.363581200E1,7.133631706E-1,-3.247002363E-1,-1.232780695E0
3.364575100E1,7.662051916E-1,-3.314792514E-1,-1.224551678E0
3.365569100E1,7.999942899E-1,-3.438642919E-1,-1.206980348E0
3.366563100E1,8.344698548E-1,-3.554838896E-1,-1.187111378E0
3.367557000E1,8.585544229E-1,-3.590677083E-1,-1.163620710E0
3.368551000E1,8.823826909E-1,-3.534187675E-1,-1.146159530E0
3.369544900E1,8.957996964E-1,-3.383575082E-1,-1.126494765E0
3.370538900E1,8.942210078E-1,-3.184528053E-1,-1.099181414E0
3.371532900E1,8.836996555E-1,-3.054150343E-1,-1.067150474E0
3.372526800E1,8.698331118E-1,-2.937767208E-1,-1.026665807E0
3.373520800E1,8.588126898E-1,-2.770741880E-1,-9.843418002E-1
3.374514700E1,8.557376862E-1,-2.654201686E-1,-9.516641498E-1
3.375508700E1,8.545616269E-1,-2.498944998E-1,-9.306965470E-1
3.376502700E1,8.402150869E-1,-2.374604791E-1,-9.078824520E-1
3.377496600E1,8.319699168E-1,-2.271657735E-1,-8.909401894E-1
3.378490600E1,8.162745237E-1,-2.263130099E-1,-8.861203790E-1
3.379484500E1,8.003557324E-1,-2.261942327E-1,-8.860836625E-1
3.380478500E1,7.812498212E-1,-2.293693423E-1,-8.833612800E-1
3.381472500E1,7.640580535E-1,-2.329760641E-1,-8.804410696E-1
3.382466400E1,7.467909455E-1,-2.297868580E-1,-8.711121082E-1
3.383460400E1,7.247242332E-1,-2.293642163E-1,-8.550021648E-1
3.384454300E1,7.092488408E-1,-2.302627712E-1,-8.411740065E-1
3.385448300E1,6.988819838E-1,-2.212112248E-1,-8.276528716E-1
3.386442300E1,7.004066706E-1,-2.141986191E-1,-8.183062673E-1
3.387436200E1,7.015494108E-1,-2.009627074E-1,-8.099088073E-1
3.388430200E1,6.964644790E-1,-1.848459691E-1,-8.067896366E-1
3.389424100E1,6.876182556E-1,-1.713786423E-1,-7.980517745E-1
3.390418100E1,6.748812795E-1,-1.578848362E-1,-7.871851325E-1
3.391412000E1,6.587364078E-1,-1.505981684E-1,-7.727023363E-1
3.392406000E1,6.484221220E-1,-1.499897987E-1,-7.599595189E-1
3.393400000E1,6.344716549E-1,-1.455886662E-1,-7.431142330E-1
3.394393900E1,6.217148900E-1,-1.437397301E-1,-7.293070555E-1
3.395387900E1,6.079820395E-1,-1.463951468E-1,-7.126159668E-1
3.396381800E1,5.982797146E-1,-1.497512311E-1,-6.934087276E-1
3.397375800E1,5.872632861E-1,-1.531196088E-1,-6.766502857E-1
3.398369800E1,5.808961987E-1,-1.552283168E-1,-6.594938040E-1
3.399363700E1,5.798900723E-1,-1.586984396E-1,-6.473146081E-1
3.400357700E1,5.807442665E-1,-1.619600654E-1,-6.409558058E-1
3.401351600E1,5.879502892E-1,-1.614908129E-1,-6.404162645E-1
3.402345600E1,5.929421782E-1,-1.612004191E-1,-6.447767019E-1
3.403339600E1,5.932673812E-1,-1.569196582E-1,-6.512439251E-1
3.404333500E1,5.945987701E-1,-1.506344527E-1,-6.535703540E-1
3.405327500E1,5.924434662E-1,-1.427759975E-1,-6.454261541E-1
3.406321400E1,5.851774216E-1,-1.349561214E-1,-6.285693645E-1
3.407315400E1,5.833105445E-1,-1.332263947E-1,-6.104894280E-1
3.408309400E1,5.771539211E-1,-1.253217161E-1,-6.040983200E-1
3.409303300E1,5.756353736E-1,-1.141542867E-1,-6.027595401E-1
3.410297300E1,5.704876781E-1,-1.053285226E-1,-6.058509350E-1
3.411291200E1,5.674548745E-1,-1.086548120E-1,-6.001179218E-1
3.412285200E1,5.583509207E-1,-1.103126183E-1,-5.940492749E-1
3.413279200E1,5.539074540E-1,-1.100263223E-1,-5.891306996E-1
3.414273100E1,5.518439412E-1,-1.075022221E-1,-5.878246427E-1
3.415267100E1,5.619434714E-1,-1.005609632E-1,-5.905005932E-1
3.416261000E1,5.697684288E-1,-9.322682768E-2,-5.900723338E-1
3.417255000E1,5.789619684E-1,-8.509752899E-2,-5.850077868E-1
3.418249000E1,5.873634815E-1,-7.600372285E-2,-5.734965205E-1
3.419242900E1,5.918586254E-1,-7.034530491E-2,-5.591242909E-1
3.420236900E1,5.922372937E-1,-5.356582254E-2,-5.455816388E-1
3.421230800E1,5.913336873E-1,-3.456123546E-2,-5.294803977E-1
3.422224800E1,5.943164229E-1,-1.357552782E-2,-5.062683225E-1
3.423218800E1,5.956594348E-1,8.503141813E-3,-4.852471948E-1
3.424212700E1,5.965015888E-1,3.121601045E-2,-4.652769268E-1
3.425206700E1,6.085843444E-1,5.588407069E-2,-4.468334615E-1
3.426200600E1,6.128682494E-1,7.290710509E-2,-4.298251271E-1
3.427194600E1,6.170736551E-1,8.811029047E-2,-4.155335426E-1
3.428188600E1,6.259017587E-1,9.378494322E-2,-3.964440525E-1
3.429182500E1,6.305209994E-1,8.687670529E-2,-3.832321167E-1
3.430176500E1,6.243461370E-1,7.161086798E-2,-3.751979470E-1
3.431170400E1,6.250135303E-1,5.163635686E-2,-3.718959093E-1
3.432164400E1,6.197278500E-1,3.535290807E-2,-3.653786182E-1
3.433158400E1,6.143519878E-1,2.057236061E-2,-3.565542400E-1
3.434152300E1,6.057813168E-1,1.091759559E-2,-3.486061692E-1
3.435146300E1,5.920130610E-1,8.155631833E-3,-3.379854858E-1
3.436140200E1,5.771757960E-1,5.077724345E-3,-3.284508288E-1
3.437134200E1,5.672736168E-1,1.573862508E-2,-3.181017935E-1
3.438128200E1,5.514326096E-1,3.188356385E-2,-3.092386127E-1
3.439122100E1,5.356611013E-1,5.286075175E-2,-3.014760315E-1
3.440116100E1,5.192056894E-1,7.624190301E-2,-2.958578169E-1
3.441110000E1,5.017321706E-1,9.933470190E-2,-2.899975181E-1
3.442104000E1,4.853538275E-1,1.174283326E-1,-2.852424979E-1
3.443098000E1,4.659825265E-1,1.282895058E-1,-2.817220688E-1
3.444091900E1,4.471332133E-1,1.313452125E-1,-2.793199122E-1
3.445085900E1,4.361258447E-1,1.289619505E-1,-2.764844298E-1
3.446079800E1,4.300736785E-1,1.183217391E-1,-2.731289268E-1
3.447073800E1,4.216559827E-1,1.027720720E-1,-2.742024660E-1
3.448067800E1,4.185416698E-1,8.971196413E-2,-2.758466005E-1
3.449061700E1,4.127674103E-1,8.073417842E-2,-2.741586864E-1
3.450055700E1,4.065200090E-1,6.967969239E-2,-2.697358131E-1
3.451049600E1,4.053729773E-1,6.435869634E-2,-2.618557811E-1
3.452043600E1,4.006130099E-1,6.930872053E-2,-2.550626695E-1
3.453037517E1,4.033395648E-1,8.153263479E-2,-2.540149987E-1
3.454031517E1,4.066722393E-1,9.730719775E-2,-2.473103553E-1
3.455025517E1,4.055396020E-1,1.164209768E-1,-2.378897071E-1
3.456019417E1,4.051001668E-1,1.396457106E-1,-2.284897119E-1
3.457013417E1,4.074213803E-1,1.601890773E-1,-2.155771106E-1
3.458007417E1,4.048975110E-1,1.805553138E-1,-2.026738673E-1
3.459001317E1,4.016007781E-1,2.015159875E-1,-1.865095496E-1
3.459995317E1,3.992250860E-1,2.139483392E-1,-1.693008840E-1
3.460989217E1,3.962066472E-1,2.187468261E-1,-1.454016715E-1
3.461983217E1,4.015020728E-1,2.242102325E-1,-1.345952749E-1
3.462977117E1,4.093096852E-1,2.280776650E-1,-1.259900779E-1
3.463971117E1,4.118625820E-1,2.279551178E-1,-1.265399456E-1
3.464965117E1,4.177132845E-1,2.246823460E-1,-1.254725456E-1
3.465959017E1,4.179364443E-1,2.218333632E-1,-1.264600754E-1
3.466953017E1,4.079780877E-1,2.202551812E-1,-1.238251552E-1
3.467946917E1,4.053800702E-1,2.220920473E-1,-1.183823347E-1
3.468940917E1,3.996063173E-1,2.287054658E-1,-1.148477942E-1
3.469934917E1,3.861432672E-1,2.389892191E-1,-1.091538370E-1
3.470928817E1,3.773345947E-1,2.522488534E-1,-1.079056114E-1
3.471922817E1,3.670483828E-1,2.689706385E-1,-1.047399864E-1
3.472916717E1,3.491543233E-1,2.741472721E-1,-1.016938612E-1
3.473910717E1,3.281146884E-1,2.714621425E-1,-1.023178622E-1
3.474904717E1,3.148779869E-1,2.590898871E-1,-1.015197113E-1
3.475898617E1,2.977580130E-1,2.393281013E-1,-1.031874418E-1
3.476892617E1,2.799923122E-1,2.067547143E-1,-1.021773070E-1
3.477886517E1,2.608411014E-1,1.725946814E-1,-1.039099023E-1
3.478880517E1,2.443524003E-1,1.377442777E-1,-1.073184758E-1
3.479874517E1,2.235303670E-1,1.038198099E-1,-1.058356911E-1
3.480868417E1,2.037225813E-1,6.913719326E-2,-1.103801057E-1
3.481862417E1,1.836583316E-1,4.541485384E-2,-1.108383462E-1
3.482856317E1,1.616587490E-1,2.760070190E-2,-1.139523834E-1
3.483850317E1,1.391598135E-1,1.101712137E-2,-1.128505990E-1
3.484844317E1,1.187858358E-1,-1.784428023E-3,-1.113222092E-1
3.485838217E1,1.008887291E-1,-1.151680946E-2,-1.105677113E-1
3.486832217E1,8.421627432E-2,-1.902452670E-2,-1.080150753E-1
3.487826117E1,6.879513711E-2,-2.102482319E-2,-1.085646152E-1
3.488820117E1,6.130259484E-2,-2.919486910E-2,-1.074783206E-1
3.489814117E1,5.774592608E-2,-3.831044957E-2,-1.064999253E-1
3.490808017E1,5.850519612E-2,-5.046884343E-2,-1.019871980E-1
3.491802017E1,7.048688829E-2,-5.746402964E-2,-9.910537302E-2
3.492795917E1,8.330654353E-2,-6.346732378E-2,-8.967138827E-2
3.493789917E1,9.171549231E-2,-6.104087457E-2,-8.252412081E-2
3.494783917E1,9.966502339E-2,-5.843843520E-2,-7.402624190E-2
3.495777817E1,1.104950383E-1,-4.923876002E-2,-6.267943978E-2
3.496771817E1,1.153686270E-1,-4.105486721E-2,-5.849294737E-2
3.497765717E1,1.226033792E-1,-2.664791234E-2,-5.424347520E-2
3.498759717E1,1.266484559E-1,-1.948161237E-2,-4.990305007E-2
3.499753717E1,1.215997562E-1,-1.720318757E-2,-4.540668800E-2
3.500747617E1,1.255236566E-1,-1.438716054E-2,-4.250437394E-2
3.501741617E1,1.272392571E-1,-1.248016953E-2,-3.714131564E-2
3.502735517E1,1.272810698E-1,-1.794124767E-2,-3.390797228E-2
3.503729517E1,1.257822365E-1,-2.159026265E-2,-2.597187832E-2
3.504723517E1,1.241372153E-1,-2.517807484E-2,-2.083677053E-2
3.505717417E1,1.187964976E-1,-2.187288739E-2,-1.470369659E-2
3.506711417E1,1.135641783E-1,-2.397385612E-2,-1.123253256E-2
3.507705317E1,1.088810265E-1,-1.956547797E-2,-8.068824187E-3
3.508699317E1,1.030199379E-1,-1.586315222E-2,-8.793735877E-3
3.509693317E1,1.010718346E-1,-9.729923680E-3,-7.809791714E-3
3.510687217E1,9.305384755E-2,-5.631318316E-3,-2.343653701E-3
3.511681217E1,9.117473662E-2,-6.597748026E-3,-1.222919673E-5
3.512675117E1,8.293544501E-2,-8.954912424E-3,-4.525203258E-5
3.513669117E1,7.522916049E-2,-5.358559545E-3,3.780029248E-3
3.514663117E1,6.829109788E-2,-2.061832231E-3,8.534571156E-3
3.515657017E1,6.408597529E-2,-4.507383332E-3,8.613226004E-3
3.516651017E1,5.476463959E-2,-2.001615241E-3,7.765009068E-3
3.517644917E1,4.606651142E-2,-3.605545033E-3,1.400134899E-2
3.518638917E1,3.506019711E-2,-2.991952933E-3,1.405727491E-2
3.519632917E1,2.863251977E-2,-9.404751472E-3,1.246085856E-2
3.520626817E1,2.065235749E-2,-1.242131367E-2,1.232876629E-2
3.521620817E1,1.416407898E-2,-1.243576966E-2,8.690388873E-3
3.522614717E1,1.094245259E-2,-1.545526087E-2,1.018016133E-2
3.523608717E1,6.769189145E-3,-2.305315994E-2,1.121095102E-2
3.524602717E1,1.457514241E-3,-2.751049399E-2,1.501367800E-2
3.525596617E1,-4.032603465E-3,-2.163271606E-2,1.958555728E-2
3.526590617E1,-8.785280399E-3,-2.432091162E-2,2.371159196E-2
3.527584517E1,-1.040518563E-2,-1.871631667E-2,2.100319974E-2
3.528578517E1,-1.968736574E-2,-1.367655117E-2,2.028494701E-2
3.529572517E1,-2.477597073E-2,-8.255956694E-3,2.090852335E-2
3.530566417E1,-2.650356293E-2,-2.893415745E-3,1.752897166E-2
3.531560417E1,-3.069883585E-2,8.262535557E-4,1.872589067E-2
3.532554317E1,-3.134758025E-2,4.203940742E-3,2.179624885E-2
3.533548317E1,-3.295039758E-2,1.280498691E-3,1.898593083E-2
3.534542317E1,-3.030108474E-2,-1.295577269E-3,2.070926502E-2
3.535536217E1,-3.139912337E-2,-5.248324480E-3,1.968530938E-2
3.536530217E1,-3.044783883E-2,-2.311923075E-3,2.150211856E-2
3.537524117E1,-3.114091791E-2,-2.705613617E-3,2.659078315E-2
3.538518117E1,-2.651766874E-2,-2.189759631E-3,2.498063818E-2
3.539512117E1,-2.923181839E-2,1.408400945E-3,3.082333691E-2
3.540506017E1,-2.891090699E-2,3.583137877E-3,3.498106450E-2
3.541500017E1,-3.573302925E-2,7.149286568E-3,4.193740711E-2
3.542493917E1,-4.244818911E-2,1.473903004E-2,4.411347583E-2
3.543487917E1,-5.053609237E-2,1.673302054E-2,4.788514599E-2
3.544481917E1,-5.722968280E-2,2.149342000E-2,5.145937577E-2
3.545475817E1,-5.517050251E-2,2.048843354E-2,5.681314319E-2
3.546469817E1,-5.748559162E-2,2.248287573E-2,5.919986963E-2
3.547463717E1,-5.856950581E-2,2.712018974E-2,6.151827797E-2
3.548457717E1,-6.206357479E-2,2.773378231E-2,6.609571725E-2
3.549451717E1,-6.807617098E-2,2.661213651E-2,7.600876689E-2
3.550445617E1,-7.259715348E-2,2.776235715E-2,8.166718483E-2
3.551439617E1,-7.962524891E-2,2.242667973E-2,8.919744939E-2
3.552433504E1,-8.484050632E-2,2.402297780E-2,9.762422740E-2
3.553427504E1,-9.513455629E-2,2.505005151E-2,1.068934202E-1
3.554421504E1,-1.069549993E-1,2.289182693E-2,1.150594726E-1
3.555415404E1,-1.147699058E-1,2.344994806E-2,1.259362549E-1
3.556409404E1,-1.210986376E-1,2.459138073E-2,1.403447539E-1
3.557403304E1,-1.326152235E-1,2.527068555E-2,1.539213657E-1
3.558397304E1,-1.435520202E-1,2.802146599E-2,1.650997251E-1
3.559391304E1,-1.569294780E-1,2.844321728E-2,1.811983734E-1
3.560385204E1,-1.770917326E-1,3.548941016E-2,1.954779774E-1
3.561379204E1,-1.940206438E-1,3.847722709E-2,2.146498561E-1
3.562373104E1,-2.105543464E-1,4.488825426E-2,2.309715748E-1
3.563367104E1,-2.330095917E-1,5.237201974E-2,2.579355836E-1
3.564361004E1,-2.639954686E-1,6.270641088E-2,2.977104485E-1
3.565355004E1,-2.957622111E-1,8.045998216E-2,3.490235806E-1
3.566349004E1,-3.355644941E-1,9.414090961E-2,4.127431512E-1
3.567342904E1,-3.808198571E-1,9.793721884E-2,4.747305512E-1
3.568336904E1,-4.277266562E-1,1.009955928E-1,5.246749520E-1
3.569330804E1,-4.779118896E-1,1.052501872E-1,5.523203611E-1
3.570324804E1,-5.210170150E-1,1.057213023E-1,5.766531825E-1
3.571318804E1,-5.667823553E-1,1.039021313E-1,6.018605828E-1
3.572312704E1,-6.200903654E-1,8.889548481E-2,6.345439553E-1
3.573306704E1,-6.779323816E-1,7.813177258E-2,6.759339571E-1
3.574300604E1,-7.388314009E-1,7.589578629E-2,7.114610076E-1
3.575294604E1,-7.986234426E-1,7.858628035E-2,7.490721941E-1
3.576288604E1,-8.530794978E-1,8.510863036E-2,7.870158553E-1
3.577282504E1,-9.054036736E-1,1.021347195E-1,8.175712824E-1
3.578276504E1,-9.520721436E-1,1.162859574E-1,8.476018906E-1
3.579270404E1,-9.937124252E-1,1.322547793E-1,8.751291633E-1
3.580264404E1,-1.027088284E0,1.484651715E-1,9.017778039E-1
3.581258404E1,-1.049816728E0,1.591713130E-1,9.271956682E-1
3.582252304E1,-1.065425754E0,1.629378200E-1,9.463230371E-1
3.583246304E1,-1.075676322E0,1.703639477E-1,9.648070335E-1
3.584240204E1,-1.081439137E0,1.790495813E-1,9.825772047E-1
3.585234204E1,-1.087475657E0,1.863551438E-1,9.996078014E-1
3.586228204E1,-1.096212387E0,1.940455586E-1,1.020821452E0
3.587222104E1,-1.108255029E0,2.064021677E-1,1.039220095E0
3.588216104E1,-1.112830043E0,2.234493196E-1,1.051698923E0
3.589210004E1,-1.123090148E0,2.447436452E-1,1.062897921E0
3.590204004E1,-1.132369637E0,2.724381089E-1,1.081668139E0
3.591198004E1,-1.144429564E0,3.034860492E-1,1.093755484E0
3.592191904E1,-1.158206940E0,3.350343704E-1,1.103396416E0
3.593185904E1,-1.170442700E0,3.658951819E-1,1.103403449E0
3.594179804E1,-1.175915956E0,3.907389939E-1,1.099879622E0
3.595173804E1,-1.174090743E0,4.047059715E-1,1.092935205E0
3.596167804E1,-1.170764685E0,4.158875346E-1,1.095669746E0
3.597161704E1,-1.167488575E0,4.343299568E-1,1.099896908E0
3.598155704E1,-1.171358943E0,4.658000171E-1,1.110938430E0
3.599149604E1,-1.163488507E0,5.137889981E-1,1.127344847E0
3.600143604E1,-1.151608944E0,5.930467844E-1,1.137658715E0
3.601137604E1,-1.143402338E0,6.936540604E-1,1.143570423E0
3.602131504E1,-1.139312506E0,7.889518142E-1,1.146851897E0
3.603125504E1,-1.142377734E0,8.644158840E-1,1.156291842E0
3.604119404E1,-1.150655627E0,9.113924503E-1,1.173907638E0
3.605113404E1,-1.167573810E0,9.271209836E-1,1.201315284E0
3.606107404E1,-1.188929439E0,9.106040597E-1,1.234261036E0
3.607101304E1,-1.212643147E0,8.711087108E-1,1.261414170E0
3.608095304E1,-1.229244232E0,8.249092698E-1,1.284779906E0
3.609089204E1,-1.235350490E0,7.540747523E-1,1.297788501E0
3.610083204E1,-1.238298297E0,6.717143655E-1,1.306799889E0
3.611077204E1,-1.246253848E0,6.113257408E-1,1.311328292E0
3.612071104E1,-1.259634852E0,5.849735141E-1,1.318816900E0
3.613065104E1,-1.280011415E0,5.982543826E-1,1.322616458E0
3.614059004E1,-1.299049377E0,6.267536879E-1,1.332796097E0
3.615053004E1,-1.317563534E0,6.684507132E-1,1.340657353E0
3.616047004E1,-1.338183284E0,7.240940332E-1,1.350131750E0
3.617040904E1,-1.362050772E0,7.631028891E-1,1.359046459E0
3.618034904E1,-1.383563757E0,7.905268073E-1,1.360685945E0
3.619028804E1,-1.397701144E0,7.974737883E-1,1.361145258E0
3.620022804E1,-1.403310776E0,7.820444703E-1,1.351246595E0
3.621016804E1,-1.411269546E0,7.499250174E-1,1.338818908E0
3.622010704E1,-1.415749550E0,7.129105330E-1,1.321645260E0
3.623004704E1,-1.416880250E0,6.682250500E-1,1.310705543E0
3.623998604E1,-1.405803084E0,6.306835413E-1,1.302803636E0
3.624992604E1,-1.391430020E0,6.033099890E-1,1.299269676E0
3.625986604E1,-1.371263981E0,5.918128490E-1,1.292316675E0
3.626980504E1,-1.363191962E0,5.898410678E-1,1.288319826E0
3.627974504E1,-1.349881530E0,6.054703593E-1,1.285487771E0
3.628968404E1,-1.344696164E0,6.316531301E-1,1.279469132E0
3.629962404E1,-1.341715097E0,6.563510299E-1,1.276131153E0
3.630956404E1,-1.338042855E0,6.806932688E-1,1.271448374E0
3.631950304E1,-1.329592705E0,7.018592358E-1,1.268848538E0
3.632944304E1,-1.313011408E0,7.105052471E-1,1.261467934E0
3.633938204E1,-1.291661382E0,7.003516555E-1,1.249748707E0
3.634932204E1,-1.266432166E0,6.731979251E-1,1.241118193E0
3.635926204E1,-1.239246964E0,6.412831545E-1,1.231716156E0
3.636920104E1,-1.201025724E0,6.095867157E-1,1.218176126E0
3.637914104E1,-1.168678761E0,5.907214284E-1,1.208196521E0
3.638908004E1,-1.139854789E0,5.818786621E-1,1.195224762E0
3.639902004E1,-1.110431910E0,5.790221095E-1,1.186002254E0
3.640896004E1,-1.083150387E0,5.779914260E-1,1.178800106E0
3.641889904E1,-1.047992468E0,5.617381334E-1,1.165695786E0
3.642883904E1,-1.012981415E0,5.499922633E-1,1.143725753E0
3.643877804E1,-9.722854495E-1,5.339049101E-1,1.118291259E0
3.644871804E1,-9.281392097E-1,5.142385960E-1,1.090653419E0
3.645865804E1,-8.837373853E-1,4.951424003E-1,1.064171553E0
3.646859704E1,-8.449651599E-1,4.840362668E-1,1.035615087E0
3.647853704E1,-8.004813194E-1,4.824130535E-1,1.008385897E0
3.648847604E1,-7.602032423E-1,4.775771797E-1,9.798219800E-1
3.649841604E1,-7.129063010E-1,4.815871119E-1,9.511376023E-1
3.650835604E1,-6.575568914E-1,4.892114699E-1,9.234614372E-1
3.651829504E1,-6.091334820E-1,5.021938682E-1,8.933719397E-1
3.652823538E1,-5.599918962E-1,5.210101008E-1,8.574920297E-1
3.653817438E1,-5.062676668E-1,5.467703342E-1,8.171746731E-1
3.654811438E1,-4.561904669E-1,5.852732062E-1,7.782638073E-1
3.655805437E1,-4.182747602E-1,6.149701476E-1,7.478899360E-1
3.656799338E1,-3.841092288E-1,6.324453354E-1,7.252075076E-1
3.657793338E1,-3.585650027E-1,6.334354877E-1,7.020851970E-1
3.658787238E1,-3.358318210E-1,6.105926633E-1,6.843160987E-1
3.659781238E1,-3.079767823E-1,5.734045506E-1,6.655141711E-1
3.660775238E1,-2.897879481E-1,5.327836275E-1,6.445601583E-1
3.661769138E1,-2.723551393E-1,4.938074350E-1,6.179570556E-1
3.662763138E1,-2.523312271E-1,4.609929621E-1,5.962082148E-1
3.663757038E1,-2.371309698E-1,4.409047365E-1,5.715519190E-1
3.664751038E1,-2.184583545E-1,4.386531115E-1,5.496880412E-1
3.665745038E1,-2.054914236E-1,4.455493689E-1,5.303345919E-1
3.666738938E1,-1.955077648E-1,4.579082429E-1,5.147465467E-1
3.667732938E1,-1.864058822E-1,4.509810805E-1,4.942649901E-1
3.668726838E1,-1.784796417E-1,4.376726449E-1,4.745012522E-1
3.669720838E1,-1.704102755E-1,4.072771966E-1,4.494443536E-1
3.670714838E1,-1.637246609E-1,3.641199172E-1,4.191044867E-1
3.671708738E1,-1.557724625E-1,3.141744435E-1,3.844644725E-1
3.672702738E1,-1.462639123E-1,2.729095817E-1,3.495616317E-1
3.673696637E1,-1.314423531E-1,2.337627113E-1,3.104789257E-1
3.674690638E1,-1.199079454E-1,2.079785168E-1,2.701658607E-1
3.675684638E1,-1.083692610E-1,1.940605640E-1,2.351682037E-1
3.676678538E1,-9.925631434E-2,1.865743697E-1,2.001441121E-1
3.677672538E1,-1.033402756E-1,1.786538661E-1,1.699768901E-1
3.678666438E1,-1.173004434E-1,1.642701477E-1,1.440115720E-1
3.679660438E1,-1.184964627E-1,1.421779096E-1,1.229014918E-1
3.680654438E1,-1.223403364E-1,1.237791032E-1,9.290593863E-2
3.681648338E1,-1.257507801E-1,1.104654297E-1,6.525007635E-2
3.682642338E1,-1.237476915E-1,1.020155922E-1,4.881430417E-2
3.683636238E1,-1.282385737E-1,9.301171452E-2,3.998086601E-2
3.684630238E1,-1.301893443E-1,8.770804852E-2,3.650708497E-2
3.685624238E1,-1.318314373E-1,8.903936297E-2,3.661148250E-2
3.686618138E1,-1.322171986E-1,9.365563095E-2,3.536080942E-2
3.687612138E1,-1.328291893E-1,9.517417103E-2,3.026804700E-2
3.688606038E1,-1.351882368E-1,1.002944261E-1,3.245713562E-2
3.689600038E1,-1.355397701E-1,1.002584770E-1,3.608569130E-2
3.690594037E1,-1.376111805E-1,9.757614881E-2,3.507027403E-2
3.691587938E1,-1.321998984E-1,9.143943340E-2,3.964851424E-2
3.692581937E1,-1.296684295E-1,8.606133610E-2,4.024166986E-2
3.693575838E1,-1.235583425E-1,8.032248914E-2,4.137538001E-2
3.694569837E1,-1.203369796E-1,7.850755006E-2,4.409499839E-2
3.695563838E1,-1.096355990E-1,7.828410715E-2,4.605002329E-2
3.696557737E1,-1.056877226E-1,8.218652010E-2,4.828039184E-2
3.697551738E1,-8.849488944E-2,8.558204770E-2,4.372345656E-2
3.698545637E1,-8.180409670E-2,8.651456237E-2,4.868574440E-2
3.699539638E1,-6.996181607E-2,8.579497039E-2,5.393190682E-2
3.700533638E1,-6.469064206E-2,8.830938488E-2,6.038459018E-2
3.701527538E1,-5.160307139E-2,8.751975745E-2,6.532262266E-2
3.702521538E1,-3.550998122E-2,8.141143620E-2,6.830041856E-2
3.703515438E1,-2.248179726E-2,7.162857801E-2,6.371525675E-2
3.704509438E1,-1.314328983E-2,6.008924916E-2,5.735512078E-2
3.705503438E1,-2.016068902E-3,4.455369711E-2,5.002477020E-2
3.706497338E1,3.536756616E-3,2.828165516E-2,4.443428293E-2
3.707491338E1,1.105166413E-2,1.492590550E-2,3.330653161E-2
3.708485238E1,1.269564405E-2,1.144521683E-2,2.571697906E-2
3.709479238E1,1.522325072E-2,7.357797585E-3,1.579164341E-2
3.710473238E1,1.670237631E-2,1.399922278E-2,7.766833529E-3
3.711467138E1,1.439927425E-2,1.307324227E-2,3.236530349E-3
3.712461138E1,1.382562146E-2,8.687231690E-3,2.570864744E-3
3.713455038E1,1.672047749E-2,2.811765298E-3,-1.751711592E-3
3.714449038E1,1.341511309E-2,-2.174436580E-3,-5.354789086E-3
3.715443037E1,1.248726808E-2,-1.691769622E-2,-1.130215917E-2
3.716436938E1,1.335037686E-2,-1.954776049E-2,-1.641914062E-2
3.717430937E1,1.148083806E-2,-1.518763229E-2,-2.226877585E-2
3.718424838E1,3.909346648E-3,-1.750172675E-2,-2.071705274E-2
3.719418837E1,1.857380848E-3,-1.973159239E-2,-2.376211062E-2
3.720412838E1,2.308119554E-3,-1.214279141E-2,-2.225744724E-2
3.721406737E1,-2.332171891E-3,-1.108551584E-2,-2.428464592E-2
3.722400738E1,-8.854527026E-3,-9.037328884E-3,-2.401767299E-2
3.723394738E1,-7.370613981E-3,-4.526732489E-3,-1.807722636E-2
3.724388638E1,-1.235830877E-2,-5.579157732E-4,-7.157614455E-3
3.725382638E1,-2.272413298E-2,1.523078419E-3,2.384491265E-3
3.726376538E1,-2.909722552E-2,-9.818463586E-4,1.905215904E-2
3.727370538E1,-3.111350164E-2,6.314416416E-3,2.826642990E-2
3.728364438E1,-2.920879796E-2,8.382441476E-3,3.372907266E-2
3.729358438E1,-2.452855557E-2,2.748257481E-3,3.575067967E-2
3.730352438E1,-2.422428317E-2,-2.673128620E-4,3.832319006E-2
3.731346338E1,-2.035790682E-2,-1.890776213E-3,3.787870705E-2
3.732340338E1,-2.298072539E-2,-1.949808560E-3,4.208132625E-2
3.733334338E1,-2.402468398E-2,-4.985545762E-3,4.148291424E-2
3.734328238E1,-2.609833702E-2,-7.811348420E-3,3.909140453E-2
3.735322238E1,-1.938264444E-2,-8.227334358E-3,2.985742502E-2
3.736316138E1,-2.132533863E-2,-5.368132144E-3,1.999126934E-2
3.737310138E1,-1.927896589E-2,-5.063466262E-3,1.459543966E-2
3.738304137E1,-8.478604257E-3,-1.417479478E-3,8.793137036E-3
3.739298038E1,-1.791939139E-3,7.966968231E-3,-2.229686826E-3
3.740292038E1,1.157609280E-3,1.389267575E-2,-1.211783756E-2
3.741285938E1,4.171242472E-3,2.121663466E-2,-1.635625958E-2
3.742279938E1,6.286357995E-3,2.239608020E-2,-1.967452839E-2
3.743273938E1,1.570166089E-3,2.052148059E-2,-1.473170053E-2
3.744267838E1,-3.753893543E-3,2.162814885E-2,-1.970145106E-2
3.745261838E1,-5.746470299E-3,2.624287456E-2,-2.401443943E-2
3.746255738E1,-7.010283880E-3,3.757388145E-2,-2.628126740E-2
3.747249738E1,-7.533861324E-3,5.070353299E-2,-2.873696759E-2
3.748243738E1,-1.189735811E-2,6.066850945E-2,-2.808476239E-2
3.749237638E1,-1.535387430E-2,7.271824777E-2,-2.571534738E-2
3.750231638E1,-2.437275089E-2,7.335326821E-2,-2.210706100E-2
3.751225538E1,-2.852168866E-2,7.395701110E-2,-1.866758615E-2
3.752219538E1,-2.743165754E-2,7.173675299E-2,-1.505735796E-2
3.753213488E1,-2.387686819E-2,6.596728414E-2,-1.666137949E-2
3.754207387E1,-1.710314304E-2,6.292178482E-2,-1.807092875E-2
3.755201388E1,-1.204073988E-2,6.185492501E-2,-1.463545021E-2
3.756195288E1,-6.762600038E-3,5.713246763E-2,-1.459432766E-2
3.757189288E1,-1.496731769E-3,5.619636923E-2,-1.213596389E-2
3.758183288E1,6.171968300E-3,5.819223821E-2,-1.401680708E-2
3.759177188E1,1.220962033E-2,5.297430232E-2,-1.528393850E-2
3.760171188E1,1.234596316E-2,5.042212829E-2,-1.391472854E-2
3.761165088E1,9.375207126E-3,4.154181853E-2,-8.343663067E-3
3.762159088E1,1.455626823E-2,3.490304947E-2,-5.632443354E-4
3.763153088E1,1.432670373E-2,2.852451056E-2,3.108988050E-3
3.764146988E1,1.176581159E-2,2.083386853E-2,9.787491523E-3
3.765140988E1,5.376089364E-3,1.627613604E-2,1.385839935E-2
3.766134888E1,1.899309922E-3,1.582617685E-2,2.132095397E-2
3.767128888E1,-1.258133445E-3,1.935167238E-2,1.902530715E-2
3.768122888E1,-6.874147803E-4,1.429301035E-2,1.786954328E-2
3.769116788E1,4.191286862E-4,1.266848203E-2,1.385589316E-2
3.770110788E1,1.492937561E-3,6.719685160E-3,1.378712058E-2
3.771104688E1,2.165119164E-3,3.479950130E-3,1.223316602E-2
3.772098688E1,-3.125546500E-4,-2.529367805E-3,9.932390414E-3
3.773092688E1,2.983743325E-4,-1.893404871E-3,1.011321880E-2
3.774086588E1,-6.831507199E-4,-3.628980834E-3,6.805753335E-3
3.775080588E1,-1.203531865E-3,-1.799655613E-3,8.001512848E-3
3.776074488E1,4.594042432E-3,-5.350126885E-4,9.074884467E-3
3.777068488E1,4.443307407E-3,3.509529866E-3,1.297535002E-2
3.778062488E1,6.406312808E-3,5.744922906E-3,8.767101914E-3
3.779056388E1,9.037249722E-3,5.700981244E-3,2.015189268E-3
3.780050388E1,8.096748963E-3,4.506662488E-3,1.990618184E-3
3.781044288E1,8.583841845E-3,-1.534185838E-3,3.440708853E-3
3.782038288E1,5.200326443E-3,-2.472710330E-3,6.203596946E-3
3.783032288E1,6.172913127E-3,3.617405891E-3,6.036616862E-3
3.784026188E1,4.543854855E-3,9.551424533E-3,4.215719644E-3
3.785020188E1,4.839731846E-3,1.760269329E-2,4.621851724E-3
3.786014088E1,4.604162648E-3,2.217429504E-2,5.612774752E-3
3.787008087E1,-2.178642899E-3,2.723723091E-2,1.610043459E-3
3.788002088E1,-3.371865954E-3,2.734978870E-2,-2.715878189E-3
3.788995987E1,-1.356118824E-3,2.779666707E-2,-5.550812930E-3
3.789989988E1,1.382261515E-3,2.479053661E-2,-8.508779109E-3
3.790983887E1,3.627839033E-3,2.026529238E-2,-1.108059287E-2
3.791977888E1,7.525673136E-4,1.835785992E-2,-5.720018409E-3
3.792971888E1,2.470039763E-3,1.763827354E-2,-2.170023508E-3
3.793965788E1,2.662449144E-3,1.892708614E-2,-3.298502415E-4
3.794959788E1,5.693659186E-3,1.952682994E-2,4.207909573E-3
3.795953688E1,3.974457271E-3,1.947557181E-2,7.922243327E-3
3.796947688E1,1.811704133E-3,1.795810275E-2,1.184268296E-2
3.797941688E1,4.455297254E-3,1.169319171E-2,1.205638703E-2
3.798935588E1,4.265147261E-3,1.220345404E-2,1.507614553E-2
3.799929588E1,5.353981629E-3,7.099913433E-3,1.263910998E-2
3.800923488E1,5.198453087E-3,4.662854597E-3,9.732003324E-3
3.801917488E1,6.345210131E-3,-1.355889253E-3,7.255263627E-3
3.802911488E1,3.555282485E-3,-2.410501242E-3,1.620281488E-3
3.803905388E1,9.121548384E-3,6.664637476E-4,-2.600970678E-3
3.804899388E1,1.152664982E-2,-2.809493802E-3,-7.334738970E-3
3.805893288E1,7.401011884E-3,-6.730873603E-3,-7.838367485E-3
3.806887288E1,7.865200751E-3,-6.497047842E-3,-6.479888223E-3
3.807881287E1,8.542319760E-3,-6.022795103E-3,-8.497288451E-3
3.808875188E1,7.735115942E-3,-8.145067841E-3,-5.999242887E-3
3.809869187E1,6.753336173E-3,-9.254184552E-3,-7.701918483E-3
3.810863188E1,3.822261235E-3,-6.753742695E-3,-4.579628818E-3
3.811857087E1,7.539100479E-3,-9.556328878E-3,-2.833151259E-3
3.812851088E1,7.239494938E-3,-7.030054927E-3,-1.324470155E-3
3.813844987E1,1.016738079E-2,-4.553263076E-3,-6.289780140E-4
3.814838988E1,1.490700804E-2,-3.188368864E-4,-2.448449843E-3
3.815832988E1,2.002973296E-2,-6.310832687E-4,-5.731039681E-3
3.816826888E1,1.897405647E-2,2.553790808E-3,-5.900415592E-3
3.817820888E1,1.859799773E-2,8.757225238E-3,-3.631244414E-3
3.818814788E1,1.730503328E-2,1.620219089E-3,-2.692746930E-3
3.819808788E1,1.719438843E-2,4.754494876E-5,9.391689673E-4
3.820802788E1,1.717148535E-2,-2.678732388E-3,3.640946001E-3
3.821796688E1,1.899589598E-2,-5.302250851E-3,7.751794066E-3
3.822790688E1,1.954850182E-2,-4.066810478E-3,6.424859166E-4
3.823784588E1,1.983478665E-2,-3.827976994E-3,2.535319887E-3
3.824778588E1,1.835886203E-2,-2.043126617E-3,2.716947347E-3
3.825772588E1,1.792422868E-2,-3.704293631E-4,-3.750367090E-3
3.826766488E1,1.925261319E-2,-2.941711340E-3,-7.158147171E-3
3.827760488E1,1.537464187E-2,-1.261503622E-2,-1.319383457E-2
3.828754388E1,1.316022314E-2,-2.106844261E-2,-1.441009901E-2
3.829748388E1,1.407010853E-2,-2.034621686E-2,-1.759067550E-2
3.830742387E1,1.197553240E-2,-2.185622789E-2,-1.620476693E-2
3.831736288E1,1.238843333E-2,-2.178139985E-2,-1.890880615E-2
3.832730287E1,1.288697682E-2,-1.794751361E-2,-1.593538746E-2
3.833724188E1,1.831556670E-2,-1.588727534E-2,-2.083155885E-2
3.834718187E1,2.658095397E-2,-1.632110588E-2,-2.462123707E-2
3.835712188E1,3.213034198E-2,-2.512016520E-2,-3.456423432E-2
3.836706087E1,4.620674625E-2,-3.552353755E-2,-4.251803458E-2
3.837700088E1,5.552618951E-2,-4.921311885E-2,-5.295054615E-2
3.838693988E1,7.190249860E-2,-6.164555252E-2,-6.173658371E-2
3.839687988E1,8.653538674E-2,-7.920621336E-2,-6.897186488E-2
3.840681988E1,9.762398899E-2,-9.730052203E-2,-7.804232091E-2
3.841675888E1,1.163018048E-1,-1.104871333E-1,-9.345074743E-2
3.842669888E1,1.286143959E-1,-1.287364513E-1,-1.104188114E-1
3.843663788E1,1.477795690E-1,-1.493528336E-1,-1.348041892E-1
3.844657788E1,1.643076688E-1,-1.712783724E-1,-1.588453352E-1
3.845651788E1,1.798997819E-1,-1.856256872E-1,-1.852365136E-1
3.846645688E1,1.991578937E-1,-2.062396109E-1,-2.072480768E-1
3.847639688E1,2.189515829E-1,-2.296125591E-1,-2.345445901E-1
3.848633588E1,2.320082635E-1,-2.489753366E-1,-2.571343184E-1
3.849627588E1,2.491639704E-1,-2.607619464E-1,-2.825306356E-1
3.850621588E1,2.620060146E-1,-2.770810127E-1,-3.056277037E-1
3.851615488E1,2.797376215E-1,-2.941094339E-1,-3.323384225E-1
3.852609538E1,2.947165668E-1,-3.046156168E-1,-3.604875207E-1
3.853603538E1,3.081338406E-1,-3.235981762E-1,-3.851321042E-1
3.854597438E1,3.216727972E-1,-3.436922431E-1,-4.096228182E-1
3.855591437E1,3.315257132E-1,-3.603433967E-1,-4.366251230E-1
3.856585338E1,3.394422233E-1,-3.793857992E-1,-4.685449898E-1
3.857579337E1,3.426374793E-1,-3.997230232E-1,-5.035218596E-1
3.858573338E1,3.387410045E-1,-4.249479473E-1,-5.366840959E-1
3.859567237E1,3.339181244E-1,-4.468924105E-1,-5.710762739E-1
3.860561238E1,3.266104162E-1,-4.558244050E-1,-6.049125791E-1
3.861555137E1,3.234492838E-1,-4.555055499E-1,-6.332401633E-1
3.862549138E1,3.113537431E-1,-4.438203871E-1,-6.579676270E-1
3.863543138E1,2.935511768E-1,-4.317733049E-1,-6.764771342E-1
3.864537038E1,2.793229520E-1,-4.184151590E-1,-6.889224052E-1
3.865531038E1,2.711005509E-1,-4.044045210E-1,-7.001892328E-1
3.866524938E1,2.619856298E-1,-4.075603485E-1,-7.067453861E-1
3.867518938E1,2.593064904E-1,-4.010063708E-1,-7.149435282E-1
3.868512938E1,2.581112385E-1,-3.995333612E-1,-7.286641598E-1
3.869506838E1,2.576231062E-1,-3.978020847E-1,-7.435106635E-1
3.870500838E1,2.670310140E-1,-4.017574191E-1,-7.604984641E-1
3.871494738E1,2.731119394E-1,-4.002023339E-1,-7.787510753E-1
3.872488738E1,2.826625705E-1,-4.019951522E-1,-7.914359570E-1
3.873482738E1,2.868466675E-1,-3.991584182E-1,-7.998511791E-1
3.874476638E1,2.922773659E-1,-3.982065916E-1,-8.059208393E-1
3.875470638E1,2.973761261E-1,-3.966127634E-1,-8.085662127E-1
3.876464538E1,3.054966331E-1,-3.990412951E-1,-8.114810586E-1
3.877458538E1,3.185154796E-1,-3.996506333E-1,-8.181701303E-1
3.878452537E1,3.416037560E-1,-3.941948712E-1,-8.275423050E-1
3.879446438E1,3.656125367E-1,-3.948801458E-1,-8.420090675E-1
3.880440437E1,3.924135268E-1,-4.061786234E-1,-8.602083325E-1
3.881434338E1,4.117089510E-1,-4.221881330E-1,-8.754102588E-1
3.882428337E1,4.318435192E-1,-4.395985305E-1,-8.897231817E-1
3.883422338E1,4.462691844E-1,-4.518085420E-1,-9.006336927E-1
3.884416237E1,4.579146504E-1,-4.639706612E-1,-9.065334201E-1
3.885410238E1,4.704983532E-1,-4.609844387E-1,-9.053549170E-1
3.886404137E1,4.834149480E-1,-4.522087872E-1,-9.068515897E-1
3.887398138E1,4.995259941E-1,-4.395161867E-1,-9.153290391E-1
3.888392138E1,5.175156593E-1,-4.262078404E-1,-9.235880375E-1
3.889386038E1,5.248477459E-1,-4.247266650E-1,-9.279392362E-1
3.890380038E1,5.351973176E-1,-4.349835813E-1,-9.344949126E-1
3.891373938E1,5.285001993E-1,-4.545849562E-1,-9.358453155E-1
3.892367938E1,5.179929733E-1,-4.714494348E-1,-9.334931970E-1
3.893361938E1,4.956523478E-1,-4.936734140E-1,-9.244720340E-1
3.894355838E1,4.743225574E-1,-5.180024505E-1,-9.113909006E-1
3.895349838E1,4.588715434E-1,-5.236170888E-1,-9.108913541E-1
3.896343838E1,4.530559778E-1,-5.128789544E-1,-9.137918353E-1
3.897337738E1,4.547722936E-1,-4.988838434E-1,-9.185056686E-1
3.898331738E1,4.594269693E-1,-4.880439639E-1,-9.223057032E-1
3.899325638E1,4.566909373E-1,-4.844124913E-1,-9.225268364E-1
3.900319638E1,4.513915181E-1,-4.912174046E-1,-9.193334579E-1
3.901313637E1,4.382730722E-1,-4.984120429E-1,-9.072308540E-1
3.902307538E1,4.345944226E-1,-5.054693818E-1,-8.965691328E-1
3.903301537E1,4.311637282E-1,-5.129416585E-1,-8.940735459E-1
3.904295438E1,4.338375330E-1,-5.165036321E-1,-8.956466913E-1
3.905289438E1,4.371158779E-1,-5.049647093E-1,-9.022049904E-1
3.906283438E1,4.506633878E-1,-4.816335142E-1,-9.010100365E-1
3.907277338E1,4.604852796E-1,-4.447977841E-1,-8.939864635E-1
3.908271338E1,4.739550352E-1,-4.201094806E-1,-8.877111673E-1
3.909265238E1,4.811459482E-1,-4.002041817E-1,-8.814082742E-1
3.910259238E1,4.843417406E-1,-3.895286322E-1,-8.659561276E-1
3.911253238E1,4.874128699E-1,-3.896349669E-1,-8.427905440E-1
3.912247138E1,4.876594841E-1,-3.924430013E-1,-8.298422694E-1
3.913241138E1,4.940996766E-1,-3.976793885E-1,-8.226806521E-1
3.914235038E1,5.039989352E-1,-3.963645995E-1,-8.216156363E-1
3.915229038E1,5.218293667E-1,-3.849458694E-1,-8.273364305E-1
3.916223038E1,5.384187102E-1,-3.764501214E-1,-8.301932216E-1
3.917216938E1,5.583451390E-1,-3.576132059E-1,-8.286518455E-1
3.918210938E1,5.691868663E-1,-3.377742469E-1,-8.235105872E-1
3.919204838E1,5.829323530E-1,-3.216076791E-1,-8.131387234E-1
3.920198838E1,5.891929269E-1,-3.049629033E-1,-7.960436344E-1
3.921192838E1,6.030971408E-1,-2.941613197E-1,-7.778258324E-1
3.922186738E1,6.161498427E-1,-2.838905752E-1,-7.649718523E-1
3.923180738E1,6.280033588E-1,-2.760628760E-1,-7.587192655E-1
3.924174638E1,6.453841925E-1,-2.791822553E-1,-7.554145455E-1
3.925168638E1,6.584870815E-1,-2.768958211E-1,-7.584532499E-1
3.926162638E1,6.674717665E-1,-2.827108502E-1,-7.702555656E-1
3.927156538E1,6.704072356E-1,-2.903385758E-1,-7.804771662E-1
3.928150538E1,6.741982698E-1,-2.966598570E-1,-7.979887724E-1
3.929144438E1,6.781969666E-1,-2.890328765E-1,-8.108892441E-1
3.930138438E1,6.743170023E-1,-2.806228995E-1,-8.195520043E-1
3.931132438E1,6.737313867E-1,-2.717542648E-1,-8.247054219E-1
3.932126338E1,6.751708388E-1,-2.683760524E-1,-8.222422600E-1
3.933120338E1,6.806685925E-1,-2.639733255E-1,-8.267114162E-1
3.934114238E1,6.957668662E-1,-2.650415301E-1,-8.400432467E-1
3.935108238E1,7.050641179E-1,-2.736894786E-1,-8.583455086E-1
3.936102238E1,7.219645381E-1,-2.875911891E-1,-8.881872892E-1
3.937096138E1,7.415475845E-1,-3.059780896E-1,-9.228624105E-1
3.938090137E1,7.619620562E-1,-3.265840411E-1,-9.579733014E-1
3.939084138E1,7.781006098E-1,-3.370531499E-1,-9.892460108E-1
3.940078037E1,7.877391577E-1,-3.406041861E-1,-1.011801720E0
3.941072038E1,7.965538502E-1,-3.372049928E-1,-1.019511938E0
3.942065937E1,7.995911837E-1,-3.204502463E-1,-1.023820639E0
3.943059938E1,7.991186976E-1,-3.005347848E-1,-1.021175027E0
3.944053938E1,8.030300736E-1,-2.794763446E-1,-1.022264004E0
3.945047838E1,8.091273904E-1,-2.605760694E-1,-1.023768783E0
3.946041838E1,8.206468821E-1,-2.508893311E-1,-1.033253789E0
3.947035738E1,8.314845562E-1,-2.474912256E-1,-1.042844534E0
3.948029738E1,8.372510672E-1,-2.496286780E-1,-1.056116104E0
3.949023738E1,8.419262767E-1,-2.519187033E-1,-1.063117862E0
3.950017638E1,8.442829251E-1,-2.523314953E-1,-1.064268947E0
3.951011638E1,8.338604569E-1,-2.529933453E-1,-1.061526179E0
3.952005538E1,8.312739730E-1,-2.480358928E-1,-1.047159433E0
3.952999575E1,8.307114244E-1,-2.294922918E-1,-1.030892134E0
3.953993575E1,8.393552303E-1,-2.112501711E-1,-1.010835409E0
3.954987475E1,8.384824991E-1,-1.877030283E-1,-9.922208786E-1
3.955981475E1,8.389597535E-1,-1.681530327E-1,-9.782497287E-1
3.956975375E1,8.371554613E-1,-1.513075382E-1,-9.660978913E-1
3.957969375E1,8.391780853E-1,-1.357552111E-1,-9.608418941E-1
3.958963375E1,8.348649144E-1,-1.274164319E-1,-9.539095163E-1
3.959957275E1,8.262357116E-1,-1.188658103E-1,-9.407060742E-1
3.960951275E1,8.133814335E-1,-1.258539110E-1,-9.217826128E-1
3.961945175E1,7.992664576E-1,-1.300462633E-1,-9.002645612E-1
3.962939175E1,7.943233252E-1,-1.305842400E-1,-8.815047741E-1
3.963933175E1,7.829294801E-1,-1.276478320E-1,-8.602141142E-1
3.964927075E1,7.783412933E-1,-1.368408501E-1,-8.471121192E-1
3.965921075E1,7.704623342E-1,-1.428923458E-1,-8.331358433E-1
3.966915075E1,7.647551894E-1,-1.384256184E-1,-8.239855766E-1
3.967908975E1,7.545430064E-1,-1.258459240E-1,-8.143782020E-1
3.968902975E1,7.460102439E-1,-1.076136157E-1,-8.006471395E-1
3.969896875E1,7.353261709E-1,-8.738397807E-2,-7.844521999E-1
3.970890875E1,7.246530056E-1,-6.831979752E-2,-7.691596746E-1
3.971884875E1,7.171550989E-1,-4.877272621E-2,-7.556231022E-1
3.972878775E1,7.039412260E-1,-1.895281672E-2,-7.434141040E-1
3.973872775E1,6.905239224E-1,3.377523273E-3,-7.300690413E-1
3.974866675E1,6.777872443E-1,1.713046059E-2,-7.146405578E-1
3.975860675E1,6.612231731E-1,2.455082722E-2,-6.966022253E-1
3.976854675E1,6.534223557E-1,2.577590570E-2,-6.817404628E-1
3.977848575E1,6.451748013E-1,2.215000987E-2,-6.649519205E-1
3.978842575E1,6.368153095E-1,2.039098740E-2,-6.551713347E-1
3.979836475E1,6.302753687E-1,1.424201485E-2,-6.437634230E-1
3.980830475E1,6.202477813E-1,1.349228062E-2,-6.373922229E-1
3.981824475E1,6.083887219E-1,1.247388870E-2,-6.234417558E-1
3.982818375E1,5.953813195E-1,2.014194429E-2,-6.124782562E-1
3.983812375E1,5.815590024E-1,2.920095250E-2,-6.004348993E-1
3.984806275E1,5.696766376E-1,4.108388722E-2,-5.847696066E-1
3.985800275E1,5.610157251E-1,5.228541046E-2,-5.643916130E-1
3.986794275E1,5.465840697E-1,5.915515125E-2,-5.476930737E-1
3.987788175E1,5.367652774E-1,6.490518153E-2,-5.343160033E-1
3.988782175E1,5.249133706E-1,7.026149333E-2,-5.252534747E-1
3.989776075E1,5.071231723E-1,6.996295601E-2,-5.125169158E-1
3.990770075E1,4.894303977E-1,6.147507578E-2,-5.010769963E-1
3.991764075E1,4.717200994E-1,5.079553276E-2,-4.935157597E-1
3.992757975E1,4.618646502E-1,4.684532061E-2,-4.835576415E-1
3.993751975E1,4.430938959E-1,3.438865021E-2,-4.804880619E-1
3.994745875E1,4.366579652E-1,3.289115801E-2,-4.778946042E-1
3.995739875E1,4.281848669E-1,3.214494139E-2,-4.699676931E-1
3.996733875E1,4.229089022E-1,3.173793480E-2,-4.621448219E-1
3.997727775E1,4.080540538E-1,3.357471526E-2,-4.533308446E-1
3.998721775E1,3.949600756E-1,3.877916187E-2,-4.405562282E-1
3.999715775E1,3.900744915E-1,4.062100127E-2,-4.379993081E-1
4.000709675E1,3.817518651E-1,4.200816900E-2,-4.383531809E-1
4.001703675E1,3.806115091E-1,4.146248847E-2,-4.467171133E-1
4.002697575E1,3.811646104E-1,3.911523148E-2,-4.580308795E-1
4.003691575E1,3.827143013E-1,3.115664050E-2,-4.697567821E-1
4.004685575E1,3.749516010E-1,2.033889666E-2,-4.764418602E-1
4.005679475E1,3.713664412E-1,1.083407365E-2,-4.843448102E-1
4.006673475E1,3.690793216E-1,1.047874801E-3,-4.875945449E-1
4.007667375E1,3.647793829E-1,-4.810547456E-3,-4.929464459E-1
4.008661375E1,3.683524430E-1,-1.667728648E-2,-5.078313947E-1
4.009655375E1,3.826869130E-1,-2.794725075E-2,-5.241821408E-1
4.010649275E1,4.029900432E-1,-3.977684304E-2,-5.502602458E-1
4.011643275E1,4.303305745E-1,-5.592412129E-2,-5.820317268E-1
4.012637175E1,4.401399195E-1,-7.024750113E-2,-6.192169785E-1
4.013631175E1,4.473895729E-1,-7.597542554E-2,-6.436999440E-1
4.014625175E1,4.510426521E-1,-8.682405949E-2,-6.652089357E-1
4.015619075E1,4.532117844E-1,-8.640914410E-2,-6.679306626E-1
4.016613075E1,4.568257034E-1,-7.690048218E-2,-6.698148251E-1
4.017606975E1,4.666801989E-1,-5.867833272E-2,-6.625528932E-1
4.018600975E1,4.674117565E-1,-4.413754866E-2,-6.586654186E-1
4.019594975E1,4.638162255E-1,-2.155207843E-2,-6.519787312E-1
4.020588875E1,4.608694315E-1,6.719809026E-3,-6.452164054E-1
4.021582875E1,4.515917897E-1,3.167815506E-2,-6.358370185E-1
4.022576875E1,4.524850249E-1,4.998510331E-2,-6.261249781E-1
4.023570775E1,4.453687966E-1,5.886674672E-2,-6.157471538E-1
4.024564775E1,4.316003919E-1,5.067883432E-2,-5.995014906E-1
4.025558675E1,4.152823985E-1,3.546100110E-2,-5.815001130E-1
4.026552675E1,4.074198902E-1,2.043985203E-2,-5.679936409E-1
4.027546675E1,3.989731669E-1,4.575402476E-3,-5.516783595E-1
4.028540575E1,3.900698423E-1,-1.852675341E-3,-5.309317112E-1
4.029534575E1,3.819927275E-1,-1.695732586E-2,-5.139575005E-1
4.030528475E1,3.748630881E-1,-2.259102836E-2,-4.961037636E-1
4.031522475E1,3.671857119E-1,-1.715258695E-2,-4.774600267E-1
4.032516475E1,3.557530046E-1,-1.433618739E-2,-4.572291970E-1
4.033510375E1,3.386347592E-1,-7.997597568E-3,-4.362008870E-1
4.034504375E1,3.210095465E-1,-2.095058095E-3,-4.103654325E-1
4.035498275E1,3.043245673E-1,5.739961751E-3,-3.878260553E-1
4.036492275E1,2.899626791E-1,2.099037543E-2,-3.656158447E-1
4.037486275E1,2.771624625E-1,2.994871512E-2,-3.404769301E-1
4.038480175E1,2.613061368E-1,2.540916391E-2,-3.208306730E-1
4.039474175E1,2.459847033E-1,2.501048706E-2,-2.980358899E-1
4.040468075E1,2.290370017E-1,2.029573545E-2,-2.805613577E-1
4.041462075E1,2.190911621E-1,1.479018200E-2,-2.667877674E-1
4.042456075E1,2.124668360E-1,3.001925536E-3,-2.577814460E-1
4.043449975E1,2.044294178E-1,-7.190524600E-3,-2.450619340E-1
4.044443975E1,1.945946217E-1,-1.698713750E-2,-2.354970723E-1
4.045437975E1,1.838381141E-1,-2.136510611E-2,-2.246753126E-1
4.046431875E1,1.740850657E-1,-2.223684639E-2,-2.099578679E-1
4.047425875E1,1.561236382E-1,-2.528057247E-2,-1.995249391E-1
4.048419775E1,1.435043961E-1,-2.091121487E-2,-1.885358095E-1
4.049413775E1,1.303491741E-1,-1.890745200E-2,-1.742255837E-1
4.050407775E1,1.171578616E-1,-1.139862835E-2,-1.713815778E-1
4.051401675E1,1.026316509E-1,-1.066226512E-2,-1.623979360E-1
4.052395675E1,9.939965606E-2,-1.524290536E-3,-1.610886157E-1
4.053389454E1,9.158274531E-2,1.615043730E-3,-1.593836695E-1
4.054383454E1,8.850105852E-2,3.669444472E-3,-1.559732258E-1
4.055377454E1,8.421230316E-2,3.380961716E-4,-1.493749619E-1
4.056371354E1,8.294824511E-2,5.186325870E-3,-1.366717368E-1
4.057365354E1,8.028348535E-2,1.004606206E-2,-1.259431988E-1
4.058359254E1,7.859145105E-2,2.174234763E-2,-1.194446087E-1
4.059353254E1,8.035179973E-2,3.082345985E-2,-1.119052023E-1
4.060347254E1,8.120226860E-2,4.373876005E-2,-1.010315046E-1
4.061341154E1,8.004060388E-2,5.494108051E-2,-9.796967357E-2
4.062335154E1,7.780870050E-2,6.299840659E-2,-8.652265370E-2
4.063329054E1,7.380783558E-2,7.111892104E-2,-7.660530508E-2
4.064323054E1,7.323581725E-2,7.286901027E-2,-6.787482649E-2
4.065317054E1,6.670627743E-2,7.513163239E-2,-5.812872201E-2
4.066310954E1,6.198624149E-2,7.494571805E-2,-5.374059081E-2
4.067304954E1,6.037342921E-2,7.428099215E-2,-4.833038151E-2
4.068298854E1,5.788402632E-2,7.460353523E-2,-4.291137680E-2
4.069292854E1,5.724300444E-2,7.531912625E-2,-3.538501635E-2
4.070286854E1,5.457386374E-2,7.472705841E-2,-2.779825777E-2
4.071280754E1,5.837312713E-2,7.897719741E-2,-2.504561469E-2
4.072274754E1,5.539864674E-2,7.848159224E-2,-2.293740772E-2
4.073268754E1,5.589559302E-2,7.687970251E-2,-1.937516406E-2
4.074262654E1,5.180362985E-2,7.230642438E-2,-1.336415950E-2
4.075256654E1,3.981727362E-2,6.959293038E-2,-9.003500454E-3
4.076250554E1,3.605075926E-2,6.371317059E-2,-4.096985795E-3
4.077244554E1,3.481798247E-2,6.234323978E-2,3.456538077E-3
4.078238554E1,3.585556149E-2,5.216922984E-2,8.836577646E-3
4.079232454E1,3.130608425E-2,4.413101077E-2,1.402548049E-2
4.080226454E1,2.958449349E-2,3.643257171E-2,2.108791098E-2
4.081220354E1,2.995227650E-2,3.201598674E-2,2.219179086E-2
4.082214354E1,2.429438569E-2,3.385433182E-2,2.825118601E-2
4.083208354E1,2.172763273E-2,3.071233630E-2,3.190770745E-2
4.084202254E1,1.319672819E-2,2.846675739E-2,3.731472418E-2
4.085196254E1,8.944459260E-3,2.791921049E-2,4.297047853E-2
4.086190154E1,5.495802965E-3,2.158532664E-2,4.860344529E-2
4.087184154E1,1.164970454E-3,1.285015885E-2,5.374600738E-2
4.088178154E1,2.188145649E-3,2.803277224E-3,5.403521657E-2
4.089172054E1,3.671259852E-3,-2.081492916E-3,5.446664616E-2
4.090166054E1,4.490044899E-3,-9.258870967E-3,5.385698006E-2
4.091159954E1,3.901486518E-3,-9.517463855E-3,5.284151435E-2
4.092153954E1,-4.882014357E-3,-1.846792176E-2,5.773940682E-2
4.093147954E1,-1.026852429E-2,-1.955928653E-2,6.348624080E-2
4.094141854E1,-6.091349293E-3,-1.983700320E-2,6.478360295E-2
4.095135854E1,-4.784270655E-3,-1.832406037E-2,6.596445292E-2
4.096129854E1,3.197097918E-3,-1.703378931E-2,6.648216397E-2
4.097123754E1,7.565214764E-3,-1.404386014E-2,6.736766547E-2
4.098117754E1,1.185875572E-2,-1.323142182E-2,6.775252521E-2
4.099111654E1,9.979629889E-3,-1.282182708E-2,7.524053752E-2
4.100105654E1,1.675365493E-2,-9.120700881E-3,7.895038277E-2
4.101099654E1,1.537333801E-2,-4.790134728E-3,8.180555701E-2
4.102093554E1,1.758895069E-2,-4.752537236E-3,8.156485856E-2
4.103087554E1,1.864196360E-2,3.178548068E-4,8.509141207E-2
4.104081454E1,2.125892229E-2,-1.914758701E-3,8.025310189E-2
4.105075454E1,2.062988468E-2,-4.742550664E-4,8.305528015E-2
4.106069454E1,2.286358550E-2,-5.124753807E-3,8.702040464E-2
4.107063354E1,1.882889494E-2,-9.965315461E-3,9.476833791E-2
4.108057354E1,1.086367108E-2,-6.971483119E-3,1.024456397E-1
4.109051254E1,2.202005591E-3,-6.557893939E-3,1.122292951E-1
4.110045254E1,-8.618147112E-3,-1.884217374E-3,1.258750260E-1
4.111039254E1,-1.680044457E-2,-3.237369470E-3,1.406750232E-1
4.112033154E1,-2.871875837E-2,-2.503070515E-3,1.629718989E-1
4.113027154E1,-4.874306545E-2,3.414517269E-4,1.959588826E-1
4.114021054E1,-6.921906024E-2,5.383772776E-3,2.487230152E-1
4.115015054E1,-9.395556152E-2,1.774563268E-2,3.187351227E-1
4.116009054E1,-1.214246005E-1,4.022683203E-2,4.130229652E-1
4.117002954E1,-1.451168805E-1,6.916340441E-2,5.189270377E-1
4.117996954E1,-1.620890796E-1,1.110934392E-1,6.254069209E-1
4.118990954E1,-1.682242006E-1,1.656150073E-1,7.254046202E-1
4.119984854E1,-1.791255772E-1,2.168343663E-1,8.141379952E-1
4.120978854E1,-2.043526322E-1,2.464300692E-1,8.995146751E-1
4.121972754E1,-2.408789694E-1,2.620288730E-1,9.924530387E-1
4.122966754E1,-2.855241895E-1,2.657309175E-1,1.100328326E0
4.123960754E1,-3.391880691E-1,2.571206987E-1,1.214621305E0
4.124954654E1,-3.957405686E-1,2.382620722E-1,1.333332539E0
4.125948654E1,-4.475654364E-1,2.215977460E-1,1.434018135E0
4.126942554E1,-4.931334555E-1,2.121153027E-1,1.516724467E0
4.127936554E1,-5.331552625E-1,2.022449076E-1,1.581203938E0
4.128930554E1,-5.744675994E-1,1.883527935E-1,1.627373099E0
4.129924454E1,-6.059087515E-1,1.793245524E-1,1.662226677E0
4.130918454E1,-6.317600608E-1,1.742184758E-1,1.694396615E0
4.131912354E1,-6.525850296E-1,1.709413975E-1,1.729700446E0
4.132906354E1,-6.720844507E-1,1.669455916E-1,1.762881398E0
4.133900354E1,-6.952569485E-1,1.668000221E-1,1.787380457E0
4.134894254E1,-7.153659463E-1,1.774100661E-1,1.797305226E0
4.135888254E1,-7.358235717E-1,1.930042058E-1,1.800738454E0
4.136882154E1,-7.708297372E-1,2.082553357E-1,1.806294918E0
4.137876154E1,-8.094847202E-1,2.191410065E-1,1.822136164E0
4.138870154E1,-8.598020077E-1,2.300128341E-1,1.834743261E0
4.139864054E1,-9.020522237E-1,2.467072606E-1,1.842953205E0
4.140858054E1,-9.330825806E-1,2.646457851E-1,1.834181309E0
4.141852054E1,-9.606380463E-1,2.813073397E-1,1.814739823E0
4.142845954E1,-9.815568924E-1,2.822586298E-1,1.789758563E0
4.143839954E1,-1.000517607E0,2.783719897E-1,1.767845511E0
4.144833854E1,-1.015402317E0,2.782747746E-1,1.751945853E0
4.145827854E1,-1.032801747E0,2.723091841E-1,1.745867729E0
4.146821854E1,-1.054178953E0,2.740280032E-1,1.733736515E0
4.147815754E1,-1.071411252E0,2.858984470E-1,1.730887651E0
4.148809754E1,-1.086893082E0,3.103665113E-1,1.729695082E0
4.149803654E1,-1.097191930E0,3.491175473E-1,1.726930141E0
4.150797654E1,-1.113668323E0,3.879757524E-1,1.726574659E0
4.151791654E1,-1.121003151E0,4.188562036E-1,1.721706748E0
4.152785554E1,-1.123546004E0,4.498138726E-1,1.711598992E0
4.153779588E1,-1.124963045E0,4.807181954E-1,1.692932248E0
4.154773487E1,-1.132087588E0,5.037534237E-1,1.677081943E0
4.155767488E1,-1.144945383E0,5.236772895E-1,1.672951698E0
4.156761488E1,-1.160019636E0,5.305434465E-1,1.671377540E0
4.157755388E1,-1.175049067E0,5.496874452E-1,1.669367433E0
4.158749388E1,-1.192168117E0,5.766711235E-1,1.668416619E0
4.159743288E1,-1.207664371E0,6.085672975E-1,1.660625219E0
4.160737288E1,-1.229728699E0,6.311665773E-1,1.653939009E0
4.161731288E1,-1.247850180E0,6.348989606E-1,1.655444384E0
4.162725188E1,-1.257376671E0,6.274586320E-1,1.662057757E0
4.163719188E1,-1.260600686E0,6.196878552E-1,1.670030951E0
4.164713188E1,-1.257734299E0,6.264243126E-1,1.670906663E0
4.165707088E1,-1.234192610E0,6.315075159E-1,1.666341782E0
4.166701088E1,-1.227312326E0,6.322095394E-1,1.672849417E0
4.167694988E1,-1.220527649E0,6.339824200E-1,1.688135266E0
4.168688988E1,-1.229590058E0,6.557511091E-1,1.714254260E0
4.169682987E1,-1.246856451E0,7.088377476E-1,1.733892918E0
4.170676888E1,-1.263815403E0,7.635156512E-1,1.749461174E0
4.171670887E1,-1.276442885E0,8.263710737E-1,1.755718827E0
4.172664788E1,-1.295645833E0,8.837081194E-1,1.753338933E0
4.173658787E1,-1.306236148E0,9.351791739E-1,1.741390586E0
4.174652788E1,-1.323507786E0,9.592144489E-1,1.727781296E0
4.175646687E1,-1.333349943E0,9.616283178E-1,1.713426709E0
4.176640688E1,-1.339138865E0,9.428751469E-1,1.688375950E0
4.177634587E1,-1.341761470E0,9.065233469E-1,1.654487371E0
4.178628588E1,-1.348398328E0,8.653428555E-1,1.617917657E0
4.179622588E1,-1.350235343E0,8.314993382E-1,1.577071548E0
4.180616488E1,-1.349035859E0,8.084291816E-1,1.543330550E0
4.181610488E1,-1.347502828E0,8.072911501E-1,1.515293717E0
4.182604488E1,-1.343419909E0,8.185067773E-1,1.482932806E0
4.183598388E1,-1.335398078E0,8.408269286E-1,1.447711825E0
4.184592388E1,-1.324787259E0,8.571028113E-1,1.406212568E0
4.185586288E1,-1.305396080E0,8.664866090E-1,1.359507442E0
4.186580288E1,-1.290461659E0,8.753123283E-1,1.310466051E0
4.187574288E1,-1.267740488E0,8.783042431E-1,1.261742711E0
4.188568188E1,-1.235237122E0,8.686550856E-1,1.210432410E0
4.189562188E1,-1.193683863E0,8.476343751E-1,1.151164770E0
4.190556088E1,-1.150383472E0,8.165877461E-1,1.096363068E0
4.191550088E1,-1.099655747E0,7.773063183E-1,1.038310766E0
4.192544087E1,-1.051644206E0,7.359197140E-1,9.774222970E-1
4.193537988E1,-1.005141854E0,6.971452832E-1,9.192693830E-1
4.194531987E1,-9.679015279E-1,6.650531292E-1,8.713734746E-1
4.195525888E1,-9.241256714E-1,6.407284737E-1,8.320253491E-1
4.196519887E1,-8.916601539E-1,6.313996911E-1,7.968311310E-1
4.197513888E1,-8.569822311E-1,6.262470484E-1,7.619491220E-1
4.198507787E1,-8.180950284E-1,6.241647005E-1,7.293328047E-1
4.199501788E1,-7.784132361E-1,6.083059907E-1,6.983981133E-1
4.200495687E1,-7.384861112E-1,5.867373347E-1,6.750078201E-1
4.201489688E1,-7.021597624E-1,5.559649467E-1,6.487438679E-1
4.202483688E1,-6.652129292E-1,5.177126527E-1,6.234810948E-1
4.203477588E1,-6.319412589E-1,4.849873185E-1,6.004757881E-1
4.204471588E1,-6.029836535E-1,4.518831670E-1,5.783038735E-1
4.205465588E1,-5.685148835E-1,4.229533374E-1,5.514219403E-1
4.206459488E1,-5.411373377E-1,4.045599401E-1,5.214903951E-1
4.207453488E1,-5.172128081E-1,3.944639564E-1,4.971458316E-1
4.208447388E1,-4.898165762E-1,3.865008354E-1,4.786736369E-1
4.209441388E1,-4.652418792E-1,3.797815144E-1,4.655768871E-1
4.210435388E1,-4.399200082E-1,3.676185906E-1,4.520797133E-1
4.211429288E1,-4.187354743E-1,3.548009992E-1,4.414306879E-1
4.212423288E1,-3.895413876E-1,3.388763666E-1,4.241837859E-1
4.213417188E1,-3.586050570E-1,3.212874532E-1,4.094888866E-1
4.214411188E1,-3.300900459E-1,3.090161383E-1,3.927740753E-1
4.215405187E1,-3.118702769E-1,2.978285253E-1,3.791931272E-1
4.216399088E1,-2.921898067E-1,2.874778807E-1,3.672198355E-1
4.217393087E1,-2.783783972E-1,2.809819579E-1,3.563614488E-1
4.218386988E1,-2.652074695E-1,2.732510567E-1,3.466526270E-1
4.219380988E1,-2.583415806E-1,2.629739046E-1,3.354981840E-1
4.220374988E1,-2.464766353E-1,2.575647533E-1,3.214609325E-1
4.221368888E1,-2.375347018E-1,2.530024350E-1,3.108565807E-1
4.222362888E1,-2.271907181E-1,2.466393411E-1,3.022036850E-1
4.223356788E1,-2.212603688E-1,2.331631780E-1,2.973309457E-1
4.224350788E1,-2.114295810E-1,2.125870585E-1,2.937902808E-1
4.225344788E1,-2.003863901E-1,1.927430630E-1,2.827210724E-1
4.226338688E1,-1.939481944E-1,1.720622778E-1,2.687682509E-1
4.227332688E1,-1.875923127E-1,1.542664617E-1,2.565290034E-1
4.228326588E1,-1.849720180E-1,1.387048066E-1,2.497573793E-1
4.229320588E1,-1.859211624E-1,1.287300289E-1,2.470334768E-1
4.230314588E1,-1.816734225E-1,1.236492544E-1,2.377001643E-1
4.231308488E1,-1.773492396E-1,1.291343421E-1,2.277245820E-1
4.232302488E1,-1.691773385E-1,1.296917349E-1,2.139302045E-1
4.233296488E1,-1.572084278E-1,1.243772358E-1,1.988566369E-1
4.234290388E1,-1.476735026E-1,1.052932888E-1,1.828973740E-1
4.235284388E1,-1.346748769E-1,7.914961129E-2,1.675712615E-1
4.236278288E1,-1.181134805E-1,5.536118895E-2,1.519494206E-1
4.237272288E1,-1.041500047E-1,4.220431671E-2,1.397527903E-1
4.238266288E1,-8.534542471E-2,2.736811340E-2,1.265666932E-1
4.239260188E1,-7.618975639E-2,2.321848646E-2,1.152614132E-1
4.240254188E1,-7.064798474E-2,2.035186067E-2,1.055446044E-1
4.241248088E1,-6.841265410E-2,1.694878191E-2,1.003510207E-1
4.242242088E1,-7.519838959E-2,1.000884920E-2,9.615600854E-2
4.243236088E1,-7.590491325E-2,-6.757222582E-3,8.559237421E-2
4.244229988E1,-7.040388882E-2,-1.292936504E-2,7.083846629E-2
4.245223988E1,-6.349311024E-2,-1.275009848E-2,5.397760123E-2
4.246217988E1,-5.534330755E-2,-1.359378826E-2,4.356729984E-2
4.247211888E1,-5.029688776E-2,-9.500705637E-3,4.440546036E-2
4.248205888E1,-5.646158010E-2,-8.444230072E-3,4.966067523E-2
4.249199788E1,-6.116724387E-2,-5.090918858E-3,5.926853791E-2
4.250193788E1,-7.035302371E-2,-3.722053953E-3,6.152476743E-2
4.251187788E1,-7.245026529E-2,-1.345587149E-2,6.463703513E-2
4.252181687E1,-8.102191240E-2,-1.956596226E-2,7.101877034E-2
4.253175725E1,-8.835506439E-2,-1.489628851E-2,7.887817174E-2
4.254169625E1,-9.848040342E-2,-9.052514099E-3,8.128699660E-2
4.255163625E1,-1.008137465E-1,2.627866343E-3,7.635292411E-2
4.256157625E1,-1.043578759E-1,7.211166434E-3,7.513452321E-2
4.257151525E1,-1.094748601E-1,7.744204253E-3,6.981443614E-2
4.258145525E1,-1.114557162E-1,1.288168132E-3,7.038621604E-2
4.259139425E1,-1.084179953E-1,-4.785898142E-3,6.816390902E-2
4.260133425E1,-9.899199754E-2,-1.232358627E-4,6.533776224E-2
4.261127425E1,-9.175913036E-2,-8.948696777E-4,5.190977827E-2
4.262121325E1,-8.079490066E-2,-3.115680069E-3,4.100147262E-2
4.263115325E1,-7.130963355E-2,-5.205949768E-3,2.841906063E-2
4.264109325E1,-6.328020245E-2,-2.016015351E-3,1.651792601E-2
4.265103225E1,-5.130795762E-2,1.330283470E-3,-3.577927127E-3
4.266097225E1,-4.297705740E-2,1.221360639E-3,-1.731344685E-2
4.267091125E1,-3.818099946E-2,4.346355796E-3,-2.619569749E-2
4.268085125E1,-3.183628246E-2,4.746096209E-3,-3.425468877E-2
4.269079125E1,-3.475709632E-2,8.120760322E-3,-4.064722732E-2
4.270073025E1,-3.862586990E-2,9.074704722E-3,-3.493208438E-2
4.271067025E1,-4.673131555E-2,1.939663477E-2,-2.896877006E-2
4.272060925E1,-5.365420133E-2,2.584654652E-2,-2.336974069E-2
4.273054925E1,-5.941555277E-2,2.786101028E-2,-1.300466526E-2
4.274048925E1,-6.656374782E-2,2.332591265E-2,-6.519335322E-3
4.275042825E1,-6.685030460E-2,2.437337115E-2,5.199999548E-3
4.276036825E1,-6.711129099E-2,2.216321230E-2,9.285555221E-3
4.277030725E1,-5.815853924E-2,2.454249933E-2,1.119748503E-2
4.278024725E1,-4.918475449E-2,2.509057894E-2,1.074314956E-2
4.279018725E1,-4.192909598E-2,2.203090489E-2,1.698173955E-2
4.280012625E1,-4.055970162E-2,1.541108731E-2,1.088762842E-2
4.281006625E1,-3.311923146E-2,1.164161507E-2,1.403215341E-2
4.282000525E1,-2.851676010E-2,5.096631125E-3,9.312765673E-3
4.282994525E1,-2.339020185E-2,-4.880307242E-3,5.971534178E-3
4.283988525E1,-1.789716631E-2,-1.120456494E-3,5.516932812E-3
4.284982425E1,-2.025243826E-2,-1.911495812E-3,8.205909282E-3
4.285976425E1,-2.415583469E-2,-1.938127447E-3,1.445208769E-2
4.286970325E1,-2.575878985E-2,-1.428113319E-3,2.416628040E-2
4.287964325E1,-2.465330996E-2,-5.965607241E-3,2.726167254E-2
4.288958325E1,-2.783844993E-2,-4.961576313E-3,2.910435945E-2
4.289952225E1,-2.803978696E-2,-1.046579704E-2,2.780047804E-2
4.290946225E1,-2.708159201E-2,-8.253884502E-3,2.231275290E-2
4.291940225E1,-2.298724651E-2,-1.139348466E-2,1.527508348E-2
4.292934125E1,-1.475595124E-2,-1.486413367E-2,5.793383811E-3
4.293928125E1,-9.294606745E-3,-1.533151790E-2,-6.461394951E-4
4.294922025E1,-7.663938683E-3,-1.972931996E-2,-6.414172240E-3
4.295916025E1,-5.590134766E-3,-2.101802267E-2,-1.302440371E-2
4.296910025E1,-5.784166977E-3,-2.405780554E-2,-1.649845764E-2
4.297903925E1,-1.520711929E-3,-2.214485779E-2,-1.444169693E-2
4.298897925E1,-4.641262349E-3,-2.106182463E-2,-1.338958461E-2
4.299891825E1,-6.941434462E-3,-2.117128111E-2,-1.235308219E-2
4.300885825E1,-8.057551458E-3,-2.477748692E-2,-1.134952437E-2
4.301879825E1,-1.550108567E-2,-2.934214473E-2,-8.068510331E-3
4.302873725E1,-8.800992742E-3,-3.287605196E-2,-6.562422961E-3
4.303867725E1,-1.348389592E-2,-3.177084029E-2,-1.350768097E-2
4.304861625E1,-1.146201789E-2,-2.910311520E-2,-1.436006371E-2
4.305855625E1,-1.269799098E-2,-3.593785316E-2,-2.145365998E-2
4.306849625E1,-9.166099131E-3,-2.506649122E-2,-2.520666271E-2
4.307843525E1,-1.030540094E-2,-2.505690232E-2,-2.799765766E-2
4.308837525E1,-7.090826053E-3,-2.544020116E-2,-3.247879446E-2
4.309831425E1,-3.934181761E-3,-2.398078889E-2,-3.482770175E-2
4.310825425E1,-4.698061384E-4,-2.018478513E-2,-3.415322676E-2
4.311819425E1,8.937325329E-4,-1.686595380E-2,-2.923809737E-2
4.312813325E1,5.970782600E-3,-1.972458884E-2,-2.411417291E-2
4.313807325E1,1.063024905E-2,-2.005002834E-2,-1.985018700E-2
4.314801325E1,1.957978494E-2,-2.266547456E-2,-1.688691974E-2
4.315795225E1,2.646805160E-2,-2.915240079E-2,-2.065768838E-2
4.316789225E1,3.612109274E-2,-3.290473670E-2,-1.943720132E-2
4.317783125E1,4.404665902E-2,-2.818375081E-2,-1.809736528E-2
4.318777125E1,4.750863090E-2,-2.450239658E-2,-2.483026683E-2
4.319771125E1,5.025062338E-2,-2.486938052E-2,-3.299392015E-2
4.320765025E1,5.360127240E-2,-2.613035217E-2,-3.943982720E-2
4.321759025E1,5.738003179E-2,-3.557365760E-2,-4.476348683E-2
4.322752925E1,6.302047521E-2,-4.712705314E-2,-5.619467050E-2
4.323746925E1,7.752139121E-2,-5.959570780E-2,-6.678100675E-2
4.324740925E1,8.923622966E-2,-6.534433365E-2,-8.632238209E-2
4.325734825E1,1.014777124E-1,-7.131940871E-2,-1.099273115E-1
4.326728825E1,1.131805703E-1,-7.477557659E-2,-1.382427365E-1
4.327722725E1,1.300740689E-1,-7.429434359E-2,-1.635315865E-1
4.328716725E1,1.381483972E-1,-7.677073032E-2,-1.900502145E-1
4.329710725E1,1.526304036E-1,-8.128158748E-2,-2.156061679E-1
4.330704625E1,1.640935540E-1,-9.330584109E-2,-2.469912767E-1
4.331698625E1,1.832363605E-1,-1.119229347E-1,-2.801156640E-1
4.332692625E1,2.032845020E-1,-1.298966557E-1,-3.082458973E-1
4.333686525E1,2.215556502E-1,-1.477824599E-1,-3.424417078E-1
4.334680525E1,2.437230051E-1,-1.630836427E-1,-3.764108419E-1
4.335674425E1,2.656576037E-1,-1.695066541E-1,-4.069192111E-1
4.336668425E1,2.934439778E-1,-1.753647625E-1,-4.366045296E-1
4.337662425E1,3.144557774E-1,-1.791280657E-1,-4.699254632E-1
4.338656325E1,3.310877383E-1,-1.808355004E-1,-4.970579743E-1
4.339650325E1,3.465524614E-1,-1.865040511E-1,-5.269207954E-1
4.340644225E1,3.550350070E-1,-1.906638294E-1,-5.537017584E-1
4.341638225E1,3.637262583E-1,-2.032914758E-1,-5.841565728E-1
4.342632225E1,3.646144271E-1,-2.185190022E-1,-6.126589179E-1
4.343626125E1,3.654141724E-1,-2.313972563E-1,-6.442080736E-1
4.344620125E1,3.663875461E-1,-2.445771098E-1,-6.758433580E-1
4.345614025E1,3.744590580E-1,-2.503937185E-1,-7.130842209E-1
4.346608025E1,3.812274933E-1,-2.579292655E-1,-7.563553452E-1
4.347602025E1,3.936639130E-1,-2.688506246E-1,-7.980021238E-1
4.348595925E1,3.980998099E-1,-2.844238579E-1,-8.356229663E-1
4.349589925E1,3.973373473E-1,-2.922428846E-1,-8.659518361E-1
4.350583925E1,3.884334564E-1,-2.884836793E-1,-8.883902431E-1
4.351577825E1,3.808306456E-1,-2.855177224E-1,-9.147992134E-1
4.352571825E1,3.711832464E-1,-2.795904875E-1,-9.358246922E-1
4.353565675E1,3.683845103E-1,-2.598018646E-1,-9.564101100E-1
4.354559675E1,3.687259555E-1,-2.356005758E-1,-9.795991182E-1
4.355553675E1,3.676612079E-1,-2.213481367E-1,-1.000212193E0
4.356547575E1,3.604052961E-1,-2.155940682E-1,-1.024300814E0
4.357541575E1,3.514150083E-1,-2.193366140E-1,-1.039848924E0
4.358535475E1,3.381870687E-1,-2.271356285E-1,-1.051578045E0
4.359529475E1,3.267935216E-1,-2.389581949E-1,-1.060562968E0
4.360523475E1,3.230327368E-1,-2.539008260E-1,-1.074831843E0
4.361517375E1,3.237368762E-1,-2.584961057E-1,-1.095495343E0
4.362511375E1,3.368641436E-1,-2.558879852E-1,-1.117966175E0
4.363505275E1,3.517813087E-1,-2.551833093E-1,-1.139900208E0
4.364499275E1,3.680770397E-1,-2.633612752E-1,-1.158151865E0
4.365493275E1,3.796029389E-1,-2.733300030E-1,-1.171316385E0
4.366487175E1,3.892199099E-1,-2.844762802E-1,-1.179542303E0
4.367481175E1,3.872078657E-1,-2.975462675E-1,-1.182068825E0
4.368475175E1,3.950371742E-1,-3.080735803E-1,-1.192766428E0
4.369469075E1,3.958765864E-1,-3.138837814E-1,-1.200928450E0
4.370463075E1,4.000905156E-1,-3.146748245E-1,-1.212662578E0
4.371456975E1,4.129216075E-1,-3.196533322E-1,-1.231207848E0
4.372450975E1,4.425913692E-1,-3.099154532E-1,-1.252331495E0
4.373444975E1,4.809033275E-1,-2.932341993E-1,-1.281945586E0
4.374438875E1,5.149526596E-1,-2.716095746E-1,-1.310981154E0
4.375432875E1,5.321569443E-1,-2.517357469E-1,-1.325602770E0
4.376426775E1,5.404185057E-1,-2.326086760E-1,-1.325956106E0
4.377420775E1,5.417096019E-1,-2.153543234E-1,-1.317566633E0
4.378414775E1,5.416550636E-1,-2.096400410E-1,-1.304868460E0
4.379408675E1,5.425235629E-1,-2.152286768E-1,-1.298740268E0
4.380402675E1,5.511342287E-1,-2.296686471E-1,-1.298177958E0
4.381396575E1,5.739663243E-1,-2.439272106E-1,-1.298673868E0
4.382390575E1,6.072342396E-1,-2.528586090E-1,-1.297391653E0
4.383384575E1,6.346477270E-1,-2.559154034E-1,-1.296024442E0
4.384378475E1,6.530591249E-1,-2.650208473E-1,-1.289435744E0
4.385372475E1,6.723353267E-1,-2.670240998E-1,-1.269629240E0
4.386366475E1,6.862016320E-1,-2.706981897E-1,-1.244304776E0
4.387360375E1,6.949844956E-1,-2.745965123E-1,-1.219424129E0
4.388354375E1,7.041899562E-1,-2.720400095E-1,-1.200904489E0
4.389348275E1,7.121325731E-1,-2.688489854E-1,-1.187034011E0
4.390342275E1,7.293267250E-1,-2.735226750E-1,-1.181076169E0
4.391336275E1,7.496051192E-1,-2.791517973E-1,-1.176870942E0
4.392330175E1,7.712101340E-1,-2.785981596E-1,-1.169414997E0
4.393324175E1,7.827696204E-1,-2.799606323E-1,-1.158069372E0
4.394318075E1,7.867717743E-1,-2.836413980E-1,-1.137576461E0
4.395312075E1,7.850912809E-1,-2.875389457E-1,-1.113929033E0
4.396306075E1,7.809563875E-1,-2.841706872E-1,-1.092146039E0
4.397299975E1,7.787512541E-1,-2.675296664E-1,-1.066390276E0
4.398293975E1,7.748298049E-1,-2.563815713E-1,-1.049822569E0
4.399287875E1,7.728449702E-1,-2.417877018E-1,-1.038267374E0
4.400281875E1,7.776544690E-1,-2.135607153E-1,-1.025361419E0
4.401275875E1,7.808558345E-1,-1.623960733E-1,-1.016954899E0
4.402269775E1,7.762175798E-1,-1.160397157E-1,-1.000852585E0
4.403263775E1,7.696518302E-1,-7.730190456E-2,-9.780169725E-1
4.404257775E1,7.565696836E-1,-5.185901001E-2,-9.458812475E-1
4.405251675E1,7.443260550E-1,-2.802851424E-2,-9.175196886E-1
4.406245675E1,7.277668715E-1,-2.116257325E-2,-8.923339844E-1
4.407239575E1,7.176703215E-1,-3.720705211E-2,-8.769923449E-1
4.408233575E1,7.059566975E-1,-6.985548139E-2,-8.670501113E-1
4.409227575E1,7.013254762E-1,-1.124966815E-1,-8.628484011E-1
4.410221475E1,6.926897764E-1,-1.688130200E-1,-8.634672761E-1
4.411215475E1,6.872113943E-1,-2.356546372E-1,-8.692418337E-1
4.412209375E1,6.884455085E-1,-2.908336222E-1,-8.848095536E-1
4.413203375E1,6.878374815E-1,-3.292257488E-1,-9.010769725E-1
4.414197375E1,6.858559847E-1,-3.422898054E-1,-9.052900076E-1
4.415191275E1,6.746312380E-1,-3.290230036E-1,-8.981913328E-1
4.416185275E1,6.540198922E-1,-2.980011106E-1,-8.826244473E-1
4.417179175E1,6.334940791E-1,-2.526109815E-1,-8.626827002E-1
4.418173175E1,6.159113646E-1,-1.984467208E-1,-8.520436883E-1
4.419167175E1,6.071934700E-1,-1.484123170E-1,-8.513075709E-1
4.420161075E1,5.983968377E-1,-1.247354075E-1,-8.572422862E-1
4.421155075E1,5.990181565E-1,-1.214666441E-1,-8.609586954E-1
4.422149075E1,6.010851264E-1,-1.301610172E-1,-8.716027141E-1
4.423142975E1,5.990446210E-1,-1.553164423E-1,-8.787104487E-1
4.424136975E1,5.991482139E-1,-1.818393171E-1,-8.766093254E-1
4.425130875E1,5.942575932E-1,-1.973101497E-1,-8.663878441E-1
4.426124875E1,5.902247429E-1,-2.083592266E-1,-8.404309750E-1
4.427118875E1,5.808075666E-1,-2.023692429E-1,-8.106527925E-1
4.428112775E1,5.753627419E-1,-1.831740588E-1,-7.863245010E-1
4.429106775E1,5.775329471E-1,-1.511285007E-1,-7.740464807E-1
4.430100675E1,5.838202834E-1,-1.198787689E-1,-7.701463699E-1
4.431094675E1,5.870488286E-1,-9.593082964E-2,-7.717232704E-1
4.432088675E1,5.893255472E-1,-8.944638073E-2,-7.747299075E-1
4.433082575E1,5.878328085E-1,-9.942205250E-2,-7.723285556E-1
4.434076575E1,5.766083002E-1,-1.166143194E-1,-7.622685432E-1
4.435070475E1,5.629582405E-1,-1.378903091E-1,-7.443856597E-1
4.436064475E1,5.509700775E-1,-1.534137130E-1,-7.176535726E-1
4.437058475E1,5.468139052E-1,-1.599123627E-1,-6.947605014E-1
4.438052375E1,5.534850955E-1,-1.561185569E-1,-6.758886576E-1
4.439046375E1,5.599153042E-1,-1.444131732E-1,-6.661606431E-1
4.440040375E1,5.671389103E-1,-1.257391721E-1,-6.567375064E-1
4.441034275E1,5.676787496E-1,-1.073361859E-1,-6.460331678E-1
4.442028275E1,5.628594756E-1,-9.509997070E-2,-6.379029155E-1
4.443022175E1,5.577091575E-1,-9.287037700E-2,-6.320732236E-1
4.444016175E1,5.573353767E-1,-9.296530485E-2,-6.360917091E-1
4.445010175E1,5.552693009E-1,-9.815846384E-2,-6.442305446E-1
4.446004075E1,5.444053411E-1,-1.035432369E-1,-6.437858343E-1
4.446998075E1,5.340738893E-1,-1.069451645E-1,-6.352091432E-1
4.447991975E1,5.204302669E-1,-1.005810276E-1,-6.180434227E-1
4.448985975E1,5.113294125E-1,-9.490050375E-2,-5.923678875E-1
4.449979975E1,5.007303357E-1,-9.176173806E-2,-5.788287520E-1
4.450973875E1,4.961973429E-1,-7.888641953E-2,-5.719375610E-1
4.451967875E1,4.967824221E-1,-6.776058674E-2,-5.739236474E-1
4.452961775E1,4.974924326E-1,-6.346916407E-2,-5.847957134E-1
4.453955813E1,4.970088303E-1,-6.895326823E-2,-5.964530706E-1
4.454949813E1,4.959582090E-1,-8.112657070E-2,-6.131319404E-1
4.455943713E1,4.934017956E-1,-1.028113291E-1,-6.320551038E-1
4.456937713E1,4.867518842E-1,-1.153625399E-1,-6.532809734E-1
4.457931712E1,4.794693589E-1,-1.251871437E-1,-6.700418591E-1
4.458925613E1,4.656254351E-1,-1.273139417E-1,-6.755074859E-1
4.459919612E1,4.533725083E-1,-1.335441619E-1,-6.741842031E-1
4.460913513E1,4.441395998E-1,-1.361191720E-1,-6.763163209E-1
4.461907513E1,4.453111291E-1,-1.338760108E-1,-6.891746521E-1
4.462901513E1,4.393666983E-1,-1.339583099E-1,-7.177322507E-1
4.463895413E1,4.294157922E-1,-1.479384303E-1,-7.529705167E-1
4.464889413E1,4.166624248E-1,-1.810995787E-1,-7.942423224E-1
4.465883313E1,4.071300626E-1,-2.228066772E-1,-8.305288553E-1
4.466877313E1,3.890429437E-1,-2.675778866E-1,-8.584334254E-1
4.467871313E1,3.648020625E-1,-3.130313754E-1,-8.771674037E-1
4.468865213E1,3.359781206E-1,-3.606910408E-1,-8.851741552E-1
4.469859213E1,3.142603040E-1,-3.932223320E-1,-8.784252405E-1
4.470853113E1,3.038563728E-1,-4.147678316E-1,-8.652971983E-1
4.471847113E1,2.946438491E-1,-4.180642068E-1,-8.597499132E-1
4.472841113E1,2.865598202E-1,-4.018919170E-1,-8.545594215E-1
4.473835013E1,2.885083258E-1,-3.852777779E-1,-8.534076214E-1
4.474829013E1,2.863189578E-1,-3.711582124E-1,-8.569077849E-1
4.475823013E1,2.848599255E-1,-3.565843105E-1,-8.675435781E-1
4.476816913E1,2.827014327E-1,-3.376995623E-1,-8.847100735E-1
4.477810913E1,2.769771218E-1,-3.209752142E-1,-8.952165246E-1
4.478804813E1,2.657684088E-1,-2.997077405E-1,-8.977116346E-1
4.479798813E1,2.550654113E-1,-2.811575830E-1,-8.834906220E-1
4.480792813E1,2.433706671E-1,-2.574325502E-1,-8.517628312E-1
4.481786713E1,2.396247983E-1,-2.273783535E-1,-8.135402799E-1
4.482780713E1,2.436911911E-1,-1.995075643E-1,-7.761662602E-1
4.483774613E1,2.592708170E-1,-1.850535721E-1,-7.508891821E-1
4.484768613E1,2.812834382E-1,-1.688844562E-1,-7.447530031E-1
4.485762613E1,3.046215177E-1,-1.640551686E-1,-7.475534678E-1
4.486756513E1,3.235286176E-1,-1.726651639E-1,-7.587819099E-1
4.487750513E1,3.310042620E-1,-1.941979080E-1,-7.700129747E-1
4.488744513E1,3.411865830E-1,-2.075981349E-1,-7.798554897E-1
4.489738413E1,3.408657908E-1,-2.099630088E-1,-7.677266598E-1
4.490732413E1,3.336041570E-1,-1.968743652E-1,-7.370489240E-1
4.491726313E1,3.233477771E-1,-1.703346819E-1,-6.872476935E-1
4.492720313E1,3.116447926E-1,-1.354859024E-1,-6.374231577E-1
4.493714313E1,3.077219725E-1,-9.139125794E-2,-5.931785703E-1
4.494708212E1,3.071534038E-1,-5.009228736E-2,-5.682207346E-1
4.495702213E1,3.127894402E-1,-2.094980702E-2,-5.563381910E-1
4.496696112E1,3.120717108E-1,-2.513009124E-3,-5.499807000E-1
4.497690113E1,3.090620637E-1,-3.572063986E-3,-5.393927097E-1
4.498684113E1,3.021146655E-1,-1.600316726E-2,-5.242433548E-1
4.499678013E1,2.963385582E-1,-2.869790792E-2,-5.020002723E-1
4.500672013E1,2.888654470E-1,-3.782615811E-2,-4.733294845E-1
4.501665913E1,2.761138380E-1,-3.530830145E-2,-4.406220913E-1
4.502659913E1,2.673400640E-1,-2.638405003E-2,-4.071046114E-1
4.503653913E1,2.586830854E-1,-3.099314403E-3,-3.718966842E-1
4.504647813E1,2.479116470E-1,2.293201908E-2,-3.394990861E-1
4.505641813E1,2.357369959E-1,4.824534804E-2,-3.140704632E-1
4.506635713E1,2.190147489E-1,6.335639209E-2,-2.890942693E-1
4.507629713E1,2.070949525E-1,7.347556204E-2,-2.697777748E-1
4.508623713E1,1.957751811E-1,7.425294071E-2,-2.476549149E-1
4.509617613E1,1.819276810E-1,6.612225622E-2,-2.266061455E-1
4.510611613E1,1.731051654E-1,5.638840050E-2,-2.080284655E-1
4.511605612E1,1.655717492E-1,4.493672028E-2,-1.831837147E-1
4.512599513E1,1.612116247E-1,3.755363822E-2,-1.585457474E-1
4.513593512E1,1.562500149E-1,2.776607871E-2,-1.384232789E-1
4.514587413E1,1.455449164E-1,2.545525506E-2,-1.167834923E-1
4.515581412E1,1.368622184E-1,2.473045513E-2,-1.028668731E-1
4.516575413E1,1.263824105E-1,2.349368110E-2,-8.573608100E-2
4.517569312E1,1.168885082E-1,2.061505243E-2,-7.513009757E-2
4.518563313E1,1.029694974E-1,1.489511412E-2,-5.994954705E-2
4.519557212E1,9.406960011E-2,1.266524661E-2,-4.208407924E-2
4.520551213E1,8.205155283E-2,6.811351515E-3,-3.116725013E-2
4.521545213E1,7.277897000E-2,3.274820745E-3,-2.060690895E-2
4.522539113E1,6.423741579E-2,-6.268350873E-3,-1.180622447E-2
4.523533113E1,5.077101290E-2,-1.209115237E-2,-4.451476038E-3
4.524527013E1,4.222546145E-2,-2.299360186E-2,2.412805334E-4
4.525521013E1,3.457260132E-2,-3.062488884E-2,5.966011435E-3
4.526515013E1,2.447682247E-2,-4.005221277E-2,9.340503253E-3
4.527508913E1,1.908189617E-2,-5.171648785E-2,1.038155612E-2
4.528502913E1,9.757903405E-3,-5.724441260E-2,1.185960975E-2
4.529496913E1,3.344373312E-3,-6.612133980E-2,1.518272702E-2
4.530490813E1,1.362449024E-3,-6.919276714E-2,1.667249948E-2
4.531484813E1,-7.085238583E-3,-7.417210937E-2,1.953153498E-2
4.532478713E1,-1.056066342E-2,-7.471965253E-2,2.383546904E-2
4.533472713E1,-1.135015301E-2,-7.462489605E-2,2.801631205E-2
4.534466712E1,-1.521040499E-2,-7.206773013E-2,2.971514314E-2
4.535460613E1,-1.041285507E-2,-6.902365386E-2,2.948705852E-2
4.536454612E1,-1.011857577E-2,-6.408987939E-2,2.708541974E-2
4.537448513E1,-5.970034283E-3,-6.110615656E-2,2.710337937E-2
4.538442512E1,-4.995051306E-3,-5.470764637E-2,2.886079997E-2
4.539436513E1,-4.278525710E-3,-5.056627095E-2,3.104626015E-2
4.540430412E1,-3.021780401E-3,-4.553555697E-2,3.451449424E-2
4.541424413E1,-3.519626334E-4,-4.069474712E-2,3.941306472E-2
4.542418413E1,2.521588001E-3,-3.797299787E-2,4.595139250E-2
4.543412313E1,-2.359194215E-3,-3.484655917E-2,4.665205628E-2
4.544406313E1,-2.229231875E-3,-3.591901436E-2,4.623313993E-2
4.545400213E1,-5.597325042E-3,-3.761775047E-2,4.424985498E-2
4.546394213E1,-3.525119275E-3,-3.530240059E-2,4.348446056E-2
4.547388213E1,-5.774042103E-3,-3.467979282E-2,4.511360452E-2
4.548382113E1,-6.536771078E-3,-3.712537140E-2,4.848543182E-2
4.549376113E1,-6.305590738E-3,-3.893608227E-2,5.419266224E-2
4.550370013E1,-4.223265219E-3,-4.146395624E-2,6.028384715E-2
4.551364013E1,-8.132652380E-3,-4.337383062E-2,6.628823280E-2
4.552358013E1,-1.177638862E-2,-4.655204713E-2,7.184811682E-2
4.553351904E1,-1.182366349E-2,-4.826681316E-2,7.887225598E-2
4.554345904E1,-9.115494788E-3,-4.782792181E-2,7.785918564E-2
4.555339804E1,-7.576188538E-3,-4.916618019E-2,8.110979944E-2
4.556333804E1,-7.887778804E-3,-5.653940886E-2,8.430612087E-2
4.557327804E1,-5.348594394E-3,-6.497012079E-2,8.852302283E-2
4.558321704E1,-9.590476751E-3,-6.911986321E-2,9.695592523E-2
4.559315704E1,-1.713893563E-2,-7.367780805E-2,1.046054587E-1
4.560309704E1,-2.594041638E-2,-7.470285892E-2,1.076292172E-1
4.561303604E1,-3.341737017E-2,-7.720045745E-2,1.138137281E-1
4.562297604E1,-4.502582550E-2,-8.085084707E-2,1.175115258E-1
4.563291504E1,-4.984295741E-2,-9.033126384E-2,1.194791049E-1
4.564285504E1,-5.793443695E-2,-1.012938991E-1,1.209635511E-1
4.565279504E1,-6.737947464E-2,-1.107585952E-1,1.270218194E-1
4.566273404E1,-7.467067242E-2,-1.219771653E-1,1.393155009E-1
4.567267404E1,-9.255033731E-2,-1.261838675E-1,1.474816054E-1
4.568261304E1,-1.112678275E-1,-1.248906404E-1,1.567728370E-1
4.569255304E1,-1.243633926E-1,-1.088531017E-1,1.674352884E-1
4.570249304E1,-1.442699879E-1,-8.778110892E-2,1.768026948E-1
4.571243204E1,-1.589218974E-1,-5.863302201E-2,1.879476309E-1
4.572237204E1,-1.701966524E-1,-2.422524616E-2,2.063474208E-1
4.573231104E1,-1.695612222E-1,-8.940538391E-4,2.300328612E-1
4.574225104E1,-1.598574668E-1,1.000227034E-2,2.585816979E-1
4.575219104E1,-1.532316655E-1,5.936092697E-3,2.805092633E-1
4.576213004E1,-1.540159583E-1,-1.461631991E-2,2.977881134E-1
4.577207004E1,-1.553333104E-1,-4.236764461E-2,3.063692451E-1
4.578201004E1,-1.589365602E-1,-7.742416859E-2,3.141174316E-1
4.579194904E1,-1.666394770E-1,-1.103543267E-1,3.211750388E-1
4.580188904E1,-1.725485027E-1,-1.421644688E-1,3.341324031E-1
4.581182804E1,-1.825790256E-1,-1.643071473E-1,3.570261002E-1
4.582176804E1,-1.932058483E-1,-1.817497909E-1,3.740407825E-1
4.583170804E1,-2.053145617E-1,-1.926378012E-1,3.889010549E-1
4.584164704E1,-2.232376337E-1,-1.954873800E-1,4.060083926E-1
4.585158704E1,-2.445704937E-1,-2.022166252E-1,4.156982899E-1
4.586152604E1,-2.639639080E-1,-2.129451782E-1,4.282426238E-1
4.587146604E1,-2.826029658E-1,-2.273190171E-1,4.451107979E-1
4.588140604E1,-2.974817753E-1,-2.403908670E-1,4.597283602E-1
4.589134504E1,-3.119547367E-1,-2.592156827E-1,4.731814563E-1
4.590128504E1,-3.236201704E-1,-2.785534263E-1,4.841715097E-1
4.591122504E1,-3.368195891E-1,-2.968111932E-1,4.904327393E-1
4.592116404E1,-3.466368020E-1,-3.202384710E-1,4.985809326E-1
4.593110404E1,-3.583958745E-1,-3.413894475E-1,5.089267492E-1
4.594104304E1,-3.630694449E-1,-3.621850312E-1,5.175705552E-1
4.595098304E1,-3.632795513E-1,-3.819764256E-1,5.258589387E-1
4.596092304E1,-3.526767194E-1,-4.012377560E-1,5.335456133E-1
4.597086204E1,-3.457696736E-1,-4.199464917E-1,5.453164577E-1
4.598080204E1,-3.367394209E-1,-4.302262962E-1,5.614448786E-1
4.599074104E1,-3.356988132E-1,-4.416964054E-1,5.738043785E-1
4.600068104E1,-3.400586843E-1,-4.399256706E-1,5.870115757E-1
4.601062104E1,-3.464120328E-1,-4.327589273E-1,5.967000127E-1
4.602056004E1,-3.525466323E-1,-4.212402403E-1,6.028633118E-1
4.603050004E1,-3.574483097E-1,-4.041785896E-1,6.067487597E-1
4.604043904E1,-3.636716008E-1,-3.905152380E-1,6.144583821E-1
4.605037904E1,-3.653959930E-1,-3.767648041E-1,6.186027527E-1
4.606031904E1,-3.585926890E-1,-3.633249104E-1,6.213260889E-1
4.607025804E1,-3.472338915E-1,-3.570715189E-1,6.230359674E-1
4.608019804E1,-3.403709233E-1,-3.578454256E-1,6.265100241E-1
4.609013804E1,-3.332085907E-1,-3.603190184E-1,6.301875114E-1
4.610007704E1,-3.306871355E-1,-3.594513834E-1,6.332474351E-1
4.611001704E1,-3.355215788E-1,-3.669714034E-1,6.290586591E-1
4.611995604E1,-3.417765200E-1,-3.671373129E-1,6.261156201E-1
4.612989604E1,-3.403935730E-1,-3.662320077E-1,6.169591546E-1
4.613983604E1,-3.432591259E-1,-3.629011810E-1,6.048423052E-1
4.614977504E1,-3.463573158E-1,-3.569914103E-1,5.973847508E-1
4.615971504E1,-3.451892734E-1,-3.496834338E-1,5.858732462E-1
4.616965404E1,-3.408923447E-1,-3.434313536E-1,5.749186277E-1
4.617959404E1,-3.413783908E-1,-3.349241614E-1,5.622638464E-1
4.618953404E1,-3.384708762E-1,-3.181325197E-1,5.518307686E-1
4.619947304E1,-3.394109905E-1,-3.015279770E-1,5.357079506E-1
4.620941304E1,-3.415878415E-1,-2.885591686E-1,5.234334469E-1
4.621935204E1,-3.461969793E-1,-2.755727768E-1,5.133931041E-1
4.622929204E1,-3.516380787E-1,-2.565157413E-1,5.048505068E-1
4.623923204E1,-3.606347740E-1,-2.454034239E-1,4.993518889E-1
4.624917104E1,-3.679454327E-1,-2.349883467E-1,4.943115711E-1
4.625911104E1,-3.714618683E-1,-2.250496894E-1,4.915309548E-1
4.626905104E1,-3.811967969E-1,-2.198321074E-1,4.733347297E-1
4.627899004E1,-3.933405280E-1,-2.290104181E-1,4.504400492E-1
4.628893004E1,-4.016490579E-1,-2.566889822E-1,4.175039232E-1
4.629886904E1,-4.068208933E-1,-3.038823307E-1,3.901599348E-1
4.630880904E1,-4.046613574E-1,-3.628132343E-1,3.786910176E-1
4.631874904E1,-4.065231681E-1,-4.189704955E-1,3.787043691E-1
4.632868804E1,-4.092061818E-1,-4.681430161E-1,3.913865089E-1
4.633862804E1,-4.123657346E-1,-5.003009439E-1,4.079817235E-1
4.634856704E1,-4.283881187E-1,-5.186368823E-1,4.256086648E-1
4.635850704E1,-4.481269419E-1,-5.118314028E-1,4.366671741E-1
4.636844704E1,-4.730032384E-1,-4.893803298E-1,4.490646422E-1
4.637838604E1,-4.905047417E-1,-4.605486691E-1,4.554983079E-1
4.638832604E1,-5.022908449E-1,-4.246442616E-1,4.590364397E-1
4.639826504E1,-5.058203340E-1,-3.959348500E-1,4.579208493E-1
4.640820504E1,-5.052275062E-1,-3.797000647E-1,4.582732618E-1
4.641814504E1,-5.000878572E-1,-3.786808848E-1,4.615625143E-1
4.642808404E1,-4.971211255E-1,-3.856073618E-1,4.612319767E-1
4.643802404E1,-4.918214083E-1,-4.067576528E-1,4.700478315E-1
4.644796404E1,-4.904014170E-1,-4.260511994E-1,4.777443707E-1
4.645790304E1,-4.790877700E-1,-4.459910989E-1,4.884744883E-1
4.646784304E1,-4.811020792E-1,-4.604638517E-1,4.894846976E-1
4.647778204E1,-4.882513285E-1,-4.596534669E-1,4.810347557E-1
4.648772204E1,-4.985320568E-1,-4.499585032E-1,4.607020915E-1
4.649766204E1,-5.130993128E-1,-4.318679273E-1,4.362031221E-1
4.650760104E1,-5.275341868E-1,-4.290423691E-1,4.116206467E-1
4.651754104E1,-5.448535085E-1,-4.377211034E-1,3.984156251E-1
4.652748004E1,-5.603255033E-1,-4.478523135E-1,3.954604864E-1
4.653742013E1,-5.807652473E-1,-4.580237269E-1,3.938055933E-1
4.654736012E1,-5.993156433E-1,-4.670048952E-1,3.968748748E-1
4.655729913E1,-6.112537980E-1,-4.874731600E-1,3.948982656E-1
4.656723912E1,-6.253513694E-1,-5.166726112E-1,3.878476620E-1
4.657717813E1,-6.367645860E-1,-5.547933578E-1,3.775415123E-1
4.658711812E1,-6.420595050E-1,-5.985665917E-1,3.679434061E-1
4.659705813E1,-6.415090561E-1,-6.343509555E-1,3.581112921E-1
4.660699712E1,-6.287155151E-1,-6.599534750E-1,3.485429883E-1
4.661693713E1,-6.210565567E-1,-6.755446792E-1,3.400288522E-1
4.662687713E1,-6.196948886E-1,-6.938432455E-1,3.305486143E-1
4.663681613E1,-6.237533092E-1,-7.027534246E-1,3.205460310E-1
4.664675613E1,-6.335437298E-1,-7.061957717E-1,3.134903610E-1
4.665669513E1,-6.380013227E-1,-7.013110518E-1,3.107715249E-1
4.666663513E1,-6.343166828E-1,-6.954736114E-1,3.161673546E-1
4.667657513E1,-6.284412146E-1,-6.946389675E-1,3.186238706E-1
4.668651413E1,-6.206678152E-1,-6.962019801E-1,3.224360943E-1
4.669645413E1,-6.197440028E-1,-7.072399855E-1,3.135520518E-1
4.670639313E1,-6.189631224E-1,-7.260116339E-1,3.109922409E-1
4.671633313E1,-6.233522892E-1,-7.560685873E-1,3.048403561E-1
4.672627313E1,-6.234891415E-1,-7.878734469E-1,3.025968373E-1
4.673621213E1,-6.203210354E-1,-8.222787976E-1,2.990569770E-1
4.674615213E1,-6.107075810E-1,-8.499532938E-1,2.979015112E-1
4.675609212E1,-6.039252877E-1,-8.749929070E-1,3.023588359E-1
4.676603113E1,-6.027258039E-1,-8.963125348E-1,3.120980263E-1
4.677597112E1,-6.053652763E-1,-9.051486850E-1,3.313145936E-1
4.678591013E1,-6.167237163E-1,-8.973140121E-1,3.507797420E-1
4.679585013E1,-6.214356422E-1,-8.731471896E-1,3.702144325E-1
4.680579013E1,-6.259289384E-1,-8.517853022E-1,3.877247274E-1
4.681572913E1,-6.254364848E-1,-8.305420876E-1,4.078180194E-1
4.682566913E1,-6.178668737E-1,-8.199473619E-1,4.178870022E-1
4.683560813E1,-6.064424515E-1,-8.064600229E-1,4.263028502E-1
4.684554813E1,-5.934621692E-1,-7.880353928E-1,4.281871021E-1
4.685548813E1,-5.823602080E-1,-7.729557753E-1,4.158015549E-1
4.686542713E1,-5.789590478E-1,-7.658798695E-1,4.045583606E-1
4.687536713E1,-5.826067328E-1,-7.708669305E-1,3.881016374E-1
4.688530613E1,-5.761476159E-1,-7.830898166E-1,3.756815195E-1
4.689524613E1,-5.706726909E-1,-7.946622968E-1,3.685748875E-1
4.690518613E1,-5.567898750E-1,-8.013550043E-1,3.630491197E-1
4.691512513E1,-5.440799594E-1,-8.082557917E-1,3.534731865E-1
4.692506513E1,-5.310304761E-1,-8.120072484E-1,3.439884782E-1
4.693500513E1,-5.142339468E-1,-8.057293892E-1,3.319744468E-1
4.694494413E1,-5.038681030E-1,-7.942548990E-1,3.196440041E-1
4.695488413E1,-4.919677675E-1,-7.800325751E-1,3.166122437E-1
4.696482313E1,-4.786158800E-1,-7.551535368E-1,3.142991960E-1
4.697476313E1,-4.580666721E-1,-7.267453074E-1,3.140549958E-1
4.698470313E1,-4.369946420E-1,-6.880342960E-1,3.114369810E-1
4.699464213E1,-4.101995230E-1,-6.443070769E-1,3.050384820E-1
4.700458213E1,-3.818085194E-1,-5.996529460E-1,2.949146032E-1
4.701452113E1,-3.522303700E-1,-5.506084561E-1,2.778434753E-1
4.702446113E1,-3.281338215E-1,-4.967160523E-1,2.546790838E-1
4.703440113E1,-3.041400611E-1,-4.371467531E-1,2.292701304E-1
4.704434013E1,-2.757759392E-1,-3.850438595E-1,2.002364844E-1
4.705428013E1,-2.550123334E-1,-3.407155573E-1,1.738442928E-1
4.706421913E1,-2.275044322E-1,-3.040400147E-1,1.412748247E-1
4.707415913E1,-2.000685483E-1,-2.642308176E-1,1.126783341E-1
4.708409913E1,-1.699513793E-1,-2.339883298E-1,8.927458525E-2
4.709403813E1,-1.419319957E-1,-2.019084245E-1,7.184792310E-2
4.710397813E1,-1.132155284E-1,-1.704779267E-1,5.211712047E-2
4.711391813E1,-8.971340209E-2,-1.347353756E-1,3.637597710E-2
4.712385712E1,-7.270911336E-2,-8.744828403E-2,2.675210871E-2
4.713379713E1,-6.239868701E-2,-4.806359112E-2,1.330208033E-2
4.714373612E1,-5.367271230E-2,-7.361883298E-3,7.906131446E-3
4.715367613E1,-4.706327990E-2,2.588794753E-2,4.773189314E-3
4.716361613E1,-4.270423204E-2,4.540184885E-2,8.731465787E-4
4.717355513E1,-4.313592985E-2,4.551450163E-2,2.377566881E-3
4.718349513E1,-4.070924968E-2,2.482097968E-2,-3.402730450E-3
4.719343413E1,-3.981629387E-2,-1.323825680E-2,-7.343144156E-3
4.720337413E1,-3.802397475E-2,-5.749103799E-2,-1.402938552E-2
4.721331413E1,-3.782317415E-2,-9.937857091E-2,-2.764026821E-2
4.722325313E1,-4.006049410E-2,-1.398282945E-1,-3.828155622E-2
4.723319313E1,-4.248477146E-2,-1.735353917E-1,-5.245596170E-2
4.724313313E1,-4.418640211E-2,-1.890809685E-1,-5.618397892E-2
4.725307213E1,-4.564022273E-2,-1.879025251E-1,-5.729717761E-2
4.726301213E1,-5.036665872E-2,-1.772683263E-1,-6.030211970E-2
4.727295113E1,-5.215683579E-2,-1.593036950E-1,-5.899903551E-2
4.728289113E1,-5.682842433E-2,-1.357489824E-1,-6.209019572E-2
4.729283112E1,-5.854029953E-2,-1.119493842E-1,-6.566442549E-2
4.730277013E1,-6.105685979E-2,-1.026660129E-1,-6.928954273E-2
4.731271012E1,-6.622978300E-2,-1.032061055E-1,-7.928545028E-2
4.732264913E1,-6.668199599E-2,-1.087764427E-1,-8.333603293E-2
4.733258912E1,-7.114198804E-2,-1.191840768E-1,-8.787672222E-2
4.734252913E1,-8.027581871E-2,-1.198193133E-1,-8.505862951E-2
4.735246812E1,-1.307081133E-1,-5.399822444E-2,-9.759812802E-2
4.736240813E1,-1.604970098E-1,8.513848484E-2,-1.126354188E-1
4.737234712E1,-1.603846252E-1,1.782218218E-1,-7.685399055E-2
4.738228713E1,-1.656018943E-1,2.207408994E-1,-8.873098530E-3
4.739222713E1,-1.561439484E-1,2.276970744E-1,5.226562172E-2
4.740216613E1,-1.357237846E-1,2.016523927E-1,7.581897825E-2
4.741210613E1,-9.171078354E-2,1.138415784E-1,6.777942181E-2
4.742204613E1,-2.576371655E-2,-3.982380778E-2,2.532056719E-2
4.743198513E1,3.565756977E-2,-2.272440493E-1,-3.901581094E-2
4.744192513E1,5.526627228E-2,-3.497377634E-1,-1.162434071E-1